ISO-10303-21;
HEADER;
FILE_DESCRIPTION (( 'STEP AP203' ),
    '1' );
FILE_NAME ('camBarrelWithNoHoleTop.STEP',
    '2026-04-27T03:56:51',
    ( '' ),
    ( '' ),
    'SwSTEP 2.0',
    'SolidWorks 2025',
    '' );
FILE_SCHEMA (( 'CONFIG_CONTROL_DESIGN' ));
ENDSEC;

DATA;
#1 = CARTESIAN_POINT ( 'NONE',  ( 715.8629475653060581, 934.5271160488377973, 1345.530461430414107 ) ) ;
#2 = ORIENTED_EDGE ( 'NONE', *, *, #288, .F. ) ;
#3 = CARTESIAN_POINT ( 'NONE',  ( 717.5491670504324020, 913.7180325823155727, 1313.119721856200158 ) ) ;
#4 = FACE_OUTER_BOUND ( 'NONE', #1611, .T. ) ;
#5 = ORIENTED_EDGE ( 'NONE', *, *, #497, .T. ) ;
#6 = CARTESIAN_POINT ( 'NONE',  ( 713.2427860464207470, 933.4963792816641899, 1339.826235928659116 ) ) ;
#7 = B_SPLINE_CURVE_WITH_KNOTS ( 'NONE', 3,
 ( #503, #2234, #705, #2111, #1042, #1217 ),
 .UNSPECIFIED., .F., .F.,
 ( 4, 2, 4 ),
 ( 0.000000000000000000, 0.5000000000000000000, 1.000000000000000000 ),
 .UNSPECIFIED. ) ;
#8 = CARTESIAN_POINT ( 'NONE',  ( 713.4969486316583698, 942.4697593384095171, 1340.892641575758262 ) ) ;
#9 = CIRCLE ( 'NONE', #1404, 5.999999999999976907 ) ;
#10 = CIRCLE ( 'NONE', #122, 6.000000000000082601 ) ;
#11 = CARTESIAN_POINT ( 'NONE',  ( 717.1849216965272262, 908.4002796509633981, 1317.672730869484894 ) ) ;
#12 = B_SPLINE_CURVE_WITH_KNOTS ( 'NONE', 3,
 ( #773, #2016, #1316, #433, #626, #980 ),
 .UNSPECIFIED., .F., .F.,
 ( 4, 2, 4 ),
 ( 0.000000000000000000, 0.5000000000000000000, 1.000000000000000000 ),
 .UNSPECIFIED. ) ;
#13 = AXIS2_PLACEMENT_3D ( 'NONE', #1179, #134, #1925 ) ;
#14 = CARTESIAN_POINT ( 'NONE',  ( 711.3092075924613482, 933.0319030938553624, 1340.039628134098848 ) ) ;
#15 = LINE ( 'NONE', #1557, #929 ) ;
#16 = EDGE_CURVE ( 'NONE', #1939, #22, #2212, .T. ) ;
#17 = AXIS2_PLACEMENT_3D ( 'NONE', #354, #1289, #1467 ) ;
#18 = CARTESIAN_POINT ( 'NONE',  ( 717.4263107874095340, 931.6083997181308405, 1336.134684740435887 ) ) ;
#19 = ORIENTED_EDGE ( 'NONE', *, *, #959, .F. ) ;
#20 = CARTESIAN_POINT ( 'NONE',  ( 716.6245988056199394, 938.7468248405236864, 1344.407974150888322 ) ) ;
#21 = CARTESIAN_POINT ( 'NONE',  ( 717.6714355650337893, 929.4258143128241727, 1333.605112683360176 ) ) ;
#22 = VERTEX_POINT ( 'NONE', #826 ) ;
#23 = DIRECTION ( 'NONE',  ( 0.07317157541021192257, -0.6515180314347918111, -0.7550961364404675802 ) ) ;
#24 = LINE ( 'NONE', #723, #128 ) ;
#25 = CARTESIAN_POINT ( 'NONE',  ( 712.1109200408968718, 924.9505733182429594, 1329.273981041664456 ) ) ;
#26 = EDGE_CURVE ( 'NONE', #149, #231, #998, .T. ) ;
#27 = DIRECTION ( 'NONE',  ( 0.07317157541021192257, -0.6515180314347918111, -0.7550961364404676912 ) ) ;
#28 = VERTEX_POINT ( 'NONE', #1220 ) ;
#29 = CARTESIAN_POINT ( 'NONE',  ( 713.7346036496321631, 929.8126687924269618, 1332.890193257447891 ) ) ;
#30 = APPLICATION_CONTEXT ( 'configuration controlled 3d designs of mechanical parts and assemblies' ) ;
#31 = EDGE_CURVE ( 'NONE', #2268, #2066, #598, .T. ) ;
#32 = DIRECTION ( 'NONE',  ( -0.1030193525862388715, -0.7580132069861736932, 0.6440520095669668432 ) ) ;
#33 = VERTEX_POINT ( 'NONE', #995 ) ;
#34 = ORIENTED_EDGE ( 'NONE', *, *, #1678, .T. ) ;
#35 = DIRECTION ( 'NONE',  ( -0.03345502309866058704, 0.7550961364404652487, -0.6547599454472992075 ) ) ;
#36 = CARTESIAN_POINT ( 'NONE',  ( 713.8830397953906868, 910.1905705748771425, 1310.510714726134211 ) ) ;
#37 = CARTESIAN_POINT ( 'NONE',  ( 719.0295033577492632, 908.1356470924876021, 1318.079809935105686 ) ) ;
#38 = ORIENTED_EDGE ( 'NONE', *, *, #1523, .T. ) ;
#39 = DIRECTION ( 'NONE',  ( -0.07317157541021192257, 0.6515180314347918111, 0.7550961364404676912 ) ) ;
#40 = PERSON_AND_ORGANIZATION ( #1357, #1122 ) ;
#41 = CARTESIAN_POINT ( 'NONE',  ( 718.3555897951192719, 923.3341207189089346, 1326.544963807641807 ) ) ;
#42 = ADVANCED_FACE ( 'NONE', ( #642 ), #1033, .F. ) ;
#43 = ORIENTED_EDGE ( 'NONE', *, *, #2207, .F. ) ;
#44 = ORIENTED_EDGE ( 'NONE', *, *, #674, .F. ) ;
#45 = AXIS2_PLACEMENT_3D ( 'NONE', #1631, #754, #2001 ) ;
#46 = VERTEX_POINT ( 'NONE', #1071 ) ;
#47 = CARTESIAN_POINT ( 'NONE',  ( 712.9937339186127474, 935.8681920817398350, 1340.439209257864604 ) ) ;
#48 = DIRECTION ( 'NONE',  ( 0.03345502309866537488, -0.7550961364404676912, 0.6547599454472963210 ) ) ;
#49 = AXIS2_PLACEMENT_3D ( 'NONE', #2040, #294, #82 ) ;
#50 = DIRECTION ( 'NONE',  ( -0.07317157541021192257, 0.6515180314347918111, 0.7550961364404676912 ) ) ;
#51 = ORIENTED_EDGE ( 'NONE', *, *, #1257, .T. ) ;
#52 = CIRCLE ( 'NONE', #1006, 1.900000000000244382 ) ;
#53 = CARTESIAN_POINT ( 'NONE',  ( 714.1824999843523756, 926.9066264757564113, 1333.476599890081616 ) ) ;
#54 = APPROVAL_DATE_TIME ( #1630, #771 ) ;
#55 = FACE_OUTER_BOUND ( 'NONE', #1806, .T. ) ;
#56 = VERTEX_POINT ( 'NONE', #372 ) ;
#57 = ADVANCED_FACE ( 'NONE', ( #543 ), #886, .F. ) ;
#58 = VERTEX_POINT ( 'NONE', #1921 ) ;
#59 = LINE ( 'NONE', #2014, #2073 ) ;
#60 = EDGE_CURVE ( 'NONE', #578, #795, #9, .T. ) ;
#61 = DIRECTION ( 'NONE',  ( 1.752983723092204346E-13, -0.7571257123220689333, 0.6532692061782796600 ) ) ;
#62 = CARTESIAN_POINT ( 'NONE',  ( 716.3435551619314765, 931.1974599760133060, 1344.793857263479822 ) ) ;
#63 = ORIENTED_EDGE ( 'NONE', *, *, #1089, .F. ) ;
#64 = CARTESIAN_POINT ( 'NONE',  ( 711.5859799144353701, 932.8592376415253966, 1341.451132896037961 ) ) ;
#65 = APPROVAL_ROLE ( '' ) ;
#66 = CARTESIAN_POINT ( 'NONE',  ( 714.3130033723858787, 925.9705007396988776, 1327.851484148360669 ) ) ;
#67 = EDGE_LOOP ( 'NONE', ( #1496, #1391, #78, #1023, #51, #282, #2158, #1212, #684, #1323, #804, #951 ) ) ;
#68 = VERTEX_POINT ( 'NONE', #1424 ) ;
#69 = FACE_OUTER_BOUND ( 'NONE', #544, .T. ) ;
#70 = DIRECTION ( 'NONE',  ( -0.07317157541021195033, 0.6515180314347930324, 0.7550961364404666920 ) ) ;
#71 = EDGE_CURVE ( 'NONE', #535, #1769, #271, .T. ) ;
#72 = DIRECTION ( 'NONE',  ( 0.000000000000000000, 0.7571257123220741514, -0.6532692061782735538 ) ) ;
#73 = ORIENTED_EDGE ( 'NONE', *, *, #674, .T. ) ;
#74 = CARTESIAN_POINT ( 'NONE',  ( 718.3555897951192719, 923.3341207189089346, 1326.544963807641807 ) ) ;
#75 = CARTESIAN_POINT ( 'NONE',  ( 717.3415137441379557, 923.4285231145936450, 1334.774768325062496 ) ) ;
#76 = CARTESIAN_POINT ( 'NONE',  ( 713.2521326468773850, 921.9156451386596700, 1330.254984489186427 ) ) ;
#77 = ORIENTED_EDGE ( 'NONE', *, *, #719, .F. ) ;
#78 = ORIENTED_EDGE ( 'NONE', *, *, #71, .F. ) ;
#79 = DIRECTION ( 'NONE',  ( 0.000000000000000000, 0.7571257123220740404, -0.6532692061782737758 ) ) ;
#80 = DIRECTION ( 'NONE',  ( 0.000000000000000000, -0.7571257123220939134, 0.6532692061782507942 ) ) ;
#81 = VECTOR ( 'NONE', #683, 1000.000000000000000 ) ;
#82 = DIRECTION ( 'NONE',  ( 0.03345502309866865004, -0.7550961364404729093, 0.6547599454472901037 ) ) ;
#83 = B_SPLINE_SURFACE_WITH_KNOTS ( 'NONE', 1, 3, ( 
 ( #2087, #1216, #25, #1916, #1729, #1067 ),
 ( #1038, #189, #1745, #1571, #2269, #179 ) ),
 .UNSPECIFIED., .F., .F., .F.,
 ( 2, 2 ),
 ( 4, 2, 4 ),
 ( 0.000000000000000000, 1.000000000000000000 ),
 ( 0.000000000000000000, 0.5000000000000000000, 1.000000000000000000 ),
 .UNSPECIFIED. ) ;
#84 = VERTEX_POINT ( 'NONE', #1265 ) ;
#85 = EDGE_CURVE ( 'NONE', #1840, #1031, #2147, .T. ) ;
#86 = ADVANCED_FACE ( 'NONE', ( #1952 ), #218, .F. ) ;
#87 = CARTESIAN_POINT ( 'NONE',  ( 711.4104400723554136, 932.9366214374431365, 1340.749517612552154 ) ) ;
#88 = AXIS2_PLACEMENT_3D ( 'NONE', #453, #2198, #2239 ) ;
#89 = CARTESIAN_POINT ( 'NONE',  ( 716.3429581228830330, 924.7441300096218129, 1337.198553192571580 ) ) ;
#90 = AXIS2_PLACEMENT_3D ( 'NONE', #1536, #883, #490 ) ;
#91 = B_SPLINE_CURVE_WITH_KNOTS ( 'NONE', 3,
 ( #983, #1688, #75, #1512 ),
 .UNSPECIFIED., .F., .F.,
 ( 4, 4 ),
 ( 0.000000000000000000, 1.000000000000000000 ),
 .UNSPECIFIED. ) ;
#92 = CARTESIAN_POINT ( 'NONE',  ( 714.0553958677249966, 914.2192658029597396, 1312.348684640316606 ) ) ;
#93 = VECTOR ( 'NONE', #1648, 1000.000000000000114 ) ;
#94 = EDGE_LOOP ( 'NONE', ( #1030, #143, #1253, #945 ) ) ;
#95 = ORIENTED_EDGE ( 'NONE', *, *, #1970, .F. ) ;
#96 = CARTESIAN_POINT ( 'NONE',  ( 713.2044551907033565, 928.6507775085157164, 1339.301028644496682 ) ) ;
#97 = DIRECTION ( 'NONE',  ( 0.07317157541021192257, -0.6515180314347925883, -0.7550961364404669141 ) ) ;
#98 = FACE_OUTER_BOUND ( 'NONE', #2100, .T. ) ;
#99 = ORIENTED_EDGE ( 'NONE', *, *, #1009, .T. ) ;
#100 = CARTESIAN_POINT ( 'NONE',  ( 713.8907106401167084, 927.1795054875261712, 1331.292362438954797 ) ) ;
#101 = CARTESIAN_POINT ( 'NONE',  ( 712.6259269870122353, 922.1257314812020240, 1328.069417171462874 ) ) ;
#102 = CARTESIAN_POINT ( 'NONE',  ( 713.7074255507779981, 929.3592397805714427, 1335.031375463589484 ) ) ;
#103 = EDGE_CURVE ( 'NONE', #1905, #357, #906, .T. ) ;
#104 = ORIENTED_EDGE ( 'NONE', *, *, #1636, .F. ) ;
#105 = CARTESIAN_POINT ( 'NONE',  ( 712.5241650656690808, 922.2258500723631869, 1327.635226443775082 ) ) ;
#106 = LINE ( 'NONE', #132, #1554 ) ;
#107 = DIRECTION ( 'NONE',  ( -0.03345502309867742774, 0.7550961364404806808, -0.6547599454472807778 ) ) ;
#108 = B_SPLINE_CURVE_WITH_KNOTS ( 'NONE', 3,
 ( #2006, #432, #1169, #1337 ),
 .UNSPECIFIED., .F., .F.,
 ( 4, 4 ),
 ( 0.000000000000000000, 1.000000000000000000 ),
 .UNSPECIFIED. ) ;
#109 = VERTEX_POINT ( 'NONE', #1965 ) ;
#110 = CARTESIAN_POINT ( 'NONE',  ( 713.8483638691155875, 930.1076402408265267, 1332.646344613505562 ) ) ;
#111 = CARTESIAN_POINT ( 'NONE',  ( 711.3092075924613482, 933.0319030938553624, 1340.039628134098848 ) ) ;
#112 = LINE ( 'NONE', #123, #1552 ) ;
#113 = DIRECTION ( 'NONE',  ( 0.000000000000000000, -0.7571257123220740404, 0.6532692061782737758 ) ) ;
#114 = EDGE_CURVE ( 'NONE', #68, #1019, #1514, .T. ) ;
#115 = CARTESIAN_POINT ( 'NONE',  ( 713.4969486316583698, 942.4697593384095171, 1340.892641575758262 ) ) ;
#116 = CARTESIAN_POINT ( 'NONE',  ( 716.3300791429086303, 934.6680404842272765, 1345.771041653918928 ) ) ;
#117 = LINE ( 'NONE', #787, #126 ) ;
#118 = EDGE_LOOP ( 'NONE', ( #1900, #1696, #1748, #1147 ) ) ;
#119 = CARTESIAN_POINT ( 'NONE',  ( 711.7738470970698472, 928.8947635920217181, 1335.244767669692692 ) ) ;
#120 = AXIS2_PLACEMENT_3D ( 'NONE', #576, #1093, #739 ) ;
#121 = CARTESIAN_POINT ( 'NONE',  ( 715.5865737376943798, 923.2346521807386353, 1331.286741593708030 ) ) ;
#122 = AXIS2_PLACEMENT_3D ( 'NONE', #2098, #854, #1406 ) ;
#123 = CARTESIAN_POINT ( 'NONE',  ( 710.3635974476934507, 881.6255511517427976, 1340.113703011418465 ) ) ;
#124 = B_SPLINE_CURVE_WITH_KNOTS ( 'NONE', 3,
 ( #1258, #1956, #2137, #1592, #1622, #2107 ),
 .UNSPECIFIED., .F., .F.,
 ( 4, 2, 4 ),
 ( 0.000000000000000000, 0.5000000000000000000, 1.000000000000000000 ),
 .UNSPECIFIED. ) ;
#125 = B_SPLINE_CURVE_WITH_KNOTS ( 'NONE', 3,
 ( #1065, #891, #746, #1087, #1436, #1775 ),
 .UNSPECIFIED., .F., .F.,
 ( 4, 2, 4 ),
 ( 0.000000000000000000, 0.5000000000000000000, 1.000000000000000000 ),
 .UNSPECIFIED. ) ;
#126 = VECTOR ( 'NONE', #2164, 1000.000000000000114 ) ;
#127 = VERTEX_POINT ( 'NONE', #1619 ) ;
#128 = VECTOR ( 'NONE', #1426, 1000.000000000000114 ) ;
#129 = EDGE_CURVE ( 'NONE', #937, #2086, #1666, .T. ) ;
#130 = EDGE_CURVE ( 'NONE', #937, #1218, #1432, .T. ) ;
#131 = CARTESIAN_POINT ( 'NONE',  ( 715.7721253919812625, 922.3838148434711002, 1333.982465778000460 ) ) ;
#132 = CARTESIAN_POINT ( 'NONE',  ( 718.0657456139438182, 911.0948307804097794, 1315.433151970653853 ) ) ;
#133 = EDGE_CURVE ( 'NONE', #1561, #1458, #2115, .T. ) ;
#134 = DIRECTION ( 'NONE',  ( -0.07317157541021192257, 0.6515180314347918111, 0.7550961364404676912 ) ) ;
#135 = ORIENTED_EDGE ( 'NONE', *, *, #873, .T. ) ;
#136 = CARTESIAN_POINT ( 'NONE',  ( 712.5740066371428156, 930.3349155501604173, 1332.326755256887282 ) ) ;
#137 = CARTESIAN_POINT ( 'NONE',  ( 719.8441481236693562, 910.0800314573929199, 1311.183744147507923 ) ) ;
#138 = CARTESIAN_POINT ( 'NONE',  ( 712.2384866016782325, 924.7576240901883011, 1330.449907205286081 ) ) ;
#139 = ORIENTED_EDGE ( 'NONE', *, *, #660, .T. ) ;
#140 = DIRECTION ( 'NONE',  ( -0.1030193525862388715, -0.7580132069861736932, 0.6440520095669668432 ) ) ;
#141 = CARTESIAN_POINT ( 'NONE',  ( 713.8734633495774915, 926.1107857727175769, 1337.048651777185341 ) ) ;
#142 = CARTESIAN_POINT ( 'NONE',  ( 714.8765711675805505, 938.2274955496657185, 1338.585990156745765 ) ) ;
#143 = ORIENTED_EDGE ( 'NONE', *, *, #246, .T. ) ;
#144 = LINE ( 'NONE', #842, #1370 ) ;
#145 = EDGE_CURVE ( 'NONE', #2224, #916, #489, .T. ) ;
#146 = LINE ( 'NONE', #1711, #1374 ) ;
#147 = CARTESIAN_POINT ( 'NONE',  ( 716.6245988056198257, 938.7468248405236864, 1344.407974150888322 ) ) ;
#148 = ORIENTED_EDGE ( 'NONE', *, *, #1270, .T. ) ;
#149 = VERTEX_POINT ( 'NONE', #2273 ) ;
#150 = CARTESIAN_POINT ( 'NONE',  ( 719.2477997840760509, 915.3899034135863531, 1317.337777659497760 ) ) ;
#151 = LINE ( 'NONE', #486, #2002 ) ;
#152 = ORIENTED_EDGE ( 'NONE', *, *, #2163, .T. ) ;
#153 = LINE ( 'NONE', #1948, #741 ) ;
#154 = ADVANCED_FACE ( 'NONE', ( #2102 ), #1794, .F. ) ;
#155 = CARTESIAN_POINT ( 'NONE',  ( 721.1473356961531636, 908.5288087499403673, 1312.648466053811944 ) ) ;
#156 = EDGE_CURVE ( 'NONE', #2159, #1292, #643, .T. ) ;
#157 = ORIENTED_EDGE ( 'NONE', *, *, #215, .F. ) ;
#158 = FACE_OUTER_BOUND ( 'NONE', #1322, .T. ) ;
#159 = CIRCLE ( 'NONE', #633, 2.500000000000014211 ) ;
#160 = AXIS2_PLACEMENT_3D ( 'NONE', #398, #1097, #61 ) ;
#161 = CARTESIAN_POINT ( 'NONE',  ( 719.8441481236691288, 910.0800314573928063, 1311.183744147507923 ) ) ;
#162 = AXIS2_PLACEMENT_3D ( 'NONE', #18, #27, #392 ) ;
#163 = ORIENTED_EDGE ( 'NONE', *, *, #2231, .F. ) ;
#164 = CARTESIAN_POINT ( 'NONE',  ( 716.0491764008550035, 943.8703727523204634, 1350.346061888146323 ) ) ;
#165 = AXIS2_PLACEMENT_3D ( 'NONE', #1384, #511, #1191 ) ;
#166 = CARTESIAN_POINT ( 'NONE',  ( 714.3338217413448774, 925.3096284324765293, 1331.412372016795416 ) ) ;
#167 = VECTOR ( 'NONE', #1530, 1000.000000000000114 ) ;
#168 = CARTESIAN_POINT ( 'NONE',  ( 717.4263107874095340, 931.6083997181308405, 1336.134684740435887 ) ) ;
#169 = ORIENTED_EDGE ( 'NONE', *, *, #2067, .T. ) ;
#170 = CARTESIAN_POINT ( 'NONE',  ( 714.7565403872398520, 932.9426081853658843, 1346.384416681340099 ) ) ;
#171 = DIRECTION ( 'NONE',  ( -0.1030193530950540420, -0.7580132069704451636, 0.6440520095040909165 ) ) ;
#172 = EDGE_LOOP ( 'NONE', ( #2080, #99, #1566 ) ) ;
#173 = LINE ( 'NONE', #1608, #268 ) ;
#174 = CARTESIAN_POINT ( 'NONE',  ( 717.8909502912644029, 927.4712602185198875, 1331.339824274038847 ) ) ;
#175 = EDGE_CURVE ( 'NONE', #430, #522, #1760, .T. ) ;
#176 = ORIENTED_EDGE ( 'NONE', *, *, #1025, .F. ) ;
#177 = DIRECTION ( 'NONE',  ( 0.03345502309866537488, -0.7550961364404676912, 0.6547599454472963210 ) ) ;
#178 = VERTEX_POINT ( 'NONE', #1246 ) ;
#179 = CARTESIAN_POINT ( 'NONE',  ( 714.3130033723858787, 925.9705007396988776, 1327.851484148360669 ) ) ;
#180 = DIRECTION ( 'NONE',  ( -0.03345502309866865004, 0.7550961364404729093, -0.6547599454472901037 ) ) ;
#181 = ORIENTED_EDGE ( 'NONE', *, *, #2063, .F. ) ;
#182 = CARTESIAN_POINT ( 'NONE',  ( 711.9368280211564297, 930.4485532048275900, 1332.166960578578255 ) ) ;
#183 = CARTESIAN_POINT ( 'NONE',  ( 716.0421532836944607, 927.9639639129125044, 1337.603449249449795 ) ) ;
#184 = VERTEX_POINT ( 'NONE', #721 ) ;
#185 = COORDINATED_UNIVERSAL_TIME_OFFSET ( 5, 0, .BEHIND. ) ;
#186 = EDGE_CURVE ( 'NONE', #28, #554, #600, .T. ) ;
#187 = CARTESIAN_POINT ( 'NONE',  ( 714.1720650551352492, 925.2221002794786955, 1330.236514998519169 ) ) ;
#188 = CARTESIAN_POINT ( 'NONE',  ( 713.7043664658199305, 933.7264235575621569, 1342.143884010795318 ) ) ;
#189 = CARTESIAN_POINT ( 'NONE',  ( 714.1332088316386262, 925.1537050539175198, 1329.735561791794225 ) ) ;
#190 = CARTESIAN_POINT ( 'NONE',  ( 716.4122347310006944, 931.7028021139831253, 1344.364489257185824 ) ) ;
#191 = ORIENTED_EDGE ( 'NONE', *, *, #1876, .T. ) ;
#192 = CARTESIAN_POINT ( 'NONE',  ( 718.7096989215941676, 936.2648685085998750, 1346.751529200975028 ) ) ;
#193 = CARTESIAN_POINT ( 'NONE',  ( 714.0520755985897949, 926.8357287861942950, 1332.553224206189498 ) ) ;
#194 = ORIENTED_EDGE ( 'NONE', *, *, #16, .F. ) ;
#195 = VECTOR ( 'NONE', #1140, 1000.000000000000114 ) ;
#196 = AXIS2_PLACEMENT_3D ( 'NONE', #1111, #1127, #1309 ) ;
#197 = ADVANCED_FACE ( 'NONE', ( #1321 ), #1735, .F. ) ;
#198 = ADVANCED_FACE ( 'NONE', ( #55 ), #964, .T. ) ;
#199 = AXIS2_PLACEMENT_3D ( 'NONE', #1387, #2077, #844 ) ;
#200 = CARTESIAN_POINT ( 'NONE',  ( 712.7398156846448956, 932.7879170096429107, 1344.095889109371683 ) ) ;
#201 = LINE ( 'NONE', #703, #1264 ) ;
#202 = VECTOR ( 'NONE', #1787, 1000.000000000000114 ) ;
#203 = EDGE_CURVE ( 'NONE', #2121, #1142, #586, .T. ) ;
#204 = CARTESIAN_POINT ( 'NONE',  ( 714.3876524295432091, 923.4567735782414957, 1326.054627862637744 ) ) ;
#205 = ORIENTED_EDGE ( 'NONE', *, *, #2113, .T. ) ;
#206 = CARTESIAN_POINT ( 'NONE',  ( 714.1720650551352492, 925.2221002794786955, 1330.236514998519169 ) ) ;
#207 = B_SPLINE_CURVE_WITH_KNOTS ( 'NONE', 3,
 ( #933, #1335, #418, #247, #283, #96 ),
 .UNSPECIFIED., .F., .F.,
 ( 4, 2, 4 ),
 ( 0.000000000000000000, 0.5000000000000000000, 1.000000000000000000 ),
 .UNSPECIFIED. ) ;
#208 = DIRECTION ( 'NONE',  ( 0.000000000000000000, 0.6391933922672355939, 0.7690460371667642292 ) ) ;
#209 = ORIENTED_EDGE ( 'NONE', *, *, #1143, .F. ) ;
#210 = VERTEX_POINT ( 'NONE', #66 ) ;
#211 = CARTESIAN_POINT ( 'NONE',  ( 714.1282501870697388, 933.9416372552018402, 1343.234971443468794 ) ) ;
#212 = CARTESIAN_POINT ( 'NONE',  ( 714.1720650551352492, 925.2221002794786955, 1330.236514998519169 ) ) ;
#213 = CARTESIAN_POINT ( 'NONE',  ( 716.1240404357008629, 933.1520140703178186, 1347.059145672801378 ) ) ;
#214 = VERTEX_POINT ( 'NONE', #1985 ) ;
#215 = EDGE_CURVE ( 'NONE', #1410, #774, #159, .T. ) ;
#216 = B_SPLINE_CURVE_WITH_KNOTS ( 'NONE', 3,
 ( #248, #934, #958, #212 ),
 .UNSPECIFIED., .F., .F.,
 ( 4, 4 ),
 ( 0.000000000000000000, 1.000000000000000000 ),
 .UNSPECIFIED. ) ;
#217 = CARTESIAN_POINT ( 'NONE',  ( 713.2044551907033565, 928.6507775085157164, 1339.301028644496682 ) ) ;
#218 = PLANE ( 'NONE',  #1738 ) ;
#219 = ORIENTED_EDGE ( 'NONE', *, *, #31, .T. ) ;
#220 = B_SPLINE_CURVE_WITH_KNOTS ( 'NONE', 3,
 ( #1095, #505, #1320, #2202 ),
 .UNSPECIFIED., .F., .F.,
 ( 4, 4 ),
 ( 0.000000000000000000, 1.000000000000000000 ),
 .UNSPECIFIED. ) ;
#221 = ORIENTED_EDGE ( 'NONE', *, *, #1887, .F. ) ;
#222 = ORIENTED_EDGE ( 'NONE', *, *, #581, .T. ) ;
#223 = CARTESIAN_POINT ( 'NONE',  ( 712.3781203311993977, 932.7563237566134831, 1343.470231041165334 ) ) ;
#224 = CARTESIAN_POINT ( 'NONE',  ( -101.9267546797989326, 1031.283990399576169, 1132.270318695000469 ) ) ;
#225 = CARTESIAN_POINT ( 'NONE',  ( 714.3876524295432091, 923.4567735782414957, 1326.054627862637744 ) ) ;
#226 = ORIENTED_EDGE ( 'NONE', *, *, #1692, .F. ) ;
#227 = CARTESIAN_POINT ( 'NONE',  ( 715.5775137779372699, 932.1011034130043527, 1342.398309715247478 ) ) ;
#228 = EDGE_CURVE ( 'NONE', #918, #942, #2183, .T. ) ;
#229 = ADVANCED_FACE ( 'NONE', ( #1667 ), #414, .T. ) ;
#230 = CARTESIAN_POINT ( 'NONE',  ( 712.6259269870122353, 922.1257314812020240, 1328.069417171462874 ) ) ;
#231 = VERTEX_POINT ( 'NONE', #2020 ) ;
#232 = ORIENTED_EDGE ( 'NONE', *, *, #497, .F. ) ;
#233 = AXIS2_PLACEMENT_3D ( 'NONE', #862, #2091, #1877 ) ;
#234 = DIRECTION ( 'NONE',  ( -0.1030193536038691848, -0.7580132069547166340, 0.6440520094412149898 ) ) ;
#235 = VECTOR ( 'NONE', #650, 1000.000000000000000 ) ;
#236 = CARTESIAN_POINT ( 'NONE',  ( 711.9368280211564297, 930.4485532048275900, 1332.166960578578255 ) ) ;
#237 = CARTESIAN_POINT ( 'NONE',  ( 717.0142333750293346, 928.5763468902490558, 1338.710892778452035 ) ) ;
#238 = ORIENTED_EDGE ( 'NONE', *, *, #472, .F. ) ;
#239 = AXIS2_PLACEMENT_3D ( 'NONE', #815, #475, #1724 ) ;
#240 = CARTESIAN_POINT ( 'NONE',  ( 718.7096989215941676, 936.2648685085998750, 1346.751529200975028 ) ) ;
#241 = LOCAL_TIME ( 23, 56, 51.00000000000000000, #1577 ) ;
#242 = MECHANICAL_CONTEXT ( 'NONE', #702, 'mechanical' ) ;
#243 = CARTESIAN_POINT ( 'NONE',  ( 713.2044551907033565, 928.6507775085157164, 1339.301028644496682 ) ) ;
#244 = ORIENTED_EDGE ( 'NONE', *, *, #175, .T. ) ;
#245 = ORIENTED_EDGE ( 'NONE', *, *, #704, .T. ) ;
#246 = EDGE_CURVE ( 'NONE', #977, #1915, #1838, .T. ) ;
#247 = CARTESIAN_POINT ( 'NONE',  ( 714.0714218397642981, 928.7068955251224907, 1340.571596359611249 ) ) ;
#248 = CARTESIAN_POINT ( 'NONE',  ( 715.0575291977175993, 925.6673582539582412, 1333.645250512704024 ) ) ;
#249 = DIRECTION ( 'NONE',  ( -0.5212750289935844661, 0.6204890829809657227, -0.5858887625216735451 ) ) ;
#250 = B_SPLINE_CURVE_WITH_KNOTS ( 'NONE', 3,
 ( #1809, #603, #1135, #1833, #420, #1306 ),
 .UNSPECIFIED., .F., .F.,
 ( 4, 2, 4 ),
 ( 0.000000000000000000, 0.5000000000000000000, 1.000000000000000000 ),
 .UNSPECIFIED. ) ;
#251 = VERTEX_POINT ( 'NONE', #1468 ) ;
#252 = CARTESIAN_POINT ( 'NONE',  ( 712.3837858408313650, 926.1301406383529411, 1333.972324054609544 ) ) ;
#253 = CARTESIAN_POINT ( 'NONE',  ( 715.0575291977175993, 925.6673582539582412, 1333.645250512704024 ) ) ;
#254 = PERSON_AND_ORGANIZATION ( #1357, #1122 ) ;
#255 = LINE ( 'NONE', #1655, #2173 ) ;
#256 = B_SPLINE_SURFACE_WITH_KNOTS ( 'NONE', 1, 3, ( 
 ( #2090, #2260, #1749, #1759, #1963, #182 ),
 ( #871, #394, #2272, #527, #29, #1422 ) ),
 .UNSPECIFIED., .F., .F., .F.,
 ( 2, 2 ),
 ( 4, 2, 4 ),
 ( 0.000000000000000000, 1.000000000000000000 ),
 ( 0.000000000000000000, 0.5000000000000000000, 1.000000000000000000 ),
 .UNSPECIFIED. ) ;
#257 = ORIENTED_EDGE ( 'NONE', *, *, #1350, .F. ) ;
#258 = EDGE_CURVE ( 'NONE', #429, #1349, #1814, .T. ) ;
#259 = CARTESIAN_POINT ( 'NONE',  ( 714.4550907486786855, 922.7099180582385998, 1327.404634091541084 ) ) ;
#260 = DIRECTION ( 'NONE',  ( -0.07317157541021192257, 0.6515180314347918111, 0.7550961364404676912 ) ) ;
#261 = DIRECTION ( 'NONE',  ( -0.03345502309866865004, 0.7550961364404729093, -0.6547599454472901037 ) ) ;
#262 = ORIENTED_EDGE ( 'NONE', *, *, #1546, .F. ) ;
#263 = DIRECTION ( 'NONE',  ( 0.5212750289935844661, -0.6204890829809656116, 0.5858887625216736561 ) ) ;
#264 = CARTESIAN_POINT ( 'NONE',  ( 717.2593581546888117, 926.3937614848795192, 1336.181320721628026 ) ) ;
#265 = CARTESIAN_POINT ( 'NONE',  ( 713.3837243658451825, 934.2447797419540620, 1337.441205078650682 ) ) ;
#266 = ORIENTED_EDGE ( 'NONE', *, *, #1380, .F. ) ;
#267 = CARTESIAN_POINT ( 'NONE',  ( -101.6340683781580765, 1028.677918273836895, 1129.249934149238470 ) ) ;
#268 = VECTOR ( 'NONE', #895, 1000.000000000000000 ) ;
#269 = CARTESIAN_POINT ( 'NONE',  ( 717.0142333750293346, 928.5763468902490558, 1338.710892778452035 ) ) ;
#270 = CC_DESIGN_DATE_AND_TIME_ASSIGNMENT ( #1051, #888, ( #1492 ) ) ;
#271 = CIRCLE ( 'NONE', #1922, 4.000000000000000000 ) ;
#272 = CARTESIAN_POINT ( 'NONE',  ( 715.0937458642939646, 931.7588997891476765, 1341.674885009537093 ) ) ;
#273 = B_SPLINE_SURFACE_WITH_KNOTS ( 'NONE', 1, 3, ( 
 ( #1582, #513, #170, #1940, #368, #691 ),
 ( #680, #1259, #868, #557, #1604, #334 ) ),
 .UNSPECIFIED., .F., .F., .F.,
 ( 2, 2 ),
 ( 4, 2, 4 ),
 ( 0.000000000000000000, 1.000000000000000000 ),
 ( 0.000000000000000000, 0.5000000000000000000, 1.000000000000000000 ),
 .UNSPECIFIED. ) ;
#274 = ORIENTED_EDGE ( 'NONE', *, *, #1934, .T. ) ;
#275 = CARTESIAN_POINT ( 'NONE',  ( 715.0575291977175993, 925.6673582539582412, 1333.645250512704024 ) ) ;
#276 = ADVANCED_FACE ( 'NONE', ( #1150 ), #762, .F. ) ;
#277 = VECTOR ( 'NONE', #1295, 1000.000000000000000 ) ;
#278 = CARTESIAN_POINT ( 'NONE',  ( 717.6714355650337893, 929.4258143128241727, 1333.605112683360176 ) ) ;
#279 = AXIS2_PLACEMENT_3D ( 'NONE', #1747, #869, #1572 ) ;
#280 = CARTESIAN_POINT ( 'NONE',  ( 714.1690059708625995, 929.5892840567352096, 1337.349023545562659 ) ) ;
#281 = VECTOR ( 'NONE', #305, 1000.000000000000114 ) ;
#282 = ORIENTED_EDGE ( 'NONE', *, *, #363, .T. ) ;
#283 = CARTESIAN_POINT ( 'NONE',  ( 713.5895096863514482, 928.6843185187592553, 1339.966969084272705 ) ) ;
#284 = CARTESIAN_POINT ( 'NONE',  ( 717.4788728809195391, 924.4392073905751204, 1333.916032312306697 ) ) ;
#285 = PLANE ( 'NONE',  #2140 ) ;
#286 = EDGE_LOOP ( 'NONE', ( #1621, #411, #1936, #1044, #1405, #2175, #1517, #1854, #1890, #1388, #1137, #347, #1397, #339, #682, #1525, #1378, #337, #1247, #518, #1796, #381, #1014, #2169, #644, #1597, #302, #1105, #1486, #2168, #73, #1203, #232, #1106, #1356, #2247, #577, #1228, #1570, #1281, #1718, #1180, #1645, #176 ) ) ;
#287 = PLANE ( 'NONE',  #567 ) ;
#288 = EDGE_CURVE ( 'NONE', #1510, #1349, #2246, .T. ) ;
#289 = CARTESIAN_POINT ( 'NONE',  ( 715.6127621808404911, 925.9072892935380423, 1334.727011087260053 ) ) ;
#290 = CARTESIAN_POINT ( 'NONE',  ( 714.7633001173029470, 931.1941947164057183, 1327.824491698908787 ) ) ;
#291 = DIRECTION ( 'NONE',  ( -0.07317157541021192257, 0.6515180314347918111, 0.7550961364404676912 ) ) ;
#292 = CARTESIAN_POINT ( 'NONE',  ( 713.5874360940832730, 930.9728682872464560, 1337.348084671279821 ) ) ;
#293 = CARTESIAN_POINT ( 'NONE',  ( 720.5509873565599719, 913.8386807061339141, 1318.802499565801782 ) ) ;
#294 = DIRECTION ( 'NONE',  ( -0.07317157541021192257, 0.6515180314347918111, 0.7550961364404676912 ) ) ;
#295 = ORIENTED_EDGE ( 'NONE', *, *, #699, .F. ) ;
#296 = LINE ( 'NONE', #1882, #1702 ) ;
#297 = CARTESIAN_POINT ( 'NONE',  ( 719.2477997840759372, 915.3899034135863531, 1317.337777659497760 ) ) ;
#298 = B_SPLINE_CURVE_WITH_KNOTS ( 'NONE', 3,
 ( #2128, #1767, #523, #1225, #358, #1076 ),
 .UNSPECIFIED., .F., .F.,
 ( 4, 2, 4 ),
 ( 0.000000000000000000, 0.5000000000000000000, 1.000000000000000000 ),
 .UNSPECIFIED. ) ;
#299 = DIRECTION ( 'NONE',  ( -0.03345502309867742774, 0.7550961364404806808, -0.6547599454472807778 ) ) ;
#300 = EDGE_CURVE ( 'NONE', #1644, #231, #255, .T. ) ;
#301 = ADVANCED_FACE ( 'NONE', ( #1909 ), #950, .F. ) ;
#302 = ORIENTED_EDGE ( 'NONE', *, *, #757, .T. ) ;
#303 = B_SPLINE_CURVE_WITH_KNOTS ( 'NONE', 3,
 ( #313, #1513, #984, #834 ),
 .UNSPECIFIED., .F., .F.,
 ( 4, 4 ),
 ( 0.000000000000000000, 1.000000000000000000 ),
 .UNSPECIFIED. ) ;
#304 = VERTEX_POINT ( 'NONE', #1733 ) ;
#305 = DIRECTION ( 'NONE',  ( -0.07317157541021192257, 0.6515180314347918111, 0.7550961364404675802 ) ) ;
#306 = CARTESIAN_POINT ( 'NONE',  ( 720.3344462351404900, 929.8400193145495223, 1341.915305724887048 ) ) ;
#307 = DIRECTION ( 'NONE',  ( -0.03345502309867742774, 0.7550961364404806808, -0.6547599454472807778 ) ) ;
#308 = VERTEX_POINT ( 'NONE', #2054 ) ;
#309 = CARTESIAN_POINT ( 'NONE',  ( 717.0142333750293346, 928.5763468902490558, 1338.710892778452035 ) ) ;
#310 = VECTOR ( 'NONE', #2192, 1000.000000000000114 ) ;
#311 = FACE_OUTER_BOUND ( 'NONE', #1953, .T. ) ;
#312 = VECTOR ( 'NONE', #1148, 1000.000000000000227 ) ;
#313 = CARTESIAN_POINT ( 'NONE',  ( 716.5067927894516515, 923.8268244128205424, 1332.808588783652112 ) ) ;
#314 = AXIS2_PLACEMENT_3D ( 'NONE', #2153, #50, #761 ) ;
#315 = ORIENTED_EDGE ( 'NONE', *, *, #1945, .T. ) ;
#316 = VECTOR ( 'NONE', #2250, 1000.000000000000114 ) ;
#317 = LINE ( 'NONE', #2070, #316 ) ;
#318 = EDGE_CURVE ( 'NONE', #28, #445, #1480, .T. ) ;
#319 = CARTESIAN_POINT ( 'NONE',  ( 716.3287156758927949, 928.1665201127757427, 1338.031789343340733 ) ) ;
#320 = CARTESIAN_POINT ( 'NONE',  ( 715.2279396211577023, 927.0570552167948790, 1323.029631232511747 ) ) ;
#321 = ORIENTED_EDGE ( 'NONE', *, *, #318, .F. ) ;
#322 = CARTESIAN_POINT ( 'NONE',  ( 714.1720650551352492, 925.2221002794786955, 1330.236514998519169 ) ) ;
#323 = DIRECTION ( 'NONE',  ( -0.07317157541021192257, 0.6515180314347918111, 0.7550961364404676912 ) ) ;
#324 = DIRECTION ( 'NONE',  ( 0.07317157541021192257, -0.6515180314347918111, -0.7550961364404676912 ) ) ;
#325 = ORIENTED_EDGE ( 'NONE', *, *, #1285, .F. ) ;
#326 = ORIENTED_EDGE ( 'NONE', *, *, #1983, .T. ) ;
#327 = DIRECTION ( 'NONE',  ( 0.07317157541021192257, -0.6515180314347918111, -0.7550961364404676912 ) ) ;
#328 = B_SPLINE_CURVE_WITH_KNOTS ( 'NONE', 3,
 ( #110, #1710, #136, #659 ),
 .UNSPECIFIED., .F., .F.,
 ( 4, 4 ),
 ( 0.000000000000000000, 1.000000000000000000 ),
 .UNSPECIFIED. ) ;
#329 = CARTESIAN_POINT ( 'NONE',  ( 713.5895096863514482, 928.6843185187592553, 1339.966969084272705 ) ) ;
#330 = EDGE_CURVE ( 'NONE', #912, #849, #709, .T. ) ;
#331 = ADVANCED_FACE ( 'NONE', ( #158 ), #2033, .F. ) ;
#332 = DIRECTION ( 'NONE',  ( -0.07317157541021193645, 0.6515180314347929214, 0.7550961364404665810 ) ) ;
#333 = VERTEX_POINT ( 'NONE', #812 ) ;
#334 = CARTESIAN_POINT ( 'NONE',  ( 714.1282501870697388, 933.9416372552018402, 1343.234971443468794 ) ) ;
#335 = B_SPLINE_CURVE_WITH_KNOTS ( 'NONE', 1,
 ( #851, #1553 ),
 .UNSPECIFIED., .F., .F.,
 ( 2, 2 ),
 ( 0.000000000000000000, 1.000000000000000000 ),
 .UNSPECIFIED. ) ;
#336 = CARTESIAN_POINT ( 'NONE',  ( 719.3221896593901192, 905.5295749667484415, 1315.059425389343687 ) ) ;
#337 = ORIENTED_EDGE ( 'NONE', *, *, #442, .T. ) ;
#338 = CARTESIAN_POINT ( 'NONE',  ( 713.9691105605919574, 931.1515372427295461, 1339.174527096095517 ) ) ;
#339 = ORIENTED_EDGE ( 'NONE', *, *, #300, .T. ) ;
#340 = ORIENTED_EDGE ( 'NONE', *, *, #228, .F. ) ;
#341 = CARTESIAN_POINT ( 'NONE',  ( 715.7930886175904561, 930.9925893631557301, 1344.464686117774590 ) ) ;
#342 = CARTESIAN_POINT ( 'NONE',  ( 713.6690946967619311, 924.5136380073885221, 1334.506168179621454 ) ) ;
#343 = CARTESIAN_POINT ( 'NONE',  ( 713.7074255507779981, 929.3592397805714427, 1335.031375463589484 ) ) ;
#344 = ORIENTED_EDGE ( 'NONE', *, *, #901, .F. ) ;
#345 = FACE_OUTER_BOUND ( 'NONE', #1313, .T. ) ;
#346 = LINE ( 'NONE', #137, #1598 ) ;
#347 = ORIENTED_EDGE ( 'NONE', *, *, #704, .F. ) ;
#348 = EDGE_CURVE ( 'NONE', #478, #58, #491, .T. ) ;
#349 = CARTESIAN_POINT ( 'NONE',  ( 713.1761051326132019, 933.4615042782152159, 1338.852782915530497 ) ) ;
#350 = AXIS2_PLACEMENT_3D ( 'NONE', #147, #1364, #846 ) ;
#351 = VECTOR ( 'NONE', #1417, 1000.000000000000114 ) ;
#352 = DIRECTION ( 'NONE',  ( 1.332267629550148216E-13, 0.7571257123220704877, -0.6532692061782778836 ) ) ;
#353 = EDGE_LOOP ( 'NONE', ( #1795, #1529, #1911, #2241, #1099, #487, #2154, #1278, #1197, #599, #965, #1208 ) ) ;
#354 = CARTESIAN_POINT ( 'NONE',  ( 0.000000000000000000, 0.000000000000000000, 0.000000000000000000 ) ) ;
#355 = CARTESIAN_POINT ( 'NONE',  ( 714.5167151030960895, 922.6985892851420203, 1327.758363741098947 ) ) ;
#356 = CARTESIAN_POINT ( 'NONE',  ( 719.8441481236691288, 910.0800314573928063, 1311.183744147507923 ) ) ;
#357 = VERTEX_POINT ( 'NONE', #290 ) ;
#358 = CARTESIAN_POINT ( 'NONE',  ( 713.2698496436872801, 933.9495113975176537, 1337.685299162241563 ) ) ;
#359 = CARTESIAN_POINT ( 'NONE',  ( 717.4263107874095340, 931.6083997181308405, 1336.134684740435887 ) ) ;
#360 = ORIENTED_EDGE ( 'NONE', *, *, #1618, .T. ) ;
#361 = B_SPLINE_SURFACE_WITH_KNOTS ( 'NONE', 1, 3, ( 
 ( #1032, #1901, #341, #827 ),
 ( #1010, #2229, #1367, #1551 ) ),
 .UNSPECIFIED., .F., .F., .F.,
 ( 2, 2 ),
 ( 4, 4 ),
 ( 0.000000000000000000, 1.000000000000000000 ),
 ( 0.000000000000000000, 1.000000000000000000 ),
 .UNSPECIFIED. ) ;
#362 = CARTESIAN_POINT ( 'NONE',  ( 717.6150213607079422, 937.5678955828595917, 1345.521162799679814 ) ) ;
#363 = EDGE_CURVE ( 'NONE', #1606, #1657, #303, .T. ) ;
#364 = DIRECTION ( 'NONE',  ( 0.03345502309866537488, -0.7550961364404676912, 0.6547599454472963210 ) ) ;
#365 = CARTESIAN_POINT ( 'NONE',  ( 713.3073993429226221, 924.4820447540317900, 1333.880510111659078 ) ) ;
#366 = FACE_OUTER_BOUND ( 'NONE', #94, .T. ) ;
#367 = ORIENTED_EDGE ( 'NONE', *, *, #26, .T. ) ;
#368 = CARTESIAN_POINT ( 'NONE',  ( 713.1248701799869423, 932.8214580197038686, 1344.761829549110644 ) ) ;
#369 = CARTESIAN_POINT ( 'NONE',  ( 711.2355933486310278, 933.0661077450371295, 1339.447049461753522 ) ) ;
#370 = EDGE_LOOP ( 'NONE', ( #1345, #1501, #19, #1830 ) ) ;
#371 = CARTESIAN_POINT ( 'NONE',  ( 713.6690946967619311, 924.5136380073885221, 1334.506168179621454 ) ) ;
#372 = CARTESIAN_POINT ( 'NONE',  ( 716.7947186487987210, 930.5309009845533410, 1340.976181187773591 ) ) ;
#373 = ADVANCED_FACE ( 'NONE', ( #473 ), #1689, .T. ) ;
#374 = EDGE_CURVE ( 'NONE', #2086, #1561, #112, .T. ) ;
#375 = ORIENTED_EDGE ( 'NONE', *, *, #1113, .T. ) ;
#376 = EDGE_CURVE ( 'NONE', #588, #357, #452, .T. ) ;
#377 = CARTESIAN_POINT ( 'NONE',  ( 712.5152589247294372, 924.5849586381785912, 1331.861411967053300 ) ) ;
#378 = DIRECTION ( 'NONE',  ( 0.03345502309866537488, -0.7550961364404676912, 0.6547599454472963210 ) ) ;
#379 = DIRECTION ( 'NONE',  ( 0.07317157541021192257, -0.6515180314347918111, -0.7550961364404676912 ) ) ;
#380 = CARTESIAN_POINT ( 'NONE',  ( 711.2138152237645272, 933.7668124565186645, 1337.798012042992241 ) ) ;
#381 = ORIENTED_EDGE ( 'NONE', *, *, #671, .F. ) ;
#382 = LINE ( 'NONE', #20, #81 ) ;
#383 = DIRECTION ( 'NONE',  ( -0.07317157541021399036, 0.6515180314347943646, 0.7550961364404653597 ) ) ;
#384 = ORIENTED_EDGE ( 'NONE', *, *, #1690, .F. ) ;
#385 = VECTOR ( 'NONE', #1585, 1000.000000000000114 ) ;
#386 = VECTOR ( 'NONE', #263, 1000.000000000000000 ) ;
#387 = EDGE_CURVE ( 'NONE', #109, #587, #780, .T. ) ;
#388 = CIRCLE ( 'NONE', #1892, 5.999999999999979572 ) ;
#389 = CARTESIAN_POINT ( 'NONE',  ( 711.0097652361417886, 935.9295185137389126, 1340.194041283380329 ) ) ;
#390 = CARTESIAN_POINT ( 'NONE',  ( 713.3550009868507686, 933.5719788251014961, 1341.007584508116906 ) ) ;
#391 = AXIS2_PLACEMENT_3D ( 'NONE', #1580, #397, #35 ) ;
#392 = DIRECTION ( 'NONE',  ( -0.03345502309867742774, 0.7550961364404806808, -0.6547599454472807778 ) ) ;
#393 = EDGE_LOOP ( 'NONE', ( #2, #1615, #194, #406 ) ) ;
#394 = CARTESIAN_POINT ( 'NONE',  ( 713.6685693274146161, 929.2908445550292527, 1334.530422256746760 ) ) ;
#395 = DIRECTION ( 'NONE',  ( -0.07317157541021195033, 0.6515180314347930324, 0.7550961364404668030 ) ) ;
#396 = ORIENTED_EDGE ( 'NONE', *, *, #1903, .T. ) ;
#397 = DIRECTION ( 'NONE',  ( 0.07317157541021192257, -0.6515180314347918111, -0.7550961364404676912 ) ) ;
#398 = CARTESIAN_POINT ( 'NONE',  ( 716.6245988056198257, 938.7468248405235727, 1344.407974150888322 ) ) ;
#399 = EDGE_CURVE ( 'NONE', #685, #658, #882, .T. ) ;
#400 = CARTESIAN_POINT ( 'NONE',  ( 716.5067927894516515, 923.8268244128205424, 1332.808588783652112 ) ) ;
#401 = ORIENTED_EDGE ( 'NONE', *, *, #1762, .T. ) ;
#402 = FACE_OUTER_BOUND ( 'NONE', #526, .T. ) ;
#403 = APPLICATION_PROTOCOL_DEFINITION ( 'international standard', 'config_control_design', 1994, #702 ) ;
#404 = CARTESIAN_POINT ( 'NONE',  ( 712.8484253460852642, 921.9930011367079032, 1329.177463590103116 ) ) ;
#405 = ORIENTED_EDGE ( 'NONE', *, *, #387, .F. ) ;
#406 = ORIENTED_EDGE ( 'NONE', *, *, #2064, .F. ) ;
#407 = ORIENTED_EDGE ( 'NONE', *, *, #1213, .T. ) ;
#408 = CARTESIAN_POINT ( 'NONE',  ( 721.2637252428502279, 921.5657403153277301, 1332.325584792093196 ) ) ;
#409 = CARTESIAN_POINT ( 'NONE',  ( 713.9230129258996840, 927.5939130794077983, 1330.849488327713289 ) ) ;
#410 = CARTESIAN_POINT ( 'NONE',  ( 719.5114109033838758, 929.1264433862071428, 1338.478239790522366 ) ) ;
#411 = ORIENTED_EDGE ( 'NONE', *, *, #2113, .F. ) ;
#412 = ADVANCED_FACE ( 'NONE', ( #2078 ), #1993, .F. ) ;
#413 = APPLICATION_PROTOCOL_DEFINITION ( 'international standard', 'config_control_design', 1994, #30 ) ;
#414 = CYLINDRICAL_SURFACE ( 'NONE', #45, 5.999999999999914735 ) ;
#415 = ORIENTED_EDGE ( 'NONE', *, *, #2263, .T. ) ;
#416 = EDGE_LOOP ( 'NONE', ( #1152, #245, #2075, #1266 ) ) ;
#417 = AXIS2_PLACEMENT_3D ( 'NONE', #161, #1366, #483 ) ;
#418 = CARTESIAN_POINT ( 'NONE',  ( 715.2211798938815264, 928.8054686850675807, 1341.589556215642915 ) ) ;
#419 = AXIS2_PLACEMENT_3D ( 'NONE', #1502, #2028, #831 ) ;
#420 = CARTESIAN_POINT ( 'NONE',  ( 714.8376620945712148, 929.9347862192604453, 1339.009464944092770 ) ) ;
#421 = FACE_OUTER_BOUND ( 'NONE', #781, .T. ) ;
#422 = ORIENTED_EDGE ( 'NONE', *, *, #114, .T. ) ;
#423 = AXIS2_PLACEMENT_3D ( 'NONE', #657, #2255, #2058 ) ;
#424 = PLANE ( 'NONE',  #1226 ) ;
#425 = PERSON_AND_ORGANIZATION ( #1357, #1122 ) ;
#426 = DIRECTION ( 'NONE',  ( 0.03345502309866865004, -0.7550961364404729093, 0.6547599454472901037 ) ) ;
#427 = EDGE_CURVE ( 'NONE', #1142, #1640, #1263, .T. ) ;
#428 = B_SPLINE_CURVE_WITH_KNOTS ( 'NONE', 3,
 ( #1714, #2081, #2056, #484 ),
 .UNSPECIFIED., .F., .F.,
 ( 4, 4 ),
 ( 0.000000000000000000, 1.000000000000000000 ),
 .UNSPECIFIED. ) ;
#429 = VERTEX_POINT ( 'NONE', #1046 ) ;
#430 = VERTEX_POINT ( 'NONE', #1770 ) ;
#431 = DIRECTION ( 'NONE',  ( -0.07317157541021192257, 0.6515180314347918111, 0.7550961364404675802 ) ) ;
#432 = CARTESIAN_POINT ( 'NONE',  ( 713.6758247563019495, 926.0841383941132108, 1327.691689470260144 ) ) ;
#433 = CARTESIAN_POINT ( 'NONE',  ( 711.6784547273335875, 929.6296729544686741, 1333.003151578777761 ) ) ;
#434 = ORIENTED_EDGE ( 'NONE', *, *, #85, .T. ) ;
#435 = LINE ( 'NONE', #1836, #386 ) ;
#436 = CARTESIAN_POINT ( 'NONE',  ( 715.5775137779372699, 932.1011034130043527, 1342.398309715247478 ) ) ;
#437 = CARTESIAN_POINT ( 'NONE',  ( 716.9616712835546650, 935.7455392177416797, 1340.929545206832699 ) ) ;
#438 = CC_DESIGN_PERSON_AND_ORGANIZATION_ASSIGNMENT ( #1236, #1276, ( #1786 ) ) ;
#439 = ORIENTED_EDGE ( 'NONE', *, *, #133, .F. ) ;
#440 = B_SPLINE_CURVE_WITH_KNOTS ( 'NONE', 1,
 ( #2221, #2230 ),
 .UNSPECIFIED., .F., .F.,
 ( 2, 2 ),
 ( 0.000000000000000000, 1.000000000000000000 ),
 .UNSPECIFIED. ) ;
#441 = LINE ( 'NONE', #1294, #1162 ) ;
#442 = EDGE_CURVE ( 'NONE', #507, #2121, #382, .T. ) ;
#443 = CARTESIAN_POINT ( 'NONE',  ( 715.3074858852728539, 926.5209543438035098, 1338.777326243498237 ) ) ;
#444 = CARTESIAN_POINT ( 'NONE',  ( 716.2704896791449301, 925.8160770508328596, 1324.201408757555100 ) ) ;
#445 = VERTEX_POINT ( 'NONE', #885 ) ;
#446 = CARTESIAN_POINT ( 'NONE',  ( 714.5548682550287367, 926.2466505044487803, 1337.969109789593858 ) ) ;
#447 = CARTESIAN_POINT ( 'NONE',  ( 719.7522489795815090, 935.0238903426379693, 1347.923306726018382 ) ) ;
#448 = CARTESIAN_POINT ( 'NONE',  ( 714.6471394891398177, 922.7694869747892881, 1328.681739424944908 ) ) ;
#449 = ORIENTED_EDGE ( 'NONE', *, *, #2064, .T. ) ;
#450 = ORIENTED_EDGE ( 'NONE', *, *, #1664, .F. ) ;
#451 = CARTESIAN_POINT ( 'NONE',  ( 719.7522489795815090, 935.0238903426378556, 1347.923306726018382 ) ) ;
#452 = CIRCLE ( 'NONE', #738, 5.999999999999976907 ) ;
#453 = CARTESIAN_POINT ( 'NONE',  ( 530.1330343335112047, 272.1496409218147505, -183.4464809512472812 ) ) ;
#454 = EDGE_CURVE ( 'NONE', #1304, #1576, #173, .T. ) ;
#455 = AXIS2_PLACEMENT_3D ( 'NONE', #878, #1753, #177 ) ;
#456 = DIRECTION ( 'NONE',  ( 0.07317157541021400424, -0.6515180314347942536, -0.7550961364404653597 ) ) ;
#457 = EDGE_LOOP ( 'NONE', ( #449, #907, #1926, #1792 ) ) ;
#458 = DIRECTION ( 'NONE',  ( 0.07317157541021192257, -0.6515180314347918111, -0.7550961364404675802 ) ) ;
#459 = VECTOR ( 'NONE', #668, 1000.000000000000000 ) ;
#460 = CARTESIAN_POINT ( 'NONE',  ( 717.2593581546888117, 926.3937614848795192, 1336.181320721628026 ) ) ;
#461 = AXIS2_PLACEMENT_3D ( 'NONE', #168, #866, #1569 ) ;
#462 = CARTESIAN_POINT ( 'NONE',  ( 711.5132453597711901, 930.6709732915636550, 1336.812151305561883 ) ) ;
#463 = ORIENTED_EDGE ( 'NONE', *, *, #1407, .F. ) ;
#464 = CARTESIAN_POINT ( 'NONE',  ( 712.7398156846448956, 932.7879170096429107, 1344.095889109371683 ) ) ;
#465 = CARTESIAN_POINT ( 'NONE',  ( 711.5948860563668177, 930.5001290760252459, 1337.224947372564657 ) ) ;
#466 = CARTESIAN_POINT ( 'NONE',  ( 716.6245988056198257, 938.7468248405236864, 1344.407974150888322 ) ) ;
#467 = ORIENTED_EDGE ( 'NONE', *, *, #1773, .F. ) ;
#468 = CC_DESIGN_PERSON_AND_ORGANIZATION_ASSIGNMENT ( #777, #1300, ( #1234 ) ) ;
#469 = EDGE_CURVE ( 'NONE', #1434, #1686, #1219, .T. ) ;
#470 = FACE_OUTER_BOUND ( 'NONE', #1881, .T. ) ;
#471 = DIRECTION ( 'NONE',  ( -0.07317157541021182543, 0.6515180314347918111, 0.7550961364404675802 ) ) ;
#472 = EDGE_CURVE ( 'NONE', #2086, #774, #1059, .T. ) ;
#473 = FACE_OUTER_BOUND ( 'NONE', #353, .T. ) ;
#474 = ORIENTED_EDGE ( 'NONE', *, *, #1828, .F. ) ;
#475 = DIRECTION ( 'NONE',  ( 0.07317157541021192257, -0.6515180314347918111, -0.7550961364404676912 ) ) ;
#476 = CARTESIAN_POINT ( 'NONE',  ( 711.4744047396795850, 931.7923790117953331, 1335.399180818965533 ) ) ;
#477 = DIRECTION ( 'NONE',  ( -0.1030193520774420057, -0.7580132070019007795, 0.6440520096298415487 ) ) ;
#478 = VERTEX_POINT ( 'NONE', #206 ) ;
#479 = DIRECTION ( 'NONE',  ( 0.03345502309866537488, -0.7550961364404676912, 0.6547599454472963210 ) ) ;
#480 = CARTESIAN_POINT ( 'NONE',  ( 715.3074858852728539, 926.5209543438035098, 1338.777326243498237 ) ) ;
#481 = CARTESIAN_POINT ( 'NONE',  ( 713.4260711361650920, 931.3166449886907685, 1336.087222904050805 ) ) ;
#482 = EDGE_CURVE ( 'NONE', #961, #685, #2116, .T. ) ;
#483 = DIRECTION ( 'NONE',  ( -0.03345502309866058704, 0.7550961364404652487, -0.6547599454472992075 ) ) ;
#484 = CARTESIAN_POINT ( 'NONE',  ( 716.8081946688392918, 927.0603204763081067, 1339.998996797460450 ) ) ;
#485 = CARTESIAN_POINT ( 'NONE',  ( 721.4832399690808415, 919.6111862210232175, 1330.060296382771639 ) ) ;
#486 = CARTESIAN_POINT ( 'NONE',  ( 717.0841246764454127, 912.2954094799737277, 1314.302136487776806 ) ) ;
#487 = ORIENTED_EDGE ( 'NONE', *, *, #2124, .F. ) ;
#488 = LINE ( 'NONE', #1193, #1889 ) ;
#489 = CIRCLE ( 'NONE', #1550, 1.900000000000244382 ) ;
#490 = DIRECTION ( 'NONE',  ( 0.2155035787818619097, 0.000000000000000000, -0.9765030504469557338 ) ) ;
#491 = B_SPLINE_CURVE_WITH_KNOTS ( 'NONE', 1,
 ( #2045, #138 ),
 .UNSPECIFIED., .F., .F.,
 ( 2, 2 ),
 ( 0.000000000000000000, 1.000000000000000000 ),
 .UNSPECIFIED. ) ;
#492 = CIRCLE ( 'NONE', #1777, 4.000000000000000000 ) ;
#493 = CARTESIAN_POINT ( 'NONE',  ( 711.9191463355773521, 930.2672801399980926, 1338.767184519115744 ) ) ;
#494 = VERTEX_POINT ( 'NONE', #1951 ) ;
#495 = ADVANCED_FACE ( 'NONE', ( #720 ), #256, .F. ) ;
#496 = CC_DESIGN_APPROVAL ( #1418, ( #1492 ) ) ;
#497 = EDGE_CURVE ( 'NONE', #214, #2066, #560, .T. ) ;
#498 = CARTESIAN_POINT ( 'NONE',  ( 714.4337500656396287, 927.0143977418939585, 1334.379666630871270 ) ) ;
#499 = CARTESIAN_POINT ( 'NONE',  ( 713.4761336488911638, 931.0558694436911082, 1336.670263207210610 ) ) ;
#500 = DIRECTION ( 'NONE',  ( -0.07317157541021192257, 0.6515180314347918111, 0.7550961364404676912 ) ) ;
#501 = ORIENTED_EDGE ( 'NONE', *, *, #2162, .F. ) ;
#502 = CARTESIAN_POINT ( 'NONE',  ( 714.1991286505590324, 925.6752323950355503, 1328.095578232180969 ) ) ;
#503 = CARTESIAN_POINT ( 'NONE',  ( 711.9390442432173813, 927.6552395098516399, 1330.604320354550509 ) ) ;
#504 = CARTESIAN_POINT ( 'NONE',  ( 711.3092075924613482, 933.0319030938553624, 1340.039628134098848 ) ) ;
#505 = CARTESIAN_POINT ( 'NONE',  ( 714.1333999347859844, 929.5597360560780089, 1337.371068030581000 ) ) ;
#506 = VERTEX_POINT ( 'NONE', #905 ) ;
#507 = VERTEX_POINT ( 'NONE', #362 ) ;
#508 = CARTESIAN_POINT ( 'NONE',  ( 714.3381028558668504, 921.9736462717647782, 1332.253791312181875 ) ) ;
#509 = CARTESIAN_POINT ( 'NONE',  ( 715.0575291977175993, 925.6673582539582412, 1333.645250512704024 ) ) ;
#510 = EDGE_CURVE ( 'NONE', #1019, #1002, #1184, .T. ) ;
#511 = DIRECTION ( 'NONE',  ( 0.07317157541021192257, -0.6515180314347918111, -0.7550961364404676912 ) ) ;
#512 = ORIENTED_EDGE ( 'NONE', *, *, #2232, .T. ) ;
#513 = CARTESIAN_POINT ( 'NONE',  ( 715.4136791088744758, 933.0184090095519878, 1346.788274124023019 ) ) ;
#514 = CARTESIAN_POINT ( 'NONE',  ( 713.8483638691155875, 930.1076402408265267, 1332.646344613505562 ) ) ;
#515 = ORIENTED_EDGE ( 'NONE', *, *, #2133, .F. ) ;
#516 = CARTESIAN_POINT ( 'NONE',  ( 711.4721885181783136, 934.5856927067135302, 1336.961821043097189 ) ) ;
#517 = ORIENTED_EDGE ( 'NONE', *, *, #1325, .T. ) ;
#518 = ORIENTED_EDGE ( 'NONE', *, *, #772, .F. ) ;
#519 = CARTESIAN_POINT ( 'NONE',  ( 715.5583853699421297, 927.6217602888414149, 1336.880024543914033 ) ) ;
#520 = CARTESIAN_POINT ( 'NONE',  ( 712.6259269870122353, 922.1257314812020240, 1328.069417171462874 ) ) ;
#521 = CARTESIAN_POINT ( 'NONE',  ( 712.5152589247294372, 924.5849586381785912, 1331.861411967053300 ) ) ;
#522 = VERTEX_POINT ( 'NONE', #1070 ) ;
#523 = CARTESIAN_POINT ( 'NONE',  ( 713.1761051326133156, 933.4615042782155570, 1338.852782915530270 ) ) ;
#524 = EDGE_CURVE ( 'NONE', #774, #1458, #2122, .T. ) ;
#525 = PLANE ( 'NONE',  #1780 ) ;
#526 = EDGE_LOOP ( 'NONE', ( #2271, #340, #665, #1691 ) ) ;
#527 = CARTESIAN_POINT ( 'NONE',  ( 713.6732663169924535, 929.5870847406411031, 1333.233202412723358 ) ) ;
#528 = AXIS2_PLACEMENT_3D ( 'NONE', #797, #1540, #1359 ) ;
#529 = CARTESIAN_POINT ( 'NONE',  ( 716.7421565573240514, 937.7000933120460786, 1343.194833616154028 ) ) ;
#530 = CIRCLE ( 'NONE', #712, 4.000000000000000000 ) ;
#531 = COORDINATED_UNIVERSAL_TIME_OFFSET ( 5, 0, .BEHIND. ) ;
#532 = AXIS2_PLACEMENT_3D ( 'NONE', #1358, #864, #140 ) ;
#533 = CARTESIAN_POINT ( 'NONE',  ( 717.4776079981680823, 905.7942075252242375, 1314.652346323722895 ) ) ;
#534 = CARTESIAN_POINT ( 'NONE',  ( 716.6245988056198257, 938.7468248405236864, 1344.407974150888322 ) ) ;
#535 = VERTEX_POINT ( 'NONE', #1254 ) ;
#536 = CARTESIAN_POINT ( 'NONE',  ( 719.9760504072387448, 924.9893038865961898, 1333.683379324125326 ) ) ;
#537 = EDGE_CURVE ( 'NONE', #2268, #1548, #1079, .T. ) ;
#538 = CARTESIAN_POINT ( 'NONE',  ( 717.2067960611789204, 933.5629538124351257, 1338.399973149757216 ) ) ;
#539 = ADVANCED_FACE ( 'NONE', ( #584 ), #737, .T. ) ;
#540 = EDGE_LOOP ( 'NONE', ( #1381, #1835, #2017, #1464 ) ) ;
#541 = CARTESIAN_POINT ( 'NONE',  ( 714.5360613461830326, 924.5697560243651196, 1335.776735894394051 ) ) ;
#542 = ADVANCED_FACE ( 'NONE', ( #402 ), #764, .T. ) ;
#543 = FACE_OUTER_BOUND ( 'NONE', #540, .T. ) ;
#544 = EDGE_LOOP ( 'NONE', ( #672, #1400, #627, #1839, #1445, #863, #1171, #512, #2027, #1542, #1676, #2265 ) ) ;
#545 = DIRECTION ( 'NONE',  ( -0.03345502309867742774, 0.7550961364404806808, -0.6547599454472807778 ) ) ;
#546 = B_SPLINE_CURVE_WITH_KNOTS ( 'NONE', 3,
 ( #1677, #1204, #100, #2042, #666, #1172 ),
 .UNSPECIFIED., .F., .F.,
 ( 4, 2, 4 ),
 ( 0.000000000000000000, 0.5000000000000000000, 1.000000000000000000 ),
 .UNSPECIFIED. ) ;
#547 = CARTESIAN_POINT ( 'NONE',  ( 713.2988944748281028, 933.5341796989198428, 1340.416920305807025 ) ) ;
#548 = CARTESIAN_POINT ( 'NONE',  ( 716.6245988056198257, 938.7468248405236864, 1344.407974150888322 ) ) ;
#549 = CARTESIAN_POINT ( 'NONE',  ( 711.3092075924613482, 933.0319030938553624, 1340.039628134098848 ) ) ;
#550 = EDGE_LOOP ( 'NONE', ( #152, #928, #257, #1421 ) ) ;
#551 = CARTESIAN_POINT ( 'NONE',  ( 711.3015581753003289, 934.1431461922862809, 1337.327490652080769 ) ) ;
#552 = CARTESIAN_POINT ( 'NONE',  ( 713.8907106401163674, 927.1795054875258302, 1331.292362438954569 ) ) ;
#553 = ADVANCED_FACE ( 'NONE', ( #1298 ), #782, .F. ) ;
#554 = VERTEX_POINT ( 'NONE', #594 ) ;
#555 = EDGE_CURVE ( 'NONE', #2069, #506, #1865, .T. ) ;
#556 = LINE ( 'NONE', #389, #202 ) ;
#557 = CARTESIAN_POINT ( 'NONE',  ( 714.6834831696046422, 934.1815682942368539, 1344.316732018332459 ) ) ;
#558 = CARTESIAN_POINT ( 'NONE',  ( 716.2577281244572305, 926.8554498632192917, 1339.669825651938481 ) ) ;
#559 = ORIENTED_EDGE ( 'NONE', *, *, #2245, .T. ) ;
#560 = LINE ( 'NONE', #1231, #385 ) ;
#561 = AXIS2_PLACEMENT_3D ( 'NONE', #1175, #2236, #670 ) ;
#562 = CARTESIAN_POINT ( 'NONE',  ( 716.0491764008550035, 943.8703727523204634, 1350.346061888146323 ) ) ;
#563 = ORIENTED_EDGE ( 'NONE', *, *, #1312, .F. ) ;
#564 = VECTOR ( 'NONE', #1158, 1000.000000000000114 ) ;
#565 = ADVANCED_FACE ( 'NONE', ( #1824 ), #424, .T. ) ;
#566 = EDGE_CURVE ( 'NONE', #763, #2097, #1441, .T. ) ;
#567 = AXIS2_PLACEMENT_3D ( 'NONE', #2242, #2211, #1511 ) ;
#568 = ORIENTED_EDGE ( 'NONE', *, *, #130, .F. ) ;
#569 = CARTESIAN_POINT ( 'NONE',  ( 712.0698528090335913, 932.7690541446896759, 1342.811538726008848 ) ) ;
#570 = CARTESIAN_POINT ( 'NONE',  ( 717.2067960611789204, 933.5629538124351257, 1338.399973149757216 ) ) ;
#571 = CIRCLE ( 'NONE', #532, 5.999999999999976907 ) ;
#572 = CARTESIAN_POINT ( 'NONE',  ( 716.7922265771089769, 926.2528370491328360, 1335.940740498484274 ) ) ;
#573 = ORIENTED_EDGE ( 'NONE', *, *, #1365, .T. ) ;
#574 = DIRECTION ( 'NONE',  ( 0.03345502309866537488, -0.7550961364404676912, 0.6547599454472963210 ) ) ;
#575 = COORDINATED_UNIVERSAL_TIME_OFFSET ( 5, 0, .BEHIND. ) ;
#576 = CARTESIAN_POINT ( 'NONE',  ( 716.7421565573240514, 937.7000933120460786, 1343.194833616154028 ) ) ;
#577 = ORIENTED_EDGE ( 'NONE', *, *, #1523, .F. ) ;
#578 = VERTEX_POINT ( 'NONE', #1319 ) ;
#579 = CARTESIAN_POINT ( 'NONE',  ( 717.8418533520732581, 911.1119604565762984, 1310.099337310438159 ) ) ;
#580 = CARTESIAN_POINT ( 'NONE',  ( 710.7902505099110613, 937.8840726080433114, 1342.459329692701886 ) ) ;
#581 = EDGE_CURVE ( 'NONE', #1192, #1287, #843, .T. ) ;
#582 = CARTESIAN_POINT ( 'NONE',  ( 716.1240404357008629, 933.1520140703178186, 1347.059145672801378 ) ) ;
#583 = EDGE_LOOP ( 'NONE', ( #2142, #205, #592, #631 ) ) ;
#584 = FACE_OUTER_BOUND ( 'NONE', #1291, .T. ) ;
#585 = DATE_AND_TIME ( #1401, #1159 ) ;
#586 = LINE ( 'NONE', #620, #310 ) ;
#587 = VERTEX_POINT ( 'NONE', #1641 ) ;
#588 = VERTEX_POINT ( 'NONE', #1275 ) ;
#589 = LINE ( 'NONE', #783, #1672 ) ;
#590 = CARTESIAN_POINT ( 'NONE',  ( 717.6714355650337893, 929.4258143128241727, 1333.605112683360176 ) ) ;
#591 = DIRECTION ( 'NONE',  ( 0.03345502309866537488, -0.7550961364404676912, 0.6547599454472963210 ) ) ;
#592 = ORIENTED_EDGE ( 'NONE', *, *, #376, .F. ) ;
#593 = EDGE_CURVE ( 'NONE', #1662, #977, #1000, .T. ) ;
#594 = CARTESIAN_POINT ( 'NONE',  ( 711.4721885181783136, 934.5856927067135302, 1336.961821043097189 ) ) ;
#595 = SECURITY_CLASSIFICATION_LEVEL ( 'unclassified' ) ;
#596 = DIRECTION ( 'NONE',  ( -0.07317157541021192257, 0.6515180314347918111, 0.7550961364404676912 ) ) ;
#597 = ORIENTED_EDGE ( 'NONE', *, *, #1495, .F. ) ;
#598 = CIRCLE ( 'NONE', #2136, 5.219644854552490720 ) ;
#599 = ORIENTED_EDGE ( 'NONE', *, *, #1618, .F. ) ;
#600 = B_SPLINE_CURVE_WITH_KNOTS ( 'NONE', 3,
 ( #265, #1129, #1643, #778 ),
 .UNSPECIFIED., .F., .F.,
 ( 4, 4 ),
 ( 0.000000000000000000, 1.000000000000000000 ),
 .UNSPECIFIED. ) ;
#601 = CARTESIAN_POINT ( 'NONE',  ( 712.4425243686612248, 922.3966942878067812, 1327.222430376814827 ) ) ;
#602 = VECTOR ( 'NONE', #1461, 1000.000000000000114 ) ;
#603 = CARTESIAN_POINT ( 'NONE',  ( 716.3275870712872120, 930.3899765490094751, 1340.735600964490459 ) ) ;
#604 = AXIS2_PLACEMENT_3D ( 'NONE', #359, #1583, #1057 ) ;
#605 = DIRECTION ( 'NONE',  ( -0.07317157541021192257, 0.6515180314347918111, 0.7550961364404676912 ) ) ;
#606 = ORIENTED_EDGE ( 'NONE', *, *, #524, .F. ) ;
#607 = CIRCLE ( 'NONE', #461, 5.999999999999979572 ) ;
#608 = CARTESIAN_POINT ( 'NONE',  ( 711.3092075924613482, 933.0319030938553624, 1340.039628134098848 ) ) ;
#609 = EDGE_CURVE ( 'NONE', #942, #1896, #1663, .T. ) ;
#610 = CARTESIAN_POINT ( 'NONE',  ( 720.5539609613711036, 927.8854652202452371, 1339.650017315565947 ) ) ;
#611 = CARTESIAN_POINT ( 'NONE',  ( 711.8750795772380116, 928.7994819356754306, 1335.954657148115984 ) ) ;
#612 = EDGE_CURVE ( 'NONE', #2224, #251, #435, .T. ) ;
#613 = ORIENTED_EDGE ( 'NONE', *, *, #555, .F. ) ;
#614 = CARTESIAN_POINT ( 'NONE',  ( 720.5332628056227122, 922.4352313567504780, 1331.504579162412256 ) ) ;
#615 = CARTESIAN_POINT ( 'NONE',  ( 712.2384866016782325, 924.7576240901883011, 1330.449907205286081 ) ) ;
#616 = PLANE ( 'NONE',  #1558 ) ;
#617 = VERTEX_POINT ( 'NONE', #275 ) ;
#618 = CARTESIAN_POINT ( 'NONE',  ( 716.0421532836944607, 927.9639639129125044, 1337.603449249449795 ) ) ;
#619 = DIRECTION ( 'NONE',  ( -0.07317157541021193645, 0.6515180314347919222, 0.7550961364404676912 ) ) ;
#620 = CARTESIAN_POINT ( 'NONE',  ( 719.7522489795815090, 935.0238903426379693, 1347.923306726018382 ) ) ;
#621 = ORIENTED_EDGE ( 'NONE', *, *, #374, .T. ) ;
#622 = ADVANCED_FACE ( 'NONE', ( #1616 ), #1181, .T. ) ;
#623 = ORIENTED_EDGE ( 'NONE', *, *, #442, .F. ) ;
#624 = FACE_OUTER_BOUND ( 'NONE', #1646, .T. ) ;
#625 = CARTESIAN_POINT ( 'NONE',  ( 716.6556190249383462, 928.3655631237315902, 1338.405449903825456 ) ) ;
#626 = CARTESIAN_POINT ( 'NONE',  ( 711.7661976785664137, 930.0060066903364486, 1332.532630187649374 ) ) ;
#627 = ORIENTED_EDGE ( 'NONE', *, *, #1506, .F. ) ;
#628 = DIRECTION ( 'NONE',  ( -0.07317157541021192257, 0.6515180314347918111, 0.7550961364404676912 ) ) ;
#629 = CARTESIAN_POINT ( 'NONE',  ( 714.5360613461830326, 924.5697560243651196, 1335.776735894394051 ) ) ;
#630 = CARTESIAN_POINT ( 'NONE',  ( 711.4283945870454318, 931.1490127459563837, 1336.038278525071519 ) ) ;
#631 = ORIENTED_EDGE ( 'NONE', *, *, #927, .F. ) ;
#632 = DIRECTION ( 'NONE',  ( -0.5212750289935844661, 0.6204890829809657227, -0.5858887625216735451 ) ) ;
#633 = AXIS2_PLACEMENT_3D ( 'NONE', #1827, #1302, #1481 ) ;
#634 = CARTESIAN_POINT ( 'NONE',  ( 712.3837858408313650, 926.1301406383529411, 1333.972324054609544 ) ) ;
#635 = AXIS2_PLACEMENT_3D ( 'NONE', #278, #1479, #2181 ) ;
#636 = CARTESIAN_POINT ( 'NONE',  ( 713.6145063833625954, 941.4230278099319094, 1339.679501041023968 ) ) ;
#637 = ORIENTED_EDGE ( 'NONE', *, *, #2043, .T. ) ;
#638 = DIRECTION ( 'NONE',  ( -0.03345502309867742774, 0.7550961364404806808, -0.6547599454472807778 ) ) ;
#639 = CARTESIAN_POINT ( 'NONE',  ( 717.6987578062222610, 932.6926816610774722, 1360.150336348943483 ) ) ;
#640 = AXIS2_PLACEMENT_3D ( 'NONE', #1168, #1507, #234 ) ;
#641 = CARTESIAN_POINT ( 'NONE',  ( 711.4744047396795850, 931.7923790117953331, 1335.399180818965533 ) ) ;
#642 = FACE_OUTER_BOUND ( 'NONE', #2089, .T. ) ;
#643 = B_SPLINE_CURVE_WITH_KNOTS ( 'NONE', 1,
 ( #183, #1061 ),
 .UNSPECIFIED., .F., .F.,
 ( 2, 2 ),
 ( 0.000000000000000000, 1.000000000000000000 ),
 .UNSPECIFIED. ) ;
#644 = ORIENTED_EDGE ( 'NONE', *, *, #2232, .F. ) ;
#645 = B_SPLINE_CURVE_WITH_KNOTS ( 'NONE', 3,
 ( #997, #686, #498, #1868, #519, #655 ),
 .UNSPECIFIED., .F., .F.,
 ( 4, 2, 4 ),
 ( 0.000000000000000000, 0.5000000000000000000, 1.000000000000000000 ),
 .UNSPECIFIED. ) ;
#646 = CARTESIAN_POINT ( 'NONE',  ( 716.0421532836944607, 927.9639639129125044, 1337.603449249449795 ) ) ;
#647 = FACE_OUTER_BOUND ( 'NONE', #1130, .T. ) ;
#648 = CARTESIAN_POINT ( 'NONE',  ( 712.2384866016782325, 924.7576240901883011, 1330.449907205286081 ) ) ;
#649 = ORIENTED_EDGE ( 'NONE', *, *, #156, .F. ) ;
#650 = DIRECTION ( 'NONE',  ( -0.5212750289935844661, 0.6204890829809657227, -0.5858887625216735451 ) ) ;
#651 = EDGE_CURVE ( 'NONE', #2159, #1573, #923, .T. ) ;
#652 = DIRECTION ( 'NONE',  ( 0.07317157541021192257, -0.6515180314347918111, -0.7550961364404676912 ) ) ;
#653 = CARTESIAN_POINT ( 'NONE',  ( 715.0936956253859762, 931.7588642515770516, 1341.674809882464160 ) ) ;
#654 = ORIENTED_EDGE ( 'NONE', *, *, #2235, .F. ) ;
#655 = CARTESIAN_POINT ( 'NONE',  ( 716.0421532836944607, 927.9639639129125044, 1337.603449249449795 ) ) ;
#656 = PLANE ( 'NONE',  #528 ) ;
#657 = CARTESIAN_POINT ( 'NONE',  ( 719.8441481236691288, 910.0800314573928063, 1311.183744147507923 ) ) ;
#658 = VERTEX_POINT ( 'NONE', #119 ) ;
#659 = CARTESIAN_POINT ( 'NONE',  ( 711.9368280211564297, 930.4485532048275900, 1332.166960578578255 ) ) ;
#660 = EDGE_CURVE ( 'NONE', #1063, #1548, #2104, .T. ) ;
#661 = DIRECTION ( 'NONE',  ( 0.07317157541021192257, -0.6515180314347918111, -0.7550961364404676912 ) ) ;
#662 = CARTESIAN_POINT ( 'NONE',  ( 712.3228536355893539, 930.1899241415561619, 1339.844705418463263 ) ) ;
#663 = ORIENTED_EDGE ( 'NONE', *, *, #145, .T. ) ;
#664 = PLANE ( 'NONE',  #13 ) ;
#665 = ORIENTED_EDGE ( 'NONE', *, *, #1636, .T. ) ;
#666 = CARTESIAN_POINT ( 'NONE',  ( 713.9904331194294400, 926.8470608913351043, 1332.199390518170731 ) ) ;
#667 = AXIS2_PLACEMENT_3D ( 'NONE', #21, #1600, #1048 ) ;
#668 = DIRECTION ( 'NONE',  ( -0.5212750289935844661, 0.6204890829809657227, -0.5858887625216735451 ) ) ;
#669 = VECTOR ( 'NONE', #1149, 1000.000000000000114 ) ;
#670 = DIRECTION ( 'NONE',  ( -0.1030193536038691848, -0.7580132069547166340, 0.6440520094412149898 ) ) ;
#671 = EDGE_CURVE ( 'NONE', #109, #1434, #982, .T. ) ;
#672 = ORIENTED_EDGE ( 'NONE', *, *, #1843, .T. ) ;
#673 = AXIS2_PLACEMENT_3D ( 'NONE', #967, #1989, #79 ) ;
#674 = EDGE_CURVE ( 'NONE', #578, #1986, #144, .T. ) ;
#675 = ORIENTED_EDGE ( 'NONE', *, *, #1535, .T. ) ;
#676 = DIRECTION ( 'NONE',  ( -0.1030193530950540420, -0.7580132069704451636, 0.6440520095040909165 ) ) ;
#677 = FACE_OUTER_BOUND ( 'NONE', #1066, .T. ) ;
#678 = FACE_OUTER_BOUND ( 'NONE', #1651, .T. ) ;
#679 = ORIENTED_EDGE ( 'NONE', *, *, #129, .F. ) ;
#680 = CARTESIAN_POINT ( 'NONE',  ( 716.3300791429086303, 934.6680404842272765, 1345.771041653918928 ) ) ;
#681 = CARTESIAN_POINT ( 'NONE',  ( 713.5874360940832730, 930.9728682872464560, 1337.348084671279821 ) ) ;
#682 = ORIENTED_EDGE ( 'NONE', *, *, #1829, .T. ) ;
#683 = DIRECTION ( 'NONE',  ( 0.5212750289935844661, -0.6204890829809657227, 0.5858887625216735451 ) ) ;
#684 = ORIENTED_EDGE ( 'NONE', *, *, #829, .T. ) ;
#685 = VERTEX_POINT ( 'NONE', #1863 ) ;
#686 = CARTESIAN_POINT ( 'NONE',  ( 714.1824864412911893, 926.9066191138530257, 1333.476504008217944 ) ) ;
#687 = ADVANCED_FACE ( 'NONE', ( #470 ), #287, .T. ) ;
#688 = CARTESIAN_POINT ( 'NONE',  ( 713.2044551907033565, 928.6507775085157164, 1339.301028644496682 ) ) ;
#689 = CARTESIAN_POINT ( 'NONE',  ( 719.2918961771533759, 931.0809974805114280, 1340.743528199843922 ) ) ;
#690 = ORIENTED_EDGE ( 'NONE', *, *, #524, .T. ) ;
#691 = CARTESIAN_POINT ( 'NONE',  ( 712.7398156846448956, 932.7879170096429107, 1344.095889109371683 ) ) ;
#692 = LINE ( 'NONE', #1918, #459 ) ;
#693 = VERTEX_POINT ( 'NONE', #821 ) ;
#694 = CARTESIAN_POINT ( 'NONE',  ( 716.7421565573240514, 937.7000933120460786, 1343.194833616154028 ) ) ;
#695 = DIRECTION ( 'NONE',  ( 0.07317157541021192257, -0.6515180314347918111, -0.7550961364404676912 ) ) ;
#696 = ORIENTED_EDGE ( 'NONE', *, *, #845, .F. ) ;
#697 = CARTESIAN_POINT ( 'NONE',  ( 719.5514618220283865, 912.6861035831325353, 1314.204128693270377 ) ) ;
#698 = ADVANCED_FACE ( 'NONE', ( #1906 ), #2201, .F. ) ;
#699 = EDGE_CURVE ( 'NONE', #33, #1860, #546, .T. ) ;
#700 = LINE ( 'NONE', #1450, #1085 ) ;
#701 = ORIENTED_EDGE ( 'NONE', *, *, #2264, .T. ) ;
#702 = APPLICATION_CONTEXT ( 'configuration controlled 3d designs of mechanical parts and assemblies' ) ;
#703 = CARTESIAN_POINT ( 'NONE',  ( 718.1360750688887720, 925.2886748132134471, 1328.810252216963136 ) ) ;
#704 = EDGE_CURVE ( 'NONE', #1736, #977, #296, .T. ) ;
#705 = CARTESIAN_POINT ( 'NONE',  ( 711.8930340910435461, 927.0118732440264466, 1331.243418060639897 ) ) ;
#706 = ORIENTED_EDGE ( 'NONE', *, *, #1664, .T. ) ;
#707 = CARTESIAN_POINT ( 'NONE',  ( 711.1816410326055120, 933.2248523218926266, 1338.863701970765760 ) ) ;
#708 = AXIS2_PLACEMENT_3D ( 'NONE', #529, #1233, #364 ) ;
#709 = B_SPLINE_CURVE_WITH_KNOTS ( 'NONE', 1,
 ( #1196, #641 ),
 .UNSPECIFIED., .F., .F.,
 ( 2, 2 ),
 ( 0.000000000000000000, 1.000000000000000000 ),
 .UNSPECIFIED. ) ;
#710 = AXIS2_PLACEMENT_3D ( 'NONE', #1756, #379, #1427 ) ;
#711 = DIRECTION ( 'NONE',  ( 0.5212750289935844661, -0.6204890829809657227, 0.5858887625216735451 ) ) ;
#712 = AXIS2_PLACEMENT_3D ( 'NONE', #819, #1339, #107 ) ;
#713 = CIRCLE ( 'NONE', #423, 5.999999999999914735 ) ;
#714 = DIRECTION ( 'NONE',  ( -0.1030193539854563772, -0.7580132069429261765, 0.6440520093940549362 ) ) ;
#715 = DIRECTION ( 'NONE',  ( 0.5212750289935844661, -0.6204890829809657227, 0.5858887625216735451 ) ) ;
#716 = CARTESIAN_POINT ( 'NONE',  ( 717.9446122115921298, 916.9411261210387920, 1315.873055753193512 ) ) ;
#717 = CARTESIAN_POINT ( 'NONE',  ( 715.7531807636306667, 926.6832506498827797, 1339.255768722841367 ) ) ;
#718 = ORIENTED_EDGE ( 'NONE', *, *, #986, .F. ) ;
#719 = EDGE_CURVE ( 'NONE', #912, #987, #1959, .T. ) ;
#720 = FACE_OUTER_BOUND ( 'NONE', #2092, .T. ) ;
#721 = CARTESIAN_POINT ( 'NONE',  ( 718.3584319155846742, 908.4887586546706189, 1312.412767424892081 ) ) ;
#722 = VERTEX_POINT ( 'NONE', #1003 ) ;
#723 = CARTESIAN_POINT ( 'NONE',  ( 714.5394986896455976, 941.2287811724476114, 1342.064419100801615 ) ) ;
#724 = DIRECTION ( 'NONE',  ( 0.07317157541021193645, -0.6515180314347929214, -0.7550961364404665810 ) ) ;
#725 = PLANE ( 'NONE',  #314 ) ;
#726 = ORIENTED_EDGE ( 'NONE', *, *, #186, .T. ) ;
#727 = CARTESIAN_POINT ( 'NONE',  ( 711.2138152237645272, 933.7668124565186645, 1337.798012042992241 ) ) ;
#728 = ADVANCED_FACE ( 'NONE', ( #1687 ), #2233, .F. ) ;
#729 = EDGE_CURVE ( 'NONE', #1807, #955, #328, .T. ) ;
#730 = DIRECTION ( 'NONE',  ( 0.5212750289935844661, -0.6204890829809657227, 0.5858887625216735451 ) ) ;
#731 = EDGE_LOOP ( 'NONE', ( #1967, #663, #2148 ) ) ;
#732 = ORIENTED_EDGE ( 'NONE', *, *, #1312, .T. ) ;
#733 = CARTESIAN_POINT ( 'NONE',  ( 714.0520755985897949, 926.8357287861942950, 1332.553224206189498 ) ) ;
#734 = PLANE ( 'NONE',  #1039 ) ;
#735 = CARTESIAN_POINT ( 'NONE',  ( 715.6127621808403774, 925.9072892935377013, 1334.727011087260053 ) ) ;
#736 = ORIENTED_EDGE ( 'NONE', *, *, #729, .T. ) ;
#737 = PLANE ( 'NONE',  #1852 ) ;
#738 = AXIS2_PLACEMENT_3D ( 'NONE', #1007, #1537, #2215 ) ;
#739 = DIRECTION ( 'NONE',  ( 0.03345502309866537488, -0.7550961364404676912, 0.6547599454472963210 ) ) ;
#740 = ORIENTED_EDGE ( 'NONE', *, *, #1546, .T. ) ;
#741 = VECTOR ( 'NONE', #724, 1000.000000000000114 ) ;
#742 = EDGE_LOOP ( 'NONE', ( #517, #1394, #755, #917 ) ) ;
#743 = EDGE_CURVE ( 'NONE', #1915, #1601, #1362, .T. ) ;
#744 = AXIS2_PLACEMENT_3D ( 'NONE', #639, #471, #776 ) ;
#745 = AXIS2_PLACEMENT_3D ( 'NONE', #356, #500, #2049 ) ;
#746 = CARTESIAN_POINT ( 'NONE',  ( 712.3576735950450711, 922.8747337420869599, 1326.448557596296041 ) ) ;
#747 = LINE ( 'NONE', #590, #1996 ) ;
#748 = CC_DESIGN_APPROVAL ( #771, ( #1782 ) ) ;
#749 = CARTESIAN_POINT ( 'NONE',  ( 715.2885412568350603, 930.8203901500279471, 1344.050629188504672 ) ) ;
#750 = VERTEX_POINT ( 'NONE', #974 ) ;
#751 = CARTESIAN_POINT ( 'NONE',  ( 715.1219342322166312, 927.3717916812443036, 1336.081602059176475 ) ) ;
#752 = B_SPLINE_CURVE_WITH_KNOTS ( 'NONE', 3,
 ( #1271, #1, #1979, #1808, #1612, #1947 ),
 .UNSPECIFIED., .F., .F.,
 ( 4, 2, 4 ),
 ( 0.000000000000000000, 0.5000000000000000000, 1.000000000000000000 ),
 .UNSPECIFIED. ) ;
#753 = PERSON_AND_ORGANIZATION_ROLE ( 'design_supplier' ) ;
#754 = DIRECTION ( 'NONE',  ( 0.07317157541021192257, -0.6515180314347918111, -0.7550961364404676912 ) ) ;
#755 = ORIENTED_EDGE ( 'NONE', *, *, #1112, .F. ) ;
#756 = ORIENTED_EDGE ( 'NONE', *, *, #114, .F. ) ;
#757 = EDGE_CURVE ( 'NONE', #1304, #68, #488, .T. ) ;
#758 = EDGE_CURVE ( 'NONE', #478, #210, #2187, .T. ) ;
#759 = DIRECTION ( 'NONE',  ( 0.9670592738890185780, -0.1387389754671209952, 0.2134194402381793532 ) ) ;
#760 = CARTESIAN_POINT ( 'NONE',  ( 713.6687604297245571, 933.6968755569178029, 1342.165928495800699 ) ) ;
#761 = DIRECTION ( 'NONE',  ( 0.03345502309866537488, -0.7550961364404676912, 0.6547599454472963210 ) ) ;
#762 = B_SPLINE_SURFACE_WITH_KNOTS ( 'NONE', 1, 3, ( 
 ( #243, #941, #954, #1851, #611, #802 ),
 ( #1504, #1277, #280, #976, #1680, #102 ) ),
 .UNSPECIFIED., .F., .F., .F.,
 ( 2, 2 ),
 ( 4, 2, 4 ),
 ( 0.000000000000000000, 1.000000000000000000 ),
 ( 0.000000000000000000, 0.5000000000000000000, 1.000000000000000000 ),
 .UNSPECIFIED. ) ;
#763 = VERTEX_POINT ( 'NONE', #536 ) ;
#764 = PLANE ( 'NONE',  #196 ) ;
#765 = CALENDAR_DATE ( 2026, 26, 4 ) ;
#766 = CARTESIAN_POINT ( 'NONE',  ( 719.8441481236691288, 910.0800314573928063, 1311.183744147507923 ) ) ;
#767 = ORIENTED_EDGE ( 'NONE', *, *, #348, .F. ) ;
#768 = VERTEX_POINT ( 'NONE', #1395 ) ;
#769 = CARTESIAN_POINT ( 'NONE',  ( 712.4036837467551777, 923.5181000079078331, 1325.809459890135713 ) ) ;
#770 = CARTESIAN_POINT ( 'NONE',  ( 714.1282501870697388, 933.9416372552018402, 1343.234971443468794 ) ) ;
#771 = APPROVAL ( #1114, 'UNSPECIFIED' ) ;
#772 = EDGE_CURVE ( 'NONE', #1686, #1142, #15, .T. ) ;
#773 = CARTESIAN_POINT ( 'NONE',  ( 711.7738470970698472, 928.8947635920217181, 1335.244767669692692 ) ) ;
#774 = VERTEX_POINT ( 'NONE', #1241 ) ;
#775 = ADVANCED_FACE ( 'NONE', ( #881 ), #273, .F. ) ;
#776 = DIRECTION ( 'NONE',  ( 0.6142889209272511808, 0.6259007566954032376, -0.4805178086129117676 ) ) ;
#777 = PERSON_AND_ORGANIZATION ( #1357, #1122 ) ;
#778 = CARTESIAN_POINT ( 'NONE',  ( 711.4721885181783136, 934.5856927067135302, 1336.961821043097189 ) ) ;
#779 = EDGE_LOOP ( 'NONE', ( #1261, #1448, #77, #1587, #1453, #1110, #1224, #1121, #908, #326, #1471, #904 ) ) ;
#780 = CIRCLE ( 'NONE', #561, 5.999999999999983125 ) ;
#781 = EDGE_LOOP ( 'NONE', ( #405, #1972, #1414, #1977 ) ) ;
#782 = B_SPLINE_SURFACE_WITH_KNOTS ( 'NONE', 1, 3, ( 
 ( #1812, #252, #1465, #962, #446, #2190 ),
 ( #1652, #53, #2144, #751, #924, #618 ) ),
 .UNSPECIFIED., .F., .F., .F.,
 ( 2, 2 ),
 ( 4, 2, 4 ),
 ( 0.000000000000000000, 1.000000000000000000 ),
 ( 0.000000000000000000, 0.5000000000000000000, 1.000000000000000000 ),
 .UNSPECIFIED. ) ;
#783 = CARTESIAN_POINT ( 'NONE',  ( 717.8909502912646303, 927.4712602185200012, 1331.339824274038847 ) ) ;
#784 = AXIS2_PLACEMENT_3D ( 'NONE', #811, #975, #2019 ) ;
#785 = CARTESIAN_POINT ( 'NONE',  ( 716.0491764008550035, 942.4318338989082804, 1351.587273379885346 ) ) ;
#786 = VECTOR ( 'NONE', #949, 1000.000000000000000 ) ;
#787 = CARTESIAN_POINT ( 'NONE',  ( 713.4969486316583698, 942.4697593384095171, 1340.892641575758262 ) ) ;
#788 = ORIENTED_EDGE ( 'NONE', *, *, #1477, .T. ) ;
#789 = VECTOR ( 'NONE', #431, 1000.000000000000114 ) ;
#790 = CARTESIAN_POINT ( 'NONE',  ( 716.5495938691392439, 932.7134863899227639, 1343.505753244597599 ) ) ;
#791 = EDGE_CURVE ( 'NONE', #857, #1939, #1927, .T. ) ;
#792 = CARTESIAN_POINT ( 'NONE',  ( 716.0230248755898401, 923.4846207885349259, 1332.085164078291200 ) ) ;
#793 = CARTESIAN_POINT ( 'NONE',  ( 716.5067927894516515, 923.8268244128205424, 1332.808588783652112 ) ) ;
#794 = ORIENTED_EDGE ( 'NONE', *, *, #2023, .F. ) ;
#795 = VERTEX_POINT ( 'NONE', #1386 ) ;
#796 = CARTESIAN_POINT ( 'NONE',  ( 716.6245988056198257, 938.7468248405236864, 1344.407974150888322 ) ) ;
#797 = CARTESIAN_POINT ( 'NONE',  ( 718.1360750688885446, 925.2886748132133334, 1328.810252216963136 ) ) ;
#798 = FACE_OUTER_BOUND ( 'NONE', #2117, .T. ) ;
#799 = ORIENTED_EDGE ( 'NONE', *, *, #1117, .F. ) ;
#800 = DIRECTION ( 'NONE',  ( 0.07317157541021192257, -0.6515180314347918111, -0.7550961364404675802 ) ) ;
#801 = CARTESIAN_POINT ( 'NONE',  ( 717.0533194495163798, 924.8777350709071925, 1337.469424740761951 ) ) ;
#802 = CARTESIAN_POINT ( 'NONE',  ( 711.7738470970698472, 928.8947635920217181, 1335.244767669692692 ) ) ;
#803 = ADVANCED_FACE ( 'NONE', ( #345 ), #83, .F. ) ;
#804 = ORIENTED_EDGE ( 'NONE', *, *, #901, .T. ) ;
#805 = CARTESIAN_POINT ( 'NONE',  ( 712.6259269870122353, 922.1257314812020240, 1328.069417171462874 ) ) ;
#806 = B_SPLINE_CURVE_WITH_KNOTS ( 'NONE', 1,
 ( #343, #1371 ),
 .UNSPECIFIED., .F., .F.,
 ( 2, 2 ),
 ( 0.000000000000000000, 1.000000000000000000 ),
 .UNSPECIFIED. ) ;
#807 = CARTESIAN_POINT ( 'NONE',  ( 715.7721253919812625, 922.3838148434711002, 1333.982465778000460 ) ) ;
#808 = CYLINDRICAL_SURFACE ( 'NONE', #1083, 4.000000000000000000 ) ;
#809 = ORIENTED_EDGE ( 'NONE', *, *, #348, .T. ) ;
#810 = CARTESIAN_POINT ( 'NONE',  ( 716.6557646859512261, 928.3656487393154748, 1338.405573967791042 ) ) ;
#811 = CARTESIAN_POINT ( 'NONE',  ( 716.9616712835546650, 935.7455392177416797, 1340.929545206832699 ) ) ;
#812 = CARTESIAN_POINT ( 'NONE',  ( 714.2986606134480780, 935.3313342160167849, 1332.619352165305827 ) ) ;
#813 = ORIENTED_EDGE ( 'NONE', *, *, #376, .T. ) ;
#814 = ORIENTED_EDGE ( 'NONE', *, *, #1832, .T. ) ;
#815 = CARTESIAN_POINT ( 'NONE',  ( 716.7421565573240514, 937.7000933120460786, 1343.194833616154028 ) ) ;
#816 = EDGE_CURVE ( 'NONE', #251, #507, #153, .T. ) ;
#817 = PLANE ( 'NONE',  #88 ) ;
#818 = AXIS2_PLACEMENT_3D ( 'NONE', #570, #1272, #1969 ) ;
#819 = CARTESIAN_POINT ( 'NONE',  ( 718.1360750688885446, 925.2886748132133334, 1328.810252216963136 ) ) ;
#820 = EDGE_LOOP ( 'NONE', ( #814, #1035, #384, #1556 ) ) ;
#821 = CARTESIAN_POINT ( 'NONE',  ( 711.6966479773477658, 930.4000104847477814, 1337.659138100336804 ) ) ;
#822 = AXIS2_PLACEMENT_3D ( 'NONE', #1136, #1834, #261 ) ;
#823 = DIRECTION ( 'NONE',  ( 0.07317157541021192257, -0.6515180314347918111, -0.7550961364404676912 ) ) ;
#824 = CARTESIAN_POINT ( 'NONE',  ( 714.6572947267386553, 931.5089311817497446, 1340.876462524644012 ) ) ;
#825 = LOCAL_TIME ( 23, 56, 51.00000000000000000, #531 ) ;
#826 = CARTESIAN_POINT ( 'NONE',  ( 718.5409605511853215, 911.6312541648452452, 1309.719022241203675 ) ) ;
#827 = CARTESIAN_POINT ( 'NONE',  ( 716.3435551619314765, 931.1974599760133060, 1344.793857263479822 ) ) ;
#828 = CARTESIAN_POINT ( 'NONE',  ( 716.8081946688392918, 927.0603204763081067, 1339.998996797460450 ) ) ;
#829 = EDGE_CURVE ( 'NONE', #2097, #768, #1595, .T. ) ;
#830 = ORIENTED_EDGE ( 'NONE', *, *, #758, .F. ) ;
#831 = DIRECTION ( 'NONE',  ( -0.03345502309866537488, 0.7550961364404676912, -0.6547599454472963210 ) ) ;
#832 = PLANE ( 'NONE',  #90 ) ;
#833 = B_SPLINE_CURVE_WITH_KNOTS ( 'NONE', 1,
 ( #292, #1567 ),
 .UNSPECIFIED., .F., .F.,
 ( 2, 2 ),
 ( 0.000000000000000000, 1.000000000000000000 ),
 .UNSPECIFIED. ) ;
#834 = CARTESIAN_POINT ( 'NONE',  ( 717.4788728809195391, 924.4392073905751204, 1333.916032312306697 ) ) ;
#835 = B_SPLINE_CURVE_WITH_KNOTS ( 'NONE', 3,
 ( #960, #1661, #1146, #1845, #272, #970 ),
 .UNSPECIFIED., .F., .F.,
 ( 4, 2, 4 ),
 ( 0.000000000000000000, 0.5000000000000000000, 1.000000000000000000 ),
 .UNSPECIFIED. ) ;
#836 = ORIENTED_EDGE ( 'NONE', *, *, #1983, .F. ) ;
#837 = CARTESIAN_POINT ( 'NONE',  ( 714.5451286847705887, 921.4826999090367963, 1331.746177811246525 ) ) ;
#838 = CARTESIAN_POINT ( 'NONE',  ( 719.7522489795815090, 935.0238903426379693, 1347.923306726018382 ) ) ;
#839 = DIRECTION ( 'NONE',  ( 0.07317157541021192257, -0.6515180314347925883, -0.7550961364404669141 ) ) ;
#840 = ORIENTED_EDGE ( 'NONE', *, *, #1143, .T. ) ;
#841 = EDGE_CURVE ( 'NONE', #918, #429, #10, .T. ) ;
#842 = CARTESIAN_POINT ( 'NONE',  ( 719.7522489795815090, 935.0238903426379693, 1347.923306726018382 ) ) ;
#843 = B_SPLINE_CURVE_WITH_KNOTS ( 'NONE', 3,
 ( #2176, #1802, #938, #64, #87, #608 ),
 .UNSPECIFIED., .F., .F.,
 ( 4, 2, 4 ),
 ( 0.000000000000000000, 0.5000000000000000000, 1.000000000000000000 ),
 .UNSPECIFIED. ) ;
#844 = DIRECTION ( 'NONE',  ( -0.1030193520774420057, -0.7580132070019007795, 0.6440520096298415487 ) ) ;
#845 = EDGE_CURVE ( 'NONE', #1318, #28, #298, .T. ) ;
#846 = DIRECTION ( 'NONE',  ( -0.03345502309866865004, 0.7550961364404729093, -0.6547599454472901037 ) ) ;
#847 = B_SPLINE_CURVE_WITH_KNOTS ( 'NONE', 1,
 ( #409, #948 ),
 .UNSPECIFIED., .F., .F.,
 ( 2, 2 ),
 ( 0.000000000000000000, 1.000000000000000000 ),
 .UNSPECIFIED. ) ;
#848 = ORIENTED_EDGE ( 'NONE', *, *, #186, .F. ) ;
#849 = VERTEX_POINT ( 'NONE', #1056 ) ;
#850 = FACE_OUTER_BOUND ( 'NONE', #2196, .T. ) ;
#851 = CARTESIAN_POINT ( 'NONE',  ( 716.7947186487987210, 930.5309009845533410, 1340.976181187773591 ) ) ;
#852 = CARTESIAN_POINT ( 'NONE',  ( 718.1360750688885446, 925.2886748132133334, 1328.810252216963136 ) ) ;
#853 = ORIENTED_EDGE ( 'NONE', *, *, #860, .T. ) ;
#854 = DIRECTION ( 'NONE',  ( 0.07317157541021399036, -0.6515180314347943646, -0.7550961364404653597 ) ) ;
#855 = AXIS2_PLACEMENT_3D ( 'NONE', #1873, #2225, #1543 ) ;
#856 = CARTESIAN_POINT ( 'NONE',  ( 713.6684686107062134, 929.2906672721805990, 1334.529123768277486 ) ) ;
#857 = VERTEX_POINT ( 'NONE', #3 ) ;
#858 = AXIS2_PLACEMENT_3D ( 'NONE', #2174, #1650, #591 ) ;
#859 = CARTESIAN_POINT ( 'NONE',  ( 711.4744047396795850, 931.7923790117953331, 1335.399180818965533 ) ) ;
#860 = EDGE_CURVE ( 'NONE', #2066, #1986, #201, .T. ) ;
#861 = AXIS2_PLACEMENT_3D ( 'NONE', #1027, #1898, #1545 ) ;
#862 = CARTESIAN_POINT ( 'NONE',  ( 716.6245988056198257, 938.7468248405235727, 1344.407974150888322 ) ) ;
#863 = ORIENTED_EDGE ( 'NONE', *, *, #651, .T. ) ;
#864 = DIRECTION ( 'NONE',  ( 0.07317157541021192257, -0.6515180314347918111, -0.7550961364404676912 ) ) ;
#865 = CARTESIAN_POINT ( 'NONE',  ( 714.2281734839079945, 925.2599006968223421, 1330.827199375626606 ) ) ;
#866 = DIRECTION ( 'NONE',  ( 0.07317157541021192257, -0.6515180314347918111, -0.7550961364404676912 ) ) ;
#867 = ORIENTED_EDGE ( 'NONE', *, *, #330, .T. ) ;
#868 = CARTESIAN_POINT ( 'NONE',  ( 715.4317261299261190, 934.4098918058122081, 1345.183831368142364 ) ) ;
#869 = DIRECTION ( 'NONE',  ( 0.07317157541021192257, -0.6515180314347918111, -0.7550961364404676912 ) ) ;
#870 = ORIENTED_EDGE ( 'NONE', *, *, #1245, .F. ) ;
#871 = CARTESIAN_POINT ( 'NONE',  ( 713.7074255507779981, 929.3592397805714427, 1335.031375463589484 ) ) ;
#872 = DIRECTION ( 'NONE',  ( -0.2438078779228410597, -0.7458389580879110081, 0.6199048049992033071 ) ) ;
#873 = EDGE_CURVE ( 'NONE', #22, #308, #892, .T. ) ;
#874 = ADVANCED_FACE ( 'NONE', ( #900 ), #2119, .T. ) ;
#875 = ORIENTED_EDGE ( 'NONE', *, *, #60, .T. ) ;
#876 = PERSON_AND_ORGANIZATION_ROLE ( 'creator' ) ;
#877 = ADVANCED_FACE ( 'NONE', ( #1437 ), #1821, .T. ) ;
#878 = CARTESIAN_POINT ( 'NONE',  ( 717.4263107874095340, 931.6083997181308405, 1336.134684740435887 ) ) ;
#879 = DIRECTION ( 'NONE',  ( -0.07317157541021192257, 0.6515180314347918111, 0.7550961364404676912 ) ) ;
#880 = ORIENTED_EDGE ( 'NONE', *, *, #330, .F. ) ;
#881 = FACE_OUTER_BOUND ( 'NONE', #2126, .T. ) ;
#882 = B_SPLINE_CURVE_WITH_KNOTS ( 'NONE', 3,
 ( #1528, #1875, #2062, #1207, #1547, #1377 ),
 .UNSPECIFIED., .F., .F.,
 ( 4, 2, 4 ),
 ( 0.000000000000000000, 0.5000000000000000000, 1.000000000000000000 ),
 .UNSPECIFIED. ) ;
#883 = DIRECTION ( 'NONE',  ( 0.9670592738890149143, -0.1387389754671343733, 0.2134194402381871247 ) ) ;
#884 = ORIENTED_EDGE ( 'NONE', *, *, #943, .F. ) ;
#885 = CARTESIAN_POINT ( 'NONE',  ( 715.1216959452048059, 936.0449101443590507, 1336.056418099670282 ) ) ;
#886 = PLANE ( 'NONE',  #120 ) ;
#887 = ORIENTED_EDGE ( 'NONE', *, *, #1185, .F. ) ;
#888 = DATE_TIME_ROLE ( 'creation_date' ) ;
#889 = DIRECTION ( 'NONE',  ( 0.07317157541021399036, -0.6515180314347943646, -0.7550961364404653597 ) ) ;
#890 = EDGE_CURVE ( 'NONE', #2097, #68, #747, .T. ) ;
#891 = CARTESIAN_POINT ( 'NONE',  ( 712.3564214521203439, 923.1706883666134900, 1326.105018058308133 ) ) ;
#892 = LINE ( 'NONE', #716, #351 ) ;
#893 = CARTESIAN_POINT ( 'NONE',  ( 715.7930886175904561, 930.9925893631557301, 1344.464686117774590 ) ) ;
#894 = EDGE_LOOP ( 'NONE', ( #701, #244, #1491, #736 ) ) ;
#895 = DIRECTION ( 'NONE',  ( -0.5212750289935844661, 0.6204890829809657227, -0.5858887625216735451 ) ) ;
#896 = AXIS2_PLACEMENT_3D ( 'NONE', #766, #596, #426 ) ;
#897 = DIRECTION ( 'NONE',  ( 0.2438078779228257942, 0.7458389580879144498, -0.6199048049992054166 ) ) ;
#898 = ORIENTED_EDGE ( 'NONE', *, *, #228, .T. ) ;
#899 = CYLINDRICAL_SURFACE ( 'NONE', #2254, 4.000000000000000000 ) ;
#900 = FACE_OUTER_BOUND ( 'NONE', #2130, .T. ) ;
#901 = EDGE_CURVE ( 'NONE', #617, #478, #216, .T. ) ;
#902 = EDGE_CURVE ( 'NONE', #750, #1318, #1446, .T. ) ;
#903 = CARTESIAN_POINT ( 'NONE',  ( 712.3228536355893539, 930.1899241415561619, 1339.844705418463263 ) ) ;
#904 = ORIENTED_EDGE ( 'NONE', *, *, #845, .T. ) ;
#905 = CARTESIAN_POINT ( 'NONE',  ( 716.5495938691392439, 932.7134863899227639, 1343.505753244597599 ) ) ;
#906 = LINE ( 'NONE', #8, #1991 ) ;
#907 = ORIENTED_EDGE ( 'NONE', *, *, #791, .F. ) ;
#908 = ORIENTED_EDGE ( 'NONE', *, *, #2166, .T. ) ;
#909 = B_SPLINE_CURVE_WITH_KNOTS ( 'NONE', 3,
 ( #1439, #2120, #903, #1960, #1286, #1098 ),
 .UNSPECIFIED., .F., .F.,
 ( 4, 2, 4 ),
 ( 0.000000000000000000, 0.5000000000000000000, 1.000000000000000000 ),
 .UNSPECIFIED. ) ;
#910 = CARTESIAN_POINT ( 'NONE',  ( 713.5903534937498307, 912.7966427006163030, 1313.531099271895982 ) ) ;
#911 = CARTESIAN_POINT ( 'NONE',  ( 714.3553501440684386, 923.0423659863675994, 1326.497501973932003 ) ) ;
#912 = VERTEX_POINT ( 'NONE', #1474 ) ;
#913 = DIRECTION ( 'NONE',  ( -0.1030193536038691848, -0.7580132069547166340, 0.6440520094412149898 ) ) ;
#914 = EDGE_CURVE ( 'NONE', #58, #1846, #1293, .T. ) ;
#915 = DIRECTION ( 'NONE',  ( -0.07317157541021192257, 0.6515180314347918111, 0.7550961364404675802 ) ) ;
#916 = VERTEX_POINT ( 'NONE', #785 ) ;
#917 = ORIENTED_EDGE ( 'NONE', *, *, #1565, .F. ) ;
#918 = VERTEX_POINT ( 'NONE', #910 ) ;
#919 = CARTESIAN_POINT ( 'NONE',  ( 711.5859799144353701, 932.8592376415253966, 1341.451132896037961 ) ) ;
#920 = LINE ( 'NONE', #2172, #277 ) ;
#921 = CARTESIAN_POINT ( 'NONE',  ( 714.4550726238101106, 922.7099213902414476, 1327.404530053073813 ) ) ;
#922 = EDGE_LOOP ( 'NONE', ( #930, #991, #1429, #415 ) ) ;
#923 = B_SPLINE_CURVE_WITH_KNOTS ( 'NONE', 3,
 ( #1526, #1163, #810, #309 ),
 .UNSPECIFIED., .F., .F.,
 ( 4, 4 ),
 ( 0.000000000000000000, 1.000000000000000000 ),
 .UNSPECIFIED. ) ;
#924 = CARTESIAN_POINT ( 'NONE',  ( 715.5583351310338003, 927.6217247512706763, 1336.879949416841100 ) ) ;
#925 = CLOSED_SHELL ( 'NONE', ( #877, #698, #565, #2135, #1173, #1955, #1420, #373, #229, #1790, #1187, #1750, #154, #728, #1269, #1073, #539, #1716, #1764, #947, #1462, #1732, #1354, #874, #2150, #197, #1101, #1607, #42, #553, #1026, #1518, #331, #301, #2222, #198, #1200, #57, #775, #1954, #412, #1861, #1131, #276, #495, #1998, #1338, #1164, #803, #622, #1423, #1917, #1761, #542, #86, #687, #2095, #1062, #1351, #1100 ) ) ;
#926 = DIRECTION ( 'NONE',  ( -0.07317157541021192257, 0.6515180314347918111, 0.7550961364404676912 ) ) ;
#927 = EDGE_CURVE ( 'NONE', #33, #588, #847, .T. ) ;
#928 = ORIENTED_EDGE ( 'NONE', *, *, #1774, .T. ) ;
#929 = VECTOR ( 'NONE', #2257, 1000.000000000000000 ) ;
#930 = ORIENTED_EDGE ( 'NONE', *, *, #1929, .F. ) ;
#931 = CIRCLE ( 'NONE', #199, 5.999999999999985789 ) ;
#932 = VECTOR ( 'NONE', #978, 1000.000000000000114 ) ;
#933 = CARTESIAN_POINT ( 'NONE',  ( 716.5886799426085645, 929.0148745706125055, 1342.264285206781551 ) ) ;
#934 = CARTESIAN_POINT ( 'NONE',  ( 714.5980394398474118, 925.4225965552381012, 1332.576207565361074 ) ) ;
#935 = CC_DESIGN_APPROVAL ( #1590, ( #1234 ) ) ;
#936 = LINE ( 'NONE', #1452, #1520 ) ;
#937 = VERTEX_POINT ( 'NONE', #1613 ) ;
#938 = CARTESIAN_POINT ( 'NONE',  ( 712.0698528090335913, 932.7690541446896759, 1342.811538726008848 ) ) ;
#939 = CALENDAR_DATE ( 2026, 26, 4 ) ;
#940 = B_SPLINE_CURVE_WITH_KNOTS ( 'NONE', 1,
 ( #264, #801 ),
 .UNSPECIFIED., .F., .F.,
 ( 2, 2 ),
 ( 0.000000000000000000, 1.000000000000000000 ),
 .UNSPECIFIED. ) ;
#941 = CARTESIAN_POINT ( 'NONE',  ( 712.8427598370610667, 928.6191842553226934, 1338.675370576412206 ) ) ;
#942 = VERTEX_POINT ( 'NONE', #36 ) ;
#943 = EDGE_CURVE ( 'NONE', #56, #961, #250, .T. ) ;
#944 = ORIENTED_EDGE ( 'NONE', *, *, #1299, .F. ) ;
#945 = ORIENTED_EDGE ( 'NONE', *, *, #2052, .T. ) ;
#946 = DIRECTION ( 'NONE',  ( -0.5212750289935844661, 0.6204890829809657227, -0.5858887625216735451 ) ) ;
#947 = ADVANCED_FACE ( 'NONE', ( #2161 ), #734, .F. ) ;
#948 = CARTESIAN_POINT ( 'NONE',  ( 711.9390442432173813, 927.6552395098516399, 1330.604320354550509 ) ) ;
#949 = DIRECTION ( 'NONE',  ( 0.5212750289935844661, -0.6204890829809657227, 0.5858887625216735451 ) ) ;
#950 = B_SPLINE_SURFACE_WITH_KNOTS ( 'NONE', 1, 3, ( 
 ( #1562, #493, #662, #1017, #1712, #1331 ),
 ( #2032, #1699, #338, #824, #653, #1899 ) ),
 .UNSPECIFIED., .F., .F., .F.,
 ( 2, 2 ),
 ( 4, 2, 4 ),
 ( 0.000000000000000000, 1.000000000000000000 ),
 ( 0.000000000000000000, 0.5000000000000000000, 1.000000000000000000 ),
 .UNSPECIFIED. ) ;
#951 = ORIENTED_EDGE ( 'NONE', *, *, #758, .T. ) ;
#952 = FACE_OUTER_BOUND ( 'NONE', #1886, .T. ) ;
#953 = APPROVAL_ROLE ( '' ) ;
#954 = CARTESIAN_POINT ( 'NONE',  ( 712.5344923146701603, 928.6319146432547313, 1338.016678261358493 ) ) ;
#955 = VERTEX_POINT ( 'NONE', #236 ) ;
#956 = ORIENTED_EDGE ( 'NONE', *, *, #1447, .F. ) ;
#957 = CARTESIAN_POINT ( 'NONE',  ( 714.5167151030960895, 922.6985892851420203, 1327.758363741098947 ) ) ;
#958 = CARTESIAN_POINT ( 'NONE',  ( 714.2842799962961635, 925.2976998230916479, 1331.417863577896242 ) ) ;
#959 = EDGE_CURVE ( 'NONE', #1662, #178, #1124, .T. ) ;
#960 = CARTESIAN_POINT ( 'NONE',  ( 713.5874360940832730, 930.9728682872464560, 1337.348084671279821 ) ) ;
#961 = VERTEX_POINT ( 'NONE', #1638 ) ;
#962 = CARTESIAN_POINT ( 'NONE',  ( 713.8734633495774915, 926.1107857727175769, 1337.048651777185341 ) ) ;
#963 = CARTESIAN_POINT ( 'NONE',  ( 715.6858194006874783, 924.6683291848210047, 1336.794695750138317 ) ) ;
#964 = PLANE ( 'NONE',  #1151 ) ;
#965 = ORIENTED_EDGE ( 'NONE', *, *, #1591, .F. ) ;
#966 = VECTOR ( 'NONE', #730, 1000.000000000000000 ) ;
#967 = CARTESIAN_POINT ( 'NONE',  ( 716.2448053999726199, 931.1732183963829357, 1335.871604769202122 ) ) ;
#968 = AXIS2_PLACEMENT_3D ( 'NONE', #1341, #628, #479 ) ;
#969 = CARTESIAN_POINT ( 'NONE',  ( 711.4271424445846606, 931.4449673705632904, 1335.694738987039500 ) ) ;
#970 = CARTESIAN_POINT ( 'NONE',  ( 715.5775137779372699, 932.1011034130043527, 1342.398309715247478 ) ) ;
#971 = EDGE_LOOP ( 'NONE', ( #840, #1018, #1976, #884 ) ) ;
#972 = PRODUCT_RELATED_PRODUCT_CATEGORY ( 'detail', '', ( #1786 ) ) ;
#973 = EDGE_CURVE ( 'NONE', #429, #857, #1623, .T. ) ;
#974 = CARTESIAN_POINT ( 'NONE',  ( 714.1282501870697388, 933.9416372552018402, 1343.234971443468794 ) ) ;
#975 = DIRECTION ( 'NONE',  ( 0.07317157541021192257, -0.6515180314347918111, -0.7550961364404676912 ) ) ;
#976 = CARTESIAN_POINT ( 'NONE',  ( 713.8691822366286033, 929.4467679334625245, 1336.207232481923029 ) ) ;
#977 = VERTEX_POINT ( 'NONE', #1649 ) ;
#978 = DIRECTION ( 'NONE',  ( -0.07317157541021192257, 0.6515180314347918111, 0.7550961364404675802 ) ) ;
#979 = CARTESIAN_POINT ( 'NONE',  ( 716.5067927894516515, 923.8268244128205424, 1332.808588783652112 ) ) ;
#980 = CARTESIAN_POINT ( 'NONE',  ( 711.9368280211564297, 930.4485532048275900, 1332.166960578578255 ) ) ;
#981 = ORIENTED_EDGE ( 'NONE', *, *, #2180, .T. ) ;
#982 = LINE ( 'NONE', #1897, #235 ) ;
#983 = CARTESIAN_POINT ( 'NONE',  ( 717.4788728809195391, 924.4392073905751204, 1333.916032312306697 ) ) ;
#984 = CARTESIAN_POINT ( 'NONE',  ( 717.1204041918282428, 924.2285092394970434, 1333.610713501781220 ) ) ;
#985 = B_SPLINE_SURFACE_WITH_KNOTS ( 'NONE', 1, 3, ( 
 ( #200, #223, #569, #919, #1075, #14 ),
 ( #1403, #1416, #188, #2151, #547, #1249 ) ),
 .UNSPECIFIED., .F., .F., .F.,
 ( 2, 2 ),
 ( 4, 2, 4 ),
 ( 0.000000000000000000, 1.000000000000000000 ),
 ( 0.000000000000000000, 0.5000000000000000000, 1.000000000000000000 ),
 .UNSPECIFIED. ) ;
#986 = EDGE_CURVE ( 'NONE', #1840, #56, #1153, .T. ) ;
#987 = VERTEX_POINT ( 'NONE', #1283 ) ;
#988 = DIRECTION ( 'NONE',  ( -0.07317157541021195033, 0.6515180314347930324, 0.7550961364404668030 ) ) ;
#989 = CARTESIAN_POINT ( 'NONE',  ( 712.7874931412333126, 926.0527846401080296, 1335.049844953824959 ) ) ;
#990 = DIRECTION ( 'NONE',  ( 0.07317157541021192257, -0.6515180314347918111, -0.7550961364404676912 ) ) ;
#991 = ORIENTED_EDGE ( 'NONE', *, *, #454, .T. ) ;
#992 = CARTESIAN_POINT ( 'NONE',  ( 717.4263107874095340, 931.6083997181308405, 1336.134684740435887 ) ) ;
#993 = FACE_OUTER_BOUND ( 'NONE', #742, .T. ) ;
#994 = CARTESIAN_POINT ( 'NONE',  ( 713.5874360940832730, 930.9728682872464560, 1337.348084671279821 ) ) ;
#995 = CARTESIAN_POINT ( 'NONE',  ( 713.9230129258996840, 927.5939130794077983, 1330.849488327713289 ) ) ;
#996 = EDGE_CURVE ( 'NONE', #507, #149, #2214, .T. ) ;
#997 = CARTESIAN_POINT ( 'NONE',  ( 714.0520755985897949, 926.8357287861942950, 1332.553224206189498 ) ) ;
#998 = CIRCLE ( 'NONE', #233, 1.900000000000244382 ) ;
#999 = CARTESIAN_POINT ( 'NONE',  ( 717.0212499556315606, 935.2150520862370513, 1340.314721419763600 ) ) ;
#1000 = CIRCLE ( 'NONE', #1924, 4.000000000000000000 ) ;
#1001 = DIRECTION ( 'NONE',  ( -0.07317157541021192257, 0.6515180314347918111, 0.7550961364404676912 ) ) ;
#1002 = VERTEX_POINT ( 'NONE', #2152 ) ;
#1003 = CARTESIAN_POINT ( 'NONE',  ( 722.9717982976308122, 906.3570969595072029, 1314.699076722637756 ) ) ;
#1004 = AXIS2_PLACEMENT_3D ( 'NONE', #1214, #2240, #1223 ) ;
#1005 = DIRECTION ( 'NONE',  ( 0.07317157541021192257, -0.6515180314347918111, -0.7550961364404675802 ) ) ;
#1006 = AXIS2_PLACEMENT_3D ( 'NONE', #164, #988, #1703 ) ;
#1007 = CARTESIAN_POINT ( 'NONE',  ( 717.8909502912644029, 927.4712602185198875, 1331.339824274038847 ) ) ;
#1008 = ORIENTED_EDGE ( 'NONE', *, *, #1594, .F. ) ;
#1009 = EDGE_CURVE ( 'NONE', #1063, #214, #920, .T. ) ;
#1010 = CARTESIAN_POINT ( 'NONE',  ( 715.5775137779372699, 932.1011034130043527, 1342.398309715247478 ) ) ;
#1011 = FACE_OUTER_BOUND ( 'NONE', #2035, .T. ) ;
#1012 = EDGE_CURVE ( 'NONE', #210, #1846, #108, .T. ) ;
#1013 = CARTESIAN_POINT ( 'NONE',  ( 713.8483638691155875, 930.1076402408265267, 1332.646344613505562 ) ) ;
#1014 = ORIENTED_EDGE ( 'NONE', *, *, #1041, .T. ) ;
#1015 = CARTESIAN_POINT ( 'NONE',  ( 714.1053841407141363, 925.1872252760115316, 1329.263061985163176 ) ) ;
#1016 = CYLINDRICAL_SURFACE ( 'NONE', #2143, 5.999999999999914735 ) ;
#1017 = CARTESIAN_POINT ( 'NONE',  ( 713.4088238432880189, 930.2479252736701483, 1341.843512242188808 ) ) ;
#1018 = ORIENTED_EDGE ( 'NONE', *, *, #2124, .T. ) ;
#1019 = VERTEX_POINT ( 'NONE', #1451 ) ;
#1020 = CARTESIAN_POINT ( 'NONE',  ( 715.0195077615732089, 922.1095110037944096, 1333.174249324357788 ) ) ;
#1021 = CARTESIAN_POINT ( 'NONE',  ( 715.1481226752753173, 930.0444287939227479, 1339.521871552881294 ) ) ;
#1022 = DIRECTION ( 'NONE',  ( 0.2155035787818619097, 0.000000000000000000, -0.9765030504469557338 ) ) ;
#1023 = ORIENTED_EDGE ( 'NONE', *, *, #1578, .T. ) ;
#1024 = DIRECTION ( 'NONE',  ( 0.07317157541021192257, -0.6515180314347925883, -0.7550961364404669141 ) ) ;
#1025 = EDGE_CURVE ( 'NONE', #1905, #1274, #1706, .T. ) ;
#1026 = ADVANCED_FACE ( 'NONE', ( #647 ), #1668, .F. ) ;
#1027 = CARTESIAN_POINT ( 'NONE',  ( 719.5514618220283865, 912.6861035831325353, 1314.204128693270377 ) ) ;
#1028 = ORIENTED_EDGE ( 'NONE', *, *, #1832, .F. ) ;
#1029 = CARTESIAN_POINT ( 'NONE',  ( 711.4271424445846606, 931.4449673705632904, 1335.694738987039500 ) ) ;
#1030 = ORIENTED_EDGE ( 'NONE', *, *, #593, .T. ) ;
#1031 = VERTEX_POINT ( 'NONE', #306 ) ;
#1032 = CARTESIAN_POINT ( 'NONE',  ( 714.8428463785645590, 930.6580938441359194, 1343.572186708996242 ) ) ;
#1033 = B_SPLINE_SURFACE_WITH_KNOTS ( 'NONE', 1, 3, ( 
 ( #1344, #2046, #1701, #2228, #2055, #1751 ),
 ( #1413, #1609, #552, #2125, #1255, #193 ) ),
 .UNSPECIFIED., .F., .F., .F.,
 ( 2, 2 ),
 ( 4, 2, 4 ),
 ( 0.000000000000000000, 1.000000000000000000 ),
 ( 0.000000000000000000, 0.5000000000000000000, 1.000000000000000000 ),
 .UNSPECIFIED. ) ;
#1034 = CARTESIAN_POINT ( 'NONE',  ( 712.2384866016782325, 924.7576240901883011, 1330.449907205286081 ) ) ;
#1035 = ORIENTED_EDGE ( 'NONE', *, *, #1025, .T. ) ;
#1036 = CARTESIAN_POINT ( 'NONE',  ( 716.0308274005437852, 936.3939813439010322, 1339.201532770972335 ) ) ;
#1037 = EDGE_LOOP ( 'NONE', ( #2165, #1328, #325, #467 ) ) ;
#1038 = CARTESIAN_POINT ( 'NONE',  ( 714.1720650551352492, 925.2221002794786955, 1330.236514998519169 ) ) ;
#1039 = AXIS2_PLACEMENT_3D ( 'NONE', #1489, #260, #48 ) ;
#1040 = B_SPLINE_CURVE_WITH_KNOTS ( 'NONE', 3,
 ( #476, #969, #1893, #2039, #465, #1879 ),
 .UNSPECIFIED., .F., .F.,
 ( 4, 2, 4 ),
 ( 0.000000000000000000, 0.5000000000000000000, 1.000000000000000000 ),
 .UNSPECIFIED. ) ;
#1041 = EDGE_CURVE ( 'NONE', #109, #1031, #1189, .T. ) ;
#1042 = CARTESIAN_POINT ( 'NONE',  ( 712.0595255610262484, 926.3629895741906921, 1332.430086908213752 ) ) ;
#1043 = EDGE_CURVE ( 'NONE', #849, #693, #1040, .T. ) ;
#1044 = ORIENTED_EDGE ( 'NONE', *, *, #175, .F. ) ;
#1045 = CIRCLE ( 'NONE', #162, 4.000000000000000000 ) ;
#1046 = CARTESIAN_POINT ( 'NONE',  ( 714.0553958677249966, 914.2192658029597396, 1312.348684640316606 ) ) ;
#1047 = AXIS2_PLACEMENT_3D ( 'NONE', #796, #1682, #1123 ) ;
#1048 = DIRECTION ( 'NONE',  ( -0.1030193525862388715, -0.7580132069861736932, 0.6440520095669668432 ) ) ;
#1049 = CC_DESIGN_SECURITY_CLASSIFICATION ( #1234, ( #1782 ) ) ;
#1050 = VERTEX_POINT ( 'NONE', #293 ) ;
#1051 = DATE_AND_TIME ( #939, #2146 ) ;
#1052 = PLANE ( 'NONE',  #455 ) ;
#1053 = B_SPLINE_CURVE_WITH_KNOTS ( 'NONE', 3,
 ( #549, #369, #1639, #380, #1596, #1077 ),
 .UNSPECIFIED., .F., .F.,
 ( 4, 2, 4 ),
 ( 0.000000000000000000, 0.5000000000000000000, 1.000000000000000000 ),
 .UNSPECIFIED. ) ;
#1054 = CARTESIAN_POINT ( 'NONE',  ( 717.3768109780862687, 909.6893373542345671, 1311.281751942014807 ) ) ;
#1055 = ORIENTED_EDGE ( 'NONE', *, *, #1544, .F. ) ;
#1056 = CARTESIAN_POINT ( 'NONE',  ( 711.4744047396795850, 931.7923790117953331, 1335.399180818965533 ) ) ;
#1057 = DIRECTION ( 'NONE',  ( 0.03345502309866537488, -0.7550961364404676912, 0.6547599454472963210 ) ) ;
#1058 = ORIENTED_EDGE ( 'NONE', *, *, #215, .T. ) ;
#1059 = LINE ( 'NONE', #1599, #1368 ) ;
#1060 = B_SPLINE_CURVE_WITH_KNOTS ( 'NONE', 1,
 ( #1912, #131 ),
 .UNSPECIFIED., .F., .F.,
 ( 2, 2 ),
 ( 0.000000000000000000, 1.000000000000000000 ),
 .UNSPECIFIED. ) ;
#1061 = CARTESIAN_POINT ( 'NONE',  ( 715.3074858852728539, 926.5209543438035098, 1338.777326243498237 ) ) ;
#1062 = ADVANCED_FACE ( 'NONE', ( #1011 ), #1531, .T. ) ;
#1063 = VERTEX_POINT ( 'NONE', #485 ) ;
#1064 = CARTESIAN_POINT ( 'NONE',  ( 716.7947186487987210, 930.5309009845533410, 1340.976181187773591 ) ) ;
#1065 = CARTESIAN_POINT ( 'NONE',  ( 712.4036837467551777, 923.5181000079078331, 1325.809459890135713 ) ) ;
#1066 = EDGE_LOOP ( 'NONE', ( #1731, #1126, #767, #344 ) ) ;
#1067 = CARTESIAN_POINT ( 'NONE',  ( 712.4014675241345458, 926.3114137029416497, 1327.372100114059322 ) ) ;
#1068 = DIRECTION ( 'NONE',  ( 0.07317157541021192257, -0.6515180314347918111, -0.7550961364404676912 ) ) ;
#1069 = ORIENTED_EDGE ( 'NONE', *, *, #1380, .T. ) ;
#1070 = CARTESIAN_POINT ( 'NONE',  ( 715.5863354490594475, 931.9077706447480978, 1331.261557633273469 ) ) ;
#1071 = CARTESIAN_POINT ( 'NONE',  ( 717.0841246764454127, 912.2954094799737277, 1314.302136487776806 ) ) ;
#1072 = ORIENTED_EDGE ( 'NONE', *, *, #816, .F. ) ;
#1073 = ADVANCED_FACE ( 'NONE', ( #1683 ), #656, .F. ) ;
#1074 = DIRECTION ( 'NONE',  ( -0.07317157541021192257, 0.6515180314347918111, 0.7550961364404675802 ) ) ;
#1075 = CARTESIAN_POINT ( 'NONE',  ( 711.4104400723554136, 932.9366214374431365, 1340.749517612552154 ) ) ;
#1076 = CARTESIAN_POINT ( 'NONE',  ( 713.3837243658451825, 934.2447797419540620, 1337.441205078650682 ) ) ;
#1077 = CARTESIAN_POINT ( 'NONE',  ( 711.4721885181783136, 934.5856927067135302, 1336.961821043097189 ) ) ;
#1078 = ORIENTED_EDGE ( 'NONE', *, *, #258, .F. ) ;
#1079 = LINE ( 'NONE', #1781, #1332 ) ;
#1080 = AXIS2_PLACEMENT_3D ( 'NONE', #1355, #324, #299 ) ;
#1081 = AXIS2_PLACEMENT_3D ( 'NONE', #1353, #619, #1527 ) ;
#1082 = CARTESIAN_POINT ( 'NONE',  ( 708.5190157864703906, 881.8901837102149557, 1339.706623945800629 ) ) ;
#1083 = AXIS2_PLACEMENT_3D ( 'NONE', #466, #990, #2199 ) ;
#1084 = ORIENTED_EDGE ( 'NONE', *, *, #1647, .T. ) ;
#1085 = VECTOR ( 'NONE', #1766, 1000.000000000000114 ) ;
#1086 = CC_DESIGN_PERSON_AND_ORGANIZATION_ASSIGNMENT ( #40, #2103, ( #1492 ) ) ;
#1087 = CARTESIAN_POINT ( 'NONE',  ( 712.4425243686612248, 922.3966942878067812, 1327.222430376814827 ) ) ;
#1088 = CARTESIAN_POINT ( 'NONE',  ( 712.2308371818534170, 925.8688671884357291, 1327.737769723169549 ) ) ;
#1089 = EDGE_CURVE ( 'NONE', #937, #184, #106, .T. ) ;
#1090 = CARTESIAN_POINT ( 'NONE',  ( 712.7742191923820201, 937.8227461760442338, 1342.704497667185933 ) ) ;
#1091 = ORIENTED_EDGE ( 'NONE', *, *, #145, .F. ) ;
#1092 = DIRECTION ( 'NONE',  ( -0.2438078779228410597, -0.7458389580879110081, 0.6199048049992033071 ) ) ;
#1093 = DIRECTION ( 'NONE',  ( -0.07317157541021192257, 0.6515180314347918111, 0.7550961364404676912 ) ) ;
#1094 = ORIENTED_EDGE ( 'NONE', *, *, #1888, .T. ) ;
#1095 = CARTESIAN_POINT ( 'NONE',  ( 714.5928896923936691, 929.8044977545800975, 1338.440110978086295 ) ) ;
#1096 = LINE ( 'NONE', #1239, #1560 ) ;
#1097 = DIRECTION ( 'NONE',  ( 0.07317157541021192257, -0.6515180314347918111, -0.7550961364404676912 ) ) ;
#1098 = CARTESIAN_POINT ( 'NONE',  ( 714.8428463785645590, 930.6580938441359194, 1343.572186708996242 ) ) ;
#1099 = ORIENTED_EDGE ( 'NONE', *, *, #399, .F. ) ;
#1100 = ADVANCED_FACE ( 'NONE', ( #1499 ), #817, .F. ) ;
#1101 = ADVANCED_FACE ( 'NONE', ( #2048 ), #1317, .F. ) ;
#1102 = DIRECTION ( 'NONE',  ( -0.03345502309867742774, 0.7550961364404806808, -0.6547599454472807778 ) ) ;
#1103 = COORDINATED_UNIVERSAL_TIME_OFFSET ( 5, 0, .BEHIND. ) ;
#1104 = CARTESIAN_POINT ( 'NONE',  ( 714.5167151030960895, 922.6985892851420203, 1327.758363741098947 ) ) ;
#1105 = ORIENTED_EDGE ( 'NONE', *, *, #890, .F. ) ;
#1106 = ORIENTED_EDGE ( 'NONE', *, *, #1009, .F. ) ;
#1107 = FACE_OUTER_BOUND ( 'NONE', #1982, .T. ) ;
#1108 = DIRECTION ( 'NONE',  ( 0.5212750289935844661, -0.6204890829809657227, 0.5858887625216735451 ) ) ;
#1109 = CARTESIAN_POINT ( 'NONE',  ( 713.4969486316583698, 942.4697593384095171, 1340.892641575758262 ) ) ;
#1110 = ORIENTED_EDGE ( 'NONE', *, *, #555, .T. ) ;
#1111 = CARTESIAN_POINT ( 'NONE',  ( -102.3917970537658277, 1029.861367297233073, 1133.452733326580301 ) ) ;
#1112 = EDGE_CURVE ( 'NONE', #617, #1002, #440, .T. ) ;
#1113 = EDGE_CURVE ( 'NONE', #2149, #1292, #1154, .T. ) ;
#1114 = APPROVAL_STATUS ( 'not_yet_approved' ) ;
#1115 = DIRECTION ( 'NONE',  ( 0.07317157541021192257, -0.6515180314347918111, -0.7550961364404675802 ) ) ;
#1116 = VERTEX_POINT ( 'NONE', #116 ) ;
#1117 = EDGE_CURVE ( 'NONE', #912, #1385, #1785, .T. ) ;
#1118 = CIRCLE ( 'NONE', #1081, 5.219644854552490720 ) ;
#1119 = ORIENTED_EDGE ( 'NONE', *, *, #482, .T. ) ;
#1120 = CIRCLE ( 'NONE', #1004, 4.000000000000000000 ) ;
#1121 = ORIENTED_EDGE ( 'NONE', *, *, #469, .T. ) ;
#1122 = ORGANIZATION ( 'UNSPECIFIED', 'UNSPECIFIED', '' ) ;
#1123 = DIRECTION ( 'NONE',  ( -0.03345502309867742774, 0.7550961364404806808, -0.6547599454472807778 ) ) ;
#1124 = LINE ( 'NONE', #580, #602 ) ;
#1125 = PLANE ( 'NONE',  #2251 ) ;
#1126 = ORIENTED_EDGE ( 'NONE', *, *, #1828, .T. ) ;
#1127 = DIRECTION ( 'NONE',  ( 0.2438078779228280424, 0.7458389580879141167, -0.6199048049992047504 ) ) ;
#1128 = APPROVAL_STATUS ( 'not_yet_approved' ) ;
#1129 = CARTESIAN_POINT ( 'NONE',  ( 712.7465457499561126, 934.3584173968737332, 1337.281410400132700 ) ) ;
#1130 = EDGE_LOOP ( 'NONE', ( #2021, #2274, #1215, #1950 ) ) ;
#1131 = ADVANCED_FACE ( 'NONE', ( #1201 ), #1155, .F. ) ;
#1132 = ORIENTED_EDGE ( 'NONE', *, *, #841, .T. ) ;
#1133 = UNCERTAINTY_MEASURE_WITH_UNIT (LENGTH_MEASURE( 1.000000000000000082E-05 ), #2238, 'distance_accuracy_value', 'NONE');
#1134 = CARTESIAN_POINT ( 'NONE',  ( 713.4969486316583698, 942.4697593384095171, 1340.892641575758262 ) ) ;
#1135 = CARTESIAN_POINT ( 'NONE',  ( 715.8963656356418142, 930.2727523057162671, 1340.388970902180745 ) ) ;
#1136 = CARTESIAN_POINT ( 'NONE',  ( 716.6245988056198257, 938.7468248405236864, 1344.407974150888322 ) ) ;
#1137 = ORIENTED_EDGE ( 'NONE', *, *, #246, .F. ) ;
#1138 = DIRECTION ( 'NONE',  ( 0.03345502309866537488, -0.7550961364404676912, 0.6547599454472963210 ) ) ;
#1139 = CARTESIAN_POINT ( 'NONE',  ( 714.8428463785645590, 930.6580938441359194, 1343.572186708996242 ) ) ;
#1140 = DIRECTION ( 'NONE',  ( 0.07317157541021192257, -0.6515180314347925883, -0.7550961364404669141 ) ) ;
#1141 = B_SPLINE_CURVE_WITH_KNOTS ( 'NONE', 3,
 ( #1210, #2047, #2220, #508, #1020, #1177 ),
 .UNSPECIFIED., .F., .F.,
 ( 4, 2, 4 ),
 ( 0.000000000000000000, 0.5000000000000000000, 1.000000000000000000 ),
 .UNSPECIFIED. ) ;
#1142 = VERTEX_POINT ( 'NONE', #1725 ) ;
#1143 = EDGE_CURVE ( 'NONE', #56, #494, #335, .T. ) ;
#1144 = CARTESIAN_POINT ( 'NONE',  ( 719.9103272751640361, 910.8301982219282991, 1315.840231036279420 ) ) ;
#1145 = CARTESIAN_POINT ( 'NONE',  ( 716.2577281244572305, 926.8554498632192917, 1339.669825651938481 ) ) ;
#1146 = CARTESIAN_POINT ( 'NONE',  ( 713.9691105605921848, 931.1515372427296597, 1339.174527096095062 ) ) ;
#1147 = ORIENTED_EDGE ( 'NONE', *, *, #1257, .F. ) ;
#1148 = DIRECTION ( 'NONE',  ( 0.9670592738890179119, -0.1387389754671227715, 0.2134194402381808242 ) ) ;
#1149 = DIRECTION ( 'NONE',  ( 0.07317157541021192257, -0.6515180314347918111, -0.7550961364404675802 ) ) ;
#1150 = FACE_OUTER_BOUND ( 'NONE', #2218, .T. ) ;
#1151 = AXIS2_PLACEMENT_3D ( 'NONE', #437, #926, #2167 ) ;
#1152 = ORIENTED_EDGE ( 'NONE', *, *, #2063, .T. ) ;
#1153 = CIRCLE ( 'NONE', #818, 4.000000000000000000 ) ;
#1154 = B_SPLINE_CURVE_WITH_KNOTS ( 'NONE', 3,
 ( #2208, #634, #989, #141, #1315, #1694 ),
 .UNSPECIFIED., .F., .F.,
 ( 4, 2, 4 ),
 ( 0.000000000000000000, 0.5000000000000000000, 1.000000000000000000 ),
 .UNSPECIFIED. ) ;
#1155 = B_SPLINE_SURFACE_WITH_KNOTS ( 'NONE', 1, 3, ( 
 ( #2105, #2072, #1402, #1946, #329, #688 ),
 ( #1064, #1902, #2083, #1021, #1211, #1937 ) ),
 .UNSPECIFIED., .F., .F., .F.,
 ( 2, 2 ),
 ( 4, 2, 4 ),
 ( 0.000000000000000000, 1.000000000000000000 ),
 ( 0.000000000000000000, 0.5000000000000000000, 1.000000000000000000 ),
 .UNSPECIFIED. ) ;
#1156 = CARTESIAN_POINT ( 'NONE',  ( 712.3564214521203439, 923.1706883666134900, 1326.105018058308133 ) ) ;
#1157 = CIRCLE ( 'NONE', #2106, 5.999999999999985789 ) ;
#1158 = DIRECTION ( 'NONE',  ( 0.07317157541021192257, -0.6515180314347918111, -0.7550961364404675802 ) ) ;
#1159 = LOCAL_TIME ( 23, 56, 51.00000000000000000, #185 ) ;
#1160 = CYLINDRICAL_SURFACE ( 'NONE', #822, 5.999999999999914735 ) ;
#1161 = ORIENTED_EDGE ( 'NONE', *, *, #841, .F. ) ;
#1162 = VECTOR ( 'NONE', #1857, 1000.000000000000114 ) ;
#1163 = CARTESIAN_POINT ( 'NONE',  ( 716.3287309186089260, 928.1665308870668696, 1338.031812127441299 ) ) ;
#1164 = ADVANCED_FACE ( 'NONE', ( #677 ), #1685, .F. ) ;
#1165 = CARTESIAN_POINT ( 'NONE',  ( 716.7916633462014033, 926.2526671334138655, 1335.940450425571271 ) ) ;
#1166 = CARTESIAN_POINT ( 'NONE',  ( 713.5258117399076809, 930.9841970604173866, 1336.994355021661704 ) ) ;
#1167 = ORIENTED_EDGE ( 'NONE', *, *, #1089, .T. ) ;
#1168 = CARTESIAN_POINT ( 'NONE',  ( 716.7421565573240514, 937.7000933120460786, 1343.194833616154028 ) ) ;
#1169 = CARTESIAN_POINT ( 'NONE',  ( 713.0386461402183613, 926.1977760485274302, 1327.531894792159619 ) ) ;
#1170 = CARTESIAN_POINT ( 'NONE',  ( 714.0791458872174644, 937.2858883103209564, 1334.884640574627156 ) ) ;
#1171 = ORIENTED_EDGE ( 'NONE', *, *, #1617, .F. ) ;
#1172 = CARTESIAN_POINT ( 'NONE',  ( 714.0520755985897949, 926.8357287861942950, 1332.553224206189498 ) ) ;
#1173 = ADVANCED_FACE ( 'NONE', ( #1568 ), #2267, .T. ) ;
#1174 = FACE_OUTER_BOUND ( 'NONE', #894, .T. ) ;
#1175 = CARTESIAN_POINT ( 'NONE',  ( 716.9616712835546650, 935.7455392177416797, 1340.929545206832699 ) ) ;
#1176 = ORIENTED_EDGE ( 'NONE', *, *, #60, .F. ) ;
#1177 = CARTESIAN_POINT ( 'NONE',  ( 715.7721253919812625, 922.3838148434711002, 1333.982465778000460 ) ) ;
#1178 = CARTESIAN_POINT ( 'NONE',  ( 713.4583734222562725, 931.7310525805737598, 1335.644348792788833 ) ) ;
#1179 = CARTESIAN_POINT ( 'NONE',  ( 717.2067960611789204, 933.5629538124351257, 1338.399973149757216 ) ) ;
#1180 = ORIENTED_EDGE ( 'NONE', *, *, #2067, .F. ) ;
#1181 = PLANE ( 'NONE',  #419 ) ;
#1182 = LINE ( 'NONE', #1883, #1230 ) ;
#1183 = CARTESIAN_POINT ( 'NONE',  ( 713.4761336488912775, 931.0558694436912219, 1336.670263207210837 ) ) ;
#1184 = B_SPLINE_CURVE_WITH_KNOTS ( 'NONE', 3,
 ( #1933, #1430, #1244, #541, #1943, #371 ),
 .UNSPECIFIED., .F., .F.,
 ( 4, 2, 4 ),
 ( 0.000000000000000000, 0.5000000000000000000, 1.000000000000000000 ),
 .UNSPECIFIED. ) ;
#1185 = EDGE_CURVE ( 'NONE', #1727, #1308, #1482, .T. ) ;
#1186 = ORIENTED_EDGE ( 'NONE', *, *, #2193, .F. ) ;
#1187 = ADVANCED_FACE ( 'NONE', ( #1222 ), #1052, .T. ) ;
#1188 = DIRECTION ( 'NONE',  ( -0.5212750289935844661, 0.6204890829809657227, -0.5858887625216735451 ) ) ;
#1189 = LINE ( 'NONE', #838, #564 ) ;
#1190 = VECTOR ( 'NONE', #23, 1000.000000000000114 ) ;
#1191 = DIRECTION ( 'NONE',  ( -0.03345502309866058704, 0.7550961364404652487, -0.6547599454472992075 ) ) ;
#1192 = VERTEX_POINT ( 'NONE', #1237 ) ;
#1193 = CARTESIAN_POINT ( 'NONE',  ( 719.7522489795815090, 935.0238903426379693, 1347.923306726018382 ) ) ;
#1194 = CIRCLE ( 'NONE', #745, 5.999999999999914735 ) ;
#1195 = CARTESIAN_POINT ( 'NONE',  ( 716.6245988056198257, 938.7468248405236864, 1344.407974150888322 ) ) ;
#1196 = CARTESIAN_POINT ( 'NONE',  ( 713.4583734222562725, 931.7310525805737598, 1335.644348792788833 ) ) ;
#1197 = ORIENTED_EDGE ( 'NONE', *, *, #387, .T. ) ;
#1198 = VERTEX_POINT ( 'NONE', #533 ) ;
#1199 = CARTESIAN_POINT ( 'NONE',  ( 716.9616712835546650, 935.7455392177416797, 1340.929545206832699 ) ) ;
#1200 = ADVANCED_FACE ( 'NONE', ( #1579 ), #2276, .F. ) ;
#1201 = FACE_OUTER_BOUND ( 'NONE', #971, .T. ) ;
#1202 = PLANE ( 'NONE',  #1707 ) ;
#1203 = ORIENTED_EDGE ( 'NONE', *, *, #860, .F. ) ;
#1204 = CARTESIAN_POINT ( 'NONE',  ( 713.8915405388495401, 927.3626826245449593, 1331.046331705122384 ) ) ;
#1205 = DIRECTION ( 'NONE',  ( -0.03345502309866058704, 0.7550961364404652487, -0.6547599454472992075 ) ) ;
#1206 = ORIENTED_EDGE ( 'NONE', *, *, #2094, .F. ) ;
#1207 = CARTESIAN_POINT ( 'NONE',  ( 712.0506194195825174, 928.7220981398519370, 1336.656272431545858 ) ) ;
#1208 = ORIENTED_EDGE ( 'NONE', *, *, #1043, .F. ) ;
#1209 = ORIENTED_EDGE ( 'NONE', *, *, #129, .T. ) ;
#1210 = CARTESIAN_POINT ( 'NONE',  ( 712.6259269870122353, 922.1257314812020240, 1328.069417171462874 ) ) ;
#1211 = CARTESIAN_POINT ( 'NONE',  ( 714.8375436914119518, 929.9347231951379626, 1339.009189531881930 ) ) ;
#1212 = ORIENTED_EDGE ( 'NONE', *, *, #566, .T. ) ;
#1213 = EDGE_CURVE ( 'NONE', #1561, #1218, #2068, .T. ) ;
#1214 = CARTESIAN_POINT ( 'NONE',  ( 717.6714355650337893, 929.4258143128241727, 1333.605112683360176 ) ) ;
#1215 = ORIENTED_EDGE ( 'NONE', *, *, #2263, .F. ) ;
#1216 = CARTESIAN_POINT ( 'NONE',  ( 712.1648723574611495, 924.7918287412528571, 1329.857328533277268 ) ) ;
#1217 = CARTESIAN_POINT ( 'NONE',  ( 712.1612874821800006, 926.2628709829748459, 1332.864277635900180 ) ) ;
#1218 = VERTEX_POINT ( 'NONE', #11 ) ;
#1219 = LINE ( 'NONE', #192, #2029 ) ;
#1220 = CARTESIAN_POINT ( 'NONE',  ( 713.3837243658451825, 934.2447797419540620, 1337.441205078650682 ) ) ;
#1221 = ORIENTED_EDGE ( 'NONE', *, *, #1803, .F. ) ;
#1222 = FACE_OUTER_BOUND ( 'NONE', #922, .T. ) ;
#1223 = DIRECTION ( 'NONE',  ( -0.03345502309867742774, 0.7550961364404806808, -0.6547599454472807778 ) ) ;
#1224 = ORIENTED_EDGE ( 'NONE', *, *, #1815, .F. ) ;
#1225 = CARTESIAN_POINT ( 'NONE',  ( 713.2086268133299427, 933.7242242418608384, 1338.028062877645198 ) ) ;
#1226 = AXIS2_PLACEMENT_3D ( 'NONE', #74, #2155, #574 ) ;
#1227 = CARTESIAN_POINT ( 'NONE',  ( 713.7074255507779981, 929.3592397805714427, 1335.031375463589484 ) ) ;
#1228 = ORIENTED_EDGE ( 'NONE', *, *, #2194, .T. ) ;
#1229 = EDGE_CURVE ( 'NONE', #522, #1867, #1415, .T. ) ;
#1230 = VECTOR ( 'NONE', #1005, 1000.000000000000114 ) ;
#1231 = CARTESIAN_POINT ( 'NONE',  ( 719.8524544583140141, 928.4971332870597962, 1338.530200106436268 ) ) ;
#1232 = CIRCLE ( 'NONE', #640, 5.999999999999983125 ) ;
#1233 = DIRECTION ( 'NONE',  ( -0.07317157541021192257, 0.6515180314347918111, 0.7550961364404676912 ) ) ;
#1234 = SECURITY_CLASSIFICATION ( '', '', #595 ) ;
#1235 = ORIENTED_EDGE ( 'NONE', *, *, #1288, .T. ) ;
#1236 = PERSON_AND_ORGANIZATION ( #1357, #1122 ) ;
#1237 = CARTESIAN_POINT ( 'NONE',  ( 712.7398156846448956, 932.7879170096429107, 1344.095889109371683 ) ) ;
#1238 = PRODUCT_DEFINITION_SHAPE ( 'NONE', 'NONE',  #1492 ) ;
#1239 = CARTESIAN_POINT ( 'NONE',  ( 719.8441481236693562, 910.0800314573929199, 1311.183744147507923 ) ) ;
#1240 = ORIENTED_EDGE ( 'NONE', *, *, #1888, .F. ) ;
#1241 = CARTESIAN_POINT ( 'NONE',  ( 720.2030135768047785, 908.2241260961891385, 1312.819846490517421 ) ) ;
#1242 = CARTESIAN_POINT ( 'NONE',  ( 714.3561800426522268, 923.2255431234010530, 1326.251471240041838 ) ) ;
#1243 = VERTEX_POINT ( 'NONE', #1819 ) ;
#1244 = CARTESIAN_POINT ( 'NONE',  ( 715.6858194006874783, 924.6683291848210047, 1336.794695750138317 ) ) ;
#1245 = EDGE_CURVE ( 'NONE', #961, #84, #220, .T. ) ;
#1246 = CARTESIAN_POINT ( 'NONE',  ( 710.7902505099110613, 937.8840726080433114, 1342.459329692701886 ) ) ;
#1247 = ORIENTED_EDGE ( 'NONE', *, *, #203, .T. ) ;
#1248 = CARTESIAN_POINT ( 'NONE',  ( 710.9000078730264249, 936.9067955608910552, 1341.326685488041221 ) ) ;
#1249 = CARTESIAN_POINT ( 'NONE',  ( 713.2427860464207470, 933.4963792816641899, 1339.826235928659116 ) ) ;
#1250 = DIRECTION ( 'NONE',  ( -0.07317157541021192257, 0.6515180314347918111, 0.7550961364404676912 ) ) ;
#1251 = B_SPLINE_CURVE_WITH_KNOTS ( 'NONE', 1,
 ( #1717, #1541 ),
 .UNSPECIFIED., .F., .F.,
 ( 2, 2 ),
 ( 0.000000000000000000, 1.000000000000000000 ),
 .UNSPECIFIED. ) ;
#1252 = CARTESIAN_POINT ( 'NONE',  ( 714.5167151030960895, 922.6985892851420203, 1327.758363741098947 ) ) ;
#1253 = ORIENTED_EDGE ( 'NONE', *, *, #2245, .F. ) ;
#1254 = CARTESIAN_POINT ( 'NONE',  ( 714.3876524295432091, 923.4567735782414957, 1326.054627862637744 ) ) ;
#1255 = CARTESIAN_POINT ( 'NONE',  ( 713.9904512442979012, 926.8470575593322565, 1332.199494556638228 ) ) ;
#1256 = ORIENTED_EDGE ( 'NONE', *, *, #1288, .F. ) ;
#1257 = EDGE_CURVE ( 'NONE', #1727, #1606, #1563, .T. ) ;
#1258 = CARTESIAN_POINT ( 'NONE',  ( 716.1240404357008629, 933.1520140703178186, 1347.059145672801378 ) ) ;
#1259 = CARTESIAN_POINT ( 'NONE',  ( 715.8623843342872988, 934.5269461330858576, 1345.530171357443351 ) ) ;
#1260 = CARTESIAN_POINT ( 'NONE',  ( 714.7646434110002929, 919.5281458147336480, 1329.480889401924287 ) ) ;
#1261 = ORIENTED_EDGE ( 'NONE', *, *, #318, .T. ) ;
#1262 = CARTESIAN_POINT ( 'NONE',  ( 713.2086268133301701, 933.7242242418607248, 1338.028062877645198 ) ) ;
#1263 = CIRCLE ( 'NONE', #2065, 5.999999999999983125 ) ;
#1264 = VECTOR ( 'NONE', #2109, 1000.000000000000000 ) ;
#1265 = CARTESIAN_POINT ( 'NONE',  ( 713.7074255507779981, 929.3592397805714427, 1335.031375463589484 ) ) ;
#1266 = ORIENTED_EDGE ( 'NONE', *, *, #959, .T. ) ;
#1267 = AXIS2_PLACEMENT_3D ( 'NONE', #1968, #879, #378 ) ;
#1268 = ORIENTED_EDGE ( 'NONE', *, *, #1393, .F. ) ;
#1269 = ADVANCED_FACE ( 'NONE', ( #1174 ), #1679, .F. ) ;
#1270 = EDGE_CURVE ( 'NONE', #763, #1657, #492, .T. ) ;
#1271 = CARTESIAN_POINT ( 'NONE',  ( 716.3300791429086303, 934.6680404842272765, 1345.771041653918928 ) ) ;
#1272 = DIRECTION ( 'NONE',  ( 0.07317157541021192257, -0.6515180314347918111, -0.7550961364404676912 ) ) ;
#1273 = CARTESIAN_POINT ( 'NONE',  ( 716.5495938691392439, 932.7134863899227639, 1343.505753244597599 ) ) ;
#1274 = VERTEX_POINT ( 'NONE', #2191 ) ;
#1275 = CARTESIAN_POINT ( 'NONE',  ( 711.9390442432173813, 927.6552395098516399, 1330.604320354550509 ) ) ;
#1276 = PERSON_AND_ORGANIZATION_ROLE ( 'design_owner' ) ;
#1277 = CARTESIAN_POINT ( 'NONE',  ( 714.3631408900521365, 929.6821148153330796, 1337.905580375881527 ) ) ;
#1278 = ORIENTED_EDGE ( 'NONE', *, *, #1041, .F. ) ;
#1279 = B_SPLINE_CURVE_WITH_KNOTS ( 'NONE', 1,
 ( #211, #464 ),
 .UNSPECIFIED., .F., .F.,
 ( 2, 2 ),
 ( 0.000000000000000000, 1.000000000000000000 ),
 .UNSPECIFIED. ) ;
#1280 = ORIENTED_EDGE ( 'NONE', *, *, #2013, .T. ) ;
#1281 = ORIENTED_EDGE ( 'NONE', *, *, #1931, .F. ) ;
#1282 = DIRECTION ( 'NONE',  ( -0.03345502309867742774, 0.7550961364404806808, -0.6547599454472807778 ) ) ;
#1283 = CARTESIAN_POINT ( 'NONE',  ( 715.3412106714353058, 934.0903560500548792, 1333.791129690349180 ) ) ;
#1284 = EDGE_CURVE ( 'NONE', #1548, #214, #1118, .T. ) ;
#1285 = EDGE_CURVE ( 'NONE', #2069, #127, #1844, .T. ) ;
#1286 = CARTESIAN_POINT ( 'NONE',  ( 714.0902287484842645, 930.3837900051029237, 1342.763970254829928 ) ) ;
#1287 = VERTEX_POINT ( 'NONE', #111 ) ;
#1288 = EDGE_CURVE ( 'NONE', #1484, #1601, #1408, .T. ) ;
#1289 = DIRECTION ( 'NONE',  ( 0.000000000000000000, 0.000000000000000000, 1.000000000000000000 ) ) ;
#1290 = CARTESIAN_POINT ( 'NONE',  ( 715.5865737376944935, 923.2346521807388626, 1331.286741593708257 ) ) ;
#1291 = EDGE_LOOP ( 'NONE', ( #1723, #169, #463, #262 ) ) ;
#1292 = VERTEX_POINT ( 'NONE', #480 ) ;
#1293 = B_SPLINE_CURVE_WITH_KNOTS ( 'NONE', 3,
 ( #615, #1799, #1958, #1660, #1088, #1788 ),
 .UNSPECIFIED., .F., .F.,
 ( 4, 2, 4 ),
 ( 0.000000000000000000, 0.5000000000000000000, 1.000000000000000000 ),
 .UNSPECIFIED. ) ;
#1294 = CARTESIAN_POINT ( 'NONE',  ( 714.5394986896455976, 941.2287811724476114, 1342.064419100801615 ) ) ;
#1295 = DIRECTION ( 'NONE',  ( -0.5212750289935844661, 0.6204890829809657227, -0.5858887625216735451 ) ) ;
#1296 = LINE ( 'NONE', #2209, #786 ) ;
#1297 = ORIENTED_EDGE ( 'NONE', *, *, #1774, .F. ) ;
#1298 = FACE_OUTER_BOUND ( 'NONE', #2108, .T. ) ;
#1299 = EDGE_CURVE ( 'NONE', #1063, #722, #2226, .T. ) ;
#1300 = PERSON_AND_ORGANIZATION_ROLE ( 'classification_officer' ) ;
#1301 = VECTOR ( 'NONE', #711, 1000.000000000000000 ) ;
#1302 = DIRECTION ( 'NONE',  ( 0.07317157541021192257, -0.6515180314347918111, -0.7550961364404676912 ) ) ;
#1303 = AXIS2_PLACEMENT_3D ( 'NONE', #1990, #70, #80 ) ;
#1304 = VERTEX_POINT ( 'NONE', #610 ) ;
#1305 = CARTESIAN_POINT ( 'NONE',  ( 714.3553501440684386, 923.0423659863674857, 1326.497501973932231 ) ) ;
#1306 = CARTESIAN_POINT ( 'NONE',  ( 714.5928896923936691, 929.8044977545800975, 1338.440110978086295 ) ) ;
#1307 = DIRECTION ( 'NONE',  ( 0.03345502309866537488, -0.7550961364404676912, 0.6547599454472963210 ) ) ;
#1308 = VERTEX_POINT ( 'NONE', #101 ) ;
#1309 = DIRECTION ( 'NONE',  ( 0.000000000000000000, 0.6391933922672353718, 0.7690460371667642292 ) ) ;
#1310 = CARTESIAN_POINT ( 'NONE',  ( 714.8983895706871863, 922.8772582410580299, 1329.584806165646341 ) ) ;
#1311 = CARTESIAN_POINT ( 'NONE',  ( 713.5903534937498307, 912.7966427006163030, 1313.531099271895982 ) ) ;
#1312 = EDGE_CURVE ( 'NONE', #1986, #2268, #1629, .T. ) ;
#1313 = EDGE_LOOP ( 'NONE', ( #809, #1626, #1801, #830 ) ) ;
#1314 = CARTESIAN_POINT ( 'NONE',  ( 712.6566614406779081, 938.8694777045217279, 1343.917638201920226 ) ) ;
#1315 = CARTESIAN_POINT ( 'NONE',  ( 714.5548682550287367, 926.2466505044487803, 1337.969109789593858 ) ) ;
#1316 = CARTESIAN_POINT ( 'NONE',  ( 711.6462805367519877, 929.0877128200610287, 1334.068841506207718 ) ) ;
#1317 = B_SPLINE_SURFACE_WITH_KNOTS ( 'NONE', 1, 3, ( 
 ( #807, #1715, #1508, #1869 ),
 ( #979, #2025, #1521, #284 ) ),
 .UNSPECIFIED., .F., .F., .F.,
 ( 2, 2 ),
 ( 4, 4 ),
 ( 0.000000000000000000, 1.000000000000000000 ),
 ( 0.000000000000000000, 1.000000000000000000 ),
 .UNSPECIFIED. ) ;
#1318 = VERTEX_POINT ( 'NONE', #1698 ) ;
#1319 = CARTESIAN_POINT ( 'NONE',  ( 721.0186004652260863, 923.7483257206342842, 1334.855156849168679 ) ) ;
#1320 = CARTESIAN_POINT ( 'NONE',  ( 713.8196404915734092, 929.4348393240966288, 1336.212724043006574 ) ) ;
#1321 = FACE_OUTER_BOUND ( 'NONE', #118, .T. ) ;
#1322 = EDGE_LOOP ( 'NONE', ( #867, #2195, #2112, #799 ) ) ;
#1323 = ORIENTED_EDGE ( 'NONE', *, *, #1565, .T. ) ;
#1324 = CARTESIAN_POINT ( 'NONE',  ( 719.7565356810080175, 926.9438579809003613, 1335.948667733446882 ) ) ;
#1325 = EDGE_CURVE ( 'NONE', #768, #1019, #940, .T. ) ;
#1326 = CARTESIAN_POINT ( 'NONE',  ( 715.7531807636306667, 926.6832506498827797, 1339.255768722841367 ) ) ;
#1327 = CARTESIAN_POINT ( 'NONE',  ( 716.2178202704463956, 922.5461111497442062, 1334.460908257198753 ) ) ;
#1328 = ORIENTED_EDGE ( 'NONE', *, *, #1591, .T. ) ;
#1329 = DIRECTION ( 'NONE',  ( -0.1030193520774420057, -0.7580132070019007795, 0.6440520096298415487 ) ) ;
#1330 = CARTESIAN_POINT ( 'NONE',  ( 713.6690946967619311, 924.5136380073885221, 1334.506168179621454 ) ) ;
#1331 = CARTESIAN_POINT ( 'NONE',  ( 714.8428463785645590, 930.6580938441359194, 1343.572186708996242 ) ) ;
#1332 = VECTOR ( 'NONE', #2018, 1000.000000000000114 ) ;
#1333 = ORIENTED_EDGE ( 'NONE', *, *, #829, .F. ) ;
#1334 = AXIS2_PLACEMENT_3D ( 'NONE', #999, #1858, #1674 ) ;
#1335 = CARTESIAN_POINT ( 'NONE',  ( 715.8783186161667800, 928.8812695096412426, 1341.993413658407007 ) ) ;
#1336 = AXIS2_PLACEMENT_3D ( 'NONE', #1396, #2243, #171 ) ;
#1337 = CARTESIAN_POINT ( 'NONE',  ( 712.4014675241345458, 926.3114137029416497, 1327.372100114059322 ) ) ;
#1338 = ADVANCED_FACE ( 'NONE', ( #993 ), #2216, .F. ) ;
#1339 = DIRECTION ( 'NONE',  ( 0.07317157541021192257, -0.6515180314347918111, -0.7550961364404676912 ) ) ;
#1340 = EDGE_LOOP ( 'NONE', ( #1505, #675, #848, #696 ) ) ;
#1341 = CARTESIAN_POINT ( 'NONE',  ( 717.2067960611789204, 933.5629538124351257, 1338.399973149757216 ) ) ;
#1342 = CARTESIAN_POINT ( 'NONE',  ( 714.3480821693658527, 911.6131936772205790, 1309.328300094554606 ) ) ;
#1343 = CARTESIAN_POINT ( 'NONE',  ( 713.4583734222562725, 931.7310525805737598, 1335.644348792788833 ) ) ;
#1344 = CARTESIAN_POINT ( 'NONE',  ( 711.9390442432173813, 927.6552395098516399, 1330.604320354550509 ) ) ;
#1345 = ORIENTED_EDGE ( 'NONE', *, *, #2023, .T. ) ;
#1346 = CARTESIAN_POINT ( 'NONE',  ( 717.2067960611789204, 933.5629538124351257, 1338.399973149757216 ) ) ;
#1347 = CARTESIAN_POINT ( 'NONE',  ( 718.1360750688887720, 925.2886748132134471, 1328.810252216963136 ) ) ;
#1348 = CARTESIAN_POINT ( 'NONE',  ( 712.4014675241345458, 926.3114137029416497, 1327.372100114059322 ) ) ;
#1349 = VERTEX_POINT ( 'NONE', #1342 ) ;
#1350 = EDGE_CURVE ( 'NONE', #1657, #795, #91, .T. ) ;
#1351 = ADVANCED_FACE ( 'NONE', ( #2213 ), #2044, .T. ) ;
#1352 = DIRECTION ( 'NONE',  ( 0.5212750289935844661, -0.6204890829809657227, 0.5858887625216735451 ) ) ;
#1353 = CARTESIAN_POINT ( 'NONE',  ( 717.1451284735118179, 923.1567623717695596, 1326.580695415857008 ) ) ;
#1354 = ADVANCED_FACE ( 'NONE', ( #952 ), #1874, .F. ) ;
#1355 = CARTESIAN_POINT ( 'NONE',  ( 717.2067960611789204, 933.5629538124351257, 1338.399973149757216 ) ) ;
#1356 = ORIENTED_EDGE ( 'NONE', *, *, #1299, .T. ) ;
#1357 = PERSON ( 'UNSPECIFIED', 'UNSPECIFIED', 'UNSPECIFIED', ('UNSPECIFIED'), ('UNSPECIFIED'), ('UNSPECIFIED') ) ;
#1358 = CARTESIAN_POINT ( 'NONE',  ( 717.6714355650337893, 929.4258143128241727, 1333.605112683360176 ) ) ;
#1359 = DIRECTION ( 'NONE',  ( 0.03345502309866537488, -0.7550961364404676912, 0.6547599454472963210 ) ) ;
#1360 = CARTESIAN_POINT ( 'NONE',  ( 713.3073993429226221, 924.4820447540317900, 1333.880510111659078 ) ) ;
#1361 = ORIENTED_EDGE ( 'NONE', *, *, #1433, .T. ) ;
#1362 = LINE ( 'NONE', #1373, #1442 ) ;
#1363 = DIRECTION ( 'NONE',  ( 0.07317157541021192257, -0.6515180314347918111, -0.7550961364404676912 ) ) ;
#1364 = DIRECTION ( 'NONE',  ( 0.07317157541021192257, -0.6515180314347918111, -0.7550961364404676912 ) ) ;
#1365 = EDGE_CURVE ( 'NONE', #1410, #722, #346, .T. ) ;
#1366 = DIRECTION ( 'NONE',  ( 0.07317157541021192257, -0.6515180314347918111, -0.7550961364404676912 ) ) ;
#1367 = CARTESIAN_POINT ( 'NONE',  ( 716.1909795190754267, 932.5027026235615040, 1343.200310369850740 ) ) ;
#1368 = VECTOR ( 'NONE', #2114, 1000.000000000000114 ) ;
#1369 = CARTESIAN_POINT ( 'NONE',  ( 713.5874360940832730, 930.9728682872464560, 1337.348084671279821 ) ) ;
#1370 = VECTOR ( 'NONE', #458, 1000.000000000000114 ) ;
#1371 = CARTESIAN_POINT ( 'NONE',  ( 711.7738470970698472, 928.8947635920217181, 1335.244767669692692 ) ) ;
#1372 = ORIENTED_EDGE ( 'NONE', *, *, #1704, .T. ) ;
#1373 = CARTESIAN_POINT ( 'NONE',  ( 716.9616712835547787, 935.7455392177417934, 1340.929545206832699 ) ) ;
#1374 = VECTOR ( 'NONE', #2061, 1000.000000000000114 ) ;
#1375 = FACE_OUTER_BOUND ( 'NONE', #1681, .T. ) ;
#1376 = CIRCLE ( 'NONE', #165, 2.500000000000014211 ) ;
#1377 = CARTESIAN_POINT ( 'NONE',  ( 711.7738470970698472, 928.8947635920217181, 1335.244767669692692 ) ) ;
#1378 = ORIENTED_EDGE ( 'NONE', *, *, #816, .T. ) ;
#1379 = CC_DESIGN_PERSON_AND_ORGANIZATION_ASSIGNMENT ( #254, #753, ( #1782 ) ) ;
#1380 = EDGE_CURVE ( 'NONE', #149, #916, #146, .T. ) ;
#1381 = ORIENTED_EDGE ( 'NONE', *, *, #2166, .F. ) ;
#1382 = DIRECTION ( 'NONE',  ( 0.07317157541021192257, -0.6515180314347918111, -0.7550961364404676912 ) ) ;
#1383 = CARTESIAN_POINT ( 'NONE',  ( 712.3397190821206095, 924.6623424339077246, 1331.159796683678906 ) ) ;
#1384 = CARTESIAN_POINT ( 'NONE',  ( 719.2477997840759372, 915.3899034135863531, 1317.337777659497760 ) ) ;
#1385 = VERTEX_POINT ( 'NONE', #681 ) ;
#1386 = CARTESIAN_POINT ( 'NONE',  ( 717.2728341757469934, 922.9231809766029073, 1335.204136331440623 ) ) ;
#1387 = CARTESIAN_POINT ( 'NONE',  ( 718.3555897951192719, 923.3341207189089346, 1326.544963807641807 ) ) ;
#1388 = ORIENTED_EDGE ( 'NONE', *, *, #743, .F. ) ;
#1389 = CARTESIAN_POINT ( 'NONE',  ( 713.3837243658451825, 934.2447797419540620, 1337.441205078650682 ) ) ;
#1390 = EDGE_LOOP ( 'NONE', ( #637, #222, #1221, #1817 ) ) ;
#1391 = ORIENTED_EDGE ( 'NONE', *, *, #2082, .T. ) ;
#1392 = CARTESIAN_POINT ( 'NONE',  ( 713.4260711361652056, 931.3166449886908822, 1336.087222904050805 ) ) ;
#1393 = EDGE_CURVE ( 'NONE', #849, #333, #1742, .T. ) ;
#1394 = ORIENTED_EDGE ( 'NONE', *, *, #510, .T. ) ;
#1395 = CARTESIAN_POINT ( 'NONE',  ( 717.2593581546888117, 926.3937614848795192, 1336.181320721628026 ) ) ;
#1396 = CARTESIAN_POINT ( 'NONE',  ( 717.4263107874095340, 931.6083997181308405, 1336.134684740435887 ) ) ;
#1397 = ORIENTED_EDGE ( 'NONE', *, *, #2133, .T. ) ;
#1398 = CARTESIAN_POINT ( 'NONE',  ( 711.2355933486310278, 933.0661077450371295, 1339.447049461753522 ) ) ;
#1399 = DIRECTION ( 'NONE',  ( 0.07317157541021192257, -0.6515180314347918111, -0.7550961364404676912 ) ) ;
#1400 = ORIENTED_EDGE ( 'NONE', *, *, #1229, .T. ) ;
#1401 = CALENDAR_DATE ( 2026, 26, 4 ) ;
#1402 = CARTESIAN_POINT ( 'NONE',  ( 715.2211798938815264, 928.8054686850675807, 1341.589556215642915 ) ) ;
#1403 = CARTESIAN_POINT ( 'NONE',  ( 714.1282501870697388, 933.9416372552018402, 1343.234971443468794 ) ) ;
#1404 = AXIS2_PLACEMENT_3D ( 'NONE', #174, #695, #32 ) ;
#1405 = ORIENTED_EDGE ( 'NONE', *, *, #1728, .T. ) ;
#1406 = DIRECTION ( 'NONE',  ( 0.000000000000000000, 0.7571257123220679341, -0.6532692061782809922 ) ) ;
#1407 = EDGE_CURVE ( 'NONE', #304, #1914, #931, .T. ) ;
#1408 = CIRCLE ( 'NONE', #784, 5.999999999999983125 ) ;
#1409 = CARTESIAN_POINT ( 'NONE',  ( 719.0467713995291206, 933.2635828858178684, 1343.273100256919406 ) ) ;
#1410 = VERTEX_POINT ( 'NONE', #155 ) ;
#1411 = CIRCLE ( 'NONE', #1999, 4.000000000000000000 ) ;
#1412 = DIRECTION ( 'NONE',  ( -0.07317157541021192257, 0.6515180314347918111, 0.7550961364404675802 ) ) ;
#1413 = CARTESIAN_POINT ( 'NONE',  ( 713.9230129258996840, 927.5939130794077983, 1330.849488327713289 ) ) ;
#1414 = ORIENTED_EDGE ( 'NONE', *, *, #1815, .T. ) ;
#1415 = LINE ( 'NONE', #1459, #1190 ) ;
#1416 = CARTESIAN_POINT ( 'NONE',  ( 713.8985013848594008, 933.8192543160639616, 1342.700440841182399 ) ) ;
#1417 = DIRECTION ( 'NONE',  ( -0.07317157541021192257, 0.6515180314347918111, 0.7550961364404675802 ) ) ;
#1418 = APPROVAL ( #1128, 'UNSPECIFIED' ) ;
#1419 = CARTESIAN_POINT ( 'NONE',  ( 715.3023016000139478, 925.7976467187431808, 1334.214604478573619 ) ) ;
#1420 = ADVANCED_FACE ( 'NONE', ( #4 ), #1016, .T. ) ;
#1421 = ORIENTED_EDGE ( 'NONE', *, *, #363, .F. ) ;
#1422 = CARTESIAN_POINT ( 'NONE',  ( 713.8483638691155875, 930.1076402408265267, 1332.646344613505562 ) ) ;
#1423 = ADVANCED_FACE ( 'NONE', ( #1375 ), #832, .T. ) ;
#1424 = CARTESIAN_POINT ( 'NONE',  ( 720.7990857389954726, 925.7028798149385693, 1337.120445258490236 ) ) ;
#1425 = ORIENTED_EDGE ( 'NONE', *, *, #1970, .T. ) ;
#1426 = DIRECTION ( 'NONE',  ( 0.07317157541021192257, -0.6515180314347918111, -0.7550961364404675802 ) ) ;
#1427 = DIRECTION ( 'NONE',  ( -0.03345502309867742774, 0.7550961364404806808, -0.6547599454472807778 ) ) ;
#1428 = CARTESIAN_POINT ( 'NONE',  ( 716.3435551619314765, 931.1974599760133060, 1344.793857263479822 ) ) ;
#1429 = ORIENTED_EDGE ( 'NONE', *, *, #1617, .T. ) ;
#1430 = CARTESIAN_POINT ( 'NONE',  ( 716.3429581228830330, 924.7441300096218129, 1337.198553192571580 ) ) ;
#1431 = B_SPLINE_CURVE_WITH_KNOTS ( 'NONE', 3,
 ( #225, #1242, #911, #1614, #921, #1252 ),
 .UNSPECIFIED., .F., .F.,
 ( 4, 2, 4 ),
 ( 0.000000000000000000, 0.5000000000000000000, 1.000000000000000000 ),
 .UNSPECIFIED. ) ;
#1432 = LINE ( 'NONE', #1082, #1624 ) ;
#1433 = EDGE_CURVE ( 'NONE', #857, #46, #2034, .T. ) ;
#1434 = VERTEX_POINT ( 'NONE', #1409 ) ;
#1435 = EDGE_LOOP ( 'NONE', ( #706, #1372, #321, #726 ) ) ;
#1436 = CARTESIAN_POINT ( 'NONE',  ( 712.5241650656690808, 922.2258500723631869, 1327.635226443775082 ) ) ;
#1437 = FACE_OUTER_BOUND ( 'NONE', #2249, .T. ) ;
#1438 = AXIS2_PLACEMENT_3D ( 'NONE', #1444, #383, #352 ) ;
#1439 = CARTESIAN_POINT ( 'NONE',  ( 711.6966479773477658, 930.4000104847477814, 1337.659138100336804 ) ) ;
#1440 = ORIENTED_EDGE ( 'NONE', *, *, #133, .T. ) ;
#1441 = LINE ( 'NONE', #240, #2248 ) ;
#1442 = VECTOR ( 'NONE', #2060, 1000.000000000000000 ) ;
#1443 =( NAMED_UNIT ( * ) PLANE_ANGLE_UNIT ( ) SI_UNIT ( $, .RADIAN. ) );
#1444 = CARTESIAN_POINT ( 'NONE',  ( 719.5514618220283865, 912.6861035831325353, 1314.204128693270377 ) ) ;
#1445 = ORIENTED_EDGE ( 'NONE', *, *, #2231, .T. ) ;
#1446 = B_SPLINE_CURVE_WITH_KNOTS ( 'NONE', 3,
 ( #770, #760, #390, #2186 ),
 .UNSPECIFIED., .F., .F.,
 ( 4, 4 ),
 ( 0.000000000000000000, 1.000000000000000000 ),
 .UNSPECIFIED. ) ;
#1447 = EDGE_CURVE ( 'NONE', #588, #2149, #7, .T. ) ;
#1448 = ORIENTED_EDGE ( 'NONE', *, *, #2003, .T. ) ;
#1449 = EDGE_LOOP ( 'NONE', ( #1549, #34, #1268, #880 ) ) ;
#1450 = CARTESIAN_POINT ( 'NONE',  ( 711.0097652361417886, 935.9295185137389126, 1340.194041283380329 ) ) ;
#1451 = CARTESIAN_POINT ( 'NONE',  ( 717.0533194495163798, 924.8777350709071925, 1337.469424740761951 ) ) ;
#1452 = CARTESIAN_POINT ( 'NONE',  ( -102.3917970537658277, 1029.861367297233073, 1133.452733326580301 ) ) ;
#1453 = ORIENTED_EDGE ( 'NONE', *, *, #1773, .T. ) ;
#1454 = CARTESIAN_POINT ( 'NONE',  ( 716.1911251800883065, 932.5027882391452749, 1343.200434433816781 ) ) ;
#1455 = PERSON_AND_ORGANIZATION ( #1357, #1122 ) ;
#1456 = CARTESIAN_POINT ( 'NONE',  ( 715.0195077615732089, 922.1095110037944096, 1333.174249324357788 ) ) ;
#1457 = ORIENTED_EDGE ( 'NONE', *, *, #427, .F. ) ;
#1458 = VERTEX_POINT ( 'NONE', #336 ) ;
#1459 = CARTESIAN_POINT ( 'NONE',  ( 714.5394986896455976, 941.2287811724476114, 1342.064419100801615 ) ) ;
#1460 = LINE ( 'NONE', #1841, #93 ) ;
#1461 = DIRECTION ( 'NONE',  ( -0.9919843412354888423, 0.03066321599953536828, -0.1225839872420493720 ) ) ;
#1462 = ADVANCED_FACE ( 'NONE', ( #311 ), #525, .F. ) ;
#1463 = DIRECTION ( 'NONE',  ( 0.9670592738890179119, -0.1387389754671227715, 0.2134194402381808242 ) ) ;
#1464 = ORIENTED_EDGE ( 'NONE', *, *, #1647, .F. ) ;
#1465 = CARTESIAN_POINT ( 'NONE',  ( 712.7874931412333126, 926.0527846401080296, 1335.049844953824959 ) ) ;
#1466 = B_SPLINE_CURVE_WITH_KNOTS ( 'NONE', 1,
 ( #2129, #213 ),
 .UNSPECIFIED., .F., .F.,
 ( 2, 2 ),
 ( 0.000000000000000000, 1.000000000000000000 ),
 .UNSPECIFIED. ) ;
#1467 = DIRECTION ( 'NONE',  ( 1.000000000000000000, 0.000000000000000000, 0.000000000000000000 ) ) ;
#1468 = CARTESIAN_POINT ( 'NONE',  ( 717.0395989559430063, 942.6914434946564825, 1351.459250536937816 ) ) ;
#1469 = ORIENTED_EDGE ( 'NONE', *, *, #1903, .F. ) ;
#1470 = EDGE_LOOP ( 'NONE', ( #2170, #1094 ) ) ;
#1471 = ORIENTED_EDGE ( 'NONE', *, *, #902, .T. ) ;
#1472 = DESIGN_CONTEXT ( 'detailed design', #30, 'design' ) ;
#1473 = FACE_OUTER_BOUND ( 'NONE', #2237, .T. ) ;
#1474 = CARTESIAN_POINT ( 'NONE',  ( 713.4583734222562725, 931.7310525805737598, 1335.644348792788833 ) ) ;
#1475 = FACE_OUTER_BOUND ( 'NONE', #67, .T. ) ;
#1476 = ORIENTED_EDGE ( 'NONE', *, *, #757, .F. ) ;
#1477 = EDGE_CURVE ( 'NONE', #578, #763, #692, .T. ) ;
#1478 = DIRECTION ( 'NONE',  ( -0.07317157541021192257, 0.6515180314347918111, 0.7550961364404675802 ) ) ;
#1479 = DIRECTION ( 'NONE',  ( -0.07317157541021192257, 0.6515180314347918111, 0.7550961364404676912 ) ) ;
#1480 = CIRCLE ( 'NONE', #1080, 4.000000000000000000 ) ;
#1481 = DIRECTION ( 'NONE',  ( -0.03345502309866058704, 0.7550961364404652487, -0.6547599454472992075 ) ) ;
#1482 = B_SPLINE_CURVE_WITH_KNOTS ( 'NONE', 1,
 ( #355, #520 ),
 .UNSPECIFIED., .F., .F.,
 ( 2, 2 ),
 ( 0.000000000000000000, 1.000000000000000000 ),
 .UNSPECIFIED. ) ;
#1483 = VECTOR ( 'NONE', #2139, 1000.000000000000114 ) ;
#1484 = VERTEX_POINT ( 'NONE', #1730 ) ;
#1485 = CIRCLE ( 'NONE', #279, 4.000000000000000000 ) ;
#1486 = ORIENTED_EDGE ( 'NONE', *, *, #566, .F. ) ;
#1487 = APPROVAL_PERSON_ORGANIZATION ( #1804, #1418, #1923 ) ;
#1488 = DIRECTION ( 'NONE',  ( -0.2438078779228410597, -0.7458389580879110081, 0.6199048049992033071 ) ) ;
#1489 = CARTESIAN_POINT ( 'NONE',  ( 719.8441481236691288, 910.0800314573928063, 1311.183744147507923 ) ) ;
#1490 = CARTESIAN_POINT ( 'NONE',  ( 716.9616712835546650, 935.7455392177416797, 1340.929545206832699 ) ) ;
#1491 = ORIENTED_EDGE ( 'NONE', *, *, #1843, .F. ) ;
#1492 = PRODUCT_DEFINITION ( 'UNKNOWN', '', #1782, #1472 ) ;
#1493 = DIRECTION ( 'NONE',  ( -0.03345502309867742774, 0.7550961364404806808, -0.6547599454472807778 ) ) ;
#1494 = DIRECTION ( 'NONE',  ( 0.07317157541021192257, -0.6515180314347925883, -0.7550961364404669141 ) ) ;
#1495 = EDGE_CURVE ( 'NONE', #84, #1807, #1654, .T. ) ;
#1496 = ORIENTED_EDGE ( 'NONE', *, *, #1690, .T. ) ;
#1497 = ORIENTED_EDGE ( 'NONE', *, *, #1578, .F. ) ;
#1498 = LINE ( 'NONE', #1134, #932 ) ;
#1499 = FACE_OUTER_BOUND ( 'NONE', #286, .T. ) ;
#1500 = CARTESIAN_POINT ( 'NONE',  ( 715.7721253919812625, 922.3838148434711002, 1333.982465778000460 ) ) ;
#1501 = ORIENTED_EDGE ( 'NONE', *, *, #1997, .T. ) ;
#1502 = CARTESIAN_POINT ( 'NONE',  ( 719.2477997840759372, 915.3899034135863531, 1317.337777659497760 ) ) ;
#1503 = CARTESIAN_POINT ( 'NONE',  ( 717.0533194495163798, 924.8777350709071925, 1337.469424740761951 ) ) ;
#1504 = CARTESIAN_POINT ( 'NONE',  ( 714.5928896923936691, 929.8044977545800975, 1338.440110978086295 ) ) ;
#1505 = ORIENTED_EDGE ( 'NONE', *, *, #1803, .T. ) ;
#1506 = EDGE_CURVE ( 'NONE', #33, #1867, #1485, .T. ) ;
#1507 = DIRECTION ( 'NONE',  ( 0.07317157541021192257, -0.6515180314347918111, -0.7550961364404676912 ) ) ;
#1508 = CARTESIAN_POINT ( 'NONE',  ( 716.7223676313454916, 922.7183103632941084, 1334.874965186118743 ) ) ;
#1509 = CARTESIAN_POINT ( 'NONE',  ( 717.4263107874096477, 931.6083997181309542, 1336.134684740435887 ) ) ;
#1510 = VERTEX_POINT ( 'NONE', #2270 ) ;
#1511 = DIRECTION ( 'NONE',  ( 0.000000000000000000, 0.7571257123220741514, -0.6532692061782735538 ) ) ;
#1512 = CARTESIAN_POINT ( 'NONE',  ( 717.2728341757469934, 922.9231809766029073, 1335.204136331440623 ) ) ;
#1513 = CARTESIAN_POINT ( 'NONE',  ( 716.7933704244373985, 924.0293913871062159, 1333.236951661549710 ) ) ;
#1514 = CIRCLE ( 'NONE', #667, 5.999999999999976907 ) ;
#1515 = EDGE_LOOP ( 'NONE', ( #226, #515, #181, #2200, #1235, #43, #450, #2004, #1709, #1656, #1457, #1811 ) ) ;
#1516 = VECTOR ( 'NONE', #2015, 1000.000000000000000 ) ;
#1517 = ORIENTED_EDGE ( 'NONE', *, *, #2003, .F. ) ;
#1518 = ADVANCED_FACE ( 'NONE', ( #2099 ), #1930, .T. ) ;
#1519 = LINE ( 'NONE', #115, #281 ) ;
#1520 = VECTOR ( 'NONE', #1463, 1000.000000000000227 ) ;
#1521 = CARTESIAN_POINT ( 'NONE',  ( 717.1202585308151356, 924.2284236239132724, 1333.610589437815406 ) ) ;
#1522 = VECTOR ( 'NONE', #1188, 1000.000000000000000 ) ;
#1523 = EDGE_CURVE ( 'NONE', #1050, #1410, #1182, .T. ) ;
#1524 = CARTESIAN_POINT ( 'NONE',  ( 713.6690946967619311, 924.5136380073885221, 1334.506168179621454 ) ) ;
#1525 = ORIENTED_EDGE ( 'NONE', *, *, #612, .T. ) ;
#1526 = CARTESIAN_POINT ( 'NONE',  ( 716.0421532836944607, 927.9639639129125044, 1337.603449249449795 ) ) ;
#1527 = DIRECTION ( 'NONE',  ( 0.000000000000000000, -0.7571257123220740404, 0.6532692061782737758 ) ) ;
#1528 = CARTESIAN_POINT ( 'NONE',  ( 713.2044551907033565, 928.6507775085157164, 1339.301028644496682 ) ) ;
#1529 = ORIENTED_EDGE ( 'NONE', *, *, #1728, .F. ) ;
#1530 = DIRECTION ( 'NONE',  ( 0.07317157541021192257, -0.6515180314347925883, -0.7550961364404669141 ) ) ;
#1531 = CYLINDRICAL_SURFACE ( 'NONE', #1334, 1.900000000000244382 ) ;
#1532 = CARTESIAN_POINT ( 'NONE',  ( 715.8058501752901748, 929.9532165504439263, 1328.996269223952140 ) ) ;
#1533 = ORIENTED_EDGE ( 'NONE', *, *, #1929, .T. ) ;
#1534 = DIRECTION ( 'NONE',  ( 0.07317157541021192257, -0.6515180314347918111, -0.7550961364404676912 ) ) ;
#1535 = EDGE_CURVE ( 'NONE', #1287, #554, #1053, .T. ) ;
#1536 = CARTESIAN_POINT ( 'NONE',  ( 708.5190157864703906, 881.8901837102149557, 1339.706623945800629 ) ) ;
#1537 = DIRECTION ( 'NONE',  ( 0.07317157541021192257, -0.6515180314347918111, -0.7550961364404676912 ) ) ;
#1538 = ORIENTED_EDGE ( 'NONE', *, *, #1284, .T. ) ;
#1539 = B_SPLINE_CURVE_WITH_KNOTS ( 'NONE', 3,
 ( #2141, #572, #1768, #735, #1419, #1949 ),
 .UNSPECIFIED., .F., .F.,
 ( 4, 2, 4 ),
 ( 0.000000000000000000, 0.5000000000000000000, 1.000000000000000000 ),
 .UNSPECIFIED. ) ;
#1540 = DIRECTION ( 'NONE',  ( -0.07317157541021192257, 0.6515180314347918111, 0.7550961364404676912 ) ) ;
#1541 = CARTESIAN_POINT ( 'NONE',  ( 711.3092075924613482, 933.0319030938553624, 1340.039628134098848 ) ) ;
#1542 = ORIENTED_EDGE ( 'NONE', *, *, #943, .T. ) ;
#1543 = DIRECTION ( 'NONE',  ( 0.03345502309866537488, -0.7550961364404676912, 0.6547599454472963210 ) ) ;
#1544 = EDGE_CURVE ( 'NONE', #1292, #1243, #2145, .T. ) ;
#1545 = DIRECTION ( 'NONE',  ( 0.000000000000000000, 0.7571257123220704877, -0.6532692061782778836 ) ) ;
#1546 = EDGE_CURVE ( 'NONE', #535, #304, #2252, .T. ) ;
#1547 = CARTESIAN_POINT ( 'NONE',  ( 711.8750795772380116, 928.7994819356754306, 1335.954657148115984 ) ) ;
#1548 = VERTEX_POINT ( 'NONE', #1260 ) ;
#1549 = ORIENTED_EDGE ( 'NONE', *, *, #719, .T. ) ;
#1550 = AXIS2_PLACEMENT_3D ( 'NONE', #562, #395, #1575 ) ;
#1551 = CARTESIAN_POINT ( 'NONE',  ( 716.5495938691392439, 932.7134863899227639, 1343.505753244597599 ) ) ;
#1552 = VECTOR ( 'NONE', #2244, 1000.000000000000114 ) ;
#1553 = CARTESIAN_POINT ( 'NONE',  ( 716.5886799426085645, 929.0148745706125055, 1342.264285206781551 ) ) ;
#1554 = VECTOR ( 'NONE', #97, 1000.000000000000114 ) ;
#1555 = DIRECTION ( 'NONE',  ( 0.07317157541021192257, -0.6515180314347918111, -0.7550961364404676912 ) ) ;
#1556 = ORIENTED_EDGE ( 'NONE', *, *, #1012, .T. ) ;
#1557 = CARTESIAN_POINT ( 'NONE',  ( 716.7421565573241651, 937.7000933120460786, 1343.194833616154028 ) ) ;
#1558 = AXIS2_PLACEMENT_3D ( 'NONE', #1822, #456, #72 ) ;
#1559 = CARTESIAN_POINT ( 'NONE',  ( 713.6407446366644081, 929.3243647771062115, 1334.057922450339220 ) ) ;
#1560 = VECTOR ( 'NONE', #715, 1000.000000000000000 ) ;
#1561 = VERTEX_POINT ( 'NONE', #37 ) ;
#1562 = CARTESIAN_POINT ( 'NONE',  ( 711.6966479773477658, 930.4000104847477814, 1337.659138100336804 ) ) ;
#1563 = B_SPLINE_CURVE_WITH_KNOTS ( 'NONE', 3,
 ( #1849, #2030, #1310, #121, #792, #1837 ),
 .UNSPECIFIED., .F., .F.,
 ( 4, 2, 4 ),
 ( 0.000000000000000000, 0.5000000000000000000, 1.000000000000000000 ),
 .UNSPECIFIED. ) ;
#1564 = EDGE_LOOP ( 'NONE', ( #219, #853, #732 ) ) ;
#1565 = EDGE_CURVE ( 'NONE', #768, #617, #1539, .T. ) ;
#1566 = ORIENTED_EDGE ( 'NONE', *, *, #1284, .F. ) ;
#1567 = CARTESIAN_POINT ( 'NONE',  ( 711.6966479773477658, 930.4000104847477814, 1337.659138100336804 ) ) ;
#1568 = FACE_OUTER_BOUND ( 'NONE', #779, .T. ) ;
#1569 = DIRECTION ( 'NONE',  ( -0.1030193530950540420, -0.7580132069704451636, 0.6440520095040909165 ) ) ;
#1570 = ORIENTED_EDGE ( 'NONE', *, *, #873, .F. ) ;
#1571 = CARTESIAN_POINT ( 'NONE',  ( 714.1379058206564423, 925.4499452394080663, 1328.438341947785602 ) ) ;
#1572 = DIRECTION ( 'NONE',  ( -0.03345502309867742774, 0.7550961364404806808, -0.6547599454472807778 ) ) ;
#1573 = VERTEX_POINT ( 'NONE', #237 ) ;
#1574 = CARTESIAN_POINT ( 'NONE',  ( 713.2699641461698548, 933.9498082935964476, 1337.685053722533439 ) ) ;
#1575 = DIRECTION ( 'NONE',  ( 0.000000000000000000, -0.7571257123220939134, 0.6532692061782507942 ) ) ;
#1576 = VERTEX_POINT ( 'NONE', #410 ) ;
#1577 = COORDINATED_UNIVERSAL_TIME_OFFSET ( 5, 0, .BEHIND. ) ;
#1578 = EDGE_CURVE ( 'NONE', #535, #1727, #1431, .T. ) ;
#1579 = FACE_OUTER_BOUND ( 'NONE', #370, .T. ) ;
#1580 = CARTESIAN_POINT ( 'NONE',  ( 719.8441481236691288, 910.0800314573928063, 1311.183744147507923 ) ) ;
#1581 = EDGE_LOOP ( 'NONE', ( #157, #573, #2059, #606 ) ) ;
#1582 = CARTESIAN_POINT ( 'NONE',  ( 716.1240404357008629, 933.1520140703178186, 1347.059145672801378 ) ) ;
#1583 = DIRECTION ( 'NONE',  ( -0.07317157541021192257, 0.6515180314347918111, 0.7550961364404676912 ) ) ;
#1584 = ORIENTED_EDGE ( 'NONE', *, *, #1407, .T. ) ;
#1585 = DIRECTION ( 'NONE',  ( -0.07317157541021193645, 0.6515180314347918111, 0.7550961364404675802 ) ) ;
#1586 = CARTESIAN_POINT ( 'NONE',  ( 717.6714355650337893, 929.4258143128241727, 1333.605112683360176 ) ) ;
#1587 = ORIENTED_EDGE ( 'NONE', *, *, #1117, .T. ) ;
#1588 = CALENDAR_DATE ( 2026, 26, 4 ) ;
#1589 = DIRECTION ( 'NONE',  ( 0.000000000000000000, 0.7571257123220679341, -0.6532692061782809922 ) ) ;
#1590 = APPROVAL ( #1763, 'UNSPECIFIED' ) ;
#1591 = EDGE_CURVE ( 'NONE', #693, #127, #909, .T. ) ;
#1592 = CARTESIAN_POINT ( 'NONE',  ( 713.6067823331811724, 932.8440350258282479, 1345.366456824635861 ) ) ;
#1593 = CARTESIAN_POINT ( 'NONE',  ( 714.3130033723858787, 925.9705007396988776, 1327.851484148360669 ) ) ;
#1594 = EDGE_CURVE ( 'NONE', #506, #587, #1734, .T. ) ;
#1595 = CIRCLE ( 'NONE', #710, 4.000000000000000000 ) ;
#1596 = CARTESIAN_POINT ( 'NONE',  ( 711.3015581753003289, 934.1431461922862809, 1337.327490652080769 ) ) ;
#1597 = ORIENTED_EDGE ( 'NONE', *, *, #454, .F. ) ;
#1598 = VECTOR ( 'NONE', #1757, 1000.000000000000000 ) ;
#1599 = CARTESIAN_POINT ( 'NONE',  ( 719.9103272751640361, 910.8301982219282991, 1315.840231036279420 ) ) ;
#1600 = DIRECTION ( 'NONE',  ( 0.07317157541021192257, -0.6515180314347918111, -0.7550961364404676912 ) ) ;
#1601 = VERTEX_POINT ( 'NONE', #1605 ) ;
#1602 = MANIFOLD_SOLID_BREP ( 'Cut-Extrude19', #925 ) ;
#1603 = PLANE ( 'NONE',  #1267 ) ;
#1604 = CARTESIAN_POINT ( 'NONE',  ( 714.3729041858871369, 934.0718626956110029, 1343.804049997208722 ) ) ;
#1605 = CARTESIAN_POINT ( 'NONE',  ( 713.8340211095932091, 939.4684737156276242, 1337.414212631702640 ) ) ;
#1606 = VERTEX_POINT ( 'NONE', #400 ) ;
#1607 = ADVANCED_FACE ( 'NONE', ( #1625 ), #725, .T. ) ;
#1608 = CARTESIAN_POINT ( 'NONE',  ( 717.4263107874096477, 931.6083997181309542, 1336.134684740435887 ) ) ;
#1609 = CARTESIAN_POINT ( 'NONE',  ( 713.8914976927858334, 927.3623678306649936, 1331.046599684920238 ) ) ;
#1610 = ORIENTED_EDGE ( 'NONE', *, *, #288, .T. ) ;
#1611 = EDGE_LOOP ( 'NONE', ( #813, #1784, #1028, #2210, #474, #1633, #756, #1476, #1533, #1055, #1919, #956 ) ) ;
#1612 = CARTESIAN_POINT ( 'NONE',  ( 714.3730225890469683, 934.0719257197337129, 1343.804325409420017 ) ) ;
#1613 = CARTESIAN_POINT ( 'NONE',  ( 718.0657456139438182, 911.0948307804097794, 1315.433151970653853 ) ) ;
#1614 = CARTESIAN_POINT ( 'NONE',  ( 714.4054126573872736, 922.7815904414489978, 1327.080542277118184 ) ) ;
#1615 = ORIENTED_EDGE ( 'NONE', *, *, #1931, .T. ) ;
#1616 = FACE_OUTER_BOUND ( 'NONE', #1470, .T. ) ;
#1617 = EDGE_CURVE ( 'NONE', #1576, #1573, #1045, .T. ) ;
#1618 = EDGE_CURVE ( 'NONE', #127, #587, #2261, .T. ) ;
#1619 = CARTESIAN_POINT ( 'NONE',  ( 714.8428463785645590, 930.6580938441359194, 1343.572186708996242 ) ) ;
#1620 = ORIENTED_EDGE ( 'NONE', *, *, #729, .F. ) ;
#1621 = ORIENTED_EDGE ( 'NONE', *, *, #103, .T. ) ;
#1622 = CARTESIAN_POINT ( 'NONE',  ( 713.1248701799869423, 932.8214580197038686, 1344.761829549110644 ) ) ;
#1623 = LINE ( 'NONE', #224, #1483 ) ;
#1624 = VECTOR ( 'NONE', #872, 1000.000000000000114 ) ;
#1625 = FACE_OUTER_BOUND ( 'NONE', #583, .T. ) ;
#1626 = ORIENTED_EDGE ( 'NONE', *, *, #914, .T. ) ;
#1627 = CARTESIAN_POINT ( 'NONE',  ( 718.3555897951192719, 923.3341207189089346, 1326.544963807641807 ) ) ;
#1628 = AXIS2_PLACEMENT_3D ( 'NONE', #1697, #1534, #1329 ) ;
#1629 = CIRCLE ( 'NONE', #1962, 5.999999999999985789 ) ;
#1630 = DATE_AND_TIME ( #1588, #825 ) ;
#1631 = CARTESIAN_POINT ( 'NONE',  ( 716.6245988056198257, 938.7468248405236864, 1344.407974150888322 ) ) ;
#1632 = AXIS2_PLACEMENT_3D ( 'NONE', #1199, #1382, #1693 ) ;
#1633 = ORIENTED_EDGE ( 'NONE', *, *, #510, .F. ) ;
#1634 = APPROVAL_PERSON_ORGANIZATION ( #1455, #771, #953 ) ;
#1635 = ORIENTED_EDGE ( 'NONE', *, *, #1433, .F. ) ;
#1636 = EDGE_CURVE ( 'NONE', #918, #46, #936, .T. ) ;
#1637 = CARTESIAN_POINT ( 'NONE',  ( 715.7721253919812625, 922.3838148434711002, 1333.982465778000460 ) ) ;
#1638 = CARTESIAN_POINT ( 'NONE',  ( 714.5928896923936691, 929.8044977545800975, 1338.440110978086295 ) ) ;
#1639 = CARTESIAN_POINT ( 'NONE',  ( 711.1816410326055120, 933.2248523218926266, 1338.863701970765760 ) ) ;
#1640 = VERTEX_POINT ( 'NONE', #582 ) ;
#1641 = CARTESIAN_POINT ( 'NONE',  ( 716.3435551619314765, 931.1974599760133060, 1344.793857263479822 ) ) ;
#1642 = DATE_TIME_ROLE ( 'classification_date' ) ;
#1643 = CARTESIAN_POINT ( 'NONE',  ( 712.1093671340672699, 934.4720550517937454, 1337.121615721614717 ) ) ;
#1644 = VERTEX_POINT ( 'NONE', #1109 ) ;
#1645 = ORIENTED_EDGE ( 'NONE', *, *, #2082, .F. ) ;
#1646 = EDGE_LOOP ( 'NONE', ( #1538, #5, #2008, #2041 ) ) ;
#1647 = EDGE_CURVE ( 'NONE', #1116, #1640, #1466, .T. ) ;
#1648 = DIRECTION ( 'NONE',  ( -0.07317157541021192257, 0.6515180314347918111, 0.7550961364404675802 ) ) ;
#1649 = CARTESIAN_POINT ( 'NONE',  ( 714.6570564413499369, 940.1820496439698900, 1340.851278566067322 ) ) ;
#1650 = DIRECTION ( 'NONE',  ( -0.07317157541021192257, 0.6515180314347918111, 0.7550961364404676912 ) ) ;
#1651 = EDGE_LOOP ( 'NONE', ( #718, #434, #981, #209 ) ) ;
#1652 = CARTESIAN_POINT ( 'NONE',  ( 714.0520755985897949, 926.8357287861942950, 1332.553224206189498 ) ) ;
#1653 = CARTESIAN_POINT ( 'NONE',  ( 718.1360750688885446, 925.2886748132133334, 1328.810252216963136 ) ) ;
#1654 = B_SPLINE_CURVE_WITH_KNOTS ( 'NONE', 3,
 ( #1227, #856, #1559, #2258, #2088, #514 ),
 .UNSPECIFIED., .F., .F.,
 ( 4, 2, 4 ),
 ( 0.000000000000000000, 0.5000000000000000000, 1.000000000000000000 ),
 .UNSPECIFIED. ) ;
#1655 = CARTESIAN_POINT ( 'NONE',  ( 716.6245988056199394, 938.7468248405236864, 1344.407974150888322 ) ) ;
#1656 = ORIENTED_EDGE ( 'NONE', *, *, #1945, .F. ) ;
#1657 = VERTEX_POINT ( 'NONE', #1810 ) ;
#1658 = CARTESIAN_POINT ( 'NONE',  ( 712.3576735950450711, 922.8747337420869599, 1326.448557596296041 ) ) ;
#1659 = B_SPLINE_CURVE_WITH_KNOTS ( 'NONE', 1,
 ( #733, #2127 ),
 .UNSPECIFIED., .F., .F.,
 ( 2, 2 ),
 ( 0.000000000000000000, 1.000000000000000000 ),
 .UNSPECIFIED. ) ;
#1660 = CARTESIAN_POINT ( 'NONE',  ( 712.1430942309041257, 925.4925334524052687, 1328.208291114547592 ) ) ;
#1661 = CARTESIAN_POINT ( 'NONE',  ( 713.7178469365037472, 931.0437586148196942, 1338.271364473354197 ) ) ;
#1662 = VERTEX_POINT ( 'NONE', #1090 ) ;
#1663 = LINE ( 'NONE', #2009, #312 ) ;
#1664 = EDGE_CURVE ( 'NONE', #554, #1670, #388, .T. ) ;
#1665 = DIRECTION ( 'NONE',  ( -0.1030193520774420057, -0.7580132070019007795, 0.6440520096298415487 ) ) ;
#1666 = CIRCLE ( 'NONE', #1438, 2.500000000000074607 ) ;
#1667 = FACE_OUTER_BOUND ( 'NONE', #1515, .T. ) ;
#1668 = B_SPLINE_SURFACE_WITH_KNOTS ( 'NONE', 1, 3, ( 
 ( #443, #1326, #1145, #828 ),
 ( #1842, #319, #625, #269 ) ),
 .UNSPECIFIED., .F., .F., .F.,
 ( 2, 2 ),
 ( 4, 4 ),
 ( 0.000000000000000000, 1.000000000000000000 ),
 ( 0.000000000000000000, 1.000000000000000000 ),
 .UNSPECIFIED. ) ;
#1669 = AXIS2_PLACEMENT_3D ( 'NONE', #1248, #714, #1074 ) ;
#1670 = VERTEX_POINT ( 'NONE', #1170 ) ;
#1671 = CIRCLE ( 'NONE', #49, 5.999999999999914735 ) ;
#1672 = VECTOR ( 'NONE', #632, 1000.000000000000000 ) ;
#1673 = CARTESIAN_POINT ( 'NONE',  ( 708.8117020881111330, 879.2841115844757951, 1336.686239400038630 ) ) ;
#1674 = DIRECTION ( 'NONE',  ( 0.000000000000000000, -0.7571257123220939134, 0.6532692061782507942 ) ) ;
#1675 = LINE ( 'NONE', #1509, #2071 ) ;
#1676 = ORIENTED_EDGE ( 'NONE', *, *, #1245, .T. ) ;
#1677 = CARTESIAN_POINT ( 'NONE',  ( 713.9230129258996840, 927.5939130794077983, 1330.849488327713289 ) ) ;
#1678 = EDGE_CURVE ( 'NONE', #987, #333, #1675, .T. ) ;
#1679 = PLANE ( 'NONE',  #635 ) ;
#1680 = CARTESIAN_POINT ( 'NONE',  ( 713.7635339793680487, 929.3970401978710925, 1335.622059840717156 ) ) ;
#1681 = EDGE_LOOP ( 'NONE', ( #1823, #63, #1872, #2189 ) ) ;
#1682 = DIRECTION ( 'NONE',  ( 0.07317157541021192257, -0.6515180314347918111, -0.7550961364404676912 ) ) ;
#1683 = FACE_OUTER_BOUND ( 'NONE', #1564, .T. ) ;
#1684 = CARTESIAN_POINT ( 'NONE',  ( 717.8909502912644029, 927.4712602185198875, 1331.339824274038847 ) ) ;
#1685 = B_SPLINE_SURFACE_WITH_KNOTS ( 'NONE', 1, 3, ( 
 ( #342, #365, #2253, #377, #1383, #1034 ),
 ( #509, #2118, #1741, #166, #865, #187 ) ),
 .UNSPECIFIED., .F., .F., .F.,
 ( 2, 2 ),
 ( 4, 2, 4 ),
 ( 0.000000000000000000, 1.000000000000000000 ),
 ( 0.000000000000000000, 0.5000000000000000000, 1.000000000000000000 ),
 .UNSPECIFIED. ) ;
#1686 = VERTEX_POINT ( 'NONE', #1870 ) ;
#1687 = FACE_OUTER_BOUND ( 'NONE', #1435, .T. ) ;
#1688 = CARTESIAN_POINT ( 'NONE',  ( 717.4101933125286905, 923.9338652525843827, 1334.345400318684824 ) ) ;
#1689 = CYLINDRICAL_SURFACE ( 'NONE', #350, 5.999999999999914735 ) ;
#1690 = EDGE_CURVE ( 'NONE', #210, #1274, #530, .T. ) ;
#1691 = ORIENTED_EDGE ( 'NONE', *, *, #1887, .T. ) ;
#1692 = EDGE_CURVE ( 'NONE', #1644, #2121, #1671, .T. ) ;
#1693 = DIRECTION ( 'NONE',  ( -0.03345502309867742774, 0.7550961364404806808, -0.6547599454472807778 ) ) ;
#1694 = CARTESIAN_POINT ( 'NONE',  ( 715.3074858852728539, 926.5209543438035098, 1338.777326243498237 ) ) ;
#1695 = CARTESIAN_POINT ( 'NONE',  ( 714.5167151030960895, 922.6985892851420203, 1327.758363741098947 ) ) ;
#1696 = ORIENTED_EDGE ( 'NONE', *, *, #2162, .T. ) ;
#1697 = CARTESIAN_POINT ( 'NONE',  ( 718.3555897951192719, 923.3341207189089346, 1326.544963807641807 ) ) ;
#1698 = CARTESIAN_POINT ( 'NONE',  ( 713.2427860464207470, 933.4963792816641899, 1339.826235928659116 ) ) ;
#1699 = CARTESIAN_POINT ( 'NONE',  ( 713.7178604795647061, 931.0437659767234209, 1338.271460355218096 ) ) ;
#1700 = VECTOR ( 'NONE', #1783, 1000.000000000000114 ) ;
#1701 = CARTESIAN_POINT ( 'NONE',  ( 711.8930340910435461, 927.0118732440264466, 1331.243418060639897 ) ) ;
#1702 = VECTOR ( 'NONE', #1352, 1000.000000000000000 ) ;
#1703 = DIRECTION ( 'NONE',  ( 0.000000000000000000, -0.7571257123220939134, 0.6532692061782507942 ) ) ;
#1704 = EDGE_CURVE ( 'NONE', #1670, #445, #1296, .T. ) ;
#1705 = AXIS2_PLACEMENT_3D ( 'NONE', #297, #1363, #1205 ) ;
#1706 = LINE ( 'NONE', #1347, #1516 ) ;
#1707 = AXIS2_PLACEMENT_3D ( 'NONE', #1904, #1743, #1022 ) ;
#1708 = CARTESIAN_POINT ( 'NONE',  ( 714.0520755985897949, 926.8357287861942950, 1332.553224206189498 ) ) ;
#1709 = ORIENTED_EDGE ( 'NONE', *, *, #581, .F. ) ;
#1710 = CARTESIAN_POINT ( 'NONE',  ( 713.2111852531292016, 930.2212778954934720, 1332.486549935196308 ) ) ;
#1711 = CARTESIAN_POINT ( 'NONE',  ( 717.0212499556315606, 933.7765132328248683, 1341.555932911502623 ) ) ;
#1712 = CARTESIAN_POINT ( 'NONE',  ( 714.0902287484842645, 930.3837900051029237, 1342.763970254829928 ) ) ;
#1713 = EDGE_LOOP ( 'NONE', ( #1584, #1206, #1610, #1078, #1161, #898, #1932, #1186, #1908, #1440, #191, #944, #139, #2205, #563, #44, #875, #1297, #501, #95 ) ) ;
#1714 = CARTESIAN_POINT ( 'NONE',  ( 717.0142333750293346, 928.5763468902490558, 1338.710892778452035 ) ) ;
#1715 = CARTESIAN_POINT ( 'NONE',  ( 716.2178202704463956, 922.5461111497442062, 1334.460908257198753 ) ) ;
#1716 = ADVANCED_FACE ( 'NONE', ( #1475 ), #808, .T. ) ;
#1717 = CARTESIAN_POINT ( 'NONE',  ( 713.2427860464207470, 933.4963792816641899, 1339.826235928659116 ) ) ;
#1718 = ORIENTED_EDGE ( 'NONE', *, *, #2094, .T. ) ;
#1719 = CARTESIAN_POINT ( 'NONE',  ( 714.1379058206564423, 925.4499452394080663, 1328.438341947785148 ) ) ;
#1720 = DIRECTION ( 'NONE',  ( 0.03345502309866537488, -0.7550961364404676912, 0.6547599454472963210 ) ) ;
#1721 = CARTESIAN_POINT ( 'NONE',  ( 711.5948860563668177, 930.5001290760252459, 1337.224947372564657 ) ) ;
#1722 = ORIENTED_EDGE ( 'NONE', *, *, #1692, .T. ) ;
#1723 = ORIENTED_EDGE ( 'NONE', *, *, #71, .T. ) ;
#1724 = DIRECTION ( 'NONE',  ( -0.03345502309867742774, 0.7550961364404806808, -0.6547599454472807778 ) ) ;
#1725 = CARTESIAN_POINT ( 'NONE',  ( 719.8698067312856210, 933.9771588141604752, 1346.710166191284088 ) ) ;
#1726 = LINE ( 'NONE', #1036, #1855 ) ;
#1727 = VERTEX_POINT ( 'NONE', #1695 ) ;
#1728 = EDGE_CURVE ( 'NONE', #430, #333, #117, .T. ) ;
#1729 = CARTESIAN_POINT ( 'NONE',  ( 712.2308371818534170, 925.8688671884357291, 1327.737769723169549 ) ) ;
#1730 = CARTESIAN_POINT ( 'NONE',  ( 711.0097652361417886, 935.9295185137389126, 1340.194041283380329 ) ) ;
#1731 = ORIENTED_EDGE ( 'NONE', *, *, #1112, .T. ) ;
#1732 = ADVANCED_FACE ( 'NONE', ( #1992 ), #2007, .F. ) ;
#1733 = CARTESIAN_POINT ( 'NONE',  ( 712.4036837467551777, 923.5181000079078331, 1325.809459890135713 ) ) ;
#1734 = B_SPLINE_CURVE_WITH_KNOTS ( 'NONE', 3,
 ( #1273, #1971, #190, #62 ),
 .UNSPECIFIED., .F., .F.,
 ( 4, 4 ),
 ( 0.000000000000000000, 1.000000000000000000 ),
 .UNSPECIFIED. ) ;
#1735 = B_SPLINE_SURFACE_WITH_KNOTS ( 'NONE', 1, 3, ( 
 ( #230, #404, #76, #2011, #1456, #2157 ),
 ( #1104, #448, #1805, #1290, #1975, #793 ) ),
 .UNSPECIFIED., .F., .F., .F.,
 ( 2, 2 ),
 ( 4, 2, 4 ),
 ( 0.000000000000000000, 1.000000000000000000 ),
 ( 0.000000000000000000, 0.5000000000000000000, 1.000000000000000000 ),
 .UNSPECIFIED. ) ;
#1736 = VERTEX_POINT ( 'NONE', #636 ) ;
#1737 = ORIENTED_EDGE ( 'NONE', *, *, #2123, .T. ) ;
#1738 = AXIS2_PLACEMENT_3D ( 'NONE', #1944, #897, #208 ) ;
#1739 = CARTESIAN_POINT ( 'NONE',  ( 715.0587538457671144, 945.0493020099843307, 1349.232873239355058 ) ) ;
#1740 = AXIS2_PLACEMENT_3D ( 'NONE', #548, #1250, #1980 ) ;
#1741 = CARTESIAN_POINT ( 'NONE',  ( 714.6336454759052685, 925.4521445559082622, 1332.554163080330000 ) ) ;
#1742 = CIRCLE ( 'NONE', #1336, 5.999999999999979572 ) ;
#1743 = DIRECTION ( 'NONE',  ( 0.9670592738890149143, -0.1387389754671343733, 0.2134194402381871247 ) ) ;
#1744 = ORIENTED_EDGE ( 'NONE', *, *, #2043, .F. ) ;
#1745 = CARTESIAN_POINT ( 'NONE',  ( 714.1053841407140226, 925.1872252760111905, 1329.263061985163404 ) ) ;
#1746 = VECTOR ( 'NONE', #1488, 1000.000000000000114 ) ;
#1747 = CARTESIAN_POINT ( 'NONE',  ( 717.8909502912644029, 927.4712602185198875, 1331.339824274038847 ) ) ;
#1748 = ORIENTED_EDGE ( 'NONE', *, *, #2163, .F. ) ;
#1749 = CARTESIAN_POINT ( 'NONE',  ( 711.6462805367519877, 929.0877128200610287, 1334.068841506207718 ) ) ;
#1750 = ADVANCED_FACE ( 'NONE', ( #421 ), #1125, .T. ) ;
#1751 = CARTESIAN_POINT ( 'NONE',  ( 712.1612874821800006, 926.2628709829748459, 1332.864277635900180 ) ) ;
#1752 = ORIENTED_EDGE ( 'NONE', *, *, #973, .T. ) ;
#1753 = DIRECTION ( 'NONE',  ( -0.07317157541021192257, 0.6515180314347918111, 0.7550961364404676912 ) ) ;
#1754 = CARTESIAN_POINT ( 'NONE',  ( 712.9991318203067294, 924.4947751418199005, 1333.221817796707683 ) ) ;
#1755 = ORIENTED_EDGE ( 'NONE', *, *, #996, .F. ) ;
#1756 = CARTESIAN_POINT ( 'NONE',  ( 717.6714355650337893, 929.4258143128241727, 1333.605112683360176 ) ) ;
#1757 = DIRECTION ( 'NONE',  ( 0.5212750289935844661, -0.6204890829809657227, 0.5858887625216735451 ) ) ;
#1758 = EDGE_LOOP ( 'NONE', ( #690, #439, #2134, #1772 ) ) ;
#1759 = CARTESIAN_POINT ( 'NONE',  ( 711.6784547273335875, 929.6296729544686741, 1333.003151578777761 ) ) ;
#1760 = LINE ( 'NONE', #1586, #1301 ) ;
#1761 = ADVANCED_FACE ( 'NONE', ( #98 ), #616, .T. ) ;
#1762 = EDGE_CURVE ( 'NONE', #658, #955, #12, .T. ) ;
#1763 = APPROVAL_STATUS ( 'not_yet_approved' ) ;
#1764 = ADVANCED_FACE ( 'NONE', ( #2188 ), #1160, .T. ) ;
#1765 = CARTESIAN_POINT ( 'NONE',  ( 716.6245988056198257, 938.7468248405236864, 1344.407974150888322 ) ) ;
#1766 = DIRECTION ( 'NONE',  ( -0.07317157541021192257, 0.6515180314347918111, 0.7550961364404675802 ) ) ;
#1767 = CARTESIAN_POINT ( 'NONE',  ( 713.2038291064905025, 933.4278067733071111, 1339.323984233332339 ) ) ;
#1768 = CARTESIAN_POINT ( 'NONE',  ( 716.3610051414630107, 926.1356128056913803, 1335.594110436389883 ) ) ;
#1769 = VERTEX_POINT ( 'NONE', #444 ) ;
#1770 = CARTESIAN_POINT ( 'NONE',  ( 714.5437853910723334, 933.1487488107101171, 1330.089780108230116 ) ) ;
#1771 = CARTESIAN_POINT ( 'NONE',  ( 717.2067960611791477, 933.5629538124352393, 1338.399973149757216 ) ) ;
#1772 = ORIENTED_EDGE ( 'NONE', *, *, #472, .T. ) ;
#1773 = EDGE_CURVE ( 'NONE', #1385, #2069, #835, .T. ) ;
#1774 = EDGE_CURVE ( 'NONE', #2079, #795, #2179, .T. ) ;
#1775 = CARTESIAN_POINT ( 'NONE',  ( 712.6259269870122353, 922.1257314812020240, 1328.069417171462874 ) ) ;
#1776 = CARTESIAN_POINT ( 'NONE',  ( 717.5491670504325157, 913.7180325823154590, 1313.119721856200158 ) ) ;
#1777 = AXIS2_PLACEMENT_3D ( 'NONE', #2010, #823, #1493 ) ;
#1778 = CARTESIAN_POINT ( 'NONE',  ( 715.3074858852728539, 926.5209543438035098, 1338.777326243498237 ) ) ;
#1779 = ORIENTED_EDGE ( 'NONE', *, *, #26, .F. ) ;
#1780 = AXIS2_PLACEMENT_3D ( 'NONE', #1907, #323, #1720 ) ;
#1781 = CARTESIAN_POINT ( 'NONE',  ( 713.0336524214990277, 934.9408499363481724, 1347.343899745169665 ) ) ;
#1782 = PRODUCT_DEFINITION_FORMATION_WITH_SPECIFIED_SOURCE ( 'ANY', '', #1786, .NOT_KNOWN. ) ;
#1783 = DIRECTION ( 'NONE',  ( 0.07317157541021192257, -0.6515180314347925883, -0.7550961364404669141 ) ) ;
#1784 = ORIENTED_EDGE ( 'NONE', *, *, #103, .F. ) ;
#1785 = B_SPLINE_CURVE_WITH_KNOTS ( 'NONE', 3,
 ( #1178, #2057, #1392, #499, #1913, #1369 ),
 .UNSPECIFIED., .F., .F.,
 ( 4, 2, 4 ),
 ( 0.000000000000000000, 0.5000000000000000000, 1.000000000000000000 ),
 .UNSPECIFIED. ) ;
#1786 = PRODUCT ( 'camBarrelWithNoHoleTop', 'camBarrelWithNoHoleTop', '', ( #242 ) ) ;
#1787 = DIRECTION ( 'NONE',  ( -0.9919843412354888423, 0.03066321599953540991, -0.1225839872420494137 ) ) ;
#1788 = CARTESIAN_POINT ( 'NONE',  ( 712.4014675241345458, 926.3114137029416497, 1327.372100114059322 ) ) ;
#1789 = CC_DESIGN_PERSON_AND_ORGANIZATION_ASSIGNMENT ( #1813, #876, ( #1782 ) ) ;
#1790 = ADVANCED_FACE ( 'NONE', ( #798 ), #285, .T. ) ;
#1791 = DIRECTION ( 'NONE',  ( -0.1030193530950540420, -0.7580132069704451636, 0.6440520095040909165 ) ) ;
#1792 = ORIENTED_EDGE ( 'NONE', *, *, #258, .T. ) ;
#1793 = DIRECTION ( 'NONE',  ( 0.07317157541021192257, -0.6515180314347918111, -0.7550961364404676912 ) ) ;
#1794 = PLANE ( 'NONE',  #708 ) ;
#1795 = ORIENTED_EDGE ( 'NONE', *, *, #1393, .T. ) ;
#1796 = ORIENTED_EDGE ( 'NONE', *, *, #469, .F. ) ;
#1797 = ORIENTED_EDGE ( 'NONE', *, *, #300, .F. ) ;
#1798 = FACE_OUTER_BOUND ( 'NONE', #1390, .T. ) ;
#1799 = CARTESIAN_POINT ( 'NONE',  ( 712.1648723574611495, 924.7918287412528571, 1329.857328533277268 ) ) ;
#1800 = CARTESIAN_POINT ( 'NONE',  ( 712.4036837467551777, 923.5181000079078331, 1325.809459890135713 ) ) ;
#1801 = ORIENTED_EDGE ( 'NONE', *, *, #1012, .F. ) ;
#1802 = CARTESIAN_POINT ( 'NONE',  ( 712.3781203311993977, 932.7563237566134831, 1343.470231041165334 ) ) ;
#1803 = EDGE_CURVE ( 'NONE', #1318, #1287, #1251, .T. ) ;
#1804 = PERSON_AND_ORGANIZATION ( #1357, #1122 ) ;
#1805 = CARTESIAN_POINT ( 'NONE',  ( 714.8983895706871863, 922.8772582410579162, 1329.584806165646341 ) ) ;
#1806 = EDGE_LOOP ( 'NONE', ( #559, #2259, #1256, #794 ) ) ;
#1807 = VERTEX_POINT ( 'NONE', #1013 ) ;
#1808 = CARTESIAN_POINT ( 'NONE',  ( 714.6834831696044148, 934.1815682942368539, 1344.316732018332004 ) ) ;
#1809 = CARTESIAN_POINT ( 'NONE',  ( 716.7947186487987210, 930.5309009845533410, 1340.976181187773591 ) ) ;
#1810 = CARTESIAN_POINT ( 'NONE',  ( 717.4788728809195391, 924.4392073905751204, 1333.916032312306697 ) ) ;
#1811 = ORIENTED_EDGE ( 'NONE', *, *, #203, .F. ) ;
#1812 = CARTESIAN_POINT ( 'NONE',  ( 712.1612874821800006, 926.2628709829748459, 1332.864277635900180 ) ) ;
#1813 = PERSON_AND_ORGANIZATION ( #1357, #1122 ) ;
#1814 = LINE ( 'NONE', #92, #1885 ) ;
#1815 = EDGE_CURVE ( 'NONE', #1434, #506, #1411, .T. ) ;
#1816 = CIRCLE ( 'NONE', #1632, 4.000000000000000000 ) ;
#1817 = ORIENTED_EDGE ( 'NONE', *, *, #902, .F. ) ;
#1818 = ORIENTED_EDGE ( 'NONE', *, *, #399, .T. ) ;
#1819 = CARTESIAN_POINT ( 'NONE',  ( 716.8081946688392918, 927.0603204763081067, 1339.998996797460450 ) ) ;
#1820 = CYLINDRICAL_SURFACE ( 'NONE', #1047, 4.000000000000000000 ) ;
#1821 = CYLINDRICAL_SURFACE ( 'NONE', #1303, 1.900000000000244382 ) ;
#1822 = CARTESIAN_POINT ( 'NONE',  ( -112.2694310717167525, 999.6444426962395937, 1158.567560796140242 ) ) ;
#1823 = ORIENTED_EDGE ( 'NONE', *, *, #2123, .F. ) ;
#1824 = FACE_OUTER_BOUND ( 'NONE', #172, .T. ) ;
#1825 = CARTESIAN_POINT ( 'NONE',  ( 715.3021831968543438, 925.7975836946203572, 1334.214329066362779 ) ) ;
#1826 = APPROVAL_DATE_TIME ( #2156, #1590 ) ;
#1827 = CARTESIAN_POINT ( 'NONE',  ( 719.8441481236691288, 910.0800314573928063, 1311.183744147507923 ) ) ;
#1828 = EDGE_CURVE ( 'NONE', #1002, #58, #1853, .T. ) ;
#1829 = EDGE_CURVE ( 'NONE', #231, #2224, #1726, .T. ) ;
#1830 = ORIENTED_EDGE ( 'NONE', *, *, #2052, .F. ) ;
#1831 = CARTESIAN_POINT ( 'NONE',  ( 714.4054126573873873, 922.7815904414491115, 1327.080542277118411 ) ) ;
#1832 = EDGE_CURVE ( 'NONE', #1846, #1905, #1157, .T. ) ;
#1833 = CARTESIAN_POINT ( 'NONE',  ( 715.1481226752750899, 930.0444287939226342, 1339.521871552881521 ) ) ;
#1834 = DIRECTION ( 'NONE',  ( 0.07317157541021192257, -0.6515180314347918111, -0.7550961364404676912 ) ) ;
#1835 = ORIENTED_EDGE ( 'NONE', *, *, #772, .T. ) ;
#1836 = CARTESIAN_POINT ( 'NONE',  ( 723.1071022187342123, 935.4691149231491636, 1358.278840543187926 ) ) ;
#1837 = CARTESIAN_POINT ( 'NONE',  ( 716.5067927894516515, 923.8268244128205424, 1332.808588783652112 ) ) ;
#1838 = LINE ( 'NONE', #2203, #1957 ) ;
#1839 = ORIENTED_EDGE ( 'NONE', *, *, #699, .T. ) ;
#1840 = VERTEX_POINT ( 'NONE', #689 ) ;
#1841 = CARTESIAN_POINT ( 'NONE',  ( 713.4969486316583698, 942.4697593384095171, 1340.892641575758262 ) ) ;
#1842 = CARTESIAN_POINT ( 'NONE',  ( 716.0421532836944607, 927.9639639129125044, 1337.603449249449795 ) ) ;
#1843 = EDGE_CURVE ( 'NONE', #1807, #522, #1120, .T. ) ;
#1844 = B_SPLINE_CURVE_WITH_KNOTS ( 'NONE', 1,
 ( #436, #1139 ),
 .UNSPECIFIED., .F., .F.,
 ( 2, 2 ),
 ( 0.000000000000000000, 1.000000000000000000 ),
 .UNSPECIFIED. ) ;
#1845 = CARTESIAN_POINT ( 'NONE',  ( 714.6572947267384279, 931.5089311817498583, 1340.876462524644012 ) ) ;
#1846 = VERTEX_POINT ( 'NONE', #1348 ) ;
#1847 = DIRECTION ( 'NONE',  ( 0.07317157541021192257, -0.6515180314347918111, -0.7550961364404676912 ) ) ;
#1848 = VECTOR ( 'NONE', #1092, 1000.000000000000114 ) ;
#1849 = CARTESIAN_POINT ( 'NONE',  ( 714.5167151030960895, 922.6985892851420203, 1327.758363741098947 ) ) ;
#1850 = AXIS2_PLACEMENT_3D ( 'NONE', #697, #889, #1589 ) ;
#1851 = CARTESIAN_POINT ( 'NONE',  ( 712.0506194195825174, 928.7220981398519370, 1336.656272431545858 ) ) ;
#1852 = AXIS2_PLACEMENT_3D ( 'NONE', #1627, #39, #1138 ) ;
#1853 = B_SPLINE_CURVE_WITH_KNOTS ( 'NONE', 3,
 ( #1524, #1360, #1754, #521, #2223, #648 ),
 .UNSPECIFIED., .F., .F.,
 ( 4, 2, 4 ),
 ( 0.000000000000000000, 0.5000000000000000000, 1.000000000000000000 ),
 .UNSPECIFIED. ) ;
#1854 = ORIENTED_EDGE ( 'NONE', *, *, #1704, .F. ) ;
#1855 = VECTOR ( 'NONE', #332, 1000.000000000000114 ) ;
#1856 = AXIS2_PLACEMENT_3D ( 'NONE', #1346, #327, #676 ) ;
#1857 = DIRECTION ( 'NONE',  ( 0.07317157541021192257, -0.6515180314347918111, -0.7550961364404675802 ) ) ;
#1858 = DIRECTION ( 'NONE',  ( -0.07317157541021195033, 0.6515180314347930324, 0.7550961364404666920 ) ) ;
#1859 = CARTESIAN_POINT ( 'NONE',  ( 717.2728341757469934, 922.9231809766029073, 1335.204136331440623 ) ) ;
#1860 = VERTEX_POINT ( 'NONE', #1708 ) ;
#1861 = ADVANCED_FACE ( 'NONE', ( #678 ), #664, .F. ) ;
#1862 = EDGE_CURVE ( 'NONE', #942, #1198, #1194, .T. ) ;
#1863 = CARTESIAN_POINT ( 'NONE',  ( 713.2044551907033565, 928.6507775085157164, 1339.301028644496682 ) ) ;
#1864 = CARTESIAN_POINT ( 'NONE',  ( 716.3610051414627833, 926.1356128056911530, 1335.594110436389656 ) ) ;
#1865 = B_SPLINE_CURVE_WITH_KNOTS ( 'NONE', 3,
 ( #227, #1995, #1454, #790 ),
 .UNSPECIFIED., .F., .F.,
 ( 4, 4 ),
 ( 0.000000000000000000, 1.000000000000000000 ),
 .UNSPECIFIED. ) ;
#1866 = CARTESIAN_POINT ( 'NONE',  ( 713.4268581889988354, 931.4995073319237235, 1335.841460149900740 ) ) ;
#1867 = VERTEX_POINT ( 'NONE', #1532 ) ;
#1868 = CARTESIAN_POINT ( 'NONE',  ( 715.1219342322165176, 927.3717916812440762, 1336.081602059176475 ) ) ;
#1869 = CARTESIAN_POINT ( 'NONE',  ( 717.2728341757469934, 922.9231809766029073, 1335.204136331440623 ) ) ;
#1870 = CARTESIAN_POINT ( 'NONE',  ( 718.8272566732985069, 935.2181369801222672, 1345.538388666240962 ) ) ;
#1871 = B_SPLINE_SURFACE_WITH_KNOTS ( 'NONE', 1, 3, ( 
 ( #769, #1156, #1658, #601, #105, #805 ),
 ( #2038, #2171, #1305, #1831, #259, #957 ) ),
 .UNSPECIFIED., .F., .F., .F.,
 ( 2, 2 ),
 ( 4, 2, 4 ),
 ( 0.000000000000000000, 1.000000000000000000 ),
 ( 0.000000000000000000, 0.5000000000000000000, 1.000000000000000000 ),
 .UNSPECIFIED. ) ;
#1872 = ORIENTED_EDGE ( 'NONE', *, *, #130, .T. ) ;
#1873 = CARTESIAN_POINT ( 'NONE',  ( 718.1360750688885446, 925.2886748132133334, 1328.810252216963136 ) ) ;
#1874 = CYLINDRICAL_SURFACE ( 'NONE', #1705, 2.500000000000014211 ) ;
#1875 = CARTESIAN_POINT ( 'NONE',  ( 712.8427598370610667, 928.6191842553226934, 1338.675370576412206 ) ) ;
#1876 = EDGE_CURVE ( 'NONE', #1458, #722, #713, .T. ) ;
#1877 = DIRECTION ( 'NONE',  ( 0.000000000000000000, -0.7571257123220939134, 0.6532692061782507942 ) ) ;
#1878 = LINE ( 'NONE', #150, #1522 ) ;
#1879 = CARTESIAN_POINT ( 'NONE',  ( 711.6966479773477658, 930.4000104847477814, 1337.659138100336804 ) ) ;
#1880 = DIRECTION ( 'NONE',  ( 0.07317157541021192257, -0.6515180314347918111, -0.7550961364404676912 ) ) ;
#1881 = EDGE_LOOP ( 'NONE', ( #104, #1132, #1752, #1361 ) ) ;
#1882 = CARTESIAN_POINT ( 'NONE',  ( 716.7421565573241651, 937.7000933120460786, 1343.194833616154028 ) ) ;
#1883 = CARTESIAN_POINT ( 'NONE',  ( 720.5509873565599719, 913.8386807061339141, 1318.802499565801782 ) ) ;
#1884 = DIRECTION ( 'NONE',  ( 0.5212750289935844661, -0.6204890829809657227, 0.5858887625216735451 ) ) ;
#1885 = VECTOR ( 'NONE', #1494, 1000.000000000000114 ) ;
#1886 = EDGE_LOOP ( 'NONE', ( #1994, #135, #1240, #38, #1058, #238, #679, #1167, #274, #221, #1635, #2262 ) ) ;
#1887 = EDGE_CURVE ( 'NONE', #46, #1896, #151, .T. ) ;
#1888 = EDGE_CURVE ( 'NONE', #1050, #308, #1376, .T. ) ;
#1889 = VECTOR ( 'NONE', #800, 1000.000000000000114 ) ;
#1890 = ORIENTED_EDGE ( 'NONE', *, *, #2207, .T. ) ;
#1891 = LINE ( 'NONE', #2266, #167 ) ;
#1892 = AXIS2_PLACEMENT_3D ( 'NONE', #538, #1068, #1791 ) ;
#1893 = CARTESIAN_POINT ( 'NONE',  ( 711.4283945870454318, 931.1490127459563837, 1336.038278525071519 ) ) ;
#1894 = CIRCLE ( 'NONE', #239, 4.000000000000000000 ) ;
#1895 = CARTESIAN_POINT ( 'NONE',  ( 715.0084248949270886, 929.0116093110991642, 1325.294919641833076 ) ) ;
#1896 = VERTEX_POINT ( 'NONE', #1054 ) ;
#1897 = CARTESIAN_POINT ( 'NONE',  ( 716.9616712835547787, 935.7455392177417934, 1340.929545206832699 ) ) ;
#1898 = DIRECTION ( 'NONE',  ( -0.07317157541021399036, 0.6515180314347943646, 0.7550961364404653597 ) ) ;
#1899 = CARTESIAN_POINT ( 'NONE',  ( 715.5775137779372699, 932.1011034130043527, 1342.398309715247478 ) ) ;
#1900 = ORIENTED_EDGE ( 'NONE', *, *, #1185, .T. ) ;
#1901 = CARTESIAN_POINT ( 'NONE',  ( 715.2885412568350603, 930.8203901500279471, 1344.050629188504672 ) ) ;
#1902 = CARTESIAN_POINT ( 'NONE',  ( 716.3270238404417114, 930.3898066333096040, 1340.735310891609060 ) ) ;
#1903 = EDGE_CURVE ( 'NONE', #84, #658, #806, .T. ) ;
#1904 = CARTESIAN_POINT ( 'NONE',  ( 710.3635974476934507, 881.6255511517427976, 1340.113703011418465 ) ) ;
#1905 = VERTEX_POINT ( 'NONE', #1895 ) ;
#1906 = FACE_OUTER_BOUND ( 'NONE', #820, .T. ) ;
#1907 = CARTESIAN_POINT ( 'NONE',  ( 719.8441481236691288, 910.0800314573928063, 1311.183744147507923 ) ) ;
#1908 = ORIENTED_EDGE ( 'NONE', *, *, #1213, .F. ) ;
#1909 = FACE_OUTER_BOUND ( 'NONE', #1037, .T. ) ;
#1910 = ORIENTED_EDGE ( 'NONE', *, *, #1350, .T. ) ;
#1911 = ORIENTED_EDGE ( 'NONE', *, *, #2264, .F. ) ;
#1912 = CARTESIAN_POINT ( 'NONE',  ( 716.5067927894516515, 923.8268244128205424, 1332.808588783652112 ) ) ;
#1913 = CARTESIAN_POINT ( 'NONE',  ( 713.5257936150393334, 930.9842003924200071, 1336.994250983194434 ) ) ;
#1914 = VERTEX_POINT ( 'NONE', #320 ) ;
#1915 = VERTEX_POINT ( 'NONE', #142 ) ;
#1916 = CARTESIAN_POINT ( 'NONE',  ( 712.1430942309041257, 925.4925334524052687, 1328.208291114547592 ) ) ;
#1917 = ADVANCED_FACE ( 'NONE', ( #2074 ), #1202, .F. ) ;
#1918 = CARTESIAN_POINT ( 'NONE',  ( 717.8909502912646303, 927.4712602185200012, 1331.339824274038847 ) ) ;
#1919 = ORIENTED_EDGE ( 'NONE', *, *, #1113, .F. ) ;
#1920 = CARTESIAN_POINT ( 'NONE',  ( 713.2039298231904922, 933.4279840561418951, 1339.325282721699978 ) ) ;
#1921 = CARTESIAN_POINT ( 'NONE',  ( 712.2384866016782325, 924.7576240901883011, 1330.449907205286081 ) ) ;
#1922 = AXIS2_PLACEMENT_3D ( 'NONE', #41, #1399, #1935 ) ;
#1923 = APPROVAL_ROLE ( '' ) ;
#1924 = AXIS2_PLACEMENT_3D ( 'NONE', #1973, #1847, #1102 ) ;
#1925 = DIRECTION ( 'NONE',  ( 0.03345502309866537488, -0.7550961364404676912, 0.6547599454472963210 ) ) ;
#1926 = ORIENTED_EDGE ( 'NONE', *, *, #973, .F. ) ;
#1927 = LINE ( 'NONE', #1776, #2138 ) ;
#1928 = CIRCLE ( 'NONE', #391, 2.500000000000014211 ) ;
#1929 = EDGE_CURVE ( 'NONE', #1304, #1243, #607, .T. ) ;
#1930 = PLANE ( 'NONE',  #604 ) ;
#1931 = EDGE_CURVE ( 'NONE', #1510, #22, #1096, .T. ) ;
#1932 = ORIENTED_EDGE ( 'NONE', *, *, #1862, .T. ) ;
#1933 = CARTESIAN_POINT ( 'NONE',  ( 717.0533194495163798, 924.8777350709071925, 1337.469424740761951 ) ) ;
#1934 = EDGE_CURVE ( 'NONE', #184, #1896, #1928, .T. ) ;
#1935 = DIRECTION ( 'NONE',  ( -0.03345502309867742774, 0.7550961364404806808, -0.6547599454472807778 ) ) ;
#1936 = ORIENTED_EDGE ( 'NONE', *, *, #1229, .F. ) ;
#1937 = CARTESIAN_POINT ( 'NONE',  ( 714.5928896923936691, 929.8044977545800975, 1338.440110978086295 ) ) ;
#1938 = DIRECTION ( 'NONE',  ( 0.07317157541021192257, -0.6515180314347918111, -0.7550961364404676912 ) ) ;
#1939 = VERTEX_POINT ( 'NONE', #579 ) ;
#1940 = CARTESIAN_POINT ( 'NONE',  ( 713.6067823331811724, 932.8440350258282479, 1345.366456824635861 ) ) ;
#1941 = CARTESIAN_POINT ( 'NONE',  ( 714.8428463785645590, 930.6580938441359194, 1343.572186708996242 ) ) ;
#1942 = VERTEX_POINT ( 'NONE', #47 ) ;
#1943 = CARTESIAN_POINT ( 'NONE',  ( 714.0541491925857827, 924.5471790178027049, 1335.172108619208757 ) ) ;
#1944 = CARTESIAN_POINT ( 'NONE',  ( -101.9267546797989326, 1031.283990399576169, 1132.270318695000469 ) ) ;
#1945 = EDGE_CURVE ( 'NONE', #1640, #1192, #124, .T. ) ;
#1946 = CARTESIAN_POINT ( 'NONE',  ( 714.0714218397642981, 928.7068955251224907, 1340.571596359611249 ) ) ;
#1947 = CARTESIAN_POINT ( 'NONE',  ( 714.1282501870697388, 933.9416372552018402, 1343.234971443468794 ) ) ;
#1948 = CARTESIAN_POINT ( 'NONE',  ( 718.0116725107197908, 934.0361228285731841, 1341.427910068555093 ) ) ;
#1949 = CARTESIAN_POINT ( 'NONE',  ( 715.0575291977175993, 925.6673582539582412, 1333.645250512704024 ) ) ;
#1950 = ORIENTED_EDGE ( 'NONE', *, *, #651, .F. ) ;
#1951 = CARTESIAN_POINT ( 'NONE',  ( 716.5886799426085645, 929.0148745706125055, 1342.264285206781551 ) ) ;
#1952 = FACE_OUTER_BOUND ( 'NONE', #457, .T. ) ;
#1953 = EDGE_LOOP ( 'NONE', ( #1987, #2184, #1737, #2084 ) ) ;
#1954 = ADVANCED_FACE ( 'NONE', ( #1798 ), #985, .F. ) ;
#1955 = ADVANCED_FACE ( 'NONE', ( #366 ), #899, .T. ) ;
#1956 = CARTESIAN_POINT ( 'NONE',  ( 715.4136791088744758, 933.0184090095519878, 1346.788274124023019 ) ) ;
#1957 = VECTOR ( 'NONE', #1115, 1000.000000000000114 ) ;
#1958 = CARTESIAN_POINT ( 'NONE',  ( 712.1109200408968718, 924.9505733182429594, 1329.273981041664456 ) ) ;
#1959 = CIRCLE ( 'NONE', #2031, 4.000000000000000000 ) ;
#1960 = CARTESIAN_POINT ( 'NONE',  ( 713.4088238432880189, 930.2479252736701483, 1341.843512242188808 ) ) ;
#1961 = ORIENTED_EDGE ( 'NONE', *, *, #1325, .F. ) ;
#1962 = AXIS2_PLACEMENT_3D ( 'NONE', #1653, #652, #1665 ) ;
#1963 = CARTESIAN_POINT ( 'NONE',  ( 711.7661976785664137, 930.0060066903364486, 1332.532630187649374 ) ) ;
#1964 = CIRCLE ( 'NONE', #1856, 5.999999999999979572 ) ;
#1965 = CARTESIAN_POINT ( 'NONE',  ( 720.0893214575163483, 932.0226047198559627, 1344.444877781962532 ) ) ;
#1966 = ORIENTED_EDGE ( 'NONE', *, *, #2013, .F. ) ;
#1967 = ORIENTED_EDGE ( 'NONE', *, *, #612, .F. ) ;
#1968 = CARTESIAN_POINT ( 'NONE',  ( 717.6714355650337893, 929.4258143128241727, 1333.605112683360176 ) ) ;
#1969 = DIRECTION ( 'NONE',  ( -0.03345502309867742774, 0.7550961364404806808, -0.6547599454472807778 ) ) ;
#1970 = EDGE_CURVE ( 'NONE', #304, #1308, #125, .T. ) ;
#1971 = CARTESIAN_POINT ( 'NONE',  ( 716.4809143000701397, 932.2081442519529446, 1343.935121250891598 ) ) ;
#1972 = ORIENTED_EDGE ( 'NONE', *, *, #671, .T. ) ;
#1973 = CARTESIAN_POINT ( 'NONE',  ( 716.7421565573240514, 937.7000933120460786, 1343.194833616154028 ) ) ;
#1974 = APPROVAL_DATE_TIME ( #585, #1418 ) ;
#1975 = CARTESIAN_POINT ( 'NONE',  ( 716.0229746366817380, 923.4845852509641873, 1332.085088951217813 ) ) ;
#1976 = ORIENTED_EDGE ( 'NONE', *, *, #482, .F. ) ;
#1977 = ORIENTED_EDGE ( 'NONE', *, *, #1594, .T. ) ;
#1978 = ORIENTED_EDGE ( 'NONE', *, *, #1285, .T. ) ;
#1979 = CARTESIAN_POINT ( 'NONE',  ( 715.4317261299261190, 934.4098918058123218, 1345.183831368141909 ) ) ;
#1980 = DIRECTION ( 'NONE',  ( 0.03345502309866537488, -0.7550961364404676912, 0.6547599454472963210 ) ) ;
#1981 = CARTESIAN_POINT ( 'NONE',  ( 716.8081946688392918, 927.0603204763081067, 1339.998996797460450 ) ) ;
#1982 = EDGE_LOOP ( 'NONE', ( #1333, #2050, #422, #1961 ) ) ;
#1983 = EDGE_CURVE ( 'NONE', #1116, #750, #752, .T. ) ;
#1984 = CALENDAR_DATE ( 2026, 26, 4 ) ;
#1985 = CARTESIAN_POINT ( 'NONE',  ( 720.7527775318533259, 920.4806772624464202, 1329.239290753091154 ) ) ;
#1986 = VERTEX_POINT ( 'NONE', #408 ) ;
#1987 = ORIENTED_EDGE ( 'NONE', *, *, #609, .T. ) ;
#1988 = ORIENTED_EDGE ( 'NONE', *, *, #996, .T. ) ;
#1989 = DIRECTION ( 'NONE',  ( 0.07317157541021193645, -0.6515180314347918111, -0.7550961364404676912 ) ) ;
#1990 = CARTESIAN_POINT ( 'NONE',  ( 717.0212499556315606, 935.2150520862370513, 1340.314721419763600 ) ) ;
#1991 = VECTOR ( 'NONE', #915, 1000.000000000000114 ) ;
#1992 = FACE_OUTER_BOUND ( 'NONE', #393, .T. ) ;
#1993 = B_SPLINE_SURFACE_WITH_KNOTS ( 'NONE', 1, 3, ( 
 ( #504, #1398, #707, #727, #551, #516 ),
 ( #6, #1920, #349, #1262, #1574, #1389 ) ),
 .UNSPECIFIED., .F., .F., .F.,
 ( 2, 2 ),
 ( 4, 2, 4 ),
 ( 0.000000000000000000, 1.000000000000000000 ),
 ( 0.000000000000000000, 0.5000000000000000000, 1.000000000000000000 ),
 .UNSPECIFIED. ) ;
#1994 = ORIENTED_EDGE ( 'NONE', *, *, #16, .T. ) ;
#1995 = CARTESIAN_POINT ( 'NONE',  ( 715.8640914127931865, 932.3036703870359361, 1342.826672593351304 ) ) ;
#1996 = VECTOR ( 'NONE', #1108, 1000.000000000000000 ) ;
#1997 = EDGE_CURVE ( 'NONE', #1484, #178, #700, .T. ) ;
#1998 = ADVANCED_FACE ( 'NONE', ( #1107 ), #1603, .F. ) ;
#1999 = AXIS2_PLACEMENT_3D ( 'NONE', #2085, #1880, #307 ) ;
#2000 = DATE_AND_TIME ( #1984, #241 ) ;
#2001 = DIRECTION ( 'NONE',  ( -0.03345502309866865004, 0.7550961364404729093, -0.6547599454472901037 ) ) ;
#2002 = VECTOR ( 'NONE', #839, 1000.000000000000114 ) ;
#2003 = EDGE_CURVE ( 'NONE', #445, #987, #24, .T. ) ;
#2004 = ORIENTED_EDGE ( 'NONE', *, *, #1535, .F. ) ;
#2005 = LINE ( 'NONE', #1673, #1746 ) ;
#2006 = CARTESIAN_POINT ( 'NONE',  ( 714.3130033723858787, 925.9705007396988776, 1327.851484148360669 ) ) ;
#2007 = PLANE ( 'NONE',  #858 ) ;
#2008 = ORIENTED_EDGE ( 'NONE', *, *, #31, .F. ) ;
#2009 = CARTESIAN_POINT ( 'NONE',  ( -102.0991107521249859, 1027.255295171493799, 1130.432348780818302 ) ) ;
#2010 = CARTESIAN_POINT ( 'NONE',  ( 717.8909502912644029, 927.4712602185198875, 1331.339824274038847 ) ) ;
#2011 = CARTESIAN_POINT ( 'NONE',  ( 714.3381028558668504, 921.9736462717647782, 1332.253791312181875 ) ) ;
#2012 = ORIENTED_EDGE ( 'NONE', *, *, #1447, .T. ) ;
#2013 = EDGE_CURVE ( 'NONE', #1860, #2149, #1659, .T. ) ;
#2014 = CARTESIAN_POINT ( 'NONE',  ( 718.3555897951193856, 923.3341207189090483, 1326.544963807641807 ) ) ;
#2015 = DIRECTION ( 'NONE',  ( 0.5212750289935844661, -0.6204890829809657227, 0.5858887625216735451 ) ) ;
#2016 = CARTESIAN_POINT ( 'NONE',  ( 711.7002328530458044, 928.9289682431448227, 1334.652188997511985 ) ) ;
#2017 = ORIENTED_EDGE ( 'NONE', *, *, #427, .T. ) ;
#2018 = DIRECTION ( 'NONE',  ( 0.07317157541021192257, -0.6515180314347918111, -0.7550961364404675802 ) ) ;
#2019 = DIRECTION ( 'NONE',  ( -0.1030193536038691848, -0.7580132069547166340, 0.6440520094412149898 ) ) ;
#2020 = CARTESIAN_POINT ( 'NONE',  ( 715.6341762505320503, 939.9257540981875536, 1343.294785502096829 ) ) ;
#2021 = ORIENTED_EDGE ( 'NONE', *, *, #156, .T. ) ;
#2022 = CC_DESIGN_DATE_AND_TIME_ASSIGNMENT ( #2000, #1642, ( #1234 ) ) ;
#2023 = EDGE_CURVE ( 'NONE', #1942, #1484, #556, .T. ) ;
#2024 = LINE ( 'NONE', #267, #2036 ) ;
#2025 = CARTESIAN_POINT ( 'NONE',  ( 716.7933551817213811, 924.0293806128150891, 1333.236928877449145 ) ) ;
#2026 = CARTESIAN_POINT ( 'NONE',  ( 716.7223676313454916, 922.7183103632941084, 1334.874965186118743 ) ) ;
#2027 = ORIENTED_EDGE ( 'NONE', *, *, #986, .T. ) ;
#2028 = DIRECTION ( 'NONE',  ( 0.07317157541021192257, -0.6515180314347918111, -0.7550961364404676912 ) ) ;
#2029 = VECTOR ( 'NONE', #1412, 1000.000000000000114 ) ;
#2030 = CARTESIAN_POINT ( 'NONE',  ( 714.6471259460787451, 922.7694796128859025, 1328.681643543081009 ) ) ;
#2031 = AXIS2_PLACEMENT_3D ( 'NONE', #992, #2051, #638 ) ;
#2032 = CARTESIAN_POINT ( 'NONE',  ( 713.5874360940832730, 930.9728682872464560, 1337.348084671279821 ) ) ;
#2033 = B_SPLINE_SURFACE_WITH_KNOTS ( 'NONE', 1, 3, ( 
 ( #859, #1029, #630, #462, #1721, #2227 ),
 ( #1343, #1866, #481, #1183, #1166, #994 ) ),
 .UNSPECIFIED., .F., .F., .F.,
 ( 2, 2 ),
 ( 4, 2, 4 ),
 ( 0.000000000000000000, 1.000000000000000000 ),
 ( 0.000000000000000000, 0.5000000000000000000, 1.000000000000000000 ),
 .UNSPECIFIED. ) ;
#2034 = CIRCLE ( 'NONE', #861, 2.500000000000074607 ) ;
#2035 = EDGE_LOOP ( 'NONE', ( #266, #1755, #1072, #654 ) ) ;
#2036 = VECTOR ( 'NONE', #759, 1000.000000000000114 ) ;
#2037 = APPROVAL_PERSON_ORGANIZATION ( #425, #1590, #65 ) ;
#2038 = CARTESIAN_POINT ( 'NONE',  ( 714.3876524295432091, 923.4567735782414957, 1326.054627862637744 ) ) ;
#2039 = CARTESIAN_POINT ( 'NONE',  ( 711.5132453597711901, 930.6709732915636550, 1336.812151305561883 ) ) ;
#2040 = CARTESIAN_POINT ( 'NONE',  ( 716.6245988056198257, 938.7468248405236864, 1344.407974150888322 ) ) ;
#2041 = ORIENTED_EDGE ( 'NONE', *, *, #537, .T. ) ;
#2042 = CARTESIAN_POINT ( 'NONE',  ( 713.9407731531397303, 926.9187299425731226, 1331.875402742201913 ) ) ;
#2043 = EDGE_CURVE ( 'NONE', #750, #1192, #1279, .T. ) ;
#2044 = PLANE ( 'NONE',  #744 ) ;
#2045 = CARTESIAN_POINT ( 'NONE',  ( 714.1720650551352492, 925.2221002794786955, 1330.236514998519169 ) ) ;
#2046 = CARTESIAN_POINT ( 'NONE',  ( 711.8917819483375524, 927.3078278684801035, 1330.899878522767040 ) ) ;
#2047 = CARTESIAN_POINT ( 'NONE',  ( 712.8484253460852642, 921.9930011367079032, 1329.177463590103116 ) ) ;
#2048 = FACE_OUTER_BOUND ( 'NONE', #550, .T. ) ;
#2049 = DIRECTION ( 'NONE',  ( 0.03345502309866865004, -0.7550961364404729093, 0.6547599454472901037 ) ) ;
#2050 = ORIENTED_EDGE ( 'NONE', *, *, #890, .T. ) ;
#2051 = DIRECTION ( 'NONE',  ( 0.07317157541021192257, -0.6515180314347918111, -0.7550961364404676912 ) ) ;
#2052 = EDGE_CURVE ( 'NONE', #1942, #1662, #2197, .T. ) ;
#2053 = CARTESIAN_POINT ( 'NONE',  ( 714.0541491925857827, 924.5471790178027049, 1335.172108619208757 ) ) ;
#2054 = CARTESIAN_POINT ( 'NONE',  ( 717.9446122115921298, 916.9411261210387920, 1315.873055753193512 ) ) ;
#2055 = CARTESIAN_POINT ( 'NONE',  ( 712.0595255610262484, 926.3629895741906921, 1332.430086908213752 ) ) ;
#2056 = CARTESIAN_POINT ( 'NONE',  ( 716.8768742375691545, 927.5656626142882715, 1339.569628791124387 ) ) ;
#2057 = CARTESIAN_POINT ( 'NONE',  ( 713.4269010350567441, 931.4998221257569639, 1335.841192170142676 ) ) ;
#2058 = DIRECTION ( 'NONE',  ( 0.03345502309866865004, -0.7550961364404729093, 0.6547599454472901037 ) ) ;
#2059 = ORIENTED_EDGE ( 'NONE', *, *, #1876, .F. ) ;
#2060 = DIRECTION ( 'NONE',  ( -0.5212750289935844661, 0.6204890829809657227, -0.5858887625216735451 ) ) ;
#2061 = DIRECTION ( 'NONE',  ( -0.07317157541021193645, 0.6515180314347929214, 0.7550961364404665810 ) ) ;
#2062 = CARTESIAN_POINT ( 'NONE',  ( 712.5344923146701603, 928.6319146432547313, 1338.016678261358493 ) ) ;
#2063 = EDGE_CURVE ( 'NONE', #178, #1736, #1232, .T. ) ;
#2064 = EDGE_CURVE ( 'NONE', #1349, #1939, #2024, .T. ) ;
#2065 = AXIS2_PLACEMENT_3D ( 'NONE', #694, #1793, #913 ) ;
#2066 = VERTEX_POINT ( 'NONE', #614 ) ;
#2067 = EDGE_CURVE ( 'NONE', #1769, #1914, #59, .T. ) ;
#2068 = CIRCLE ( 'NONE', #1850, 6.000000000000082601 ) ;
#2069 = VERTEX_POINT ( 'NONE', #2185 ) ;
#2070 = CARTESIAN_POINT ( 'NONE',  ( 718.7096989215941676, 936.2648685085998750, 1346.751529200975028 ) ) ;
#2071 = VECTOR ( 'NONE', #249, 1000.000000000000000 ) ;
#2072 = CARTESIAN_POINT ( 'NONE',  ( 715.8783186161667800, 928.8812695096412426, 1341.993413658407007 ) ) ;
#2073 = VECTOR ( 'NONE', #946, 1000.000000000000000 ) ;
#2074 = FACE_OUTER_BOUND ( 'NONE', #1758, .T. ) ;
#2075 = ORIENTED_EDGE ( 'NONE', *, *, #593, .F. ) ;
#2076 = CARTESIAN_POINT ( 'NONE',  ( 714.1331081149218107, 925.1535277710540868, 1329.734263303219905 ) ) ;
#2077 = DIRECTION ( 'NONE',  ( 0.07317157541021192257, -0.6515180314347918111, -0.7550961364404676912 ) ) ;
#2078 = FACE_OUTER_BOUND ( 'NONE', #1340, .T. ) ;
#2079 = VERTEX_POINT ( 'NONE', #1637 ) ;
#2080 = ORIENTED_EDGE ( 'NONE', *, *, #660, .F. ) ;
#2081 = CARTESIAN_POINT ( 'NONE',  ( 716.9455538062992446, 928.0710047522687773, 1339.140260784788097 ) ) ;
#2082 = EDGE_CURVE ( 'NONE', #1274, #1769, #441, .T. ) ;
#2083 = CARTESIAN_POINT ( 'NONE',  ( 715.8963656356417005, 930.2727523057163808, 1340.388970902180745 ) ) ;
#2084 = ORIENTED_EDGE ( 'NONE', *, *, #1862, .F. ) ;
#2085 = CARTESIAN_POINT ( 'NONE',  ( 716.9616712835546650, 935.7455392177416797, 1340.929545206832699 ) ) ;
#2086 = VERTEX_POINT ( 'NONE', #1144 ) ;
#2087 = CARTESIAN_POINT ( 'NONE',  ( 712.2384866016782325, 924.7576240901883011, 1330.449907205286081 ) ) ;
#2088 = CARTESIAN_POINT ( 'NONE',  ( 713.7344891471099118, 929.8123718962449402, 1332.890438697241279 ) ) ;
#2089 = EDGE_LOOP ( 'NONE', ( #2204, #2012, #1966, #295 ) ) ;
#2090 = CARTESIAN_POINT ( 'NONE',  ( 711.7738470970698472, 928.8947635920217181, 1335.244767669692692 ) ) ;
#2091 = DIRECTION ( 'NONE',  ( 0.07317157541021192257, -0.6515180314347918111, -0.7550961364404676912 ) ) ;
#2092 = EDGE_LOOP ( 'NONE', ( #396, #401, #1620, #597 ) ) ;
#2093 = DIRECTION ( 'NONE',  ( 0.07317157541021192257, -0.6515180314347918111, -0.7550961364404676912 ) ) ;
#2094 = EDGE_CURVE ( 'NONE', #1510, #1914, #1460, .T. ) ;
#2095 = ADVANCED_FACE ( 'NONE', ( #624 ), #2160, .T. ) ;
#2096 = DIRECTION ( 'NONE',  ( 0.03345502309866537488, -0.7550961364404676912, 0.6547599454472963210 ) ) ;
#2097 = VERTEX_POINT ( 'NONE', #1324 ) ;
#2098 = CARTESIAN_POINT ( 'NONE',  ( 719.5514618220283865, 912.6861035831325353, 1314.204128693270377 ) ) ;
#2099 = FACE_OUTER_BOUND ( 'NONE', #1449, .T. ) ;
#2100 = EDGE_LOOP ( 'NONE', ( #568, #1209, #621, #407 ) ) ;
#2101 = CARTESIAN_POINT ( 'NONE',  ( 714.5928896923936691, 929.8044977545800975, 1338.440110978086295 ) ) ;
#2102 = FACE_OUTER_BOUND ( 'NONE', #416, .T. ) ;
#2103 = PERSON_AND_ORGANIZATION_ROLE ( 'creator' ) ;
#2104 = CIRCLE ( 'NONE', #1628, 5.999999999999985789 ) ;
#2105 = CARTESIAN_POINT ( 'NONE',  ( 716.5886799426085645, 929.0148745706125055, 1342.264285206781551 ) ) ;
#2106 = AXIS2_PLACEMENT_3D ( 'NONE', #852, #1555, #477 ) ;
#2107 = CARTESIAN_POINT ( 'NONE',  ( 712.7398156846448956, 932.7879170096429107, 1344.095889109371683 ) ) ;
#2108 = EDGE_LOOP ( 'NONE', ( #1280, #375, #649, #163 ) ) ;
#2109 = DIRECTION ( 'NONE',  ( 0.5212750289935844661, -0.6204890829809657227, 0.5858887625216735451 ) ) ;
#2110 =( GEOMETRIC_REPRESENTATION_CONTEXT ( 3 ) GLOBAL_UNCERTAINTY_ASSIGNED_CONTEXT ( ( #1133 ) ) GLOBAL_UNIT_ASSIGNED_CONTEXT ( ( #2238, #1443, #2182 ) ) REPRESENTATION_CONTEXT ( 'NONE', 'WORKASPACE' ) );
#2111 = CARTESIAN_POINT ( 'NONE',  ( 711.9778848642180265, 926.5338337896803296, 1332.017290841232352 ) ) ;
#2112 = ORIENTED_EDGE ( 'NONE', *, *, #2277, .F. ) ;
#2113 = EDGE_CURVE ( 'NONE', #1867, #357, #589, .T. ) ;
#2114 = DIRECTION ( 'NONE',  ( 0.07317157541021192257, -0.6515180314347925883, -0.7550961364404669141 ) ) ;
#2115 = LINE ( 'NONE', #2132, #1700 ) ;
#2116 = B_SPLINE_CURVE_WITH_KNOTS ( 'NONE', 1,
 ( #2101, #217 ),
 .UNSPECIFIED., .F., .F.,
 ( 2, 2 ),
 ( 0.000000000000000000, 1.000000000000000000 ),
 .UNSPECIFIED. ) ;
#2117 = EDGE_LOOP ( 'NONE', ( #1176, #788, #148, #1910 ) ) ;
#2118 = CARTESIAN_POINT ( 'NONE',  ( 714.8277803952448721, 925.5449753146021976, 1333.110719910580428 ) ) ;
#2119 = PLANE ( 'NONE',  #1740 ) ;
#2120 = CARTESIAN_POINT ( 'NONE',  ( 711.9191463355773521, 930.2672801399980926, 1338.767184519115744 ) ) ;
#2121 = VERTEX_POINT ( 'NONE', #451 ) ;
#2122 = LINE ( 'NONE', #2131, #1848 ) ;
#2123 = EDGE_CURVE ( 'NONE', #184, #1198, #2005, .T. ) ;
#2124 = EDGE_CURVE ( 'NONE', #494, #685, #207, .T. ) ;
#2125 = CARTESIAN_POINT ( 'NONE',  ( 713.9407731531397303, 926.9187299425733499, 1331.875402742201686 ) ) ;
#2126 = EDGE_LOOP ( 'NONE', ( #1084, #315, #1744, #836 ) ) ;
#2127 = CARTESIAN_POINT ( 'NONE',  ( 712.1612874821800006, 926.2628709829748459, 1332.864277635900180 ) ) ;
#2128 = CARTESIAN_POINT ( 'NONE',  ( 713.2427860464207470, 933.4963792816641899, 1339.826235928659116 ) ) ;
#2129 = CARTESIAN_POINT ( 'NONE',  ( 716.3300791429086303, 934.6680404842272765, 1345.771041653918928 ) ) ;
#2130 = EDGE_LOOP ( 'NONE', ( #1797, #1722, #623, #1988, #367 ) ) ;
#2131 = CARTESIAN_POINT ( 'NONE',  ( 710.6562837493343068, 879.0194790260036370, 1337.093318465656694 ) ) ;
#2132 = CARTESIAN_POINT ( 'NONE',  ( 719.0295033577492632, 908.1356470924876021, 1318.079809935105686 ) ) ;
#2133 = EDGE_CURVE ( 'NONE', #1736, #1644, #1498, .T. ) ;
#2134 = ORIENTED_EDGE ( 'NONE', *, *, #374, .F. ) ;
#2135 = ADVANCED_FACE ( 'NONE', ( #69 ), #1820, .T. ) ;
#2136 = AXIS2_PLACEMENT_3D ( 'NONE', #2217, #291, #113 ) ;
#2137 = CARTESIAN_POINT ( 'NONE',  ( 714.7565403872398520, 932.9426081853658843, 1346.384416681340099 ) ) ;
#2138 = VECTOR ( 'NONE', #1024, 1000.000000000000114 ) ;
#2139 = DIRECTION ( 'NONE',  ( 0.9670592738890185780, -0.1387389754671209952, 0.2134194402381793532 ) ) ;
#2140 = AXIS2_PLACEMENT_3D ( 'NONE', #1684, #1001, #2096 ) ;
#2141 = CARTESIAN_POINT ( 'NONE',  ( 717.2593581546888117, 926.3937614848795192, 1336.181320721628026 ) ) ;
#2142 = ORIENTED_EDGE ( 'NONE', *, *, #1506, .T. ) ;
#2143 = AXIS2_PLACEMENT_3D ( 'NONE', #1195, #661, #180 ) ;
#2144 = CARTESIAN_POINT ( 'NONE',  ( 714.4337500656396287, 927.0143977418937311, 1334.379666630871043 ) ) ;
#2145 = B_SPLINE_CURVE_WITH_KNOTS ( 'NONE', 3,
 ( #1778, #717, #558, #1981 ),
 .UNSPECIFIED., .F., .F.,
 ( 4, 4 ),
 ( 0.000000000000000000, 1.000000000000000000 ),
 .UNSPECIFIED. ) ;
#2146 = LOCAL_TIME ( 23, 56, 51.00000000000000000, #1103 ) ;
#2147 = LINE ( 'NONE', #1771, #966 ) ;
#2148 = ORIENTED_EDGE ( 'NONE', *, *, #2235, .T. ) ;
#2149 = VERTEX_POINT ( 'NONE', #2206 ) ;
#2150 = ADVANCED_FACE ( 'NONE', ( #1473 ), #1871, .F. ) ;
#2151 = CARTESIAN_POINT ( 'NONE',  ( 713.4045427319123291, 933.5839074344484061, 1341.002092947049960 ) ) ;
#2152 = CARTESIAN_POINT ( 'NONE',  ( 713.6690946967619311, 924.5136380073885221, 1334.506168179621454 ) ) ;
#2153 = CARTESIAN_POINT ( 'NONE',  ( 717.8909502912644029, 927.4712602185198875, 1331.339824274038847 ) ) ;
#2154 = ORIENTED_EDGE ( 'NONE', *, *, #2180, .F. ) ;
#2155 = DIRECTION ( 'NONE',  ( -0.07317157541021192257, 0.6515180314347918111, 0.7550961364404676912 ) ) ;
#2156 = DATE_AND_TIME ( #765, #2219 ) ;
#2157 = CARTESIAN_POINT ( 'NONE',  ( 715.7721253919812625, 922.3838148434711002, 1333.982465778000460 ) ) ;
#2158 = ORIENTED_EDGE ( 'NONE', *, *, #1270, .F. ) ;
#2159 = VERTEX_POINT ( 'NONE', #646 ) ;
#2160 = CYLINDRICAL_SURFACE ( 'NONE', #673, 5.219644854552490720 ) ;
#2161 = FACE_OUTER_BOUND ( 'NONE', #1581, .T. ) ;
#2162 = EDGE_CURVE ( 'NONE', #1308, #2079, #1141, .T. ) ;
#2163 = EDGE_CURVE ( 'NONE', #1606, #2079, #1060, .T. ) ;
#2164 = DIRECTION ( 'NONE',  ( -0.07317157541021192257, 0.6515180314347918111, 0.7550961364404675802 ) ) ;
#2165 = ORIENTED_EDGE ( 'NONE', *, *, #2277, .T. ) ;
#2166 = EDGE_CURVE ( 'NONE', #1686, #1116, #1894, .T. ) ;
#2167 = DIRECTION ( 'NONE',  ( 0.03345502309866537488, -0.7550961364404676912, 0.6547599454472963210 ) ) ;
#2168 = ORIENTED_EDGE ( 'NONE', *, *, #1477, .F. ) ;
#2169 = ORIENTED_EDGE ( 'NONE', *, *, #85, .F. ) ;
#2170 = ORIENTED_EDGE ( 'NONE', *, *, #2194, .F. ) ;
#2171 = CARTESIAN_POINT ( 'NONE',  ( 714.3561371965926128, 923.2252283295499637, 1326.251739219814908 ) ) ;
#2172 = CARTESIAN_POINT ( 'NONE',  ( 718.3555897951193856, 923.3341207189090483, 1326.544963807641807 ) ) ;
#2173 = VECTOR ( 'NONE', #1884, 1000.000000000000000 ) ;
#2174 = CARTESIAN_POINT ( 'NONE',  ( 719.8441481236691288, 910.0800314573928063, 1311.183744147507923 ) ) ;
#2175 = ORIENTED_EDGE ( 'NONE', *, *, #1678, .F. ) ;
#2176 = CARTESIAN_POINT ( 'NONE',  ( 712.7398156846448956, 932.7879170096429107, 1344.095889109371683 ) ) ;
#2177 = AXIS2_PLACEMENT_3D ( 'NONE', #1765, #2093, #545 ) ;
#2178 = ADVANCED_BREP_SHAPE_REPRESENTATION ( 'camBarrelWithNoHoleTop', ( #1602, #17 ), #2110 ) ;
#2179 = B_SPLINE_CURVE_WITH_KNOTS ( 'NONE', 3,
 ( #1500, #1327, #2026, #1859 ),
 .UNSPECIFIED., .F., .F.,
 ( 4, 4 ),
 ( 0.000000000000000000, 1.000000000000000000 ),
 .UNSPECIFIED. ) ;
#2180 = EDGE_CURVE ( 'NONE', #1031, #494, #1964, .T. ) ;
#2181 = DIRECTION ( 'NONE',  ( 0.03345502309866537488, -0.7550961364404676912, 0.6547599454472963210 ) ) ;
#2182 =( NAMED_UNIT ( * ) SI_UNIT ( $, .STERADIAN. ) SOLID_ANGLE_UNIT ( ) );
#2183 = LINE ( 'NONE', #1311, #195 ) ;
#2184 = ORIENTED_EDGE ( 'NONE', *, *, #1934, .F. ) ;
#2185 = CARTESIAN_POINT ( 'NONE',  ( 715.5775137779372699, 932.1011034130043527, 1342.398309715247478 ) ) ;
#2186 = CARTESIAN_POINT ( 'NONE',  ( 713.2427860464207470, 933.4963792816641899, 1339.826235928659116 ) ) ;
#2187 = B_SPLINE_CURVE_WITH_KNOTS ( 'NONE', 3,
 ( #322, #2076, #1015, #1719, #502, #1593 ),
 .UNSPECIFIED., .F., .F.,
 ( 4, 2, 4 ),
 ( 0.000000000000000000, 0.5000000000000000000, 1.000000000000000000 ),
 .UNSPECIFIED. ) ;
#2188 = FACE_OUTER_BOUND ( 'NONE', #1713, .T. ) ;
#2189 = ORIENTED_EDGE ( 'NONE', *, *, #2193, .T. ) ;
#2190 = CARTESIAN_POINT ( 'NONE',  ( 715.3074858852728539, 926.5209543438035098, 1338.777326243498237 ) ) ;
#2191 = CARTESIAN_POINT ( 'NONE',  ( 716.0509749529143164, 927.7706311451372585, 1326.466697166876429 ) ) ;
#2192 = DIRECTION ( 'NONE',  ( 0.07317157541021192257, -0.6515180314347918111, -0.7550961364404675802 ) ) ;
#2193 = EDGE_CURVE ( 'NONE', #1218, #1198, #1891, .T. ) ;
#2194 = EDGE_CURVE ( 'NONE', #1050, #308, #1878, .T. ) ;
#2195 = ORIENTED_EDGE ( 'NONE', *, *, #1043, .T. ) ;
#2196 = EDGE_LOOP ( 'NONE', ( #1978, #360, #1008, #613 ) ) ;
#2197 = LINE ( 'NONE', #1314, #789 ) ;
#2198 = DIRECTION ( 'NONE',  ( -0.8502460024603027966, -0.4364831641847993771, 0.2942179169994584842 ) ) ;
#2199 = DIRECTION ( 'NONE',  ( -0.03345502309867742774, 0.7550961364404806808, -0.6547599454472807778 ) ) ;
#2200 = ORIENTED_EDGE ( 'NONE', *, *, #1997, .F. ) ;
#2201 = PLANE ( 'NONE',  #855 ) ;
#2202 = CARTESIAN_POINT ( 'NONE',  ( 713.7074255507779981, 929.3592397805714427, 1335.031375463589484 ) ) ;
#2203 = CARTESIAN_POINT ( 'NONE',  ( 714.5394986896455976, 941.2287811724476114, 1342.064419100801615 ) ) ;
#2204 = ORIENTED_EDGE ( 'NONE', *, *, #927, .T. ) ;
#2205 = ORIENTED_EDGE ( 'NONE', *, *, #537, .F. ) ;
#2206 = CARTESIAN_POINT ( 'NONE',  ( 712.1612874821800006, 926.2628709829748459, 1332.864277635900180 ) ) ;
#2207 = EDGE_CURVE ( 'NONE', #1670, #1601, #1519, .T. ) ;
#2208 = CARTESIAN_POINT ( 'NONE',  ( 712.1612874821800006, 926.2628709829748459, 1332.864277635900180 ) ) ;
#2209 = CARTESIAN_POINT ( 'NONE',  ( 717.2067960611791477, 933.5629538124352393, 1338.399973149757216 ) ) ;
#2210 = ORIENTED_EDGE ( 'NONE', *, *, #914, .F. ) ;
#2211 = DIRECTION ( 'NONE',  ( 0.07317157541021400424, -0.6515180314347942536, -0.7550961364404653597 ) ) ;
#2212 = CIRCLE ( 'NONE', #417, 2.500000000000014211 ) ;
#2213 = FACE_OUTER_BOUND ( 'NONE', #731, .T. ) ;
#2214 = CIRCLE ( 'NONE', #160, 1.900000000000160449 ) ;
#2215 = DIRECTION ( 'NONE',  ( -0.1030193525862388715, -0.7580132069861736932, 0.6440520095669668432 ) ) ;
#2216 = B_SPLINE_SURFACE_WITH_KNOTS ( 'NONE', 1, 3, ( 
 ( #1503, #89, #963, #629, #2053, #1330 ),
 ( #460, #1165, #1864, #289, #1825, #253 ) ),
 .UNSPECIFIED., .F., .F., .F.,
 ( 2, 2 ),
 ( 4, 2, 4 ),
 ( 0.000000000000000000, 1.000000000000000000 ),
 ( 0.000000000000000000, 0.5000000000000000000, 1.000000000000000000 ),
 .UNSPECIFIED. ) ;
#2217 = CARTESIAN_POINT ( 'NONE',  ( 716.9256137472812043, 925.1113164660736174, 1328.845983825178109 ) ) ;
#2218 = EDGE_LOOP ( 'NONE', ( #1119, #1818, #1469, #870 ) ) ;
#2219 = LOCAL_TIME ( 23, 56, 51.00000000000000000, #575 ) ;
#2220 = CARTESIAN_POINT ( 'NONE',  ( 713.2521326468773850, 921.9156451386596700, 1330.254984489186427 ) ) ;
#2221 = CARTESIAN_POINT ( 'NONE',  ( 715.0575291977175993, 925.6673582539582412, 1333.645250512704024 ) ) ;
#2222 = ADVANCED_FACE ( 'NONE', ( #850 ), #361, .F. ) ;
#2223 = CARTESIAN_POINT ( 'NONE',  ( 712.3397190821206095, 924.6623424339077246, 1331.159796683678906 ) ) ;
#2224 = VERTEX_POINT ( 'NONE', #1739 ) ;
#2225 = DIRECTION ( 'NONE',  ( -0.07317157541021192257, 0.6515180314347918111, 0.7550961364404676912 ) ) ;
#2226 = LINE ( 'NONE', #447, #669 ) ;
#2227 = CARTESIAN_POINT ( 'NONE',  ( 711.6966479773477658, 930.4000104847477814, 1337.659138100336804 ) ) ;
#2228 = CARTESIAN_POINT ( 'NONE',  ( 711.9778848642180265, 926.5338337896803296, 1332.017290841232352 ) ) ;
#2229 = CARTESIAN_POINT ( 'NONE',  ( 715.8640761700771691, 932.3036596127448092, 1342.826649809250739 ) ) ;
#2230 = CARTESIAN_POINT ( 'NONE',  ( 713.6690946967619311, 924.5136380073885221, 1334.506168179621454 ) ) ;
#2231 = EDGE_CURVE ( 'NONE', #1860, #2159, #645, .T. ) ;
#2232 = EDGE_CURVE ( 'NONE', #1576, #1840, #317, .T. ) ;
#2233 = PLANE ( 'NONE',  #968 ) ;
#2234 = CARTESIAN_POINT ( 'NONE',  ( 711.8917819483375524, 927.3078278684801035, 1330.899878522767040 ) ) ;
#2235 = EDGE_CURVE ( 'NONE', #916, #251, #52, .T. ) ;
#2236 = DIRECTION ( 'NONE',  ( 0.07317157541021192257, -0.6515180314347918111, -0.7550961364404676912 ) ) ;
#2237 = EDGE_LOOP ( 'NONE', ( #740, #1425, #887, #1497 ) ) ;
#2238 =( LENGTH_UNIT ( ) NAMED_UNIT ( * ) SI_UNIT ( .MILLI., .METRE. ) );
#2239 = DIRECTION ( 'NONE',  ( 0.4566973361829317346, -0.8896221350232997871, 0.000000000000000000 ) ) ;
#2240 = DIRECTION ( 'NONE',  ( 0.07317157541021192257, -0.6515180314347918111, -0.7550961364404676912 ) ) ;
#2241 = ORIENTED_EDGE ( 'NONE', *, *, #1762, .F. ) ;
#2242 = CARTESIAN_POINT ( 'NONE',  ( -112.2694310717167525, 999.6444426962395937, 1158.567560796140242 ) ) ;
#2243 = DIRECTION ( 'NONE',  ( 0.07317157541021192257, -0.6515180314347918111, -0.7550961364404676912 ) ) ;
#2244 = DIRECTION ( 'NONE',  ( -0.2438078779228410597, -0.7458389580879110081, 0.6199048049992033071 ) ) ;
#2245 = EDGE_CURVE ( 'NONE', #1942, #1915, #1816, .T. ) ;
#2246 = CIRCLE ( 'NONE', #896, 5.999999999999914735 ) ;
#2247 = ORIENTED_EDGE ( 'NONE', *, *, #1365, .F. ) ;
#2248 = VECTOR ( 'NONE', #1478, 1000.000000000000114 ) ;
#2249 = EDGE_LOOP ( 'NONE', ( #1779, #1069, #1091, #2256 ) ) ;
#2250 = DIRECTION ( 'NONE',  ( -0.07317157541021192257, 0.6515180314347918111, 0.7550961364404675802 ) ) ;
#2251 = AXIS2_PLACEMENT_3D ( 'NONE', #1490, #605, #1307 ) ;
#2252 = B_SPLINE_CURVE_WITH_KNOTS ( 'NONE', 1,
 ( #204, #1800 ),
 .UNSPECIFIED., .F., .F.,
 ( 2, 2 ),
 ( 0.000000000000000000, 1.000000000000000000 ),
 .UNSPECIFIED. ) ;
#2253 = CARTESIAN_POINT ( 'NONE',  ( 712.9991318203067294, 924.4947751418199005, 1333.221817796707683 ) ) ;
#2254 = AXIS2_PLACEMENT_3D ( 'NONE', #534, #1938, #1282 ) ;
#2255 = DIRECTION ( 'NONE',  ( -0.07317157541021192257, 0.6515180314347918111, 0.7550961364404676912 ) ) ;
#2256 = ORIENTED_EDGE ( 'NONE', *, *, #1829, .F. ) ;
#2257 = DIRECTION ( 'NONE',  ( 0.5212750289935844661, -0.6204890829809657227, 0.5858887625216735451 ) ) ;
#2258 = CARTESIAN_POINT ( 'NONE',  ( 713.6732663169924535, 929.5870847406409894, 1333.233202412723131 ) ) ;
#2259 = ORIENTED_EDGE ( 'NONE', *, *, #743, .T. ) ;
#2260 = CARTESIAN_POINT ( 'NONE',  ( 711.7002328530458044, 928.9289682431448227, 1334.652188997511985 ) ) ;
#2261 = B_SPLINE_CURVE_WITH_KNOTS ( 'NONE', 3,
 ( #1941, #749, #893, #1428 ),
 .UNSPECIFIED., .F., .F.,
 ( 4, 4 ),
 ( 0.000000000000000000, 1.000000000000000000 ),
 .UNSPECIFIED. ) ;
#2262 = ORIENTED_EDGE ( 'NONE', *, *, #791, .T. ) ;
#2263 = EDGE_CURVE ( 'NONE', #1573, #1243, #428, .T. ) ;
#2264 = EDGE_CURVE ( 'NONE', #955, #430, #571, .T. ) ;
#2265 = ORIENTED_EDGE ( 'NONE', *, *, #1495, .T. ) ;
#2266 = CARTESIAN_POINT ( 'NONE',  ( 717.1849216965272262, 908.4002796509633981, 1317.672730869484894 ) ) ;
#2267 = CYLINDRICAL_SURFACE ( 'NONE', #2177, 4.000000000000000000 ) ;
#2268 = VERTEX_POINT ( 'NONE', #837 ) ;
#2269 = CARTESIAN_POINT ( 'NONE',  ( 714.1992431531085685, 925.6755292912890809, 1328.095332792328463 ) ) ;
#2270 = CARTESIAN_POINT ( 'NONE',  ( 716.7164979497076729, 913.8029659552786370, 1307.668411572377863 ) ) ;
#2271 = ORIENTED_EDGE ( 'NONE', *, *, #609, .F. ) ;
#2272 = CARTESIAN_POINT ( 'NONE',  ( 713.6407446366644081, 929.3243647771063252, 1334.057922450339220 ) ) ;
#2273 = CARTESIAN_POINT ( 'NONE',  ( 716.6245988056198257, 937.3082859871113897, 1345.649185642627117 ) ) ;
#2274 = ORIENTED_EDGE ( 'NONE', *, *, #1544, .T. ) ;
#2275 = SHAPE_DEFINITION_REPRESENTATION ( #1238, #2178 ) ;
#2276 = PLANE ( 'NONE',  #1669 ) ;
#2277 = EDGE_CURVE ( 'NONE', #1385, #693, #833, .T. ) ;
ENDSEC;
END-ISO-10303-21;
