ISO-10303-21;
HEADER;
FILE_DESCRIPTION (( 'STEP AP203' ),
    '1' );
FILE_NAME ('camBarrelWithNoHoleBottomMirror.STEP',
    '2026-04-27T21:04:52',
    ( '' ),
    ( '' ),
    'SwSTEP 2.0',
    'SolidWorks 2025',
    '' );
FILE_SCHEMA (( 'CONFIG_CONTROL_DESIGN' ));
ENDSEC;

DATA;
#1 = DIRECTION ( 'NONE',  ( -0.07317157541021489242, 0.6515180314347915891, 0.7550961364404675802 ) ) ;
#2 = AXIS2_PLACEMENT_3D ( 'NONE', #908, #760, #657 ) ;
#3 = CARTESIAN_POINT ( 'NONE',  ( 717.3857623513997623, 909.6465560022610362, 1311.319532307892132 ) ) ;
#4 = APPROVAL ( #280, 'UNSPECIFIED' ) ;
#5 = DIRECTION ( 'NONE',  ( 0.8731305266870593718, -0.3240394544517291031, 0.3641998288382410354 ) ) ;
#6 = AXIS2_PLACEMENT_3D ( 'NONE', #703, #1172, #489 ) ;
#7 = ADVANCED_FACE ( 'NONE', ( #199 ), #1491, .T. ) ;
#8 = CARTESIAN_POINT ( 'NONE',  ( 717.2067960611791477, 933.5629538124353530, 1338.399973149757216 ) ) ;
#9 = VERTEX_POINT ( 'NONE', #1380 ) ;
#10 = AXIS2_PLACEMENT_3D ( 'NONE', #558, #893, #451 ) ;
#11 = AXIS2_PLACEMENT_3D ( 'NONE', #244, #277, #1288 ) ;
#12 = CARTESIAN_POINT ( 'NONE',  ( 716.9616712835546650, 935.7455392177417934, 1340.929545206832699 ) ) ;
#13 = AXIS2_PLACEMENT_3D ( 'NONE', #477, #1081, #825 ) ;
#14 = CARTESIAN_POINT ( 'NONE',  ( 719.2477997840761645, 915.3899034135865804, 1317.337777659497760 ) ) ;
#15 = DIRECTION ( 'NONE',  ( 0.9307836006018208597, -0.2272990573807815995, 0.2863163064942654268 ) ) ;
#16 = PLANE ( 'NONE',  #931 ) ;
#17 = EDGE_CURVE ( 'NONE', #770, #1164, #84, .T. ) ;
#18 = ORIENTED_EDGE ( 'NONE', *, *, #1014, .F. ) ;
#19 = DIRECTION ( 'NONE',  ( 0.5212750289935843551, -0.6204890829809658337, 0.5858887625216735451 ) ) ;
#20 = DIRECTION ( 'NONE',  ( 0.5212750289935843551, -0.6204890829809658337, 0.5858887625216735451 ) ) ;
#21 = CYLINDRICAL_SURFACE ( 'NONE', #338, 6.000000000000048850 ) ;
#22 = DIRECTION ( 'NONE',  ( -0.07317157541021351852, 0.6515180314347910340, 0.7550961364404682463 ) ) ;
#23 = VERTEX_POINT ( 'NONE', #1169 ) ;
#24 = EDGE_CURVE ( 'NONE', #1251, #1314, #291, .T. ) ;
#25 = CARTESIAN_POINT ( 'NONE',  ( 716.9616712835546650, 935.7455392177417934, 1340.929545206832699 ) ) ;
#26 = ORIENTED_EDGE ( 'NONE', *, *, #1476, .F. ) ;
#27 = COORDINATED_UNIVERSAL_TIME_OFFSET ( 5, 0, .BEHIND. ) ;
#28 = CARTESIAN_POINT ( 'NONE',  ( 719.2477997840761645, 915.3899034135865804, 1317.337777659497760 ) ) ;
#29 = CARTESIAN_POINT ( 'NONE',  ( 719.5514618220286138, 912.6861035831328763, 1314.204128693270377 ) ) ;
#30 = CARTESIAN_POINT ( 'NONE',  ( 718.1360750688887720, 925.2886748132136745, 1328.810252216963136 ) ) ;
#31 = ORIENTED_EDGE ( 'NONE', *, *, #1045, .F. ) ;
#32 = CARTESIAN_POINT ( 'NONE',  ( 719.7522489795813954, 935.0238903426379693, 1347.923306726018609 ) ) ;
#33 = ORIENTED_EDGE ( 'NONE', *, *, #746, .T. ) ;
#34 = AXIS2_PLACEMENT_3D ( 'NONE', #1353, #1271, #1148 ) ;
#35 = SHAPE_DEFINITION_REPRESENTATION ( #114, #564 ) ;
#36 = AXIS2_PLACEMENT_3D ( 'NONE', #73, #1316, #58 ) ;
#37 = CARTESIAN_POINT ( 'NONE',  ( 713.6145063833628228, 941.4230278099321367, 1339.679501041023968 ) ) ;
#38 = ORIENTED_EDGE ( 'NONE', *, *, #17, .F. ) ;
#39 = CARTESIAN_POINT ( 'NONE',  ( 715.5863354490595611, 931.9077706447483251, 1331.261557633273469 ) ) ;
#40 = ORIENTED_EDGE ( 'NONE', *, *, #538, .T. ) ;
#41 = PERSON_AND_ORGANIZATION_ROLE ( 'design_owner' ) ;
#42 = ADVANCED_FACE ( 'NONE', ( #941 ), #21, .T. ) ;
#43 = LINE ( 'NONE', #512, #357 ) ;
#44 = ADVANCED_FACE ( 'NONE', ( #1404 ), #383, .T. ) ;
#45 = ORIENTED_EDGE ( 'NONE', *, *, #753, .T. ) ;
#46 = CARTESIAN_POINT ( 'NONE',  ( 716.6245988056201668, 938.7468248405238000, 1344.407974150888322 ) ) ;
#47 = ORIENTED_EDGE ( 'NONE', *, *, #1505, .F. ) ;
#48 = APPROVAL_ROLE ( '' ) ;
#49 = CARTESIAN_POINT ( 'NONE',  ( 759.6649659101138923, 906.9349524812981826, 1323.053527612460130 ) ) ;
#50 = CIRCLE ( 'NONE', #592, 3.999999999999961364 ) ;
#51 = EDGE_CURVE ( 'NONE', #456, #894, #1139, .T. ) ;
#52 = ORIENTED_EDGE ( 'NONE', *, *, #1347, .F. ) ;
#53 = EDGE_CURVE ( 'NONE', #1407, #711, #1039, .T. ) ;
#54 = CARTESIAN_POINT ( 'NONE',  ( 716.7421565573241651, 937.7000933120463060, 1343.194833616153801 ) ) ;
#55 = VERTEX_POINT ( 'NONE', #1179 ) ;
#56 = VECTOR ( 'NONE', #1360, 1000.000000000000114 ) ;
#57 = DIRECTION ( 'NONE',  ( -0.2213962767796876230, -0.7488457419180276631, 0.6246709081102869154 ) ) ;
#58 = DIRECTION ( 'NONE',  ( -0.5846387018185597029, -0.4107618658881254103, -0.6996229540745606545 ) ) ;
#59 = CIRCLE ( 'NONE', #791, 3.999999999999961364 ) ;
#60 = AXIS2_PLACEMENT_3D ( 'NONE', #501, #617, #374 ) ;
#61 = ORIENTED_EDGE ( 'NONE', *, *, #1366, .T. ) ;
#62 = EDGE_CURVE ( 'NONE', #765, #1374, #1471, .T. ) ;
#63 = DIRECTION ( 'NONE',  ( 0.07317157541021351852, -0.6515180314347910340, -0.7550961364404682463 ) ) ;
#64 = ORIENTED_EDGE ( 'NONE', *, *, #1077, .T. ) ;
#65 = DIRECTION ( 'NONE',  ( -0.8731305266870632575, 0.3240394544517275488, -0.3641998288382332638 ) ) ;
#66 = LINE ( 'NONE', #878, #409 ) ;
#67 = EDGE_LOOP ( 'NONE', ( #1363, #869, #1452, #1330, #1241, #1104, #1248 ) ) ;
#68 = DIRECTION ( 'NONE',  ( 0.5212750289935843551, -0.6204890829809658337, 0.5858887625216735451 ) ) ;
#69 = VERTEX_POINT ( 'NONE', #508 ) ;
#70 = EDGE_CURVE ( 'NONE', #1166, #712, #700, .T. ) ;
#71 = EDGE_CURVE ( 'NONE', #776, #1416, #591, .T. ) ;
#72 = DIRECTION ( 'NONE',  ( -0.07317157541021351852, 0.6515180314347910340, 0.7550961364404682463 ) ) ;
#73 = CARTESIAN_POINT ( 'NONE',  ( 759.6649659101138923, 906.9349524812981826, 1323.053527612460130 ) ) ;
#74 = AXIS2_PLACEMENT_3D ( 'NONE', #1018, #88, #557 ) ;
#75 = ORIENTED_EDGE ( 'NONE', *, *, #381, .F. ) ;
#76 = VECTOR ( 'NONE', #705, 1000.000000000000114 ) ;
#77 = CARTESIAN_POINT ( 'NONE',  ( 720.5509873565601993, 913.8386807061341415, 1318.802499565801782 ) ) ;
#78 = VERTEX_POINT ( 'NONE', #37 ) ;
#79 = CARTESIAN_POINT ( 'NONE',  ( 716.6245988056201668, 938.7468248405238000, 1344.407974150888322 ) ) ;
#80 = ADVANCED_FACE ( 'NONE', ( #255 ), #1422, .T. ) ;
#81 = DIRECTION ( 'NONE',  ( 0.07317157541021351852, -0.6515180314347910340, -0.7550961364404682463 ) ) ;
#82 = AXIS2_PLACEMENT_3D ( 'NONE', #713, #382, #1393 ) ;
#83 = AXIS2_PLACEMENT_3D ( 'NONE', #1153, #1043, #574 ) ;
#84 = LINE ( 'NONE', #804, #210 ) ;
#85 = CARTESIAN_POINT ( 'NONE',  ( 711.3858156454977006, 940.6910615672342146, 1342.222775177858921 ) ) ;
#86 = ORIENTED_EDGE ( 'NONE', *, *, #1077, .F. ) ;
#87 = CYLINDRICAL_SURFACE ( 'NONE', #1137, 6.000000000000048850 ) ;
#88 = DIRECTION ( 'NONE',  ( -0.07317157541021351852, 0.6515180314347910340, 0.7550961364404682463 ) ) ;
#89 = CARTESIAN_POINT ( 'NONE',  ( 712.8972919087665332, 927.2329115399240891, 1326.625053243933735 ) ) ;
#90 = CC_DESIGN_DATE_AND_TIME_ASSIGNMENT ( #832, #1299, ( #686 ) ) ;
#91 = ORIENTED_EDGE ( 'NONE', *, *, #1064, .F. ) ;
#92 = EDGE_CURVE ( 'NONE', #1510, #1382, #1195, .T. ) ;
#93 = CARTESIAN_POINT ( 'NONE',  ( 716.9616712835548924, 935.7455392177417934, 1340.929545206832699 ) ) ;
#94 = ORIENTED_EDGE ( 'NONE', *, *, #943, .T. ) ;
#95 = VECTOR ( 'NONE', #454, 1000.000000000000000 ) ;
#96 = CARTESIAN_POINT ( 'NONE',  ( 718.8272566732985069, 935.2181369801222672, 1345.538388666240962 ) ) ;
#97 = CARTESIAN_POINT ( 'NONE',  ( 716.6245988056201668, 938.7468248405238000, 1344.407974150888322 ) ) ;
#98 = FACE_OUTER_BOUND ( 'NONE', #1424, .T. ) ;
#99 = ORIENTED_EDGE ( 'NONE', *, *, #1014, .T. ) ;
#100 = DIRECTION ( 'NONE',  ( 0.07317157541021553080, -0.6515180314347933654, -0.7550961364404660259 ) ) ;
#101 = EDGE_CURVE ( 'NONE', #995, #1143, #1327, .T. ) ;
#102 = ORIENTED_EDGE ( 'NONE', *, *, #62, .F. ) ;
#103 = AXIS2_PLACEMENT_3D ( 'NONE', #1180, #1509, #132 ) ;
#104 = CARTESIAN_POINT ( 'NONE',  ( 718.3555897951194993, 923.3341207189090483, 1326.544963807641807 ) ) ;
#105 = CYLINDRICAL_SURFACE ( 'NONE', #518, 6.000000000000048850 ) ;
#106 = CARTESIAN_POINT ( 'NONE',  ( 719.9672458984176728, 910.8397218182346933, 1315.837529434078760 ) ) ;
#107 = EDGE_LOOP ( 'NONE', ( #18, #872, #346, #299 ) ) ;
#108 = CYLINDRICAL_SURFACE ( 'NONE', #758, 3.999999999999961364 ) ;
#109 = ORIENTED_EDGE ( 'NONE', *, *, #479, .T. ) ;
#110 = EDGE_CURVE ( 'NONE', #1344, #469, #891, .T. ) ;
#111 = CARTESIAN_POINT ( 'NONE',  ( 714.8765711675802095, 938.2274955496657185, 1338.585990156745993 ) ) ;
#112 = LINE ( 'NONE', #684, #569 ) ;
#113 = CYLINDRICAL_SURFACE ( 'NONE', #1372, 3.999999999999961364 ) ;
#114 = PRODUCT_DEFINITION_SHAPE ( 'NONE', 'NONE',  #1096 ) ;
#115 = EDGE_LOOP ( 'NONE', ( #511, #901, #319, #977 ) ) ;
#116 = DIRECTION ( 'NONE',  ( 0.8731305266870593718, -0.3240394544517291031, 0.3641998288382410354 ) ) ;
#117 = ORIENTED_EDGE ( 'NONE', *, *, #1054, .T. ) ;
#118 = PLANE ( 'NONE',  #83 ) ;
#119 = CC_DESIGN_PERSON_AND_ORGANIZATION_ASSIGNMENT ( #396, #41, ( #675 ) ) ;
#120 = ADVANCED_FACE ( 'NONE', ( #730 ), #391, .T. ) ;
#121 = CARTESIAN_POINT ( 'NONE',  ( 717.0212499556319017, 935.2150520862373924, 1340.314721419763600 ) ) ;
#122 = DIRECTION ( 'NONE',  ( 0.07317157541021351852, -0.6515180314347910340, -0.7550961364404682463 ) ) ;
#123 = FACE_OUTER_BOUND ( 'NONE', #1016, .T. ) ;
#124 = ORIENTED_EDGE ( 'NONE', *, *, #902, .T. ) ;
#125 = CARTESIAN_POINT ( 'NONE',  ( 715.3412106714353058, 934.0903560500549929, 1333.791129690349408 ) ) ;
#126 = AXIS2_PLACEMENT_3D ( 'NONE', #836, #949, #1280 ) ;
#127 = DIRECTION ( 'NONE',  ( -0.8888065830875132578, 0.3008470487214974232, -0.3457078407208381554 ) ) ;
#128 = CARTESIAN_POINT ( 'NONE',  ( 719.5514618220286138, 912.6861035831328763, 1314.204128693270377 ) ) ;
#129 = EDGE_CURVE ( 'NONE', #78, #1183, #870, .T. ) ;
#130 = DIRECTION ( 'NONE',  ( -0.8731305266870569293, 0.3240394544517310460, -0.3641998288382453097 ) ) ;
#131 = CIRCLE ( 'NONE', #601, 6.000000000000048850 ) ;
#132 = DIRECTION ( 'NONE',  ( -0.8731305266870632575, 0.3240394544517275488, -0.3641998288382332638 ) ) ;
#133 = VERTEX_POINT ( 'NONE', #154 ) ;
#134 = AXIS2_PLACEMENT_3D ( 'NONE', #128, #699, #1278 ) ;
#135 = CARTESIAN_POINT ( 'NONE',  ( 718.0116725107197908, 934.0361228285731841, 1341.427910068555320 ) ) ;
#136 = ORIENTED_EDGE ( 'NONE', *, *, #963, .T. ) ;
#137 = VECTOR ( 'NONE', #961, 1000.000000000000114 ) ;
#138 = PERSON_AND_ORGANIZATION ( #216, #1204 ) ;
#139 = AXIS2_PLACEMENT_3D ( 'NONE', #1073, #819, #273 ) ;
#140 = DIRECTION ( 'NONE',  ( 0.07317157541021351852, -0.6515180314347910340, -0.7550961364404682463 ) ) ;
#141 = CARTESIAN_POINT ( 'NONE',  ( 716.6245988056201668, 938.7468248405238000, 1344.407974150888322 ) ) ;
#142 = CARTESIAN_POINT ( 'NONE',  ( 711.9680129010567953, 935.5071905391457676, 1336.214774176727587 ) ) ;
#143 = ORIENTED_EDGE ( 'NONE', *, *, #1484, .T. ) ;
#144 = LINE ( 'NONE', #135, #204 ) ;
#145 = ORIENTED_EDGE ( 'NONE', *, *, #371, .F. ) ;
#146 = CARTESIAN_POINT ( 'NONE',  ( 721.2637252428501142, 921.5657403153277301, 1332.325584792093196 ) ) ;
#147 = DIRECTION ( 'NONE',  ( 0.5212750289935843551, -0.6204890829809658337, 0.5858887625216735451 ) ) ;
#148 = CARTESIAN_POINT ( 'NONE',  ( 717.8080565406485221, 911.0749142838279795, 1310.128026748192951 ) ) ;
#149 = ORIENTED_EDGE ( 'NONE', *, *, #1309, .T. ) ;
#150 = EDGE_CURVE ( 'NONE', #23, #456, #265, .T. ) ;
#151 = CARTESIAN_POINT ( 'NONE',  ( 716.9616712835548924, 935.7455392177417934, 1340.929545206832699 ) ) ;
#152 = ORIENTED_EDGE ( 'NONE', *, *, #296, .F. ) ;
#153 = PERSON_AND_ORGANIZATION_ROLE ( 'creator' ) ;
#154 = CARTESIAN_POINT ( 'NONE',  ( 718.1124107217805204, 911.0714101900797459, 1315.457881929479981 ) ) ;
#155 = DIRECTION ( 'NONE',  ( -0.8731305266870632575, 0.3240394544517275488, -0.3641998288382332638 ) ) ;
#156 = ORIENTED_EDGE ( 'NONE', *, *, #1024, .F. ) ;
#157 = DIRECTION ( 'NONE',  ( -0.8731305266870632575, 0.3240394544517275488, -0.3641998288382332638 ) ) ;
#158 = ORIENTED_EDGE ( 'NONE', *, *, #1122, .F. ) ;
#159 = AXIS2_PLACEMENT_3D ( 'NONE', #873, #1443, #294 ) ;
#160 = EDGE_CURVE ( 'NONE', #325, #395, #964, .T. ) ;
#161 = APPROVAL_STATUS ( 'not_yet_approved' ) ;
#162 = CIRCLE ( 'NONE', #1006, 3.999999999999961364 ) ;
#163 = LINE ( 'NONE', #631, #817 ) ;
#164 = ORIENTED_EDGE ( 'NONE', *, *, #743, .F. ) ;
#165 = DIRECTION ( 'NONE',  ( 0.8731305266870593718, -0.3240394544517291031, 0.3641998288382410354 ) ) ;
#166 = EDGE_LOOP ( 'NONE', ( #553, #1266, #145, #514 ) ) ;
#167 = COORDINATED_UNIVERSAL_TIME_OFFSET ( 5, 0, .BEHIND. ) ;
#168 = EDGE_CURVE ( 'NONE', #625, #1108, #1308, .T. ) ;
#169 = FACE_OUTER_BOUND ( 'NONE', #258, .T. ) ;
#170 = CIRCLE ( 'NONE', #418, 3.999999999999961364 ) ;
#171 = ORIENTED_EDGE ( 'NONE', *, *, #342, .F. ) ;
#172 = DIRECTION ( 'NONE',  ( -0.07317157541021340750, 0.6515180314347909230, 0.7550961364404682463 ) ) ;
#173 = VERTEX_POINT ( 'NONE', #1462 ) ;
#174 = CARTESIAN_POINT ( 'NONE',  ( 718.1360750688887720, 925.2886748132136745, 1328.810252216963136 ) ) ;
#175 = CIRCLE ( 'NONE', #708, 6.000000000000039968 ) ;
#176 = CC_DESIGN_APPROVAL ( #821, ( #1096 ) ) ;
#177 = EDGE_CURVE ( 'NONE', #1344, #763, #1454, .T. ) ;
#178 = EDGE_LOOP ( 'NONE', ( #1136, #1115, #109, #1289 ) ) ;
#179 = DIRECTION ( 'NONE',  ( -0.8731305266870632575, 0.3240394544517275488, -0.3641998288382332638 ) ) ;
#180 = ORIENTED_EDGE ( 'NONE', *, *, #1021, .T. ) ;
#181 = CIRCLE ( 'NONE', #888, 6.000000000000039968 ) ;
#182 = LINE ( 'NONE', #1246, #1176 ) ;
#183 = CARTESIAN_POINT ( 'NONE',  ( 719.8441481236693562, 910.0800314573931473, 1311.183744147507923 ) ) ;
#184 = VECTOR ( 'NONE', #1343, 1000.000000000000114 ) ;
#185 = EDGE_CURVE ( 'NONE', #882, #1433, #1254, .T. ) ;
#186 = AXIS2_PLACEMENT_3D ( 'NONE', #665, #919, #796 ) ;
#187 = EDGE_LOOP ( 'NONE', ( #840, #446, #1133, #890 ) ) ;
#188 = DIRECTION ( 'NONE',  ( 0.9724348868587991968, -0.1214673187592747866, 0.1990378890898586994 ) ) ;
#189 = ADVANCED_FACE ( 'NONE', ( #169 ), #975, .F. ) ;
#190 = ORIENTED_EDGE ( 'NONE', *, *, #1282, .T. ) ;
#191 = DIRECTION ( 'NONE',  ( 0.8731305266870569293, -0.3240394544517310460, 0.3641998288382453097 ) ) ;
#192 = DIRECTION ( 'NONE',  ( 0.9724348868587991968, -0.1214673187592747866, 0.1990378890898586994 ) ) ;
#193 = ORIENTED_EDGE ( 'NONE', *, *, #168, .T. ) ;
#194 = DIRECTION ( 'NONE',  ( 0.07317157541021457323, -0.6515180314347913670, -0.7550961364404678022 ) ) ;
#195 = ORIENTED_EDGE ( 'NONE', *, *, #1044, .T. ) ;
#196 = DIRECTION ( 'NONE',  ( -0.9724348868587965322, 0.1214673187592858472, -0.1990378890898658326 ) ) ;
#197 = FACE_OUTER_BOUND ( 'NONE', #399, .T. ) ;
#198 = VECTOR ( 'NONE', #57, 1000.000000000000114 ) ;
#199 = FACE_OUTER_BOUND ( 'NONE', #1002, .T. ) ;
#200 = CARTESIAN_POINT ( 'NONE',  ( 713.4969486316584835, 942.4697593384095171, 1340.892641575758489 ) ) ;
#201 = ORIENTED_EDGE ( 'NONE', *, *, #689, .F. ) ;
#202 = CARTESIAN_POINT ( 'NONE',  ( 718.7096989215941676, 936.2648685085999887, 1346.751529200975256 ) ) ;
#203 = EDGE_CURVE ( 'NONE', #325, #133, #1116, .T. ) ;
#204 = VECTOR ( 'NONE', #474, 1000.000000000000114 ) ;
#205 = CARTESIAN_POINT ( 'NONE',  ( 717.6714355650339030, 929.4258143128244001, 1333.605112683360176 ) ) ;
#206 = DIRECTION ( 'NONE',  ( 0.07317157541021351852, -0.6515180314347910340, -0.7550961364404682463 ) ) ;
#207 = CIRCLE ( 'NONE', #987, 1.900000000000235501 ) ;
#208 = ORIENTED_EDGE ( 'NONE', *, *, #610, .F. ) ;
#209 = DIRECTION ( 'NONE',  ( 0.5212750289935843551, -0.6204890829809658337, 0.5858887625216735451 ) ) ;
#210 = VECTOR ( 'NONE', #224, 1000.000000000000114 ) ;
#211 = VERTEX_POINT ( 'NONE', #1439 ) ;
#212 = CARTESIAN_POINT ( 'NONE',  ( 715.8058501752899474, 929.9532165504439263, 1328.996269223952140 ) ) ;
#213 = DIRECTION ( 'NONE',  ( -0.9788489675785115862, -0.1919541518199142094, 0.07076935968043830683 ) ) ;
#214 = FACE_OUTER_BOUND ( 'NONE', #178, .T. ) ;
#215 = EDGE_CURVE ( 'NONE', #251, #1238, #795, .T. ) ;
#216 = PERSON ( 'UNSPECIFIED', 'UNSPECIFIED', 'UNSPECIFIED', ('UNSPECIFIED'), ('UNSPECIFIED'), ('UNSPECIFIED') ) ;
#217 = ORIENTED_EDGE ( 'NONE', *, *, #541, .T. ) ;
#218 = DIRECTION ( 'NONE',  ( 0.9307836004181070377, -0.2272990577520009881, 0.2863163067967984254 ) ) ;
#219 = EDGE_LOOP ( 'NONE', ( #1371, #1348, #164, #661, #1455, #313 ) ) ;
#220 = AXIS2_PLACEMENT_3D ( 'NONE', #352, #1273, #1477 ) ;
#221 = DIRECTION ( 'NONE',  ( -0.07317157541021351852, 0.6515180314347910340, 0.7550961364404682463 ) ) ;
#222 = CARTESIAN_POINT ( 'NONE',  ( 719.7522489795813954, 935.0238903426379693, 1347.923306726018609 ) ) ;
#223 = LINE ( 'NONE', #685, #844 ) ;
#224 = DIRECTION ( 'NONE',  ( 0.07317157541021351852, -0.6515180314347910340, -0.7550961364404682463 ) ) ;
#225 = EDGE_CURVE ( 'NONE', #469, #1251, #1102, .T. ) ;
#226 = CARTESIAN_POINT ( 'NONE',  ( 720.5539609613709899, 927.8854652202453508, 1339.650017315566174 ) ) ;
#227 = ORIENTED_EDGE ( 'NONE', *, *, #1366, .F. ) ;
#228 = DIRECTION ( 'NONE',  ( -0.8731305266870464932, 0.3240394544517400388, -0.3641998288382619076 ) ) ;
#229 = CARTESIAN_POINT ( 'NONE',  ( 715.0084248949270886, 929.0116093110992779, 1325.294919641832848 ) ) ;
#230 = CARTESIAN_POINT ( 'NONE',  ( 716.6245988056201668, 938.7468248405238000, 1344.407974150888322 ) ) ;
#231 = ORIENTED_EDGE ( 'NONE', *, *, #1054, .F. ) ;
#232 = VECTOR ( 'NONE', #607, 999.9999999999998863 ) ;
#233 = ADVANCED_FACE ( 'NONE', ( #519 ), #397, .T. ) ;
#234 = CARTESIAN_POINT ( 'NONE',  ( 718.1360750688887720, 925.2886748132136745, 1328.810252216963136 ) ) ;
#235 = ORIENTED_EDGE ( 'NONE', *, *, #538, .F. ) ;
#236 = VECTOR ( 'NONE', #542, 1000.000000000000114 ) ;
#237 = EDGE_CURVE ( 'NONE', #395, #385, #423, .T. ) ;
#238 = DIRECTION ( 'NONE',  ( 0.9307836004181070377, -0.2272990577520009881, 0.2863163067967984254 ) ) ;
#239 =( NAMED_UNIT ( * ) PLANE_ANGLE_UNIT ( ) SI_UNIT ( $, .RADIAN. ) );
#240 = CARTESIAN_POINT ( 'NONE',  ( 718.7096989215941676, 936.2648685085999887, 1346.751529200975256 ) ) ;
#241 = CARTESIAN_POINT ( 'NONE',  ( 717.8909502912645166, 927.4712602185200012, 1331.339824274038619 ) ) ;
#242 = FACE_OUTER_BOUND ( 'NONE', #316, .T. ) ;
#243 = EDGE_LOOP ( 'NONE', ( #231, #530, #1218, #1030, #1298, #1361, #487, #523, #208, #702, #926, #904, #830, #1008, #521, #1094, #369, #45, #353, #1005, #75, #426, #503, #1351, #1475, #421, #640, #1235, #31, #249, #577, #653, #1049, #516, #336, #648, #295, #26, #858, #1328, #497, #1040, #404, #38 ) ) ;
#244 = CARTESIAN_POINT ( 'NONE',  ( 717.4263107874097614, 931.6083997181310679, 1336.134684740435887 ) ) ;
#245 = ADVANCED_FACE ( 'NONE', ( #403 ), #1118, .F. ) ;
#246 = CARTESIAN_POINT ( 'NONE',  ( 712.6521671311422779, 929.4154969452304158, 1329.154625301009219 ) ) ;
#247 = CARTESIAN_POINT ( 'NONE',  ( 717.8909502912645166, 927.4712602185200012, 1331.339824274038619 ) ) ;
#248 = DIRECTION ( 'NONE',  ( 0.07317157541021351852, -0.6515180314347910340, -0.7550961364404682463 ) ) ;
#249 = ORIENTED_EDGE ( 'NONE', *, *, #697, .F. ) ;
#250 = CARTESIAN_POINT ( 'NONE',  ( 717.2067960611791477, 933.5629538124353530, 1338.399973149757216 ) ) ;
#251 = VERTEX_POINT ( 'NONE', #1109 ) ;
#252 = AXIS2_PLACEMENT_3D ( 'NONE', #1460, #885, #774 ) ;
#253 = DIRECTION ( 'NONE',  ( -0.07317157541021351852, 0.6515180314347910340, 0.7550961364404682463 ) ) ;
#254 = EDGE_CURVE ( 'NONE', #770, #1340, #162, .T. ) ;
#255 = FACE_OUTER_BOUND ( 'NONE', #1013, .T. ) ;
#256 = DIRECTION ( 'NONE',  ( -0.8731305266870464932, 0.3240394544517400388, -0.3641998288382619076 ) ) ;
#257 = APPLICATION_CONTEXT ( 'configuration controlled 3d designs of mechanical parts and assemblies' ) ;
#258 = EDGE_LOOP ( 'NONE', ( #1463, #611, #727, #627 ) ) ;
#259 = VECTOR ( 'NONE', #693, 1000.000000000000114 ) ;
#260 = CARTESIAN_POINT ( 'NONE',  ( 713.4969486316584835, 942.4697593384095171, 1340.892641575758489 ) ) ;
#261 = ORIENTED_EDGE ( 'NONE', *, *, #331, .F. ) ;
#262 = AXIS2_PLACEMENT_3D ( 'NONE', #394, #496, #157 ) ;
#263 = VECTOR ( 'NONE', #63, 1000.000000000000114 ) ;
#264 = COORDINATED_UNIVERSAL_TIME_OFFSET ( 5, 0, .BEHIND. ) ;
#265 = CIRCLE ( 'NONE', #1497, 5.999999999999982236 ) ;
#266 = DIRECTION ( 'NONE',  ( -0.07317157541021490630, 0.6515180314347915891, 0.7550961364404676912 ) ) ;
#267 = CARTESIAN_POINT ( 'NONE',  ( 716.7421565573241651, 937.7000933120463060, 1343.194833616153801 ) ) ;
#268 = ADVANCED_FACE ( 'NONE', ( #1222 ), #644, .T. ) ;
#269 = FACE_OUTER_BOUND ( 'NONE', #1057, .T. ) ;
#270 = ORIENTED_EDGE ( 'NONE', *, *, #1086, .T. ) ;
#271 = DIRECTION ( 'NONE',  ( -0.5212750289935843551, 0.6204890829809658337, -0.5858887625216735451 ) ) ;
#272 = ORIENTED_EDGE ( 'NONE', *, *, #1461, .F. ) ;
#273 = DIRECTION ( 'NONE',  ( 0.9307836007855353477, -0.2272990570095208274, 0.2863163061917639030 ) ) ;
#274 = DIRECTION ( 'NONE',  ( 0.9307836006018208597, -0.2272990573807815995, 0.2863163064942654268 ) ) ;
#275 = EDGE_CURVE ( 'NONE', #625, #622, #1492, .T. ) ;
#276 = ORIENTED_EDGE ( 'NONE', *, *, #963, .F. ) ;
#277 = DIRECTION ( 'NONE',  ( -0.07317157541021351852, 0.6515180314347910340, 0.7550961364404682463 ) ) ;
#278 = EDGE_CURVE ( 'NONE', #667, #173, #66, .T. ) ;
#279 = EDGE_LOOP ( 'NONE', ( #311, #136, #1397, #1000, #787, #755 ) ) ;
#280 = APPROVAL_STATUS ( 'not_yet_approved' ) ;
#281 = CIRCLE ( 'NONE', #539, 6.000000000000048850 ) ;
#282 = DIRECTION ( 'NONE',  ( -0.8731305266870632575, 0.3240394544517275488, -0.3641998288382332638 ) ) ;
#283 = VERTEX_POINT ( 'NONE', #737 ) ;
#284 = CC_DESIGN_DATE_AND_TIME_ASSIGNMENT ( #1438, #372, ( #1096 ) ) ;
#285 = CARTESIAN_POINT ( 'NONE',  ( 719.7522489795813954, 935.0238903426379693, 1347.923306726018609 ) ) ;
#286 = ORIENTED_EDGE ( 'NONE', *, *, #150, .F. ) ;
#287 = VECTOR ( 'NONE', #706, 1000.000000000000114 ) ;
#288 = ADVANCED_FACE ( 'NONE', ( #304 ), #658, .F. ) ;
#289 = CIRCLE ( 'NONE', #1058, 2.500000000000007994 ) ;
#290 = PERSON_AND_ORGANIZATION ( #216, #1204 ) ;
#291 = CIRCLE ( 'NONE', #527, 2.500000000000033751 ) ;
#292 = CARTESIAN_POINT ( 'NONE',  ( 908.8920903025516509, 1546.258780189277104, 780.5903919608267643 ) ) ;
#293 = ORIENTED_EDGE ( 'NONE', *, *, #1206, .T. ) ;
#294 = DIRECTION ( 'NONE',  ( -0.8731305266870464932, 0.3240394544517400388, -0.3641998288382619076 ) ) ;
#295 = ORIENTED_EDGE ( 'NONE', *, *, #976, .F. ) ;
#296 = EDGE_CURVE ( 'NONE', #1433, #211, #163, .T. ) ;
#297 = DIRECTION ( 'NONE',  ( 0.07317157541021351852, -0.6515180314347910340, -0.7550961364404682463 ) ) ;
#298 = VECTOR ( 'NONE', #812, 999.9999999999998863 ) ;
#299 = ORIENTED_EDGE ( 'NONE', *, *, #1150, .F. ) ;
#300 = CARTESIAN_POINT ( 'NONE',  ( 713.2496344505760817, 938.9962511298530217, 1341.738034300801019 ) ) ;
#301 = ORIENTED_EDGE ( 'NONE', *, *, #895, .T. ) ;
#302 = EDGE_CURVE ( 'NONE', #1119, #1079, #43, .T. ) ;
#303 = DIRECTION ( 'NONE',  ( 0.9307836004181070377, -0.2272990577520009881, 0.2863163067967984254 ) ) ;
#304 = FACE_OUTER_BOUND ( 'NONE', #613, .T. ) ;
#305 = APPROVAL_PERSON_ORGANIZATION ( #855, #4, #1323 ) ;
#306 = VERTEX_POINT ( 'NONE', #1325 ) ;
#307 = CARTESIAN_POINT ( 'NONE',  ( 718.1124107217805204, 911.0714101900797459, 1315.457881929479981 ) ) ;
#308 = ORIENTED_EDGE ( 'NONE', *, *, #1405, .F. ) ;
#309 = CARTESIAN_POINT ( 'NONE',  ( 906.7445688242713686, 1549.096540686846538, 783.2311290020030583 ) ) ;
#310 = DIRECTION ( 'NONE',  ( -0.08966699656141191577, 0.5931618504913012124, 0.8000742770826911876 ) ) ;
#311 = ORIENTED_EDGE ( 'NONE', *, *, #507, .T. ) ;
#312 = CARTESIAN_POINT ( 'NONE',  ( 716.6245988056201668, 938.7468248405238000, 1344.407974150888322 ) ) ;
#313 = ORIENTED_EDGE ( 'NONE', *, *, #1033, .T. ) ;
#314 = CARTESIAN_POINT ( 'NONE',  ( 717.2067960611791477, 933.5629538124353530, 1338.399973149757216 ) ) ;
#315 = CARTESIAN_POINT ( 'NONE',  ( 760.0872600993506012, 908.3633107628668313, 1321.862022052758448 ) ) ;
#316 = EDGE_LOOP ( 'NONE', ( #742, #1208, #366, #584, #1357, #778 ) ) ;
#317 = ADVANCED_FACE ( 'NONE', ( #1468 ), #1029, .T. ) ;
#318 = CARTESIAN_POINT ( 'NONE',  ( 947.9966375953031275, 1543.943724539868072, 791.6745988936467029 ) ) ;
#319 = ORIENTED_EDGE ( 'NONE', *, *, #17, .T. ) ;
#320 = CARTESIAN_POINT ( 'NONE',  ( 712.1875276272874089, 933.5526364448415961, 1333.949485767406259 ) ) ;
#321 = CARTESIAN_POINT ( 'NONE',  ( 718.3555897951194993, 923.3341207189090483, 1326.544963807641807 ) ) ;
#322 = CYLINDRICAL_SURFACE ( 'NONE', #1060, 3.999999999999961364 ) ;
#323 = VECTOR ( 'NONE', #1467, 1000.000000000000114 ) ;
#324 = LOCAL_TIME ( 17, 4, 52.00000000000000000, #506 ) ;
#325 = VERTEX_POINT ( 'NONE', #106 ) ;
#326 = FACE_OUTER_BOUND ( 'NONE', #579, .T. ) ;
#327 = EDGE_LOOP ( 'NONE', ( #152, #861, #481, #195 ) ) ;
#328 = ADVANCED_FACE ( 'NONE', ( #214 ), #322, .T. ) ;
#329 = DIRECTION ( 'NONE',  ( 0.8888065830875199191, -0.3008470487215146316, 0.3457078407208060145 ) ) ;
#330 = VECTOR ( 'NONE', #457, 999.9999999999998863 ) ;
#331 = EDGE_CURVE ( 'NONE', #1374, #1314, #429, .T. ) ;
#332 = LINE ( 'NONE', #12, #1488 ) ;
#333 = CYLINDRICAL_SURFACE ( 'NONE', #649, 6.000000000000048850 ) ;
#334 = CIRCLE ( 'NONE', #134, 2.499999999999964029 ) ;
#335 = CIRCLE ( 'NONE', #940, 6.000000000000039968 ) ;
#336 = ORIENTED_EDGE ( 'NONE', *, *, #589, .F. ) ;
#337 = DIRECTION ( 'NONE',  ( 0.07317157541021351852, -0.6515180314347910340, -0.7550961364404682463 ) ) ;
#338 = AXIS2_PLACEMENT_3D ( 'NONE', #1435, #1412, #608 ) ;
#339 = ORIENTED_EDGE ( 'NONE', *, *, #160, .F. ) ;
#340 = LINE ( 'NONE', #1261, #1252 ) ;
#341 = CARTESIAN_POINT ( 'NONE',  ( 723.1071022187343260, 935.4691149231492773, 1358.278840543188153 ) ) ;
#342 = EDGE_CURVE ( 'NONE', #434, #1183, #1247, .T. ) ;
#343 = CARTESIAN_POINT ( 'NONE',  ( 716.7421565573241651, 937.7000933120461923, 1343.194833616154028 ) ) ;
#344 = ORIENTED_EDGE ( 'NONE', *, *, #867, .F. ) ;
#345 = LINE ( 'NONE', #920, #298 ) ;
#346 = ORIENTED_EDGE ( 'NONE', *, *, #802, .F. ) ;
#347 = CARTESIAN_POINT ( 'NONE',  ( 716.4270292039913102, 920.5905964816565756, 1328.725268558348716 ) ) ;
#348 = DIRECTION ( 'NONE',  ( 0.07317157541021351852, -0.6515180314347910340, -0.7550961364404682463 ) ) ;
#349 = DIRECTION ( 'NONE',  ( 0.07317157541021351852, -0.6515180314347910340, -0.7550961364404682463 ) ) ;
#350 = EDGE_CURVE ( 'NONE', #882, #645, #671, .T. ) ;
#351 = ORIENTED_EDGE ( 'NONE', *, *, #278, .F. ) ;
#352 = CARTESIAN_POINT ( 'NONE',  ( 717.8909502912645166, 927.4712602185200012, 1331.339824274038619 ) ) ;
#353 = ORIENTED_EDGE ( 'NONE', *, *, #751, .T. ) ;
#354 = VECTOR ( 'NONE', #677, 1000.000000000000114 ) ;
#355 = CARTESIAN_POINT ( 'NONE',  ( 713.5798839668320852, 912.6914626745249279, 1313.620836999977200 ) ) ;
#356 = ORIENTED_EDGE ( 'NONE', *, *, #203, .T. ) ;
#357 = VECTOR ( 'NONE', #863, 1000.000000000000114 ) ;
#358 = CARTESIAN_POINT ( 'NONE',  ( 712.4326524049116642, 931.3700510395348147, 1331.419913710330547 ) ) ;
#359 = ADVANCED_FACE ( 'NONE', ( #809 ), #1142, .F. ) ;
#360 = VERTEX_POINT ( 'NONE', #89 ) ;
#361 = CARTESIAN_POINT ( 'NONE',  ( 717.9446122115922435, 916.9411261210389057, 1315.873055753193512 ) ) ;
#362 = CARTESIAN_POINT ( 'NONE',  ( 718.4050970234214901, 908.4653380643405853, 1312.437497383717982 ) ) ;
#363 = CARTESIAN_POINT ( 'NONE',  ( 713.1320766988718560, 940.0429826583307431, 1342.951174835535312 ) ) ;
#364 = CARTESIAN_POINT ( 'NONE',  ( 719.7522489795813954, 935.0238903426379693, 1347.923306726018609 ) ) ;
#365 = DIRECTION ( 'NONE',  ( -0.07317157541021340750, 0.6515180314347909230, 0.7550961364404682463 ) ) ;
#366 = ORIENTED_EDGE ( 'NONE', *, *, #1319, .T. ) ;
#367 = EDGE_CURVE ( 'NONE', #1382, #1126, #1249, .T. ) ;
#368 = DIRECTION ( 'NONE',  ( -0.5212750289935843551, 0.6204890829809658337, -0.5858887625216735451 ) ) ;
#369 = ORIENTED_EDGE ( 'NONE', *, *, #1459, .T. ) ;
#370 = VECTOR ( 'NONE', #572, 1000.000000000000114 ) ;
#371 = EDGE_CURVE ( 'NONE', #1032, #1407, #1163, .T. ) ;
#372 = DATE_TIME_ROLE ( 'creation_date' ) ;
#373 = CARTESIAN_POINT ( 'NONE',  ( 717.2067960611791477, 933.5629538124353530, 1338.399973149757216 ) ) ;
#374 = DIRECTION ( 'NONE',  ( 0.9307836007855353477, -0.2272990570095208274, 0.2863163061917639030 ) ) ;
#375 = DIRECTION ( 'NONE',  ( 0.07317157541021351852, -0.6515180314347910340, -0.7550961364404682463 ) ) ;
#376 = ORIENTED_EDGE ( 'NONE', *, *, #620, .F. ) ;
#377 = LINE ( 'NONE', #1306, #862 ) ;
#378 = EDGE_LOOP ( 'NONE', ( #261, #509, #773, #983, #339, #356, #846, #1243, #1274, #690 ) ) ;
#379 = CIRCLE ( 'NONE', #126, 5.999999999999956479 ) ;
#380 = LOCAL_TIME ( 17, 4, 52.00000000000000000, #736 ) ;
#381 = EDGE_CURVE ( 'NONE', #659, #173, #1020, .T. ) ;
#382 = DIRECTION ( 'NONE',  ( -0.07317157541021351852, 0.6515180314347910340, 0.7550961364404682463 ) ) ;
#383 = CYLINDRICAL_SURFACE ( 'NONE', #720, 6.000000000000048850 ) ;
#384 = CARTESIAN_POINT ( 'NONE',  ( 720.0893214575161210, 932.0226047198560764, 1344.444877781962759 ) ) ;
#385 = VERTEX_POINT ( 'NONE', #436 ) ;
#386 = CARTESIAN_POINT ( 'NONE',  ( 716.6245988056201668, 938.7468248405238000, 1344.407974150888322 ) ) ;
#387 = ORIENTED_EDGE ( 'NONE', *, *, #1200, .T. ) ;
#388 = AXIS2_PLACEMENT_3D ( 'NONE', #312, #660, #407 ) ;
#389 = SECURITY_CLASSIFICATION_LEVEL ( 'unclassified' ) ;
#390 = EDGE_CURVE ( 'NONE', #954, #687, #1482, .T. ) ;
#391 = PLANE ( 'NONE',  #1212 ) ;
#392 = CARTESIAN_POINT ( 'NONE',  ( 716.7164979497077866, 913.8029659552788644, 1307.668411572377863 ) ) ;
#393 = ORIENTED_EDGE ( 'NONE', *, *, #1217, .T. ) ;
#394 = CARTESIAN_POINT ( 'NONE',  ( 717.6714355650339030, 929.4258143128244001, 1333.605112683360176 ) ) ;
#395 = VERTEX_POINT ( 'NONE', #1369 ) ;
#396 = PERSON_AND_ORGANIZATION ( #216, #1204 ) ;
#397 = CYLINDRICAL_SURFACE ( 'NONE', #1091, 3.999999999999961364 ) ;
#398 = ADVANCED_FACE ( 'NONE', ( #197 ), #333, .T. ) ;
#399 = EDGE_LOOP ( 'NONE', ( #1226, #124, #1333, #424 ) ) ;
#400 = CARTESIAN_POINT ( 'NONE',  ( 719.1673901370863859, 908.1343078440983163, 1318.094327208890491 ) ) ;
#401 = EDGE_LOOP ( 'NONE', ( #308, #1318, #1414, #1042, #1436 ) ) ;
#402 = AXIS2_PLACEMENT_3D ( 'NONE', #79, #767, #1003 ) ;
#403 = FACE_OUTER_BOUND ( 'NONE', #546, .T. ) ;
#404 = ORIENTED_EDGE ( 'NONE', *, *, #1312, .F. ) ;
#405 = VECTOR ( 'NONE', #504, 1000.000000000000114 ) ;
#406 = ADVANCED_FACE ( 'NONE', ( #98 ), #113, .T. ) ;
#407 = DIRECTION ( 'NONE',  ( -0.8731305266870632575, 0.3240394544517275488, -0.3641998288382332638 ) ) ;
#408 = ORIENTED_EDGE ( 'NONE', *, *, #571, .T. ) ;
#409 = VECTOR ( 'NONE', #1228, 1000.000000000000114 ) ;
#410 = VECTOR ( 'NONE', #1, 1000.000000000000114 ) ;
#411 = VECTOR ( 'NONE', #192, 1000.000000000000114 ) ;
#412 = CARTESIAN_POINT ( 'NONE',  ( 719.8441481236693562, 910.0800314573931473, 1311.183744147507923 ) ) ;
#413 = ORIENTED_EDGE ( 'NONE', *, *, #62, .T. ) ;
#414 = CARTESIAN_POINT ( 'NONE',  ( 718.3555897951194993, 923.3341207189091620, 1326.544963807641807 ) ) ;
#415 = EDGE_LOOP ( 'NONE', ( #102, #1232, #1272 ) ) ;
#416 = CARTESIAN_POINT ( 'NONE',  ( 713.1320766988718560, 940.0429826583307431, 1342.951174835535312 ) ) ;
#417 = DIRECTION ( 'NONE',  ( 0.07317157541021356015, -0.6515180314347910340, -0.7550961364404681353 ) ) ;
#418 = AXIS2_PLACEMENT_3D ( 'NONE', #93, #1373, #681 ) ;
#419 = ORIENTED_EDGE ( 'NONE', *, *, #1044, .F. ) ;
#420 = LINE ( 'NONE', #1320, #184 ) ;
#421 = ORIENTED_EDGE ( 'NONE', *, *, #302, .F. ) ;
#422 = CARTESIAN_POINT ( 'NONE',  ( 715.6341762505318229, 939.9257540981875536, 1343.294785502096829 ) ) ;
#423 = LINE ( 'NONE', #292, #651 ) ;
#424 = ORIENTED_EDGE ( 'NONE', *, *, #70, .F. ) ;
#425 = CARTESIAN_POINT ( 'NONE',  ( 721.0186004652258589, 923.7483257206342842, 1334.855156849168907 ) ) ;
#426 = ORIENTED_EDGE ( 'NONE', *, *, #541, .F. ) ;
#427 = AXIS2_PLACEMENT_3D ( 'NONE', #121, #266, #939 ) ;
#428 = CARTESIAN_POINT ( 'NONE',  ( 714.2986606134481917, 935.3313342160170123, 1332.619352165306054 ) ) ;
#429 = LINE ( 'NONE', #900, #1035 ) ;
#430 = EDGE_CURVE ( 'NONE', #960, #659, #914, .T. ) ;
#431 = AXIS2_PLACEMENT_3D ( 'NONE', #999, #761, #310 ) ;
#432 = VERTEX_POINT ( 'NONE', #664 ) ;
#433 = FACE_OUTER_BOUND ( 'NONE', #187, .T. ) ;
#434 = VERTEX_POINT ( 'NONE', #1264 ) ;
#435 = DIRECTION ( 'NONE',  ( 0.07317157541021351852, -0.6515180314347910340, -0.7550961364404682463 ) ) ;
#436 = CARTESIAN_POINT ( 'NONE',  ( 719.4600764387272420, 905.5282357183591557, 1315.073942663128491 ) ) ;
#437 = EDGE_CURVE ( 'NONE', #1079, #712, #223, .T. ) ;
#438 = ORIENTED_EDGE ( 'NONE', *, *, #71, .F. ) ;
#439 = DIRECTION ( 'NONE',  ( -0.8888065830875102602, 0.3008470487215014755, -0.3457078407208419857 ) ) ;
#440 = VERTEX_POINT ( 'NONE', #576 ) ;
#441 = CARTESIAN_POINT ( 'NONE',  ( 713.1320766988718560, 940.0429826583307431, 1342.951174835535312 ) ) ;
#442 = DIRECTION ( 'NONE',  ( -0.07317157541021351852, 0.6515180314347910340, 0.7550961364404682463 ) ) ;
#443 = DIRECTION ( 'NONE',  ( -0.07317157541021351852, 0.6515180314347910340, 0.7550961364404682463 ) ) ;
#444 = AXIS2_PLACEMENT_3D ( 'NONE', #934, #726, #851 ) ;
#445 = APPROVAL_PERSON_ORGANIZATION ( #1434, #821, #629 ) ;
#446 = ORIENTED_EDGE ( 'NONE', *, *, #1398, .F. ) ;
#447 = DIRECTION ( 'NONE',  ( 0.07317157541021351852, -0.6515180314347910340, -0.7550961364404682463 ) ) ;
#448 = VERTEX_POINT ( 'NONE', #1038 ) ;
#449 = ADVANCED_FACE ( 'NONE', ( #1500 ), #461, .T. ) ;
#450 = DIRECTION ( 'NONE',  ( 0.07317157541021351852, -0.6515180314347910340, -0.7550961364404682463 ) ) ;
#451 = DIRECTION ( 'NONE',  ( 0.8888065830875199191, -0.3008470487215146316, 0.3457078407208060145 ) ) ;
#452 = VECTOR ( 'NONE', #723, 1000.000000000000114 ) ;
#453 = ORIENTED_EDGE ( 'NONE', *, *, #1122, .T. ) ;
#454 = DIRECTION ( 'NONE',  ( -0.2213962767796853193, -0.7488457419180279961, 0.6246709081102874705 ) ) ;
#455 = AXIS2_PLACEMENT_3D ( 'NONE', #412, #1332, #639 ) ;
#456 = VERTEX_POINT ( 'NONE', #246 ) ;
#457 = DIRECTION ( 'NONE',  ( 0.5212750289935843551, -0.6204890829809658337, 0.5858887625216735451 ) ) ;
#458 = EDGE_CURVE ( 'NONE', #995, #1223, #1052, .T. ) ;
#459 = DIRECTION ( 'NONE',  ( -0.5212750289935843551, 0.6204890829809658337, -0.5858887625216735451 ) ) ;
#460 = EDGE_CURVE ( 'NONE', #645, #23, #1168, .T. ) ;
#461 = PLANE ( 'NONE',  #668 ) ;
#462 = ORIENTED_EDGE ( 'NONE', *, *, #1012, .T. ) ;
#463 = CARTESIAN_POINT ( 'NONE',  ( 719.5114109033839895, 929.1264433862072565, 1338.478239790522366 ) ) ;
#464 = ORIENTED_EDGE ( 'NONE', *, *, #970, .T. ) ;
#465 = CARTESIAN_POINT ( 'NONE',  ( 717.2067960611789204, 933.5629538124352393, 1338.399973149757443 ) ) ;
#466 =( LENGTH_UNIT ( ) NAMED_UNIT ( * ) SI_UNIT ( .MILLI., .METRE. ) );
#467 = LINE ( 'NONE', #1284, #232 ) ;
#468 = EDGE_CURVE ( 'NONE', #1143, #712, #181, .T. ) ;
#469 = VERTEX_POINT ( 'NONE', #842 ) ;
#470 = AXIS2_PLACEMENT_3D ( 'NONE', #958, #845, #1304 ) ;
#471 = CARTESIAN_POINT ( 'NONE',  ( 713.8340211095932091, 939.4684737156277379, 1337.414212631702867 ) ) ;
#472 = ORIENTED_EDGE ( 'NONE', *, *, #160, .T. ) ;
#473 =( GEOMETRIC_REPRESENTATION_CONTEXT ( 3 ) GLOBAL_UNCERTAINTY_ASSIGNED_CONTEXT ( ( #980 ) ) GLOBAL_UNIT_ASSIGNED_CONTEXT ( ( #466, #239, #1167 ) ) REPRESENTATION_CONTEXT ( 'NONE', 'WORKASPACE' ) );
#474 = DIRECTION ( 'NONE',  ( 0.07317157541021489242, -0.6515180314347915891, -0.7550961364404675802 ) ) ;
#475 = DIRECTION ( 'NONE',  ( -0.07317157541021349076, 0.6515180314347909230, 0.7550961364404682463 ) ) ;
#476 = LINE ( 'NONE', #1403, #524 ) ;
#477 = CARTESIAN_POINT ( 'NONE',  ( 719.5514618220286138, 912.6861035831328763, 1314.204128693270377 ) ) ;
#478 = VECTOR ( 'NONE', #1046, 999.9999999999998863 ) ;
#479 = EDGE_CURVE ( 'NONE', #440, #1119, #789, .T. ) ;
#480 = CARTESIAN_POINT ( 'NONE',  ( 760.3799464009913436, 905.7572386371276707, 1318.841637506996449 ) ) ;
#481 = ORIENTED_EDGE ( 'NONE', *, *, #350, .T. ) ;
#482 = VECTOR ( 'NONE', #122, 1000.000000000000114 ) ;
#483 = DIRECTION ( 'NONE',  ( -0.07317157541021351852, 0.6515180314347910340, 0.7550961364404682463 ) ) ;
#484 = DIRECTION ( 'NONE',  ( 0.07317157541021457323, -0.6515180314347913670, -0.7550961364404678022 ) ) ;
#485 = DIRECTION ( 'NONE',  ( -0.8731305266870464932, 0.3240394544517400388, -0.3641998288382619076 ) ) ;
#486 = CARTESIAN_POINT ( 'NONE',  ( 716.6245988056201668, 938.7468248405238000, 1344.407974150888322 ) ) ;
#487 = ORIENTED_EDGE ( 'NONE', *, *, #978, .F. ) ;
#488 = EDGE_CURVE ( 'NONE', #469, #55, #824, .T. ) ;
#489 = DIRECTION ( 'NONE',  ( -0.8731305266870632575, 0.3240394544517275488, -0.3641998288382332638 ) ) ;
#490 = ORIENTED_EDGE ( 'NONE', *, *, #762, .T. ) ;
#491 = AXIS2_PLACEMENT_3D ( 'NONE', #414, #1225, #179 ) ;
#492 = LINE ( 'NONE', #363, #452 ) ;
#493 = CARTESIAN_POINT ( 'NONE',  ( 719.2477997840761645, 915.3899034135865804, 1317.337777659497760 ) ) ;
#494 = CARTESIAN_POINT ( 'NONE',  ( 714.6053649635471174, 912.0242681841035619, 1308.998545174478295 ) ) ;
#495 = ORIENTED_EDGE ( 'NONE', *, *, #367, .T. ) ;
#496 = DIRECTION ( 'NONE',  ( -0.07317157541021351852, 0.6515180314347910340, 0.7550961364404682463 ) ) ;
#497 = ORIENTED_EDGE ( 'NONE', *, *, #560, .F. ) ;
#498 = VECTOR ( 'NONE', #1090, 999.9999999999998863 ) ;
#499 = ADVANCED_FACE ( 'NONE', ( #818 ), #1506, .T. ) ;
#500 = PERSON_AND_ORGANIZATION ( #216, #1204 ) ;
#501 = CARTESIAN_POINT ( 'NONE',  ( 717.2067960611791477, 933.5629538124353530, 1338.399973149757216 ) ) ;
#502 = DIRECTION ( 'NONE',  ( -0.07317157541021340750, 0.6515180314347909230, 0.7550961364404682463 ) ) ;
#503 = ORIENTED_EDGE ( 'NONE', *, *, #1498, .F. ) ;
#504 = DIRECTION ( 'NONE',  ( -0.07317157541021351852, 0.6515180314347910340, 0.7550961364404682463 ) ) ;
#505 = ORIENTED_EDGE ( 'NONE', *, *, #998, .T. ) ;
#506 = COORDINATED_UNIVERSAL_TIME_OFFSET ( 5, 0, .BEHIND. ) ;
#507 = EDGE_CURVE ( 'NONE', #78, #954, #467, .T. ) ;
#508 = CARTESIAN_POINT ( 'NONE',  ( 719.0467713995292343, 933.2635828858179821, 1343.273100256919633 ) ) ;
#509 = ORIENTED_EDGE ( 'NONE', *, *, #638, .T. ) ;
#510 = CARTESIAN_POINT ( 'NONE',  ( 711.3858156454977006, 940.6910615672342146, 1342.222775177858921 ) ) ;
#511 = ORIENTED_EDGE ( 'NONE', *, *, #571, .F. ) ;
#512 = CARTESIAN_POINT ( 'NONE',  ( 718.7096989215941676, 936.2648685085999887, 1346.751529200975256 ) ) ;
#513 = ADVANCED_FACE ( 'NONE', ( #1185 ), #598, .T. ) ;
#514 = ORIENTED_EDGE ( 'NONE', *, *, #1331, .T. ) ;
#515 = LINE ( 'NONE', #307, #786 ) ;
#516 = ORIENTED_EDGE ( 'NONE', *, *, #168, .F. ) ;
#517 = VECTOR ( 'NONE', #375, 1000.000000000000114 ) ;
#518 = AXIS2_PLACEMENT_3D ( 'NONE', #97, #808, #588 ) ;
#519 = FACE_OUTER_BOUND ( 'NONE', #1221, .T. ) ;
#520 = PRODUCT_RELATED_PRODUCT_CATEGORY ( 'detail', '', ( #675 ) ) ;
#521 = ORIENTED_EDGE ( 'NONE', *, *, #92, .T. ) ;
#522 = LINE ( 'NONE', #749, #561 ) ;
#523 = ORIENTED_EDGE ( 'NONE', *, *, #762, .F. ) ;
#524 = VECTOR ( 'NONE', #20, 999.9999999999998863 ) ;
#525 = VECTOR ( 'NONE', #368, 999.9999999999998863 ) ;
#526 = AXIS2_PLACEMENT_3D ( 'NONE', #868, #172, #764 ) ;
#527 = AXIS2_PLACEMENT_3D ( 'NONE', #29, #1285, #600 ) ;
#528 = DIRECTION ( 'NONE',  ( -0.08966699656141173536, 0.5931618504913012124, 0.8000742770826911876 ) ) ;
#529 = CARTESIAN_POINT ( 'NONE',  ( 716.6245988056201668, 938.7468248405238000, 1344.407974150888322 ) ) ;
#530 = ORIENTED_EDGE ( 'NONE', *, *, #654, .T. ) ;
#531 = LINE ( 'NONE', #996, #752 ) ;
#532 = VERTEX_POINT ( 'NONE', #3 ) ;
#533 = DIRECTION ( 'NONE',  ( 0.07317157541021351852, -0.6515180314347910340, -0.7550961364404682463 ) ) ;
#534 = CARTESIAN_POINT ( 'NONE',  ( 760.0872600993506012, 908.3633107628668313, 1321.862022052758448 ) ) ;
#535 = EDGE_LOOP ( 'NONE', ( #910, #933, #419, #570, #1083, #679 ) ) ;
#536 = CARTESIAN_POINT ( 'NONE',  ( 759.9576522117545210, 904.3288803555591358, 1320.033143066698130 ) ) ;
#537 = VERTEX_POINT ( 'NONE', #146 ) ;
#538 = EDGE_CURVE ( 'NONE', #1314, #763, #334, .T. ) ;
#539 = AXIS2_PLACEMENT_3D ( 'NONE', #550, #1239, #1227 ) ;
#540 = FACE_OUTER_BOUND ( 'NONE', #107, .T. ) ;
#541 = EDGE_CURVE ( 'NONE', #69, #659, #1061, .T. ) ;
#542 = DIRECTION ( 'NONE',  ( 0.9724348868587991968, -0.1214673187592747866, 0.1990378890898586994 ) ) ;
#543 = LOCAL_TIME ( 17, 4, 52.00000000000000000, #264 ) ;
#544 = VERTEX_POINT ( 'NONE', #947 ) ;
#545 = LINE ( 'NONE', #1502, #370 ) ;
#546 = EDGE_LOOP ( 'NONE', ( #748, #944, #190, #1152 ) ) ;
#547 = AXIS2_PLACEMENT_3D ( 'NONE', #994, #417, #768 ) ;
#548 = VECTOR ( 'NONE', #271, 999.9999999999998863 ) ;
#549 = CC_DESIGN_PERSON_AND_ORGANIZATION_ASSIGNMENT ( #138, #153, ( #1096 ) ) ;
#550 = CARTESIAN_POINT ( 'NONE',  ( 716.6245988056201668, 938.7468248405238000, 1344.407974150888322 ) ) ;
#551 = DIRECTION ( 'NONE',  ( 0.5212750289935843551, -0.6204890829809658337, 0.5858887625216735451 ) ) ;
#552 = ADVANCED_FACE ( 'NONE', ( #616 ), #590, .T. ) ;
#553 = ORIENTED_EDGE ( 'NONE', *, *, #1021, .F. ) ;
#554 = PLANE ( 'NONE',  #1147 ) ;
#555 = EDGE_LOOP ( 'NONE', ( #854, #293, #270, #1145 ) ) ;
#556 = CARTESIAN_POINT ( 'NONE',  ( 716.6245988056201668, 938.7468248405238000, 1344.407974150888322 ) ) ;
#557 = DIRECTION ( 'NONE',  ( 0.9307836006018208597, -0.2272990573807815995, 0.2863163064942654268 ) ) ;
#558 = CARTESIAN_POINT ( 'NONE',  ( 716.6245988056201668, 938.7468248405238000, 1344.407974150888322 ) ) ;
#559 = ORIENTED_EDGE ( 'NONE', *, *, #743, .T. ) ;
#560 = EDGE_CURVE ( 'NONE', #1171, #251, #476, .T. ) ;
#561 = VECTOR ( 'NONE', #68, 999.9999999999998863 ) ;
#562 = DIRECTION ( 'NONE',  ( 0.07317157541021351852, -0.6515180314347910340, -0.7550961364404682463 ) ) ;
#563 = EDGE_LOOP ( 'NONE', ( #1067, #272, #156, #472 ) ) ;
#564 = ADVANCED_BREP_SHAPE_REPRESENTATION ( 'camBarrelWithNoHoleBottomMirror', ( #803, #959 ), #473 ) ;
#565 = FACE_OUTER_BOUND ( 'NONE', #243, .T. ) ;
#566 = LINE ( 'NONE', #1051, #354 ) ;
#567 = DIRECTION ( 'NONE',  ( 0.07317157541021351852, -0.6515180314347910340, -0.7550961364404682463 ) ) ;
#568 = AXIS2_PLACEMENT_3D ( 'NONE', #314, #1337, #155 ) ;
#569 = VECTOR ( 'NONE', #582, 999.9999999999998863 ) ;
#570 = ORIENTED_EDGE ( 'NONE', *, *, #460, .T. ) ;
#571 = EDGE_CURVE ( 'NONE', #1340, #544, #492, .T. ) ;
#572 = DIRECTION ( 'NONE',  ( 0.07317157541021351852, -0.6515180314347910340, -0.7550961364404682463 ) ) ;
#573 = ORIENTED_EDGE ( 'NONE', *, *, #772, .F. ) ;
#574 = DIRECTION ( 'NONE',  ( 0.4566973361829317346, -0.8896221350232997871, -2.775557561562891043E-17 ) ) ;
#575 = CYLINDRICAL_SURFACE ( 'NONE', #1421, 5.219644854552481839 ) ;
#576 = CARTESIAN_POINT ( 'NONE',  ( 713.9337886806615643, 932.9045575359380109, 1334.677885425082877 ) ) ;
#577 = ORIENTED_EDGE ( 'NONE', *, *, #725, .F. ) ;
#578 = CARTESIAN_POINT ( 'NONE',  ( 716.6245988056201668, 938.7468248405238000, 1344.407974150888322 ) ) ;
#579 = EDGE_LOOP ( 'NONE', ( #413, #1160, #40, #149, #1191, #393 ) ) ;
#580 = LINE ( 'NONE', #202, #1186 ) ;
#581 = ADVANCED_FACE ( 'NONE', ( #1194 ), #1080, .F. ) ;
#582 = DIRECTION ( 'NONE',  ( -0.5212750289935843551, 0.6204890829809658337, -0.5858887625216735451 ) ) ;
#583 = CARTESIAN_POINT ( 'NONE',  ( 714.5394986896453702, 941.2287811724476114, 1342.064419100801842 ) ) ;
#584 = ORIENTED_EDGE ( 'NONE', *, *, #437, .T. ) ;
#585 = CARTESIAN_POINT ( 'NONE',  ( 716.2704896791449301, 925.8160770508329733, 1324.201408757555100 ) ) ;
#586 = ORIENTED_EDGE ( 'NONE', *, *, #811, .T. ) ;
#587 = CARTESIAN_POINT ( 'NONE',  ( 718.3555897951194993, 923.3341207189091620, 1326.544963807641807 ) ) ;
#588 = DIRECTION ( 'NONE',  ( -0.8731305266870569293, 0.3240394544517310460, -0.3641998288382453097 ) ) ;
#589 = EDGE_CURVE ( 'NONE', #1149, #625, #683, .T. ) ;
#590 = CYLINDRICAL_SURFACE ( 'NONE', #1110, 3.999999999999961364 ) ;
#591 = LINE ( 'NONE', #724, #1065 ) ;
#592 = AXIS2_PLACEMENT_3D ( 'NONE', #1117, #1453, #65 ) ;
#593 = CYLINDRICAL_SURFACE ( 'NONE', #957, 6.000000000000048850 ) ;
#594 = ORIENTED_EDGE ( 'NONE', *, *, #599, .F. ) ;
#595 = CARTESIAN_POINT ( 'NONE',  ( 716.0509749529143164, 927.7706311451373722, 1326.466697166876656 ) ) ;
#596 = DIRECTION ( 'NONE',  ( 0.07317157541021457323, -0.6515180314347913670, -0.7550961364404678022 ) ) ;
#597 = CIRCLE ( 'NONE', #1445, 5.999999999999956479 ) ;
#598 = PLANE ( 'NONE',  #1324 ) ;
#599 = EDGE_CURVE ( 'NONE', #306, #440, #799, .T. ) ;
#600 = DIRECTION ( 'NONE',  ( -0.8888065830873306261, 0.3008470487217932976, -0.3457078407210498749 ) ) ;
#601 = AXIS2_PLACEMENT_3D ( 'NONE', #1496, #906, #691 ) ;
#602 = DIRECTION ( 'NONE',  ( 0.8731305266870569293, -0.3240394544517310460, 0.3641998288382453097 ) ) ;
#603 = ORIENTED_EDGE ( 'NONE', *, *, #988, .T. ) ;
#604 = AXIS2_PLACEMENT_3D ( 'NONE', #1004, #886, #747 ) ;
#605 = ORIENTED_EDGE ( 'NONE', *, *, #793, .T. ) ;
#606 = APPROVAL_DATE_TIME ( #1087, #821 ) ;
#607 = DIRECTION ( 'NONE',  ( 0.5212750289935843551, -0.6204890829809658337, 0.5858887625216735451 ) ) ;
#608 = DIRECTION ( 'NONE',  ( -0.8731305266870569293, 0.3240394544517310460, -0.3641998288382453097 ) ) ;
#609 = LINE ( 'NONE', #1170, #517 ) ;
#610 = EDGE_CURVE ( 'NONE', #995, #1458, #1489, .T. ) ;
#611 = ORIENTED_EDGE ( 'NONE', *, *, #488, .F. ) ;
#612 = FACE_OUTER_BOUND ( 'NONE', #166, .T. ) ;
#613 = EDGE_LOOP ( 'NONE', ( #1112, #722, #1128, #462 ) ) ;
#614 = CIRCLE ( 'NONE', #1263, 6.000000000000039968 ) ;
#615 = PERSON_AND_ORGANIZATION_ROLE ( 'creator' ) ;
#616 = FACE_OUTER_BOUND ( 'NONE', #986, .T. ) ;
#617 = DIRECTION ( 'NONE',  ( -0.07317157541021351852, 0.6515180314347910340, 0.7550961364404682463 ) ) ;
#618 = CARTESIAN_POINT ( 'NONE',  ( 717.0930760497590200, 912.2526281280003104, 1314.339916853654131 ) ) ;
#619 = EDGE_LOOP ( 'NONE', ( #880, #974, #495, #784 ) ) ;
#620 = EDGE_CURVE ( 'NONE', #1340, #1205, #740, .T. ) ;
#621 = DIRECTION ( 'NONE',  ( -0.07317157541021351852, 0.6515180314347910340, 0.7550961364404682463 ) ) ;
#622 = VERTEX_POINT ( 'NONE', #347 ) ;
#623 = DIRECTION ( 'NONE',  ( 0.07317157541021351852, -0.6515180314347910340, -0.7550961364404682463 ) ) ;
#624 = CYLINDRICAL_SURFACE ( 'NONE', #402, 6.000000000000048850 ) ;
#625 = VERTEX_POINT ( 'NONE', #913 ) ;
#626 = CARTESIAN_POINT ( 'NONE',  ( 713.4691491768068090, 937.0416970355487365, 1339.472745891479690 ) ) ;
#627 = ORIENTED_EDGE ( 'NONE', *, *, #814, .T. ) ;
#628 = VECTOR ( 'NONE', #147, 999.9999999999998863 ) ;
#629 = APPROVAL_ROLE ( '' ) ;
#630 = EDGE_CURVE ( 'NONE', #432, #448, #207, .T. ) ;
#631 = CARTESIAN_POINT ( 'NONE',  ( 713.1320766988718560, 940.0429826583307431, 1342.951174835535312 ) ) ;
#632 = ORIENTED_EDGE ( 'NONE', *, *, #1331, .F. ) ;
#633 = DESIGN_CONTEXT ( 'detailed design', #879, 'design' ) ;
#634 = CARTESIAN_POINT ( 'NONE',  ( 714.6570564413499369, 940.1820496439698900, 1340.851278566067322 ) ) ;
#635 = ORIENTED_EDGE ( 'NONE', *, *, #1395, .T. ) ;
#636 = DATE_AND_TIME ( #1216, #981 ) ;
#637 = AXIS2_PLACEMENT_3D ( 'NONE', #797, #1135, #1031 ) ;
#638 = EDGE_CURVE ( 'NONE', #1374, #1098, #289, .T. ) ;
#639 = DIRECTION ( 'NONE',  ( -0.8731305266870464932, 0.3240394544517400388, -0.3641998288382619076 ) ) ;
#640 = ORIENTED_EDGE ( 'NONE', *, *, #841, .F. ) ;
#641 = DIRECTION ( 'NONE',  ( -0.5212750289935843551, 0.6204890829809658337, -0.5858887625216735451 ) ) ;
#642 = ORIENTED_EDGE ( 'NONE', *, *, #275, .F. ) ;
#643 = VECTOR ( 'NONE', #1286, 1000.000000000000114 ) ;
#644 = CYLINDRICAL_SURFACE ( 'NONE', #938, 3.999999999999961364 ) ;
#645 = VERTEX_POINT ( 'NONE', #212 ) ;
#646 = EDGE_CURVE ( 'NONE', #1382, #448, #1390, .T. ) ;
#647 = CARTESIAN_POINT ( 'NONE',  ( 714.0791458872174644, 937.2858883103211838, 1334.884640574627156 ) ) ;
#648 = ORIENTED_EDGE ( 'NONE', *, *, #772, .T. ) ;
#649 = AXIS2_PLACEMENT_3D ( 'NONE', #1257, #775, #678 ) ;
#650 = AXIS2_PLACEMENT_3D ( 'NONE', #1329, #881, #165 ) ;
#651 = VECTOR ( 'NONE', #754, 1000.000000000000000 ) ;
#652 = DIRECTION ( 'NONE',  ( 0.8731305266870593718, -0.3240394544517291031, 0.3641998288382410354 ) ) ;
#653 = ORIENTED_EDGE ( 'NONE', *, *, #952, .T. ) ;
#654 = EDGE_CURVE ( 'NONE', #1494, #23, #340, .T. ) ;
#655 = DIRECTION ( 'NONE',  ( -0.07317157541021351852, 0.6515180314347910340, 0.7550961364404682463 ) ) ;
#656 = ORIENTED_EDGE ( 'NONE', *, *, #654, .F. ) ;
#657 = DIRECTION ( 'NONE',  ( 0.9307836004181070377, -0.2272990577520009881, 0.2863163067967984254 ) ) ;
#658 = PLANE ( 'NONE',  #1088 ) ;
#659 = VERTEX_POINT ( 'NONE', #96 ) ;
#660 = DIRECTION ( 'NONE',  ( 0.07317157541021351852, -0.6515180314347910340, -0.7550961364404682463 ) ) ;
#661 = ORIENTED_EDGE ( 'NONE', *, *, #978, .T. ) ;
#662 = ADVANCED_FACE ( 'NONE', ( #565 ), #118, .T. ) ;
#663 = AXIS2_PLACEMENT_3D ( 'NONE', #927, #562, #903 ) ;
#664 = CARTESIAN_POINT ( 'NONE',  ( 717.0395989559428926, 942.6914434946567098, 1351.459250536938043 ) ) ;
#665 = CARTESIAN_POINT ( 'NONE',  ( 716.6245988056201668, 938.7468248405238000, 1344.407974150888322 ) ) ;
#666 = LINE ( 'NONE', #1023, #951 ) ;
#667 = VERTEX_POINT ( 'NONE', #1034 ) ;
#668 = AXIS2_PLACEMENT_3D ( 'NONE', #925, #1385, #1292 ) ;
#669 = CARTESIAN_POINT ( 'NONE',  ( 718.3555897951194993, 923.3341207189091620, 1326.544963807641807 ) ) ;
#670 = EDGE_CURVE ( 'NONE', #1494, #360, #335, .T. ) ;
#671 = LINE ( 'NONE', #583, #259 ) ;
#672 = ORIENTED_EDGE ( 'NONE', *, *, #1398, .T. ) ;
#673 = DIRECTION ( 'NONE',  ( 0.9307836007855353477, -0.2272990570095208274, 0.2863163061917639030 ) ) ;
#674 = ORIENTED_EDGE ( 'NONE', *, *, #560, .T. ) ;
#675 = PRODUCT ( 'camBarrelWithNoHoleBottomMirror', 'camBarrelWithNoHoleBottomMirror', '', ( #946 ) ) ;
#676 = DIRECTION ( 'NONE',  ( -0.5212750289935843551, 0.6204890829809658337, -0.5858887625216735451 ) ) ;
#677 = DIRECTION ( 'NONE',  ( 0.07317157541021351852, -0.6515180314347910340, -0.7550961364404682463 ) ) ;
#678 = DIRECTION ( 'NONE',  ( -0.8731305266870569293, 0.3240394544517310460, -0.3641998288382453097 ) ) ;
#679 = ORIENTED_EDGE ( 'NONE', *, *, #51, .T. ) ;
#680 = CIRCLE ( 'NONE', #1335, 6.000000000000039968 ) ;
#681 = DIRECTION ( 'NONE',  ( -0.8731305266870632575, 0.3240394544517275488, -0.3641998288382332638 ) ) ;
#682 = ORIENTED_EDGE ( 'NONE', *, *, #1417, .F. ) ;
#683 = LINE ( 'NONE', #104, #1375 ) ;
#684 = CARTESIAN_POINT ( 'NONE',  ( 719.2477997840761645, 915.3899034135863531, 1317.337777659497760 ) ) ;
#685 = CARTESIAN_POINT ( 'NONE',  ( 717.2067960611789204, 933.5629538124352393, 1338.399973149757443 ) ) ;
#686 = SECURITY_CLASSIFICATION ( '', '', #389 ) ;
#687 = VERTEX_POINT ( 'NONE', #111 ) ;
#688 = DIRECTION ( 'NONE',  ( -0.8888065830875102602, 0.3008470487215014755, -0.3457078407208419857 ) ) ;
#689 = EDGE_CURVE ( 'NONE', #1100, #385, #131, .T. ) ;
#690 = ORIENTED_EDGE ( 'NONE', *, *, #24, .T. ) ;
#691 = DIRECTION ( 'NONE',  ( 0.8731305266870569293, -0.3240394544517310460, 0.3641998288382453097 ) ) ;
#692 = CARTESIAN_POINT ( 'NONE',  ( 715.1216959452046922, 936.0449101443590507, 1336.056418099670282 ) ) ;
#693 = DIRECTION ( 'NONE',  ( 0.07317157541021351852, -0.6515180314347910340, -0.7550961364404682463 ) ) ;
#694 = ORIENTED_EDGE ( 'NONE', *, *, #1302, .F. ) ;
#695 = DIRECTION ( 'NONE',  ( -0.8731305266870569293, 0.3240394544517310460, -0.3641998288382453097 ) ) ;
#696 = ORIENTED_EDGE ( 'NONE', *, *, #177, .T. ) ;
#697 = EDGE_CURVE ( 'NONE', #810, #1503, #580, .T. ) ;
#698 = DIRECTION ( 'NONE',  ( -0.8731305266870632575, 0.3240394544517275488, -0.3641998288382332638 ) ) ;
#699 = DIRECTION ( 'NONE',  ( 0.07317157541021568345, -0.6515180314347935875, -0.7550961364404659149 ) ) ;
#700 = LINE ( 'NONE', #364, #482 ) ;
#701 = FACE_OUTER_BOUND ( 'NONE', #219, .T. ) ;
#702 = ORIENTED_EDGE ( 'NONE', *, *, #458, .T. ) ;
#703 = CARTESIAN_POINT ( 'NONE',  ( 716.6245988056201668, 938.7468248405238000, 1344.407974150888322 ) ) ;
#704 = EDGE_CURVE ( 'NONE', #1164, #544, #1182, .T. ) ;
#705 = DIRECTION ( 'NONE',  ( 0.5212750289935843551, -0.6204890829809656116, 0.5858887625216737671 ) ) ;
#706 = DIRECTION ( 'NONE',  ( -0.07317157541021351852, 0.6515180314347910340, 0.7550961364404682463 ) ) ;
#707 = DIRECTION ( 'NONE',  ( 0.8731305266870593718, -0.3240394544517291031, 0.3641998288382410354 ) ) ;
#708 = AXIS2_PLACEMENT_3D ( 'NONE', #669, #72, #303 ) ;
#709 = FACE_OUTER_BOUND ( 'NONE', #849, .T. ) ;
#710 = CC_DESIGN_SECURITY_CLASSIFICATION ( #686, ( #1027 ) ) ;
#711 = VERTEX_POINT ( 'NONE', #320 ) ;
#712 = VERTEX_POINT ( 'NONE', #780 ) ;
#713 = CARTESIAN_POINT ( 'NONE',  ( 717.4263107874097614, 931.6083997181310679, 1336.134684740435887 ) ) ;
#714 = ADVANCED_FACE ( 'NONE', ( #1138 ), #87, .T. ) ;
#715 = DIRECTION ( 'NONE',  ( -0.07317157541021351852, 0.6515180314347910340, 0.7550961364404682463 ) ) ;
#716 = AXIS2_PLACEMENT_3D ( 'NONE', #922, #221, #698 ) ;
#717 = CARTESIAN_POINT ( 'NONE',  ( 711.5033733972019263, 939.6443300387567206, 1341.009634643124400 ) ) ;
#718 = ORIENTED_EDGE ( 'NONE', *, *, #177, .F. ) ;
#719 = CIRCLE ( 'NONE', #1387, 3.999999999999961364 ) ;
#720 = AXIS2_PLACEMENT_3D ( 'NONE', #141, #623, #130 ) ;
#721 = CARTESIAN_POINT ( 'NONE',  ( 719.9760504072386311, 924.9893038865961898, 1333.683379324125553 ) ) ;
#722 = ORIENTED_EDGE ( 'NONE', *, *, #689, .T. ) ;
#723 = DIRECTION ( 'NONE',  ( 0.07317157541021351852, -0.6515180314347910340, -0.7550961364404682463 ) ) ;
#724 = CARTESIAN_POINT ( 'NONE',  ( 717.3125549604466187, 908.3659962159342740, 1317.714679704299670 ) ) ;
#725 = EDGE_CURVE ( 'NONE', #894, #810, #1367, .T. ) ;
#726 = DIRECTION ( 'NONE',  ( -0.07317157541021340750, 0.6515180314347909230, 0.7550961364404682463 ) ) ;
#727 = ORIENTED_EDGE ( 'NONE', *, *, #225, .T. ) ;
#728 = CARTESIAN_POINT ( 'NONE',  ( 717.0930760497587926, 912.2526281280001967, 1314.339916853654131 ) ) ;
#729 = VERTEX_POINT ( 'NONE', #626 ) ;
#730 = FACE_OUTER_BOUND ( 'NONE', #535, .T. ) ;
#731 = LINE ( 'NONE', #309, #198 ) ;
#732 = ORIENTED_EDGE ( 'NONE', *, *, #746, .F. ) ;
#733 = CIRCLE ( 'NONE', #74, 5.999999999999982236 ) ;
#734 = EDGE_CURVE ( 'NONE', #1458, #306, #59, .T. ) ;
#735 = VERTEX_POINT ( 'NONE', #125 ) ;
#736 = COORDINATED_UNIVERSAL_TIME_OFFSET ( 5, 0, .BEHIND. ) ;
#737 = CARTESIAN_POINT ( 'NONE',  ( 721.1473356961532772, 908.5288087499405947, 1312.648466053811717 ) ) ;
#738 = AXIS2_PLACEMENT_3D ( 'NONE', #315, #1474, #1011 ) ;
#739 = ORIENTED_EDGE ( 'NONE', *, *, #1158, .T. ) ;
#740 = CIRCLE ( 'NONE', #716, 3.999999999999961364 ) ;
#741 = CARTESIAN_POINT ( 'NONE',  ( 717.6714355650339030, 929.4258143128244001, 1333.605112683360176 ) ) ;
#742 = ORIENTED_EDGE ( 'NONE', *, *, #610, .T. ) ;
#743 = EDGE_CURVE ( 'NONE', #735, #440, #1326, .T. ) ;
#744 = CLOSED_SHELL ( 'NONE', ( #1130, #7, #932, #42, #398, #44, #406, #268, #328, #233, #1256, #924, #552, #1111, #875, #769, #714, #1197, #779, #1441, #1349, #288, #1236, #581, #449, #120, #1265, #80, #359, #1189, #1230, #513, #1466, #499, #1428, #905, #317, #189, #1103, #1338, #245, #1068, #662 ) ) ;
#745 = PERSON_AND_ORGANIZATION_ROLE ( 'design_supplier' ) ;
#746 = EDGE_CURVE ( 'NONE', #1433, #1503, #915, .T. ) ;
#747 = DIRECTION ( 'NONE',  ( -0.8731305266870632575, 0.3240394544517275488, -0.3641998288382332638 ) ) ;
#748 = ORIENTED_EDGE ( 'NONE', *, *, #998, .F. ) ;
#749 = CARTESIAN_POINT ( 'NONE',  ( 719.8441481236692425, 910.0800314573929199, 1311.183744147507923 ) ) ;
#750 = EDGE_LOOP ( 'NONE', ( #1394, #1355, #739, #351 ) ) ;
#751 = EDGE_CURVE ( 'NONE', #1126, #667, #1093, .T. ) ;
#752 = VECTOR ( 'NONE', #1041, 1000.000000000000114 ) ;
#753 = EDGE_CURVE ( 'NONE', #432, #1126, #144, .T. ) ;
#754 = DIRECTION ( 'NONE',  ( -0.2213962767796853193, -0.7488457419180279961, 0.6246709081102874705 ) ) ;
#755 = ORIENTED_EDGE ( 'NONE', *, *, #129, .F. ) ;
#756 = CYLINDRICAL_SURFACE ( 'NONE', #1495, 6.000000000000048850 ) ;
#757 = ORIENTED_EDGE ( 'NONE', *, *, #943, .F. ) ;
#758 = AXIS2_PLACEMENT_3D ( 'NONE', #578, #777, #1242 ) ;
#759 = CC_DESIGN_APPROVAL ( #790, ( #686 ) ) ;
#760 = DIRECTION ( 'NONE',  ( -0.07317157541021351852, 0.6515180314347910340, 0.7550961364404682463 ) ) ;
#761 = DIRECTION ( 'NONE',  ( -0.9724348868587959771, 0.1214673187592877068, -0.1990378890898673592 ) ) ;
#762 = EDGE_CURVE ( 'NONE', #1458, #735, #936, .T. ) ;
#763 = VERTEX_POINT ( 'NONE', #967 ) ;
#764 = DIRECTION ( 'NONE',  ( 0.8731305266870593718, -0.3240394544517291031, 0.3641998288382410354 ) ) ;
#765 = VERTEX_POINT ( 'NONE', #361 ) ;
#766 = VECTOR ( 'NONE', #1120, 999.9999999999998863 ) ;
#767 = DIRECTION ( 'NONE',  ( 0.07317157541021351852, -0.6515180314347910340, -0.7550961364404682463 ) ) ;
#768 = DIRECTION ( 'NONE',  ( 0.8888065830875132578, -0.3008470487214974232, 0.3457078407208381554 ) ) ;
#769 = ADVANCED_FACE ( 'NONE', ( #1069 ), #1283, .T. ) ;
#770 = VERTEX_POINT ( 'NONE', #595 ) ;
#771 = DIRECTION ( 'NONE',  ( 0.07317157541021351852, -0.6515180314347910340, -0.7550961364404682463 ) ) ;
#772 = EDGE_CURVE ( 'NONE', #1149, #1100, #848, .T. ) ;
#773 = ORIENTED_EDGE ( 'NONE', *, *, #1476, .T. ) ;
#774 = DIRECTION ( 'NONE',  ( -0.8888065830875054862, 0.3008470487215013089, -0.3457078407208546977 ) ) ;
#775 = DIRECTION ( 'NONE',  ( 0.07317157541021351852, -0.6515180314347910340, -0.7550961364404682463 ) ) ;
#776 = VERTEX_POINT ( 'NONE', #1408 ) ;
#777 = DIRECTION ( 'NONE',  ( 0.07317157541021351852, -0.6515180314347910340, -0.7550961364404682463 ) ) ;
#778 = ORIENTED_EDGE ( 'NONE', *, *, #101, .F. ) ;
#779 = ADVANCED_FACE ( 'NONE', ( #612 ), #953, .T. ) ;
#780 = CARTESIAN_POINT ( 'NONE',  ( 720.3344462351404900, 929.8400193145496360, 1341.915305724887048 ) ) ;
#781 = CIRCLE ( 'NONE', #1341, 6.000000000000048850 ) ;
#782 = CARTESIAN_POINT ( 'NONE',  ( 717.6052412620875884, 905.7599240901949997, 1314.694295158537898 ) ) ;
#783 = CARTESIAN_POINT ( 'NONE',  ( 716.6245988056201668, 938.7468248405238000, 1344.407974150888322 ) ) ;
#784 = ORIENTED_EDGE ( 'NONE', *, *, #753, .F. ) ;
#785 = CYLINDRICAL_SURFACE ( 'NONE', #1224, 2.500000000000007994 ) ;
#786 = VECTOR ( 'NONE', #194, 1000.000000000000227 ) ;
#787 = ORIENTED_EDGE ( 'NONE', *, *, #1158, .F. ) ;
#788 = CARTESIAN_POINT ( 'NONE',  ( 716.0491764008552309, 943.8703727523208045, 1350.346061888146323 ) ) ;
#789 = CIRCLE ( 'NONE', #82, 3.999999999999961364 ) ;
#790 = APPROVAL ( #1418, 'UNSPECIFIED' ) ;
#791 = AXIS2_PLACEMENT_3D ( 'NONE', #250, #483, #945 ) ;
#792 = DIRECTION ( 'NONE',  ( 0.000000000000000000, 0.000000000000000000, 1.000000000000000000 ) ) ;
#793 = EDGE_CURVE ( 'NONE', #1108, #537, #377, .T. ) ;
#794 = CARTESIAN_POINT ( 'NONE',  ( 713.4969486316584835, 942.4697593384095171, 1340.892641575758489 ) ) ;
#795 = CIRCLE ( 'NONE', #455, 2.500000000000007994 ) ;
#796 = DIRECTION ( 'NONE',  ( -0.8731305266870569293, 0.3240394544517310460, -0.3641998288382453097 ) ) ;
#797 = CARTESIAN_POINT ( 'NONE',  ( 719.8441481236693562, 910.0800314573931473, 1311.183744147507923 ) ) ;
#798 = ORIENTED_EDGE ( 'NONE', *, *, #1150, .T. ) ;
#799 = LINE ( 'NONE', #441, #1062 ) ;
#800 = CARTESIAN_POINT ( 'NONE',  ( 714.0021781560733416, 914.1198209560927808, 1312.429331440276201 ) ) ;
#801 = DIRECTION ( 'NONE',  ( -0.8731305266870632575, 0.3240394544517275488, -0.3641998288382332638 ) ) ;
#802 = EDGE_CURVE ( 'NONE', #1171, #1296, #1297, .T. ) ;
#803 = MANIFOLD_SOLID_BREP ( 'Mirror3', #744 ) ;
#804 = CARTESIAN_POINT ( 'NONE',  ( 714.5394986896453702, 941.2287811724476114, 1342.064419100801842 ) ) ;
#805 = DIRECTION ( 'NONE',  ( -0.07317157541021351852, 0.6515180314347910340, 0.7550961364404682463 ) ) ;
#806 = EDGE_LOOP ( 'NONE', ( #732, #1213, #1450, #1157 ) ) ;
#807 = CARTESIAN_POINT ( 'NONE',  ( 719.2477997840761645, 915.3899034135865804, 1317.337777659497760 ) ) ;
#808 = DIRECTION ( 'NONE',  ( 0.07317157541021351852, -0.6515180314347910340, -0.7550961364404682463 ) ) ;
#809 = FACE_OUTER_BOUND ( 'NONE', #279, .T. ) ;
#810 = VERTEX_POINT ( 'NONE', #721 ) ;
#811 = EDGE_CURVE ( 'NONE', #687, #1223, #1192, .T. ) ;
#812 = DIRECTION ( 'NONE',  ( 0.5212750289935843551, -0.6204890829809658337, 0.5858887625216735451 ) ) ;
#813 = ORIENTED_EDGE ( 'NONE', *, *, #670, .T. ) ;
#814 = EDGE_CURVE ( 'NONE', #1251, #532, #1425, .T. ) ;
#815 = DIRECTION ( 'NONE',  ( -0.07317157541021351852, 0.6515180314347910340, 0.7550961364404682463 ) ) ;
#816 = CARTESIAN_POINT ( 'NONE',  ( 711.7228881234326536, 937.6897759444522080, 1338.744346233803071 ) ) ;
#817 = VECTOR ( 'NONE', #1097, 1000.000000000000114 ) ;
#818 = FACE_OUTER_BOUND ( 'NONE', #619, .T. ) ;
#819 = DIRECTION ( 'NONE',  ( -0.07317157541021351852, 0.6515180314347910340, 0.7550961364404682463 ) ) ;
#820 = VECTOR ( 'NONE', #850, 1000.000000000000227 ) ;
#821 = APPROVAL ( #161, 'UNSPECIFIED' ) ;
#822 = DIRECTION ( 'NONE',  ( 0.07317157541021351852, -0.6515180314347910340, -0.7550961364404682463 ) ) ;
#823 = ORIENTED_EDGE ( 'NONE', *, *, #734, .F. ) ;
#824 = LINE ( 'NONE', #355, #864 ) ;
#825 = DIRECTION ( 'NONE',  ( -0.8888065830875054862, 0.3008470487215013089, -0.3457078407208546977 ) ) ;
#826 = DIRECTION ( 'NONE',  ( 0.8731305266870593718, -0.3240394544517291031, 0.3641998288382410354 ) ) ;
#827 = ORIENTED_EDGE ( 'NONE', *, *, #110, .F. ) ;
#828 = CIRCLE ( 'NONE', #220, 3.999999999999961364 ) ;
#829 = CARTESIAN_POINT ( 'NONE',  ( 716.6245988056199394, 938.7468248405238000, 1344.407974150888322 ) ) ;
#830 = ORIENTED_EDGE ( 'NONE', *, *, #507, .F. ) ;
#831 = EDGE_CURVE ( 'NONE', #1223, #1431, #597, .T. ) ;
#832 = DATE_AND_TIME ( #1101, #1177 ) ;
#833 = CARTESIAN_POINT ( 'NONE',  ( 717.8909502912645166, 927.4712602185200012, 1331.339824274038847 ) ) ;
#834 = DIRECTION ( 'NONE',  ( 0.9307836009692531665, -0.2272990566382839250, 0.2863163058892321255 ) ) ;
#835 = AXIS2_PLACEMENT_3D ( 'NONE', #1406, #365, #826 ) ;
#836 = CARTESIAN_POINT ( 'NONE',  ( 716.9616712835548924, 935.7455392177417934, 1340.929545206832699 ) ) ;
#837 = VECTOR ( 'NONE', #1499, 1000.000000000000227 ) ;
#838 = ORIENTED_EDGE ( 'NONE', *, *, #110, .T. ) ;
#839 = DIRECTION ( 'NONE',  ( 0.5212750289935843551, -0.6204890829809658337, 0.5858887625216735451 ) ) ;
#840 = ORIENTED_EDGE ( 'NONE', *, *, #1024, .T. ) ;
#841 = EDGE_CURVE ( 'NONE', #1075, #1119, #1432, .T. ) ;
#842 = CARTESIAN_POINT ( 'NONE',  ( 713.5798839668320852, 912.6914626745249279, 1313.620836999977200 ) ) ;
#843 = CARTESIAN_POINT ( 'NONE',  ( 716.9616712835548924, 935.7455392177417934, 1340.929545206832699 ) ) ;
#844 = VECTOR ( 'NONE', #1156, 999.9999999999998863 ) ;
#845 = DIRECTION ( 'NONE',  ( -0.07317157541021340750, 0.6515180314347909230, 0.7550961364404682463 ) ) ;
#846 = ORIENTED_EDGE ( 'NONE', *, *, #857, .T. ) ;
#847 = AXIS2_PLACEMENT_3D ( 'NONE', #267, #1202, #834 ) ;
#848 = LINE ( 'NONE', #32, #1113 ) ;
#849 = EDGE_LOOP ( 'NONE', ( #1305, #1444, #33, #1085, #682, #632 ) ) ;
#850 = DIRECTION ( 'NONE',  ( 0.07317157541021457323, -0.6515180314347913670, -0.7550961364404678022 ) ) ;
#851 = DIRECTION ( 'NONE',  ( 0.8731305266870593718, -0.3240394544517291031, 0.3641998288382410354 ) ) ;
#852 = ORIENTED_EDGE ( 'NONE', *, *, #1302, .T. ) ;
#853 = CARTESIAN_POINT ( 'NONE',  ( 717.4263107874096477, 931.6083997181310679, 1336.134684740435887 ) ) ;
#854 = ORIENTED_EDGE ( 'NONE', *, *, #51, .F. ) ;
#855 = PERSON_AND_ORGANIZATION ( #216, #1204 ) ;
#856 = DIRECTION ( 'NONE',  ( 0.07317157541021351852, -0.6515180314347910340, -0.7550961364404682463 ) ) ;
#857 = EDGE_CURVE ( 'NONE', #133, #1483, #515, .T. ) ;
#858 = ORIENTED_EDGE ( 'NONE', *, *, #1507, .T. ) ;
#859 = CIRCLE ( 'NONE', #1129, 5.999999999999956479 ) ;
#860 = DIRECTION ( 'NONE',  ( -0.8731305266870569293, 0.3240394544517310460, -0.3641998288382453097 ) ) ;
#861 = ORIENTED_EDGE ( 'NONE', *, *, #185, .F. ) ;
#862 = VECTOR ( 'NONE', #839, 999.9999999999998863 ) ;
#863 = DIRECTION ( 'NONE',  ( -0.07317157541021351852, 0.6515180314347910340, 0.7550961364404682463 ) ) ;
#864 = VECTOR ( 'NONE', #484, 1000.000000000000227 ) ;
#865 = ORIENTED_EDGE ( 'NONE', *, *, #867, .T. ) ;
#866 = VECTOR ( 'NONE', #19, 999.9999999999998863 ) ;
#867 = EDGE_CURVE ( 'NONE', #9, #1229, #1370, .T. ) ;
#868 = CARTESIAN_POINT ( 'NONE',  ( 719.8441481236693562, 910.0800314573931473, 1311.183744147507923 ) ) ;
#869 = ORIENTED_EDGE ( 'NONE', *, *, #275, .T. ) ;
#870 = CIRCLE ( 'NONE', #847, 5.999999999999956479 ) ;
#871 = DIRECTION ( 'NONE',  ( -0.8888065830874845030, 0.3008470487215338385, -0.3457078407208802884 ) ) ;
#872 = ORIENTED_EDGE ( 'NONE', *, *, #1291, .F. ) ;
#873 = CARTESIAN_POINT ( 'NONE',  ( 719.8441481236693562, 910.0800314573931473, 1311.183744147507923 ) ) ;
#874 = ORIENTED_EDGE ( 'NONE', *, *, #390, .T. ) ;
#875 = ADVANCED_FACE ( 'NONE', ( #1214 ), #1350, .T. ) ;
#876 = VECTOR ( 'NONE', #805, 1000.000000000000114 ) ;
#877 = CARTESIAN_POINT ( 'NONE',  ( 714.6435529621406886, 926.5848326310203902, 1327.353452901610126 ) ) ;
#878 = CARTESIAN_POINT ( 'NONE',  ( 719.7522489795813954, 935.0238903426379693, 1347.923306726018609 ) ) ;
#879 = APPLICATION_CONTEXT ( 'configuration controlled 3d designs of mechanical parts and assemblies' ) ;
#880 = ORIENTED_EDGE ( 'NONE', *, *, #630, .T. ) ;
#881 = DIRECTION ( 'NONE',  ( -0.07317157541021340750, 0.6515180314347909230, 0.7550961364404682463 ) ) ;
#882 = VERTEX_POINT ( 'NONE', #39 ) ;
#883 = CC_DESIGN_APPROVAL ( #4, ( #1027 ) ) ;
#884 = EDGE_CURVE ( 'NONE', #1032, #882, #989, .T. ) ;
#885 = DIRECTION ( 'NONE',  ( -0.07317157541021568345, 0.6515180314347935875, 0.7550961364404659149 ) ) ;
#886 = DIRECTION ( 'NONE',  ( -0.07317157541021351852, 0.6515180314347910340, 0.7550961364404682463 ) ) ;
#887 = EDGE_LOOP ( 'NONE', ( #696, #235, #912, #1025, #827 ) ) ;
#888 = AXIS2_PLACEMENT_3D ( 'NONE', #373, #253, #1419 ) ;
#889 = LINE ( 'NONE', #536, #917 ) ;
#890 = ORIENTED_EDGE ( 'NONE', *, *, #203, .F. ) ;
#891 = CIRCLE ( 'NONE', #13, 6.000000000000000000 ) ;
#892 = FACE_OUTER_BOUND ( 'NONE', #563, .T. ) ;
#893 = DIRECTION ( 'NONE',  ( -0.07317157541021351852, 0.6515180314347910340, 0.7550961364404682463 ) ) ;
#894 = VERTEX_POINT ( 'NONE', #425 ) ;
#895 = EDGE_CURVE ( 'NONE', #55, #532, #889, .T. ) ;
#896 = PLANE ( 'NONE',  #1019 ) ;
#897 = EDGE_LOOP ( 'NONE', ( #193, #635, #94, #642 ) ) ;
#898 = CARTESIAN_POINT ( 'NONE',  ( 716.0308274005437852, 936.3939813439011459, 1339.201532770972335 ) ) ;
#899 = PLANE ( 'NONE',  #1364 ) ;
#900 = CARTESIAN_POINT ( 'NONE',  ( 717.0649734673585272, 916.2000020497159767, 1316.427278087402101 ) ) ;
#901 = ORIENTED_EDGE ( 'NONE', *, *, #254, .F. ) ;
#902 = EDGE_CURVE ( 'NONE', #1431, #1143, #1237, .T. ) ;
#903 = DIRECTION ( 'NONE',  ( 0.8731305266870569293, -0.3240394544517310460, 0.3641998288382453097 ) ) ;
#904 = ORIENTED_EDGE ( 'NONE', *, *, #390, .F. ) ;
#905 = ADVANCED_FACE ( 'NONE', ( #973 ), #1437, .F. ) ;
#906 = DIRECTION ( 'NONE',  ( 0.07317157541021351852, -0.6515180314347910340, -0.7550961364404682463 ) ) ;
#907 = CIRCLE ( 'NONE', #1391, 5.219644854552481839 ) ;
#908 = CARTESIAN_POINT ( 'NONE',  ( 718.3555897951194993, 923.3341207189091620, 1326.544963807641807 ) ) ;
#909 = CARTESIAN_POINT ( 'NONE',  ( 714.5394986896453702, 941.2287811724476114, 1342.064419100801842 ) ) ;
#910 = ORIENTED_EDGE ( 'NONE', *, *, #725, .T. ) ;
#911 = DIRECTION ( 'NONE',  ( -0.07317157541021351852, 0.6515180314347910340, 0.7550961364404682463 ) ) ;
#912 = ORIENTED_EDGE ( 'NONE', *, *, #24, .F. ) ;
#913 = CARTESIAN_POINT ( 'NONE',  ( 720.7527775318532122, 920.4806772624465339, 1329.239290753091154 ) ) ;
#914 = CIRCLE ( 'NONE', #1446, 3.999999999999961364 ) ;
#915 = CIRCLE ( 'NONE', #262, 3.999999999999961364 ) ;
#916 = FACE_OUTER_BOUND ( 'NONE', #1389, .T. ) ;
#917 = VECTOR ( 'NONE', #188, 1000.000000000000114 ) ;
#918 = DIRECTION ( 'NONE',  ( -0.07317157541021351852, 0.6515180314347910340, 0.7550961364404682463 ) ) ;
#919 = DIRECTION ( 'NONE',  ( 0.07317157541021351852, -0.6515180314347910340, -0.7550961364404682463 ) ) ;
#920 = CARTESIAN_POINT ( 'NONE',  ( 717.6714355650339030, 929.4258143128244001, 1333.605112683360176 ) ) ;
#921 = VERTEX_POINT ( 'NONE', #400 ) ;
#922 = CARTESIAN_POINT ( 'NONE',  ( 718.1360750688887720, 925.2886748132136745, 1328.810252216963136 ) ) ;
#923 = LINE ( 'NONE', #341, #76 ) ;
#924 = ADVANCED_FACE ( 'NONE', ( #1001 ), #1107, .T. ) ;
#925 = CARTESIAN_POINT ( 'NONE',  ( 716.6245988056201668, 938.7468248405238000, 1344.407974150888322 ) ) ;
#926 = ORIENTED_EDGE ( 'NONE', *, *, #811, .F. ) ;
#927 = CARTESIAN_POINT ( 'NONE',  ( 719.8441481236693562, 910.0800314573931473, 1311.183744147507923 ) ) ;
#928 = EDGE_LOOP ( 'NONE', ( #171, #972, #91, #1442 ) ) ;
#929 = FACE_OUTER_BOUND ( 'NONE', #897, .T. ) ;
#930 = DIRECTION ( 'NONE',  ( -0.8731305266870593718, 0.3240394544517291031, -0.3641998288382410354 ) ) ;
#931 = AXIS2_PLACEMENT_3D ( 'NONE', #8, #1165, #116 ) ;
#932 = ADVANCED_FACE ( 'NONE', ( #1334 ), #756, .T. ) ;
#933 = ORIENTED_EDGE ( 'NONE', *, *, #1140, .F. ) ;
#934 = CARTESIAN_POINT ( 'NONE',  ( 719.8441481236693562, 910.0800314573931473, 1311.183744147507923 ) ) ;
#935 = ORIENTED_EDGE ( 'NONE', *, *, #1395, .F. ) ;
#936 = LINE ( 'NONE', #1400, #137 ) ;
#937 = CARTESIAN_POINT ( 'NONE',  ( 714.1789134582859333, 930.7219721306313431, 1332.148313368007166 ) ) ;
#938 = AXIS2_PLACEMENT_3D ( 'NONE', #529, #856, #1346 ) ;
#939 = DIRECTION ( 'NONE',  ( 0.8888065830875199191, -0.3008470487215146316, 0.3457078407208060145 ) ) ;
#940 = AXIS2_PLACEMENT_3D ( 'NONE', #1383, #1161, #238 ) ;
#941 = FACE_OUTER_BOUND ( 'NONE', #1022, .T. ) ;
#942 = PLANE ( 'NONE',  #444 ) ;
#943 = EDGE_CURVE ( 'NONE', #1205, #622, #420, .T. ) ;
#944 = ORIENTED_EDGE ( 'NONE', *, *, #857, .F. ) ;
#945 = DIRECTION ( 'NONE',  ( -0.8731305266870632575, 0.3240394544517275488, -0.3641998288382332638 ) ) ;
#946 = MECHANICAL_CONTEXT ( 'NONE', #257, 'mechanical' ) ;
#947 = CARTESIAN_POINT ( 'NONE',  ( 714.8630676883714159, 924.6302785367161050, 1325.088164492289025 ) ) ;
#948 = DIRECTION ( 'NONE',  ( -0.07317157541021340750, 0.6515180314347909230, 0.7550961364404682463 ) ) ;
#949 = DIRECTION ( 'NONE',  ( -0.07317157541021351852, 0.6515180314347910340, 0.7550961364404682463 ) ) ;
#950 = ORIENTED_EDGE ( 'NONE', *, *, #1033, .F. ) ;
#951 = VECTOR ( 'NONE', #209, 999.9999999999998863 ) ;
#952 = EDGE_CURVE ( 'NONE', #894, #537, #1451, .T. ) ;
#953 = CYLINDRICAL_SURFACE ( 'NONE', #1211, 6.000000000000048850 ) ;
#954 = VERTEX_POINT ( 'NONE', #634 ) ;
#955 = DIRECTION ( 'NONE',  ( -0.8731305266870632575, 0.3240394544517275488, -0.3641998288382332638 ) ) ;
#956 = DIRECTION ( 'NONE',  ( -0.07317157541021351852, 0.6515180314347910340, 0.7550961364404682463 ) ) ;
#957 = AXIS2_PLACEMENT_3D ( 'NONE', #486, #248, #695 ) ;
#958 = CARTESIAN_POINT ( 'NONE',  ( 717.6714355650339030, 929.4258143128244001, 1333.605112683360176 ) ) ;
#959 = AXIS2_PLACEMENT_3D ( 'NONE', #1368, #792, #1255 ) ;
#960 = VERTEX_POINT ( 'NONE', #300 ) ;
#961 = DIRECTION ( 'NONE',  ( 0.07317157541021351852, -0.6515180314347910340, -0.7550961364404682463 ) ) ;
#962 = PERSON_AND_ORGANIZATION_ROLE ( 'classification_officer' ) ;
#963 = EDGE_CURVE ( 'NONE', #954, #960, #719, .T. ) ;
#964 = LINE ( 'NONE', #1429, #820 ) ;
#965 = CARTESIAN_POINT ( 'NONE',  ( 719.8441481236693562, 910.0800314573931473, 1311.183744147507923 ) ) ;
#966 = ORIENTED_EDGE ( 'NONE', *, *, #902, .F. ) ;
#967 = CARTESIAN_POINT ( 'NONE',  ( 717.5153702390076660, 913.6809864095671401, 1313.148411293954950 ) ) ;
#968 = ORIENTED_EDGE ( 'NONE', *, *, #1417, .T. ) ;
#969 = DATE_AND_TIME ( #1209, #380 ) ;
#970 = EDGE_CURVE ( 'NONE', #532, #1483, #1125, .T. ) ;
#971 = DIRECTION ( 'NONE',  ( -0.07317157541021351852, 0.6515180314347910340, 0.7550961364404682463 ) ) ;
#972 = ORIENTED_EDGE ( 'NONE', *, *, #1354, .T. ) ;
#973 = FACE_OUTER_BOUND ( 'NONE', #997, .T. ) ;
#974 = ORIENTED_EDGE ( 'NONE', *, *, #646, .F. ) ;
#975 = PLANE ( 'NONE',  #36 ) ;
#976 = EDGE_CURVE ( 'NONE', #283, #1100, #522, .T. ) ;
#977 = ORIENTED_EDGE ( 'NONE', *, *, #704, .T. ) ;
#978 = EDGE_CURVE ( 'NONE', #735, #1407, #1464, .T. ) ;
#979 = VECTOR ( 'NONE', #22, 1000.000000000000114 ) ;
#980 = UNCERTAINTY_MEASURE_WITH_UNIT (LENGTH_MEASURE( 1.000000000000000082E-05 ), #466, 'distance_accuracy_value', 'NONE');
#981 = LOCAL_TIME ( 17, 4, 52.00000000000000000, #27 ) ;
#982 = DIRECTION ( 'NONE',  ( 0.07317157541021351852, -0.6515180314347910340, -0.7550961364404682463 ) ) ;
#983 = ORIENTED_EDGE ( 'NONE', *, *, #1012, .F. ) ;
#984 = VECTOR ( 'NONE', #1199, 1000.000000000000227 ) ;
#985 = DIRECTION ( 'NONE',  ( 0.07317157541021568345, -0.6515180314347935875, -0.7550961364404659149 ) ) ;
#986 = EDGE_LOOP ( 'NONE', ( #694, #276, #874, #64 ) ) ;
#987 = AXIS2_PLACEMENT_3D ( 'NONE', #788, #1269, #329 ) ;
#988 = EDGE_CURVE ( 'NONE', #544, #622, #1457, .T. ) ;
#989 = LINE ( 'NONE', #741, #766 ) ;
#990 = AXIS2_PLACEMENT_3D ( 'NONE', #1114, #982, #1456 ) ;
#991 = EDGE_LOOP ( 'NONE', ( #1181, #1047, #718, #143 ) ) ;
#992 = VECTOR ( 'NONE', #971, 1000.000000000000114 ) ;
#993 = CARTESIAN_POINT ( 'NONE',  ( 908.5994040009110222, 1548.864852315016378, 783.6107765065887634 ) ) ;
#994 = CARTESIAN_POINT ( 'NONE',  ( 719.0447765103613165, 924.1319676459635275, 1325.923343911919801 ) ) ;
#995 = VERTEX_POINT ( 'NONE', #647 ) ;
#996 = CARTESIAN_POINT ( 'NONE',  ( 907.0372551259121110, 1546.490468561107264, 780.2107444562411729 ) ) ;
#997 = EDGE_LOOP ( 'NONE', ( #453, #301, #464, #505 ) ) ;
#998 = EDGE_CURVE ( 'NONE', #1483, #1416, #531, .T. ) ;
#999 = CARTESIAN_POINT ( 'NONE',  ( 906.7445688242713686, 1549.096540686846538, 783.2311290020030583 ) ) ;
#1000 = ORIENTED_EDGE ( 'NONE', *, *, #381, .T. ) ;
#1001 = FACE_OUTER_BOUND ( 'NONE', #67, .T. ) ;
#1002 = EDGE_LOOP ( 'NONE', ( #52, #99, #344, #1268, #838, #1469, #158, #438, #672, #1508, #201, #573 ) ) ;
#1003 = DIRECTION ( 'NONE',  ( -0.8731305266870569293, 0.3240394544517310460, -0.3641998288382453097 ) ) ;
#1004 = CARTESIAN_POINT ( 'NONE',  ( 717.6714355650339030, 929.4258143128244001, 1333.605112683360176 ) ) ;
#1005 = ORIENTED_EDGE ( 'NONE', *, *, #278, .T. ) ;
#1006 = AXIS2_PLACEMENT_3D ( 'NONE', #174, #1339, #282 ) ;
#1007 = CARTESIAN_POINT ( 'NONE',  ( 719.2918961771533759, 931.0809974805114280, 1340.743528199844150 ) ) ;
#1008 = ORIENTED_EDGE ( 'NONE', *, *, #1064, .T. ) ;
#1009 = AXIS2_PLACEMENT_3D ( 'NONE', #843, #948, #5 ) ;
#1010 = CARTESIAN_POINT ( 'NONE',  ( 717.0649734673585272, 916.2000020497159767, 1316.427278087402101 ) ) ;
#1011 = DIRECTION ( 'NONE',  ( -0.5846387018185597029, -0.4107618658881254103, -0.6996229540745606545 ) ) ;
#1012 = EDGE_CURVE ( 'NONE', #395, #283, #1411, .T. ) ;
#1013 = EDGE_LOOP ( 'NONE', ( #1215, #227, #86, #586, #1478, #387 ) ) ;
#1014 = EDGE_CURVE ( 'NONE', #1426, #1229, #545, .T. ) ;
#1015 = CARTESIAN_POINT ( 'NONE',  ( 717.4263107874097614, 931.6083997181310679, 1336.134684740435887 ) ) ;
#1016 = EDGE_LOOP ( 'NONE', ( #117, #1501, #1092, #935, #605, #1336, #1311 ) ) ;
#1017 = DIRECTION ( 'NONE',  ( 0.07317157541021351852, -0.6515180314347910340, -0.7550961364404682463 ) ) ;
#1018 = CARTESIAN_POINT ( 'NONE',  ( 717.6714355650339030, 929.4258143128244001, 1333.605112683360176 ) ) ;
#1019 = AXIS2_PLACEMENT_3D ( 'NONE', #318, #100, #688 ) ;
#1020 = LINE ( 'NONE', #343, #1399 ) ;
#1021 = EDGE_CURVE ( 'NONE', #711, #1258, #1267, .T. ) ;
#1022 = EDGE_LOOP ( 'NONE', ( #950, #180, #968, #47 ) ) ;
#1023 = CARTESIAN_POINT ( 'NONE',  ( 718.1360750688885446, 925.2886748132134471, 1328.810252216963136 ) ) ;
#1024 = EDGE_CURVE ( 'NONE', #325, #921, #1493, .T. ) ;
#1025 = ORIENTED_EDGE ( 'NONE', *, *, #225, .F. ) ;
#1026 = AXIS2_PLACEMENT_3D ( 'NONE', #205, #442, #274 ) ;
#1027 = PRODUCT_DEFINITION_FORMATION_WITH_SPECIFIED_SOURCE ( 'ANY', '', #675, .NOT_KNOWN. ) ;
#1028 = APPLICATION_PROTOCOL_DEFINITION ( 'international standard', 'config_control_design', 1994, #257 ) ;
#1029 = PLANE ( 'NONE',  #738 ) ;
#1030 = ORIENTED_EDGE ( 'NONE', *, *, #350, .F. ) ;
#1031 = DIRECTION ( 'NONE',  ( -0.8731305266870464932, 0.3240394544517400388, -0.3641998288382619076 ) ) ;
#1032 = VERTEX_POINT ( 'NONE', #1388 ) ;
#1033 = EDGE_CURVE ( 'NONE', #711, #1075, #614, .T. ) ;
#1034 = CARTESIAN_POINT ( 'NONE',  ( 719.7522489795813954, 935.0238903426378556, 1347.923306726018609 ) ) ;
#1035 = VECTOR ( 'NONE', #206, 1000.000000000000114 ) ;
#1036 = CARTESIAN_POINT ( 'NONE',  ( 718.1444534368218910, 932.1484236705766762, 1335.214253265264915 ) ) ;
#1037 = VECTOR ( 'NONE', #1231, 1000.000000000000114 ) ;
#1038 = CARTESIAN_POINT ( 'NONE',  ( 715.0587538457671144, 945.0493020099845580, 1349.232873239355058 ) ) ;
#1039 = CIRCLE ( 'NONE', #139, 6.000000000000039968 ) ;
#1040 = ORIENTED_EDGE ( 'NONE', *, *, #802, .T. ) ;
#1041 = DIRECTION ( 'NONE',  ( -0.2213962767796876230, -0.7488457419180276631, 0.6246709081102869154 ) ) ;
#1042 = ORIENTED_EDGE ( 'NONE', *, *, #92, .F. ) ;
#1043 = DIRECTION ( 'NONE',  ( 0.8502460024603027966, 0.4364831641847993771, -0.2942179169994584842 ) ) ;
#1044 = EDGE_CURVE ( 'NONE', #645, #211, #828, .T. ) ;
#1045 = EDGE_CURVE ( 'NONE', #1503, #1386, #345, .T. ) ;
#1046 = DIRECTION ( 'NONE',  ( -0.5212750289935843551, 0.6204890829809658337, -0.5858887625216735451 ) ) ;
#1047 = ORIENTED_EDGE ( 'NONE', *, *, #1309, .F. ) ;
#1048 = CARTESIAN_POINT ( 'NONE',  ( 716.2075144777606965, 922.5451505759609745, 1330.990556967669818 ) ) ;
#1049 = ORIENTED_EDGE ( 'NONE', *, *, #793, .F. ) ;
#1050 = DIRECTION ( 'NONE',  ( -0.07317157541021351852, 0.6515180314347910340, 0.7550961364404682463 ) ) ;
#1051 = CARTESIAN_POINT ( 'NONE',  ( 720.5509873565601993, 913.8386807061341415, 1318.802499565801782 ) ) ;
#1052 = LINE ( 'NONE', #1301, #287 ) ;
#1053 = CIRCLE ( 'NONE', #1026, 5.999999999999982236 ) ;
#1054 = EDGE_CURVE ( 'NONE', #1494, #770, #666, .T. ) ;
#1055 = DIRECTION ( 'NONE',  ( -0.07317157541021351852, 0.6515180314347910340, 0.7550961364404682463 ) ) ;
#1056 = PLANE ( 'NONE',  #835 ) ;
#1057 = EDGE_LOOP ( 'NONE', ( #674, #1472, #1281, #865, #798 ) ) ;
#1058 = AXIS2_PLACEMENT_3D ( 'NONE', #807, #1376, #228 ) ;
#1059 = DIRECTION ( 'NONE',  ( 0.07317157541021351852, -0.6515180314347910340, -0.7550961364404682463 ) ) ;
#1060 = AXIS2_PLACEMENT_3D ( 'NONE', #783, #81, #1132 ) ;
#1061 = LINE ( 'NONE', #240, #1275 ) ;
#1062 = VECTOR ( 'NONE', #1146, 1000.000000000000114 ) ;
#1063 = DIRECTION ( 'NONE',  ( 0.07317157541021457323, -0.6515180314347913670, -0.7550961364404678022 ) ) ;
#1064 = EDGE_CURVE ( 'NONE', #78, #1510, #1356, .T. ) ;
#1065 = VECTOR ( 'NONE', #1063, 1000.000000000000227 ) ;
#1066 = DIRECTION ( 'NONE',  ( -0.07317157541021351852, 0.6515180314347910340, 0.7550961364404682463 ) ) ;
#1067 = ORIENTED_EDGE ( 'NONE', *, *, #237, .T. ) ;
#1068 = ADVANCED_FACE ( 'NONE', ( #433 ), #554, .T. ) ;
#1069 = FACE_OUTER_BOUND ( 'NONE', #115, .T. ) ;
#1070 = ORIENTED_EDGE ( 'NONE', *, *, #1206, .F. ) ;
#1071 = APPROVAL_DATE_TIME ( #636, #4 ) ;
#1072 = DIRECTION ( 'NONE',  ( 0.07317157541021340750, -0.6515180314347909230, -0.7550961364404682463 ) ) ;
#1073 = CARTESIAN_POINT ( 'NONE',  ( 717.4263107874097614, 931.6083997181310679, 1336.134684740435887 ) ) ;
#1074 = CARTESIAN_POINT ( 'NONE',  ( 717.9446122115922435, 916.9411261210389057, 1315.873055753193512 ) ) ;
#1075 = VERTEX_POINT ( 'NONE', #226 ) ;
#1076 = VECTOR ( 'NONE', #641, 999.9999999999998863 ) ;
#1077 = EDGE_CURVE ( 'NONE', #687, #729, #170, .T. ) ;
#1078 = DIRECTION ( 'NONE',  ( -0.8731305266870569293, 0.3240394544517310460, -0.3641998288382453097 ) ) ;
#1079 = VERTEX_POINT ( 'NONE', #1007 ) ;
#1080 = CYLINDRICAL_SURFACE ( 'NONE', #1448, 2.500000000000007994 ) ;
#1081 = DIRECTION ( 'NONE',  ( -0.07317157541021568345, 0.6515180314347935875, 0.7550961364404659149 ) ) ;
#1082 = PLANE ( 'NONE',  #1487 ) ;
#1083 = ORIENTED_EDGE ( 'NONE', *, *, #150, .T. ) ;
#1084 = DIRECTION ( 'NONE',  ( 0.9307836009692531665, -0.2272990566382839250, 0.2863163058892321255 ) ) ;
#1085 = ORIENTED_EDGE ( 'NONE', *, *, #1045, .T. ) ;
#1086 = EDGE_CURVE ( 'NONE', #360, #537, #680, .T. ) ;
#1087 = DATE_AND_TIME ( #1315, #324 ) ;
#1088 = AXIS2_PLACEMENT_3D ( 'NONE', #183, #1234, #652 ) ;
#1089 = CARTESIAN_POINT ( 'NONE',  ( 719.8524544583140141, 928.4971332870597962, 1338.530200106436496 ) ) ;
#1090 = DIRECTION ( 'NONE',  ( -0.5212750289935843551, 0.6204890829809658337, -0.5858887625216735451 ) ) ;
#1091 = AXIS2_PLACEMENT_3D ( 'NONE', #1447, #297, #1210 ) ;
#1092 = ORIENTED_EDGE ( 'NONE', *, *, #620, .T. ) ;
#1093 = LINE ( 'NONE', #829, #866 ) ;
#1094 = ORIENTED_EDGE ( 'NONE', *, *, #646, .T. ) ;
#1095 = APPROVAL_DATE_TIME ( #969, #790 ) ;
#1096 = PRODUCT_DEFINITION ( 'UNKNOWN', '', #1027, #633 ) ;
#1097 = DIRECTION ( 'NONE',  ( 0.07317157541021351852, -0.6515180314347910340, -0.7550961364404682463 ) ) ;
#1098 = VERTEX_POINT ( 'NONE', #77 ) ;
#1099 = DIRECTION ( 'NONE',  ( -0.8731305266870632575, 0.3240394544517275488, -0.3641998288382332638 ) ) ;
#1100 = VERTEX_POINT ( 'NONE', #1151 ) ;
#1101 = CALENDAR_DATE ( 2026, 27, 4 ) ;
#1102 = LINE ( 'NONE', #49, #236 ) ;
#1103 = ADVANCED_FACE ( 'NONE', ( #1470 ), #896, .T. ) ;
#1104 = ORIENTED_EDGE ( 'NONE', *, *, #1291, .T. ) ;
#1105 = CIRCLE ( 'NONE', #1154, 6.000000000000048850 ) ;
#1106 = VECTOR ( 'NONE', #348, 1000.000000000000114 ) ;
#1107 = PLANE ( 'NONE',  #650 ) ;
#1108 = VERTEX_POINT ( 'NONE', #1250 ) ;
#1109 = CARTESIAN_POINT ( 'NONE',  ( 718.5409605511853215, 911.6312541648454726, 1309.719022241203675 ) ) ;
#1110 = AXIS2_PLACEMENT_3D ( 'NONE', #1410, #140, #955 ) ;
#1111 = ADVANCED_FACE ( 'NONE', ( #1159 ), #108, .T. ) ;
#1112 = ORIENTED_EDGE ( 'NONE', *, *, #976, .T. ) ;
#1113 = VECTOR ( 'NONE', #1059, 1000.000000000000114 ) ;
#1114 = CARTESIAN_POINT ( 'NONE',  ( 719.8441481236693562, 910.0800314573931473, 1311.183744147507923 ) ) ;
#1115 = ORIENTED_EDGE ( 'NONE', *, *, #599, .T. ) ;
#1116 = CIRCLE ( 'NONE', #1449, 2.499999999999975575 ) ;
#1117 = CARTESIAN_POINT ( 'NONE',  ( 716.9616712835548924, 935.7455392177417934, 1340.929545206832699 ) ) ;
#1118 = PLANE ( 'NONE',  #431 ) ;
#1119 = VERTEX_POINT ( 'NONE', #463 ) ;
#1120 = DIRECTION ( 'NONE',  ( 0.5212750289935843551, -0.6204890829809658337, 0.5858887625216735451 ) ) ;
#1121 = ORIENTED_EDGE ( 'NONE', *, *, #101, .T. ) ;
#1122 = EDGE_CURVE ( 'NONE', #1416, #55, #1317, .T. ) ;
#1123 = CARTESIAN_POINT ( 'NONE',  ( 714.0021781560733416, 914.1198209560927808, 1312.429331440276201 ) ) ;
#1124 = CARTESIAN_POINT ( 'NONE',  ( 719.5514618220286138, 912.6861035831328763, 1314.204128693270377 ) ) ;
#1125 = CIRCLE ( 'NONE', #159, 2.500000000000007994 ) ;
#1126 = VERTEX_POINT ( 'NONE', #1362 ) ;
#1127 = DIRECTION ( 'NONE',  ( -0.07317157541021351852, 0.6515180314347910340, 0.7550961364404682463 ) ) ;
#1128 = ORIENTED_EDGE ( 'NONE', *, *, #237, .F. ) ;
#1129 = AXIS2_PLACEMENT_3D ( 'NONE', #1430, #1066, #1423 ) ;
#1130 = ADVANCED_FACE ( 'NONE', ( #326 ), #785, .F. ) ;
#1131 = CARTESIAN_POINT ( 'NONE',  ( 715.2279396211580433, 927.0570552167951064, 1323.029631232511747 ) ) ;
#1132 = DIRECTION ( 'NONE',  ( -0.8731305266870632575, 0.3240394544517275488, -0.3641998288382332638 ) ) ;
#1133 = ORIENTED_EDGE ( 'NONE', *, *, #1282, .F. ) ;
#1134 = VECTOR ( 'NONE', #349, 1000.000000000000114 ) ;
#1135 = DIRECTION ( 'NONE',  ( -0.07317157541021351852, 0.6515180314347910340, 0.7550961364404682463 ) ) ;
#1136 = ORIENTED_EDGE ( 'NONE', *, *, #1319, .F. ) ;
#1137 = AXIS2_PLACEMENT_3D ( 'NONE', #556, #1017, #1480 ) ;
#1138 = FACE_OUTER_BOUND ( 'NONE', #928, .T. ) ;
#1139 = CIRCLE ( 'NONE', #1188, 5.999999999999982236 ) ;
#1140 = EDGE_CURVE ( 'NONE', #211, #810, #1440, .T. ) ;
#1141 = CARTESIAN_POINT ( 'NONE',  ( 720.7990857389953590, 925.7028798149385693, 1337.120445258490236 ) ) ;
#1142 = PLANE ( 'NONE',  #34 ) ;
#1143 = VERTEX_POINT ( 'NONE', #142 ) ;
#1144 = DIRECTION ( 'NONE',  ( 0.07317157541021553080, -0.6515180314347933654, -0.7550961364404660259 ) ) ;
#1145 = ORIENTED_EDGE ( 'NONE', *, *, #952, .F. ) ;
#1146 = DIRECTION ( 'NONE',  ( 0.07317157541021351852, -0.6515180314347910340, -0.7550961364404682463 ) ) ;
#1147 = AXIS2_PLACEMENT_3D ( 'NONE', #1381, #1144, #439 ) ;
#1148 = DIRECTION ( 'NONE',  ( 0.8731305266870593718, -0.3240394544517291031, 0.3641998288382410354 ) ) ;
#1149 = VERTEX_POINT ( 'NONE', #1310 ) ;
#1150 = EDGE_CURVE ( 'NONE', #1229, #1171, #781, .T. ) ;
#1151 = CARTESIAN_POINT ( 'NONE',  ( 722.9717982976308122, 906.3570969595073166, 1314.699076722637983 ) ) ;
#1152 = ORIENTED_EDGE ( 'NONE', *, *, #71, .T. ) ;
#1153 = CARTESIAN_POINT ( 'NONE',  ( 530.1330343335112047, 272.1496409218147505, -183.4464809512472812 ) ) ;
#1154 = AXIS2_PLACEMENT_3D ( 'NONE', #1233, #435, #191 ) ;
#1155 = CARTESIAN_POINT ( 'NONE',  ( 719.1673901370863859, 908.1343078440983163, 1318.094327208890491 ) ) ;
#1156 = DIRECTION ( 'NONE',  ( 0.5212750289935843551, -0.6204890829809658337, 0.5858887625216735451 ) ) ;
#1157 = ORIENTED_EDGE ( 'NONE', *, *, #697, .T. ) ;
#1158 = EDGE_CURVE ( 'NONE', #1183, #173, #859, .T. ) ;
#1159 = FACE_OUTER_BOUND ( 'NONE', #1486, .T. ) ;
#1160 = ORIENTED_EDGE ( 'NONE', *, *, #331, .T. ) ;
#1161 = DIRECTION ( 'NONE',  ( -0.07317157541021351852, 0.6515180314347910340, 0.7550961364404682463 ) ) ;
#1162 = CARTESIAN_POINT ( 'NONE',  ( 713.1168066349972605, 925.2783574456196902, 1324.359764834612406 ) ) ;
#1163 = LINE ( 'NONE', #794, #1300 ) ;
#1164 = VERTEX_POINT ( 'NONE', #585 ) ;
#1165 = DIRECTION ( 'NONE',  ( -0.07317157541021340750, 0.6515180314347909230, 0.7550961364404682463 ) ) ;
#1166 = VERTEX_POINT ( 'NONE', #384 ) ;
#1167 =( NAMED_UNIT ( * ) SI_UNIT ( $, .STERADIAN. ) SOLID_ANGLE_UNIT ( ) );
#1168 = LINE ( 'NONE', #833, #478 ) ;
#1169 = CARTESIAN_POINT ( 'NONE',  ( 714.7633001173030607, 931.1941947164059457, 1327.824491698908787 ) ) ;
#1170 = CARTESIAN_POINT ( 'NONE',  ( 711.3858156454977006, 940.6910615672342146, 1342.222775177858921 ) ) ;
#1171 = VERTEX_POINT ( 'NONE', #392 ) ;
#1172 = DIRECTION ( 'NONE',  ( 0.07317157541021351852, -0.6515180314347910340, -0.7550961364404682463 ) ) ;
#1173 = DIRECTION ( 'NONE',  ( 0.07317157541021351852, -0.6515180314347910340, -0.7550961364404682463 ) ) ;
#1174 = CC_DESIGN_PERSON_AND_ORGANIZATION_ASSIGNMENT ( #1193, #962, ( #686 ) ) ;
#1175 = DIRECTION ( 'NONE',  ( -0.07317157541021351852, 0.6515180314347910340, 0.7550961364404682463 ) ) ;
#1176 = VECTOR ( 'NONE', #1345, 1000.000000000000227 ) ;
#1177 = LOCAL_TIME ( 17, 4, 52.00000000000000000, #167 ) ;
#1178 = EDGE_CURVE ( 'NONE', #9, #1238, #1413, .T. ) ;
#1179 = CARTESIAN_POINT ( 'NONE',  ( 713.8725702684728276, 910.0853905487857674, 1310.600452454215201 ) ) ;
#1180 = CARTESIAN_POINT ( 'NONE',  ( 717.8909502912645166, 927.4712602185200012, 1331.339824274038619 ) ) ;
#1181 = ORIENTED_EDGE ( 'NONE', *, *, #1178, .T. ) ;
#1182 = CIRCLE ( 'NONE', #1322, 3.999999999999961364 ) ;
#1183 = VERTEX_POINT ( 'NONE', #717 ) ;
#1184 = APPLICATION_PROTOCOL_DEFINITION ( 'international standard', 'config_control_design', 1994, #879 ) ;
#1185 = FACE_OUTER_BOUND ( 'NONE', #415, .T. ) ;
#1186 = VECTOR ( 'NONE', #1276, 1000.000000000000114 ) ;
#1187 = DIRECTION ( 'NONE',  ( 0.9307836006018208597, -0.2272990573807815995, 0.2863163064942654268 ) ) ;
#1188 = AXIS2_PLACEMENT_3D ( 'NONE', #241, #1055, #15 ) ;
#1189 = ADVANCED_FACE ( 'NONE', ( #242 ), #16, .F. ) ;
#1190 = FACE_OUTER_BOUND ( 'NONE', #1307, .T. ) ;
#1191 = ORIENTED_EDGE ( 'NONE', *, *, #215, .F. ) ;
#1192 = LINE ( 'NONE', #25, #548 ) ;
#1193 = PERSON_AND_ORGANIZATION ( #216, #1204 ) ;
#1194 = FACE_OUTER_BOUND ( 'NONE', #378, .T. ) ;
#1195 = LINE ( 'NONE', #1279, #628 ) ;
#1196 = PLANE ( 'NONE',  #470 ) ;
#1197 = ADVANCED_FACE ( 'NONE', ( #1190 ), #593, .T. ) ;
#1198 = ORIENTED_EDGE ( 'NONE', *, *, #1459, .F. ) ;
#1199 = DIRECTION ( 'NONE',  ( 0.07317157541021457323, -0.6515180314347913670, -0.7550961364404678022 ) ) ;
#1200 = EDGE_CURVE ( 'NONE', #1431, #1166, #379, .T. ) ;
#1201 = EDGE_LOOP ( 'NONE', ( #1070, #286, #656, #813 ) ) ;
#1202 = DIRECTION ( 'NONE',  ( -0.07317157541021351852, 0.6515180314347910340, 0.7550961364404682463 ) ) ;
#1203 = CARTESIAN_POINT ( 'NONE',  ( 717.3686355053108628, 913.4962022192621589, 1313.293629121174718 ) ) ;
#1204 = ORGANIZATION ( 'UNSPECIFIED', 'UNSPECIFIED', '' ) ;
#1205 = VERTEX_POINT ( 'NONE', #1048 ) ;
#1206 = EDGE_CURVE ( 'NONE', #456, #360, #609, .T. ) ;
#1207 = CARTESIAN_POINT ( 'NONE',  ( 717.8909502912645166, 927.4712602185200012, 1331.339824274038847 ) ) ;
#1208 = ORIENTED_EDGE ( 'NONE', *, *, #734, .T. ) ;
#1209 = CALENDAR_DATE ( 2026, 27, 4 ) ;
#1210 = DIRECTION ( 'NONE',  ( -0.8731305266870632575, 0.3240394544517275488, -0.3641998288382332638 ) ) ;
#1211 = AXIS2_PLACEMENT_3D ( 'NONE', #386, #1415, #1078 ) ;
#1212 = AXIS2_PLACEMENT_3D ( 'NONE', #247, #1303, #707 ) ;
#1213 = ORIENTED_EDGE ( 'NONE', *, *, #296, .T. ) ;
#1214 = FACE_OUTER_BOUND ( 'NONE', #327, .T. ) ;
#1215 = ORIENTED_EDGE ( 'NONE', *, *, #1498, .T. ) ;
#1216 = CALENDAR_DATE ( 2026, 27, 4 ) ;
#1217 = EDGE_CURVE ( 'NONE', #251, #765, #1295, .T. ) ;
#1218 = ORIENTED_EDGE ( 'NONE', *, *, #460, .F. ) ;
#1219 = CARTESIAN_POINT ( 'NONE',  ( 717.4263107874096477, 931.6083997181310679, 1336.134684740435887 ) ) ;
#1220 = AXIS2_PLACEMENT_3D ( 'NONE', #1392, #475, #213 ) ;
#1221 = EDGE_LOOP ( 'NONE', ( #1321, #852, #61, #217 ) ) ;
#1222 = FACE_OUTER_BOUND ( 'NONE', #806, .T. ) ;
#1223 = VERTEX_POINT ( 'NONE', #471 ) ;
#1224 = AXIS2_PLACEMENT_3D ( 'NONE', #1485, #447, #256 ) ;
#1225 = DIRECTION ( 'NONE',  ( -0.07317157541021351852, 0.6515180314347910340, 0.7550961364404682463 ) ) ;
#1226 = ORIENTED_EDGE ( 'NONE', *, *, #1200, .F. ) ;
#1227 = DIRECTION ( 'NONE',  ( 0.8731305266870569293, -0.3240394544517310460, 0.3641998288382453097 ) ) ;
#1228 = DIRECTION ( 'NONE',  ( 0.07317157541021351852, -0.6515180314347910340, -0.7550961364404682463 ) ) ;
#1229 = VERTEX_POINT ( 'NONE', #494 ) ;
#1230 = ADVANCED_FACE ( 'NONE', ( #709 ), #1196, .F. ) ;
#1231 = DIRECTION ( 'NONE',  ( 0.07317157541021351852, -0.6515180314347910340, -0.7550961364404682463 ) ) ;
#1232 = ORIENTED_EDGE ( 'NONE', *, *, #1507, .F. ) ;
#1233 = CARTESIAN_POINT ( 'NONE',  ( 716.6245988056201668, 938.7468248405238000, 1344.407974150888322 ) ) ;
#1234 = DIRECTION ( 'NONE',  ( -0.07317157541021340750, 0.6515180314347909230, 0.7550961364404682463 ) ) ;
#1235 = ORIENTED_EDGE ( 'NONE', *, *, #1505, .T. ) ;
#1236 = ADVANCED_FACE ( 'NONE', ( #269 ), #942, .F. ) ;
#1237 = LINE ( 'NONE', #510, #263 ) ;
#1238 = VERTEX_POINT ( 'NONE', #148 ) ;
#1239 = DIRECTION ( 'NONE',  ( 0.07317157541021351852, -0.6515180314347910340, -0.7550961364404682463 ) ) ;
#1240 = CARTESIAN_POINT ( 'NONE',  ( 716.7421565573241651, 937.7000933120463060, 1343.194833616153801 ) ) ;
#1241 = ORIENTED_EDGE ( 'NONE', *, *, #1312, .T. ) ;
#1242 = DIRECTION ( 'NONE',  ( -0.8731305266870632575, 0.3240394544517275488, -0.3641998288382332638 ) ) ;
#1243 = ORIENTED_EDGE ( 'NONE', *, *, #970, .F. ) ;
#1244 = CIRCLE ( 'NONE', #2, 6.000000000000039968 ) ;
#1245 = CC_DESIGN_PERSON_AND_ORGANIZATION_ASSIGNMENT ( #290, #615, ( #1027 ) ) ;
#1246 = CARTESIAN_POINT ( 'NONE',  ( 717.5153702390076660, 913.6809864095671401, 1313.148411293954950 ) ) ;
#1247 = LINE ( 'NONE', #1379, #1134 ) ;
#1248 = ORIENTED_EDGE ( 'NONE', *, *, #1347, .T. ) ;
#1249 = CIRCLE ( 'NONE', #10, 1.900000000000235501 ) ;
#1250 = CARTESIAN_POINT ( 'NONE',  ( 720.5332628056227122, 922.4352313567505917, 1331.504579162412256 ) ) ;
#1251 = VERTEX_POINT ( 'NONE', #618 ) ;
#1252 = VECTOR ( 'NONE', #815, 1000.000000000000114 ) ;
#1253 = DIRECTION ( 'NONE',  ( -0.8731305266870464932, 0.3240394544517400388, -0.3641998288382619076 ) ) ;
#1254 = CIRCLE ( 'NONE', #604, 3.999999999999961364 ) ;
#1255 = DIRECTION ( 'NONE',  ( 1.000000000000000000, 0.000000000000000000, 0.000000000000000000 ) ) ;
#1256 = ADVANCED_FACE ( 'NONE', ( #123 ), #1082, .F. ) ;
#1257 = CARTESIAN_POINT ( 'NONE',  ( 716.6245988056201668, 938.7468248405238000, 1344.407974150888322 ) ) ;
#1258 = VERTEX_POINT ( 'NONE', #358 ) ;
#1259 = CARTESIAN_POINT ( 'NONE',  ( 908.5994040009110222, 1548.864852315016378, 783.6107765065887634 ) ) ;
#1260 = ORIENTED_EDGE ( 'NONE', *, *, #831, .F. ) ;
#1261 = CARTESIAN_POINT ( 'NONE',  ( 713.4969486316584835, 942.4697593384095171, 1340.892641575758489 ) ) ;
#1262 = LINE ( 'NONE', #222, #1106 ) ;
#1263 = AXIS2_PLACEMENT_3D ( 'NONE', #1015, #911, #673 ) ;
#1264 = CARTESIAN_POINT ( 'NONE',  ( 711.3858156454977006, 940.6910615672342146, 1342.222775177858921 ) ) ;
#1265 = ADVANCED_FACE ( 'NONE', ( #701 ), #1056, .T. ) ;
#1266 = ORIENTED_EDGE ( 'NONE', *, *, #53, .F. ) ;
#1267 = LINE ( 'NONE', #85, #1479 ) ;
#1268 = ORIENTED_EDGE ( 'NONE', *, *, #1484, .F. ) ;
#1269 = DIRECTION ( 'NONE',  ( 0.07317157541021485079, -0.6515180314347914781, -0.7550961364404675802 ) ) ;
#1270 = LINE ( 'NONE', #800, #837 ) ;
#1271 = DIRECTION ( 'NONE',  ( -0.07317157541021340750, 0.6515180314347909230, 0.7550961364404682463 ) ) ;
#1272 = ORIENTED_EDGE ( 'NONE', *, *, #638, .F. ) ;
#1273 = DIRECTION ( 'NONE',  ( -0.07317157541021351852, 0.6515180314347910340, 0.7550961364404682463 ) ) ;
#1274 = ORIENTED_EDGE ( 'NONE', *, *, #814, .F. ) ;
#1275 = VECTOR ( 'NONE', #1175, 1000.000000000000114 ) ;
#1276 = DIRECTION ( 'NONE',  ( -0.07317157541021351852, 0.6515180314347910340, 0.7550961364404682463 ) ) ;
#1277 = LINE ( 'NONE', #1155, #1342 ) ;
#1278 = DIRECTION ( 'NONE',  ( -0.8888065830875330198, 0.3008470487214908173, -0.3457078407207930804 ) ) ;
#1279 = CARTESIAN_POINT ( 'NONE',  ( 716.6245988056199394, 938.7468248405238000, 1344.407974150888322 ) ) ;
#1280 = DIRECTION ( 'NONE',  ( 0.9307836009692531665, -0.2272990566382839250, 0.2863163058892321255 ) ) ;
#1281 = ORIENTED_EDGE ( 'NONE', *, *, #1178, .F. ) ;
#1282 = EDGE_CURVE ( 'NONE', #133, #776, #731, .T. ) ;
#1283 = CYLINDRICAL_SURFACE ( 'NONE', #6, 3.999999999999961364 ) ;
#1284 = CARTESIAN_POINT ( 'NONE',  ( 716.7421565573241651, 937.7000933120461923, 1343.194833616154028 ) ) ;
#1285 = DIRECTION ( 'NONE',  ( 0.07317157541021568345, -0.6515180314347935875, -0.7550961364404659149 ) ) ;
#1286 = DIRECTION ( 'NONE',  ( 0.9724348868587991968, -0.1214673187592747866, 0.1990378890898586994 ) ) ;
#1287 = ORIENTED_EDGE ( 'NONE', *, *, #458, .F. ) ;
#1288 = DIRECTION ( 'NONE',  ( -0.8731305266870632575, 0.3240394544517275488, -0.3641998288382332638 ) ) ;
#1289 = ORIENTED_EDGE ( 'NONE', *, *, #302, .T. ) ;
#1290 = CC_DESIGN_PERSON_AND_ORGANIZATION_ASSIGNMENT ( #500, #745, ( #1027 ) ) ;
#1291 = EDGE_CURVE ( 'NONE', #1296, #1426, #1244, .T. ) ;
#1292 = DIRECTION ( 'NONE',  ( 0.8731305266870593718, -0.3240394544517291031, 0.3641998288382410354 ) ) ;
#1293 = CIRCLE ( 'NONE', #568, 3.999999999999961364 ) ;
#1294 = CARTESIAN_POINT ( 'NONE',  ( 717.8909502912645166, 927.4712602185200012, 1331.339824274038619 ) ) ;
#1295 = LINE ( 'NONE', #1074, #979 ) ;
#1296 = VERTEX_POINT ( 'NONE', #1131 ) ;
#1297 = LINE ( 'NONE', #260, #405 ) ;
#1298 = ORIENTED_EDGE ( 'NONE', *, *, #884, .F. ) ;
#1299 = DATE_TIME_ROLE ( 'classification_date' ) ;
#1300 = VECTOR ( 'NONE', #443, 1000.000000000000114 ) ;
#1301 = CARTESIAN_POINT ( 'NONE',  ( 713.4969486316584835, 942.4697593384095171, 1340.892641575758489 ) ) ;
#1302 = EDGE_CURVE ( 'NONE', #960, #729, #1481, .T. ) ;
#1303 = DIRECTION ( 'NONE',  ( -0.07317157541021340750, 0.6515180314347909230, 0.7550961364404682463 ) ) ;
#1304 = DIRECTION ( 'NONE',  ( 0.8731305266870593718, -0.3240394544517291031, 0.3641998288382410354 ) ) ;
#1305 = ORIENTED_EDGE ( 'NONE', *, *, #884, .T. ) ;
#1306 = CARTESIAN_POINT ( 'NONE',  ( 718.1360750688885446, 925.2886748132134471, 1328.810252216963136 ) ) ;
#1307 = EDGE_LOOP ( 'NONE', ( #966, #1260, #1287, #1121 ) ) ;
#1308 = LINE ( 'NONE', #1089, #992 ) ;
#1309 = EDGE_CURVE ( 'NONE', #763, #1238, #182, .T. ) ;
#1310 = CARTESIAN_POINT ( 'NONE',  ( 721.4832399690808415, 919.6111862210234449, 1330.060296382771639 ) ) ;
#1311 = ORIENTED_EDGE ( 'NONE', *, *, #670, .F. ) ;
#1312 = EDGE_CURVE ( 'NONE', #1164, #1296, #1352, .T. ) ;
#1313 = DIRECTION ( 'NONE',  ( -0.5212750289935843551, 0.6204890829809658337, -0.5858887625216735451 ) ) ;
#1314 = VERTEX_POINT ( 'NONE', #1203 ) ;
#1315 = CALENDAR_DATE ( 2026, 27, 4 ) ;
#1316 = DIRECTION ( 'NONE',  ( -0.2213962767796721631, -0.7488457419180312158, 0.6246709081102881367 ) ) ;
#1317 = CIRCLE ( 'NONE', #663, 6.000000000000048850 ) ;
#1318 = ORIENTED_EDGE ( 'NONE', *, *, #751, .F. ) ;
#1319 = EDGE_CURVE ( 'NONE', #306, #1079, #1293, .T. ) ;
#1320 = CARTESIAN_POINT ( 'NONE',  ( 715.5267061304563185, 928.6070525062685874, 1338.016177911695650 ) ) ;
#1321 = ORIENTED_EDGE ( 'NONE', *, *, #430, .F. ) ;
#1322 = AXIS2_PLACEMENT_3D ( 'NONE', #587, #1050, #1358 ) ;
#1323 = APPROVAL_ROLE ( '' ) ;
#1324 = AXIS2_PLACEMENT_3D ( 'NONE', #14, #1072, #930 ) ;
#1325 = CARTESIAN_POINT ( 'NONE',  ( 713.7142739544309507, 934.8591116302422961, 1336.943173834404206 ) ) ;
#1326 = CIRCLE ( 'NONE', #11, 3.999999999999961364 ) ;
#1327 = CIRCLE ( 'NONE', #60, 6.000000000000039968 ) ;
#1328 = ORIENTED_EDGE ( 'NONE', *, *, #1217, .F. ) ;
#1329 = CARTESIAN_POINT ( 'NONE',  ( 718.3555897951194993, 923.3341207189091620, 1326.544963807641807 ) ) ;
#1330 = ORIENTED_EDGE ( 'NONE', *, *, #704, .F. ) ;
#1331 = EDGE_CURVE ( 'NONE', #1032, #1258, #1053, .T. ) ;
#1332 = DIRECTION ( 'NONE',  ( -0.07317157541021351852, 0.6515180314347910340, 0.7550961364404682463 ) ) ;
#1333 = ORIENTED_EDGE ( 'NONE', *, *, #468, .T. ) ;
#1334 = FACE_OUTER_BOUND ( 'NONE', #555, .T. ) ;
#1335 = AXIS2_PLACEMENT_3D ( 'NONE', #234, #1127, #218 ) ;
#1336 = ORIENTED_EDGE ( 'NONE', *, *, #1086, .F. ) ;
#1337 = DIRECTION ( 'NONE',  ( -0.07317157541021351852, 0.6515180314347910340, 0.7550961364404682463 ) ) ;
#1338 = ADVANCED_FACE ( 'NONE', ( #892 ), #899, .T. ) ;
#1339 = DIRECTION ( 'NONE',  ( -0.07317157541021351852, 0.6515180314347910340, 0.7550961364404682463 ) ) ;
#1340 = VERTEX_POINT ( 'NONE', #877 ) ;
#1341 = AXIS2_PLACEMENT_3D ( 'NONE', #965, #822, #602 ) ;
#1342 = VECTOR ( 'NONE', #596, 1000.000000000000227 ) ;
#1343 = DIRECTION ( 'NONE',  ( 0.07317157541021351852, -0.6515180314347910340, -0.7550961364404682463 ) ) ;
#1344 = VERTEX_POINT ( 'NONE', #1123 ) ;
#1345 = DIRECTION ( 'NONE',  ( 0.07317157541021457323, -0.6515180314347913670, -0.7550961364404678022 ) ) ;
#1346 = DIRECTION ( 'NONE',  ( -0.8731305266870632575, 0.3240394544517275488, -0.3641998288382332638 ) ) ;
#1347 = EDGE_CURVE ( 'NONE', #1426, #1149, #175, .T. ) ;
#1348 = ORIENTED_EDGE ( 'NONE', *, *, #479, .F. ) ;
#1349 = ADVANCED_FACE ( 'NONE', ( #540 ), #624, .T. ) ;
#1350 = CYLINDRICAL_SURFACE ( 'NONE', #388, 3.999999999999961364 ) ;
#1351 = ORIENTED_EDGE ( 'NONE', *, *, #70, .T. ) ;
#1352 = LINE ( 'NONE', #321, #498 ) ;
#1353 = CARTESIAN_POINT ( 'NONE',  ( 716.7421565573241651, 937.7000933120463060, 1343.194833616153801 ) ) ;
#1354 = EDGE_CURVE ( 'NONE', #434, #1510, #281, .T. ) ;
#1355 = ORIENTED_EDGE ( 'NONE', *, *, #342, .T. ) ;
#1356 = LINE ( 'NONE', #200, #876 ) ;
#1357 = ORIENTED_EDGE ( 'NONE', *, *, #468, .F. ) ;
#1358 = DIRECTION ( 'NONE',  ( -0.8731305266870632575, 0.3240394544517275488, -0.3641998288382332638 ) ) ;
#1359 = CARTESIAN_POINT ( 'NONE',  ( 718.8252617841304755, 926.0865217402673579, 1328.188632321240675 ) ) ;
#1360 = DIRECTION ( 'NONE',  ( 0.07317157541021351852, -0.6515180314347910340, -0.7550961364404682463 ) ) ;
#1361 = ORIENTED_EDGE ( 'NONE', *, *, #371, .T. ) ;
#1362 = CARTESIAN_POINT ( 'NONE',  ( 717.6150213607079422, 937.5678955828595917, 1345.521162799679814 ) ) ;
#1363 = ORIENTED_EDGE ( 'NONE', *, *, #589, .T. ) ;
#1364 = AXIS2_PLACEMENT_3D ( 'NONE', #993, #196, #528 ) ;
#1365 = APPROVAL_PERSON_ORGANIZATION ( #1427, #790, #48 ) ;
#1366 = EDGE_CURVE ( 'NONE', #729, #69, #50, .T. ) ;
#1367 = LINE ( 'NONE', #1207, #525 ) ;
#1368 = CARTESIAN_POINT ( 'NONE',  ( 0.000000000000000000, 0.000000000000000000, 0.000000000000000000 ) ) ;
#1369 = CARTESIAN_POINT ( 'NONE',  ( 720.2599322000584152, 908.2336496924956464, 1312.817144888316761 ) ) ;
#1370 = CIRCLE ( 'NONE', #990, 6.000000000000048850 ) ;
#1371 = ORIENTED_EDGE ( 'NONE', *, *, #841, .T. ) ;
#1372 = AXIS2_PLACEMENT_3D ( 'NONE', #230, #567, #1490 ) ;
#1373 = DIRECTION ( 'NONE',  ( -0.07317157541021351852, 0.6515180314347910340, 0.7550961364404682463 ) ) ;
#1374 = VERTEX_POINT ( 'NONE', #1010 ) ;
#1375 = VECTOR ( 'NONE', #676, 999.9999999999998863 ) ;
#1376 = DIRECTION ( 'NONE',  ( -0.07317157541021351852, 0.6515180314347910340, 0.7550961364404682463 ) ) ;
#1377 = AXIS2_PLACEMENT_3D ( 'NONE', #493, #956, #485 ) ;
#1378 = FACE_OUTER_BOUND ( 'NONE', #1201, .T. ) ;
#1379 = CARTESIAN_POINT ( 'NONE',  ( 711.3858156454977006, 940.6910615672342146, 1342.222775177858921 ) ) ;
#1380 = CARTESIAN_POINT ( 'NONE',  ( 714.2948644577140840, 911.5137488303537339, 1309.408946894514202 ) ) ;
#1381 = CARTESIAN_POINT ( 'NONE',  ( 947.9966375953031275, 1543.943724539868072, 791.6745988936467029 ) ) ;
#1382 = VERTEX_POINT ( 'NONE', #422 ) ;
#1383 = CARTESIAN_POINT ( 'NONE',  ( 718.1360750688887720, 925.2886748132136745, 1328.810252216963136 ) ) ;
#1384 = CARTESIAN_POINT ( 'NONE',  ( 719.7565356810083586, 926.9438579809005887, 1335.948667733446882 ) ) ;
#1385 = DIRECTION ( 'NONE',  ( -0.07317157541021340750, 0.6515180314347909230, 0.7550961364404682463 ) ) ;
#1386 = VERTEX_POINT ( 'NONE', #1141 ) ;
#1387 = AXIS2_PLACEMENT_3D ( 'NONE', #54, #655, #1099 ) ;
#1388 = CARTESIAN_POINT ( 'NONE',  ( 714.5437853910724471, 933.1487488107102308, 1330.089780108230116 ) ) ;
#1389 = EDGE_LOOP ( 'NONE', ( #1465, #1198 ) ) ;
#1390 = LINE ( 'NONE', #898, #410 ) ;
#1391 = AXIS2_PLACEMENT_3D ( 'NONE', #1359, #533, #1473 ) ;
#1392 = CARTESIAN_POINT ( 'NONE',  ( 728.5154466312461636, 938.2455481852210823, 1356.407344737432595 ) ) ;
#1393 = DIRECTION ( 'NONE',  ( -0.8731305266870632575, 0.3240394544517275488, -0.3641998288382332638 ) ) ;
#1394 = ORIENTED_EDGE ( 'NONE', *, *, #1405, .T. ) ;
#1395 = EDGE_CURVE ( 'NONE', #1108, #1205, #907, .T. ) ;
#1396 = DIRECTION ( 'NONE',  ( 0.8731305266870593718, -0.3240394544517291031, 0.3641998288382410354 ) ) ;
#1397 = ORIENTED_EDGE ( 'NONE', *, *, #430, .T. ) ;
#1398 = EDGE_CURVE ( 'NONE', #776, #921, #1420, .T. ) ;
#1399 = VECTOR ( 'NONE', #551, 999.9999999999998863 ) ;
#1400 = CARTESIAN_POINT ( 'NONE',  ( 714.5394986896453702, 941.2287811724476114, 1342.064419100801842 ) ) ;
#1401 = VECTOR ( 'NONE', #1313, 999.9999999999998863 ) ;
#1402 = CARTESIAN_POINT ( 'NONE',  ( 713.4969486316584835, 942.4697593384095171, 1340.892641575758489 ) ) ;
#1403 = CARTESIAN_POINT ( 'NONE',  ( 719.8441481236692425, 910.0800314573929199, 1311.183744147507923 ) ) ;
#1404 = FACE_OUTER_BOUND ( 'NONE', #750, .T. ) ;
#1405 = EDGE_CURVE ( 'NONE', #667, #434, #1105, .T. ) ;
#1406 = CARTESIAN_POINT ( 'NONE',  ( 717.4263107874097614, 931.6083997181310679, 1336.134684740435887 ) ) ;
#1407 = VERTEX_POINT ( 'NONE', #428 ) ;
#1408 = CARTESIAN_POINT ( 'NONE',  ( 717.3125549604466187, 908.3659962159342740, 1317.714679704299670 ) ) ;
#1409 = CALENDAR_DATE ( 2026, 27, 4 ) ;
#1410 = CARTESIAN_POINT ( 'NONE',  ( 716.6245988056201668, 938.7468248405238000, 1344.407974150888322 ) ) ;
#1411 = CIRCLE ( 'NONE', #637, 2.500000000000007994 ) ;
#1412 = DIRECTION ( 'NONE',  ( 0.07317157541021351852, -0.6515180314347910340, -0.7550961364404682463 ) ) ;
#1413 = LINE ( 'NONE', #480, #643 ) ;
#1414 = ORIENTED_EDGE ( 'NONE', *, *, #367, .F. ) ;
#1415 = DIRECTION ( 'NONE',  ( 0.07317157541021351852, -0.6515180314347910340, -0.7550961364404682463 ) ) ;
#1416 = VERTEX_POINT ( 'NONE', #782 ) ;
#1417 = EDGE_CURVE ( 'NONE', #1258, #1386, #733, .T. ) ;
#1418 = APPROVAL_STATUS ( 'not_yet_approved' ) ;
#1419 = DIRECTION ( 'NONE',  ( 0.9307836007855353477, -0.2272990570095208274, 0.2863163061917639030 ) ) ;
#1420 = CIRCLE ( 'NONE', #252, 6.000000000000000000 ) ;
#1421 = AXIS2_PLACEMENT_3D ( 'NONE', #1036, #1173, #127 ) ;
#1422 = PLANE ( 'NONE',  #1009 ) ;
#1423 = DIRECTION ( 'NONE',  ( 0.9307836009692531665, -0.2272990566382839250, 0.2863163058892321255 ) ) ;
#1424 = EDGE_LOOP ( 'NONE', ( #376, #408, #603, #757 ) ) ;
#1425 = LINE ( 'NONE', #728, #984 ) ;
#1426 = VERTEX_POINT ( 'NONE', #1162 ) ;
#1427 = PERSON_AND_ORGANIZATION ( #216, #1204 ) ;
#1428 = ADVANCED_FACE ( 'NONE', ( #916 ), #1504, .T. ) ;
#1429 = CARTESIAN_POINT ( 'NONE',  ( 719.9672458984177865, 910.8397218182345796, 1315.837529434078988 ) ) ;
#1430 = CARTESIAN_POINT ( 'NONE',  ( 716.7421565573241651, 937.7000933120463060, 1343.194833616153801 ) ) ;
#1431 = VERTEX_POINT ( 'NONE', #816 ) ;
#1432 = LINE ( 'NONE', #853, #1401 ) ;
#1433 = VERTEX_POINT ( 'NONE', #937 ) ;
#1434 = PERSON_AND_ORGANIZATION ( #216, #1204 ) ;
#1435 = CARTESIAN_POINT ( 'NONE',  ( 716.6245988056201668, 938.7468248405238000, 1344.407974150888322 ) ) ;
#1436 = ORIENTED_EDGE ( 'NONE', *, *, #1354, .F. ) ;
#1437 = PLANE ( 'NONE',  #526 ) ;
#1438 = DATE_AND_TIME ( #1409, #543 ) ;
#1439 = CARTESIAN_POINT ( 'NONE',  ( 714.3984281845164332, 928.7674180363269443, 1329.883024958685610 ) ) ;
#1440 = CIRCLE ( 'NONE', #103, 3.999999999999961364 ) ;
#1441 = ADVANCED_FACE ( 'NONE', ( #1378 ), #105, .T. ) ;
#1442 = ORIENTED_EDGE ( 'NONE', *, *, #129, .T. ) ;
#1443 = DIRECTION ( 'NONE',  ( -0.07317157541021351852, 0.6515180314347910340, 0.7550961364404682463 ) ) ;
#1444 = ORIENTED_EDGE ( 'NONE', *, *, #185, .T. ) ;
#1445 = AXIS2_PLACEMENT_3D ( 'NONE', #151, #621, #1084 ) ;
#1446 = AXIS2_PLACEMENT_3D ( 'NONE', #1240, #918, #801 ) ;
#1447 = CARTESIAN_POINT ( 'NONE',  ( 716.6245988056201668, 938.7468248405238000, 1344.407974150888322 ) ) ;
#1448 = AXIS2_PLACEMENT_3D ( 'NONE', #28, #450, #1253 ) ;
#1449 = AXIS2_PLACEMENT_3D ( 'NONE', #1124, #985, #871 ) ;
#1450 = ORIENTED_EDGE ( 'NONE', *, *, #1140, .T. ) ;
#1451 = LINE ( 'NONE', #285, #1037 ) ;
#1452 = ORIENTED_EDGE ( 'NONE', *, *, #988, .F. ) ;
#1453 = DIRECTION ( 'NONE',  ( -0.07317157541021351852, 0.6515180314347910340, 0.7550961364404682463 ) ) ;
#1454 = LINE ( 'NONE', #534, #411 ) ;
#1455 = ORIENTED_EDGE ( 'NONE', *, *, #53, .T. ) ;
#1456 = DIRECTION ( 'NONE',  ( 0.8731305266870569293, -0.3240394544517310460, 0.3641998288382453097 ) ) ;
#1457 = CIRCLE ( 'NONE', #491, 3.999999999999961364 ) ;
#1458 = VERTEX_POINT ( 'NONE', #692 ) ;
#1459 = EDGE_CURVE ( 'NONE', #448, #432, #923, .T. ) ;
#1460 = CARTESIAN_POINT ( 'NONE',  ( 719.5514618220286138, 912.6861035831328763, 1314.204128693270377 ) ) ;
#1461 = EDGE_CURVE ( 'NONE', #921, #385, #1277, .T. ) ;
#1462 = CARTESIAN_POINT ( 'NONE',  ( 719.8698067312856210, 933.9771588141605889, 1346.710166191284088 ) ) ;
#1463 = ORIENTED_EDGE ( 'NONE', *, *, #895, .F. ) ;
#1464 = LINE ( 'NONE', #1219, #1076 ) ;
#1465 = ORIENTED_EDGE ( 'NONE', *, *, #630, .F. ) ;
#1466 = ADVANCED_FACE ( 'NONE', ( #929 ), #575, .T. ) ;
#1467 = DIRECTION ( 'NONE',  ( 0.07317157541021351852, -0.6515180314347910340, -0.7550961364404682463 ) ) ;
#1468 = FACE_OUTER_BOUND ( 'NONE', #991, .T. ) ;
#1469 = ORIENTED_EDGE ( 'NONE', *, *, #488, .T. ) ;
#1470 = FACE_OUTER_BOUND ( 'NONE', #887, .T. ) ;
#1471 = CIRCLE ( 'NONE', #1377, 2.500000000000007994 ) ;
#1472 = ORIENTED_EDGE ( 'NONE', *, *, #215, .T. ) ;
#1473 = DIRECTION ( 'NONE',  ( 0.8888065830875132578, -0.3008470487214974232, 0.3457078407208381554 ) ) ;
#1474 = DIRECTION ( 'NONE',  ( -0.2213962767796721631, -0.7488457419180312158, 0.6246709081102881367 ) ) ;
#1475 = ORIENTED_EDGE ( 'NONE', *, *, #437, .F. ) ;
#1476 = EDGE_CURVE ( 'NONE', #1098, #283, #566, .T. ) ;
#1477 = DIRECTION ( 'NONE',  ( -0.8731305266870632575, 0.3240394544517275488, -0.3641998288382332638 ) ) ;
#1478 = ORIENTED_EDGE ( 'NONE', *, *, #831, .T. ) ;
#1479 = VECTOR ( 'NONE', #337, 1000.000000000000114 ) ;
#1480 = DIRECTION ( 'NONE',  ( -0.8731305266870569293, 0.3240394544517310460, -0.3641998288382453097 ) ) ;
#1481 = LINE ( 'NONE', #416, #323 ) ;
#1482 = LINE ( 'NONE', #909, #56 ) ;
#1483 = VERTEX_POINT ( 'NONE', #362 ) ;
#1484 = EDGE_CURVE ( 'NONE', #1344, #9, #1270, .T. ) ;
#1485 = CARTESIAN_POINT ( 'NONE',  ( 719.2477997840761645, 915.3899034135865804, 1317.337777659497760 ) ) ;
#1486 = EDGE_LOOP ( 'NONE', ( #594, #823, #490, #559 ) ) ;
#1487 = AXIS2_PLACEMENT_3D ( 'NONE', #30, #502, #1396 ) ;
#1488 = VECTOR ( 'NONE', #459, 999.9999999999998863 ) ;
#1489 = LINE ( 'NONE', #465, #330 ) ;
#1490 = DIRECTION ( 'NONE',  ( -0.8731305266870632575, 0.3240394544517275488, -0.3641998288382332638 ) ) ;
#1491 = CYLINDRICAL_SURFACE ( 'NONE', #186, 6.000000000000048850 ) ;
#1492 = CIRCLE ( 'NONE', #547, 5.219644854552481839 ) ;
#1493 = LINE ( 'NONE', #1259, #95 ) ;
#1494 = VERTEX_POINT ( 'NONE', #229 ) ;
#1495 = AXIS2_PLACEMENT_3D ( 'NONE', #46, #771, #860 ) ;
#1496 = CARTESIAN_POINT ( 'NONE',  ( 719.8441481236693562, 910.0800314573931473, 1311.183744147507923 ) ) ;
#1497 = AXIS2_PLACEMENT_3D ( 'NONE', #1294, #715, #1187 ) ;
#1498 = EDGE_CURVE ( 'NONE', #1166, #69, #332, .T. ) ;
#1499 = DIRECTION ( 'NONE',  ( 0.07317157541021457323, -0.6515180314347913670, -0.7550961364404678022 ) ) ;
#1500 = FACE_OUTER_BOUND ( 'NONE', #401, .T. ) ;
#1501 = ORIENTED_EDGE ( 'NONE', *, *, #254, .T. ) ;
#1502 = CARTESIAN_POINT ( 'NONE',  ( 711.3858156454977006, 940.6910615672342146, 1342.222775177858921 ) ) ;
#1503 = VERTEX_POINT ( 'NONE', #1384 ) ;
#1504 = PLANE ( 'NONE',  #1220 ) ;
#1505 = EDGE_CURVE ( 'NONE', #1075, #1386, #1262, .T. ) ;
#1506 = CYLINDRICAL_SURFACE ( 'NONE', #427, 1.900000000000235501 ) ;
#1507 = EDGE_CURVE ( 'NONE', #1098, #765, #112, .T. ) ;
#1508 = ORIENTED_EDGE ( 'NONE', *, *, #1461, .T. ) ;
#1509 = DIRECTION ( 'NONE',  ( -0.07317157541021351852, 0.6515180314347910340, 0.7550961364404682463 ) ) ;
#1510 = VERTEX_POINT ( 'NONE', #1402 ) ;
ENDSEC;
END-ISO-10303-21;
