ISO-10303-21;
HEADER;
FILE_DESCRIPTION (( 'STEP AP203' ),
    '1' );
FILE_NAME ('midsection.STEP',
    '2026-04-06T05:09:29',
    ( '' ),
    ( '' ),
    'SwSTEP 2.0',
    'SolidWorks 2025',
    '' );
FILE_SCHEMA (( 'CONFIG_CONTROL_DESIGN' ));
ENDSEC;

DATA;
#1 = PLANE ( 'NONE',  #1692 ) ;
#2 = AXIS2_PLACEMENT_3D ( 'NONE', #904, #939, #2507 ) ;
#3 = CARTESIAN_POINT ( 'NONE',  ( 21.08248969043720678, -11.89726821137888990, 4.317999999999999616 ) ) ;
#4 = ORIENTED_EDGE ( 'NONE', *, *, #1636, .T. ) ;
#5 = CARTESIAN_POINT ( 'NONE',  ( 20.38248969043720393, -11.89726821137888990, 4.317999999999999616 ) ) ;
#6 = DIRECTION ( 'NONE',  ( -0.000000000000000000, 0.000000000000000000, 1.000000000000000000 ) ) ;
#7 = FACE_OUTER_BOUND ( 'NONE', #2256, .T. ) ;
#8 = AXIS2_PLACEMENT_3D ( 'NONE', #2422, #2242, #2232 ) ;
#9 = DIRECTION ( 'NONE',  ( -1.000000000000000000, 0.000000000000000000, 0.000000000000000000 ) ) ;
#10 = ORIENTED_EDGE ( 'NONE', *, *, #1479, .F. ) ;
#11 = AXIS2_PLACEMENT_3D ( 'NONE', #731, #1516, #2304 ) ;
#12 = ORIENTED_EDGE ( 'NONE', *, *, #2434, .F. ) ;
#13 = VERTEX_POINT ( 'NONE', #2281 ) ;
#14 = EDGE_CURVE ( 'NONE', #797, #1187, #1084, .T. ) ;
#15 = LINE ( 'NONE', #623, #1080 ) ;
#16 = CIRCLE ( 'NONE', #267, 0.7000000000000027311 ) ;
#17 = ORIENTED_EDGE ( 'NONE', *, *, #533, .T. ) ;
#18 = EDGE_CURVE ( 'NONE', #2309, #131, #2437, .T. ) ;
#19 = PLANE ( 'NONE',  #1652 ) ;
#20 = CARTESIAN_POINT ( 'NONE',  ( -17.70169356637247660, -9.621037113853471823, 96.51999999999999602 ) ) ;
#21 = LINE ( 'NONE', #1550, #1977 ) ;
#22 = LINE ( 'NONE', #1984, #1054 ) ;
#23 = DIRECTION ( 'NONE',  ( 0.000000000000000000, 0.000000000000000000, 1.000000000000000000 ) ) ;
#24 = DIRECTION ( 'NONE',  ( 0.000000000000000000, 0.000000000000000000, 1.000000000000000000 ) ) ;
#25 = ORIENTED_EDGE ( 'NONE', *, *, #1672, .T. ) ;
#26 = ORIENTED_EDGE ( 'NONE', *, *, #1466, .F. ) ;
#27 = ORIENTED_EDGE ( 'NONE', *, *, #758, .F. ) ;
#28 = ADVANCED_BREP_SHAPE_REPRESENTATION ( 'midsection', ( #1364, #480 ), #62 ) ;
#29 = DIRECTION ( 'NONE',  ( 0.7071067811865476838, -0.7071067811865474617, 0.000000000000000000 ) ) ;
#30 = APPROVAL ( #474, 'UNSPECIFIED' ) ;
#31 = ORIENTED_EDGE ( 'NONE', *, *, #1235, .T. ) ;
#32 = ORIENTED_EDGE ( 'NONE', *, *, #1769, .F. ) ;
#33 = LINE ( 'NONE', #625, #2150 ) ;
#34 = EDGE_CURVE ( 'NONE', #932, #1461, #1718, .T. ) ;
#35 = CARTESIAN_POINT ( 'NONE',  ( -20.38248969043720393, 11.89726821137888990, 4.317999999999999616 ) ) ;
#36 = FACE_OUTER_BOUND ( 'NONE', #1915, .T. ) ;
#37 = CYLINDRICAL_SURFACE ( 'NONE', #1719, 0.7000000000000027311 ) ;
#38 = PLANE ( 'NONE',  #349 ) ;
#39 = FACE_BOUND ( 'NONE', #387, .T. ) ;
#40 = ORIENTED_EDGE ( 'NONE', *, *, #1176, .T. ) ;
#41 = DIRECTION ( 'NONE',  ( 0.000000000000000000, 0.000000000000000000, -1.000000000000000000 ) ) ;
#42 = AXIS2_PLACEMENT_3D ( 'NONE', #151, #707, #1295 ) ;
#43 = DIRECTION ( 'NONE',  ( 7.035828143685952702E-15, 1.000000000000000000, 0.000000000000000000 ) ) ;
#44 = ORIENTED_EDGE ( 'NONE', *, *, #159, .F. ) ;
#45 = EDGE_LOOP ( 'NONE', ( #1952, #827, #2214, #365 ) ) ;
#46 = APPROVAL ( #922, 'UNSPECIFIED' ) ;
#47 = LINE ( 'NONE', #457, #909 ) ;
#48 = AXIS2_PLACEMENT_3D ( 'NONE', #351, #1491, #1515 ) ;
#49 = EDGE_CURVE ( 'NONE', #2013, #2380, #125, .T. ) ;
#50 = LINE ( 'NONE', #1069, #1276 ) ;
#51 = VECTOR ( 'NONE', #990, 1000.000000000000000 ) ;
#52 = ADVANCED_FACE ( 'NONE', ( #706, #1317, #535 ), #1708, .T. ) ;
#53 = DIRECTION ( 'NONE',  ( -1.000000000000000000, 0.000000000000000000, 0.000000000000000000 ) ) ;
#54 = DIRECTION ( 'NONE',  ( 0.000000000000000000, 0.000000000000000000, -1.000000000000000000 ) ) ;
#55 = PLANE ( 'NONE',  #143 ) ;
#56 = ORIENTED_EDGE ( 'NONE', *, *, #2269, .T. ) ;
#57 = CARTESIAN_POINT ( 'NONE',  ( -17.67766952966381311, -17.67766952966355731, 6.117999999999998550 ) ) ;
#58 = CIRCLE ( 'NONE', #262, 1.999999999999994893 ) ;
#59 = CYLINDRICAL_SURFACE ( 'NONE', #2087, 0.7000000000000027311 ) ;
#60 = ORIENTED_EDGE ( 'NONE', *, *, #2466, .T. ) ;
#61 = AXIS2_PLACEMENT_3D ( 'NONE', #240, #2386, #1190 ) ;
#62 =( GEOMETRIC_REPRESENTATION_CONTEXT ( 3 ) GLOBAL_UNCERTAINTY_ASSIGNED_CONTEXT ( ( #2046 ) ) GLOBAL_UNIT_ASSIGNED_CONTEXT ( ( #885, #1075, #2430 ) ) REPRESENTATION_CONTEXT ( 'NONE', 'WORKASPACE' ) );
#63 = FACE_OUTER_BOUND ( 'NONE', #1615, .T. ) ;
#64 = LINE ( 'NONE', #841, #1020 ) ;
#65 = ADVANCED_FACE ( 'NONE', ( #1344 ), #1492, .F. ) ;
#66 = DIRECTION ( 'NONE',  ( -1.000000000000000000, 0.000000000000000000, 0.000000000000000000 ) ) ;
#67 = DIRECTION ( 'NONE',  ( -0.000000000000000000, -0.000000000000000000, -1.000000000000000000 ) ) ;
#68 = DIRECTION ( 'NONE',  ( -0.000000000000000000, -0.000000000000000000, -1.000000000000000000 ) ) ;
#69 = ADVANCED_FACE ( 'NONE', ( #1933, #2095 ), #1922, .T. ) ;
#70 = CARTESIAN_POINT ( 'NONE',  ( -27.00000000000000711, -11.18376618407357270, 96.51999999999999602 ) ) ;
#71 = DIRECTION ( 'NONE',  ( 1.000000000000000000, 0.000000000000000000, 0.000000000000000000 ) ) ;
#72 = EDGE_LOOP ( 'NONE', ( #685, #1160, #1973, #1703 ) ) ;
#73 = ORIENTED_EDGE ( 'NONE', *, *, #2002, .T. ) ;
#74 = DIRECTION ( 'NONE',  ( 0.000000000000000000, 0.000000000000000000, -1.000000000000000000 ) ) ;
#75 = ORIENTED_EDGE ( 'NONE', *, *, #630, .F. ) ;
#76 = FACE_OUTER_BOUND ( 'NONE', #1902, .T. ) ;
#77 = DIRECTION ( 'NONE',  ( -1.000000000000000000, 0.000000000000000000, 0.000000000000000000 ) ) ;
#78 = DIRECTION ( 'NONE',  ( -0.000000000000000000, 1.000000000000000000, 0.000000000000000000 ) ) ;
#79 = EDGE_CURVE ( 'NONE', #237, #2000, #1779, .T. ) ;
#80 = DIRECTION ( 'NONE',  ( 1.000000000000000000, 0.000000000000000000, 0.000000000000000000 ) ) ;
#81 = ORIENTED_EDGE ( 'NONE', *, *, #432, .T. ) ;
#82 = ORIENTED_EDGE ( 'NONE', *, *, #1108, .F. ) ;
#83 = EDGE_CURVE ( 'NONE', #781, #917, #136, .T. ) ;
#84 = CARTESIAN_POINT ( 'NONE',  ( -27.00000000000001421, 11.18376618407356382, 96.51999999999999602 ) ) ;
#85 = DIRECTION ( 'NONE',  ( 0.7071067811865422437, -0.7071067811865527908, 0.000000000000000000 ) ) ;
#86 = VERTEX_POINT ( 'NONE', #557 ) ;
#87 = DIRECTION ( 'NONE',  ( -0.000000000000000000, -0.000000000000000000, 1.000000000000000000 ) ) ;
#88 = LINE ( 'NONE', #489, #914 ) ;
#89 = AXIS2_PLACEMENT_3D ( 'NONE', #231, #2183, #822 ) ;
#90 = PERSON_AND_ORGANIZATION ( #377, #2438 ) ;
#91 = PLANE ( 'NONE',  #560 ) ;
#92 = ORIENTED_EDGE ( 'NONE', *, *, #112, .F. ) ;
#93 = EDGE_LOOP ( 'NONE', ( #1042, #2432 ) ) ;
#94 = EDGE_CURVE ( 'NONE', #861, #1681, #1333, .T. ) ;
#95 = AXIS2_PLACEMENT_3D ( 'NONE', #2513, #202, #9 ) ;
#96 = VECTOR ( 'NONE', #1833, 1000.000000000000000 ) ;
#97 = CIRCLE ( 'NONE', #1736, 0.7000000000000027311 ) ;
#98 = ORIENTED_EDGE ( 'NONE', *, *, #49, .F. ) ;
#99 = DIRECTION ( 'NONE',  ( 0.7071067811865474617, 0.7071067811865474617, 0.000000000000000000 ) ) ;
#100 = CARTESIAN_POINT ( 'NONE',  ( -0.000000000000000000, -9.621037113853471823, 96.51999999999999602 ) ) ;
#101 = ORIENTED_EDGE ( 'NONE', *, *, #2230, .T. ) ;
#102 = VECTOR ( 'NONE', #417, 1000.000000000000000 ) ;
#103 = CARTESIAN_POINT ( 'NONE',  ( -19.68248969043720109, -11.89726821137888990, 4.317999999999999616 ) ) ;
#104 = CARTESIAN_POINT ( 'NONE',  ( -20.38248969043720393, -11.89726821137888990, 6.118000000000000327 ) ) ;
#105 = VERTEX_POINT ( 'NONE', #162 ) ;
#106 = CARTESIAN_POINT ( 'NONE',  ( 19.68248969043720109, -11.89726821137888990, 4.317999999999999616 ) ) ;
#107 = ORIENTED_EDGE ( 'NONE', *, *, #172, .F. ) ;
#108 = ORIENTED_EDGE ( 'NONE', *, *, #94, .T. ) ;
#109 = EDGE_CURVE ( 'NONE', #763, #2246, #940, .T. ) ;
#110 = DIRECTION ( 'NONE',  ( -0.000000000000000000, -0.000000000000000000, -1.000000000000000000 ) ) ;
#111 = ORIENTED_EDGE ( 'NONE', *, *, #777, .F. ) ;
#112 = EDGE_CURVE ( 'NONE', #690, #1135, #1539, .T. ) ;
#113 = DIRECTION ( 'NONE',  ( 1.000000000000000000, 0.000000000000000000, 0.000000000000000000 ) ) ;
#114 = ORIENTED_EDGE ( 'NONE', *, *, #614, .T. ) ;
#115 = CARTESIAN_POINT ( 'NONE',  ( -20.38248969043720393, 11.89726821137888990, 6.118000000000000327 ) ) ;
#116 = DIRECTION ( 'NONE',  ( -0.000000000000000000, -0.000000000000000000, 1.000000000000000000 ) ) ;
#117 = FACE_OUTER_BOUND ( 'NONE', #491, .T. ) ;
#118 = PERSON_AND_ORGANIZATION ( #377, #2438 ) ;
#119 = DIRECTION ( 'NONE',  ( -0.000000000000000000, 0.000000000000000000, 1.000000000000000000 ) ) ;
#120 = ORIENTED_EDGE ( 'NONE', *, *, #2300, .F. ) ;
#121 = CARTESIAN_POINT ( 'NONE',  ( 20.38248969043720393, -11.89726821137888990, 92.20199999999999818 ) ) ;
#122 = ORIENTED_EDGE ( 'NONE', *, *, #1083, .T. ) ;
#123 = CARTESIAN_POINT ( 'NONE',  ( 22.38248969043720038, 11.89726821137888990, 90.40200000000000102 ) ) ;
#124 = VECTOR ( 'NONE', #1085, 1000.000000000000000 ) ;
#125 = LINE ( 'NONE', #338, #2202 ) ;
#126 = EDGE_CURVE ( 'NONE', #1021, #602, #212, .T. ) ;
#127 = CARTESIAN_POINT ( 'NONE',  ( 21.08248969043720678, -11.89726821137888990, 4.317999999999999616 ) ) ;
#128 = EDGE_CURVE ( 'NONE', #2000, #237, #2082, .T. ) ;
#129 = CALENDAR_DATE ( 2026, 6, 4 ) ;
#130 = CARTESIAN_POINT ( 'NONE',  ( 18.38248969043720749, 11.89726821137888990, 4.317999999999999616 ) ) ;
#131 = VERTEX_POINT ( 'NONE', #3 ) ;
#132 = VERTEX_POINT ( 'NONE', #1383 ) ;
#133 = LINE ( 'NONE', #1512, #1905 ) ;
#134 = VERTEX_POINT ( 'NONE', #228 ) ;
#135 = DIRECTION ( 'NONE',  ( 0.000000000000000000, 0.000000000000000000, -1.000000000000000000 ) ) ;
#136 = CIRCLE ( 'NONE', #1734, 0.7000000000000027311 ) ;
#137 = ORIENTED_EDGE ( 'NONE', *, *, #18, .F. ) ;
#138 = CIRCLE ( 'NONE', #2282, 1.999999999999998224 ) ;
#139 = AXIS2_PLACEMENT_3D ( 'NONE', #1687, #119, #2469 ) ;
#140 = DIRECTION ( 'NONE',  ( -0.000000000000000000, -0.000000000000000000, 1.000000000000000000 ) ) ;
#141 = EDGE_CURVE ( 'NONE', #292, #702, #2178, .T. ) ;
#142 = APPROVAL_PERSON_ORGANIZATION ( #943, #46, #2522 ) ;
#143 = AXIS2_PLACEMENT_3D ( 'NONE', #1229, #78, #1459 ) ;
#144 = CARTESIAN_POINT ( 'NONE',  ( 0.000000000000000000, 17.65364549295489027, 93.31828358167324211 ) ) ;
#145 = ORIENTED_EDGE ( 'NONE', *, *, #128, .F. ) ;
#146 = ORIENTED_EDGE ( 'NONE', *, *, #2335, .F. ) ;
#147 = CARTESIAN_POINT ( 'NONE',  ( -21.08248969043720678, -11.89726821137888990, 0.000000000000000000 ) ) ;
#148 = ORIENTED_EDGE ( 'NONE', *, *, #399, .T. ) ;
#149 = DIRECTION ( 'NONE',  ( 1.000000000000000000, 0.000000000000000000, 0.000000000000000000 ) ) ;
#150 = DIRECTION ( 'NONE',  ( -0.000000000000000000, -0.000000000000000000, 1.000000000000000000 ) ) ;
#151 = CARTESIAN_POINT ( 'NONE',  ( 0.000000000000000000, 0.000000000000000000, 92.20199999999999818 ) ) ;
#152 = DATE_TIME_ROLE ( 'creation_date' ) ;
#153 = CARTESIAN_POINT ( 'NONE',  ( 24.99999999999993605, -9.621037113853471823, 96.51999999999999602 ) ) ;
#154 = ORIENTED_EDGE ( 'NONE', *, *, #187, .T. ) ;
#155 = ORIENTED_EDGE ( 'NONE', *, *, #906, .T. ) ;
#156 = EDGE_CURVE ( 'NONE', #1654, #1667, #426, .T. ) ;
#157 = FACE_BOUND ( 'NONE', #902, .T. ) ;
#158 = VERTEX_POINT ( 'NONE', #1000 ) ;
#159 = EDGE_CURVE ( 'NONE', #281, #848, #2280, .T. ) ;
#160 = CYLINDRICAL_SURFACE ( 'NONE', #2112, 1.999999999999998224 ) ;
#161 = CARTESIAN_POINT ( 'NONE',  ( -17.67766952966356087, 17.67766952966380956, 96.51999999999999602 ) ) ;
#162 = CARTESIAN_POINT ( 'NONE',  ( 18.38248969043720749, -11.89726821137888990, 6.118000000000000327 ) ) ;
#163 = EDGE_LOOP ( 'NONE', ( #1688, #1010, #1313, #1853 ) ) ;
#164 = CARTESIAN_POINT ( 'NONE',  ( 0.000000000000000000, 17.65364549295489027, 3.201716418326755687 ) ) ;
#165 = AXIS2_PLACEMENT_3D ( 'NONE', #1645, #852, #895 ) ;
#166 = APPROVAL_DATE_TIME ( #746, #2015 ) ;
#167 = CARTESIAN_POINT ( 'NONE',  ( 22.38248969043720393, -11.89726821137889345, 90.40200000000000102 ) ) ;
#168 = EDGE_LOOP ( 'NONE', ( #137, #2185 ) ) ;
#169 = EDGE_LOOP ( 'NONE', ( #406, #682 ) ) ;
#170 = VECTOR ( 'NONE', #2315, 1000.000000000000000 ) ;
#171 = PLANE ( 'NONE',  #89 ) ;
#172 = EDGE_CURVE ( 'NONE', #1584, #1158, #1606, .T. ) ;
#173 = ORIENTED_EDGE ( 'NONE', *, *, #975, .T. ) ;
#174 = CIRCLE ( 'NONE', #1071, 1.999999999999994893 ) ;
#175 = AXIS2_PLACEMENT_3D ( 'NONE', #1236, #1263, #2401 ) ;
#176 = CARTESIAN_POINT ( 'NONE',  ( -20.38248969043720393, -11.89726821137888990, 4.317999999999999616 ) ) ;
#177 = EDGE_CURVE ( 'NONE', #1361, #966, #1946, .T. ) ;
#178 = DIRECTION ( 'NONE',  ( 0.000000000000000000, 0.000000000000000000, 1.000000000000000000 ) ) ;
#179 = CARTESIAN_POINT ( 'NONE',  ( 18.38248969043720749, -11.89726821137888990, 4.317999999999999616 ) ) ;
#180 = VECTOR ( 'NONE', #2373, 1000.000000000000000 ) ;
#181 = VECTOR ( 'NONE', #29, 1000.000000000000000 ) ;
#182 = SHAPE_DEFINITION_REPRESENTATION ( #672, #28 ) ;
#183 = DIRECTION ( 'NONE',  ( 0.7071067811865526798, 0.7071067811865424657, 0.000000000000000000 ) ) ;
#184 = EDGE_LOOP ( 'NONE', ( #1599, #1340, #622, #2278 ) ) ;
#185 = ORIENTED_EDGE ( 'NONE', *, *, #2091, .F. ) ;
#186 = ORIENTED_EDGE ( 'NONE', *, *, #583, .F. ) ;
#187 = EDGE_CURVE ( 'NONE', #2080, #997, #58, .T. ) ;
#188 = FACE_OUTER_BOUND ( 'NONE', #1274, .T. ) ;
#189 = PLANE ( 'NONE',  #1574 ) ;
#190 = EDGE_CURVE ( 'NONE', #2163, #2316, #589, .T. ) ;
#191 = CARTESIAN_POINT ( 'NONE',  ( 25.00000000000007816, 10.35533905932718568, 96.51999999999999602 ) ) ;
#192 = CARTESIAN_POINT ( 'NONE',  ( 0.000000000000000000, -9.621037113853470046, 6.118000000000000327 ) ) ;
#193 = CARTESIAN_POINT ( 'NONE',  ( -27.00000000000000711, -11.18376618407357270, 96.51999999999999602 ) ) ;
#194 = ORIENTED_EDGE ( 'NONE', *, *, #361, .T. ) ;
#195 = ORIENTED_EDGE ( 'NONE', *, *, #238, .T. ) ;
#196 = ORIENTED_EDGE ( 'NONE', *, *, #1623, .T. ) ;
#197 = CARTESIAN_POINT ( 'NONE',  ( 0.000000000000000000, 0.000000000000000000, 4.317999999999999616 ) ) ;
#198 = FACE_OUTER_BOUND ( 'NONE', #169, .T. ) ;
#199 = ADVANCED_FACE ( 'NONE', ( #403 ), #1754, .F. ) ;
#200 = VECTOR ( 'NONE', #501, 1000.000000000000000 ) ;
#201 = CARTESIAN_POINT ( 'NONE',  ( -20.38248969043720393, -11.89726821137888990, 4.317999999999999616 ) ) ;
#202 = DIRECTION ( 'NONE',  ( 0.000000000000000000, 0.000000000000000000, -1.000000000000000000 ) ) ;
#203 = ADVANCED_FACE ( 'NONE', ( #117, #1685 ), #189, .T. ) ;
#204 = ORIENTED_EDGE ( 'NONE', *, *, #758, .T. ) ;
#205 = ORIENTED_EDGE ( 'NONE', *, *, #238, .F. ) ;
#206 = VECTOR ( 'NONE', #670, 1000.000000000000000 ) ;
#207 = FACE_OUTER_BOUND ( 'NONE', #345, .T. ) ;
#208 = ORIENTED_EDGE ( 'NONE', *, *, #2019, .F. ) ;
#209 = PLANE ( 'NONE',  #829 ) ;
#210 = AXIS2_PLACEMENT_3D ( 'NONE', #1394, #378, #1750 ) ;
#211 = CARTESIAN_POINT ( 'NONE',  ( -19.68248969043720109, -11.89726821137888990, 92.20199999999999818 ) ) ;
#212 = LINE ( 'NONE', #613, #2035 ) ;
#213 = AXIS2_PLACEMENT_3D ( 'NONE', #121, #1883, #2277 ) ;
#214 = CARTESIAN_POINT ( 'NONE',  ( 20.38248969043720393, 11.89726821137889168, 92.20199999999999818 ) ) ;
#215 = AXIS2_PLACEMENT_3D ( 'NONE', #439, #1836, #475 ) ;
#216 = EDGE_CURVE ( 'NONE', #1667, #86, #2223, .T. ) ;
#217 = CARTESIAN_POINT ( 'NONE',  ( 0.000000000000000000, -9.621037113853470046, 6.118000000000000327 ) ) ;
#218 = CARTESIAN_POINT ( 'NONE',  ( -20.38248969043720393, -11.89726821137889345, 90.40200000000000102 ) ) ;
#219 = CIRCLE ( 'NONE', #1195, 0.7000000000000027311 ) ;
#220 = FACE_BOUND ( 'NONE', #1927, .T. ) ;
#221 = VERTEX_POINT ( 'NONE', #2055 ) ;
#222 = ORIENTED_EDGE ( 'NONE', *, *, #1895, .F. ) ;
#223 = ADVANCED_FACE ( 'NONE', ( #882 ), #1707, .T. ) ;
#224 = DIRECTION ( 'NONE',  ( 0.7071067811865525687, 0.7071067811865425767, 0.000000000000000000 ) ) ;
#225 = ORIENTED_EDGE ( 'NONE', *, *, #2215, .T. ) ;
#226 = CYLINDRICAL_SURFACE ( 'NONE', #210, 1.999999999999994893 ) ;
#227 = DIRECTION ( 'NONE',  ( -0.000000000000000000, -0.000000000000000000, 1.000000000000000000 ) ) ;
#228 = CARTESIAN_POINT ( 'NONE',  ( 19.68248969043720109, 11.89726821137888990, 4.317999999999999616 ) ) ;
#229 = DIRECTION ( 'NONE',  ( 1.000000000000000000, 0.000000000000000000, 0.000000000000000000 ) ) ;
#230 = DIRECTION ( 'NONE',  ( 1.000000000000000000, 0.000000000000000000, 0.000000000000000000 ) ) ;
#231 = CARTESIAN_POINT ( 'NONE',  ( 0.000000000000000000, -9.621037113853475375, 90.40200000000000102 ) ) ;
#232 = CARTESIAN_POINT ( 'NONE',  ( 27.00000000000000711, 11.18376618407357981, 96.51999999999999602 ) ) ;
#233 = VERTEX_POINT ( 'NONE', #1316 ) ;
#234 = ORIENTED_EDGE ( 'NONE', *, *, #1743, .F. ) ;
#235 = LINE ( 'NONE', #2188, #311 ) ;
#236 = PLANE ( 'NONE',  #1663 ) ;
#237 = VERTEX_POINT ( 'NONE', #1119 ) ;
#238 = EDGE_CURVE ( 'NONE', #994, #1468, #974, .T. ) ;
#239 = LINE ( 'NONE', #84, #2027 ) ;
#240 = CARTESIAN_POINT ( 'NONE',  ( 19.09188309203679168, 19.09188309203679168, 96.51999999999999602 ) ) ;
#241 = EDGE_CURVE ( 'NONE', #1962, #1667, #447, .T. ) ;
#242 = LINE ( 'NONE', #1155, #464 ) ;
#243 = DIRECTION ( 'NONE',  ( -1.000000000000000000, 0.000000000000000000, -0.000000000000000000 ) ) ;
#244 = CARTESIAN_POINT ( 'NONE',  ( 0.000000000000000000, 7.641138126531124897, 93.31828358167324211 ) ) ;
#245 = CYLINDRICAL_SURFACE ( 'NONE', #1282, 0.7000000000000027311 ) ;
#246 = CARTESIAN_POINT ( 'NONE',  ( 25.00000000000000355, -1.800836965348189838E-13, 90.40200000000000102 ) ) ;
#247 = ORIENTED_EDGE ( 'NONE', *, *, #1797, .F. ) ;
#248 = CARTESIAN_POINT ( 'NONE',  ( -0.000000000000000000, 9.621037113853470046, 96.51999999999999602 ) ) ;
#249 = AXIS2_PLACEMENT_3D ( 'NONE', #2168, #413, #987 ) ;
#250 = VERTEX_POINT ( 'NONE', #1625 ) ;
#251 = ORIENTED_EDGE ( 'NONE', *, *, #1091, .F. ) ;
#252 = ADVANCED_FACE ( 'NONE', ( #1002, #2531, #1770, #778, #2169, #1787 ), #431, .F. ) ;
#253 = CARTESIAN_POINT ( 'NONE',  ( 17.70169356637259384, 17.65364549295478369, 96.51999999999999602 ) ) ;
#254 = AXIS2_PLACEMENT_3D ( 'NONE', #197, #2176, #2411 ) ;
#255 = EDGE_CURVE ( 'NONE', #749, #2262, #1974, .T. ) ;
#256 = CIRCLE ( 'NONE', #1144, 0.7000000000000027311 ) ;
#257 = CARTESIAN_POINT ( 'NONE',  ( 0.000000000000000000, 9.621037113853470046, 93.31828358167324211 ) ) ;
#258 = LINE ( 'NONE', #604, #51 ) ;
#259 = CARTESIAN_POINT ( 'NONE',  ( 20.53012069111879967, 17.65364549295478369, 96.51999999999999602 ) ) ;
#260 = DESIGN_CONTEXT ( 'detailed design', #1297, 'design' ) ;
#261 = LINE ( 'NONE', #1849, #1246 ) ;
#262 = AXIS2_PLACEMENT_3D ( 'NONE', #1742, #2151, #1163 ) ;
#263 = DIRECTION ( 'NONE',  ( 0.000000000000000000, 0.000000000000000000, 1.000000000000000000 ) ) ;
#264 = ORIENTED_EDGE ( 'NONE', *, *, #2506, .F. ) ;
#265 = ORIENTED_EDGE ( 'NONE', *, *, #79, .F. ) ;
#266 = AXIS2_PLACEMENT_3D ( 'NONE', #2060, #2393, #635 ) ;
#267 = AXIS2_PLACEMENT_3D ( 'NONE', #826, #465, #71 ) ;
#268 = AXIS2_PLACEMENT_3D ( 'NONE', #1629, #1218, #1430 ) ;
#269 = DIRECTION ( 'NONE',  ( -1.000000000000000000, 0.000000000000000000, 0.000000000000000000 ) ) ;
#270 = VERTEX_POINT ( 'NONE', #833 ) ;
#271 = DIRECTION ( 'NONE',  ( -0.000000000000000000, 0.000000000000000000, 1.000000000000000000 ) ) ;
#272 = VECTOR ( 'NONE', #515, 1000.000000000000000 ) ;
#273 = DIRECTION ( 'NONE',  ( 1.000000000000000000, 0.000000000000000000, 0.000000000000000000 ) ) ;
#274 = ORIENTED_EDGE ( 'NONE', *, *, #1969, .T. ) ;
#275 = EDGE_CURVE ( 'NONE', #1654, #1048, #2403, .T. ) ;
#276 = DIRECTION ( 'NONE',  ( -1.000000000000000000, 0.000000000000000000, 0.000000000000000000 ) ) ;
#277 = CARTESIAN_POINT ( 'NONE',  ( 17.70169356637247660, 0.000000000000000000, 4.317999999999999616 ) ) ;
#278 = EDGE_CURVE ( 'NONE', #13, #1262, #1761, .T. ) ;
#279 = DIRECTION ( 'NONE',  ( 0.000000000000000000, -1.000000000000000000, 0.000000000000000000 ) ) ;
#280 = DIRECTION ( 'NONE',  ( -0.000000000000000000, 0.000000000000000000, 1.000000000000000000 ) ) ;
#281 = VERTEX_POINT ( 'NONE', #1197 ) ;
#282 = ORIENTED_EDGE ( 'NONE', *, *, #1027, .T. ) ;
#283 = DIRECTION ( 'NONE',  ( -0.000000000000000000, -1.000000000000000000, -0.000000000000000000 ) ) ;
#284 = DIRECTION ( 'NONE',  ( 1.000000000000000000, 0.000000000000000000, 0.000000000000000000 ) ) ;
#285 = CARTESIAN_POINT ( 'NONE',  ( -20.38248969043720393, -11.89726821137888990, 4.317999999999999616 ) ) ;
#286 = EDGE_CURVE ( 'NONE', #1678, #1520, #2350, .T. ) ;
#287 = CARTESIAN_POINT ( 'NONE',  ( 21.08248969043720678, -11.89726821137888990, 92.20199999999999818 ) ) ;
#288 = FACE_OUTER_BOUND ( 'NONE', #184, .T. ) ;
#289 = LINE ( 'NONE', #1835, #1033 ) ;
#290 = ADVANCED_FACE ( 'NONE', ( #1211 ), #989, .F. ) ;
#291 = DIRECTION ( 'NONE',  ( 0.000000000000000000, 0.000000000000000000, -1.000000000000000000 ) ) ;
#292 = VERTEX_POINT ( 'NONE', #1800 ) ;
#293 = ORIENTED_EDGE ( 'NONE', *, *, #975, .F. ) ;
#294 = CIRCLE ( 'NONE', #1560, 1.999999999999998224 ) ;
#295 = DIRECTION ( 'NONE',  ( -1.000000000000000000, 0.000000000000000000, 0.000000000000000000 ) ) ;
#296 = EDGE_LOOP ( 'NONE', ( #56, #1215, #1275, #978 ) ) ;
#297 = LINE ( 'NONE', #253, #2159 ) ;
#298 = AXIS2_PLACEMENT_3D ( 'NONE', #2295, #327, #942 ) ;
#299 = ORIENTED_EDGE ( 'NONE', *, *, #1346, .T. ) ;
#300 = CARTESIAN_POINT ( 'NONE',  ( 25.00000000000000355, -1.800836965348189838E-13, 6.118000000000000327 ) ) ;
#301 = CARTESIAN_POINT ( 'NONE',  ( 0.000000000000000000, -9.621037113853475375, 90.40200000000000102 ) ) ;
#302 = ADVANCED_FACE ( 'NONE', ( #1167 ), #1611, .T. ) ;
#303 = ORIENTED_EDGE ( 'NONE', *, *, #725, .T. ) ;
#304 = PERSON_AND_ORGANIZATION_ROLE ( 'creator' ) ;
#305 = DIRECTION ( 'NONE',  ( -0.000000000000000000, -0.000000000000000000, 1.000000000000000000 ) ) ;
#306 = VERTEX_POINT ( 'NONE', #394 ) ;
#307 = ORIENTED_EDGE ( 'NONE', *, *, #1363, .T. ) ;
#308 = EDGE_CURVE ( 'NONE', #538, #1513, #2009, .T. ) ;
#309 = DIRECTION ( 'NONE',  ( 0.000000000000000000, -1.000000000000000000, 0.000000000000000000 ) ) ;
#310 = VERTEX_POINT ( 'NONE', #1756 ) ;
#311 = VECTOR ( 'NONE', #1391, 1000.000000000000000 ) ;
#312 = LINE ( 'NONE', #1305, #1407 ) ;
#313 = ORIENTED_EDGE ( 'NONE', *, *, #1758, .T. ) ;
#314 = AXIS2_PLACEMENT_3D ( 'NONE', #2482, #503, #2490 ) ;
#315 = FACE_OUTER_BOUND ( 'NONE', #72, .T. ) ;
#316 = CARTESIAN_POINT ( 'NONE',  ( 20.38248969043720393, -11.89726821137888990, 6.118000000000000327 ) ) ;
#317 = DATE_AND_TIME ( #1879, #1154 ) ;
#318 = DIRECTION ( 'NONE',  ( 1.000000000000000000, 0.000000000000000000, 0.000000000000000000 ) ) ;
#319 = EDGE_LOOP ( 'NONE', ( #824, #1976, #1169, #735 ) ) ;
#320 = ORIENTED_EDGE ( 'NONE', *, *, #2091, .T. ) ;
#321 = CYLINDRICAL_SURFACE ( 'NONE', #2113, 1.999999999999998224 ) ;
#322 = EDGE_CURVE ( 'NONE', #1389, #281, #22, .T. ) ;
#323 = ORIENTED_EDGE ( 'NONE', *, *, #2374, .F. ) ;
#324 = DIRECTION ( 'NONE',  ( -0.000000000000000000, -0.000000000000000000, -1.000000000000000000 ) ) ;
#325 = ADVANCED_FACE ( 'NONE', ( #1595 ), #37, .F. ) ;
#326 = CARTESIAN_POINT ( 'NONE',  ( -20.38248969043720393, 11.89726821137888990, 0.000000000000000000 ) ) ;
#327 = DIRECTION ( 'NONE',  ( 0.000000000000000000, 0.000000000000000000, -1.000000000000000000 ) ) ;
#328 = DIRECTION ( 'NONE',  ( -1.000000000000000000, 0.000000000000000000, 0.000000000000000000 ) ) ;
#329 = CARTESIAN_POINT ( 'NONE',  ( 0.000000000000000000, -27.00000000000001066, 96.51999999999999602 ) ) ;
#330 = ORIENTED_EDGE ( 'NONE', *, *, #2387, .F. ) ;
#331 = ORIENTED_EDGE ( 'NONE', *, *, #1861, .T. ) ;
#332 = CARTESIAN_POINT ( 'NONE',  ( -19.09188309203678813, 19.09188309203678813, 0.000000000000000000 ) ) ;
#333 = ORIENTED_EDGE ( 'NONE', *, *, #2416, .F. ) ;
#334 = CIRCLE ( 'NONE', #2306, 1.999999999999998224 ) ;
#335 = EDGE_CURVE ( 'NONE', #105, #1311, #334, .T. ) ;
#336 = CARTESIAN_POINT ( 'NONE',  ( 22.38248969043720393, -11.89726821137889345, 92.20199999999999818 ) ) ;
#337 = CIRCLE ( 'NONE', #1764, 1.999999999999998224 ) ;
#338 = CARTESIAN_POINT ( 'NONE',  ( -22.38248969043720393, -11.89726821137889345, 90.40200000000000102 ) ) ;
#339 = ADVANCED_FACE ( 'NONE', ( #1970 ), #1414, .F. ) ;
#340 = LINE ( 'NONE', #1107, #420 ) ;
#341 = CIRCLE ( 'NONE', #1179, 0.7000000000000027311 ) ;
#342 = AXIS2_PLACEMENT_3D ( 'NONE', #424, #1604, #1561 ) ;
#343 = DIRECTION ( 'NONE',  ( 0.000000000000000000, -0.000000000000000000, 1.000000000000000000 ) ) ;
#344 = EDGE_LOOP ( 'NONE', ( #720, #476, #1567, #2526 ) ) ;
#345 = EDGE_LOOP ( 'NONE', ( #1089, #1264, #915, #2292 ) ) ;
#346 = AXIS2_PLACEMENT_3D ( 'NONE', #1868, #1222, #1011 ) ;
#347 = CARTESIAN_POINT ( 'NONE',  ( -20.38248969043720393, 11.89726821137888990, 4.317999999999999616 ) ) ;
#348 = ORIENTED_EDGE ( 'NONE', *, *, #1914, .T. ) ;
#349 = AXIS2_PLACEMENT_3D ( 'NONE', #1416, #54, #448 ) ;
#350 = CIRCLE ( 'NONE', #1778, 1.999999999999998224 ) ;
#351 = CARTESIAN_POINT ( 'NONE',  ( 0.000000000000000000, 17.65364549295489027, 0.000000000000000000 ) ) ;
#352 = VECTOR ( 'NONE', #2140, 1000.000000000000000 ) ;
#353 = DIRECTION ( 'NONE',  ( 0.000000000000000000, 0.000000000000000000, -1.000000000000000000 ) ) ;
#354 = CIRCLE ( 'NONE', #2245, 0.7000000000000009548 ) ;
#355 = CARTESIAN_POINT ( 'NONE',  ( -24.99999999999992895, 9.621037113853470046, -0.000000000000000000 ) ) ;
#356 = LOCAL_TIME ( 1, 9, 29.00000000000000000, #2467 ) ;
#357 = EDGE_CURVE ( 'NONE', #1774, #539, #1456, .T. ) ;
#358 = CIRCLE ( 'NONE', #314, 0.7000000000000027311 ) ;
#359 = DATE_TIME_ROLE ( 'classification_date' ) ;
#360 = DIRECTION ( 'NONE',  ( -0.000000000000000000, -0.000000000000000000, -1.000000000000000000 ) ) ;
#361 = EDGE_CURVE ( 'NONE', #1390, #158, #1014, .T. ) ;
#362 = ORIENTED_EDGE ( 'NONE', *, *, #1797, .T. ) ;
#363 = EDGE_LOOP ( 'NONE', ( #81, #1519, #1365, #874, #1614, #4 ) ) ;
#364 = CARTESIAN_POINT ( 'NONE',  ( 0.000000000000000000, 9.621037113853470046, 90.40200000000000102 ) ) ;
#365 = ORIENTED_EDGE ( 'NONE', *, *, #2036, .T. ) ;
#366 = CARTESIAN_POINT ( 'NONE',  ( 20.38248969043720393, -11.89726821137888990, 6.118000000000000327 ) ) ;
#367 = DIRECTION ( 'NONE',  ( -0.000000000000000000, -0.000000000000000000, -1.000000000000000000 ) ) ;
#368 = CARTESIAN_POINT ( 'NONE',  ( 8.572527594031469492E-17, 9.621037113853470046, 92.61828358167323927 ) ) ;
#369 = ADVANCED_FACE ( 'NONE', ( #315 ), #488, .F. ) ;
#370 = COORDINATED_UNIVERSAL_TIME_OFFSET ( 5, 0, .BEHIND. ) ;
#371 = DIRECTION ( 'NONE',  ( -0.7071067811865475727, 0.7071067811865474617, 0.000000000000000000 ) ) ;
#372 = EDGE_LOOP ( 'NONE', ( #98, #653, #1304, #925 ) ) ;
#373 = ORIENTED_EDGE ( 'NONE', *, *, #1139, .F. ) ;
#374 = EDGE_CURVE ( 'NONE', #1147, #436, #2247, .T. ) ;
#375 = FACE_OUTER_BOUND ( 'NONE', #1886, .T. ) ;
#376 = EDGE_LOOP ( 'NONE', ( #282, #596 ) ) ;
#377 = PERSON ( 'UNSPECIFIED', 'UNSPECIFIED', 'UNSPECIFIED', ('UNSPECIFIED'), ('UNSPECIFIED'), ('UNSPECIFIED') ) ;
#378 = DIRECTION ( 'NONE',  ( -0.000000000000000000, -0.000000000000000000, 1.000000000000000000 ) ) ;
#379 = AXIS2_PLACEMENT_3D ( 'NONE', #1814, #415, #404 ) ;
#380 = CARTESIAN_POINT ( 'NONE',  ( 25.00000000000007816, 0.000000000000000000, 90.40200000000000102 ) ) ;
#381 = CIRCLE ( 'NONE', #1399, 0.7000000000000027311 ) ;
#382 = CARTESIAN_POINT ( 'NONE',  ( -18.38248969043720749, -11.89726821137888990, 6.118000000000000327 ) ) ;
#383 = LINE ( 'NONE', #2155, #102 ) ;
#384 = ORIENTED_EDGE ( 'NONE', *, *, #777, .T. ) ;
#385 = ORIENTED_EDGE ( 'NONE', *, *, #1523, .F. ) ;
#386 = EDGE_CURVE ( 'NONE', #702, #2316, #820, .T. ) ;
#387 = EDGE_LOOP ( 'NONE', ( #689, #958 ) ) ;
#388 = VECTOR ( 'NONE', #2110, 1000.000000000000000 ) ;
#389 = ADVANCED_FACE ( 'NONE', ( #76 ), #2070, .F. ) ;
#390 = CARTESIAN_POINT ( 'NONE',  ( -17.70169356637247660, 0.000000000000000000, 96.51999999999999602 ) ) ;
#391 = AXIS2_PLACEMENT_3D ( 'NONE', #104, #67, #869 ) ;
#392 = PLANE ( 'NONE',  #249 ) ;
#393 = AXIS2_PLACEMENT_3D ( 'NONE', #1621, #227, #2402 ) ;
#394 = CARTESIAN_POINT ( 'NONE',  ( -10.35533905932754628, -24.99999999999992895, 0.000000000000000000 ) ) ;
#395 = CARTESIAN_POINT ( 'NONE',  ( -20.38248969043720393, -11.89726821137888990, 92.20199999999999818 ) ) ;
#396 = EDGE_LOOP ( 'NONE', ( #1351, #2492 ) ) ;
#397 = ORIENTED_EDGE ( 'NONE', *, *, #769, .T. ) ;
#398 = ORIENTED_EDGE ( 'NONE', *, *, #286, .F. ) ;
#399 = EDGE_CURVE ( 'NONE', #1640, #890, #646, .T. ) ;
#400 = PLANE ( 'NONE',  #254 ) ;
#401 = EDGE_CURVE ( 'NONE', #945, #2080, #1043, .T. ) ;
#402 = CARTESIAN_POINT ( 'NONE',  ( -24.99999999999992895, 9.621037113853470046, 96.51999999999999602 ) ) ;
#403 = FACE_OUTER_BOUND ( 'NONE', #1649, .T. ) ;
#404 = DIRECTION ( 'NONE',  ( -0.7071067811865424657, 0.7071067811865526798, 0.000000000000000000 ) ) ;
#405 = LINE ( 'NONE', #167, #991 ) ;
#406 = ORIENTED_EDGE ( 'NONE', *, *, #2036, .F. ) ;
#407 = VERTEX_POINT ( 'NONE', #656 ) ;
#408 = DIRECTION ( 'NONE',  ( 1.000000000000000000, 0.000000000000000000, 0.000000000000000000 ) ) ;
#409 = VERTEX_POINT ( 'NONE', #686 ) ;
#410 = ORIENTED_EDGE ( 'NONE', *, *, #2481, .T. ) ;
#411 = DIRECTION ( 'NONE',  ( 0.000000000000000000, 0.000000000000000000, 1.000000000000000000 ) ) ;
#412 = EDGE_CURVE ( 'NONE', #1420, #1392, #471, .T. ) ;
#413 = DIRECTION ( 'NONE',  ( 0.000000000000000000, -1.000000000000000000, 0.000000000000000000 ) ) ;
#414 = ADVANCED_FACE ( 'NONE', ( #868, #459 ), #1470, .T. ) ;
#415 = DIRECTION ( 'NONE',  ( 0.7071067811865526798, 0.7071067811865424657, -0.000000000000000000 ) ) ;
#416 = DIRECTION ( 'NONE',  ( 0.000000000000000000, 0.000000000000000000, 1.000000000000000000 ) ) ;
#417 = DIRECTION ( 'NONE',  ( -0.000000000000000000, -0.000000000000000000, 1.000000000000000000 ) ) ;
#418 = VERTEX_POINT ( 'NONE', #1243 ) ;
#419 = ORIENTED_EDGE ( 'NONE', *, *, #601, .T. ) ;
#420 = VECTOR ( 'NONE', #2499, 1000.000000000000000 ) ;
#421 = VERTEX_POINT ( 'NONE', #842 ) ;
#422 = DIRECTION ( 'NONE',  ( -1.000000000000000000, 0.000000000000000000, 0.000000000000000000 ) ) ;
#423 = ORIENTED_EDGE ( 'NONE', *, *, #2215, .F. ) ;
#424 = CARTESIAN_POINT ( 'NONE',  ( -20.38248969043720393, 11.89726821137888990, 6.118000000000000327 ) ) ;
#425 = CARTESIAN_POINT ( 'NONE',  ( -22.38248969043720038, 11.89726821137888990, 92.20199999999999818 ) ) ;
#426 = LINE ( 'NONE', #1192, #1285 ) ;
#427 = AXIS2_PLACEMENT_3D ( 'NONE', #2010, #1137, #416 ) ;
#428 = DIRECTION ( 'NONE',  ( -0.000000000000000000, -0.000000000000000000, -1.000000000000000000 ) ) ;
#429 = AXIS2_PLACEMENT_3D ( 'NONE', #1746, #1168, #1388 ) ;
#430 = VECTOR ( 'NONE', #2029, 1000.000000000000000 ) ;
#431 = PLANE ( 'NONE',  #1437 ) ;
#432 = EDGE_CURVE ( 'NONE', #993, #1804, #1634, .T. ) ;
#433 = DIRECTION ( 'NONE',  ( 0.000000000000000000, -1.000000000000000000, 0.000000000000000000 ) ) ;
#434 = AXIS2_PLACEMENT_3D ( 'NONE', #1442, #472, #1245 ) ;
#435 = DIRECTION ( 'NONE',  ( -0.000000000000000000, -0.000000000000000000, 1.000000000000000000 ) ) ;
#436 = VERTEX_POINT ( 'NONE', #1875 ) ;
#437 = CARTESIAN_POINT ( 'NONE',  ( -10.35533905932754628, -24.99999999999992895, 96.51999999999999602 ) ) ;
#438 = EDGE_CURVE ( 'NONE', #221, #2203, #1887, .T. ) ;
#439 = CARTESIAN_POINT ( 'NONE',  ( -20.38248969043720393, -11.89726821137888990, 4.317999999999999616 ) ) ;
#440 = EDGE_LOOP ( 'NONE', ( #2524, #120 ) ) ;
#441 = ORIENTED_EDGE ( 'NONE', *, *, #2132, .F. ) ;
#442 = AXIS2_PLACEMENT_3D ( 'NONE', #1309, #305, #1913 ) ;
#443 = CARTESIAN_POINT ( 'NONE',  ( -20.38248969043720393, 11.89726821137888990, 90.40200000000000102 ) ) ;
#444 = CARTESIAN_POINT ( 'NONE',  ( -25.00000000000007105, -10.35533905932719634, 90.40200000000000102 ) ) ;
#445 = FACE_BOUND ( 'NONE', #1362, .T. ) ;
#446 = DIRECTION ( 'NONE',  ( 0.000000000000000000, 0.000000000000000000, -1.000000000000000000 ) ) ;
#447 = LINE ( 'NONE', #1401, #541 ) ;
#448 = DIRECTION ( 'NONE',  ( -1.000000000000000000, 0.000000000000000000, -0.000000000000000000 ) ) ;
#449 = LINE ( 'NONE', #232, #1579 ) ;
#450 = EDGE_LOOP ( 'NONE', ( #1705, #1963, #27, #2189 ) ) ;
#451 = ORIENTED_EDGE ( 'NONE', *, *, #1235, .F. ) ;
#452 = EDGE_CURVE ( 'NONE', #105, #500, #1683, .T. ) ;
#453 = ORIENTED_EDGE ( 'NONE', *, *, #518, .F. ) ;
#454 = CARTESIAN_POINT ( 'NONE',  ( -20.38248969043720393, -11.89726821137888990, 6.118000000000000327 ) ) ;
#455 = ORIENTED_EDGE ( 'NONE', *, *, #432, .F. ) ;
#456 = ADVANCED_FACE ( 'NONE', ( #697 ), #1283, .F. ) ;
#457 = CARTESIAN_POINT ( 'NONE',  ( -25.00000000000007816, 0.000000000000000000, 90.40200000000000102 ) ) ;
#458 = DIRECTION ( 'NONE',  ( -0.000000000000000000, 0.000000000000000000, 1.000000000000000000 ) ) ;
#459 = FACE_OUTER_BOUND ( 'NONE', #1214, .T. ) ;
#460 = DIRECTION ( 'NONE',  ( 0.000000000000000000, 0.000000000000000000, -1.000000000000000000 ) ) ;
#461 = DIRECTION ( 'NONE',  ( 1.000000000000000000, 0.000000000000000000, 0.000000000000000000 ) ) ;
#462 = ORIENTED_EDGE ( 'NONE', *, *, #2102, .T. ) ;
#463 = LINE ( 'NONE', #2368, #1325 ) ;
#464 = VECTOR ( 'NONE', #1165, 1000.000000000000000 ) ;
#465 = DIRECTION ( 'NONE',  ( -0.000000000000000000, 0.000000000000000000, 1.000000000000000000 ) ) ;
#466 = ORIENTED_EDGE ( 'NONE', *, *, #1469, .F. ) ;
#467 = DIRECTION ( 'NONE',  ( -1.000000000000000000, 0.000000000000000000, 0.000000000000000000 ) ) ;
#468 = EDGE_CURVE ( 'NONE', #1389, #505, #2021, .T. ) ;
#469 = DIRECTION ( 'NONE',  ( -1.000000000000000000, 0.000000000000000000, 0.000000000000000000 ) ) ;
#470 = AXIS2_PLACEMENT_3D ( 'NONE', #2291, #552, #1930 ) ;
#471 = LINE ( 'NONE', #103, #124 ) ;
#472 = DIRECTION ( 'NONE',  ( 1.000000000000000000, 3.102216994570522624E-16, -0.000000000000000000 ) ) ;
#473 = ORIENTED_EDGE ( 'NONE', *, *, #1884, .T. ) ;
#474 = APPROVAL_STATUS ( 'not_yet_approved' ) ;
#475 = DIRECTION ( 'NONE',  ( -1.000000000000000000, 0.000000000000000000, 0.000000000000000000 ) ) ;
#476 = ORIENTED_EDGE ( 'NONE', *, *, #1027, .F. ) ;
#477 = ORIENTED_EDGE ( 'NONE', *, *, #1008, .T. ) ;
#478 = VECTOR ( 'NONE', #99, 1000.000000000000114 ) ;
#479 = AXIS2_PLACEMENT_3D ( 'NONE', #1900, #2261, #897 ) ;
#480 = AXIS2_PLACEMENT_3D ( 'NONE', #1637, #688, #2271 ) ;
#481 = CARTESIAN_POINT ( 'NONE',  ( 27.00000000000001066, 4.187992942670204927E-15, 96.51999999999999602 ) ) ;
#482 = ORIENTED_EDGE ( 'NONE', *, *, #2259, .F. ) ;
#483 = DIRECTION ( 'NONE',  ( -0.000000000000000000, -0.000000000000000000, 1.000000000000000000 ) ) ;
#484 = AXIS2_PLACEMENT_3D ( 'NONE', #277, #461, #1860 ) ;
#485 = EDGE_CURVE ( 'NONE', #993, #567, #2426, .T. ) ;
#486 = ORIENTED_EDGE ( 'NONE', *, *, #1397, .T. ) ;
#487 = EDGE_CURVE ( 'NONE', #581, #1135, #1440, .T. ) ;
#488 = CYLINDRICAL_SURFACE ( 'NONE', #1269, 0.7000000000000027311 ) ;
#489 = CARTESIAN_POINT ( 'NONE',  ( 0.000000000000000000, 9.621037113853470046, 0.000000000000000000 ) ) ;
#490 = FACE_OUTER_BOUND ( 'NONE', #296, .T. ) ;
#491 = EDGE_LOOP ( 'NONE', ( #1896, #1288, #264, #845 ) ) ;
#492 = DIRECTION ( 'NONE',  ( 0.000000000000000000, -0.000000000000000000, -1.000000000000000000 ) ) ;
#493 = CARTESIAN_POINT ( 'NONE',  ( 17.70169356637247660, -9.621037113853470046, 6.118000000000000327 ) ) ;
#494 = VERTEX_POINT ( 'NONE', #1308 ) ;
#495 = ORIENTED_EDGE ( 'NONE', *, *, #2199, .T. ) ;
#496 = EDGE_LOOP ( 'NONE', ( #887, #419, #713, #1301 ) ) ;
#497 = CARTESIAN_POINT ( 'NONE',  ( 19.09188309203678813, -19.09188309203678813, 96.51999999999999602 ) ) ;
#498 = DIRECTION ( 'NONE',  ( 0.000000000000000000, -0.000000000000000000, -1.000000000000000000 ) ) ;
#499 = EDGE_CURVE ( 'NONE', #1147, #661, #340, .T. ) ;
#500 = VERTEX_POINT ( 'NONE', #179 ) ;
#501 = DIRECTION ( 'NONE',  ( 0.000000000000000000, 0.000000000000000000, -1.000000000000000000 ) ) ;
#502 = ADVANCED_FACE ( 'NONE', ( #2489 ), #2117, .F. ) ;
#503 = DIRECTION ( 'NONE',  ( -0.000000000000000000, 0.000000000000000000, 1.000000000000000000 ) ) ;
#504 = ORIENTED_EDGE ( 'NONE', *, *, #1955, .F. ) ;
#505 = VERTEX_POINT ( 'NONE', #368 ) ;
#506 = LINE ( 'NONE', #1312, #388 ) ;
#507 = ORIENTED_EDGE ( 'NONE', *, *, #2314, .T. ) ;
#508 = CARTESIAN_POINT ( 'NONE',  ( 0.000000000000000000, 9.621037113853470046, 93.31828358167324211 ) ) ;
#509 = VECTOR ( 'NONE', #1478, 1000.000000000000000 ) ;
#510 = CIRCLE ( 'NONE', #2, 0.7000000000000027311 ) ;
#511 = CARTESIAN_POINT ( 'NONE',  ( 0.000000000000000000, -27.00000000000001066, 96.51999999999999602 ) ) ;
#512 = DIRECTION ( 'NONE',  ( 1.000000000000000000, 0.000000000000000000, 0.000000000000000000 ) ) ;
#513 = AXIS2_PLACEMENT_3D ( 'NONE', #218, #1030, #1427 ) ;
#514 = ADVANCED_FACE ( 'NONE', ( #759, #1517 ), #745, .F. ) ;
#515 = DIRECTION ( 'NONE',  ( 0.000000000000000000, 0.000000000000000000, 1.000000000000000000 ) ) ;
#516 = ORIENTED_EDGE ( 'NONE', *, *, #963, .T. ) ;
#517 = ORIENTED_EDGE ( 'NONE', *, *, #1083, .F. ) ;
#518 = EDGE_CURVE ( 'NONE', #131, #521, #732, .T. ) ;
#519 = FACE_OUTER_BOUND ( 'NONE', #396, .T. ) ;
#520 = VECTOR ( 'NONE', #880, 1000.000000000000000 ) ;
#521 = VERTEX_POINT ( 'NONE', #2330 ) ;
#522 = CIRCLE ( 'NONE', #1290, 0.7000000000000027311 ) ;
#523 = CARTESIAN_POINT ( 'NONE',  ( 18.38248969043721104, 11.89726821137888990, 90.40200000000000102 ) ) ;
#524 = VERTEX_POINT ( 'NONE', #561 ) ;
#525 = DIRECTION ( 'NONE',  ( 1.000000000000000000, -7.370867579099568370E-15, 0.000000000000000000 ) ) ;
#526 = DATE_AND_TIME ( #711, #356 ) ;
#527 = CARTESIAN_POINT ( 'NONE',  ( -20.53012069111879256, 17.65364549295478369, 96.51999999999999602 ) ) ;
#528 = ORIENTED_EDGE ( 'NONE', *, *, #2272, .T. ) ;
#529 = ORIENTED_EDGE ( 'NONE', *, *, #2161, .T. ) ;
#530 = EDGE_CURVE ( 'NONE', #2336, #2380, #1060, .T. ) ;
#531 = CARTESIAN_POINT ( 'NONE',  ( -11.18376618407357093, -27.00000000000001066, 0.000000000000000000 ) ) ;
#532 = EDGE_LOOP ( 'NONE', ( #1099, #2144 ) ) ;
#533 = EDGE_CURVE ( 'NONE', #917, #781, #381, .T. ) ;
#534 = CARTESIAN_POINT ( 'NONE',  ( -17.70169356637258318, -17.65364549295478369, 4.317999999999999616 ) ) ;
#535 = FACE_BOUND ( 'NONE', #1509, .T. ) ;
#536 = CARTESIAN_POINT ( 'NONE',  ( -20.38248969043720393, 11.89726821137888990, 0.000000000000000000 ) ) ;
#537 = CARTESIAN_POINT ( 'NONE',  ( 11.18376618407356737, -27.00000000000001066, 96.51999999999999602 ) ) ;
#538 = VERTEX_POINT ( 'NONE', #721 ) ;
#539 = VERTEX_POINT ( 'NONE', #355 ) ;
#540 = CARTESIAN_POINT ( 'NONE',  ( 17.70169356637247660, -17.65364549295490093, 4.317999999999999616 ) ) ;
#541 = VECTOR ( 'NONE', #53, 1000.000000000000000 ) ;
#542 = ORIENTED_EDGE ( 'NONE', *, *, #666, .F. ) ;
#543 = EDGE_CURVE ( 'NONE', #2076, #861, #2500, .T. ) ;
#544 = LINE ( 'NONE', #729, #782 ) ;
#545 = VECTOR ( 'NONE', #1958, 1000.000000000000000 ) ;
#546 = CARTESIAN_POINT ( 'NONE',  ( -20.38248969043720393, 11.89726821137888990, 4.317999999999999616 ) ) ;
#547 = EDGE_CURVE ( 'NONE', #1774, #418, #1529, .T. ) ;
#548 = DIRECTION ( 'NONE',  ( 1.000000000000000000, 0.000000000000000000, 0.000000000000000000 ) ) ;
#549 = DIRECTION ( 'NONE',  ( -7.035828143685951913E-15, -1.000000000000000000, 0.000000000000000000 ) ) ;
#550 = EDGE_LOOP ( 'NONE', ( #1748, #1837, #2253, #2525 ) ) ;
#551 = ORIENTED_EDGE ( 'NONE', *, *, #335, .F. ) ;
#552 = DIRECTION ( 'NONE',  ( -0.000000000000000000, -0.000000000000000000, -1.000000000000000000 ) ) ;
#553 = ORIENTED_EDGE ( 'NONE', *, *, #1255, .F. ) ;
#554 = AXIS2_PLACEMENT_3D ( 'NONE', #956, #2323, #1757 ) ;
#555 = VECTOR ( 'NONE', #840, 1000.000000000000000 ) ;
#556 = CARTESIAN_POINT ( 'NONE',  ( 20.38248969043720393, -11.89726821137888990, 6.118000000000000327 ) ) ;
#557 = CARTESIAN_POINT ( 'NONE',  ( -27.00000000000001421, 11.18376618407356382, 96.51999999999999602 ) ) ;
#558 = EDGE_CURVE ( 'NONE', #2316, #702, #294, .T. ) ;
#559 = VECTOR ( 'NONE', #2028, 1000.000000000000000 ) ;
#560 = AXIS2_PLACEMENT_3D ( 'NONE', #2431, #846, #676 ) ;
#561 = CARTESIAN_POINT ( 'NONE',  ( -21.08248969043720678, 11.89726821137889168, 96.51999999999999602 ) ) ;
#562 = EDGE_CURVE ( 'NONE', #1062, #418, #1934, .T. ) ;
#563 = PERSON_AND_ORGANIZATION ( #377, #2438 ) ;
#564 = FACE_BOUND ( 'NONE', #677, .T. ) ;
#565 = EDGE_LOOP ( 'NONE', ( #320, #2012 ) ) ;
#566 = CARTESIAN_POINT ( 'NONE',  ( 0.000000000000000000, -9.621037113853470046, 4.317999999999999616 ) ) ;
#567 = VERTEX_POINT ( 'NONE', #1318 ) ;
#568 = ORIENTED_EDGE ( 'NONE', *, *, #1608, .T. ) ;
#569 = CARTESIAN_POINT ( 'NONE',  ( 8.572527594031486748E-17, 17.65364549295489027, 2.501716418326755065 ) ) ;
#570 = CC_DESIGN_PERSON_AND_ORGANIZATION_ASSIGNMENT ( #563, #1143, ( #1876 ) ) ;
#571 = APPROVAL_DATE_TIME ( #760, #46 ) ;
#572 = ADVANCED_FACE ( 'NONE', ( #1121 ), #1097, .F. ) ;
#573 = CARTESIAN_POINT ( 'NONE',  ( -19.68248969043720109, 11.89726821137889168, 92.20199999999999818 ) ) ;
#574 = ORIENTED_EDGE ( 'NONE', *, *, #2317, .T. ) ;
#575 = EDGE_LOOP ( 'NONE', ( #936, #196 ) ) ;
#576 = ORIENTED_EDGE ( 'NONE', *, *, #468, .F. ) ;
#577 = CARTESIAN_POINT ( 'NONE',  ( -1.842716894774892755E-13, -25.00000000000000711, 96.51999999999999602 ) ) ;
#578 = DIRECTION ( 'NONE',  ( -0.000000000000000000, 0.000000000000000000, 1.000000000000000000 ) ) ;
#579 = AXIS2_PLACEMENT_3D ( 'NONE', #2474, #1921, #113 ) ;
#580 = DIRECTION ( 'NONE',  ( 0.7071067811865474617, 0.7071067811865475727, -0.000000000000000000 ) ) ;
#581 = VERTEX_POINT ( 'NONE', #569 ) ;
#582 = ORIENTED_EDGE ( 'NONE', *, *, #1139, .T. ) ;
#583 = EDGE_CURVE ( 'NONE', #221, #250, #1345, .T. ) ;
#584 = VERTEX_POINT ( 'NONE', #2510 ) ;
#585 = AXIS2_PLACEMENT_3D ( 'NONE', #2449, #2220, #295 ) ;
#586 = DIRECTION ( 'NONE',  ( -7.203347861392757775E-15, -1.000000000000000000, 0.000000000000000000 ) ) ;
#587 = LINE ( 'NONE', #1194, #2539 ) ;
#588 = VECTOR ( 'NONE', #1948, 1000.000000000000000 ) ;
#589 = LINE ( 'NONE', #382, #588 ) ;
#590 = VECTOR ( 'NONE', #85, 1000.000000000000000 ) ;
#591 = CIRCLE ( 'NONE', #139, 0.7000000000000027311 ) ;
#592 = DIRECTION ( 'NONE',  ( 0.7071067811865525687, 0.7071067811865425767, 0.000000000000000000 ) ) ;
#593 = CYLINDRICAL_SURFACE ( 'NONE', #2041, 0.7000000000000027311 ) ;
#594 = ORIENTED_EDGE ( 'NONE', *, *, #1203, .F. ) ;
#595 = APPLICATION_CONTEXT ( 'configuration controlled 3d designs of mechanical parts and assemblies' ) ;
#596 = ORIENTED_EDGE ( 'NONE', *, *, #1514, .T. ) ;
#597 = LINE ( 'NONE', #1377, #181 ) ;
#598 = EDGE_CURVE ( 'NONE', #306, #1600, #2141, .T. ) ;
#599 = VERTEX_POINT ( 'NONE', #1696 ) ;
#600 = DIRECTION ( 'NONE',  ( 7.203347861392757775E-15, 1.000000000000000000, 0.000000000000000000 ) ) ;
#601 = EDGE_CURVE ( 'NONE', #1962, #1048, #1507, .T. ) ;
#602 = VERTEX_POINT ( 'NONE', #1372 ) ;
#603 = CARTESIAN_POINT ( 'NONE',  ( 20.38248969043720393, -11.89726821137889345, 92.20199999999999818 ) ) ;
#604 = CARTESIAN_POINT ( 'NONE',  ( -18.38248969043720749, 11.89726821137888990, 6.118000000000000327 ) ) ;
#605 = DIRECTION ( 'NONE',  ( -1.551108497285260326E-16, 1.000000000000000000, 0.000000000000000000 ) ) ;
#606 = EDGE_LOOP ( 'NONE', ( #2328, #397 ) ) ;
#607 = ORIENTED_EDGE ( 'NONE', *, *, #739, .F. ) ;
#608 = EDGE_LOOP ( 'NONE', ( #1310, #1058, #947, #1446 ) ) ;
#609 = DIRECTION ( 'NONE',  ( 7.203347861392757775E-15, 1.000000000000000000, 0.000000000000000000 ) ) ;
#610 = ORIENTED_EDGE ( 'NONE', *, *, #2272, .F. ) ;
#611 = CARTESIAN_POINT ( 'NONE',  ( -19.09188309203678813, 19.09188309203678813, 96.51999999999999602 ) ) ;
#612 = DIRECTION ( 'NONE',  ( 0.7071067811865526798, 0.7071067811865424657, 0.000000000000000000 ) ) ;
#613 = CARTESIAN_POINT ( 'NONE',  ( 0.000000000000000000, -9.621037113853470046, -0.000000000000000000 ) ) ;
#614 = EDGE_CURVE ( 'NONE', #500, #1330, #1015, .T. ) ;
#615 = CARTESIAN_POINT ( 'NONE',  ( 17.67766952966382021, 17.67766952966355731, 6.118000000000000327 ) ) ;
#616 = ADVANCED_FACE ( 'NONE', ( #445, #198 ), #1981, .F. ) ;
#617 = CARTESIAN_POINT ( 'NONE',  ( 20.38248969043720393, 11.89726821137889168, 96.51999999999999602 ) ) ;
#618 = LINE ( 'NONE', #1998, #1616 ) ;
#619 = FACE_BOUND ( 'NONE', #1009, .T. ) ;
#620 = VERTEX_POINT ( 'NONE', #1210 ) ;
#621 = EDGE_LOOP ( 'NONE', ( #1355, #2263 ) ) ;
#622 = ORIENTED_EDGE ( 'NONE', *, *, #1682, .F. ) ;
#623 = CARTESIAN_POINT ( 'NONE',  ( 0.000000000000000000, -9.621037113853470046, -0.000000000000000000 ) ) ;
#624 = ORIENTED_EDGE ( 'NONE', *, *, #128, .T. ) ;
#625 = CARTESIAN_POINT ( 'NONE',  ( 25.00000000000000355, -1.800836965348189838E-13, 0.000000000000000000 ) ) ;
#626 = CARTESIAN_POINT ( 'NONE',  ( -27.00000000000001421, 11.18376618407356382, 0.000000000000000000 ) ) ;
#627 = DIRECTION ( 'NONE',  ( 0.000000000000000000, 0.000000000000000000, -1.000000000000000000 ) ) ;
#628 = AXIS2_PLACEMENT_3D ( 'NONE', #1724, #2126, #1521 ) ;
#629 = LINE ( 'NONE', #191, #1686 ) ;
#630 = EDGE_CURVE ( 'NONE', #2187, #270, #1174, .T. ) ;
#631 = VECTOR ( 'NONE', #367, 1000.000000000000000 ) ;
#632 = CARTESIAN_POINT ( 'NONE',  ( 17.67766952966356442, -17.67766952966381666, 6.117999999999998550 ) ) ;
#633 = CYLINDRICAL_SURFACE ( 'NONE', #2153, 1.999999999999994893 ) ;
#634 = CIRCLE ( 'NONE', #1659, 1.999999999999994893 ) ;
#635 = DIRECTION ( 'NONE',  ( 1.000000000000000000, 0.000000000000000000, 0.000000000000000000 ) ) ;
#636 = EDGE_CURVE ( 'NONE', #1640, #1187, #2375, .T. ) ;
#637 = EDGE_LOOP ( 'NONE', ( #1433, #1339, #1819, #107 ) ) ;
#638 = VECTOR ( 'NONE', #1087, 1000.000000000000000 ) ;
#639 = ORIENTED_EDGE ( 'NONE', *, *, #801, .T. ) ;
#640 = CARTESIAN_POINT ( 'NONE',  ( 24.99999999999992895, -10.35533905932755516, 96.51999999999999602 ) ) ;
#641 = DIRECTION ( 'NONE',  ( -0.000000000000000000, -0.000000000000000000, 1.000000000000000000 ) ) ;
#642 = ORIENTED_EDGE ( 'NONE', *, *, #2290, .F. ) ;
#643 = CARTESIAN_POINT ( 'NONE',  ( 0.000000000000000000, 0.000000000000000000, 4.317999999999999616 ) ) ;
#644 = CARTESIAN_POINT ( 'NONE',  ( -18.38248969043720749, -11.89726821137888990, 6.118000000000000327 ) ) ;
#645 = ADVANCED_FACE ( 'NONE', ( #1580 ), #392, .F. ) ;
#646 = LINE ( 'NONE', #511, #743 ) ;
#647 = DIRECTION ( 'NONE',  ( 0.000000000000000000, 0.000000000000000000, -1.000000000000000000 ) ) ;
#648 = FACE_BOUND ( 'NONE', #1115, .T. ) ;
#649 = EDGE_CURVE ( 'NONE', #994, #1021, #242, .T. ) ;
#650 = ORIENTED_EDGE ( 'NONE', *, *, #485, .T. ) ;
#651 = CARTESIAN_POINT ( 'NONE',  ( 19.68248969043720109, -11.89726821137888990, 4.317999999999999616 ) ) ;
#652 = FACE_OUTER_BOUND ( 'NONE', #1598, .T. ) ;
#653 = ORIENTED_EDGE ( 'NONE', *, *, #2300, .T. ) ;
#654 = DIRECTION ( 'NONE',  ( -1.551108497285260326E-16, 1.000000000000000000, 0.000000000000000000 ) ) ;
#655 = CARTESIAN_POINT ( 'NONE',  ( -20.38248969043720393, -11.89726821137889345, 90.40200000000000102 ) ) ;
#656 = CARTESIAN_POINT ( 'NONE',  ( 17.70169356637247660, -17.65364549295490093, 0.000000000000000000 ) ) ;
#657 = CARTESIAN_POINT ( 'NONE',  ( 17.70169356637259384, 17.65364549295478369, 90.40200000000000102 ) ) ;
#658 = AXIS2_PLACEMENT_3D ( 'NONE', #201, #2268, #1844 ) ;
#659 = APPLICATION_PROTOCOL_DEFINITION ( 'international standard', 'config_control_design', 1994, #595 ) ;
#660 = AXIS2_PLACEMENT_3D ( 'NONE', #5, #578, #1594 ) ;
#661 = VERTEX_POINT ( 'NONE', #402 ) ;
#662 = ORIENTED_EDGE ( 'NONE', *, *, #530, .T. ) ;
#663 = EDGE_CURVE ( 'NONE', #1804, #1892, #2363, .T. ) ;
#664 = ORIENTED_EDGE ( 'NONE', *, *, #83, .T. ) ;
#665 = DIRECTION ( 'NONE',  ( 1.000000000000000000, 0.000000000000000000, 0.000000000000000000 ) ) ;
#666 = EDGE_CURVE ( 'NONE', #233, #1804, #629, .T. ) ;
#667 = DIRECTION ( 'NONE',  ( 0.000000000000000000, 0.000000000000000000, 1.000000000000000000 ) ) ;
#668 = ORIENTED_EDGE ( 'NONE', *, *, #2179, .F. ) ;
#669 = AXIS2_PLACEMENT_3D ( 'NONE', #643, #1049, #2241 ) ;
#670 = DIRECTION ( 'NONE',  ( 0.000000000000000000, 0.000000000000000000, -1.000000000000000000 ) ) ;
#671 = CARTESIAN_POINT ( 'NONE',  ( -25.00000000000007105, -10.35533905932719634, 96.51999999999999602 ) ) ;
#672 = PRODUCT_DEFINITION_SHAPE ( 'NONE', 'NONE',  #934 ) ;
#673 = VECTOR ( 'NONE', #549, 1000.000000000000000 ) ;
#674 = CIRCLE ( 'NONE', #215, 0.7000000000000027311 ) ;
#675 = AXIS2_PLACEMENT_3D ( 'NONE', #2303, #2104, #1104 ) ;
#676 = DIRECTION ( 'NONE',  ( -0.000000000000000000, 0.000000000000000000, 1.000000000000000000 ) ) ;
#677 = EDGE_LOOP ( 'NONE', ( #1006, #785 ) ) ;
#678 = EDGE_LOOP ( 'NONE', ( #1967, #2324, #1093, #2066 ) ) ;
#679 = CC_DESIGN_SECURITY_CLASSIFICATION ( #2039, ( #1876 ) ) ;
#680 = CIRCLE ( 'NONE', #479, 0.7000000000000027311 ) ;
#681 = ADVANCED_FACE ( 'NONE', ( #1968 ), #2520, .F. ) ;
#682 = ORIENTED_EDGE ( 'NONE', *, *, #187, .F. ) ;
#683 = LINE ( 'NONE', #497, #478 ) ;
#684 = DIRECTION ( 'NONE',  ( 0.000000000000000000, -0.000000000000000000, -1.000000000000000000 ) ) ;
#685 = ORIENTED_EDGE ( 'NONE', *, *, #1366, .F. ) ;
#686 = CARTESIAN_POINT ( 'NONE',  ( 22.38248969043720038, 11.89726821137888990, 92.20199999999999818 ) ) ;
#687 = FACE_OUTER_BOUND ( 'NONE', #1134, .T. ) ;
#688 = DIRECTION ( 'NONE',  ( 0.000000000000000000, 0.000000000000000000, 1.000000000000000000 ) ) ;
#689 = ORIENTED_EDGE ( 'NONE', *, *, #361, .F. ) ;
#690 = VERTEX_POINT ( 'NONE', #776 ) ;
#691 = CARTESIAN_POINT ( 'NONE',  ( 17.70169356637247660, -9.621037113853470046, 0.000000000000000000 ) ) ;
#692 = ORIENTED_EDGE ( 'NONE', *, *, #601, .F. ) ;
#693 = LINE ( 'NONE', #2265, #2205 ) ;
#694 = LINE ( 'NONE', #1240, #509 ) ;
#695 = EDGE_LOOP ( 'NONE', ( #410, #1790, #736, #486 ) ) ;
#696 = EDGE_CURVE ( 'NONE', #620, #134, #1226, .T. ) ;
#697 = FACE_OUTER_BOUND ( 'NONE', #1793, .T. ) ;
#698 = EDGE_CURVE ( 'NONE', #270, #873, #337, .T. ) ;
#699 = LINE ( 'NONE', #1498, #2086 ) ;
#700 = CARTESIAN_POINT ( 'NONE',  ( 17.70169356637259739, -17.65364549295478369, 6.117999999999998550 ) ) ;
#701 = ORIENTED_EDGE ( 'NONE', *, *, #2532, .T. ) ;
#702 = VERTEX_POINT ( 'NONE', #1385 ) ;
#703 = DIRECTION ( 'NONE',  ( -1.000000000000000000, 0.000000000000000000, 0.000000000000000000 ) ) ;
#704 = PLANE ( 'NONE',  #1280 ) ;
#705 = AXIS2_PLACEMENT_3D ( 'NONE', #2487, #1118, #2279 ) ;
#706 = FACE_BOUND ( 'NONE', #1462, .T. ) ;
#707 = DIRECTION ( 'NONE',  ( -0.000000000000000000, 0.000000000000000000, 1.000000000000000000 ) ) ;
#708 = EDGE_CURVE ( 'NONE', #538, #1520, #21, .T. ) ;
#709 = CYLINDRICAL_SURFACE ( 'NONE', #1494, 1.999999999999998224 ) ;
#710 = AXIS2_PLACEMENT_3D ( 'NONE', #1612, #1003, #1016 ) ;
#711 = CALENDAR_DATE ( 2026, 6, 4 ) ;
#712 = CARTESIAN_POINT ( 'NONE',  ( -20.38248969043720393, 11.89726821137889168, 92.20199999999999818 ) ) ;
#713 = ORIENTED_EDGE ( 'NONE', *, *, #275, .F. ) ;
#714 = ORIENTED_EDGE ( 'NONE', *, *, #1338, .F. ) ;
#715 = FACE_OUTER_BOUND ( 'NONE', #344, .T. ) ;
#716 = EDGE_LOOP ( 'NONE', ( #194, #1791, #185, #1589 ) ) ;
#717 = CIRCLE ( 'NONE', #2160, 0.7000000000000061728 ) ;
#718 = VECTOR ( 'NONE', #812, 1000.000000000000000 ) ;
#719 = FACE_BOUND ( 'NONE', #2394, .T. ) ;
#720 = ORIENTED_EDGE ( 'NONE', *, *, #412, .F. ) ;
#721 = CARTESIAN_POINT ( 'NONE',  ( 24.99999999999993605, -9.621037113853470046, 6.117999999999998550 ) ) ;
#722 = LINE ( 'NONE', #2122, #876 ) ;
#723 = ORIENTED_EDGE ( 'NONE', *, *, #2420, .F. ) ;
#724 = ORIENTED_EDGE ( 'NONE', *, *, #177, .T. ) ;
#725 = EDGE_CURVE ( 'NONE', #2089, #421, #2424, .T. ) ;
#726 = DIRECTION ( 'NONE',  ( 0.000000000000000000, 0.000000000000000000, -1.000000000000000000 ) ) ;
#727 = ORIENTED_EDGE ( 'NONE', *, *, #2199, .F. ) ;
#728 = EDGE_CURVE ( 'NONE', #1311, #1330, #587, .T. ) ;
#729 = CARTESIAN_POINT ( 'NONE',  ( 19.09188309203679168, 19.09188309203679168, 96.51999999999999602 ) ) ;
#730 = CARTESIAN_POINT ( 'NONE',  ( 17.67766952966356442, -17.67766952966381666, 96.51999999999999602 ) ) ;
#731 = CARTESIAN_POINT ( 'NONE',  ( 0.000000000000000000, 9.621037113853470046, 4.317999999999999616 ) ) ;
#732 = LINE ( 'NONE', #127, #1101 ) ;
#733 = PERSON_AND_ORGANIZATION_ROLE ( 'design_supplier' ) ;
#734 = CARTESIAN_POINT ( 'NONE',  ( -11.18376618407357093, -27.00000000000001066, 96.51999999999999602 ) ) ;
#735 = ORIENTED_EDGE ( 'NONE', *, *, #636, .T. ) ;
#736 = ORIENTED_EDGE ( 'NONE', *, *, #308, .F. ) ;
#737 = AXIS2_PLACEMENT_3D ( 'NONE', #617, #1386, #793 ) ;
#738 = DIRECTION ( 'NONE',  ( 0.000000000000000000, 0.000000000000000000, -1.000000000000000000 ) ) ;
#739 = EDGE_CURVE ( 'NONE', #1894, #132, #2008, .T. ) ;
#740 = EDGE_LOOP ( 'NONE', ( #2289, #385, #1602, #568 ) ) ;
#741 = DIRECTION ( 'NONE',  ( 1.000000000000000000, 0.000000000000000000, 0.000000000000000000 ) ) ;
#742 = ADVANCED_FACE ( 'NONE', ( #1799, #36 ), #819, .T. ) ;
#743 = VECTOR ( 'NONE', #1053, 1000.000000000000000 ) ;
#744 = CARTESIAN_POINT ( 'NONE',  ( 20.38248969043720393, -11.89726821137888990, 4.317999999999999616 ) ) ;
#745 = PLANE ( 'NONE',  #42 ) ;
#746 = DATE_AND_TIME ( #129, #1780 ) ;
#747 = VECTOR ( 'NONE', #787, 1000.000000000000000 ) ;
#748 = DIRECTION ( 'NONE',  ( -0.000000000000000000, -0.000000000000000000, 1.000000000000000000 ) ) ;
#749 = VERTEX_POINT ( 'NONE', #2038 ) ;
#750 = ORIENTED_EDGE ( 'NONE', *, *, #769, .F. ) ;
#751 = AXIS2_PLACEMENT_3D ( 'NONE', #889, #2264, #1704 ) ;
#752 = CARTESIAN_POINT ( 'NONE',  ( 20.38248969043720393, 11.89726821137888990, 90.40200000000000102 ) ) ;
#753 = EDGE_LOOP ( 'NONE', ( #1559, #2001, #247, #2398, #2457, #1848, #2065, #2448 ) ) ;
#754 = ADVANCED_FACE ( 'NONE', ( #2423 ), #2255, .F. ) ;
#755 = AXIS2_PLACEMENT_3D ( 'NONE', #1613, #1417, #1549 ) ;
#756 = DIRECTION ( 'NONE',  ( -0.000000000000000000, -0.000000000000000000, 1.000000000000000000 ) ) ;
#757 = EDGE_LOOP ( 'NONE', ( #2123, #574, #2433, #205 ) ) ;
#758 = EDGE_CURVE ( 'NONE', #494, #1907, #865, .T. ) ;
#759 = FACE_OUTER_BOUND ( 'NONE', #1036, .T. ) ;
#760 = DATE_AND_TIME ( #2333, #1917 ) ;
#761 = CARTESIAN_POINT ( 'NONE',  ( -21.08248969043720678, -11.89726821137888990, 96.51999999999999602 ) ) ;
#762 = ORIENTED_EDGE ( 'NONE', *, *, #1149, .T. ) ;
#763 = VERTEX_POINT ( 'NONE', #1266 ) ;
#764 = CARTESIAN_POINT ( 'NONE',  ( 21.08248969043720678, -11.89726821137888990, 92.20199999999999818 ) ) ;
#765 = DIRECTION ( 'NONE',  ( -0.7071067811865525687, -0.7071067811865425767, 0.000000000000000000 ) ) ;
#766 = DIRECTION ( 'NONE',  ( 1.000000000000000000, 0.000000000000000000, 0.000000000000000000 ) ) ;
#767 = EDGE_CURVE ( 'NONE', #2380, #2336, #1525, .T. ) ;
#768 = DIRECTION ( 'NONE',  ( -0.000000000000000000, 1.000000000000000000, -0.000000000000000000 ) ) ;
#769 = EDGE_CURVE ( 'NONE', #2163, #292, #2311, .T. ) ;
#770 = ORIENTED_EDGE ( 'NONE', *, *, #2161, .F. ) ;
#771 = ORIENTED_EDGE ( 'NONE', *, *, #1363, .F. ) ;
#772 = ORIENTED_EDGE ( 'NONE', *, *, #963, .F. ) ;
#773 = DIRECTION ( 'NONE',  ( -0.000000000000000000, -0.000000000000000000, -1.000000000000000000 ) ) ;
#774 = DIRECTION ( 'NONE',  ( -0.000000000000000000, 0.000000000000000000, 1.000000000000000000 ) ) ;
#775 = DIRECTION ( 'NONE',  ( -0.000000000000000000, 1.000000000000000000, -0.000000000000000000 ) ) ;
#776 = CARTESIAN_POINT ( 'NONE',  ( 0.000000000000000000, 9.621037113853470046, 3.901716418326756752 ) ) ;
#777 = EDGE_CURVE ( 'NONE', #1038, #1361, #341, .T. ) ;
#778 = FACE_BOUND ( 'NONE', #2454, .T. ) ;
#779 = CARTESIAN_POINT ( 'NONE',  ( 8.572527594031484283E-17, 7.641138126531124897, 2.501716418326755065 ) ) ;
#780 = VERTEX_POINT ( 'NONE', #1026 ) ;
#781 = VERTEX_POINT ( 'NONE', #1438 ) ;
#782 = VECTOR ( 'NONE', #1680, 1000.000000000000114 ) ;
#783 = EDGE_CURVE ( 'NONE', #599, #1972, #1051, .T. ) ;
#784 = LINE ( 'NONE', #248, #1329 ) ;
#785 = ORIENTED_EDGE ( 'NONE', *, *, #1543, .F. ) ;
#786 = VECTOR ( 'NONE', #1919, 1000.000000000000114 ) ;
#787 = DIRECTION ( 'NONE',  ( 0.000000000000000000, -1.000000000000000000, 0.000000000000000000 ) ) ;
#788 = VECTOR ( 'NONE', #647, 1000.000000000000000 ) ;
#789 = CARTESIAN_POINT ( 'NONE',  ( -11.18376618407357093, -27.00000000000001066, 96.51999999999999602 ) ) ;
#790 = AXIS2_PLACEMENT_3D ( 'NONE', #1957, #2360, #1751 ) ;
#791 = AXIS2_PLACEMENT_3D ( 'NONE', #1046, #280, #80 ) ;
#792 = CIRCLE ( 'NONE', #1117, 1.999999999999994893 ) ;
#793 = DIRECTION ( 'NONE',  ( 1.000000000000000000, 0.000000000000000000, 0.000000000000000000 ) ) ;
#794 = FACE_OUTER_BOUND ( 'NONE', #621, .T. ) ;
#795 = FACE_BOUND ( 'NONE', #1206, .T. ) ;
#796 = ORIENTED_EDGE ( 'NONE', *, *, #696, .F. ) ;
#797 = VERTEX_POINT ( 'NONE', #1467 ) ;
#798 = ORIENTED_EDGE ( 'NONE', *, *, #94, .F. ) ;
#799 = DIRECTION ( 'NONE',  ( -1.000000000000000000, 0.000000000000000000, 0.000000000000000000 ) ) ;
#800 = ORIENTED_EDGE ( 'NONE', *, *, #649, .T. ) ;
#801 = EDGE_CURVE ( 'NONE', #1405, #1733, #50, .T. ) ;
#802 = CARTESIAN_POINT ( 'NONE',  ( -17.70169356637247660, 0.000000000000000000, 92.20199999999999818 ) ) ;
#803 = PLANE ( 'NONE',  #790 ) ;
#804 = EDGE_CURVE ( 'NONE', #1760, #1990, #1872, .T. ) ;
#805 = CARTESIAN_POINT ( 'NONE',  ( 18.38248969043720749, -11.89726821137889345, 90.40200000000000102 ) ) ;
#806 = DIRECTION ( 'NONE',  ( -0.000000000000000000, 1.000000000000000000, -0.000000000000000000 ) ) ;
#807 = FACE_OUTER_BOUND ( 'NONE', #550, .T. ) ;
#808 = FACE_OUTER_BOUND ( 'NONE', #1619, .T. ) ;
#809 = ORIENTED_EDGE ( 'NONE', *, *, #921, .T. ) ;
#810 = ORIENTED_EDGE ( 'NONE', *, *, #1108, .T. ) ;
#811 = VERTEX_POINT ( 'NONE', #2453 ) ;
#812 = DIRECTION ( 'NONE',  ( 0.000000000000000000, 0.000000000000000000, -1.000000000000000000 ) ) ;
#813 = VERTEX_POINT ( 'NONE', #1842 ) ;
#814 = EDGE_CURVE ( 'NONE', #2313, #1533, #694, .T. ) ;
#815 = FACE_OUTER_BOUND ( 'NONE', #740, .T. ) ;
#816 = CARTESIAN_POINT ( 'NONE',  ( 27.00000000000001066, -11.18376618407356737, 96.51999999999999602 ) ) ;
#817 = DIRECTION ( 'NONE',  ( 0.000000000000000000, 0.000000000000000000, 1.000000000000000000 ) ) ;
#818 = EDGE_CURVE ( 'NONE', #661, #2246, #64, .T. ) ;
#819 = PLANE ( 'NONE',  #1944 ) ;
#820 = CIRCLE ( 'NONE', #1482, 1.999999999999998224 ) ;
#821 = DIRECTION ( 'NONE',  ( 0.000000000000000000, 0.000000000000000000, 1.000000000000000000 ) ) ;
#822 = DIRECTION ( 'NONE',  ( 0.000000000000000000, -0.000000000000000000, 1.000000000000000000 ) ) ;
#823 = PLANE ( 'NONE',  #755 ) ;
#824 = ORIENTED_EDGE ( 'NONE', *, *, #2361, .T. ) ;
#825 = CARTESIAN_POINT ( 'NONE',  ( 17.67766952966382021, 17.67766952966355731, 96.51999999999999602 ) ) ;
#826 = CARTESIAN_POINT ( 'NONE',  ( -20.38248969043720393, 11.89726821137889168, 96.51999999999999602 ) ) ;
#827 = ORIENTED_EDGE ( 'NONE', *, *, #2002, .F. ) ;
#828 = ORIENTED_EDGE ( 'NONE', *, *, #558, .T. ) ;
#829 = AXIS2_PLACEMENT_3D ( 'NONE', #802, #1978, #411 ) ;
#830 = EDGE_CURVE ( 'NONE', #1990, #1461, #2413, .T. ) ;
#831 = EDGE_CURVE ( 'NONE', #1907, #494, #2346, .T. ) ;
#832 = VECTOR ( 'NONE', #2508, 1000.000000000000000 ) ;
#833 = CARTESIAN_POINT ( 'NONE',  ( 18.38248969043720749, -11.89726821137889345, 92.20199999999999818 ) ) ;
#834 = CARTESIAN_POINT ( 'NONE',  ( 11.18376618407356737, -27.00000000000001066, 0.000000000000000000 ) ) ;
#835 = CARTESIAN_POINT ( 'NONE',  ( -20.38248969043720393, 11.89726821137888990, 92.20199999999999818 ) ) ;
#836 = ORIENTED_EDGE ( 'NONE', *, *, #1924, .F. ) ;
#837 = LINE ( 'NONE', #1230, #2285 ) ;
#838 = DIRECTION ( 'NONE',  ( 1.000000000000000000, 0.000000000000000000, 0.000000000000000000 ) ) ;
#839 = ORIENTED_EDGE ( 'NONE', *, *, #374, .T. ) ;
#840 = DIRECTION ( 'NONE',  ( 0.000000000000000000, 0.000000000000000000, -1.000000000000000000 ) ) ;
#841 = CARTESIAN_POINT ( 'NONE',  ( -24.99999999999999645, 1.758957035921487678E-13, 96.51999999999999602 ) ) ;
#842 = CARTESIAN_POINT ( 'NONE',  ( 19.68248969043720109, 11.89726821137888990, 0.000000000000000000 ) ) ;
#843 = ADVANCED_FACE ( 'NONE', ( #719, #1129, #1717, #1906 ), #1706, .F. ) ;
#844 = LINE ( 'NONE', #246, #2164 ) ;
#845 = ORIENTED_EDGE ( 'NONE', *, *, #438, .F. ) ;
#846 = DIRECTION ( 'NONE',  ( -1.000000000000000000, 0.000000000000000000, -0.000000000000000000 ) ) ;
#847 = ORIENTED_EDGE ( 'NONE', *, *, #1672, .F. ) ;
#848 = VERTEX_POINT ( 'NONE', #2496 ) ;
#849 = DIRECTION ( 'NONE',  ( 0.000000000000000000, 0.000000000000000000, -1.000000000000000000 ) ) ;
#850 = DIRECTION ( 'NONE',  ( 1.000000000000000000, 0.000000000000000000, 0.000000000000000000 ) ) ;
#851 = ORIENTED_EDGE ( 'NONE', *, *, #1181, .F. ) ;
#852 = DIRECTION ( 'NONE',  ( 0.000000000000000000, 0.000000000000000000, -1.000000000000000000 ) ) ;
#853 = AXIS2_PLACEMENT_3D ( 'NONE', #1581, #1564, #230 ) ;
#854 = LINE ( 'NONE', #2212, #1911 ) ;
#855 = AXIS2_PLACEMENT_3D ( 'NONE', #244, #2364, #2154 ) ;
#856 = EDGE_CURVE ( 'NONE', #861, #2076, #1488, .T. ) ;
#857 = ORIENTED_EDGE ( 'NONE', *, *, #109, .F. ) ;
#858 = CARTESIAN_POINT ( 'NONE',  ( -22.38248969043720393, 11.89726821137888990, 4.317999999999999616 ) ) ;
#859 = VECTOR ( 'NONE', #1072, 1000.000000000000000 ) ;
#860 = CARTESIAN_POINT ( 'NONE',  ( -17.70169356637247660, -17.65364549295478369, 6.118000000000000327 ) ) ;
#861 = VERTEX_POINT ( 'NONE', #1505 ) ;
#862 = ORIENTED_EDGE ( 'NONE', *, *, #814, .F. ) ;
#863 = ORIENTED_EDGE ( 'NONE', *, *, #1867, .F. ) ;
#864 = CARTESIAN_POINT ( 'NONE',  ( 20.38248969043720393, -11.89726821137888990, 4.317999999999999616 ) ) ;
#865 = CIRCLE ( 'NONE', #1445, 0.7000000000000027311 ) ;
#866 = CARTESIAN_POINT ( 'NONE',  ( 0.000000000000000000, 7.641138126531124897, 3.201716418326755687 ) ) ;
#867 = ORIENTED_EDGE ( 'NONE', *, *, #1303, .F. ) ;
#868 = FACE_BOUND ( 'NONE', #440, .T. ) ;
#869 = DIRECTION ( 'NONE',  ( -1.000000000000000000, 0.000000000000000000, 0.000000000000000000 ) ) ;
#870 = CIRCLE ( 'NONE', #429, 0.7000000000000027311 ) ;
#871 = CARTESIAN_POINT ( 'NONE',  ( -20.38248969043720393, 11.89726821137889168, 92.20199999999999818 ) ) ;
#872 = DIRECTION ( 'NONE',  ( 0.000000000000000000, 0.000000000000000000, 1.000000000000000000 ) ) ;
#873 = VERTEX_POINT ( 'NONE', #336 ) ;
#874 = ORIENTED_EDGE ( 'NONE', *, *, #562, .T. ) ;
#875 = APPROVAL_PERSON_ORGANIZATION ( #1731, #2015, #1552 ) ;
#876 = VECTOR ( 'NONE', #1710, 1000.000000000000000 ) ;
#877 = CARTESIAN_POINT ( 'NONE',  ( 22.38248969043720393, -11.89726821137889345, 90.40200000000000102 ) ) ;
#878 = EDGE_CURVE ( 'NONE', #1311, #105, #2148, .T. ) ;
#879 = ORIENTED_EDGE ( 'NONE', *, *, #1091, .T. ) ;
#880 = DIRECTION ( 'NONE',  ( 0.000000000000000000, 0.000000000000000000, 1.000000000000000000 ) ) ;
#881 = EDGE_CURVE ( 'NONE', #813, #1110, #905, .T. ) ;
#882 = FACE_OUTER_BOUND ( 'NONE', #1942, .T. ) ;
#883 = CARTESIAN_POINT ( 'NONE',  ( 0.000000000000000000, -9.621037113853475375, 90.40200000000000102 ) ) ;
#884 = ORIENTED_EDGE ( 'NONE', *, *, #2193, .T. ) ;
#885 =( LENGTH_UNIT ( ) NAMED_UNIT ( * ) SI_UNIT ( .MILLI., .METRE. ) );
#886 = CARTESIAN_POINT ( 'NONE',  ( -20.53012069111879256, 17.65364549295478369, 0.000000000000000000 ) ) ;
#887 = ORIENTED_EDGE ( 'NONE', *, *, #241, .F. ) ;
#888 = ORIENTED_EDGE ( 'NONE', *, *, #2370, .F. ) ;
#889 = CARTESIAN_POINT ( 'NONE',  ( 0.000000000000000000, 0.000000000000000000, 4.317999999999999616 ) ) ;
#890 = VERTEX_POINT ( 'NONE', #1343 ) ;
#891 = ADVANCED_FACE ( 'NONE', ( #1524, #1885 ), #704, .T. ) ;
#892 = DIRECTION ( 'NONE',  ( -0.7071067811865474617, 0.7071067811865474617, 0.000000000000000000 ) ) ;
#893 = CARTESIAN_POINT ( 'NONE',  ( 20.38248969043720393, -11.89726821137888990, 4.317999999999999616 ) ) ;
#894 = EDGE_CURVE ( 'NONE', #1571, #1170, #2128, .T. ) ;
#895 = DIRECTION ( 'NONE',  ( -1.000000000000000000, 0.000000000000000000, -0.000000000000000000 ) ) ;
#896 = CARTESIAN_POINT ( 'NONE',  ( -19.68248969043720109, -11.89726821137888990, 4.317999999999999616 ) ) ;
#897 = DIRECTION ( 'NONE',  ( -1.000000000000000000, 0.000000000000000000, 0.000000000000000000 ) ) ;
#898 = ORIENTED_EDGE ( 'NONE', *, *, #831, .T. ) ;
#899 = VERTEX_POINT ( 'NONE', #523 ) ;
#900 = AXIS2_PLACEMENT_3D ( 'NONE', #214, #2208, #766 ) ;
#901 = CARTESIAN_POINT ( 'NONE',  ( -20.38248969043720393, 11.89726821137888990, 6.118000000000000327 ) ) ;
#902 = EDGE_LOOP ( 'NONE', ( #299, #2473 ) ) ;
#903 = AXIS2_PLACEMENT_3D ( 'NONE', #1398, #2192, #2349 ) ;
#904 = CARTESIAN_POINT ( 'NONE',  ( -20.38248969043720393, -11.89726821137888990, 0.000000000000000000 ) ) ;
#905 = CIRCLE ( 'NONE', #1231, 0.7000000000000027311 ) ;
#906 = EDGE_CURVE ( 'NONE', #1882, #1048, #312, .T. ) ;
#907 = DIRECTION ( 'NONE',  ( -0.000000000000000000, -0.000000000000000000, 1.000000000000000000 ) ) ;
#908 = CARTESIAN_POINT ( 'NONE',  ( -1.842716894774892755E-13, -25.00000000000000711, 0.000000000000000000 ) ) ;
#909 = VECTOR ( 'NONE', #309, 1000.000000000000000 ) ;
#910 = EDGE_CURVE ( 'NONE', #2000, #917, #929, .T. ) ;
#911 = VECTOR ( 'NONE', #23, 1000.000000000000000 ) ;
#912 = LINE ( 'NONE', #1088, #673 ) ;
#913 = ORIENTED_EDGE ( 'NONE', *, *, #1176, .F. ) ;
#914 = VECTOR ( 'NONE', #328, 1000.000000000000000 ) ;
#915 = ORIENTED_EDGE ( 'NONE', *, *, #141, .T. ) ;
#916 = DIRECTION ( 'NONE',  ( 0.000000000000000000, -1.000000000000000000, 0.000000000000000000 ) ) ;
#917 = VERTEX_POINT ( 'NONE', #2103 ) ;
#918 = DIRECTION ( 'NONE',  ( 0.000000000000000000, -0.000000000000000000, -1.000000000000000000 ) ) ;
#919 = DIRECTION ( 'NONE',  ( 0.7071067811865525687, 0.7071067811865425767, 0.000000000000000000 ) ) ;
#920 = ORIENTED_EDGE ( 'NONE', *, *, #649, .F. ) ;
#921 = EDGE_CURVE ( 'NONE', #1047, #1962, #544, .T. ) ;
#922 = APPROVAL_STATUS ( 'not_yet_approved' ) ;
#923 = CARTESIAN_POINT ( 'NONE',  ( 0.000000000000000000, -9.621037113853471823, 96.51999999999999602 ) ) ;
#924 = ORIENTED_EDGE ( 'NONE', *, *, #468, .T. ) ;
#925 = ORIENTED_EDGE ( 'NONE', *, *, #767, .F. ) ;
#926 = ADVANCED_FACE ( 'NONE', ( #2094 ), #160, .F. ) ;
#927 = DIRECTION ( 'NONE',  ( -1.000000000000000000, 0.000000000000000000, 0.000000000000000000 ) ) ;
#928 = ORIENTED_EDGE ( 'NONE', *, *, #2314, .F. ) ;
#929 = LINE ( 'NONE', #1293, #170 ) ;
#930 = DIRECTION ( 'NONE',  ( -0.000000000000000000, -0.000000000000000000, 1.000000000000000000 ) ) ;
#931 = DIRECTION ( 'NONE',  ( 1.000000000000000000, 0.000000000000000000, 0.000000000000000000 ) ) ;
#932 = VERTEX_POINT ( 'NONE', #1932 ) ;
#933 = EDGE_LOOP ( 'NONE', ( #1840, #1432, #373, #1096 ) ) ;
#934 = PRODUCT_DEFINITION ( 'UNKNOWN', '', #1876, #260 ) ;
#935 = FACE_OUTER_BOUND ( 'NONE', #93, .T. ) ;
#936 = ORIENTED_EDGE ( 'NONE', *, *, #159, .T. ) ;
#937 = EDGE_CURVE ( 'NONE', #584, #409, #1095, .T. ) ;
#938 = VECTOR ( 'NONE', #2305, 1000.000000000000000 ) ;
#939 = DIRECTION ( 'NONE',  ( 0.000000000000000000, 0.000000000000000000, -1.000000000000000000 ) ) ;
#940 = LINE ( 'NONE', #1728, #832 ) ;
#941 = VECTOR ( 'NONE', #2339, 1000.000000000000000 ) ;
#942 = DIRECTION ( 'NONE',  ( -1.000000000000000000, 0.000000000000000000, 0.000000000000000000 ) ) ;
#943 = PERSON_AND_ORGANIZATION ( #377, #2438 ) ;
#944 = DIRECTION ( 'NONE',  ( -0.000000000000000000, -0.000000000000000000, 1.000000000000000000 ) ) ;
#945 = VERTEX_POINT ( 'NONE', #2114 ) ;
#946 = ORIENTED_EDGE ( 'NONE', *, *, #856, .F. ) ;
#947 = ORIENTED_EDGE ( 'NONE', *, *, #614, .F. ) ;
#948 = EDGE_CURVE ( 'NONE', #1158, #1392, #510, .T. ) ;
#949 = CIRCLE ( 'NONE', #1244, 0.7000000000000061728 ) ;
#950 = DIRECTION ( 'NONE',  ( -0.000000000000000000, 1.000000000000000000, -0.000000000000000000 ) ) ;
#951 = CARTESIAN_POINT ( 'NONE',  ( 0.000000000000000000, 0.000000000000000000, 90.40200000000000102 ) ) ;
#952 = DIRECTION ( 'NONE',  ( -0.000000000000000000, -1.000000000000000000, 0.000000000000000000 ) ) ;
#953 = AXIS2_PLACEMENT_3D ( 'NONE', #2236, #492, #1045 ) ;
#954 = EDGE_CURVE ( 'NONE', #2262, #749, #979, .T. ) ;
#955 = DIRECTION ( 'NONE',  ( -1.000000000000000000, 0.000000000000000000, 0.000000000000000000 ) ) ;
#956 = CARTESIAN_POINT ( 'NONE',  ( -20.38248969043720393, -11.89726821137888990, 92.20199999999999818 ) ) ;
#957 = ORIENTED_EDGE ( 'NONE', *, *, #255, .F. ) ;
#958 = ORIENTED_EDGE ( 'NONE', *, *, #1758, .F. ) ;
#959 = EDGE_LOOP ( 'NONE', ( #2444, #863 ) ) ;
#960 = DIRECTION ( 'NONE',  ( 0.000000000000000000, 0.000000000000000000, -1.000000000000000000 ) ) ;
#961 = ADVANCED_FACE ( 'NONE', ( #815 ), #209, .F. ) ;
#962 = DIRECTION ( 'NONE',  ( -0.000000000000000000, -0.000000000000000000, -1.000000000000000000 ) ) ;
#963 = EDGE_CURVE ( 'NONE', #2108, #1733, #1765, .T. ) ;
#964 = DIRECTION ( 'NONE',  ( 1.000000000000000000, 0.000000000000000000, 0.000000000000000000 ) ) ;
#965 = CARTESIAN_POINT ( 'NONE',  ( -24.99999999999992539, 10.35533905932754628, 96.51999999999999602 ) ) ;
#966 = VERTEX_POINT ( 'NONE', #1576 ) ;
#967 = ORIENTED_EDGE ( 'NONE', *, *, #728, .F. ) ;
#968 = DIRECTION ( 'NONE',  ( 0.000000000000000000, 0.000000000000000000, -1.000000000000000000 ) ) ;
#969 = ORIENTED_EDGE ( 'NONE', *, *, #1523, .T. ) ;
#970 = DIRECTION ( 'NONE',  ( 1.000000000000000000, 0.000000000000000000, 0.000000000000000000 ) ) ;
#971 = DIRECTION ( 'NONE',  ( 0.000000000000000000, 0.000000000000000000, -1.000000000000000000 ) ) ;
#972 = DIRECTION ( 'NONE',  ( -0.000000000000000000, -0.000000000000000000, 1.000000000000000000 ) ) ;
#973 = VECTOR ( 'NONE', #66, 1000.000000000000000 ) ;
#974 = LINE ( 'NONE', #217, #2530 ) ;
#975 = EDGE_CURVE ( 'NONE', #1510, #567, #33, .T. ) ;
#976 = CARTESIAN_POINT ( 'NONE',  ( -19.68248969043720109, -11.89726821137888990, 0.000000000000000000 ) ) ;
#977 = CYLINDRICAL_SURFACE ( 'NONE', #1918, 0.7000000000000027311 ) ;
#978 = ORIENTED_EDGE ( 'NONE', *, *, #1825, .F. ) ;
#979 = CIRCLE ( 'NONE', #1866, 0.7000000000000027311 ) ;
#980 = CARTESIAN_POINT ( 'NONE',  ( 20.38248969043720393, 11.89726821137888990, 90.40200000000000102 ) ) ;
#981 = ADVANCED_FACE ( 'NONE', ( #1153 ), #2347, .F. ) ;
#982 = ORIENTED_EDGE ( 'NONE', *, *, #1698, .F. ) ;
#983 = CARTESIAN_POINT ( 'NONE',  ( 25.00000000000000355, -1.800836965348189838E-13, 96.51999999999999602 ) ) ;
#984 = CARTESIAN_POINT ( 'NONE',  ( 19.68248969043720109, -11.89726821137888990, 0.000000000000000000 ) ) ;
#985 = VECTOR ( 'NONE', #116, 1000.000000000000000 ) ;
#986 = CIRCLE ( 'NONE', #1993, 1.999999999999998224 ) ;
#987 = DIRECTION ( 'NONE',  ( 0.000000000000000000, -0.000000000000000000, -1.000000000000000000 ) ) ;
#988 = VECTOR ( 'NONE', #1647, 1000.000000000000000 ) ;
#989 = CYLINDRICAL_SURFACE ( 'NONE', #855, 0.7000000000000061728 ) ;
#990 = DIRECTION ( 'NONE',  ( -0.000000000000000000, -0.000000000000000000, -1.000000000000000000 ) ) ;
#991 = VECTOR ( 'NONE', #944, 1000.000000000000000 ) ;
#992 = CARTESIAN_POINT ( 'NONE',  ( 27.00000000000001066, 4.187992942670204927E-15, 0.000000000000000000 ) ) ;
#993 = VERTEX_POINT ( 'NONE', #1995 ) ;
#994 = VERTEX_POINT ( 'NONE', #1795 ) ;
#995 = ADVANCED_FACE ( 'NONE', ( #1590 ), #2359, .T. ) ;
#996 = DIRECTION ( 'NONE',  ( -1.000000000000000000, 0.000000000000000000, 0.000000000000000000 ) ) ;
#997 = VERTEX_POINT ( 'NONE', #2338 ) ;
#998 = ADVANCED_FACE ( 'NONE', ( #188 ), #1, .T. ) ;
#999 = DIRECTION ( 'NONE',  ( 0.7071067811865475727, -0.7071067811865475727, 0.000000000000000000 ) ) ;
#1000 = CARTESIAN_POINT ( 'NONE',  ( -18.38248969043720749, 11.89726821137888990, 6.118000000000000327 ) ) ;
#1001 = CARTESIAN_POINT ( 'NONE',  ( -19.68248969043720109, 11.89726821137889168, 92.20199999999999818 ) ) ;
#1002 = FACE_BOUND ( 'NONE', #1376, .T. ) ;
#1003 = DIRECTION ( 'NONE',  ( -0.000000000000000000, -0.000000000000000000, 1.000000000000000000 ) ) ;
#1004 = PLANE ( 'NONE',  #1191 ) ;
#1005 = ORIENTED_EDGE ( 'NONE', *, *, #2335, .T. ) ;
#1006 = ORIENTED_EDGE ( 'NONE', *, *, #2116, .F. ) ;
#1007 = FACE_OUTER_BOUND ( 'NONE', #2419, .T. ) ;
#1008 = EDGE_CURVE ( 'NONE', #505, #848, #1964, .T. ) ;
#1009 = EDGE_LOOP ( 'NONE', ( #1052, #1125 ) ) ;
#1010 = ORIENTED_EDGE ( 'NONE', *, *, #630, .T. ) ;
#1011 = DIRECTION ( 'NONE',  ( -1.000000000000000000, 0.000000000000000000, 0.000000000000000000 ) ) ;
#1012 = ADVANCED_FACE ( 'NONE', ( #2139 ), #226, .F. ) ;
#1013 = CARTESIAN_POINT ( 'NONE',  ( 20.38248969043720393, -11.89726821137888990, 92.20199999999999818 ) ) ;
#1014 = CIRCLE ( 'NONE', #2382, 1.999999999999998224 ) ;
#1015 = CIRCLE ( 'NONE', #660, 1.999999999999998224 ) ;
#1016 = DIRECTION ( 'NONE',  ( -1.000000000000000000, 0.000000000000000000, 0.000000000000000000 ) ) ;
#1017 = CARTESIAN_POINT ( 'NONE',  ( -20.38248969043720393, 11.89726821137888990, 90.40200000000000102 ) ) ;
#1018 = ORIENTED_EDGE ( 'NONE', *, *, #2434, .T. ) ;
#1019 = CARTESIAN_POINT ( 'NONE',  ( 20.38248969043720393, 11.89726821137888990, 0.000000000000000000 ) ) ;
#1020 = VECTOR ( 'NONE', #1633, 1000.000000000000000 ) ;
#1021 = VERTEX_POINT ( 'NONE', #2371 ) ;
#1022 = ORIENTED_EDGE ( 'NONE', *, *, #18, .T. ) ;
#1023 = CIRCLE ( 'NONE', #1185, 0.7000000000000027311 ) ;
#1024 = CARTESIAN_POINT ( 'NONE',  ( 19.68248969043720109, 11.89726821137889168, 92.20199999999999818 ) ) ;
#1025 = ADVANCED_FACE ( 'NONE', ( #2190 ), #19, .F. ) ;
#1026 = CARTESIAN_POINT ( 'NONE',  ( -17.70169356637248015, -9.621037113853475375, 90.40200000000000102 ) ) ;
#1027 = EDGE_CURVE ( 'NONE', #1584, #1420, #1023, .T. ) ;
#1028 = AXIS2_PLACEMENT_3D ( 'NONE', #1798, #952, #817 ) ;
#1029 = DIRECTION ( 'NONE',  ( 1.000000000000000000, 0.000000000000000000, 0.000000000000000000 ) ) ;
#1030 = DIRECTION ( 'NONE',  ( -0.000000000000000000, -0.000000000000000000, 1.000000000000000000 ) ) ;
#1031 = VECTOR ( 'NONE', #1592, 1000.000000000000000 ) ;
#1032 = LINE ( 'NONE', #671, #1622 ) ;
#1033 = VECTOR ( 'NONE', #279, 1000.000000000000000 ) ;
#1034 = CARTESIAN_POINT ( 'NONE',  ( -24.99999999999999645, 1.758957035921487678E-13, 96.51999999999999602 ) ) ;
#1035 = EDGE_LOOP ( 'NONE', ( #1639, #313, #701, #1747 ) ) ;
#1036 = EDGE_LOOP ( 'NONE', ( #662, #1250 ) ) ;
#1037 = FACE_OUTER_BOUND ( 'NONE', #45, .T. ) ;
#1038 = VERTEX_POINT ( 'NONE', #764 ) ;
#1039 = CARTESIAN_POINT ( 'NONE',  ( 17.70169356637248015, -9.621037113853475375, 90.40200000000000102 ) ) ;
#1040 = CARTESIAN_POINT ( 'NONE',  ( 17.70169356637248015, 0.000000000000000000, 96.51999999999999602 ) ) ;
#1041 = CC_DESIGN_PERSON_AND_ORGANIZATION_ASSIGNMENT ( #1899, #1925, ( #2039 ) ) ;
#1042 = ORIENTED_EDGE ( 'NONE', *, *, #2404, .F. ) ;
#1043 = LINE ( 'NONE', #1858, #2344 ) ;
#1044 = CARTESIAN_POINT ( 'NONE',  ( -21.08248969043720678, 11.89726821137888990, 4.317999999999999616 ) ) ;
#1045 = DIRECTION ( 'NONE',  ( 1.000000000000000000, 0.000000000000000000, 0.000000000000000000 ) ) ;
#1046 = CARTESIAN_POINT ( 'NONE',  ( 0.000000000000000000, 0.000000000000000000, 6.118000000000000327 ) ) ;
#1047 = VERTEX_POINT ( 'NONE', #1353 ) ;
#1048 = VERTEX_POINT ( 'NONE', #1161 ) ;
#1049 = DIRECTION ( 'NONE',  ( 0.000000000000000000, 0.000000000000000000, -1.000000000000000000 ) ) ;
#1050 = DIRECTION ( 'NONE',  ( 0.000000000000000000, 0.000000000000000000, -1.000000000000000000 ) ) ;
#1051 = LINE ( 'NONE', #1812, #1067 ) ;
#1052 = ORIENTED_EDGE ( 'NONE', *, *, #856, .T. ) ;
#1053 = DIRECTION ( 'NONE',  ( 1.000000000000000000, 0.000000000000000000, 0.000000000000000000 ) ) ;
#1054 = VECTOR ( 'NONE', #806, 1000.000000000000000 ) ;
#1055 = CARTESIAN_POINT ( 'NONE',  ( 18.38248969043721104, 11.89726821137888990, 90.40200000000000102 ) ) ;
#1056 = CARTESIAN_POINT ( 'NONE',  ( -21.08248969043720678, 11.89726821137889168, 92.20199999999999818 ) ) ;
#1057 = EDGE_CURVE ( 'NONE', #2076, #1500, #1956, .T. ) ;
#1058 = ORIENTED_EDGE ( 'NONE', *, *, #728, .T. ) ;
#1059 = APPLICATION_PROTOCOL_DEFINITION ( 'international standard', 'config_control_design', 1994, #1297 ) ;
#1060 = CIRCLE ( 'NONE', #298, 1.999999999999998224 ) ;
#1061 = CARTESIAN_POINT ( 'NONE',  ( 10.35533905932719101, -25.00000000000008527, 0.000000000000000000 ) ) ;
#1062 = VERTEX_POINT ( 'NONE', #2518 ) ;
#1063 = ORIENTED_EDGE ( 'NONE', *, *, #322, .T. ) ;
#1064 = EDGE_CURVE ( 'NONE', #2099, #1450, #2149, .T. ) ;
#1065 = CARTESIAN_POINT ( 'NONE',  ( 19.68248969043720109, 11.89726821137889168, 92.20199999999999818 ) ) ;
#1066 = DIRECTION ( 'NONE',  ( -0.000000000000000000, -0.000000000000000000, 1.000000000000000000 ) ) ;
#1067 = VECTOR ( 'NONE', #2022, 1000.000000000000000 ) ;
#1068 = CIRCLE ( 'NONE', #346, 1.999999999999994893 ) ;
#1069 = CARTESIAN_POINT ( 'NONE',  ( 19.09188309203678813, -19.09188309203678813, 0.000000000000000000 ) ) ;
#1070 = ORIENTED_EDGE ( 'NONE', *, *, #2240, .T. ) ;
#1071 = AXIS2_PLACEMENT_3D ( 'NONE', #1424, #2018, #467 ) ;
#1072 = DIRECTION ( 'NONE',  ( 7.203347861392757775E-15, 1.000000000000000000, 0.000000000000000000 ) ) ;
#1073 = AXIS2_PLACEMENT_3D ( 'NONE', #546, #150, #2498 ) ;
#1074 = ORIENTED_EDGE ( 'NONE', *, *, #783, .T. ) ;
#1075 =( NAMED_UNIT ( * ) PLANE_ANGLE_UNIT ( ) SI_UNIT ( $, .RADIAN. ) );
#1076 = LINE ( 'NONE', #1518, #2326 ) ;
#1077 = ORIENTED_EDGE ( 'NONE', *, *, #830, .T. ) ;
#1078 = ORIENTED_EDGE ( 'NONE', *, *, #2240, .F. ) ;
#1079 = ADVANCED_FACE ( 'NONE', ( #2527, #2165 ), #400, .F. ) ;
#1080 = VECTOR ( 'NONE', #799, 1000.000000000000000 ) ;
#1081 = DIRECTION ( 'NONE',  ( 1.000000000000000000, 0.000000000000000000, 0.000000000000000000 ) ) ;
#1082 = AXIS2_PLACEMENT_3D ( 'NONE', #2308, #1124, #318 ) ;
#1083 = EDGE_CURVE ( 'NONE', #2108, #1047, #1641, .T. ) ;
#1084 = LINE ( 'NONE', #2294, #352 ) ;
#1085 = DIRECTION ( 'NONE',  ( 0.000000000000000000, 0.000000000000000000, -1.000000000000000000 ) ) ;
#1086 = LINE ( 'NONE', #1055, #985 ) ;
#1087 = DIRECTION ( 'NONE',  ( -0.000000000000000000, -0.000000000000000000, -1.000000000000000000 ) ) ;
#1088 = CARTESIAN_POINT ( 'NONE',  ( -24.99999999999999645, 1.758957035921487678E-13, 0.000000000000000000 ) ) ;
#1089 = ORIENTED_EDGE ( 'NONE', *, *, #190, .F. ) ;
#1090 = VERTEX_POINT ( 'NONE', #877 ) ;
#1091 = EDGE_CURVE ( 'NONE', #310, #409, #1068, .T. ) ;
#1092 = DIRECTION ( 'NONE',  ( -0.000000000000000000, 0.000000000000000000, 1.000000000000000000 ) ) ;
#1093 = ORIENTED_EDGE ( 'NONE', *, *, #910, .T. ) ;
#1094 = EDGE_CURVE ( 'NONE', #1500, #1681, #1188, .T. ) ;
#1095 = LINE ( 'NONE', #123, #1983 ) ;
#1096 = ORIENTED_EDGE ( 'NONE', *, *, #216, .F. ) ;
#1097 = PLANE ( 'NONE',  #2307 ) ;
#1098 = CARTESIAN_POINT ( 'NONE',  ( 27.00000000000001066, -11.18376618407356737, 0.000000000000000000 ) ) ;
#1099 = ORIENTED_EDGE ( 'NONE', *, *, #255, .T. ) ;
#1100 = EDGE_LOOP ( 'NONE', ( #2229, #2127, #1546, #2101, #2407, #1404, #2447, #1738, #1418, #173 ) ) ;
#1101 = VECTOR ( 'NONE', #2096, 1000.000000000000000 ) ;
#1102 = FACE_OUTER_BOUND ( 'NONE', #1568, .T. ) ;
#1103 = VERTEX_POINT ( 'NONE', #1435 ) ;
#1104 = DIRECTION ( 'NONE',  ( -1.000000000000000000, 0.000000000000000000, 0.000000000000000000 ) ) ;
#1105 = DIRECTION ( 'NONE',  ( 0.000000000000000000, 0.000000000000000000, -1.000000000000000000 ) ) ;
#1106 = ADVANCED_FACE ( 'NONE', ( #1670, #1448 ), #2231, .F. ) ;
#1107 = CARTESIAN_POINT ( 'NONE',  ( -24.99999999999992895, 9.621037113853470046, 92.20199999999999818 ) ) ;
#1108 = EDGE_CURVE ( 'NONE', #945, #1252, #174, .T. ) ;
#1109 = CARTESIAN_POINT ( 'NONE',  ( -18.38248969043721104, 11.89726821137888990, 90.40200000000000102 ) ) ;
#1110 = VERTEX_POINT ( 'NONE', #1065 ) ;
#1111 = ORIENTED_EDGE ( 'NONE', *, *, #1608, .F. ) ;
#1112 = AXIS2_PLACEMENT_3D ( 'NONE', #744, #1105, #2488 ) ;
#1113 = CARTESIAN_POINT ( 'NONE',  ( -18.38248969043721104, 11.89726821137888990, 90.40200000000000102 ) ) ;
#1114 = AXIS2_PLACEMENT_3D ( 'NONE', #864, #1066, #469 ) ;
#1115 = EDGE_LOOP ( 'NONE', ( #1128, #1423 ) ) ;
#1116 = VECTOR ( 'NONE', #2273, 1000.000000000000000 ) ;
#1117 = AXIS2_PLACEMENT_3D ( 'NONE', #980, #968, #1601 ) ;
#1118 = DIRECTION ( 'NONE',  ( 0.000000000000000000, -0.000000000000000000, -1.000000000000000000 ) ) ;
#1119 = CARTESIAN_POINT ( 'NONE',  ( -19.68248969043720109, 11.89726821137888990, 4.317999999999999616 ) ) ;
#1120 = DIRECTION ( 'NONE',  ( -1.000000000000000000, 0.000000000000000000, 0.000000000000000000 ) ) ;
#1121 = FACE_OUTER_BOUND ( 'NONE', #2158, .T. ) ;
#1122 = ADVANCED_FACE ( 'NONE', ( #1854 ), #2032, .F. ) ;
#1123 = EDGE_CURVE ( 'NONE', #409, #310, #1869, .T. ) ;
#1124 = DIRECTION ( 'NONE',  ( -0.000000000000000000, 0.000000000000000000, 1.000000000000000000 ) ) ;
#1125 = ORIENTED_EDGE ( 'NONE', *, *, #543, .T. ) ;
#1126 = ORIENTED_EDGE ( 'NONE', *, *, #2132, .T. ) ;
#1127 = CARTESIAN_POINT ( 'NONE',  ( -18.38248969043720749, 11.89726821137888990, 4.317999999999999616 ) ) ;
#1128 = ORIENTED_EDGE ( 'NONE', *, *, #881, .F. ) ;
#1129 = FACE_OUTER_BOUND ( 'NONE', #496, .T. ) ;
#1130 = DIRECTION ( 'NONE',  ( -0.000000000000000000, -0.000000000000000000, 1.000000000000000000 ) ) ;
#1131 = CARTESIAN_POINT ( 'NONE',  ( -17.67766952966356087, 17.67766952966380956, 6.117999999999998550 ) ) ;
#1132 = SECURITY_CLASSIFICATION_LEVEL ( 'unclassified' ) ;
#1133 = CYLINDRICAL_SURFACE ( 'NONE', #1741, 0.7000000000000027311 ) ;
#1134 = EDGE_LOOP ( 'NONE', ( #75, #771, #1631, #2535 ) ) ;
#1135 = VERTEX_POINT ( 'NONE', #2207 ) ;
#1136 = ADVANCED_FACE ( 'NONE', ( #1037 ), #1839, .F. ) ;
#1137 = DIRECTION ( 'NONE',  ( 0.000000000000000000, 1.000000000000000000, -0.000000000000000000 ) ) ;
#1138 = ORIENTED_EDGE ( 'NONE', *, *, #374, .F. ) ;
#1139 = EDGE_CURVE ( 'NONE', #86, #2143, #239, .T. ) ;
#1140 = AXIS2_PLACEMENT_3D ( 'NONE', #164, #2106, #2131 ) ;
#1141 = DIRECTION ( 'NONE',  ( -1.000000000000000000, 0.000000000000000000, 0.000000000000000000 ) ) ;
#1142 = DIRECTION ( 'NONE',  ( 0.000000000000000000, -0.000000000000000000, -1.000000000000000000 ) ) ;
#1143 = PERSON_AND_ORGANIZATION_ROLE ( 'creator' ) ;
#1144 = AXIS2_PLACEMENT_3D ( 'NONE', #1582, #460, #2365 ) ;
#1145 = CARTESIAN_POINT ( 'NONE',  ( -17.70169356637258673, 17.65364549295478369, 96.51999999999999602 ) ) ;
#1146 = ORIENTED_EDGE ( 'NONE', *, *, #1569, .T. ) ;
#1147 = VERTEX_POINT ( 'NONE', #1463 ) ;
#1148 = VECTOR ( 'NONE', #433, 1000.000000000000000 ) ;
#1149 = EDGE_CURVE ( 'NONE', #763, #2105, #47, .T. ) ;
#1150 = ORIENTED_EDGE ( 'NONE', *, *, #1057, .T. ) ;
#1151 = VECTOR ( 'NONE', #627, 1000.000000000000000 ) ;
#1152 = VECTOR ( 'NONE', #1796, 1000.000000000000000 ) ;
#1153 = FACE_OUTER_BOUND ( 'NONE', #1035, .T. ) ;
#1154 = LOCAL_TIME ( 1, 9, 29.00000000000000000, #2074 ) ;
#1155 = CARTESIAN_POINT ( 'NONE',  ( -25.00000000000006750, -9.621037113853470046, 4.317999999999999616 ) ) ;
#1156 = DIRECTION ( 'NONE',  ( 1.000000000000000000, 0.000000000000000000, 0.000000000000000000 ) ) ;
#1157 = DIRECTION ( 'NONE',  ( 0.000000000000000000, 0.000000000000000000, 1.000000000000000000 ) ) ;
#1158 = VERTEX_POINT ( 'NONE', #147 ) ;
#1159 = VERTEX_POINT ( 'NONE', #1127 ) ;
#1160 = ORIENTED_EDGE ( 'NONE', *, *, #1669, .F. ) ;
#1161 = CARTESIAN_POINT ( 'NONE',  ( 20.53012069111879967, 17.65364549295478369, 0.000000000000000000 ) ) ;
#1162 = DIRECTION ( 'NONE',  ( 0.7071067811865424657, -0.7071067811865526798, 0.000000000000000000 ) ) ;
#1163 = DIRECTION ( 'NONE',  ( 1.000000000000000000, 0.000000000000000000, 0.000000000000000000 ) ) ;
#1164 = EDGE_CURVE ( 'NONE', #1654, #2143, #1277, .T. ) ;
#1165 = DIRECTION ( 'NONE',  ( 0.000000000000000000, 0.000000000000000000, -1.000000000000000000 ) ) ;
#1166 = ADVANCED_FACE ( 'NONE', ( #715 ), #1893, .F. ) ;
#1167 = FACE_OUTER_BOUND ( 'NONE', #1689, .T. ) ;
#1168 = DIRECTION ( 'NONE',  ( 0.000000000000000000, -0.000000000000000000, -1.000000000000000000 ) ) ;
#1169 = ORIENTED_EDGE ( 'NONE', *, *, #399, .F. ) ;
#1170 = VERTEX_POINT ( 'NONE', #2299 ) ;
#1171 = CARTESIAN_POINT ( 'NONE',  ( 25.00000000000007461, 9.621037113853470046, 90.40200000000000102 ) ) ;
#1172 = EDGE_LOOP ( 'NONE', ( #17, #664 ) ) ;
#1173 = DIRECTION ( 'NONE',  ( -1.000000000000000000, 7.203347861392757775E-15, 0.000000000000000000 ) ) ;
#1174 = LINE ( 'NONE', #805, #2462 ) ;
#1175 = AXIS2_PLACEMENT_3D ( 'NONE', #1660, #2442, #1481 ) ;
#1176 = EDGE_CURVE ( 'NONE', #2342, #1147, #2312, .T. ) ;
#1177 = DIRECTION ( 'NONE',  ( -1.000000000000000000, 0.000000000000000000, 0.000000000000000000 ) ) ;
#1178 = CARTESIAN_POINT ( 'NONE',  ( 20.38248969043720393, -11.89726821137888990, 92.20199999999999818 ) ) ;
#1179 = AXIS2_PLACEMENT_3D ( 'NONE', #1013, #458, #284 ) ;
#1180 = CARTESIAN_POINT ( 'NONE',  ( -19.09188309203678813, -19.09188309203679523, 96.51999999999999602 ) ) ;
#1181 = EDGE_CURVE ( 'NONE', #994, #1103, #2100, .T. ) ;
#1182 = ORIENTED_EDGE ( 'NONE', *, *, #2357, .F. ) ;
#1183 = ORIENTED_EDGE ( 'NONE', *, *, #663, .F. ) ;
#1184 = ORIENTED_EDGE ( 'NONE', *, *, #2519, .F. ) ;
#1185 = AXIS2_PLACEMENT_3D ( 'NONE', #176, #960, #1141 ) ;
#1186 = LINE ( 'NONE', #640, #1578 ) ;
#1187 = VERTEX_POINT ( 'NONE', #531 ) ;
#1188 = CIRCLE ( 'NONE', #175, 1.999999999999998224 ) ;
#1189 = CARTESIAN_POINT ( 'NONE',  ( 27.00000000000001066, -11.18376618407356737, 96.51999999999999602 ) ) ;
#1190 = DIRECTION ( 'NONE',  ( 0.7071067811865474617, -0.7071067811865474617, 0.000000000000000000 ) ) ;
#1191 = AXIS2_PLACEMENT_3D ( 'NONE', #2235, #1635, #1816 ) ;
#1192 = CARTESIAN_POINT ( 'NONE',  ( -20.53012069111879256, 17.65364549295478369, 96.51999999999999602 ) ) ;
#1193 = AXIS2_PLACEMENT_3D ( 'NONE', #835, #2378, #1802 ) ;
#1194 = CARTESIAN_POINT ( 'NONE',  ( 22.38248969043720393, -11.89726821137888990, 6.118000000000000327 ) ) ;
#1195 = AXIS2_PLACEMENT_3D ( 'NONE', #1019, #41, #1792 ) ;
#1196 = ADVANCED_FACE ( 'NONE', ( #1102 ), #1903, .F. ) ;
#1197 = CARTESIAN_POINT ( 'NONE',  ( 0.000000000000000000, 17.65364549295489027, 94.01828358167324495 ) ) ;
#1198 = CARTESIAN_POINT ( 'NONE',  ( -22.38248969043720393, 11.89726821137888990, 6.118000000000000327 ) ) ;
#1199 = CIRCLE ( 'NONE', #1082, 1.999999999999998224 ) ;
#1200 = DIRECTION ( 'NONE',  ( 1.000000000000000000, 0.000000000000000000, 0.000000000000000000 ) ) ;
#1201 = ORIENTED_EDGE ( 'NONE', *, *, #1656, .T. ) ;
#1202 = VERTEX_POINT ( 'NONE', #691 ) ;
#1203 = EDGE_CURVE ( 'NONE', #1533, #1600, #133, .T. ) ;
#1204 = DIRECTION ( 'NONE',  ( 0.7071067811865422437, -0.7071067811865527908, 0.000000000000000000 ) ) ;
#1205 = CARTESIAN_POINT ( 'NONE',  ( 24.99999999999992895, -10.35533905932755516, 6.118000000000026084 ) ) ;
#1206 = EDGE_LOOP ( 'NONE', ( #204, #898 ) ) ;
#1207 = ORIENTED_EDGE ( 'NONE', *, *, #1203, .T. ) ;
#1208 = DIRECTION ( 'NONE',  ( 1.000000000000000000, 0.000000000000000000, 0.000000000000000000 ) ) ;
#1209 = CARTESIAN_POINT ( 'NONE',  ( -20.38248969043720393, 11.89726821137888990, 4.317999999999999616 ) ) ;
#1210 = CARTESIAN_POINT ( 'NONE',  ( 21.08248969043720678, 11.89726821137888990, 4.317999999999999616 ) ) ;
#1211 = FACE_OUTER_BOUND ( 'NONE', #2484, .T. ) ;
#1212 = DIRECTION ( 'NONE',  ( 0.000000000000000000, 0.000000000000000000, -1.000000000000000000 ) ) ;
#1213 = DIRECTION ( 'NONE',  ( 3.102216994570522131E-16, -1.000000000000000000, 0.000000000000000000 ) ) ;
#1214 = EDGE_LOOP ( 'NONE', ( #101, #507, #1852, #1289 ) ) ;
#1215 = ORIENTED_EDGE ( 'NONE', *, *, #49, .T. ) ;
#1216 = CC_DESIGN_DATE_AND_TIME_ASSIGNMENT ( #1935, #359, ( #2039 ) ) ;
#1217 = ORIENTED_EDGE ( 'NONE', *, *, #1623, .F. ) ;
#1218 = DIRECTION ( 'NONE',  ( 0.000000000000000000, -0.000000000000000000, -1.000000000000000000 ) ) ;
#1219 = LINE ( 'NONE', #1666, #1783 ) ;
#1220 = ORIENTED_EDGE ( 'NONE', *, *, #2302, .T. ) ;
#1221 = ADVANCED_FACE ( 'NONE', ( #157, #935 ), #1476, .F. ) ;
#1222 = DIRECTION ( 'NONE',  ( 0.000000000000000000, 0.000000000000000000, -1.000000000000000000 ) ) ;
#1223 = DIRECTION ( 'NONE',  ( 1.000000000000000000, 0.000000000000000000, 0.000000000000000000 ) ) ;
#1224 = EDGE_CURVE ( 'NONE', #1678, #407, #2486, .T. ) ;
#1225 = DIRECTION ( 'NONE',  ( 0.7071067811865474617, 0.7071067811865474617, 0.000000000000000000 ) ) ;
#1226 = CIRCLE ( 'NONE', #2536, 0.7000000000000027311 ) ;
#1227 = DIRECTION ( 'NONE',  ( -1.000000000000000000, 0.000000000000000000, 0.000000000000000000 ) ) ;
#1228 = CARTESIAN_POINT ( 'NONE',  ( 22.38248969043720393, -11.89726821137888990, 4.317999999999999616 ) ) ;
#1229 = CARTESIAN_POINT ( 'NONE',  ( 0.000000000000000000, -9.621037113853470046, 4.317999999999999616 ) ) ;
#1230 = CARTESIAN_POINT ( 'NONE',  ( 25.00000000000000355, -1.800836965348189838E-13, 96.51999999999999602 ) ) ;
#1231 = AXIS2_PLACEMENT_3D ( 'NONE', #1727, #1693, #149 ) ;
#1232 = DIRECTION ( 'NONE',  ( -1.000000000000000000, 0.000000000000000000, 0.000000000000000000 ) ) ;
#1233 = EDGE_LOOP ( 'NONE', ( #2345, #1379 ) ) ;
#1234 = VECTOR ( 'NONE', #135, 1000.000000000000000 ) ;
#1235 = EDGE_CURVE ( 'NONE', #134, #421, #506, .T. ) ;
#1236 = CARTESIAN_POINT ( 'NONE',  ( 20.38248969043720393, 11.89726821137888990, 4.317999999999999616 ) ) ;
#1237 = VECTOR ( 'NONE', #1302, 1000.000000000000000 ) ;
#1238 = DIRECTION ( 'NONE',  ( -1.000000000000000000, 0.000000000000000000, 0.000000000000000000 ) ) ;
#1239 = EDGE_CURVE ( 'NONE', #1159, #2538, #1359, .T. ) ;
#1240 = CARTESIAN_POINT ( 'NONE',  ( -1.842716894774892755E-13, -25.00000000000000711, 96.51999999999999602 ) ) ;
#1241 = CARTESIAN_POINT ( 'NONE',  ( -19.09188309203678813, 19.09188309203678813, 96.51999999999999602 ) ) ;
#1242 = VECTOR ( 'NONE', #930, 1000.000000000000000 ) ;
#1243 = CARTESIAN_POINT ( 'NONE',  ( -24.99999999999992539, 10.35533905932754628, 6.118000000000026084 ) ) ;
#1244 = AXIS2_PLACEMENT_3D ( 'NONE', #508, #283, #1436 ) ;
#1245 = DIRECTION ( 'NONE',  ( -3.102216994570522624E-16, 1.000000000000000000, 0.000000000000000000 ) ) ;
#1246 = VECTOR ( 'NONE', #2047, 1000.000000000000000 ) ;
#1247 = DIRECTION ( 'NONE',  ( 1.000000000000000000, 0.000000000000000000, 0.000000000000000000 ) ) ;
#1248 = AXIS2_PLACEMENT_3D ( 'NONE', #1180, #580, #371 ) ;
#1249 = PLANE ( 'NONE',  #791 ) ;
#1250 = ORIENTED_EDGE ( 'NONE', *, *, #767, .T. ) ;
#1251 = CARTESIAN_POINT ( 'NONE',  ( 20.38248969043720393, 11.89726821137888990, 92.20199999999999818 ) ) ;
#1252 = VERTEX_POINT ( 'NONE', #1113 ) ;
#1253 = CARTESIAN_POINT ( 'NONE',  ( -17.70169356637248015, 0.000000000000000000, 90.40200000000000102 ) ) ;
#1254 = DIRECTION ( 'NONE',  ( -0.7071067811865474617, -0.7071067811865474617, 0.000000000000000000 ) ) ;
#1255 = EDGE_CURVE ( 'NONE', #1361, #1038, #2391, .T. ) ;
#1256 = CARTESIAN_POINT ( 'NONE',  ( -20.38248969043720393, 11.89726821137889168, 92.20199999999999818 ) ) ;
#1257 = CYLINDRICAL_SURFACE ( 'NONE', #266, 1.999999999999998224 ) ;
#1258 = ADVANCED_FACE ( 'NONE', ( #1691 ), #321, .F. ) ;
#1259 = ORIENTED_EDGE ( 'NONE', *, *, #2420, .T. ) ;
#1260 = CARTESIAN_POINT ( 'NONE',  ( 20.38248969043720393, 11.89726821137889168, 92.20199999999999818 ) ) ;
#1261 = ORIENTED_EDGE ( 'NONE', *, *, #2485, .F. ) ;
#1262 = VERTEX_POINT ( 'NONE', #1679 ) ;
#1263 = DIRECTION ( 'NONE',  ( 0.000000000000000000, 0.000000000000000000, -1.000000000000000000 ) ) ;
#1264 = ORIENTED_EDGE ( 'NONE', *, *, #2509, .F. ) ;
#1265 = CARTESIAN_POINT ( 'NONE',  ( 18.38248969043720749, -11.89726821137889345, 90.40200000000000102 ) ) ;
#1266 = CARTESIAN_POINT ( 'NONE',  ( -25.00000000000006750, -9.621037113853475375, 90.40200000000000102 ) ) ;
#1267 = ORIENTED_EDGE ( 'NONE', *, *, #937, .T. ) ;
#1268 = CARTESIAN_POINT ( 'NONE',  ( -24.99999999999992895, 9.621037113853470046, 4.317999999999999616 ) ) ;
#1269 = AXIS2_PLACEMENT_3D ( 'NONE', #1256, #2258, #2023 ) ;
#1270 = ADVANCED_FACE ( 'NONE', ( #1714 ), #2459, .F. ) ;
#1271 = EDGE_LOOP ( 'NONE', ( #145, #265 ) ) ;
#1272 = PERSON_AND_ORGANIZATION ( #377, #2438 ) ;
#1273 = DIRECTION ( 'NONE',  ( 1.000000000000000000, 0.000000000000000000, 0.000000000000000000 ) ) ;
#1274 = EDGE_LOOP ( 'NONE', ( #12, #1547, #2239, #455, #650, #293, #2425, #1664, #333, #186, #1146, #1695 ) ) ;
#1275 = ORIENTED_EDGE ( 'NONE', *, *, #530, .F. ) ;
#1276 = VECTOR ( 'NONE', #1225, 1000.000000000000114 ) ;
#1277 = LINE ( 'NONE', #332, #786 ) ;
#1278 = ORIENTED_EDGE ( 'NONE', *, *, #1303, .T. ) ;
#1279 = CARTESIAN_POINT ( 'NONE',  ( -20.38248969043720393, -11.89726821137889345, 90.40200000000000102 ) ) ;
#1280 = AXIS2_PLACEMENT_3D ( 'NONE', #1331, #2301, #918 ) ;
#1281 = ORIENTED_EDGE ( 'NONE', *, *, #1591, .F. ) ;
#1282 = AXIS2_PLACEMENT_3D ( 'NONE', #1178, #2211, #2405 ) ;
#1283 = CYLINDRICAL_SURFACE ( 'NONE', #2266, 0.7000000000000027311 ) ;
#1284 = LINE ( 'NONE', #287, #96 ) ;
#1285 = VECTOR ( 'NONE', #2348, 1000.000000000000000 ) ;
#1286 = ADVANCED_FACE ( 'NONE', ( #1489, #519 ), #1292, .F. ) ;
#1287 = CARTESIAN_POINT ( 'NONE',  ( -24.99999999999992895, 9.621037113853470046, 6.117999999999998550 ) ) ;
#1288 = ORIENTED_EDGE ( 'NONE', *, *, #2374, .T. ) ;
#1289 = ORIENTED_EDGE ( 'NONE', *, *, #1453, .T. ) ;
#1290 = AXIS2_PLACEMENT_3D ( 'NONE', #871, #2260, #1247 ) ;
#1291 = ADVANCED_FACE ( 'NONE', ( #375 ), #171, .T. ) ;
#1292 = PLANE ( 'NONE',  #1653 ) ;
#1293 = CARTESIAN_POINT ( 'NONE',  ( -21.08248969043720678, 11.89726821137888990, 4.317999999999999616 ) ) ;
#1294 = CARTESIAN_POINT ( 'NONE',  ( 0.000000000000000000, 0.000000000000000000, 90.40200000000000102 ) ) ;
#1295 = DIRECTION ( 'NONE',  ( 1.000000000000000000, 0.000000000000000000, 0.000000000000000000 ) ) ;
#1296 = DIRECTION ( 'NONE',  ( -0.000000000000000000, -0.000000000000000000, 1.000000000000000000 ) ) ;
#1297 = APPLICATION_CONTEXT ( 'configuration controlled 3d designs of mechanical parts and assemblies' ) ;
#1298 = LINE ( 'NONE', #70, #638 ) ;
#1299 = LINE ( 'NONE', #106, #1332 ) ;
#1300 = EDGE_LOOP ( 'NONE', ( #1954, #1928 ) ) ;
#1301 = ORIENTED_EDGE ( 'NONE', *, *, #156, .T. ) ;
#1302 = DIRECTION ( 'NONE',  ( -1.000000000000000000, 0.000000000000000000, 0.000000000000000000 ) ) ;
#1303 = EDGE_CURVE ( 'NONE', #1135, #581, #1530, .T. ) ;
#1304 = ORIENTED_EDGE ( 'NONE', *, *, #1825, .T. ) ;
#1305 = CARTESIAN_POINT ( 'NONE',  ( 19.09188309203679168, 19.09188309203679168, 0.000000000000000000 ) ) ;
#1306 = ADVANCED_FACE ( 'NONE', ( #7 ), #245, .F. ) ;
#1307 = DIRECTION ( 'NONE',  ( -1.000000000000000000, 0.000000000000000000, -0.000000000000000000 ) ) ;
#1308 = CARTESIAN_POINT ( 'NONE',  ( -19.68248969043720109, -11.89726821137888990, 96.51999999999999602 ) ) ;
#1309 = CARTESIAN_POINT ( 'NONE',  ( -20.38248969043720393, 11.89726821137888990, 90.40200000000000102 ) ) ;
#1310 = ORIENTED_EDGE ( 'NONE', *, *, #335, .T. ) ;
#1311 = VERTEX_POINT ( 'NONE', #2377 ) ;
#1312 = CARTESIAN_POINT ( 'NONE',  ( 19.68248969043720109, 11.89726821137888990, 4.317999999999999616 ) ) ;
#1313 = ORIENTED_EDGE ( 'NONE', *, *, #2340, .F. ) ;
#1314 = ADVANCED_FACE ( 'NONE', ( #2392 ), #1537, .F. ) ;
#1315 = DIRECTION ( 'NONE',  ( -1.000000000000000000, 0.000000000000000000, 0.000000000000000000 ) ) ;
#1316 = CARTESIAN_POINT ( 'NONE',  ( 25.00000000000007816, 10.35533905932718568, 90.40200000000000102 ) ) ;
#1317 = FACE_OUTER_BOUND ( 'NONE', #2325, .T. ) ;
#1318 = CARTESIAN_POINT ( 'NONE',  ( 25.00000000000007461, 9.621037113853470046, 0.000000000000000000 ) ) ;
#1319 = AXIS2_PLACEMENT_3D ( 'NONE', #347, #2079, #1081 ) ;
#1320 = LINE ( 'NONE', #2296, #2478 ) ;
#1321 = EDGE_LOOP ( 'NONE', ( #809, #2033, #2219, #2534, #1259, #148, #528, #122 ) ) ;
#1322 = AXIS2_PLACEMENT_3D ( 'NONE', #329, #1508, #343 ) ;
#1323 = AXIS2_PLACEMENT_3D ( 'NONE', #316, #1888, #1232 ) ;
#1324 = EDGE_LOOP ( 'NONE', ( #551, #2384 ) ) ;
#1325 = VECTOR ( 'NONE', #1820, 1000.000000000000000 ) ;
#1326 = PRODUCT ( 'midsection', 'midsection', '', ( #1444 ) ) ;
#1327 = AXIS2_PLACEMENT_3D ( 'NONE', #893, #2115, #1120 ) ;
#1328 = DIRECTION ( 'NONE',  ( -0.000000000000000000, -0.000000000000000000, -1.000000000000000000 ) ) ;
#1329 = VECTOR ( 'NONE', #408, 1000.000000000000000 ) ;
#1330 = VERTEX_POINT ( 'NONE', #1228 ) ;
#1331 = CARTESIAN_POINT ( 'NONE',  ( 0.000000000000000000, 9.621037113853470046, 92.20199999999999818 ) ) ;
#1332 = VECTOR ( 'NONE', #2097, 1000.000000000000000 ) ;
#1333 = LINE ( 'NONE', #2130, #631 ) ;
#1334 = DIRECTION ( 'NONE',  ( -1.000000000000000000, 0.000000000000000000, 0.000000000000000000 ) ) ;
#1335 = ADVANCED_FACE ( 'NONE', ( #1987 ), #2504, .F. ) ;
#1336 = PERSON_AND_ORGANIZATION ( #377, #2438 ) ;
#1337 = FACE_BOUND ( 'NONE', #1233, .T. ) ;
#1338 = EDGE_CURVE ( 'NONE', #1892, #1062, #618, .T. ) ;
#1339 = ORIENTED_EDGE ( 'NONE', *, *, #412, .T. ) ;
#1340 = ORIENTED_EDGE ( 'NONE', *, *, #1224, .F. ) ;
#1341 = DIRECTION ( 'NONE',  ( -1.000000000000000000, 0.000000000000000000, 0.000000000000000000 ) ) ;
#1342 = EDGE_LOOP ( 'NONE', ( #750, #2450, #828, #1822 ) ) ;
#1343 = CARTESIAN_POINT ( 'NONE',  ( 11.18376618407356737, -27.00000000000001066, 96.51999999999999602 ) ) ;
#1344 = FACE_OUTER_BOUND ( 'NONE', #1711, .T. ) ;
#1345 = LINE ( 'NONE', #380, #1723 ) ;
#1346 = EDGE_CURVE ( 'NONE', #134, #620, #256, .T. ) ;
#1347 = FACE_OUTER_BOUND ( 'NONE', #2503, .T. ) ;
#1348 = ORIENTED_EDGE ( 'NONE', *, *, #1094, .T. ) ;
#1349 = ORIENTED_EDGE ( 'NONE', *, *, #2166, .F. ) ;
#1350 = EDGE_CURVE ( 'NONE', #158, #1159, #258, .T. ) ;
#1351 = ORIENTED_EDGE ( 'NONE', *, *, #2340, .T. ) ;
#1352 = VECTOR ( 'NONE', #428, 1000.000000000000000 ) ;
#1353 = CARTESIAN_POINT ( 'NONE',  ( 27.00000000000000711, 11.18376618407357981, 96.51999999999999602 ) ) ;
#1354 = CARTESIAN_POINT ( 'NONE',  ( -21.08248969043720678, -11.89726821137888990, 4.317999999999999616 ) ) ;
#1355 = ORIENTED_EDGE ( 'NONE', *, *, #386, .F. ) ;
#1356 = AXIS2_PLACEMENT_3D ( 'NONE', #2244, #1643, #1673 ) ;
#1357 = DIRECTION ( 'NONE',  ( -0.000000000000000000, 0.000000000000000000, 1.000000000000000000 ) ) ;
#1358 = DIRECTION ( 'NONE',  ( 1.000000000000000000, -0.000000000000000000, -0.000000000000000000 ) ) ;
#1359 = CIRCLE ( 'NONE', #1319, 1.999999999999998224 ) ;
#1360 = CARTESIAN_POINT ( 'NONE',  ( 25.00000000000007816, 10.35533905932718923, 6.118000000000000327 ) ) ;
#1361 = VERTEX_POINT ( 'NONE', #2327 ) ;
#1362 = EDGE_LOOP ( 'NONE', ( #2171, #2124 ) ) ;
#1363 = EDGE_CURVE ( 'NONE', #1090, #2187, #1490, .T. ) ;
#1364 = MANIFOLD_SOLID_BREP ( 'Cut-Extrude3', #2120 ) ;
#1365 = ORIENTED_EDGE ( 'NONE', *, *, #1338, .T. ) ;
#1366 = EDGE_CURVE ( 'NONE', #2049, #524, #1788, .T. ) ;
#1367 = VECTOR ( 'NONE', #178, 1000.000000000000000 ) ;
#1368 = AXIS2_PLACEMENT_3D ( 'NONE', #1871, #1223, #74 ) ;
#1369 = CARTESIAN_POINT ( 'NONE',  ( 22.38248969043720393, 11.89726821137888990, 6.118000000000000327 ) ) ;
#1370 = CARTESIAN_POINT ( 'NONE',  ( -20.38248969043720393, 11.89726821137889168, 96.51999999999999602 ) ) ;
#1371 = CARTESIAN_POINT ( 'NONE',  ( 19.68248969043720109, -11.89726821137888990, 92.20199999999999818 ) ) ;
#1372 = CARTESIAN_POINT ( 'NONE',  ( -17.70169356637247660, -9.621037113853470046, -0.000000000000000000 ) ) ;
#1373 = CARTESIAN_POINT ( 'NONE',  ( -20.38248969043720393, -11.89726821137888990, 92.20199999999999818 ) ) ;
#1374 = FACE_OUTER_BOUND ( 'NONE', #450, .T. ) ;
#1375 = ORIENTED_EDGE ( 'NONE', *, *, #1725, .T. ) ;
#1376 = EDGE_LOOP ( 'NONE', ( #1419, #2204 ) ) ;
#1377 = CARTESIAN_POINT ( 'NONE',  ( -19.09188309203678813, -19.09188309203679523, 96.51999999999999602 ) ) ;
#1378 = ORIENTED_EDGE ( 'NONE', *, *, #177, .F. ) ;
#1379 = ORIENTED_EDGE ( 'NONE', *, *, #1651, .F. ) ;
#1380 = ADVANCED_FACE ( 'NONE', ( #807 ), #633, .F. ) ;
#1381 = CARTESIAN_POINT ( 'NONE',  ( 8.572527594031508935E-17, 7.641138126531124897, 92.61828358167323927 ) ) ;
#1382 = CARTESIAN_POINT ( 'NONE',  ( 21.08248969043720678, 11.89726821137888990, 0.000000000000000000 ) ) ;
#1383 = CARTESIAN_POINT ( 'NONE',  ( -19.68248969043720109, 11.89726821137889168, 96.51999999999999602 ) ) ;
#1384 = EDGE_CURVE ( 'NONE', #1468, #1571, #2197, .T. ) ;
#1385 = CARTESIAN_POINT ( 'NONE',  ( -22.38248969043720393, -11.89726821137888990, 4.317999999999999616 ) ) ;
#1386 = DIRECTION ( 'NONE',  ( 0.000000000000000000, -0.000000000000000000, -1.000000000000000000 ) ) ;
#1387 = DIRECTION ( 'NONE',  ( 0.000000000000000000, -1.000000000000000000, -0.000000000000000000 ) ) ;
#1388 = DIRECTION ( 'NONE',  ( 1.000000000000000000, 0.000000000000000000, 0.000000000000000000 ) ) ;
#1389 = VERTEX_POINT ( 'NONE', #1941 ) ;
#1390 = VERTEX_POINT ( 'NONE', #1198 ) ;
#1391 = DIRECTION ( 'NONE',  ( 1.000000000000000000, 0.000000000000000000, 0.000000000000000000 ) ) ;
#1392 = VERTEX_POINT ( 'NONE', #976 ) ;
#1393 = VECTOR ( 'NONE', #1358, 1000.000000000000000 ) ;
#1394 = CARTESIAN_POINT ( 'NONE',  ( 20.38248969043720393, 11.89726821137888990, 90.40200000000000102 ) ) ;
#1395 = FACE_OUTER_BOUND ( 'NONE', #2471, .T. ) ;
#1396 = AXIS2_PLACEMENT_3D ( 'NONE', #2479, #1142, #548 ) ;
#1397 = EDGE_CURVE ( 'NONE', #538, #1510, #1626, .T. ) ;
#1398 = CARTESIAN_POINT ( 'NONE',  ( 20.38248969043720393, 11.89726821137888990, 0.000000000000000000 ) ) ;
#1399 = AXIS2_PLACEMENT_3D ( 'NONE', #536, #140, #1493 ) ;
#1400 = ADVANCED_FACE ( 'NONE', ( #1801, #794 ), #38, .F. ) ;
#1401 = CARTESIAN_POINT ( 'NONE',  ( 17.70169356637248015, 17.65364549295489027, 96.51999999999999602 ) ) ;
#1402 = DIRECTION ( 'NONE',  ( 1.000000000000000000, 0.000000000000000000, 0.000000000000000000 ) ) ;
#1403 = FACE_OUTER_BOUND ( 'NONE', #363, .T. ) ;
#1404 = ORIENTED_EDGE ( 'NONE', *, *, #598, .T. ) ;
#1405 = VERTEX_POINT ( 'NONE', #834 ) ;
#1406 = EDGE_LOOP ( 'NONE', ( #114, #1220 ) ) ;
#1407 = VECTOR ( 'NONE', #892, 1000.000000000000114 ) ;
#1408 = CYLINDRICAL_SURFACE ( 'NONE', #2206, 1.999999999999998224 ) ;
#1409 = ORIENTED_EDGE ( 'NONE', *, *, #1224, .T. ) ;
#1410 = DIRECTION ( 'NONE',  ( 0.000000000000000000, 0.000000000000000000, -1.000000000000000000 ) ) ;
#1411 = PLANE ( 'NONE',  #61 ) ;
#1412 = CARTESIAN_POINT ( 'NONE',  ( 20.38248969043720393, 11.89726821137888990, 4.317999999999999616 ) ) ;
#1413 = VECTOR ( 'NONE', #224, 999.9999999999998863 ) ;
#1414 = CYLINDRICAL_SURFACE ( 'NONE', #658, 0.7000000000000027311 ) ;
#1415 = ADVANCED_FACE ( 'NONE', ( #2225 ), #2024, .F. ) ;
#1416 = CARTESIAN_POINT ( 'NONE',  ( 0.000000000000000000, 0.000000000000000000, 4.317999999999999616 ) ) ;
#1417 = DIRECTION ( 'NONE',  ( -0.000000000000000000, 0.000000000000000000, 1.000000000000000000 ) ) ;
#1418 = ORIENTED_EDGE ( 'NONE', *, *, #2481, .F. ) ;
#1419 = ORIENTED_EDGE ( 'NONE', *, *, #948, .F. ) ;
#1420 = VERTEX_POINT ( 'NONE', #896 ) ;
#1421 = LINE ( 'NONE', #2227, #1413 ) ;
#1422 = FACE_OUTER_BOUND ( 'NONE', #2098, .T. ) ;
#1423 = ORIENTED_EDGE ( 'NONE', *, *, #1884, .F. ) ;
#1424 = CARTESIAN_POINT ( 'NONE',  ( -20.38248969043720393, 11.89726821137888990, 90.40200000000000102 ) ) ;
#1425 = CARTESIAN_POINT ( 'NONE',  ( 0.000000000000000000, 9.621037113853470046, 3.201716418326755687 ) ) ;
#1426 = CARTESIAN_POINT ( 'NONE',  ( 20.38248969043720393, 11.89726821137888990, 4.317999999999999616 ) ) ;
#1427 = DIRECTION ( 'NONE',  ( 1.000000000000000000, 0.000000000000000000, 0.000000000000000000 ) ) ;
#1428 = CARTESIAN_POINT ( 'NONE',  ( -27.00000000000001066, -8.375985885340413008E-15, 96.51999999999999602 ) ) ;
#1429 = ADVANCED_FACE ( 'NONE', ( #2044 ), #709, .F. ) ;
#1430 = DIRECTION ( 'NONE',  ( 1.000000000000000000, 0.000000000000000000, 0.000000000000000000 ) ) ;
#1431 = CARTESIAN_POINT ( 'NONE',  ( 25.00000000000007816, -9.621037113853475375, 90.40200000000000102 ) ) ;
#1432 = ORIENTED_EDGE ( 'NONE', *, *, #1164, .T. ) ;
#1433 = ORIENTED_EDGE ( 'NONE', *, *, #1514, .F. ) ;
#1434 = ADVANCED_FACE ( 'NONE', ( #687 ), #1471, .F. ) ;
#1435 = CARTESIAN_POINT ( 'NONE',  ( -25.00000000000007816, -10.35533905932718213, 6.117999999999999439 ) ) ;
#1436 = DIRECTION ( 'NONE',  ( 0.000000000000000000, 0.000000000000000000, -1.000000000000000000 ) ) ;
#1437 = AXIS2_PLACEMENT_3D ( 'NONE', #2182, #6, #964 ) ;
#1438 = CARTESIAN_POINT ( 'NONE',  ( -19.68248969043720109, 11.89726821137888990, 0.000000000000000000 ) ) ;
#1439 = VECTOR ( 'NONE', #592, 1000.000000000000000 ) ;
#1440 = CIRCLE ( 'NONE', #1140, 0.7000000000000009548 ) ;
#1441 = DIRECTION ( 'NONE',  ( 0.000000000000000000, 0.000000000000000000, -1.000000000000000000 ) ) ;
#1442 = CARTESIAN_POINT ( 'NONE',  ( -27.00000000000001066, -8.375985885340413008E-15, 96.51999999999999602 ) ) ;
#1443 = EDGE_LOOP ( 'NONE', ( #2147, #1261, #836, #582 ) ) ;
#1444 = MECHANICAL_CONTEXT ( 'NONE', #595, 'mechanical' ) ;
#1445 = AXIS2_PLACEMENT_3D ( 'NONE', #2054, #498, #273 ) ;
#1446 = ORIENTED_EDGE ( 'NONE', *, *, #452, .F. ) ;
#1447 = VERTEX_POINT ( 'NONE', #1684 ) ;
#1448 = FACE_BOUND ( 'NONE', #1271, .T. ) ;
#1449 = EDGE_CURVE ( 'NONE', #1392, #1158, #1823, .T. ) ;
#1450 = VERTEX_POINT ( 'NONE', #1495 ) ;
#1451 = DIRECTION ( 'NONE',  ( 0.000000000000000000, -1.000000000000000000, 0.000000000000000000 ) ) ;
#1452 = DIRECTION ( 'NONE',  ( 1.000000000000000000, 0.000000000000000000, 0.000000000000000000 ) ) ;
#1453 = EDGE_CURVE ( 'NONE', #763, #780, #2427, .T. ) ;
#1454 = ORIENTED_EDGE ( 'NONE', *, *, #1064, .F. ) ;
#1455 = VECTOR ( 'NONE', #483, 1000.000000000000000 ) ;
#1456 = LINE ( 'NONE', #1268, #200 ) ;
#1457 = CARTESIAN_POINT ( 'NONE',  ( -20.38248969043720393, -11.89726821137888990, 0.000000000000000000 ) ) ;
#1458 = AXIS2_PLACEMENT_3D ( 'NONE', #161, #1662, #919 ) ;
#1459 = DIRECTION ( 'NONE',  ( 0.000000000000000000, -0.000000000000000000, 1.000000000000000000 ) ) ;
#1460 = DIRECTION ( 'NONE',  ( 0.000000000000000000, 1.000000000000000000, 0.000000000000000000 ) ) ;
#1461 = VERTEX_POINT ( 'NONE', #2284 ) ;
#1462 = EDGE_LOOP ( 'NONE', ( #330, #1920 ) ) ;
#1463 = CARTESIAN_POINT ( 'NONE',  ( -25.00000000000007816, 9.621037113853466494, 90.40200000000000102 ) ) ;
#1464 = ORIENTED_EDGE ( 'NONE', *, *, #1636, .F. ) ;
#1465 = DIRECTION ( 'NONE',  ( -1.000000000000000000, 0.000000000000000000, 0.000000000000000000 ) ) ;
#1466 = EDGE_CURVE ( 'NONE', #567, #539, #88, .T. ) ;
#1467 = CARTESIAN_POINT ( 'NONE',  ( -27.00000000000000711, -11.18376618407357270, 0.000000000000000000 ) ) ;
#1468 = VERTEX_POINT ( 'NONE', #1661 ) ;
#1469 = EDGE_CURVE ( 'NONE', #1038, #1938, #1284, .T. ) ;
#1470 = PLANE ( 'NONE',  #165 ) ;
#1471 = CYLINDRICAL_SURFACE ( 'NONE', #1697, 1.999999999999998224 ) ;
#1472 = APPROVAL_ROLE ( '' ) ;
#1473 = LINE ( 'NONE', #2218, #430 ) ;
#1474 = ORIENTED_EDGE ( 'NONE', *, *, #2019, .T. ) ;
#1475 = ORIENTED_EDGE ( 'NONE', *, *, #878, .T. ) ;
#1476 = PLANE ( 'NONE',  #751 ) ;
#1477 = CARTESIAN_POINT ( 'NONE',  ( 17.67766952966382021, 17.67766952966355731, 90.40200000000000102 ) ) ;
#1478 = DIRECTION ( 'NONE',  ( 1.000000000000000000, -7.370867579099568370E-15, 0.000000000000000000 ) ) ;
#1479 = EDGE_CURVE ( 'NONE', #899, #310, #1086, .T. ) ;
#1480 = ORIENTED_EDGE ( 'NONE', *, *, #533, .F. ) ;
#1481 = DIRECTION ( 'NONE',  ( 1.000000000000000000, 0.000000000000000000, 0.000000000000000000 ) ) ;
#1482 = AXIS2_PLACEMENT_3D ( 'NONE', #285, #2084, #276 ) ;
#1483 = CARTESIAN_POINT ( 'NONE',  ( 20.38248969043720393, -11.89726821137889345, 90.40200000000000102 ) ) ;
#1484 = ADVANCED_FACE ( 'NONE', ( #2085 ), #1859, .F. ) ;
#1485 = LINE ( 'NONE', #2088, #272 ) ;
#1486 = EDGE_LOOP ( 'NONE', ( #32, #2238, #462, #2483 ) ) ;
#1487 = ORIENTED_EDGE ( 'NONE', *, *, #485, .F. ) ;
#1488 = CIRCLE ( 'NONE', #705, 1.999999999999998224 ) ;
#1489 = FACE_BOUND ( 'NONE', #1749, .T. ) ;
#1490 = CIRCLE ( 'NONE', #710, 1.999999999999998224 ) ;
#1491 = DIRECTION ( 'NONE',  ( 0.000000000000000000, -1.000000000000000000, 0.000000000000000000 ) ) ;
#1492 = CYLINDRICAL_SURFACE ( 'NONE', #1112, 0.7000000000000027311 ) ;
#1493 = DIRECTION ( 'NONE',  ( -1.000000000000000000, 0.000000000000000000, 0.000000000000000000 ) ) ;
#1494 = AXIS2_PLACEMENT_3D ( 'NONE', #1846, #1296, #2443 ) ;
#1495 = CARTESIAN_POINT ( 'NONE',  ( -17.70169356637248015, -17.65364549295488672, 96.51999999999999602 ) ) ;
#1496 = EDGE_CURVE ( 'NONE', #2143, #797, #1473, .T. ) ;
#1497 = CIRCLE ( 'NONE', #393, 0.7000000000000027311 ) ;
#1498 = CARTESIAN_POINT ( 'NONE',  ( -17.67766952966381311, -17.67766952966355731, 0.000000000000000000 ) ) ;
#1499 = CYLINDRICAL_SURFACE ( 'NONE', #442, 1.999999999999994893 ) ;
#1500 = VERTEX_POINT ( 'NONE', #2446 ) ;
#1501 = EDGE_LOOP ( 'NONE', ( #888, #2343, #913, #1018 ) ) ;
#1502 = VECTOR ( 'NONE', #641, 1000.000000000000000 ) ;
#1503 = CARTESIAN_POINT ( 'NONE',  ( -25.00000000000007816, 0.000000000000000000, 6.118000000000000327 ) ) ;
#1504 = ORIENTED_EDGE ( 'NONE', *, *, #804, .T. ) ;
#1505 = CARTESIAN_POINT ( 'NONE',  ( 18.38248969043720749, 11.89726821137888990, 6.118000000000000327 ) ) ;
#1506 = ORIENTED_EDGE ( 'NONE', *, *, #1569, .F. ) ;
#1507 = LINE ( 'NONE', #2152, #2145 ) ;
#1508 = DIRECTION ( 'NONE',  ( 0.000000000000000000, 1.000000000000000000, 0.000000000000000000 ) ) ;
#1509 = EDGE_LOOP ( 'NONE', ( #73, #810 ) ) ;
#1510 = VERTEX_POINT ( 'NONE', #1863 ) ;
#1511 = CC_DESIGN_DATE_AND_TIME_ASSIGNMENT ( #526, #152, ( #934 ) ) ;
#1512 = CARTESIAN_POINT ( 'NONE',  ( 10.35533905932719101, -25.00000000000008527, 96.51999999999999602 ) ) ;
#1513 = VERTEX_POINT ( 'NONE', #493 ) ;
#1514 = EDGE_CURVE ( 'NONE', #1420, #1584, #674, .T. ) ;
#1515 = DIRECTION ( 'NONE',  ( 0.000000000000000000, -0.000000000000000000, -1.000000000000000000 ) ) ;
#1516 = DIRECTION ( 'NONE',  ( 0.000000000000000000, -1.000000000000000000, -0.000000000000000000 ) ) ;
#1517 = FACE_BOUND ( 'NONE', #959, .T. ) ;
#1518 = CARTESIAN_POINT ( 'NONE',  ( 17.70169356637247660, -9.621037113853470046, 4.317999999999999616 ) ) ;
#1519 = ORIENTED_EDGE ( 'NONE', *, *, #663, .T. ) ;
#1520 = VERTEX_POINT ( 'NONE', #1205 ) ;
#1521 = DIRECTION ( 'NONE',  ( -1.000000000000000000, 0.000000000000000000, 0.000000000000000000 ) ) ;
#1522 = EDGE_LOOP ( 'NONE', ( #2297, #2073, #723, #2174 ) ) ;
#1523 = EDGE_CURVE ( 'NONE', #1447, #1450, #1806, .T. ) ;
#1524 = FACE_BOUND ( 'NONE', #2172, .T. ) ;
#1525 = CIRCLE ( 'NONE', #1356, 1.999999999999998224 ) ;
#1526 = DIRECTION ( 'NONE',  ( -1.000000000000000000, 0.000000000000000000, 0.000000000000000000 ) ) ;
#1527 = VECTOR ( 'NONE', #950, 1000.000000000000000 ) ;
#1528 = ADVANCED_FACE ( 'NONE', ( #1422 ), #59, .F. ) ;
#1529 = LINE ( 'NONE', #2318, #938 ) ;
#1530 = CIRCLE ( 'NONE', #427, 0.7000000000000009548 ) ;
#1531 = APPROVAL_STATUS ( 'not_yet_approved' ) ;
#1532 = LINE ( 'NONE', #965, #2118 ) ;
#1533 = VERTEX_POINT ( 'NONE', #2409 ) ;
#1534 = AXIS2_PLACEMENT_3D ( 'NONE', #1999, #2428, #1200 ) ;
#1535 = EDGE_LOOP ( 'NONE', ( #307, #1650 ) ) ;
#1536 = VECTOR ( 'NONE', #1451, 1000.000000000000000 ) ;
#1537 = PLANE ( 'NONE',  #2196 ) ;
#1538 = CARTESIAN_POINT ( 'NONE',  ( 20.38248969043720393, 11.89726821137889168, 96.51999999999999602 ) ) ;
#1539 = LINE ( 'NONE', #2329, #1951 ) ;
#1540 = ADVANCED_FACE ( 'NONE', ( #1630 ), #236, .T. ) ;
#1541 = DIRECTION ( 'NONE',  ( -0.7071067811865474617, -0.7071067811865474617, 0.000000000000000000 ) ) ;
#1542 = CARTESIAN_POINT ( 'NONE',  ( 0.000000000000000000, 7.641138126531124897, 93.31828358167324211 ) ) ;
#1543 = EDGE_CURVE ( 'NONE', #524, #132, #16, .T. ) ;
#1544 = COORDINATED_UNIVERSAL_TIME_OFFSET ( 5, 0, .BEHIND. ) ;
#1545 = LINE ( 'NONE', #1971, #2516 ) ;
#1546 = ORIENTED_EDGE ( 'NONE', *, *, #126, .T. ) ;
#1547 = ORIENTED_EDGE ( 'NONE', *, *, #1914, .F. ) ;
#1548 = DIRECTION ( 'NONE',  ( 0.000000000000000000, -0.000000000000000000, -1.000000000000000000 ) ) ;
#1549 = DIRECTION ( 'NONE',  ( 1.000000000000000000, 0.000000000000000000, 0.000000000000000000 ) ) ;
#1550 = CARTESIAN_POINT ( 'NONE',  ( 25.00000000000007816, 0.000000000000000000, 6.118000000000000327 ) ) ;
#1551 = CC_DESIGN_PERSON_AND_ORGANIZATION_ASSIGNMENT ( #1336, #733, ( #1876 ) ) ;
#1552 = APPROVAL_ROLE ( '' ) ;
#1553 = ADVANCED_FACE ( 'NONE', ( #652 ), #91, .T. ) ;
#1554 = LINE ( 'NONE', #1145, #1831 ) ;
#1555 = ORIENTED_EDGE ( 'NONE', *, *, #1830, .F. ) ;
#1556 = ORIENTED_EDGE ( 'NONE', *, *, #357, .F. ) ;
#1557 = AXIS2_PLACEMENT_3D ( 'NONE', #730, #1694, #765 ) ;
#1558 = VECTOR ( 'NONE', #1177, 1000.000000000000000 ) ;
#1559 = ORIENTED_EDGE ( 'NONE', *, *, #275, .T. ) ;
#1560 = AXIS2_PLACEMENT_3D ( 'NONE', #1709, #1947, #1334 ) ;
#1561 = DIRECTION ( 'NONE',  ( -1.000000000000000000, 0.000000000000000000, 0.000000000000000000 ) ) ;
#1562 = CARTESIAN_POINT ( 'NONE',  ( -22.38248969043720393, -11.89726821137888990, 6.118000000000000327 ) ) ;
#1563 = DIRECTION ( 'NONE',  ( 0.000000000000000000, -1.000000000000000000, 0.000000000000000000 ) ) ;
#1564 = DIRECTION ( 'NONE',  ( 0.000000000000000000, -0.000000000000000000, -1.000000000000000000 ) ) ;
#1565 = VECTOR ( 'NONE', #916, 1000.000000000000000 ) ;
#1566 = CYLINDRICAL_SURFACE ( 'NONE', #95, 0.7000000000000027311 ) ;
#1567 = ORIENTED_EDGE ( 'NONE', *, *, #172, .T. ) ;
#1568 = EDGE_LOOP ( 'NONE', ( #2251, #1150, #1348, #798 ) ) ;
#1569 = EDGE_CURVE ( 'NONE', #221, #1760, #1638, .T. ) ;
#1570 = DIRECTION ( 'NONE',  ( 0.000000000000000000, 0.000000000000000000, -1.000000000000000000 ) ) ;
#1571 = VERTEX_POINT ( 'NONE', #860 ) ;
#1572 = ORIENTED_EDGE ( 'NONE', *, *, #2317, .F. ) ;
#1573 = ADVANCED_FACE ( 'NONE', ( #2048 ), #2228, .F. ) ;
#1574 = AXIS2_PLACEMENT_3D ( 'NONE', #951, #446, #243 ) ;
#1575 = AXIS2_PLACEMENT_3D ( 'NONE', #1279, #849, #1465 ) ;
#1576 = CARTESIAN_POINT ( 'NONE',  ( 19.68248969043720109, -11.89726821137888990, 96.51999999999999602 ) ) ;
#1577 = CARTESIAN_POINT ( 'NONE',  ( 22.38248969043720393, 11.89726821137888990, 6.118000000000000327 ) ) ;
#1578 = VECTOR ( 'NONE', #2354, 1000.000000000000000 ) ;
#1579 = VECTOR ( 'NONE', #68, 1000.000000000000000 ) ;
#1580 = FACE_OUTER_BOUND ( 'NONE', #1865, .T. ) ;
#1581 = CARTESIAN_POINT ( 'NONE',  ( -20.38248969043720393, -11.89726821137888990, 92.20199999999999818 ) ) ;
#1582 = CARTESIAN_POINT ( 'NONE',  ( 20.38248969043720393, 11.89726821137888990, 4.317999999999999616 ) ) ;
#1583 = CARTESIAN_POINT ( 'NONE',  ( 27.00000000000000711, 11.18376618407357981, 0.000000000000000000 ) ) ;
#1584 = VERTEX_POINT ( 'NONE', #2063 ) ;
#1585 = ORIENTED_EDGE ( 'NONE', *, *, #1716, .T. ) ;
#1586 = EDGE_LOOP ( 'NONE', ( #10, #884, #1267, #251 ) ) ;
#1587 = CARTESIAN_POINT ( 'NONE',  ( -18.38248969043720749, -11.89726821137889345, 92.20199999999999818 ) ) ;
#1588 = ADVANCED_FACE ( 'NONE', ( #2016, #2237 ), #1249, .T. ) ;
#1589 = ORIENTED_EDGE ( 'NONE', *, *, #2532, .F. ) ;
#1590 = FACE_OUTER_BOUND ( 'NONE', #2421, .T. ) ;
#1591 = EDGE_CURVE ( 'NONE', #811, #690, #354, .T. ) ;
#1592 = DIRECTION ( 'NONE',  ( 0.000000000000000000, 0.000000000000000000, -1.000000000000000000 ) ) ;
#1593 = DIRECTION ( 'NONE',  ( 1.000000000000000000, 0.000000000000000000, 0.000000000000000000 ) ) ;
#1594 = DIRECTION ( 'NONE',  ( 1.000000000000000000, 0.000000000000000000, 0.000000000000000000 ) ) ;
#1595 = FACE_OUTER_BOUND ( 'NONE', #1486, .T. ) ;
#1596 = DIRECTION ( 'NONE',  ( -0.000000000000000000, -0.000000000000000000, 1.000000000000000000 ) ) ;
#1597 = CARTESIAN_POINT ( 'NONE',  ( -22.38248969043720393, -11.89726821137889345, 90.40200000000000102 ) ) ;
#1598 = EDGE_LOOP ( 'NONE', ( #2040, #1989, #423, #2476 ) ) ;
#1599 = ORIENTED_EDGE ( 'NONE', *, *, #2521, .T. ) ;
#1600 = VERTEX_POINT ( 'NONE', #1061 ) ;
#1601 = DIRECTION ( 'NONE',  ( -1.000000000000000000, 0.000000000000000000, 0.000000000000000000 ) ) ;
#1602 = ORIENTED_EDGE ( 'NONE', *, *, #2230, .F. ) ;
#1603 = VECTOR ( 'NONE', #1832, 1000.000000000000000 ) ;
#1604 = DIRECTION ( 'NONE',  ( -0.000000000000000000, -0.000000000000000000, -1.000000000000000000 ) ) ;
#1605 = CARTESIAN_POINT ( 'NONE',  ( -17.70169356637247660, -9.621037113853470046, 4.317999999999999616 ) ) ;
#1606 = LINE ( 'NONE', #1354, #1151 ) ;
#1607 = VECTOR ( 'NONE', #525, 1000.000000000000000 ) ;
#1608 = EDGE_CURVE ( 'NONE', #780, #2099, #1219, .T. ) ;
#1609 = CARTESIAN_POINT ( 'NONE',  ( 0.000000000000000000, 0.000000000000000000, 6.118000000000000327 ) ) ;
#1610 = VECTOR ( 'NONE', #1827, 1000.000000000000000 ) ;
#1611 = PLANE ( 'NONE',  #379 ) ;
#1612 = CARTESIAN_POINT ( 'NONE',  ( 20.38248969043720393, -11.89726821137889345, 90.40200000000000102 ) ) ;
#1613 = CARTESIAN_POINT ( 'NONE',  ( 0.000000000000000000, 0.000000000000000000, 6.118000000000000327 ) ) ;
#1614 = ORIENTED_EDGE ( 'NONE', *, *, #547, .F. ) ;
#1615 = EDGE_LOOP ( 'NONE', ( #642, #2138, #1916, #2515 ) ) ;
#1616 = VECTOR ( 'NONE', #1341, 1000.000000000000000 ) ;
#1617 = LINE ( 'NONE', #2396, #1829 ) ;
#1618 = CARTESIAN_POINT ( 'NONE',  ( 0.000000000000000000, 7.641138126531124897, 3.201716418326755687 ) ) ;
#1619 = EDGE_LOOP ( 'NONE', ( #1773, #920, #195, #2310 ) ) ;
#1620 = ORIENTED_EDGE ( 'NONE', *, *, #1969, .F. ) ;
#1621 = CARTESIAN_POINT ( 'NONE',  ( 20.38248969043720393, -11.89726821137888990, 0.000000000000000000 ) ) ;
#1622 = VECTOR ( 'NONE', #2011, 1000.000000000000000 ) ;
#1623 = EDGE_CURVE ( 'NONE', #848, #281, #717, .T. ) ;
#1624 = CC_DESIGN_APPROVAL ( #30, ( #934 ) ) ;
#1625 = CARTESIAN_POINT ( 'NONE',  ( 25.00000000000007816, -10.35533905932740240, 90.40200000000000102 ) ) ;
#1626 = LINE ( 'NONE', #1771, #788 ) ;
#1627 = CARTESIAN_POINT ( 'NONE',  ( 21.08248969043720678, -11.89726821137888990, 96.51999999999999602 ) ) ;
#1628 = ORIENTED_EDGE ( 'NONE', *, *, #2181, .T. ) ;
#1629 = CARTESIAN_POINT ( 'NONE',  ( 20.38248969043720393, -11.89726821137889345, 92.20199999999999818 ) ) ;
#1630 = FACE_OUTER_BOUND ( 'NONE', #1891, .T. ) ;
#1631 = ORIENTED_EDGE ( 'NONE', *, *, #1808, .T. ) ;
#1632 = LINE ( 'NONE', #2412, #1536 ) ;
#1633 = DIRECTION ( 'NONE',  ( -7.035828143685951913E-15, -1.000000000000000000, 0.000000000000000000 ) ) ;
#1634 = LINE ( 'NONE', #300, #859 ) ;
#1635 = DIRECTION ( 'NONE',  ( -0.000000000000000000, 0.000000000000000000, 1.000000000000000000 ) ) ;
#1636 = EDGE_CURVE ( 'NONE', #1774, #993, #1320, .T. ) ;
#1637 = CARTESIAN_POINT ( 'NONE',  ( 0.000000000000000000, 0.000000000000000000, 0.000000000000000000 ) ) ;
#1638 = LINE ( 'NONE', #1431, #1502 ) ;
#1639 = ORIENTED_EDGE ( 'NONE', *, *, #1350, .F. ) ;
#1640 = VERTEX_POINT ( 'NONE', #734 ) ;
#1641 = LINE ( 'NONE', #481, #2194 ) ;
#1642 = DIRECTION ( 'NONE',  ( 0.000000000000000000, 0.000000000000000000, -1.000000000000000000 ) ) ;
#1643 = DIRECTION ( 'NONE',  ( 0.000000000000000000, 0.000000000000000000, -1.000000000000000000 ) ) ;
#1644 = AXIS2_PLACEMENT_3D ( 'NONE', #1744, #1357, #2180 ) ;
#1645 = CARTESIAN_POINT ( 'NONE',  ( 0.000000000000000000, 0.000000000000000000, 90.40200000000000102 ) ) ;
#1646 = FACE_OUTER_BOUND ( 'NONE', #2136, .T. ) ;
#1647 = DIRECTION ( 'NONE',  ( -0.000000000000000000, -0.000000000000000000, -1.000000000000000000 ) ) ;
#1648 = CARTESIAN_POINT ( 'NONE',  ( 0.000000000000000000, 9.621037113853470046, 3.201716418326755687 ) ) ;
#1649 = EDGE_LOOP ( 'NONE', ( #924, #477, #44, #2429 ) ) ;
#1650 = ORIENTED_EDGE ( 'NONE', *, *, #2072, .T. ) ;
#1651 = EDGE_CURVE ( 'NONE', #966, #1938, #591, .T. ) ;
#1652 = AXIS2_PLACEMENT_3D ( 'NONE', #611, #999, #2385 ) ;
#1653 = AXIS2_PLACEMENT_3D ( 'NONE', #2092, #1092, #2472 ) ;
#1654 = VERTEX_POINT ( 'NONE', #886 ) ;
#1655 = CARTESIAN_POINT ( 'NONE',  ( 19.68248969043720109, 11.89726821137889168, 96.51999999999999602 ) ) ;
#1656 = EDGE_CURVE ( 'NONE', #521, #2109, #680, .T. ) ;
#1657 = CIRCLE ( 'NONE', #554, 0.7000000000000027311 ) ;
#1658 = EDGE_LOOP ( 'NONE', ( #362, #504, #517, #516 ) ) ;
#1659 = AXIS2_PLACEMENT_3D ( 'NONE', #1017, #435, #1847 ) ;
#1660 = CARTESIAN_POINT ( 'NONE',  ( -20.38248969043720393, 11.89726821137889168, 92.20199999999999818 ) ) ;
#1661 = CARTESIAN_POINT ( 'NONE',  ( -17.70169356637247660, -9.621037113853470046, 6.118000000000000327 ) ) ;
#1662 = DIRECTION ( 'NONE',  ( 0.7071067811865425767, -0.7071067811865525687, 0.000000000000000000 ) ) ;
#1663 = AXIS2_PLACEMENT_3D ( 'NONE', #1034, #1851, #43 ) ;
#1664 = ORIENTED_EDGE ( 'NONE', *, *, #708, .T. ) ;
#1665 = LINE ( 'NONE', #2250, #988 ) ;
#1666 = CARTESIAN_POINT ( 'NONE',  ( -17.70169356637247660, -9.621037113853471823, 92.20199999999999818 ) ) ;
#1667 = VERTEX_POINT ( 'NONE', #527 ) ;
#1668 = EDGE_LOOP ( 'NONE', ( #1281, #2090, #1803, #92 ) ) ;
#1669 = EDGE_CURVE ( 'NONE', #1894, #2049, #1912, .T. ) ;
#1670 = FACE_OUTER_BOUND ( 'NONE', #565, .T. ) ;
#1671 = LINE ( 'NONE', #1039, #1455 ) ;
#1672 = EDGE_CURVE ( 'NONE', #2246, #2099, #1720, .T. ) ;
#1673 = DIRECTION ( 'NONE',  ( -1.000000000000000000, 0.000000000000000000, 0.000000000000000000 ) ) ;
#1674 = CARTESIAN_POINT ( 'NONE',  ( 18.38248969043720749, -11.89726821137888990, 6.118000000000000327 ) ) ;
#1675 = ORIENTED_EDGE ( 'NONE', *, *, #1651, .T. ) ;
#1676 = FACE_OUTER_BOUND ( 'NONE', #319, .T. ) ;
#1677 = EDGE_LOOP ( 'NONE', ( #1378, #111, #2395, #1375 ) ) ;
#1678 = VERTEX_POINT ( 'NONE', #700 ) ;
#1679 = CARTESIAN_POINT ( 'NONE',  ( -21.08248969043720678, -11.89726821137888990, 92.20199999999999818 ) ) ;
#1680 = DIRECTION ( 'NONE',  ( -0.7071067811865474617, 0.7071067811865474617, 0.000000000000000000 ) ) ;
#1681 = VERTEX_POINT ( 'NONE', #130 ) ;
#1682 = EDGE_CURVE ( 'NONE', #1513, #1678, #722, .T. ) ;
#1683 = LINE ( 'NONE', #1674, #1939 ) ;
#1684 = CARTESIAN_POINT ( 'NONE',  ( -17.70169356637257607, -17.65364549295479080, 90.40200000000000102 ) ) ;
#1685 = FACE_BOUND ( 'NONE', #1535, .T. ) ;
#1686 = VECTOR ( 'NONE', #962, 1000.000000000000000 ) ;
#1687 = CARTESIAN_POINT ( 'NONE',  ( 20.38248969043720393, -11.89726821137888990, 96.51999999999999602 ) ) ;
#1688 = ORIENTED_EDGE ( 'NONE', *, *, #2072, .F. ) ;
#1689 = EDGE_LOOP ( 'NONE', ( #928, #969, #1992, #1474, #1870, #2064, #1572, #1620 ) ) ;
#1690 = AXIS2_PLACEMENT_3D ( 'NONE', #556, #2293, #741 ) ;
#1691 = FACE_OUTER_BOUND ( 'NONE', #716, .T. ) ;
#1692 = AXIS2_PLACEMENT_3D ( 'NONE', #983, #1173, #586 ) ;
#1693 = DIRECTION ( 'NONE',  ( 0.000000000000000000, -0.000000000000000000, -1.000000000000000000 ) ) ;
#1694 = DIRECTION ( 'NONE',  ( -0.7071067811865425767, 0.7071067811865525687, 0.000000000000000000 ) ) ;
#1695 = ORIENTED_EDGE ( 'NONE', *, *, #2357, .T. ) ;
#1696 = CARTESIAN_POINT ( 'NONE',  ( -17.70169356637258673, 17.65364549295478369, 90.40200000000000102 ) ) ;
#1697 = AXIS2_PLACEMENT_3D ( 'NONE', #1483, #2071, #512 ) ;
#1698 = EDGE_CURVE ( 'NONE', #1252, #997, #2075, .T. ) ;
#1699 = AXIS2_PLACEMENT_3D ( 'NONE', #1425, #1965, #971 ) ;
#1700 = ADVANCED_FACE ( 'NONE', ( #1880 ), #1499, .F. ) ;
#1701 = LINE ( 'NONE', #537, #2125 ) ;
#1702 = ORIENTED_EDGE ( 'NONE', *, *, #1713, .F. ) ;
#1703 = ORIENTED_EDGE ( 'NONE', *, *, #2116, .T. ) ;
#1704 = DIRECTION ( 'NONE',  ( -1.000000000000000000, 0.000000000000000000, -0.000000000000000000 ) ) ;
#1705 = ORIENTED_EDGE ( 'NONE', *, *, #278, .T. ) ;
#1706 = PLANE ( 'NONE',  #48 ) ;
#1707 = PLANE ( 'NONE',  #1557 ) ;
#1708 = PLANE ( 'NONE',  #2157 ) ;
#1709 = CARTESIAN_POINT ( 'NONE',  ( -20.38248969043720393, -11.89726821137888990, 4.317999999999999616 ) ) ;
#1710 = DIRECTION ( 'NONE',  ( 0.000000000000000000, -1.000000000000000000, 0.000000000000000000 ) ) ;
#1711 = EDGE_LOOP ( 'NONE', ( #453, #2252, #2135, #1864 ) ) ;
#1712 = EDGE_LOOP ( 'NONE', ( #1807, #946, #108, #2367 ) ) ;
#1713 = EDGE_CURVE ( 'NONE', #539, #1021, #912, .T. ) ;
#1714 = FACE_OUTER_BOUND ( 'NONE', #678, .T. ) ;
#1715 = EDGE_LOOP ( 'NONE', ( #867, #2156 ) ) ;
#1716 = EDGE_CURVE ( 'NONE', #890, #1405, #1701, .T. ) ;
#1717 = FACE_BOUND ( 'NONE', #575, .T. ) ;
#1718 = LINE ( 'NONE', #2464, #1242 ) ;
#1719 = AXIS2_PLACEMENT_3D ( 'NONE', #1373, #821, #1156 ) ;
#1720 = LINE ( 'NONE', #923, #1116 ) ;
#1721 = ORIENTED_EDGE ( 'NONE', *, *, #2179, .T. ) ;
#1722 = ORIENTED_EDGE ( 'NONE', *, *, #547, .T. ) ;
#1723 = VECTOR ( 'NONE', #2283, 1000.000000000000000 ) ;
#1724 = CARTESIAN_POINT ( 'NONE',  ( -20.38248969043720393, -11.89726821137888990, 4.317999999999999616 ) ) ;
#1725 = EDGE_CURVE ( 'NONE', #1938, #966, #358, .T. ) ;
#1726 = ORIENTED_EDGE ( 'NONE', *, *, #562, .F. ) ;
#1727 = CARTESIAN_POINT ( 'NONE',  ( 20.38248969043720393, 11.89726821137889168, 92.20199999999999818 ) ) ;
#1728 = CARTESIAN_POINT ( 'NONE',  ( -25.00000000000006750, -9.621037113853471823, 92.20199999999999818 ) ) ;
#1729 = DIRECTION ( 'NONE',  ( -0.7071067811865525687, -0.7071067811865425767, 0.000000000000000000 ) ) ;
#1730 = AXIS2_PLACEMENT_3D ( 'NONE', #443, #2051, #1208 ) ;
#1731 = PERSON_AND_ORGANIZATION ( #377, #2438 ) ;
#1732 = FACE_OUTER_BOUND ( 'NONE', #2362, .T. ) ;
#1733 = VERTEX_POINT ( 'NONE', #1098 ) ;
#1734 = AXIS2_PLACEMENT_3D ( 'NONE', #326, #907, #1526 ) ;
#1735 = ORIENTED_EDGE ( 'NONE', *, *, #1955, .T. ) ;
#1736 = AXIS2_PLACEMENT_3D ( 'NONE', #1370, #2007, #2221 ) ;
#1737 = CIRCLE ( 'NONE', #2400, 1.999999999999998224 ) ;
#1738 = ORIENTED_EDGE ( 'NONE', *, *, #2521, .F. ) ;
#1739 = EDGE_CURVE ( 'NONE', #1513, #1202, #1076, .T. ) ;
#1740 = DIRECTION ( 'NONE',  ( -0.000000000000000000, -0.000000000000000000, -1.000000000000000000 ) ) ;
#1741 = AXIS2_PLACEMENT_3D ( 'NONE', #395, #1157, #2170 ) ;
#1742 = CARTESIAN_POINT ( 'NONE',  ( -20.38248969043720393, 11.89726821137888990, 92.20199999999999818 ) ) ;
#1743 = EDGE_CURVE ( 'NONE', #2309, #2109, #1299, .T. ) ;
#1744 = CARTESIAN_POINT ( 'NONE',  ( 0.000000000000000000, 0.000000000000000000, 92.20199999999999818 ) ) ;
#1745 = CALENDAR_DATE ( 2026, 6, 4 ) ;
#1746 = CARTESIAN_POINT ( 'NONE',  ( 20.38248969043720393, 11.89726821137889168, 92.20199999999999818 ) ) ;
#1747 = ORIENTED_EDGE ( 'NONE', *, *, #1239, .F. ) ;
#1748 = ORIENTED_EDGE ( 'NONE', *, *, #2387, .T. ) ;
#1749 = EDGE_LOOP ( 'NONE', ( #384, #2017 ) ) ;
#1750 = DIRECTION ( 'NONE',  ( 1.000000000000000000, 0.000000000000000000, 0.000000000000000000 ) ) ;
#1751 = DIRECTION ( 'NONE',  ( 1.551108497285260326E-16, -1.000000000000000000, 0.000000000000000000 ) ) ;
#1752 = DIRECTION ( 'NONE',  ( -1.000000000000000000, 0.000000000000000000, 0.000000000000000000 ) ) ;
#1753 = DIRECTION ( 'NONE',  ( -1.000000000000000000, 0.000000000000000000, 0.000000000000000000 ) ) ;
#1754 = CYLINDRICAL_SURFACE ( 'NONE', #2243, 0.7000000000000061728 ) ;
#1755 = ADVANCED_FACE ( 'NONE', ( #1676 ), #2107, .F. ) ;
#1756 = CARTESIAN_POINT ( 'NONE',  ( 18.38248969043721104, 11.89726821137888990, 92.20199999999999818 ) ) ;
#1757 = DIRECTION ( 'NONE',  ( 1.000000000000000000, 0.000000000000000000, 0.000000000000000000 ) ) ;
#1758 = EDGE_CURVE ( 'NONE', #158, #1390, #1199, .T. ) ;
#1759 = VERTEX_POINT ( 'NONE', #1926 ) ;
#1760 = VERTEX_POINT ( 'NONE', #153 ) ;
#1761 = CIRCLE ( 'NONE', #853, 0.7000000000000027311 ) ;
#1762 = CARTESIAN_POINT ( 'NONE',  ( -18.38248969043720749, -11.89726821137888990, 4.317999999999999616 ) ) ;
#1763 = EDGE_LOOP ( 'NONE', ( #1726, #2505, #146, #331 ) ) ;
#1764 = AXIS2_PLACEMENT_3D ( 'NONE', #603, #2529, #229 ) ;
#1765 = LINE ( 'NONE', #1189, #2025 ) ;
#1766 = DIRECTION ( 'NONE',  ( -0.000000000000000000, -0.000000000000000000, 1.000000000000000000 ) ) ;
#1767 = DIRECTION ( 'NONE',  ( 0.000000000000000000, 0.000000000000000000, -1.000000000000000000 ) ) ;
#1768 = AXIS2_PLACEMENT_3D ( 'NONE', #577, #1945, #1781 ) ;
#1769 = EDGE_CURVE ( 'NONE', #1262, #1907, #1485, .T. ) ;
#1770 = FACE_BOUND ( 'NONE', #1172, .T. ) ;
#1771 = CARTESIAN_POINT ( 'NONE',  ( 24.99999999999993605, -9.621037113853470046, 4.317999999999999616 ) ) ;
#1772 = FACE_OUTER_BOUND ( 'NONE', #1677, .T. ) ;
#1773 = ORIENTED_EDGE ( 'NONE', *, *, #126, .F. ) ;
#1774 = VERTEX_POINT ( 'NONE', #1287 ) ;
#1775 = EDGE_CURVE ( 'NONE', #1062, #599, #1554, .T. ) ;
#1776 = CARTESIAN_POINT ( 'NONE',  ( 21.08248969043720678, 11.89726821137888990, 4.317999999999999616 ) ) ;
#1777 = ORIENTED_EDGE ( 'NONE', *, *, #1775, .F. ) ;
#1778 = AXIS2_PLACEMENT_3D ( 'NONE', #655, #1642, #1238 ) ;
#1779 = CIRCLE ( 'NONE', #1073, 0.7000000000000027311 ) ;
#1780 = LOCAL_TIME ( 1, 9, 29.00000000000000000, #2512 ) ;
#1781 = DIRECTION ( 'NONE',  ( -1.000000000000000000, 7.370867579099568370E-15, 0.000000000000000000 ) ) ;
#1782 = LINE ( 'NONE', #1605, #1031 ) ;
#1783 = VECTOR ( 'NONE', #872, 1000.000000000000000 ) ;
#1784 = CC_DESIGN_APPROVAL ( #2015, ( #1876 ) ) ;
#1785 = VECTOR ( 'NONE', #605, 1000.000000000000000 ) ;
#1786 = DIRECTION ( 'NONE',  ( 0.000000000000000000, 0.000000000000000000, -1.000000000000000000 ) ) ;
#1787 = FACE_OUTER_BOUND ( 'NONE', #753, .T. ) ;
#1788 = LINE ( 'NONE', #2137, #911 ) ;
#1789 = DIRECTION ( 'NONE',  ( -1.000000000000000000, 0.000000000000000000, 0.000000000000000000 ) ) ;
#1790 = ORIENTED_EDGE ( 'NONE', *, *, #1739, .F. ) ;
#1791 = ORIENTED_EDGE ( 'NONE', *, *, #1350, .T. ) ;
#1792 = DIRECTION ( 'NONE',  ( -1.000000000000000000, 0.000000000000000000, 0.000000000000000000 ) ) ;
#1793 = EDGE_LOOP ( 'NONE', ( #2069, #2458, #31, #2495 ) ) ;
#1794 = ADVANCED_FACE ( 'NONE', ( #2366 ), #2351, .F. ) ;
#1795 = CARTESIAN_POINT ( 'NONE',  ( -25.00000000000007816, -9.621037113853470046, 6.118000000000000327 ) ) ;
#1796 = DIRECTION ( 'NONE',  ( 0.000000000000000000, 0.000000000000000000, 1.000000000000000000 ) ) ;
#1797 = EDGE_CURVE ( 'NONE', #1733, #1882, #2533, .T. ) ;
#1798 = CARTESIAN_POINT ( 'NONE',  ( 0.000000000000000000, 17.65364549295489027, 93.31828358167324211 ) ) ;
#1799 = FACE_BOUND ( 'NONE', #1324, .T. ) ;
#1800 = CARTESIAN_POINT ( 'NONE',  ( -22.38248969043720393, -11.89726821137888990, 6.118000000000000327 ) ) ;
#1801 = FACE_BOUND ( 'NONE', #376, .T. ) ;
#1802 = DIRECTION ( 'NONE',  ( 1.000000000000000000, 0.000000000000000000, 0.000000000000000000 ) ) ;
#1803 = ORIENTED_EDGE ( 'NONE', *, *, #487, .T. ) ;
#1804 = VERTEX_POINT ( 'NONE', #1360 ) ;
#1805 = DIRECTION ( 'NONE',  ( -0.7071067811865527908, -0.7071067811865422437, 0.000000000000000000 ) ) ;
#1806 = LINE ( 'NONE', #1821, #2440 ) ;
#1807 = ORIENTED_EDGE ( 'NONE', *, *, #1057, .F. ) ;
#1808 = EDGE_CURVE ( 'NONE', #1090, #873, #405, .T. ) ;
#1809 = CARTESIAN_POINT ( 'NONE',  ( -18.38248969043720749, -11.89726821137889345, 90.40200000000000102 ) ) ;
#1810 = VECTOR ( 'NONE', #1729, 999.9999999999998863 ) ;
#1811 = ADVANCED_FACE ( 'NONE', ( #1732 ), #593, .F. ) ;
#1812 = CARTESIAN_POINT ( 'NONE',  ( 17.70169356637248015, 17.65364549295489027, 90.40200000000000102 ) ) ;
#1813 = AXIS2_PLACEMENT_3D ( 'NONE', #2222, #684, #1452 ) ;
#1814 = CARTESIAN_POINT ( 'NONE',  ( -17.67766952966381311, -17.67766952966355731, 96.51999999999999602 ) ) ;
#1815 = CARTESIAN_POINT ( 'NONE',  ( -17.70169356637247660, 0.000000000000000000, 6.118000000000000327 ) ) ;
#1816 = DIRECTION ( 'NONE',  ( 1.000000000000000000, 0.000000000000000000, 0.000000000000000000 ) ) ;
#1817 = ORIENTED_EDGE ( 'NONE', *, *, #1682, .T. ) ;
#1818 = AXIS2_PLACEMENT_3D ( 'NONE', #1251, #1410, #269 ) ;
#1819 = ORIENTED_EDGE ( 'NONE', *, *, #1449, .T. ) ;
#1820 = DIRECTION ( 'NONE',  ( -0.7071067811865424657, 0.7071067811865526798, 0.000000000000000000 ) ) ;
#1821 = CARTESIAN_POINT ( 'NONE',  ( -17.70169356637247660, -17.65364549295488672, 92.20199999999999818 ) ) ;
#1822 = ORIENTED_EDGE ( 'NONE', *, *, #141, .F. ) ;
#1823 = CIRCLE ( 'NONE', #2031, 0.7000000000000027311 ) ;
#1824 = CARTESIAN_POINT ( 'NONE',  ( -19.68248969043720109, 11.89726821137888990, 4.317999999999999616 ) ) ;
#1825 = EDGE_CURVE ( 'NONE', #2093, #2336, #383, .T. ) ;
#1826 = VECTOR ( 'NONE', #1856, 1000.000000000000000 ) ;
#1827 = DIRECTION ( 'NONE',  ( -1.000000000000000000, 0.000000000000000000, 0.000000000000000000 ) ) ;
#1828 = AXIS2_PLACEMENT_3D ( 'NONE', #1618, #2397, #2417 ) ;
#1829 = VECTOR ( 'NONE', #1975, 1000.000000000000000 ) ;
#1830 = EDGE_CURVE ( 'NONE', #1600, #407, #1545, .T. ) ;
#1831 = VECTOR ( 'NONE', #2341, 1000.000000000000000 ) ;
#1832 = DIRECTION ( 'NONE',  ( 0.000000000000000000, 1.000000000000000000, 0.000000000000000000 ) ) ;
#1833 = DIRECTION ( 'NONE',  ( 0.000000000000000000, 0.000000000000000000, 1.000000000000000000 ) ) ;
#1834 = PLANE ( 'NONE',  #434 ) ;
#1835 = CARTESIAN_POINT ( 'NONE',  ( 17.70169356637247660, 0.000000000000000000, 0.000000000000000000 ) ) ;
#1836 = DIRECTION ( 'NONE',  ( 0.000000000000000000, 0.000000000000000000, -1.000000000000000000 ) ) ;
#1837 = ORIENTED_EDGE ( 'NONE', *, *, #1479, .T. ) ;
#1838 = VERTEX_POINT ( 'NONE', #193 ) ;
#1839 = CYLINDRICAL_SURFACE ( 'NONE', #1730, 1.999999999999994893 ) ;
#1840 = ORIENTED_EDGE ( 'NONE', *, *, #156, .F. ) ;
#1841 = LINE ( 'NONE', #1253, #1826 ) ;
#1842 = CARTESIAN_POINT ( 'NONE',  ( 21.08248969043720678, 11.89726821137889168, 92.20199999999999818 ) ) ;
#1843 = ORIENTED_EDGE ( 'NONE', *, *, #1543, .T. ) ;
#1844 = DIRECTION ( 'NONE',  ( -1.000000000000000000, 0.000000000000000000, 0.000000000000000000 ) ) ;
#1845 = ADVANCED_FACE ( 'NONE', ( #1374 ), #1133, .F. ) ;
#1846 = CARTESIAN_POINT ( 'NONE',  ( 20.38248969043720393, -11.89726821137889345, 90.40200000000000102 ) ) ;
#1847 = DIRECTION ( 'NONE',  ( -1.000000000000000000, 0.000000000000000000, 0.000000000000000000 ) ) ;
#1848 = ORIENTED_EDGE ( 'NONE', *, *, #14, .F. ) ;
#1849 = CARTESIAN_POINT ( 'NONE',  ( 17.70169356637248015, 0.000000000000000000, 90.40200000000000102 ) ) ;
#1850 = ADVANCED_FACE ( 'NONE', ( #1772 ), #977, .F. ) ;
#1851 = DIRECTION ( 'NONE',  ( 1.000000000000000000, -7.035828143685952702E-15, 0.000000000000000000 ) ) ;
#1852 = ORIENTED_EDGE ( 'NONE', *, *, #1149, .F. ) ;
#1853 = ORIENTED_EDGE ( 'NONE', *, *, #1808, .F. ) ;
#1854 = FACE_OUTER_BOUND ( 'NONE', #2288, .T. ) ;
#1855 = ORIENTED_EDGE ( 'NONE', *, *, #2146, .F. ) ;
#1856 = DIRECTION ( 'NONE',  ( 0.000000000000000000, -1.000000000000000000, 0.000000000000000000 ) ) ;
#1857 = AXIS2_PLACEMENT_3D ( 'NONE', #2465, #1908, #955 ) ;
#1858 = CARTESIAN_POINT ( 'NONE',  ( -22.38248969043720038, 11.89726821137888990, 90.40200000000000102 ) ) ;
#1859 = CYLINDRICAL_SURFACE ( 'NONE', #1323, 1.999999999999998224 ) ;
#1860 = DIRECTION ( 'NONE',  ( 0.000000000000000000, 0.000000000000000000, -1.000000000000000000 ) ) ;
#1861 = EDGE_CURVE ( 'NONE', #436, #418, #1532, .T. ) ;
#1862 = APPROVAL_DATE_TIME ( #317, #30 ) ;
#1863 = CARTESIAN_POINT ( 'NONE',  ( 24.99999999999993605, -9.621037113853470046, 0.000000000000000000 ) ) ;
#1864 = ORIENTED_EDGE ( 'NONE', *, *, #1656, .F. ) ;
#1865 = EDGE_LOOP ( 'NONE', ( #25, #1111, #2111, #2514 ) ) ;
#1866 = AXIS2_PLACEMENT_3D ( 'NONE', #1538, #1548, #970 ) ;
#1867 = EDGE_CURVE ( 'NONE', #1262, #13, #1657, .T. ) ;
#1868 = CARTESIAN_POINT ( 'NONE',  ( 20.38248969043720393, 11.89726821137888990, 92.20199999999999818 ) ) ;
#1869 = CIRCLE ( 'NONE', #1818, 1.999999999999994893 ) ;
#1870 = ORIENTED_EDGE ( 'NONE', *, *, #2493, .F. ) ;
#1871 = CARTESIAN_POINT ( 'NONE',  ( -17.70169356637247660, 0.000000000000000000, 4.317999999999999616 ) ) ;
#1872 = LINE ( 'NONE', #100, #1610 ) ;
#1873 = EDGE_LOOP ( 'NONE', ( #2460, #495, #957, #482 ) ) ;
#1874 = VECTOR ( 'NONE', #612, 999.9999999999998863 ) ;
#1875 = CARTESIAN_POINT ( 'NONE',  ( -25.00000000000007816, 10.35533905932739174, 90.40200000000000102 ) ) ;
#1876 = PRODUCT_DEFINITION_FORMATION_WITH_SPECIFIED_SOURCE ( 'ANY', '', #1326, .NOT_KNOWN. ) ;
#1877 = VECTOR ( 'NONE', #748, 1000.000000000000000 ) ;
#1878 = ORIENTED_EDGE ( 'NONE', *, *, #2416, .T. ) ;
#1879 = CALENDAR_DATE ( 2026, 6, 4 ) ;
#1880 = FACE_OUTER_BOUND ( 'NONE', #2030, .T. ) ;
#1881 = ORIENTED_EDGE ( 'NONE', *, *, #954, .F. ) ;
#1882 = VERTEX_POINT ( 'NONE', #1583 ) ;
#1883 = DIRECTION ( 'NONE',  ( -0.000000000000000000, 0.000000000000000000, 1.000000000000000000 ) ) ;
#1884 = EDGE_CURVE ( 'NONE', #1110, #813, #870, .T. ) ;
#1885 = FACE_OUTER_BOUND ( 'NONE', #1501, .T. ) ;
#1886 = EDGE_LOOP ( 'NONE', ( #225, #1937, #1506, #2298 ) ) ;
#1887 = LINE ( 'NONE', #883, #973 ) ;
#1888 = DIRECTION ( 'NONE',  ( -0.000000000000000000, -0.000000000000000000, -1.000000000000000000 ) ) ;
#1889 = DIRECTION ( 'NONE',  ( 0.000000000000000000, 0.000000000000000000, 1.000000000000000000 ) ) ;
#1890 = DIRECTION ( 'NONE',  ( -0.000000000000000000, -1.000000000000000000, 0.000000000000000000 ) ) ;
#1891 = EDGE_LOOP ( 'NONE', ( #857, #762, #274, #851, #800, #1702, #1556, #1722, #2274, #1138, #2352, #2381 ) ) ;
#1892 = VERTEX_POINT ( 'NONE', #1988 ) ;
#1893 = CYLINDRICAL_SURFACE ( 'NONE', #628, 0.7000000000000027311 ) ;
#1894 = VERTEX_POINT ( 'NONE', #573 ) ;
#1895 = EDGE_CURVE ( 'NONE', #811, #581, #2184, .T. ) ;
#1896 = ORIENTED_EDGE ( 'NONE', *, *, #583, .T. ) ;
#1897 = ADVANCED_FACE ( 'NONE', ( #1347 ), #1566, .F. ) ;
#1898 = DIRECTION ( 'NONE',  ( -0.7071067811865475727, 0.7071067811865475727, 0.000000000000000000 ) ) ;
#1899 = PERSON_AND_ORGANIZATION ( #377, #2438 ) ;
#1900 = CARTESIAN_POINT ( 'NONE',  ( 20.38248969043720393, -11.89726821137888990, 0.000000000000000000 ) ) ;
#1901 = EDGE_LOOP ( 'NONE', ( #2410, #2200 ) ) ;
#1902 = EDGE_LOOP ( 'NONE', ( #1184, #2050, #1843, #607 ) ) ;
#1903 = CYLINDRICAL_SURFACE ( 'NONE', #470, 1.999999999999998224 ) ;
#1904 = ORIENTED_EDGE ( 'NONE', *, *, #814, .T. ) ;
#1905 = VECTOR ( 'NONE', #1328, 1000.000000000000000 ) ;
#1906 = FACE_BOUND ( 'NONE', #1715, .T. ) ;
#1907 = VERTEX_POINT ( 'NONE', #761 ) ;
#1908 = DIRECTION ( 'NONE',  ( -0.000000000000000000, -0.000000000000000000, -1.000000000000000000 ) ) ;
#1909 = ADVANCED_FACE ( 'NONE', ( #220, #795, #564, #1337, #2134, #2334 ), #1004, .T. ) ;
#1910 = VECTOR ( 'NONE', #1254, 1000.000000000000114 ) ;
#1911 = VECTOR ( 'NONE', #2249, 1000.000000000000000 ) ;
#1912 = CIRCLE ( 'NONE', #2121, 0.7000000000000027311 ) ;
#1913 = DIRECTION ( 'NONE',  ( 1.000000000000000000, 0.000000000000000000, 0.000000000000000000 ) ) ;
#1914 = EDGE_CURVE ( 'NONE', #233, #2342, #844, .T. ) ;
#1915 = EDGE_LOOP ( 'NONE', ( #1817, #2418, #1950, #2337 ) ) ;
#1916 = ORIENTED_EDGE ( 'NONE', *, *, #1384, .T. ) ;
#1917 = LOCAL_TIME ( 1, 9, 29.00000000000000000, #1544 ) ;
#1918 = AXIS2_PLACEMENT_3D ( 'NONE', #1960, #24, #2142 ) ;
#1919 = DIRECTION ( 'NONE',  ( -0.7071067811865474617, -0.7071067811865474617, 0.000000000000000000 ) ) ;
#1920 = ORIENTED_EDGE ( 'NONE', *, *, #2193, .F. ) ;
#1921 = DIRECTION ( 'NONE',  ( 0.000000000000000000, -0.000000000000000000, -1.000000000000000000 ) ) ;
#1922 = PLANE ( 'NONE',  #11 ) ;
#1923 = CARTESIAN_POINT ( 'NONE',  ( 19.09188309203678813, -19.09188309203678813, 96.51999999999999602 ) ) ;
#1924 = EDGE_CURVE ( 'NONE', #86, #1838, #2415, .T. ) ;
#1925 = PERSON_AND_ORGANIZATION_ROLE ( 'classification_officer' ) ;
#1926 = CARTESIAN_POINT ( 'NONE',  ( 25.00000000000007461, 9.621037113853470046, 96.51999999999999602 ) ) ;
#1927 = EDGE_LOOP ( 'NONE', ( #2267, #1182, #1504, #1077, #441, #862, #1855, #1454, #847, #2077 ) ) ;
#1928 = ORIENTED_EDGE ( 'NONE', *, *, #1591, .T. ) ;
#1929 = ADVANCED_FACE ( 'NONE', ( #288 ), #2226, .F. ) ;
#1930 = DIRECTION ( 'NONE',  ( -1.000000000000000000, 0.000000000000000000, 0.000000000000000000 ) ) ;
#1931 = ORIENTED_EDGE ( 'NONE', *, *, #401, .T. ) ;
#1932 = CARTESIAN_POINT ( 'NONE',  ( 17.70169356637248015, -17.65364549295479080, 90.40200000000000102 ) ) ;
#1933 = FACE_BOUND ( 'NONE', #1300, .T. ) ;
#1934 = LINE ( 'NONE', #1131, #1810 ) ;
#1935 = DATE_AND_TIME ( #1745, #2322 ) ;
#1936 = DIRECTION ( 'NONE',  ( -0.000000000000000000, -0.000000000000000000, -1.000000000000000000 ) ) ;
#1937 = ORIENTED_EDGE ( 'NONE', *, *, #804, .F. ) ;
#1938 = VERTEX_POINT ( 'NONE', #1627 ) ;
#1939 = VECTOR ( 'NONE', #2455, 1000.000000000000000 ) ;
#1940 = ADVANCED_FACE ( 'NONE', ( #1646, #648 ), #2026, .F. ) ;
#1941 = CARTESIAN_POINT ( 'NONE',  ( 0.000000000000000000, 9.621037113853470046, 94.01828358167324495 ) ) ;
#1942 = EDGE_LOOP ( 'NONE', ( #1126, #2356, #323, #1878, #398, #1409, #1555, #594 ) ) ;
#1943 = ADVANCED_FACE ( 'NONE', ( #808 ), #55, .T. ) ;
#1944 = AXIS2_PLACEMENT_3D ( 'NONE', #1609, #2388, #850 ) ;
#1945 = DIRECTION ( 'NONE',  ( 7.370867579099568370E-15, 1.000000000000000000, -0.000000000000000000 ) ) ;
#1946 = LINE ( 'NONE', #1371, #1367 ) ;
#1947 = DIRECTION ( 'NONE',  ( 0.000000000000000000, 0.000000000000000000, -1.000000000000000000 ) ) ;
#1948 = DIRECTION ( 'NONE',  ( -0.000000000000000000, -0.000000000000000000, -1.000000000000000000 ) ) ;
#1949 = DIRECTION ( 'NONE',  ( 0.000000000000000000, 0.000000000000000000, -1.000000000000000000 ) ) ;
#1950 = ORIENTED_EDGE ( 'NONE', *, *, #708, .F. ) ;
#1951 = VECTOR ( 'NONE', #775, 1000.000000000000000 ) ;
#1952 = ORIENTED_EDGE ( 'NONE', *, *, #401, .F. ) ;
#1953 = CC_DESIGN_APPROVAL ( #46, ( #2039 ) ) ;
#1954 = ORIENTED_EDGE ( 'NONE', *, *, #2166, .T. ) ;
#1955 = EDGE_CURVE ( 'NONE', #1047, #1882, #449, .T. ) ;
#1956 = LINE ( 'NONE', #1369, #2468 ) ;
#1957 = CARTESIAN_POINT ( 'NONE',  ( 27.00000000000001066, 4.187992942670204927E-15, 96.51999999999999602 ) ) ;
#1958 = DIRECTION ( 'NONE',  ( -0.7071067811865422437, 0.7071067811865527908, 0.000000000000000000 ) ) ;
#1959 = DIRECTION ( 'NONE',  ( 1.000000000000000000, 0.000000000000000000, 0.000000000000000000 ) ) ;
#1960 = CARTESIAN_POINT ( 'NONE',  ( 20.38248969043720393, -11.89726821137888990, 92.20199999999999818 ) ) ;
#1961 = ORIENTED_EDGE ( 'NONE', *, *, #2259, .T. ) ;
#1962 = VERTEX_POINT ( 'NONE', #259 ) ;
#1963 = ORIENTED_EDGE ( 'NONE', *, *, #1769, .T. ) ;
#1964 = LINE ( 'NONE', #1381, #1527 ) ;
#1965 = DIRECTION ( 'NONE',  ( 0.000000000000000000, 1.000000000000000000, 0.000000000000000000 ) ) ;
#1966 = CC_DESIGN_PERSON_AND_ORGANIZATION_ASSIGNMENT ( #90, #2445, ( #1326 ) ) ;
#1967 = ORIENTED_EDGE ( 'NONE', *, *, #2286, .F. ) ;
#1968 = FACE_OUTER_BOUND ( 'NONE', #1873, .T. ) ;
#1969 = EDGE_CURVE ( 'NONE', #2105, #1103, #1032, .T. ) ;
#1970 = FACE_OUTER_BOUND ( 'NONE', #637, .T. ) ;
#1971 = CARTESIAN_POINT ( 'NONE',  ( 17.67766952966356442, -17.67766952966381666, 0.000000000000000000 ) ) ;
#1972 = VERTEX_POINT ( 'NONE', #657 ) ;
#1973 = ORIENTED_EDGE ( 'NONE', *, *, #739, .T. ) ;
#1974 = CIRCLE ( 'NONE', #737, 0.7000000000000027311 ) ;
#1975 = DIRECTION ( 'NONE',  ( 0.000000000000000000, 0.000000000000000000, 1.000000000000000000 ) ) ;
#1976 = ORIENTED_EDGE ( 'NONE', *, *, #1716, .F. ) ;
#1977 = VECTOR ( 'NONE', #1563, 1000.000000000000000 ) ;
#1978 = DIRECTION ( 'NONE',  ( -1.000000000000000000, 0.000000000000000000, 0.000000000000000000 ) ) ;
#1979 = LINE ( 'NONE', #211, #1152 ) ;
#1980 = AXIS2_PLACEMENT_3D ( 'NONE', #866, #2439, #667 ) ;
#1981 = PLANE ( 'NONE',  #1644 ) ;
#1982 = PRODUCT_RELATED_PRODUCT_CATEGORY ( 'detail', '', ( #1326 ) ) ;
#1983 = VECTOR ( 'NONE', #756, 1000.000000000000000 ) ;
#1984 = CARTESIAN_POINT ( 'NONE',  ( 0.000000000000000000, 7.641138126531124897, 94.01828358167324495 ) ) ;
#1985 = AXIS2_PLACEMENT_3D ( 'NONE', #2494, #738, #703 ) ;
#1986 = ADVANCED_FACE ( 'NONE', ( #2198 ), #1834, .F. ) ;
#1987 = FACE_OUTER_BOUND ( 'NONE', #372, .T. ) ;
#1988 = CARTESIAN_POINT ( 'NONE',  ( 17.70169356637259384, 17.65364549295478369, 6.117999999999998550 ) ) ;
#1989 = ORIENTED_EDGE ( 'NONE', *, *, #830, .F. ) ;
#1990 = VERTEX_POINT ( 'NONE', #2045 ) ;
#1991 = LINE ( 'NONE', #2408, #559 ) ;
#1992 = ORIENTED_EDGE ( 'NONE', *, *, #2146, .T. ) ;
#1993 = AXIS2_PLACEMENT_3D ( 'NONE', #2034, #271, #665 ) ;
#1994 = CIRCLE ( 'NONE', #953, 1.999999999999998224 ) ;
#1995 = CARTESIAN_POINT ( 'NONE',  ( 25.00000000000007461, 9.621037113853470046, 6.118000000000000327 ) ) ;
#1996 = LINE ( 'NONE', #2167, #2353 ) ;
#1997 = DIRECTION ( 'NONE',  ( -0.000000000000000000, -0.000000000000000000, -1.000000000000000000 ) ) ;
#1998 = CARTESIAN_POINT ( 'NONE',  ( 17.70169356637247660, 17.65364549295478369, 6.118000000000000327 ) ) ;
#1999 = CARTESIAN_POINT ( 'NONE',  ( 0.000000000000000000, 0.000000000000000000, 92.20199999999999818 ) ) ;
#2000 = VERTEX_POINT ( 'NONE', #1044 ) ;
#2001 = ORIENTED_EDGE ( 'NONE', *, *, #906, .F. ) ;
#2002 = EDGE_CURVE ( 'NONE', #1252, #945, #634, .T. ) ;
#2003 = LINE ( 'NONE', #1776, #718 ) ;
#2004 = DIRECTION ( 'NONE',  ( 0.000000000000000000, 0.000000000000000000, 1.000000000000000000 ) ) ;
#2005 = EDGE_LOOP ( 'NONE', ( #26, #1487, #1464, #2233 ) ) ;
#2006 = DIRECTION ( 'NONE',  ( -0.000000000000000000, -0.000000000000000000, -1.000000000000000000 ) ) ;
#2007 = DIRECTION ( 'NONE',  ( -0.000000000000000000, 0.000000000000000000, 1.000000000000000000 ) ) ;
#2008 = LINE ( 'NONE', #1001, #941 ) ;
#2009 = LINE ( 'NONE', #192, #1558 ) ;
#2010 = CARTESIAN_POINT ( 'NONE',  ( 0.000000000000000000, 17.65364549295489027, 3.201716418326755687 ) ) ;
#2011 = DIRECTION ( 'NONE',  ( -0.000000000000000000, -0.000000000000000000, -1.000000000000000000 ) ) ;
#2012 = ORIENTED_EDGE ( 'NONE', *, *, #1239, .T. ) ;
#2013 = VERTEX_POINT ( 'NONE', #1597 ) ;
#2014 = DIRECTION ( 'NONE',  ( -0.000000000000000000, -0.000000000000000000, -1.000000000000000000 ) ) ;
#2015 = APPROVAL ( #1531, 'UNSPECIFIED' ) ;
#2016 = FACE_OUTER_BOUND ( 'NONE', #757, .T. ) ;
#2017 = ORIENTED_EDGE ( 'NONE', *, *, #1255, .T. ) ;
#2018 = DIRECTION ( 'NONE',  ( -0.000000000000000000, -0.000000000000000000, 1.000000000000000000 ) ) ;
#2019 = EDGE_CURVE ( 'NONE', #2313, #306, #854, .T. ) ;
#2020 = LINE ( 'NONE', #1824, #555 ) ;
#2021 = CIRCLE ( 'NONE', #2068, 0.7000000000000061728 ) ;
#2022 = DIRECTION ( 'NONE',  ( 1.000000000000000000, -0.000000000000000000, -0.000000000000000000 ) ) ;
#2023 = DIRECTION ( 'NONE',  ( 1.000000000000000000, 0.000000000000000000, 0.000000000000000000 ) ) ;
#2024 = CYLINDRICAL_SURFACE ( 'NONE', #391, 1.999999999999998224 ) ;
#2025 = VECTOR ( 'NONE', #773, 1000.000000000000000 ) ;
#2026 = PLANE ( 'NONE',  #1534 ) ;
#2027 = VECTOR ( 'NONE', #2006, 1000.000000000000000 ) ;
#2028 = DIRECTION ( 'NONE',  ( -0.7071067811865525687, -0.7071067811865425767, 0.000000000000000000 ) ) ;
#2029 = DIRECTION ( 'NONE',  ( 3.102216994570522131E-16, -1.000000000000000000, 0.000000000000000000 ) ) ;
#2030 = EDGE_LOOP ( 'NONE', ( #82, #1931, #154, #982 ) ) ;
#2031 = AXIS2_PLACEMENT_3D ( 'NONE', #1457, #2059, #77 ) ;
#2032 = CYLINDRICAL_SURFACE ( 'NONE', #585, 0.7000000000000027311 ) ;
#2033 = ORIENTED_EDGE ( 'NONE', *, *, #241, .T. ) ;
#2034 = CARTESIAN_POINT ( 'NONE',  ( 20.38248969043720393, -11.89726821137888990, 4.317999999999999616 ) ) ;
#2035 = VECTOR ( 'NONE', #1593, 1000.000000000000000 ) ;
#2036 = EDGE_CURVE ( 'NONE', #997, #2080, #2083, .T. ) ;
#2037 = CIRCLE ( 'NONE', #1575, 1.999999999999998224 ) ;
#2038 = CARTESIAN_POINT ( 'NONE',  ( 21.08248969043720678, 11.89726821137889168, 96.51999999999999602 ) ) ;
#2039 = SECURITY_CLASSIFICATION ( '', '', #1132 ) ;
#2040 = ORIENTED_EDGE ( 'NONE', *, *, #34, .T. ) ;
#2041 = AXIS2_PLACEMENT_3D ( 'NONE', #2523, #1949, #1789 ) ;
#2042 = ADVANCED_FACE ( 'NONE', ( #490 ), #1257, .F. ) ;
#2043 = CARTESIAN_POINT ( 'NONE',  ( 25.00000000000007461, 9.621037113853470046, 4.317999999999999616 ) ) ;
#2044 = FACE_OUTER_BOUND ( 'NONE', #163, .T. ) ;
#2045 = CARTESIAN_POINT ( 'NONE',  ( 17.70169356637248015, -9.621037113853471823, 96.51999999999999602 ) ) ;
#2046 = UNCERTAINTY_MEASURE_WITH_UNIT (LENGTH_MEASURE( 1.000000000000000082E-05 ), #885, 'distance_accuracy_value', 'NONE');
#2047 = DIRECTION ( 'NONE',  ( 0.000000000000000000, -1.000000000000000000, 0.000000000000000000 ) ) ;
#2048 = FACE_OUTER_BOUND ( 'NONE', #1668, .T. ) ;
#2049 = VERTEX_POINT ( 'NONE', #1056 ) ;
#2050 = ORIENTED_EDGE ( 'NONE', *, *, #1366, .T. ) ;
#2051 = DIRECTION ( 'NONE',  ( -0.000000000000000000, -0.000000000000000000, 1.000000000000000000 ) ) ;
#2052 = ORIENTED_EDGE ( 'NONE', *, *, #2286, .T. ) ;
#2053 = DIRECTION ( 'NONE',  ( 0.000000000000000000, 0.000000000000000000, 1.000000000000000000 ) ) ;
#2054 = CARTESIAN_POINT ( 'NONE',  ( -20.38248969043720393, -11.89726821137888990, 96.51999999999999602 ) ) ;
#2055 = CARTESIAN_POINT ( 'NONE',  ( 25.00000000000007816, -9.621037113853475375, 90.40200000000000102 ) ) ;
#2056 = ADVANCED_FACE ( 'NONE', ( #619, #1403, #39 ), #823, .T. ) ;
#2057 = ORIENTED_EDGE ( 'NONE', *, *, #783, .F. ) ;
#2058 = CARTESIAN_POINT ( 'NONE',  ( -25.00000000000007816, 0.000000000000000000, 90.40200000000000102 ) ) ;
#2059 = DIRECTION ( 'NONE',  ( 0.000000000000000000, 0.000000000000000000, -1.000000000000000000 ) ) ;
#2060 = CARTESIAN_POINT ( 'NONE',  ( -20.38248969043720393, -11.89726821137889345, 90.40200000000000102 ) ) ;
#2061 = ADVANCED_FACE ( 'NONE', ( #2497 ), #2129, .T. ) ;
#2062 = DIRECTION ( 'NONE',  ( 0.7071067811865424657, -0.7071067811865526798, 0.000000000000000000 ) ) ;
#2063 = CARTESIAN_POINT ( 'NONE',  ( -21.08248969043720678, -11.89726821137888990, 4.317999999999999616 ) ) ;
#2064 = ORIENTED_EDGE ( 'NONE', *, *, #894, .F. ) ;
#2065 = ORIENTED_EDGE ( 'NONE', *, *, #1496, .F. ) ;
#2066 = ORIENTED_EDGE ( 'NONE', *, *, #83, .F. ) ;
#2067 = CARTESIAN_POINT ( 'NONE',  ( 17.70169356637248015, -9.621037113853475375, 90.40200000000000102 ) ) ;
#2068 = AXIS2_PLACEMENT_3D ( 'NONE', #257, #2414, #1441 ) ;
#2069 = ORIENTED_EDGE ( 'NONE', *, *, #2466, .F. ) ;
#2070 = CYLINDRICAL_SURFACE ( 'NONE', #1175, 0.7000000000000027311 ) ;
#2071 = DIRECTION ( 'NONE',  ( -0.000000000000000000, -0.000000000000000000, 1.000000000000000000 ) ) ;
#2072 = EDGE_CURVE ( 'NONE', #2187, #1090, #2435, .T. ) ;
#2073 = ORIENTED_EDGE ( 'NONE', *, *, #636, .F. ) ;
#2074 = COORDINATED_UNIVERSAL_TIME_OFFSET ( 5, 0, .BEHIND. ) ;
#2075 = LINE ( 'NONE', #1109, #1877 ) ;
#2076 = VERTEX_POINT ( 'NONE', #1577 ) ;
#2077 = ORIENTED_EDGE ( 'NONE', *, *, #818, .F. ) ;
#2078 = ADVANCED_FACE ( 'NONE', ( #2528 ), #803, .F. ) ;
#2079 = DIRECTION ( 'NONE',  ( -0.000000000000000000, 0.000000000000000000, 1.000000000000000000 ) ) ;
#2080 = VERTEX_POINT ( 'NONE', #425 ) ;
#2081 = LINE ( 'NONE', #1024, #520 ) ;
#2082 = CIRCLE ( 'NONE', #2475, 0.7000000000000027311 ) ;
#2083 = CIRCLE ( 'NONE', #1193, 1.999999999999994893 ) ;
#2084 = DIRECTION ( 'NONE',  ( 0.000000000000000000, 0.000000000000000000, -1.000000000000000000 ) ) ;
#2085 = FACE_OUTER_BOUND ( 'NONE', #608, .T. ) ;
#2086 = VECTOR ( 'NONE', #2062, 1000.000000000000000 ) ;
#2087 = AXIS2_PLACEMENT_3D ( 'NONE', #1260, #2004, #838 ) ;
#2088 = CARTESIAN_POINT ( 'NONE',  ( -21.08248969043720678, -11.89726821137888990, 92.20199999999999818 ) ) ;
#2089 = VERTEX_POINT ( 'NONE', #1382 ) ;
#2090 = ORIENTED_EDGE ( 'NONE', *, *, #1895, .T. ) ;
#2091 = EDGE_CURVE ( 'NONE', #2538, #1159, #138, .T. ) ;
#2092 = CARTESIAN_POINT ( 'NONE',  ( 0.000000000000000000, 0.000000000000000000, 92.20199999999999818 ) ) ;
#2093 = VERTEX_POINT ( 'NONE', #1809 ) ;
#2094 = FACE_OUTER_BOUND ( 'NONE', #2502, .T. ) ;
#2095 = FACE_OUTER_BOUND ( 'NONE', #2005, .T. ) ;
#2096 = DIRECTION ( 'NONE',  ( 0.000000000000000000, 0.000000000000000000, -1.000000000000000000 ) ) ;
#2097 = DIRECTION ( 'NONE',  ( 0.000000000000000000, 0.000000000000000000, -1.000000000000000000 ) ) ;
#2098 = EDGE_LOOP ( 'NONE', ( #727, #473, #1961, #1881 ) ) ;
#2099 = VERTEX_POINT ( 'NONE', #20 ) ;
#2100 = LINE ( 'NONE', #1503, #1565 ) ;
#2101 = ORIENTED_EDGE ( 'NONE', *, *, #2290, .T. ) ;
#2102 = EDGE_CURVE ( 'NONE', #13, #494, #1979, .T. ) ;
#2103 = CARTESIAN_POINT ( 'NONE',  ( -21.08248969043720678, 11.89726821137888990, 0.000000000000000000 ) ) ;
#2104 = DIRECTION ( 'NONE',  ( -0.000000000000000000, -0.000000000000000000, 1.000000000000000000 ) ) ;
#2105 = VERTEX_POINT ( 'NONE', #444 ) ;
#2106 = DIRECTION ( 'NONE',  ( 0.000000000000000000, 1.000000000000000000, -0.000000000000000000 ) ) ;
#2107 = PLANE ( 'NONE',  #1322 ) ;
#2108 = VERTEX_POINT ( 'NONE', #816 ) ;
#2109 = VERTEX_POINT ( 'NONE', #984 ) ;
#2110 = DIRECTION ( 'NONE',  ( 0.000000000000000000, 0.000000000000000000, -1.000000000000000000 ) ) ;
#2111 = ORIENTED_EDGE ( 'NONE', *, *, #1453, .F. ) ;
#2112 = AXIS2_PLACEMENT_3D ( 'NONE', #366, #324, #1315 ) ;
#2113 = AXIS2_PLACEMENT_3D ( 'NONE', #901, #110, #927 ) ;
#2114 = CARTESIAN_POINT ( 'NONE',  ( -22.38248969043720038, 11.89726821137888990, 90.40200000000000102 ) ) ;
#2115 = DIRECTION ( 'NONE',  ( -0.000000000000000000, -0.000000000000000000, 1.000000000000000000 ) ) ;
#2116 = EDGE_CURVE ( 'NONE', #132, #524, #97, .T. ) ;
#2117 = CYLINDRICAL_SURFACE ( 'NONE', #1857, 1.999999999999998224 ) ;
#2118 = VECTOR ( 'NONE', #1936, 1000.000000000000000 ) ;
#2119 = EDGE_CURVE ( 'NONE', #1468, #602, #1782, .T. ) ;
#2120 = CLOSED_SHELL ( 'NONE', ( #1573, #199, #2042, #1700, #1380, #681, #1306, #389, #1845, #1429, #1484, #1258, #1196, #1415, #339, #1122, #1897, #1811, #843, #2389, #2061, #2133, #1025, #1909, #252, #1540, #616, #998, #302, #1221, #1400, #223, #1755, #572, #2078, #1986, #995, #1794, #1314, #1929, #65, #1079, #1270, #1106, #69, #456, #1943, #2257, #1166, #2452, #1588, #502, #2056, #981, #926, #742, #1291, #1553, #1434, #203, #645, #961, #325, #514, #891, #369, #1286, #1850, #1528, #1940, #1012, #52, #1136, #1335, #414, #290, #754 ) ) ;
#2121 = AXIS2_PLACEMENT_3D ( 'NONE', #712, #2501, #1273 ) ;
#2122 = CARTESIAN_POINT ( 'NONE',  ( 17.70169356637247660, 0.000000000000000000, 6.118000000000000327 ) ) ;
#2123 = ORIENTED_EDGE ( 'NONE', *, *, #1181, .T. ) ;
#2124 = ORIENTED_EDGE ( 'NONE', *, *, #2519, .T. ) ;
#2125 = VECTOR ( 'NONE', #360, 1000.000000000000000 ) ;
#2126 = DIRECTION ( 'NONE',  ( 0.000000000000000000, 0.000000000000000000, -1.000000000000000000 ) ) ;
#2127 = ORIENTED_EDGE ( 'NONE', *, *, #1713, .T. ) ;
#2128 = LINE ( 'NONE', #534, #1234 ) ;
#2129 = PLANE ( 'NONE',  #1458 ) ;
#2130 = CARTESIAN_POINT ( 'NONE',  ( 18.38248969043720749, 11.89726821137888990, 6.118000000000000327 ) ) ;
#2131 = DIRECTION ( 'NONE',  ( 0.000000000000000000, 0.000000000000000000, 1.000000000000000000 ) ) ;
#2132 = EDGE_CURVE ( 'NONE', #1533, #1461, #2372, .T. ) ;
#2133 = ADVANCED_FACE ( 'NONE', ( #1395 ), #1411, .F. ) ;
#2134 = FACE_BOUND ( 'NONE', #532, .T. ) ;
#2135 = ORIENTED_EDGE ( 'NONE', *, *, #1743, .T. ) ;
#2136 = EDGE_LOOP ( 'NONE', ( #2491, #879 ) ) ;
#2137 = CARTESIAN_POINT ( 'NONE',  ( -21.08248969043720678, 11.89726821137889168, 92.20199999999999818 ) ) ;
#2138 = ORIENTED_EDGE ( 'NONE', *, *, #2119, .F. ) ;
#2139 = FACE_OUTER_BOUND ( 'NONE', #1586, .T. ) ;
#2140 = DIRECTION ( 'NONE',  ( 0.7071067811865476838, -0.7071067811865474617, 0.000000000000000000 ) ) ;
#2141 = LINE ( 'NONE', #908, #1607 ) ;
#2142 = DIRECTION ( 'NONE',  ( 1.000000000000000000, 0.000000000000000000, 0.000000000000000000 ) ) ;
#2143 = VERTEX_POINT ( 'NONE', #626 ) ;
#2144 = ORIENTED_EDGE ( 'NONE', *, *, #954, .T. ) ;
#2145 = VECTOR ( 'NONE', #1767, 1000.000000000000000 ) ;
#2146 = EDGE_CURVE ( 'NONE', #1450, #2313, #1996, .T. ) ;
#2147 = ORIENTED_EDGE ( 'NONE', *, *, #1496, .T. ) ;
#2148 = CIRCLE ( 'NONE', #1690, 1.999999999999998224 ) ;
#2149 = LINE ( 'NONE', #390, #747 ) ;
#2150 = VECTOR ( 'NONE', #600, 1000.000000000000000 ) ;
#2151 = DIRECTION ( 'NONE',  ( -0.000000000000000000, 0.000000000000000000, 1.000000000000000000 ) ) ;
#2152 = CARTESIAN_POINT ( 'NONE',  ( 20.53012069111879967, 17.65364549295478369, 96.51999999999999602 ) ) ;
#2153 = AXIS2_PLACEMENT_3D ( 'NONE', #752, #1596, #1402 ) ;
#2154 = DIRECTION ( 'NONE',  ( 0.000000000000000000, 0.000000000000000000, 1.000000000000000000 ) ) ;
#2155 = CARTESIAN_POINT ( 'NONE',  ( -18.38248969043720749, -11.89726821137889345, 90.40200000000000102 ) ) ;
#2156 = ORIENTED_EDGE ( 'NONE', *, *, #487, .F. ) ;
#2157 = AXIS2_PLACEMENT_3D ( 'NONE', #1294, #353, #1307 ) ;
#2158 = EDGE_LOOP ( 'NONE', ( #639, #772, #610, #1585 ) ) ;
#2159 = VECTOR ( 'NONE', #1050, 1000.000000000000000 ) ;
#2160 = AXIS2_PLACEMENT_3D ( 'NONE', #144, #1890, #2456 ) ;
#2161 = EDGE_CURVE ( 'NONE', #2109, #521, #1497, .T. ) ;
#2162 = AXIS2_PLACEMENT_3D ( 'NONE', #825, #1805, #1204 ) ;
#2163 = VERTEX_POINT ( 'NONE', #644 ) ;
#2164 = VECTOR ( 'NONE', #2406, 1000.000000000000000 ) ;
#2165 = FACE_BOUND ( 'NONE', #168, .T. ) ;
#2166 = EDGE_CURVE ( 'NONE', #690, #811, #2511, .T. ) ;
#2167 = CARTESIAN_POINT ( 'NONE',  ( -17.67766952966381311, -17.67766952966355731, 96.51999999999999602 ) ) ;
#2168 = CARTESIAN_POINT ( 'NONE',  ( 0.000000000000000000, -9.621037113853471823, 92.20199999999999818 ) ) ;
#2169 = FACE_BOUND ( 'NONE', #1100, .T. ) ;
#2170 = DIRECTION ( 'NONE',  ( 1.000000000000000000, 0.000000000000000000, 0.000000000000000000 ) ) ;
#2171 = ORIENTED_EDGE ( 'NONE', *, *, #1669, .T. ) ;
#2172 = EDGE_LOOP ( 'NONE', ( #576, #668 ) ) ;
#2173 = DIRECTION ( 'NONE',  ( 0.7071067811865424657, -0.7071067811865526798, 0.000000000000000000 ) ) ;
#2174 = ORIENTED_EDGE ( 'NONE', *, *, #2485, .T. ) ;
#2175 = ORIENTED_EDGE ( 'NONE', *, *, #452, .T. ) ;
#2176 = DIRECTION ( 'NONE',  ( 0.000000000000000000, 0.000000000000000000, -1.000000000000000000 ) ) ;
#2177 = DIRECTION ( 'NONE',  ( 1.000000000000000000, 0.000000000000000000, 0.000000000000000000 ) ) ;
#2178 = LINE ( 'NONE', #1562, #180 ) ;
#2179 = EDGE_CURVE ( 'NONE', #505, #1389, #949, .T. ) ;
#2180 = DIRECTION ( 'NONE',  ( 1.000000000000000000, 0.000000000000000000, 0.000000000000000000 ) ) ;
#2181 = EDGE_CURVE ( 'NONE', #1972, #1892, #297, .T. ) ;
#2182 = CARTESIAN_POINT ( 'NONE',  ( 0.000000000000000000, 0.000000000000000000, 0.000000000000000000 ) ) ;
#2183 = DIRECTION ( 'NONE',  ( 0.000000000000000000, 1.000000000000000000, 0.000000000000000000 ) ) ;
#2184 = LINE ( 'NONE', #779, #2319 ) ;
#2185 = ORIENTED_EDGE ( 'NONE', *, *, #2209, .F. ) ;
#2186 = ORIENTED_EDGE ( 'NONE', *, *, #598, .F. ) ;
#2187 = VERTEX_POINT ( 'NONE', #1265 ) ;
#2188 = CARTESIAN_POINT ( 'NONE',  ( 0.000000000000000000, -27.00000000000001066, 0.000000000000000000 ) ) ;
#2189 = ORIENTED_EDGE ( 'NONE', *, *, #2102, .F. ) ;
#2190 = FACE_OUTER_BOUND ( 'NONE', #933, .T. ) ;
#2191 = CARTESIAN_POINT ( 'NONE',  ( 17.67766952966356442, -17.67766952966381666, 96.51999999999999602 ) ) ;
#2192 = DIRECTION ( 'NONE',  ( 0.000000000000000000, 0.000000000000000000, -1.000000000000000000 ) ) ;
#2193 = EDGE_CURVE ( 'NONE', #899, #584, #2399, .T. ) ;
#2194 = VECTOR ( 'NONE', #654, 1000.000000000000000 ) ;
#2195 = CARTESIAN_POINT ( 'NONE',  ( 17.70169356637247660, 17.65364549295478369, 0.000000000000000000 ) ) ;
#2196 = AXIS2_PLACEMENT_3D ( 'NONE', #566, #1387, #1212 ) ;
#2197 = LINE ( 'NONE', #1815, #1148 ) ;
#2198 = FACE_OUTER_BOUND ( 'NONE', #1443, .T. ) ;
#2199 = EDGE_CURVE ( 'NONE', #1110, #2262, #2081, .T. ) ;
#2200 = ORIENTED_EDGE ( 'NONE', *, *, #725, .F. ) ;
#2201 = CARTESIAN_POINT ( 'NONE',  ( -22.38248969043720393, -11.89726821137889345, 92.20199999999999818 ) ) ;
#2202 = VECTOR ( 'NONE', #1130, 1000.000000000000000 ) ;
#2203 = VERTEX_POINT ( 'NONE', #2067 ) ;
#2204 = ORIENTED_EDGE ( 'NONE', *, *, #1449, .F. ) ;
#2205 = VECTOR ( 'NONE', #2053, 1000.000000000000000 ) ;
#2206 = AXIS2_PLACEMENT_3D ( 'NONE', #454, #2014, #996 ) ;
#2207 = CARTESIAN_POINT ( 'NONE',  ( 0.000000000000000000, 17.65364549295489027, 3.901716418326756752 ) ) ;
#2208 = DIRECTION ( 'NONE',  ( 0.000000000000000000, 0.000000000000000000, 1.000000000000000000 ) ) ;
#2209 = EDGE_CURVE ( 'NONE', #131, #2309, #2477, .T. ) ;
#2210 = DIRECTION ( 'NONE',  ( 1.000000000000000000, 0.000000000000000000, 0.000000000000000000 ) ) ;
#2211 = DIRECTION ( 'NONE',  ( 0.000000000000000000, 0.000000000000000000, 1.000000000000000000 ) ) ;
#2212 = CARTESIAN_POINT ( 'NONE',  ( -10.35533905932754628, -24.99999999999992895, 96.51999999999999602 ) ) ;
#2213 = EDGE_LOOP ( 'NONE', ( #222, #1349, #2470, #1278 ) ) ;
#2214 = ORIENTED_EDGE ( 'NONE', *, *, #1698, .T. ) ;
#2215 = EDGE_CURVE ( 'NONE', #2203, #1990, #1671, .T. ) ;
#2216 = ORIENTED_EDGE ( 'NONE', *, *, #518, .T. ) ;
#2217 = PLANE ( 'NONE',  #2162 ) ;
#2218 = CARTESIAN_POINT ( 'NONE',  ( -27.00000000000001066, -8.375985885340413008E-15, 0.000000000000000000 ) ) ;
#2219 = ORIENTED_EDGE ( 'NONE', *, *, #216, .T. ) ;
#2220 = DIRECTION ( 'NONE',  ( 0.000000000000000000, 0.000000000000000000, -1.000000000000000000 ) ) ;
#2221 = DIRECTION ( 'NONE',  ( 1.000000000000000000, 0.000000000000000000, 0.000000000000000000 ) ) ;
#2222 = CARTESIAN_POINT ( 'NONE',  ( -20.38248969043720393, -11.89726821137888990, 6.118000000000000327 ) ) ;
#2223 = LINE ( 'NONE', #1241, #1910 ) ;
#2224 = DIRECTION ( 'NONE',  ( 0.000000000000000000, 0.000000000000000000, -1.000000000000000000 ) ) ;
#2225 = FACE_OUTER_BOUND ( 'NONE', #1342, .T. ) ;
#2226 = PLANE ( 'NONE',  #484 ) ;
#2227 = CARTESIAN_POINT ( 'NONE',  ( -17.67766952966356087, 17.67766952966380956, 90.40200000000000102 ) ) ;
#2228 = CYLINDRICAL_SURFACE ( 'NONE', #1828, 0.7000000000000009548 ) ;
#2229 = ORIENTED_EDGE ( 'NONE', *, *, #1466, .T. ) ;
#2230 = EDGE_CURVE ( 'NONE', #780, #1447, #1841, .T. ) ;
#2231 = PLANE ( 'NONE',  #669 ) ;
#2232 = DIRECTION ( 'NONE',  ( -1.000000000000000000, 0.000000000000000000, 0.000000000000000000 ) ) ;
#2233 = ORIENTED_EDGE ( 'NONE', *, *, #357, .T. ) ;
#2234 = DIRECTION ( 'NONE',  ( -0.000000000000000000, 0.000000000000000000, 1.000000000000000000 ) ) ;
#2235 = CARTESIAN_POINT ( 'NONE',  ( 0.000000000000000000, 0.000000000000000000, 96.51999999999999602 ) ) ;
#2236 = CARTESIAN_POINT ( 'NONE',  ( -20.38248969043720393, -11.89726821137888990, 6.118000000000000327 ) ) ;
#2237 = FACE_BOUND ( 'NONE', #606, .T. ) ;
#2238 = ORIENTED_EDGE ( 'NONE', *, *, #1867, .T. ) ;
#2239 = ORIENTED_EDGE ( 'NONE', *, *, #666, .T. ) ;
#2240 = EDGE_CURVE ( 'NONE', #1972, #233, #2436, .T. ) ;
#2241 = DIRECTION ( 'NONE',  ( -1.000000000000000000, 0.000000000000000000, -0.000000000000000000 ) ) ;
#2242 = DIRECTION ( 'NONE',  ( 0.000000000000000000, 0.000000000000000000, -1.000000000000000000 ) ) ;
#2243 = AXIS2_PLACEMENT_3D ( 'NONE', #1542, #2332, #1889 ) ;
#2244 = CARTESIAN_POINT ( 'NONE',  ( -20.38248969043720393, -11.89726821137889345, 92.20199999999999818 ) ) ;
#2245 = AXIS2_PLACEMENT_3D ( 'NONE', #1648, #1460, #291 ) ;
#2246 = VERTEX_POINT ( 'NONE', #2254 ) ;
#2247 = LINE ( 'NONE', #2058, #1603 ) ;
#2248 = DIRECTION ( 'NONE',  ( 1.000000000000000000, 0.000000000000000000, 0.000000000000000000 ) ) ;
#2249 = DIRECTION ( 'NONE',  ( -0.000000000000000000, -0.000000000000000000, -1.000000000000000000 ) ) ;
#2250 = CARTESIAN_POINT ( 'NONE',  ( -22.38248969043720393, 11.89726821137888990, 6.118000000000000327 ) ) ;
#2251 = ORIENTED_EDGE ( 'NONE', *, *, #543, .F. ) ;
#2252 = ORIENTED_EDGE ( 'NONE', *, *, #2209, .T. ) ;
#2253 = ORIENTED_EDGE ( 'NONE', *, *, #1123, .F. ) ;
#2254 = CARTESIAN_POINT ( 'NONE',  ( -25.00000000000006750, -9.621037113853471823, 96.51999999999999602 ) ) ;
#2255 = CYLINDRICAL_SURFACE ( 'NONE', #1980, 0.7000000000000009548 ) ;
#2256 = EDGE_LOOP ( 'NONE', ( #553, #724, #1675, #466 ) ) ;
#2257 = ADVANCED_FACE ( 'NONE', ( #63 ), #2451, .T. ) ;
#2258 = DIRECTION ( 'NONE',  ( 0.000000000000000000, 0.000000000000000000, 1.000000000000000000 ) ) ;
#2259 = EDGE_CURVE ( 'NONE', #813, #749, #693, .T. ) ;
#2260 = DIRECTION ( 'NONE',  ( -0.000000000000000000, 0.000000000000000000, 1.000000000000000000 ) ) ;
#2261 = DIRECTION ( 'NONE',  ( -0.000000000000000000, -0.000000000000000000, 1.000000000000000000 ) ) ;
#2262 = VERTEX_POINT ( 'NONE', #1655 ) ;
#2263 = ORIENTED_EDGE ( 'NONE', *, *, #558, .F. ) ;
#2264 = DIRECTION ( 'NONE',  ( 0.000000000000000000, 0.000000000000000000, -1.000000000000000000 ) ) ;
#2265 = CARTESIAN_POINT ( 'NONE',  ( 21.08248969043720678, 11.89726821137889168, 92.20199999999999818 ) ) ;
#2266 = AXIS2_PLACEMENT_3D ( 'NONE', #1426, #2224, #1227 ) ;
#2267 = ORIENTED_EDGE ( 'NONE', *, *, #2370, .T. ) ;
#2268 = DIRECTION ( 'NONE',  ( 0.000000000000000000, 0.000000000000000000, -1.000000000000000000 ) ) ;
#2269 = EDGE_CURVE ( 'NONE', #2093, #2013, #2037, .T. ) ;
#2270 = VECTOR ( 'NONE', #2461, 1000.000000000000000 ) ;
#2271 = DIRECTION ( 'NONE',  ( 1.000000000000000000, 0.000000000000000000, 0.000000000000000000 ) ) ;
#2272 = EDGE_CURVE ( 'NONE', #890, #2108, #683, .T. ) ;
#2273 = DIRECTION ( 'NONE',  ( 1.000000000000000000, 0.000000000000000000, 0.000000000000000000 ) ) ;
#2274 = ORIENTED_EDGE ( 'NONE', *, *, #1861, .F. ) ;
#2275 = ORIENTED_EDGE ( 'NONE', *, *, #921, .F. ) ;
#2276 = VECTOR ( 'NONE', #726, 1000.000000000000000 ) ;
#2277 = DIRECTION ( 'NONE',  ( 1.000000000000000000, 0.000000000000000000, 0.000000000000000000 ) ) ;
#2278 = ORIENTED_EDGE ( 'NONE', *, *, #1739, .T. ) ;
#2279 = DIRECTION ( 'NONE',  ( 1.000000000000000000, 0.000000000000000000, 0.000000000000000000 ) ) ;
#2280 = CIRCLE ( 'NONE', #1028, 0.7000000000000061728 ) ;
#2281 = CARTESIAN_POINT ( 'NONE',  ( -19.68248969043720109, -11.89726821137888990, 92.20199999999999818 ) ) ;
#2282 = AXIS2_PLACEMENT_3D ( 'NONE', #1209, #774, #2177 ) ;
#2283 = DIRECTION ( 'NONE',  ( 0.000000000000000000, -1.000000000000000000, 0.000000000000000000 ) ) ;
#2284 = CARTESIAN_POINT ( 'NONE',  ( 17.70169356637248015, -17.65364549295489738, 96.51999999999999602 ) ) ;
#2285 = VECTOR ( 'NONE', #609, 1000.000000000000000 ) ;
#2286 = EDGE_CURVE ( 'NONE', #237, #781, #2020, .T. ) ;
#2287 = DIRECTION ( 'NONE',  ( 0.000000000000000000, 0.000000000000000000, -1.000000000000000000 ) ) ;
#2288 = EDGE_LOOP ( 'NONE', ( #796, #60, #303, #451 ) ) ;
#2289 = ORIENTED_EDGE ( 'NONE', *, *, #1064, .T. ) ;
#2290 = EDGE_CURVE ( 'NONE', #602, #1170, #1632, .T. ) ;
#2291 = CARTESIAN_POINT ( 'NONE',  ( 20.38248969043720393, 11.89726821137888990, 6.118000000000000327 ) ) ;
#2292 = ORIENTED_EDGE ( 'NONE', *, *, #386, .T. ) ;
#2293 = DIRECTION ( 'NONE',  ( -0.000000000000000000, 0.000000000000000000, 1.000000000000000000 ) ) ;
#2294 = CARTESIAN_POINT ( 'NONE',  ( -19.09188309203678813, -19.09188309203679523, 0.000000000000000000 ) ) ;
#2295 = CARTESIAN_POINT ( 'NONE',  ( -20.38248969043720393, -11.89726821137889345, 92.20199999999999818 ) ) ;
#2296 = CARTESIAN_POINT ( 'NONE',  ( 0.000000000000000000, 9.621037113853470046, 6.118000000000000327 ) ) ;
#2297 = ORIENTED_EDGE ( 'NONE', *, *, #14, .T. ) ;
#2298 = ORIENTED_EDGE ( 'NONE', *, *, #438, .T. ) ;
#2299 = CARTESIAN_POINT ( 'NONE',  ( -17.70169356637247660, -17.65364549295489027, 0.000000000000000000 ) ) ;
#2300 = EDGE_CURVE ( 'NONE', #2013, #2093, #350, .T. ) ;
#2301 = DIRECTION ( 'NONE',  ( 0.000000000000000000, -1.000000000000000000, 0.000000000000000000 ) ) ;
#2302 = EDGE_CURVE ( 'NONE', #1330, #500, #986, .T. ) ;
#2303 = CARTESIAN_POINT ( 'NONE',  ( 20.38248969043720393, -11.89726821137889345, 90.40200000000000102 ) ) ;
#2304 = DIRECTION ( 'NONE',  ( 0.000000000000000000, 0.000000000000000000, -1.000000000000000000 ) ) ;
#2305 = DIRECTION ( 'NONE',  ( 0.000000000000000000, 1.000000000000000000, -0.000000000000000000 ) ) ;
#2306 = AXIS2_PLACEMENT_3D ( 'NONE', #2376, #2390, #2210 ) ;
#2307 = AXIS2_PLACEMENT_3D ( 'NONE', #1923, #1898, #1541 ) ;
#2308 = CARTESIAN_POINT ( 'NONE',  ( -20.38248969043720393, 11.89726821137888990, 6.118000000000000327 ) ) ;
#2309 = VERTEX_POINT ( 'NONE', #651 ) ;
#2310 = ORIENTED_EDGE ( 'NONE', *, *, #2119, .T. ) ;
#2311 = CIRCLE ( 'NONE', #1813, 1.999999999999998224 ) ;
#2312 = LINE ( 'NONE', #364, #1237 ) ;
#2313 = VERTEX_POINT ( 'NONE', #437 ) ;
#2314 = EDGE_CURVE ( 'NONE', #1447, #2105, #463, .T. ) ;
#2315 = DIRECTION ( 'NONE',  ( 0.000000000000000000, 0.000000000000000000, -1.000000000000000000 ) ) ;
#2316 = VERTEX_POINT ( 'NONE', #1762 ) ;
#2317 = EDGE_CURVE ( 'NONE', #1103, #1571, #2383, .T. ) ;
#2318 = CARTESIAN_POINT ( 'NONE',  ( -25.00000000000007816, 0.000000000000000000, 6.118000000000000327 ) ) ;
#2319 = VECTOR ( 'NONE', #768, 1000.000000000000000 ) ;
#2320 = VECTOR ( 'NONE', #2248, 1000.000000000000000 ) ;
#2321 = VECTOR ( 'NONE', #2173, 1000.000000000000000 ) ;
#2322 = LOCAL_TIME ( 1, 9, 29.00000000000000000, #370 ) ;
#2323 = DIRECTION ( 'NONE',  ( 0.000000000000000000, -0.000000000000000000, -1.000000000000000000 ) ) ;
#2324 = ORIENTED_EDGE ( 'NONE', *, *, #79, .T. ) ;
#2325 = EDGE_LOOP ( 'NONE', ( #1070, #348, #40, #839, #1005, #1074 ) ) ;
#2326 = VECTOR ( 'NONE', #2287, 1000.000000000000000 ) ;
#2327 = CARTESIAN_POINT ( 'NONE',  ( 19.68248969043720109, -11.89726821137888990, 92.20199999999999818 ) ) ;
#2328 = ORIENTED_EDGE ( 'NONE', *, *, #2509, .T. ) ;
#2329 = CARTESIAN_POINT ( 'NONE',  ( 0.000000000000000000, 7.641138126531124897, 3.901716418326756752 ) ) ;
#2330 = CARTESIAN_POINT ( 'NONE',  ( 21.08248969043720678, -11.89726821137888990, 0.000000000000000000 ) ) ;
#2331 = EDGE_CURVE ( 'NONE', #421, #2089, #219, .T. ) ;
#2332 = DIRECTION ( 'NONE',  ( -0.000000000000000000, 1.000000000000000000, -0.000000000000000000 ) ) ;
#2333 = CALENDAR_DATE ( 2026, 6, 4 ) ;
#2334 = FACE_OUTER_BOUND ( 'NONE', #1321, .T. ) ;
#2335 = EDGE_CURVE ( 'NONE', #436, #599, #1421, .T. ) ;
#2336 = VERTEX_POINT ( 'NONE', #1587 ) ;
#2337 = ORIENTED_EDGE ( 'NONE', *, *, #308, .T. ) ;
#2338 = CARTESIAN_POINT ( 'NONE',  ( -18.38248969043721104, 11.89726821137888990, 92.20199999999999818 ) ) ;
#2339 = DIRECTION ( 'NONE',  ( 0.000000000000000000, 0.000000000000000000, 1.000000000000000000 ) ) ;
#2340 = EDGE_CURVE ( 'NONE', #873, #270, #2355, .T. ) ;
#2341 = DIRECTION ( 'NONE',  ( -0.000000000000000000, 0.000000000000000000, 1.000000000000000000 ) ) ;
#2342 = VERTEX_POINT ( 'NONE', #1171 ) ;
#2343 = ORIENTED_EDGE ( 'NONE', *, *, #499, .F. ) ;
#2344 = VECTOR ( 'NONE', #87, 1000.000000000000000 ) ;
#2345 = ORIENTED_EDGE ( 'NONE', *, *, #1725, .F. ) ;
#2346 = CIRCLE ( 'NONE', #579, 0.7000000000000027311 ) ;
#2347 = CYLINDRICAL_SURFACE ( 'NONE', #342, 1.999999999999998224 ) ;
#2348 = DIRECTION ( 'NONE',  ( -0.000000000000000000, 0.000000000000000000, 1.000000000000000000 ) ) ;
#2349 = DIRECTION ( 'NONE',  ( -1.000000000000000000, 0.000000000000000000, 0.000000000000000000 ) ) ;
#2350 = LINE ( 'NONE', #632, #1439 ) ;
#2351 = PLANE ( 'NONE',  #1248 ) ;
#2352 = ORIENTED_EDGE ( 'NONE', *, *, #499, .T. ) ;
#2353 = VECTOR ( 'NONE', #1162, 1000.000000000000000 ) ;
#2354 = DIRECTION ( 'NONE',  ( -0.000000000000000000, -0.000000000000000000, -1.000000000000000000 ) ) ;
#2355 = CIRCLE ( 'NONE', #268, 1.999999999999998224 ) ;
#2356 = ORIENTED_EDGE ( 'NONE', *, *, #34, .F. ) ;
#2357 = EDGE_CURVE ( 'NONE', #1760, #1759, #837, .T. ) ;
#2358 = VECTOR ( 'NONE', #1213, 1000.000000000000000 ) ;
#2359 = PLANE ( 'NONE',  #1768 ) ;
#2360 = DIRECTION ( 'NONE',  ( -1.000000000000000000, -1.551108497285260326E-16, 0.000000000000000000 ) ) ;
#2361 = EDGE_CURVE ( 'NONE', #1187, #1405, #235, .T. ) ;
#2362 = EDGE_LOOP ( 'NONE', ( #1022, #2216, #770, #234 ) ) ;
#2363 = LINE ( 'NONE', #615, #545 ) ;
#2364 = DIRECTION ( 'NONE',  ( -0.000000000000000000, 1.000000000000000000, -0.000000000000000000 ) ) ;
#2365 = DIRECTION ( 'NONE',  ( -1.000000000000000000, 0.000000000000000000, 0.000000000000000000 ) ) ;
#2366 = FACE_OUTER_BOUND ( 'NONE', #1522, .T. ) ;
#2367 = ORIENTED_EDGE ( 'NONE', *, *, #2404, .T. ) ;
#2368 = CARTESIAN_POINT ( 'NONE',  ( -17.67766952966381311, -17.67766952966355731, 90.40200000000000102 ) ) ;
#2369 = ORIENTED_EDGE ( 'NONE', *, *, #910, .F. ) ;
#2370 = EDGE_CURVE ( 'NONE', #661, #1759, #784, .T. ) ;
#2371 = CARTESIAN_POINT ( 'NONE',  ( -25.00000000000006750, -9.621037113853470046, 0.000000000000000000 ) ) ;
#2372 = LINE ( 'NONE', #2191, #1874 ) ;
#2373 = DIRECTION ( 'NONE',  ( -0.000000000000000000, -0.000000000000000000, -1.000000000000000000 ) ) ;
#2374 = EDGE_CURVE ( 'NONE', #250, #932, #1991, .T. ) ;
#2375 = LINE ( 'NONE', #789, #1352 ) ;
#2376 = CARTESIAN_POINT ( 'NONE',  ( 20.38248969043720393, -11.89726821137888990, 6.118000000000000327 ) ) ;
#2377 = CARTESIAN_POINT ( 'NONE',  ( 22.38248969043720393, -11.89726821137888990, 6.118000000000000327 ) ) ;
#2378 = DIRECTION ( 'NONE',  ( -0.000000000000000000, 0.000000000000000000, 1.000000000000000000 ) ) ;
#2379 = ORIENTED_EDGE ( 'NONE', *, *, #1008, .F. ) ;
#2380 = VERTEX_POINT ( 'NONE', #2201 ) ;
#2381 = ORIENTED_EDGE ( 'NONE', *, *, #818, .T. ) ;
#2382 = AXIS2_PLACEMENT_3D ( 'NONE', #115, #2234, #1029 ) ;
#2383 = LINE ( 'NONE', #57, #2321 ) ;
#2384 = ORIENTED_EDGE ( 'NONE', *, *, #878, .F. ) ;
#2385 = DIRECTION ( 'NONE',  ( 0.7071067811865474617, 0.7071067811865474617, 0.000000000000000000 ) ) ;
#2386 = DIRECTION ( 'NONE',  ( -0.7071067811865475727, -0.7071067811865475727, 0.000000000000000000 ) ) ;
#2387 = EDGE_CURVE ( 'NONE', #584, #899, #792, .T. ) ;
#2388 = DIRECTION ( 'NONE',  ( -0.000000000000000000, 0.000000000000000000, 1.000000000000000000 ) ) ;
#2389 = ADVANCED_FACE ( 'NONE', ( #1007 ), #2217, .T. ) ;
#2390 = DIRECTION ( 'NONE',  ( -0.000000000000000000, 0.000000000000000000, 1.000000000000000000 ) ) ;
#2391 = CIRCLE ( 'NONE', #213, 0.7000000000000027311 ) ;
#2392 = FACE_OUTER_BOUND ( 'NONE', #695, .T. ) ;
#2393 = DIRECTION ( 'NONE',  ( -0.000000000000000000, -0.000000000000000000, 1.000000000000000000 ) ) ;
#2394 = EDGE_LOOP ( 'NONE', ( #2441, #2057, #1777, #714 ) ) ;
#2395 = ORIENTED_EDGE ( 'NONE', *, *, #1469, .T. ) ;
#2396 = CARTESIAN_POINT ( 'NONE',  ( 25.00000000000007461, 9.621037113853470046, 92.20199999999999818 ) ) ;
#2397 = DIRECTION ( 'NONE',  ( -0.000000000000000000, 1.000000000000000000, -0.000000000000000000 ) ) ;
#2398 = ORIENTED_EDGE ( 'NONE', *, *, #801, .F. ) ;
#2399 = CIRCLE ( 'NONE', #8, 1.999999999999994893 ) ;
#2400 = AXIS2_PLACEMENT_3D ( 'NONE', #2537, #1570, #422 ) ;
#2401 = DIRECTION ( 'NONE',  ( -1.000000000000000000, 0.000000000000000000, 0.000000000000000000 ) ) ;
#2402 = DIRECTION ( 'NONE',  ( -1.000000000000000000, 0.000000000000000000, 0.000000000000000000 ) ) ;
#2403 = LINE ( 'NONE', #2195, #1393 ) ;
#2404 = EDGE_CURVE ( 'NONE', #1681, #1500, #1737, .T. ) ;
#2405 = DIRECTION ( 'NONE',  ( 1.000000000000000000, 0.000000000000000000, 0.000000000000000000 ) ) ;
#2406 = DIRECTION ( 'NONE',  ( -7.203347861392757775E-15, -1.000000000000000000, 0.000000000000000000 ) ) ;
#2407 = ORIENTED_EDGE ( 'NONE', *, *, #2493, .T. ) ;
#2408 = CARTESIAN_POINT ( 'NONE',  ( 17.67766952966356442, -17.67766952966381666, 90.40200000000000102 ) ) ;
#2409 = CARTESIAN_POINT ( 'NONE',  ( 10.35533905932719101, -25.00000000000008527, 96.51999999999999602 ) ) ;
#2410 = ORIENTED_EDGE ( 'NONE', *, *, #2331, .F. ) ;
#2411 = DIRECTION ( 'NONE',  ( -1.000000000000000000, 0.000000000000000000, -0.000000000000000000 ) ) ;
#2412 = CARTESIAN_POINT ( 'NONE',  ( -17.70169356637247660, 0.000000000000000000, -0.000000000000000000 ) ) ;
#2413 = LINE ( 'NONE', #1040, #2270 ) ;
#2414 = DIRECTION ( 'NONE',  ( -0.000000000000000000, -1.000000000000000000, -0.000000000000000000 ) ) ;
#2415 = LINE ( 'NONE', #1428, #2358 ) ;
#2416 = EDGE_CURVE ( 'NONE', #250, #1520, #1186, .T. ) ;
#2417 = DIRECTION ( 'NONE',  ( 0.000000000000000000, 0.000000000000000000, 1.000000000000000000 ) ) ;
#2418 = ORIENTED_EDGE ( 'NONE', *, *, #286, .T. ) ;
#2419 = EDGE_LOOP ( 'NONE', ( #1078, #1628, #1183, #542 ) ) ;
#2420 = EDGE_CURVE ( 'NONE', #1838, #1640, #597, .T. ) ;
#2421 = EDGE_LOOP ( 'NONE', ( #2186, #208, #1904, #1207 ) ) ;
#2422 = CARTESIAN_POINT ( 'NONE',  ( 20.38248969043720393, 11.89726821137888990, 90.40200000000000102 ) ) ;
#2423 = FACE_OUTER_BOUND ( 'NONE', #2213, .T. ) ;
#2424 = CIRCLE ( 'NONE', #903, 0.7000000000000027311 ) ;
#2425 = ORIENTED_EDGE ( 'NONE', *, *, #1397, .F. ) ;
#2426 = LINE ( 'NONE', #2043, #206 ) ;
#2427 = LINE ( 'NONE', #301, #2320 ) ;
#2428 = DIRECTION ( 'NONE',  ( -0.000000000000000000, 0.000000000000000000, 1.000000000000000000 ) ) ;
#2429 = ORIENTED_EDGE ( 'NONE', *, *, #322, .F. ) ;
#2430 =( NAMED_UNIT ( * ) SI_UNIT ( $, .STERADIAN. ) SOLID_ANGLE_UNIT ( ) );
#2431 = CARTESIAN_POINT ( 'NONE',  ( 17.70169356637248015, 0.000000000000000000, 90.40200000000000102 ) ) ;
#2432 = ORIENTED_EDGE ( 'NONE', *, *, #1094, .F. ) ;
#2433 = ORIENTED_EDGE ( 'NONE', *, *, #1384, .F. ) ;
#2434 = EDGE_CURVE ( 'NONE', #2342, #1759, #1617, .T. ) ;
#2435 = CIRCLE ( 'NONE', #675, 1.999999999999998224 ) ;
#2436 = LINE ( 'NONE', #1477, #590 ) ;
#2437 = CIRCLE ( 'NONE', #1327, 0.7000000000000027311 ) ;
#2438 = ORGANIZATION ( 'UNSPECIFIED', 'UNSPECIFIED', '' ) ;
#2439 = DIRECTION ( 'NONE',  ( -0.000000000000000000, 1.000000000000000000, -0.000000000000000000 ) ) ;
#2440 = VECTOR ( 'NONE', #263, 1000.000000000000000 ) ;
#2441 = ORIENTED_EDGE ( 'NONE', *, *, #2181, .F. ) ;
#2442 = DIRECTION ( 'NONE',  ( 0.000000000000000000, 0.000000000000000000, 1.000000000000000000 ) ) ;
#2443 = DIRECTION ( 'NONE',  ( 1.000000000000000000, 0.000000000000000000, 0.000000000000000000 ) ) ;
#2444 = ORIENTED_EDGE ( 'NONE', *, *, #278, .F. ) ;
#2445 = PERSON_AND_ORGANIZATION_ROLE ( 'design_owner' ) ;
#2446 = CARTESIAN_POINT ( 'NONE',  ( 22.38248969043720393, 11.89726821137888990, 4.317999999999999616 ) ) ;
#2447 = ORIENTED_EDGE ( 'NONE', *, *, #1830, .T. ) ;
#2448 = ORIENTED_EDGE ( 'NONE', *, *, #1164, .F. ) ;
#2449 = CARTESIAN_POINT ( 'NONE',  ( 20.38248969043720393, 11.89726821137888990, 4.317999999999999616 ) ) ;
#2450 = ORIENTED_EDGE ( 'NONE', *, *, #190, .T. ) ;
#2451 = PLANE ( 'NONE',  #1368 ) ;
#2452 = ADVANCED_FACE ( 'NONE', ( #207 ), #1408, .F. ) ;
#2453 = CARTESIAN_POINT ( 'NONE',  ( 8.572527594031486748E-17, 9.621037113853470046, 2.501716418326755065 ) ) ;
#2454 = EDGE_LOOP ( 'NONE', ( #529, #1201 ) ) ;
#2455 = DIRECTION ( 'NONE',  ( -0.000000000000000000, -0.000000000000000000, -1.000000000000000000 ) ) ;
#2456 = DIRECTION ( 'NONE',  ( 0.000000000000000000, 0.000000000000000000, 1.000000000000000000 ) ) ;
#2457 = ORIENTED_EDGE ( 'NONE', *, *, #2361, .F. ) ;
#2458 = ORIENTED_EDGE ( 'NONE', *, *, #1346, .F. ) ;
#2459 = CYLINDRICAL_SURFACE ( 'NONE', #1985, 0.7000000000000027311 ) ;
#2460 = ORIENTED_EDGE ( 'NONE', *, *, #881, .T. ) ;
#2461 = DIRECTION ( 'NONE',  ( 0.000000000000000000, -1.000000000000000000, 0.000000000000000000 ) ) ;
#2462 = VECTOR ( 'NONE', #972, 1000.000000000000000 ) ;
#2463 = CC_DESIGN_PERSON_AND_ORGANIZATION_ASSIGNMENT ( #118, #304, ( #934 ) ) ;
#2464 = CARTESIAN_POINT ( 'NONE',  ( 17.70169356637248015, -17.65364549295479080, 90.40200000000000102 ) ) ;
#2465 = CARTESIAN_POINT ( 'NONE',  ( 20.38248969043720393, 11.89726821137888990, 6.118000000000000327 ) ) ;
#2466 = EDGE_CURVE ( 'NONE', #620, #2089, #2003, .T. ) ;
#2467 = COORDINATED_UNIVERSAL_TIME_OFFSET ( 5, 0, .BEHIND. ) ;
#2468 = VECTOR ( 'NONE', #1740, 1000.000000000000000 ) ;
#2469 = DIRECTION ( 'NONE',  ( 1.000000000000000000, 0.000000000000000000, 0.000000000000000000 ) ) ;
#2470 = ORIENTED_EDGE ( 'NONE', *, *, #112, .T. ) ;
#2471 = EDGE_LOOP ( 'NONE', ( #692, #2275, #1735, #155 ) ) ;
#2472 = DIRECTION ( 'NONE',  ( 1.000000000000000000, 0.000000000000000000, 0.000000000000000000 ) ) ;
#2473 = ORIENTED_EDGE ( 'NONE', *, *, #696, .T. ) ;
#2474 = CARTESIAN_POINT ( 'NONE',  ( -20.38248969043720393, -11.89726821137888990, 96.51999999999999602 ) ) ;
#2475 = AXIS2_PLACEMENT_3D ( 'NONE', #35, #1766, #1752 ) ;
#2476 = ORIENTED_EDGE ( 'NONE', *, *, #2506, .T. ) ;
#2477 = CIRCLE ( 'NONE', #1114, 0.7000000000000027311 ) ;
#2478 = VECTOR ( 'NONE', #931, 1000.000000000000000 ) ;
#2479 = CARTESIAN_POINT ( 'NONE',  ( 20.38248969043720393, 11.89726821137888990, 6.118000000000000327 ) ) ;
#2480 = APPROVAL_PERSON_ORGANIZATION ( #1272, #30, #1472 ) ;
#2481 = EDGE_CURVE ( 'NONE', #1510, #1202, #15, .T. ) ;
#2482 = CARTESIAN_POINT ( 'NONE',  ( 20.38248969043720393, -11.89726821137888990, 96.51999999999999602 ) ) ;
#2483 = ORIENTED_EDGE ( 'NONE', *, *, #831, .F. ) ;
#2484 = EDGE_LOOP ( 'NONE', ( #2379, #1721, #1063, #1217 ) ) ;
#2485 = EDGE_CURVE ( 'NONE', #1838, #797, #1298, .T. ) ;
#2486 = LINE ( 'NONE', #540, #2276 ) ;
#2487 = CARTESIAN_POINT ( 'NONE',  ( 20.38248969043720393, 11.89726821137888990, 6.118000000000000327 ) ) ;
#2488 = DIRECTION ( 'NONE',  ( -1.000000000000000000, 0.000000000000000000, 0.000000000000000000 ) ) ;
#2489 = FACE_OUTER_BOUND ( 'NONE', #1712, .T. ) ;
#2490 = DIRECTION ( 'NONE',  ( 1.000000000000000000, 0.000000000000000000, 0.000000000000000000 ) ) ;
#2491 = ORIENTED_EDGE ( 'NONE', *, *, #1123, .T. ) ;
#2492 = ORIENTED_EDGE ( 'NONE', *, *, #698, .T. ) ;
#2493 = EDGE_CURVE ( 'NONE', #1170, #306, #699, .T. ) ;
#2494 = CARTESIAN_POINT ( 'NONE',  ( -20.38248969043720393, 11.89726821137888990, 4.317999999999999616 ) ) ;
#2495 = ORIENTED_EDGE ( 'NONE', *, *, #2331, .T. ) ;
#2496 = CARTESIAN_POINT ( 'NONE',  ( 8.572527594031469492E-17, 17.65364549295489027, 92.61828358167323927 ) ) ;
#2497 = FACE_OUTER_BOUND ( 'NONE', #1763, .T. ) ;
#2498 = DIRECTION ( 'NONE',  ( -1.000000000000000000, 0.000000000000000000, 0.000000000000000000 ) ) ;
#2499 = DIRECTION ( 'NONE',  ( 0.000000000000000000, 0.000000000000000000, 1.000000000000000000 ) ) ;
#2500 = CIRCLE ( 'NONE', #1396, 1.999999999999998224 ) ;
#2501 = DIRECTION ( 'NONE',  ( -0.000000000000000000, 0.000000000000000000, 1.000000000000000000 ) ) ;
#2502 = EDGE_LOOP ( 'NONE', ( #967, #1475, #2175, #2517 ) ) ;
#2503 = EDGE_LOOP ( 'NONE', ( #624, #2052, #1480, #2369 ) ) ;
#2504 = CYLINDRICAL_SURFACE ( 'NONE', #513, 1.999999999999998224 ) ;
#2505 = ORIENTED_EDGE ( 'NONE', *, *, #1775, .T. ) ;
#2506 = EDGE_CURVE ( 'NONE', #2203, #932, #261, .T. ) ;
#2507 = DIRECTION ( 'NONE',  ( -1.000000000000000000, 0.000000000000000000, 0.000000000000000000 ) ) ;
#2508 = DIRECTION ( 'NONE',  ( 0.000000000000000000, 0.000000000000000000, 1.000000000000000000 ) ) ;
#2509 = EDGE_CURVE ( 'NONE', #292, #2163, #1994, .T. ) ;
#2510 = CARTESIAN_POINT ( 'NONE',  ( 22.38248969043720038, 11.89726821137888990, 90.40200000000000102 ) ) ;
#2511 = CIRCLE ( 'NONE', #1699, 0.7000000000000009548 ) ;
#2512 = COORDINATED_UNIVERSAL_TIME_OFFSET ( 5, 0, .BEHIND. ) ;
#2513 = CARTESIAN_POINT ( 'NONE',  ( -20.38248969043720393, 11.89726821137888990, 4.317999999999999616 ) ) ;
#2514 = ORIENTED_EDGE ( 'NONE', *, *, #109, .T. ) ;
#2515 = ORIENTED_EDGE ( 'NONE', *, *, #894, .T. ) ;
#2516 = VECTOR ( 'NONE', #183, 999.9999999999998863 ) ;
#2517 = ORIENTED_EDGE ( 'NONE', *, *, #2302, .F. ) ;
#2518 = CARTESIAN_POINT ( 'NONE',  ( -17.70169356637258673, 17.65364549295478369, 6.118000000000000327 ) ) ;
#2519 = EDGE_CURVE ( 'NONE', #2049, #1894, #522, .T. ) ;
#2520 = CYLINDRICAL_SURFACE ( 'NONE', #900, 0.7000000000000027311 ) ;
#2521 = EDGE_CURVE ( 'NONE', #1202, #407, #289, .T. ) ;
#2522 = APPROVAL_ROLE ( '' ) ;
#2523 = CARTESIAN_POINT ( 'NONE',  ( 20.38248969043720393, -11.89726821137888990, 4.317999999999999616 ) ) ;
#2524 = ORIENTED_EDGE ( 'NONE', *, *, #2269, .F. ) ;
#2525 = ORIENTED_EDGE ( 'NONE', *, *, #937, .F. ) ;
#2526 = ORIENTED_EDGE ( 'NONE', *, *, #948, .T. ) ;
#2527 = FACE_OUTER_BOUND ( 'NONE', #1406, .T. ) ;
#2528 = FACE_OUTER_BOUND ( 'NONE', #1658, .T. ) ;
#2529 = DIRECTION ( 'NONE',  ( 0.000000000000000000, -0.000000000000000000, -1.000000000000000000 ) ) ;
#2530 = VECTOR ( 'NONE', #1959, 1000.000000000000000 ) ;
#2531 = FACE_BOUND ( 'NONE', #1901, .T. ) ;
#2532 = EDGE_CURVE ( 'NONE', #1390, #2538, #1665, .T. ) ;
#2533 = LINE ( 'NONE', #992, #1785 ) ;
#2534 = ORIENTED_EDGE ( 'NONE', *, *, #1924, .T. ) ;
#2535 = ORIENTED_EDGE ( 'NONE', *, *, #698, .F. ) ;
#2536 = AXIS2_PLACEMENT_3D ( 'NONE', #1412, #1786, #1753 ) ;
#2537 = CARTESIAN_POINT ( 'NONE',  ( 20.38248969043720393, 11.89726821137888990, 4.317999999999999616 ) ) ;
#2538 = VERTEX_POINT ( 'NONE', #858 ) ;
#2539 = VECTOR ( 'NONE', #1997, 1000.000000000000000 ) ;
ENDSEC;
END-ISO-10303-21;
