ISO-10303-21;
HEADER;
FILE_DESCRIPTION (( 'STEP AP203' ),
    '1' );
FILE_NAME ('newBottomNoGear.STEP',
    '2026-04-06T18:45:09',
    ( '' ),
    ( '' ),
    'SwSTEP 2.0',
    'SolidWorks 2025',
    '' );
FILE_SCHEMA (( 'CONFIG_CONTROL_DESIGN' ));
ENDSEC;

DATA;
#1 = ORIENTED_EDGE ( 'NONE', *, *, #3409, .T. ) ;
#2 = DIRECTION ( 'NONE',  ( -0.5000000000000009992, -0.8660254037844382635, 5.939693181744591436E-15 ) ) ;
#3 = ADVANCED_FACE ( 'NONE', ( #1697 ), #3113, .T. ) ;
#4 = DIRECTION ( 'NONE',  ( 0.000000000000000000, 0.000000000000000000, -1.000000000000000000 ) ) ;
#5 = DIRECTION ( 'NONE',  ( 0.000000000000000000, -0.7071067811865422437, 0.7071067811865527908 ) ) ;
#6 = EDGE_CURVE ( 'NONE', #1884, #3065, #160, .T. ) ;
#7 = ORIENTED_EDGE ( 'NONE', *, *, #3628, .T. ) ;
#8 = LINE ( 'NONE', #3621, #2013 ) ;
#9 = ADVANCED_FACE ( 'NONE', ( #4017 ), #2976, .T. ) ;
#10 = LINE ( 'NONE', #1323, #4091 ) ;
#11 = UNCERTAINTY_MEASURE_WITH_UNIT (LENGTH_MEASURE( 1.000000000000000082E-05 ), #2543, 'distance_accuracy_value', 'NONE');
#12 = EDGE_CURVE ( 'NONE', #3514, #2995, #3818, .T. ) ;
#13 = LINE ( 'NONE', #267, #3145 ) ;
#14 = EDGE_LOOP ( 'NONE', ( #4110, #3070 ) ) ;
#15 = DIRECTION ( 'NONE',  ( 0.000000000000000000, -7.370867579099568370E-15, -1.000000000000000000 ) ) ;
#16 = DIRECTION ( 'NONE',  ( 0.000000000000000000, 0.000000000000000000, -1.000000000000000000 ) ) ;
#17 = VERTEX_POINT ( 'NONE', #3796 ) ;
#18 = DIRECTION ( 'NONE',  ( -0.000000000000000000, 1.000000000000000000, -7.370867579099568370E-15 ) ) ;
#19 = VECTOR ( 'NONE', #695, 1000.000000000000000 ) ;
#20 = CYLINDRICAL_SURFACE ( 'NONE', #2470, 14.00000000000035172 ) ;
#21 = ORIENTED_EDGE ( 'NONE', *, *, #4100, .F. ) ;
#22 = ORIENTED_EDGE ( 'NONE', *, *, #2493, .F. ) ;
#23 = CARTESIAN_POINT ( 'NONE',  ( 100.0000000000000000, -19.09188309203678813, -19.09188309203678813 ) ) ;
#24 = FACE_OUTER_BOUND ( 'NONE', #1057, .T. ) ;
#25 = FACE_OUTER_BOUND ( 'NONE', #4243, .T. ) ;
#26 = CIRCLE ( 'NONE', #2504, 13.93804725562687175 ) ;
#27 = AXIS2_PLACEMENT_3D ( 'NONE', #599, #2562, #1182 ) ;
#28 = ORIENTED_EDGE ( 'NONE', *, *, #422, .F. ) ;
#29 = DIRECTION ( 'NONE',  ( 0.5000000000000009992, 0.8660254037844382635, -5.939693181744591436E-15 ) ) ;
#30 = CARTESIAN_POINT ( 'NONE',  ( 99.80000000000001137, 11.89726821137852575, 20.38248969043703696 ) ) ;
#31 = ADVANCED_FACE ( 'NONE', ( #860 ), #284, .F. ) ;
#32 = EDGE_CURVE ( 'NONE', #2540, #4140, #1585, .T. ) ;
#33 = CARTESIAN_POINT ( 'NONE',  ( 99.80000000000001137, 6.916424062726162170, 15.69202858510344178 ) ) ;
#34 = ORIENTED_EDGE ( 'NONE', *, *, #3029, .T. ) ;
#35 = ADVANCED_FACE ( 'NONE', ( #3765 ), #1272, .F. ) ;
#36 = ORIENTED_EDGE ( 'NONE', *, *, #404, .F. ) ;
#37 = CARTESIAN_POINT ( 'NONE',  ( 83.84014655601031052, -11.57170139817243992, 12.47441327564047597 ) ) ;
#38 = CARTESIAN_POINT ( 'NONE',  ( 25.83842932141606141, 21.60111525972497404, -13.75422379960245145 ) ) ;
#39 = ORIENTED_EDGE ( 'NONE', *, *, #1423, .F. ) ;
#40 = ORIENTED_EDGE ( 'NONE', *, *, #2510, .F. ) ;
#41 = CARTESIAN_POINT ( 'NONE',  ( 100.0000000000000000, 27.00000000000001776, 11.18376618407356382 ) ) ;
#42 = PLANE ( 'NONE',  #778 ) ;
#43 = DIRECTION ( 'NONE',  ( -0.8618598127375347584, 0.4975949948877367301, -0.09796368842941206856 ) ) ;
#44 = EDGE_LOOP ( 'NONE', ( #3067, #3647, #742, #2034, #4136, #1638, #2425, #2285, #2814, #2909 ) ) ;
#45 = CARTESIAN_POINT ( 'NONE',  ( 100.0000000000000000, 27.00000000000001776, 11.18376618407356382 ) ) ;
#46 = DIRECTION ( 'NONE',  ( 0.000000000000000000, 0.000000000000000000, -1.000000000000000000 ) ) ;
#47 = CIRCLE ( 'NONE', #1152, 0.7000000000000051736 ) ;
#48 = VECTOR ( 'NONE', #2267, 1000.000000000000114 ) ;
#49 = VECTOR ( 'NONE', #2238, 1000.000000000000000 ) ;
#50 = VECTOR ( 'NONE', #100, 1000.000000000000114 ) ;
#51 = CARTESIAN_POINT ( 'NONE',  ( 94.80000000000001137, 11.89726821137852575, -21.08248969043735954 ) ) ;
#52 = ORIENTED_EDGE ( 'NONE', *, *, #2768, .T. ) ;
#53 = VECTOR ( 'NONE', #1898, 1000.000000000000114 ) ;
#54 = EDGE_CURVE ( 'NONE', #4011, #98, #1492, .T. ) ;
#55 = DIRECTION ( 'NONE',  ( -0.7745966692414826271, 0.4472135954999617580, 0.4472135954999553742 ) ) ;
#56 = PLANE ( 'NONE',  #1224 ) ;
#57 = ORIENTED_EDGE ( 'NONE', *, *, #300, .F. ) ;
#58 = EDGE_CURVE ( 'NONE', #3566, #612, #839, .T. ) ;
#59 = DIRECTION ( 'NONE',  ( 0.000000000000000000, -1.000000000000000000, 0.000000000000000000 ) ) ;
#60 = PERSON_AND_ORGANIZATION_ROLE ( 'classification_officer' ) ;
#61 = CARTESIAN_POINT ( 'NONE',  ( 99.80000000000001137, -9.621037113853832423, -24.99999999999993605 ) ) ;
#62 = CARTESIAN_POINT ( 'NONE',  ( 13.95138730926081649, 25.31449095112959213, 1.156555121607236059 ) ) ;
#63 = ORIENTED_EDGE ( 'NONE', *, *, #2564, .F. ) ;
#64 = PLANE ( 'NONE',  #2257 ) ;
#65 = EDGE_CURVE ( 'NONE', #1397, #3355, #2508, .T. ) ;
#66 = LINE ( 'NONE', #998, #3963 ) ;
#67 = VECTOR ( 'NONE', #1546, 1000.000000000000227 ) ;
#68 = DIRECTION ( 'NONE',  ( 0.000000000000000000, -0.7071067811865474617, 0.7071067811865474617 ) ) ;
#69 = CIRCLE ( 'NONE', #3444, 1.999999999999998668 ) ;
#70 = ORIENTED_EDGE ( 'NONE', *, *, #665, .F. ) ;
#71 = DIRECTION ( 'NONE',  ( 1.000000000000000000, 0.000000000000000000, 0.000000000000000000 ) ) ;
#72 = FACE_OUTER_BOUND ( 'NONE', #3398, .T. ) ;
#73 = CYLINDRICAL_SURFACE ( 'NONE', #872, 1.999999999999995781 ) ;
#74 = VERTEX_POINT ( 'NONE', #4131 ) ;
#75 = ORIENTED_EDGE ( 'NONE', *, *, #1736, .T. ) ;
#76 = EDGE_LOOP ( 'NONE', ( #3335, #407, #4185, #2477, #3400, #954, #137, #996, #2126, #1435, #418, #1755 ) ) ;
#77 = CARTESIAN_POINT ( 'NONE',  ( 25.53101860023945591, 22.09308932330429798, 12.99935497757353708 ) ) ;
#78 = AXIS2_PLACEMENT_3D ( 'NONE', #2157, #3507, #4199 ) ;
#79 = EDGE_CURVE ( 'NONE', #1384, #3958, #105, .T. ) ;
#80 = EDGE_CURVE ( 'NONE', #2957, #1824, #175, .T. ) ;
#81 = ORIENTED_EDGE ( 'NONE', *, *, #1613, .F. ) ;
#82 = ORIENTED_EDGE ( 'NONE', *, *, #1484, .T. ) ;
#83 = ORIENTED_EDGE ( 'NONE', *, *, #4251, .T. ) ;
#84 = DIRECTION ( 'NONE',  ( 0.000000000000000000, 0.000000000000000000, -1.000000000000000000 ) ) ;
#85 = DIRECTION ( 'NONE',  ( -1.000000000000000000, 0.000000000000000000, -0.000000000000000000 ) ) ;
#86 = VECTOR ( 'NONE', #1520, 1000.000000000000000 ) ;
#87 = CARTESIAN_POINT ( 'NONE',  ( 0.000000000000000000, 18.00000000000000000, -1.329283828228473009E-13 ) ) ;
#88 = ADVANCED_FACE ( 'NONE', ( #3109 ), #1833, .F. ) ;
#89 = VERTEX_POINT ( 'NONE', #2490 ) ;
#90 = CARTESIAN_POINT ( 'NONE',  ( 74.28000000000000114, 10.41642406272617727, -17.49999999999980105 ) ) ;
#91 = LINE ( 'NONE', #3722, #1311 ) ;
#92 = CARTESIAN_POINT ( 'NONE',  ( 21.40621172966805830, 17.54634445010840693, 12.99935497757364899 ) ) ;
#93 = VECTOR ( 'NONE', #1489, 1000.000000000000000 ) ;
#94 = DIRECTION ( 'NONE',  ( 1.000000000000000000, 0.000000000000000000, 0.000000000000000000 ) ) ;
#95 = VERTEX_POINT ( 'NONE', #2471 ) ;
#96 = ORIENTED_EDGE ( 'NONE', *, *, #4233, .F. ) ;
#97 = DIRECTION ( 'NONE',  ( 0.8660254037844381525, -0.5000000000000007772, 0.000000000000000000 ) ) ;
#98 = VERTEX_POINT ( 'NONE', #1451 ) ;
#99 = ORIENTED_EDGE ( 'NONE', *, *, #846, .F. ) ;
#100 = DIRECTION ( 'NONE',  ( -0.7745966692414846255, 0.4472135954999568175, -0.4472135954999568175 ) ) ;
#101 = LINE ( 'NONE', #2734, #3124 ) ;
#102 = EDGE_CURVE ( 'NONE', #702, #292, #1140, .T. ) ;
#103 = EDGE_CURVE ( 'NONE', #1884, #995, #3912, .T. ) ;
#104 = DIRECTION ( 'NONE',  ( 1.000000000000000000, -0.000000000000000000, 0.000000000000000000 ) ) ;
#105 = CIRCLE ( 'NONE', #1348, 0.6999999999999820810 ) ;
#106 = VERTEX_POINT ( 'NONE', #861 ) ;
#107 = PLANE ( 'NONE',  #1807 ) ;
#108 = CARTESIAN_POINT ( 'NONE',  ( 99.80000000000001137, -9.621037113853832423, 0.000000000000000000 ) ) ;
#109 = EDGE_CURVE ( 'NONE', #390, #1089, #4108, .T. ) ;
#110 = DIRECTION ( 'NONE',  ( 0.000000000000000000, 0.000000000000000000, -1.000000000000000000 ) ) ;
#111 = DIRECTION ( 'NONE',  ( -0.5000000000000009992, -0.8660254037844382635, 5.939693181744591436E-15 ) ) ;
#112 = EDGE_LOOP ( 'NONE', ( #3620, #3605 ) ) ;
#113 = AXIS2_PLACEMENT_3D ( 'NONE', #1786, #146, #3781 ) ;
#114 = VERTEX_POINT ( 'NONE', #2177 ) ;
#115 = VECTOR ( 'NONE', #4222, 1000.000000000000000 ) ;
#116 = CIRCLE ( 'NONE', #2150, 1.700000000000000178 ) ;
#117 = ORIENTED_EDGE ( 'NONE', *, *, #273, .F. ) ;
#118 = VECTOR ( 'NONE', #3674, 1000.000000000000000 ) ;
#119 = VERTEX_POINT ( 'NONE', #3508 ) ;
#120 = CARTESIAN_POINT ( 'NONE',  ( 74.28000000000000114, 17.67766952966380956, 17.67766952966356087 ) ) ;
#121 = ORIENTED_EDGE ( 'NONE', *, *, #190, .F. ) ;
#122 = ORIENTED_EDGE ( 'NONE', *, *, #2722, .T. ) ;
#123 = LINE ( 'NONE', #225, #3503 ) ;
#124 = CARTESIAN_POINT ( 'NONE',  ( 75.00000000000000000, 10.41642406272615418, 1.595945597898662527E-13 ) ) ;
#125 = DIRECTION ( 'NONE',  ( -1.000000000000000000, -0.000000000000000000, -0.000000000000000000 ) ) ;
#126 = ADVANCED_FACE ( 'NONE', ( #457, #2764 ), #1858, .T. ) ;
#127 = ORIENTED_EDGE ( 'NONE', *, *, #3330, .F. ) ;
#128 = CARTESIAN_POINT ( 'NONE',  ( 94.80000000000001137, -17.65364549295514607, 17.70169356637222435 ) ) ;
#129 = AXIS2_PLACEMENT_3D ( 'NONE', #229, #4159, #916 ) ;
#130 = LINE ( 'NONE', #1168, #645 ) ;
#131 = CARTESIAN_POINT ( 'NONE',  ( 84.44636433865940717, -11.92170139817257457, -9.952055505674906044 ) ) ;
#132 = VECTOR ( 'NONE', #1285, 1000.000000000000000 ) ;
#133 = DIRECTION ( 'NONE',  ( -1.000000000000000000, -0.000000000000000000, -0.000000000000000000 ) ) ;
#134 = EDGE_CURVE ( 'NONE', #656, #525, #4087, .T. ) ;
#135 = EDGE_CURVE ( 'NONE', #3816, #2537, #502, .T. ) ;
#136 = DIRECTION ( 'NONE',  ( 0.8660254037844382635, -0.5000000000000006661, 0.000000000000000000 ) ) ;
#137 = ORIENTED_EDGE ( 'NONE', *, *, #1087, .T. ) ;
#138 = EDGE_CURVE ( 'NONE', #95, #1953, #2444, .T. ) ;
#139 = VERTEX_POINT ( 'NONE', #3439 ) ;
#140 = EDGE_LOOP ( 'NONE', ( #4188, #3089, #81, #2019 ) ) ;
#141 = CARTESIAN_POINT ( 'NONE',  ( 36.30095548418310614, 17.99999999999996092, -5.200914422068110277 ) ) ;
#142 = VERTEX_POINT ( 'NONE', #482 ) ;
#143 = ORIENTED_EDGE ( 'NONE', *, *, #1222, .F. ) ;
#144 = CARTESIAN_POINT ( 'NONE',  ( 14.44934295108999045, 25.02699612727501943, -1.704054566726330304E-13 ) ) ;
#145 = DIRECTION ( 'NONE',  ( -0.5000000000000009992, -0.8660254037844380415, 5.884182030513328875E-15 ) ) ;
#146 = DIRECTION ( 'NONE',  ( -0.3855336798598850701, 0.2225879738487659965, -0.8954431168933049134 ) ) ;
#147 = ORIENTED_EDGE ( 'NONE', *, *, #1556, .T. ) ;
#148 = CARTESIAN_POINT ( 'NONE',  ( 26.13723638288856677, 21.74308932330429300, 12.99935497757353708 ) ) ;
#149 = DIRECTION ( 'NONE',  ( 0.7754764868735130046, -0.4477215584466521792, -0.4451759476975538643 ) ) ;
#150 = LINE ( 'NONE', #3437, #4069 ) ;
#151 = DIRECTION ( 'NONE',  ( 1.000000000000000000, 0.000000000000000000, -0.000000000000000000 ) ) ;
#152 = CARTESIAN_POINT ( 'NONE',  ( 8.955617981198267685, 24.73469810235795663, -9.275852466000385377 ) ) ;
#153 = VECTOR ( 'NONE', #2485, 1000.000000000000000 ) ;
#154 = LINE ( 'NONE', #2787, #1025 ) ;
#155 = EDGE_LOOP ( 'NONE', ( #1197, #427, #3351, #852 ) ) ;
#156 = EDGE_CURVE ( 'NONE', #268, #402, #1792, .T. ) ;
#157 = ADVANCED_FACE ( 'NONE', ( #2655 ), #1336, .F. ) ;
#158 = AXIS2_PLACEMENT_3D ( 'NONE', #30, #2046, #1039 ) ;
#159 = ORIENTED_EDGE ( 'NONE', *, *, #736, .F. ) ;
#160 = LINE ( 'NONE', #3033, #289 ) ;
#161 = AXIS2_PLACEMENT_3D ( 'NONE', #1340, #1013, #367 ) ;
#162 = VERTEX_POINT ( 'NONE', #4275 ) ;
#163 = CARTESIAN_POINT ( 'NONE',  ( 18.57724992127696240, 18.02494577333092352, 15.12749946104014143 ) ) ;
#164 = EDGE_CURVE ( 'NONE', #2367, #1413, #290, .T. ) ;
#165 = ORIENTED_EDGE ( 'NONE', *, *, #3353, .F. ) ;
#166 = LINE ( 'NONE', #2235, #4123 ) ;
#167 = EDGE_LOOP ( 'NONE', ( #2632, #962, #4202, #1604 ) ) ;
#168 = CYLINDRICAL_SURFACE ( 'NONE', #2370, 14.00000000000035172 ) ;
#169 = DIRECTION ( 'NONE',  ( 0.000000000000000000, 1.000000000000000000, -0.000000000000000000 ) ) ;
#170 = ORIENTED_EDGE ( 'NONE', *, *, #507, .T. ) ;
#171 = DIRECTION ( 'NONE',  ( -1.000000000000000000, -0.000000000000000000, -0.000000000000000000 ) ) ;
#172 = PLANE ( 'NONE',  #1056 ) ;
#173 = LINE ( 'NONE', #1856, #3094 ) ;
#174 = CARTESIAN_POINT ( 'NONE',  ( 33.88507569097345851, 40.52089570587405376, 5.165556646546335173 ) ) ;
#175 = LINE ( 'NONE', #822, #1006 ) ;
#176 = CARTESIAN_POINT ( 'NONE',  ( 25.53101860023945591, 22.09308932330412034, -12.99935497757382663 ) ) ;
#177 = ORIENTED_EDGE ( 'NONE', *, *, #2111, .F. ) ;
#178 = EDGE_CURVE ( 'NONE', #624, #3316, #1286, .T. ) ;
#179 = VERTEX_POINT ( 'NONE', #1355 ) ;
#180 = ORIENTED_EDGE ( 'NONE', *, *, #2377, .F. ) ;
#181 = DIRECTION ( 'NONE',  ( 0.000000000000000000, 0.000000000000000000, -1.000000000000000000 ) ) ;
#182 = AXIS2_PLACEMENT_3D ( 'NONE', #1875, #2852, #2569 ) ;
#183 = ORIENTED_EDGE ( 'NONE', *, *, #1635, .T. ) ;
#184 = VECTOR ( 'NONE', #2848, 1000.000000000000114 ) ;
#185 = ADVANCED_FACE ( 'NONE', ( #3296 ), #2674, .F. ) ;
#186 = VECTOR ( 'NONE', #2563, 1000.000000000000000 ) ;
#187 = ORIENTED_EDGE ( 'NONE', *, *, #378, .T. ) ;
#188 = FACE_OUTER_BOUND ( 'NONE', #44, .T. ) ;
#189 = FACE_OUTER_BOUND ( 'NONE', #3305, .T. ) ;
#190 = EDGE_CURVE ( 'NONE', #3760, #17, #3997, .T. ) ;
#191 = ORIENTED_EDGE ( 'NONE', *, *, #1074, .F. ) ;
#192 = CARTESIAN_POINT ( 'NONE',  ( 99.80000000000001137, 6.916424062726162170, -15.19999999999973461 ) ) ;
#193 = LINE ( 'NONE', #1512, #2572 ) ;
#194 = DIRECTION ( 'NONE',  ( 1.221718812435014543E-14, -1.551108497285261312E-16, 1.000000000000000000 ) ) ;
#195 = CARTESIAN_POINT ( 'NONE',  ( 26.42735012705465181, 14.64738884473879033, 1.531983828600300246 ) ) ;
#196 = DIRECTION ( 'NONE',  ( -1.000000000000000000, -0.000000000000000000, -0.000000000000000000 ) ) ;
#197 = DIRECTION ( 'NONE',  ( -0.5000000000000009992, -0.8660254037844381525, 5.884182030513328087E-15 ) ) ;
#198 = ORIENTED_EDGE ( 'NONE', *, *, #3278, .F. ) ;
#199 = VECTOR ( 'NONE', #4075, 1000.000000000000000 ) ;
#200 = AXIS2_PLACEMENT_3D ( 'NONE', #3001, #1407, #2338 ) ;
#201 = CARTESIAN_POINT ( 'NONE',  ( 74.28000000000000114, 17.67766952966355731, -17.67766952966382021 ) ) ;
#202 = EDGE_LOOP ( 'NONE', ( #567, #1 ) ) ;
#203 = DIRECTION ( 'NONE',  ( -0.000000000000000000, -7.380978235061771560E-15, -1.000000000000000000 ) ) ;
#204 = DIRECTION ( 'NONE',  ( -0.5000000000000009992, -0.8660254037844382635, 5.939693181744591436E-15 ) ) ;
#205 = VERTEX_POINT ( 'NONE', #2612 ) ;
#206 = ORIENTED_EDGE ( 'NONE', *, *, #3993, .F. ) ;
#207 = CARTESIAN_POINT ( 'NONE',  ( 100.0000000000000000, 10.35533905932718568, -25.00000000000007816 ) ) ;
#208 = LINE ( 'NONE', #3165, #603 ) ;
#209 = EDGE_CURVE ( 'NONE', #1397, #969, #1637, .T. ) ;
#210 = ADVANCED_FACE ( 'NONE', ( #2956 ), #3613, .F. ) ;
#211 = VECTOR ( 'NONE', #3014, 1000.000000000000000 ) ;
#212 = ORIENTED_EDGE ( 'NONE', *, *, #3512, .F. ) ;
#213 = DIRECTION ( 'NONE',  ( 0.000000000000000000, 1.742434088381415637E-15, -1.000000000000000000 ) ) ;
#214 = PLANE ( 'NONE',  #1743 ) ;
#215 = DIRECTION ( 'NONE',  ( 1.000000000000000000, 0.000000000000000000, 0.000000000000000000 ) ) ;
#216 = PLANE ( 'NONE',  #3612 ) ;
#217 = EDGE_CURVE ( 'NONE', #1068, #1775, #2975, .T. ) ;
#218 = DIRECTION ( 'NONE',  ( -0.5000000000000008882, -0.8660254037844381525, 5.939693181744587491E-15 ) ) ;
#219 = DIRECTION ( 'NONE',  ( 0.8618598127375414197, -0.4975949948877406159, 0.09796368842933401988 ) ) ;
#220 = LINE ( 'NONE', #2249, #965 ) ;
#221 = ORIENTED_EDGE ( 'NONE', *, *, #1986, .F. ) ;
#222 = AXIS2_PLACEMENT_3D ( 'NONE', #1945, #1896, #2245 ) ;
#223 = CIRCLE ( 'NONE', #3181, 3.605245064036107117 ) ;
#224 = CARTESIAN_POINT ( 'NONE',  ( 99.80000000000001137, -11.89726821137925228, 19.68248969043704832 ) ) ;
#225 = CARTESIAN_POINT ( 'NONE',  ( 100.0000000000000000, -27.00000000000001066, 0.000000000000000000 ) ) ;
#226 = ORIENTED_EDGE ( 'NONE', *, *, #2532, .F. ) ;
#227 = CARTESIAN_POINT ( 'NONE',  ( 36.30095548418310614, 25.00000000000003553, 5.140239624478179614 ) ) ;
#228 = CIRCLE ( 'NONE', #2017, 3.605245064036107117 ) ;
#229 = CARTESIAN_POINT ( 'NONE',  ( 81.94636433865939296, -16.25182841709476733, -9.952055505674875846 ) ) ;
#230 = ORIENTED_EDGE ( 'NONE', *, *, #190, .T. ) ;
#231 = VECTOR ( 'NONE', #2263, 1000.000000000000000 ) ;
#232 = ORIENTED_EDGE ( 'NONE', *, *, #350, .F. ) ;
#233 = DIRECTION ( 'NONE',  ( 0.000000000000000000, -0.7071067811865527908, -0.7071067811865422437 ) ) ;
#234 = LINE ( 'NONE', #1203, #49 ) ;
#235 = EDGE_CURVE ( 'NONE', #3379, #4007, #2350, .T. ) ;
#236 = EDGE_LOOP ( 'NONE', ( #3224, #63, #3767, #1389 ) ) ;
#237 = DIRECTION ( 'NONE',  ( 1.000000000000000000, 0.000000000000000000, 0.000000000000000000 ) ) ;
#238 = EDGE_CURVE ( 'NONE', #3447, #1914, #968, .T. ) ;
#239 = DIRECTION ( 'NONE',  ( -1.000000000000000000, -0.000000000000000000, -0.000000000000000000 ) ) ;
#240 = FACE_OUTER_BOUND ( 'NONE', #254, .T. ) ;
#241 = CARTESIAN_POINT ( 'NONE',  ( 81.94739049300777367, -16.25242086758387572, 12.47441327564058255 ) ) ;
#242 = DIRECTION ( 'NONE',  ( 0.000000000000000000, 0.000000000000000000, -1.000000000000000000 ) ) ;
#243 = CARTESIAN_POINT ( 'NONE',  ( 21.79567050253834637, 20.78559193789114090, 0.8350236694110159119 ) ) ;
#244 = VERTEX_POINT ( 'NONE', #3277 ) ;
#245 = CARTESIAN_POINT ( 'NONE',  ( 78.03804381848834737, -16.30475958945298132, 17.80059976798016308 ) ) ;
#246 = VERTEX_POINT ( 'NONE', #3652 ) ;
#247 = CARTESIAN_POINT ( 'NONE',  ( 94.80000000000001137, 11.89726821137852575, 20.38248969043703696 ) ) ;
#248 = CARTESIAN_POINT ( 'NONE',  ( 36.52227839282395649, 19.21138413846005477, -16.14395492086732986 ) ) ;
#249 = ORIENTED_EDGE ( 'NONE', *, *, #1379, .T. ) ;
#250 = ORIENTED_EDGE ( 'NONE', *, *, #3892, .F. ) ;
#251 = DIRECTION ( 'NONE',  ( 1.000000000000000000, 0.000000000000000000, 0.000000000000000000 ) ) ;
#252 = CARTESIAN_POINT ( 'NONE',  ( 13.91140712235615418, 25.33757352280123953, -1.249413372509414977 ) ) ;
#253 = CIRCLE ( 'NONE', #2672, 0.7000000000000027311 ) ;
#254 = EDGE_LOOP ( 'NONE', ( #3133, #3868, #3715, #1623 ) ) ;
#255 = VECTOR ( 'NONE', #2578, 1000.000000000000000 ) ;
#256 = CARTESIAN_POINT ( 'NONE',  ( 94.80000000000001137, 11.89726821137852575, -19.68248969043735386 ) ) ;
#257 = LINE ( 'NONE', #4215, #1610 ) ;
#258 = FACE_BOUND ( 'NONE', #2914, .T. ) ;
#259 = FACE_OUTER_BOUND ( 'NONE', #2168, .T. ) ;
#260 = CC_DESIGN_PERSON_AND_ORGANIZATION_ASSIGNMENT ( #2369, #683, ( #3564 ) ) ;
#261 = ORIENTED_EDGE ( 'NONE', *, *, #1036, .T. ) ;
#262 = LINE ( 'NONE', #2276, #53 ) ;
#263 = DIRECTION ( 'NONE',  ( 0.8660254037844380415, -0.5000000000000009992, 0.000000000000000000 ) ) ;
#264 = VERTEX_POINT ( 'NONE', #3257 ) ;
#265 = ADVANCED_FACE ( 'NONE', ( #664 ), #323, .F. ) ;
#266 = ADVANCED_FACE ( 'NONE', ( #1980 ), #20, .F. ) ;
#267 = CARTESIAN_POINT ( 'NONE',  ( 74.28000000000000114, 6.916424062726162170, 0.000000000000000000 ) ) ;
#268 = VERTEX_POINT ( 'NONE', #2329 ) ;
#269 = AXIS2_PLACEMENT_3D ( 'NONE', #4013, #1334, #2689 ) ;
#270 = LINE ( 'NONE', #1842, #86 ) ;
#271 = DIRECTION ( 'NONE',  ( 0.000000000000000000, 0.7071067811865395791, 0.7071067811865554553 ) ) ;
#272 = VECTOR ( 'NONE', #3947, 1000.000000000000000 ) ;
#273 = EDGE_CURVE ( 'NONE', #1966, #560, #2018, .T. ) ;
#275 = VERTEX_POINT ( 'NONE', #61 ) ;
#274 = CIRCLE ( 'NONE', #623, 1.999999999999995781 ) ;
#276 = EDGE_LOOP ( 'NONE', ( #3998, #99, #4025, #1135 ) ) ;
#277 = CARTESIAN_POINT ( 'NONE',  ( 19.80544841743672890, 17.31584504095468091, -0.8361350805655264340 ) ) ;
#278 = LINE ( 'NONE', #2586, #738 ) ;
#279 = ORIENTED_EDGE ( 'NONE', *, *, #3885, .T. ) ;
#280 = DIRECTION ( 'NONE',  ( 1.000000000000000000, -0.000000000000000000, 0.000000000000000000 ) ) ;
#281 = CARTESIAN_POINT ( 'NONE',  ( 75.00000000000000000, 6.916424062726162170, 0.000000000000000000 ) ) ;
#282 = DIRECTION ( 'NONE',  ( -0.5000000000000009992, -0.8660254037844381525, 5.939693181744589858E-15 ) ) ;
#283 = DIRECTION ( 'NONE',  ( 1.000000000000000000, 0.000000000000000000, 0.000000000000000000 ) ) ;
#284 = PLANE ( 'NONE',  #78 ) ;
#285 = ORIENTED_EDGE ( 'NONE', *, *, #2023, .T. ) ;
#286 = DIRECTION ( 'NONE',  ( 0.8660254037844380415, -0.5000000000000009992, 0.000000000000000000 ) ) ;
#287 = FACE_OUTER_BOUND ( 'NONE', #365, .T. ) ;
#288 = ORIENTED_EDGE ( 'NONE', *, *, #2644, .T. ) ;
#289 = VECTOR ( 'NONE', #1378, 1000.000000000000000 ) ;
#290 =( BOUNDED_CURVE ( )  B_SPLINE_CURVE ( 3, ( #1377, #1998, #2284, #1961 ),
 .UNSPECIFIED., .F., .F. ) 
 B_SPLINE_CURVE_WITH_KNOTS ( ( 4, 4 ),
 ( 5.612069368952002257, 6.954301245407175536 ),
 .UNSPECIFIED. ) 
 CURVE ( )  GEOMETRIC_REPRESENTATION_ITEM ( )  RATIONAL_B_SPLINE_CURVE ( ( 1.000000000000000000, 0.8554187973128906108, 0.8554187973128906108, 1.000000000000000000 ) ) 
 REPRESENTATION_ITEM ( '' )  );
#291 = LINE ( 'NONE', #1648, #1837 ) ;
#292 = VERTEX_POINT ( 'NONE', #3593 ) ;
#293 = AXIS2_PLACEMENT_3D ( 'NONE', #928, #2898, #3529 ) ;
#294 = EDGE_CURVE ( 'NONE', #3208, #2373, #2631, .T. ) ;
#295 = EDGE_CURVE ( 'NONE', #3405, #1284, #4155, .T. ) ;
#296 = LINE ( 'NONE', #1178, #3644 ) ;
#297 = CARTESIAN_POINT ( 'NONE',  ( 36.30095548418310614, 18.00000000000002487, 3.601021597043572164 ) ) ;
#298 = CIRCLE ( 'NONE', #1259, 0.6999999999999820810 ) ;
#299 = ORIENTED_EDGE ( 'NONE', *, *, #1869, .T. ) ;
#300 = EDGE_CURVE ( 'NONE', #1923, #2214, #500, .T. ) ;
#301 = CARTESIAN_POINT ( 'NONE',  ( 74.28000000000000114, 0.000000000000000000, 0.000000000000000000 ) ) ;
#302 = CARTESIAN_POINT ( 'NONE',  ( 100.0000000000000000, 10.35533905932718568, -25.00000000000007816 ) ) ;
#303 = VECTOR ( 'NONE', #239, 1000.000000000000000 ) ;
#304 = ORIENTED_EDGE ( 'NONE', *, *, #2668, .T. ) ;
#305 = DIRECTION ( 'NONE',  ( 0.000000000000000000, 1.000000000000000000, -7.380978235061771560E-15 ) ) ;
#306 = CARTESIAN_POINT ( 'NONE',  ( 95.36639743565973504, -21.69048706142296368, 13.66485199790446181 ) ) ;
#307 = FACE_OUTER_BOUND ( 'NONE', #2954, .T. ) ;
#308 = DIRECTION ( 'NONE',  ( 0.8660254037844377084, -0.5000000000000015543, 0.000000000000000000 ) ) ;
#309 = ORIENTED_EDGE ( 'NONE', *, *, #65, .T. ) ;
#310 = FACE_OUTER_BOUND ( 'NONE', #3975, .T. ) ;
#311 = DIRECTION ( 'NONE',  ( 0.000000000000000000, 0.000000000000000000, -1.000000000000000000 ) ) ;
#312 = DIRECTION ( 'NONE',  ( -0.7754764868734003169, 0.4477215584465871756, 0.4451759476978157104 ) ) ;
#313 = DIRECTION ( 'NONE',  ( -0.5000000000000009992, -0.8660254037844380415, 5.974264125907593365E-15 ) ) ;
#314 = ORIENTED_EDGE ( 'NONE', *, *, #3380, .F. ) ;
#315 = CARTESIAN_POINT ( 'NONE',  ( 36.30095548418310614, 17.99999999999996092, -5.200914422068110277 ) ) ;
#316 = APPROVAL ( #3314, 'UNSPECIFIED' ) ;
#317 = ADVANCED_FACE ( 'NONE', ( #796 ), #2808, .F. ) ;
#318 = ORIENTED_EDGE ( 'NONE', *, *, #3486, .T. ) ;
#319 = EDGE_LOOP ( 'NONE', ( #1906, #1327, #304, #1067 ) ) ;
#320 = DIRECTION ( 'NONE',  ( -0.7754764868735074534, 0.4477215584466429643, -0.4451759476975726271 ) ) ;
#321 = EDGE_CURVE ( 'NONE', #1227, #4165, #3856, .T. ) ;
#322 = EDGE_CURVE ( 'NONE', #1844, #2537, #1491, .T. ) ;
#323 = CYLINDRICAL_SURFACE ( 'NONE', #875, 0.7000000000000027311 ) ;
#324 = ORIENTED_EDGE ( 'NONE', *, *, #2829, .T. ) ;
#325 = ORIENTED_EDGE ( 'NONE', *, *, #3783, .T. ) ;
#326 = PLANE ( 'NONE',  #3645 ) ;
#327 = DIRECTION ( 'NONE',  ( -1.000000000000000000, -0.000000000000000000, -0.000000000000000000 ) ) ;
#328 = DIRECTION ( 'NONE',  ( 0.000000000000000000, 0.000000000000000000, -1.000000000000000000 ) ) ;
#329 = AXIS2_PLACEMENT_3D ( 'NONE', #2827, #3744, #4067 ) ;
#330 = ADVANCED_FACE ( 'NONE', ( #4150 ), #4085, .F. ) ;
#331 = AXIS2_PLACEMENT_3D ( 'NONE', #1757, #4245, #3269 ) ;
#332 = VECTOR ( 'NONE', #677, 1000.000000000000000 ) ;
#333 = AXIS2_PLACEMENT_3D ( 'NONE', #4064, #1101, #925 ) ;
#334 = ORIENTED_EDGE ( 'NONE', *, *, #1060, .T. ) ;
#335 = CARTESIAN_POINT ( 'NONE',  ( 27.87805831995560268, 13.80982207905209869, 41.87908109488715525 ) ) ;
#336 = PLANE ( 'NONE',  #2850 ) ;
#337 = DIRECTION ( 'NONE',  ( -1.000000000000000000, -0.000000000000000000, -0.000000000000000000 ) ) ;
#338 = ORIENTED_EDGE ( 'NONE', *, *, #3273, .T. ) ;
#339 = CARTESIAN_POINT ( 'NONE',  ( 81.61973447602871090, -11.32714327661427234, 24.02819578271300571 ) ) ;
#340 = CARTESIAN_POINT ( 'NONE',  ( 94.00000000000000000, 13.49820694272616706, -1.942890293094023946E-13 ) ) ;
#341 = VECTOR ( 'NONE', #1179, 999.9999999999998863 ) ;
#342 = VERTEX_POINT ( 'NONE', #1208 ) ;
#343 = CARTESIAN_POINT ( 'NONE',  ( 26.13723638288856677, 21.74308932330411537, -12.99935497757382663 ) ) ;
#344 = AXIS2_PLACEMENT_3D ( 'NONE', #1766, #215, #3481 ) ;
#345 = CARTESIAN_POINT ( 'NONE',  ( 95.20000000000000284, 24.99999999999992539, -10.35533905932756227 ) ) ;
#346 = ORIENTED_EDGE ( 'NONE', *, *, #138, .F. ) ;
#347 = ORIENTED_EDGE ( 'NONE', *, *, #2643, .F. ) ;
#348 = FACE_BOUND ( 'NONE', #1799, .T. ) ;
#349 = CARTESIAN_POINT ( 'NONE',  ( 13.91140712235615418, 25.33757352280123953, -1.249413372509414977 ) ) ;
#350 = EDGE_CURVE ( 'NONE', #114, #924, #2981, .T. ) ;
#351 = EDGE_CURVE ( 'NONE', #1710, #3793, #1126, .T. ) ;
#352 = DIRECTION ( 'NONE',  ( 1.000000000000000000, 0.000000000000000000, 0.000000000000000000 ) ) ;
#353 = ORIENTED_EDGE ( 'NONE', *, *, #2849, .F. ) ;
#354 = DIRECTION ( 'NONE',  ( -1.000000000000000000, -0.000000000000000000, -0.000000000000000000 ) ) ;
#355 = LINE ( 'NONE', #1020, #2225 ) ;
#356 = ADVANCED_FACE ( 'NONE', ( #1535 ), #216, .F. ) ;
#357 = CARTESIAN_POINT ( 'NONE',  ( 69.16822305514615721, -11.18376618407357626, 27.00000000000001066 ) ) ;
#358 = LINE ( 'NONE', #33, #2112 ) ;
#359 = ORIENTED_EDGE ( 'NONE', *, *, #1409, .F. ) ;
#360 = DIRECTION ( 'NONE',  ( 0.8660254037844380415, -0.5000000000000008882, 0.000000000000000000 ) ) ;
#361 = EDGE_LOOP ( 'NONE', ( #3279, #2282, #1751, #1888, #4223, #662, #2693, #2777, #3053, #36, #517, #2131, #3995, #34, #4051, #2342, #1064, #3731, #1916, #2660, #2180, #444, #3929, #844 ) ) ;
#362 = DIRECTION ( 'NONE',  ( -1.000000000000000000, 0.000000000000000000, 0.000000000000000000 ) ) ;
#363 = CIRCLE ( 'NONE', #1118, 1.999999999999995781 ) ;
#364 = AXIS2_PLACEMENT_3D ( 'NONE', #148, #2106, #3742 ) ;
#365 = EDGE_LOOP ( 'NONE', ( #1225, #4162, #2732, #1887 ) ) ;
#366 = DIRECTION ( 'NONE',  ( -0.000000000000000000, 1.000000000000000000, -7.370867579099568370E-15 ) ) ;
#367 = DIRECTION ( 'NONE',  ( 0.000000000000000000, -1.000000000000000000, 7.203347861392757775E-15 ) ) ;
#368 = DIRECTION ( 'NONE',  ( 0.000000000000000000, 1.000000000000000000, -7.380978235061771560E-15 ) ) ;
#369 = VECTOR ( 'NONE', #541, 1000.000000000000000 ) ;
#370 = ADVANCED_FACE ( 'NONE', ( #2110, #480 ), #543, .F. ) ;
#371 = VECTOR ( 'NONE', #1071, 1000.000000000000000 ) ;
#372 = ORIENTED_EDGE ( 'NONE', *, *, #2469, .F. ) ;
#373 = DIRECTION ( 'NONE',  ( 0.000000000000000000, 0.000000000000000000, 1.000000000000000000 ) ) ;
#374 = CARTESIAN_POINT ( 'NONE',  ( 75.00000000000000000, 13.91642406272619503, 17.50000000000013500 ) ) ;
#375 = EDGE_CURVE ( 'NONE', #275, #1866, #1857, .T. ) ;
#376 = DIRECTION ( 'NONE',  ( -0.5000000000000009992, -0.8660254037844381525, 5.939693181744589858E-15 ) ) ;
#377 = EDGE_LOOP ( 'NONE', ( #699, #3134, #2099, #3095 ) ) ;
#378 = EDGE_CURVE ( 'NONE', #4268, #264, #4107, .T. ) ;
#379 = DIRECTION ( 'NONE',  ( -1.000000000000000000, -0.000000000000000000, -0.000000000000000000 ) ) ;
#380 = ORIENTED_EDGE ( 'NONE', *, *, #2051, .T. ) ;
#381 = DIRECTION ( 'NONE',  ( 0.000000000000000000, 0.000000000000000000, 1.000000000000000000 ) ) ;
#382 = SHAPE_DEFINITION_REPRESENTATION ( #4207, #2364 ) ;
#383 = DIRECTION ( 'NONE',  ( -0.000000000000000000, 1.000000000000000000, -7.370867579099568370E-15 ) ) ;
#384 = ORIENTED_EDGE ( 'NONE', *, *, #2916, .F. ) ;
#385 = ORIENTED_EDGE ( 'NONE', *, *, #1846, .T. ) ;
#386 = FACE_BOUND ( 'NONE', #1970, .T. ) ;
#387 = VECTOR ( 'NONE', #1149, 1000.000000000000114 ) ;
#388 = CARTESIAN_POINT ( 'NONE',  ( 41.45173149449954053, 18.41642406280399769, 0.01990683042765901967 ) ) ;
#389 = DIRECTION ( 'NONE',  ( -0.5000000000000009992, -0.8660254037844382635, 5.939693181744591436E-15 ) ) ;
#390 = VERTEX_POINT ( 'NONE', #1148 ) ;
#391 = CARTESIAN_POINT ( 'NONE',  ( 23.63723638288856321, 17.41296230438210557, 12.99935497757356728 ) ) ;
#392 = CARTESIAN_POINT ( 'NONE',  ( 74.28000000000000114, 23.06207367784804418, -6.386114082353343768 ) ) ;
#393 = VECTOR ( 'NONE', #68, 1000.000000000000114 ) ;
#394 = DIRECTION ( 'NONE',  ( -8.120452558063877359E-16, 7.370867579099568370E-15, 1.000000000000000000 ) ) ;
#395 = ORIENTED_EDGE ( 'NONE', *, *, #1685, .T. ) ;
#396 = VECTOR ( 'NONE', #3418, 1000.000000000000000 ) ;
#397 = CARTESIAN_POINT ( 'NONE',  ( 98.20000000000000284, 0.000000000000000000, -17.72822118346030607 ) ) ;
#398 = EDGE_CURVE ( 'NONE', #1523, #1227, #2526, .T. ) ;
#399 = EDGE_CURVE ( 'NONE', #2407, #4126, #1527, .T. ) ;
#400 = ORIENTED_EDGE ( 'NONE', *, *, #3487, .F. ) ;
#401 = FACE_OUTER_BOUND ( 'NONE', #3339, .T. ) ;
#402 = VERTEX_POINT ( 'NONE', #3414 ) ;
#403 = CARTESIAN_POINT ( 'NONE',  ( 94.00000000000000000, 0.000000000000000000, 0.000000000000000000 ) ) ;
#404 = EDGE_CURVE ( 'NONE', #2746, #4183, #455, .T. ) ;
#405 = PERSON_AND_ORGANIZATION_ROLE ( 'creator' ) ;
#406 = ORIENTED_EDGE ( 'NONE', *, *, #901, .F. ) ;
#407 = ORIENTED_EDGE ( 'NONE', *, *, #398, .T. ) ;
#408 = CARTESIAN_POINT ( 'NONE',  ( 67.67150000782793029, -10.31963272980196145, 45.67497178912972799 ) ) ;
#409 = DIRECTION ( 'NONE',  ( 0.000000000000000000, 0.000000000000000000, 1.000000000000000000 ) ) ;
#410 = AXIS2_PLACEMENT_3D ( 'NONE', #1505, #3540, #2890 ) ;
#411 = FACE_BOUND ( 'NONE', #2728, .T. ) ;
#412 = CIRCLE ( 'NONE', #200, 14.00000000000035172 ) ;
#413 = ORIENTED_EDGE ( 'NONE', *, *, #3734, .F. ) ;
#414 = CARTESIAN_POINT ( 'NONE',  ( 69.16822305514550351, -11.18376618407356737, -27.00000000000001421 ) ) ;
#415 = DIRECTION ( 'NONE',  ( 0.000000000000000000, 0.000000000000000000, -1.000000000000000000 ) ) ;
#416 = DIRECTION ( 'NONE',  ( 0.9497553850353432914, 0.000000000000000000, 0.3129931446475576196 ) ) ;
#417 = CARTESIAN_POINT ( 'NONE',  ( 100.0000000000000000, 24.99999999999992539, -10.35533905932756227 ) ) ;
#418 = ORIENTED_EDGE ( 'NONE', *, *, #3608, .T. ) ;
#419 = VECTOR ( 'NONE', #4252, 1000.000000000000000 ) ;
#420 = EDGE_LOOP ( 'NONE', ( #2389, #3666, #2191, #896 ) ) ;
#421 = EDGE_CURVE ( 'NONE', #557, #3909, #3085, .T. ) ;
#422 = EDGE_CURVE ( 'NONE', #3092, #3098, #906, .T. ) ;
#423 = ORIENTED_EDGE ( 'NONE', *, *, #2031, .T. ) ;
#424 = DIRECTION ( 'NONE',  ( -0.5000000000000009992, -0.8660254037844381525, 5.939693181744589858E-15 ) ) ;
#425 = ORIENTED_EDGE ( 'NONE', *, *, #3977, .F. ) ;
#426 = ADVANCED_FACE ( 'NONE', ( #3550 ), #2570, .T. ) ;
#427 = ORIENTED_EDGE ( 'NONE', *, *, #3729, .F. ) ;
#428 = CARTESIAN_POINT ( 'NONE',  ( 99.80000000000001137, 0.000000000000000000, 17.70169356637232738 ) ) ;
#429 = CARTESIAN_POINT ( 'NONE',  ( 77.77100968557172678, -14.99588682255156691, 8.803036082134878981 ) ) ;
#430 = CARTESIAN_POINT ( 'NONE',  ( 81.94739049300777367, -16.25242086758387572, 12.47441327564058255 ) ) ;
#431 = VECTOR ( 'NONE', #1322, 1000.000000000000000 ) ;
#432 = ORIENTED_EDGE ( 'NONE', *, *, #3608, .F. ) ;
#433 = CARTESIAN_POINT ( 'NONE',  ( 94.80000000000001137, -0.000000000000000000, -17.70169356637262936 ) ) ;
#434 = CARTESIAN_POINT ( 'NONE',  ( 36.30095548418310614, 18.41642406280399769, 0.01990683042765901967 ) ) ;
#435 = CARTESIAN_POINT ( 'NONE',  ( 23.63826253723693327, 17.41236985389266678, -12.99935497757371650 ) ) ;
#436 = VECTOR ( 'NONE', #2959, 1000.000000000000000 ) ;
#437 = DIRECTION ( 'NONE',  ( -1.000000000000000000, -0.000000000000000000, -0.000000000000000000 ) ) ;
#438 = ORIENTED_EDGE ( 'NONE', *, *, #2009, .T. ) ;
#439 = ORIENTED_EDGE ( 'NONE', *, *, #2130, .F. ) ;
#440 = EDGE_LOOP ( 'NONE', ( #2494, #3188, #1282, #324, #3030, #3183 ) ) ;
#441 = EDGE_LOOP ( 'NONE', ( #2985, #3654, #2686, #1962, #206, #4160, #147, #1337 ) ) ;
#442 = LINE ( 'NONE', #120, #2962 ) ;
#443 = EDGE_CURVE ( 'NONE', #3019, #2309, #2770, .T. ) ;
#444 = ORIENTED_EDGE ( 'NONE', *, *, #4116, .F. ) ;
#445 = ORIENTED_EDGE ( 'NONE', *, *, #1532, .F. ) ;
#446 = DIRECTION ( 'NONE',  ( 0.000000000000000000, 0.000000000000000000, -1.000000000000000000 ) ) ;
#447 = DIRECTION ( 'NONE',  ( 1.000000000000000000, 0.000000000000000000, 0.000000000000000000 ) ) ;
#448 = LINE ( 'NONE', #2821, #529 ) ;
#449 = EDGE_CURVE ( 'NONE', #1937, #2797, #3898, .T. ) ;
#450 = ADVANCED_FACE ( 'NONE', ( #2941, #3618 ), #2550, .T. ) ;
#451 = ORIENTED_EDGE ( 'NONE', *, *, #3977, .T. ) ;
#452 = CARTESIAN_POINT ( 'NONE',  ( 100.0000000000000000, -19.09188309203678813, -19.09188309203678813 ) ) ;
#453 = DIRECTION ( 'NONE',  ( 1.000000000000000000, -0.000000000000000000, -0.000000000000000000 ) ) ;
#454 = CARTESIAN_POINT ( 'NONE',  ( 81.94636433865939296, -16.25182841709476733, -9.952055505674875846 ) ) ;
#455 = LINE ( 'NONE', #3461, #2291 ) ;
#456 = EDGE_CURVE ( 'NONE', #1953, #2519, #587, .T. ) ;
#457 = FACE_BOUND ( 'NONE', #3173, .T. ) ;
#458 = DIRECTION ( 'NONE',  ( 0.8660254037844382635, -0.5000000000000006661, 0.000000000000000000 ) ) ;
#459 = ORIENTED_EDGE ( 'NONE', *, *, #422, .T. ) ;
#460 = AXIS2_PLACEMENT_3D ( 'NONE', #2659, #43, #4004 ) ;
#461 = ORIENTED_EDGE ( 'NONE', *, *, #1192, .T. ) ;
#462 = CIRCLE ( 'NONE', #2878, 3.500000000000015099 ) ;
#463 = VERTEX_POINT ( 'NONE', #632 ) ;
#464 = AXIS2_PLACEMENT_3D ( 'NONE', #4235, #1274, #4145 ) ;
#465 = ORIENTED_EDGE ( 'NONE', *, *, #1325, .F. ) ;
#466 = DIRECTION ( 'NONE',  ( -0.9419419283333815285, 0.000000000000000000, 0.3357758235007261005 ) ) ;
#467 = EDGE_LOOP ( 'NONE', ( #3944, #4076 ) ) ;
#468 = ORIENTED_EDGE ( 'NONE', *, *, #3214, .F. ) ;
#469 = DIRECTION ( 'NONE',  ( -1.000000000000000000, -0.000000000000000000, -0.000000000000000000 ) ) ;
#470 = CYLINDRICAL_SURFACE ( 'NONE', #2229, 0.7000000000000051736 ) ;
#471 = DIRECTION ( 'NONE',  ( 0.000000000000000000, 1.000000000000000000, 0.000000000000000000 ) ) ;
#472 = ADVANCED_FACE ( 'NONE', ( #1234 ), #1920, .F. ) ;
#473 = ORIENTED_EDGE ( 'NONE', *, *, #3137, .T. ) ;
#474 = CARTESIAN_POINT ( 'NONE',  ( 94.00000000000000000, 10.41642406272615418, -14.00000000000019362 ) ) ;
#475 = ADVANCED_FACE ( 'NONE', ( #4258 ), #3239, .F. ) ;
#476 = VECTOR ( 'NONE', #682, 1000.000000000000000 ) ;
#477 = CARTESIAN_POINT ( 'NONE',  ( 19.09000595658375588, 18.88360647669698622, -15.09367653629052697 ) ) ;
#478 = AXIS2_PLACEMENT_3D ( 'NONE', #2445, #4132, #1773 ) ;
#479 = LINE ( 'NONE', #3128, #686 ) ;
#480 = FACE_BOUND ( 'NONE', #467, .T. ) ;
#481 = VECTOR ( 'NONE', #1310, 1000.000000000000000 ) ;
#482 = CARTESIAN_POINT ( 'NONE',  ( 94.00000000000000000, 10.41642406272618260, -15.80000000000013394 ) ) ;
#483 = EDGE_CURVE ( 'NONE', #2726, #2147, #363, .T. ) ;
#484 = DIRECTION ( 'NONE',  ( 0.08483904282832138710, -0.04898184421471483280, 0.9951899897754696855 ) ) ;
#485 = EDGE_LOOP ( 'NONE', ( #834, #3102 ) ) ;
#486 = VERTEX_POINT ( 'NONE', #3877 ) ;
#487 = ORIENTED_EDGE ( 'NONE', *, *, #2767, .F. ) ;
#488 = ADVANCED_FACE ( 'NONE', ( #259 ), #1599, .F. ) ;
#489 = EDGE_LOOP ( 'NONE', ( #3882, #1582, #724, #2146 ) ) ;
#490 = CARTESIAN_POINT ( 'NONE',  ( 75.00000000000000000, 13.91642406272619503, 0.000000000000000000 ) ) ;
#491 = DIRECTION ( 'NONE',  ( 0.000000000000000000, 7.370867579099568370E-15, 1.000000000000000000 ) ) ;
#492 = EDGE_LOOP ( 'NONE', ( #4034, #2889, #3735, #279, #2795, #3594, #459, #1342, #2622, #170, #3205, #2119 ) ) ;
#493 = VERTEX_POINT ( 'NONE', #4239 ) ;
#494 = DIRECTION ( 'NONE',  ( 0.8660254037844377084, -0.5000000000000015543, 0.000000000000000000 ) ) ;
#495 = CARTESIAN_POINT ( 'NONE',  ( 94.80000000000001137, -17.65364549295474816, -17.70169356637262936 ) ) ;
#496 = EDGE_LOOP ( 'NONE', ( #3115, #3358, #3636, #2391 ) ) ;
#497 = FACE_OUTER_BOUND ( 'NONE', #2438, .T. ) ;
#498 = DIRECTION ( 'NONE',  ( 0.08483904282830187493, -0.04898184421471717120, -0.9951899897754713509 ) ) ;
#499 = FACE_OUTER_BOUND ( 'NONE', #3888, .T. ) ;
#500 = LINE ( 'NONE', #2176, #3321 ) ;
#501 = EDGE_CURVE ( 'NONE', #1498, #4183, #1277, .T. ) ;
#502 = LINE ( 'NONE', #1536, #2868 ) ;
#503 = AXIS2_PLACEMENT_3D ( 'NONE', #2681, #4026, #3663 ) ;
#504 = CARTESIAN_POINT ( 'NONE',  ( 23.63826253723693327, 17.41236985389266678, -12.99935497757371650 ) ) ;
#505 = VERTEX_POINT ( 'NONE', #1300 ) ;
#506 = AXIS2_PLACEMENT_3D ( 'NONE', #3809, #4146, #3458 ) ;
#507 = EDGE_CURVE ( 'NONE', #1069, #2902, #2618, .T. ) ;
#508 = VERTEX_POINT ( 'NONE', #2203 ) ;
#509 = AXIS2_PLACEMENT_3D ( 'NONE', #3803, #4101, #3100 ) ;
#510 = ORIENTED_EDGE ( 'NONE', *, *, #1349, .T. ) ;
#511 = CARTESIAN_POINT ( 'NONE',  ( 98.20000000000000284, 17.67766952966385574, -17.67766952966345784 ) ) ;
#512 = EDGE_CURVE ( 'NONE', #1710, #3514, #564, .T. ) ;
#513 = VERTEX_POINT ( 'NONE', #1111 ) ;
#514 = ORIENTED_EDGE ( 'NONE', *, *, #1192, .F. ) ;
#515 = LINE ( 'NONE', #2715, #371 ) ;
#516 = PLANE ( 'NONE',  #1221 ) ;
#517 = ORIENTED_EDGE ( 'NONE', *, *, #3885, .F. ) ;
#518 = DIRECTION ( 'NONE',  ( 0.000000000000000000, 0.7071067811865474617, 0.7071067811865476838 ) ) ;
#519 = LINE ( 'NONE', #3083, #3397 ) ;
#520 = LINE ( 'NONE', #1831, #3776 ) ;
#521 = DIRECTION ( 'NONE',  ( 1.000000000000000000, -0.000000000000000000, -0.000000000000000000 ) ) ;
#522 = DIRECTION ( 'NONE',  ( 0.5000000000000009992, 0.8660254037844382635, -5.939693181744591436E-15 ) ) ;
#523 = CARTESIAN_POINT ( 'NONE',  ( 33.00000000000000000, 18.41642406280399769, -3.585338233608448277 ) ) ;
#524 = ORIENTED_EDGE ( 'NONE', *, *, #2307, .F. ) ;
#525 = VERTEX_POINT ( 'NONE', #806 ) ;
#526 = EDGE_CURVE ( 'NONE', #2000, #119, #2121, .T. ) ;
#527 = EDGE_CURVE ( 'NONE', #4229, #1981, #2165, .T. ) ;
#528 = CARTESIAN_POINT ( 'NONE',  ( 92.16639743565973220, -24.46176835353319134, 10.89357070579427500 ) ) ;
#529 = VECTOR ( 'NONE', #3759, 1000.000000000000000 ) ;
#530 = CIRCLE ( 'NONE', #2947, 1.999999999999995781 ) ;
#531 = AXIS2_PLACEMENT_3D ( 'NONE', #340, #1392, #16 ) ;
#532 = EDGE_LOOP ( 'NONE', ( #1752, #1075, #2397, #1657, #729, #127, #2234, #799 ) ) ;
#533 = VECTOR ( 'NONE', #3235, 1000.000000000000000 ) ;
#534 = ORGANIZATION ( 'UNSPECIFIED', 'UNSPECIFIED', '' ) ;
#535 = ORIENTED_EDGE ( 'NONE', *, *, #2916, .T. ) ;
#536 = EDGE_CURVE ( 'NONE', #560, #3643, #1864, .T. ) ;
#537 = DIRECTION ( 'NONE',  ( 1.000000000000000000, -0.000000000000000000, 0.000000000000000000 ) ) ;
#538 = CARTESIAN_POINT ( 'NONE',  ( 24.90353615181392755, 14.37246271515981277, 20.98287634416762160 ) ) ;
#539 = ORIENTED_EDGE ( 'NONE', *, *, #2699, .F. ) ;
#540 = CARTESIAN_POINT ( 'NONE',  ( 26.26210705084205088, 21.67099520954746339, 13.68434384977985019 ) ) ;
#541 = DIRECTION ( 'NONE',  ( 0.000000000000000000, 0.000000000000000000, -1.000000000000000000 ) ) ;
#542 = DIRECTION ( 'NONE',  ( 0.000000000000000000, -0.000000000000000000, -1.000000000000000000 ) ) ;
#543 = PLANE ( 'NONE',  #2145 ) ;
#544 = CARTESIAN_POINT ( 'NONE',  ( 82.94636433865939296, -14.51977760952589946, -9.952055505674888281 ) ) ;
#545 = CYLINDRICAL_SURFACE ( 'NONE', #1873, 1.999999999999995781 ) ;
#546 = LINE ( 'NONE', #1517, #4005 ) ;
#547 = ORIENTED_EDGE ( 'NONE', *, *, #4147, .T. ) ;
#548 = VECTOR ( 'NONE', #967, 1000.000000000000000 ) ;
#549 = VECTOR ( 'NONE', #4109, 1000.000000000000000 ) ;
#550 = DIRECTION ( 'NONE',  ( 0.000000000000000000, -1.551108497285261312E-16, 1.000000000000000000 ) ) ;
#551 = VERTEX_POINT ( 'NONE', #1609 ) ;
#552 = CARTESIAN_POINT ( 'NONE',  ( 36.30095548418310614, 18.41642406280399769, 0.01990683042765901967 ) ) ;
#553 = CARTESIAN_POINT ( 'NONE',  ( 94.80000000000001137, 11.89726821137852575, 20.38248969043703696 ) ) ;
#554 = EDGE_CURVE ( 'NONE', #2304, #17, #270, .T. ) ;
#555 = ADVANCED_FACE ( 'NONE', ( #894 ), #3842, .F. ) ;
#556 = EDGE_LOOP ( 'NONE', ( #591, #3199, #2006, #1094 ) ) ;
#557 = VERTEX_POINT ( 'NONE', #1243 ) ;
#558 = CARTESIAN_POINT ( 'NONE',  ( 78.53804381848834737, -15.43873418566854738, 17.80059976798015242 ) ) ;
#559 = EDGE_CURVE ( 'NONE', #3768, #1649, #1907, .T. ) ;
#560 = VERTEX_POINT ( 'NONE', #227 ) ;
#561 = CARTESIAN_POINT ( 'NONE',  ( 8.455617981198267685, 23.86867269857351914, -9.275852466000380048 ) ) ;
#562 = LINE ( 'NONE', #2268, #989 ) ;
#563 = LINE ( 'NONE', #2897, #4186 ) ;
#564 = LINE ( 'NONE', #1876, #984 ) ;
#565 = LINE ( 'NONE', #1879, #1530 ) ;
#566 = CARTESIAN_POINT ( 'NONE',  ( 75.00000000000000000, 13.91642406272619858, -13.55544171172615187 ) ) ;
#567 = ORIENTED_EDGE ( 'NONE', *, *, #3739, .T. ) ;
#568 = VECTOR ( 'NONE', #3116, 1000.000000000000000 ) ;
#569 = AXIS2_PLACEMENT_3D ( 'NONE', #885, #1558, #634 ) ;
#570 = FACE_OUTER_BOUND ( 'NONE', #3747, .T. ) ;
#571 = EDGE_LOOP ( 'NONE', ( #1601, #651 ) ) ;
#572 = DIRECTION ( 'NONE',  ( 1.000000000000000000, 0.000000000000000000, -0.000000000000000000 ) ) ;
#573 = AXIS2_PLACEMENT_3D ( 'NONE', #3787, #817, #2486 ) ;
#574 = DIRECTION ( 'NONE',  ( -0.8660254037844380415, 0.5000000000000009992, 0.000000000000000000 ) ) ;
#575 = ORIENTED_EDGE ( 'NONE', *, *, #3602, .F. ) ;
#576 = VECTOR ( 'NONE', #2757, 1000.000000000000000 ) ;
#577 = VERTEX_POINT ( 'NONE', #4180 ) ;
#578 = CARTESIAN_POINT ( 'NONE',  ( 27.37805831995560268, 12.94379667526766120, 41.87908109488716235 ) ) ;
#579 = CC_DESIGN_DATE_AND_TIME_ASSIGNMENT ( #1960, #1997, ( #2212 ) ) ;
#580 = LINE ( 'NONE', #252, #1692 ) ;
#581 = EDGE_LOOP ( 'NONE', ( #2727, #3390, #3862, #338 ) ) ;
#582 = DIRECTION ( 'NONE',  ( 0.000000000000000000, 0.000000000000000000, -1.000000000000000000 ) ) ;
#583 = PLANE ( 'NONE',  #2845 ) ;
#584 = ADVANCED_FACE ( 'NONE', ( #3225 ), #938, .F. ) ;
#585 = EDGE_CURVE ( 'NONE', #1458, #1114, #2538, .T. ) ;
#586 = DIRECTION ( 'NONE',  ( 0.000000000000000000, 0.000000000000000000, -1.000000000000000000 ) ) ;
#587 = LINE ( 'NONE', #2224, #2219 ) ;
#588 = ORIENTED_EDGE ( 'NONE', *, *, #1793, .F. ) ;
#589 = LINE ( 'NONE', #335, #19 ) ;
#590 = CARTESIAN_POINT ( 'NONE',  ( 33.87444922525681079, 40.52456723332589661, -5.169228173998847709 ) ) ;
#591 = ORIENTED_EDGE ( 'NONE', *, *, #2187, .T. ) ;
#592 = ADVANCED_FACE ( 'NONE', ( #3490 ), #3585, .F. ) ;
#593 = CARTESIAN_POINT ( 'NONE',  ( 94.00000000000000000, 10.41642406272617905, 17.50000000000045119 ) ) ;
#594 = ORIENTED_EDGE ( 'NONE', *, *, #1845, .F. ) ;
#595 = DIRECTION ( 'NONE',  ( -0.5000000000000009992, -0.8660254037844381525, 5.939693181744589858E-15 ) ) ;
#596 = LINE ( 'NONE', #3843, #4208 ) ;
#597 = ORIENTED_EDGE ( 'NONE', *, *, #1480, .T. ) ;
#598 = ORIENTED_EDGE ( 'NONE', *, *, #3492, .F. ) ;
#599 = CARTESIAN_POINT ( 'NONE',  ( 100.0000000000000000, 17.67766952966380956, 17.67766952966356087 ) ) ;
#600 = AXIS2_PLACEMENT_3D ( 'NONE', #3549, #282, #4238 ) ;
#601 = PERSON_AND_ORGANIZATION_ROLE ( 'design_owner' ) ;
#602 = AXIS2_PLACEMENT_3D ( 'NONE', #1658, #2, #1295 ) ;
#603 = VECTOR ( 'NONE', #921, 999.9999999999998863 ) ;
#604 = ORIENTED_EDGE ( 'NONE', *, *, #3380, .T. ) ;
#605 = VECTOR ( 'NONE', #1624, 1000.000000000000000 ) ;
#606 = CYLINDRICAL_SURFACE ( 'NONE', #3573, 0.7000000000000027311 ) ;
#607 = CARTESIAN_POINT ( 'NONE',  ( 99.80000000000001137, 0.000000000000000000, 15.69202858510344178 ) ) ;
#608 = DIRECTION ( 'NONE',  ( -0.5000000000000008882, -0.8660254037844381525, 5.939693181744587491E-15 ) ) ;
#609 = CARTESIAN_POINT ( 'NONE',  ( 26.13723638288856677, 21.74308932330411537, -12.99935497757382663 ) ) ;
#610 = ADVANCED_FACE ( 'NONE', ( #1545 ), #1262, .F. ) ;
#611 = EDGE_CURVE ( 'NONE', #2450, #801, #1017, .T. ) ;
#612 = VERTEX_POINT ( 'NONE', #2929 ) ;
#613 = FACE_OUTER_BOUND ( 'NONE', #2949, .T. ) ;
#614 = DIRECTION ( 'NONE',  ( 0.000000000000000000, 0.7071067811865424657, -0.7071067811865526798 ) ) ;
#615 = ORIENTED_EDGE ( 'NONE', *, *, #238, .T. ) ;
#616 = LINE ( 'NONE', #1606, #3076 ) ;
#617 = EDGE_CURVE ( 'NONE', #2519, #1867, #3516, .T. ) ;
#618 = LINE ( 'NONE', #1040, #3921 ) ;
#619 = VERTEX_POINT ( 'NONE', #3535 ) ;
#620 = CARTESIAN_POINT ( 'NONE',  ( 74.28000000000000114, 10.41642406272617727, -17.49999999999980105 ) ) ;
#621 = DIRECTION ( 'NONE',  ( 0.8660254037844378194, -0.5000000000000014433, 0.000000000000000000 ) ) ;
#622 = VECTOR ( 'NONE', #1815, 1000.000000000000000 ) ;
#623 = AXIS2_PLACEMENT_3D ( 'NONE', #1565, #204, #1244 ) ;
#624 = VERTEX_POINT ( 'NONE', #2210 ) ;
#625 = CARTESIAN_POINT ( 'NONE',  ( 75.00000000000000000, 0.000000000000000000, 0.000000000000000000 ) ) ;
#626 = COORDINATED_UNIVERSAL_TIME_OFFSET ( 5, 0, .BEHIND. ) ;
#627 = CARTESIAN_POINT ( 'NONE',  ( 81.44739049300777367, -17.11844627136831676, 12.47441327564058788 ) ) ;
#628 = ORIENTED_EDGE ( 'NONE', *, *, #2767, .T. ) ;
#629 = CARTESIAN_POINT ( 'NONE',  ( 75.00000000000000000, 10.41642406272617905, 17.50000000000045119 ) ) ;
#630 = DIRECTION ( 'NONE',  ( -0.7745966692414827381, 0.4472135954999617025, 0.4472135954999553187 ) ) ;
#631 = FACE_OUTER_BOUND ( 'NONE', #1444, .T. ) ;
#632 = CARTESIAN_POINT ( 'NONE',  ( 94.00000000000000000, 10.41642406272617905, 19.20000000000045404 ) ) ;
#633 = EDGE_LOOP ( 'NONE', ( #3953, #2118, #75, #3699 ) ) ;
#634 = DIRECTION ( 'NONE',  ( 0.8660254037844377084, -0.5000000000000015543, 0.000000000000000000 ) ) ;
#635 = PLANE ( 'NONE',  #1855 ) ;
#636 = EDGE_CURVE ( 'NONE', #3039, #3599, #3501, .T. ) ;
#637 = LINE ( 'NONE', #2297, #4260 ) ;
#638 = VERTEX_POINT ( 'NONE', #2862 ) ;
#639 = AXIS2_PLACEMENT_3D ( 'NONE', #609, #3571, #3212 ) ;
#640 = CARTESIAN_POINT ( 'NONE',  ( 75.00000000000000000, 10.41642406272617905, 17.50000000000045119 ) ) ;
#641 = ADVANCED_FACE ( 'NONE', ( #2885 ), #4204, .F. ) ;
#642 = VERTEX_POINT ( 'NONE', #3249 ) ;
#643 = LINE ( 'NONE', #37, #4134 ) ;
#644 = EDGE_CURVE ( 'NONE', #3643, #2540, #296, .T. ) ;
#645 = VECTOR ( 'NONE', #2505, 1000.000000000000000 ) ;
#646 = CARTESIAN_POINT ( 'NONE',  ( 100.0000000000000000, -25.00000000000008527, -10.35533905932719101 ) ) ;
#647 = EDGE_LOOP ( 'NONE', ( #2416, #1901 ) ) ;
#648 = FACE_OUTER_BOUND ( 'NONE', #707, .T. ) ;
#649 = PLANE ( 'NONE',  #2437 ) ;
#650 = CARTESIAN_POINT ( 'NONE',  ( 87.44934295108988920, -21.73837567708456220, 25.00000000000014921 ) ) ;
#651 = ORIENTED_EDGE ( 'NONE', *, *, #1954, .T. ) ;
#652 = CARTESIAN_POINT ( 'NONE',  ( 100.0000000000000000, -11.18376618407357270, 27.00000000000000711 ) ) ;
#653 = FACE_OUTER_BOUND ( 'NONE', #112, .T. ) ;
#654 = LINE ( 'NONE', #2601, #1770 ) ;
#655 = DIRECTION ( 'NONE',  ( -0.000000000000000000, 0.000000000000000000, 1.000000000000000000 ) ) ;
#656 = VERTEX_POINT ( 'NONE', #3821 ) ;
#657 = PLANE ( 'NONE',  #4054 ) ;
#658 = CARTESIAN_POINT ( 'NONE',  ( 94.00000000000000000, 10.41642406272617905, 17.50000000000045119 ) ) ;
#659 = EDGE_CURVE ( 'NONE', #2520, #3893, #849, .T. ) ;
#660 = DIRECTION ( 'NONE',  ( -0.5000000000000014433, -0.8660254037844378194, 0.000000000000000000 ) ) ;
#661 = EDGE_CURVE ( 'NONE', #809, #2713, #2648, .T. ) ;
#662 = ORIENTED_EDGE ( 'NONE', *, *, #1665, .F. ) ;
#663 = CARTESIAN_POINT ( 'NONE',  ( 100.0000000000000000, 10.35533905932754628, 24.99999999999992539 ) ) ;
#664 = FACE_OUTER_BOUND ( 'NONE', #2231, .T. ) ;
#665 = EDGE_CURVE ( 'NONE', #3376, #2647, #2030, .T. ) ;
#666 = ORIENTED_EDGE ( 'NONE', *, *, #58, .F. ) ;
#667 = CARTESIAN_POINT ( 'NONE',  ( 99.80000000000001137, -11.89726821137925228, -20.38248969043735670 ) ) ;
#668 = FACE_BOUND ( 'NONE', #3554, .T. ) ;
#669 = LINE ( 'NONE', #3302, #2390 ) ;
#670 = AXIS2_PLACEMENT_3D ( 'NONE', #905, #1299, #1554 ) ;
#671 = VECTOR ( 'NONE', #550, 1000.000000000000000 ) ;
#672 = VECTOR ( 'NONE', #3246, 1000.000000000000000 ) ;
#673 = CIRCLE ( 'NONE', #464, 0.7000000000000051736 ) ;
#674 = ORIENTED_EDGE ( 'NONE', *, *, #2027, .T. ) ;
#675 = DIRECTION ( 'NONE',  ( -0.000000000000000000, 0.000000000000000000, 1.000000000000000000 ) ) ;
#676 = DIRECTION ( 'NONE',  ( -0.8660254037844380415, 0.5000000000000009992, 7.755542486426317654E-17 ) ) ;
#677 = DIRECTION ( 'NONE',  ( 1.000000000000000000, 0.000000000000000000, 0.000000000000000000 ) ) ;
#678 = DIRECTION ( 'NONE',  ( 0.000000000000000000, -1.000000000000000000, -3.102216994570522131E-16 ) ) ;
#679 = ORIENTED_EDGE ( 'NONE', *, *, #2453, .F. ) ;
#680 = AXIS2_PLACEMENT_3D ( 'NONE', #1521, #2190, #574 ) ;
#681 = ORIENTED_EDGE ( 'NONE', *, *, #2559, .T. ) ;
#682 = DIRECTION ( 'NONE',  ( -1.000000000000000000, -0.000000000000000000, -0.000000000000000000 ) ) ;
#683 = PERSON_AND_ORGANIZATION_ROLE ( 'design_supplier' ) ;
#684 = APPROVAL ( #1632, 'UNSPECIFIED' ) ;
#685 = EDGE_CURVE ( 'NONE', #2407, #2522, #1023, .T. ) ;
#686 = VECTOR ( 'NONE', #837, 1000.000000000000000 ) ;
#687 = CARTESIAN_POINT ( 'NONE',  ( 25.58773977040422665, 22.06034134044073625, -13.29499771888670523 ) ) ;
#688 = ORIENTED_EDGE ( 'NONE', *, *, #2459, .F. ) ;
#689 = EDGE_LOOP ( 'NONE', ( #2636, #3248, #1405, #2541 ) ) ;
#690 = DIRECTION ( 'NONE',  ( 0.000000000000000000, -0.7071067811865425767, 0.7071067811865525687 ) ) ;
#691 = CARTESIAN_POINT ( 'NONE',  ( 74.28000000000000114, 6.916424062726162170, -25.00000000000005329 ) ) ;
#692 = LINE ( 'NONE', #1360, #2670 ) ;
#693 = ADVANCED_FACE ( 'NONE', ( #1309 ), #657, .T. ) ;
#694 = ORIENTED_EDGE ( 'NONE', *, *, #2690, .T. ) ;
#695 = DIRECTION ( 'NONE',  ( 0.8008359999440846089, -0.4623628801444640835, -0.3806340345503459455 ) ) ;
#696 = CARTESIAN_POINT ( 'NONE',  ( 83.67325600902697147, -18.40355032622203879, -5.570274790300231871 ) ) ;
#697 = DIRECTION ( 'NONE',  ( -0.5000000000000009992, -0.8660254037844380415, 5.974264125907593365E-15 ) ) ;
#698 = FACE_OUTER_BOUND ( 'NONE', #420, .T. ) ;
#699 = ORIENTED_EDGE ( 'NONE', *, *, #1449, .T. ) ;
#700 = PLANE ( 'NONE',  #2468 ) ;
#701 = CARTESIAN_POINT ( 'NONE',  ( 21.40356025445241883, 21.01197689517551837, -5.550415952646999607 ) ) ;
#702 = VERTEX_POINT ( 'NONE', #1994 ) ;
#703 = DIRECTION ( 'NONE',  ( 0.000000000000000000, 0.000000000000000000, 1.000000000000000000 ) ) ;
#704 = APPROVAL_ROLE ( '' ) ;
#705 = AXIS2_PLACEMENT_3D ( 'NONE', #1385, #71, #1038 ) ;
#706 = DIRECTION ( 'NONE',  ( 1.000000000000000000, 0.000000000000000000, 0.000000000000000000 ) ) ;
#707 = EDGE_LOOP ( 'NONE', ( #191, #2078, #1808, #1108 ) ) ;
#708 = EDGE_LOOP ( 'NONE', ( #3445, #3730 ) ) ;
#709 = CARTESIAN_POINT ( 'NONE',  ( 24.87031334480580824, 15.54634445010840516, 12.99935497757364899 ) ) ;
#710 = CARTESIAN_POINT ( 'NONE',  ( 26.13723638288856677, 21.74308932330411537, -12.99935497757382663 ) ) ;
#711 = PLANE ( 'NONE',  #3144 ) ;
#712 = VECTOR ( 'NONE', #1597, 999.9999999999998863 ) ;
#713 = EDGE_CURVE ( 'NONE', #4056, #2247, #1712, .T. ) ;
#714 = ORIENTED_EDGE ( 'NONE', *, *, #1716, .T. ) ;
#715 = LINE ( 'NONE', #3945, #2984 ) ;
#716 = ADVANCED_FACE ( 'NONE', ( #2666 ), #2344, .F. ) ;
#717 = CARTESIAN_POINT ( 'NONE',  ( 87.44934295108980393, -21.73837567708486418, -27.00000000000001421 ) ) ;
#718 = ADVANCED_FACE ( 'NONE', ( #3334, #401 ), #700, .T. ) ;
#719 = CARTESIAN_POINT ( 'NONE',  ( 74.28000000000000114, 10.41642406272617727, -17.49999999999980105 ) ) ;
#720 = EDGE_LOOP ( 'NONE', ( #21, #4049, #2971, #1774 ) ) ;
#721 = LINE ( 'NONE', #2447, #396 ) ;
#722 = ORIENTED_EDGE ( 'NONE', *, *, #3063, .T. ) ;
#723 = CARTESIAN_POINT ( 'NONE',  ( 98.20000000000000284, 6.916424062726162170, 0.000000000000000000 ) ) ;
#724 = ORIENTED_EDGE ( 'NONE', *, *, #2716, .F. ) ;
#725 = ORIENTED_EDGE ( 'NONE', *, *, #4227, .T. ) ;
#726 = CARTESIAN_POINT ( 'NONE',  ( 93.14619333277298097, -25.02745377848257746, -13.15631240559099879 ) ) ;
#727 = FACE_OUTER_BOUND ( 'NONE', #2142, .T. ) ;
#728 = CARTESIAN_POINT ( 'NONE',  ( 99.80000000000001137, -9.621037113853832423, 25.00000000000006750 ) ) ;
#729 = ORIENTED_EDGE ( 'NONE', *, *, #1556, .F. ) ;
#730 = CARTESIAN_POINT ( 'NONE',  ( 41.45173149449954053, 18.41642406280399769, 0.01990683042765901967 ) ) ;
#731 = CARTESIAN_POINT ( 'NONE',  ( 43.70183101225993028, 11.37458329550307923, 23.98075576382437291 ) ) ;
#732 = FACE_OUTER_BOUND ( 'NONE', #556, .T. ) ;
#733 = VECTOR ( 'NONE', #4193, 1000.000000000000000 ) ;
#734 = CIRCLE ( 'NONE', #1080, 1.700000000000000178 ) ;
#735 = ADVANCED_FACE ( 'NONE', ( #2303 ), #56, .F. ) ;
#736 = EDGE_CURVE ( 'NONE', #2522, #2024, #2879, .T. ) ;
#737 = AXIS2_PLACEMENT_3D ( 'NONE', #667, #1051, #1679 ) ;
#738 = VECTOR ( 'NONE', #2171, 1000.000000000000000 ) ;
#739 = DIRECTION ( 'NONE',  ( -0.5000000000000009992, -0.8660254037844382635, 5.939693181744591436E-15 ) ) ;
#740 = ORIENTED_EDGE ( 'NONE', *, *, #1643, .F. ) ;
#741 = EDGE_CURVE ( 'NONE', #2411, #1194, #3028, .T. ) ;
#742 = ORIENTED_EDGE ( 'NONE', *, *, #2380, .F. ) ;
#743 = CARTESIAN_POINT ( 'NONE',  ( 74.28000000000000114, 13.91642406272619503, 17.50000000000013500 ) ) ;
#744 = ORIENTED_EDGE ( 'NONE', *, *, #2532, .T. ) ;
#745 = ORIENTED_EDGE ( 'NONE', *, *, #3870, .F. ) ;
#746 = LINE ( 'NONE', #408, #1636 ) ;
#747 = DIRECTION ( 'NONE',  ( -1.000000000000000000, -0.000000000000000000, -0.000000000000000000 ) ) ;
#748 = VECTOR ( 'NONE', #2475, 1000.000000000000000 ) ;
#749 = FACE_OUTER_BOUND ( 'NONE', #377, .T. ) ;
#750 = VECTOR ( 'NONE', #1795, 999.9999999999998863 ) ;
#751 = ORIENTED_EDGE ( 'NONE', *, *, #4068, .T. ) ;
#752 = CARTESIAN_POINT ( 'NONE',  ( 94.80000000000001137, -11.89726821137925228, 19.68248969043704832 ) ) ;
#753 = LINE ( 'NONE', #4083, #1123 ) ;
#754 = CARTESIAN_POINT ( 'NONE',  ( 27.05561922388694640, 14.28465751255913929, 1.603396321843219230 ) ) ;
#755 = CYLINDRICAL_SURFACE ( 'NONE', #2604, 24.53583639576845954 ) ;
#756 = ORIENTED_EDGE ( 'NONE', *, *, #1484, .F. ) ;
#757 = EDGE_CURVE ( 'NONE', #829, #4240, #166, .T. ) ;
#758 = VECTOR ( 'NONE', #2936, 1000.000000000000000 ) ;
#759 = VERTEX_POINT ( 'NONE', #3182 ) ;
#760 = ORIENTED_EDGE ( 'NONE', *, *, #54, .T. ) ;
#761 = ORIENTED_EDGE ( 'NONE', *, *, #841, .T. ) ;
#762 = EDGE_CURVE ( 'NONE', #2599, #162, #2261, .T. ) ;
#763 = EDGE_CURVE ( 'NONE', #1176, #809, #2345, .T. ) ;
#764 = CARTESIAN_POINT ( 'NONE',  ( 100.0000000000000000, 24.99999999999999645, -1.842716894774891998E-13 ) ) ;
#765 = ORIENTED_EDGE ( 'NONE', *, *, #768, .T. ) ;
#766 = VERTEX_POINT ( 'NONE', #701 ) ;
#767 = CARTESIAN_POINT ( 'NONE',  ( 33.00000000000000000, 18.00000000000002487, 3.601021597043572164 ) ) ;
#768 = EDGE_CURVE ( 'NONE', #1088, #1416, #721, .T. ) ;
#769 = DIRECTION ( 'NONE',  ( 0.000000000000000000, -1.000000000000000000, 7.203347861392757775E-15 ) ) ;
#770 = VECTOR ( 'NONE', #203, 1000.000000000000000 ) ;
#771 = DIRECTION ( 'NONE',  ( 0.5000000000000009992, 0.8660254037844380415, -5.974264125907589421E-15 ) ) ;
#772 = VECTOR ( 'NONE', #2967, 1000.000000000000000 ) ;
#773 = ORIENTED_EDGE ( 'NONE', *, *, #1215, .T. ) ;
#774 = FACE_OUTER_BOUND ( 'NONE', #1321, .T. ) ;
#775 = AXIS2_PLACEMENT_3D ( 'NONE', #1874, #2871, #2548 ) ;
#776 = CARTESIAN_POINT ( 'NONE',  ( 19.90356025445235133, 18.41390068382231604, 5.434606370662597996 ) ) ;
#777 = CYLINDRICAL_SURFACE ( 'NONE', #1028, 0.6999999999999829692 ) ;
#778 = AXIS2_PLACEMENT_3D ( 'NONE', #2678, #1034, #2021 ) ;
#779 = LINE ( 'NONE', #3416, #1578 ) ;
#780 = VERTEX_POINT ( 'NONE', #224 ) ;
#781 = ORIENTED_EDGE ( 'NONE', *, *, #1350, .T. ) ;
#782 = ORIENTED_EDGE ( 'NONE', *, *, #350, .T. ) ;
#783 = ORIENTED_EDGE ( 'NONE', *, *, #1822, .T. ) ;
#784 = CARTESIAN_POINT ( 'NONE',  ( 26.26210705084202957, 21.67099520954728931, -13.68434384978014506 ) ) ;
#785 = EDGE_CURVE ( 'NONE', #1824, #2050, #2882, .T. ) ;
#786 = ORIENTED_EDGE ( 'NONE', *, *, #901, .T. ) ;
#787 = ORIENTED_EDGE ( 'NONE', *, *, #585, .F. ) ;
#788 = FACE_OUTER_BOUND ( 'NONE', #3119, .T. ) ;
#789 = CARTESIAN_POINT ( 'NONE',  ( 100.0000000000000000, 10.35533905932718568, -25.00000000000007816 ) ) ;
#790 = CARTESIAN_POINT ( 'NONE',  ( 99.80000000000001137, -11.89726821137925228, -21.08248969043735954 ) ) ;
#791 = ADVANCED_FACE ( 'NONE', ( #4200 ), #1903, .T. ) ;
#792 = ORIENTED_EDGE ( 'NONE', *, *, #2717, .T. ) ;
#793 = DIRECTION ( 'NONE',  ( -0.5000000000000009992, -0.8660254037844380415, 5.974264125907593365E-15 ) ) ;
#794 = FACE_BOUND ( 'NONE', #532, .T. ) ;
#795 = CARTESIAN_POINT ( 'NONE',  ( 52.52337180435968378, 9.973148549981646127, -3.920556324061059867E-14 ) ) ;
#796 = FACE_OUTER_BOUND ( 'NONE', #2842, .T. ) ;
#797 = DIRECTION ( 'NONE',  ( 0.7754764868735188887, -0.4477215584466555098, -0.4451759476975403751 ) ) ;
#798 = FACE_OUTER_BOUND ( 'NONE', #441, .T. ) ;
#799 = ORIENTED_EDGE ( 'NONE', *, *, #3687, .F. ) ;
#800 = CIRCLE ( 'NONE', #182, 0.7000000000000027311 ) ;
#801 = VERTEX_POINT ( 'NONE', #2859 ) ;
#802 = CIRCLE ( 'NONE', #1016, 1.700000000000000178 ) ;
#803 = VECTOR ( 'NONE', #3587, 1000.000000000000000 ) ;
#804 = ORIENTED_EDGE ( 'NONE', *, *, #1850, .F. ) ;
#805 = ORIENTED_EDGE ( 'NONE', *, *, #3251, .T. ) ;
#806 = CARTESIAN_POINT ( 'NONE',  ( 36.52227839282389965, 19.21138413846031412, 16.14395492086704209 ) ) ;
#807 = DIRECTION ( 'NONE',  ( 0.000000000000000000, -0.7071067811865474617, -0.7071067811865476838 ) ) ;
#808 = ORIENTED_EDGE ( 'NONE', *, *, #527, .T. ) ;
#809 = VERTEX_POINT ( 'NONE', #934 ) ;
#810 = CARTESIAN_POINT ( 'NONE',  ( 21.80544841743673246, 20.77994665609243441, -0.8361350805655503038 ) ) ;
#811 = CC_DESIGN_PERSON_AND_ORGANIZATION_ASSIGNMENT ( #2710, #4272, ( #2212 ) ) ;
#812 = EDGE_CURVE ( 'NONE', #1867, #2164, #4266, .T. ) ;
#813 = DIRECTION ( 'NONE',  ( -0.5000000000000009992, -0.8660254037844381525, 5.939693181744591436E-15 ) ) ;
#814 = VERTEX_POINT ( 'NONE', #3949 ) ;
#815 = CARTESIAN_POINT ( 'NONE',  ( 75.67150000782798713, -3.391429499527045976, -38.74676855885410021 ) ) ;
#816 = CIRCLE ( 'NONE', #2476, 1.999999999999995781 ) ;
#817 = DIRECTION ( 'NONE',  ( 1.000000000000000000, -0.000000000000000000, 0.000000000000000000 ) ) ;
#818 = VECTOR ( 'NONE', #3088, 1000.000000000000114 ) ;
#819 = DIRECTION ( 'NONE',  ( 0.8660254037844361541, -0.5000000000000042188, 0.000000000000000000 ) ) ;
#820 = DIRECTION ( 'NONE',  ( 1.000000000000000000, -0.000000000000000000, -0.000000000000000000 ) ) ;
#821 = AXIS2_PLACEMENT_3D ( 'NONE', #3291, #2067, #3626 ) ;
#822 = CARTESIAN_POINT ( 'NONE',  ( 36.30095548418310614, 17.99999999999996092, -5.200914422068110277 ) ) ;
#823 = DIRECTION ( 'NONE',  ( 0.000000000000000000, 0.000000000000000000, -1.000000000000000000 ) ) ;
#824 = EDGE_LOOP ( 'NONE', ( #1796, #773 ) ) ;
#825 = EDGE_CURVE ( 'NONE', #2432, #1608, #890, .T. ) ;
#826 = ORIENTED_EDGE ( 'NONE', *, *, #1142, .F. ) ;
#827 = ORIENTED_EDGE ( 'NONE', *, *, #273, .T. ) ;
#828 = CARTESIAN_POINT ( 'NONE',  ( 100.0000000000000000, -25.00000000000008527, -10.35533905932719101 ) ) ;
#829 = VERTEX_POINT ( 'NONE', #1305 ) ;
#830 = ORIENTED_EDGE ( 'NONE', *, *, #3079, .T. ) ;
#831 = CARTESIAN_POINT ( 'NONE',  ( 100.0000000000000000, -10.35533905932719634, 25.00000000000007105 ) ) ;
#832 = CARTESIAN_POINT ( 'NONE',  ( 94.80000000000001137, -9.621037113853832423, 0.000000000000000000 ) ) ;
#833 = VECTOR ( 'NONE', #3919, 1000.000000000000114 ) ;
#834 = ORIENTED_EDGE ( 'NONE', *, *, #1541, .T. ) ;
#835 = FACE_OUTER_BOUND ( 'NONE', #140, .T. ) ;
#836 = CARTESIAN_POINT ( 'NONE',  ( 100.0000000000000000, 19.09188309203679168, -19.09188309203679168 ) ) ;
#837 = DIRECTION ( 'NONE',  ( 0.7745966692414827381, -0.4472135954999618135, -0.4472135954999552077 ) ) ;
#838 = DIRECTION ( 'NONE',  ( 1.000000000000000000, -0.000000000000000000, 0.000000000000000000 ) ) ;
#839 = LINE ( 'NONE', #1190, #3106 ) ;
#840 = VECTOR ( 'NONE', #2623, 1000.000000000000000 ) ;
#841 = EDGE_CURVE ( 'NONE', #3485, #3419, #2207, .T. ) ;
#842 = EDGE_CURVE ( 'NONE', #2309, #3019, #2673, .T. ) ;
#843 = DIRECTION ( 'NONE',  ( -0.5000000000000008882, -0.8660254037844381525, 5.939693181744590647E-15 ) ) ;
#844 = ORIENTED_EDGE ( 'NONE', *, *, #812, .F. ) ;
#845 = AXIS2_PLACEMENT_3D ( 'NONE', #4237, #1854, #2592 ) ;
#846 = EDGE_CURVE ( 'NONE', #1649, #205, #1951, .T. ) ;
#847 = VERTEX_POINT ( 'NONE', #1626 ) ;
#848 = ORIENTED_EDGE ( 'NONE', *, *, #3839, .F. ) ;
#849 = LINE ( 'NONE', #528, #4189 ) ;
#850 = DIRECTION ( 'NONE',  ( -0.5000000000000009992, -0.8660254037844381525, 5.974264125907593365E-15 ) ) ;
#851 = ORIENTED_EDGE ( 'NONE', *, *, #2187, .F. ) ;
#852 = ORIENTED_EDGE ( 'NONE', *, *, #449, .T. ) ;
#853 = LINE ( 'NONE', #207, #231 ) ;
#854 = CARTESIAN_POINT ( 'NONE',  ( 95.20000000000000284, 0.000000000000000000, -17.72822118346030607 ) ) ;
#855 = ORIENTED_EDGE ( 'NONE', *, *, #295, .T. ) ;
#856 = LINE ( 'NONE', #3874, #1082 ) ;
#857 = FACE_OUTER_BOUND ( 'NONE', #1595, .T. ) ;
#858 = DIRECTION ( 'NONE',  ( 0.000000000000000000, 1.000000000000000000, -7.203347861392757775E-15 ) ) ;
#859 = CARTESIAN_POINT ( 'NONE',  ( 74.28000000000000114, 10.41642406272618082, 17.50000000000014211 ) ) ;
#860 = FACE_OUTER_BOUND ( 'NONE', #3091, .T. ) ;
#861 = CARTESIAN_POINT ( 'NONE',  ( 94.80000000000001137, -9.621037113853832423, 17.70169356637232738 ) ) ;
#862 = PLANE ( 'NONE',  #2706 ) ;
#863 = CARTESIAN_POINT ( 'NONE',  ( 82.55258212130848960, -16.60182841709476165, -9.952055505674875846 ) ) ;
#864 = EDGE_LOOP ( 'NONE', ( #3518, #3451, #1570, #1518 ) ) ;
#865 = ADVANCED_FACE ( 'NONE', ( #3174 ), #2449, .T. ) ;
#866 = EDGE_CURVE ( 'NONE', #2751, #4042, #1687, .T. ) ;
#867 = LINE ( 'NONE', #3406, #671 ) ;
#868 = ORIENTED_EDGE ( 'NONE', *, *, #399, .F. ) ;
#869 = DIRECTION ( 'NONE',  ( 1.000000000000000000, -0.000000000000000000, -0.000000000000000000 ) ) ;
#870 = DIRECTION ( 'NONE',  ( 0.8660254037844380415, -0.5000000000000008882, 0.000000000000000000 ) ) ;
#871 = CIRCLE ( 'NONE', #3006, 14.00000000000035172 ) ;
#872 = AXIS2_PLACEMENT_3D ( 'NONE', #3350, #376, #1085 ) ;
#873 = VECTOR ( 'NONE', #3968, 1000.000000000000000 ) ;
#874 = EDGE_LOOP ( 'NONE', ( #615, #1519, #3845, #7 ) ) ;
#875 = AXIS2_PLACEMENT_3D ( 'NONE', #1655, #3672, #1315 ) ;
#876 = VECTOR ( 'NONE', #2333, 1000.000000000000000 ) ;
#877 = ORIENTED_EDGE ( 'NONE', *, *, #4015, .T. ) ;
#878 = LINE ( 'NONE', #1228, #918 ) ;
#879 = EDGE_LOOP ( 'NONE', ( #3614, #1380, #2680, #2708 ) ) ;
#880 = LINE ( 'NONE', #4166, #3853 ) ;
#881 = LINE ( 'NONE', #306, #993 ) ;
#882 = DIRECTION ( 'NONE',  ( 0.08483904282827946230, -0.04898184421469056748, 0.9951899897754745705 ) ) ;
#883 = DIRECTION ( 'NONE',  ( 0.000000000000000000, -9.050731179009428576E-16, 1.000000000000000000 ) ) ;
#884 = VECTOR ( 'NONE', #3472, 1000.000000000000000 ) ;
#885 = CARTESIAN_POINT ( 'NONE',  ( 81.94739049300777367, -16.25242086758387572, 12.47441327564058255 ) ) ;
#886 = DIRECTION ( 'NONE',  ( -0.5000000000000009992, -0.8660254037844380415, 5.974264125907593365E-15 ) ) ;
#887 = VERTEX_POINT ( 'NONE', #357 ) ;
#888 = VECTOR ( 'NONE', #2175, 1000.000000000000114 ) ;
#889 = APPROVAL ( #3911, 'UNSPECIFIED' ) ;
#890 = LINE ( 'NONE', #2603, #2950 ) ;
#891 = EDGE_CURVE ( 'NONE', #3816, #264, #616, .T. ) ;
#892 = CARTESIAN_POINT ( 'NONE',  ( 75.00000000000000000, 0.000000000000000000, 0.000000000000000000 ) ) ;
#893 = EDGE_LOOP ( 'NONE', ( #3240, #3694, #4179, #2372 ) ) ;
#894 = FACE_OUTER_BOUND ( 'NONE', #3410, .T. ) ;
#895 = CARTESIAN_POINT ( 'NONE',  ( 82.34014655601031052, -14.16977760952575771, 12.47441327564049374 ) ) ;
#896 = ORIENTED_EDGE ( 'NONE', *, *, #2218, .T. ) ;
#897 = EDGE_CURVE ( 'NONE', #3478, #3092, #2296, .T. ) ;
#898 = EDGE_CURVE ( 'NONE', #3097, #2000, #654, .T. ) ;
#899 = ORIENTED_EDGE ( 'NONE', *, *, #2080, .F. ) ;
#900 = PLANE ( 'NONE',  #3373 ) ;
#901 = EDGE_CURVE ( 'NONE', #3500, #2647, #3245, .T. ) ;
#902 = EDGE_LOOP ( 'NONE', ( #4133, #3421, #1109, #4059 ) ) ;
#903 = CARTESIAN_POINT ( 'NONE',  ( 94.80000000000001137, 11.89726821137852575, -20.38248969043735670 ) ) ;
#904 = DIRECTION ( 'NONE',  ( 0.5000000000000009992, 0.8660254037844380415, -5.936506197747761681E-15 ) ) ;
#905 = CARTESIAN_POINT ( 'NONE',  ( 14.44934295108999045, 25.02699612727501943, -1.704054566726330304E-13 ) ) ;
#906 = LINE ( 'NONE', #953, #2839 ) ;
#907 = CARTESIAN_POINT ( 'NONE',  ( 25.24345416553767052, 18.79501311195078728, -12.99935497757380887 ) ) ;
#908 = CARTESIAN_POINT ( 'NONE',  ( 92.16639743565974641, -24.46176835353334766, -10.89357070579393572 ) ) ;
#909 = ORIENTED_EDGE ( 'NONE', *, *, #1420, .F. ) ;
#910 = AXIS2_PLACEMENT_3D ( 'NONE', #1576, #1622, #2919 ) ;
#911 = VECTOR ( 'NONE', #3391, 1000.000000000000000 ) ;
#912 = LINE ( 'NONE', #3604, #115 ) ;
#913 = EDGE_LOOP ( 'NONE', ( #3455, #334, #3705, #4098 ) ) ;
#914 = DIRECTION ( 'NONE',  ( 1.000000000000000000, -0.000000000000000000, -0.000000000000000000 ) ) ;
#915 = AXIS2_PLACEMENT_3D ( 'NONE', #607, #3875, #1620 ) ;
#916 = DIRECTION ( 'NONE',  ( 0.8660254037844372643, -0.5000000000000023315, 0.000000000000000000 ) ) ;
#917 = ORIENTED_EDGE ( 'NONE', *, *, #2111, .T. ) ;
#918 = VECTOR ( 'NONE', #2216, 1000.000000000000000 ) ;
#919 = ORIENTED_EDGE ( 'NONE', *, *, #65, .F. ) ;
#920 = CARTESIAN_POINT ( 'NONE',  ( 75.00000000000000000, 10.41642406272617727, -20.99999999999981881 ) ) ;
#921 = DIRECTION ( 'NONE',  ( 0.000000000000000000, 0.7071067811865424657, -0.7071067811865526798 ) ) ;
#922 = ADVANCED_FACE ( 'NONE', ( #958 ), #2317, .F. ) ;
#923 = EDGE_CURVE ( 'NONE', #390, #1884, #3158, .T. ) ;
#924 = VERTEX_POINT ( 'NONE', #3216 ) ;
#925 = DIRECTION ( 'NONE',  ( 0.000000000000000000, 0.000000000000000000, 1.000000000000000000 ) ) ;
#926 = CARTESIAN_POINT ( 'NONE',  ( 96.56274360871918816, -27.00000000000001066, -11.18376618407356737 ) ) ;
#927 = DIRECTION ( 'NONE',  ( 1.000000000000000000, -0.000000000000000000, 0.000000000000000000 ) ) ;
#928 = CARTESIAN_POINT ( 'NONE',  ( 81.94739049300777367, -16.25242086758402849, -9.952055505674795910 ) ) ;
#929 = EDGE_CURVE ( 'NONE', #1160, #4183, #262, .T. ) ;
#930 = ORIENTED_EDGE ( 'NONE', *, *, #891, .T. ) ;
#931 = FACE_OUTER_BOUND ( 'NONE', #3258, .T. ) ;
#932 = LINE ( 'NONE', #4220, #3374 ) ;
#933 = ORIENTED_EDGE ( 'NONE', *, *, #1113, .F. ) ;
#934 = CARTESIAN_POINT ( 'NONE',  ( 98.20000000000000284, 19.66331047422381317, 15.69202858510352527 ) ) ;
#935 = CC_DESIGN_SECURITY_CLASSIFICATION ( #2794, ( #3564 ) ) ;
#936 = DIRECTION ( 'NONE',  ( 0.7745966692414827381, -0.4472135954999618690, -0.4472135954999551521 ) ) ;
#937 = ORIENTED_EDGE ( 'NONE', *, *, #1370, .F. ) ;
#938 = CYLINDRICAL_SURFACE ( 'NONE', #1671, 3.500000000000016875 ) ;
#939 = CARTESIAN_POINT ( 'NONE',  ( 23.13826253723693327, 16.54634445010840693, 12.99935497757364899 ) ) ;
#940 = ORIENTED_EDGE ( 'NONE', *, *, #3377, .T. ) ;
#941 = PLANE ( 'NONE',  #2085 ) ;
#942 = AXIS2_PLACEMENT_3D ( 'NONE', #1826, #2415, #4102 ) ;
#943 =( NAMED_UNIT ( * ) PLANE_ANGLE_UNIT ( ) SI_UNIT ( $, .RADIAN. ) );
#944 = AXIS2_PLACEMENT_3D ( 'NONE', #903, #1186, #582 ) ;
#945 = DIRECTION ( 'NONE',  ( 0.5000000000000015543, 0.8660254037844378194, 0.000000000000000000 ) ) ;
#946 = CC_DESIGN_APPROVAL ( #889, ( #2212 ) ) ;
#947 = ORIENTED_EDGE ( 'NONE', *, *, #3603, .T. ) ;
#948 = VECTOR ( 'NONE', #4177, 1000.000000000000000 ) ;
#949 = LINE ( 'NONE', #1231, #1703 ) ;
#950 = ADVANCED_FACE ( 'NONE', ( #1948 ), #4219, .F. ) ;
#951 = LINE ( 'NONE', #281, #369 ) ;
#952 = LINE ( 'NONE', #2223, #2109 ) ;
#953 = CARTESIAN_POINT ( 'NONE',  ( 75.00000000000000000, 6.916424062726162170, 24.99999999999995026 ) ) ;
#954 = ORIENTED_EDGE ( 'NONE', *, *, #1929, .T. ) ;
#955 = CARTESIAN_POINT ( 'NONE',  ( 33.00000000000000000, 17.99999999999997158, -3.561207936188247825 ) ) ;
#956 = EDGE_CURVE ( 'NONE', #1780, #3035, #1924, .T. ) ;
#957 = DIRECTION ( 'NONE',  ( 0.08483904282832943622, -0.04898184421471947492, 0.9951899897754689084 ) ) ;
#958 = FACE_OUTER_BOUND ( 'NONE', #1528, .T. ) ;
#959 = DIRECTION ( 'NONE',  ( -0.5000000000000009992, -0.8660254037844382635, 5.939693181744591436E-15 ) ) ;
#960 = EDGE_CURVE ( 'NONE', #3673, #2957, #2944, .T. ) ;
#961 = LINE ( 'NONE', #3950, #3641 ) ;
#962 = ORIENTED_EDGE ( 'NONE', *, *, #1760, .F. ) ;
#963 = CIRCLE ( 'NONE', #269, 3.605245064036107117 ) ;
#964 = DIRECTION ( 'NONE',  ( -0.5000000000000009992, -0.8660254037844382635, 5.939693181744591436E-15 ) ) ;
#965 = VECTOR ( 'NONE', #614, 999.9999999999998863 ) ;
#966 = EDGE_LOOP ( 'NONE', ( #2056, #3525 ) ) ;
#967 = DIRECTION ( 'NONE',  ( -1.000000000000000000, -0.000000000000000000, -0.000000000000000000 ) ) ;
#968 = LINE ( 'NONE', #646, #211 ) ;
#969 = VERTEX_POINT ( 'NONE', #3241 ) ;
#970 = ORIENTED_EDGE ( 'NONE', *, *, #80, .T. ) ;
#971 = PLANE ( 'NONE',  #2804 ) ;
#972 = DIRECTION ( 'NONE',  ( 0.8660254037844361541, -0.5000000000000042188, 0.000000000000000000 ) ) ;
#973 = AXIS2_PLACEMENT_3D ( 'NONE', #1031, #3630, #945 ) ;
#974 = CARTESIAN_POINT ( 'NONE',  ( 26.43712804195350685, 14.64174356293979962, -1.533095239755794648 ) ) ;
#975 = DIRECTION ( 'NONE',  ( 0.000000000000000000, -1.000000000000000000, 7.035828143685951913E-15 ) ) ;
#976 = ORIENTED_EDGE ( 'NONE', *, *, #3349, .T. ) ;
#977 = CARTESIAN_POINT ( 'NONE',  ( 81.94636433865939296, -16.25182841709461812, 12.47441327564050617 ) ) ;
#978 = CARTESIAN_POINT ( 'NONE',  ( 94.80000000000001137, -11.89726821137925228, -19.68248969043735386 ) ) ;
#979 = ADVANCED_FACE ( 'NONE', ( #2874, #310 ), #2511, .F. ) ;
#980 = EDGE_CURVE ( 'NONE', #1421, #3931, #2922, .T. ) ;
#981 = APPLICATION_CONTEXT ( 'configuration controlled 3d designs of mechanical parts and assemblies' ) ;
#982 = DIRECTION ( 'NONE',  ( -1.000000000000000000, -0.000000000000000000, -0.000000000000000000 ) ) ;
#983 = ORIENTED_EDGE ( 'NONE', *, *, #4096, .T. ) ;
#984 = VECTOR ( 'NONE', #2752, 1000.000000000000000 ) ;
#985 = VECTOR ( 'NONE', #171, 1000.000000000000000 ) ;
#986 = DIRECTION ( 'NONE',  ( 1.000000000000000000, 0.000000000000000000, 0.000000000000000000 ) ) ;
#987 = PLANE ( 'NONE',  #3236 ) ;
#988 = EDGE_CURVE ( 'NONE', #2460, #847, #116, .T. ) ;
#989 = VECTOR ( 'NONE', #2939, 1000.000000000000000 ) ;
#990 = ORIENTED_EDGE ( 'NONE', *, *, #1187, .F. ) ;
#991 = CARTESIAN_POINT ( 'NONE',  ( 41.45173149449954053, 17.99999999999996092, -5.200914422068110277 ) ) ;
#992 = PERSON_AND_ORGANIZATION ( #3131, #534 ) ;
#993 = VECTOR ( 'NONE', #630, 1000.000000000000114 ) ;
#994 = CARTESIAN_POINT ( 'NONE',  ( 36.30095548418310614, 18.00000000000003553, 5.140239624478231129 ) ) ;
#995 = VERTEX_POINT ( 'NONE', #3835 ) ;
#996 = ORIENTED_EDGE ( 'NONE', *, *, #659, .T. ) ;
#997 = CARTESIAN_POINT ( 'NONE',  ( 94.80000000000001137, 0.000000000000000000, 0.000000000000000000 ) ) ;
#998 = CARTESIAN_POINT ( 'NONE',  ( 98.20000000000000284, 6.916424062726162170, 17.69202858510344356 ) ) ;
#999 = CARTESIAN_POINT ( 'NONE',  ( 18.39826462644538907, 18.12828298148292916, 17.22705607784444837 ) ) ;
#1000 = EDGE_LOOP ( 'NONE', ( #1137, #3749, #3046, #2802, #3009, #3298, #3396, #2719, #1213, #2730 ) ) ;
#1001 = CARTESIAN_POINT ( 'NONE',  ( 25.08425696185705078, 14.26812350683323594, 18.86296156079382413 ) ) ;
#1002 = CARTESIAN_POINT ( 'NONE',  ( 99.80000000000001137, 0.000000000000000000, 0.000000000000000000 ) ) ;
#1003 = CARTESIAN_POINT ( 'NONE',  ( 99.80000000000001137, -9.621037113853832423, 17.70169356637232738 ) ) ;
#1004 = ORIENTED_EDGE ( 'NONE', *, *, #762, .F. ) ;
#1005 = ADVANCED_FACE ( 'NONE', ( #2574 ), #862, .T. ) ;
#1006 = VECTOR ( 'NONE', #4170, 1000.000000000000000 ) ;
#1007 = DIRECTION ( 'NONE',  ( 0.000000000000000000, -1.000000000000000000, 0.000000000000000000 ) ) ;
#1008 = ORIENTED_EDGE ( 'NONE', *, *, #1054, .F. ) ;
#1009 = CARTESIAN_POINT ( 'NONE',  ( 30.38851257287942786, 15.82451225547550777, -37.02042252705988545 ) ) ;
#1010 = DIRECTION ( 'NONE',  ( -0.5000000000000008882, -0.8660254037844381525, 5.939693181744590647E-15 ) ) ;
#1011 = ORIENTED_EDGE ( 'NONE', *, *, #3464, .T. ) ;
#1012 = CARTESIAN_POINT ( 'NONE',  ( 75.00000000000000000, 23.06207367784963935, 6.386114082350560217 ) ) ;
#1013 = DIRECTION ( 'NONE',  ( -0.000000000000000000, 7.203347861392757775E-15, 1.000000000000000000 ) ) ;
#1014 = DIRECTION ( 'NONE',  ( 0.8660254037844381525, -0.5000000000000007772, 0.000000000000000000 ) ) ;
#1015 = VECTOR ( 'NONE', #194, 1000.000000000000000 ) ;
#1016 = AXIS2_PLACEMENT_3D ( 'NONE', #1783, #4156, #84 ) ;
#1017 = CIRCLE ( 'NONE', #2809, 3.500000000000016875 ) ;
#1018 = ORIENTED_EDGE ( 'NONE', *, *, #3221, .F. ) ;
#1019 = DIRECTION ( 'NONE',  ( 0.8660254037844382635, -0.5000000000000006661, 0.000000000000000000 ) ) ;
#1020 = CARTESIAN_POINT ( 'NONE',  ( 76.40567481138656092, -14.20761036540688416, -7.212792882741609901 ) ) ;
#1021 = DIRECTION ( 'NONE',  ( 0.3855336798600251802, -0.2225879738488593107, -0.8954431168932213136 ) ) ;
#1022 = ORIENTED_EDGE ( 'NONE', *, *, #3082, .T. ) ;
#1023 = LINE ( 'NONE', #2280, #1155 ) ;
#1024 = CIRCLE ( 'NONE', #1853, 14.00000000000035172 ) ;
#1025 = VECTOR ( 'NONE', #3792, 1000.000000000000000 ) ;
#1026 = EDGE_LOOP ( 'NONE', ( #3561, #848, #1050, #461 ) ) ;
#1027 = CARTESIAN_POINT ( 'NONE',  ( 74.28000000000000114, 6.916424062726162170, 24.99999999999995026 ) ) ;
#1028 = AXIS2_PLACEMENT_3D ( 'NONE', #131, #1103, #819 ) ;
#1029 = ADVANCED_FACE ( 'NONE', ( #613 ), #1859, .F. ) ;
#1030 = ADVANCED_FACE ( 'NONE', ( #931 ), #545, .F. ) ;
#1031 = CARTESIAN_POINT ( 'NONE',  ( 77.90567481138656092, -11.60953415405358236, -7.212792882741627665 ) ) ;
#1032 = EDGE_LOOP ( 'NONE', ( #1957, #1720 ) ) ;
#1033 = CARTESIAN_POINT ( 'NONE',  ( 21.90621172966805830, 18.41236985389266678, -12.99935497757371650 ) ) ;
#1034 = DIRECTION ( 'NONE',  ( 0.000000000000000000, -1.000000000000000000, 7.370867579099568370E-15 ) ) ;
#1035 = LINE ( 'NONE', #1661, #2253 ) ;
#1036 = EDGE_CURVE ( 'NONE', #162, #3760, #1280, .T. ) ;
#1037 = ORIENTED_EDGE ( 'NONE', *, *, #3381, .F. ) ;
#1038 = DIRECTION ( 'NONE',  ( 0.000000000000000000, 0.000000000000000000, -1.000000000000000000 ) ) ;
#1039 = DIRECTION ( 'NONE',  ( 0.000000000000000000, 0.000000000000000000, -1.000000000000000000 ) ) ;
#1040 = CARTESIAN_POINT ( 'NONE',  ( 98.20000000000000284, 6.916424062726162170, 0.000000000000000000 ) ) ;
#1041 = ORIENTED_EDGE ( 'NONE', *, *, #294, .F. ) ;
#1042 = AXIS2_PLACEMENT_3D ( 'NONE', #3789, #820, #883 ) ;
#1043 = CARTESIAN_POINT ( 'NONE',  ( 27.93712804195351040, 17.23981977429311740, -1.533095239755809525 ) ) ;
#1044 = ORIENTED_EDGE ( 'NONE', *, *, #2983, .T. ) ;
#1045 = CARTESIAN_POINT ( 'NONE',  ( 23.03101860023945235, 17.76296230438211055, 12.99935497757356728 ) ) ;
#1046 = CALENDAR_DATE ( 2026, 6, 4 ) ;
#1047 = AXIS2_PLACEMENT_3D ( 'NONE', #3985, #1058, #3700 ) ;
#1048 = VERTEX_POINT ( 'NONE', #3575 ) ;
#1049 = CARTESIAN_POINT ( 'NONE',  ( 100.0000000000000000, -17.67766952966355731, 17.67766952966381311 ) ) ;
#1050 = ORIENTED_EDGE ( 'NONE', *, *, #4023, .F. ) ;
#1051 = DIRECTION ( 'NONE',  ( 1.000000000000000000, -0.000000000000000000, 0.000000000000000000 ) ) ;
#1052 = CARTESIAN_POINT ( 'NONE',  ( 84.44636433865940717, -11.92170139817257457, -9.952055505674906044 ) ) ;
#1053 = ADVANCED_FACE ( 'NONE', ( #2597 ), #3923, .F. ) ;
#1054 = EDGE_CURVE ( 'NONE', #2050, #3673, #565, .T. ) ;
#1055 = DIRECTION ( 'NONE',  ( 0.000000000000000000, -1.000000000000000000, -1.551108497285260326E-16 ) ) ;
#1056 = AXIS2_PLACEMENT_3D ( 'NONE', #836, #1102, #2154 ) ;
#1057 = EDGE_LOOP ( 'NONE', ( #3420, #2772, #2053, #2319, #3283, #3383, #2516, #96, #3072, #2220, #1130, #2484 ) ) ;
#1058 = DIRECTION ( 'NONE',  ( 0.000000000000000000, -1.000000000000000000, -1.551108497285261312E-16 ) ) ;
#1059 = CARTESIAN_POINT ( 'NONE',  ( 68.47150000782795587, -9.626812406774403641, 44.98215146610215953 ) ) ;
#1060 = EDGE_CURVE ( 'NONE', #1421, #1923, #2075, .T. ) ;
#1061 = DIRECTION ( 'NONE',  ( 1.000000000000000000, -0.000000000000000000, 0.000000000000000000 ) ) ;
#1062 = CARTESIAN_POINT ( 'NONE',  ( 94.80000000000001137, -11.89726821137925228, -20.38248969043735670 ) ) ;
#1063 = EDGE_LOOP ( 'NONE', ( #318, #2766 ) ) ;
#1064 = ORIENTED_EDGE ( 'NONE', *, *, #1955, .F. ) ;
#1065 = ORIENTED_EDGE ( 'NONE', *, *, #1954, .F. ) ;
#1066 = DIRECTION ( 'NONE',  ( 0.000000000000000000, 0.000000000000000000, -1.000000000000000000 ) ) ;
#1067 = ORIENTED_EDGE ( 'NONE', *, *, #3193, .T. ) ;
#1068 = VERTEX_POINT ( 'NONE', #907 ) ;
#1069 = VERTEX_POINT ( 'NONE', #3552 ) ;
#1070 = FACE_BOUND ( 'NONE', #1693, .T. ) ;
#1071 = DIRECTION ( 'NONE',  ( 1.000000000000000000, 0.000000000000000000, 0.000000000000000000 ) ) ;
#1072 = CARTESIAN_POINT ( 'NONE',  ( 99.80000000000001137, 11.89726821137852575, -19.68248969043735386 ) ) ;
#1073 = PRODUCT_RELATED_PRODUCT_CATEGORY ( 'detail', '', ( #3197 ) ) ;
#1074 = EDGE_CURVE ( 'NONE', #3035, #1476, #589, .T. ) ;
#1075 = ORIENTED_EDGE ( 'NONE', *, *, #3628, .F. ) ;
#1076 = DIRECTION ( 'NONE',  ( 1.000000000000000000, -0.000000000000000000, -0.000000000000000000 ) ) ;
#1077 = CARTESIAN_POINT ( 'NONE',  ( 100.0000000000000000, 24.99999999999999645, -1.842716894774891998E-13 ) ) ;
#1078 = FACE_OUTER_BOUND ( 'NONE', #1312, .T. ) ;
#1079 = AXIS2_PLACEMENT_3D ( 'NONE', #3597, #1919, #2289 ) ;
#1080 = AXIS2_PLACEMENT_3D ( 'NONE', #1905, #337, #3223 ) ;
#1081 = AXIS2_PLACEMENT_3D ( 'NONE', #3927, #959, #1216 ) ;
#1082 = VECTOR ( 'NONE', #4214, 1000.000000000000114 ) ;
#1083 = EDGE_CURVE ( 'NONE', #1572, #3233, #1464, .T. ) ;
#1084 = EDGE_CURVE ( 'NONE', #3958, #1384, #298, .T. ) ;
#1085 = DIRECTION ( 'NONE',  ( 0.8660254037844377084, -0.5000000000000015543, 0.000000000000000000 ) ) ;
#1086 = ORIENTED_EDGE ( 'NONE', *, *, #1353, .F. ) ;
#1087 = EDGE_CURVE ( 'NONE', #1453, #2520, #2642, .T. ) ;
#1088 = VERTEX_POINT ( 'NONE', #2337 ) ;
#1089 = VERTEX_POINT ( 'NONE', #414 ) ;
#1090 = EDGE_LOOP ( 'NONE', ( #877, #2739, #3252, #1044 ) ) ;
#1091 = CARTESIAN_POINT ( 'NONE',  ( 27.87805831995560268, 13.80982207905209869, 41.87908109488715525 ) ) ;
#1093 = ORIENTED_EDGE ( 'NONE', *, *, #3838, .T. ) ;
#1092 = VECTOR ( 'NONE', #807, 1000.000000000000000 ) ;
#1094 = ORIENTED_EDGE ( 'NONE', *, *, #2360, .F. ) ;
#1095 = PLANE ( 'NONE',  #331 ) ;
#1096 = LINE ( 'NONE', #2414, #1542 ) ;
#1097 = CIRCLE ( 'NONE', #1511, 1.999999999999998668 ) ;
#1098 = DIRECTION ( 'NONE',  ( -0.5000000000000009992, -0.8660254037844380415, 5.974264125907593365E-15 ) ) ;
#1099 = AXIS2_PLACEMENT_3D ( 'NONE', #3484, #2179, #136 ) ;
#1100 = ORIENTED_EDGE ( 'NONE', *, *, #2331, .T. ) ;
#1101 = DIRECTION ( 'NONE',  ( -1.000000000000000000, 0.000000000000000000, 0.000000000000000000 ) ) ;
#1102 = DIRECTION ( 'NONE',  ( 0.000000000000000000, -0.7071067811865475727, 0.7071067811865475727 ) ) ;
#1103 = DIRECTION ( 'NONE',  ( -0.5000000000000008882, -0.8660254037844381525, 5.939693181744590647E-15 ) ) ;
#1104 = LINE ( 'NONE', #4152, #2274 ) ;
#1105 = ORIENTED_EDGE ( 'NONE', *, *, #3087, .F. ) ;
#1106 = EDGE_CURVE ( 'NONE', #1644, #887, #3345, .T. ) ;
#1107 = EDGE_CURVE ( 'NONE', #1926, #829, #1727, .T. ) ;
#1108 = ORIENTED_EDGE ( 'NONE', *, *, #3784, .T. ) ;
#1109 = ORIENTED_EDGE ( 'NONE', *, *, #2668, .F. ) ;
#1110 = VERTEX_POINT ( 'NONE', #1707 ) ;
#1111 = CARTESIAN_POINT ( 'NONE',  ( 24.87871090238881777, 15.54149611797707742, -19.81384294135026636 ) ) ;
#1112 = CARTESIAN_POINT ( 'NONE',  ( 94.80000000000001137, 11.89726821137852575, -20.38248969043735670 ) ) ;
#1113 = EDGE_CURVE ( 'NONE', #275, #3485, #8, .T. ) ;
#1114 = VERTEX_POINT ( 'NONE', #2379 ) ;
#1115 = ORIENTED_EDGE ( 'NONE', *, *, #3739, .F. ) ;
#1116 = CARTESIAN_POINT ( 'NONE',  ( 100.0000000000000000, -11.18376618407357270, 27.00000000000000711 ) ) ;
#1117 = CARTESIAN_POINT ( 'NONE',  ( 40.54887712273190914, 38.21849991717839146, 2.863160857850710617 ) ) ;
#1118 = AXIS2_PLACEMENT_3D ( 'NONE', #241, #2873, #308 ) ;
#1119 = DIRECTION ( 'NONE',  ( 0.000000000000000000, 0.000000000000000000, 1.000000000000000000 ) ) ;
#1120 = VECTOR ( 'NONE', #4043, 1000.000000000000000 ) ;
#1121 = EDGE_LOOP ( 'NONE', ( #385, #1639, #2215, #628 ) ) ;
#1122 = CARTESIAN_POINT ( 'NONE',  ( 94.80000000000001137, -9.621037113853832423, -24.99999999999993605 ) ) ;
#1123 = VECTOR ( 'NONE', #1124, 1000.000000000000000 ) ;
#1124 = DIRECTION ( 'NONE',  ( 1.000000000000000000, -0.000000000000000000, -0.000000000000000000 ) ) ;
#1125 = CARTESIAN_POINT ( 'NONE',  ( 80.03152612775305386, -12.83689498381496819, -17.87967236052949360 ) ) ;
#1126 = LINE ( 'NONE', #2763, #3745 ) ;
#1127 = DIRECTION ( 'NONE',  ( -0.7745966692414825161, 0.4472135954999555407, -0.4472135954999618690 ) ) ;
#1128 = CIRCLE ( 'NONE', #4093, 3.500000000000016875 ) ;
#1129 = LINE ( 'NONE', #3746, #3023 ) ;
#1130 = ORIENTED_EDGE ( 'NONE', *, *, #2823, .T. ) ;
#1131 = EDGE_CURVE ( 'NONE', #1937, #2450, #3020, .T. ) ;
#1132 = ORIENTED_EDGE ( 'NONE', *, *, #1325, .T. ) ;
#1133 = ORIENTED_EDGE ( 'NONE', *, *, #736, .T. ) ;
#1134 = DIRECTION ( 'NONE',  ( 0.000000000000000000, 0.000000000000000000, -1.000000000000000000 ) ) ;
#1135 = ORIENTED_EDGE ( 'NONE', *, *, #4176, .F. ) ;
#1136 = ADVANCED_FACE ( 'NONE', ( #3370 ), #3965, .T. ) ;
#1137 = ORIENTED_EDGE ( 'NONE', *, *, #2493, .T. ) ;
#1138 = CARTESIAN_POINT ( 'NONE',  ( 94.80000000000001137, -11.89726821137925228, -20.38248969043735670 ) ) ;
#1139 = DIRECTION ( 'NONE',  ( 0.7745966692414825161, -0.4472135954999555407, 0.4472135954999619245 ) ) ;
#1140 = CIRCLE ( 'NONE', #1690, 0.6999999999999829692 ) ;
#1141 = ORIENTED_EDGE ( 'NONE', *, *, #3463, .T. ) ;
#1142 = EDGE_CURVE ( 'NONE', #292, #702, #4024, .T. ) ;
#1143 =( GEOMETRIC_REPRESENTATION_CONTEXT ( 3 ) GLOBAL_UNCERTAINTY_ASSIGNED_CONTEXT ( ( #11 ) ) GLOBAL_UNIT_ASSIGNED_CONTEXT ( ( #2543, #943, #1890 ) ) REPRESENTATION_CONTEXT ( 'NONE', 'WORKASPACE' ) );
#1144 = ORIENTED_EDGE ( 'NONE', *, *, #1541, .F. ) ;
#1145 = PLANE ( 'NONE',  #3114 ) ;
#1146 = CARTESIAN_POINT ( 'NONE',  ( 74.28000000000000114, 13.91642406272619503, -17.49999999999980105 ) ) ;
#1147 = CARTESIAN_POINT ( 'NONE',  ( 27.30580657790736510, 17.60431339150530050, -8.938704501772988920 ) ) ;
#1148 = CARTESIAN_POINT ( 'NONE',  ( 100.0000000000000000, -11.18376618407356737, -27.00000000000001066 ) ) ;
#1149 = DIRECTION ( 'NONE',  ( 0.7745966692414846255, -0.4472135954999568175, 0.4472135954999568175 ) ) ;
#1150 = CARTESIAN_POINT ( 'NONE',  ( 83.67944130057664154, -17.25242086758387572, 12.47441327564058255 ) ) ;
#1151 = ORIENTED_EDGE ( 'NONE', *, *, #2272, .F. ) ;
#1152 = AXIS2_PLACEMENT_3D ( 'NONE', #3962, #1319, #2639 ) ;
#1153 = VECTOR ( 'NONE', #3036, 1000.000000000000114 ) ;
#1154 = DIRECTION ( 'NONE',  ( 0.000000000000000000, 0.7071067811865526798, 0.7071067811865424657 ) ) ;
#1155 = VECTOR ( 'NONE', #986, 1000.000000000000000 ) ;
#1156 = ORIENTED_EDGE ( 'NONE', *, *, #1840, .T. ) ;
#1157 = EDGE_LOOP ( 'NONE', ( #2275, #3559, #1011, #2387 ) ) ;
#1158 = CARTESIAN_POINT ( 'NONE',  ( 25.37031334480580824, 16.41236985389284442, 12.99935497757364367 ) ) ;
#1159 = ORIENTED_EDGE ( 'NONE', *, *, #2307, .T. ) ;
#1160 = VERTEX_POINT ( 'NONE', #1001 ) ;
#1161 = FACE_BOUND ( 'NONE', #1459, .T. ) ;
#1162 = FACE_BOUND ( 'NONE', #361, .T. ) ;
#1163 = ADVANCED_FACE ( 'NONE', ( #2315 ), #2986, .T. ) ;
#1164 = ADVANCED_FACE ( 'NONE', ( #2007 ), #2661, .F. ) ;
#1165 = VERTEX_POINT ( 'NONE', #3325 ) ;
#1166 = FACE_OUTER_BOUND ( 'NONE', #236, .T. ) ;
#1167 = AXIS2_PLACEMENT_3D ( 'NONE', #1675, #1615, #3954 ) ;
#1168 = CARTESIAN_POINT ( 'NONE',  ( 70.87150000782793313, -7.548351437691770194, 42.90369049701949677 ) ) ;
#1169 = VECTOR ( 'NONE', #1257, 1000.000000000000000 ) ;
#1170 = CARTESIAN_POINT ( 'NONE',  ( 41.45173149449954053, 18.41642406280399769, -3.585338233608448277 ) ) ;
#1171 = DIRECTION ( 'NONE',  ( 0.8660254037844382635, -0.5000000000000006661, 0.000000000000000000 ) ) ;
#1172 = EDGE_CURVE ( 'NONE', #508, #3720, #223, .T. ) ;
#1173 = DIRECTION ( 'NONE',  ( 0.8660254037844372643, -0.5000000000000023315, 0.000000000000000000 ) ) ;
#1174 = DIRECTION ( 'NONE',  ( -1.000000000000000000, 0.000000000000000000, 0.000000000000000000 ) ) ;
#1175 = VERTEX_POINT ( 'NONE', #1988 ) ;
#1176 = VERTEX_POINT ( 'NONE', #2045 ) ;
#1177 = ORIENTED_EDGE ( 'NONE', *, *, #2481, .F. ) ;
#1178 = CARTESIAN_POINT ( 'NONE',  ( 36.30095548418310614, 24.99999999999996092, -5.200914422068161791 ) ) ;
#1179 = DIRECTION ( 'NONE',  ( -0.5000000000000009992, -0.8660254037844381525, 5.939693181744589858E-15 ) ) ;
#1180 = ORIENTED_EDGE ( 'NONE', *, *, #2167, .T. ) ;
#1181 = ORIENTED_EDGE ( 'NONE', *, *, #235, .T. ) ;
#1182 = DIRECTION ( 'NONE',  ( 0.000000000000000000, 0.7071067811865425767, -0.7071067811865525687 ) ) ;
#1183 = DIRECTION ( 'NONE',  ( 0.000000000000000000, 0.000000000000000000, -1.000000000000000000 ) ) ;
#1184 = EDGE_CURVE ( 'NONE', #2247, #1762, #1683, .T. ) ;
#1185 = EDGE_LOOP ( 'NONE', ( #3820, #3215 ) ) ;
#1186 = DIRECTION ( 'NONE',  ( 1.000000000000000000, -0.000000000000000000, -0.000000000000000000 ) ) ;
#1187 = EDGE_CURVE ( 'NONE', #1458, #612, #3306, .T. ) ;
#1188 = CARTESIAN_POINT ( 'NONE',  ( 74.28000000000000114, 13.91642406272619503, 0.000000000000000000 ) ) ;
#1189 = DIRECTION ( 'NONE',  ( 1.000000000000000000, 0.000000000000000000, 0.000000000000000000 ) ) ;
#1190 = CARTESIAN_POINT ( 'NONE',  ( 98.20000000000000284, -0.000000000000000000, -15.19999999999973639 ) ) ;
#1191 = DIRECTION ( 'NONE',  ( 0.000000000000000000, 1.000000000000000000, 3.102216994570522624E-16 ) ) ;
#1192 = EDGE_CURVE ( 'NONE', #1563, #268, #1664, .T. ) ;
#1193 = CARTESIAN_POINT ( 'NONE',  ( 13.95138730926081649, 25.31449095112959213, 1.156555121607236059 ) ) ;
#1194 = VERTEX_POINT ( 'NONE', #3681 ) ;
#1195 = CIRCLE ( 'NONE', #2776, 13.93804725562687175 ) ;
#1196 = CARTESIAN_POINT ( 'NONE',  ( 88.28353590778776550, -13.62953906530959536, 21.72579999401771644 ) ) ;
#1197 = ORIENTED_EDGE ( 'NONE', *, *, #2355, .T. ) ;
#1198 = CARTESIAN_POINT ( 'NONE',  ( 75.00000000000000000, 10.41642406272617905, 17.50000000000045119 ) ) ;
#1199 = DIRECTION ( 'NONE',  ( 1.000000000000000000, -0.000000000000000000, -0.000000000000000000 ) ) ;
#1200 = ORIENTED_EDGE ( 'NONE', *, *, #1054, .T. ) ;
#1201 = ORIENTED_EDGE ( 'NONE', *, *, #4228, .F. ) ;
#1202 = LINE ( 'NONE', #277, #2408 ) ;
#1203 = CARTESIAN_POINT ( 'NONE',  ( 99.80000000000001137, 0.000000000000000000, -24.99999999999992539 ) ) ;
#1204 = ORIENTED_EDGE ( 'NONE', *, *, #238, .F. ) ;
#1205 = LINE ( 'NONE', #3852, #4191 ) ;
#1206 = DIRECTION ( 'NONE',  ( -0.000000000000000000, 0.000000000000000000, 1.000000000000000000 ) ) ;
#1207 = CARTESIAN_POINT ( 'NONE',  ( 41.22104244709058207, 37.98626151272041795, 2.630922453392737559 ) ) ;
#1208 = CARTESIAN_POINT ( 'NONE',  ( 100.0000000000000000, -10.35533905932755516, -24.99999999999992895 ) ) ;
#1209 = EDGE_CURVE ( 'NONE', #264, #3741, #715, .T. ) ;
#1210 = VECTOR ( 'NONE', #1127, 999.9999999999998863 ) ;
#1211 = CARTESIAN_POINT ( 'NONE',  ( 100.0000000000000000, 4.187992942670204927E-15, -27.00000000000001066 ) ) ;
#1212 = DIRECTION ( 'NONE',  ( -0.08483904282824970833, 0.04898184421468704947, 0.9951899897754772351 ) ) ;
#1213 = ORIENTED_EDGE ( 'NONE', *, *, #2402, .F. ) ;
#1214 = ADVANCED_FACE ( 'NONE', ( #497 ), #3479, .T. ) ;
#1215 = EDGE_CURVE ( 'NONE', #642, #3959, #3060, .T. ) ;
#1216 = DIRECTION ( 'NONE',  ( 0.8660254037844381525, -0.5000000000000007772, 0.000000000000000000 ) ) ;
#1217 = DIRECTION ( 'NONE',  ( 0.000000000000000000, -1.000000000000000000, 0.000000000000000000 ) ) ;
#1218 = ORIENTED_EDGE ( 'NONE', *, *, #1794, .F. ) ;
#1219 = DIRECTION ( 'NONE',  ( 1.000000000000000000, 0.000000000000000000, 0.000000000000000000 ) ) ;
#1220 = CARTESIAN_POINT ( 'NONE',  ( 100.0000000000000000, -10.35533905932719634, 25.00000000000007105 ) ) ;
#1221 = AXIS2_PLACEMENT_3D ( 'NONE', #832, #169, #2149 ) ;
#1222 = EDGE_CURVE ( 'NONE', #3873, #1477, #3103, .T. ) ;
#1223 = VECTOR ( 'NONE', #3881, 1000.000000000000114 ) ;
#1224 = AXIS2_PLACEMENT_3D ( 'NONE', #1043, #2365, #660 ) ;
#1225 = ORIENTED_EDGE ( 'NONE', *, *, #2559, .F. ) ;
#1226 = AXIS2_PLACEMENT_3D ( 'NONE', #1381, #2020, #1339 ) ;
#1227 = VERTEX_POINT ( 'NONE', #128 ) ;
#1228 = CARTESIAN_POINT ( 'NONE',  ( 94.80000000000001137, -9.621037113853832423, -25.00000000000023093 ) ) ;
#1229 = DIRECTION ( 'NONE',  ( 0.000000000000000000, 0.000000000000000000, 1.000000000000000000 ) ) ;
#1230 = ORIENTED_EDGE ( 'NONE', *, *, #661, .F. ) ;
#1231 = CARTESIAN_POINT ( 'NONE',  ( 21.40356025445241883, 21.01197689517551837, -5.550415952646999607 ) ) ;
#1232 = CARTESIAN_POINT ( 'NONE',  ( 24.63723638288855611, 19.14501311195079225, -12.99935497757380887 ) ) ;
#1233 = CARTESIAN_POINT ( 'NONE',  ( 41.45173149449954053, 18.00000000000003553, 5.140239624478231129 ) ) ;
#1234 = FACE_OUTER_BOUND ( 'NONE', #1316, .T. ) ;
#1235 = DIRECTION ( 'NONE',  ( -1.000000000000000000, 0.000000000000000000, 0.000000000000000000 ) ) ;
#1236 = CARTESIAN_POINT ( 'NONE',  ( 20.59000595658376653, 21.48168268805029868, -15.09367653629054473 ) ) ;
#1237 = ORIENTED_EDGE ( 'NONE', *, *, #923, .T. ) ;
#1238 = AXIS2_PLACEMENT_3D ( 'NONE', #2723, #1425, #1956 ) ;
#1239 = DIRECTION ( 'NONE',  ( 1.000000000000000000, -0.000000000000000000, -0.000000000000000000 ) ) ;
#1240 = EDGE_LOOP ( 'NONE', ( #2999, #830, #3312, #1474 ) ) ;
#1241 = ADVANCED_FACE ( 'NONE', ( #774 ), #107, .F. ) ;
#1242 = ADVANCED_FACE ( 'NONE', ( #2152 ), #2398, .F. ) ;
#1243 = CARTESIAN_POINT ( 'NONE',  ( 20.68913269000221788, 21.42445184182727758, -13.93088721750014969 ) ) ;
#1244 = DIRECTION ( 'NONE',  ( 0.8660254037844377084, -0.5000000000000015543, 0.000000000000000000 ) ) ;
#1245 = EDGE_LOOP ( 'NONE', ( #3775, #1753 ) ) ;
#1246 = ORIENTED_EDGE ( 'NONE', *, *, #456, .F. ) ;
#1247 = EDGE_CURVE ( 'NONE', #3903, #1966, #3807, .T. ) ;
#1248 = FACE_OUTER_BOUND ( 'NONE', #1347, .T. ) ;
#1249 = VECTOR ( 'NONE', #3086, 1000.000000000000114 ) ;
#1250 = EDGE_LOOP ( 'NONE', ( #2427, #3176 ) ) ;
#1251 = LINE ( 'NONE', #2240, #2396 ) ;
#1252 = DIRECTION ( 'NONE',  ( 0.000000000000000000, 1.000000000000000000, -7.035828143685951913E-15 ) ) ;
#1253 = CARTESIAN_POINT ( 'NONE',  ( 99.80000000000001137, 0.000000000000000000, 24.99999999999992539 ) ) ;
#1254 = DIRECTION ( 'NONE',  ( 1.000000000000000000, 0.000000000000000000, 0.000000000000000000 ) ) ;
#1255 = ORIENTED_EDGE ( 'NONE', *, *, #103, .F. ) ;
#1256 = CARTESIAN_POINT ( 'NONE',  ( 27.92735012705465181, 17.24546505609210456, 1.531983828600284703 ) ) ;
#1257 = DIRECTION ( 'NONE',  ( 1.000000000000000000, -0.000000000000000000, -0.000000000000000000 ) ) ;
#1258 = ORIENTED_EDGE ( 'NONE', *, *, #483, .F. ) ;
#1259 = AXIS2_PLACEMENT_3D ( 'NONE', #977, #29, #1645 ) ;
#1260 = CARTESIAN_POINT ( 'NONE',  ( 99.80000000000001137, -10.35533905932725673, -25.00000000000023093 ) ) ;
#1261 = ORIENTED_EDGE ( 'NONE', *, *, #3520, .F. ) ;
#1262 = CYLINDRICAL_SURFACE ( 'NONE', #3220, 1.700000000000000178 ) ;
#1263 = VECTOR ( 'NONE', #676, 1000.000000000000000 ) ;
#1264 = DIRECTION ( 'NONE',  ( -0.8660254037844380415, 0.5000000000000009992, 0.000000000000000000 ) ) ;
#1265 = EDGE_CURVE ( 'NONE', #2840, #4240, #3761, .T. ) ;
#1266 = VECTOR ( 'NONE', #1889, 999.9999999999998863 ) ;
#1267 = DIRECTION ( 'NONE',  ( -0.4390165164802755648, -0.6353205876789733697, 0.6353205876789825846 ) ) ;
#1268 = ORIENTED_EDGE ( 'NONE', *, *, #295, .F. ) ;
#1269 = LINE ( 'NONE', #4163, #1266 ) ;
#1270 = PERSON_AND_ORGANIZATION ( #3131, #534 ) ;
#1271 = ADVANCED_FACE ( 'NONE', ( #1166 ), #2065, .F. ) ;
#1272 = CYLINDRICAL_SURFACE ( 'NONE', #3811, 14.00000000000035172 ) ;
#1273 = EDGE_LOOP ( 'NONE', ( #2864, #2596, #756, #3068 ) ) ;
#1274 = DIRECTION ( 'NONE',  ( 0.5000000000000009992, 0.8660254037844382635, -5.939693181744591436E-15 ) ) ;
#1275 = CARTESIAN_POINT ( 'NONE',  ( 99.80000000000001137, 0.000000000000000000, -15.19999999999973639 ) ) ;
#1276 = DIRECTION ( 'NONE',  ( 0.8660254037844381525, -0.5000000000000008882, 0.000000000000000000 ) ) ;
#1277 = LINE ( 'NONE', #2594, #833 ) ;
#1278 = EDGE_CURVE ( 'NONE', #1699, #3893, #1422, .T. ) ;
#1279 = VERTEX_POINT ( 'NONE', #1122 ) ;
#1280 = LINE ( 'NONE', #3530, #3956 ) ;
#1281 = DIRECTION ( 'NONE',  ( -0.4390165164802394271, -0.6353205876789860262, 0.6353205876789950191 ) ) ;
#1282 = ORIENTED_EDGE ( 'NONE', *, *, #1479, .F. ) ;
#1283 = CARTESIAN_POINT ( 'NONE',  ( 36.30095548418310614, 17.99999999999996092, -5.200914422068110277 ) ) ;
#1284 = VERTEX_POINT ( 'NONE', #474 ) ;
#1285 = DIRECTION ( 'NONE',  ( 1.000000000000000000, 0.000000000000000000, 0.000000000000000000 ) ) ;
#1286 =( BOUNDED_CURVE ( )  B_SPLINE_CURVE ( 3, ( #687, #1696, #38, #1616 ),
 .UNSPECIFIED., .F., .F. ) 
 B_SPLINE_CURVE_WITH_KNOTS ( ( 4, 4 ),
 ( 5.612069368952032455, 6.954301245407136456 ),
 .UNSPECIFIED. ) 
 CURVE ( )  GEOMETRIC_REPRESENTATION_ITEM ( )  RATIONAL_B_SPLINE_CURVE ( ( 1.000000000000000000, 0.8554187973129049327, 0.8554187973129049327, 1.000000000000000000 ) ) 
 REPRESENTATION_ITEM ( '' )  );
#1287 = ORIENTED_EDGE ( 'NONE', *, *, #1297, .T. ) ;
#1288 = CARTESIAN_POINT ( 'NONE',  ( 74.28000000000000114, 13.91642406272619858, -13.55544171172615187 ) ) ;
#1289 = CIRCLE ( 'NONE', #4115, 1.999999999999998668 ) ;
#1290 = APPLICATION_PROTOCOL_DEFINITION ( 'international standard', 'config_control_design', 1994, #2048 ) ;
#1291 = AXIS2_PLACEMENT_3D ( 'NONE', #4267, #2230, #1562 ) ;
#1292 = CARTESIAN_POINT ( 'NONE',  ( 26.74345416553767762, 21.39308932330411395, -12.99935497757382663 ) ) ;
#1293 = APPROVAL_PERSON_ORGANIZATION ( #3649, #316, #4014 ) ;
#1294 = ORIENTED_EDGE ( 'NONE', *, *, #1525, .F. ) ;
#1295 = DIRECTION ( 'NONE',  ( 0.8660254037844378194, -0.5000000000000014433, 0.000000000000000000 ) ) ;
#1296 = CARTESIAN_POINT ( 'NONE',  ( 94.80000000000001137, 0.000000000000000000, 17.70169356637232738 ) ) ;
#1297 = EDGE_CURVE ( 'NONE', #2824, #1477, #2782, .T. ) ;
#1298 = ADVANCED_FACE ( 'NONE', ( #835 ), #1145, .F. ) ;
#1299 = DIRECTION ( 'NONE',  ( -0.5000000000000009992, -0.8660254037844380415, 5.884182030513328875E-15 ) ) ;
#1300 = CARTESIAN_POINT ( 'NONE',  ( 36.30095548418310614, 18.41642406280399769, -3.585338233608448277 ) ) ;
#1301 = ORIENTED_EDGE ( 'NONE', *, *, #1172, .T. ) ;
#1302 = DIRECTION ( 'NONE',  ( -1.000000000000000000, -0.000000000000000000, -0.000000000000000000 ) ) ;
#1303 = CARTESIAN_POINT ( 'NONE',  ( 99.80000000000001137, 0.000000000000000000, 0.000000000000000000 ) ) ;
#1304 = ADVANCED_FACE ( 'NONE', ( #2760 ), #2087, .F. ) ;
#1305 = CARTESIAN_POINT ( 'NONE',  ( 86.30909879773604132, -16.46125325468709377, -18.89408580464029797 ) ) ;
#1306 = DIRECTION ( 'NONE',  ( -0.8618598127375336482, 0.4975949948877360640, -0.09796368842942401733 ) ) ;
#1307 = ORIENTED_EDGE ( 'NONE', *, *, #841, .F. ) ;
#1308 = VECTOR ( 'NONE', #3754, 1000.000000000000227 ) ;
#1309 = FACE_OUTER_BOUND ( 'NONE', #720, .T. ) ;
#1310 = DIRECTION ( 'NONE',  ( -0.4390165164802605768, -0.6353205876789878026, -0.6353205876789786988 ) ) ;
#1311 = VECTOR ( 'NONE', #2682, 1000.000000000000114 ) ;
#1312 = EDGE_LOOP ( 'NONE', ( #2451, #2093, #2228, #2086 ) ) ;
#1313 = CARTESIAN_POINT ( 'NONE',  ( 41.45173149449954053, 18.00000000000003553, 5.140239624478231129 ) ) ;
#1314 = PERSON_AND_ORGANIZATION ( #3131, #534 ) ;
#1315 = DIRECTION ( 'NONE',  ( 0.000000000000000000, 0.000000000000000000, -1.000000000000000000 ) ) ;
#1316 = EDGE_LOOP ( 'NONE', ( #3588, #3970, #2932, #177 ) ) ;
#1317 = PLANE ( 'NONE',  #2607 ) ;
#1318 = DIRECTION ( 'NONE',  ( -0.5000000000000009992, -0.8660254037844381525, 5.939693181744591436E-15 ) ) ;
#1319 = DIRECTION ( 'NONE',  ( -0.5000000000000009992, -0.8660254037844382635, 5.939693181744591436E-15 ) ) ;
#1320 = EDGE_CURVE ( 'NONE', #4140, #560, #2461, .T. ) ;
#1321 = EDGE_LOOP ( 'NONE', ( #2656, #2092, #165, #2755 ) ) ;
#1322 = DIRECTION ( 'NONE',  ( 0.000000000000000000, 0.000000000000000000, 1.000000000000000000 ) ) ;
#1323 = CARTESIAN_POINT ( 'NONE',  ( 27.30580657790643073, 17.60431339150595775, 8.822894919786168799 ) ) ;
#1324 = CARTESIAN_POINT ( 'NONE',  ( 96.56274360871933027, -27.00000000000001066, 4.107015509994943329E-14 ) ) ;
#1325 = EDGE_CURVE ( 'NONE', #4056, #3419, #1763, .T. ) ;
#1326 = CARTESIAN_POINT ( 'NONE',  ( 99.80000000000001137, -11.89726821137925228, 20.38248969043705117 ) ) ;
#1327 = ORIENTED_EDGE ( 'NONE', *, *, #3917, .F. ) ;
#1328 = VECTOR ( 'NONE', #2907, 1000.000000000000114 ) ;
#1329 = AXIS2_PLACEMENT_3D ( 'NONE', #4241, #2855, #3901 ) ;
#1330 = CARTESIAN_POINT ( 'NONE',  ( 85.17325600902707095, -15.80547411486879206, -5.570274790300467238 ) ) ;
#1331 = CARTESIAN_POINT ( 'NONE',  ( 82.52422311930493493, -17.74015587803320315, 7.908260464847825411 ) ) ;
#1332 = AXIS2_PLACEMENT_3D ( 'NONE', #434, #1424, #3061 ) ;
#1333 = VERTEX_POINT ( 'NONE', #752 ) ;
#1334 = DIRECTION ( 'NONE',  ( 1.000000000000000000, 0.000000000000000000, -0.000000000000000000 ) ) ;
#1335 = VECTOR ( 'NONE', #1915, 1000.000000000000000 ) ;
#1336 = PLANE ( 'NONE',  #3347 ) ;
#1337 = ORIENTED_EDGE ( 'NONE', *, *, #3751, .T. ) ;
#1338 = EDGE_LOOP ( 'NONE', ( #2553, #3489, #1547, #3925 ) ) ;
#1339 = DIRECTION ( 'NONE',  ( 0.8660254037844381525, -0.5000000000000007772, 0.000000000000000000 ) ) ;
#1340 = CARTESIAN_POINT ( 'NONE',  ( 100.0000000000000000, -1.800836965348189838E-13, -25.00000000000000355 ) ) ;
#1341 = PLANE ( 'NONE',  #460 ) ;
#1342 = ORIENTED_EDGE ( 'NONE', *, *, #4015, .F. ) ;
#1343 = DIRECTION ( 'NONE',  ( 0.7745966692414824051, -0.4472135954999555407, 0.4472135954999619245 ) ) ;
#1344 = LINE ( 'NONE', #3986, #2299 ) ;
#1345 = CC_DESIGN_DATE_AND_TIME_ASSIGNMENT ( #1718, #2671, ( #2794 ) ) ;
#1346 = DIRECTION ( 'NONE',  ( -1.000000000000000000, 0.000000000000000000, -0.000000000000000000 ) ) ;
#1347 = EDGE_LOOP ( 'NONE', ( #3166, #2817, #3135, #4012, #2069, #1004, #1141, #598 ) ) ;
#1348 = AXIS2_PLACEMENT_3D ( 'NONE', #2159, #522, #1173 ) ;
#1349 = EDGE_CURVE ( 'NONE', #2474, #4056, #3411, .T. ) ;
#1350 = EDGE_CURVE ( 'NONE', #119, #3066, #2328, .T. ) ;
#1351 = ORIENTED_EDGE ( 'NONE', *, *, #685, .F. ) ;
#1352 = CARTESIAN_POINT ( 'NONE',  ( 100.0000000000000000, 24.99999999999992539, -10.35533905932756227 ) ) ;
#1353 = EDGE_CURVE ( 'NONE', #1953, #2937, #2503, .T. ) ;
#1354 = DATE_AND_TIME ( #1046, #1497 ) ;
#1355 = CARTESIAN_POINT ( 'NONE',  ( 95.20000000000000284, 6.916424062726162170, 17.69202858510344356 ) ) ;
#1356 = ORIENTED_EDGE ( 'NONE', *, *, #2487, .T. ) ;
#1357 = EDGE_LOOP ( 'NONE', ( #2498, #180, #380, #2059 ) ) ;
#1358 = FACE_OUTER_BOUND ( 'NONE', #2711, .T. ) ;
#1359 = FACE_OUTER_BOUND ( 'NONE', #2813, .T. ) ;
#1360 = CARTESIAN_POINT ( 'NONE',  ( 94.80000000000001137, 0.000000000000000000, 24.99999999999992539 ) ) ;
#1361 = AXIS2_PLACEMENT_3D ( 'NONE', #454, #3084, #1447 ) ;
#1362 = AXIS2_PLACEMENT_3D ( 'NONE', #144, #2714, #2392 ) ;
#1363 = VECTOR ( 'NONE', #312, 1000.000000000000000 ) ;
#1364 = ORIENTED_EDGE ( 'NONE', *, *, #1845, .T. ) ;
#1365 = CARTESIAN_POINT ( 'NONE',  ( 82.94636433865939296, -14.51977760952589946, -9.952055505674888281 ) ) ;
#1366 = CARTESIAN_POINT ( 'NONE',  ( 83.84014655601031052, -11.57170139817258026, -9.952055505674906044 ) ) ;
#1367 = DIRECTION ( 'NONE',  ( 0.8660254037844377084, -0.5000000000000015543, 0.000000000000000000 ) ) ;
#1368 = ORIENTED_EDGE ( 'NONE', *, *, #1320, .F. ) ;
#1369 = DIRECTION ( 'NONE',  ( -1.000000000000000000, -0.000000000000000000, -0.000000000000000000 ) ) ;
#1370 = EDGE_CURVE ( 'NONE', #1194, #2824, #856, .T. ) ;
#1371 = EDGE_CURVE ( 'NONE', #2797, #2024, #4055, .T. ) ;
#1372 = AXIS2_PLACEMENT_3D ( 'NONE', #1112, #3733, #1414 ) ;
#1373 = VECTOR ( 'NONE', #2528, 999.9999999999998863 ) ;
#1374 = ORIENTED_EDGE ( 'NONE', *, *, #1736, .F. ) ;
#1375 = CARTESIAN_POINT ( 'NONE',  ( 81.44739049300777367, -17.11844627136846952, -9.952055505674790581 ) ) ;
#1376 = DATE_AND_TIME ( #3337, #2465 ) ;
#1377 = CARTESIAN_POINT ( 'NONE',  ( 25.58773977040421954, 22.06034134044091743, 13.29499771888639259 ) ) ;
#1378 = DIRECTION ( 'NONE',  ( -1.000000000000000000, -0.000000000000000000, -0.000000000000000000 ) ) ;
#1379 = EDGE_CURVE ( 'NONE', #3712, #1803, #1205, .T. ) ;
#1380 = ORIENTED_EDGE ( 'NONE', *, *, #3814, .T. ) ;
#1381 = CARTESIAN_POINT ( 'NONE',  ( 23.13826253723693327, 16.54634445010822574, -12.99935497757371117 ) ) ;
#1382 = DIRECTION ( 'NONE',  ( 0.000000000000000000, 0.000000000000000000, -1.000000000000000000 ) ) ;
#1383 = CARTESIAN_POINT ( 'NONE',  ( 100.0000000000000000, 4.187992942670204927E-15, -27.00000000000001066 ) ) ;
#1384 = VERTEX_POINT ( 'NONE', #3502 ) ;
#1385 = CARTESIAN_POINT ( 'NONE',  ( 95.20000000000000284, 0.000000000000000000, 0.000000000000000000 ) ) ;
#1386 = LINE ( 'NONE', #1059, #1467 ) ;
#1387 = VECTOR ( 'NONE', #196, 1000.000000000000000 ) ;
#1388 = FACE_OUTER_BOUND ( 'NONE', #2759, .T. ) ;
#1389 = ORIENTED_EDGE ( 'NONE', *, *, #2768, .F. ) ;
#1390 = ORIENTED_EDGE ( 'NONE', *, *, #1613, .T. ) ;
#1391 = AXIS2_PLACEMENT_3D ( 'NONE', #3598, #3263, #2290 ) ;
#1392 = DIRECTION ( 'NONE',  ( 1.000000000000000000, -0.000000000000000000, 0.000000000000000000 ) ) ;
#1393 = ORIENTED_EDGE ( 'NONE', *, *, #3221, .T. ) ;
#1394 = CARTESIAN_POINT ( 'NONE',  ( 94.80000000000001137, -11.89726821137925228, -19.68248969043735386 ) ) ;
#1395 = PERSON_AND_ORGANIZATION ( #3131, #534 ) ;
#1396 = ADVANCED_FACE ( 'NONE', ( #2825 ), #2221, .F. ) ;
#1397 = VERTEX_POINT ( 'NONE', #2173 ) ;
#1398 = EDGE_LOOP ( 'NONE', ( #674, #805, #3059, #2120 ) ) ;
#1399 = DIRECTION ( 'NONE',  ( -1.000000000000000000, 0.000000000000000000, -0.000000000000000000 ) ) ;
#1400 = FACE_OUTER_BOUND ( 'NONE', #155, .T. ) ;
#1401 = CARTESIAN_POINT ( 'NONE',  ( 87.44934295108997446, -21.73837567708459062, 27.00000000000000355 ) ) ;
#1402 = AXIS2_PLACEMENT_3D ( 'NONE', #3762, #2107, #3435 ) ;
#1403 = ADVANCED_FACE ( 'NONE', ( #2198 ), #1892, .F. ) ;
#1404 = EDGE_CURVE ( 'NONE', #2675, #2519, #3914, .T. ) ;
#1405 = ORIENTED_EDGE ( 'NONE', *, *, #79, .F. ) ;
#1406 = CARTESIAN_POINT ( 'NONE',  ( 79.27100968557279259, -12.39781061119900585, -8.958563339424282290 ) ) ;
#1407 = DIRECTION ( 'NONE',  ( 1.000000000000000000, -0.000000000000000000, 0.000000000000000000 ) ) ;
#1408 = DIRECTION ( 'NONE',  ( -1.000000000000000000, -0.000000000000000000, -0.000000000000000000 ) ) ;
#1409 = EDGE_CURVE ( 'NONE', #3098, #1048, #1552, .T. ) ;
#1410 = DIRECTION ( 'NONE',  ( 1.000000000000000000, -0.000000000000000000, 0.000000000000000000 ) ) ;
#1411 = EDGE_LOOP ( 'NONE', ( #4113, #781, #547, #3227, #3662, #1881 ) ) ;
#1412 = ORIENTED_EDGE ( 'NONE', *, *, #3011, .F. ) ;
#1413 = VERTEX_POINT ( 'NONE', #540 ) ;
#1414 = DIRECTION ( 'NONE',  ( 0.000000000000000000, 0.000000000000000000, -1.000000000000000000 ) ) ;
#1415 = ORIENTED_EDGE ( 'NONE', *, *, #685, .T. ) ;
#1416 = VERTEX_POINT ( 'NONE', #1872 ) ;
#1417 = DIRECTION ( 'NONE',  ( 1.000000000000000000, -0.000000000000000000, 0.000000000000000000 ) ) ;
#1418 = LINE ( 'NONE', #3758, #3688 ) ;
#1419 = LINE ( 'NONE', #2736, #3920 ) ;
#1420 = EDGE_CURVE ( 'NONE', #847, #2460, #1908, .T. ) ;
#1421 = VERTEX_POINT ( 'NONE', #256 ) ;
#1422 = LINE ( 'NONE', #3126, #911 ) ;
#1423 = EDGE_CURVE ( 'NONE', #1477, #2411, #1529, .T. ) ;
#1424 = DIRECTION ( 'NONE',  ( 1.000000000000000000, 0.000000000000000000, -0.000000000000000000 ) ) ;
#1425 = DIRECTION ( 'NONE',  ( 0.3855336798598965609, -0.2225879738487727411, 0.8954431168932982521 ) ) ;
#1426 = VECTOR ( 'NONE', #125, 1000.000000000000000 ) ;
#1427 = VECTOR ( 'NONE', #655, 1000.000000000000000 ) ;
#1428 = AXIS2_PLACEMENT_3D ( 'NONE', #2248, #3878, #286 ) ;
#1429 = CIRCLE ( 'NONE', #1226, 1.999999999999998668 ) ;
#1430 = EDGE_CURVE ( 'NONE', #557, #493, #1251, .T. ) ;
#1431 = DIRECTION ( 'NONE',  ( 1.000000000000000000, 0.000000000000000000, 0.000000000000000000 ) ) ;
#1432 = ORIENTED_EDGE ( 'NONE', *, *, #3137, .F. ) ;
#1433 = ORIENTED_EDGE ( 'NONE', *, *, #1794, .T. ) ;
#1434 = ORIENTED_EDGE ( 'NONE', *, *, #456, .T. ) ;
#1435 = ORIENTED_EDGE ( 'NONE', *, *, #2643, .T. ) ;
#1436 = DIRECTION ( 'NONE',  ( -0.000000000000000000, 1.000000000000000000, -7.370867579099568370E-15 ) ) ;
#1438 = ORIENTED_EDGE ( 'NONE', *, *, #2881, .F. ) ;
#1437 = CIRCLE ( 'NONE', #3443, 0.7000000000000027311 ) ;
#1439 = ORIENTED_EDGE ( 'NONE', *, *, #209, .F. ) ;
#1440 = DIRECTION ( 'NONE',  ( -0.4390165164802602438, -0.6353205876789878026, -0.6353205876789786988 ) ) ;
#1441 = CARTESIAN_POINT ( 'NONE',  ( 81.94739049300777367, -16.25242086758402849, -9.952055505674795910 ) ) ;
#1442 = AXIS2_PLACEMENT_3D ( 'NONE', #435, #1748, #3062 ) ;
#1443 = CARTESIAN_POINT ( 'NONE',  ( 94.00000000000000000, 10.41642406272617905, 15.80000000000045191 ) ) ;
#1444 = EDGE_LOOP ( 'NONE', ( #937, #4139, #39, #3801 ) ) ;
#1445 = DIRECTION ( 'NONE',  ( -1.000000000000000000, -0.000000000000000000, -0.000000000000000000 ) ) ;
#1446 = DIRECTION ( 'NONE',  ( 0.000000000000000000, 0.000000000000000000, -1.000000000000000000 ) ) ;
#1447 = DIRECTION ( 'NONE',  ( 0.8660254037844372643, -0.5000000000000023315, 0.000000000000000000 ) ) ;
#1448 = DIRECTION ( 'NONE',  ( -1.000000000000000000, -0.000000000000000000, -0.000000000000000000 ) ) ;
#1449 = EDGE_CURVE ( 'NONE', #1966, #3599, #880, .T. ) ;
#1450 = ADVANCED_FACE ( 'NONE', ( #3526 ), #606, .F. ) ;
#1451 = CARTESIAN_POINT ( 'NONE',  ( 95.20000000000000284, 6.916424062726162170, -17.72822118346029541 ) ) ;
#1452 = DIRECTION ( 'NONE',  ( 1.000000000000000000, 0.000000000000000000, 0.000000000000000000 ) ) ;
#1453 = VERTEX_POINT ( 'NONE', #1917 ) ;
#1454 = ORIENTED_EDGE ( 'NONE', *, *, #3926, .T. ) ;
#1455 = ORIENTED_EDGE ( 'NONE', *, *, #2405, .F. ) ;
#1456 = ORIENTED_EDGE ( 'NONE', *, *, #929, .F. ) ;
#1457 = CARTESIAN_POINT ( 'NONE',  ( 83.67325600902722726, -18.40355032622210629, 5.414747533009935943 ) ) ;
#1458 = VERTEX_POINT ( 'NONE', #192 ) ;
#1459 = EDGE_LOOP ( 'NONE', ( #2943, #353 ) ) ;
#1460 = CARTESIAN_POINT ( 'NONE',  ( 82.94636433865940717, -14.51977760952575203, 12.47441327564049374 ) ) ;
#1461 = CARTESIAN_POINT ( 'NONE',  ( 98.20000000000000284, 0.000000000000000000, -17.72822118346030607 ) ) ;
#1462 = VECTOR ( 'NONE', #2136, 1000.000000000000227 ) ;
#1463 = LINE ( 'NONE', #2779, #2530 ) ;
#1464 = CIRCLE ( 'NONE', #4088, 0.7000000000000051736 ) ;
#1465 = ORIENTED_EDGE ( 'NONE', *, *, #2822, .F. ) ;
#1466 = DIRECTION ( 'NONE',  ( 0.08483904282830187493, -0.04898184421471717120, -0.9951899897754713509 ) ) ;
#1467 = VECTOR ( 'NONE', #3682, 999.9999999999998863 ) ;
#1468 = FACE_OUTER_BOUND ( 'NONE', #2094, .T. ) ;
#1469 = CARTESIAN_POINT ( 'NONE',  ( 100.0000000000000000, 10.35533905932754628, 24.99999999999992539 ) ) ;
#1470 = CARTESIAN_POINT ( 'NONE',  ( 94.80000000000001137, 0.000000000000000000, 0.000000000000000000 ) ) ;
#1471 = CARTESIAN_POINT ( 'NONE',  ( 66.69170411071502258, -9.753947304852912836, 47.93771348892649087 ) ) ;
#1472 = VECTOR ( 'NONE', #2500, 1000.000000000000000 ) ;
#1473 = CARTESIAN_POINT ( 'NONE',  ( 80.21533968543889159, -15.25242086758387750, 12.47441327564058255 ) ) ;
#1474 = ORIENTED_EDGE ( 'NONE', *, *, #2534, .F. ) ;
#1475 = ORIENTED_EDGE ( 'NONE', *, *, #156, .F. ) ;
#1476 = VERTEX_POINT ( 'NONE', #2870 ) ;
#1477 = VERTEX_POINT ( 'NONE', #4190 ) ;
#1478 = ORIENTED_EDGE ( 'NONE', *, *, #2454, .F. ) ;
#1479 = EDGE_CURVE ( 'NONE', #766, #205, #949, .T. ) ;
#1480 = EDGE_CURVE ( 'NONE', #1674, #1572, #3894, .T. ) ;
#1481 = LINE ( 'NONE', #1158, #1647 ) ;
#1482 = ORIENTED_EDGE ( 'NONE', *, *, #1972, .F. ) ;
#1483 = ORIENTED_EDGE ( 'NONE', *, *, #2722, .F. ) ;
#1484 = EDGE_CURVE ( 'NONE', #1775, #2584, #673, .T. ) ;
#1485 = DIRECTION ( 'NONE',  ( -0.4390165164802893871, -0.6353205876789779216, -0.6353205876789684847 ) ) ;
#1486 = CARTESIAN_POINT ( 'NONE',  ( 85.17325600902707095, -15.80547411486879206, -5.570274790300467238 ) ) ;
#1487 = ORIENTED_EDGE ( 'NONE', *, *, #3576, .T. ) ;
#1488 = CARTESIAN_POINT ( 'NONE',  ( 33.00000000000000000, 18.41642406280399769, 0.01990683042765901967 ) ) ;
#1489 = DIRECTION ( 'NONE',  ( -0.5000000000000008882, -0.8660254037844381525, 5.939693181744590647E-15 ) ) ;
#1490 = CARTESIAN_POINT ( 'NONE',  ( 41.45173149449954053, 17.99999999999997158, -3.561207936188247825 ) ) ;
#1491 = LINE ( 'NONE', #2828, #1462 ) ;
#1492 = LINE ( 'NONE', #3791, #1387 ) ;
#1493 = DIRECTION ( 'NONE',  ( 1.000000000000000000, -0.000000000000000000, -0.000000000000000000 ) ) ;
#1494 = ORIENTED_EDGE ( 'NONE', *, *, #559, .T. ) ;
#1495 = VECTOR ( 'NONE', #471, 1000.000000000000000 ) ;
#1496 = VECTOR ( 'NONE', #2740, 1000.000000000000000 ) ;
#1497 = LOCAL_TIME ( 14, 45, 9.000000000000000000, #3276 ) ;
#1498 = VERTEX_POINT ( 'NONE', #2001 ) ;
#1499 = ORIENTED_EDGE ( 'NONE', *, *, #1320, .T. ) ;
#1500 = CARTESIAN_POINT ( 'NONE',  ( 12.94934295108998690, 22.42891991592170342, -1.552500455496818185E-13 ) ) ;
#1501 = ADVANCED_FACE ( 'NONE', ( #1358 ), #1317, .T. ) ;
#1502 = ADVANCED_FACE ( 'NONE', ( #386, #648 ), #971, .T. ) ;
#1503 = VERTEX_POINT ( 'NONE', #709 ) ;
#1504 = ORIENTED_EDGE ( 'NONE', *, *, #1972, .T. ) ;
#1505 = CARTESIAN_POINT ( 'NONE',  ( 94.80000000000001137, -11.89726821137925228, -20.38248969043735670 ) ) ;
#1506 = DIRECTION ( 'NONE',  ( 0.000000000000000000, 0.000000000000000000, -1.000000000000000000 ) ) ;
#1507 = ADVANCED_FACE ( 'NONE', ( #3981 ), #64, .T. ) ;
#1508 = ORIENTED_EDGE ( 'NONE', *, *, #4198, .F. ) ;
#1509 = VERTEX_POINT ( 'NONE', #1033 ) ;
#1510 = CARTESIAN_POINT ( 'NONE',  ( 26.74345416553767762, 21.39308932330429158, 12.99935497757353708 ) ) ;
#1511 = AXIS2_PLACEMENT_3D ( 'NONE', #1654, #2653, #3313 ) ;
#1512 = CARTESIAN_POINT ( 'NONE',  ( 94.80000000000001137, -11.89726821137925228, 21.08248969043705401 ) ) ;
#1513 = AXIS2_PLACEMENT_3D ( 'NONE', #4010, #1410, #2724 ) ;
#1514 = CARTESIAN_POINT ( 'NONE',  ( 75.00000000000000000, 6.916424062726162170, 0.000000000000000000 ) ) ;
#1515 = DIRECTION ( 'NONE',  ( -0.4390165164802949938, -0.6353205876789759232, -0.6353205876789664863 ) ) ;
#1516 = CARTESIAN_POINT ( 'NONE',  ( 100.0000000000000000, 19.09188309203679168, -19.09188309203679168 ) ) ;
#1517 = CARTESIAN_POINT ( 'NONE',  ( 75.00000000000000000, 6.916424062726162170, -13.55544171172616608 ) ) ;
#1518 = ORIENTED_EDGE ( 'NONE', *, *, #923, .F. ) ;
#1519 = ORIENTED_EDGE ( 'NONE', *, *, #1955, .T. ) ;
#1520 = DIRECTION ( 'NONE',  ( -1.000000000000000000, -0.000000000000000000, -0.000000000000000000 ) ) ;
#1521 = CARTESIAN_POINT ( 'NONE',  ( 12.94934295108998690, 22.42891991592170342, -1.552500455496818185E-13 ) ) ;
#1522 = ORIENTED_EDGE ( 'NONE', *, *, #1986, .T. ) ;
#1523 = VERTEX_POINT ( 'NONE', #2287 ) ;
#1524 = CARTESIAN_POINT ( 'NONE',  ( 100.0000000000000000, 17.67766952966355731, -17.67766952966382021 ) ) ;
#1525 = EDGE_CURVE ( 'NONE', #4126, #2024, #3016, .T. ) ;
#1526 = CARTESIAN_POINT ( 'NONE',  ( 81.94739049300777367, -16.25242086758387572, 12.47441327564058255 ) ) ;
#1527 = CIRCLE ( 'NONE', #1042, 11.50000000000000000 ) ;
#1528 = EDGE_LOOP ( 'NONE', ( #947, #786, #70, #740 ) ) ;
#1529 = LINE ( 'NONE', #3567, #184 ) ;
#1530 = VECTOR ( 'NONE', #2226, 1000.000000000000000 ) ;
#1531 = FACE_OUTER_BOUND ( 'NONE', #4094, .T. ) ;
#1532 = EDGE_CURVE ( 'NONE', #1110, #4118, #1977, .T. ) ;
#1533 = EDGE_CURVE ( 'NONE', #1503, #3609, #2462, .T. ) ;
#1534 = CARTESIAN_POINT ( 'NONE',  ( 94.00000000000000000, 10.41642406272618260, -19.20000000000013429 ) ) ;
#1535 = FACE_OUTER_BOUND ( 'NONE', #3802, .T. ) ;
#1536 = CARTESIAN_POINT ( 'NONE',  ( 20.29567050253834282, 18.18751572653782489, 0.8350236694110336755 ) ) ;
#1537 = AXIS2_PLACEMENT_3D ( 'NONE', #1052, #1984, #972 ) ;
#1538 = DIRECTION ( 'NONE',  ( 0.5000000000000004441, 0.8660254037844382635, 0.000000000000000000 ) ) ;
#1539 = FACE_OUTER_BOUND ( 'NONE', #1776, .T. ) ;
#1540 = ORIENTED_EDGE ( 'NONE', *, *, #1533, .T. ) ;
#1541 = EDGE_CURVE ( 'NONE', #1413, #2367, #3655, .T. ) ;
#1542 = VECTOR ( 'NONE', #447, 1000.000000000000000 ) ;
#1543 = DIRECTION ( 'NONE',  ( 0.000000000000000000, 0.000000000000000000, -1.000000000000000000 ) ) ;
#1544 = ORIENTED_EDGE ( 'NONE', *, *, #2162, .T. ) ;
#1545 = FACE_OUTER_BOUND ( 'NONE', #3980, .T. ) ;
#1546 = DIRECTION ( 'NONE',  ( 0.5000000000000008882, 0.8660254037844380415, -6.015486620121120985E-15 ) ) ;
#1547 = ORIENTED_EDGE ( 'NONE', *, *, #378, .F. ) ;
#1548 = ORIENTED_EDGE ( 'NONE', *, *, #294, .T. ) ;
#1549 = LINE ( 'NONE', #578, #1472 ) ;
#1550 = DIRECTION ( 'NONE',  ( 0.08483904282827985088, -0.04898184421469093525, 0.9951899897754744595 ) ) ;
#1551 = ORIENTED_EDGE ( 'NONE', *, *, #3707, .F. ) ;
#1552 = LINE ( 'NONE', #3595, #3357 ) ;
#1553 = CARTESIAN_POINT ( 'NONE',  ( 18.59000595658375588, 18.01758107291254518, -15.09367653629052342 ) ) ;
#1554 = DIRECTION ( 'NONE',  ( 0.8660254037844380415, -0.5000000000000009992, 0.000000000000000000 ) ) ;
#1555 = CARTESIAN_POINT ( 'NONE',  ( 75.00000000000000000, 13.91642406272619681, 13.55544171172647161 ) ) ;
#1556 = EDGE_CURVE ( 'NONE', #2304, #1069, #1619, .T. ) ;
#1557 = EDGE_CURVE ( 'NONE', #2332, #3471, #1429, .T. ) ;
#1558 = DIRECTION ( 'NONE',  ( -0.5000000000000009992, -0.8660254037844381525, 5.939693181744589858E-15 ) ) ;
#1559 = CARTESIAN_POINT ( 'NONE',  ( 21.90621172966805830, 18.41236985389284797, 12.99935497757364367 ) ) ;
#1560 = VERTEX_POINT ( 'NONE', #3615 ) ;
#1561 = EDGE_CURVE ( 'NONE', #2050, #2540, #2374, .T. ) ;
#1562 = DIRECTION ( 'NONE',  ( 0.5000000000000005551, 0.8660254037844382635, 0.000000000000000000 ) ) ;
#1563 = VERTEX_POINT ( 'NONE', #41 ) ;
#1564 = CARTESIAN_POINT ( 'NONE',  ( 26.55561922388630336, 13.41863210877504997, -1.603396321841469518 ) ) ;
#1565 = CARTESIAN_POINT ( 'NONE',  ( 81.44739049300777367, -17.11844627136831676, 12.47441327564058788 ) ) ;
#1566 = VECTOR ( 'NONE', #3038, 1000.000000000000114 ) ;
#1567 = AXIS2_PLACEMENT_3D ( 'NONE', #3024, #1021, #2341 ) ;
#1568 = AXIS2_PLACEMENT_3D ( 'NONE', #1580, #1602, #1191 ) ;
#1569 = ORIENTED_EDGE ( 'NONE', *, *, #3353, .T. ) ;
#1570 = ORIENTED_EDGE ( 'NONE', *, *, #6, .F. ) ;
#1571 = CARTESIAN_POINT ( 'NONE',  ( 94.80000000000001137, -9.621037113853832423, 0.000000000000000000 ) ) ;
#1572 = VERTEX_POINT ( 'NONE', #3341 ) ;
#1573 = DIRECTION ( 'NONE',  ( -0.5000000000000009992, -0.8660254037844380415, 5.974264125907593365E-15 ) ) ;
#1574 = LINE ( 'NONE', #1918, #3748 ) ;
#1575 = LINE ( 'NONE', #3238, #3987 ) ;
#1576 = CARTESIAN_POINT ( 'NONE',  ( 21.79567050253834637, 20.78559193789114090, 0.8350236694110159119 ) ) ;
#1577 = AXIS2_PLACEMENT_3D ( 'NONE', #2993, #2669, #381 ) ;
#1578 = VECTOR ( 'NONE', #843, 1000.000000000000000 ) ;
#1579 = VERTEX_POINT ( 'NONE', #1700 ) ;
#1580 = CARTESIAN_POINT ( 'NONE',  ( 100.0000000000000000, -8.375985885340413008E-15, 27.00000000000001066 ) ) ;
#1581 = DIRECTION ( 'NONE',  ( 0.000000000000000000, 0.000000000000000000, -1.000000000000000000 ) ) ;
#1582 = ORIENTED_EDGE ( 'NONE', *, *, #2560, .T. ) ;
#1583 = ADVANCED_FACE ( 'NONE', ( #1983 ), #2958, .F. ) ;
#1584 = VECTOR ( 'NONE', #2281, 1000.000000000000000 ) ;
#1585 = LINE ( 'NONE', #3813, #2356 ) ;
#1586 = DIRECTION ( 'NONE',  ( 0.000000000000000000, 0.000000000000000000, -1.000000000000000000 ) ) ;
#1587 = LINE ( 'NONE', #2627, #1223 ) ;
#1588 = ORIENTED_EDGE ( 'NONE', *, *, #2130, .T. ) ;
#1589 = DIRECTION ( 'NONE',  ( 1.000000000000000000, -0.000000000000000000, -0.000000000000000000 ) ) ;
#1590 = CARTESIAN_POINT ( 'NONE',  ( 52.52337180435968378, 9.973148549981646127, -3.920556324061059867E-14 ) ) ;
#1591 = ORIENTED_EDGE ( 'NONE', *, *, #3330, .T. ) ;
#1592 = DIRECTION ( 'NONE',  ( 0.000000000000000000, -0.000000000000000000, -1.000000000000000000 ) ) ;
#1593 = ADVANCED_FACE ( 'NONE', ( #2311 ), #3259, .F. ) ;
#1594 = CARTESIAN_POINT ( 'NONE',  ( 94.80000000000001137, 11.89726821137852575, 19.68248969043704832 ) ) ;
#1595 = EDGE_LOOP ( 'NONE', ( #4000, #909, #1487, #2105 ) ) ;
#1596 = DIRECTION ( 'NONE',  ( 0.000000000000000000, 0.000000000000000000, -1.000000000000000000 ) ) ;
#1597 = DIRECTION ( 'NONE',  ( -0.5000000000000009992, -0.8660254037844381525, 5.939693181744589858E-15 ) ) ;
#1598 = CARTESIAN_POINT ( 'NONE',  ( 100.0000000000000000, 24.99999999999992539, -10.35533905932756227 ) ) ;
#1599 = PLANE ( 'NONE',  #910 ) ;
#1600 = VECTOR ( 'NONE', #283, 1000.000000000000000 ) ;
#1601 = ORIENTED_EDGE ( 'NONE', *, *, #2846, .T. ) ;
#1602 = DIRECTION ( 'NONE',  ( 0.000000000000000000, 3.102216994570522624E-16, -1.000000000000000000 ) ) ;
#1603 = DIRECTION ( 'NONE',  ( 1.000000000000000000, -0.000000000000000000, -0.000000000000000000 ) ) ;
#1604 = ORIENTED_EDGE ( 'NONE', *, *, #2401, .T. ) ;
#1605 = AXIS2_PLACEMENT_3D ( 'NONE', #90, #1076, #2720 ) ;
#1606 = CARTESIAN_POINT ( 'NONE',  ( 8.941413501614999149, 24.74289906246918491, 9.308843885776614258 ) ) ;
#1607 = DIRECTION ( 'NONE',  ( -0.5000000000000004441, -0.8660254037844384856, 0.000000000000000000 ) ) ;
#1608 = VERTEX_POINT ( 'NONE', #1963 ) ;
#1609 = CARTESIAN_POINT ( 'NONE',  ( 100.0000000000000000, -27.00000000000001066, 11.18376618407357093 ) ) ;
#1610 = VECTOR ( 'NONE', #3896, 1000.000000000000114 ) ;
#1611 = LINE ( 'NONE', #3250, #1584 ) ;
#1612 = ADVANCED_FACE ( 'NONE', ( #3280, #348 ), #326, .T. ) ;
#1613 = EDGE_CURVE ( 'NONE', #3376, #390, #2978, .T. ) ;
#1614 = EDGE_LOOP ( 'NONE', ( #851, #2044, #2310, #226, #751, #2036 ) ) ;
#1615 = DIRECTION ( 'NONE',  ( -0.8618598127375309836, 0.4975949948877360085, 0.09796368842944903899 ) ) ;
#1616 = CARTESIAN_POINT ( 'NONE',  ( 26.26210705084202957, 21.67099520954728931, -13.68434384978014506 ) ) ;
#1617 = EDGE_CURVE ( 'NONE', #969, #3893, #4078, .T. ) ;
#1618 = ORIENTED_EDGE ( 'NONE', *, *, #2881, .T. ) ;
#1619 = LINE ( 'NONE', #4019, #2535 ) ;
#1620 = DIRECTION ( 'NONE',  ( -1.000000000000000000, 0.000000000000000000, -0.000000000000000000 ) ) ;
#1621 = DIRECTION ( 'NONE',  ( 0.000000000000000000, -1.000000000000000000, 0.000000000000000000 ) ) ;
#1622 = DIRECTION ( 'NONE',  ( 0.8618598127375388662, -0.4975949948877391171, 0.09796368842936378774 ) ) ;
#1623 = ORIENTED_EDGE ( 'NONE', *, *, #3512, .T. ) ;
#1624 = DIRECTION ( 'NONE',  ( 0.5000000000000009992, 0.8660254037844380415, -5.988682940610167720E-15 ) ) ;
#1625 = PLANE ( 'NONE',  #2892 ) ;
#1626 = CARTESIAN_POINT ( 'NONE',  ( 75.00000000000000000, 10.41642406272618260, -19.20000000000013429 ) ) ;
#1627 = CARTESIAN_POINT ( 'NONE',  ( 67.73334518471720855, -10.35533905932755516, -24.99999999999993250 ) ) ;
#1628 = ORIENTED_EDGE ( 'NONE', *, *, #4096, .F. ) ;
#1629 = DIRECTION ( 'NONE',  ( 0.000000000000000000, -1.000000000000000000, 7.370867579099568370E-15 ) ) ;
#1630 = ORIENTED_EDGE ( 'NONE', *, *, #825, .F. ) ;
#1631 = FACE_OUTER_BOUND ( 'NONE', #2070, .T. ) ;
#1632 = APPROVAL_STATUS ( 'not_yet_approved' ) ;
#1633 = AXIS2_PLACEMENT_3D ( 'NONE', #1062, #94, #2068 ) ;
#1634 = AXIS2_PLACEMENT_3D ( 'NONE', #3769, #697, #3329 ) ;
#1635 = EDGE_CURVE ( 'NONE', #3494, #577, #1838, .T. ) ;
#1636 = VECTOR ( 'NONE', #2835, 999.9999999999998863 ) ;
#1637 = LINE ( 'NONE', #3978, #419 ) ;
#1638 = ORIENTED_EDGE ( 'NONE', *, *, #2823, .F. ) ;
#1639 = ORIENTED_EDGE ( 'NONE', *, *, #4142, .F. ) ;
#1640 = CARTESIAN_POINT ( 'NONE',  ( 99.80000000000001137, 0.000000000000000000, 0.000000000000000000 ) ) ;
#1641 = LINE ( 'NONE', #1724, #2707 ) ;
#1642 = DIRECTION ( 'NONE',  ( 1.000000000000000000, -0.000000000000000000, -0.000000000000000000 ) ) ;
#1643 = EDGE_CURVE ( 'NONE', #551, #3376, #123, .T. ) ;
#1644 = VERTEX_POINT ( 'NONE', #1116 ) ;
#1645 = DIRECTION ( 'NONE',  ( 0.8660254037844372643, -0.5000000000000023315, 0.000000000000000000 ) ) ;
#1646 = DIRECTION ( 'NONE',  ( 0.000000000000000000, -1.000000000000000000, 7.370867579099568370E-15 ) ) ;
#1647 = VECTOR ( 'NONE', #4138, 999.9999999999998863 ) ;
#1648 = CARTESIAN_POINT ( 'NONE',  ( 75.89254349478834172, -15.06605440001843377, 7.211300305656738630 ) ) ;
#1649 = VERTEX_POINT ( 'NONE', #3757 ) ;
#1650 = AXIS2_PLACEMENT_3D ( 'NONE', #4129, #2762, #4149 ) ;
#1651 = CARTESIAN_POINT ( 'NONE',  ( 75.00000000000000000, 10.41642406272618260, -19.20000000000013429 ) ) ;
#1652 = CIRCLE ( 'NONE', #1099, 0.7000000000000051736 ) ;
#1653 = VERTEX_POINT ( 'NONE', #3175 ) ;
#1654 = CARTESIAN_POINT ( 'NONE',  ( 23.63826253723693327, 17.41236985389266678, -12.99935497757371650 ) ) ;
#1655 = CARTESIAN_POINT ( 'NONE',  ( 94.80000000000001137, 11.89726821137852575, -20.38248969043735670 ) ) ;
#1656 = DIRECTION ( 'NONE',  ( 0.3855336798598987258, -0.2225879738487862858, -0.8954431168932939222 ) ) ;
#1657 = ORIENTED_EDGE ( 'NONE', *, *, #507, .F. ) ;
#1658 = CARTESIAN_POINT ( 'NONE',  ( 23.13826253723693327, 16.54634445010840693, 12.99935497757364899 ) ) ;
#1659 = ADVANCED_FACE ( 'NONE', ( #788 ), #2100, .F. ) ;
#1660 = DIRECTION ( 'NONE',  ( -0.3855336798601234349, 0.2225879738489036641, -0.8954431168931679119 ) ) ;
#1661 = CARTESIAN_POINT ( 'NONE',  ( 99.80000000000001137, 1.765537145267971880E-13, 24.99999999999999645 ) ) ;
#1662 = EDGE_CURVE ( 'NONE', #1780, #486, #3737, .T. ) ;
#1663 = ORIENTED_EDGE ( 'NONE', *, *, #2626, .F. ) ;
#1664 = LINE ( 'NONE', #45, #840 ) ;
#1665 = EDGE_CURVE ( 'NONE', #4007, #3793, #746, .T. ) ;
#1666 = CARTESIAN_POINT ( 'NONE',  ( 36.52227839282389965, 19.21138413846031412, 16.14395492086704209 ) ) ;
#1667 = DIRECTION ( 'NONE',  ( 0.7754764868734490557, -0.4477215584466090470, 0.4451759476977084629 ) ) ;
#1668 = EDGE_CURVE ( 'NONE', #3599, #4074, #2733, .T. ) ;
#1669 = CARTESIAN_POINT ( 'NONE',  ( 93.09864199358159453, -25.00000000000008527, -10.35533905932719101 ) ) ;
#1670 = ORIENTED_EDGE ( 'NONE', *, *, #3303, .F. ) ;
#1671 = AXIS2_PLACEMENT_3D ( 'NONE', #620, #1589, #3907 ) ;
#1672 = VECTOR ( 'NONE', #1466, 1000.000000000000114 ) ;
#1673 = AXIS2_PLACEMENT_3D ( 'NONE', #3237, #2851, #1252 ) ;
#1674 = VERTEX_POINT ( 'NONE', #3054 ) ;
#1675 = CARTESIAN_POINT ( 'NONE',  ( 21.80544841743673246, 20.77994665609243441, -0.8361350805655503038 ) ) ;
#1676 = COORDINATED_UNIVERSAL_TIME_OFFSET ( 5, 0, .BEHIND. ) ;
#1677 = VECTOR ( 'NONE', #3738, 999.9999999999998863 ) ;
#1678 = ORIENTED_EDGE ( 'NONE', *, *, #1668, .F. ) ;
#1679 = DIRECTION ( 'NONE',  ( 0.000000000000000000, 0.000000000000000000, -1.000000000000000000 ) ) ;
#1680 = CARTESIAN_POINT ( 'NONE',  ( 94.00000000000000000, 13.91642406272619681, 13.55544171172647161 ) ) ;
#1681 = CARTESIAN_POINT ( 'NONE',  ( 94.00000000000000000, 6.916424062726162170, 24.99999999999995026 ) ) ;
#1682 = ORIENTED_EDGE ( 'NONE', *, *, #483, .T. ) ;
#1683 = LINE ( 'NONE', #2358, #2426 ) ;
#1684 = LINE ( 'NONE', #1366, #93 ) ;
#1685 = EDGE_CURVE ( 'NONE', #342, #1866, #4178, .T. ) ;
#1686 = EDGE_CURVE ( 'NONE', #142, #3886, #802, .T. ) ;
#1687 = LINE ( 'NONE', #3581, #332 ) ;
#1688 = FACE_BOUND ( 'NONE', #3631, .T. ) ;
#1689 = ORIENTED_EDGE ( 'NONE', *, *, #2322, .T. ) ;
#1690 = AXIS2_PLACEMENT_3D ( 'NONE', #544, #2137, #3152 ) ;
#1691 = ADVANCED_FACE ( 'NONE', ( #1070, #3099 ), #2413, .F. ) ;
#1692 = VECTOR ( 'NONE', #4212, 999.9999999999998863 ) ;
#1693 = EDGE_LOOP ( 'NONE', ( #3951, #183 ) ) ;
#1694 = LINE ( 'NONE', #723, #3865 ) ;
#1695 = APPROVAL_DATE_TIME ( #3255, #889 ) ;
#1696 = CARTESIAN_POINT ( 'NONE',  ( 25.57564681747134117, 21.75283280911579453, -13.60250625021164517 ) ) ;
#1697 = FACE_OUTER_BOUND ( 'NONE', #167, .T. ) ;
#1698 = VECTOR ( 'NONE', #352, 1000.000000000000000 ) ;
#1699 = VERTEX_POINT ( 'NONE', #3840 ) ;
#1700 = CARTESIAN_POINT ( 'NONE',  ( 99.80000000000001137, -11.89726821137925228, 21.08248969043705401 ) ) ;
#1701 = DIRECTION ( 'NONE',  ( 1.000000000000000000, 0.000000000000000000, 0.000000000000000000 ) ) ;
#1702 = LINE ( 'NONE', #1725, #2325 ) ;
#1703 = VECTOR ( 'NONE', #1573, 1000.000000000000114 ) ;
#1704 = LOCAL_TIME ( 14, 45, 9.000000000000000000, #2654 ) ;
#1705 = AXIS2_PLACEMENT_3D ( 'NONE', #552, #572, #1885 ) ;
#1706 = ORIENTED_EDGE ( 'NONE', *, *, #3108, .T. ) ;
#1707 = CARTESIAN_POINT ( 'NONE',  ( 99.80000000000001137, -11.89726821137925228, -19.68248969043735386 ) ) ;
#1708 = CARTESIAN_POINT ( 'NONE',  ( 94.00000000000000000, 13.91642406272619858, -13.55544171172615187 ) ) ;
#1709 = FACE_OUTER_BOUND ( 'NONE', #496, .T. ) ;
#1710 = VERTEX_POINT ( 'NONE', #3513 ) ;
#1711 = EDGE_CURVE ( 'NONE', #995, #1563, #867, .T. ) ;
#1712 = LINE ( 'NONE', #3992, #2183 ) ;
#1713 = ORIENTED_EDGE ( 'NONE', *, *, #3993, .T. ) ;
#1714 = VECTOR ( 'NONE', #320, 1000.000000000000000 ) ;
#1715 = ORIENTED_EDGE ( 'NONE', *, *, #2588, .F. ) ;
#1716 = EDGE_CURVE ( 'NONE', #106, #1995, #2082, .T. ) ;
#1717 = DIRECTION ( 'NONE',  ( 0.000000000000000000, -0.7071067811865475727, -0.7071067811865475727 ) ) ;
#1718 = DATE_AND_TIME ( #2634, #2259 ) ;
#1719 = ORIENTED_EDGE ( 'NONE', *, *, #3348, .F. ) ;
#1720 = ORIENTED_EDGE ( 'NONE', *, *, #1877, .F. ) ;
#1721 = ORIENTED_EDGE ( 'NONE', *, *, #2193, .T. ) ;
#1722 = DIRECTION ( 'NONE',  ( 0.000000000000000000, 0.7071067811865474617, -0.7071067811865474617 ) ) ;
#1723 = EDGE_CURVE ( 'NONE', #1995, #4165, #2860, .T. ) ;
#1724 = CARTESIAN_POINT ( 'NONE',  ( 95.20000000000000284, 6.916424062726162170, 24.99999999999995026 ) ) ;
#1725 = CARTESIAN_POINT ( 'NONE',  ( 81.60546359240413494, -11.32221257411761250, -24.03312648520985562 ) ) ;
#1726 = ORIENTED_EDGE ( 'NONE', *, *, #3750, .T. ) ;
#1727 = LINE ( 'NONE', #4008, #4226 ) ;
#1728 = CYLINDRICAL_SURFACE ( 'NONE', #2818, 3.605245064036107117 ) ;
#1729 = PLANE ( 'NONE',  #1238 ) ;
#1730 = CARTESIAN_POINT ( 'NONE',  ( 75.00000000000000000, 13.91642406272619858, -13.55544171172615187 ) ) ;
#1731 = EDGE_LOOP ( 'NONE', ( #2788, #1777, #2899, #714 ) ) ;
#1732 = ORIENTED_EDGE ( 'NONE', *, *, #103, .T. ) ;
#1733 = ORIENTED_EDGE ( 'NONE', *, *, #1617, .T. ) ;
#1734 = EDGE_LOOP ( 'NONE', ( #3049, #2448, #425, #2502, #3732 ) ) ;
#1735 = PLANE ( 'NONE',  #3591 ) ;
#1736 = EDGE_CURVE ( 'NONE', #3344, #1981, #1911, .T. ) ;
#1737 = EDGE_CURVE ( 'NONE', #2647, #1089, #3695, .T. ) ;
#1738 = EDGE_LOOP ( 'NONE', ( #3539, #2060, #4144, #2385 ) ) ;
#1739 = VERTEX_POINT ( 'NONE', #3366 ) ;
#1740 = CARTESIAN_POINT ( 'NONE',  ( 94.00000000000000000, 10.41642406272615418, 1.595945597898662527E-13 ) ) ;
#1741 = CARTESIAN_POINT ( 'NONE',  ( 25.47390078331556751, 15.19786308000507447, -20.15747597932225332 ) ) ;
#1742 = DIRECTION ( 'NONE',  ( -0.8660254037844380415, 0.5000000000000009992, 0.000000000000000000 ) ) ;
#1743 = AXIS2_PLACEMENT_3D ( 'NONE', #1296, #1206, #2524 ) ;
#1744 = EDGE_CURVE ( 'NONE', #1284, #2346, #3074, .T. ) ;
#1745 = ORIENTED_EDGE ( 'NONE', *, *, #825, .T. ) ;
#1746 = CARTESIAN_POINT ( 'NONE',  ( 82.02422311930493493, -18.60618128181763353, 7.908260464847832516 ) ) ;
#1747 = CYLINDRICAL_SURFACE ( 'NONE', #506, 0.7000000000000051736 ) ;
#1748 = DIRECTION ( 'NONE',  ( -0.5000000000000009992, -0.8660254037844381525, 5.939693181744589858E-15 ) ) ;
#1749 = CARTESIAN_POINT ( 'NONE',  ( 93.09864199358158032, -25.00000000000000711, 1.786674744497557523E-13 ) ) ;
#1750 = ORIENTED_EDGE ( 'NONE', *, *, #3521, .T. ) ;
#1751 = ORIENTED_EDGE ( 'NONE', *, *, #3057, .T. ) ;
#1752 = ORIENTED_EDGE ( 'NONE', *, *, #2302, .F. ) ;
#1753 = ORIENTED_EDGE ( 'NONE', *, *, #2691, .T. ) ;
#1754 = DIRECTION ( 'NONE',  ( 0.000000000000000000, 0.7071067811865425767, -0.7071067811865525687 ) ) ;
#1755 = ORIENTED_EDGE ( 'NONE', *, *, #3916, .T. ) ;
#1756 = ORIENTED_EDGE ( 'NONE', *, *, #2560, .F. ) ;
#1757 = CARTESIAN_POINT ( 'NONE',  ( 27.05561922388630336, 14.28465751255948746, -1.603396321841475514 ) ) ;
#1758 = FACE_BOUND ( 'NONE', #708, .T. ) ;
#1759 = ADVANCED_FACE ( 'NONE', ( #4060 ), #1095, .F. ) ;
#1760 = EDGE_CURVE ( 'NONE', #244, #2537, #3905, .T. ) ;
#1761 = PLANE ( 'NONE',  #3286 ) ;
#1762 = VERTEX_POINT ( 'NONE', #1627 ) ;
#1763 = LINE ( 'NONE', #4127, #3470 ) ;
#1764 = FACE_OUTER_BOUND ( 'NONE', #1273, .T. ) ;
#1765 = EDGE_CURVE ( 'NONE', #1279, #2474, #1932, .T. ) ;
#1766 = CARTESIAN_POINT ( 'NONE',  ( 94.80000000000001137, -11.89726821137925228, 20.38248969043705117 ) ) ;
#1767 = AXIS2_PLACEMENT_3D ( 'NONE', #795, #2108, #1790 ) ;
#1768 = DIRECTION ( 'NONE',  ( -0.7745966692414825161, 0.4472135954999555407, -0.4472135954999618690 ) ) ;
#1769 = VECTOR ( 'NONE', #1217, 1000.000000000000000 ) ;
#1770 = VECTOR ( 'NONE', #1930, 1000.000000000000000 ) ;
#1771 = CARTESIAN_POINT ( 'NONE',  ( 75.67150000782794450, -3.391429499526497970, 38.74676855885416416 ) ) ;
#1772 = AXIS2_PLACEMENT_3D ( 'NONE', #1829, #280, #3167 ) ;
#1773 = DIRECTION ( 'NONE',  ( 0.8660254037844382635, -0.5000000000000006661, 0.000000000000000000 ) ) ;
#1774 = ORIENTED_EDGE ( 'NONE', *, *, #762, .T. ) ;
#1775 = VERTEX_POINT ( 'NONE', #3247 ) ;
#1776 = EDGE_LOOP ( 'NONE', ( #1726, #3332 ) ) ;
#1777 = ORIENTED_EDGE ( 'NONE', *, *, #321, .F. ) ;
#1778 = LINE ( 'NONE', #3096, #1092 ) ;
#1780 = VERTEX_POINT ( 'NONE', #245 ) ;
#1779 = CIRCLE ( 'NONE', #410, 0.7000000000000027311 ) ;
#1781 = AXIS2_PLACEMENT_3D ( 'NONE', #2512, #197, #458 ) ;
#1782 = ORIENTED_EDGE ( 'NONE', *, *, #2699, .T. ) ;
#1783 = CARTESIAN_POINT ( 'NONE',  ( 94.00000000000000000, 10.41642406272618260, -17.50000000000013500 ) ) ;
#1784 = CARTESIAN_POINT ( 'NONE',  ( 26.13723638288856677, 21.74308932330411537, -12.99935497757382663 ) ) ;
#1785 = CIRCLE ( 'NONE', #821, 1.700000000000000178 ) ;
#1786 = CARTESIAN_POINT ( 'NONE',  ( 8.955617981198267685, 24.73469810235795663, -9.275852466000385377 ) ) ;
#1787 = ORIENTED_EDGE ( 'NONE', *, *, #2429, .T. ) ;
#1788 = DIRECTION ( 'NONE',  ( 0.7754764868734490557, -0.4477215584466090470, 0.4451759476977084629 ) ) ;
#1789 = LINE ( 'NONE', #3127, #3891 ) ;
#1790 = DIRECTION ( 'NONE',  ( 0.8660254037844380415, -0.5000000000000008882, 0.000000000000000000 ) ) ;
#1791 = DIRECTION ( 'NONE',  ( 1.000000000000000000, -0.000000000000000000, -0.000000000000000000 ) ) ;
#1792 = LINE ( 'NONE', #1471, #387 ) ;
#1793 = EDGE_CURVE ( 'NONE', #4175, #619, #291, .T. ) ;
#1794 = EDGE_CURVE ( 'NONE', #1653, #3066, #2883, .T. ) ;
#1795 = DIRECTION ( 'NONE',  ( -0.5000000000000009992, -0.8660254037844381525, 5.939693181744589858E-15 ) ) ;
#1796 = ORIENTED_EDGE ( 'NONE', *, *, #3486, .F. ) ;
#1797 = AXIS2_PLACEMENT_3D ( 'NONE', #62, #1656, #3364 ) ;
#1798 = ADVANCED_FACE ( 'NONE', ( #570 ), #3928, .T. ) ;
#1799 = EDGE_LOOP ( 'NONE', ( #1483, #445 ) ) ;
#1800 = ORIENTED_EDGE ( 'NONE', *, *, #2935, .T. ) ;
#1801 = EDGE_LOOP ( 'NONE', ( #1973, #3404 ) ) ;
#1802 = CARTESIAN_POINT ( 'NONE',  ( 75.00000000000000000, 10.41642406272615418, 1.595945597898662527E-13 ) ) ;
#1803 = VERTEX_POINT ( 'NONE', #3555 ) ;
#1804 = ORIENTED_EDGE ( 'NONE', *, *, #1737, .F. ) ;
#1805 = FACE_OUTER_BOUND ( 'NONE', #3825, .T. ) ;
#1806 = FACE_OUTER_BOUND ( 'NONE', #2064, .T. ) ;
#1807 = AXIS2_PLACEMENT_3D ( 'NONE', #1809, #3081, #518 ) ;
#1808 = ORIENTED_EDGE ( 'NONE', *, *, #2510, .T. ) ;
#1809 = CARTESIAN_POINT ( 'NONE',  ( 100.0000000000000000, -19.09188309203679523, 19.09188309203678813 ) ) ;
#1810 = CIRCLE ( 'NONE', #3824, 0.7000000000000027311 ) ;
#1811 = CARTESIAN_POINT ( 'NONE',  ( 75.00000000000000000, 10.41642406272618260, -15.80000000000013394 ) ) ;
#1812 = FACE_OUTER_BOUND ( 'NONE', #2865, .T. ) ;
#1813 = DIRECTION ( 'NONE',  ( 0.08483904282822388176, -0.04898184421467226268, -0.9951899897754801216 ) ) ;
#1814 = AXIS2_PLACEMENT_3D ( 'NONE', #3616, #1701, #1382 ) ;
#1815 = DIRECTION ( 'NONE',  ( 0.08483904282822392340, -0.04898184421467221411, -0.9951899897754801216 ) ) ;
#1816 = ORIENTED_EDGE ( 'NONE', *, *, #2969, .T. ) ;
#1817 = EDGE_CURVE ( 'NONE', #246, #3471, #637, .T. ) ;
#1818 = ADVANCED_FACE ( 'NONE', ( #2970 ), #2948, .F. ) ;
#1819 = ORIENTED_EDGE ( 'NONE', *, *, #2243, .F. ) ;
#1820 = ORIENTED_EDGE ( 'NONE', *, *, #3214, .T. ) ;
#1821 = CARTESIAN_POINT ( 'NONE',  ( 94.80000000000001137, 11.89726821137852575, 21.08248969043702559 ) ) ;
#1822 = EDGE_CURVE ( 'NONE', #2781, #2432, #13, .T. ) ;
#1823 = ORIENTED_EDGE ( 'NONE', *, *, #3082, .F. ) ;
#1824 = VERTEX_POINT ( 'NONE', #1283 ) ;
#1825 = LINE ( 'NONE', #789, #576 ) ;
#1826 = CARTESIAN_POINT ( 'NONE',  ( 84.44636433865940717, -11.92170139817243246, 12.47441327564047597 ) ) ;
#1827 = VECTOR ( 'NONE', #133, 1000.000000000000000 ) ;
#1828 = EDGE_LOOP ( 'NONE', ( #3869, #1682 ) ) ;
#1829 = CARTESIAN_POINT ( 'NONE',  ( 75.00000000000000000, 10.41642406272618260, -17.50000000000013500 ) ) ;
#1830 = DIRECTION ( 'NONE',  ( -0.5000000000000009992, -0.8660254037844381525, 5.939693181744589858E-15 ) ) ;
#1831 = CARTESIAN_POINT ( 'NONE',  ( 75.00000000000000000, 6.916424062726162170, 13.55544171172648404 ) ) ;
#1832 = DIRECTION ( 'NONE',  ( 0.000000000000000000, -0.7071067811865526798, -0.7071067811865424657 ) ) ;
#1833 = CYLINDRICAL_SURFACE ( 'NONE', #3560, 0.6999999999999820810 ) ;
#1834 = CARTESIAN_POINT ( 'NONE',  ( 100.0000000000000000, 17.67766952966380956, 17.67766952966356087 ) ) ;
#1835 = ORIENTED_EDGE ( 'NONE', *, *, #2469, .T. ) ;
#1836 = VECTOR ( 'NONE', #328, 1000.000000000000000 ) ;
#1837 = VECTOR ( 'NONE', #3201, 1000.000000000000000 ) ;
#1838 = CIRCLE ( 'NONE', #2951, 0.6999999999999820810 ) ;
#1839 = APPROVAL_PERSON_ORGANIZATION ( #1270, #889, #3590 ) ;
#1840 = EDGE_CURVE ( 'NONE', #3379, #3816, #1587, .T. ) ;
#1841 = ORIENTED_EDGE ( 'NONE', *, *, #2454, .T. ) ;
#1842 = CARTESIAN_POINT ( 'NONE',  ( 100.0000000000000000, 25.00000000000007461, 10.35533905932718035 ) ) ;
#1843 = CARTESIAN_POINT ( 'NONE',  ( 43.70183101225998001, 11.37458329550284652, -23.98075576382444396 ) ) ;
#1844 = VERTEX_POINT ( 'NONE', #1969 ) ;
#1845 = EDGE_CURVE ( 'NONE', #1397, #74, #961, .T. ) ;
#1846 = EDGE_CURVE ( 'NONE', #179, #1941, #912, .T. ) ;
#1847 = ORIENTED_EDGE ( 'NONE', *, *, #1131, .T. ) ;
#1848 = FACE_OUTER_BOUND ( 'NONE', #902, .T. ) ;
#1849 = FACE_OUTER_BOUND ( 'NONE', #1250, .T. ) ;
#1850 = EDGE_CURVE ( 'NONE', #4042, #463, #4187, .T. ) ;
#1851 = ORIENTED_EDGE ( 'NONE', *, *, #3576, .F. ) ;
#1852 = DIRECTION ( 'NONE',  ( 0.000000000000000000, 0.000000000000000000, -1.000000000000000000 ) ) ;
#1853 = AXIS2_PLACEMENT_3D ( 'NONE', #1802, #3401, #1134 ) ;
#1854 = DIRECTION ( 'NONE',  ( 0.8618598127375358686, -0.4975949948877388396, -0.09796368842939129351 ) ) ;
#1855 = AXIS2_PLACEMENT_3D ( 'NONE', #2857, #3858, #3217 ) ;
#1856 = CARTESIAN_POINT ( 'NONE',  ( 8.441413501614997372, 23.87687365868474387, 9.308843885776619587 ) ) ;
#1857 = LINE ( 'NONE', #2156, #3955 ) ;
#1858 = PLANE ( 'NONE',  #2033 ) ;
#1859 = CYLINDRICAL_SURFACE ( 'NONE', #1329, 1.700000000000000178 ) ;
#1860 = LINE ( 'NONE', #2765, #3795 ) ;
#1861 = EDGE_LOOP ( 'NONE', ( #1200, #4137, #970, #2836 ) ) ;
#1862 = DIRECTION ( 'NONE',  ( 1.000000000000000000, 0.000000000000000000, 0.000000000000000000 ) ) ;
#1863 = ORIENTED_EDGE ( 'NONE', *, *, #4233, .T. ) ;
#1864 = LINE ( 'NONE', #3203, #770 ) ;
#1865 = CARTESIAN_POINT ( 'NONE',  ( 94.00000000000000000, 6.916424062726162170, -13.55544171172616608 ) ) ;
#1866 = VERTEX_POINT ( 'NONE', #1260 ) ;
#1867 = VERTEX_POINT ( 'NONE', #3623 ) ;
#1868 = PLANE ( 'NONE',  #2273 ) ;
#1869 = EDGE_CURVE ( 'NONE', #3886, #142, #734, .T. ) ;
#1870 = ADVANCED_FACE ( 'NONE', ( #3288, #2536 ), #3861, .F. ) ;
#1871 = ORIENTED_EDGE ( 'NONE', *, *, #1449, .F. ) ;
#1872 = CARTESIAN_POINT ( 'NONE',  ( 98.20000000000000284, 17.66331047422391975, 17.69202858510344356 ) ) ;
#1873 = AXIS2_PLACEMENT_3D ( 'NONE', #3857, #3509, #3171 ) ;
#1874 = CARTESIAN_POINT ( 'NONE',  ( 75.00000000000000000, 10.41642406272618260, -17.50000000000013500 ) ) ;
#1875 = CARTESIAN_POINT ( 'NONE',  ( 99.80000000000001137, 11.89726821137852575, -20.38248969043735670 ) ) ;
#1876 = CARTESIAN_POINT ( 'NONE',  ( 74.28000000000000114, 24.99999999999999645, -1.842716894774891998E-13 ) ) ;
#1877 = EDGE_CURVE ( 'NONE', #624, #3316, #2903, .T. ) ;
#1878 = AXIS2_PLACEMENT_3D ( 'NONE', #2334, #3939, #2002 ) ;
#1879 = CARTESIAN_POINT ( 'NONE',  ( 41.45173149449954053, 17.99999999999996092, -5.200914422068110277 ) ) ;
#1880 = LINE ( 'NONE', #243, #2340 ) ;
#1881 = ORIENTED_EDGE ( 'NONE', *, *, #3790, .T. ) ;
#1882 = VECTOR ( 'NONE', #747, 1000.000000000000000 ) ;
#1883 = CARTESIAN_POINT ( 'NONE',  ( 21.40356025445241883, 21.01197689517559652, 5.434606370662597996 ) ) ;
#1884 = VERTEX_POINT ( 'NONE', #2254 ) ;
#1885 = DIRECTION ( 'NONE',  ( 0.000000000000000000, 0.000000000000000000, -1.000000000000000000 ) ) ;
#1886 = DIRECTION ( 'NONE',  ( 8.120452558063877359E-16, -7.370867579099568370E-15, -1.000000000000000000 ) ) ;
#1887 = ORIENTED_EDGE ( 'NONE', *, *, #1172, .F. ) ;
#1888 = ORIENTED_EDGE ( 'NONE', *, *, #3703, .F. ) ;
#1889 = DIRECTION ( 'NONE',  ( -0.5000000000000009992, -0.8660254037844381525, 5.939693181744589858E-15 ) ) ;
#1890 =( NAMED_UNIT ( * ) SI_UNIT ( $, .STERADIAN. ) SOLID_ANGLE_UNIT ( ) );
#1891 = ORIENTED_EDGE ( 'NONE', *, *, #2621, .T. ) ;
#1892 = CYLINDRICAL_SURFACE ( 'NONE', #2043, 0.7000000000000027311 ) ;
#1893 = EDGE_CURVE ( 'NONE', #1088, #2713, #618, .T. ) ;
#1894 = PLANE ( 'NONE',  #1673 ) ;
#1895 = DIRECTION ( 'NONE',  ( 0.08483904282829153598, -0.04898184421471119682, -0.9951899897754725721 ) ) ;
#1896 = DIRECTION ( 'NONE',  ( -0.5000000000000009992, -0.8660254037844381525, 5.939693181744589858E-15 ) ) ;
#1897 = ORIENTED_EDGE ( 'NONE', *, *, #3973, .F. ) ;
#1898 = DIRECTION ( 'NONE',  ( -0.08483904282832147037, 0.04898184421472860650, 0.9951899897754690194 ) ) ;
#1899 = EDGE_CURVE ( 'NONE', #1653, #2432, #462, .T. ) ;
#1900 = CARTESIAN_POINT ( 'NONE',  ( 33.00000000000000000, 18.41642406280399769, 0.01990683042765901967 ) ) ;
#1901 = ORIENTED_EDGE ( 'NONE', *, *, #134, .F. ) ;
#1902 = VECTOR ( 'NONE', #4216, 1000.000000000000000 ) ;
#1903 = PLANE ( 'NONE',  #3580 ) ;
#1904 = ADVANCED_FACE ( 'NONE', ( #1388 ), #73, .F. ) ;
#1905 = CARTESIAN_POINT ( 'NONE',  ( 94.00000000000000000, 10.41642406272618260, -17.50000000000013500 ) ) ;
#1906 = ORIENTED_EDGE ( 'NONE', *, *, #398, .F. ) ;
#1907 = LINE ( 'NONE', #4158, #1328 ) ;
#1908 = CIRCLE ( 'NONE', #1772, 1.700000000000000178 ) ;
#1909 = DIRECTION ( 'NONE',  ( -0.08483904282832135935, 0.04898184421471488137, -0.9951899897754696855 ) ) ;
#1910 = VECTOR ( 'NONE', #3855, 1000.000000000000227 ) ;
#1911 = CIRCLE ( 'NONE', #4053, 0.6999999999999888534 ) ;
#1912 = AXIS2_PLACEMENT_3D ( 'NONE', #247, #914, #3156 ) ;
#1913 = EDGE_LOOP ( 'NONE', ( #1230, #2641, #1093, #3770 ) ) ;
#1914 = VERTEX_POINT ( 'NONE', #1669 ) ;
#1915 = DIRECTION ( 'NONE',  ( 0.000000000000000000, -0.7071067811865422437, 0.7071067811865527908 ) ) ;
#1916 = ORIENTED_EDGE ( 'NONE', *, *, #1265, .F. ) ;
#1917 = CARTESIAN_POINT ( 'NONE',  ( 100.0000000000000000, -24.99999999999992895, 10.35533905932754628 ) ) ;
#1918 = CARTESIAN_POINT ( 'NONE',  ( 94.80000000000001137, -9.621037113853832423, -17.70169356637262936 ) ) ;
#1919 = DIRECTION ( 'NONE',  ( 1.000000000000000000, -0.000000000000000000, 0.000000000000000000 ) ) ;
#1920 = CYLINDRICAL_SURFACE ( 'NONE', #639, 0.7000000000000051736 ) ;
#1921 = VECTOR ( 'NONE', #1886, 1000.000000000000000 ) ;
#1922 = AXIS2_PLACEMENT_3D ( 'NONE', #2625, #886, #263 ) ;
#1923 = VERTEX_POINT ( 'NONE', #51 ) ;
#1924 = LINE ( 'NONE', #2551, #605 ) ;
#1925 = LINE ( 'NONE', #908, #3162 ) ;
#1926 = VERTEX_POINT ( 'NONE', #2049 ) ;
#1927 = VECTOR ( 'NONE', #3042, 1000.000000000000000 ) ;
#1928 = ADVANCED_FACE ( 'NONE', ( #2704 ), #755, .F. ) ;
#1929 = EDGE_CURVE ( 'NONE', #2902, #1453, #1991, .T. ) ;
#1930 = DIRECTION ( 'NONE',  ( 1.000000000000000000, -0.000000000000000000, -0.000000000000000000 ) ) ;
#1931 = CARTESIAN_POINT ( 'NONE',  ( 99.80000000000001137, -0.000000000000000000, -17.70169356637262936 ) ) ;
#1932 = LINE ( 'NONE', #2605, #1427 ) ;
#1933 = ORIENTED_EDGE ( 'NONE', *, *, #1840, .F. ) ;
#1934 = DIRECTION ( 'NONE',  ( 0.000000000000000000, 0.000000000000000000, 1.000000000000000000 ) ) ;
#1935 = CARTESIAN_POINT ( 'NONE',  ( 100.0000000000000000, -27.00000000000001066, 11.18376618407357093 ) ) ;
#1936 = ADVANCED_FACE ( 'NONE', ( #3685 ), #3045, .T. ) ;
#1937 = VERTEX_POINT ( 'NONE', #2663 ) ;
#1938 = DIRECTION ( 'NONE',  ( 0.000000000000000000, 0.000000000000000000, -1.000000000000000000 ) ) ;
#1939 = CALENDAR_DATE ( 2026, 6, 4 ) ;
#1940 = DIRECTION ( 'NONE',  ( 0.000000000000000000, -7.370867579099568370E-15, -1.000000000000000000 ) ) ;
#1941 = VERTEX_POINT ( 'NONE', #2028 ) ;
#1942 = DIRECTION ( 'NONE',  ( 1.000000000000000000, 0.000000000000000000, 0.000000000000000000 ) ) ;
#1943 = CARTESIAN_POINT ( 'NONE',  ( 74.28000000000000114, 13.91642406272619503, 0.000000000000000000 ) ) ;
#1944 = CARTESIAN_POINT ( 'NONE',  ( 100.0000000000000000, 11.18376618407356382, 27.00000000000001421 ) ) ;
#1945 = CARTESIAN_POINT ( 'NONE',  ( 81.94739049300777367, -16.25242086758387572, 12.47441327564058255 ) ) ;
#1946 = VECTOR ( 'NONE', #975, 1000.000000000000000 ) ;
#1947 = ORIENTED_EDGE ( 'NONE', *, *, #1662, .T. ) ;
#1948 = FACE_OUTER_BOUND ( 'NONE', #3449, .T. ) ;
#1949 = CYLINDRICAL_SURFACE ( 'NONE', #4206, 3.605245064036107117 ) ;
#1950 = DIRECTION ( 'NONE',  ( 0.000000000000000000, -0.000000000000000000, 1.000000000000000000 ) ) ;
#1951 = LINE ( 'NONE', #3268, #1363 ) ;
#1952 = DIRECTION ( 'NONE',  ( 0.000000000000000000, 0.000000000000000000, -1.000000000000000000 ) ) ;
#1953 = VERTEX_POINT ( 'NONE', #3064 ) ;
#1954 = EDGE_CURVE ( 'NONE', #1739, #4209, #530, .T. ) ;
#1955 = EDGE_CURVE ( 'NONE', #1914, #2520, #3726, .T. ) ;
#1956 = DIRECTION ( 'NONE',  ( 0.9184855229425298306, 0.000000000000000000, -0.3954546044048387055 ) ) ;
#1957 = ORIENTED_EDGE ( 'NONE', *, *, #3213, .T. ) ;
#1958 = ADVANCED_FACE ( 'NONE', ( #1709 ), #4030, .F. ) ;
#1959 = DIRECTION ( 'NONE',  ( -0.5000000000000008882, -0.8660254037844381525, 5.939693181744590647E-15 ) ) ;
#1960 = DATE_AND_TIME ( #3361, #1704 ) ;
#1961 = CARTESIAN_POINT ( 'NONE',  ( 26.26210705084205088, 21.67099520954746339, 13.68434384977985019 ) ) ;
#1962 = ORIENTED_EDGE ( 'NONE', *, *, #4142, .T. ) ;
#1963 = CARTESIAN_POINT ( 'NONE',  ( 75.00000000000000000, 6.916424062726162170, -17.49999999999980105 ) ) ;
#1964 = PLANE ( 'NONE',  #2920 ) ;
#1965 = DIRECTION ( 'NONE',  ( -0.8660254037844380415, 0.5000000000000009992, -3.517914071842982662E-15 ) ) ;
#1966 = VERTEX_POINT ( 'NONE', #3665 ) ;
#1967 = CARTESIAN_POINT ( 'NONE',  ( 75.00000000000000000, 13.91642406272619503, -0.000000000000000000 ) ) ;
#1968 = CARTESIAN_POINT ( 'NONE',  ( 33.00000000000000000, 18.41642406280399769, 0.01990683042765901967 ) ) ;
#1969 = CARTESIAN_POINT ( 'NONE',  ( 25.80580657790753563, 15.00623718015200225, 8.822894919786195445 ) ) ;
#1970 = EDGE_LOOP ( 'NONE', ( #1041, #400 ) ) ;
#1971 = FACE_OUTER_BOUND ( 'NONE', #581, .T. ) ;
#1972 = EDGE_CURVE ( 'NONE', #89, #1644, #3375, .T. ) ;
#1973 = ORIENTED_EDGE ( 'NONE', *, *, #2422, .F. ) ;
#1974 = LINE ( 'NONE', #1313, #3160 ) ;
#1975 = AXIS2_PLACEMENT_3D ( 'NONE', #4080, #2129, #1119 ) ;
#1976 = VECTOR ( 'NONE', #2384, 1000.000000000000000 ) ;
#1977 = CIRCLE ( 'NONE', #737, 0.7000000000000027311 ) ;
#1978 = EDGE_CURVE ( 'NONE', #3514, #3686, #3395, .T. ) ;
#1979 = EDGE_CURVE ( 'NONE', #1048, #2713, #358, .T. ) ;
#1980 = FACE_OUTER_BOUND ( 'NONE', #2771, .T. ) ;
#1981 = VERTEX_POINT ( 'NONE', #4048 ) ;
#1982 = EDGE_LOOP ( 'NONE', ( #2613, #212, #1494, #3578, #745 ) ) ;
#1983 = FACE_OUTER_BOUND ( 'NONE', #2754, .T. ) ;
#1984 = DIRECTION ( 'NONE',  ( -0.5000000000000008882, -0.8660254037844381525, 5.939693181744590647E-15 ) ) ;
#1985 = DIRECTION ( 'NONE',  ( 0.000000000000000000, 7.380978235061771560E-15, 1.000000000000000000 ) ) ;
#1986 = EDGE_CURVE ( 'NONE', #1579, #780, #253, .T. ) ;
#1987 = EDGE_LOOP ( 'NONE', ( #40, #539, #594, #309 ) ) ;
#1988 = CARTESIAN_POINT ( 'NONE',  ( 24.03101860023944525, 19.49501311195079367, -12.99935497757380887 ) ) ;
#1989 = DIRECTION ( 'NONE',  ( 0.000000000000000000, 0.000000000000000000, -1.000000000000000000 ) ) ;
#1990 = CIRCLE ( 'NONE', #129, 0.6999999999999820810 ) ;
#1991 = LINE ( 'NONE', #3989, #3849 ) ;
#1992 = ORIENTED_EDGE ( 'NONE', *, *, #1187, .T. ) ;
#1993 = AXIS2_PLACEMENT_3D ( 'NONE', #939, #964, #621 ) ;
#1994 = CARTESIAN_POINT ( 'NONE',  ( 82.34014655601029631, -14.16977760952591048, -9.952055505674888281 ) ) ;
#1995 = VERTEX_POINT ( 'NONE', #1003 ) ;
#1996 = LINE ( 'NONE', #2368, #3022 ) ;
#1997 = DATE_TIME_ROLE ( 'creation_date' ) ;
#1998 = CARTESIAN_POINT ( 'NONE',  ( 25.57564681747131274, 21.75283280911595440, 13.60250625021135740 ) ) ;
#1999 = ORIENTED_EDGE ( 'NONE', *, *, #2440, .F. ) ;
#2000 = VERTEX_POINT ( 'NONE', #1730 ) ;
#2001 = CARTESIAN_POINT ( 'NONE',  ( 25.47390078331457985, 15.19786308000592356, 20.15747597932148594 ) ) ;
#2002 = DIRECTION ( 'NONE',  ( 0.000000000000000000, 0.000000000000000000, -1.000000000000000000 ) ) ;
#2003 = ADVANCED_FACE ( 'NONE', ( #698, #1688 ), #3002, .F. ) ;
#2004 = ADVANCED_FACE ( 'NONE', ( #2318 ), #3642, .F. ) ;
#2005 = DIRECTION ( 'NONE',  ( 0.000000000000000000, 0.000000000000000000, -1.000000000000000000 ) ) ;
#2006 = ORIENTED_EDGE ( 'NONE', *, *, #3698, .F. ) ;
#2007 = FACE_OUTER_BOUND ( 'NONE', #2250, .T. ) ;
#2008 = CARTESIAN_POINT ( 'NONE',  ( 94.80000000000001137, -11.89726821137925228, 20.38248969043705117 ) ) ;
#2009 = EDGE_CURVE ( 'NONE', #264, #1844, #3815, .T. ) ;
#2010 = DIRECTION ( 'NONE',  ( -0.000000000000000000, 1.000000000000000000, 0.000000000000000000 ) ) ;
#2011 = DIRECTION ( 'NONE',  ( -1.000000000000000000, 0.000000000000000000, 0.000000000000000000 ) ) ;
#2012 = ORIENTED_EDGE ( 'NONE', *, *, #2104, .F. ) ;
#2013 = VECTOR ( 'NONE', #675, 1000.000000000000000 ) ;
#2014 = CIRCLE ( 'NONE', #2079, 0.7000000000000051736 ) ;
#2015 = VERTEX_POINT ( 'NONE', #863 ) ;
#2016 = CARTESIAN_POINT ( 'NONE',  ( 83.17944130057664154, -18.11844627136831321, 12.47441327564058788 ) ) ;
#2017 = AXIS2_PLACEMENT_3D ( 'NONE', #388, #3982, #2616 ) ;
#2018 = LINE ( 'NONE', #3338, #3782 ) ;
#2019 = ORIENTED_EDGE ( 'NONE', *, *, #665, .T. ) ;
#2020 = DIRECTION ( 'NONE',  ( -0.5000000000000009992, -0.8660254037844382635, 5.939693181744591436E-15 ) ) ;
#2021 = DIRECTION ( 'NONE',  ( 0.000000000000000000, -7.370867579099568370E-15, -1.000000000000000000 ) ) ;
#2022 = DIRECTION ( 'NONE',  ( 0.000000000000000000, -1.000000000000000000, 7.062148581071887676E-15 ) ) ;
#2023 = EDGE_CURVE ( 'NONE', #246, #1509, #69, .T. ) ;
#2024 = VERTEX_POINT ( 'NONE', #2139 ) ;
#2025 = CARTESIAN_POINT ( 'NONE',  ( 100.0000000000000000, -24.99999999999992895, 10.35533905932754628 ) ) ;
#2026 = CARTESIAN_POINT ( 'NONE',  ( 50.93916778806372747, 10.88778916524157303, 24.46754989408589864 ) ) ;
#2027 = EDGE_CURVE ( 'NONE', #1674, #1560, #1652, .T. ) ;
#2028 = CARTESIAN_POINT ( 'NONE',  ( 95.20000000000000284, 17.66331047422391975, 17.69202858510344356 ) ) ;
#2029 = EDGE_LOOP ( 'NONE', ( #347, #1439, #1364, #2409 ) ) ;
#2030 = LINE ( 'NONE', #3352, #2113 ) ;
#2031 = EDGE_CURVE ( 'NONE', #2446, #3690, #1129, .T. ) ;
#2032 = ORIENTED_EDGE ( 'NONE', *, *, #3251, .F. ) ;
#2033 = AXIS2_PLACEMENT_3D ( 'NONE', #3170, #218, #2786 ) ;
#2034 = ORIENTED_EDGE ( 'NONE', *, *, #3892, .T. ) ;
#2035 = DIRECTION ( 'NONE',  ( 0.000000000000000000, 0.000000000000000000, 1.000000000000000000 ) ) ;
#2036 = ORIENTED_EDGE ( 'NONE', *, *, #741, .T. ) ;
#2037 = AXIS2_PLACEMENT_3D ( 'NONE', #4062, #771, #1742 ) ;
#2038 = ORIENTED_EDGE ( 'NONE', *, *, #32, .T. ) ;
#2039 = DIRECTION ( 'NONE',  ( 0.000000000000000000, 0.000000000000000000, -1.000000000000000000 ) ) ;
#2040 = AXIS2_PLACEMENT_3D ( 'NONE', #3583, #1306, #1607 ) ;
#2041 = DIRECTION ( 'NONE',  ( 1.000000000000000000, -0.000000000000000000, -0.000000000000000000 ) ) ;
#2042 = CARTESIAN_POINT ( 'NONE',  ( 95.20000000000000284, 25.00000000000007461, 10.35533905932718035 ) ) ;
#2043 = AXIS2_PLACEMENT_3D ( 'NONE', #3546, #2523, #1596 ) ;
#2044 = ORIENTED_EDGE ( 'NONE', *, *, #1265, .T. ) ;
#2045 = CARTESIAN_POINT ( 'NONE',  ( 99.80000000000001137, 19.66331047422389844, 15.69202858510344178 ) ) ;
#2046 = DIRECTION ( 'NONE',  ( 1.000000000000000000, -0.000000000000000000, 0.000000000000000000 ) ) ;
#2047 = LINE ( 'NONE', #2629, #2199 ) ;
#2048 = APPLICATION_CONTEXT ( 'configuration controlled 3d designs of mechanical parts and assemblies' ) ;
#2049 = CARTESIAN_POINT ( 'NONE',  ( 80.40842669084736372, -13.05449862537521177, -22.30084043395223503 ) ) ;
#2050 = VERTEX_POINT ( 'NONE', #2745 ) ;
#2051 = EDGE_CURVE ( 'NONE', #577, #1384, #779, .T. ) ;
#2052 = EDGE_CURVE ( 'NONE', #1175, #2584, #3510, .T. ) ;
#2053 = ORIENTED_EDGE ( 'NONE', *, *, #3011, .T. ) ;
#2054 = VECTOR ( 'NONE', #4097, 1000.000000000000000 ) ;
#2055 = AXIS2_PLACEMENT_3D ( 'NONE', #3766, #1431, #823 ) ;
#2056 = ORIENTED_EDGE ( 'NONE', *, *, #2481, .T. ) ;
#2057 = FACE_OUTER_BOUND ( 'NONE', #4032, .T. ) ;
#2058 = EDGE_CURVE ( 'NONE', #505, #3720, #3132, .T. ) ;
#2059 = ORIENTED_EDGE ( 'NONE', *, *, #1084, .F. ) ;
#2060 = ORIENTED_EDGE ( 'NONE', *, *, #1353, .T. ) ;
#2061 = CARTESIAN_POINT ( 'NONE',  ( 99.80000000000001137, 11.89726821137852575, 20.38248969043703696 ) ) ;
#2062 = CARTESIAN_POINT ( 'NONE',  ( 100.0000000000000000, -10.35533905932719634, 25.00000000000007105 ) ) ;
#2063 = CARTESIAN_POINT ( 'NONE',  ( 50.93916778806364931, 10.88778916524127993, -24.46754989408598391 ) ) ;
#2064 = EDGE_LOOP ( 'NONE', ( #933, #1412, #3777, #2700 ) ) ;
#2065 = CYLINDRICAL_SURFACE ( 'NONE', #2841, 3.605245064036107117 ) ;
#2066 = LINE ( 'NONE', #3412, #3619 ) ;
#2067 = DIRECTION ( 'NONE',  ( 1.000000000000000000, -0.000000000000000000, 0.000000000000000000 ) ) ;
#2068 = DIRECTION ( 'NONE',  ( 0.000000000000000000, 0.000000000000000000, -1.000000000000000000 ) ) ;
#2069 = ORIENTED_EDGE ( 'NONE', *, *, #1036, .F. ) ;
#2070 = EDGE_LOOP ( 'NONE', ( #899, #688, #1835, #3324, #1356, #725, #3385, #2884, #3511, #976, #3727, #2558, #3913, #783, #4052 ) ) ;
#2071 = ORIENTED_EDGE ( 'NONE', *, *, #4251, .F. ) ;
#2072 = AXIS2_PLACEMENT_3D ( 'NONE', #859, #1791, #3438 ) ;
#2073 = ADVANCED_FACE ( 'NONE', ( #798 ), #2091, .T. ) ;
#2074 = ORIENTED_EDGE ( 'NONE', *, *, #3136, .F. ) ;
#2075 = CIRCLE ( 'NONE', #3322, 0.7000000000000027311 ) ;
#2076 = ORIENTED_EDGE ( 'NONE', *, *, #3521, .F. ) ;
#2077 = CARTESIAN_POINT ( 'NONE',  ( 99.80000000000001137, 11.89726821137852575, 21.08248969043702559 ) ) ;
#2078 = ORIENTED_EDGE ( 'NONE', *, *, #2440, .T. ) ;
#2079 = AXIS2_PLACEMENT_3D ( 'NONE', #1232, #2222, #3548 ) ;
#2080 = EDGE_CURVE ( 'NONE', #2555, #1653, #4274, .T. ) ;
#2081 = ORIENTED_EDGE ( 'NONE', *, *, #2213, .F. ) ;
#2082 = LINE ( 'NONE', #3717, #3778 ) ;
#2083 = CARTESIAN_POINT ( 'NONE',  ( 83.99908457923309868, -19.74636807731953425, -15.25751664194254964 ) ) ;
#2084 = CARTESIAN_POINT ( 'NONE',  ( 98.20000000000000284, 17.66331047422391975, 17.69202858510344356 ) ) ;
#2085 = AXIS2_PLACEMENT_3D ( 'NONE', #2843, #2820, #3826 ) ;
#2086 = ORIENTED_EDGE ( 'NONE', *, *, #3943, .T. ) ;
#2087 = CYLINDRICAL_SURFACE ( 'NONE', #1605, 3.500000000000016875 ) ;
#2088 = DIRECTION ( 'NONE',  ( 1.000000000000000000, -0.000000000000000000, -0.000000000000000000 ) ) ;
#2089 = LINE ( 'NONE', #3413, #1015 ) ;
#2090 = DIRECTION ( 'NONE',  ( -0.5000000000000008882, -0.8660254037844381525, 5.939693181744590647E-15 ) ) ;
#2091 = PLANE ( 'NONE',  #3592 ) ;
#2092 = ORIENTED_EDGE ( 'NONE', *, *, #3603, .F. ) ;
#2093 = ORIENTED_EDGE ( 'NONE', *, *, #2023, .F. ) ;
#2094 = EDGE_LOOP ( 'NONE', ( #325, #1663, #1255, #2790 ) ) ;
#2095 = EDGE_LOOP ( 'NONE', ( #3906, #1390, #1237, #1732, #2292, #4210, #1504, #1569 ) ) ;
#2096 = DIRECTION ( 'NONE',  ( 1.000000000000000000, 0.000000000000000000, -0.000000000000000000 ) ) ;
#2097 = CC_DESIGN_PERSON_AND_ORGANIZATION_ASSIGNMENT ( #1395, #60, ( #2794 ) ) ;
#2098 = ORIENTED_EDGE ( 'NONE', *, *, #1561, .T. ) ;
#2099 = ORIENTED_EDGE ( 'NONE', *, *, #2138, .T. ) ;
#2100 = PLANE ( 'NONE',  #4119 ) ;
#2101 = CARTESIAN_POINT ( 'NONE',  ( 78.53152612775305386, -15.43497119516827176, -17.87967236052948650 ) ) ;
#2102 = PLANE ( 'NONE',  #113 ) ;
#2103 = EDGE_CURVE ( 'NONE', #1068, #1175, #4135, .T. ) ;
#2104 = EDGE_CURVE ( 'NONE', #2367, #1413, #3725, .T. ) ;
#2105 = ORIENTED_EDGE ( 'NONE', *, *, #1686, .F. ) ;
#2106 = DIRECTION ( 'NONE',  ( -0.5000000000000008882, -0.8660254037844381525, 5.939693181744590647E-15 ) ) ;
#2107 = DIRECTION ( 'NONE',  ( 1.000000000000000000, -0.000000000000000000, 0.000000000000000000 ) ) ;
#2108 = DIRECTION ( 'NONE',  ( -0.5000000000000009992, -0.8660254037844381525, 5.974264125907593365E-15 ) ) ;
#2109 = VECTOR ( 'NONE', #1895, 1000.000000000000000 ) ;
#2110 = FACE_OUTER_BOUND ( 'NONE', #319, .T. ) ;
#2111 = EDGE_CURVE ( 'NONE', #2584, #1775, #2965, .T. ) ;
#2112 = VECTOR ( 'NONE', #437, 1000.000000000000000 ) ;
#2113 = VECTOR ( 'NONE', #1369, 1000.000000000000000 ) ;
#2114 = DIRECTION ( 'NONE',  ( 1.000000000000000000, 0.000000000000000000, 0.000000000000000000 ) ) ;
#2115 = DIRECTION ( 'NONE',  ( 0.000000000000000000, 0.000000000000000000, 1.000000000000000000 ) ) ;
#2116 = EDGE_LOOP ( 'NONE', ( #2286, #2667 ) ) ;
#2117 = ORIENTED_EDGE ( 'NONE', *, *, #79, .T. ) ;
#2118 = ORIENTED_EDGE ( 'NONE', *, *, #4154, .T. ) ;
#2119 = ORIENTED_EDGE ( 'NONE', *, *, #3844, .F. ) ;
#2120 = ORIENTED_EDGE ( 'NONE', *, *, #1480, .F. ) ;
#2121 = LINE ( 'NONE', #490, #568 ) ;
#2122 = CARTESIAN_POINT ( 'NONE',  ( 83.67944130057664154, -17.25242086758402849, -9.952055505674795910 ) ) ;
#2124 = EDGE_LOOP ( 'NONE', ( #3297, #4103, #439, #2869, #1630, #3880, #4153, #787, #1992, #1022, #760, #3139, #487, #2169, #2565, #359, #28, #2928, #1721, #1891 ) ) ;
#2123 = AXIS2_PLACEMENT_3D ( 'NONE', #553, #1199, #2166 ) ;
#2125 = VECTOR ( 'NONE', #3577, 1000.000000000000000 ) ;
#2126 = ORIENTED_EDGE ( 'NONE', *, *, #1617, .F. ) ;
#2127 = DIRECTION ( 'NONE',  ( -0.5000000000000009992, -0.8660254037844382635, 5.939693181744591436E-15 ) ) ;
#2128 = VECTOR ( 'NONE', #2382, 1000.000000000000114 ) ;
#2129 = DIRECTION ( 'NONE',  ( -1.000000000000000000, 0.000000000000000000, 0.000000000000000000 ) ) ;
#2130 = EDGE_CURVE ( 'NONE', #2421, #3405, #546, .T. ) ;
#2131 = ORIENTED_EDGE ( 'NONE', *, *, #3916, .F. ) ;
#2132 = CARTESIAN_POINT ( 'NONE',  ( 15.94934295108999933, 27.62507233862834610, -1.873119083550802242E-13 ) ) ;
#2133 = EDGE_CURVE ( 'NONE', #244, #3712, #2832, .T. ) ;
#2134 = CARTESIAN_POINT ( 'NONE',  ( 94.80000000000001137, -11.89726821137925228, 21.08248969043705401 ) ) ;
#2135 = CYLINDRICAL_SURFACE ( 'NONE', #329, 13.93804725562687175 ) ;
#2136 = DIRECTION ( 'NONE',  ( -0.7754764868735120054, 0.4477215584466454623, -0.4451759476975624130 ) ) ;
#2137 = DIRECTION ( 'NONE',  ( -0.5000000000000009992, -0.8660254037844381525, 5.884182030513328087E-15 ) ) ;
#2138 = EDGE_CURVE ( 'NONE', #4074, #3903, #1860, .T. ) ;
#2139 = CARTESIAN_POINT ( 'NONE',  ( 94.00000000000000000, 23.06207367784963935, 6.386114082350560217 ) ) ;
#2140 = EDGE_LOOP ( 'NONE', ( #3937, #1719, #1588, #855 ) ) ;
#2141 = VECTOR ( 'NONE', #2834, 1000.000000000000000 ) ;
#2142 = EDGE_LOOP ( 'NONE', ( #679, #826, #1180, #2590 ) ) ;
#2143 = ORIENTED_EDGE ( 'NONE', *, *, #2104, .T. ) ;
#2144 = LINE ( 'NONE', #2908, #341 ) ;
#2145 = AXIS2_PLACEMENT_3D ( 'NONE', #1470, #838, #2853 ) ;
#2146 = ORIENTED_EDGE ( 'NONE', *, *, #2960, .F. ) ;
#2147 = VERTEX_POINT ( 'NONE', #1150 ) ;
#2148 = LINE ( 'NONE', #1461, #3399 ) ;
#2149 = DIRECTION ( 'NONE',  ( 0.000000000000000000, 0.000000000000000000, 1.000000000000000000 ) ) ;
#2150 = AXIS2_PLACEMENT_3D ( 'NONE', #3600, #2204, #3266 ) ;
#2151 = ORIENTED_EDGE ( 'NONE', *, *, #178, .T. ) ;
#2152 = FACE_OUTER_BOUND ( 'NONE', #2576, .T. ) ;
#2153 = CIRCLE ( 'NONE', #3187, 0.7000000000000027311 ) ;
#2154 = DIRECTION ( 'NONE',  ( 0.000000000000000000, -0.7071067811865474617, -0.7071067811865474617 ) ) ;
#2155 = FACE_OUTER_BOUND ( 'NONE', #2812, .T. ) ;
#2156 = CARTESIAN_POINT ( 'NONE',  ( 99.80000000000001137, -0.000000000000000000, -25.00000000000023093 ) ) ;
#2157 = CARTESIAN_POINT ( 'NONE',  ( 98.20000000000000284, 0.000000000000000000, 0.000000000000000000 ) ) ;
#2158 = EDGE_CURVE ( 'NONE', #95, #1649, #1104, .T. ) ;
#2159 = CARTESIAN_POINT ( 'NONE',  ( 81.94636433865939296, -16.25182841709461812, 12.47441327564050617 ) ) ;
#2160 = CARTESIAN_POINT ( 'NONE',  ( 26.42735012705465181, 14.64738884473879033, 1.531983828600302466 ) ) ;
#2161 = ORIENTED_EDGE ( 'NONE', *, *, #2624, .T. ) ;
#2162 = EDGE_CURVE ( 'NONE', #2726, #2373, #3836, .T. ) ;
#2163 = ORIENTED_EDGE ( 'NONE', *, *, #1893, .F. ) ;
#2164 = VERTEX_POINT ( 'NONE', #3110 ) ;
#2165 = LINE ( 'NONE', #2517, #2640 ) ;
#2166 = DIRECTION ( 'NONE',  ( 0.000000000000000000, 0.000000000000000000, -1.000000000000000000 ) ) ;
#2167 = EDGE_CURVE ( 'NONE', #292, #2015, #154, .T. ) ;
#2168 = EDGE_LOOP ( 'NONE', ( #1933, #1181, #1151, #524, #3785, #2495 ) ) ;
#2169 = ORIENTED_EDGE ( 'NONE', *, *, #1893, .T. ) ;
#2170 = CARTESIAN_POINT ( 'NONE',  ( 74.28000000000000114, 10.35533905932718568, -25.00000000000007816 ) ) ;
#2171 = DIRECTION ( 'NONE',  ( 0.000000000000000000, 0.000000000000000000, 1.000000000000000000 ) ) ;
#2172 = EDGE_LOOP ( 'NONE', ( #2266, #1177, #808, #1787 ) ) ;
#2173 = CARTESIAN_POINT ( 'NONE',  ( 85.17325600902822202, -15.80547411486937470, 5.414747533009935943 ) ) ;
#2174 = CARTESIAN_POINT ( 'NONE',  ( 98.20000000000000284, 17.62711787586706436, -17.72822118346030962 ) ) ;
#2175 = DIRECTION ( 'NONE',  ( 0.5000000000000009992, 0.8660254037844380415, -5.998755208716082877E-15 ) ) ;
#2176 = CARTESIAN_POINT ( 'NONE',  ( 94.80000000000001137, 11.89726821137852575, -21.08248969043735954 ) ) ;
#2177 = CARTESIAN_POINT ( 'NONE',  ( 83.17944130057664154, -18.11844627136846597, -9.952055505674790581 ) ) ;
#2178 = DIRECTION ( 'NONE',  ( 0.000000000000000000, 1.000000000000000000, 1.551108497285260326E-16 ) ) ;
#2179 = DIRECTION ( 'NONE',  ( 0.5000000000000009992, 0.8660254037844381525, -5.884182030513328087E-15 ) ) ;
#2180 = ORIENTED_EDGE ( 'NONE', *, *, #1793, .T. ) ;
#2181 = AXIS2_PLACEMENT_3D ( 'NONE', #3431, #3123, #1183 ) ;
#2182 = AXIS2_PLACEMENT_3D ( 'NONE', #593, #982, #1952 ) ;
#2183 = VECTOR ( 'NONE', #3311, 999.9999999999998863 ) ;
#2184 = AXIS2_PLACEMENT_3D ( 'NONE', #2894, #2591, #213 ) ;
#2185 = DIRECTION ( 'NONE',  ( 1.000000000000000000, -0.000000000000000000, -0.000000000000000000 ) ) ;
#2186 = ORIENTED_EDGE ( 'NONE', *, *, #3582, .F. ) ;
#2187 = EDGE_CURVE ( 'NONE', #2840, #1194, #3601, .T. ) ;
#2188 = EDGE_CURVE ( 'NONE', #3363, #1110, #2205, .T. ) ;
#2189 = CARTESIAN_POINT ( 'NONE',  ( 23.63826253723693327, 17.41236985389284442, 12.99935497757364367 ) ) ;
#2190 = DIRECTION ( 'NONE',  ( 0.5000000000000009992, 0.8660254037844380415, -5.995204332975845318E-15 ) ) ;
#2191 = ORIENTED_EDGE ( 'NONE', *, *, #1765, .F. ) ;
#2192 = ORIENTED_EDGE ( 'NONE', *, *, #3926, .F. ) ;
#2193 = EDGE_CURVE ( 'NONE', #3478, #801, #3879, .T. ) ;
#2194 = CARTESIAN_POINT ( 'NONE',  ( 94.80000000000001137, 0.000000000000000000, -17.70169356637262936 ) ) ;
#2195 = PLANE ( 'NONE',  #3579 ) ;
#2196 = CIRCLE ( 'NONE', #1372, 0.7000000000000027311 ) ;
#2197 = ORIENTED_EDGE ( 'NONE', *, *, #2429, .F. ) ;
#2198 = FACE_OUTER_BOUND ( 'NONE', #489, .T. ) ;
#2199 = VECTOR ( 'NONE', #2972, 1000.000000000000000 ) ;
#2200 = LINE ( 'NONE', #3830, #712 ) ;
#2201 = VECTOR ( 'NONE', #1493, 1000.000000000000000 ) ;
#2202 = CARTESIAN_POINT ( 'NONE',  ( 84.04027687350017572, -19.77015045950297534, 15.58518859982442173 ) ) ;
#2203 = CARTESIAN_POINT ( 'NONE',  ( 41.45173149449954053, 18.41642406280399769, 3.625151894463765956 ) ) ;
#2204 = DIRECTION ( 'NONE',  ( 1.000000000000000000, -0.000000000000000000, 0.000000000000000000 ) ) ;
#2205 = LINE ( 'NONE', #978, #2125 ) ;
#2206 = ORIENTED_EDGE ( 'NONE', *, *, #4198, .T. ) ;
#2207 = LINE ( 'NONE', #1931, #672 ) ;
#2208 = DIRECTION ( 'NONE',  ( 1.000000000000000000, -0.000000000000000000, 0.000000000000000000 ) ) ;
#2209 = EDGE_LOOP ( 'NONE', ( #346, #2071, #1100, #3270, #1246 ) ) ;
#2210 = CARTESIAN_POINT ( 'NONE',  ( 25.58773977040422665, 22.06034134044073625, -13.29499771888670523 ) ) ;
#2211 = CARTESIAN_POINT ( 'NONE',  ( 27.93712804195351040, 17.23981977429311740, -1.533095239755809525 ) ) ;
#2212 = PRODUCT_DEFINITION ( 'UNKNOWN', '', #3564, #2600 ) ;
#2213 = EDGE_CURVE ( 'NONE', #2580, #205, #2923, .T. ) ;
#2214 = VERTEX_POINT ( 'NONE', #2901 ) ;
#2215 = ORIENTED_EDGE ( 'NONE', *, *, #768, .F. ) ;
#2216 = DIRECTION ( 'NONE',  ( 1.000000000000000000, 0.000000000000000000, 0.000000000000000000 ) ) ;
#2217 = CARTESIAN_POINT ( 'NONE',  ( 78.03152612775305386, -16.30099659895271103, -17.87967236052947939 ) ) ;
#2218 = EDGE_CURVE ( 'NONE', #1279, #2247, #2945, .T. ) ;
#2219 = VECTOR ( 'NONE', #4194, 1000.000000000000000 ) ;
#2220 = ORIENTED_EDGE ( 'NONE', *, *, #2942, .F. ) ;
#2221 = CYLINDRICAL_SURFACE ( 'NONE', #944, 0.7000000000000027311 ) ;
#2222 = DIRECTION ( 'NONE',  ( -0.5000000000000009992, -0.8660254037844381525, 5.884182030513328087E-15 ) ) ;
#2223 = CARTESIAN_POINT ( 'NONE',  ( 77.89254349478834172, -11.60195278488068205, 7.211300305656714649 ) ) ;
#2224 = CARTESIAN_POINT ( 'NONE',  ( 25.58760094927785289, 15.13221825857984726, -18.82373548403418440 ) ) ;
#2225 = VECTOR ( 'NONE', #3664, 1000.000000000000114 ) ;
#2226 = DIRECTION ( 'NONE',  ( 0.000000000000000000, 7.380978235061771560E-15, 1.000000000000000000 ) ) ;
#2227 = DIRECTION ( 'NONE',  ( 0.7745966692414825161, -0.4472135954999555407, 0.4472135954999619245 ) ) ;
#2228 = ORIENTED_EDGE ( 'NONE', *, *, #1817, .T. ) ;
#2229 = AXIS2_PLACEMENT_3D ( 'NONE', #1784, #3407, #3122 ) ;
#2230 = DIRECTION ( 'NONE',  ( 0.8618598127375316498, -0.4975949948877351203, 0.09796368842944669364 ) ) ;
#2231 = EDGE_LOOP ( 'NONE', ( #3356, #2652, #1628, #57 ) ) ;
#2232 = DIRECTION ( 'NONE',  ( 0.000000000000000000, 1.000000000000000000, -0.000000000000000000 ) ) ;
#2233 = PLANE ( 'NONE',  #2544 ) ;
#2234 = ORIENTED_EDGE ( 'NONE', *, *, #3244, .F. ) ;
#2235 = CARTESIAN_POINT ( 'NONE',  ( 88.26926502416321796, -13.62460836281288223, -21.73073069651455569 ) ) ;
#2236 = ORIENTED_EDGE ( 'NONE', *, *, #3468, .T. ) ;
#2237 = DIRECTION ( 'NONE',  ( 0.000000000000000000, -0.7071067811865422437, 0.7071067811865527908 ) ) ;
#2238 = DIRECTION ( 'NONE',  ( 0.000000000000000000, 1.000000000000000000, 0.000000000000000000 ) ) ;
#2239 = ORIENTED_EDGE ( 'NONE', *, *, #1350, .F. ) ;
#2240 = CARTESIAN_POINT ( 'NONE',  ( 70.87150000782797576, -7.548351437692373267, -42.90369049701936888 ) ) ;
#2241 = CARTESIAN_POINT ( 'NONE',  ( 75.00000000000000000, 10.41642406272617905, 19.20000000000045404 ) ) ;
#2242 = ADVANCED_FACE ( 'NONE', ( #3531, #653 ), #635, .T. ) ;
#2243 = EDGE_CURVE ( 'NONE', #2000, #2346, #3902, .T. ) ;
#2244 = CARTESIAN_POINT ( 'NONE',  ( 75.00000000000000000, 10.41642406272615418, 1.595945597898662527E-13 ) ) ;
#2245 = DIRECTION ( 'NONE',  ( 0.8660254037844377084, -0.5000000000000015543, 0.000000000000000000 ) ) ;
#2246 = AXIS2_PLACEMENT_3D ( 'NONE', #1526, #2264, #2934 ) ;
#2247 = VERTEX_POINT ( 'NONE', #4196 ) ;
#2248 = CARTESIAN_POINT ( 'NONE',  ( 14.44934295108999045, 25.02699612727501943, -1.704054566726330304E-13 ) ) ;
#2249 = CARTESIAN_POINT ( 'NONE',  ( 100.0000000000000000, -17.67766952966381666, -17.67766952966356442 ) ) ;
#2250 = EDGE_LOOP ( 'NONE', ( #3828, #4248, #514, #2323 ) ) ;
#2251 = ADVANCED_FACE ( 'NONE', ( #287 ), #1949, .F. ) ;
#2252 = DIRECTION ( 'NONE',  ( 0.000000000000000000, 0.000000000000000000, 1.000000000000000000 ) ) ;
#2253 = VECTOR ( 'NONE', #2022, 1000.000000000000000 ) ;
#2254 = CARTESIAN_POINT ( 'NONE',  ( 100.0000000000000000, 11.18376618407357981, -27.00000000000000711 ) ) ;
#2255 = EDGE_LOOP ( 'NONE', ( #4072, #3111, #3425, #2479 ) ) ;
#2256 = DIRECTION ( 'NONE',  ( 0.000000000000000000, 0.000000000000000000, 1.000000000000000000 ) ) ;
#2257 = AXIS2_PLACEMENT_3D ( 'NONE', #997, #4001, #3960 ) ;
#2258 = CARTESIAN_POINT ( 'NONE',  ( 75.00000000000000000, 6.916424062726162170, 0.000000000000000000 ) ) ;
#2259 = LOCAL_TIME ( 14, 45, 9.000000000000000000, #1676 ) ;
#2260 = VECTOR ( 'NONE', #379, 1000.000000000000000 ) ;
#2261 = LINE ( 'NONE', #2583, #803 ) ;
#2262 = ORIENTED_EDGE ( 'NONE', *, *, #2302, .T. ) ;
#2263 = DIRECTION ( 'NONE',  ( -1.000000000000000000, -0.000000000000000000, -0.000000000000000000 ) ) ;
#2264 = DIRECTION ( 'NONE',  ( -0.5000000000000009992, -0.8660254037844382635, 5.939693181744591436E-15 ) ) ;
#2265 = CARTESIAN_POINT ( 'NONE',  ( 19.79567050253834282, 17.32149032275338740, 0.8350236694110397817 ) ) ;
#2266 = ORIENTED_EDGE ( 'NONE', *, *, #4154, .F. ) ;
#2267 = DIRECTION ( 'NONE',  ( -0.08483904282822356258, 0.04898184421465828775, -0.9951899897754808988 ) ) ;
#2268 = CARTESIAN_POINT ( 'NONE',  ( 94.80000000000001137, -9.621037113853832423, 0.000000000000000000 ) ) ;
#2269 = CARTESIAN_POINT ( 'NONE',  ( 6.496101615137908070, 25.00000000000007461, 10.35533905932718035 ) ) ;
#2270 = DIRECTION ( 'NONE',  ( -0.000000000000000000, 0.7071067811865526798, 0.7071067811865424657 ) ) ;
#2271 = EDGE_CURVE ( 'NONE', #1803, #4268, #932, .T. ) ;
#2272 = EDGE_CURVE ( 'NONE', #814, #4007, #2575, .T. ) ;
#2273 = AXIS2_PLACEMENT_3D ( 'NONE', #625, #537, #1938 ) ;
#2274 = VECTOR ( 'NONE', #484, 1000.000000000000227 ) ;
#2275 = ORIENTED_EDGE ( 'NONE', *, *, #512, .F. ) ;
#2276 = CARTESIAN_POINT ( 'NONE',  ( 26.55561922388694640, 13.41863210877470003, 1.603396321843225225 ) ) ;
#2277 = CARTESIAN_POINT ( 'NONE',  ( 85.99908457923309868, -16.28226646218178786, -15.25751664194257273 ) ) ;
#2278 = DIRECTION ( 'NONE',  ( -0.7754764868735130046, 0.4477215584466521792, 0.4451759476975538643 ) ) ;
#2279 = ORIENTED_EDGE ( 'NONE', *, *, #3784, .F. ) ;
#2280 = CARTESIAN_POINT ( 'NONE',  ( 75.00000000000000000, 23.06207367784804418, -6.386114082353346433 ) ) ;
#2281 = DIRECTION ( 'NONE',  ( 0.000000000000000000, -0.7071067811865422437, 0.7071067811865527908 ) ) ;
#2282 = ORIENTED_EDGE ( 'NONE', *, *, #1404, .F. ) ;
#2283 = CARTESIAN_POINT ( 'NONE',  ( 99.80000000000001137, -17.67766952966355731, 17.67766952966381311 ) ) ;
#2284 = CARTESIAN_POINT ( 'NONE',  ( 25.83842932141605075, 21.60111525972514102, 13.75422379960217789 ) ) ;
#2285 = ORIENTED_EDGE ( 'NONE', *, *, #1978, .T. ) ;
#2286 = ORIENTED_EDGE ( 'NONE', *, *, #2422, .T. ) ;
#2287 = CARTESIAN_POINT ( 'NONE',  ( 94.80000000000001137, -10.35533905932719634, 25.00000000000007105 ) ) ;
#2288 = CARTESIAN_POINT ( 'NONE',  ( 98.20000000000000284, 6.916424062726162170, 15.69202858510344178 ) ) ;
#2289 = DIRECTION ( 'NONE',  ( 0.000000000000000000, 0.000000000000000000, -1.000000000000000000 ) ) ;
#2290 = DIRECTION ( 'NONE',  ( 0.8660254037844381525, -0.5000000000000007772, 0.000000000000000000 ) ) ;
#2291 = VECTOR ( 'NONE', #1768, 999.9999999999998863 ) ;
#2292 = ORIENTED_EDGE ( 'NONE', *, *, #1711, .T. ) ;
#2293 = DIRECTION ( 'NONE',  ( 0.8660254037844361541, -0.5000000000000042188, 0.000000000000000000 ) ) ;
#2294 = DIRECTION ( 'NONE',  ( 1.000000000000000000, -0.000000000000000000, -0.000000000000000000 ) ) ;
#2295 = EDGE_CURVE ( 'NONE', #4240, #1914, #1925, .T. ) ;
#2296 = LINE ( 'NONE', #2925, #2533 ) ;
#2297 = CARTESIAN_POINT ( 'NONE',  ( 25.37031334480580824, 16.41236985389266323, -12.99935497757371650 ) ) ;
#2298 = EDGE_LOOP ( 'NONE', ( #249, #3756, #187, #438, #4253 ) ) ;
#2299 = VECTOR ( 'NONE', #4009, 1000.000000000000000 ) ;
#2300 = LINE ( 'NONE', #754, #2128 ) ;
#2301 = ADVANCED_FACE ( 'NONE', ( #1539 ), #3267, .T. ) ;
#2302 = EDGE_CURVE ( 'NONE', #3447, #342, #220, .T. ) ;
#2303 = FACE_OUTER_BOUND ( 'NONE', #1982, .T. ) ;
#2304 = VERTEX_POINT ( 'NONE', #4174 ) ;
#2305 = DIRECTION ( 'NONE',  ( -0.5000000000000009992, -0.8660254037844381525, 5.974264125907593365E-15 ) ) ;
#2306 = DIRECTION ( 'NONE',  ( -1.000000000000000000, 0.000000000000000000, 0.000000000000000000 ) ) ;
#2307 = EDGE_CURVE ( 'NONE', #244, #814, #1880, .T. ) ;
#2308 = CARTESIAN_POINT ( 'NONE',  ( 75.00000000000000000, 10.67309840838955459, 1.596259933314502270E-13 ) ) ;
#2309 = VERTEX_POINT ( 'NONE', #1559 ) ;
#2310 = ORIENTED_EDGE ( 'NONE', *, *, #757, .F. ) ;
#2311 = FACE_OUTER_BOUND ( 'NONE', #1861, .T. ) ;
#2312 = PLANE ( 'NONE',  #1814 ) ;
#2313 = CARTESIAN_POINT ( 'NONE',  ( 98.20000000000000284, 6.916424062726162170, -17.72822118346030607 ) ) ;
#2314 = EDGE_LOOP ( 'NONE', ( #1551, #1156, #930, #2888, #2992 ) ) ;
#2315 = FACE_OUTER_BOUND ( 'NONE', #874, .T. ) ;
#2316 = LINE ( 'NONE', #717, #1263 ) ;
#2317 = PLANE ( 'NONE',  #3290 ) ;
#2318 = FACE_OUTER_BOUND ( 'NONE', #2628, .T. ) ;
#2319 = ORIENTED_EDGE ( 'NONE', *, *, #375, .T. ) ;
#2320 = DIRECTION ( 'NONE',  ( 1.000000000000000000, 0.000000000000000000, -0.000000000000000000 ) ) ;
#2321 = ADVANCED_FACE ( 'NONE', ( #4264, #3553 ), #1625, .T. ) ;
#2322 = EDGE_CURVE ( 'NONE', #2555, #119, #2875, .T. ) ;
#2323 = ORIENTED_EDGE ( 'NONE', *, *, #1711, .F. ) ;
#2324 = FACE_OUTER_BOUND ( 'NONE', #440, .T. ) ;
#2325 = VECTOR ( 'NONE', #4040, 1000.000000000000114 ) ;
#2326 = VECTOR ( 'NONE', #936, 999.9999999999998863 ) ;
#2327 = VECTOR ( 'NONE', #3689, 1000.000000000000114 ) ;
#2328 = CIRCLE ( 'NONE', #333, 3.500000000000015099 ) ;
#2329 = CARTESIAN_POINT ( 'NONE',  ( 3.032000000000298456, 27.00000000000001066, 11.18376618407356737 ) ) ;
#2330 = ORIENTED_EDGE ( 'NONE', *, *, #2193, .F. ) ;
#2331 = EDGE_CURVE ( 'NONE', #2580, #2675, #3242, .T. ) ;
#2332 = VERTEX_POINT ( 'NONE', #3041 ) ;
#2333 = DIRECTION ( 'NONE',  ( 1.000000000000000000, 0.000000000000000000, 0.000000000000000000 ) ) ;
#2334 = CARTESIAN_POINT ( 'NONE',  ( 99.80000000000001137, -11.89726821137925228, -20.38248969043735670 ) ) ;
#2335 = PLANE ( 'NONE',  #4259 ) ;
#2336 = EDGE_LOOP ( 'NONE', ( #2876, #1201, #3003, #1548 ) ) ;
#2337 = CARTESIAN_POINT ( 'NONE',  ( 98.20000000000000284, 6.916424062726162170, 17.69202858510344356 ) ) ;
#2338 = DIRECTION ( 'NONE',  ( 0.000000000000000000, 0.000000000000000000, -1.000000000000000000 ) ) ;
#2339 = AXIS2_PLACEMENT_3D ( 'NONE', #301, #362, #703 ) ;
#2340 = VECTOR ( 'NONE', #1212, 1000.000000000000114 ) ;
#2341 = DIRECTION ( 'NONE',  ( -0.9184855229424696565, 0.000000000000000000, -0.3954546044049787046 ) ) ;
#2342 = ORIENTED_EDGE ( 'NONE', *, *, #659, .F. ) ;
#2343 = CIRCLE ( 'NONE', #1993, 1.999999999999999556 ) ;
#2344 = CYLINDRICAL_SURFACE ( 'NONE', #3429, 24.53583639576845954 ) ;
#2345 = LINE ( 'NONE', #3668, #2260 ) ;
#2346 = VERTEX_POINT ( 'NONE', #1708 ) ;
#2347 = CARTESIAN_POINT ( 'NONE',  ( 94.80000000000001137, 11.89726821137852575, 20.38248969043703696 ) ) ;
#2348 = APPROVAL_DATE_TIME ( #1354, #316 ) ;
#2349 = ADVANCED_FACE ( 'NONE', ( #2721 ), #1728, .F. ) ;
#2350 = LINE ( 'NONE', #2265, #3948 ) ;
#2351 = ORIENTED_EDGE ( 'NONE', *, *, #636, .F. ) ;
#2352 = CARTESIAN_POINT ( 'NONE',  ( 73.27150000782795303, -5.469890468609121648, 40.82522952793682691 ) ) ;
#2353 = DIRECTION ( 'NONE',  ( -0.5000000000000009992, -0.8660254037844381525, 5.939693181744591436E-15 ) ) ;
#2354 = FACE_OUTER_BOUND ( 'NONE', #864, .T. ) ;
#2355 = EDGE_CURVE ( 'NONE', #2797, #3537, #412, .T. ) ;
#2356 = VECTOR ( 'NONE', #3462, 1000.000000000000000 ) ;
#2357 = EDGE_LOOP ( 'NONE', ( #465, #3340, #2977, #2473, #3900, #4036, #3365, #4073, #1204, #2262, #395, #1508 ) ) ;
#2358 = CARTESIAN_POINT ( 'NONE',  ( 100.0000000000000000, -10.35533905932755516, -24.99999999999992895 ) ) ;
#2359 = DIRECTION ( 'NONE',  ( -0.5000000000000009992, -0.8660254037844380415, 6.067325867585225652E-15 ) ) ;
#2360 = EDGE_CURVE ( 'NONE', #2840, #4175, #91, .T. ) ;
#2361 = DIRECTION ( 'NONE',  ( 0.8660254037844380415, -0.5000000000000008882, 0.000000000000000000 ) ) ;
#2362 = ORIENTED_EDGE ( 'NONE', *, *, #2716, .T. ) ;
#2363 = AXIS2_PLACEMENT_3D ( 'NONE', #1365, #2701, #2293 ) ;
#2364 = ADVANCED_BREP_SHAPE_REPRESENTATION ( 'newBottomNoGear', ( #3308, #4120 ), #1143 ) ;
#2365 = DIRECTION ( 'NONE',  ( -0.8618598127375317608, 0.4975949948877363416, 0.09796368842943975475 ) ) ;
#2366 = VECTOR ( 'NONE', #3261, 1000.000000000000000 ) ;
#2367 = VERTEX_POINT ( 'NONE', #3285 ) ;
#2368 = CARTESIAN_POINT ( 'NONE',  ( 94.80000000000001137, 0.000000000000000000, 17.70169356637232738 ) ) ;
#2369 = PERSON_AND_ORGANIZATION ( #3131, #534 ) ;
#2370 = AXIS2_PLACEMENT_3D ( 'NONE', #124, #2778, #3388 ) ;
#2371 = ORIENTED_EDGE ( 'NONE', *, *, #585, .T. ) ;
#2372 = ORIENTED_EDGE ( 'NONE', *, *, #3029, .F. ) ;
#2373 = VERTEX_POINT ( 'NONE', #2702 ) ;
#2374 = LINE ( 'NONE', #3318, #3148 ) ;
#2375 = DIRECTION ( 'NONE',  ( -0.9184855229424244705, 0.000000000000000000, 0.3954546044050835651 ) ) ;
#2376 = FACE_OUTER_BOUND ( 'NONE', #1090, .T. ) ;
#2377 = EDGE_CURVE ( 'NONE', #577, #3494, #3544, .T. ) ;
#2378 = ORIENTED_EDGE ( 'NONE', *, *, #102, .F. ) ;
#2379 = CARTESIAN_POINT ( 'NONE',  ( 99.80000000000001137, 6.916424062726162170, -25.00000000000005329 ) ) ;
#2380 = EDGE_CURVE ( 'NONE', #2937, #513, #1344, .T. ) ;
#2381 = DIRECTION ( 'NONE',  ( -1.000000000000000000, 0.000000000000000000, -0.000000000000000000 ) ) ;
#2382 = DIRECTION ( 'NONE',  ( -0.08483904282832147037, 0.04898184421472860650, 0.9951899897754690194 ) ) ;
#2383 = ADVANCED_FACE ( 'NONE', ( #72 ), #336, .T. ) ;
#2384 = DIRECTION ( 'NONE',  ( -1.000000000000000000, -0.000000000000000000, -0.000000000000000000 ) ) ;
#2385 = ORIENTED_EDGE ( 'NONE', *, *, #3870, .T. ) ;
#2386 = EDGE_LOOP ( 'NONE', ( #3736, #4063 ) ) ;
#2387 = ORIENTED_EDGE ( 'NONE', *, *, #1978, .F. ) ;
#2388 = DIRECTION ( 'NONE',  ( 0.000000000000000000, 0.7071067811865474617, -0.7071067811865474617 ) ) ;
#2389 = ORIENTED_EDGE ( 'NONE', *, *, #713, .F. ) ;
#2390 = VECTOR ( 'NONE', #1642, 1000.000000000000000 ) ;
#2391 = ORIENTED_EDGE ( 'NONE', *, *, #3899, .F. ) ;
#2392 = DIRECTION ( 'NONE',  ( 0.8660254037844380415, -0.5000000000000009992, 0.000000000000000000 ) ) ;
#2393 = VECTOR ( 'NONE', #469, 1000.000000000000000 ) ;
#2394 = DIRECTION ( 'NONE',  ( 1.000000000000000000, -0.000000000000000000, 0.000000000000000000 ) ) ;
#2395 = LINE ( 'NONE', #1681, #1836 ) ;
#2396 = VECTOR ( 'NONE', #2566, 1000.000000000000000 ) ;
#2397 = ORIENTED_EDGE ( 'NONE', *, *, #1929, .F. ) ;
#2398 = CYLINDRICAL_SURFACE ( 'NONE', #364, 0.7000000000000051736 ) ;
#2399 = DIRECTION ( 'NONE',  ( 1.000000000000000000, -0.000000000000000000, -0.000000000000000000 ) ) ;
#2400 = CARTESIAN_POINT ( 'NONE',  ( 26.39173736809360094, 14.66794988071124450, -40.78998758804888780 ) ) ;
#2401 = EDGE_CURVE ( 'NONE', #3712, #1844, #10, .T. ) ;
#2402 = EDGE_CURVE ( 'NONE', #4268, #1498, #1386, .T. ) ;
#2403 = CARTESIAN_POINT ( 'NONE',  ( 100.0000000000000000, -8.375985885340413008E-15, 27.00000000000001066 ) ) ;
#2404 = ORIENTED_EDGE ( 'NONE', *, *, #1106, .F. ) ;
#2405 = EDGE_CURVE ( 'NONE', #1089, #3065, #2316, .T. ) ;
#2406 = EDGE_LOOP ( 'NONE', ( #4197, #1947, #432, #4071, #1782, #1999 ) ) ;
#2407 = VERTEX_POINT ( 'NONE', #392 ) ;
#2408 = VECTOR ( 'NONE', #3871, 999.9999999999998863 ) ;
#2409 = ORIENTED_EDGE ( 'NONE', *, *, #4172, .T. ) ;
#2410 = PLANE ( 'NONE',  #2619 ) ;
#2411 = VERTEX_POINT ( 'NONE', #696 ) ;
#2412 = ORIENTED_EDGE ( 'NONE', *, *, #617, .T. ) ;
#2413 = PLANE ( 'NONE',  #1362 ) ;
#2414 = CARTESIAN_POINT ( 'NONE',  ( 94.80000000000001137, -11.89726821137925228, 19.68248969043704832 ) ) ;
#2415 = DIRECTION ( 'NONE',  ( -0.5000000000000008882, -0.8660254037844381525, 5.939693181744590647E-15 ) ) ;
#2416 = ORIENTED_EDGE ( 'NONE', *, *, #3387, .T. ) ;
#2417 = DIRECTION ( 'NONE',  ( -0.000000000000000000, 0.7071067811865475727, 0.7071067811865475727 ) ) ;
#2418 = CARTESIAN_POINT ( 'NONE',  ( 93.09864199358156611, -24.99999999999992895, 10.35533905932754628 ) ) ;
#2419 = CYLINDRICAL_SURFACE ( 'NONE', #344, 0.7000000000000027311 ) ;
#2420 = DIRECTION ( 'NONE',  ( 0.000000000000000000, 0.7071067811865395791, 0.7071067811865554553 ) ) ;
#2421 = VERTEX_POINT ( 'NONE', #3701 ) ;
#2422 = EDGE_CURVE ( 'NONE', #656, #525, #3946, .T. ) ;
#2423 = EDGE_LOOP ( 'NONE', ( #3627, #3466, #4213, #122 ) ) ;
#2424 = AXIS2_PLACEMENT_3D ( 'NONE', #627, #3684, #3832 ) ;
#2425 = ORIENTED_EDGE ( 'NONE', *, *, #12, .F. ) ;
#2426 = VECTOR ( 'NONE', #1302, 1000.000000000000000 ) ;
#2427 = ORIENTED_EDGE ( 'NONE', *, *, #1850, .T. ) ;
#2428 = EDGE_CURVE ( 'NONE', #2492, #1333, #2153, .T. ) ;
#2429 = EDGE_CURVE ( 'NONE', #1981, #3344, #3328, .T. ) ;
#2430 = CARTESIAN_POINT ( 'NONE',  ( 93.14619333277305202, -25.02745377848244246, 13.15631240559113913 ) ) ;
#2431 = ORIENTED_EDGE ( 'NONE', *, *, #3200, .T. ) ;
#2432 = VERTEX_POINT ( 'NONE', #2987 ) ;
#2433 = DIRECTION ( 'NONE',  ( 0.000000000000000000, 0.000000000000000000, -1.000000000000000000 ) ) ;
#2434 = ADVANCED_FACE ( 'NONE', ( #3371, #3966 ), #3638, .T. ) ;
#2435 = LINE ( 'NONE', #1117, #3190 ) ;
#2436 = FACE_OUTER_BOUND ( 'NONE', #2209, .T. ) ;
#2437 = AXIS2_PLACEMENT_3D ( 'NONE', #349, #1660, #2375 ) ;
#2438 = EDGE_LOOP ( 'NONE', ( #2012, #1144 ) ) ;
#2439 = DIRECTION ( 'NONE',  ( 0.000000000000000000, 0.000000000000000000, -1.000000000000000000 ) ) ;
#2440 = EDGE_CURVE ( 'NONE', #3035, #2847, #355, .T. ) ;
#2441 = PLANE ( 'NONE',  #1402 ) ;
#2442 = CARTESIAN_POINT ( 'NONE',  ( 27.30580657790643073, 17.60431339150595775, 8.822894919786168799 ) ) ;
#2443 = CARTESIAN_POINT ( 'NONE',  ( 36.30095548418310614, 17.99999999999996092, -5.200914422068110277 ) ) ;
#2444 = LINE ( 'NONE', #152, #3565 ) ;
#2445 = CARTESIAN_POINT ( 'NONE',  ( 26.13723638288856677, 21.74308932330429300, 12.99935497757353708 ) ) ;
#2446 = VERTEX_POINT ( 'NONE', #3327 ) ;
#2447 = CARTESIAN_POINT ( 'NONE',  ( 98.20000000000000284, 0.000000000000000000, 17.69202858510344356 ) ) ;
#2448 = ORIENTED_EDGE ( 'NONE', *, *, #449, .F. ) ;
#2449 = PLANE ( 'NONE',  #1634 ) ;
#2450 = VERTEX_POINT ( 'NONE', #374 ) ;
#2451 = ORIENTED_EDGE ( 'NONE', *, *, #2969, .F. ) ;
#2452 = CARTESIAN_POINT ( 'NONE',  ( 100.0000000000000000, -27.00000000000001066, -11.18376618407356737 ) ) ;
#2453 = EDGE_CURVE ( 'NONE', #702, #3025, #1684, .T. ) ;
#2454 = EDGE_CURVE ( 'NONE', #1739, #924, #2066, .T. ) ;
#2455 = ORIENTED_EDGE ( 'NONE', *, *, #3790, .F. ) ;
#2456 = EDGE_LOOP ( 'NONE', ( #1307, #1715, #510, #1132 ) ) ;
#2457 = PLANE ( 'NONE',  #3333 ) ;
#2458 = CARTESIAN_POINT ( 'NONE',  ( 41.45173149449954053, 25.00000000000003553, 5.140239624478179614 ) ) ;
#2459 = EDGE_CURVE ( 'NONE', #3097, #2555, #2805, .T. ) ;
#2460 = VERTEX_POINT ( 'NONE', #1811 ) ;
#2461 = LINE ( 'NONE', #3786, #985 ) ;
#2462 = CIRCLE ( 'NONE', #602, 1.999999999999999556 ) ;
#2463 = DIRECTION ( 'NONE',  ( 1.000000000000000000, 0.000000000000000000, 0.000000000000000000 ) ) ;
#2464 = CYLINDRICAL_SURFACE ( 'NONE', #1650, 0.7000000000000051736 ) ;
#2465 = LOCAL_TIME ( 14, 45, 9.000000000000000000, #3012 ) ;
#2466 = CARTESIAN_POINT ( 'NONE',  ( 94.80000000000001137, -17.67766952966355731, 17.67766952966381311 ) ) ;
#2467 = VECTOR ( 'NONE', #313, 1000.000000000000114 ) ;
#2468 = AXIS2_PLACEMENT_3D ( 'NONE', #3007, #4033, #2630 ) ;
#2469 = EDGE_CURVE ( 'NONE', #3097, #2407, #26, .T. ) ;
#2470 = AXIS2_PLACEMENT_3D ( 'NONE', #2635, #706, #3957 ) ;
#2471 = CARTESIAN_POINT ( 'NONE',  ( 24.99225228003806976, 15.47594297302713073, -18.48196508541406402 ) ) ;
#2472 = DIRECTION ( 'NONE',  ( 0.8660254037844381525, -0.5000000000000007772, 0.000000000000000000 ) ) ;
#2473 = ORIENTED_EDGE ( 'NONE', *, *, #4116, .T. ) ;
#2474 = VERTEX_POINT ( 'NONE', #2783 ) ;
#2475 = DIRECTION ( 'NONE',  ( 1.000000000000000000, -0.000000000000000000, -0.000000000000000000 ) ) ;
#2477 = ORIENTED_EDGE ( 'NONE', *, *, #3079, .F. ) ;
#2476 = AXIS2_PLACEMENT_3D ( 'NONE', #1375, #3293, #3996 ) ;
#2478 = VECTOR ( 'NONE', #1281, 1000.000000000000114 ) ;
#2479 = ORIENTED_EDGE ( 'NONE', *, *, #2009, .F. ) ;
#2480 = CARTESIAN_POINT ( 'NONE',  ( 3.032000000000023121, 27.00000000000002132, -11.18376618407356737 ) ) ;
#2481 = EDGE_CURVE ( 'NONE', #4229, #3433, #3048, .T. ) ;
#2482 = CIRCLE ( 'NONE', #3448, 1.700000000000000178 ) ;
#2483 = CYLINDRICAL_SURFACE ( 'NONE', #942, 0.6999999999999820810 ) ;
#2484 = ORIENTED_EDGE ( 'NONE', *, *, #2931, .T. ) ;
#2485 = DIRECTION ( 'NONE',  ( -0.08483904282829150822, 0.04898184421471123151, 0.9951899897754725721 ) ) ;
#2486 = DIRECTION ( 'NONE',  ( 0.000000000000000000, 0.000000000000000000, -1.000000000000000000 ) ) ;
#2487 = EDGE_CURVE ( 'NONE', #4126, #3708, #1195, .T. ) ;
#2488 = LINE ( 'NONE', #1125, #888 ) ;
#2489 = DIRECTION ( 'NONE',  ( 0.8660254037844377084, -0.5000000000000015543, 0.000000000000000000 ) ) ;
#2490 = CARTESIAN_POINT ( 'NONE',  ( 100.0000000000000000, 11.18376618407356382, 27.00000000000001421 ) ) ;
#2491 = DIRECTION ( 'NONE',  ( 0.8660254037844382635, -0.5000000000000006661, 0.000000000000000000 ) ) ;
#2492 = VERTEX_POINT ( 'NONE', #2134 ) ;
#2493 = EDGE_CURVE ( 'NONE', #1803, #814, #130, .T. ) ;
#2494 = ORIENTED_EDGE ( 'NONE', *, *, #2331, .F. ) ;
#2495 = ORIENTED_EDGE ( 'NONE', *, *, #135, .F. ) ;
#2496 = DIRECTION ( 'NONE',  ( 1.000000000000000000, 0.000000000000000000, 0.000000000000000000 ) ) ;
#2497 = FACE_OUTER_BOUND ( 'NONE', #1738, .T. ) ;
#2498 = ORIENTED_EDGE ( 'NONE', *, *, #3112, .F. ) ;
#2499 = ORIENTED_EDGE ( 'NONE', *, *, #2355, .F. ) ;
#2500 = DIRECTION ( 'NONE',  ( 0.8008359999440846089, -0.4623628801444640835, -0.3806340345503459455 ) ) ;
#2501 = LINE ( 'NONE', #854, #1495 ) ;
#2502 = ORIENTED_EDGE ( 'NONE', *, *, #2487, .F. ) ;
#2503 = LINE ( 'NONE', #3829, #48 ) ;
#2504 = AXIS2_PLACEMENT_3D ( 'NONE', #4128, #2088, #2826 ) ;
#2505 = DIRECTION ( 'NONE',  ( -0.7745966692414824051, 0.4472135954999555962, -0.4472135954999618690 ) ) ;
#2506 = LINE ( 'NONE', #3788, #3661 ) ;
#2507 = DIRECTION ( 'NONE',  ( 0.000000000000000000, 0.000000000000000000, -1.000000000000000000 ) ) ;
#2508 = LINE ( 'NONE', #3483, #1249 ) ;
#2509 = ADVANCED_FACE ( 'NONE', ( #1764 ), #1747, .F. ) ;
#2510 = EDGE_CURVE ( 'NONE', #2847, #3355, #1789, .T. ) ;
#2511 = PLANE ( 'NONE',  #1428 ) ;
#2512 = CARTESIAN_POINT ( 'NONE',  ( 24.63723638288855611, 19.14501311195079225, -12.99935497757380887 ) ) ;
#2513 = ORIENTED_EDGE ( 'NONE', *, *, #32, .F. ) ;
#2514 = ADVANCED_FACE ( 'NONE', ( #1468 ), #172, .F. ) ;
#2515 = CARTESIAN_POINT ( 'NONE',  ( 99.80000000000001137, 0.000000000000000000, -15.19999999999973639 ) ) ;
#2516 = ORIENTED_EDGE ( 'NONE', *, *, #3005, .T. ) ;
#2517 = CARTESIAN_POINT ( 'NONE',  ( 94.80000000000001137, 11.89726821137852575, 19.68248969043704832 ) ) ;
#2518 = CARTESIAN_POINT ( 'NONE',  ( 74.28000000000000114, 6.916424062726162170, 17.50000000000013500 ) ) ;
#2519 = VERTEX_POINT ( 'NONE', #3480 ) ;
#2520 = VERTEX_POINT ( 'NONE', #2418 ) ;
#2521 = FACE_BOUND ( 'NONE', #1801, .T. ) ;
#2522 = VERTEX_POINT ( 'NONE', #3743 ) ;
#2523 = DIRECTION ( 'NONE',  ( 1.000000000000000000, 0.000000000000000000, 0.000000000000000000 ) ) ;
#2524 = DIRECTION ( 'NONE',  ( 1.000000000000000000, 0.000000000000000000, 0.000000000000000000 ) ) ;
#2525 = PLANE ( 'NONE',  #3219 ) ;
#2526 = LINE ( 'NONE', #2466, #3467 ) ;
#2527 = DIRECTION ( 'NONE',  ( 1.000000000000000000, -0.000000000000000000, -0.000000000000000000 ) ) ;
#2528 = DIRECTION ( 'NONE',  ( 0.5000000000000009992, 0.8660254037844381525, -5.975475806584908912E-15 ) ) ;
#2529 = ORIENTED_EDGE ( 'NONE', *, *, #988, .F. ) ;
#2530 = VECTOR ( 'NONE', #3454, 1000.000000000000000 ) ;
#2531 = VECTOR ( 'NONE', #1239, 1000.000000000000000 ) ;
#2532 = EDGE_CURVE ( 'NONE', #3574, #829, #519, .T. ) ;
#2533 = VECTOR ( 'NONE', #2252, 1000.000000000000000 ) ;
#2534 = EDGE_CURVE ( 'NONE', #3990, #1995, #3149, .T. ) ;
#2535 = VECTOR ( 'NONE', #690, 1000.000000000000000 ) ;
#2536 = FACE_OUTER_BOUND ( 'NONE', #879, .T. ) ;
#2537 = VERTEX_POINT ( 'NONE', #776 ) ;
#2538 = LINE ( 'NONE', #4224, #3043 ) ;
#2539 = LINE ( 'NONE', #511, #3231 ) ;
#2540 = VERTEX_POINT ( 'NONE', #2761 ) ;
#2541 = ORIENTED_EDGE ( 'NONE', *, *, #2051, .F. ) ;
#2542 = CARTESIAN_POINT ( 'NONE',  ( 25.37031334480580824, 16.41236985389284442, 12.99935497757364367 ) ) ;
#2543 =( LENGTH_UNIT ( ) NAMED_UNIT ( * ) SI_UNIT ( .MILLI., .METRE. ) );
#2544 = AXIS2_PLACEMENT_3D ( 'NONE', #1500, #3558, #1264 ) ;
#2545 = EDGE_LOOP ( 'NONE', ( #2362, #1522 ) ) ;
#2546 = DIRECTION ( 'NONE',  ( -0.08483904282822393728, 0.04898184421467216554, 0.9951899897754801216 ) ) ;
#2547 = AXIS2_PLACEMENT_3D ( 'NONE', #1514, #4084, #542 ) ;
#2548 = DIRECTION ( 'NONE',  ( 0.000000000000000000, 0.000000000000000000, -1.000000000000000000 ) ) ;
#2549 = CARTESIAN_POINT ( 'NONE',  ( 18.40767416399956602, 18.12285038244284507, -17.23248867688454666 ) ) ;
#2550 = PLANE ( 'NONE',  #293 ) ;
#2551 = CARTESIAN_POINT ( 'NONE',  ( 80.03804381848834737, -12.84065797431524381, 17.80059976798012755 ) ) ;
#2552 = CARTESIAN_POINT ( 'NONE',  ( 74.28000000000000114, 6.916424062726162170, 17.50000000000013500 ) ) ;
#2553 = ORIENTED_EDGE ( 'NONE', *, *, #3551, .F. ) ;
#2554 = DIRECTION ( 'NONE',  ( 0.000000000000000000, 0.000000000000000000, 1.000000000000000000 ) ) ;
#2555 = VERTEX_POINT ( 'NONE', #1146 ) ;
#2556 = DIRECTION ( 'NONE',  ( 0.000000000000000000, 0.000000000000000000, -1.000000000000000000 ) ) ;
#2557 = FACE_OUTER_BOUND ( 'NONE', #2172, .T. ) ;
#2558 = ORIENTED_EDGE ( 'NONE', *, *, #12, .T. ) ;
#2559 = EDGE_CURVE ( 'NONE', #3039, #508, #753, .T. ) ;
#2560 = EDGE_CURVE ( 'NONE', #2492, #1579, #193, .T. ) ;
#2561 = ORIENTED_EDGE ( 'NONE', *, *, #526, .F. ) ;
#2562 = DIRECTION ( 'NONE',  ( 0.000000000000000000, -0.7071067811865525687, -0.7071067811865425767 ) ) ;
#2563 = DIRECTION ( 'NONE',  ( 0.7754764868735188887, -0.4477215584466555098, -0.4451759476975403751 ) ) ;
#2564 = EDGE_CURVE ( 'NONE', #2957, #505, #2988, .T. ) ;
#2565 = ORIENTED_EDGE ( 'NONE', *, *, #1979, .F. ) ;
#2566 = DIRECTION ( 'NONE',  ( 0.7745966692414827381, -0.4472135954999618135, -0.4472135954999551521 ) ) ;
#2567 = VECTOR ( 'NONE', #354, 1000.000000000000000 ) ;
#2568 = FACE_OUTER_BOUND ( 'NONE', #3846, .T. ) ;
#2569 = DIRECTION ( 'NONE',  ( 0.000000000000000000, 0.000000000000000000, -1.000000000000000000 ) ) ;
#2570 = PLANE ( 'NONE',  #2703 ) ;
#2571 = ADVANCED_FACE ( 'NONE', ( #794, #2741 ), #2441, .T. ) ;
#2572 = VECTOR ( 'NONE', #2463, 1000.000000000000000 ) ;
#2573 = ORIENTED_EDGE ( 'NONE', *, *, #80, .F. ) ;
#2574 = FACE_OUTER_BOUND ( 'NONE', #2298, .T. ) ;
#2575 = LINE ( 'NONE', #590, #2478 ) ;
#2576 = EDGE_LOOP ( 'NONE', ( #2143, #2792 ) ) ;
#2577 = AXIS2_PLACEMENT_3D ( 'NONE', #4039, #3779, #4079 ) ;
#2578 = DIRECTION ( 'NONE',  ( 0.7745966692414827381, -0.4472135954999618135, -0.4472135954999552077 ) ) ;
#2579 = CARTESIAN_POINT ( 'NONE',  ( 73.27150000782799566, -5.469890468609704293, -40.82522952793673454 ) ) ;
#2580 = VERTEX_POINT ( 'NONE', #477 ) ;
#2581 = DIRECTION ( 'NONE',  ( 0.000000000000000000, 0.000000000000000000, -1.000000000000000000 ) ) ;
#2582 = LINE ( 'NONE', #2815, #1921 ) ;
#2583 = CARTESIAN_POINT ( 'NONE',  ( 98.20000000000000284, 17.62711787586706436, -17.72822118346030607 ) ) ;
#2584 = VERTEX_POINT ( 'NONE', #3104 ) ;
#2585 = FACE_OUTER_BOUND ( 'NONE', #1000, .T. ) ;
#2586 = CARTESIAN_POINT ( 'NONE',  ( 74.28000000000000114, 13.91642406272619503, 0.000000000000000000 ) ) ;
#2587 = ADVANCED_FACE ( 'NONE', ( #1531 ), #583, .T. ) ;
#2588 = EDGE_CURVE ( 'NONE', #2474, #3485, #1574, .T. ) ;
#2589 = DIRECTION ( 'NONE',  ( 0.000000000000000000, 0.000000000000000000, -1.000000000000000000 ) ) ;
#2590 = ORIENTED_EDGE ( 'NONE', *, *, #3409, .F. ) ;
#2591 = DIRECTION ( 'NONE',  ( -1.000000000000000000, 0.000000000000000000, -0.000000000000000000 ) ) ;
#2592 = DIRECTION ( 'NONE',  ( 0.5000000000000015543, 0.8660254037844378194, 0.000000000000000000 ) ) ;
#2593 = DIRECTION ( 'NONE',  ( -0.7745966692414804067, 0.4472135954999605367, 0.4472135954999605367 ) ) ;
#2594 = CARTESIAN_POINT ( 'NONE',  ( 41.22104244709405663, 37.98626151272306117, -2.630922453395977634 ) ) ;
#2595 = ADVANCED_FACE ( 'NONE', ( #4167 ), #214, .F. ) ;
#2596 = ORIENTED_EDGE ( 'NONE', *, *, #2052, .T. ) ;
#2597 = FACE_OUTER_BOUND ( 'NONE', #3556, .T. ) ;
#2598 = DIRECTION ( 'NONE',  ( 1.000000000000000000, -0.000000000000000000, 0.000000000000000000 ) ) ;
#2599 = VERTEX_POINT ( 'NONE', #2174 ) ;
#2600 = DESIGN_CONTEXT ( 'detailed design', #981, 'design' ) ;
#2601 = CARTESIAN_POINT ( 'NONE',  ( 74.28000000000000114, 13.91642406272619858, -13.55544171172615187 ) ) ;
#2602 = VECTOR ( 'NONE', #882, 1000.000000000000114 ) ;
#2603 = CARTESIAN_POINT ( 'NONE',  ( 74.28000000000000114, 6.916424062726162170, -17.49999999999980105 ) ) ;
#2604 = AXIS2_PLACEMENT_3D ( 'NONE', #3309, #2685, #2361 ) ;
#2605 = CARTESIAN_POINT ( 'NONE',  ( 94.80000000000001137, -9.621037113853832423, 0.000000000000000000 ) ) ;
#2606 = ORIENTED_EDGE ( 'NONE', *, *, #1744, .T. ) ;
#2607 = AXIS2_PLACEMENT_3D ( 'NONE', #2996, #2695, #4255 ) ;
#2608 = DIRECTION ( 'NONE',  ( 0.000000000000000000, 0.000000000000000000, -1.000000000000000000 ) ) ;
#2609 = ORIENTED_EDGE ( 'NONE', *, *, #1379, .F. ) ;
#2610 = FACE_OUTER_BOUND ( 'NONE', #3534, .T. ) ;
#2611 = CARTESIAN_POINT ( 'NONE',  ( 94.00000000000000000, 0.000000000000000000, 0.000000000000000000 ) ) ;
#2612 = CARTESIAN_POINT ( 'NONE',  ( 19.90356025445239041, 18.41390068382221656, -5.550415952646979179 ) ) ;
#2613 = ORIENTED_EDGE ( 'NONE', *, *, #2905, .F. ) ;
#2614 = DIRECTION ( 'NONE',  ( 0.000000000000000000, 0.000000000000000000, -1.000000000000000000 ) ) ;
#2615 = ADVANCED_FACE ( 'NONE', ( #3191 ), #1894, .T. ) ;
#2616 = DIRECTION ( 'NONE',  ( 0.000000000000000000, 0.000000000000000000, 1.000000000000000000 ) ) ;
#2617 = LINE ( 'NONE', #974, #3424 ) ;
#2618 = LINE ( 'NONE', #3941, #1946 ) ;
#2619 = AXIS2_PLACEMENT_3D ( 'NONE', #403, #2793, #1066 ) ;
#2620 = AXIS2_PLACEMENT_3D ( 'NONE', #3440, #4070, #2491 ) ;
#2621 = EDGE_CURVE ( 'NONE', #801, #638, #951, .T. ) ;
#2622 = ORIENTED_EDGE ( 'NONE', *, *, #3751, .F. ) ;
#2623 = DIRECTION ( 'NONE',  ( -1.000000000000000000, -0.000000000000000000, -0.000000000000000000 ) ) ;
#2624 = EDGE_CURVE ( 'NONE', #3690, #1458, #3854, .T. ) ;
#2625 = CARTESIAN_POINT ( 'NONE',  ( 52.52337180435968378, 9.973148549981646127, -3.920556324061059867E-14 ) ) ;
#2626 = EDGE_CURVE ( 'NONE', #995, #2858, #4256, .T. ) ;
#2627 = CARTESIAN_POINT ( 'NONE',  ( 20.57724992127696595, 21.48904738846868057, 15.12749946104011833 ) ) ;
#2628 = EDGE_LOOP ( 'NONE', ( #1133, #1294, #868, #1415 ) ) ;
#2629 = CARTESIAN_POINT ( 'NONE',  ( 75.00000000000000000, 6.916424062726162170, -25.00000000000005329 ) ) ;
#2630 = DIRECTION ( 'NONE',  ( 0.8660254037844381525, -0.5000000000000008882, 0.000000000000000000 ) ) ;
#2631 = CIRCLE ( 'NONE', #2424, 1.999999999999995781 ) ;
#2632 = ORIENTED_EDGE ( 'NONE', *, *, #322, .T. ) ;
#2633 = LINE ( 'NONE', #1352, #548 ) ;
#2634 = CALENDAR_DATE ( 2026, 6, 4 ) ;
#2635 = CARTESIAN_POINT ( 'NONE',  ( 75.00000000000000000, 10.41642406272615418, 1.595945597898662527E-13 ) ) ;
#2636 = ORIENTED_EDGE ( 'NONE', *, *, #1635, .F. ) ;
#2637 = DIRECTION ( 'NONE',  ( 1.000000000000000000, -0.000000000000000000, 0.000000000000000000 ) ) ;
#2638 = FACE_OUTER_BOUND ( 'NONE', #4121, .T. ) ;
#2639 = DIRECTION ( 'NONE',  ( 0.8660254037844382635, -0.5000000000000006661, 0.000000000000000000 ) ) ;
#2640 = VECTOR ( 'NONE', #3866, 1000.000000000000000 ) ;
#2641 = ORIENTED_EDGE ( 'NONE', *, *, #763, .F. ) ;
#2642 = LINE ( 'NONE', #2025, #772 ) ;
#2643 = EDGE_CURVE ( 'NONE', #969, #3052, #881, .T. ) ;
#2644 = EDGE_CURVE ( 'NONE', #2309, #3609, #2200, .T. ) ;
#2645 = CIRCLE ( 'NONE', #1878, 0.7000000000000027311 ) ;
#2646 = DIRECTION ( 'NONE',  ( 0.000000000000000000, 0.000000000000000000, -1.000000000000000000 ) ) ;
#2647 = VERTEX_POINT ( 'NONE', #926 ) ;
#2648 = LINE ( 'NONE', #3971, #3362 ) ;
#2649 = AXIS2_PLACEMENT_3D ( 'NONE', #1138, #2394, #3718 ) ;
#2650 = CARTESIAN_POINT ( 'NONE',  ( 94.00000000000000000, 6.916424062726162170, 13.55544171172648760 ) ) ;
#2651 = ADVANCED_FACE ( 'NONE', ( #3527 ), #2896, .T. ) ;
#2652 = ORIENTED_EDGE ( 'NONE', *, *, #980, .T. ) ;
#2653 = DIRECTION ( 'NONE',  ( -0.5000000000000009992, -0.8660254037844382635, 5.939693181744591436E-15 ) ) ;
#2654 = COORDINATED_UNIVERSAL_TIME_OFFSET ( 5, 0, .BEHIND. ) ;
#2655 = FACE_OUTER_BOUND ( 'NONE', #3310, .T. ) ;
#2656 = ORIENTED_EDGE ( 'NONE', *, *, #3303, .T. ) ;
#2657 = CARTESIAN_POINT ( 'NONE',  ( 12.94934295108998334, 22.42891991592170342, -1.538648190134857700E-13 ) ) ;
#2658 = CARTESIAN_POINT ( 'NONE',  ( 23.63826253723693327, 17.41236985389266678, -12.99935497757371650 ) ) ;
#2659 = CARTESIAN_POINT ( 'NONE',  ( 77.89254349478834172, -11.60195278488068205, 7.211300305656714649 ) ) ;
#2660 = ORIENTED_EDGE ( 'NONE', *, *, #2360, .T. ) ;
#2661 = PLANE ( 'NONE',  #1047 ) ;
#2662 = DIRECTION ( 'NONE',  ( 1.000000000000000000, -0.000000000000000000, 0.000000000000000000 ) ) ;
#2663 = CARTESIAN_POINT ( 'NONE',  ( 75.00000000000000000, 13.91642406272619858, 13.55544171172647161 ) ) ;
#2664 = ORIENTED_EDGE ( 'NONE', *, *, #1686, .T. ) ;
#2665 = ADVANCED_FACE ( 'NONE', ( #2568 ), #3210, .T. ) ;
#2666 = FACE_OUTER_BOUND ( 'NONE', #2116, .T. ) ;
#2667 = ORIENTED_EDGE ( 'NONE', *, *, #3387, .F. ) ;
#2668 = EDGE_CURVE ( 'NONE', #3532, #106, #562, .T. ) ;
#2669 = DIRECTION ( 'NONE',  ( -1.000000000000000000, 0.000000000000000000, 0.000000000000000000 ) ) ;
#2670 = VECTOR ( 'NONE', #3635, 1000.000000000000000 ) ;
#2671 = DATE_TIME_ROLE ( 'classification_date' ) ;
#2672 = AXIS2_PLACEMENT_3D ( 'NONE', #1326, #1346, #2646 ) ;
#2673 = CIRCLE ( 'NONE', #1081, 1.999999999999998668 ) ;
#2674 = CYLINDRICAL_SURFACE ( 'NONE', #2831, 13.93804725562687175 ) ;
#2675 = VERTEX_POINT ( 'NONE', #1553 ) ;
#2676 = DIRECTION ( 'NONE',  ( 0.8660254037844381525, -0.5000000000000008882, 0.000000000000000000 ) ) ;
#2677 = ADVANCED_FACE ( 'NONE', ( #857 ), #3504, .F. ) ;
#2678 = CARTESIAN_POINT ( 'NONE',  ( 100.0000000000000000, 24.99999999999999645, -1.842716894774891998E-13 ) ) ;
#2679 = LINE ( 'NONE', #1401, #2877 ) ;
#2680 = ORIENTED_EDGE ( 'NONE', *, *, #2621, .F. ) ;
#2681 = CARTESIAN_POINT ( 'NONE',  ( 100.0000000000000000, -25.00000000000000711, 1.842716894774892755E-13 ) ) ;
#2682 = DIRECTION ( 'NONE',  ( -0.8094029644654032740, 0.4673090194169802758, -0.3556530914896670614 ) ) ;
#2683 = AXIS2_PLACEMENT_3D ( 'NONE', #3450, #2035, #2096 ) ;
#2684 = VECTOR ( 'NONE', #3172, 1000.000000000000000 ) ;
#2685 = DIRECTION ( 'NONE',  ( -0.5000000000000009992, -0.8660254037844381525, 5.974264125907593365E-15 ) ) ;
#2686 = ORIENTED_EDGE ( 'NONE', *, *, #3602, .T. ) ;
#2687 = VECTOR ( 'NONE', #1909, 1000.000000000000114 ) ;
#2688 = ORIENTED_EDGE ( 'NONE', *, *, #898, .T. ) ;
#2689 = DIRECTION ( 'NONE',  ( 0.000000000000000000, 0.000000000000000000, -1.000000000000000000 ) ) ;
#2690 = EDGE_CURVE ( 'NONE', #1160, #3741, #4192, .T. ) ;
#2691 = EDGE_CURVE ( 'NONE', #1175, #1068, #2014, .T. ) ;
#2692 = DIRECTION ( 'NONE',  ( 1.000000000000000000, 0.000000000000000000, 0.000000000000000000 ) ) ;
#2693 = ORIENTED_EDGE ( 'NONE', *, *, #235, .F. ) ;
#2694 = ORIENTED_EDGE ( 'NONE', *, *, #3863, .T. ) ;
#2695 = DIRECTION ( 'NONE',  ( -0.3855336798599075521, 0.2225879738487914206, 0.8954431168932888152 ) ) ;
#2696 = FACE_OUTER_BOUND ( 'NONE', #1157, .T. ) ;
#2697 = LINE ( 'NONE', #2042, #4050 ) ;
#2698 = AXIS2_PLACEMENT_3D ( 'NONE', #1049, #3693, #1154 ) ;
#2699 = EDGE_CURVE ( 'NONE', #74, #2847, #257, .T. ) ;
#2700 = ORIENTED_EDGE ( 'NONE', *, *, #2588, .T. ) ;
#2701 = DIRECTION ( 'NONE',  ( -0.5000000000000009992, -0.8660254037844381525, 5.884182030513328087E-15 ) ) ;
#2702 = CARTESIAN_POINT ( 'NONE',  ( 79.71533968543889159, -16.11844627136831321, 12.47441327564058788 ) ) ;
#2703 = AXIS2_PLACEMENT_3D ( 'NONE', #4217, #2270, #3195 ) ;
#2704 = FACE_OUTER_BOUND ( 'NONE', #1063, .T. ) ;
#2705 = VERTEX_POINT ( 'NONE', #2241 ) ;
#2706 = AXIS2_PLACEMENT_3D ( 'NONE', #1256, #219, #1538 ) ;
#2707 = VECTOR ( 'NONE', #3634, 1000.000000000000000 ) ;
#2708 = ORIENTED_EDGE ( 'NONE', *, *, #611, .F. ) ;
#2709 = CYLINDRICAL_SURFACE ( 'NONE', #3724, 1.999999999999998668 ) ;
#2710 = PERSON_AND_ORGANIZATION ( #3131, #534 ) ;
#2711 = EDGE_LOOP ( 'NONE', ( #3653, #3624, #3475, #473 ) ) ;
#2712 = ORIENTED_EDGE ( 'NONE', *, *, #1817, .F. ) ;
#2713 = VERTEX_POINT ( 'NONE', #2288 ) ;
#2714 = DIRECTION ( 'NONE',  ( -0.5000000000000009992, -0.8660254037844380415, 5.884182030513328875E-15 ) ) ;
#2715 = CARTESIAN_POINT ( 'NONE',  ( 75.00000000000000000, 10.41642406272617905, 19.20000000000045404 ) ) ;
#2716 = EDGE_CURVE ( 'NONE', #780, #1579, #1810, .T. ) ;
#2717 = EDGE_CURVE ( 'NONE', #179, #98, #1641, .T. ) ;
#2718 = CARTESIAN_POINT ( 'NONE',  ( 81.34014655601031052, -15.90182841709462913, 12.47441327564050617 ) ) ;
#2719 = ORIENTED_EDGE ( 'NONE', *, *, #501, .F. ) ;
#2720 = DIRECTION ( 'NONE',  ( 0.000000000000000000, 0.000000000000000000, -1.000000000000000000 ) ) ;
#2721 = FACE_OUTER_BOUND ( 'NONE', #3155, .T. ) ;
#2722 = EDGE_CURVE ( 'NONE', #4118, #1110, #2645, .T. ) ;
#2723 = CARTESIAN_POINT ( 'NONE',  ( 30.33482091188827923, 15.85551115040248860, 36.89571791425890979 ) ) ;
#2724 = DIRECTION ( 'NONE',  ( 0.000000000000000000, 0.000000000000000000, -1.000000000000000000 ) ) ;
#2725 = ORIENTED_EDGE ( 'NONE', *, *, #3487, .T. ) ;
#2726 = VERTEX_POINT ( 'NONE', #4002 ) ;
#2727 = ORIENTED_EDGE ( 'NONE', *, *, #644, .T. ) ;
#2728 = EDGE_LOOP ( 'NONE', ( #2197, #1374 ) ) ;
#2729 = FACE_OUTER_BOUND ( 'NONE', #1121, .T. ) ;
#2730 = ORIENTED_EDGE ( 'NONE', *, *, #2271, .F. ) ;
#2731 = CIRCLE ( 'NONE', #1361, 0.6999999999999820810 ) ;
#2732 = ORIENTED_EDGE ( 'NONE', *, *, #2058, .T. ) ;
#2733 = LINE ( 'NONE', #767, #3710 ) ;
#2734 = CARTESIAN_POINT ( 'NONE',  ( 74.28000000000000114, -1.800836965348189838E-13, -25.00000000000000355 ) ) ;
#2735 = AXIS2_PLACEMENT_3D ( 'NONE', #3883, #2232, #2256 ) ;
#2736 = CARTESIAN_POINT ( 'NONE',  ( 92.16639743565974641, -24.46176835353334766, -10.89357070579393572 ) ) ;
#2737 = VECTOR ( 'NONE', #3209, 1000.000000000000000 ) ;
#2738 = ADVANCED_FACE ( 'NONE', ( #727 ), #3037, .F. ) ;
#2739 = ORIENTED_EDGE ( 'NONE', *, *, #1409, .T. ) ;
#2740 = DIRECTION ( 'NONE',  ( 0.000000000000000000, -1.000000000000000000, 0.000000000000000000 ) ) ;
#2741 = FACE_OUTER_BOUND ( 'NONE', #2095, .T. ) ;
#2742 = CARTESIAN_POINT ( 'NONE',  ( 74.28000000000000114, 13.91642406272619858, 13.55544171172647161 ) ) ;
#2743 = EDGE_CURVE ( 'NONE', #3092, #3632, #3656, .T. ) ;
#2744 = ADVANCED_FACE ( 'NONE', ( #4020 ), #3300, .T. ) ;
#2745 = CARTESIAN_POINT ( 'NONE',  ( 41.45173149449954053, 17.99999999999996092, -5.200914422068110277 ) ) ;
#2746 = VERTEX_POINT ( 'NONE', #3675 ) ;
#2747 = VECTOR ( 'NONE', #491, 1000.000000000000000 ) ;
#2748 = ADVANCED_FACE ( 'NONE', ( #2638, #668 ), #1964, .T. ) ;
#2749 = ORIENTED_EDGE ( 'NONE', *, *, #2624, .F. ) ;
#2750 = VECTOR ( 'NONE', #3586, 1000.000000000000000 ) ;
#2751 = VERTEX_POINT ( 'NONE', #3342 ) ;
#2752 = DIRECTION ( 'NONE',  ( 0.000000000000000000, -7.370867579099568370E-15, -1.000000000000000000 ) ) ;
#2753 = FACE_OUTER_BOUND ( 'NONE', #1026, .T. ) ;
#2754 = EDGE_LOOP ( 'NONE', ( #4077, #535, #804, #2924 ) ) ;
#2755 = ORIENTED_EDGE ( 'NONE', *, *, #1106, .T. ) ;
#2756 = DIRECTION ( 'NONE',  ( 0.8660254037844372643, -0.5000000000000023315, 0.000000000000000000 ) ) ;
#2757 = DIRECTION ( 'NONE',  ( -1.000000000000000000, -0.000000000000000000, -0.000000000000000000 ) ) ;
#2758 = LINE ( 'NONE', #1486, #3354 ) ;
#2759 = EDGE_LOOP ( 'NONE', ( #1478, #3317, #940, #782 ) ) ;
#2760 = FACE_OUTER_BOUND ( 'NONE', #2904, .T. ) ;
#2761 = CARTESIAN_POINT ( 'NONE',  ( 41.45173149449954053, 24.99999999999996092, -5.200914422068161791 ) ) ;
#2762 = DIRECTION ( 'NONE',  ( -0.5000000000000008882, -0.8660254037844381525, 5.939693181744590647E-15 ) ) ;
#2763 = CARTESIAN_POINT ( 'NONE',  ( 100.0000000000000000, 25.00000000000007461, 10.35533905932718035 ) ) ;
#2764 = FACE_OUTER_BOUND ( 'NONE', #2255, .T. ) ;
#2765 = CARTESIAN_POINT ( 'NONE',  ( 41.45173149449954053, 17.99999999999996092, -5.200914422068110277 ) ) ;
#2766 = ORIENTED_EDGE ( 'NONE', *, *, #3750, .F. ) ;
#2767 = EDGE_CURVE ( 'NONE', #1088, #179, #66, .T. ) ;
#2768 = EDGE_CURVE ( 'NONE', #3720, #3673, #228, .T. ) ;
#2769 = ORIENTED_EDGE ( 'NONE', *, *, #4147, .F. ) ;
#2770 = CIRCLE ( 'NONE', #1391, 1.999999999999998668 ) ;
#2771 = EDGE_LOOP ( 'NONE', ( #2455, #3125, #2606, #1819 ) ) ;
#2772 = ORIENTED_EDGE ( 'NONE', *, *, #2218, .F. ) ;
#2773 = LINE ( 'NONE', #764, #2747 ) ;
#2774 = ADVANCED_FACE ( 'NONE', ( #1359 ), #2312, .F. ) ;
#2775 = ORIENTED_EDGE ( 'NONE', *, *, #3294, .F. ) ;
#2776 = AXIS2_PLACEMENT_3D ( 'NONE', #4066, #453, #4105 ) ;
#2777 = ORIENTED_EDGE ( 'NONE', *, *, #3707, .T. ) ;
#2778 = DIRECTION ( 'NONE',  ( 1.000000000000000000, 0.000000000000000000, 0.000000000000000000 ) ) ;
#2779 = CARTESIAN_POINT ( 'NONE',  ( 94.80000000000001137, 11.89726821137852575, 21.08248969043702559 ) ) ;
#2780 = AXIS2_PLACEMENT_3D ( 'NONE', #1524, #2237, #233 ) ;
#2781 = VERTEX_POINT ( 'NONE', #691 ) ;
#2782 = LINE ( 'NONE', #3040, #153 ) ;
#2783 = CARTESIAN_POINT ( 'NONE',  ( 94.80000000000001137, -9.621037113853832423, -17.70169356637262936 ) ) ;
#2784 = DIRECTION ( 'NONE',  ( -1.000000000000000000, -0.000000000000000000, -0.000000000000000000 ) ) ;
#2785 = DIRECTION ( 'NONE',  ( 0.000000000000000000, -1.000000000000000000, 0.000000000000000000 ) ) ;
#2786 = DIRECTION ( 'NONE',  ( 0.8660254037844381525, -0.5000000000000008882, 0.000000000000000000 ) ) ;
#2787 = CARTESIAN_POINT ( 'NONE',  ( 85.05258212130848960, -12.27170139817256889, -9.952055505674906044 ) ) ;
#2788 = ORIENTED_EDGE ( 'NONE', *, *, #1723, .T. ) ;
#2789 = ADVANCED_FACE ( 'NONE', ( #3319 ), #649, .F. ) ;
#2790 = ORIENTED_EDGE ( 'NONE', *, *, #6, .T. ) ;
#2791 = VECTOR ( 'NONE', #3834, 1000.000000000000114 ) ;
#2792 = ORIENTED_EDGE ( 'NONE', *, *, #164, .F. ) ;
#2793 = DIRECTION ( 'NONE',  ( 1.000000000000000000, 0.000000000000000000, 0.000000000000000000 ) ) ;
#2794 = SECURITY_CLASSIFICATION ( '', '', #3671 ) ;
#2795 = ORIENTED_EDGE ( 'NONE', *, *, #3192, .F. ) ;
#2796 = ADVANCED_FACE ( 'NONE', ( #24 ), #3017, .T. ) ;
#2797 = VERTEX_POINT ( 'NONE', #1680 ) ;
#2798 = LINE ( 'NONE', #831, #1882 ) ;
#2799 = LINE ( 'NONE', #3496, #3360 ) ;
#2800 = CIRCLE ( 'NONE', #1079, 14.00000000000035172 ) ;
#2801 = ADVANCED_FACE ( 'NONE', ( #2696, #2997 ), #42, .T. ) ;
#2802 = ORIENTED_EDGE ( 'NONE', *, *, #351, .F. ) ;
#2803 = DIRECTION ( 'NONE',  ( 0.000000000000000000, -0.7071067811865474617, 0.7071067811865474617 ) ) ;
#2804 = AXIS2_PLACEMENT_3D ( 'NONE', #2657, #3938, #2676 ) ;
#2805 = LINE ( 'NONE', #1188, #3264 ) ;
#2806 = CARTESIAN_POINT ( 'NONE',  ( 99.80000000000001137, 20.15533905932767667, -15.19999999999973639 ) ) ;
#2807 = LOCAL_TIME ( 14, 45, 9.000000000000000000, #626 ) ;
#2808 = CYLINDRICAL_SURFACE ( 'NONE', #2072, 3.500000000000015099 ) ;
#2809 = AXIS2_PLACEMENT_3D ( 'NONE', #3177, #869, #1934 ) ;
#2810 = CARTESIAN_POINT ( 'NONE',  ( 84.44636433865940717, -11.92170139817243246, 12.47441327564047597 ) ) ;
#2811 = DIRECTION ( 'NONE',  ( 0.000000000000000000, -0.7071067811865525687, -0.7071067811865425767 ) ) ;
#2812 = EDGE_LOOP ( 'NONE', ( #1438, #1351, #372, #2688, #3378 ) ) ;
#2813 = EDGE_LOOP ( 'NONE', ( #299, #2664 ) ) ;
#2814 = ORIENTED_EDGE ( 'NONE', *, *, #3703, .T. ) ;
#2815 = CARTESIAN_POINT ( 'NONE',  ( 6.496101615137916951, 24.99999999999999645, -2.602010865603190009E-13 ) ) ;
#2817 = ORIENTED_EDGE ( 'NONE', *, *, #3005, .F. ) ;
#2816 = CIRCLE ( 'NONE', #4203, 0.6999999999999888534 ) ;
#2818 = AXIS2_PLACEMENT_3D ( 'NONE', #1968, #2399, #415 ) ;
#2819 = EDGE_LOOP ( 'NONE', ( #761, #2206, #2921, #4090 ) ) ;
#2820 = DIRECTION ( 'NONE',  ( 0.000000000000000000, -0.7071067811865422437, 0.7071067811865527908 ) ) ;
#2821 = CARTESIAN_POINT ( 'NONE',  ( 75.00000000000000000, 10.41642406272618260, -15.80000000000013394 ) ) ;
#2822 = EDGE_CURVE ( 'NONE', #3984, #3478, #1128, .T. ) ;
#2823 = EDGE_CURVE ( 'NONE', #2995, #2164, #1825, .T. ) ;
#2824 = VERTEX_POINT ( 'NONE', #2101 ) ;
#2825 = FACE_OUTER_BOUND ( 'NONE', #913, .T. ) ;
#2826 = DIRECTION ( 'NONE',  ( 0.000000000000000000, 1.742434088381415637E-15, 1.000000000000000000 ) ) ;
#2827 = CARTESIAN_POINT ( 'NONE',  ( 75.00000000000000000, 10.67309840838955459, 1.596259933314502270E-13 ) ) ;
#2828 = CARTESIAN_POINT ( 'NONE',  ( 12.45138730926081294, 22.71641473977627967, 1.156555121607253600 ) ) ;
#2829 = EDGE_CURVE ( 'NONE', #766, #557, #3142, .T. ) ;
#2830 = CARTESIAN_POINT ( 'NONE',  ( 75.00000000000000000, 10.41642406272615418, 1.595945597898662527E-13 ) ) ;
#2831 = AXIS2_PLACEMENT_3D ( 'NONE', #2308, #2692, #3315 ) ;
#2832 = LINE ( 'NONE', #1193, #818 ) ;
#2833 = EDGE_LOOP ( 'NONE', ( #1086, #1434, #2412, #250 ) ) ;
#2834 = DIRECTION ( 'NONE',  ( 0.000000000000000000, -0.7071067811865527908, -0.7071067811865422437 ) ) ;
#2835 = DIRECTION ( 'NONE',  ( -0.7745966692414825161, 0.4472135954999555407, -0.4472135954999618690 ) ) ;
#2836 = ORIENTED_EDGE ( 'NONE', *, *, #785, .T. ) ;
#2837 = DIRECTION ( 'NONE',  ( 0.8660254037844381525, -0.5000000000000007772, 0.000000000000000000 ) ) ;
#2838 = CARTESIAN_POINT ( 'NONE',  ( 94.80000000000001137, -11.89726821137925228, 20.38248969043705117 ) ) ;
#2839 = VECTOR ( 'NONE', #1254, 1000.000000000000000 ) ;
#2840 = VERTEX_POINT ( 'NONE', #2083 ) ;
#2841 = AXIS2_PLACEMENT_3D ( 'NONE', #1488, #3434, #2439 ) ;
#2842 = EDGE_LOOP ( 'NONE', ( #4182, #2330, #1465, #3456 ) ) ;
#2843 = CARTESIAN_POINT ( 'NONE',  ( 100.0000000000000000, 17.67766952966355731, -17.67766952966382021 ) ) ;
#2844 = CARTESIAN_POINT ( 'NONE',  ( 84.02764027173348893, -19.76285471407153693, -15.59248434525582283 ) ) ;
#2845 = AXIS2_PLACEMENT_3D ( 'NONE', #1943, #3915, #3168 ) ;
#2846 = EDGE_CURVE ( 'NONE', #4209, #1739, #4236, .T. ) ;
#2847 = VERTEX_POINT ( 'NONE', #429 ) ;
#2848 = DIRECTION ( 'NONE',  ( 0.7754764868735076755, -0.4477215584466428533, 0.4451759476975726826 ) ) ;
#2849 = EDGE_CURVE ( 'NONE', #1560, #1674, #3895, .T. ) ;
#2850 = AXIS2_PLACEMENT_3D ( 'NONE', #1077, #1646, #2968 ) ;
#2851 = DIRECTION ( 'NONE',  ( 0.000000000000000000, -7.035828143685951913E-15, -1.000000000000000000 ) ) ;
#2852 = DIRECTION ( 'NONE',  ( -1.000000000000000000, 0.000000000000000000, -0.000000000000000000 ) ) ;
#2853 = DIRECTION ( 'NONE',  ( 0.000000000000000000, 0.000000000000000000, -1.000000000000000000 ) ) ;
#2854 = DIRECTION ( 'NONE',  ( 0.08483904282824969445, -0.04898184421468710498, -0.9951899897754772351 ) ) ;
#2855 = DIRECTION ( 'NONE',  ( 1.000000000000000000, 0.000000000000000000, 0.000000000000000000 ) ) ;
#2856 = ADVANCED_FACE ( 'NONE', ( #1161, #4122 ), #2457, .F. ) ;
#2857 = CARTESIAN_POINT ( 'NONE',  ( 23.63826253723693327, 17.41236985389284442, 12.99935497757364367 ) ) ;
#2858 = VERTEX_POINT ( 'NONE', #2480 ) ;
#2859 = CARTESIAN_POINT ( 'NONE',  ( 75.00000000000000000, 6.916424062726162170, 17.50000000000013500 ) ) ;
#2860 = LINE ( 'NONE', #428, #1769 ) ;
#2861 = ORIENTED_EDGE ( 'NONE', *, *, #1060, .F. ) ;
#2862 = CARTESIAN_POINT ( 'NONE',  ( 75.00000000000000000, 6.916424062726162170, 13.55544171172648404 ) ) ;
#2863 = LINE ( 'NONE', #3822, #67 ) ;
#2864 = ORIENTED_EDGE ( 'NONE', *, *, #2691, .F. ) ;
#2865 = EDGE_LOOP ( 'NONE', ( #1756, #3493, #3473, #221 ) ) ;
#2866 = FACE_OUTER_BOUND ( 'NONE', #2456, .T. ) ;
#2867 = CARTESIAN_POINT ( 'NONE',  ( 8.955617981198267685, 24.73469810235795663, -9.275852466000385377 ) ) ;
#2868 = VECTOR ( 'NONE', #2854, 1000.000000000000114 ) ;
#2869 = ORIENTED_EDGE ( 'NONE', *, *, #3650, .T. ) ;
#2870 = CARTESIAN_POINT ( 'NONE',  ( 84.48805297751421506, -18.87397357531290254, 14.97258505339481971 ) ) ;
#2871 = DIRECTION ( 'NONE',  ( 1.000000000000000000, 0.000000000000000000, 0.000000000000000000 ) ) ;
#2872 = LINE ( 'NONE', #1207, #1910 ) ;
#2873 = DIRECTION ( 'NONE',  ( -0.5000000000000009992, -0.8660254037844382635, 5.939693181744591436E-15 ) ) ;
#2874 = FACE_BOUND ( 'NONE', #1185, .T. ) ;
#2875 = LINE ( 'NONE', #3924, #1169 ) ;
#2876 = ORIENTED_EDGE ( 'NONE', *, *, #2162, .F. ) ;
#2877 = VECTOR ( 'NONE', #3719, 1000.000000000000000 ) ;
#2878 = AXIS2_PLACEMENT_3D ( 'NONE', #719, #2011, #3704 ) ;
#2879 = CIRCLE ( 'NONE', #531, 11.50000000000000000 ) ;
#2880 = ADVANCED_FACE ( 'NONE', ( #1400 ), #168, .F. ) ;
#2881 = EDGE_CURVE ( 'NONE', #2522, #2346, #3547, .T. ) ;
#2882 = LINE ( 'NONE', #3860, #948 ) ;
#2883 = LINE ( 'NONE', #2927, #2531 ) ;
#2884 = ORIENTED_EDGE ( 'NONE', *, *, #897, .T. ) ;
#2885 = FACE_OUTER_BOUND ( 'NONE', #3823, .T. ) ;
#2886 = CARTESIAN_POINT ( 'NONE',  ( 99.80000000000001137, -17.65364549295475172, -17.70169356637262936 ) ) ;
#2887 = ADVANCED_FACE ( 'NONE', ( #1805 ), #470, .F. ) ;
#2888 = ORIENTED_EDGE ( 'NONE', *, *, #1209, .T. ) ;
#2889 = ORIENTED_EDGE ( 'NONE', *, *, #3917, .T. ) ;
#2890 = DIRECTION ( 'NONE',  ( 0.000000000000000000, 0.000000000000000000, -1.000000000000000000 ) ) ;
#2891 = VECTOR ( 'NONE', #3610, 999.9999999999998863 ) ;
#2892 = AXIS2_PLACEMENT_3D ( 'NONE', #1303, #2598, #1581 ) ;
#2893 = ORIENTED_EDGE ( 'NONE', *, *, #58, .T. ) ;
#2894 = CARTESIAN_POINT ( 'NONE',  ( 94.00000000000000000, 10.67309840838955459, 1.596259933314502270E-13 ) ) ;
#2895 = CIRCLE ( 'NONE', #3798, 1.700000000000000178 ) ;
#2896 = PLANE ( 'NONE',  #915 ) ;
#2897 = CARTESIAN_POINT ( 'NONE',  ( 99.80000000000001137, 0.000000000000000000, 15.69202858510344178 ) ) ;
#2898 = DIRECTION ( 'NONE',  ( -0.5000000000000009992, -0.8660254037844381525, 5.939693181744591436E-15 ) ) ;
#2899 = ORIENTED_EDGE ( 'NONE', *, *, #3193, .F. ) ;
#2900 = CARTESIAN_POINT ( 'NONE',  ( 94.80000000000001137, 11.89726821137852575, -19.68248969043735386 ) ) ;
#2901 = CARTESIAN_POINT ( 'NONE',  ( 99.80000000000001137, 11.89726821137852575, -21.08248969043735954 ) ) ;
#2902 = VERTEX_POINT ( 'NONE', #2062 ) ;
#2903 = LINE ( 'NONE', #2579, #2326 ) ;
#2904 = EDGE_LOOP ( 'NONE', ( #3522, #1433, #2239, #3140 ) ) ;
#2905 = EDGE_CURVE ( 'NONE', #493, #513, #2435, .T. ) ;
#2906 = EDGE_CURVE ( 'NONE', #1523, #1165, #2798, .T. ) ;
#2907 = DIRECTION ( 'NONE',  ( -0.5000000000000009992, -0.8660254037844380415, 5.974264125907593365E-15 ) ) ;
#2908 = CARTESIAN_POINT ( 'NONE',  ( 83.67944130057664154, -17.25242086758387572, 12.47441327564058255 ) ) ;
#2909 = ORIENTED_EDGE ( 'NONE', *, *, #421, .F. ) ;
#2910 = EDGE_CURVE ( 'NONE', #4011, #2599, #2148, .T. ) ;
#2911 = FACE_BOUND ( 'NONE', #485, .T. ) ;
#2912 = LINE ( 'NONE', #2867, #186 ) ;
#2913 = VECTOR ( 'NONE', #1813, 1000.000000000000000 ) ;
#2914 = EDGE_LOOP ( 'NONE', ( #232, #1105 ) ) ;
#2915 = DIRECTION ( 'NONE',  ( 0.000000000000000000, 0.000000000000000000, -1.000000000000000000 ) ) ;
#2916 = EDGE_CURVE ( 'NONE', #2705, #463, #515, .T. ) ;
#2917 = CARTESIAN_POINT ( 'NONE',  ( 100.0000000000000000, 27.00000000000001776, -11.18376618407356737 ) ) ;
#2918 = LINE ( 'NONE', #3918, #2602 ) ;
#2919 = DIRECTION ( 'NONE',  ( 0.5000000000000004441, 0.8660254037844383745, 0.000000000000000000 ) ) ;
#2920 = AXIS2_PLACEMENT_3D ( 'NONE', #2658, #2353, #3367 ) ;
#2921 = ORIENTED_EDGE ( 'NONE', *, *, #375, .F. ) ;
#2922 = LINE ( 'NONE', #2900, #3851 ) ;
#2923 = LINE ( 'NONE', #3198, #3232 ) ;
#2924 = ORIENTED_EDGE ( 'NONE', *, *, #866, .F. ) ;
#2925 = CARTESIAN_POINT ( 'NONE',  ( 74.28000000000000114, 6.916424062726162170, 0.000000000000000000 ) ) ;
#2926 = CARTESIAN_POINT ( 'NONE',  ( 67.67150000782797292, -10.31963272980260271, -45.67497178912956457 ) ) ;
#2927 = CARTESIAN_POINT ( 'NONE',  ( 74.28000000000000114, 10.41642406272617727, -20.99999999999981881 ) ) ;
#2928 = ORIENTED_EDGE ( 'NONE', *, *, #897, .F. ) ;
#2929 = CARTESIAN_POINT ( 'NONE',  ( 98.20000000000000284, 6.916424062726162170, -15.19999999999973461 ) ) ;
#2930 = FACE_OUTER_BOUND ( 'NONE', #1987, .T. ) ;
#2931 = EDGE_CURVE ( 'NONE', #2164, #1762, #1418, .T. ) ;
#2932 = ORIENTED_EDGE ( 'NONE', *, *, #217, .T. ) ;
#2933 = LINE ( 'NONE', #4249, #2054 ) ;
#2934 = DIRECTION ( 'NONE',  ( 0.8660254037844377084, -0.5000000000000015543, 0.000000000000000000 ) ) ;
#2935 = EDGE_CURVE ( 'NONE', #2973, #3363, #2991, .T. ) ;
#2936 = DIRECTION ( 'NONE',  ( 0.000000000000000000, 7.203347861392757775E-15, 1.000000000000000000 ) ) ;
#2937 = VERTEX_POINT ( 'NONE', #1741 ) ;
#2938 = CARTESIAN_POINT ( 'NONE',  ( 0.000000000000000000, 18.00000000000000000, -1.329283828228473009E-13 ) ) ;
#2939 = DIRECTION ( 'NONE',  ( 0.000000000000000000, 0.000000000000000000, -1.000000000000000000 ) ) ;
#2940 = FACE_BOUND ( 'NONE', #1245, .T. ) ;
#2941 = FACE_OUTER_BOUND ( 'NONE', #571, .T. ) ;
#2942 = EDGE_CURVE ( 'NONE', #2995, #2781, #101, .T. ) ;
#2943 = ORIENTED_EDGE ( 'NONE', *, *, #2027, .F. ) ;
#2944 = LINE ( 'NONE', #955, #3013 ) ;
#2945 = LINE ( 'NONE', #3622, #272 ) ;
#2946 = CIRCLE ( 'NONE', #2181, 0.7000000000000027311 ) ;
#2947 = AXIS2_PLACEMENT_3D ( 'NONE', #3969, #739, #1367 ) ;
#2948 = PLANE ( 'NONE',  #2040 ) ;
#2949 = EDGE_LOOP ( 'NONE', ( #2529, #3154, #3441, #1851 ) ) ;
#2950 = VECTOR ( 'NONE', #4244, 1000.000000000000000 ) ;
#2951 = AXIS2_PLACEMENT_3D ( 'NONE', #1460, #4038, #2756 ) ;
#2952 = LINE ( 'NONE', #1651, #132 ) ;
#2953 = CC_DESIGN_APPROVAL ( #316, ( #3564 ) ) ;
#2954 = EDGE_LOOP ( 'NONE', ( #4081, #3292, #604, #1540 ) ) ;
#2955 = PLANE ( 'NONE',  #2339 ) ;
#2956 = FACE_OUTER_BOUND ( 'NONE', #2406, .T. ) ;
#2957 = VERTEX_POINT ( 'NONE', #4061 ) ;
#2958 = CYLINDRICAL_SURFACE ( 'NONE', #3711, 1.700000000000000178 ) ;
#2959 = DIRECTION ( 'NONE',  ( 0.000000000000000000, 1.000000000000000000, -7.035828143685951913E-15 ) ) ;
#2960 = EDGE_CURVE ( 'NONE', #1333, #780, #1096, .T. ) ;
#2961 = ADVANCED_FACE ( 'NONE', ( #1758, #3075, #188 ), #941, .T. ) ;
#2962 = VECTOR ( 'NONE', #1754, 1000.000000000000000 ) ;
#2963 = CARTESIAN_POINT ( 'NONE',  ( 74.28000000000000114, 13.91642406272619503, 17.50000000000013500 ) ) ;
#2964 = AXIS2_PLACEMENT_3D ( 'NONE', #991, #2306, #2974 ) ;
#2965 = CIRCLE ( 'NONE', #2620, 0.7000000000000051736 ) ;
#2966 = EDGE_LOOP ( 'NONE', ( #1750, #3841 ) ) ;
#2967 = DIRECTION ( 'NONE',  ( -1.000000000000000000, -0.000000000000000000, -0.000000000000000000 ) ) ;
#2968 = DIRECTION ( 'NONE',  ( 0.000000000000000000, -7.370867579099568370E-15, -1.000000000000000000 ) ) ;
#2969 = EDGE_CURVE ( 'NONE', #1509, #2332, #1269, .T. ) ;
#2970 = FACE_OUTER_BOUND ( 'NONE', #1614, .T. ) ;
#2971 = ORIENTED_EDGE ( 'NONE', *, *, #2910, .T. ) ;
#2972 = DIRECTION ( 'NONE',  ( 1.000000000000000000, 0.000000000000000000, 0.000000000000000000 ) ) ;
#2973 = VERTEX_POINT ( 'NONE', #3562 ) ;
#2974 = DIRECTION ( 'NONE',  ( 0.000000000000000000, 0.000000000000000000, 1.000000000000000000 ) ) ;
#2975 = LINE ( 'NONE', #1292, #3384 ) ;
#2976 = PLANE ( 'NONE',  #2698 ) ;
#2977 = ORIENTED_EDGE ( 'NONE', *, *, #1184, .T. ) ;
#2978 = LINE ( 'NONE', #23, #4261 ) ;
#2979 = DIRECTION ( 'NONE',  ( 0.8660254037844380415, -0.5000000000000008882, 0.000000000000000000 ) ) ;
#2980 = CARTESIAN_POINT ( 'NONE',  ( 100.0000000000000000, 19.09188309203678813, 19.09188309203678813 ) ) ;
#2981 = CIRCLE ( 'NONE', #3394, 1.999999999999995781 ) ;
#2982 = CC_DESIGN_PERSON_AND_ORGANIZATION_ASSIGNMENT ( #3563, #601, ( #3197 ) ) ;
#2983 = EDGE_CURVE ( 'NONE', #1176, #759, #3207, .T. ) ;
#2984 = VECTOR ( 'NONE', #1788, 1000.000000000000114 ) ;
#2985 = ORIENTED_EDGE ( 'NONE', *, *, #2983, .F. ) ;
#2986 = PLANE ( 'NONE',  #503 ) ;
#2987 = CARTESIAN_POINT ( 'NONE',  ( 74.28000000000000114, 6.916424062726162170, -17.49999999999980105 ) ) ;
#2988 = CIRCLE ( 'NONE', #1332, 3.605245064036107117 ) ;
#2989 = DIRECTION ( 'NONE',  ( 0.000000000000000000, -0.7071067811865526798, -0.7071067811865424657 ) ) ;
#2990 = EDGE_LOOP ( 'NONE', ( #4221, #3680 ) ) ;
#2991 = CIRCLE ( 'NONE', #2649, 0.7000000000000027311 ) ;
#2992 = ORIENTED_EDGE ( 'NONE', *, *, #2690, .F. ) ;
#2993 = CARTESIAN_POINT ( 'NONE',  ( 41.45173149449954053, 18.41642406280399769, 0.01990683042765901967 ) ) ;
#2994 = DIRECTION ( 'NONE',  ( 0.000000000000000000, 1.000000000000000000, -7.370867579099568370E-15 ) ) ;
#2995 = VERTEX_POINT ( 'NONE', #2170 ) ;
#2996 = CARTESIAN_POINT ( 'NONE',  ( 30.38851257287942786, 15.82451225547550777, -37.02042252705988545 ) ) ;
#2997 = FACE_BOUND ( 'NONE', #3180, .T. ) ;
#2998 = LINE ( 'NONE', #3368, #1698 ) ;
#2999 = ORIENTED_EDGE ( 'NONE', *, *, #3844, .T. ) ;
#3000 = CARTESIAN_POINT ( 'NONE',  ( 99.80000000000001137, 6.916424062726162170, -15.19999999999973461 ) ) ;
#3001 = CARTESIAN_POINT ( 'NONE',  ( 94.00000000000000000, 10.41642406272615418, 1.595945597898662527E-13 ) ) ;
#3002 = PLANE ( 'NONE',  #1513 ) ;
#3003 = ORIENTED_EDGE ( 'NONE', *, *, #3381, .T. ) ;
#3004 = ADVANCED_FACE ( 'NONE', ( #1248 ), #4230, .T. ) ;
#3005 = EDGE_CURVE ( 'NONE', #4234, #2446, #853, .T. ) ;
#3006 = AXIS2_PLACEMENT_3D ( 'NONE', #2244, #927, #586 ) ;
#3007 = CARTESIAN_POINT ( 'NONE',  ( 12.94934295108998334, 22.42891991592170342, -1.538648190134857700E-13 ) ) ;
#3008 = VECTOR ( 'NONE', #1440, 999.9999999999998863 ) ;
#3009 = ORIENTED_EDGE ( 'NONE', *, *, #3349, .F. ) ;
#3010 = DIRECTION ( 'NONE',  ( 1.000000000000000000, -0.000000000000000000, 0.000000000000000000 ) ) ;
#3011 = EDGE_CURVE ( 'NONE', #1279, #275, #878, .T. ) ;
#3012 = COORDINATED_UNIVERSAL_TIME_OFFSET ( 5, 0, .BEHIND. ) ;
#3013 = VECTOR ( 'NONE', #1235, 1000.000000000000000 ) ;
#3014 = DIRECTION ( 'NONE',  ( -1.000000000000000000, -0.000000000000000000, -0.000000000000000000 ) ) ;
#3015 = ORIENTED_EDGE ( 'NONE', *, *, #4227, .F. ) ;
#3016 = LINE ( 'NONE', #1012, #876 ) ;
#3017 = PLANE ( 'NONE',  #161 ) ;
#3018 = LINE ( 'NONE', #2980, #393 ) ;
#3019 = VERTEX_POINT ( 'NONE', #2542 ) ;
#3020 = LINE ( 'NONE', #1967, #431 ) ;
#3021 = CARTESIAN_POINT ( 'NONE',  ( 38.64426748113602628, 14.29456896164108670, 21.06077009768632280 ) ) ;
#3022 = VECTOR ( 'NONE', #59, 1000.000000000000000 ) ;
#3023 = VECTOR ( 'NONE', #2420, 1000.000000000000114 ) ;
#3024 = CARTESIAN_POINT ( 'NONE',  ( 8.941413501614999149, 24.74289906246918491, 9.308843885776614258 ) ) ;
#3025 = VERTEX_POINT ( 'NONE', #3847 ) ;
#3026 = ORIENTED_EDGE ( 'NONE', *, *, #661, .T. ) ;
#3027 = ADVANCED_FACE ( 'NONE', ( #2521, #2585, #2911 ), #4211, .T. ) ;
#3028 = LINE ( 'NONE', #1331, #2327 ) ;
#3029 = EDGE_CURVE ( 'NONE', #1780, #1699, #1549, .T. ) ;
#3030 = ORIENTED_EDGE ( 'NONE', *, *, #421, .T. ) ;
#3031 = LINE ( 'NONE', #77, #199 ) ;
#3032 = ORIENTED_EDGE ( 'NONE', *, *, #842, .F. ) ;
#3033 = CARTESIAN_POINT ( 'NONE',  ( 100.0000000000000000, 11.18376618407357981, -27.00000000000000711 ) ) ;
#3034 = ADVANCED_FACE ( 'NONE', ( #2866 ), #3589, .T. ) ;
#3035 = VERTEX_POINT ( 'NONE', #558 ) ;
#3036 = DIRECTION ( 'NONE',  ( 0.08483904282827985088, -0.04898184421469093525, 0.9951899897754744595 ) ) ;
#3037 = CYLINDRICAL_SURFACE ( 'NONE', #1537, 0.6999999999999829692 ) ;
#3038 = DIRECTION ( 'NONE',  ( -0.7745966692414826271, 0.4472135954999617580, 0.4472135954999553742 ) ) ;
#3039 = VERTEX_POINT ( 'NONE', #3910 ) ;
#3040 = CARTESIAN_POINT ( 'NONE',  ( 76.39254349478834172, -14.20002899623398740, 7.211300305656733300 ) ) ;
#3041 = CARTESIAN_POINT ( 'NONE',  ( 21.40621172966805830, 17.54634445010822574, -12.99935497757371117 ) ) ;
#3042 = DIRECTION ( 'NONE',  ( -1.000000000000000000, -0.000000000000000000, -0.000000000000000000 ) ) ;
#3043 = VECTOR ( 'NONE', #2556, 1000.000000000000000 ) ;
#3044 =( BOUNDED_CURVE ( )  B_SPLINE_CURVE ( 3, ( #248, #3517, #1843, #3157 ),
 .UNSPECIFIED., .F., .F. ) 
 B_SPLINE_CURVE_WITH_KNOTS ( ( 4, 4 ),
 ( 5.894162428183659763, 6.672208186175512701 ),
 .UNSPECIFIED. ) 
 CURVE ( )  GEOMETRIC_REPRESENTATION_ITEM ( )  RATIONAL_B_SPLINE_CURVE ( ( 1.000000000000000000, 0.9501867388990303809, 0.9501867388990303809, 1.000000000000000000 ) ) 
 REPRESENTATION_ITEM ( '' )  );
#3045 = PLANE ( 'NONE',  #1567 ) ;
#3046 = ORIENTED_EDGE ( 'NONE', *, *, #1665, .T. ) ;
#3047 = ORIENTED_EDGE ( 'NONE', *, *, #898, .F. ) ;
#3048 = CIRCLE ( 'NONE', #573, 0.6999999999999888534 ) ;
#3049 = ORIENTED_EDGE ( 'NONE', *, *, #1371, .F. ) ;
#3050 = PLANE ( 'NONE',  #2683 ) ;
#3051 = ADVANCED_FACE ( 'NONE', ( #3495, #4184 ), #1868, .F. ) ;
#3052 = VERTEX_POINT ( 'NONE', #3184 ) ;
#3053 = ORIENTED_EDGE ( 'NONE', *, *, #929, .T. ) ;
#3054 = CARTESIAN_POINT ( 'NONE',  ( 25.24345416553767052, 18.79501311195096491, 12.99935497757355485 ) ) ;
#3055 = DIRECTION ( 'NONE',  ( 0.8660254037844380415, -0.5000000000000009992, 3.601673930696385198E-15 ) ) ;
#3056 = DIRECTION ( 'NONE',  ( 0.8660254037844380415, -0.5000000000000008882, 0.000000000000000000 ) ) ;
#3057 = EDGE_CURVE ( 'NONE', #2675, #3909, #1202, .T. ) ;
#3058 = ADVANCED_FACE ( 'NONE', ( #1848 ), #900, .F. ) ;
#3059 = ORIENTED_EDGE ( 'NONE', *, *, #3994, .T. ) ;
#3060 = LINE ( 'NONE', #815, #1120 ) ;
#3061 = DIRECTION ( 'NONE',  ( 0.000000000000000000, 0.000000000000000000, -1.000000000000000000 ) ) ;
#3062 = DIRECTION ( 'NONE',  ( 0.8660254037844381525, -0.5000000000000007772, 0.000000000000000000 ) ) ;
#3063 = EDGE_CURVE ( 'NONE', #3363, #2973, #1779, .T. ) ;
#3064 = CARTESIAN_POINT ( 'NONE',  ( 25.58760094927785644, 15.13221825857984726, -18.82373548403418795 ) ) ;
#3065 = VERTEX_POINT ( 'NONE', #3889 ) ;
#3066 = VERTEX_POINT ( 'NONE', #920 ) ;
#3067 = ORIENTED_EDGE ( 'NONE', *, *, #1430, .T. ) ;
#3068 = ORIENTED_EDGE ( 'NONE', *, *, #217, .F. ) ;
#3069 = LINE ( 'NONE', #141, #4003 ) ;
#3070 = ORIENTED_EDGE ( 'NONE', *, *, #1557, .F. ) ;
#3071 = AXIS2_PLACEMENT_3D ( 'NONE', #1383, #4022, #1055 ) ;
#3072 = ORIENTED_EDGE ( 'NONE', *, *, #3625, .F. ) ;
#3073 = CARTESIAN_POINT ( 'NONE',  ( 75.90567481138656092, -15.07363576919133408, -7.212792882741603684 ) ) ;
#3074 = CIRCLE ( 'NONE', #3427, 14.00000000000035172 ) ;
#3075 = FACE_BOUND ( 'NONE', #824, .T. ) ;
#3076 = VECTOR ( 'NONE', #1667, 1000.000000000000114 ) ;
#3077 = FACE_OUTER_BOUND ( 'NONE', #1357, .T. ) ;
#3078 = AXIS2_PLACEMENT_3D ( 'NONE', #2938, #305, #3633 ) ;
#3079 = EDGE_CURVE ( 'NONE', #3234, #4165, #3229, .T. ) ;
#3080 = ORIENTED_EDGE ( 'NONE', *, *, #1557, .T. ) ;
#3081 = DIRECTION ( 'NONE',  ( 0.000000000000000000, 0.7071067811865476838, -0.7071067811865474617 ) ) ;
#3082 = EDGE_CURVE ( 'NONE', #612, #4011, #1694, .T. ) ;
#3083 = CARTESIAN_POINT ( 'NONE',  ( 84.02422311930493493, -15.14207966667988181, 7.908260464847808535 ) ) ;
#3084 = DIRECTION ( 'NONE',  ( 0.5000000000000009992, 0.8660254037844382635, -5.939693181744591436E-15 ) ) ;
#3085 = LINE ( 'NONE', #174, #3256 ) ;
#3086 = DIRECTION ( 'NONE',  ( -0.5000000000000009992, -0.8660254037844380415, 5.974264125907593365E-15 ) ) ;
#3087 = EDGE_CURVE ( 'NONE', #924, #114, #816, .T. ) ;
#3088 = DIRECTION ( 'NONE',  ( 0.7754764868735120054, -0.4477215584466455178, 0.4451759476975623575 ) ) ;
#3089 = ORIENTED_EDGE ( 'NONE', *, *, #109, .F. ) ;
#3090 = CIRCLE ( 'NONE', #1577, 3.605245064036107117 ) ;
#3091 = EDGE_LOOP ( 'NONE', ( #3545, #1823, #666, #3423 ) ) ;
#3092 = VERTEX_POINT ( 'NONE', #1027 ) ;
#3093 = ORIENTED_EDGE ( 'NONE', *, *, #2459, .T. ) ;
#3094 = VECTOR ( 'NONE', #3169, 1000.000000000000114 ) ;
#3095 = ORIENTED_EDGE ( 'NONE', *, *, #1247, .T. ) ;
#3096 = CARTESIAN_POINT ( 'NONE',  ( 100.0000000000000000, -19.09188309203679523, 19.09188309203678813 ) ) ;
#3097 = VERTEX_POINT ( 'NONE', #1288 ) ;
#3098 = VERTEX_POINT ( 'NONE', #3932 ) ;
#3099 = FACE_OUTER_BOUND ( 'NONE', #2029, .T. ) ;
#3100 = DIRECTION ( 'NONE',  ( 0.000000000000000000, 0.000000000000000000, -1.000000000000000000 ) ) ;
#3101 = PLANE ( 'NONE',  #2037 ) ;
#3102 = ORIENTED_EDGE ( 'NONE', *, *, #164, .T. ) ;
#3103 = LINE ( 'NONE', #1406, #3538 ) ;
#3104 = CARTESIAN_POINT ( 'NONE',  ( 23.03101860023945235, 17.76296230438192936, -12.99935497757379821 ) ) ;
#3105 = LINE ( 'NONE', #1469, #3572 ) ;
#3106 = VECTOR ( 'NONE', #4151, 1000.000000000000000 ) ;
#3107 = DIRECTION ( 'NONE',  ( 1.000000000000000000, 0.000000000000000000, 0.000000000000000000 ) ) ;
#3108 = EDGE_CURVE ( 'NONE', #3903, #4140, #1974, .T. ) ;
#3109 = FACE_OUTER_BOUND ( 'NONE', #689, .T. ) ;
#3110 = CARTESIAN_POINT ( 'NONE',  ( 31.86139842400228517, 10.35533905932718390, -25.00000000000008171 ) ) ;
#3111 = ORIENTED_EDGE ( 'NONE', *, *, #135, .T. ) ;
#3112 = EDGE_CURVE ( 'NONE', #3494, #3958, #643, .T. ) ;
#3113 = PLANE ( 'NONE',  #1797 ) ;
#3114 = AXIS2_PLACEMENT_3D ( 'NONE', #452, #2417, #2803 ) ;
#3115 = ORIENTED_EDGE ( 'NONE', *, *, #3063, .F. ) ;
#3116 = DIRECTION ( 'NONE',  ( 0.000000000000000000, 0.000000000000000000, -1.000000000000000000 ) ) ;
#3117 = DIRECTION ( 'NONE',  ( -0.5000000000000009992, -0.8660254037844381525, 5.939693181744589858E-15 ) ) ;
#3118 = EDGE_CURVE ( 'NONE', #3433, #4229, #2816, .T. ) ;
#3119 = EDGE_LOOP ( 'NONE', ( #2893, #990, #2749, #3806 ) ) ;
#3120 = VECTOR ( 'NONE', #904, 1000.000000000000114 ) ;
#3121 = ORIENTED_EDGE ( 'NONE', *, *, #3273, .F. ) ;
#3122 = DIRECTION ( 'NONE',  ( 0.8660254037844382635, -0.5000000000000006661, 0.000000000000000000 ) ) ;
#3123 = DIRECTION ( 'NONE',  ( -1.000000000000000000, 0.000000000000000000, -0.000000000000000000 ) ) ;
#3124 = VECTOR ( 'NONE', #769, 1000.000000000000000 ) ;
#3125 = ORIENTED_EDGE ( 'NONE', *, *, #3660, .T. ) ;
#3126 = CARTESIAN_POINT ( 'NONE',  ( 82.03735443590353782, -18.61376265099077187, -7.909753041931574913 ) ) ;
#3127 = CARTESIAN_POINT ( 'NONE',  ( 28.83482091188827567, 13.25743493904917436, 36.89571791425893110 ) ) ;
#3128 = CARTESIAN_POINT ( 'NONE',  ( 67.67150000782797292, -10.31963272980260271, -45.67497178912956457 ) ) ;
#3129 = DIRECTION ( 'NONE',  ( -0.5000000000000009992, -0.8660254037844382635, 5.939693181744591436E-15 ) ) ;
#3130 = DIRECTION ( 'NONE',  ( 0.8660254037844372643, -0.5000000000000023315, 0.000000000000000000 ) ) ;
#3131 = PERSON ( 'UNSPECIFIED', 'UNSPECIFIED', 'UNSPECIFIED', ('UNSPECIFIED'), ('UNSPECIFIED'), ('UNSPECIFIED') ) ;
#3132 = LINE ( 'NONE', #523, #2201 ) ;
#3133 = ORIENTED_EDGE ( 'NONE', *, *, #1430, .F. ) ;
#3134 = ORIENTED_EDGE ( 'NONE', *, *, #1668, .T. ) ;
#3135 = ORIENTED_EDGE ( 'NONE', *, *, #3244, .T. ) ;
#3136 = EDGE_CURVE ( 'NONE', #3837, #3760, #2633, .T. ) ;
#3137 = EDGE_CURVE ( 'NONE', #3574, #3873, #3670, .T. ) ;
#3138 = LINE ( 'NONE', #1220, #884 ) ;
#3139 = ORIENTED_EDGE ( 'NONE', *, *, #2717, .F. ) ;
#3140 = ORIENTED_EDGE ( 'NONE', *, *, #2322, .F. ) ;
#3141 = ADVANCED_FACE ( 'NONE', ( #1631 ), #2955, .T. ) ;
#3142 = LINE ( 'NONE', #810, #1677 ) ;
#3143 = FACE_OUTER_BOUND ( 'NONE', #3488, .T. ) ;
#3144 = AXIS2_PLACEMENT_3D ( 'NONE', #87, #368, #1985 ) ;
#3145 = VECTOR ( 'NONE', #2554, 1000.000000000000000 ) ;
#3146 = EDGE_LOOP ( 'NONE', ( #22, #2609, #3819, #1159 ) ) ;
#3147 = DIRECTION ( 'NONE',  ( -0.000000000000000000, -7.380978235061771560E-15, -1.000000000000000000 ) ) ;
#3148 = VECTOR ( 'NONE', #366, 1000.000000000000000 ) ;
#3149 = LINE ( 'NONE', #108, #3474 ) ;
#3150 = DIRECTION ( 'NONE',  ( 1.000000000000000000, 0.000000000000000000, 0.000000000000000000 ) ) ;
#3151 = CARTESIAN_POINT ( 'NONE',  ( 94.00000000000000000, 10.41642406272615418, 1.595945597898662527E-13 ) ) ;
#3152 = DIRECTION ( 'NONE',  ( 0.8660254037844361541, -0.5000000000000042188, 0.000000000000000000 ) ) ;
#3153 = CARTESIAN_POINT ( 'NONE',  ( 74.28000000000000114, 10.41642406272617727, -17.49999999999980105 ) ) ;
#3154 = ORIENTED_EDGE ( 'NONE', *, *, #4095, .T. ) ;
#3155 = EDGE_LOOP ( 'NONE', ( #2351, #681, #1018, #1678 ) ) ;
#3156 = DIRECTION ( 'NONE',  ( 0.000000000000000000, 0.000000000000000000, -1.000000000000000000 ) ) ;
#3157 = CARTESIAN_POINT ( 'NONE',  ( 50.93916778806364931, 10.88778916524127993, -24.46754989408598391 ) ) ;
#3158 = LINE ( 'NONE', #1211, #3780 ) ;
#3159 = ADVANCED_FACE ( 'NONE', ( #2324 ), #4271, .T. ) ;
#3161 = ORIENTED_EDGE ( 'NONE', *, *, #501, .T. ) ;
#3160 = VECTOR ( 'NONE', #18, 1000.000000000000000 ) ;
#3162 = VECTOR ( 'NONE', #2227, 999.9999999999998863 ) ;
#3163 = ORIENTED_EDGE ( 'NONE', *, *, #636, .T. ) ;
#3164 = DIRECTION ( 'NONE',  ( 0.000000000000000000, -1.000000000000000000, 0.000000000000000000 ) ) ;
#3165 = CARTESIAN_POINT ( 'NONE',  ( 99.80000000000001137, -17.67766952966381666, -17.67766952966356442 ) ) ;
#3166 = ORIENTED_EDGE ( 'NONE', *, *, #2031, .F. ) ;
#3167 = DIRECTION ( 'NONE',  ( 0.000000000000000000, 0.000000000000000000, -1.000000000000000000 ) ) ;
#3168 = DIRECTION ( 'NONE',  ( 0.000000000000000000, 0.000000000000000000, -1.000000000000000000 ) ) ;
#3169 = DIRECTION ( 'NONE',  ( 0.7754764868734490557, -0.4477215584466090470, 0.4451759476977084629 ) ) ;
#3170 = CARTESIAN_POINT ( 'NONE',  ( 12.94934295108998334, 22.42891991592170342, -1.538648190134857700E-13 ) ) ;
#3171 = DIRECTION ( 'NONE',  ( 0.8660254037844377084, -0.5000000000000015543, 0.000000000000000000 ) ) ;
#3172 = DIRECTION ( 'NONE',  ( 1.000000000000000000, 0.000000000000000000, 0.000000000000000000 ) ) ;
#3173 = EDGE_LOOP ( 'NONE', ( #4031, #2186 ) ) ;
#3174 = FACE_OUTER_BOUND ( 'NONE', #647, .T. ) ;
#3175 = CARTESIAN_POINT ( 'NONE',  ( 74.28000000000000114, 10.41642406272617727, -20.99999999999981881 ) ) ;
#3176 = ORIENTED_EDGE ( 'NONE', *, *, #3520, .T. ) ;
#3177 = CARTESIAN_POINT ( 'NONE',  ( 75.00000000000000000, 10.41642406272618082, 17.50000000000014211 ) ) ;
#3178 = CYLINDRICAL_SURFACE ( 'NONE', #2123, 0.6999999999999888534 ) ;
#3179 = AXIS2_PLACEMENT_3D ( 'NONE', #2189, #595, #2837 ) ;
#3180 = EDGE_LOOP ( 'NONE', ( #4018, #3417, #1368, #2513 ) ) ;
#3181 = AXIS2_PLACEMENT_3D ( 'NONE', #730, #3637, #373 ) ;
#3182 = CARTESIAN_POINT ( 'NONE',  ( 99.80000000000001137, 10.35533905932754628, 24.99999999999992539 ) ) ;
#3183 = ORIENTED_EDGE ( 'NONE', *, *, #3057, .F. ) ;
#3184 = CARTESIAN_POINT ( 'NONE',  ( 80.42106329261393682, -13.06179437080649208, 22.29354468852081439 ) ) ;
#3185 = ADVANCED_FACE ( 'NONE', ( #2610 ), #3648, .F. ) ;
#3186 = CARTESIAN_POINT ( 'NONE',  ( 0.000000000000000000, 0.000000000000000000, 0.000000000000000000 ) ) ;
#3187 = AXIS2_PLACEMENT_3D ( 'NONE', #2008, #2381, #46 ) ;
#3188 = ORIENTED_EDGE ( 'NONE', *, *, #2213, .T. ) ;
#3189 = CARTESIAN_POINT ( 'NONE',  ( 94.80000000000001137, -11.89726821137925228, -20.38248969043735670 ) ) ;
#3190 = VECTOR ( 'NONE', #1485, 1000.000000000000114 ) ;
#3191 = FACE_OUTER_BOUND ( 'NONE', #492, .T. ) ;
#3192 = EDGE_CURVE ( 'NONE', #3632, #2746, #3629, .T. ) ;
#3193 = EDGE_CURVE ( 'NONE', #106, #1227, #1996, .T. ) ;
#3194 = LINE ( 'NONE', #1944, #1902 ) ;
#3195 = DIRECTION ( 'NONE',  ( 0.000000000000000000, -0.7071067811865424657, 0.7071067811865526798 ) ) ;
#3196 = CARTESIAN_POINT ( 'NONE',  ( 94.80000000000001137, 11.89726821137852575, -20.38248969043735670 ) ) ;
#3197 = PRODUCT ( 'newBottomNoGear', 'newBottomNoGear', '', ( #3541 ) ) ;
#3198 = CARTESIAN_POINT ( 'NONE',  ( 20.30544841743672890, 18.18187044473911840, -0.8361350805655324292 ) ) ;
#3199 = ORIENTED_EDGE ( 'NONE', *, *, #1370, .T. ) ;
#3200 = EDGE_CURVE ( 'NONE', #505, #3039, #963, .T. ) ;
#3201 = DIRECTION ( 'NONE',  ( 0.08483904282829153598, -0.04898184421471119682, -0.9951899897754725721 ) ) ;
#3202 = ORIENTED_EDGE ( 'NONE', *, *, #1083, .T. ) ;
#3203 = CARTESIAN_POINT ( 'NONE',  ( 36.30095548418310614, 24.99999999999996092, -5.200914422068161791 ) ) ;
#3204 = CARTESIAN_POINT ( 'NONE',  ( 24.87031334480580824, 15.54634445010822574, -12.99935497757371117 ) ) ;
#3205 = ORIENTED_EDGE ( 'NONE', *, *, #3402, .T. ) ;
#3206 = ORIENTED_EDGE ( 'NONE', *, *, #1084, .T. ) ;
#3207 = LINE ( 'NONE', #4141, #1335 ) ;
#3208 = VERTEX_POINT ( 'NONE', #2016 ) ;
#3209 = DIRECTION ( 'NONE',  ( 0.7754764868735188887, -0.4477215584466555098, -0.4451759476975403751 ) ) ;
#3210 = PLANE ( 'NONE',  #845 ) ;
#3211 = CARTESIAN_POINT ( 'NONE',  ( 19.07724992127696240, 18.89097117711536455, 15.12749946104013787 ) ) ;
#3212 = DIRECTION ( 'NONE',  ( 0.8660254037844382635, -0.5000000000000006661, 0.000000000000000000 ) ) ;
#3213 = EDGE_CURVE ( 'NONE', #624, #3316, #3515, .T. ) ;
#3214 = EDGE_CURVE ( 'NONE', #1509, #246, #1097, .T. ) ;
#3215 = ORIENTED_EDGE ( 'NONE', *, *, #102, .T. ) ;
#3216 = CARTESIAN_POINT ( 'NONE',  ( 79.71533968543889159, -16.11844627136846597, -9.952055505674790581 ) ) ;
#3217 = DIRECTION ( 'NONE',  ( 0.8660254037844380415, -0.5000000000000008882, 0.000000000000000000 ) ) ;
#3218 = ORIENTED_EDGE ( 'NONE', *, *, #3551, .T. ) ;
#3219 = AXIS2_PLACEMENT_3D ( 'NONE', #3940, #608, #1276 ) ;
#3220 = AXIS2_PLACEMENT_3D ( 'NONE', #1198, #1219, #2581 ) ;
#3221 = EDGE_CURVE ( 'NONE', #4074, #508, #3090, .T. ) ;
#3222 = CARTESIAN_POINT ( 'NONE',  ( 94.80000000000001137, 0.000000000000000000, 0.000000000000000000 ) ) ;
#3223 = DIRECTION ( 'NONE',  ( 0.000000000000000000, 0.000000000000000000, -1.000000000000000000 ) ) ;
#3224 = ORIENTED_EDGE ( 'NONE', *, *, #2058, .F. ) ;
#3225 = FACE_OUTER_BOUND ( 'NONE', #4016, .T. ) ;
#3226 = CARTESIAN_POINT ( 'NONE',  ( 74.28000000000000114, 24.99999999999992539, -10.35533905932756227 ) ) ;
#3227 = ORIENTED_EDGE ( 'NONE', *, *, #3650, .F. ) ;
#3228 = ORIENTED_EDGE ( 'NONE', *, *, #3839, .T. ) ;
#3229 = LINE ( 'NONE', #2283, #2891 ) ;
#3230 = CARTESIAN_POINT ( 'NONE',  ( 83.67944130057664154, -17.25242086758402849, -9.952055505674795910 ) ) ;
#3231 = VECTOR ( 'NONE', #271, 1000.000000000000114 ) ;
#3232 = VECTOR ( 'NONE', #957, 999.9999999999998863 ) ;
#3233 = VERTEX_POINT ( 'NONE', #1045 ) ;
#3234 = VERTEX_POINT ( 'NONE', #3691 ) ;
#3235 = DIRECTION ( 'NONE',  ( -0.5000000000000008882, -0.8660254037844381525, 5.939693181744590647E-15 ) ) ;
#3236 = AXIS2_PLACEMENT_3D ( 'NONE', #2400, #3930, #416 ) ;
#3237 = CARTESIAN_POINT ( 'NONE',  ( 100.0000000000000000, 1.758957035921487678E-13, 24.99999999999999645 ) ) ;
#3238 = CARTESIAN_POINT ( 'NONE',  ( 66.69170411071429783, -9.753947304853138434, -47.93771348892672535 ) ) ;
#3239 = CYLINDRICAL_SURFACE ( 'NONE', #222, 1.999999999999995781 ) ;
#3240 = ORIENTED_EDGE ( 'NONE', *, *, #956, .T. ) ;
#3241 = CARTESIAN_POINT ( 'NONE',  ( 86.32173539950265706, -16.46854900011844691, 18.88679005920891640 ) ) ;
#3242 = LINE ( 'NONE', #1236, #3935 ) ;
#3243 = ORIENTED_EDGE ( 'NONE', *, *, #3805, .T. ) ;
#3244 = EDGE_CURVE ( 'NONE', #4234, #3837, #2933, .T. ) ;
#3245 = LINE ( 'NONE', #1324, #873 ) ;
#3246 = DIRECTION ( 'NONE',  ( 0.000000000000000000, -1.000000000000000000, 0.000000000000000000 ) ) ;
#3247 = CARTESIAN_POINT ( 'NONE',  ( 24.24345416553767052, 17.06296230438192296, -12.99935497757379821 ) ) ;
#3248 = ORIENTED_EDGE ( 'NONE', *, *, #3112, .T. ) ;
#3249 = CARTESIAN_POINT ( 'NONE',  ( 36.52227839282395649, 19.21138413846005477, -16.14395492086732986 ) ) ;
#3250 = CARTESIAN_POINT ( 'NONE',  ( 98.20000000000000284, 17.67766952966380956, 17.67766952966354665 ) ) ;
#3251 = EDGE_CURVE ( 'NONE', #1560, #3233, #3031, .T. ) ;
#3252 = ORIENTED_EDGE ( 'NONE', *, *, #3838, .F. ) ;
#3253 = DIRECTION ( 'NONE',  ( -0.5000000000000009992, -0.8660254037844382635, 5.939693181744591436E-15 ) ) ;
#3254 = ADVANCED_FACE ( 'NONE', ( #2057 ), #2410, .F. ) ;
#3255 = DATE_AND_TIME ( #1939, #2807 ) ;
#3256 = VECTOR ( 'NONE', #1515, 1000.000000000000114 ) ;
#3257 = CARTESIAN_POINT ( 'NONE',  ( 24.97949624473111285, 15.48330767344564762, 18.51578801016517062 ) ) ;
#3258 = EDGE_LOOP ( 'NONE', ( #1065, #1841, #3709, #4254 ) ) ;
#3259 = PLANE ( 'NONE',  #3078 ) ;
#3260 = VECTOR ( 'NONE', #3284, 1000.000000000000000 ) ;
#3261 = DIRECTION ( 'NONE',  ( 0.000000000000000000, -1.000000000000000000, 0.000000000000000000 ) ) ;
#3262 = LINE ( 'NONE', #1253, #3773 ) ;
#3263 = DIRECTION ( 'NONE',  ( -0.5000000000000009992, -0.8660254037844382635, 5.939693181744591436E-15 ) ) ;
#3264 = VECTOR ( 'NONE', #3392, 1000.000000000000000 ) ;
#3265 = ORIENTED_EDGE ( 'NONE', *, *, #3967, .T. ) ;
#3266 = DIRECTION ( 'NONE',  ( 0.000000000000000000, 0.000000000000000000, -1.000000000000000000 ) ) ;
#3267 = PLANE ( 'NONE',  #1922 ) ;
#3268 = CARTESIAN_POINT ( 'NONE',  ( 12.41140712235615062, 22.73949731144791997, -1.249413372509398101 ) ) ;
#3269 = DIRECTION ( 'NONE',  ( -0.5000000000000015543, -0.8660254037844378194, 0.000000000000000000 ) ) ;
#3270 = ORIENTED_EDGE ( 'NONE', *, *, #1404, .T. ) ;
#3271 = CARTESIAN_POINT ( 'NONE',  ( 98.20000000000000284, 20.15533905932751679, -15.19999999999989448 ) ) ;
#3272 = ADVANCED_FACE ( 'NONE', ( #2753 ), #1735, .F. ) ;
#3273 = EDGE_CURVE ( 'NONE', #1824, #3643, #3069, .T. ) ;
#3274 = ORIENTED_EDGE ( 'NONE', *, *, #536, .T. ) ;
#3275 = DIRECTION ( 'NONE',  ( 0.000000000000000000, 0.000000000000000000, -1.000000000000000000 ) ) ;
#3276 = COORDINATED_UNIVERSAL_TIME_OFFSET ( 5, 0, .BEHIND. ) ;
#3277 = CARTESIAN_POINT ( 'NONE',  ( 21.40356025445241883, 21.01197689517559652, 5.434606370662597996 ) ) ;
#3278 = EDGE_CURVE ( 'NONE', #1923, #1421, #2196, .T. ) ;
#3279 = ORIENTED_EDGE ( 'NONE', *, *, #617, .F. ) ;
#3280 = FACE_OUTER_BOUND ( 'NONE', #2819, .T. ) ;
#3281 = CARTESIAN_POINT ( 'NONE',  ( 99.80000000000001137, -11.89726821137925228, 20.38248969043705117 ) ) ;
#3282 = CARTESIAN_POINT ( 'NONE',  ( 79.27100968557279259, -12.39781061119900585, -8.958563339424282290 ) ) ;
#3283 = ORIENTED_EDGE ( 'NONE', *, *, #1685, .F. ) ;
#3284 = DIRECTION ( 'NONE',  ( -1.000000000000000000, -0.000000000000000000, -0.000000000000000000 ) ) ;
#3285 = CARTESIAN_POINT ( 'NONE',  ( 25.58773977040421954, 22.06034134044091743, 13.29499771888639259 ) ) ;
#3286 = AXIS2_PLACEMENT_3D ( 'NONE', #430, #813, #3056 ) ;
#3287 = AXIS2_PLACEMENT_3D ( 'NONE', #892, #2208, #3533 ) ;
#3288 = FACE_BOUND ( 'NONE', #2966, .T. ) ;
#3289 = ORIENTED_EDGE ( 'NONE', *, *, #2849, .T. ) ;
#3290 = AXIS2_PLACEMENT_3D ( 'NONE', #3639, #2010, #1950 ) ;
#3291 = CARTESIAN_POINT ( 'NONE',  ( 75.00000000000000000, 10.41642406272617905, 17.50000000000045119 ) ) ;
#3292 = ORIENTED_EDGE ( 'NONE', *, *, #443, .F. ) ;
#3293 = DIRECTION ( 'NONE',  ( -0.5000000000000009992, -0.8660254037844382635, 5.939693181744591436E-15 ) ) ;
#3294 = EDGE_CURVE ( 'NONE', #3984, #2450, #3713, .T. ) ;
#3295 = ADVANCED_FACE ( 'NONE', ( #3382 ), #2709, .F. ) ;
#3296 = FACE_OUTER_BOUND ( 'NONE', #1734, .T. ) ;
#3297 = ORIENTED_EDGE ( 'NONE', *, *, #3729, .T. ) ;
#3298 = ORIENTED_EDGE ( 'NONE', *, *, #3192, .T. ) ;
#3299 = DIRECTION ( 'NONE',  ( 0.000000000000000000, 0.000000000000000000, -1.000000000000000000 ) ) ;
#3300 = PLANE ( 'NONE',  #4232 ) ;
#3301 = VECTOR ( 'NONE', #3117, 999.9999999999998863 ) ;
#3302 = CARTESIAN_POINT ( 'NONE',  ( 74.28000000000000114, 13.91642406272619858, 13.55544171172647161 ) ) ;
#3303 = EDGE_CURVE ( 'NONE', #887, #3500, #4035, .T. ) ;
#3304 = VECTOR ( 'NONE', #15, 1000.000000000000000 ) ;
#3305 = EDGE_LOOP ( 'NONE', ( #413, #3799, #1455, #1804, #406, #1670, #2192, #1475 ) ) ;
#3306 = LINE ( 'NONE', #3000, #2567 ) ;
#3307 = DIRECTION ( 'NONE',  ( -0.5000000000000009992, -0.8660254037844381525, 5.884182030513328087E-15 ) ) ;
#3308 = MANIFOLD_SOLID_BREP ( 'Cut-Extrude35', #3460 ) ;
#3309 = CARTESIAN_POINT ( 'NONE',  ( 52.52337180435968378, 9.973148549981646127, -3.920556324061059867E-14 ) ) ;
#3310 = EDGE_LOOP ( 'NONE', ( #1499, #117, #4157, #1706 ) ) ;
#3311 = DIRECTION ( 'NONE',  ( 0.000000000000000000, 0.7071067811865424657, -0.7071067811865526798 ) ) ;
#3312 = ORIENTED_EDGE ( 'NONE', *, *, #1723, .F. ) ;
#3313 = DIRECTION ( 'NONE',  ( 0.8660254037844381525, -0.5000000000000007772, 0.000000000000000000 ) ) ;
#3314 = APPROVAL_STATUS ( 'not_yet_approved' ) ;
#3315 = DIRECTION ( 'NONE',  ( 0.000000000000000000, 0.000000000000000000, -1.000000000000000000 ) ) ;
#3316 = VERTEX_POINT ( 'NONE', #784 ) ;
#3317 = ORIENTED_EDGE ( 'NONE', *, *, #2846, .F. ) ;
#3318 = CARTESIAN_POINT ( 'NONE',  ( 41.45173149449954053, 17.99999999999996092, -5.200914422068110277 ) ) ;
#3319 = FACE_OUTER_BOUND ( 'NONE', #276, .T. ) ;
#3320 = CARTESIAN_POINT ( 'NONE',  ( 99.80000000000001137, 0.000000000000000000, 0.000000000000000000 ) ) ;
#3321 = VECTOR ( 'NONE', #521, 1000.000000000000000 ) ;
#3322 = AXIS2_PLACEMENT_3D ( 'NONE', #3196, #4195, #242 ) ;
#3323 = ADVANCED_FACE ( 'NONE', ( #2729 ), #3050, .F. ) ;
#3324 = ORIENTED_EDGE ( 'NONE', *, *, #399, .T. ) ;
#3325 = CARTESIAN_POINT ( 'NONE',  ( 67.73334518471718013, -10.35533905932719634, 25.00000000000007105 ) ) ;
#3326 = ADVANCED_FACE ( 'NONE', ( #4057 ), #4114, .T. ) ;
#3327 = CARTESIAN_POINT ( 'NONE',  ( 99.80000000000001137, 10.35533905932718568, -25.00000000000007816 ) ) ;
#3328 = CIRCLE ( 'NONE', #158, 0.6999999999999888534 ) ;
#3329 = DIRECTION ( 'NONE',  ( 0.8660254037844380415, -0.5000000000000009992, 0.000000000000000000 ) ) ;
#3330 = EDGE_CURVE ( 'NONE', #3837, #2304, #2773, .T. ) ;
#3331 = DIRECTION ( 'NONE',  ( 0.000000000000000000, 0.000000000000000000, -1.000000000000000000 ) ) ;
#3332 = ORIENTED_EDGE ( 'NONE', *, *, #1215, .F. ) ;
#3333 = AXIS2_PLACEMENT_3D ( 'NONE', #3453, #145, #3428 ) ;
#3334 = FACE_BOUND ( 'NONE', #14, .T. ) ;
#3335 = ORIENTED_EDGE ( 'NONE', *, *, #2906, .F. ) ;
#3336 = DIRECTION ( 'NONE',  ( 0.8660254037844382635, -0.5000000000000006661, 0.000000000000000000 ) ) ;
#3337 = CALENDAR_DATE ( 2026, 6, 4 ) ;
#3338 = CARTESIAN_POINT ( 'NONE',  ( 36.30095548418310614, 18.00000000000003553, 5.140239624478231129 ) ) ;
#3339 = EDGE_LOOP ( 'NONE', ( #3452, #4246, #2081, #83 ) ) ;
#3340 = ORIENTED_EDGE ( 'NONE', *, *, #713, .T. ) ;
#3341 = CARTESIAN_POINT ( 'NONE',  ( 24.24345416553767407, 17.06296230438210415, 12.99935497757356728 ) ) ;
#3342 = CARTESIAN_POINT ( 'NONE',  ( 75.00000000000000000, 10.41642406272617905, 15.80000000000045191 ) ) ;
#3343 = LINE ( 'NONE', #3658, #1566 ) ;
#3344 = VERTEX_POINT ( 'NONE', #2077 ) ;
#3345 = LINE ( 'NONE', #652, #3260 ) ;
#3346 = DIRECTION ( 'NONE',  ( -0.5000000000000009992, -0.8660254037844380415, 5.974264125907593365E-15 ) ) ;
#3347 = AXIS2_PLACEMENT_3D ( 'NONE', #994, #1940, #2994 ) ;
#3348 = EDGE_CURVE ( 'NONE', #2421, #139, #1024, .T. ) ;
#3349 = EDGE_CURVE ( 'NONE', #3632, #1710, #442, .T. ) ;
#3350 = CARTESIAN_POINT ( 'NONE',  ( 81.94739049300777367, -16.25242086758402849, -9.952055505674795910 ) ) ;
#3351 = ORIENTED_EDGE ( 'NONE', *, *, #3814, .F. ) ;
#3352 = CARTESIAN_POINT ( 'NONE',  ( 100.0000000000000000, -27.00000000000001066, -11.18376618407356737 ) ) ;
#3353 = EDGE_CURVE ( 'NONE', #1644, #551, #1778, .T. ) ;
#3354 = VECTOR ( 'NONE', #1098, 1000.000000000000114 ) ;
#3355 = VERTEX_POINT ( 'NONE', #1457 ) ;
#3356 = ORIENTED_EDGE ( 'NONE', *, *, #3278, .T. ) ;
#3357 = VECTOR ( 'NONE', #1852, 1000.000000000000000 ) ;
#3358 = ORIENTED_EDGE ( 'NONE', *, *, #2188, .T. ) ;
#3359 = DIRECTION ( 'NONE',  ( -0.3296387434655659310, 0.1903170172751685596, -0.9247257602889227268 ) ) ;
#3360 = VECTOR ( 'NONE', #1550, 1000.000000000000114 ) ;
#3361 = CALENDAR_DATE ( 2026, 6, 4 ) ;
#3362 = VECTOR ( 'NONE', #1007, 1000.000000000000000 ) ;
#3363 = VERTEX_POINT ( 'NONE', #1394 ) ;
#3364 = DIRECTION ( 'NONE',  ( -0.9184855229425282763, 0.000000000000000000, -0.3954546044048421471 ) ) ;
#3365 = ORIENTED_EDGE ( 'NONE', *, *, #757, .T. ) ;
#3366 = CARTESIAN_POINT ( 'NONE',  ( 80.21533968543889159, -15.25242086758403026, -9.952055505674795910 ) ) ;
#3367 = DIRECTION ( 'NONE',  ( 0.8660254037844380415, -0.5000000000000008882, 0.000000000000000000 ) ) ;
#3368 = CARTESIAN_POINT ( 'NONE',  ( 94.80000000000001137, -9.621037113853832423, 24.99999999999992539 ) ) ;
#3369 = ORIENTED_EDGE ( 'NONE', *, *, #3213, .F. ) ;
#3370 = FACE_OUTER_BOUND ( 'NONE', #3469, .T. ) ;
#3371 = FACE_BOUND ( 'NONE', #3669, .T. ) ;
#3372 = CARTESIAN_POINT ( 'NONE',  ( 36.30095548418310614, 24.99999999999996092, -5.200914422068161791 ) ) ;
#3373 = AXIS2_PLACEMENT_3D ( 'NONE', #1571, #3164, #1592 ) ;
#3374 = VECTOR ( 'NONE', #4242, 1000.000000000000227 ) ;
#3375 = LINE ( 'NONE', #2403, #3988 ) ;
#3376 = VERTEX_POINT ( 'NONE', #2452 ) ;
#3377 = EDGE_CURVE ( 'NONE', #4209, #114, #3772, .T. ) ;
#3378 = ORIENTED_EDGE ( 'NONE', *, *, #2243, .T. ) ;
#3379 = VERTEX_POINT ( 'NONE', #163 ) ;
#3380 = EDGE_CURVE ( 'NONE', #3019, #1503, #1481, .T. ) ;
#3381 = EDGE_CURVE ( 'NONE', #2147, #3208, #2144, .T. ) ;
#3382 = FACE_OUTER_BOUND ( 'NONE', #3797, .T. ) ;
#3383 = ORIENTED_EDGE ( 'NONE', *, *, #3687, .T. ) ;
#3384 = VECTOR ( 'NONE', #1010, 1000.000000000000000 ) ;
#3385 = ORIENTED_EDGE ( 'NONE', *, *, #2822, .T. ) ;
#3386 = DIRECTION ( 'NONE',  ( 1.000000000000000000, -0.000000000000000000, 0.000000000000000000 ) ) ;
#3387 = EDGE_CURVE ( 'NONE', #656, #525, #4065, .T. ) ;
#3388 = DIRECTION ( 'NONE',  ( 0.000000000000000000, 0.000000000000000000, -1.000000000000000000 ) ) ;
#3389 = FACE_BOUND ( 'NONE', #3716, .T. ) ;
#3390 = ORIENTED_EDGE ( 'NONE', *, *, #1561, .F. ) ;
#3391 = DIRECTION ( 'NONE',  ( 0.08483904282827939292, -0.04898184421469065075, 0.9951899897754745705 ) ) ;
#3392 = DIRECTION ( 'NONE',  ( 0.000000000000000000, 0.000000000000000000, -1.000000000000000000 ) ) ;
#3393 = CYLINDRICAL_SURFACE ( 'NONE', #1442, 1.999999999999998668 ) ;
#3394 = AXIS2_PLACEMENT_3D ( 'NONE', #3482, #3129, #2489 ) ;
#3395 = LINE ( 'NONE', #417, #1976 ) ;
#3396 = ORIENTED_EDGE ( 'NONE', *, *, #404, .T. ) ;
#3397 = VECTOR ( 'NONE', #498, 1000.000000000000114 ) ;
#3398 = EDGE_LOOP ( 'NONE', ( #121, #2074, #1591, #3922 ) ) ;
#3399 = VECTOR ( 'NONE', #3476, 1000.000000000000000 ) ;
#3400 = ORIENTED_EDGE ( 'NONE', *, *, #3402, .F. ) ;
#3401 = DIRECTION ( 'NONE',  ( 1.000000000000000000, -0.000000000000000000, 0.000000000000000000 ) ) ;
#3402 = EDGE_CURVE ( 'NONE', #2902, #3234, #3138, .T. ) ;
#3403 = EDGE_CURVE ( 'NONE', #1333, #2492, #1437, .T. ) ;
#3404 = ORIENTED_EDGE ( 'NONE', *, *, #134, .T. ) ;
#3405 = VERTEX_POINT ( 'NONE', #1865 ) ;
#3406 = CARTESIAN_POINT ( 'NONE',  ( 100.0000000000000000, 27.00000000000001776, 4.187992942670208871E-15 ) ) ;
#3407 = DIRECTION ( 'NONE',  ( -0.5000000000000008882, -0.8660254037844381525, 5.939693181744590647E-15 ) ) ;
#3408 = CARTESIAN_POINT ( 'NONE',  ( 41.45173149449954053, 18.00000000000002487, 3.601021597043572164 ) ) ;
#3409 = EDGE_CURVE ( 'NONE', #3025, #2015, #1990, .T. ) ;
#3410 = EDGE_LOOP ( 'NONE', ( #3032, #288, #3446, #314 ) ) ;
#3411 = LINE ( 'NONE', #433, #1496 ) ;
#3412 = CARTESIAN_POINT ( 'NONE',  ( 80.21533968543889159, -15.25242086758403026, -9.952055505674795910 ) ) ;
#3413 = CARTESIAN_POINT ( 'NONE',  ( 3.032000000000159456, 27.00000000000001776, 1.188864290984653120E-12 ) ) ;
#3414 = CARTESIAN_POINT ( 'NONE',  ( 30.42652055357399732, 11.18376618407356382, 27.00000000000001421 ) ) ;
#3415 = CARTESIAN_POINT ( 'NONE',  ( 100.0000000000000000, -11.18376618407356737, -27.00000000000001066 ) ) ;
#3416 = CARTESIAN_POINT ( 'NONE',  ( 85.05258212130848960, -12.27170139817242500, 12.47441327564047597 ) ) ;
#3417 = ORIENTED_EDGE ( 'NONE', *, *, #536, .F. ) ;
#3418 = DIRECTION ( 'NONE',  ( 0.000000000000000000, 1.000000000000000000, 0.000000000000000000 ) ) ;
#3419 = VERTEX_POINT ( 'NONE', #2886 ) ;
#3420 = ORIENTED_EDGE ( 'NONE', *, *, #1184, .F. ) ;
#3421 = ORIENTED_EDGE ( 'NONE', *, *, #1716, .F. ) ;
#3422 = CARTESIAN_POINT ( 'NONE',  ( 100.0000000000000000, 19.09188309203678813, 19.09188309203678813 ) ) ;
#3423 = ORIENTED_EDGE ( 'NONE', *, *, #3463, .F. ) ;
#3424 = VECTOR ( 'NONE', #3897, 1000.000000000000227 ) ;
#3425 = ORIENTED_EDGE ( 'NONE', *, *, #322, .F. ) ;
#3426 = CARTESIAN_POINT ( 'NONE',  ( 100.0000000000000000, -10.35533905932755516, -24.99999999999992895 ) ) ;
#3427 = AXIS2_PLACEMENT_3D ( 'NONE', #1740, #1417, #446 ) ;
#3428 = DIRECTION ( 'NONE',  ( 0.8660254037844380415, -0.5000000000000009992, 0.000000000000000000 ) ) ;
#3429 = AXIS2_PLACEMENT_3D ( 'NONE', #3667, #2305, #360 ) ;
#3430 = ADVANCED_FACE ( 'NONE', ( #2497 ), #2233, .T. ) ;
#3431 = CARTESIAN_POINT ( 'NONE',  ( 99.80000000000001137, 11.89726821137852575, -20.38248969043735670 ) ) ;
#3432 = EDGE_LOOP ( 'NONE', ( #2032, #3289, #597, #3202 ) ) ;
#3433 = VERTEX_POINT ( 'NONE', #1821 ) ;
#3434 = DIRECTION ( 'NONE',  ( 1.000000000000000000, -0.000000000000000000, -0.000000000000000000 ) ) ;
#3435 = DIRECTION ( 'NONE',  ( 0.000000000000000000, 0.000000000000000000, -1.000000000000000000 ) ) ;
#3436 = ADVANCED_FACE ( 'NONE', ( #3536 ), #4205, .T. ) ;
#3437 = CARTESIAN_POINT ( 'NONE',  ( 100.0000000000000000, -1.800836965348189838E-13, -25.00000000000000355 ) ) ;
#3438 = DIRECTION ( 'NONE',  ( 0.000000000000000000, 0.000000000000000000, -1.000000000000000000 ) ) ;
#3439 = CARTESIAN_POINT ( 'NONE',  ( 75.00000000000000000, 10.41642406272615418, -14.00000000000019362 ) ) ;
#3440 = CARTESIAN_POINT ( 'NONE',  ( 23.63723638288856321, 17.41296230438192794, -12.99935497757379821 ) ) ;
#3441 = ORIENTED_EDGE ( 'NONE', *, *, #1869, .F. ) ;
#3442 = ADVANCED_FACE ( 'NONE', ( #2557 ), #3178, .F. ) ;
#3443 = AXIS2_PLACEMENT_3D ( 'NONE', #2838, #4225, #181 ) ;
#3444 = AXIS2_PLACEMENT_3D ( 'NONE', #504, #111, #2472 ) ;
#3445 = ORIENTED_EDGE ( 'NONE', *, *, #178, .F. ) ;
#3446 = ORIENTED_EDGE ( 'NONE', *, *, #3582, .T. ) ;
#3447 = VERTEX_POINT ( 'NONE', #828 ) ;
#3448 = AXIS2_PLACEMENT_3D ( 'NONE', #640, #1061, #110 ) ;
#3449 = EDGE_LOOP ( 'NONE', ( #3228, #1454, #2404, #1482 ) ) ;
#3450 = CARTESIAN_POINT ( 'NONE',  ( 98.20000000000000284, 0.000000000000000000, 17.69202858510344356 ) ) ;
#3451 = ORIENTED_EDGE ( 'NONE', *, *, #2405, .T. ) ;
#3452 = ORIENTED_EDGE ( 'NONE', *, *, #2158, .T. ) ;
#3453 = CARTESIAN_POINT ( 'NONE',  ( 14.44934295108999045, 25.02699612727501943, -1.704054566726330304E-13 ) ) ;
#3454 = DIRECTION ( 'NONE',  ( 1.000000000000000000, -0.000000000000000000, -0.000000000000000000 ) ) ;
#3455 = ORIENTED_EDGE ( 'NONE', *, *, #980, .F. ) ;
#3456 = ORIENTED_EDGE ( 'NONE', *, *, #3294, .T. ) ;
#3457 = DIRECTION ( 'NONE',  ( 0.8660254037844380415, -0.5000000000000009992, 0.000000000000000000 ) ) ;
#3458 = DIRECTION ( 'NONE',  ( 0.8660254037844382635, -0.5000000000000006661, 0.000000000000000000 ) ) ;
#3459 = FACE_OUTER_BOUND ( 'NONE', #2124, .T. ) ;
#3460 = CLOSED_SHELL ( 'NONE', ( #265, #592, #1403, #1958, #1030, #1053, #3295, #555, #2349, #2251, #1304, #1029, #1583, #266, #330, #2509, #88, #3676, #2615, #2796, #9, #426, #2738, #4047, #472, #3651, #3027, #4117, #1818, #4028, #1501, #1798, #3436, #210, #2665, #3542, #2789, #3, #488, #2073, #1136, #3272, #2961, #2514, #3430, #1241, #1298, #3942, #2801, #1870, #1163, #2383, #3004, #922, #4041, #1164, #950, #2571, #3677, #35, #3728, #2004, #185, #610, #2880, #2677, #3051, #584, #2587, #641, #317, #3141, #356, #3543, #3185, #157, #1593, #1271, #979, #1759, #1691, #735, #3864, #3159, #1005, #2856, #3254, #2774, #4250, #3323, #693, #1659, #2434, #31, #4044, #2651, #3974, #2301, #1928, #716, #865, #1936, #126, #4148, #718, #3326, #1502, #3524, #3833, #2887, #2744, #1242, #1214, #3808, #2242, #2748, #3646, #4125, #475, #450, #1904, #3034, #4171, #1450, #2003, #1612, #3058, #2595, #3683, #370, #2321, #3442, #791, #1396, #1507 ) ) ;
#3461 = CARTESIAN_POINT ( 'NONE',  ( 67.67150000782793029, -10.31963272980196145, 45.67497178912972799 ) ) ;
#3462 = DIRECTION ( 'NONE',  ( 0.000000000000000000, 7.380978235061771560E-15, 1.000000000000000000 ) ) ;
#3463 = EDGE_CURVE ( 'NONE', #2599, #3566, #2539, .T. ) ;
#3464 = EDGE_CURVE ( 'NONE', #3793, #3686, #2582, .T. ) ;
#3465 = DIRECTION ( 'NONE',  ( 0.000000000000000000, 0.7071067811865425767, -0.7071067811865525687 ) ) ;
#3466 = ORIENTED_EDGE ( 'NONE', *, *, #2935, .F. ) ;
#3467 = VECTOR ( 'NONE', #1832, 999.9999999999998863 ) ;
#3468 = EDGE_CURVE ( 'NONE', #1699, #1476, #2863, .T. ) ;
#3469 = EDGE_LOOP ( 'NONE', ( #4037, #261, #230, #1713, #3771, #792 ) ) ;
#3470 = VECTOR ( 'NONE', #3721, 1000.000000000000000 ) ;
#3471 = VERTEX_POINT ( 'NONE', #3204 ) ;
#3472 = DIRECTION ( 'NONE',  ( -1.000000000000000000, -0.000000000000000000, -0.000000000000000000 ) ) ;
#3473 = ORIENTED_EDGE ( 'NONE', *, *, #2960, .T. ) ;
#3474 = VECTOR ( 'NONE', #1446, 1000.000000000000000 ) ;
#3475 = ORIENTED_EDGE ( 'NONE', *, *, #4068, .F. ) ;
#3476 = DIRECTION ( 'NONE',  ( 0.000000000000000000, 1.000000000000000000, 0.000000000000000000 ) ) ;
#3477 = PLANE ( 'NONE',  #3640 ) ;
#3478 = VERTEX_POINT ( 'NONE', #2518 ) ;
#3479 = PLANE ( 'NONE',  #3679 ) ;
#3480 = CARTESIAN_POINT ( 'NONE',  ( 25.08760094927785644, 14.26619285479540977, -18.82373548403418084 ) ) ;
#3481 = DIRECTION ( 'NONE',  ( 0.000000000000000000, 0.000000000000000000, -1.000000000000000000 ) ) ;
#3482 = CARTESIAN_POINT ( 'NONE',  ( 81.44739049300777367, -17.11844627136846952, -9.952055505674790581 ) ) ;
#3483 = CARTESIAN_POINT ( 'NONE',  ( 85.17325600902822202, -15.80547411486937470, 5.414747533009935943 ) ) ;
#3484 = CARTESIAN_POINT ( 'NONE',  ( 24.63723638288855611, 19.14501311195096989, 12.99935497757355485 ) ) ;
#3485 = VERTEX_POINT ( 'NONE', #3491 ) ;
#3486 = EDGE_CURVE ( 'NONE', #642, #3959, #3044, .T. ) ;
#3487 = EDGE_CURVE ( 'NONE', #2373, #3208, #274, .T. ) ;
#3488 = EDGE_LOOP ( 'NONE', ( #2163, #765, #575, #3026 ) ) ;
#3489 = ORIENTED_EDGE ( 'NONE', *, *, #1209, .F. ) ;
#3490 = FACE_OUTER_BOUND ( 'NONE', #633, .T. ) ;
#3491 = CARTESIAN_POINT ( 'NONE',  ( 99.80000000000001137, -9.621037113853832423, -17.70169356637262936 ) ) ;
#3492 = EDGE_CURVE ( 'NONE', #3690, #3566, #596, .T. ) ;
#3493 = ORIENTED_EDGE ( 'NONE', *, *, #2428, .T. ) ;
#3494 = VERTEX_POINT ( 'NONE', #895 ) ;
#3495 = FACE_OUTER_BOUND ( 'NONE', #1411, .T. ) ;
#3496 = CARTESIAN_POINT ( 'NONE',  ( 77.90567481138656092, -11.60953415405358236, -7.212792882741627665 ) ) ;
#3497 = ORIENTED_EDGE ( 'NONE', *, *, #1107, .F. ) ;
#3498 = VECTOR ( 'NONE', #1965, 1000.000000000000114 ) ;
#3499 = VECTOR ( 'NONE', #394, 1000.000000000000000 ) ;
#3500 = VERTEX_POINT ( 'NONE', #4181 ) ;
#3501 = CIRCLE ( 'NONE', #1705, 3.605245064036107117 ) ;
#3502 = CARTESIAN_POINT ( 'NONE',  ( 82.55258212130848960, -16.60182841709461243, 12.47441327564050617 ) ) ;
#3503 = VECTOR ( 'NONE', #2433, 1000.000000000000000 ) ;
#3504 = CYLINDRICAL_SURFACE ( 'NONE', #775, 1.700000000000000178 ) ;
#3505 = FACE_OUTER_BOUND ( 'NONE', #3432, .T. ) ;
#3506 = CARTESIAN_POINT ( 'NONE',  ( 26.13723638288856677, 21.74308932330429300, 12.99935497757353708 ) ) ;
#3507 = DIRECTION ( 'NONE',  ( 1.000000000000000000, -0.000000000000000000, 0.000000000000000000 ) ) ;
#3508 = CARTESIAN_POINT ( 'NONE',  ( 75.00000000000000000, 13.91642406272619503, -17.49999999999980105 ) ) ;
#3509 = DIRECTION ( 'NONE',  ( -0.5000000000000009992, -0.8660254037844381525, 5.939693181744589858E-15 ) ) ;
#3510 = LINE ( 'NONE', #176, #549 ) ;
#3511 = ORIENTED_EDGE ( 'NONE', *, *, #2743, .T. ) ;
#3512 = EDGE_CURVE ( 'NONE', #3768, #493, #3884, .T. ) ;
#3513 = CARTESIAN_POINT ( 'NONE',  ( 74.28000000000000114, 25.00000000000007461, 10.35533905932718035 ) ) ;
#3514 = VERTEX_POINT ( 'NONE', #3226 ) ;
#3515 = CIRCLE ( 'NONE', #3934, 0.7000000000000051736 ) ;
#3516 = LINE ( 'NONE', #1564, #3991 ) ;
#3517 = CARTESIAN_POINT ( 'NONE',  ( 38.64426748113612575, 14.29456896164085933, -21.06077009768646846 ) ) ;
#3518 = ORIENTED_EDGE ( 'NONE', *, *, #109, .T. ) ;
#3519 = VECTOR ( 'NONE', #2294, 1000.000000000000000 ) ;
#3520 = EDGE_CURVE ( 'NONE', #463, #4042, #2895, .T. ) ;
#3521 = EDGE_CURVE ( 'NONE', #2751, #2705, #2482, .T. ) ;
#3522 = ORIENTED_EDGE ( 'NONE', *, *, #2080, .T. ) ;
#3523 = DIRECTION ( 'NONE',  ( -0.000000000000000000, 0.000000000000000000, 1.000000000000000000 ) ) ;
#3524 = ADVANCED_FACE ( 'NONE', ( #732 ), #987, .T. ) ;
#3525 = ORIENTED_EDGE ( 'NONE', *, *, #3118, .T. ) ;
#3526 = FACE_OUTER_BOUND ( 'NONE', #2423, .T. ) ;
#3527 = FACE_OUTER_BOUND ( 'NONE', #1913, .T. ) ;
#3528 = LINE ( 'NONE', #3876, #733 ) ;
#3529 = DIRECTION ( 'NONE',  ( 0.8660254037844380415, -0.5000000000000008882, 0.000000000000000000 ) ) ;
#3530 = CARTESIAN_POINT ( 'NONE',  ( 95.20000000000000284, 10.35533905932726917, -25.00000000000000355 ) ) ;
#3531 = FACE_BOUND ( 'NONE', #2386, .T. ) ;
#3532 = VERTEX_POINT ( 'NONE', #4247 ) ;
#3533 = DIRECTION ( 'NONE',  ( 0.000000000000000000, 0.000000000000000000, -1.000000000000000000 ) ) ;
#3534 = EDGE_LOOP ( 'NONE', ( #3753, #1393, #1301, #52, #1008, #2098, #2038, #3850 ) ) ;
#3535 = CARTESIAN_POINT ( 'NONE',  ( 78.12696816484482554, -16.35610008475967803, -18.99923897456772082 ) ) ;
#3536 = FACE_OUTER_BOUND ( 'NONE', #1338, .T. ) ;
#3537 = VERTEX_POINT ( 'NONE', #2650 ) ;
#3538 = VECTOR ( 'NONE', #793, 1000.000000000000114 ) ;
#3539 = ORIENTED_EDGE ( 'NONE', *, *, #138, .T. ) ;
#3540 = DIRECTION ( 'NONE',  ( 1.000000000000000000, -0.000000000000000000, 0.000000000000000000 ) ) ;
#3541 = MECHANICAL_CONTEXT ( 'NONE', #2048, 'mechanical' ) ;
#3542 = ADVANCED_FACE ( 'NONE', ( #2930 ), #1729, .F. ) ;
#3543 = ADVANCED_FACE ( 'NONE', ( #1971 ), #3723, .F. ) ;
#3544 = CIRCLE ( 'NONE', #4029, 0.6999999999999820810 ) ;
#3545 = ORIENTED_EDGE ( 'NONE', *, *, #2910, .F. ) ;
#3546 = CARTESIAN_POINT ( 'NONE',  ( 94.80000000000001137, -11.89726821137925228, 20.38248969043705117 ) ) ;
#3547 = CIRCLE ( 'NONE', #509, 13.93804725562687175 ) ;
#3548 = DIRECTION ( 'NONE',  ( 0.8660254037844382635, -0.5000000000000006661, 0.000000000000000000 ) ) ;
#3549 = CARTESIAN_POINT ( 'NONE',  ( 23.63826253723693327, 17.41236985389284442, 12.99935497757364367 ) ) ;
#3550 = FACE_OUTER_BOUND ( 'NONE', #2357, .T. ) ;
#3551 = EDGE_CURVE ( 'NONE', #3741, #1498, #2300, .T. ) ;
#3552 = CARTESIAN_POINT ( 'NONE',  ( 100.0000000000000000, 10.35533905932754628, 24.99999999999992539 ) ) ;
#3553 = FACE_BOUND ( 'NONE', #2545, .T. ) ;
#3554 = EDGE_LOOP ( 'NONE', ( #82, #917 ) ) ;
#3555 = CARTESIAN_POINT ( 'NONE',  ( 26.58039525933628155, 18.02312981155569105, 17.33220924777167227 ) ) ;
#3556 = EDGE_LOOP ( 'NONE', ( #1258, #1544, #2725, #1037 ) ) ;
#3557 = DIRECTION ( 'NONE',  ( -0.08483904282822356258, 0.04898184421465828775, -0.9951899897754808988 ) ) ;
#3558 = DIRECTION ( 'NONE',  ( 0.5000000000000009992, 0.8660254037844380415, -5.995204332975845318E-15 ) ) ;
#3559 = ORIENTED_EDGE ( 'NONE', *, *, #351, .T. ) ;
#3560 = AXIS2_PLACEMENT_3D ( 'NONE', #2810, #2090, #3130 ) ;
#3561 = ORIENTED_EDGE ( 'NONE', *, *, #156, .T. ) ;
#3562 = CARTESIAN_POINT ( 'NONE',  ( 94.80000000000001137, -11.89726821137925228, -21.08248969043735954 ) ) ;
#3563 = PERSON_AND_ORGANIZATION ( #3131, #534 ) ;
#3564 = PRODUCT_DEFINITION_FORMATION_WITH_SPECIFIED_SOURCE ( 'ANY', '', #3197, .NOT_KNOWN. ) ;
#3565 = VECTOR ( 'NONE', #797, 1000.000000000000000 ) ;
#3566 = VERTEX_POINT ( 'NONE', #3271 ) ;
#3567 = CARTESIAN_POINT ( 'NONE',  ( 28.88851257287942431, 13.22643604412219176, -37.02042252705986414 ) ) ;
#3568 = EDGE_CURVE ( 'NONE', #2705, #2751, #1785, .T. ) ;
#3569 = CARTESIAN_POINT ( 'NONE',  ( 25.58425696185705434, 15.13414891061767342, 18.86296156079381703 ) ) ;
#3570 = CYLINDRICAL_SURFACE ( 'NONE', #600, 1.999999999999998668 ) ;
#3571 = DIRECTION ( 'NONE',  ( -0.5000000000000008882, -0.8660254037844381525, 5.939693181744590647E-15 ) ) ;
#3572 = VECTOR ( 'NONE', #2784, 1000.000000000000000 ) ;
#3573 = AXIS2_PLACEMENT_3D ( 'NONE', #3189, #237, #2915 ) ;
#3574 = VERTEX_POINT ( 'NONE', #1330 ) ;
#3575 = CARTESIAN_POINT ( 'NONE',  ( 99.80000000000001137, 6.916424062726162170, 15.69202858510344178 ) ) ;
#3576 = EDGE_CURVE ( 'NONE', #847, #3886, #2952, .T. ) ;
#3577 = DIRECTION ( 'NONE',  ( 1.000000000000000000, 0.000000000000000000, 0.000000000000000000 ) ) ;
#3578 = ORIENTED_EDGE ( 'NONE', *, *, #2158, .F. ) ;
#3579 = AXIS2_PLACEMENT_3D ( 'NONE', #2611, #3890, #3933 ) ;
#3580 = AXIS2_PLACEMENT_3D ( 'NONE', #3222, #3904, #1586 ) ;
#3581 = CARTESIAN_POINT ( 'NONE',  ( 75.00000000000000000, 10.41642406272617905, 15.80000000000045191 ) ) ;
#3582 = EDGE_CURVE ( 'NONE', #3609, #1503, #2343, .T. ) ;
#3583 = CARTESIAN_POINT ( 'NONE',  ( 84.02422311930493493, -15.14207966667988181, 7.908260464847808535 ) ) ;
#3584 = ORIENTED_EDGE ( 'NONE', *, *, #2564, .T. ) ;
#3585 = CYLINDRICAL_SURFACE ( 'NONE', #1912, 0.6999999999999888534 ) ;
#3586 = DIRECTION ( 'NONE',  ( 0.000000000000000000, 0.000000000000000000, -1.000000000000000000 ) ) ;
#3587 = DIRECTION ( 'NONE',  ( -1.000000000000000000, -0.000000000000000000, -0.000000000000000000 ) ) ;
#3588 = ORIENTED_EDGE ( 'NONE', *, *, #2052, .F. ) ;
#3589 = PLANE ( 'NONE',  #4273 ) ;
#3590 = APPROVAL_ROLE ( '' ) ;
#3591 = AXIS2_PLACEMENT_3D ( 'NONE', #3422, #1717, #2388 ) ;
#3592 = AXIS2_PLACEMENT_3D ( 'NONE', #1834, #2811, #3465 ) ;
#3593 = CARTESIAN_POINT ( 'NONE',  ( 83.55258212130847539, -14.86977760952589556, -9.952055505674888281 ) ) ;
#3594 = ORIENTED_EDGE ( 'NONE', *, *, #2743, .F. ) ;
#3595 = CARTESIAN_POINT ( 'NONE',  ( 99.80000000000001137, 6.916424062726162170, 0.000000000000000000 ) ) ;
#3596 = DIRECTION ( 'NONE',  ( 1.000000000000000000, 0.000000000000000000, 0.000000000000000000 ) ) ;
#3597 = CARTESIAN_POINT ( 'NONE',  ( 75.00000000000000000, 10.41642406272615418, 1.595945597898662527E-13 ) ) ;
#3598 = CARTESIAN_POINT ( 'NONE',  ( 23.63826253723693327, 17.41236985389284442, 12.99935497757364367 ) ) ;
#3599 = VERTEX_POINT ( 'NONE', #297 ) ;
#3600 = CARTESIAN_POINT ( 'NONE',  ( 75.00000000000000000, 10.41642406272618260, -17.50000000000013500 ) ) ;
#3601 = LINE ( 'NONE', #2277, #1373 ) ;
#3602 = EDGE_CURVE ( 'NONE', #809, #1416, #1611, .T. ) ;
#3603 = EDGE_CURVE ( 'NONE', #551, #3500, #3607, .T. ) ;
#3604 = CARTESIAN_POINT ( 'NONE',  ( 95.20000000000000284, -0.000000000000000000, 17.69202858510344356 ) ) ;
#3605 = ORIENTED_EDGE ( 'NONE', *, *, #842, .T. ) ;
#3606 = DIRECTION ( 'NONE',  ( 0.000000000000000000, 0.000000000000000000, 1.000000000000000000 ) ) ;
#3607 = LINE ( 'NONE', #1935, #1927 ) ;
#3608 = EDGE_CURVE ( 'NONE', #3052, #486, #4269, .T. ) ;
#3609 = VERTEX_POINT ( 'NONE', #92 ) ;
#3610 = DIRECTION ( 'NONE',  ( 0.000000000000000000, -0.7071067811865526798, -0.7071067811865424657 ) ) ;
#3611 = APPROVAL_DATE_TIME ( #1376, #684 ) ;
#3612 = AXIS2_PLACEMENT_3D ( 'NONE', #2443, #151, #3812 ) ;
#3613 = PLANE ( 'NONE',  #973 ) ;
#3614 = ORIENTED_EDGE ( 'NONE', *, *, #1131, .F. ) ;
#3615 = CARTESIAN_POINT ( 'NONE',  ( 24.03101860023944525, 19.49501311195097131, 12.99935497757355485 ) ) ;
#3616 = CARTESIAN_POINT ( 'NONE',  ( 94.00000000000000000, 0.000000000000000000, 0.000000000000000000 ) ) ;
#3617 = LINE ( 'NONE', #650, #3498 ) ;
#3618 = FACE_BOUND ( 'NONE', #202, .T. ) ;
#3619 = VECTOR ( 'NONE', #1830, 999.9999999999998863 ) ;
#3620 = ORIENTED_EDGE ( 'NONE', *, *, #443, .T. ) ;
#3621 = CARTESIAN_POINT ( 'NONE',  ( 99.80000000000001137, -9.621037113853832423, 0.000000000000000000 ) ) ;
#3622 = CARTESIAN_POINT ( 'NONE',  ( 94.80000000000001137, -0.000000000000000000, -25.00000000000023093 ) ) ;
#3623 = CARTESIAN_POINT ( 'NONE',  ( 24.90353615181498981, 14.37246271515891749, -20.98287634416842451 ) ) ;
#3624 = ORIENTED_EDGE ( 'NONE', *, *, #1423, .T. ) ;
#3625 = EDGE_CURVE ( 'NONE', #2781, #1114, #2047, .T. ) ;
#3626 = DIRECTION ( 'NONE',  ( 0.000000000000000000, 0.000000000000000000, -1.000000000000000000 ) ) ;
#3627 = ORIENTED_EDGE ( 'NONE', *, *, #2188, .F. ) ;
#3628 = EDGE_CURVE ( 'NONE', #1453, #3447, #4046, .T. ) ;
#3629 = LINE ( 'NONE', #663, #476 ) ;
#3630 = DIRECTION ( 'NONE',  ( 0.8618598127375358686, -0.4975949948877387841, -0.09796368842939180699 ) ) ;
#3631 = EDGE_LOOP ( 'NONE', ( #1800, #722 ) ) ;
#3632 = VERTEX_POINT ( 'NONE', #3972 ) ;
#3633 = DIRECTION ( 'NONE',  ( 0.000000000000000000, 7.380978235061771560E-15, 1.000000000000000000 ) ) ;
#3634 = DIRECTION ( 'NONE',  ( 0.000000000000000000, 0.000000000000000000, -1.000000000000000000 ) ) ;
#3635 = DIRECTION ( 'NONE',  ( 0.000000000000000000, -1.000000000000000000, 0.000000000000000000 ) ) ;
#3636 = ORIENTED_EDGE ( 'NONE', *, *, #1532, .T. ) ;
#3637 = DIRECTION ( 'NONE',  ( -1.000000000000000000, 0.000000000000000000, 0.000000000000000000 ) ) ;
#3638 = PLANE ( 'NONE',  #4161 ) ;
#3639 = CARTESIAN_POINT ( 'NONE',  ( 100.0000000000000000, -27.00000000000001066, 0.000000000000000000 ) ) ;
#3640 = AXIS2_PLACEMENT_3D ( 'NONE', #4143, #104, #1506 ) ;
#3641 = VECTOR ( 'NONE', #2278, 1000.000000000000114 ) ;
#3642 = CYLINDRICAL_SURFACE ( 'NONE', #2055, 11.50000000000000000 ) ;
#3643 = VERTEX_POINT ( 'NONE', #3372 ) ;
#3644 = VECTOR ( 'NONE', #2496, 1000.000000000000000 ) ;
#3645 = AXIS2_PLACEMENT_3D ( 'NONE', #1640, #2637, #3299 ) ;
#3646 = ADVANCED_FACE ( 'NONE', ( #1078 ), #3393, .F. ) ;
#3647 = ORIENTED_EDGE ( 'NONE', *, *, #2905, .T. ) ;
#3648 = PLANE ( 'NONE',  #2964 ) ;
#3649 = PERSON_AND_ORGANIZATION ( #3131, #534 ) ;
#3650 = EDGE_CURVE ( 'NONE', #2421, #1608, #3908, .T. ) ;
#3651 = ADVANCED_FACE ( 'NONE', ( #3505 ), #2464, .F. ) ;
#3652 = CARTESIAN_POINT ( 'NONE',  ( 25.37031334480580824, 16.41236985389266323, -12.99935497757371650 ) ) ;
#3653 = ORIENTED_EDGE ( 'NONE', *, *, #1222, .T. ) ;
#3654 = ORIENTED_EDGE ( 'NONE', *, *, #763, .T. ) ;
#3655 = LINE ( 'NONE', #2352, #118 ) ;
#3656 = LINE ( 'NONE', #3961, #436 ) ;
#3657 = AXIS2_PLACEMENT_3D ( 'NONE', #1091, #3359, #466 ) ;
#3658 = CARTESIAN_POINT ( 'NONE',  ( 92.16639743565973220, -24.46176835353319134, 10.89357070579427500 ) ) ;
#3659 = AXIS2_PLACEMENT_3D ( 'NONE', #3153, #1174, #2115 ) ;
#3660 = EDGE_CURVE ( 'NONE', #139, #1284, #2506, .T. ) ;
#3661 = VECTOR ( 'NONE', #1189, 1000.000000000000000 ) ;
#3662 = ORIENTED_EDGE ( 'NONE', *, *, #3348, .T. ) ;
#3663 = DIRECTION ( 'NONE',  ( 0.000000000000000000, 7.370867579099568370E-15, 1.000000000000000000 ) ) ;
#3664 = DIRECTION ( 'NONE',  ( -0.08483904282827989252, 0.04898184421469087974, -0.9951899897754744595 ) ) ;
#3665 = CARTESIAN_POINT ( 'NONE',  ( 36.30095548418310614, 18.00000000000003553, 5.140239624478231129 ) ) ;
#3666 = ORIENTED_EDGE ( 'NONE', *, *, #1349, .F. ) ;
#3667 = CARTESIAN_POINT ( 'NONE',  ( 52.52337180435968378, 9.973148549981646127, -3.920556324061059867E-14 ) ) ;
#3668 = CARTESIAN_POINT ( 'NONE',  ( 99.80000000000001137, 19.66331047422381317, 15.69202858510344178 ) ) ;
#3669 = EDGE_LOOP ( 'NONE', ( #983, #2694 ) ) ;
#3670 = LINE ( 'NONE', #1009, #1714 ) ;
#3671 = SECURITY_CLASSIFICATION_LEVEL ( 'unclassified' ) ;
#3672 = DIRECTION ( 'NONE',  ( 1.000000000000000000, -0.000000000000000000, -0.000000000000000000 ) ) ;
#3673 = VERTEX_POINT ( 'NONE', #1490 ) ;
#3674 = DIRECTION ( 'NONE',  ( -0.7745966692414824051, 0.4472135954999555962, -0.4472135954999618690 ) ) ;
#3675 = CARTESIAN_POINT ( 'NONE',  ( 31.86139842400225675, 10.35533905932754450, 24.99999999999993250 ) ) ;
#3676 = ADVANCED_FACE ( 'NONE', ( #499 ), #777, .F. ) ;
#3677 = ADVANCED_FACE ( 'NONE', ( #3459 ), #3810, .T. ) ;
#3678 = PLANE ( 'NONE',  #3071 ) ;
#3679 = AXIS2_PLACEMENT_3D ( 'NONE', #2132, #4082, #3457 ) ;
#3680 = ORIENTED_EDGE ( 'NONE', *, *, #988, .T. ) ;
#3681 = CARTESIAN_POINT ( 'NONE',  ( 84.49908457923309868, -18.88034267353509676, -15.25751664194255675 ) ) ;
#3682 = DIRECTION ( 'NONE',  ( 0.7745966692414825161, -0.4472135954999555407, 0.4472135954999618690 ) ) ;
#3683 = ADVANCED_FACE ( 'NONE', ( #1812 ), #2419, .F. ) ;
#3684 = DIRECTION ( 'NONE',  ( -0.5000000000000009992, -0.8660254037844382635, 5.939693181744591436E-15 ) ) ;
#3685 = FACE_OUTER_BOUND ( 'NONE', #2314, .T. ) ;
#3686 = VERTEX_POINT ( 'NONE', #3831 ) ;
#3687 = EDGE_CURVE ( 'NONE', #342, #4234, #150, .T. ) ;
#3688 = VECTOR ( 'NONE', #3055, 1000.000000000000114 ) ;
#3689 = DIRECTION ( 'NONE',  ( 0.08483904282830181942, -0.04898184421471726141, -0.9951899897754713509 ) ) ;
#3690 = VERTEX_POINT ( 'NONE', #2806 ) ;
#3691 = CARTESIAN_POINT ( 'NONE',  ( 99.80000000000001137, -10.35533905932719634, 25.00000000000007105 ) ) ;
#3692 = EDGE_LOOP ( 'NONE', ( #423, #2161, #2371, #1863 ) ) ;
#3693 = DIRECTION ( 'NONE',  ( 0.000000000000000000, 0.7071067811865424657, -0.7071067811865526798 ) ) ;
#3694 = ORIENTED_EDGE ( 'NONE', *, *, #1074, .T. ) ;
#3695 = LINE ( 'NONE', #726, #50 ) ;
#3696 = CARTESIAN_POINT ( 'NONE',  ( 74.28000000000000114, 10.41642406272618082, 17.50000000000014211 ) ) ;
#3697 = DIRECTION ( 'NONE',  ( 1.000000000000000000, -0.000000000000000000, 0.000000000000000000 ) ) ;
#3698 = EDGE_CURVE ( 'NONE', #4175, #2824, #2488, .T. ) ;
#3699 = ORIENTED_EDGE ( 'NONE', *, *, #527, .F. ) ;
#3700 = DIRECTION ( 'NONE',  ( 0.000000000000000000, 1.551108497285261312E-16, -1.000000000000000000 ) ) ;
#3701 = CARTESIAN_POINT ( 'NONE',  ( 75.00000000000000000, 6.916424062726162170, -13.55544171172616608 ) ) ;
#3702 = CARTESIAN_POINT ( 'NONE',  ( 100.0000000000000000, -25.00000000000000711, 1.842716894774892755E-13 ) ) ;
#3703 = EDGE_CURVE ( 'NONE', #3686, #3909, #479, .T. ) ;
#3704 = DIRECTION ( 'NONE',  ( 0.000000000000000000, 0.000000000000000000, 1.000000000000000000 ) ) ;
#3705 = ORIENTED_EDGE ( 'NONE', *, *, #300, .T. ) ;
#3706 = CIRCLE ( 'NONE', #1767, 24.53583639576845954 ) ;
#3707 = EDGE_CURVE ( 'NONE', #3379, #1160, #173, .T. ) ;
#3708 = VERTEX_POINT ( 'NONE', #2742 ) ;
#3709 = ORIENTED_EDGE ( 'NONE', *, *, #3087, .T. ) ;
#3710 = VECTOR ( 'NONE', #2185, 1000.000000000000000 ) ;
#3711 = AXIS2_PLACEMENT_3D ( 'NONE', #629, #1942, #2614 ) ;
#3712 = VERTEX_POINT ( 'NONE', #2442 ) ;
#3713 = LINE ( 'NONE', #743, #748 ) ;
#3714 = CC_DESIGN_APPROVAL ( #684, ( #2794 ) ) ;
#3715 = ORIENTED_EDGE ( 'NONE', *, *, #4176, .T. ) ;
#3716 = EDGE_LOOP ( 'NONE', ( #2117, #3206 ) ) ;
#3717 = CARTESIAN_POINT ( 'NONE',  ( 94.80000000000001137, -9.621037113853832423, 17.70169356637232738 ) ) ;
#3718 = DIRECTION ( 'NONE',  ( 0.000000000000000000, 0.000000000000000000, -1.000000000000000000 ) ) ;
#3719 = DIRECTION ( 'NONE',  ( 0.8660254037844380415, -0.5000000000000009992, -1.551108497285264517E-16 ) ) ;
#3720 = VERTEX_POINT ( 'NONE', #1170 ) ;
#3721 = DIRECTION ( 'NONE',  ( 1.000000000000000000, 0.000000000000000000, 0.000000000000000000 ) ) ;
#3722 = CARTESIAN_POINT ( 'NONE',  ( 25.89173736809360094, 13.80192447692680702, -40.78998758804888070 ) ) ;
#3723 = PLANE ( 'NONE',  #4006 ) ;
#3724 = AXIS2_PLACEMENT_3D ( 'NONE', #3800, #424, #97 ) ;
#3725 = CIRCLE ( 'NONE', #478, 0.7000000000000051736 ) ;
#3726 = LINE ( 'NONE', #1749, #3499 ) ;
#3727 = ORIENTED_EDGE ( 'NONE', *, *, #512, .T. ) ;
#3728 = ADVANCED_FACE ( 'NONE', ( #2155 ), #2135, .F. ) ;
#3729 = EDGE_CURVE ( 'NONE', #638, #3537, #520, .T. ) ;
#3730 = ORIENTED_EDGE ( 'NONE', *, *, #1877, .T. ) ;
#3731 = ORIENTED_EDGE ( 'NONE', *, *, #2295, .F. ) ;
#3732 = ORIENTED_EDGE ( 'NONE', *, *, #1525, .T. ) ;
#3733 = DIRECTION ( 'NONE',  ( -1.000000000000000000, 0.000000000000000000, -0.000000000000000000 ) ) ;
#3734 = EDGE_CURVE ( 'NONE', #2858, #268, #2089, .T. ) ;
#3735 = ORIENTED_EDGE ( 'NONE', *, *, #2906, .T. ) ;
#3736 = ORIENTED_EDGE ( 'NONE', *, *, #1083, .F. ) ;
#3737 = LINE ( 'NONE', #3073, #1153 ) ;
#3738 = DIRECTION ( 'NONE',  ( -0.08483904282832940846, 0.04898184421471953737, -0.9951899897754689084 ) ) ;
#3739 = EDGE_CURVE ( 'NONE', #2015, #3025, #2731, .T. ) ;
#3740 = CARTESIAN_POINT ( 'NONE',  ( 74.28000000000000114, 23.06207367784964291, 6.386114082350560217 ) ) ;
#3741 = VERTEX_POINT ( 'NONE', #3763 ) ;
#3742 = DIRECTION ( 'NONE',  ( 0.8660254037844382635, -0.5000000000000006661, 0.000000000000000000 ) ) ;
#3743 = CARTESIAN_POINT ( 'NONE',  ( 94.00000000000000000, 23.06207367784804418, -6.386114082353346433 ) ) ;
#3744 = DIRECTION ( 'NONE',  ( 1.000000000000000000, 0.000000000000000000, 0.000000000000000000 ) ) ;
#3745 = VECTOR ( 'NONE', #1448, 1000.000000000000000 ) ;
#3746 = CARTESIAN_POINT ( 'NONE',  ( 99.80000000000001137, 17.67766952966385574, -17.67766952966345784 ) ) ;
#3747 = EDGE_LOOP ( 'NONE', ( #1456, #694, #3218, #3161 ) ) ;
#3748 = VECTOR ( 'NONE', #3596, 1000.000000000000000 ) ;
#3749 = ORIENTED_EDGE ( 'NONE', *, *, #2272, .T. ) ;
#3750 = EDGE_CURVE ( 'NONE', #642, #3959, #3706, .T. ) ;
#3751 = EDGE_CURVE ( 'NONE', #1069, #759, #3105, .T. ) ;
#3752 = AXIS2_PLACEMENT_3D ( 'NONE', #1441, #2127, #494 ) ;
#3753 = ORIENTED_EDGE ( 'NONE', *, *, #2138, .F. ) ;
#3754 = DIRECTION ( 'NONE',  ( 0.7745966692414802957, -0.4472135954999604812, -0.4472135954999605922 ) ) ;
#3755 = ORIENTED_EDGE ( 'NONE', *, *, #3805, .F. ) ;
#3756 = ORIENTED_EDGE ( 'NONE', *, *, #2271, .T. ) ;
#3757 = CARTESIAN_POINT ( 'NONE',  ( 25.80580657790736510, 15.00623718015197916, -8.938704501772974709 ) ) ;
#3758 = CARTESIAN_POINT ( 'NONE',  ( 87.44934295108988920, -21.73837567708491036, -24.99999999999984723 ) ) ;
#3759 = DIRECTION ( 'NONE',  ( 1.000000000000000000, 0.000000000000000000, 0.000000000000000000 ) ) ;
#3760 = VERTEX_POINT ( 'NONE', #4106 ) ;
#3761 = LINE ( 'NONE', #1746, #1672 ) ;
#3762 = CARTESIAN_POINT ( 'NONE',  ( 100.0000000000000000, 0.000000000000000000, 0.000000000000000000 ) ) ;
#3763 = CARTESIAN_POINT ( 'NONE',  ( 25.58425696185705789, 15.13414891061767165, 18.86296156079382058 ) ) ;
#3764 = DIRECTION ( 'NONE',  ( -0.5000000000000008882, -0.8660254037844381525, 5.939693181744590647E-15 ) ) ;
#3765 = FACE_OUTER_BOUND ( 'NONE', #2140, .T. ) ;
#3766 = CARTESIAN_POINT ( 'NONE',  ( 75.00000000000000000, 13.49820694272616706, -1.942890293094023946E-13 ) ) ;
#3767 = ORIENTED_EDGE ( 'NONE', *, *, #960, .F. ) ;
#3768 = VERTEX_POINT ( 'NONE', #1147 ) ;
#3769 = CARTESIAN_POINT ( 'NONE',  ( 52.52337180435968378, 9.973148549981646127, -3.920556324061059867E-14 ) ) ;
#3770 = ORIENTED_EDGE ( 'NONE', *, *, #1979, .T. ) ;
#3771 = ORIENTED_EDGE ( 'NONE', *, *, #1846, .F. ) ;
#3772 = LINE ( 'NONE', #2122, #3301 ) ;
#3773 = VECTOR ( 'NONE', #1621, 1000.000000000000000 ) ;
#3774 = CC_DESIGN_PERSON_AND_ORGANIZATION_ASSIGNMENT ( #1314, #405, ( #3564 ) ) ;
#3775 = ORIENTED_EDGE ( 'NONE', *, *, #2103, .T. ) ;
#3776 = VECTOR ( 'NONE', #3150, 1000.000000000000000 ) ;
#3777 = ORIENTED_EDGE ( 'NONE', *, *, #1765, .T. ) ;
#3778 = VECTOR ( 'NONE', #1862, 1000.000000000000000 ) ;
#3779 = DIRECTION ( 'NONE',  ( 0.5000000000000009992, 0.8660254037844381525, -5.884182030513328087E-15 ) ) ;
#3780 = VECTOR ( 'NONE', #2178, 1000.000000000000000 ) ;
#3781 = DIRECTION ( 'NONE',  ( -0.9184855229425352707, 0.000000000000000000, 0.3954546044048262710 ) ) ;
#3782 = VECTOR ( 'NONE', #383, 1000.000000000000000 ) ;
#3783 = EDGE_CURVE ( 'NONE', #3065, #2858, #1575, .T. ) ;
#3784 = EDGE_CURVE ( 'NONE', #3355, #1476, #2918, .T. ) ;
#3785 = ORIENTED_EDGE ( 'NONE', *, *, #1760, .T. ) ;
#3786 = CARTESIAN_POINT ( 'NONE',  ( 36.30095548418310614, 25.00000000000003553, 5.140239624478179614 ) ) ;
#3787 = CARTESIAN_POINT ( 'NONE',  ( 94.80000000000001137, 11.89726821137852575, 20.38248969043703696 ) ) ;
#3788 = CARTESIAN_POINT ( 'NONE',  ( 75.00000000000000000, 10.41642406272615418, -14.00000000000019362 ) ) ;
#3789 = CARTESIAN_POINT ( 'NONE',  ( 74.28000000000000114, 13.49820694272616706, -1.942890293094023946E-13 ) ) ;
#3790 = EDGE_CURVE ( 'NONE', #139, #2000, #2800, .T. ) ;
#3791 = CARTESIAN_POINT ( 'NONE',  ( 98.20000000000000284, 6.916424062726162170, -17.72822118346030607 ) ) ;
#3792 = DIRECTION ( 'NONE',  ( -0.5000000000000008882, -0.8660254037844381525, 5.939693181744590647E-15 ) ) ;
#3793 = VERTEX_POINT ( 'NONE', #2269 ) ;
#3794 = AXIS2_PLACEMENT_3D ( 'NONE', #1590, #850, #870 ) ;
#3795 = VECTOR ( 'NONE', #4089, 1000.000000000000000 ) ;
#3796 = CARTESIAN_POINT ( 'NONE',  ( 95.20000000000000284, 25.00000000000007461, 10.35533905932718035 ) ) ;
#3797 = EDGE_LOOP ( 'NONE', ( #468, #1816, #3080, #2712 ) ) ;
#3798 = AXIS2_PLACEMENT_3D ( 'NONE', #658, #1408, #2608 ) ;
#3799 = ORIENTED_EDGE ( 'NONE', *, *, #3783, .F. ) ;
#3800 = CARTESIAN_POINT ( 'NONE',  ( 23.63826253723693327, 17.41236985389266678, -12.99935497757371650 ) ) ;
#3801 = ORIENTED_EDGE ( 'NONE', *, *, #1297, .F. ) ;
#3802 = EDGE_LOOP ( 'NONE', ( #2573, #3584, #2431, #3163, #1871, #827, #3274, #3121 ) ) ;
#3803 = CARTESIAN_POINT ( 'NONE',  ( 94.00000000000000000, 10.67309840838955459, 1.596259933314502270E-13 ) ) ;
#3804 = CARTESIAN_POINT ( 'NONE',  ( 99.80000000000001137, -17.65364549295514607, 17.70169356637232738 ) ) ;
#3805 = EDGE_CURVE ( 'NONE', #3873, #1926, #952, .T. ) ;
#3806 = ORIENTED_EDGE ( 'NONE', *, *, #3492, .T. ) ;
#3807 = LINE ( 'NONE', #4104, #3887 ) ;
#3808 = ADVANCED_FACE ( 'NONE', ( #307 ), #3570, .F. ) ;
#3809 = CARTESIAN_POINT ( 'NONE',  ( 26.13723638288856677, 21.74308932330411537, -12.99935497757382663 ) ) ;
#3810 = PLANE ( 'NONE',  #2547 ) ;
#3811 = AXIS2_PLACEMENT_3D ( 'NONE', #2830, #2114, #2589 ) ;
#3812 = DIRECTION ( 'NONE',  ( -0.000000000000000000, 0.000000000000000000, -1.000000000000000000 ) ) ;
#3813 = CARTESIAN_POINT ( 'NONE',  ( 41.45173149449954053, 24.99999999999996092, -5.200914422068161791 ) ) ;
#3814 = EDGE_CURVE ( 'NONE', #1937, #638, #871, .T. ) ;
#3815 = LINE ( 'NONE', #2160, #622 ) ;
#3816 = VERTEX_POINT ( 'NONE', #3211 ) ;
#3817 = AXIS2_PLACEMENT_3D ( 'NONE', #3506, #3764, #1171 ) ;
#3818 = LINE ( 'NONE', #201, #2141 ) ;
#3819 = ORIENTED_EDGE ( 'NONE', *, *, #2133, .F. ) ;
#3820 = ORIENTED_EDGE ( 'NONE', *, *, #1142, .T. ) ;
#3821 = CARTESIAN_POINT ( 'NONE',  ( 50.93916778806372747, 10.88778916524157303, 24.46754989408589864 ) ) ;
#3822 = CARTESIAN_POINT ( 'NONE',  ( 85.98805297751422927, -16.27589736395960074, 14.97258505339480550 ) ) ;
#3823 = EDGE_LOOP ( 'NONE', ( #1847, #2775, #3015, #451 ) ) ;
#3824 = AXIS2_PLACEMENT_3D ( 'NONE', #3281, #85, #4 ) ;
#3825 = EDGE_LOOP ( 'NONE', ( #2151, #3369 ) ) ;
#3826 = DIRECTION ( 'NONE',  ( 0.000000000000000000, -0.7071067811865527908, -0.7071067811865422437 ) ) ;
#3827 = FACE_OUTER_BOUND ( 'NONE', #1828, .T. ) ;
#3828 = ORIENTED_EDGE ( 'NONE', *, *, #2626, .T. ) ;
#3829 = CARTESIAN_POINT ( 'NONE',  ( 27.05561922388630336, 14.28465751255948746, -1.603396321841475514 ) ) ;
#3830 = CARTESIAN_POINT ( 'NONE',  ( 21.90621172966805830, 18.41236985389284797, 12.99935497757364367 ) ) ;
#3831 = CARTESIAN_POINT ( 'NONE',  ( 6.496101615137937380, 24.99999999999992539, -10.35533905932756227 ) ) ;
#3832 = DIRECTION ( 'NONE',  ( 0.8660254037844377084, -0.5000000000000015543, 0.000000000000000000 ) ) ;
#3833 = ADVANCED_FACE ( 'NONE', ( #258, #631 ), #2525, .T. ) ;
#3834 = DIRECTION ( 'NONE',  ( 0.000000000000000000, 0.7071067811865474617, 0.7071067811865474617 ) ) ;
#3835 = CARTESIAN_POINT ( 'NONE',  ( 100.0000000000000000, 27.00000000000001776, -11.18376618407356737 ) ) ;
#3836 = LINE ( 'NONE', #1473, #750 ) ;
#3837 = VERTEX_POINT ( 'NONE', #1598 ) ;
#3838 = EDGE_CURVE ( 'NONE', #1176, #1048, #563, .T. ) ;
#3839 = EDGE_CURVE ( 'NONE', #89, #402, #3194, .T. ) ;
#3840 = CARTESIAN_POINT ( 'NONE',  ( 83.98805297751421506, -19.73999897909734003, 14.97258505339482682 ) ) ;
#3841 = ORIENTED_EDGE ( 'NONE', *, *, #3568, .T. ) ;
#3842 = CYLINDRICAL_SURFACE ( 'NONE', #3179, 1.999999999999998668 ) ;
#3843 = CARTESIAN_POINT ( 'NONE',  ( 99.80000000000001137, 20.15533905932751679, -15.19999999999973994 ) ) ;
#3844 = EDGE_CURVE ( 'NONE', #3990, #3234, #3262, .T. ) ;
#3845 = ORIENTED_EDGE ( 'NONE', *, *, #1087, .F. ) ;
#3846 = EDGE_LOOP ( 'NONE', ( #4099, #2236, #2279, #919, #3964, #1733 ) ) ;
#3847 = CARTESIAN_POINT ( 'NONE',  ( 81.34014655601031052, -15.90182841709477479, -9.952055505674875846 ) ) ;
#3848 = CIRCLE ( 'NONE', #1975, 3.500000000000015099 ) ;
#3849 = VECTOR ( 'NONE', #2989, 1000.000000000000000 ) ;
#3850 = ORIENTED_EDGE ( 'NONE', *, *, #3108, .F. ) ;
#3851 = VECTOR ( 'NONE', #2527, 1000.000000000000000 ) ;
#3852 = CARTESIAN_POINT ( 'NONE',  ( 27.92735012705465181, 17.24546505609210456, 1.531983828600284703 ) ) ;
#3853 = VECTOR ( 'NONE', #3147, 1000.000000000000000 ) ;
#3854 = LINE ( 'NONE', #1275, #2366 ) ;
#3855 = DIRECTION ( 'NONE',  ( -0.4390165164802214415, -0.6353205876790013473, -0.6353205876789919104 ) ) ;
#3856 = LINE ( 'NONE', #4130, #4086 ) ;
#3857 = CARTESIAN_POINT ( 'NONE',  ( 81.94739049300777367, -16.25242086758402849, -9.952055505674795910 ) ) ;
#3858 = DIRECTION ( 'NONE',  ( -0.5000000000000009992, -0.8660254037844381525, 5.939693181744591436E-15 ) ) ;
#3859 = ORIENTED_EDGE ( 'NONE', *, *, #2167, .F. ) ;
#3860 = CARTESIAN_POINT ( 'NONE',  ( 36.30095548418310614, 17.99999999999996092, -5.200914422068110277 ) ) ;
#3861 = PLANE ( 'NONE',  #3287 ) ;
#3862 = ORIENTED_EDGE ( 'NONE', *, *, #785, .F. ) ;
#3863 = EDGE_CURVE ( 'NONE', #3931, #2214, #800, .T. ) ;
#3864 = ADVANCED_FACE ( 'NONE', ( #2940, #240 ), #4257, .F. ) ;
#3865 = VECTOR ( 'NONE', #3976, 1000.000000000000000 ) ;
#3866 = DIRECTION ( 'NONE',  ( 1.000000000000000000, -0.000000000000000000, -0.000000000000000000 ) ) ;
#3867 = DIRECTION ( 'NONE',  ( -1.000000000000000000, -0.000000000000000000, -0.000000000000000000 ) ) ;
#3868 = ORIENTED_EDGE ( 'NONE', *, *, #2829, .F. ) ;
#3869 = ORIENTED_EDGE ( 'NONE', *, *, #4228, .T. ) ;
#3870 = EDGE_CURVE ( 'NONE', #513, #95, #2617, .T. ) ;
#3871 = DIRECTION ( 'NONE',  ( -0.08483904282832940846, 0.04898184421471953737, -0.9951899897754689084 ) ) ;
#3872 = DIRECTION ( 'NONE',  ( 1.000000000000000000, 0.000000000000000000, 0.000000000000000000 ) ) ;
#3873 = VERTEX_POINT ( 'NONE', #3282 ) ;
#3874 = CARTESIAN_POINT ( 'NONE',  ( 26.39173736809360094, 14.66794988071124450, -40.78998758804888780 ) ) ;
#3875 = DIRECTION ( 'NONE',  ( 0.000000000000000000, 0.000000000000000000, -1.000000000000000000 ) ) ;
#3876 = CARTESIAN_POINT ( 'NONE',  ( 94.80000000000001137, -11.89726821137925228, -21.08248969043735954 ) ) ;
#3877 = CARTESIAN_POINT ( 'NONE',  ( 78.13960476661145549, -16.36339583019102051, 18.99194322913633570 ) ) ;
#3878 = DIRECTION ( 'NONE',  ( -0.5000000000000009992, -0.8660254037844380415, 5.884182030513328875E-15 ) ) ;
#3879 = LINE ( 'NONE', #2552, #3519 ) ;
#3880 = ORIENTED_EDGE ( 'NONE', *, *, #1822, .F. ) ;
#3881 = DIRECTION ( 'NONE',  ( 0.5000000000000009992, 0.8660254037844380415, -5.974751035304938243E-15 ) ) ;
#3882 = ORIENTED_EDGE ( 'NONE', *, *, #3403, .T. ) ;
#3883 = CARTESIAN_POINT ( 'NONE',  ( 74.28000000000000114, 13.91642406272619503, 0.000000000000000000 ) ) ;
#3884 = LINE ( 'NONE', #2211, #2687 ) ;
#3885 = EDGE_CURVE ( 'NONE', #1165, #2746, #3617, .T. ) ;
#3886 = VERTEX_POINT ( 'NONE', #1534 ) ;
#3887 = VECTOR ( 'NONE', #1445, 1000.000000000000000 ) ;
#3888 = EDGE_LOOP ( 'NONE', ( #2378, #4092, #1115, #3859 ) ) ;
#3889 = CARTESIAN_POINT ( 'NONE',  ( 30.42652055357335072, 11.18376618407357981, -27.00000000000000711 ) ) ;
#3890 = DIRECTION ( 'NONE',  ( 1.000000000000000000, 0.000000000000000000, 0.000000000000000000 ) ) ;
#3891 = VECTOR ( 'NONE', #149, 999.9999999999998863 ) ;
#3892 = EDGE_CURVE ( 'NONE', #2937, #1867, #2872, .T. ) ;
#3893 = VERTEX_POINT ( 'NONE', #2202 ) ;
#3894 = LINE ( 'NONE', #1510, #533 ) ;
#3895 = CIRCLE ( 'NONE', #2577, 0.7000000000000051736 ) ;
#3896 = DIRECTION ( 'NONE',  ( -0.5000000000000009992, -0.8660254037844380415, 5.974264125907593365E-15 ) ) ;
#3897 = DIRECTION ( 'NONE',  ( 0.08483904282832141486, -0.04898184421471479116, 0.9951899897754696855 ) ) ;
#3898 = LINE ( 'NONE', #1555, #1600 ) ;
#3899 = EDGE_CURVE ( 'NONE', #2973, #4118, #3528, .T. ) ;
#3900 = ORIENTED_EDGE ( 'NONE', *, *, #3967, .F. ) ;
#3901 = DIRECTION ( 'NONE',  ( 0.000000000000000000, 0.000000000000000000, -1.000000000000000000 ) ) ;
#3902 = LINE ( 'NONE', #566, #2684 ) ;
#3903 = VERTEX_POINT ( 'NONE', #1233 ) ;
#3904 = DIRECTION ( 'NONE',  ( 1.000000000000000000, -0.000000000000000000, 0.000000000000000000 ) ) ;
#3905 = LINE ( 'NONE', #1883, #2467 ) ;
#3906 = ORIENTED_EDGE ( 'NONE', *, *, #1643, .T. ) ;
#3907 = DIRECTION ( 'NONE',  ( 0.000000000000000000, 0.000000000000000000, -1.000000000000000000 ) ) ;
#3908 = LINE ( 'NONE', #2258, #2750 ) ;
#3909 = VERTEX_POINT ( 'NONE', #2549 ) ;
#3910 = CARTESIAN_POINT ( 'NONE',  ( 36.30095548418310614, 18.41642406280399769, 3.625151894463765956 ) ) ;
#3911 = APPROVAL_STATUS ( 'not_yet_approved' ) ;
#3912 = LINE ( 'NONE', #1516, #2791 ) ;
#3913 = ORIENTED_EDGE ( 'NONE', *, *, #2942, .T. ) ;
#3914 = LINE ( 'NONE', #561, #2737 ) ;
#3915 = DIRECTION ( 'NONE',  ( 0.000000000000000000, -1.000000000000000000, -0.000000000000000000 ) ) ;
#3916 = EDGE_CURVE ( 'NONE', #486, #1165, #3343, .T. ) ;
#3917 = EDGE_CURVE ( 'NONE', #3532, #1523, #692, .T. ) ;
#3918 = CARTESIAN_POINT ( 'NONE',  ( 82.53735443590353782, -17.74773724720632728, -7.909753041931582018 ) ) ;
#3919 = DIRECTION ( 'NONE',  ( -0.4390165164802892761, -0.6353205876789687068, 0.6353205876789778106 ) ) ;
#3920 = VECTOR ( 'NONE', #1139, 999.9999999999998863 ) ;
#3921 = VECTOR ( 'NONE', #3331, 1000.000000000000000 ) ;
#3922 = ORIENTED_EDGE ( 'NONE', *, *, #554, .T. ) ;
#3923 = CYLINDRICAL_SURFACE ( 'NONE', #569, 1.999999999999995781 ) ;
#3924 = CARTESIAN_POINT ( 'NONE',  ( 74.28000000000000114, 13.91642406272619503, -17.49999999999980105 ) ) ;
#3925 = ORIENTED_EDGE ( 'NONE', *, *, #2402, .T. ) ;
#3926 = EDGE_CURVE ( 'NONE', #402, #887, #2679, .T. ) ;
#3927 = CARTESIAN_POINT ( 'NONE',  ( 23.63826253723693327, 17.41236985389284442, 12.99935497757364367 ) ) ;
#3928 = PLANE ( 'NONE',  #1291 ) ;
#3929 = ORIENTED_EDGE ( 'NONE', *, *, #2931, .F. ) ;
#3930 = DIRECTION ( 'NONE',  ( -0.3080046121645197976, 0.1778265457448386933, 0.9346180388339626610 ) ) ;
#3931 = VERTEX_POINT ( 'NONE', #1072 ) ;
#3932 = CARTESIAN_POINT ( 'NONE',  ( 99.80000000000001137, 6.916424062726162170, 24.99999999999995026 ) ) ;
#3933 = DIRECTION ( 'NONE',  ( 0.000000000000000000, 0.000000000000000000, -1.000000000000000000 ) ) ;
#3934 = AXIS2_PLACEMENT_3D ( 'NONE', #343, #3253, #3336 ) ;
#3935 = VECTOR ( 'NONE', #2359, 1000.000000000000000 ) ;
#3936 = DIRECTION ( 'NONE',  ( -0.08483904282824970833, 0.04898184421468704947, 0.9951899897754772351 ) ) ;
#3937 = ORIENTED_EDGE ( 'NONE', *, *, #3660, .F. ) ;
#3938 = DIRECTION ( 'NONE',  ( -0.5000000000000008882, -0.8660254037844381525, 5.939693181744587491E-15 ) ) ;
#3939 = DIRECTION ( 'NONE',  ( 1.000000000000000000, -0.000000000000000000, 0.000000000000000000 ) ) ;
#3940 = CARTESIAN_POINT ( 'NONE',  ( 12.94934295108998334, 22.42891991592170342, -1.538648190134857700E-13 ) ) ;
#3941 = CARTESIAN_POINT ( 'NONE',  ( 100.0000000000000000, 1.758957035921487678E-13, 24.99999999999999645 ) ) ;
#3942 = ADVANCED_FACE ( 'NONE', ( #749 ), #711, .F. ) ;
#3943 = EDGE_CURVE ( 'NONE', #3471, #2332, #1289, .T. ) ;
#3944 = ORIENTED_EDGE ( 'NONE', *, *, #3403, .F. ) ;
#3945 = CARTESIAN_POINT ( 'NONE',  ( 8.941413501614999149, 24.74289906246918491, 9.308843885776614258 ) ) ;
#3946 =( BOUNDED_CURVE ( )  B_SPLINE_CURVE ( 3, ( #2026, #731, #3021, #1666 ),
 .UNSPECIFIED., .F., .F. ) 
 B_SPLINE_CURVE_WITH_KNOTS ( ( 4, 4 ),
 ( 5.894162428183655322, 6.672208186175517142 ),
 .UNSPECIFIED. ) 
 CURVE ( )  GEOMETRIC_REPRESENTATION_ITEM ( )  RATIONAL_B_SPLINE_CURVE ( ( 1.000000000000000000, 0.9501867388990292707, 0.9501867388990292707, 1.000000000000000000 ) ) 
 REPRESENTATION_ITEM ( '' )  );
#3947 = DIRECTION ( 'NONE',  ( 0.000000000000000000, -1.000000000000000000, 0.000000000000000000 ) ) ;
#3948 = VECTOR ( 'NONE', #3936, 1000.000000000000114 ) ;
#3949 = CARTESIAN_POINT ( 'NONE',  ( 20.67972315244778159, 21.42988444086747180, 13.92545461845984711 ) ) ;
#3950 = CARTESIAN_POINT ( 'NONE',  ( 30.33482091188827923, 15.85551115040248860, 36.89571791425890979 ) ) ;
#3951 = ORIENTED_EDGE ( 'NONE', *, *, #2377, .T. ) ;
#3952 = DIRECTION ( 'NONE',  ( -0.000000000000000000, 7.370867579099568370E-15, 1.000000000000000000 ) ) ;
#3953 = ORIENTED_EDGE ( 'NONE', *, *, #3118, .F. ) ;
#3954 = DIRECTION ( 'NONE',  ( -0.5000000000000015543, -0.8660254037844378194, 0.000000000000000000 ) ) ;
#3955 = VECTOR ( 'NONE', #2785, 1000.000000000000000 ) ;
#3956 = VECTOR ( 'NONE', #4173, 1000.000000000000000 ) ;
#3957 = DIRECTION ( 'NONE',  ( 0.000000000000000000, 0.000000000000000000, -1.000000000000000000 ) ) ;
#3958 = VERTEX_POINT ( 'NONE', #2718 ) ;
#3959 = VERTEX_POINT ( 'NONE', #2063 ) ;
#3960 = DIRECTION ( 'NONE',  ( 0.000000000000000000, 0.000000000000000000, -1.000000000000000000 ) ) ;
#3961 = CARTESIAN_POINT ( 'NONE',  ( 74.28000000000000114, 1.758957035921487678E-13, 24.99999999999999645 ) ) ;
#3962 = CARTESIAN_POINT ( 'NONE',  ( 23.63723638288856321, 17.41296230438210557, 12.99935497757356728 ) ) ;
#3963 = VECTOR ( 'NONE', #327, 1000.000000000000000 ) ;
#3964 = ORIENTED_EDGE ( 'NONE', *, *, #209, .T. ) ;
#3965 = PLANE ( 'NONE',  #705 ) ;
#3966 = FACE_OUTER_BOUND ( 'NONE', #3692, .T. ) ;
#3967 = EDGE_CURVE ( 'NONE', #1926, #619, #1702, .T. ) ;
#3968 = DIRECTION ( 'NONE',  ( -1.194852825181515675E-14, 0.000000000000000000, -1.000000000000000000 ) ) ;
#3969 = CARTESIAN_POINT ( 'NONE',  ( 81.94739049300777367, -16.25242086758402849, -9.952055505674795910 ) ) ;
#3970 = ORIENTED_EDGE ( 'NONE', *, *, #2103, .F. ) ;
#3971 = CARTESIAN_POINT ( 'NONE',  ( 98.20000000000000284, 0.000000000000000000, 15.69202858510344178 ) ) ;
#3972 = CARTESIAN_POINT ( 'NONE',  ( 74.28000000000000114, 10.35533905932754450, 24.99999999999992895 ) ) ;
#3973 = EDGE_CURVE ( 'NONE', #3537, #3405, #2395, .T. ) ;
#3974 = ADVANCED_FACE ( 'NONE', ( #411, #2376 ), #2335, .T. ) ;
#3975 = EDGE_LOOP ( 'NONE', ( #3497, #3755, #1432, #744 ) ) ;
#3976 = DIRECTION ( 'NONE',  ( 0.000000000000000000, 0.000000000000000000, -1.000000000000000000 ) ) ;
#3977 = EDGE_CURVE ( 'NONE', #3708, #1937, #669, .T. ) ;
#3978 = CARTESIAN_POINT ( 'NONE',  ( 84.03735443590353782, -15.14966103585301838, -7.909753041931598894 ) ) ;
#3979 = EDGE_LOOP ( 'NONE', ( #198, #2861 ) ) ;
#3980 = EDGE_LOOP ( 'NONE', ( #384, #2076, #4270, #1261 ) ) ;
#3981 = FACE_OUTER_BOUND ( 'NONE', #3979, .T. ) ;
#3982 = DIRECTION ( 'NONE',  ( -1.000000000000000000, 0.000000000000000000, 0.000000000000000000 ) ) ;
#3983 = CARTESIAN_POINT ( 'NONE',  ( 23.13826253723693327, 16.54634445010822574, -12.99935497757371117 ) ) ;
#3984 = VERTEX_POINT ( 'NONE', #2963 ) ;
#3985 = CARTESIAN_POINT ( 'NONE',  ( 100.0000000000000000, 27.00000000000001776, 4.187992942670208871E-15 ) ) ;
#3986 = CARTESIAN_POINT ( 'NONE',  ( 68.47150000782798429, -9.626812406775043129, -44.98215146610201032 ) ) ;
#3987 = VECTOR ( 'NONE', #2593, 1000.000000000000114 ) ;
#3988 = VECTOR ( 'NONE', #678, 1000.000000000000000 ) ;
#3989 = CARTESIAN_POINT ( 'NONE',  ( 100.0000000000000000, -17.67766952966355731, 17.67766952966381311 ) ) ;
#3990 = VERTEX_POINT ( 'NONE', #728 ) ;
#3991 = VECTOR ( 'NONE', #3557, 1000.000000000000114 ) ;
#3992 = CARTESIAN_POINT ( 'NONE',  ( 94.80000000000001137, -17.67766952966381666, -17.67766952966356442 ) ) ;
#3993 = EDGE_CURVE ( 'NONE', #17, #1941, #2697, .T. ) ;
#3994 = EDGE_CURVE ( 'NONE', #3233, #1572, #47, .T. ) ;
#3995 = ORIENTED_EDGE ( 'NONE', *, *, #1662, .F. ) ;
#3996 = DIRECTION ( 'NONE',  ( 0.8660254037844377084, -0.5000000000000015543, 0.000000000000000000 ) ) ;
#3997 = LINE ( 'NONE', #345, #758 ) ;
#3998 = ORIENTED_EDGE ( 'NONE', *, *, #1479, .T. ) ;
#3999 = EDGE_CURVE ( 'NONE', #3532, #3990, #2998, .T. ) ;
#4000 = ORIENTED_EDGE ( 'NONE', *, *, #4095, .F. ) ;
#4001 = DIRECTION ( 'NONE',  ( 1.000000000000000000, -0.000000000000000000, 0.000000000000000000 ) ) ;
#4002 = CARTESIAN_POINT ( 'NONE',  ( 80.21533968543889159, -15.25242086758387750, 12.47441327564058255 ) ) ;
#4003 = VECTOR ( 'NONE', #1436, 1000.000000000000000 ) ;
#4004 = DIRECTION ( 'NONE',  ( -0.5000000000000004441, -0.8660254037844383745, 0.000000000000000000 ) ) ;
#4005 = VECTOR ( 'NONE', #1452, 1000.000000000000000 ) ;
#4006 = AXIS2_PLACEMENT_3D ( 'NONE', #315, #3952, #1629 ) ;
#4007 = VERTEX_POINT ( 'NONE', #999 ) ;
#4008 = CARTESIAN_POINT ( 'NONE',  ( 95.36639743565974925, -21.69048706142315197, -13.66485199790416694 ) ) ;
#4009 = DIRECTION ( 'NONE',  ( -0.7745966692414827381, 0.4472135954999618135, 0.4472135954999552077 ) ) ;
#4010 = CARTESIAN_POINT ( 'NONE',  ( 94.80000000000001137, 0.000000000000000000, 0.000000000000000000 ) ) ;
#4011 = VERTEX_POINT ( 'NONE', #2313 ) ;
#4012 = ORIENTED_EDGE ( 'NONE', *, *, #3136, .T. ) ;
#4013 = CARTESIAN_POINT ( 'NONE',  ( 36.30095548418310614, 18.41642406280399769, 0.01990683042765901967 ) ) ;
#4014 = APPROVAL_ROLE ( '' ) ;
#4015 = EDGE_CURVE ( 'NONE', #759, #3098, #1035, .T. ) ;
#4016 = EDGE_LOOP ( 'NONE', ( #1218, #4218, #1745, #2769 ) ) ;
#4017 = FACE_OUTER_BOUND ( 'NONE', #76, .T. ) ;
#4018 = ORIENTED_EDGE ( 'NONE', *, *, #644, .F. ) ;
#4019 = CARTESIAN_POINT ( 'NONE',  ( 100.0000000000000000, 17.67766952966380956, 17.67766952966356087 ) ) ;
#4020 = FACE_OUTER_BOUND ( 'NONE', #1032, .T. ) ;
#4021 = AXIS2_PLACEMENT_3D ( 'NONE', #3151, #4169, #2507 ) ;
#4022 = DIRECTION ( 'NONE',  ( 0.000000000000000000, -1.551108497285260326E-16, 1.000000000000000000 ) ) ;
#4023 = EDGE_CURVE ( 'NONE', #1563, #89, #3018, .T. ) ;
#4024 = CIRCLE ( 'NONE', #2363, 0.6999999999999829692 ) ;
#4025 = ORIENTED_EDGE ( 'NONE', *, *, #559, .F. ) ;
#4026 = DIRECTION ( 'NONE',  ( 0.000000000000000000, 1.000000000000000000, -7.370867579099568370E-15 ) ) ;
#4027 = DIRECTION ( 'NONE',  ( 0.8660254037844372643, -0.5000000000000023315, 0.000000000000000000 ) ) ;
#4028 = ADVANCED_FACE ( 'NONE', ( #25 ), #1341, .T. ) ;
#4029 = AXIS2_PLACEMENT_3D ( 'NONE', #4045, #3307, #4027 ) ;
#4030 = CYLINDRICAL_SURFACE ( 'NONE', #1633, 0.7000000000000027311 ) ;
#4031 = ORIENTED_EDGE ( 'NONE', *, *, #1533, .F. ) ;
#4032 = EDGE_LOOP ( 'NONE', ( #1618, #4058, #1268, #1897, #2499, #4112, #159 ) ) ;
#4033 = DIRECTION ( 'NONE',  ( -0.5000000000000008882, -0.8660254037844381525, 5.939693181744587491E-15 ) ) ;
#4034 = ORIENTED_EDGE ( 'NONE', *, *, #3999, .F. ) ;
#4035 = LINE ( 'NONE', #2430, #1308 ) ;
#4036 = ORIENTED_EDGE ( 'NONE', *, *, #1107, .T. ) ;
#4037 = ORIENTED_EDGE ( 'NONE', *, *, #4100, .T. ) ;
#4038 = DIRECTION ( 'NONE',  ( -0.5000000000000009992, -0.8660254037844381525, 5.884182030513328087E-15 ) ) ;
#4039 = CARTESIAN_POINT ( 'NONE',  ( 24.63723638288855611, 19.14501311195096989, 12.99935497757355485 ) ) ;
#4040 = DIRECTION ( 'NONE',  ( -0.4390165164802684039, -0.6353205876789758122, 0.6353205876789849160 ) ) ;
#4041 = ADVANCED_FACE ( 'NONE', ( #2354 ), #3678, .F. ) ;
#4042 = VERTEX_POINT ( 'NONE', #1443 ) ;
#4043 = DIRECTION ( 'NONE',  ( 0.7745966692414827381, -0.4472135954999618135, -0.4472135954999552077 ) ) ;
#4044 = ADVANCED_FACE ( 'NONE', ( #3143 ), #3477, .F. ) ;
#4045 = CARTESIAN_POINT ( 'NONE',  ( 82.94636433865940717, -14.51977760952575203, 12.47441327564049374 ) ) ;
#4046 = LINE ( 'NONE', #3702, #3304 ) ;
#4047 = ADVANCED_FACE ( 'NONE', ( #3077 ), #2483, .F. ) ;
#4048 = CARTESIAN_POINT ( 'NONE',  ( 99.80000000000001137, 11.89726821137852575, 19.68248969043704832 ) ) ;
#4049 = ORIENTED_EDGE ( 'NONE', *, *, #54, .F. ) ;
#4050 = VECTOR ( 'NONE', #5, 1000.000000000000000 ) ;
#4051 = ORIENTED_EDGE ( 'NONE', *, *, #1278, .T. ) ;
#4052 = ORIENTED_EDGE ( 'NONE', *, *, #1899, .F. ) ;
#4053 = AXIS2_PLACEMENT_3D ( 'NONE', #2061, #3386, #2039 ) ;
#4054 = AXIS2_PLACEMENT_3D ( 'NONE', #397, #3606, #2320 ) ;
#4055 = CIRCLE ( 'NONE', #2184, 13.93804725562687175 ) ;
#4056 = VERTEX_POINT ( 'NONE', #495 ) ;
#4057 = FACE_OUTER_BOUND ( 'NONE', #893, .T. ) ;
#4058 = ORIENTED_EDGE ( 'NONE', *, *, #1744, .F. ) ;
#4059 = ORIENTED_EDGE ( 'NONE', *, *, #3999, .T. ) ;
#4060 = FACE_OUTER_BOUND ( 'NONE', #2833, .T. ) ;
#4061 = CARTESIAN_POINT ( 'NONE',  ( 36.30095548418310614, 17.99999999999997158, -3.561207936188247825 ) ) ;
#4062 = CARTESIAN_POINT ( 'NONE',  ( 12.44934295108999045, 21.56289451213726949, -1.487513259676346131E-13 ) ) ;
#4063 = ORIENTED_EDGE ( 'NONE', *, *, #3994, .F. ) ;
#4064 = CARTESIAN_POINT ( 'NONE',  ( 75.00000000000000000, 10.41642406272617727, -17.49999999999980105 ) ) ;
#4065 = CIRCLE ( 'NONE', #3794, 24.53583639576845954 ) ;
#4066 = CARTESIAN_POINT ( 'NONE',  ( 74.28000000000000114, 10.67309840838955459, 1.596259933314502270E-13 ) ) ;
#4067 = DIRECTION ( 'NONE',  ( 0.000000000000000000, 0.000000000000000000, -1.000000000000000000 ) ) ;
#4068 = EDGE_CURVE ( 'NONE', #3574, #2411, #2758, .T. ) ;
#4069 = VECTOR ( 'NONE', #858, 1000.000000000000000 ) ;
#4070 = DIRECTION ( 'NONE',  ( 0.5000000000000009992, 0.8660254037844382635, -5.939693181744591436E-15 ) ) ;
#4071 = ORIENTED_EDGE ( 'NONE', *, *, #4172, .F. ) ;
#4072 = ORIENTED_EDGE ( 'NONE', *, *, #891, .F. ) ;
#4073 = ORIENTED_EDGE ( 'NONE', *, *, #2295, .T. ) ;
#4074 = VERTEX_POINT ( 'NONE', #3408 ) ;
#4075 = DIRECTION ( 'NONE',  ( -0.5000000000000008882, -0.8660254037844381525, 5.939693181744590647E-15 ) ) ;
#4076 = ORIENTED_EDGE ( 'NONE', *, *, #2428, .F. ) ;
#4077 = ORIENTED_EDGE ( 'NONE', *, *, #3568, .F. ) ;
#4078 = LINE ( 'NONE', #1196, #3008 ) ;
#4079 = DIRECTION ( 'NONE',  ( 0.8660254037844382635, -0.5000000000000006661, 0.000000000000000000 ) ) ;
#4080 = CARTESIAN_POINT ( 'NONE',  ( 75.00000000000000000, 10.41642406272617727, -17.49999999999980105 ) ) ;
#4081 = ORIENTED_EDGE ( 'NONE', *, *, #2644, .F. ) ;
#4082 = DIRECTION ( 'NONE',  ( -0.5000000000000009992, -0.8660254037844380415, 5.856426454897699173E-15 ) ) ;
#4083 = CARTESIAN_POINT ( 'NONE',  ( 33.00000000000000000, 18.41642406280399769, 3.625151894463765956 ) ) ;
#4084 = DIRECTION ( 'NONE',  ( 0.000000000000000000, -1.000000000000000000, 0.000000000000000000 ) ) ;
#4085 = CYLINDRICAL_SURFACE ( 'NONE', #3817, 0.7000000000000051736 ) ;
#4086 = VECTOR ( 'NONE', #3107, 1000.000000000000000 ) ;
#4087 = LINE ( 'NONE', #1771, #1210 ) ;
#4088 = AXIS2_PLACEMENT_3D ( 'NONE', #391, #4263, #1019 ) ;
#4089 = DIRECTION ( 'NONE',  ( 0.000000000000000000, 7.380978235061771560E-15, 1.000000000000000000 ) ) ;
#4090 = ORIENTED_EDGE ( 'NONE', *, *, #1113, .T. ) ;
#4091 = VECTOR ( 'NONE', #3346, 1000.000000000000114 ) ;
#4092 = ORIENTED_EDGE ( 'NONE', *, *, #2453, .T. ) ;
#4093 = AXIS2_PLACEMENT_3D ( 'NONE', #3696, #2041, #409 ) ;
#4094 = EDGE_LOOP ( 'NONE', ( #2561, #3047, #3093, #1689 ) ) ;
#4095 = EDGE_CURVE ( 'NONE', #2460, #142, #448, .T. ) ;
#4096 = EDGE_CURVE ( 'NONE', #2214, #3931, #2946, .T. ) ;
#4097 = DIRECTION ( 'NONE',  ( 0.000000000000000000, 0.7071067811865527908, 0.7071067811865422437 ) ) ;
#4098 = ORIENTED_EDGE ( 'NONE', *, *, #3863, .F. ) ;
#4099 = ORIENTED_EDGE ( 'NONE', *, *, #1278, .F. ) ;
#4100 = EDGE_CURVE ( 'NONE', #98, #162, #2501, .T. ) ;
#4101 = DIRECTION ( 'NONE',  ( -1.000000000000000000, 0.000000000000000000, -0.000000000000000000 ) ) ;
#4102 = DIRECTION ( 'NONE',  ( 0.8660254037844372643, -0.5000000000000023315, 0.000000000000000000 ) ) ;
#4103 = ORIENTED_EDGE ( 'NONE', *, *, #3973, .T. ) ;
#4104 = CARTESIAN_POINT ( 'NONE',  ( 36.30095548418310614, 18.00000000000003553, 5.140239624478231129 ) ) ;
#4105 = DIRECTION ( 'NONE',  ( 0.000000000000000000, -4.480544798695068611E-15, 1.000000000000000000 ) ) ;
#4106 = CARTESIAN_POINT ( 'NONE',  ( 95.20000000000000284, 24.99999999999992539, -10.35533905932756227 ) ) ;
#4107 = LINE ( 'NONE', #195, #2913 ) ;
#4108 = LINE ( 'NONE', #3415, #1827 ) ;
#4109 = DIRECTION ( 'NONE',  ( -0.5000000000000008882, -0.8660254037844381525, 5.939693181744590647E-15 ) ) ;
#4110 = ORIENTED_EDGE ( 'NONE', *, *, #3943, .F. ) ;
#4111 = CIRCLE ( 'NONE', #2246, 1.999999999999995781 ) ;
#4112 = ORIENTED_EDGE ( 'NONE', *, *, #1371, .T. ) ;
#4113 = ORIENTED_EDGE ( 'NONE', *, *, #526, .T. ) ;
#4114 = PLANE ( 'NONE',  #3657 ) ;
#4115 = AXIS2_PLACEMENT_3D ( 'NONE', #3983, #389, #1014 ) ;
#4116 = EDGE_CURVE ( 'NONE', #1762, #619, #1419, .T. ) ;
#4117 = ADVANCED_FACE ( 'NONE', ( #1162, #189 ), #3101, .F. ) ;
#4118 = VERTEX_POINT ( 'NONE', #790 ) ;
#4119 = AXIS2_PLACEMENT_3D ( 'NONE', #2515, #1543, #1399 ) ;
#4120 = AXIS2_PLACEMENT_3D ( 'NONE', #3186, #1229, #3872 ) ;
#4121 = EDGE_LOOP ( 'NONE', ( #285, #1820 ) ) ;
#4122 = FACE_OUTER_BOUND ( 'NONE', #3146, .T. ) ;
#4123 = VECTOR ( 'NONE', #1267, 1000.000000000000114 ) ;
#4124 = LINE ( 'NONE', #2084, #1426 ) ;
#4125 = ADVANCED_FACE ( 'NONE', ( #3827, #3389 ), #1761, .T. ) ;
#4126 = VERTEX_POINT ( 'NONE', #3740 ) ;
#4127 = CARTESIAN_POINT ( 'NONE',  ( 94.80000000000001137, -17.65364549295514607, -17.70169356637262936 ) ) ;
#4128 = CARTESIAN_POINT ( 'NONE',  ( 74.28000000000000114, 10.67309840838955459, 1.596259933314502270E-13 ) ) ;
#4129 = CARTESIAN_POINT ( 'NONE',  ( 26.13723638288856677, 21.74308932330429300, 12.99935497757353708 ) ) ;
#4130 = CARTESIAN_POINT ( 'NONE',  ( 94.80000000000001137, -17.65364549295514607, 17.70169356637232738 ) ) ;
#4131 = CARTESIAN_POINT ( 'NONE',  ( 79.27100968557171257, -12.39781061119825267, 8.803036082134861218 ) ) ;
#4132 = DIRECTION ( 'NONE',  ( 0.5000000000000009992, 0.8660254037844381525, -5.856426454897699173E-15 ) ) ;
#4133 = ORIENTED_EDGE ( 'NONE', *, *, #2534, .T. ) ;
#4134 = VECTOR ( 'NONE', #1959, 1000.000000000000000 ) ;
#4135 = CIRCLE ( 'NONE', #1781, 0.7000000000000051736 ) ;
#4136 = ORIENTED_EDGE ( 'NONE', *, *, #812, .T. ) ;
#4137 = ORIENTED_EDGE ( 'NONE', *, *, #960, .T. ) ;
#4138 = DIRECTION ( 'NONE',  ( -0.5000000000000009992, -0.8660254037844381525, 5.939693181744589858E-15 ) ) ;
#4139 = ORIENTED_EDGE ( 'NONE', *, *, #741, .F. ) ;
#4140 = VERTEX_POINT ( 'NONE', #2458 ) ;
#4141 = CARTESIAN_POINT ( 'NONE',  ( 99.80000000000001137, 17.67766952966380956, 17.67766952966354665 ) ) ;
#4142 = EDGE_CURVE ( 'NONE', #1416, #1941, #4124, .T. ) ;
#4143 = CARTESIAN_POINT ( 'NONE',  ( 98.20000000000000284, 0.000000000000000000, 0.000000000000000000 ) ) ;
#4144 = ORIENTED_EDGE ( 'NONE', *, *, #2380, .T. ) ;
#4145 = DIRECTION ( 'NONE',  ( 0.8660254037844382635, -0.5000000000000006661, 0.000000000000000000 ) ) ;
#4146 = DIRECTION ( 'NONE',  ( -0.5000000000000008882, -0.8660254037844381525, 5.939693181744590647E-15 ) ) ;
#4147 = EDGE_CURVE ( 'NONE', #3066, #1608, #3848, .T. ) ;
#4148 = ADVANCED_FACE ( 'NONE', ( #2436 ), #2102, .F. ) ;
#4149 = DIRECTION ( 'NONE',  ( 0.8660254037844382635, -0.5000000000000006661, 0.000000000000000000 ) ) ;
#4150 = FACE_OUTER_BOUND ( 'NONE', #1398, .T. ) ;
#4151 = DIRECTION ( 'NONE',  ( 0.000000000000000000, -1.000000000000000000, 0.000000000000000000 ) ) ;
#4152 = CARTESIAN_POINT ( 'NONE',  ( 26.43712804195350685, 14.64174356293979962, -1.533095239755791761 ) ) ;
#4153 = ORIENTED_EDGE ( 'NONE', *, *, #3625, .T. ) ;
#4154 = EDGE_CURVE ( 'NONE', #3433, #3344, #1463, .T. ) ;
#4155 = CIRCLE ( 'NONE', #4021, 14.00000000000035172 ) ;
#4156 = DIRECTION ( 'NONE',  ( -1.000000000000000000, -0.000000000000000000, -0.000000000000000000 ) ) ;
#4157 = ORIENTED_EDGE ( 'NONE', *, *, #1247, .F. ) ;
#4158 = CARTESIAN_POINT ( 'NONE',  ( 27.30580657790736510, 17.60431339150530050, -8.938704501772988920 ) ) ;
#4159 = DIRECTION ( 'NONE',  ( 0.5000000000000009992, 0.8660254037844382635, -5.939693181744591436E-15 ) ) ;
#4160 = ORIENTED_EDGE ( 'NONE', *, *, #554, .F. ) ;
#4161 = AXIS2_PLACEMENT_3D ( 'NONE', #1002, #2662, #1989 ) ;
#4162 = ORIENTED_EDGE ( 'NONE', *, *, #3200, .F. ) ;
#4163 = CARTESIAN_POINT ( 'NONE',  ( 21.90621172966805830, 18.41236985389266678, -12.99935497757371650 ) ) ;
#4164 = CARTESIAN_POINT ( 'NONE',  ( 24.86930136483455911, 15.54692871701725210, 19.80841034231015030 ) ) ;
#4165 = VERTEX_POINT ( 'NONE', #3804 ) ;
#4166 = CARTESIAN_POINT ( 'NONE',  ( 36.30095548418310614, 17.99999999999996092, -5.200914422068110277 ) ) ;
#4167 = FACE_OUTER_BOUND ( 'NONE', #1731, .T. ) ;
#4168 = DIRECTION ( 'NONE',  ( 0.000000000000000000, -1.000000000000000000, 0.000000000000000000 ) ) ;
#4169 = DIRECTION ( 'NONE',  ( 1.000000000000000000, -0.000000000000000000, 0.000000000000000000 ) ) ;
#4170 = DIRECTION ( 'NONE',  ( -0.000000000000000000, -7.380978235061771560E-15, -1.000000000000000000 ) ) ;
#4171 = ADVANCED_FACE ( 'NONE', ( #1806 ), #516, .T. ) ;
#4172 = EDGE_CURVE ( 'NONE', #74, #3052, #2799, .T. ) ;
#4173 = DIRECTION ( 'NONE',  ( 0.000000000000000000, 0.7071067811865526798, 0.7071067811865423547 ) ) ;
#4174 = CARTESIAN_POINT ( 'NONE',  ( 100.0000000000000000, 25.00000000000007461, 10.35533905932718035 ) ) ;
#4175 = VERTEX_POINT ( 'NONE', #2217 ) ;
#4176 = EDGE_CURVE ( 'NONE', #766, #3768, #580, .T. ) ;
#4177 = DIRECTION ( 'NONE',  ( 1.000000000000000000, 0.000000000000000000, 0.000000000000000000 ) ) ;
#4178 = LINE ( 'NONE', #3426, #2393 ) ;
#4179 = ORIENTED_EDGE ( 'NONE', *, *, #3468, .F. ) ;
#4180 = CARTESIAN_POINT ( 'NONE',  ( 83.55258212130848960, -14.86977760952574279, 12.47441327564049374 ) ) ;
#4181 = CARTESIAN_POINT ( 'NONE',  ( 96.56274360871945817, -27.00000000000001066, 11.18376618407357093 ) ) ;
#4182 = ORIENTED_EDGE ( 'NONE', *, *, #611, .T. ) ;
#4183 = VERTEX_POINT ( 'NONE', #538 ) ;
#4184 = FACE_BOUND ( 'NONE', #2990, .T. ) ;
#4185 = ORIENTED_EDGE ( 'NONE', *, *, #321, .T. ) ;
#4186 = VECTOR ( 'NONE', #4168, 1000.000000000000000 ) ;
#4187 = CIRCLE ( 'NONE', #2182, 1.700000000000000178 ) ;
#4188 = ORIENTED_EDGE ( 'NONE', *, *, #1737, .T. ) ;
#4189 = VECTOR ( 'NONE', #55, 1000.000000000000114 ) ;
#4190 = CARTESIAN_POINT ( 'NONE',  ( 77.77100968557182625, -14.99588682255174454, -8.958563339424285843 ) ) ;
#4191 = VECTOR ( 'NONE', #2546, 1000.000000000000000 ) ;
#4192 = LINE ( 'NONE', #3569, #3120 ) ;
#4193 = DIRECTION ( 'NONE',  ( 1.000000000000000000, 0.000000000000000000, 0.000000000000000000 ) ) ;
#4194 = DIRECTION ( 'NONE',  ( -0.5000000000000009992, -0.8660254037844380415, 6.067325867585521475E-15 ) ) ;
#4195 = DIRECTION ( 'NONE',  ( -1.000000000000000000, 0.000000000000000000, -0.000000000000000000 ) ) ;
#4196 = CARTESIAN_POINT ( 'NONE',  ( 94.80000000000001137, -10.35533905932755516, -24.99999999999992895 ) ) ;
#4197 = ORIENTED_EDGE ( 'NONE', *, *, #956, .F. ) ;
#4198 = EDGE_CURVE ( 'NONE', #3419, #1866, #208, .T. ) ;
#4199 = DIRECTION ( 'NONE',  ( 0.000000000000000000, 0.000000000000000000, -1.000000000000000000 ) ) ;
#4200 = FACE_OUTER_BOUND ( 'NONE', #966, .T. ) ;
#4201 = DIRECTION ( 'NONE',  ( -0.5000000000000009992, -0.8660254037844381525, 5.939693181744589858E-15 ) ) ;
#4202 = ORIENTED_EDGE ( 'NONE', *, *, #2133, .T. ) ;
#4203 = AXIS2_PLACEMENT_3D ( 'NONE', #2347, #3010, #3275 ) ;
#4204 = PLANE ( 'NONE',  #2735 ) ;
#4205 = PLANE ( 'NONE',  #680 ) ;
#4206 = AXIS2_PLACEMENT_3D ( 'NONE', #1900, #1603, #311 ) ;
#4207 = PRODUCT_DEFINITION_SHAPE ( 'NONE', 'NONE',  #2212 ) ;
#4209 = VERTEX_POINT ( 'NONE', #3230 ) ;
#4208 = VECTOR ( 'NONE', #3867, 1000.000000000000000 ) ;
#4210 = ORIENTED_EDGE ( 'NONE', *, *, #4023, .T. ) ;
#4211 = PLANE ( 'NONE',  #27 ) ;
#4212 = DIRECTION ( 'NONE',  ( 0.7754764868734003169, -0.4477215584465870646, -0.4451759476978157659 ) ) ;
#4213 = ORIENTED_EDGE ( 'NONE', *, *, #3899, .T. ) ;
#4214 = DIRECTION ( 'NONE',  ( -0.8094029644654032740, 0.4673090194169802758, -0.3556530914896670614 ) ) ;
#4215 = CARTESIAN_POINT ( 'NONE',  ( 79.27100968557171257, -12.39781061119825267, 8.803036082134861218 ) ) ;
#4216 = DIRECTION ( 'NONE',  ( -1.000000000000000000, -0.000000000000000000, -0.000000000000000000 ) ) ;
#4217 = CARTESIAN_POINT ( 'NONE',  ( 100.0000000000000000, -17.67766952966381666, -17.67766952966356442 ) ) ;
#4218 = ORIENTED_EDGE ( 'NONE', *, *, #1899, .T. ) ;
#4219 = PLANE ( 'NONE',  #1568 ) ;
#4220 = CARTESIAN_POINT ( 'NONE',  ( 40.53825065701450114, 38.22217144463017746, -2.866832385303098363 ) ) ;
#4221 = ORIENTED_EDGE ( 'NONE', *, *, #1420, .T. ) ;
#4222 = DIRECTION ( 'NONE',  ( 0.000000000000000000, 1.000000000000000000, 0.000000000000000000 ) ) ;
#4223 = ORIENTED_EDGE ( 'NONE', *, *, #3464, .F. ) ;
#4224 = CARTESIAN_POINT ( 'NONE',  ( 99.80000000000001137, 6.916424062726162170, 0.000000000000000000 ) ) ;
#4225 = DIRECTION ( 'NONE',  ( -1.000000000000000000, 0.000000000000000000, -0.000000000000000000 ) ) ;
#4226 = VECTOR ( 'NONE', #1343, 1000.000000000000114 ) ;
#4227 = EDGE_CURVE ( 'NONE', #3708, #3984, #278, .T. ) ;
#4228 = EDGE_CURVE ( 'NONE', #2147, #2726, #4111, .T. ) ;
#4229 = VERTEX_POINT ( 'NONE', #1594 ) ;
#4230 = PLANE ( 'NONE',  #2780 ) ;
#4231 = APPLICATION_PROTOCOL_DEFINITION ( 'international standard', 'config_control_design', 1994, #981 ) ;
#4232 = AXIS2_PLACEMENT_3D ( 'NONE', #710, #1318, #2979 ) ;
#4233 = EDGE_CURVE ( 'NONE', #1114, #2446, #234, .T. ) ;
#4234 = VERTEX_POINT ( 'NONE', #302 ) ;
#4235 = CARTESIAN_POINT ( 'NONE',  ( 23.63723638288856321, 17.41296230438192794, -12.99935497757379821 ) ) ;
#4236 = CIRCLE ( 'NONE', #3752, 1.999999999999995781 ) ;
#4237 = CARTESIAN_POINT ( 'NONE',  ( 84.03735443590353782, -15.14966103585301838, -7.909753041931598894 ) ) ;
#4238 = DIRECTION ( 'NONE',  ( 0.8660254037844381525, -0.5000000000000007772, 0.000000000000000000 ) ) ;
#4239 = CARTESIAN_POINT ( 'NONE',  ( 26.58980479689077470, 18.01769721251542578, -17.33764184681195530 ) ) ;
#4240 = VERTEX_POINT ( 'NONE', #2844 ) ;
#4241 = CARTESIAN_POINT ( 'NONE',  ( 75.00000000000000000, 10.41642406272618260, -17.50000000000013500 ) ) ;
#4242 = DIRECTION ( 'NONE',  ( -0.4390165164802214970, -0.6353205876789921325, 0.6353205876790011253 ) ) ;
#4243 = EDGE_LOOP ( 'NONE', ( #588, #4262, #1287, #143, #3243, #3265 ) ) ;
#4244 = DIRECTION ( 'NONE',  ( 1.000000000000000000, -0.000000000000000000, -0.000000000000000000 ) ) ;
#4245 = DIRECTION ( 'NONE',  ( -0.8618598127375414197, 0.4975949948877420037, 0.09796368842932673404 ) ) ;
#4246 = ORIENTED_EDGE ( 'NONE', *, *, #846, .T. ) ;
#4247 = CARTESIAN_POINT ( 'NONE',  ( 94.80000000000001137, -9.621037113853832423, 25.00000000000006750 ) ) ;
#4248 = ORIENTED_EDGE ( 'NONE', *, *, #3734, .T. ) ;
#4249 = CARTESIAN_POINT ( 'NONE',  ( 100.0000000000000000, 17.67766952966355731, -17.67766952966382021 ) ) ;
#4250 = ADVANCED_FACE ( 'NONE', ( #1849 ), #2195, .F. ) ;
#4251 = EDGE_CURVE ( 'NONE', #2580, #95, #2912, .T. ) ;
#4252 = DIRECTION ( 'NONE',  ( 0.08483904282827939292, -0.04898184421469065075, 0.9951899897754745705 ) ) ;
#4253 = ORIENTED_EDGE ( 'NONE', *, *, #2401, .F. ) ;
#4254 = ORIENTED_EDGE ( 'NONE', *, *, #3377, .F. ) ;
#4255 = DIRECTION ( 'NONE',  ( 0.9184855229425241685, 0.000000000000000000, 0.3954546044048516951 ) ) ;
#4256 = LINE ( 'NONE', #2917, #303 ) ;
#4257 = PLANE ( 'NONE',  #670 ) ;
#4258 = FACE_OUTER_BOUND ( 'NONE', #2336, .T. ) ;
#4259 = AXIS2_PLACEMENT_3D ( 'NONE', #3320, #3697, #2005 ) ;
#4260 = VECTOR ( 'NONE', #4201, 999.9999999999998863 ) ;
#4261 = VECTOR ( 'NONE', #1722, 1000.000000000000114 ) ;
#4262 = ORIENTED_EDGE ( 'NONE', *, *, #3698, .T. ) ;
#4263 = DIRECTION ( 'NONE',  ( -0.5000000000000009992, -0.8660254037844382635, 5.939693181744591436E-15 ) ) ;
#4264 = FACE_OUTER_BOUND ( 'NONE', #1240, .T. ) ;
#4265 = APPROVAL_PERSON_ORGANIZATION ( #992, #684, #704 ) ;
#4266 = LINE ( 'NONE', #2926, #255 ) ;
#4267 = CARTESIAN_POINT ( 'NONE',  ( 27.05561922388694640, 14.28465751255913929, 1.603396321843219230 ) ) ;
#4268 = VERTEX_POINT ( 'NONE', #4164 ) ;
#4269 = LINE ( 'NONE', #339, #481 ) ;
#4270 = ORIENTED_EDGE ( 'NONE', *, *, #866, .T. ) ;
#4271 = PLANE ( 'NONE',  #1167 ) ;
#4272 = PERSON_AND_ORGANIZATION_ROLE ( 'creator' ) ;
#4273 = AXIS2_PLACEMENT_3D ( 'NONE', #2194, #3523, #251 ) ;
#4274 = CIRCLE ( 'NONE', #3659, 3.500000000000015099 ) ;
#4275 = CARTESIAN_POINT ( 'NONE',  ( 95.20000000000000284, 17.62711787586707146, -17.72822118346031317 ) ) ;
ENDSEC;
END-ISO-10303-21;
