ISO-10303-21;
HEADER;
FILE_DESCRIPTION (( 'STEP AP203' ),
    '1' );
FILE_NAME ('camBarrelWithNoHoleBottom.STEP',
    '2026-04-27T03:58:38',
    ( '' ),
    ( '' ),
    'SwSTEP 2.0',
    'SolidWorks 2025',
    '' );
FILE_SCHEMA (( 'CONFIG_CONTROL_DESIGN' ));
ENDSEC;

DATA;
#1 = ORIENTED_EDGE ( 'NONE', *, *, #302, .F. ) ;
#2 = LINE ( 'NONE', #802, #1415 ) ;
#3 = DIRECTION ( 'NONE',  ( 0.07317157541021192257, -0.6515180314347918111, -0.7550961364404676912 ) ) ;
#4 = VECTOR ( 'NONE', #605, 1000.000000000000114 ) ;
#5 = VECTOR ( 'NONE', #95, 1000.000000000000114 ) ;
#6 = APPROVAL_STATUS ( 'not_yet_approved' ) ;
#7 = CIRCLE ( 'NONE', #1016, 1.900000000000244382 ) ;
#8 = DIRECTION ( 'NONE',  ( -0.07317157541021192257, 0.6515180314347918111, 0.7550961364404676912 ) ) ;
#9 = ORIENTED_EDGE ( 'NONE', *, *, #423, .T. ) ;
#10 = EDGE_CURVE ( 'NONE', #1225, #989, #174, .T. ) ;
#11 = CARTESIAN_POINT ( 'NONE',  ( 715.0587538457671144, 945.0493020099843307, 1349.232873239355058 ) ) ;
#12 = CARTESIAN_POINT ( 'NONE',  ( 710.3635974476934507, 881.6255511517427976, 1340.113703011418465 ) ) ;
#13 = ORIENTED_EDGE ( 'NONE', *, *, #987, .T. ) ;
#14 = DIRECTION ( 'NONE',  ( -0.07317157541021192257, 0.6515180314347918111, 0.7550961364404676912 ) ) ;
#15 = DIRECTION ( 'NONE',  ( 0.5212750289935844661, -0.6204890829809657227, 0.5858887625216735451 ) ) ;
#16 = CARTESIAN_POINT ( 'NONE',  ( 717.2067960611789204, 933.5629538124351257, 1338.399973149757216 ) ) ;
#17 = ORIENTED_EDGE ( 'NONE', *, *, #1340, .T. ) ;
#18 = LINE ( 'NONE', #366, #893 ) ;
#19 = CARTESIAN_POINT ( 'NONE',  ( 713.4969486316583698, 942.4697593384095171, 1340.892641575758262 ) ) ;
#20 = DIRECTION ( 'NONE',  ( -0.1030193525862388715, -0.7580132069861736932, 0.6440520095669668432 ) ) ;
#21 = EDGE_LOOP ( 'NONE', ( #805, #483, #1328, #9, #1431 ) ) ;
#22 = EDGE_CURVE ( 'NONE', #719, #118, #346, .T. ) ;
#23 = EDGE_CURVE ( 'NONE', #68, #854, #259, .T. ) ;
#24 = DATE_TIME_ROLE ( 'classification_date' ) ;
#25 = ORIENTED_EDGE ( 'NONE', *, *, #83, .F. ) ;
#26 = DIRECTION ( 'NONE',  ( 0.000000000000000000, 0.7571257123220741514, -0.6532692061782735538 ) ) ;
#27 = DIRECTION ( 'NONE',  ( 0.07317157541021192257, -0.6515180314347918111, -0.7550961364404676912 ) ) ;
#28 = DIRECTION ( 'NONE',  ( -0.5212750289935844661, 0.6204890829809657227, -0.5858887625216735451 ) ) ;
#29 = VERTEX_POINT ( 'NONE', #1388 ) ;
#30 = AXIS2_PLACEMENT_3D ( 'NONE', #902, #909, #1379 ) ;
#31 = EDGE_CURVE ( 'NONE', #568, #719, #995, .T. ) ;
#32 = AXIS2_PLACEMENT_3D ( 'NONE', #1481, #424, #787 ) ;
#33 = SECURITY_CLASSIFICATION ( '', '', #725 ) ;
#34 = ORIENTED_EDGE ( 'NONE', *, *, #136, .T. ) ;
#35 = LINE ( 'NONE', #494, #237 ) ;
#36 = DIRECTION ( 'NONE',  ( 0.07317157541021192257, -0.6515180314347918111, -0.7550961364404676912 ) ) ;
#37 = FACE_OUTER_BOUND ( 'NONE', #224, .T. ) ;
#38 = AXIS2_PLACEMENT_3D ( 'NONE', #16, #972, #730 ) ;
#39 = VERTEX_POINT ( 'NONE', #1154 ) ;
#40 = VECTOR ( 'NONE', #1253, 1000.000000000000114 ) ;
#41 = APPROVAL_DATE_TIME ( #961, #1434 ) ;
#42 = CARTESIAN_POINT ( 'NONE',  ( 713.6145063833625954, 941.4230278099319094, 1339.679501041023968 ) ) ;
#43 = VERTEX_POINT ( 'NONE', #564 ) ;
#44 = DIRECTION ( 'NONE',  ( -0.5212750289935844661, 0.6204890829809657227, -0.5858887625216735451 ) ) ;
#45 = CARTESIAN_POINT ( 'NONE',  ( 721.4832399690808415, 919.6111862210232175, 1330.060296382771639 ) ) ;
#46 = ORIENTED_EDGE ( 'NONE', *, *, #814, .F. ) ;
#47 = CARTESIAN_POINT ( 'NONE',  ( 723.1071022187342123, 935.4691149231491636, 1358.278840543187926 ) ) ;
#48 = APPROVAL_DATE_TIME ( #1079, #1476 ) ;
#49 = DIRECTION ( 'NONE',  ( -0.03345502309867742774, 0.7550961364404806808, -0.6547599454472807778 ) ) ;
#50 = ORIENTED_EDGE ( 'NONE', *, *, #1349, .T. ) ;
#51 = ADVANCED_FACE ( 'NONE', ( #607 ), #1077, .F. ) ;
#52 = EDGE_LOOP ( 'NONE', ( #735, #1144, #596, #436, #1433 ) ) ;
#53 = DIRECTION ( 'NONE',  ( -0.07317157541021192257, 0.6515180314347918111, 0.7550961364404676912 ) ) ;
#54 = DIRECTION ( 'NONE',  ( 0.07317157541021192257, -0.6515180314347925883, -0.7550961364404669141 ) ) ;
#55 = PERSON_AND_ORGANIZATION ( #499, #431 ) ;
#56 = DIRECTION ( 'NONE',  ( -0.03345502309867742774, 0.7550961364404806808, -0.6547599454472807778 ) ) ;
#57 = CIRCLE ( 'NONE', #426, 5.999999999999976907 ) ;
#58 = CIRCLE ( 'NONE', #696, 4.000000000000000000 ) ;
#59 = VECTOR ( 'NONE', #1411, 1000.000000000000114 ) ;
#60 = ORIENTED_EDGE ( 'NONE', *, *, #1394, .F. ) ;
#61 = PRODUCT_DEFINITION_FORMATION_WITH_SPECIFIED_SOURCE ( 'ANY', '', #1484, .NOT_KNOWN. ) ;
#62 = DIRECTION ( 'NONE',  ( -0.5212750289935844661, 0.6204890829809657227, -0.5858887625216735451 ) ) ;
#63 = FACE_OUTER_BOUND ( 'NONE', #466, .T. ) ;
#64 = DIRECTION ( 'NONE',  ( 0.07317157541021400424, -0.6515180314347942536, -0.7550961364404653597 ) ) ;
#65 = CARTESIAN_POINT ( 'NONE',  ( 719.8441481236691288, 910.0800314573928063, 1311.183744147507923 ) ) ;
#66 = LINE ( 'NONE', #646, #487 ) ;
#67 = ADVANCED_FACE ( 'NONE', ( #1161 ), #1032, .T. ) ;
#68 = VERTEX_POINT ( 'NONE', #1039 ) ;
#69 = EDGE_LOOP ( 'NONE', ( #131, #306, #1463, #866 ) ) ;
#70 = ORIENTED_EDGE ( 'NONE', *, *, #1146, .T. ) ;
#71 = DIRECTION ( 'NONE',  ( 0.07317157541021192257, -0.6515180314347918111, -0.7550961364404676912 ) ) ;
#72 = DIRECTION ( 'NONE',  ( 0.07317157541021192257, -0.6515180314347918111, -0.7550961364404676912 ) ) ;
#73 = ADVANCED_FACE ( 'NONE', ( #779 ), #1378, .T. ) ;
#74 = FACE_OUTER_BOUND ( 'NONE', #106, .T. ) ;
#75 = AXIS2_PLACEMENT_3D ( 'NONE', #1131, #92, #553 ) ;
#76 = AXIS2_PLACEMENT_3D ( 'NONE', #200, #1029, #546 ) ;
#77 = CARTESIAN_POINT ( 'NONE',  ( 716.0509749529143164, 927.7706311451372585, 1326.466697166876429 ) ) ;
#78 = DIRECTION ( 'NONE',  ( 0.2155035787818619097, 0.000000000000000000, -0.9765030504469557338 ) ) ;
#79 = VECTOR ( 'NONE', #271, 1000.000000000000000 ) ;
#80 = DIRECTION ( 'NONE',  ( -0.07317157541021192257, 0.6515180314347918111, 0.7550961364404675802 ) ) ;
#81 = CIRCLE ( 'NONE', #1467, 6.000000000000082601 ) ;
#82 = EDGE_CURVE ( 'NONE', #962, #943, #557, .T. ) ;
#83 = EDGE_CURVE ( 'NONE', #643, #728, #100, .T. ) ;
#84 = VERTEX_POINT ( 'NONE', #807 ) ;
#85 = CARTESIAN_POINT ( 'NONE',  ( 719.5514618220283865, 912.6861035831325353, 1314.204128693270377 ) ) ;
#86 = CYLINDRICAL_SURFACE ( 'NONE', #1163, 1.900000000000244382 ) ;
#87 = CARTESIAN_POINT ( 'NONE',  ( 717.9446122115921298, 916.9411261210387920, 1315.873055753193512 ) ) ;
#88 = EDGE_CURVE ( 'NONE', #1262, #831, #690, .T. ) ;
#89 = DIRECTION ( 'NONE',  ( 0.000000000000000000, 0.7571257123220679341, -0.6532692061782809922 ) ) ;
#90 = FACE_OUTER_BOUND ( 'NONE', #1338, .T. ) ;
#91 = VECTOR ( 'NONE', #495, 1000.000000000000114 ) ;
#92 = DIRECTION ( 'NONE',  ( -0.07317157541021399036, 0.6515180314347943646, 0.7550961364404653597 ) ) ;
#93 = VECTOR ( 'NONE', #281, 1000.000000000000114 ) ;
#94 = DIRECTION ( 'NONE',  ( -0.03345502309867742774, 0.7550961364404806808, -0.6547599454472807778 ) ) ;
#95 = DIRECTION ( 'NONE',  ( 0.07317157541021192257, -0.6515180314347918111, -0.7550961364404675802 ) ) ;
#96 = ORIENTED_EDGE ( 'NONE', *, *, #1119, .F. ) ;
#97 = EDGE_CURVE ( 'NONE', #1280, #480, #1466, .T. ) ;
#98 = AXIS2_PLACEMENT_3D ( 'NONE', #1047, #14, #936 ) ;
#99 = AXIS2_PLACEMENT_3D ( 'NONE', #1424, #698, #965 ) ;
#100 = CIRCLE ( 'NONE', #1140, 5.999999999999983125 ) ;
#101 = VERTEX_POINT ( 'NONE', #1001 ) ;
#102 = CARTESIAN_POINT ( 'NONE',  ( -101.9267546797989326, 1031.283990399576169, 1132.270318695000469 ) ) ;
#103 = CARTESIAN_POINT ( 'NONE',  ( 721.4422719387106326, 931.6438734668597590, 1335.969163935809320 ) ) ;
#104 = DIRECTION ( 'NONE',  ( 0.07317157541021192257, -0.6515180314347918111, -0.7550961364404676912 ) ) ;
#105 = CARTESIAN_POINT ( 'NONE',  ( 717.2255806488175267, 936.1389765367736118, 1332.206125067752055 ) ) ;
#106 = EDGE_LOOP ( 'NONE', ( #1200, #1421, #17, #1425 ) ) ;
#107 = CARTESIAN_POINT ( 'NONE',  ( 0.000000000000000000, 0.000000000000000000, 0.000000000000000000 ) ) ;
#108 = EDGE_CURVE ( 'NONE', #938, #492, #411, .T. ) ;
#109 = DIRECTION ( 'NONE',  ( 0.2438078779228280424, 0.7458389580879141167, -0.6199048049992047504 ) ) ;
#110 = DIRECTION ( 'NONE',  ( 0.07317157541021192257, -0.6515180314347925883, -0.7550961364404669141 ) ) ;
#111 = DIRECTION ( 'NONE',  ( 0.9670592738890149143, -0.1387389754671343733, 0.2134194402381871247 ) ) ;
#112 = FACE_OUTER_BOUND ( 'NONE', #860, .T. ) ;
#113 = VERTEX_POINT ( 'NONE', #737 ) ;
#114 = CARTESIAN_POINT ( 'NONE',  ( 716.6245988056198257, 938.7468248405236864, 1344.407974150888322 ) ) ;
#115 = EDGE_CURVE ( 'NONE', #843, #989, #534, .T. ) ;
#116 = ORIENTED_EDGE ( 'NONE', *, *, #344, .T. ) ;
#117 = DIRECTION ( 'NONE',  ( 0.07317157541021192257, -0.6515180314347918111, -0.7550961364404676912 ) ) ;
#118 = VERTEX_POINT ( 'NONE', #1322 ) ;
#119 = ORIENTED_EDGE ( 'NONE', *, *, #841, .F. ) ;
#120 = VECTOR ( 'NONE', #584, 1000.000000000000114 ) ;
#121 = VECTOR ( 'NONE', #794, 1000.000000000000114 ) ;
#122 = DIRECTION ( 'NONE',  ( 0.07317157541021399036, -0.6515180314347943646, -0.7550961364404653597 ) ) ;
#123 = EDGE_CURVE ( 'NONE', #1306, #883, #629, .T. ) ;
#124 = ORIENTED_EDGE ( 'NONE', *, *, #875, .T. ) ;
#125 = ADVANCED_FACE ( 'NONE', ( #1448 ), #185, .T. ) ;
#126 = CARTESIAN_POINT ( 'NONE',  ( 713.4969486316583698, 942.4697593384095171, 1340.892641575758262 ) ) ;
#127 = DIRECTION ( 'NONE',  ( -0.03345502309866058704, 0.7550961364404652487, -0.6547599454472992075 ) ) ;
#128 = DIRECTION ( 'NONE',  ( 0.07317157541021192257, -0.6515180314347918111, -0.7550961364404676912 ) ) ;
#129 = ORIENTED_EDGE ( 'NONE', *, *, #1450, .F. ) ;
#130 = DIRECTION ( 'NONE',  ( -0.5212750289935844661, 0.6204890829809657227, -0.5858887625216735451 ) ) ;
#131 = ORIENTED_EDGE ( 'NONE', *, *, #274, .T. ) ;
#132 = ORIENTED_EDGE ( 'NONE', *, *, #835, .T. ) ;
#133 = DIRECTION ( 'NONE',  ( 0.07317157541021192257, -0.6515180314347918111, -0.7550961364404676912 ) ) ;
#134 = DIRECTION ( 'NONE',  ( 0.5212750289935844661, -0.6204890829809657227, 0.5858887625216735451 ) ) ;
#135 = CARTESIAN_POINT ( 'NONE',  ( 716.9616712835547787, 935.7455392177417934, 1340.929545206832699 ) ) ;
#136 = EDGE_CURVE ( 'NONE', #1280, #760, #290, .T. ) ;
#137 = LINE ( 'NONE', #707, #1043 ) ;
#138 = DIRECTION ( 'NONE',  ( 0.5212750289935844661, -0.6204890829809657227, 0.5858887625216735451 ) ) ;
#139 = FACE_OUTER_BOUND ( 'NONE', #723, .T. ) ;
#140 = ORIENTED_EDGE ( 'NONE', *, *, #1380, .F. ) ;
#141 = LINE ( 'NONE', #704, #573 ) ;
#142 = CARTESIAN_POINT ( 'NONE',  ( 717.9353449302965373, 929.8192516318561047, 1324.881692544279531 ) ) ;
#143 = CARTESIAN_POINT ( 'NONE',  ( 716.6245988056198257, 938.7468248405236864, 1344.407974150888322 ) ) ;
#144 = CARTESIAN_POINT ( 'NONE',  ( 720.5509873565599719, 913.8386807061339141, 1318.802499565801782 ) ) ;
#145 = DATE_TIME_ROLE ( 'creation_date' ) ;
#146 = AXIS2_PLACEMENT_3D ( 'NONE', #310, #770, #1246 ) ;
#147 = AXIS2_PLACEMENT_3D ( 'NONE', #615, #1451, #396 ) ;
#148 = ORIENTED_EDGE ( 'NONE', *, *, #680, .T. ) ;
#149 = VECTOR ( 'NONE', #1283, 1000.000000000000000 ) ;
#150 = PLANE ( 'NONE',  #455 ) ;
#151 = DIRECTION ( 'NONE',  ( 0.5212750289935844661, -0.6204890829809657227, 0.5858887625216735451 ) ) ;
#152 = CARTESIAN_POINT ( 'NONE',  ( 716.4238686670278184, 943.2774016591664576, 1340.479414478204717 ) ) ;
#153 = ORIENTED_EDGE ( 'NONE', *, *, #933, .F. ) ;
#154 = DIRECTION ( 'NONE',  ( 0.000000000000000000, 0.7571257123220679341, -0.6532692061782809922 ) ) ;
#155 = EDGE_CURVE ( 'NONE', #1315, #876, #1325, .T. ) ;
#156 = ORIENTED_EDGE ( 'NONE', *, *, #715, .F. ) ;
#157 = CARTESIAN_POINT ( 'NONE',  ( 722.3425950122497170, 923.6274174422497936, 1326.678254582460795 ) ) ;
#158 = CARTESIAN_POINT ( 'NONE',  ( 719.8441481236691288, 910.0800314573928063, 1311.183744147507923 ) ) ;
#159 = LINE ( 'NONE', #613, #950 ) ;
#160 = DIRECTION ( 'NONE',  ( 0.000000000000000000, 0.7571257123220704877, -0.6532692061782778836 ) ) ;
#161 = ADVANCED_FACE ( 'NONE', ( #1455 ), #879, .F. ) ;
#162 = ORIENTED_EDGE ( 'NONE', *, *, #1394, .T. ) ;
#163 = ORIENTED_EDGE ( 'NONE', *, *, #1188, .T. ) ;
#164 = DIRECTION ( 'NONE',  ( 0.03345502309866865004, -0.7550961364404729093, 0.6547599454472901037 ) ) ;
#165 = CARTESIAN_POINT ( 'NONE',  ( -102.0991107521249859, 1027.255295171493799, 1130.432348780818302 ) ) ;
#166 = SHAPE_DEFINITION_REPRESENTATION ( #775, #1409 ) ;
#167 = AXIS2_PLACEMENT_3D ( 'NONE', #829, #838, #1311 ) ;
#168 = DIRECTION ( 'NONE',  ( -0.03345502309866865004, 0.7550961364404729093, -0.6547599454472901037 ) ) ;
#169 = CIRCLE ( 'NONE', #409, 4.000000000000000000 ) ;
#170 = VECTOR ( 'NONE', #1107, 1000.000000000000000 ) ;
#171 = AXIS2_PLACEMENT_3D ( 'NONE', #931, #269, #1158 ) ;
#172 = ORIENTED_EDGE ( 'NONE', *, *, #900, .F. ) ;
#173 = ADVANCED_FACE ( 'NONE', ( #1114 ), #856, .T. ) ;
#174 = CIRCLE ( 'NONE', #1019, 5.999999999999914735 ) ;
#175 = DIRECTION ( 'NONE',  ( -0.1030193530950540420, -0.7580132069704451636, 0.6440520095040909165 ) ) ;
#176 = ORIENTED_EDGE ( 'NONE', *, *, #22, .T. ) ;
#177 = FACE_OUTER_BOUND ( 'NONE', #1084, .T. ) ;
#178 = ORIENTED_EDGE ( 'NONE', *, *, #703, .T. ) ;
#179 = FACE_OUTER_BOUND ( 'NONE', #1373, .T. ) ;
#180 = DIRECTION ( 'NONE',  ( -0.07317157541021192257, 0.6515180314347918111, 0.7550961364404676912 ) ) ;
#181 = ADVANCED_FACE ( 'NONE', ( #521 ), #1094, .T. ) ;
#182 = CARTESIAN_POINT ( 'NONE',  ( 716.6245988056198257, 938.7468248405236864, 1344.407974150888322 ) ) ;
#183 = ORIENTED_EDGE ( 'NONE', *, *, #556, .T. ) ;
#184 = ORIENTED_EDGE ( 'NONE', *, *, #884, .F. ) ;
#185 = CYLINDRICAL_SURFACE ( 'NONE', #580, 5.999999999999914735 ) ;
#186 = CARTESIAN_POINT ( 'NONE',  ( 718.1360750688887720, 925.2886748132134471, 1328.810252216963136 ) ) ;
#187 = CARTESIAN_POINT ( 'NONE',  ( -102.3917970537658277, 1029.861367297233073, 1133.452733326580301 ) ) ;
#188 = ORIENTED_EDGE ( 'NONE', *, *, #108, .T. ) ;
#189 = VECTOR ( 'NONE', #1291, 1000.000000000000000 ) ;
#190 = EDGE_LOOP ( 'NONE', ( #252, #124, #257, #188 ) ) ;
#191 = VECTOR ( 'NONE', #678, 1000.000000000000000 ) ;
#192 = VECTOR ( 'NONE', #1232, 1000.000000000000000 ) ;
#193 = VECTOR ( 'NONE', #296, 1000.000000000000114 ) ;
#194 = CARTESIAN_POINT ( 'NONE',  ( 719.9760504072387448, 924.9893038865961898, 1333.683379324125326 ) ) ;
#195 = FACE_OUTER_BOUND ( 'NONE', #1235, .T. ) ;
#196 = EDGE_CURVE ( 'NONE', #275, #683, #647, .T. ) ;
#197 = ORIENTED_EDGE ( 'NONE', *, *, #556, .F. ) ;
#198 = CARTESIAN_POINT ( 'NONE',  ( 718.7096989215941676, 936.2648685085998750, 1346.751529200975028 ) ) ;
#199 = DIRECTION ( 'NONE',  ( 0.5212750289935844661, -0.6204890829809657227, 0.5858887625216735451 ) ) ;
#200 = CARTESIAN_POINT ( 'NONE',  ( 717.2067960611789204, 933.5629538124351257, 1338.399973149757216 ) ) ;
#201 = EDGE_CURVE ( 'NONE', #1009, #101, #1236, .T. ) ;
#202 = ADVANCED_FACE ( 'NONE', ( #518 ), #399, .T. ) ;
#203 = ORIENTED_EDGE ( 'NONE', *, *, #1155, .F. ) ;
#204 = FACE_OUTER_BOUND ( 'NONE', #21, .T. ) ;
#205 = CARTESIAN_POINT ( 'NONE',  ( 719.2477997840759372, 915.3899034135863531, 1317.337777659497760 ) ) ;
#206 = VERTEX_POINT ( 'NONE', #77 ) ;
#207 = CIRCLE ( 'NONE', #549, 5.999999999999983125 ) ;
#208 = VECTOR ( 'NONE', #561, 1000.000000000000114 ) ;
#209 = CARTESIAN_POINT ( 'NONE',  ( 719.8441481236691288, 910.0800314573928063, 1311.183744147507923 ) ) ;
#210 = LINE ( 'NONE', #669, #121 ) ;
#211 = ORIENTED_EDGE ( 'NONE', *, *, #765, .F. ) ;
#212 = EDGE_CURVE ( 'NONE', #1099, #68, #862, .T. ) ;
#213 = VECTOR ( 'NONE', #1181, 1000.000000000000114 ) ;
#214 = PLANE ( 'NONE',  #98 ) ;
#215 = CIRCLE ( 'NONE', #146, 5.999999999999985789 ) ;
#216 = DIRECTION ( 'NONE',  ( 0.03345502309866865004, -0.7550961364404729093, 0.6547599454472901037 ) ) ;
#217 = DIRECTION ( 'NONE',  ( -0.07317157541021195033, 0.6515180314347930324, 0.7550961364404666920 ) ) ;
#218 = ORIENTED_EDGE ( 'NONE', *, *, #639, .F. ) ;
#219 = ADVANCED_FACE ( 'NONE', ( #179 ), #1226, .F. ) ;
#220 = DIRECTION ( 'NONE',  ( 0.07317157541021192257, -0.6515180314347918111, -0.7550961364404676912 ) ) ;
#221 = CARTESIAN_POINT ( 'NONE',  ( 719.8698067312856210, 933.9771588141604752, 1346.710166191284088 ) ) ;
#222 = CARTESIAN_POINT ( 'NONE',  ( 717.8909502912646303, 927.4712602185200012, 1331.339824274038847 ) ) ;
#223 = FACE_OUTER_BOUND ( 'NONE', #1312, .T. ) ;
#224 = EDGE_LOOP ( 'NONE', ( #816, #70, #211, #609 ) ) ;
#225 = CARTESIAN_POINT ( 'NONE',  ( 718.3555897951192719, 923.3341207189089346, 1326.544963807641807 ) ) ;
#226 = DIRECTION ( 'NONE',  ( 0.07317157541021192257, -0.6515180314347925883, -0.7550961364404669141 ) ) ;
#227 = ORIENTED_EDGE ( 'NONE', *, *, #354, .T. ) ;
#228 = ORIENTED_EDGE ( 'NONE', *, *, #22, .F. ) ;
#229 = CC_DESIGN_DATE_AND_TIME_ASSIGNMENT ( #498, #145, ( #1012 ) ) ;
#230 = LINE ( 'NONE', #1406, #189 ) ;
#231 = DIRECTION ( 'NONE',  ( 0.07317157541021192257, -0.6515180314347918111, -0.7550961364404676912 ) ) ;
#232 = ADVANCED_FACE ( 'NONE', ( #204 ), #761, .F. ) ;
#233 = FACE_OUTER_BOUND ( 'NONE', #1273, .T. ) ;
#234 = CARTESIAN_POINT ( 'NONE',  ( 716.4238686670278184, 943.2774016591664576, 1340.479414478204717 ) ) ;
#235 = VERTEX_POINT ( 'NONE', #1127 ) ;
#236 = ORIENTED_EDGE ( 'NONE', *, *, #88, .T. ) ;
#237 = VECTOR ( 'NONE', #473, 1000.000000000000114 ) ;
#238 = CIRCLE ( 'NONE', #665, 2.500000000000074607 ) ;
#239 = AXIS2_PLACEMENT_3D ( 'NONE', #1456, #400, #291 ) ;
#240 = EDGE_CURVE ( 'NONE', #118, #1139, #539, .T. ) ;
#241 = VERTEX_POINT ( 'NONE', #1021 ) ;
#242 = CARTESIAN_POINT ( 'NONE',  ( 719.8441481236691288, 910.0800314573928063, 1311.183744147507923 ) ) ;
#243 = DIRECTION ( 'NONE',  ( -0.03345502309867742774, 0.7550961364404806808, -0.6547599454472807778 ) ) ;
#244 = ORIENTED_EDGE ( 'NONE', *, *, #212, .T. ) ;
#245 = CARTESIAN_POINT ( 'NONE',  ( 719.7522489795815090, 935.0238903426379693, 1347.923306726018382 ) ) ;
#246 = CARTESIAN_POINT ( 'NONE',  ( 716.6245988056199394, 938.7468248405236864, 1344.407974150888322 ) ) ;
#247 = ORIENTED_EDGE ( 'NONE', *, *, #401, .T. ) ;
#248 = EDGE_CURVE ( 'NONE', #508, #943, #416, .T. ) ;
#249 = DIRECTION ( 'NONE',  ( -0.03345502309867742774, 0.7550961364404806808, -0.6547599454472807778 ) ) ;
#250 = CYLINDRICAL_SURFACE ( 'NONE', #305, 4.000000000000000000 ) ;
#251 = CARTESIAN_POINT ( 'NONE',  ( 716.7421565573240514, 937.7000933120460786, 1343.194833616154028 ) ) ;
#252 = ORIENTED_EDGE ( 'NONE', *, *, #1153, .F. ) ;
#253 = CALENDAR_DATE ( 2026, 26, 4 ) ;
#254 = ORIENTED_EDGE ( 'NONE', *, *, #520, .T. ) ;
#255 = CARTESIAN_POINT ( 'NONE',  ( 717.8909502912644029, 927.4712602185198875, 1331.339824274038847 ) ) ;
#256 = DIRECTION ( 'NONE',  ( 0.5212750289935844661, -0.6204890829809657227, 0.5858887625216735451 ) ) ;
#257 = ORIENTED_EDGE ( 'NONE', *, *, #1354, .F. ) ;
#258 = VERTEX_POINT ( 'NONE', #194 ) ;
#259 = LINE ( 'NONE', #222, #149 ) ;
#260 = ADVANCED_FACE ( 'NONE', ( #1132 ), #1010, .T. ) ;
#261 = COORDINATED_UNIVERSAL_TIME_OFFSET ( 5, 0, .BEHIND. ) ;
#262 = AXIS2_PLACEMENT_3D ( 'NONE', #1408, #1429, #349 ) ;
#263 = CIRCLE ( 'NONE', #76, 5.999999999999979572 ) ;
#264 = CIRCLE ( 'NONE', #513, 4.000000000000000000 ) ;
#265 = PLANE ( 'NONE',  #512 ) ;
#266 = ORIENTED_EDGE ( 'NONE', *, *, #489, .T. ) ;
#267 = LINE ( 'NONE', #1050, #1341 ) ;
#268 = ORIENTED_EDGE ( 'NONE', *, *, #935, .F. ) ;
#269 = DIRECTION ( 'NONE',  ( 0.07317157541021192257, -0.6515180314347918111, -0.7550961364404676912 ) ) ;
#270 = ORIENTED_EDGE ( 'NONE', *, *, #329, .T. ) ;
#271 = DIRECTION ( 'NONE',  ( 0.5212750289935844661, -0.6204890829809657227, 0.5858887625216735451 ) ) ;
#272 = CARTESIAN_POINT ( 'NONE',  ( 717.8909502912646303, 927.4712602185200012, 1331.339824274038847 ) ) ;
#273 = CALENDAR_DATE ( 2026, 26, 4 ) ;
#274 = EDGE_CURVE ( 'NONE', #101, #1075, #1393, .T. ) ;
#275 = VERTEX_POINT ( 'NONE', #430 ) ;
#276 = ORIENTED_EDGE ( 'NONE', *, *, #1119, .T. ) ;
#277 = ORIENTED_EDGE ( 'NONE', *, *, #531, .F. ) ;
#278 = CARTESIAN_POINT ( 'NONE',  ( 717.6714355650337893, 929.4258143128241727, 1333.605112683360176 ) ) ;
#279 = DIRECTION ( 'NONE',  ( 0.9670592738890185780, -0.1387389754671209952, 0.2134194402381793532 ) ) ;
#280 = ORIENTED_EDGE ( 'NONE', *, *, #806, .T. ) ;
#281 = DIRECTION ( 'NONE',  ( 0.07317157541021192257, -0.6515180314347918111, -0.7550961364404675802 ) ) ;
#282 = VERTEX_POINT ( 'NONE', #1122 ) ;
#283 = EDGE_CURVE ( 'NONE', #113, #1335, #1346, .T. ) ;
#284 = VERTEX_POINT ( 'NONE', #897 ) ;
#285 = CARTESIAN_POINT ( 'NONE',  ( 716.6245988056198257, 938.7468248405236864, 1344.407974150888322 ) ) ;
#286 = LINE ( 'NONE', #992, #193 ) ;
#287 = VECTOR ( 'NONE', #80, 1000.000000000000114 ) ;
#288 = ADVANCED_FACE ( 'NONE', ( #912 ), #438, .T. ) ;
#289 = ORIENTED_EDGE ( 'NONE', *, *, #757, .T. ) ;
#290 = LINE ( 'NONE', #405, #79 ) ;
#291 = DIRECTION ( 'NONE',  ( 0.6142889209272511808, 0.6259007566954032376, -0.4805178086129117676 ) ) ;
#292 = AXIS2_PLACEMENT_3D ( 'NONE', #1374, #104, #1495 ) ;
#293 = CARTESIAN_POINT ( 'NONE',  ( 716.7421565573240514, 937.7000933120460786, 1343.194833616154028 ) ) ;
#294 = ORIENTED_EDGE ( 'NONE', *, *, #297, .T. ) ;
#295 = DIRECTION ( 'NONE',  ( 0.07317157541021192257, -0.6515180314347918111, -0.7550961364404676912 ) ) ;
#296 = DIRECTION ( 'NONE',  ( 0.07317157541021192257, -0.6515180314347918111, -0.7550961364404675802 ) ) ;
#297 = EDGE_CURVE ( 'NONE', #515, #235, #81, .T. ) ;
#298 = ORIENTED_EDGE ( 'NONE', *, *, #1004, .T. ) ;
#299 = VERTEX_POINT ( 'NONE', #316 ) ;
#300 = CARTESIAN_POINT ( 'NONE',  ( 716.6245988056198257, 938.7468248405236864, 1344.407974150888322 ) ) ;
#301 = DIRECTION ( 'NONE',  ( 0.000000000000000000, -0.7571257123220939134, 0.6532692061782507942 ) ) ;
#302 = EDGE_CURVE ( 'NONE', #282, #1468, #1071, .T. ) ;
#303 = ORIENTED_EDGE ( 'NONE', *, *, #1450, .T. ) ;
#304 = DIRECTION ( 'NONE',  ( 0.07317157541021192257, -0.6515180314347918111, -0.7550961364404676912 ) ) ;
#305 = AXIS2_PLACEMENT_3D ( 'NONE', #1410, #721, #575 ) ;
#306 = ORIENTED_EDGE ( 'NONE', *, *, #1490, .T. ) ;
#307 = VECTOR ( 'NONE', #226, 1000.000000000000114 ) ;
#308 = AXIS2_PLACEMENT_3D ( 'NONE', #1237, #180, #1449 ) ;
#309 = AXIS2_PLACEMENT_3D ( 'NONE', #832, #717, #1413 ) ;
#310 = CARTESIAN_POINT ( 'NONE',  ( 718.1360750688885446, 925.2886748132133334, 1328.810252216963136 ) ) ;
#311 = DIRECTION ( 'NONE',  ( -0.07317157541021192257, 0.6515180314347918111, 0.7550961364404675802 ) ) ;
#312 = EDGE_CURVE ( 'NONE', #659, #1225, #925, .T. ) ;
#313 = AXIS2_PLACEMENT_3D ( 'NONE', #65, #53, #392 ) ;
#314 = DIRECTION ( 'NONE',  ( 0.07317157541021192257, -0.6515180314347918111, -0.7550961364404676912 ) ) ;
#315 = ORIENTED_EDGE ( 'NONE', *, *, #1457, .T. ) ;
#316 = CARTESIAN_POINT ( 'NONE',  ( 719.1925963688607908, 914.5420089443315419, 1312.568026350262699 ) ) ;
#317 = LINE ( 'NONE', #459, #208 ) ;
#318 = MECHANICAL_CONTEXT ( 'NONE', #940, 'mechanical' ) ;
#319 = FACE_OUTER_BOUND ( 'NONE', #324, .T. ) ;
#320 = EDGE_CURVE ( 'NONE', #1198, #1206, #1369, .T. ) ;
#321 = ORIENTED_EDGE ( 'NONE', *, *, #88, .F. ) ;
#322 = CARTESIAN_POINT ( 'NONE',  ( 716.6245988056198257, 938.7468248405236864, 1344.407974150888322 ) ) ;
#323 = DIRECTION ( 'NONE',  ( 0.07317157541021192257, -0.6515180314347925883, -0.7550961364404669141 ) ) ;
#324 = EDGE_LOOP ( 'NONE', ( #266, #969, #1234, #1288, #1073, #1384, #801, #1152, #688, #1395, #1407, #1474, #315, #46, #360, #923, #1056, #60, #797, #1402, #183, #1502, #444, #1348, #404, #1215, #742, #1049, #1042, #525, #1003, #1182, #626, #1105, #289, #1027, #34, #1192, #1309, #517, #1314, #244, #617, #928 ) ) ;
#325 = PERSON_AND_ORGANIZATION ( #499, #431 ) ;
#326 = CARTESIAN_POINT ( 'NONE',  ( 718.3555897951192719, 923.3341207189089346, 1326.544963807641807 ) ) ;
#327 = VERTEX_POINT ( 'NONE', #645 ) ;
#328 = VECTOR ( 'NONE', #338, 1000.000000000000114 ) ;
#329 = EDGE_CURVE ( 'NONE', #496, #827, #955, .T. ) ;
#330 = VECTOR ( 'NONE', #1026, 1000.000000000000114 ) ;
#331 = DIRECTION ( 'NONE',  ( -0.07317157541021192257, 0.6515180314347918111, 0.7550961364404676912 ) ) ;
#332 = LINE ( 'NONE', #1011, #1040 ) ;
#333 = ORIENTED_EDGE ( 'NONE', *, *, #196, .F. ) ;
#334 = CC_DESIGN_APPROVAL ( #1434, ( #33 ) ) ;
#335 = ORIENTED_EDGE ( 'NONE', *, *, #372, .T. ) ;
#336 = DIRECTION ( 'NONE',  ( 0.07317157541021192257, -0.6515180314347918111, -0.7550961364404675802 ) ) ;
#337 = ORIENTED_EDGE ( 'NONE', *, *, #1175, .F. ) ;
#338 = DIRECTION ( 'NONE',  ( 0.07317157541021192257, -0.6515180314347918111, -0.7550961364404675802 ) ) ;
#339 = VECTOR ( 'NONE', #1086, 1000.000000000000114 ) ;
#340 = ORIENTED_EDGE ( 'NONE', *, *, #212, .F. ) ;
#341 = DIRECTION ( 'NONE',  ( 0.07317157541021192257, -0.6515180314347918111, -0.7550961364404676912 ) ) ;
#342 = LINE ( 'NONE', #803, #307 ) ;
#343 = ORIENTED_EDGE ( 'NONE', *, *, #1211, .T. ) ;
#344 = EDGE_CURVE ( 'NONE', #562, #282, #677, .T. ) ;
#345 = CYLINDRICAL_SURFACE ( 'NONE', #1418, 4.000000000000000000 ) ;
#346 = LINE ( 'NONE', #937, #873 ) ;
#347 = CARTESIAN_POINT ( 'NONE',  ( 716.6245988056198257, 938.7468248405236864, 1344.407974150888322 ) ) ;
#348 = ORIENTED_EDGE ( 'NONE', *, *, #884, .T. ) ;
#349 = DIRECTION ( 'NONE',  ( -0.03345502309867742774, 0.7550961364404806808, -0.6547599454472807778 ) ) ;
#350 = DIRECTION ( 'NONE',  ( -0.1030193536038691848, -0.7580132069547166340, 0.6440520094412149898 ) ) ;
#351 = VERTEX_POINT ( 'NONE', #1150 ) ;
#352 = VERTEX_POINT ( 'NONE', #566 ) ;
#353 = CYLINDRICAL_SURFACE ( 'NONE', #871, 5.219644854552490720 ) ;
#354 = EDGE_CURVE ( 'NONE', #1062, #496, #799, .T. ) ;
#355 = ORIENTED_EDGE ( 'NONE', *, *, #1364, .F. ) ;
#356 = DIRECTION ( 'NONE',  ( 0.07317157541021192257, -0.6515180314347918111, -0.7550961364404676912 ) ) ;
#357 = CARTESIAN_POINT ( 'NONE',  ( 717.0060659225869131, 938.0935306310778969, 1334.471413477073384 ) ) ;
#358 = CARTESIAN_POINT ( 'NONE',  ( 714.5437853910723334, 933.1487488107101171, 1330.089780108230116 ) ) ;
#359 = AXIS2_PLACEMENT_3D ( 'NONE', #347, #314, #435 ) ;
#360 = ORIENTED_EDGE ( 'NONE', *, *, #1294, .T. ) ;
#361 = CIRCLE ( 'NONE', #1417, 5.219644854552490720 ) ;
#362 = VECTOR ( 'NONE', #336, 1000.000000000000114 ) ;
#363 = AXIS2_PLACEMENT_3D ( 'NONE', #1169, #128, #20 ) ;
#364 = COORDINATED_UNIVERSAL_TIME_OFFSET ( 5, 0, .BEHIND. ) ;
#365 = ORIENTED_EDGE ( 'NONE', *, *, #453, .F. ) ;
#366 = CARTESIAN_POINT ( 'NONE',  ( 716.4907787132250405, 941.7672093862855718, 1341.788934369099252 ) ) ;
#367 = CARTESIAN_POINT ( 'NONE',  ( 708.8117020881111330, 879.2841115844757951, 1336.686239400038630 ) ) ;
#368 = LINE ( 'NONE', #958, #59 ) ;
#369 = ORIENTED_EDGE ( 'NONE', *, *, #703, .F. ) ;
#370 = VERTEX_POINT ( 'NONE', #1357 ) ;
#371 = ORIENTED_EDGE ( 'NONE', *, *, #1277, .T. ) ;
#372 = EDGE_CURVE ( 'NONE', #376, #29, #215, .T. ) ;
#373 = DIRECTION ( 'NONE',  ( -0.1030193520774420057, -0.7580132070019007795, 0.6440520096298415487 ) ) ;
#374 = FACE_OUTER_BOUND ( 'NONE', #1020, .T. ) ;
#375 = ORIENTED_EDGE ( 'NONE', *, *, #1214, .T. ) ;
#376 = VERTEX_POINT ( 'NONE', #142 ) ;
#377 = CARTESIAN_POINT ( 'NONE',  ( 722.0187989676035158, 913.0767976863304511, 1314.106120898729387 ) ) ;
#378 = ORIENTED_EDGE ( 'NONE', *, *, #97, .F. ) ;
#379 = DIRECTION ( 'NONE',  ( -0.07317157541021192257, 0.6515180314347918111, 0.7550961364404675802 ) ) ;
#380 = LINE ( 'NONE', #12, #1243 ) ;
#381 = ORIENTED_EDGE ( 'NONE', *, *, #391, .T. ) ;
#382 = EDGE_CURVE ( 'NONE', #441, #643, #970, .T. ) ;
#383 = DIRECTION ( 'NONE',  ( -0.07317157541021192257, 0.6515180314347918111, 0.7550961364404675802 ) ) ;
#384 = CARTESIAN_POINT ( 'NONE',  ( 708.5190157864703906, 881.8901837102149557, 1339.706623945800629 ) ) ;
#385 = DATE_AND_TIME ( #1300, #1447 ) ;
#386 = CIRCLE ( 'NONE', #262, 4.000000000000000000 ) ;
#387 = AXIS2_PLACEMENT_3D ( 'NONE', #1128, #567, #905 ) ;
#388 = ORIENTED_EDGE ( 'NONE', *, *, #1211, .F. ) ;
#389 = CARTESIAN_POINT ( 'NONE',  ( 717.4707054264417820, 933.9563911314669440, 1329.676553010676344 ) ) ;
#390 = EDGE_LOOP ( 'NONE', ( #804, #1229, #162, #440 ) ) ;
#391 = EDGE_CURVE ( 'NONE', #1208, #542, #207, .T. ) ;
#392 = DIRECTION ( 'NONE',  ( 0.03345502309866537488, -0.7550961364404676912, 0.6547599454472963210 ) ) ;
#393 = LINE ( 'NONE', #165, #1361 ) ;
#394 = PERSON_AND_ORGANIZATION_ROLE ( 'creator' ) ;
#395 = EDGE_CURVE ( 'NONE', #843, #1208, #1135, .T. ) ;
#396 = DIRECTION ( 'NONE',  ( -0.03345502309867742774, 0.7550961364404806808, -0.6547599454472807778 ) ) ;
#397 = ORIENTED_EDGE ( 'NONE', *, *, #1419, .F. ) ;
#398 = ORIENTED_EDGE ( 'NONE', *, *, #1461, .F. ) ;
#399 = CYLINDRICAL_SURFACE ( 'NONE', #433, 5.999999999999914735 ) ;
#400 = DIRECTION ( 'NONE',  ( -0.07317157541021182543, 0.6515180314347918111, 0.7550961364404675802 ) ) ;
#401 = EDGE_CURVE ( 'NONE', #460, #603, #618, .T. ) ;
#402 = DIRECTION ( 'NONE',  ( 0.07317157541021192257, -0.6515180314347918111, -0.7550961364404675802 ) ) ;
#403 = EDGE_LOOP ( 'NONE', ( #1160, #1284, #378, #163 ) ) ;
#404 = ORIENTED_EDGE ( 'NONE', *, *, #477, .T. ) ;
#405 = CARTESIAN_POINT ( 'NONE',  ( 717.2067960611791477, 933.5629538124352393, 1338.399973149757216 ) ) ;
#406 = DIRECTION ( 'NONE',  ( 0.07317157541021192257, -0.6515180314347918111, -0.7550961364404676912 ) ) ;
#407 = VECTOR ( 'NONE', #256, 1000.000000000000000 ) ;
#408 = FACE_OUTER_BOUND ( 'NONE', #855, .T. ) ;
#409 = AXIS2_PLACEMENT_3D ( 'NONE', #635, #1080, #864 ) ;
#410 = CIRCLE ( 'NONE', #768, 5.999999999999914735 ) ;
#411 = LINE ( 'NONE', #985, #339 ) ;
#412 = DIRECTION ( 'NONE',  ( 0.03345502309866537488, -0.7550961364404676912, 0.6547599454472963210 ) ) ;
#413 = VECTOR ( 'NONE', #560, 1000.000000000000000 ) ;
#414 = ORIENTED_EDGE ( 'NONE', *, *, #796, .T. ) ;
#415 = ADVANCED_FACE ( 'NONE', ( #712 ), #250, .T. ) ;
#416 = LINE ( 'NONE', #198, #493 ) ;
#417 = LINE ( 'NONE', #186, #530 ) ;
#418 = LINE ( 'NONE', #1355, #330 ) ;
#419 = ORIENTED_EDGE ( 'NONE', *, *, #395, .T. ) ;
#420 = ORIENTED_EDGE ( 'NONE', *, *, #933, .T. ) ;
#421 = DIRECTION ( 'NONE',  ( 0.07317157541021192257, -0.6515180314347918111, -0.7550961364404676912 ) ) ;
#422 = CARTESIAN_POINT ( 'NONE',  ( 713.4969486316583698, 942.4697593384095171, 1340.892641575758262 ) ) ;
#423 = EDGE_CURVE ( 'NONE', #113, #876, #705, .T. ) ;
#424 = DIRECTION ( 'NONE',  ( 0.07317157541021192257, -0.6515180314347918111, -0.7550961364404676912 ) ) ;
#425 = APPLICATION_CONTEXT ( 'configuration controlled 3d designs of mechanical parts and assemblies' ) ;
#426 = AXIS2_PLACEMENT_3D ( 'NONE', #1167, #593, #949 ) ;
#427 = ORIENTED_EDGE ( 'NONE', *, *, #240, .F. ) ;
#428 = VECTOR ( 'NONE', #311, 1000.000000000000114 ) ;
#429 = LOCAL_TIME ( 23, 58, 38.00000000000000000, #261 ) ;
#430 = CARTESIAN_POINT ( 'NONE',  ( 722.9717982976308122, 906.3570969595072029, 1314.699076722637756 ) ) ;
#431 = ORGANIZATION ( 'UNSPECIFIED', 'UNSPECIFIED', '' ) ;
#432 = CARTESIAN_POINT ( 'NONE',  ( 719.8441481236691288, 910.0800314573928063, 1311.183744147507923 ) ) ;
#433 = AXIS2_PLACEMENT_3D ( 'NONE', #636, #71, #751 ) ;
#434 = ADVANCED_FACE ( 'NONE', ( #374 ), #1184, .T. ) ;
#435 = DIRECTION ( 'NONE',  ( -0.03345502309867742774, 0.7550961364404806808, -0.6547599454472807778 ) ) ;
#436 = ORIENTED_EDGE ( 'NONE', *, *, #1354, .T. ) ;
#437 = DIRECTION ( 'NONE',  ( -0.03345502309867742774, 0.7550961364404806808, -0.6547599454472807778 ) ) ;
#438 = CYLINDRICAL_SURFACE ( 'NONE', #673, 5.999999999999914735 ) ;
#439 = CARTESIAN_POINT ( 'NONE',  ( 722.3114852692443719, 910.4707255605912906, 1311.085736352967615 ) ) ;
#440 = ORIENTED_EDGE ( 'NONE', *, *, #1214, .F. ) ;
#441 = VERTEX_POINT ( 'NONE', #589 ) ;
#442 = CARTESIAN_POINT ( 'NONE',  ( 716.8278511911599935, 938.7659237635035652, 1338.310505425043402 ) ) ;
#443 = EDGE_CURVE ( 'NONE', #43, #1315, #1391, .T. ) ;
#444 = ORIENTED_EDGE ( 'NONE', *, *, #1244, .T. ) ;
#445 = DIRECTION ( 'NONE',  ( 0.07317157541021193645, -0.6515180314347918111, -0.7550961364404675802 ) ) ;
#446 = CARTESIAN_POINT ( 'NONE',  ( 710.6562837493343068, 879.0194790260036370, 1337.093318465656694 ) ) ;
#447 = DIRECTION ( 'NONE',  ( -0.03345502309866058704, 0.7550961364404652487, -0.6547599454472992075 ) ) ;
#448 = ORIENTED_EDGE ( 'NONE', *, *, #23, .F. ) ;
#449 = DIRECTION ( 'NONE',  ( 1.000000000000000000, 0.000000000000000000, 0.000000000000000000 ) ) ;
#450 = CARTESIAN_POINT ( 'NONE',  ( 717.8909502912644029, 927.4712602185198875, 1331.339824274038847 ) ) ;
#451 = DIRECTION ( 'NONE',  ( 0.07317157541021192257, -0.6515180314347918111, -0.7550961364404676912 ) ) ;
#452 = DIRECTION ( 'NONE',  ( -0.8502460024603027966, -0.4364831641847993771, 0.2942179169994584842 ) ) ;
#453 = EDGE_CURVE ( 'NONE', #1262, #1299, #597, .T. ) ;
#454 = ORIENTED_EDGE ( 'NONE', *, *, #123, .F. ) ;
#455 = AXIS2_PLACEMENT_3D ( 'NONE', #1074, #583, #26 ) ;
#456 = CARTESIAN_POINT ( 'NONE',  ( 718.1360750688885446, 925.2886748132133334, 1328.810252216963136 ) ) ;
#457 = CIRCLE ( 'NONE', #387, 4.000000000000000000 ) ;
#458 = DIRECTION ( 'NONE',  ( -0.5212750289935844661, 0.6204890829809657227, -0.5858887625216735451 ) ) ;
#459 = CARTESIAN_POINT ( 'NONE',  ( 721.0371780300869204, 914.2773763858685925, 1312.975105415873031 ) ) ;
#460 = VERTEX_POINT ( 'NONE', #1045 ) ;
#461 = ORIENTED_EDGE ( 'NONE', *, *, #946, .T. ) ;
#462 = APPROVAL_PERSON_ORGANIZATION ( #55, #1476, #1442 ) ;
#463 = APPROVAL_ROLE ( '' ) ;
#464 = DIRECTION ( 'NONE',  ( -0.1030193536038691848, -0.7580132069547166340, 0.6440520094412149898 ) ) ;
#465 = AXIS2_PLACEMENT_3D ( 'NONE', #868, #619, #1330 ) ;
#466 = EDGE_LOOP ( 'NONE', ( #1475, #475 ) ) ;
#467 = CARTESIAN_POINT ( 'NONE',  ( 717.2924906950147488, 934.6287842638927259, 1333.515644958646590 ) ) ;
#468 = CARTESIAN_POINT ( 'NONE',  ( 725.5125701503110349, 912.5755644656860568, 1314.877158114612939 ) ) ;
#469 = DIRECTION ( 'NONE',  ( 0.03345502309866537488, -0.7550961364404676912, 0.6547599454472963210 ) ) ;
#470 = VERTEX_POINT ( 'NONE', #930 ) ;
#471 = ORIENTED_EDGE ( 'NONE', *, *, #240, .T. ) ;
#472 = ORIENTED_EDGE ( 'NONE', *, *, #391, .F. ) ;
#473 = DIRECTION ( 'NONE',  ( 0.07317157541021192257, -0.6515180314347918111, -0.7550961364404675802 ) ) ;
#474 = LINE ( 'NONE', #1196, #1462 ) ;
#475 = ORIENTED_EDGE ( 'NONE', *, *, #1313, .T. ) ;
#476 = ORIENTED_EDGE ( 'NONE', *, *, #814, .T. ) ;
#477 = EDGE_CURVE ( 'NONE', #84, #542, #1304, .T. ) ;
#478 = CARTESIAN_POINT ( 'NONE',  ( 719.7565356810080175, 926.9438579809003613, 1335.948667733446882 ) ) ;
#479 = PERSON_AND_ORGANIZATION ( #499, #431 ) ;
#480 = VERTEX_POINT ( 'NONE', #357 ) ;
#481 = CARTESIAN_POINT ( 'NONE',  ( 716.9616712835547787, 935.7455392177417934, 1340.929545206832699 ) ) ;
#482 = DIRECTION ( 'NONE',  ( 0.07317157541021192257, -0.6515180314347918111, -0.7550961364404675802 ) ) ;
#483 = ORIENTED_EDGE ( 'NONE', *, *, #835, .F. ) ;
#484 = VECTOR ( 'NONE', #138, 1000.000000000000000 ) ;
#485 = VERTEX_POINT ( 'NONE', #1058 ) ;
#486 = AXIS2_PLACEMENT_3D ( 'NONE', #182, #874, #1228 ) ;
#487 = VECTOR ( 'NONE', #1465, 1000.000000000000114 ) ;
#488 = LINE ( 'NONE', #954, #1482 ) ;
#489 = EDGE_CURVE ( 'NONE', #1170, #206, #474, .T. ) ;
#490 = VECTOR ( 'NONE', #1048, 1000.000000000000114 ) ;
#491 = VECTOR ( 'NONE', #1100, 1000.000000000000000 ) ;
#492 = VERTEX_POINT ( 'NONE', #11 ) ;
#493 = VECTOR ( 'NONE', #1241, 1000.000000000000114 ) ;
#494 = CARTESIAN_POINT ( 'NONE',  ( 719.7522489795815090, 935.0238903426379693, 1347.923306726018382 ) ) ;
#495 = DIRECTION ( 'NONE',  ( -0.2438078779228410597, -0.7458389580879110081, 0.6199048049992033071 ) ) ;
#496 = VERTEX_POINT ( 'NONE', #820 ) ;
#497 = DIRECTION ( 'NONE',  ( 0.5212750289935844661, -0.6204890829809656116, 0.5858887625216736561 ) ) ;
#498 = DATE_AND_TIME ( #253, #429 ) ;
#499 = PERSON ( 'UNSPECIFIED', 'UNSPECIFIED', 'UNSPECIFIED', ('UNSPECIFIED'), ('UNSPECIFIED'), ('UNSPECIFIED') ) ;
#500 = PLANE ( 'NONE',  #1224 ) ;
#501 = EDGE_CURVE ( 'NONE', #1255, #508, #2, .T. ) ;
#502 = VERTEX_POINT ( 'NONE', #921 ) ;
#503 = DIRECTION ( 'NONE',  ( -0.1030193520774420057, -0.7580132070019007795, 0.6440520096298415487 ) ) ;
#504 = FACE_OUTER_BOUND ( 'NONE', #1213, .T. ) ;
#505 = DIRECTION ( 'NONE',  ( 0.03345502309866537488, -0.7550961364404676912, 0.6547599454472963210 ) ) ;
#506 = PERSON_AND_ORGANIZATION ( #499, #431 ) ;
#507 = CARTESIAN_POINT ( 'NONE',  ( 716.6245988056198257, 938.7468248405236864, 1344.407974150888322 ) ) ;
#508 = VERTEX_POINT ( 'NONE', #1278 ) ;
#509 = EDGE_CURVE ( 'NONE', #284, #502, #664, .T. ) ;
#510 = CARTESIAN_POINT ( 'NONE',  ( 719.7522489795815090, 935.0238903426379693, 1347.923306726018382 ) ) ;
#511 = COORDINATED_UNIVERSAL_TIME_OFFSET ( 5, 0, .BEHIND. ) ;
#512 = AXIS2_PLACEMENT_3D ( 'NONE', #748, #64, #881 ) ;
#513 = AXIS2_PLACEMENT_3D ( 'NONE', #251, #713, #595 ) ;
#514 = CYLINDRICAL_SURFACE ( 'NONE', #1015, 4.000000000000000000 ) ;
#515 = VERTEX_POINT ( 'NONE', #468 ) ;
#516 = AXIS2_PLACEMENT_3D ( 'NONE', #285, #991, #1216 ) ;
#517 = ORIENTED_EDGE ( 'NONE', *, *, #732, .F. ) ;
#518 = FACE_OUTER_BOUND ( 'NONE', #1452, .T. ) ;
#519 = LINE ( 'NONE', #1002, #1138 ) ;
#520 = EDGE_CURVE ( 'NONE', #659, #542, #1400, .T. ) ;
#521 = FACE_OUTER_BOUND ( 'NONE', #598, .T. ) ;
#522 = DIRECTION ( 'NONE',  ( 0.07317157541021192257, -0.6515180314347918111, -0.7550961364404676912 ) ) ;
#523 = ORIENTED_EDGE ( 'NONE', *, *, #1146, .F. ) ;
#524 = ORIENTED_EDGE ( 'NONE', *, *, #501, .F. ) ;
#525 = ORIENTED_EDGE ( 'NONE', *, *, #108, .F. ) ;
#526 = CARTESIAN_POINT ( 'NONE',  ( 708.5190157864703906, 881.8901837102149557, 1339.706623945800629 ) ) ;
#527 = AXIS2_PLACEMENT_3D ( 'NONE', #720, #1195, #1303 ) ;
#528 = DIRECTION ( 'NONE',  ( -0.07317157541021192257, 0.6515180314347918111, 0.7550961364404676912 ) ) ;
#529 = AXIS2_PLACEMENT_3D ( 'NONE', #1110, #1103, #49 ) ;
#530 = VECTOR ( 'NONE', #637, 1000.000000000000000 ) ;
#531 = EDGE_CURVE ( 'NONE', #502, #1335, #1286, .T. ) ;
#532 = CC_DESIGN_SECURITY_CLASSIFICATION ( #33, ( #61 ) ) ;
#533 = CLOSED_SHELL ( 'NONE', ( #610, #1109, #1276, #260, #1404, #202, #415, #181, #173, #628, #51, #73, #1202, #891, #1480, #616, #887, #910, #67, #288, #125, #161, #232, #1125, #1250, #836, #1510, #1360, #850, #1238, #971, #434, #1293, #1164, #1469, #1092, #1477, #219, #858, #1025, #726, #750, #602 ) ) ;
#534 = LINE ( 'NONE', #1350, #976 ) ;
#535 = DIRECTION ( 'NONE',  ( 0.07317157541021192257, -0.6515180314347918111, -0.7550961364404675802 ) ) ;
#536 = AXIS2_PLACEMENT_3D ( 'NONE', #1271, #1028, #216 ) ;
#537 = EDGE_CURVE ( 'NONE', #1170, #854, #1051, .T. ) ;
#538 = ORIENTED_EDGE ( 'NONE', *, *, #680, .F. ) ;
#539 = LINE ( 'NONE', #446, #1275 ) ;
#540 = LINE ( 'NONE', #422, #428 ) ;
#541 = MANIFOLD_SOLID_BREP ( 'Cut-Extrude19', #533 ) ;
#542 = VERTEX_POINT ( 'NONE', #221 ) ;
#543 = CARTESIAN_POINT ( 'NONE',  ( 713.4969486316583698, 942.4697593384095171, 1340.892641575758262 ) ) ;
#544 = ORIENTED_EDGE ( 'NONE', *, *, #477, .F. ) ;
#545 = DIRECTION ( 'NONE',  ( 0.07317157541021399036, -0.6515180314347943646, -0.7550961364404653597 ) ) ;
#546 = DIRECTION ( 'NONE',  ( -0.1030193530950540420, -0.7580132069704451636, 0.6440520095040909165 ) ) ;
#547 = EDGE_CURVE ( 'NONE', #843, #241, #689, .T. ) ;
#548 = DIRECTION ( 'NONE',  ( -0.07317157541021399036, 0.6515180314347943646, 0.7550961364404653597 ) ) ;
#549 = AXIS2_PLACEMENT_3D ( 'NONE', #941, #36, #350 ) ;
#550 = LINE ( 'NONE', #102, #789 ) ;
#551 = ORIENTED_EDGE ( 'NONE', *, *, #1282, .T. ) ;
#552 = LOCAL_TIME ( 23, 58, 38.00000000000000000, #511 ) ;
#553 = DIRECTION ( 'NONE',  ( -1.776356839400257028E-13, 0.7571257123220515028, -0.6532692061782998660 ) ) ;
#554 = DIRECTION ( 'NONE',  ( 0.03345502309866537488, -0.7550961364404676912, 0.6547599454472963210 ) ) ;
#555 = PLANE ( 'NONE',  #1488 ) ;
#556 = EDGE_CURVE ( 'NONE', #943, #774, #230, .T. ) ;
#557 = CIRCLE ( 'NONE', #749, 4.000000000000000000 ) ;
#558 = CARTESIAN_POINT ( 'NONE',  ( 719.8441481236691288, 910.0800314573928063, 1311.183744147507923 ) ) ;
#559 = DIRECTION ( 'NONE',  ( 0.03345502309866865004, -0.7550961364404729093, 0.6547599454472901037 ) ) ;
#560 = DIRECTION ( 'NONE',  ( -0.5212750289935844661, 0.6204890829809657227, -0.5858887625216735451 ) ) ;
#561 = DIRECTION ( 'NONE',  ( 0.07317157541021192257, -0.6515180314347925883, -0.7550961364404669141 ) ) ;
#562 = VERTEX_POINT ( 'NONE', #1416 ) ;
#563 = PERSON_AND_ORGANIZATION_ROLE ( 'design_owner' ) ;
#564 = CARTESIAN_POINT ( 'NONE',  ( 716.7164979497076729, 913.8029659552786370, 1307.668411572377863 ) ) ;
#565 = ORIENTED_EDGE ( 'NONE', *, *, #1349, .F. ) ;
#566 = CARTESIAN_POINT ( 'NONE',  ( 721.0186004652260863, 923.7483257206342842, 1334.855156849168679 ) ) ;
#567 = DIRECTION ( 'NONE',  ( 0.07317157541021192257, -0.6515180314347918111, -0.7550961364404676912 ) ) ;
#568 = VERTEX_POINT ( 'NONE', #709 ) ;
#569 = APPLICATION_PROTOCOL_DEFINITION ( 'international standard', 'config_control_design', 1994, #425 ) ;
#570 = CARTESIAN_POINT ( 'NONE',  ( 716.9616712835546650, 935.7455392177416797, 1340.929545206832699 ) ) ;
#571 = EDGE_CURVE ( 'NONE', #989, #938, #1190, .T. ) ;
#572 = ORIENTED_EDGE ( 'NONE', *, *, #1274, .F. ) ;
#573 = VECTOR ( 'NONE', #964, 1000.000000000000114 ) ;
#574 = AXIS2_PLACEMENT_3D ( 'NONE', #205, #3, #447 ) ;
#575 = DIRECTION ( 'NONE',  ( -0.03345502309867742774, 0.7550961364404806808, -0.6547599454472807778 ) ) ;
#576 = ORIENTED_EDGE ( 'NONE', *, *, #401, .F. ) ;
#577 = CIRCLE ( 'NONE', #308, 5.219644854552490720 ) ;
#578 = AXIS2_PLACEMENT_3D ( 'NONE', #821, #706, #845 ) ;
#579 = CARTESIAN_POINT ( 'NONE',  ( 719.1641622263292675, 917.2776437546875741, 1315.700877795879478 ) ) ;
#580 = AXIS2_PLACEMENT_3D ( 'NONE', #848, #295, #1344 ) ;
#581 = EDGE_LOOP ( 'NONE', ( #148, #984, #172, #1329 ) ) ;
#582 = EDGE_CURVE ( 'NONE', #460, #496, #488, .T. ) ;
#583 = DIRECTION ( 'NONE',  ( 0.07317157541021400424, -0.6515180314347942536, -0.7550961364404653597 ) ) ;
#584 = DIRECTION ( 'NONE',  ( 0.07317157541021192257, -0.6515180314347918111, -0.7550961364404675802 ) ) ;
#585 = ORIENTED_EDGE ( 'NONE', *, *, #1294, .F. ) ;
#586 = CARTESIAN_POINT ( 'NONE',  ( 716.6245988056198257, 938.7468248405236864, 1344.407974150888322 ) ) ;
#587 = EDGE_LOOP ( 'NONE', ( #523, #414, #476, #1390 ) ) ;
#588 = DIRECTION ( 'NONE',  ( 0.03345502309866865004, -0.7550961364404729093, 0.6547599454472901037 ) ) ;
#589 = CARTESIAN_POINT ( 'NONE',  ( 713.8340211095932091, 939.4684737156276242, 1337.414212631702640 ) ) ;
#590 = DIRECTION ( 'NONE',  ( -0.03345502309866865004, 0.7550961364404729093, -0.6547599454472901037 ) ) ;
#591 = EDGE_CURVE ( 'NONE', #847, #515, #550, .T. ) ;
#592 = EDGE_LOOP ( 'NONE', ( #365, #236, #153, #1186, #13, #337, #1159, #116, #1403, #203 ) ) ;
#593 = DIRECTION ( 'NONE',  ( 0.07317157541021192257, -0.6515180314347918111, -0.7550961364404676912 ) ) ;
#594 = DIRECTION ( 'NONE',  ( -0.1030193536038691848, -0.7580132069547166340, 0.6440520094412149898 ) ) ;
#595 = DIRECTION ( 'NONE',  ( -0.03345502309867742774, 0.7550961364404806808, -0.6547599454472807778 ) ) ;
#596 = ORIENTED_EDGE ( 'NONE', *, *, #571, .T. ) ;
#597 = CIRCLE ( 'NONE', #1091, 2.500000000000014211 ) ;
#598 = EDGE_LOOP ( 'NONE', ( #614, #1121, #795, #340 ) ) ;
#599 = CIRCLE ( 'NONE', #791, 5.999999999999914735 ) ;
#600 = AXIS2_PLACEMENT_3D ( 'NONE', #526, #1353, #78 ) ;
#601 = DIRECTION ( 'NONE',  ( -0.07317157541021192257, 0.6515180314347918111, 0.7550961364404675802 ) ) ;
#602 = ADVANCED_FACE ( 'NONE', ( #319 ), #654, .T. ) ;
#603 = VERTEX_POINT ( 'NONE', #917 ) ;
#604 = AXIS2_PLACEMENT_3D ( 'NONE', #300, #331, #668 ) ;
#605 = DIRECTION ( 'NONE',  ( 0.07317157541021192257, -0.6515180314347918111, -0.7550961364404675802 ) ) ;
#606 = ORIENTED_EDGE ( 'NONE', *, *, #1013, .T. ) ;
#607 = FACE_OUTER_BOUND ( 'NONE', #679, .T. ) ;
#608 = PERSON_AND_ORGANIZATION_ROLE ( 'creator' ) ;
#609 = ORIENTED_EDGE ( 'NONE', *, *, #537, .T. ) ;
#610 = ADVANCED_FACE ( 'NONE', ( #1389 ), #1017, .F. ) ;
#611 = DIRECTION ( 'NONE',  ( -0.07317157541021192257, 0.6515180314347918111, 0.7550961364404676912 ) ) ;
#612 = DIRECTION ( 'NONE',  ( -0.03345502309866058704, 0.7550961364404652487, -0.6547599454472992075 ) ) ;
#613 = CARTESIAN_POINT ( 'NONE',  ( 718.7096989215941676, 936.2648685085998750, 1346.751529200975028 ) ) ;
#614 = ORIENTED_EDGE ( 'NONE', *, *, #1259, .T. ) ;
#615 = CARTESIAN_POINT ( 'NONE',  ( 717.4263107874095340, 931.6083997181308405, 1336.134684740435887 ) ) ;
#616 = ADVANCED_FACE ( 'NONE', ( #223 ), #1397, .T. ) ;
#617 = ORIENTED_EDGE ( 'NONE', *, *, #23, .T. ) ;
#618 = CIRCLE ( 'NONE', #1061, 4.000000000000000000 ) ;
#619 = DIRECTION ( 'NONE',  ( 0.07317157541021192257, -0.6515180314347918111, -0.7550961364404676912 ) ) ;
#620 = LINE ( 'NONE', #857, #170 ) ;
#621 = ORIENTED_EDGE ( 'NONE', *, *, #826, .F. ) ;
#622 = CIRCLE ( 'NONE', #1290, 5.999999999999985789 ) ;
#623 = CIRCLE ( 'NONE', #1136, 2.500000000000014211 ) ;
#624 = CARTESIAN_POINT ( 'NONE',  ( 717.1451284735118179, 923.1567623717695596, 1326.580695415857008 ) ) ;
#625 = AXIS2_PLACEMENT_3D ( 'NONE', #114, #1441, #1432 ) ;
#626 = ORIENTED_EDGE ( 'NONE', *, *, #547, .T. ) ;
#627 = AXIS2_PLACEMENT_3D ( 'NONE', #1106, #111, #885 ) ;
#628 = ADVANCED_FACE ( 'NONE', ( #682 ), #780, .T. ) ;
#629 = LINE ( 'NONE', #278, #491 ) ;
#630 = CARTESIAN_POINT ( 'NONE',  ( 718.7096989215941676, 936.2648685085998750, 1346.751529200975028 ) ) ;
#631 = DIRECTION ( 'NONE',  ( 0.07317157541021192257, -0.6515180314347918111, -0.7550961364404676912 ) ) ;
#632 = ORIENTED_EDGE ( 'NONE', *, *, #155, .T. ) ;
#633 = PLANE ( 'NONE',  #600 ) ;
#634 = EDGE_CURVE ( 'NONE', #327, #977, #790, .T. ) ;
#635 = CARTESIAN_POINT ( 'NONE',  ( 717.6714355650337893, 929.4258143128241727, 1333.605112683360176 ) ) ;
#636 = CARTESIAN_POINT ( 'NONE',  ( 716.6245988056198257, 938.7468248405236864, 1344.407974150888322 ) ) ;
#637 = DIRECTION ( 'NONE',  ( 0.5212750289935844661, -0.6204890829809657227, 0.5858887625216735451 ) ) ;
#638 = CIRCLE ( 'NONE', #867, 5.999999999999985789 ) ;
#639 = EDGE_CURVE ( 'NONE', #206, #460, #1443, .T. ) ;
#640 = LINE ( 'NONE', #1248, #1264 ) ;
#641 = AXIS2_PLACEMENT_3D ( 'NONE', #973, #522, #175 ) ;
#642 = VECTOR ( 'NONE', #535, 1000.000000000000114 ) ;
#643 = VERTEX_POINT ( 'NONE', #1252 ) ;
#644 = AXIS2_PLACEMENT_3D ( 'NONE', #681, #122, #154 ) ;
#645 = CARTESIAN_POINT ( 'NONE',  ( 716.6083364649292662, 940.7204778578079640, 1340.575793834364958 ) ) ;
#646 = CARTESIAN_POINT ( 'NONE',  ( 719.7522489795815090, 935.0238903426379693, 1347.923306726018382 ) ) ;
#647 = CIRCLE ( 'NONE', #1366, 5.999999999999914735 ) ;
#648 = CARTESIAN_POINT ( 'NONE',  ( 717.6714355650337893, 929.4258143128241727, 1333.605112683360176 ) ) ;
#649 = CARTESIAN_POINT ( 'NONE',  ( 719.2477997840759372, 915.3899034135863531, 1317.337777659497760 ) ) ;
#650 = EDGE_CURVE ( 'NONE', #562, #847, #1221, .T. ) ;
#651 = ORIENTED_EDGE ( 'NONE', *, *, #320, .F. ) ;
#652 = DIRECTION ( 'NONE',  ( -0.03345502309866058704, 0.7550961364404652487, -0.6547599454472992075 ) ) ;
#653 = DIRECTION ( 'NONE',  ( 0.03345502309866537488, -0.7550961364404676912, 0.6547599454472963210 ) ) ;
#654 = PLANE ( 'NONE',  #1014 ) ;
#655 = EDGE_LOOP ( 'NONE', ( #702, #461, #1076, #129 ) ) ;
#656 = EDGE_CURVE ( 'NONE', #603, #827, #782, .T. ) ;
#657 = CARTESIAN_POINT ( 'NONE',  ( 719.8441481236691288, 910.0800314573928063, 1311.183744147507923 ) ) ;
#658 = LINE ( 'NONE', #685, #5 ) ;
#659 = VERTEX_POINT ( 'NONE', #1381 ) ;
#660 = ORIENTED_EDGE ( 'NONE', *, *, #509, .T. ) ;
#661 = DIRECTION ( 'NONE',  ( 0.000000000000000000, 0.000000000000000000, 1.000000000000000000 ) ) ;
#662 = LINE ( 'NONE', #87, #287 ) ;
#663 = EDGE_LOOP ( 'NONE', ( #355, #1, #1281, #333 ) ) ;
#664 = CIRCLE ( 'NONE', #764, 5.999999999999985789 ) ;
#665 = AXIS2_PLACEMENT_3D ( 'NONE', #1118, #548, #1031 ) ;
#666 = VECTOR ( 'NONE', #863, 1000.000000000000114 ) ;
#667 = ORIENTED_EDGE ( 'NONE', *, *, #1108, .T. ) ;
#668 = DIRECTION ( 'NONE',  ( 0.03345502309866865004, -0.7550961364404729093, 0.6547599454472901037 ) ) ;
#669 = CARTESIAN_POINT ( 'NONE',  ( 720.5509873565599719, 913.8386807061339141, 1318.802499565801782 ) ) ;
#670 = ORIENTED_EDGE ( 'NONE', *, *, #1427, .F. ) ;
#671 = EDGE_CURVE ( 'NONE', #206, #1062, #1270, .T. ) ;
#672 = AXIS2_PLACEMENT_3D ( 'NONE', #326, #8, #788 ) ;
#673 = AXIS2_PLACEMENT_3D ( 'NONE', #322, #783, #1260 ) ;
#674 = ORIENTED_EDGE ( 'NONE', *, *, #900, .T. ) ;
#675 = ORIENTED_EDGE ( 'NONE', *, *, #1302, .F. ) ;
#676 = CARTESIAN_POINT ( 'NONE',  ( 714.5394986896455976, 941.2287811724476114, 1342.064419100801615 ) ) ;
#677 = LINE ( 'NONE', #776, #40 ) ;
#678 = DIRECTION ( 'NONE',  ( -0.5212750289935844661, 0.6204890829809657227, -0.5858887625216735451 ) ) ;
#679 = EDGE_LOOP ( 'NONE', ( #792, #1258, #335, #1446, #303, #576, #218 ) ) ;
#680 = EDGE_CURVE ( 'NONE', #241, #327, #1292, .T. ) ;
#681 = CARTESIAN_POINT ( 'NONE',  ( 719.5514618220283865, 912.6861035831325353, 1314.204128693270377 ) ) ;
#682 = FACE_OUTER_BOUND ( 'NONE', #581, .T. ) ;
#683 = VERTEX_POINT ( 'NONE', #1285 ) ;
#684 = DIRECTION ( 'NONE',  ( -0.1030193520774420057, -0.7580132070019007795, 0.6440520096298415487 ) ) ;
#685 = CARTESIAN_POINT ( 'NONE',  ( 716.4238686670278184, 943.2774016591664576, 1340.479414478204717 ) ) ;
#686 = ORIENTED_EDGE ( 'NONE', *, *, #196, .T. ) ;
#687 = ORIENTED_EDGE ( 'NONE', *, *, #531, .T. ) ;
#688 = ORIENTED_EDGE ( 'NONE', *, *, #1364, .T. ) ;
#689 = LINE ( 'NONE', #926, #743 ) ;
#690 = LINE ( 'NONE', #579, #490 ) ;
#691 = EDGE_CURVE ( 'NONE', #485, #351, #711, .T. ) ;
#692 = LINE ( 'NONE', #1296, #948 ) ;
#693 = ORIENTED_EDGE ( 'NONE', *, *, #274, .F. ) ;
#694 = VECTOR ( 'NONE', #828, 1000.000000000000114 ) ;
#695 = CARTESIAN_POINT ( 'NONE',  ( 718.1360750688885446, 925.2886748132133334, 1328.810252216963136 ) ) ;
#696 = AXIS2_PLACEMENT_3D ( 'NONE', #1133, #913, #1479 ) ;
#697 = CARTESIAN_POINT ( 'NONE',  ( 719.2477997840759372, 915.3899034135863531, 1317.337777659497760 ) ) ;
#698 = DIRECTION ( 'NONE',  ( 0.07317157541021192257, -0.6515180314347918111, -0.7550961364404676912 ) ) ;
#699 = ORIENTED_EDGE ( 'NONE', *, *, #382, .F. ) ;
#700 = CIRCLE ( 'NONE', #171, 4.000000000000000000 ) ;
#701 = VECTOR ( 'NONE', #62, 1000.000000000000000 ) ;
#702 = ORIENTED_EDGE ( 'NONE', *, *, #979, .F. ) ;
#703 = EDGE_CURVE ( 'NONE', #1225, #1208, #267, .T. ) ;
#704 = CARTESIAN_POINT ( 'NONE',  ( 713.4969486316583698, 942.4697593384095171, 1340.892641575758262 ) ) ;
#705 = LINE ( 'NONE', #367, #91 ) ;
#706 = DIRECTION ( 'NONE',  ( -0.07317157541021192257, 0.6515180314347918111, 0.7550961364404676912 ) ) ;
#707 = CARTESIAN_POINT ( 'NONE',  ( 719.1925963688607908, 914.5420089443315419, 1312.568026350262699 ) ) ;
#708 = APPROVAL_DATE_TIME ( #945, #763 ) ;
#709 = CARTESIAN_POINT ( 'NONE',  ( 720.0734202862773827, 917.2365600737779232, 1310.328447451431657 ) ) ;
#710 = ORIENTED_EDGE ( 'NONE', *, *, #999, .T. ) ;
#711 = LINE ( 'NONE', #939, #4 ) ;
#712 = FACE_OUTER_BOUND ( 'NONE', #1111, .T. ) ;
#713 = DIRECTION ( 'NONE',  ( 0.07317157541021192257, -0.6515180314347918111, -0.7550961364404676912 ) ) ;
#714 = VERTEX_POINT ( 'NONE', #467 ) ;
#715 = EDGE_CURVE ( 'NONE', #351, #258, #386, .T. ) ;
#716 = ORIENTED_EDGE ( 'NONE', *, *, #1326, .T. ) ;
#717 = DIRECTION ( 'NONE',  ( 0.07317157541021192257, -0.6515180314347918111, -0.7550961364404676912 ) ) ;
#718 = PERSON_AND_ORGANIZATION ( #499, #431 ) ;
#719 = VERTEX_POINT ( 'NONE', #1065 ) ;
#720 = CARTESIAN_POINT ( 'NONE',  ( -101.9267546797989326, 1031.283990399576169, 1132.270318695000469 ) ) ;
#721 = DIRECTION ( 'NONE',  ( 0.07317157541021192257, -0.6515180314347918111, -0.7550961364404676912 ) ) ;
#722 = AXIS2_PLACEMENT_3D ( 'NONE', #1423, #117, #957 ) ;
#723 = EDGE_LOOP ( 'NONE', ( #1497, #419, #381, #544, #572, #538 ) ) ;
#724 = AXIS2_PLACEMENT_3D ( 'NONE', #1205, #968, #168 ) ;
#725 = SECURITY_CLASSIFICATION_LEVEL ( 'unclassified' ) ;
#726 = ADVANCED_FACE ( 'NONE', ( #1298 ), #1319, .F. ) ;
#727 = FACE_OUTER_BOUND ( 'NONE', #1251, .T. ) ;
#728 = VERTEX_POINT ( 'NONE', #1436 ) ;
#729 = DIRECTION ( 'NONE',  ( 0.07317157541021192257, -0.6515180314347918111, -0.7550961364404675802 ) ) ;
#730 = DIRECTION ( 'NONE',  ( -0.1030193530950540420, -0.7580132069704451636, 0.6440520095040909165 ) ) ;
#731 = APPROVAL_ROLE ( '' ) ;
#732 = EDGE_CURVE ( 'NONE', #1230, #101, #929, .T. ) ;
#733 = DIRECTION ( 'NONE',  ( 0.07317157541021193645, -0.6515180314347929214, -0.7550961364404665810 ) ) ;
#734 = VERTEX_POINT ( 'NONE', #808 ) ;
#735 = ORIENTED_EDGE ( 'NONE', *, *, #312, .T. ) ;
#736 = ORIENTED_EDGE ( 'NONE', *, *, #10, .F. ) ;
#737 = CARTESIAN_POINT ( 'NONE',  ( 720.3661065879182388, 914.6304879480387626, 1307.308062905669658 ) ) ;
#738 = FACE_OUTER_BOUND ( 'NONE', #403, .T. ) ;
#739 = PERSON_AND_ORGANIZATION ( #499, #431 ) ;
#740 = ORIENTED_EDGE ( 'NONE', *, *, #757, .F. ) ;
#741 = CARTESIAN_POINT ( 'NONE',  ( 715.6341762505320503, 939.9257540981875536, 1343.294785502096829 ) ) ;
#742 = ORIENTED_EDGE ( 'NONE', *, *, #1081, .F. ) ;
#743 = VECTOR ( 'NONE', #15, 1000.000000000000000 ) ;
#744 = CARTESIAN_POINT ( 'NONE',  ( 714.5394986896455976, 941.2287811724476114, 1342.064419100801615 ) ) ;
#745 = DIRECTION ( 'NONE',  ( -0.03345502309866058704, 0.7550961364404652487, -0.6547599454472992075 ) ) ;
#746 = AXIS2_PLACEMENT_3D ( 'NONE', #1327, #1212, #160 ) ;
#747 = APPROVAL_PERSON_ORGANIZATION ( #1038, #763, #463 ) ;
#748 = CARTESIAN_POINT ( 'NONE',  ( -112.2694310717167525, 999.6444426962395937, 1158.567560796140242 ) ) ;
#749 = AXIS2_PLACEMENT_3D ( 'NONE', #1508, #451, #915 ) ;
#750 = ADVANCED_FACE ( 'NONE', ( #233 ), #150, .T. ) ;
#751 = DIRECTION ( 'NONE',  ( -0.03345502309866865004, 0.7550961364404729093, -0.6547599454472901037 ) ) ;
#752 = FACE_OUTER_BOUND ( 'NONE', #1398, .T. ) ;
#753 = CARTESIAN_POINT ( 'NONE',  ( 714.7633001173029470, 931.1941947164057183, 1327.824491698908787 ) ) ;
#754 = ORIENTED_EDGE ( 'NONE', *, *, #283, .T. ) ;
#755 = DIRECTION ( 'NONE',  ( -0.07317157541021192257, 0.6515180314347918111, 0.7550961364404676912 ) ) ;
#756 = CYLINDRICAL_SURFACE ( 'NONE', #1464, 5.999999999999914735 ) ;
#757 = EDGE_CURVE ( 'NONE', #370, #441, #1207, .T. ) ;
#758 = CARTESIAN_POINT ( 'NONE',  ( 717.0729759687841351, 936.5833383581971248, 1335.780933367967918 ) ) ;
#759 = ORIENTED_EDGE ( 'NONE', *, *, #1435, .T. ) ;
#760 = VERTEX_POINT ( 'NONE', #1399 ) ;
#761 = PLANE ( 'NONE',  #1493 ) ;
#762 = FACE_OUTER_BOUND ( 'NONE', #1240, .T. ) ;
#763 = APPROVAL ( #6, 'UNSPECIFIED' ) ;
#764 = AXIS2_PLACEMENT_3D ( 'NONE', #225, #1157, #684 ) ;
#765 = EDGE_CURVE ( 'NONE', #1170, #376, #638, .T. ) ;
#766 = FACE_OUTER_BOUND ( 'NONE', #1126, .T. ) ;
#767 = CIRCLE ( 'NONE', #1093, 1.900000000000244382 ) ;
#768 = AXIS2_PLACEMENT_3D ( 'NONE', #1459, #869, #1227 ) ;
#769 = ORIENTED_EDGE ( 'NONE', *, *, #1440, .F. ) ;
#770 = DIRECTION ( 'NONE',  ( 0.07317157541021192257, -0.6515180314347918111, -0.7550961364404676912 ) ) ;
#771 = CARTESIAN_POINT ( 'NONE',  ( 718.3555897951193856, 923.3341207189090483, 1326.544963807641807 ) ) ;
#772 = DIRECTION ( 'NONE',  ( 0.4566973361829317346, -0.8896221350232997871, 0.000000000000000000 ) ) ;
#773 = EDGE_CURVE ( 'NONE', #43, #284, #141, .T. ) ;
#774 = VERTEX_POINT ( 'NONE', #844 ) ;
#775 = PRODUCT_DEFINITION_SHAPE ( 'NONE', 'NONE',  #1012 ) ;
#776 = CARTESIAN_POINT ( 'NONE',  ( 721.5537565936556348, 911.6541745839831492, 1315.288535530314903 ) ) ;
#777 = LINE ( 'NONE', #771, #191 ) ;
#778 = ORIENTED_EDGE ( 'NONE', *, *, #1044, .T. ) ;
#779 = FACE_OUTER_BOUND ( 'NONE', #811, .T. ) ;
#780 = CYLINDRICAL_SURFACE ( 'NONE', #30, 4.000000000000000000 ) ;
#781 = PRODUCT_RELATED_PRODUCT_CATEGORY ( 'detail', '', ( #1484 ) ) ;
#782 = LINE ( 'NONE', #103, #916 ) ;
#783 = DIRECTION ( 'NONE',  ( 0.07317157541021192257, -0.6515180314347918111, -0.7550961364404676912 ) ) ;
#784 = CARTESIAN_POINT ( 'NONE',  ( 725.0475277763512167, 911.1529413633404602, 1316.059572746195727 ) ) ;
#785 = ORIENTED_EDGE ( 'NONE', *, *, #920, .F. ) ;
#786 = ORIENTED_EDGE ( 'NONE', *, *, #115, .T. ) ;
#787 = DIRECTION ( 'NONE',  ( -0.03345502309867742774, 0.7550961364404806808, -0.6547599454472807778 ) ) ;
#788 = DIRECTION ( 'NONE',  ( 0.03345502309866537488, -0.7550961364404676912, 0.6547599454472963210 ) ) ;
#789 = VECTOR ( 'NONE', #1509, 1000.000000000000114 ) ;
#790 = LINE ( 'NONE', #1268, #328 ) ;
#791 = AXIS2_PLACEMENT_3D ( 'NONE', #242, #1176, #588 ) ;
#792 = ORIENTED_EDGE ( 'NONE', *, *, #489, .F. ) ;
#793 = CARTESIAN_POINT ( 'NONE',  ( 718.3555897951192719, 923.3341207189089346, 1326.544963807641807 ) ) ;
#794 = DIRECTION ( 'NONE',  ( 0.07317157541021192257, -0.6515180314347918111, -0.7550961364404675802 ) ) ;
#795 = ORIENTED_EDGE ( 'NONE', *, *, #1134, .F. ) ;
#796 = EDGE_CURVE ( 'NONE', #1030, #352, #57, .T. ) ;
#797 = ORIENTED_EDGE ( 'NONE', *, *, #501, .T. ) ;
#798 = LINE ( 'NONE', #1147, #362 ) ;
#799 = CIRCLE ( 'NONE', #877, 4.000000000000000000 ) ;
#800 = EDGE_LOOP ( 'NONE', ( #585, #1060, #846, #448, #1334, #1307 ) ) ;
#801 = ORIENTED_EDGE ( 'NONE', *, *, #1435, .F. ) ;
#802 = CARTESIAN_POINT ( 'NONE',  ( 717.4263107874096477, 931.6083997181309542, 1336.134684740435887 ) ) ;
#803 = CARTESIAN_POINT ( 'NONE',  ( 722.0187989676035158, 913.0767976863304511, 1314.106120898729387 ) ) ;
#804 = ORIENTED_EDGE ( 'NONE', *, *, #1490, .F. ) ;
#805 = ORIENTED_EDGE ( 'NONE', *, *, #443, .F. ) ;
#806 = EDGE_CURVE ( 'NONE', #962, #714, #18, .T. ) ;
#807 = CARTESIAN_POINT ( 'NONE',  ( 718.8272566732985069, 935.2181369801222672, 1345.538388666240962 ) ) ;
#808 = CARTESIAN_POINT ( 'NONE',  ( 720.5332628056227122, 922.4352313567504780, 1331.504579162412256 ) ) ;
#809 = CARTESIAN_POINT ( 'NONE',  ( 719.7522489795815090, 935.0238903426379693, 1347.923306726018382 ) ) ;
#810 = ORIENTED_EDGE ( 'NONE', *, *, #1013, .F. ) ;
#811 = EDGE_LOOP ( 'NONE', ( #651, #621, #1055, #1067, #227, #270, #978 ) ) ;
#812 =( LENGTH_UNIT ( ) NAMED_UNIT ( * ) SI_UNIT ( .MILLI., .METRE. ) );
#813 = CC_DESIGN_PERSON_AND_ORGANIZATION_ASSIGNMENT ( #718, #394, ( #61 ) ) ;
#814 = EDGE_CURVE ( 'NONE', #352, #29, #35, .T. ) ;
#815 = AXIS2_PLACEMENT_3D ( 'NONE', #951, #1066, #594 ) ;
#816 = ORIENTED_EDGE ( 'NONE', *, *, #1033, .T. ) ;
#817 = VECTOR ( 'NONE', #402, 1000.000000000000114 ) ;
#818 = CARTESIAN_POINT ( 'NONE',  ( 719.4678242642816031, 914.5738439242336426, 1312.567228829652095 ) ) ;
#819 = AXIS2_PLACEMENT_3D ( 'NONE', #1022, #1375, #1006 ) ;
#820 = CARTESIAN_POINT ( 'NONE',  ( 718.2217697027244867, 926.3545052646709337, 1323.925924025852737 ) ) ;
#821 = CARTESIAN_POINT ( 'NONE',  ( 717.2067960611789204, 933.5629538124351257, 1338.399973149757216 ) ) ;
#822 = ORIENTED_EDGE ( 'NONE', *, *, #591, .F. ) ;
#823 = CIRCLE ( 'NONE', #896, 2.500000000000014211 ) ;
#824 = LINE ( 'NONE', #272, #1166 ) ;
#825 = PERSON_AND_ORGANIZATION_ROLE ( 'classification_officer' ) ;
#826 = EDGE_CURVE ( 'NONE', #502, #1198, #622, .T. ) ;
#827 = VERTEX_POINT ( 'NONE', #157 ) ;
#828 = DIRECTION ( 'NONE',  ( 0.07317157541021192257, -0.6515180314347918111, -0.7550961364404675802 ) ) ;
#829 = CARTESIAN_POINT ( 'NONE',  ( 719.2477997840759372, 915.3899034135863531, 1317.337777659497760 ) ) ;
#830 = PLANE ( 'NONE',  #1420 ) ;
#831 = VERTEX_POINT ( 'NONE', #818 ) ;
#832 = CARTESIAN_POINT ( 'NONE',  ( 717.4263107874095340, 931.6083997181308405, 1336.134684740435887 ) ) ;
#833 = DIRECTION ( 'NONE',  ( 0.07317157541021192257, -0.6515180314347918111, -0.7550961364404675802 ) ) ;
#834 = ORIENTED_EDGE ( 'NONE', *, *, #1175, .T. ) ;
#835 = EDGE_CURVE ( 'NONE', #1335, #43, #599, .T. ) ;
#836 = ADVANCED_FACE ( 'NONE', ( #837 ), #1422, .T. ) ;
#837 = FACE_OUTER_BOUND ( 'NONE', #800, .T. ) ;
#838 = DIRECTION ( 'NONE',  ( 0.07317157541021192257, -0.6515180314347918111, -0.7550961364404676912 ) ) ;
#839 = CYLINDRICAL_SURFACE ( 'NONE', #99, 4.000000000000000000 ) ;
#840 = EDGE_LOOP ( 'NONE', ( #524, #670, #693, #1023, #551, #892 ) ) ;
#841 = EDGE_CURVE ( 'NONE', #1230, #1099, #692, .T. ) ;
#842 = LINE ( 'NONE', #245, #213 ) ;
#843 = VERTEX_POINT ( 'NONE', #42 ) ;
#844 = CARTESIAN_POINT ( 'NONE',  ( 720.3344462351404900, 929.8400193145495223, 1341.915305724887048 ) ) ;
#845 = DIRECTION ( 'NONE',  ( 0.03345502309866537488, -0.7550961364404676912, 0.6547599454472963210 ) ) ;
#846 = ORIENTED_EDGE ( 'NONE', *, *, #1033, .F. ) ;
#847 = VERTEX_POINT ( 'NONE', #377 ) ;
#848 = CARTESIAN_POINT ( 'NONE',  ( 716.6245988056198257, 938.7468248405236864, 1344.407974150888322 ) ) ;
#849 = CARTESIAN_POINT ( 'NONE',  ( 714.0791458872174644, 937.2858883103209564, 1334.884640574627156 ) ) ;
#850 = ADVANCED_FACE ( 'NONE', ( #139 ), #500, .F. ) ;
#851 = AXIS2_PLACEMENT_3D ( 'NONE', #586, #953, #590 ) ;
#852 = PERSON_AND_ORGANIZATION ( #499, #431 ) ;
#853 = CARTESIAN_POINT ( 'NONE',  ( 714.5394986896455976, 941.2287811724476114, 1342.064419100801615 ) ) ;
#854 = VERTEX_POINT ( 'NONE', #753 ) ;
#855 = EDGE_LOOP ( 'NONE', ( #911, #1412, #343, #420, #298 ) ) ;
#856 = CYLINDRICAL_SURFACE ( 'NONE', #465, 4.000000000000000000 ) ;
#857 = CARTESIAN_POINT ( 'NONE',  ( 719.8441481236693562, 910.0800314573929199, 1311.183744147507923 ) ) ;
#858 = ADVANCED_FACE ( 'NONE', ( #408 ), #265, .T. ) ;
#859 = LINE ( 'NONE', #1233, #1445 ) ;
#860 = EDGE_LOOP ( 'NONE', ( #321, #565, #878, #632, #1179, #932 ) ) ;
#861 = ORIENTED_EDGE ( 'NONE', *, *, #1274, .T. ) ;
#862 = LINE ( 'NONE', #744, #899 ) ;
#863 = DIRECTION ( 'NONE',  ( -0.07317157541021192257, 0.6515180314347918111, 0.7550961364404675802 ) ) ;
#864 = DIRECTION ( 'NONE',  ( -0.03345502309867742774, 0.7550961364404806808, -0.6547599454472807778 ) ) ;
#865 = EDGE_CURVE ( 'NONE', #241, #370, #1088, .T. ) ;
#866 = ORIENTED_EDGE ( 'NONE', *, *, #732, .T. ) ;
#867 = AXIS2_PLACEMENT_3D ( 'NONE', #695, #1183, #503 ) ;
#868 = CARTESIAN_POINT ( 'NONE',  ( 716.6245988056198257, 938.7468248405236864, 1344.407974150888322 ) ) ;
#869 = DIRECTION ( 'NONE',  ( -0.07317157541021192257, 0.6515180314347918111, 0.7550961364404676912 ) ) ;
#870 = AXIS2_PLACEMENT_3D ( 'NONE', #187, #109, #1377 ) ;
#871 = AXIS2_PLACEMENT_3D ( 'NONE', #1187, #1209, #960 ) ;
#872 = LOCAL_TIME ( 23, 58, 38.00000000000000000, #1414 ) ;
#873 = VECTOR ( 'NONE', #110, 1000.000000000000114 ) ;
#874 = DIRECTION ( 'NONE',  ( 0.07317157541021192257, -0.6515180314347918111, -0.7550961364404676912 ) ) ;
#875 = EDGE_CURVE ( 'NONE', #470, #39, #859, .T. ) ;
#876 = VERTEX_POINT ( 'NONE', #988 ) ;
#877 = AXIS2_PLACEMENT_3D ( 'NONE', #1471, #421, #889 ) ;
#878 = ORIENTED_EDGE ( 'NONE', *, *, #982, .F. ) ;
#879 = PLANE ( 'NONE',  #313 ) ;
#880 = DIRECTION ( 'NONE',  ( -0.03345502309866865004, 0.7550961364404729093, -0.6547599454472901037 ) ) ;
#881 = DIRECTION ( 'NONE',  ( 0.000000000000000000, 0.7571257123220741514, -0.6532692061782735538 ) ) ;
#882 = EDGE_LOOP ( 'NONE', ( #277, #1112, #716, #686, #1376, #1082, #1454, #1098, #228, #1269, #276, #754 ) ) ;
#883 = VERTEX_POINT ( 'NONE', #1339 ) ;
#884 = EDGE_CURVE ( 'NONE', #485, #1306, #169, .T. ) ;
#885 = DIRECTION ( 'NONE',  ( 0.2155035787818619097, 0.000000000000000000, -0.9765030504469557338 ) ) ;
#886 = LINE ( 'NONE', #1217, #192 ) ;
#887 = ADVANCED_FACE ( 'NONE', ( #727 ), #1333, .T. ) ;
#888 = DIRECTION ( 'NONE',  ( 0.07317157541021192257, -0.6515180314347918111, -0.7550961364404676912 ) ) ;
#889 = DIRECTION ( 'NONE',  ( -0.03345502309867742774, 0.7550961364404806808, -0.6547599454472807778 ) ) ;
#890 = CARTESIAN_POINT ( 'NONE',  ( 715.5863354490594475, 931.9077706447480978, 1331.261557633273469 ) ) ;
#891 = ADVANCED_FACE ( 'NONE', ( #177 ), #514, .T. ) ;
#892 = ORIENTED_EDGE ( 'NONE', *, *, #935, .T. ) ;
#893 = VECTOR ( 'NONE', #1310, 1000.000000000000114 ) ;
#894 = DIRECTION ( 'NONE',  ( 0.07317157541021192257, -0.6515180314347918111, -0.7550961364404676912 ) ) ;
#895 = CIRCLE ( 'NONE', #746, 2.500000000000074607 ) ;
#896 = AXIS2_PLACEMENT_3D ( 'NONE', #986, #406, #745 ) ;
#897 = CARTESIAN_POINT ( 'NONE',  ( 715.2279396211577023, 927.0570552167948790, 1323.029631232511747 ) ) ;
#898 = LINE ( 'NONE', #784, #1116 ) ;
#899 = VECTOR ( 'NONE', #1231, 1000.000000000000114 ) ;
#900 = EDGE_CURVE ( 'NONE', #370, #977, #1386, .T. ) ;
#901 = PLANE ( 'NONE',  #870 ) ;
#902 = CARTESIAN_POINT ( 'NONE',  ( 716.6245988056198257, 938.7468248405236864, 1344.407974150888322 ) ) ;
#903 = ORIENTED_EDGE ( 'NONE', *, *, #963, .T. ) ;
#904 = DIRECTION ( 'NONE',  ( -0.2438078779228410597, -0.7458389580879110081, 0.6199048049992033071 ) ) ;
#905 = DIRECTION ( 'NONE',  ( -0.03345502309867742774, 0.7550961364404806808, -0.6547599454472807778 ) ) ;
#906 = ORIENTED_EDGE ( 'NONE', *, *, #650, .T. ) ;
#907 = CARTESIAN_POINT ( 'NONE',  ( 717.6714355650337893, 929.4258143128241727, 1333.605112683360176 ) ) ;
#908 = CARTESIAN_POINT ( 'NONE',  ( 718.1360750688885446, 925.2886748132133334, 1328.810252216963136 ) ) ;
#909 = DIRECTION ( 'NONE',  ( 0.07317157541021192257, -0.6515180314347918111, -0.7550961364404676912 ) ) ;
#910 = ADVANCED_FACE ( 'NONE', ( #74 ), #996, .T. ) ;
#911 = ORIENTED_EDGE ( 'NONE', *, *, #1277, .F. ) ;
#912 = FACE_OUTER_BOUND ( 'NONE', #587, .T. ) ;
#913 = DIRECTION ( 'NONE',  ( 0.07317157541021192257, -0.6515180314347918111, -0.7550961364404676912 ) ) ;
#914 = EDGE_LOOP ( 'NONE', ( #398, #1297, #903, #966 ) ) ;
#915 = DIRECTION ( 'NONE',  ( -0.03345502309867742774, 0.7550961364404806808, -0.6547599454472807778 ) ) ;
#916 = VECTOR ( 'NONE', #445, 1000.000000000000114 ) ;
#917 = CARTESIAN_POINT ( 'NONE',  ( 722.1230802860189897, 925.5819715365540787, 1328.943542991781896 ) ) ;
#918 = AXIS2_PLACEMENT_3D ( 'NONE', #907, #888, #1266 ) ;
#919 = VERTEX_POINT ( 'NONE', #389 ) ;
#920 = EDGE_CURVE ( 'NONE', #760, #1009, #975, .T. ) ;
#921 = CARTESIAN_POINT ( 'NONE',  ( 718.1548596565271509, 927.8646975375517059, 1322.616404134958202 ) ) ;
#922 = DIRECTION ( 'NONE',  ( 0.000000000000000000, -0.7571257123220939134, 0.6532692061782507942 ) ) ;
#923 = ORIENTED_EDGE ( 'NONE', *, *, #1440, .T. ) ;
#924 = ORIENTED_EDGE ( 'NONE', *, *, #634, .F. ) ;
#925 = CIRCLE ( 'NONE', #604, 5.999999999999914735 ) ;
#926 = CARTESIAN_POINT ( 'NONE',  ( 716.7421565573241651, 937.7000933120460786, 1343.194833616154028 ) ) ;
#927 = CARTESIAN_POINT ( 'NONE',  ( 530.1330343335112047, 272.1496409218147505, -183.4464809512472812 ) ) ;
#928 = ORIENTED_EDGE ( 'NONE', *, *, #537, .F. ) ;
#929 = LINE ( 'NONE', #126, #1356 ) ;
#930 = CARTESIAN_POINT ( 'NONE',  ( 717.0395989559430063, 942.6914434946564825, 1351.459250536937816 ) ) ;
#931 = CARTESIAN_POINT ( 'NONE',  ( 717.6714355650337893, 929.4258143128241727, 1333.605112683360176 ) ) ;
#932 = ORIENTED_EDGE ( 'NONE', *, *, #1004, .F. ) ;
#933 = EDGE_CURVE ( 'NONE', #952, #831, #895, .T. ) ;
#934 = CARTESIAN_POINT ( 'NONE',  ( 719.6434179850771216, 914.6106082760355775, 1307.255184474824091 ) ) ;
#935 = EDGE_CURVE ( 'NONE', #714, #508, #1295, .T. ) ;
#936 = DIRECTION ( 'NONE',  ( 0.03345502309866537488, -0.7550961364404676912, 0.6547599454472963210 ) ) ;
#937 = CARTESIAN_POINT ( 'NONE',  ( 721.9180019475016934, 916.9719275153092894, 1310.735526517046537 ) ) ;
#938 = VERTEX_POINT ( 'NONE', #741 ) ;
#939 = CARTESIAN_POINT ( 'NONE',  ( 716.4907787132250405, 941.7672093862855718, 1341.788934369099252 ) ) ;
#940 = APPLICATION_CONTEXT ( 'configuration controlled 3d designs of mechanical parts and assemblies' ) ;
#941 = CARTESIAN_POINT ( 'NONE',  ( 716.7421565573240514, 937.7000933120460786, 1343.194833616154028 ) ) ;
#942 = DIRECTION ( 'NONE',  ( -0.2438078779228410597, -0.7458389580879110081, 0.6199048049992033071 ) ) ;
#943 = VERTEX_POINT ( 'NONE', #1220 ) ;
#944 = ORIENTED_EDGE ( 'NONE', *, *, #1282, .F. ) ;
#945 = DATE_AND_TIME ( #273, #1199 ) ;
#946 = EDGE_CURVE ( 'NONE', #1206, #827, #361, .T. ) ;
#947 = ORIENTED_EDGE ( 'NONE', *, *, #329, .F. ) ;
#948 = VECTOR ( 'NONE', #1173, 1000.000000000000000 ) ;
#949 = DIRECTION ( 'NONE',  ( -0.1030193525862388715, -0.7580132069861736932, 0.6440520095669668432 ) ) ;
#950 = VECTOR ( 'NONE', #601, 1000.000000000000114 ) ;
#951 = CARTESIAN_POINT ( 'NONE',  ( 716.9616712835546650, 935.7455392177416797, 1340.929545206832699 ) ) ;
#952 = VERTEX_POINT ( 'NONE', #1256 ) ;
#953 = DIRECTION ( 'NONE',  ( 0.07317157541021192257, -0.6515180314347918111, -0.7550961364404676912 ) ) ;
#954 = CARTESIAN_POINT ( 'NONE',  ( 716.4907787132250405, 941.7672093862855718, 1341.788934369099252 ) ) ;
#955 = CIRCLE ( 'NONE', #1145, 4.000000000000000000 ) ;
#956 = CARTESIAN_POINT ( 'NONE',  ( 718.3555897951192719, 923.3341207189089346, 1326.544963807641807 ) ) ;
#957 = DIRECTION ( 'NONE',  ( -0.1030193536038691848, -0.7580132069547166340, 0.6440520094412149898 ) ) ;
#958 = CARTESIAN_POINT ( 'NONE',  ( 725.5125701503110349, 912.5755644656860568, 1314.877158114612939 ) ) ;
#959 = ORIENTED_EDGE ( 'NONE', *, *, #395, .F. ) ;
#960 = DIRECTION ( 'NONE',  ( 0.000000000000000000, 0.7571257123220740404, -0.6532692061782737758 ) ) ;
#961 = DATE_AND_TIME ( #1218, #552 ) ;
#962 = VERTEX_POINT ( 'NONE', #758 ) ;
#963 = EDGE_CURVE ( 'NONE', #562, #235, #640, .T. ) ;
#964 = DIRECTION ( 'NONE',  ( -0.07317157541021192257, 0.6515180314347918111, 0.7550961364404675802 ) ) ;
#965 = DIRECTION ( 'NONE',  ( -0.03345502309867742774, 0.7550961364404806808, -0.6547599454472807778 ) ) ;
#966 = ORIENTED_EDGE ( 'NONE', *, *, #1102, .T. ) ;
#967 = COORDINATED_UNIVERSAL_TIME_OFFSET ( 5, 0, .BEHIND. ) ;
#968 = DIRECTION ( 'NONE',  ( 0.07317157541021192257, -0.6515180314347918111, -0.7550961364404676912 ) ) ;
#969 = ORIENTED_EDGE ( 'NONE', *, *, #671, .T. ) ;
#970 = CIRCLE ( 'NONE', #815, 5.999999999999983125 ) ;
#971 = ADVANCED_FACE ( 'NONE', ( #766 ), #1007, .F. ) ;
#972 = DIRECTION ( 'NONE',  ( 0.07317157541021192257, -0.6515180314347918111, -0.7550961364404676912 ) ) ;
#973 = CARTESIAN_POINT ( 'NONE',  ( 717.4263107874095340, 931.6083997181308405, 1336.134684740435887 ) ) ;
#974 = CIRCLE ( 'NONE', #363, 5.999999999999976907 ) ;
#975 = LINE ( 'NONE', #853, #93 ) ;
#976 = VECTOR ( 'NONE', #383, 1000.000000000000114 ) ;
#977 = VERTEX_POINT ( 'NONE', #442 ) ;
#978 = ORIENTED_EDGE ( 'NONE', *, *, #946, .F. ) ;
#979 = EDGE_CURVE ( 'NONE', #1206, #734, #418, .T. ) ;
#980 = CARTESIAN_POINT ( 'NONE',  ( 719.8441481236691288, 910.0800314573928063, 1311.183744147507923 ) ) ;
#981 = DIRECTION ( 'NONE',  ( -0.07317157541021192257, 0.6515180314347918111, 0.7550961364404676912 ) ) ;
#982 = EDGE_CURVE ( 'NONE', #1315, #998, #662, .T. ) ;
#983 = CARTESIAN_POINT ( 'NONE',  ( 714.5394986896455976, 941.2287811724476114, 1342.064419100801615 ) ) ;
#984 = ORIENTED_EDGE ( 'NONE', *, *, #634, .T. ) ;
#985 = CARTESIAN_POINT ( 'NONE',  ( 716.0308274005437852, 936.3939813439010322, 1339.201532770972335 ) ) ;
#986 = CARTESIAN_POINT ( 'NONE',  ( 719.2477997840759372, 915.3899034135863531, 1317.337777659497760 ) ) ;
#987 = EDGE_CURVE ( 'NONE', #1139, #1085, #623, .T. ) ;
#988 = CARTESIAN_POINT ( 'NONE',  ( 719.4852826705016469, 911.9359368185923813, 1309.547641804500699 ) ) ;
#989 = VERTEX_POINT ( 'NONE', #543 ) ;
#990 = VECTOR ( 'NONE', #1387, 1000.000000000000114 ) ;
#991 = DIRECTION ( 'NONE',  ( 0.07317157541021192257, -0.6515180314347918111, -0.7550961364404676912 ) ) ;
#992 = CARTESIAN_POINT ( 'NONE',  ( 716.4238686670278184, 943.2774016591664576, 1340.479414478204717 ) ) ;
#993 = AXIS2_PLACEMENT_3D ( 'NONE', #648, #1124, #1245 ) ;
#994 = APPROVAL_PERSON_ORGANIZATION ( #852, #1434, #731 ) ;
#995 = CIRCLE ( 'NONE', #644, 6.000000000000082601 ) ;
#996 = CYLINDRICAL_SURFACE ( 'NONE', #724, 5.999999999999914735 ) ;
#997 = CC_DESIGN_PERSON_AND_ORGANIZATION_ASSIGNMENT ( #506, #608, ( #1012 ) ) ;
#998 = VERTEX_POINT ( 'NONE', #1129 ) ;
#999 = EDGE_CURVE ( 'NONE', #1230, #919, #1343, .T. ) ;
#1000 = AXIS2_PLACEMENT_3D ( 'NONE', #209, #1382, #652 ) ;
#1001 = CARTESIAN_POINT ( 'NONE',  ( 714.2986606134480780, 935.3313342160167849, 1332.619352165305827 ) ) ;
#1002 = CARTESIAN_POINT ( 'NONE',  ( -101.6340683781580765, 1028.677918273836895, 1129.249934149238470 ) ) ;
#1003 = ORIENTED_EDGE ( 'NONE', *, *, #571, .F. ) ;
#1004 = EDGE_CURVE ( 'NONE', #831, #299, #238, .T. ) ;
#1005 = DIRECTION ( 'NONE',  ( -0.07317157541021192257, 0.6515180314347918111, 0.7550961364404676912 ) ) ;
#1006 = DIRECTION ( 'NONE',  ( -0.03345502309866865004, 0.7550961364404729093, -0.6547599454472901037 ) ) ;
#1007 = PLANE ( 'NONE',  #993 ) ;
#1008 = DESIGN_CONTEXT ( 'detailed design', #425, 'design' ) ;
#1009 = VERTEX_POINT ( 'NONE', #1239 ) ;
#1010 = CYLINDRICAL_SURFACE ( 'NONE', #1204, 5.999999999999914735 ) ;
#1011 = CARTESIAN_POINT ( 'NONE',  ( 716.6245988056199394, 938.7468248405236864, 1344.407974150888322 ) ) ;
#1012 = PRODUCT_DEFINITION ( 'UNKNOWN', '', #61, #1008 ) ;
#1013 = EDGE_CURVE ( 'NONE', #977, #1368, #1063, .T. ) ;
#1014 = AXIS2_PLACEMENT_3D ( 'NONE', #927, #452, #772 ) ;
#1015 = AXIS2_PLACEMENT_3D ( 'NONE', #507, #631, #56 ) ;
#1016 = AXIS2_PLACEMENT_3D ( 'NONE', #1337, #1242, #301 ) ;
#1017 = CYLINDRICAL_SURFACE ( 'NONE', #1263, 2.500000000000014211 ) ;
#1018 = AXIS2_PLACEMENT_3D ( 'NONE', #1472, #981, #412 ) ;
#1019 = AXIS2_PLACEMENT_3D ( 'NONE', #1267, #1149, #559 ) ;
#1020 = EDGE_LOOP ( 'NONE', ( #50, #1223, #759 ) ) ;
#1021 = CARTESIAN_POINT ( 'NONE',  ( 714.6570564413499369, 940.1820496439698900, 1340.851278566067322 ) ) ;
#1022 = CARTESIAN_POINT ( 'NONE',  ( 716.6245988056198257, 938.7468248405236864, 1344.407974150888322 ) ) ;
#1023 = ORIENTED_EDGE ( 'NONE', *, *, #201, .F. ) ;
#1024 = ORIENTED_EDGE ( 'NONE', *, *, #1332, .T. ) ;
#1025 = ADVANCED_FACE ( 'NONE', ( #1491 ), #901, .T. ) ;
#1026 = DIRECTION ( 'NONE',  ( -0.07317157541021193645, 0.6515180314347918111, 0.7550961364404675802 ) ) ;
#1027 = ORIENTED_EDGE ( 'NONE', *, *, #1188, .F. ) ;
#1028 = DIRECTION ( 'NONE',  ( -0.07317157541021192257, 0.6515180314347918111, 0.7550961364404676912 ) ) ;
#1029 = DIRECTION ( 'NONE',  ( 0.07317157541021192257, -0.6515180314347918111, -0.7550961364404676912 ) ) ;
#1030 = VERTEX_POINT ( 'NONE', #1507 ) ;
#1031 = DIRECTION ( 'NONE',  ( 0.000000000000000000, 0.7571257123220704877, -0.6532692061782778836 ) ) ;
#1032 = CYLINDRICAL_SURFACE ( 'NONE', #625, 5.999999999999914735 ) ;
#1033 = EDGE_CURVE ( 'NONE', #854, #1030, #1193, .T. ) ;
#1034 = ORIENTED_EDGE ( 'NONE', *, *, #82, .F. ) ;
#1035 = CARTESIAN_POINT ( 'NONE',  ( 721.3298643317277765, 911.6713042601294319, 1309.954720870111032 ) ) ;
#1036 = ORIENTED_EDGE ( 'NONE', *, *, #582, .T. ) ;
#1037 = ORIENTED_EDGE ( 'NONE', *, *, #1222, .F. ) ;
#1038 = PERSON_AND_ORGANIZATION ( #499, #431 ) ;
#1039 = CARTESIAN_POINT ( 'NONE',  ( 715.8058501752901748, 929.9532165504439263, 1328.996269223952140 ) ) ;
#1040 = VECTOR ( 'NONE', #199, 1000.000000000000000 ) ;
#1041 = CC_DESIGN_PERSON_AND_ORGANIZATION_ASSIGNMENT ( #739, #825, ( #33 ) ) ;
#1042 = ORIENTED_EDGE ( 'NONE', *, *, #1313, .F. ) ;
#1043 = VECTOR ( 'NONE', #54, 1000.000000000000114 ) ;
#1044 = EDGE_CURVE ( 'NONE', #480, #774, #263, .T. ) ;
#1045 = CARTESIAN_POINT ( 'NONE',  ( 718.0022549764938731, 928.3090593589751052, 1326.191212435174066 ) ) ;
#1046 = EDGE_LOOP ( 'NONE', ( #1068, #1037, #822, #834 ) ) ;
#1047 = CARTESIAN_POINT ( 'NONE',  ( 717.4263107874095340, 931.6083997181308405, 1336.134684740435887 ) ) ;
#1048 = DIRECTION ( 'NONE',  ( 0.07317157541021192257, -0.6515180314347918111, -0.7550961364404675802 ) ) ;
#1049 = ORIENTED_EDGE ( 'NONE', *, *, #875, .F. ) ;
#1050 = CARTESIAN_POINT ( 'NONE',  ( 716.4238686670278184, 943.2774016591664576, 1340.479414478204717 ) ) ;
#1051 = LINE ( 'NONE', #19, #990 ) ;
#1052 = CARTESIAN_POINT ( 'NONE',  ( 720.7527775318533259, 920.4806772624464202, 1329.239290753091154 ) ) ;
#1053 = ORIENTED_EDGE ( 'NONE', *, *, #963, .F. ) ;
#1054 = EDGE_CURVE ( 'NONE', #952, #1139, #317, .T. ) ;
#1055 = ORIENTED_EDGE ( 'NONE', *, *, #509, .F. ) ;
#1056 = ORIENTED_EDGE ( 'NONE', *, *, #123, .T. ) ;
#1057 = CARTESIAN_POINT ( 'NONE',  ( 716.7421565573240514, 937.7000933120460786, 1343.194833616154028 ) ) ;
#1058 = CARTESIAN_POINT ( 'NONE',  ( 717.5376154726390041, 932.4461988585861718, 1330.986072901571106 ) ) ;
#1059 = FACE_OUTER_BOUND ( 'NONE', #52, .T. ) ;
#1060 = ORIENTED_EDGE ( 'NONE', *, *, #796, .F. ) ;
#1061 = AXIS2_PLACEMENT_3D ( 'NONE', #1430, #341, #243 ) ;
#1062 = VERTEX_POINT ( 'NONE', #1151 ) ;
#1063 = CIRCLE ( 'NONE', #32, 4.000000000000000000 ) ;
#1064 =( GEOMETRIC_REPRESENTATION_CONTEXT ( 3 ) GLOBAL_UNCERTAINTY_ASSIGNED_CONTEXT ( ( #1367 ) ) GLOBAL_UNIT_ASSIGNED_CONTEXT ( ( #812, #1289, #1171 ) ) REPRESENTATION_CONTEXT ( 'NONE', 'WORKASPACE' ) );
#1065 = CARTESIAN_POINT ( 'NONE',  ( 721.9180019475016934, 916.9719275153092894, 1310.735526517046537 ) ) ;
#1066 = DIRECTION ( 'NONE',  ( 0.07317157541021192257, -0.6515180314347918111, -0.7550961364404676912 ) ) ;
#1067 = ORIENTED_EDGE ( 'NONE', *, *, #1072, .F. ) ;
#1068 = ORIENTED_EDGE ( 'NONE', *, *, #1380, .T. ) ;
#1069 = LINE ( 'NONE', #47, #1320 ) ;
#1070 = APPROVAL_STATUS ( 'not_yet_approved' ) ;
#1071 = CIRCLE ( 'NONE', #1000, 2.500000000000014211 ) ;
#1072 = EDGE_CURVE ( 'NONE', #1062, #284, #777, .T. ) ;
#1073 = ORIENTED_EDGE ( 'NONE', *, *, #443, .T. ) ;
#1074 = CARTESIAN_POINT ( 'NONE',  ( -112.2694310717167525, 999.6444426962395937, 1158.567560796140242 ) ) ;
#1075 = VERTEX_POINT ( 'NONE', #105 ) ;
#1076 = ORIENTED_EDGE ( 'NONE', *, *, #656, .F. ) ;
#1077 = PLANE ( 'NONE',  #1120 ) ;
#1078 = CYLINDRICAL_SURFACE ( 'NONE', #851, 5.999999999999914735 ) ;
#1079 = DATE_AND_TIME ( #1210, #872 ) ;
#1080 = DIRECTION ( 'NONE',  ( 0.07317157541021192257, -0.6515180314347918111, -0.7550961364404676912 ) ) ;
#1081 = EDGE_CURVE ( 'NONE', #39, #659, #332, .T. ) ;
#1082 = ORIENTED_EDGE ( 'NONE', *, *, #297, .F. ) ;
#1083 = DIRECTION ( 'NONE',  ( 0.03345502309866537488, -0.7550961364404676912, 0.6547599454472963210 ) ) ;
#1084 = EDGE_LOOP ( 'NONE', ( #1156, #1437, #1426, #268 ) ) ;
#1085 = VERTEX_POINT ( 'NONE', #439 ) ;
#1086 = DIRECTION ( 'NONE',  ( -0.07317157541021193645, 0.6515180314347929214, 0.7550961364404665810 ) ) ;
#1087 = CARTESIAN_POINT ( 'NONE',  ( 718.5409605511853215, 911.6312541648452452, 1309.719022241203675 ) ) ;
#1088 = LINE ( 'NONE', #983, #817 ) ;
#1089 = CC_DESIGN_DATE_AND_TIME_ASSIGNMENT ( #385, #24, ( #33 ) ) ;
#1090 = ORIENTED_EDGE ( 'NONE', *, *, #354, .F. ) ;
#1091 = AXIS2_PLACEMENT_3D ( 'NONE', #697, #27, #127 ) ;
#1092 = ADVANCED_FACE ( 'NONE', ( #1247 ), #555, .F. ) ;
#1093 = AXIS2_PLACEMENT_3D ( 'NONE', #1496, #1383, #1261 ) ;
#1094 = CYLINDRICAL_SURFACE ( 'NONE', #516, 4.000000000000000000 ) ;
#1095 = DIRECTION ( 'NONE',  ( 0.9670592738890179119, -0.1387389754671227715, 0.2134194402381808242 ) ) ;
#1096 = VECTOR ( 'NONE', #28, 1000.000000000000000 ) ;
#1097 = DIRECTION ( 'NONE',  ( -0.07317157541021193645, 0.6515180314347919222, 0.7550961364404676912 ) ) ;
#1098 = ORIENTED_EDGE ( 'NONE', *, *, #1419, .T. ) ;
#1099 = VERTEX_POINT ( 'NONE', #890 ) ;
#1100 = DIRECTION ( 'NONE',  ( 0.5212750289935844661, -0.6204890829809657227, 0.5858887625216735451 ) ) ;
#1101 = PLANE ( 'NONE',  #1018 ) ;
#1102 = EDGE_CURVE ( 'NONE', #235, #683, #898, .T. ) ;
#1103 = DIRECTION ( 'NONE',  ( 0.07317157541021192257, -0.6515180314347918111, -0.7550961364404676912 ) ) ;
#1104 = EDGE_LOOP ( 'NONE', ( #397, #140, #1317, #427 ) ) ;
#1105 = ORIENTED_EDGE ( 'NONE', *, *, #865, .T. ) ;
#1106 = CARTESIAN_POINT ( 'NONE',  ( 710.3635974476934507, 881.6255511517427976, 1340.113703011418465 ) ) ;
#1107 = DIRECTION ( 'NONE',  ( 0.5212750289935844661, -0.6204890829809657227, 0.5858887625216735451 ) ) ;
#1108 = EDGE_CURVE ( 'NONE', #760, #962, #457, .T. ) ;
#1109 = ADVANCED_FACE ( 'NONE', ( #90 ), #1487, .T. ) ;
#1110 = CARTESIAN_POINT ( 'NONE',  ( 716.9616712835546650, 935.7455392177416797, 1340.929545206832699 ) ) ;
#1111 = EDGE_LOOP ( 'NONE', ( #1428, #1036, #1090, #1165 ) ) ;
#1112 = ORIENTED_EDGE ( 'NONE', *, *, #826, .T. ) ;
#1113 = AXIS2_PLACEMENT_3D ( 'NONE', #456, #1483, #437 ) ;
#1114 = FACE_OUTER_BOUND ( 'NONE', #1505, .T. ) ;
#1115 = PLANE ( 'NONE',  #239 ) ;
#1116 = VECTOR ( 'NONE', #323, 1000.000000000000114 ) ;
#1117 = CIRCLE ( 'NONE', #309, 4.000000000000000000 ) ;
#1118 = CARTESIAN_POINT ( 'NONE',  ( 719.5514618220283865, 912.6861035831325353, 1314.204128693270377 ) ) ;
#1119 = EDGE_CURVE ( 'NONE', #568, #113, #1358, .T. ) ;
#1120 = AXIS2_PLACEMENT_3D ( 'NONE', #908, #1257, #505 ) ;
#1121 = ORIENTED_EDGE ( 'NONE', *, *, #691, .T. ) ;
#1122 = CARTESIAN_POINT ( 'NONE',  ( 721.8464428952963772, 909.0481024582439886, 1312.268150984553131 ) ) ;
#1123 = CARTESIAN_POINT ( 'NONE',  ( 716.6245988056198257, 938.7468248405236864, 1344.407974150888322 ) ) ;
#1124 = DIRECTION ( 'NONE',  ( -0.07317157541021192257, 0.6515180314347918111, 0.7550961364404676912 ) ) ;
#1125 = ADVANCED_FACE ( 'NONE', ( #112 ), #1504, .F. ) ;
#1126 = EDGE_LOOP ( 'NONE', ( #119, #710, #375, #454, #184, #1141 ) ) ;
#1127 = CARTESIAN_POINT ( 'NONE',  ( 725.0475277763512167, 911.1529413633404602, 1316.059572746195727 ) ) ;
#1128 = CARTESIAN_POINT ( 'NONE',  ( 717.2067960611789204, 933.5629538124351257, 1338.399973149757216 ) ) ;
#1129 = CARTESIAN_POINT ( 'NONE',  ( 717.9446122115921298, 916.9411261210387920, 1315.873055753193512 ) ) ;
#1130 = ORIENTED_EDGE ( 'NONE', *, *, #691, .F. ) ;
#1131 = CARTESIAN_POINT ( 'NONE',  ( 719.5514618220283865, 912.6861035831325353, 1314.204128693270377 ) ) ;
#1132 = FACE_OUTER_BOUND ( 'NONE', #69, .T. ) ;
#1133 = CARTESIAN_POINT ( 'NONE',  ( 717.8909502912644029, 927.4712602185198875, 1331.339824274038847 ) ) ;
#1134 = EDGE_CURVE ( 'NONE', #68, #351, #58, .T. ) ;
#1135 = CIRCLE ( 'NONE', #722, 5.999999999999983125 ) ;
#1136 = AXIS2_PLACEMENT_3D ( 'NONE', #558, #304, #1500 ) ;
#1137 = APPLICATION_PROTOCOL_DEFINITION ( 'international standard', 'config_control_design', 1994, #940 ) ;
#1138 = VECTOR ( 'NONE', #279, 1000.000000000000114 ) ;
#1139 = VERTEX_POINT ( 'NONE', #1035 ) ;
#1140 = AXIS2_PLACEMENT_3D ( 'NONE', #570, #231, #464 ) ;
#1141 = ORIENTED_EDGE ( 'NONE', *, *, #1259, .F. ) ;
#1142 = CARTESIAN_POINT ( 'NONE',  ( 718.3555897951193856, 923.3341207189090483, 1326.544963807641807 ) ) ;
#1143 = FACE_OUTER_BOUND ( 'NONE', #190, .T. ) ;
#1144 = ORIENTED_EDGE ( 'NONE', *, *, #10, .T. ) ;
#1145 = AXIS2_PLACEMENT_3D ( 'NONE', #793, #1478, #94 ) ;
#1146 = EDGE_CURVE ( 'NONE', #1030, #376, #658, .T. ) ;
#1147 = CARTESIAN_POINT ( 'NONE',  ( 716.4238686670278184, 943.2774016591664576, 1340.479414478204717 ) ) ;
#1148 = DIRECTION ( 'NONE',  ( 0.9670592738890179119, -0.1387389754671227715, 0.2134194402381808242 ) ) ;
#1149 = DIRECTION ( 'NONE',  ( -0.07317157541021192257, 0.6515180314347918111, 0.7550961364404676912 ) ) ;
#1150 = CARTESIAN_POINT ( 'NONE',  ( 717.7571301988696177, 930.4916447642817730, 1328.720784492249550 ) ) ;
#1151 = CARTESIAN_POINT ( 'NONE',  ( 716.2704896791449301, 925.8160770508328596, 1324.201408757555100 ) ) ;
#1152 = ORIENTED_EDGE ( 'NONE', *, *, #1155, .T. ) ;
#1153 = EDGE_CURVE ( 'NONE', #470, #492, #767, .T. ) ;
#1154 = CARTESIAN_POINT ( 'NONE',  ( 717.6150213607079422, 937.5678955828595917, 1345.521162799679814 ) ) ;
#1155 = EDGE_CURVE ( 'NONE', #1299, #1468, #210, .T. ) ;
#1156 = ORIENTED_EDGE ( 'NONE', *, *, #806, .F. ) ;
#1157 = DIRECTION ( 'NONE',  ( 0.07317157541021192257, -0.6515180314347918111, -0.7550961364404676912 ) ) ;
#1158 = DIRECTION ( 'NONE',  ( -0.03345502309867742774, 0.7550961364404806808, -0.6547599454472807778 ) ) ;
#1159 = ORIENTED_EDGE ( 'NONE', *, *, #650, .F. ) ;
#1160 = ORIENTED_EDGE ( 'NONE', *, *, #382, .T. ) ;
#1161 = FACE_OUTER_BOUND ( 'NONE', #390, .T. ) ;
#1162 = VECTOR ( 'NONE', #482, 1000.000000000000114 ) ;
#1163 = AXIS2_PLACEMENT_3D ( 'NONE', #1279, #217, #922 ) ;
#1164 = ADVANCED_FACE ( 'NONE', ( #1143 ), #86, .T. ) ;
#1165 = ORIENTED_EDGE ( 'NONE', *, *, #671, .F. ) ;
#1166 = VECTOR ( 'NONE', #130, 1000.000000000000000 ) ;
#1167 = CARTESIAN_POINT ( 'NONE',  ( 717.8909502912644029, 927.4712602185198875, 1331.339824274038847 ) ) ;
#1168 = CARTESIAN_POINT ( 'NONE',  ( 716.7421565573241651, 937.7000933120460786, 1343.194833616154028 ) ) ;
#1169 = CARTESIAN_POINT ( 'NONE',  ( 717.6714355650337893, 929.4258143128241727, 1333.605112683360176 ) ) ;
#1170 = VERTEX_POINT ( 'NONE', #1272 ) ;
#1171 =( NAMED_UNIT ( * ) SI_UNIT ( $, .STERADIAN. ) SOLID_ANGLE_UNIT ( ) );
#1172 = ORIENTED_EDGE ( 'NONE', *, *, #656, .T. ) ;
#1173 = DIRECTION ( 'NONE',  ( 0.5212750289935844661, -0.6204890829809657227, 0.5858887625216735451 ) ) ;
#1174 = ORIENTED_EDGE ( 'NONE', *, *, #136, .F. ) ;
#1175 = EDGE_CURVE ( 'NONE', #847, #1085, #342, .T. ) ;
#1176 = DIRECTION ( 'NONE',  ( -0.07317157541021192257, 0.6515180314347918111, 0.7550961364404676912 ) ) ;
#1177 = CARTESIAN_POINT ( 'NONE',  ( 719.8441481236693562, 910.0800314573929199, 1311.183744147507923 ) ) ;
#1178 = LINE ( 'NONE', #135, #1096 ) ;
#1179 = ORIENTED_EDGE ( 'NONE', *, *, #1332, .F. ) ;
#1180 = EDGE_LOOP ( 'NONE', ( #924, #861, #675, #810 ) ) ;
#1181 = DIRECTION ( 'NONE',  ( 0.07317157541021192257, -0.6515180314347918111, -0.7550961364404675802 ) ) ;
#1182 = ORIENTED_EDGE ( 'NONE', *, *, #115, .F. ) ;
#1183 = DIRECTION ( 'NONE',  ( 0.07317157541021192257, -0.6515180314347918111, -0.7550961364404676912 ) ) ;
#1184 = PLANE ( 'NONE',  #167 ) ;
#1185 = ORIENTED_EDGE ( 'NONE', *, *, #1244, .F. ) ;
#1186 = ORIENTED_EDGE ( 'NONE', *, *, #1054, .T. ) ;
#1187 = CARTESIAN_POINT ( 'NONE',  ( 716.2448053999726199, 931.1732183963829357, 1335.871604769202122 ) ) ;
#1188 = EDGE_CURVE ( 'NONE', #1280, #441, #540, .T. ) ;
#1189 = PERSON_AND_ORGANIZATION_ROLE ( 'design_supplier' ) ;
#1190 = LINE ( 'NONE', #246, #484 ) ;
#1191 = AXIS2_PLACEMENT_3D ( 'NONE', #1057, #133, #249 ) ;
#1192 = ORIENTED_EDGE ( 'NONE', *, *, #920, .T. ) ;
#1193 = CIRCLE ( 'NONE', #1359, 5.999999999999976907 ) ;
#1194 = CIRCLE ( 'NONE', #641, 5.999999999999979572 ) ;
#1195 = DIRECTION ( 'NONE',  ( 0.2438078779228257942, 0.7458389580879144498, -0.6199048049992054166 ) ) ;
#1196 = CARTESIAN_POINT ( 'NONE',  ( 718.1360750688887720, 925.2886748132134471, 1328.810252216963136 ) ) ;
#1197 = CARTESIAN_POINT ( 'NONE',  ( 716.5414264187319304, 942.2306701306888499, 1339.266273943470424 ) ) ;
#1198 = VERTEX_POINT ( 'NONE', #45 ) ;
#1199 = LOCAL_TIME ( 23, 58, 38.00000000000000000, #364 ) ;
#1200 = ORIENTED_EDGE ( 'NONE', *, *, #1372, .F. ) ;
#1201 = DIRECTION ( 'NONE',  ( -0.2438078779228410597, -0.7458389580879110081, 0.6199048049992033071 ) ) ;
#1202 = ADVANCED_FACE ( 'NONE', ( #1287 ), #839, .T. ) ;
#1203 = AXIS2_PLACEMENT_3D ( 'NONE', #158, #1336, #612 ) ;
#1204 = AXIS2_PLACEMENT_3D ( 'NONE', #1486, #1503, #1352 ) ;
#1205 = CARTESIAN_POINT ( 'NONE',  ( 716.6245988056198257, 938.7468248405236864, 1344.407974150888322 ) ) ;
#1206 = VERTEX_POINT ( 'NONE', #1052 ) ;
#1207 = LINE ( 'NONE', #481, #1316 ) ;
#1208 = VERTEX_POINT ( 'NONE', #1197 ) ;
#1209 = DIRECTION ( 'NONE',  ( 0.07317157541021193645, -0.6515180314347918111, -0.7550961364404676912 ) ) ;
#1210 = CALENDAR_DATE ( 2026, 26, 4 ) ;
#1211 = EDGE_CURVE ( 'NONE', #719, #952, #380, .T. ) ;
#1212 = DIRECTION ( 'NONE',  ( -0.07317157541021399036, 0.6515180314347943646, 0.7550961364404653597 ) ) ;
#1213 = EDGE_LOOP ( 'NONE', ( #1174, #1453, #778, #197, #1034, #1301 ) ) ;
#1214 = EDGE_CURVE ( 'NONE', #919, #883, #974, .T. ) ;
#1215 = ORIENTED_EDGE ( 'NONE', *, *, #520, .F. ) ;
#1216 = DIRECTION ( 'NONE',  ( -0.03345502309867742774, 0.7550961364404806808, -0.6547599454472807778 ) ) ;
#1217 = CARTESIAN_POINT ( 'NONE',  ( 719.2477997840760509, 915.3899034135863531, 1317.337777659497760 ) ) ;
#1218 = CALENDAR_DATE ( 2026, 26, 4 ) ;
#1219 = ORIENTED_EDGE ( 'NONE', *, *, #591, .T. ) ;
#1220 = CARTESIAN_POINT ( 'NONE',  ( 719.2918961771533759, 931.0809974805114280, 1340.743528199843922 ) ) ;
#1221 = CIRCLE ( 'NONE', #75, 2.499999999999990674 ) ;
#1222 = EDGE_CURVE ( 'NONE', #515, #1494, #368, .T. ) ;
#1223 = ORIENTED_EDGE ( 'NONE', *, *, #453, .T. ) ;
#1224 = AXIS2_PLACEMENT_3D ( 'NONE', #293, #528, #1460 ) ;
#1225 = VERTEX_POINT ( 'NONE', #152 ) ;
#1226 = PLANE ( 'NONE',  #627 ) ;
#1227 = DIRECTION ( 'NONE',  ( 0.03345502309866865004, -0.7550961364404729093, 0.6547599454472901037 ) ) ;
#1228 = DIRECTION ( 'NONE',  ( -0.03345502309866865004, 0.7550961364404729093, -0.6547599454472901037 ) ) ;
#1229 = ORIENTED_EDGE ( 'NONE', *, *, #1427, .T. ) ;
#1230 = VERTEX_POINT ( 'NONE', #358 ) ;
#1231 = DIRECTION ( 'NONE',  ( 0.07317157541021192257, -0.6515180314347918111, -0.7550961364404675802 ) ) ;
#1232 = DIRECTION ( 'NONE',  ( -0.5212750289935844661, 0.6204890829809657227, -0.5858887625216735451 ) ) ;
#1233 = CARTESIAN_POINT ( 'NONE',  ( 718.0116725107197908, 934.0361228285731841, 1341.427910068555093 ) ) ;
#1234 = ORIENTED_EDGE ( 'NONE', *, *, #1072, .T. ) ;
#1235 = EDGE_LOOP ( 'NONE', ( #1185, #25, #699, #740, #674, #606 ) ) ;
#1236 = LINE ( 'NONE', #1458, #701 ) ;
#1237 = CARTESIAN_POINT ( 'NONE',  ( 716.9256137472812043, 925.1113164660736174, 1328.845983825178109 ) ) ;
#1238 = ADVANCED_FACE ( 'NONE', ( #504 ), #1438, .F. ) ;
#1239 = CARTESIAN_POINT ( 'NONE',  ( 715.3412106714353058, 934.0903560500548792, 1333.791129690349180 ) ) ;
#1240 = EDGE_LOOP ( 'NONE', ( #1130, #348, #769, #156 ) ) ;
#1241 = DIRECTION ( 'NONE',  ( -0.07317157541021192257, 0.6515180314347918111, 0.7550961364404675802 ) ) ;
#1242 = DIRECTION ( 'NONE',  ( 0.07317157541021192257, -0.6515180314347918111, -0.7550961364404676912 ) ) ;
#1243 = VECTOR ( 'NONE', #942, 1000.000000000000114 ) ;
#1244 = EDGE_CURVE ( 'NONE', #728, #1368, #1178, .T. ) ;
#1245 = DIRECTION ( 'NONE',  ( 0.03345502309866537488, -0.7550961364404676912, 0.6547599454472963210 ) ) ;
#1246 = DIRECTION ( 'NONE',  ( -0.1030193520774420057, -0.7580132070019007795, 0.6440520096298415487 ) ) ;
#1247 = FACE_OUTER_BOUND ( 'NONE', #1104, .T. ) ;
#1248 = CARTESIAN_POINT ( 'NONE',  ( -102.3917970537658277, 1029.861367297233073, 1133.452733326580301 ) ) ;
#1249 = CC_DESIGN_PERSON_AND_ORGANIZATION_ASSIGNMENT ( #479, #1189, ( #61 ) ) ;
#1250 = ADVANCED_FACE ( 'NONE', ( #1059 ), #830, .T. ) ;
#1251 = EDGE_LOOP ( 'NONE', ( #369, #1444, #254, #472 ) ) ;
#1252 = CARTESIAN_POINT ( 'NONE',  ( 716.7609411449626577, 940.2761160363843373, 1337.000985534148867 ) ) ;
#1253 = DIRECTION ( 'NONE',  ( 0.07317157541021192257, -0.6515180314347925883, -0.7550961364404669141 ) ) ;
#1254 = DIRECTION ( 'NONE',  ( 0.07317157541021192257, -0.6515180314347925883, -0.7550961364404669141 ) ) ;
#1255 = VERTEX_POINT ( 'NONE', #1321 ) ;
#1256 = CARTESIAN_POINT ( 'NONE',  ( 721.0371780300868068, 914.2773763858685925, 1312.975105415873031 ) ) ;
#1257 = DIRECTION ( 'NONE',  ( -0.07317157541021192257, 0.6515180314347918111, 0.7550961364404676912 ) ) ;
#1258 = ORIENTED_EDGE ( 'NONE', *, *, #765, .T. ) ;
#1259 = EDGE_CURVE ( 'NONE', #1099, #485, #700, .T. ) ;
#1260 = DIRECTION ( 'NONE',  ( -0.03345502309866865004, 0.7550961364404729093, -0.6547599454472901037 ) ) ;
#1261 = DIRECTION ( 'NONE',  ( 0.000000000000000000, -0.7571257123220939134, 0.6532692061782507942 ) ) ;
#1262 = VERTEX_POINT ( 'NONE', #1401 ) ;
#1263 = AXIS2_PLACEMENT_3D ( 'NONE', #649, #1501, #1492 ) ;
#1264 = VECTOR ( 'NONE', #1148, 1000.000000000000227 ) ;
#1265 = AXIS2_PLACEMENT_3D ( 'NONE', #107, #661, #449 ) ;
#1266 = DIRECTION ( 'NONE',  ( -0.1030193525862388715, -0.7580132069861736932, 0.6440520095669668432 ) ) ;
#1267 = CARTESIAN_POINT ( 'NONE',  ( 716.6245988056198257, 938.7468248405236864, 1344.407974150888322 ) ) ;
#1268 = CARTESIAN_POINT ( 'NONE',  ( 716.4907787132250405, 941.7672093862855718, 1341.788934369099252 ) ) ;
#1269 = ORIENTED_EDGE ( 'NONE', *, *, #31, .F. ) ;
#1270 = LINE ( 'NONE', #676, #694 ) ;
#1271 = CARTESIAN_POINT ( 'NONE',  ( 719.8441481236691288, 910.0800314573928063, 1311.183744147507923 ) ) ;
#1272 = CARTESIAN_POINT ( 'NONE',  ( 715.0084248949270886, 929.0116093110991642, 1325.294919641833076 ) ) ;
#1273 = EDGE_LOOP ( 'NONE', ( #1053, #906, #1219, #294 ) ) ;
#1274 = EDGE_CURVE ( 'NONE', #327, #84, #264, .T. ) ;
#1275 = VECTOR ( 'NONE', #904, 1000.000000000000114 ) ;
#1276 = ADVANCED_FACE ( 'NONE', ( #37 ), #1078, .T. ) ;
#1277 = EDGE_CURVE ( 'NONE', #568, #299, #1308, .T. ) ;
#1278 = CARTESIAN_POINT ( 'NONE',  ( 719.5114109033838758, 929.1264433862071428, 1338.478239790522366 ) ) ;
#1279 = CARTESIAN_POINT ( 'NONE',  ( 717.0212499556315606, 935.2150520862370513, 1340.314721419763600 ) ) ;
#1280 = VERTEX_POINT ( 'NONE', #849 ) ;
#1281 = ORIENTED_EDGE ( 'NONE', *, *, #1461, .T. ) ;
#1282 = EDGE_CURVE ( 'NONE', #1009, #714, #1117, .T. ) ;
#1283 = DIRECTION ( 'NONE',  ( -0.5212750289935844661, 0.6204890829809657227, -0.5858887625216735451 ) ) ;
#1284 = ORIENTED_EDGE ( 'NONE', *, *, #1372, .T. ) ;
#1285 = CARTESIAN_POINT ( 'NONE',  ( 725.3402140779919591, 908.5468692376012996, 1313.039188200433728 ) ) ;
#1286 = LINE ( 'NONE', #234, #120 ) ;
#1287 = FACE_OUTER_BOUND ( 'NONE', #1180, .T. ) ;
#1288 = ORIENTED_EDGE ( 'NONE', *, *, #773, .F. ) ;
#1289 =( NAMED_UNIT ( * ) PLANE_ANGLE_UNIT ( ) SI_UNIT ( $, .RADIAN. ) );
#1290 = AXIS2_PLACEMENT_3D ( 'NONE', #956, #356, #373 ) ;
#1291 = DIRECTION ( 'NONE',  ( 0.5212750289935844661, -0.6204890829809657227, 0.5858887625216735451 ) ) ;
#1292 = CIRCLE ( 'NONE', #1191, 4.000000000000000000 ) ;
#1293 = ADVANCED_FACE ( 'NONE', ( #1323 ), #353, .T. ) ;
#1294 = EDGE_CURVE ( 'NONE', #352, #258, #824, .T. ) ;
#1295 = CIRCLE ( 'NONE', #147, 4.000000000000000000 ) ;
#1296 = CARTESIAN_POINT ( 'NONE',  ( 717.6714355650337893, 929.4258143128241727, 1333.605112683360176 ) ) ;
#1297 = ORIENTED_EDGE ( 'NONE', *, *, #344, .F. ) ;
#1298 = FACE_OUTER_BOUND ( 'NONE', #1046, .T. ) ;
#1299 = VERTEX_POINT ( 'NONE', #144 ) ;
#1300 = CALENDAR_DATE ( 2026, 26, 4 ) ;
#1301 = ORIENTED_EDGE ( 'NONE', *, *, #1108, .F. ) ;
#1302 = EDGE_CURVE ( 'NONE', #1368, #84, #159, .T. ) ;
#1303 = DIRECTION ( 'NONE',  ( 0.000000000000000000, 0.6391933922672355939, 0.7690460371667642292 ) ) ;
#1304 = LINE ( 'NONE', #1168, #1385 ) ;
#1305 = DIRECTION ( 'NONE',  ( -0.07317157541021192257, 0.6515180314347918111, 0.7550961364404676912 ) ) ;
#1306 = VERTEX_POINT ( 'NONE', #478 ) ;
#1307 = ORIENTED_EDGE ( 'NONE', *, *, #715, .T. ) ;
#1308 = LINE ( 'NONE', #384, #1362 ) ;
#1309 = ORIENTED_EDGE ( 'NONE', *, *, #201, .T. ) ;
#1310 = DIRECTION ( 'NONE',  ( 0.07317157541021192257, -0.6515180314347918111, -0.7550961364404675802 ) ) ;
#1311 = DIRECTION ( 'NONE',  ( -0.03345502309866537488, 0.7550961364404676912, -0.6547599454472963210 ) ) ;
#1312 = EDGE_LOOP ( 'NONE', ( #1347, #247, #1172, #947 ) ) ;
#1313 = EDGE_CURVE ( 'NONE', #492, #470, #1069, .T. ) ;
#1314 = ORIENTED_EDGE ( 'NONE', *, *, #841, .T. ) ;
#1315 = VERTEX_POINT ( 'NONE', #1087 ) ;
#1316 = VECTOR ( 'NONE', #44, 1000.000000000000000 ) ;
#1317 = ORIENTED_EDGE ( 'NONE', *, *, #987, .F. ) ;
#1318 = VECTOR ( 'NONE', #1254, 1000.000000000000114 ) ;
#1319 = PLANE ( 'NONE',  #527 ) ;
#1320 = VECTOR ( 'NONE', #497, 1000.000000000000000 ) ;
#1321 = CARTESIAN_POINT ( 'NONE',  ( 720.5539609613711036, 927.8854652202452371, 1339.650017315565947 ) ) ;
#1322 = CARTESIAN_POINT ( 'NONE',  ( 722.2106882491424358, 914.3658553895701289, 1307.715141971284766 ) ) ;
#1323 = FACE_OUTER_BOUND ( 'NONE', #655, .T. ) ;
#1324 = APPROVAL_STATUS ( 'not_yet_approved' ) ;
#1325 = CIRCLE ( 'NONE', #1203, 2.500000000000014211 ) ;
#1326 = EDGE_CURVE ( 'NONE', #1198, #275, #842, .T. ) ;
#1327 = CARTESIAN_POINT ( 'NONE',  ( 719.5514618220283865, 912.6861035831325353, 1314.204128693270377 ) ) ;
#1328 = ORIENTED_EDGE ( 'NONE', *, *, #283, .F. ) ;
#1329 = ORIENTED_EDGE ( 'NONE', *, *, #865, .F. ) ;
#1330 = DIRECTION ( 'NONE',  ( -0.03345502309867742774, 0.7550961364404806808, -0.6547599454472807778 ) ) ;
#1331 = CARTESIAN_POINT ( 'NONE',  ( 719.0467713995291206, 933.2635828858178684, 1343.273100256919406 ) ) ;
#1332 = EDGE_CURVE ( 'NONE', #299, #876, #137, .T. ) ;
#1333 = CYLINDRICAL_SURFACE ( 'NONE', #486, 5.999999999999914735 ) ;
#1334 = ORIENTED_EDGE ( 'NONE', *, *, #1134, .T. ) ;
#1335 = VERTEX_POINT ( 'NONE', #934 ) ;
#1336 = DIRECTION ( 'NONE',  ( 0.07317157541021192257, -0.6515180314347918111, -0.7550961364404676912 ) ) ;
#1337 = CARTESIAN_POINT ( 'NONE',  ( 716.6245988056198257, 938.7468248405235727, 1344.407974150888322 ) ) ;
#1338 = EDGE_LOOP ( 'NONE', ( #660, #687, #132, #1342 ) ) ;
#1339 = CARTESIAN_POINT ( 'NONE',  ( 720.7990857389954726, 925.7028798149385693, 1337.120445258490236 ) ) ;
#1340 = EDGE_CURVE ( 'NONE', #728, #774, #1405, .T. ) ;
#1341 = VECTOR ( 'NONE', #729, 1000.000000000000114 ) ;
#1342 = ORIENTED_EDGE ( 'NONE', *, *, #773, .T. ) ;
#1343 = CIRCLE ( 'NONE', #918, 5.999999999999976907 ) ;
#1344 = DIRECTION ( 'NONE',  ( -0.03345502309866865004, 0.7550961364404729093, -0.6547599454472901037 ) ) ;
#1345 = CARTESIAN_POINT ( 'NONE',  ( 721.1473356961531636, 908.5288087499403673, 1312.648466053811944 ) ) ;
#1346 = CIRCLE ( 'NONE', #536, 5.999999999999914735 ) ;
#1347 = ORIENTED_EDGE ( 'NONE', *, *, #582, .F. ) ;
#1348 = ORIENTED_EDGE ( 'NONE', *, *, #1302, .T. ) ;
#1349 = EDGE_CURVE ( 'NONE', #998, #1262, #823, .T. ) ;
#1350 = CARTESIAN_POINT ( 'NONE',  ( 713.4969486316583698, 942.4697593384095171, 1340.892641575758262 ) ) ;
#1351 = LINE ( 'NONE', #630, #666 ) ;
#1352 = DIRECTION ( 'NONE',  ( -0.03345502309866865004, 0.7550961364404729093, -0.6547599454472901037 ) ) ;
#1353 = DIRECTION ( 'NONE',  ( 0.9670592738890149143, -0.1387389754671343733, 0.2134194402381871247 ) ) ;
#1354 = EDGE_CURVE ( 'NONE', #938, #39, #7, .T. ) ;
#1355 = CARTESIAN_POINT ( 'NONE',  ( 719.8524544583140141, 928.4971332870597962, 1338.530200106436268 ) ) ;
#1356 = VECTOR ( 'NONE', #379, 1000.000000000000114 ) ;
#1357 = CARTESIAN_POINT ( 'NONE',  ( 714.8765711675805505, 938.2274955496657185, 1338.585990156745765 ) ) ;
#1358 = LINE ( 'NONE', #1370, #1318 ) ;
#1359 = AXIS2_PLACEMENT_3D ( 'NONE', #450, #894, #1365 ) ;
#1360 = ADVANCED_FACE ( 'NONE', ( #195 ), #1101, .T. ) ;
#1361 = VECTOR ( 'NONE', #1095, 1000.000000000000227 ) ;
#1362 = VECTOR ( 'NONE', #1201, 1000.000000000000114 ) ;
#1363 = CC_DESIGN_APPROVAL ( #763, ( #1012 ) ) ;
#1364 = EDGE_CURVE ( 'NONE', #1468, #275, #620, .T. ) ;
#1365 = DIRECTION ( 'NONE',  ( -0.1030193525862388715, -0.7580132069861736932, 0.6440520095669668432 ) ) ;
#1366 = AXIS2_PLACEMENT_3D ( 'NONE', #980, #755, #164 ) ;
#1367 = UNCERTAINTY_MEASURE_WITH_UNIT (LENGTH_MEASURE( 1.000000000000000082E-05 ), #812, 'distance_accuracy_value', 'NONE');
#1368 = VERTEX_POINT ( 'NONE', #1331 ) ;
#1369 = LINE ( 'NONE', #1142, #413 ) ;
#1370 = CARTESIAN_POINT ( 'NONE',  ( 720.0734202862773827, 917.2365600737779232, 1310.328447451431657 ) ) ;
#1371 = DIRECTION ( 'NONE',  ( -0.03345502309867742774, 0.7550961364404806808, -0.6547599454472807778 ) ) ;
#1372 = EDGE_CURVE ( 'NONE', #643, #480, #286, .T. ) ;
#1373 = EDGE_LOOP ( 'NONE', ( #471, #1439, #388, #176 ) ) ;
#1374 = CARTESIAN_POINT ( 'NONE',  ( 717.4263107874095340, 931.6083997181308405, 1336.134684740435887 ) ) ;
#1375 = DIRECTION ( 'NONE',  ( 0.07317157541021192257, -0.6515180314347918111, -0.7550961364404676912 ) ) ;
#1376 = ORIENTED_EDGE ( 'NONE', *, *, #1102, .F. ) ;
#1377 = DIRECTION ( 'NONE',  ( 0.000000000000000000, 0.6391933922672353718, 0.7690460371667642292 ) ) ;
#1378 = PLANE ( 'NONE',  #672 ) ;
#1379 = DIRECTION ( 'NONE',  ( -0.03345502309867742774, 0.7550961364404806808, -0.6547599454472807778 ) ) ;
#1380 = EDGE_CURVE ( 'NONE', #1085, #1494, #519, .T. ) ;
#1381 = CARTESIAN_POINT ( 'NONE',  ( 719.7522489795815090, 935.0238903426378556, 1347.923306726018382 ) ) ;
#1382 = DIRECTION ( 'NONE',  ( 0.07317157541021192257, -0.6515180314347918111, -0.7550961364404676912 ) ) ;
#1383 = DIRECTION ( 'NONE',  ( -0.07317157541021195033, 0.6515180314347930324, 0.7550961364404668030 ) ) ;
#1384 = ORIENTED_EDGE ( 'NONE', *, *, #982, .T. ) ;
#1385 = VECTOR ( 'NONE', #134, 1000.000000000000000 ) ;
#1386 = CIRCLE ( 'NONE', #529, 4.000000000000000000 ) ;
#1387 = DIRECTION ( 'NONE',  ( -0.07317157541021192257, 0.6515180314347918111, 0.7550961364404675802 ) ) ;
#1388 = CARTESIAN_POINT ( 'NONE',  ( 721.2637252428502279, 921.5657403153277301, 1332.325584792093196 ) ) ;
#1389 = FACE_OUTER_BOUND ( 'NONE', #592, .T. ) ;
#1390 = ORIENTED_EDGE ( 'NONE', *, *, #372, .F. ) ;
#1391 = LINE ( 'NONE', #1177, #407 ) ;
#1392 = DIRECTION ( 'NONE',  ( -0.07317157541021192257, 0.6515180314347918111, 0.7550961364404676912 ) ) ;
#1393 = CIRCLE ( 'NONE', #292, 5.999999999999979572 ) ;
#1394 = EDGE_CURVE ( 'NONE', #1255, #883, #66, .T. ) ;
#1395 = ORIENTED_EDGE ( 'NONE', *, *, #1326, .F. ) ;
#1396 = CARTESIAN_POINT ( 'NONE',  ( 725.8052564519517773, 909.9694923399468962, 1311.856773568851168 ) ) ;
#1397 = CYLINDRICAL_SURFACE ( 'NONE', #359, 4.000000000000000000 ) ;
#1398 = EDGE_LOOP ( 'NONE', ( #1470, #96, #371, #1024 ) ) ;
#1399 = CARTESIAN_POINT ( 'NONE',  ( 715.1216959452048059, 936.0449101443590507, 1336.056418099670282 ) ) ;
#1400 = LINE ( 'NONE', #809, #1162 ) ;
#1401 = CARTESIAN_POINT ( 'NONE',  ( 719.1641622263292675, 917.2776437546875741, 1315.700877795879478 ) ) ;
#1402 = ORIENTED_EDGE ( 'NONE', *, *, #248, .T. ) ;
#1403 = ORIENTED_EDGE ( 'NONE', *, *, #302, .T. ) ;
#1404 = ADVANCED_FACE ( 'NONE', ( #738 ), #756, .T. ) ;
#1405 = LINE ( 'NONE', #510, #642 ) ;
#1406 = CARTESIAN_POINT ( 'NONE',  ( 717.2067960611791477, 933.5629538124352393, 1338.399973149757216 ) ) ;
#1407 = ORIENTED_EDGE ( 'NONE', *, *, #320, .T. ) ;
#1408 = CARTESIAN_POINT ( 'NONE',  ( 717.8909502912644029, 927.4712602185198875, 1331.339824274038847 ) ) ;
#1409 = ADVANCED_BREP_SHAPE_REPRESENTATION ( 'camBarrelWithNoHoleBottom', ( #541, #1265 ), #1064 ) ;
#1410 = CARTESIAN_POINT ( 'NONE',  ( 716.6245988056198257, 938.7468248405236864, 1344.407974150888322 ) ) ;
#1411 = DIRECTION ( 'NONE',  ( 0.07317157541021192257, -0.6515180314347925883, -0.7550961364404669141 ) ) ;
#1412 = ORIENTED_EDGE ( 'NONE', *, *, #31, .T. ) ;
#1413 = DIRECTION ( 'NONE',  ( -0.03345502309867742774, 0.7550961364404806808, -0.6547599454472807778 ) ) ;
#1414 = COORDINATED_UNIVERSAL_TIME_OFFSET ( 5, 0, .BEHIND. ) ;
#1415 = VECTOR ( 'NONE', #458, 1000.000000000000000 ) ;
#1416 = CARTESIAN_POINT ( 'NONE',  ( 721.5537565936555211, 911.6541745839832629, 1315.288535530314675 ) ) ;
#1417 = AXIS2_PLACEMENT_3D ( 'NONE', #624, #1097, #1473 ) ;
#1418 = AXIS2_PLACEMENT_3D ( 'NONE', #1498, #220, #1371 ) ;
#1419 = EDGE_CURVE ( 'NONE', #1494, #118, #410, .T. ) ;
#1420 = AXIS2_PLACEMENT_3D ( 'NONE', #143, #1305, #469 ) ;
#1421 = ORIENTED_EDGE ( 'NONE', *, *, #83, .T. ) ;
#1422 = PLANE ( 'NONE',  #1485 ) ;
#1423 = CARTESIAN_POINT ( 'NONE',  ( 716.7421565573240514, 937.7000933120460786, 1343.194833616154028 ) ) ;
#1424 = CARTESIAN_POINT ( 'NONE',  ( 716.6245988056198257, 938.7468248405236864, 1344.407974150888322 ) ) ;
#1425 = ORIENTED_EDGE ( 'NONE', *, *, #1044, .F. ) ;
#1426 = ORIENTED_EDGE ( 'NONE', *, *, #248, .F. ) ;
#1427 = EDGE_CURVE ( 'NONE', #1075, #1255, #1194, .T. ) ;
#1428 = ORIENTED_EDGE ( 'NONE', *, *, #639, .T. ) ;
#1429 = DIRECTION ( 'NONE',  ( 0.07317157541021192257, -0.6515180314347918111, -0.7550961364404676912 ) ) ;
#1430 = CARTESIAN_POINT ( 'NONE',  ( 718.1360750688885446, 925.2886748132133334, 1328.810252216963136 ) ) ;
#1431 = ORIENTED_EDGE ( 'NONE', *, *, #155, .F. ) ;
#1432 = DIRECTION ( 'NONE',  ( -0.03345502309866865004, 0.7550961364404729093, -0.6547599454472901037 ) ) ;
#1433 = ORIENTED_EDGE ( 'NONE', *, *, #1081, .T. ) ;
#1434 = APPROVAL ( #1324, 'UNSPECIFIED' ) ;
#1435 = EDGE_CURVE ( 'NONE', #1299, #998, #886, .T. ) ;
#1436 = CARTESIAN_POINT ( 'NONE',  ( 720.0893214575163483, 932.0226047198559627, 1344.444877781962532 ) ) ;
#1437 = ORIENTED_EDGE ( 'NONE', *, *, #82, .T. ) ;
#1438 = PLANE ( 'NONE',  #578 ) ;
#1439 = ORIENTED_EDGE ( 'NONE', *, *, #1054, .F. ) ;
#1440 = EDGE_CURVE ( 'NONE', #258, #1306, #1351, .T. ) ;
#1441 = DIRECTION ( 'NONE',  ( 0.07317157541021192257, -0.6515180314347918111, -0.7550961364404676912 ) ) ;
#1442 = APPROVAL_ROLE ( '' ) ;
#1443 = CIRCLE ( 'NONE', #1113, 4.000000000000000000 ) ;
#1444 = ORIENTED_EDGE ( 'NONE', *, *, #312, .F. ) ;
#1445 = VECTOR ( 'NONE', #733, 1000.000000000000114 ) ;
#1446 = ORIENTED_EDGE ( 'NONE', *, *, #1457, .F. ) ;
#1447 = LOCAL_TIME ( 23, 58, 38.00000000000000000, #967 ) ;
#1448 = FACE_OUTER_BOUND ( 'NONE', #882, .T. ) ;
#1449 = DIRECTION ( 'NONE',  ( 0.000000000000000000, -0.7571257123220740404, 0.6532692061782737758 ) ) ;
#1450 = EDGE_CURVE ( 'NONE', #734, #603, #577, .T. ) ;
#1451 = DIRECTION ( 'NONE',  ( 0.07317157541021192257, -0.6515180314347918111, -0.7550961364404676912 ) ) ;
#1452 = EDGE_LOOP ( 'NONE', ( #736, #178, #959, #786 ) ) ;
#1453 = ORIENTED_EDGE ( 'NONE', *, *, #97, .T. ) ;
#1454 = ORIENTED_EDGE ( 'NONE', *, *, #1222, .T. ) ;
#1455 = FACE_OUTER_BOUND ( 'NONE', #663, .T. ) ;
#1456 = CARTESIAN_POINT ( 'NONE',  ( 717.6987578062222610, 932.6926816610774722, 1360.150336348943483 ) ) ;
#1457 = EDGE_CURVE ( 'NONE', #734, #29, #417, .T. ) ;
#1458 = CARTESIAN_POINT ( 'NONE',  ( 717.4263107874096477, 931.6083997181309542, 1336.134684740435887 ) ) ;
#1459 = CARTESIAN_POINT ( 'NONE',  ( 719.8441481236691288, 910.0800314573928063, 1311.183744147507923 ) ) ;
#1460 = DIRECTION ( 'NONE',  ( 0.03345502309866537488, -0.7550961364404676912, 0.6547599454472963210 ) ) ;
#1461 = EDGE_CURVE ( 'NONE', #282, #683, #393, .T. ) ;
#1462 = VECTOR ( 'NONE', #151, 1000.000000000000000 ) ;
#1463 = ORIENTED_EDGE ( 'NONE', *, *, #999, .F. ) ;
#1464 = AXIS2_PLACEMENT_3D ( 'NONE', #1123, #72, #880 ) ;
#1465 = DIRECTION ( 'NONE',  ( 0.07317157541021192257, -0.6515180314347918111, -0.7550961364404675802 ) ) ;
#1466 = CIRCLE ( 'NONE', #38, 5.999999999999979572 ) ;
#1467 = AXIS2_PLACEMENT_3D ( 'NONE', #85, #545, #89 ) ;
#1468 = VERTEX_POINT ( 'NONE', #1345 ) ;
#1469 = ADVANCED_FACE ( 'NONE', ( #63 ), #1115, .T. ) ;
#1470 = ORIENTED_EDGE ( 'NONE', *, *, #423, .F. ) ;
#1471 = CARTESIAN_POINT ( 'NONE',  ( 718.3555897951192719, 923.3341207189089346, 1326.544963807641807 ) ) ;
#1472 = CARTESIAN_POINT ( 'NONE',  ( 716.9616712835546650, 935.7455392177416797, 1340.929545206832699 ) ) ;
#1473 = DIRECTION ( 'NONE',  ( 0.000000000000000000, -0.7571257123220740404, 0.6532692061782737758 ) ) ;
#1474 = ORIENTED_EDGE ( 'NONE', *, *, #979, .T. ) ;
#1475 = ORIENTED_EDGE ( 'NONE', *, *, #1153, .T. ) ;
#1476 = APPROVAL ( #1070, 'UNSPECIFIED' ) ;
#1477 = ADVANCED_FACE ( 'NONE', ( #752 ), #633, .T. ) ;
#1478 = DIRECTION ( 'NONE',  ( 0.07317157541021192257, -0.6515180314347918111, -0.7550961364404676912 ) ) ;
#1479 = DIRECTION ( 'NONE',  ( -0.03345502309867742774, 0.7550961364404806808, -0.6547599454472807778 ) ) ;
#1480 = ADVANCED_FACE ( 'NONE', ( #762 ), #345, .T. ) ;
#1481 = CARTESIAN_POINT ( 'NONE',  ( 716.9616712835546650, 935.7455392177416797, 1340.929545206832699 ) ) ;
#1482 = VECTOR ( 'NONE', #833, 1000.000000000000114 ) ;
#1483 = DIRECTION ( 'NONE',  ( 0.07317157541021192257, -0.6515180314347918111, -0.7550961364404676912 ) ) ;
#1484 = PRODUCT ( 'camBarrelWithNoHoleBottom', 'camBarrelWithNoHoleBottom', '', ( #318 ) ) ;
#1485 = AXIS2_PLACEMENT_3D ( 'NONE', #255, #611, #1083 ) ;
#1486 = CARTESIAN_POINT ( 'NONE',  ( 716.6245988056198257, 938.7468248405236864, 1344.407974150888322 ) ) ;
#1487 = CYLINDRICAL_SURFACE ( 'NONE', #819, 5.999999999999914735 ) ;
#1488 = AXIS2_PLACEMENT_3D ( 'NONE', #432, #1392, #653 ) ;
#1489 = CC_DESIGN_APPROVAL ( #1476, ( #61 ) ) ;
#1490 = EDGE_CURVE ( 'NONE', #1075, #919, #798, .T. ) ;
#1491 = FACE_OUTER_BOUND ( 'NONE', #914, .T. ) ;
#1492 = DIRECTION ( 'NONE',  ( -0.03345502309866058704, 0.7550961364404652487, -0.6547599454472992075 ) ) ;
#1493 = AXIS2_PLACEMENT_3D ( 'NONE', #657, #1005, #554 ) ;
#1494 = VERTEX_POINT ( 'NONE', #1396 ) ;
#1495 = DIRECTION ( 'NONE',  ( -0.1030193530950540420, -0.7580132069704451636, 0.6440520095040909165 ) ) ;
#1496 = CARTESIAN_POINT ( 'NONE',  ( 716.0491764008550035, 943.8703727523204634, 1350.346061888146323 ) ) ;
#1497 = ORIENTED_EDGE ( 'NONE', *, *, #547, .F. ) ;
#1498 = CARTESIAN_POINT ( 'NONE',  ( 716.6245988056198257, 938.7468248405236864, 1344.407974150888322 ) ) ;
#1499 = CC_DESIGN_PERSON_AND_ORGANIZATION_ASSIGNMENT ( #325, #563, ( #1484 ) ) ;
#1500 = DIRECTION ( 'NONE',  ( -0.03345502309866058704, 0.7550961364404652487, -0.6547599454472992075 ) ) ;
#1501 = DIRECTION ( 'NONE',  ( 0.07317157541021192257, -0.6515180314347918111, -0.7550961364404676912 ) ) ;
#1502 = ORIENTED_EDGE ( 'NONE', *, *, #1340, .F. ) ;
#1503 = DIRECTION ( 'NONE',  ( 0.07317157541021192257, -0.6515180314347918111, -0.7550961364404676912 ) ) ;
#1504 = CYLINDRICAL_SURFACE ( 'NONE', #574, 2.500000000000014211 ) ;
#1505 = EDGE_LOOP ( 'NONE', ( #667, #280, #944, #785 ) ) ;
#1506 = FACE_OUTER_BOUND ( 'NONE', #840, .T. ) ;
#1507 = CARTESIAN_POINT ( 'NONE',  ( 717.6902201526723957, 932.0018370371626588, 1327.411264601355242 ) ) ;
#1508 = CARTESIAN_POINT ( 'NONE',  ( 717.2067960611789204, 933.5629538124351257, 1338.399973149757216 ) ) ;
#1509 = DIRECTION ( 'NONE',  ( 0.9670592738890185780, -0.1387389754671209952, 0.2134194402381793532 ) ) ;
#1510 = ADVANCED_FACE ( 'NONE', ( #1506 ), #214, .T. ) ;
ENDSEC;
END-ISO-10303-21;
