ISO-10303-21;
HEADER;
FILE_DESCRIPTION (( 'STEP AP203' ),
    '1' );
FILE_NAME ('camBarrelWithNoHoleTopMirror.STEP',
    '2026-04-27T21:05:52',
    ( '' ),
    ( '' ),
    'SwSTEP 2.0',
    'SolidWorks 2025',
    '' );
FILE_SCHEMA (( 'CONFIG_CONTROL_DESIGN' ));
ENDSEC;

DATA;
#1 = CARTESIAN_POINT ( 'NONE',  ( 721.1175860916173406, 928.7921486914639218, 1329.064927852663004 ) ) ;
#2 = CARTESIAN_POINT ( 'NONE',  ( 721.8596352648997936, 931.3935202395033457, 1329.040299669802835 ) ) ;
#3 = ORIENTED_EDGE ( 'NONE', *, *, #911, .T. ) ;
#4 = ORIENTED_EDGE ( 'NONE', *, *, #1153, .F. ) ;
#5 = CARTESIAN_POINT ( 'NONE',  ( 720.0587076333451932, 934.3379312298299055, 1334.733721021407746 ) ) ;
#6 = ORIENTED_EDGE ( 'NONE', *, *, #1563, .T. ) ;
#7 = CARTESIAN_POINT ( 'NONE',  ( 717.8909502912642893, 927.4712602185200012, 1331.339824274038619 ) ) ;
#8 = DIRECTION ( 'NONE',  ( 0.9307836006018208597, -0.2272990573807815995, 0.2863163064942654268 ) ) ;
#9 = ADVANCED_FACE ( 'NONE', ( #1135 ), #1472, .F. ) ;
#10 = EDGE_CURVE ( 'NONE', #200, #1717, #139, .T. ) ;
#11 = CARTESIAN_POINT ( 'NONE',  ( 722.6909054501381888, 929.8087390266597367, 1328.340245720854682 ) ) ;
#12 = CARTESIAN_POINT ( 'NONE',  ( 722.6106420310272824, 935.4712737960215918, 1336.284733759110395 ) ) ;
#13 = ADVANCED_FACE ( 'NONE', ( #434 ), #939, .T. ) ;
#14 = CARTESIAN_POINT ( 'NONE',  ( 720.2166181958195921, 934.3760320437949076, 1335.054131928498236 ) ) ;
#15 = VERTEX_POINT ( 'NONE', #411 ) ;
#16 = CARTESIAN_POINT ( 'NONE',  ( 721.6404211299523013, 935.5047561195705157, 1334.218208986164200 ) ) ;
#17 = ORIENTED_EDGE ( 'NONE', *, *, #1534, .T. ) ;
#18 = CARTESIAN_POINT ( 'NONE',  ( 717.4263107874096477, 931.6083997181310679, 1336.134684740435887 ) ) ;
#19 = CARTESIAN_POINT ( 'NONE',  ( 719.5114109033837622, 929.1264433862070291, 1338.478239790522366 ) ) ;
#20 = CARTESIAN_POINT ( 'NONE',  ( 720.6663705312682850, 928.5560236324881771, 1327.989234771365091 ) ) ;
#21 = EDGE_CURVE ( 'NONE', #71, #2272, #1031, .T. ) ;
#22 = CARTESIAN_POINT ( 'NONE',  ( 722.0150923678421577, 928.3650853783806269, 1334.941255447000458 ) ) ;
#23 = B_SPLINE_SURFACE_WITH_KNOTS ( 'NONE', 1, 3, ( 
 ( #975, #227, #1155, #2024, #2011, #1331 ),
 ( #2213, #2037, #217, #1627, #954, #584 ) ),
 .UNSPECIFIED., .F., .F., .F.,
 ( 2, 2 ),
 ( 4, 2, 4 ),
 ( 0.000000000000000000, 1.000000000000000000 ),
 ( 0.000000000000000000, 0.5000000000000000000, 1.000000000000000000 ),
 .UNSPECIFIED. ) ;
#24 = CIRCLE ( 'NONE', #319, 1.900000000000280354 ) ;
#25 = ADVANCED_FACE ( 'NONE', ( #1633 ), #211, .T. ) ;
#26 = DIRECTION ( 'NONE',  ( -0.2213962767796721631, -0.7488457419180312158, 0.6246709081102881367 ) ) ;
#27 = AXIS2_PLACEMENT_3D ( 'NONE', #1146, #1840, #2217 ) ;
#28 = ORIENTED_EDGE ( 'NONE', *, *, #765, .T. ) ;
#29 = CARTESIAN_POINT ( 'NONE',  ( 716.6245988056199394, 938.7468248405236864, 1344.407974150888322 ) ) ;
#30 = CARTESIAN_POINT ( 'NONE',  ( 719.8655100425631872, 934.3359262947763000, 1334.459292490463213 ) ) ;
#31 = CIRCLE ( 'NONE', #1881, 3.999999999999961364 ) ;
#32 = ORIENTED_EDGE ( 'NONE', *, *, #435, .T. ) ;
#33 = DIRECTION ( 'NONE',  ( -0.07317157541021351852, 0.6515180314347910340, 0.7550961364404682463 ) ) ;
#34 = CARTESIAN_POINT ( 'NONE',  ( 721.6465539583394957, 929.0499067964815367, 1331.365193759107797 ) ) ;
#35 = CARTESIAN_POINT ( 'NONE',  ( 721.7776016807621318, 926.6193221037661942, 1331.998969040467045 ) ) ;
#36 = CARTESIAN_POINT ( 'NONE',  ( 721.5716915178611544, 930.6828457292679104, 1333.849737224477849 ) ) ;
#37 = CARTESIAN_POINT ( 'NONE',  ( 718.0572903060467524, 941.6419501053597969, 1342.048812273120802 ) ) ;
#38 = ADVANCED_FACE ( 'NONE', ( #614 ), #1827, .T. ) ;
#39 = CARTESIAN_POINT ( 'NONE',  ( 723.0719217244313768, 932.5742457465004236, 1339.504013674931002 ) ) ;
#40 = CARTESIAN_POINT ( 'NONE',  ( 720.9314320328760459, 927.5727646367471380, 1323.137733597083979 ) ) ;
#41 = EDGE_LOOP ( 'NONE', ( #339, #853, #2249, #2226 ) ) ;
#42 = CARTESIAN_POINT ( 'NONE',  ( 720.6848056874317763, 934.8363429911887579, 1342.074810430389789 ) ) ;
#43 = CARTESIAN_POINT ( 'NONE',  ( 717.8909502912642893, 927.4712602185200012, 1331.339824274038619 ) ) ;
#44 = DIRECTION ( 'NONE',  ( -0.07317157541021351852, 0.6515180314347910340, 0.7550961364404682463 ) ) ;
#45 = CARTESIAN_POINT ( 'NONE',  ( 723.1393187406173411, 935.0292224847419220, 1339.632804686333884 ) ) ;
#46 = DIRECTION ( 'NONE',  ( -0.07317157541021351852, 0.6515180314347910340, 0.7550961364404682463 ) ) ;
#47 = ORIENTED_EDGE ( 'NONE', *, *, #535, .T. ) ;
#48 = CARTESIAN_POINT ( 'NONE',  ( 724.2503852023288573, 924.3977559978316094, 1326.198456808341234 ) ) ;
#49 = CARTESIAN_POINT ( 'NONE',  ( 720.0270632189677826, 926.7117668595856230, 1323.792608285635424 ) ) ;
#50 = EDGE_LOOP ( 'NONE', ( #1191, #1944, #1427, #186 ) ) ;
#51 =( NAMED_UNIT ( * ) PLANE_ANGLE_UNIT ( ) SI_UNIT ( $, .RADIAN. ) );
#52 = FACE_OUTER_BOUND ( 'NONE', #1688, .T. ) ;
#53 = CARTESIAN_POINT ( 'NONE',  ( 722.9247631614917964, 934.7405288977752207, 1341.408201825091282 ) ) ;
#54 = FACE_OUTER_BOUND ( 'NONE', #1425, .T. ) ;
#55 = DIRECTION ( 'NONE',  ( 0.07317157541021351852, -0.6515180314347910340, -0.7550961364404682463 ) ) ;
#56 = ORIENTED_EDGE ( 'NONE', *, *, #485, .T. ) ;
#57 = AXIS2_PLACEMENT_3D ( 'NONE', #739, #26, #1641 ) ;
#58 = CARTESIAN_POINT ( 'NONE',  ( 719.9355335069211606, 917.2378993221670953, 1310.313930177645489 ) ) ;
#59 = ORIENTED_EDGE ( 'NONE', *, *, #538, .T. ) ;
#60 = CIRCLE ( 'NONE', #1465, 3.999999999999961364 ) ;
#61 = VECTOR ( 'NONE', #1412, 1000.000000000000114 ) ;
#62 = EDGE_CURVE ( 'NONE', #1129, #694, #928, .T. ) ;
#63 = CARTESIAN_POINT ( 'NONE',  ( 720.7172749494241089, 937.3241857986143941, 1340.954914689272755 ) ) ;
#64 = VECTOR ( 'NONE', #1939, 1000.000000000000114 ) ;
#65 = FACE_OUTER_BOUND ( 'NONE', #1125, .T. ) ;
#66 = AXIS2_PLACEMENT_3D ( 'NONE', #1695, #461, #1174 ) ;
#67 = DIRECTION ( 'NONE',  ( 0.9307836004181070377, -0.2272990577520009881, 0.2863163067967984254 ) ) ;
#68 = VERTEX_POINT ( 'NONE', #1439 ) ;
#69 = CARTESIAN_POINT ( 'NONE',  ( 720.2017310258736416, 932.6931631330481878, 1332.784095236794201 ) ) ;
#70 = CARTESIAN_POINT ( 'NONE',  ( 716.6245988056199394, 938.7468248405236864, 1344.407974150888322 ) ) ;
#71 = VERTEX_POINT ( 'NONE', #48 ) ;
#72 = CARTESIAN_POINT ( 'NONE',  ( 530.1330343335109774, 272.1496409218146368, -183.4464809512471106 ) ) ;
#73 = VERTEX_POINT ( 'NONE', #1483 ) ;
#74 = B_SPLINE_CURVE_WITH_KNOTS ( 'NONE', 3,
 ( #2053, #1514, #463, #2202, #977, #1177 ),
 .UNSPECIFIED., .F., .F.,
 ( 4, 2, 4 ),
 ( 0.000000000000000000, 0.5000000000000000000, 1.000000000000000000 ),
 .UNSPECIFIED. ) ;
#75 = CARTESIAN_POINT ( 'NONE',  ( 721.9479354322742211, 926.6200950082104555, 1330.925743524943528 ) ) ;
#76 = DIRECTION ( 'NONE',  ( -0.8731305266870569293, 0.3240394544517310460, -0.3641998288382453097 ) ) ;
#77 = VERTEX_POINT ( 'NONE', #2151 ) ;
#78 = CARTESIAN_POINT ( 'NONE',  ( 721.9479354322742211, 926.6200950082104555, 1330.925743524943528 ) ) ;
#79 = EDGE_CURVE ( 'NONE', #530, #1721, #1448, .T. ) ;
#80 = DIRECTION ( 'NONE',  ( -0.07317157541021351852, 0.6515180314347910340, 0.7550961364404682463 ) ) ;
#81 = ORIENTED_EDGE ( 'NONE', *, *, #1062, .T. ) ;
#82 = CARTESIAN_POINT ( 'NONE',  ( 721.2922756623693203, 930.5352975114200262, 1332.006352191381666 ) ) ;
#83 = ORIENTED_EDGE ( 'NONE', *, *, #1631, .F. ) ;
#84 = DIRECTION ( 'NONE',  ( 0.9307836009692531665, -0.2272990566382839250, 0.2863163058892321255 ) ) ;
#85 = CARTESIAN_POINT ( 'NONE',  ( 722.8306451280828924, 937.5798972764803239, 1342.172277355864253 ) ) ;
#86 = CARTESIAN_POINT ( 'NONE',  ( 720.6663705312682850, 928.5560236324881771, 1327.989234771365091 ) ) ;
#87 = ORIENTED_EDGE ( 'NONE', *, *, #524, .F. ) ;
#88 = CARTESIAN_POINT ( 'NONE',  ( 719.2477997840759372, 915.3899034135863531, 1317.337777659497988 ) ) ;
#89 = EDGE_CURVE ( 'NONE', #1947, #373, #1885, .T. ) ;
#90 = CARTESIAN_POINT ( 'NONE',  ( 721.6140846936716571, 926.5620639889968970, 1332.485089500015874 ) ) ;
#91 = CARTESIAN_POINT ( 'NONE',  ( 718.8547779951101120, 928.3020708412984732, 1326.279854919746640 ) ) ;
#92 = ORIENTED_EDGE ( 'NONE', *, *, #1211, .F. ) ;
#93 = EDGE_CURVE ( 'NONE', #1524, #417, #24, .T. ) ;
#94 = CARTESIAN_POINT ( 'NONE',  ( 721.9799448158775022, 929.7585091197022393, 1327.078986864554736 ) ) ;
#95 = EDGE_LOOP ( 'NONE', ( #246, #1328, #2128, #1896 ) ) ;
#96 = CARTESIAN_POINT ( 'NONE',  ( 719.3236417955105253, 930.3663854824233113, 1328.980662397445940 ) ) ;
#97 = LOCAL_TIME ( 17, 5, 52.00000000000000000, #1608 ) ;
#98 = VECTOR ( 'NONE', #407, 999.9999999999998863 ) ;
#99 = LINE ( 'NONE', #1731, #738 ) ;
#100 = AXIS2_PLACEMENT_3D ( 'NONE', #678, #1228, #871 ) ;
#101 = VERTEX_POINT ( 'NONE', #496 ) ;
#102 = DIRECTION ( 'NONE',  ( 0.8888065830875132578, -0.3008470487214974232, 0.3457078407208381554 ) ) ;
#103 = AXIS2_PLACEMENT_3D ( 'NONE', #763, #2070, #2055 ) ;
#104 = LINE ( 'NONE', #1158, #1912 ) ;
#105 = CARTESIAN_POINT ( 'NONE',  ( 719.8441481236690151, 910.0800314573929199, 1311.183744147507923 ) ) ;
#106 = APPROVAL ( #1329, 'UNSPECIFIED' ) ;
#107 = ORIENTED_EDGE ( 'NONE', *, *, #333, .T. ) ;
#108 = CARTESIAN_POINT ( 'NONE',  ( 715.0587538457668870, 945.0493020099843307, 1349.232873239355285 ) ) ;
#109 = ADVANCED_FACE ( 'NONE', ( #833 ), #375, .T. ) ;
#110 = EDGE_LOOP ( 'NONE', ( #234, #2006, #1632, #278 ) ) ;
#111 = COORDINATED_UNIVERSAL_TIME_OFFSET ( 5, 0, .BEHIND. ) ;
#112 = CARTESIAN_POINT ( 'NONE',  ( 719.5624237128847653, 930.8489063597405675, 1328.587468751346705 ) ) ;
#113 = CARTESIAN_POINT ( 'NONE',  ( 715.1216959452044648, 936.0449101443588233, 1336.056418099670509 ) ) ;
#114 = ORIENTED_EDGE ( 'NONE', *, *, #1009, .T. ) ;
#115 = CARTESIAN_POINT ( 'NONE',  ( 718.3555897951192719, 923.3341207189089346, 1326.544963807641807 ) ) ;
#116 = CARTESIAN_POINT ( 'NONE',  ( 721.5619494565912646, 931.4539190672657014, 1328.700834765465288 ) ) ;
#117 = LINE ( 'NONE', #1941, #770 ) ;
#118 = EDGE_LOOP ( 'NONE', ( #1078, #1756, #28, #832 ) ) ;
#119 = CARTESIAN_POINT ( 'NONE',  ( 719.7370915204786570, 936.8303026336084258, 1337.578955702222856 ) ) ;
#120 = ORIENTED_EDGE ( 'NONE', *, *, #325, .T. ) ;
#121 = FACE_OUTER_BOUND ( 'NONE', #1259, .T. ) ;
#122 = PLANE ( 'NONE',  #705 ) ;
#123 = ORIENTED_EDGE ( 'NONE', *, *, #1659, .T. ) ;
#124 = CARTESIAN_POINT ( 'NONE',  ( 721.6404211299523013, 935.5047561195705157, 1334.218208986164200 ) ) ;
#125 = CARTESIAN_POINT ( 'NONE',  ( 718.2848504444732498, 938.0830478551130227, 1334.604377202872229 ) ) ;
#126 = CARTESIAN_POINT ( 'NONE',  ( 718.3555897951192719, 923.3341207189090483, 1326.544963807641807 ) ) ;
#127 = ORIENTED_EDGE ( 'NONE', *, *, #2165, .F. ) ;
#128 = B_SPLINE_CURVE_WITH_KNOTS ( 'NONE', 3,
 ( #1774, #932, #572, #1082, #766, #192 ),
 .UNSPECIFIED., .F., .F.,
 ( 4, 2, 4 ),
 ( 0.000000000000000000, 0.5000000000000000000, 1.000000000000000000 ),
 .UNSPECIFIED. ) ;
#129 = CARTESIAN_POINT ( 'NONE',  ( 723.0752815363277932, 931.3341342943972450, 1331.489873294590780 ) ) ;
#130 = ORIENTED_EDGE ( 'NONE', *, *, #583, .T. ) ;
#131 = CARTESIAN_POINT ( 'NONE',  ( 0.000000000000000000, 0.000000000000000000, 0.000000000000000000 ) ) ;
#132 = DIRECTION ( 'NONE',  ( 0.8731305266870593718, -0.3240394544517291031, 0.3641998288382410354 ) ) ;
#133 = ORIENTED_EDGE ( 'NONE', *, *, #1663, .T. ) ;
#134 = PRODUCT_DEFINITION ( 'UNKNOWN', '', #243, #929 ) ;
#135 = CARTESIAN_POINT ( 'NONE',  ( 717.2067960611789204, 933.5629538124352393, 1338.399973149757216 ) ) ;
#136 = LOCAL_TIME ( 17, 5, 52.00000000000000000, #2048 ) ;
#137 = AXIS2_PLACEMENT_3D ( 'NONE', #1097, #958, #1621 ) ;
#138 = FACE_OUTER_BOUND ( 'NONE', #110, .T. ) ;
#139 = B_SPLINE_CURVE_WITH_KNOTS ( 'NONE', 3,
 ( #2017, #39, #1654, #1279, #566, #1983 ),
 .UNSPECIFIED., .F., .F.,
 ( 4, 2, 4 ),
 ( 0.000000000000000000, 0.5000000000000000000, 1.000000000000000000 ),
 .UNSPECIFIED. ) ;
#140 = CARTESIAN_POINT ( 'NONE',  ( 716.9616712835546650, 935.7455392177417934, 1340.929545206832699 ) ) ;
#141 = VECTOR ( 'NONE', #2263, 999.9999999999998863 ) ;
#142 = VERTEX_POINT ( 'NONE', #2086 ) ;
#143 = CARTESIAN_POINT ( 'NONE',  ( 722.3268581631396046, 936.3362989722164684, 1344.912731451489435 ) ) ;
#144 = ORIENTED_EDGE ( 'NONE', *, *, #2221, .F. ) ;
#145 = DATE_AND_TIME ( #1867, #136 ) ;
#146 = PERSON ( 'UNSPECIFIED', 'UNSPECIFIED', 'UNSPECIFIED', ('UNSPECIFIED'), ('UNSPECIFIED'), ('UNSPECIFIED') ) ;
#147 = CARTESIAN_POINT ( 'NONE',  ( 721.0683588754251332, 929.6800533180680759, 1325.911408931207689 ) ) ;
#148 = ORIENTED_EDGE ( 'NONE', *, *, #2255, .F. ) ;
#149 = PLANE ( 'NONE',  #1690 ) ;
#150 = CARTESIAN_POINT ( 'NONE',  ( 722.2262659443757684, 933.9458785280170332, 1333.135106185560289 ) ) ;
#151 = EDGE_CURVE ( 'NONE', #2137, #15, #386, .T. ) ;
#152 = CARTESIAN_POINT ( 'NONE',  ( 721.7569151671880263, 926.3981580104666591, 1327.211491726236318 ) ) ;
#153 = ORIENTED_EDGE ( 'NONE', *, *, #2191, .T. ) ;
#154 = CARTESIAN_POINT ( 'NONE',  ( 720.5233471387426789, 930.2007917292619368, 1329.938860556036161 ) ) ;
#155 = ORIENTED_EDGE ( 'NONE', *, *, #1026, .T. ) ;
#156 = DIRECTION ( 'NONE',  ( 0.07317157541021351852, -0.6515180314347910340, -0.7550961364404682463 ) ) ;
#157 = CARTESIAN_POINT ( 'NONE',  ( 719.5753480409142639, 935.9510876146854343, 1332.595941924665340 ) ) ;
#158 = PLANE ( 'NONE',  #476 ) ;
#159 = DIRECTION ( 'NONE',  ( 0.07317157541021351852, -0.6515180314347910340, -0.7550961364404682463 ) ) ;
#160 = CARTESIAN_POINT ( 'NONE',  ( 720.6529465864907706, 932.9292881922392553, 1333.859788317932725 ) ) ;
#161 = EDGE_CURVE ( 'NONE', #1744, #1063, #1337, .T. ) ;
#162 = CARTESIAN_POINT ( 'NONE',  ( 722.7599662534659046, 937.7677408710285363, 1341.427714612226737 ) ) ;
#163 = ORIENTED_EDGE ( 'NONE', *, *, #1035, .F. ) ;
#164 = EDGE_CURVE ( 'NONE', #1655, #914, #268, .T. ) ;
#165 = ORIENTED_EDGE ( 'NONE', *, *, #1231, .T. ) ;
#166 = DIRECTION ( 'NONE',  ( 0.5212750289935843551, -0.6204890829809656116, 0.5858887625216737671 ) ) ;
#167 = CARTESIAN_POINT ( 'NONE',  ( 717.6714355650336756, 929.4258143128241727, 1333.605112683360403 ) ) ;
#168 = CARTESIAN_POINT ( 'NONE',  ( 713.4969486316582561, 942.4697593384095171, 1340.892641575758489 ) ) ;
#169 = CARTESIAN_POINT ( 'NONE',  ( 722.2262659443757684, 933.9458785280170332, 1333.135106185560062 ) ) ;
#170 = AXIS2_PLACEMENT_3D ( 'NONE', #1487, #933, #67 ) ;
#171 = CARTESIAN_POINT ( 'NONE',  ( 720.5233471387426789, 930.2007917292619368, 1329.938860556036161 ) ) ;
#172 = CIRCLE ( 'NONE', #884, 6.000000000000048850 ) ;
#173 = CIRCLE ( 'NONE', #210, 3.999999999999961364 ) ;
#174 = CARTESIAN_POINT ( 'NONE',  ( 721.0382449758716348, 931.5729685379182001, 1328.284327982317336 ) ) ;
#175 = VERTEX_POINT ( 'NONE', #2057 ) ;
#176 = AXIS2_PLACEMENT_3D ( 'NONE', #831, #1901, #2257 ) ;
#177 = ORIENTED_EDGE ( 'NONE', *, *, #272, .F. ) ;
#178 = LINE ( 'NONE', #1969, #248 ) ;
#179 = ORIENTED_EDGE ( 'NONE', *, *, #684, .F. ) ;
#180 = CARTESIAN_POINT ( 'NONE',  ( 723.2561371686446137, 928.0620199685396301, 1335.323010522325831 ) ) ;
#181 = DIRECTION ( 'NONE',  ( -0.07317157541021340750, 0.6515180314347909230, 0.7550961364404682463 ) ) ;
#182 = CARTESIAN_POINT ( 'NONE',  ( 723.0879923329354142, 933.7246003229676035, 1335.880943513652483 ) ) ;
#183 = CARTESIAN_POINT ( 'NONE',  ( 906.7445688242711412, 1549.096540686846311, 783.2311290020031720 ) ) ;
#184 = APPROVAL_ROLE ( '' ) ;
#185 = CARTESIAN_POINT ( 'NONE',  ( 719.1107085341948277, 940.0882271149959024, 1337.390802390181079 ) ) ;
#186 = ORIENTED_EDGE ( 'NONE', *, *, #1675, .F. ) ;
#187 = VERTEX_POINT ( 'NONE', #94 ) ;
#188 = CARTESIAN_POINT ( 'NONE',  ( 720.2349514521558831, 928.3339062688534113, 1327.141995233585931 ) ) ;
#189 = ORIENTED_EDGE ( 'NONE', *, *, #784, .T. ) ;
#190 = EDGE_CURVE ( 'NONE', #950, #1928, #983, .T. ) ;
#191 = CARTESIAN_POINT ( 'NONE',  ( 723.7599241363753890, 929.3056182725991903, 1332.582556427249756 ) ) ;
#192 = CARTESIAN_POINT ( 'NONE',  ( 720.2166181958195921, 934.3760320437949076, 1335.054131928498236 ) ) ;
#193 = EDGE_CURVE ( 'NONE', #1450, #290, #1042, .T. ) ;
#194 = CARTESIAN_POINT ( 'NONE',  ( 720.8406315017684847, 933.8077343082226207, 1330.887241379584111 ) ) ;
#195 = CARTESIAN_POINT ( 'NONE',  ( 721.1494451905516598, 930.6992034900927138, 1337.279949965202604 ) ) ;
#196 = B_SPLINE_CURVE_WITH_KNOTS ( 'NONE', 3,
 ( #1372, #49, #456, #277 ),
 .UNSPECIFIED., .F., .F.,
 ( 4, 4 ),
 ( 0.000000000000000000, 1.000000000000000000 ),
 .UNSPECIFIED. ) ;
#197 = ORIENTED_EDGE ( 'NONE', *, *, #1261, .T. ) ;
#198 = VERTEX_POINT ( 'NONE', #2031 ) ;
#199 = CARTESIAN_POINT ( 'NONE',  ( 722.5697001419611070, 927.2304771172282472, 1324.628488056479455 ) ) ;
#200 = VERTEX_POINT ( 'NONE', #1348 ) ;
#201 = DIRECTION ( 'NONE',  ( -0.07317157541021351852, 0.6515180314347910340, 0.7550961364404682463 ) ) ;
#202 = LINE ( 'NONE', #1104, #1504 ) ;
#203 = EDGE_CURVE ( 'NONE', #1858, #777, #1171, .T. ) ;
#204 = CARTESIAN_POINT ( 'NONE',  ( 723.4756518948752273, 926.1074658742354586, 1333.057722113004729 ) ) ;
#205 = CARTESIAN_POINT ( 'NONE',  ( 721.5153053097131988, 933.8956486207368926, 1331.873847329499768 ) ) ;
#206 = ADVANCED_FACE ( 'NONE', ( #469 ), #1984, .T. ) ;
#207 = DIRECTION ( 'NONE',  ( -0.8731305266870632575, 0.3240394544517275488, -0.3641998288382332638 ) ) ;
#208 = AXIS2_PLACEMENT_3D ( 'NONE', #1540, #265, #1356 ) ;
#209 = ORIENTED_EDGE ( 'NONE', *, *, #1062, .F. ) ;
#210 = AXIS2_PLACEMENT_3D ( 'NONE', #488, #1189, #1202 ) ;
#211 = PLANE ( 'NONE',  #1871 ) ;
#212 = CARTESIAN_POINT ( 'NONE',  ( 720.5046270543529090, 927.6768086140644982, 1323.006220993633633 ) ) ;
#213 = ORIENTED_EDGE ( 'NONE', *, *, #1931, .T. ) ;
#214 = CARTESIAN_POINT ( 'NONE',  ( 718.8911938079643278, 942.0427812093004150, 1339.656090799502863 ) ) ;
#215 = CARTESIAN_POINT ( 'NONE',  ( 720.0893214575158936, 932.0226047198558490, 1344.444877781962759 ) ) ;
#216 = B_SPLINE_CURVE_WITH_KNOTS ( 'NONE', 1,
 ( #2155, #582 ),
 .UNSPECIFIED., .F., .F.,
 ( 2, 2 ),
 ( 0.000000000000000000, 1.000000000000000000 ),
 .UNSPECIFIED. ) ;
#217 = CARTESIAN_POINT ( 'NONE',  ( 721.2282660898631548, 933.0099422185683125, 1338.543927654991194 ) ) ;
#218 = DIRECTION ( 'NONE',  ( -0.07317157541021351852, 0.6515180314347910340, 0.7550961364404682463 ) ) ;
#219 = CARTESIAN_POINT ( 'NONE',  ( 720.6812577011072563, 930.2388925431439475, 1330.259271463137566 ) ) ;
#220 = EDGE_CURVE ( 'NONE', #2040, #2161, #511, .T. ) ;
#221 = CARTESIAN_POINT ( 'NONE',  ( 721.5872996491159483, 928.7145599288152198, 1334.280975262327047 ) ) ;
#222 = CARTESIAN_POINT ( 'NONE',  ( 720.3318477842226457, 926.1104669749862524, 1324.429403233626317 ) ) ;
#223 = VERTEX_POINT ( 'NONE', #1546 ) ;
#224 = CARTESIAN_POINT ( 'NONE',  ( 714.5394986896451428, 941.2287811724476114, 1342.064419100801842 ) ) ;
#225 = DIRECTION ( 'NONE',  ( 0.5212750289935843551, -0.6204890829809658337, 0.5858887625216735451 ) ) ;
#226 = B_SPLINE_SURFACE_WITH_KNOTS ( 'NONE', 1, 3, ( 
 ( #2082, #2285, #492, #1204, #2092, #504 ),
 ( #1911, #1734, #152, #1390, #1922, #334 ) ),
 .UNSPECIFIED., .F., .F., .F.,
 ( 2, 2 ),
 ( 4, 2, 4 ),
 ( 0.000000000000000000, 1.000000000000000000 ),
 ( 0.000000000000000000, 0.5000000000000000000, 1.000000000000000000 ),
 .UNSPECIFIED. ) ;
#227 = CARTESIAN_POINT ( 'NONE',  ( 723.0718480407123252, 932.5741471895087216, 1339.504174970968734 ) ) ;
#228 = CARTESIAN_POINT ( 'NONE',  ( 722.1940255892258165, 935.5420417188879583, 1335.211492894336288 ) ) ;
#229 = LINE ( 'NONE', #1470, #433 ) ;
#230 = EDGE_CURVE ( 'NONE', #1841, #428, #1066, .T. ) ;
#231 = VERTEX_POINT ( 'NONE', #1020 ) ;
#232 = DIRECTION ( 'NONE',  ( -0.8731305266870569293, 0.3240394544517310460, -0.3641998288382453097 ) ) ;
#233 = EDGE_CURVE ( 'NONE', #2261, #142, #1833, .T. ) ;
#234 = ORIENTED_EDGE ( 'NONE', *, *, #2239, .F. ) ;
#235 = LINE ( 'NONE', #2176, #1757 ) ;
#236 = B_SPLINE_CURVE_WITH_KNOTS ( 'NONE', 3,
 ( #1560, #2108, #650, #1578, #147, #338, #2273, #520 ),
 .UNSPECIFIED., .F., .F.,
 ( 4, 2, 2, 4 ),
 ( 0.000000000000000000, 0.2500000000000466294, 0.5000000000000932587, 1.000000000000000000 ),
 .UNSPECIFIED. ) ;
#237 = DIRECTION ( 'NONE',  ( -0.07317157541021351852, 0.6515180314347910340, 0.7550961364404682463 ) ) ;
#238 = CARTESIAN_POINT ( 'NONE',  ( 723.4691998526470798, 930.7108602385003451, 1335.953058354348741 ) ) ;
#239 = ORIENTED_EDGE ( 'NONE', *, *, #2153, .F. ) ;
#240 = DIRECTION ( 'NONE',  ( 0.9307836004181070377, -0.2272990577520009881, 0.2863163067967984254 ) ) ;
#241 = DIRECTION ( 'NONE',  ( 0.8888065830875199191, -0.3008470487215146316, 0.3457078407208060145 ) ) ;
#242 = ORIENTED_EDGE ( 'NONE', *, *, #580, .T. ) ;
#243 = PRODUCT_DEFINITION_FORMATION_WITH_SPECIFIED_SOURCE ( 'ANY', '', #1961, .NOT_KNOWN. ) ;
#244 = VECTOR ( 'NONE', #1268, 1000.000000000000114 ) ;
#245 = DIRECTION ( 'NONE',  ( 0.8502460024603027966, 0.4364831641847993771, -0.2942179169994584842 ) ) ;
#246 = ORIENTED_EDGE ( 'NONE', *, *, #2278, .T. ) ;
#247 = AXIS2_PLACEMENT_3D ( 'NONE', #1606, #2169, #561 ) ;
#248 = VECTOR ( 'NONE', #1440, 999.9999999999998863 ) ;
#249 = CARTESIAN_POINT ( 'NONE',  ( 719.8012056302591191, 931.3314272370577100, 1328.194275105248153 ) ) ;
#250 = AXIS2_PLACEMENT_3D ( 'NONE', #126, #412, #820 ) ;
#251 = CARTESIAN_POINT ( 'NONE',  ( 723.9338393562151168, 926.5737207365559698, 1331.158197889937583 ) ) ;
#252 = B_SPLINE_CURVE_WITH_KNOTS ( 'NONE', 3,
 ( #533, #378, #1091, #157 ),
 .UNSPECIFIED., .F., .F.,
 ( 4, 4 ),
 ( 0.000000000000000000, 1.000000000000000000 ),
 .UNSPECIFIED. ) ;
#253 = VERTEX_POINT ( 'NONE', #108 ) ;
#254 = DIRECTION ( 'NONE',  ( 0.07317157541021351852, -0.6515180314347910340, -0.7550961364404682463 ) ) ;
#255 = CARTESIAN_POINT ( 'NONE',  ( 719.4274275326037014, 937.9826542088870838, 1334.956958756903532 ) ) ;
#256 = ORIENTED_EDGE ( 'NONE', *, *, #360, .F. ) ;
#257 = CARTESIAN_POINT ( 'NONE',  ( 723.9338393562151168, 926.5737207365559698, 1331.158197889937583 ) ) ;
#258 = EDGE_LOOP ( 'NONE', ( #2075, #81, #751, #2171 ) ) ;
#259 = CARTESIAN_POINT ( 'NONE',  ( 722.2934674124583125, 938.0174594751424593, 1339.273773674340418 ) ) ;
#260 = DIRECTION ( 'NONE',  ( -0.07317157541021351852, 0.6515180314347910340, 0.7550961364404682463 ) ) ;
#261 = EDGE_CURVE ( 'NONE', #1517, #187, #1263, .T. ) ;
#262 = FACE_OUTER_BOUND ( 'NONE', #1614, .T. ) ;
#263 = VERTEX_POINT ( 'NONE', #1391 ) ;
#264 = CARTESIAN_POINT ( 'NONE',  ( 718.3901384892427586, 932.4392103410926893, 1331.074715385790341 ) ) ;
#265 = DIRECTION ( 'NONE',  ( -0.07317157541021340750, 0.6515180314347909230, 0.7550961364404682463 ) ) ;
#266 = CARTESIAN_POINT ( 'NONE',  ( 718.8547779951101120, 928.3020708412984732, 1326.279854919746640 ) ) ;
#267 = ORIENTED_EDGE ( 'NONE', *, *, #419, .F. ) ;
#268 = LINE ( 'NONE', #458, #2208 ) ;
#269 = ORIENTED_EDGE ( 'NONE', *, *, #684, .T. ) ;
#270 = DIRECTION ( 'NONE',  ( 0.07317157541021457323, -0.6515180314347913670, -0.7550961364404678022 ) ) ;
#271 = DIRECTION ( 'NONE',  ( -0.07317157541021351852, 0.6515180314347910340, 0.7550961364404682463 ) ) ;
#272 = EDGE_CURVE ( 'NONE', #2137, #798, #2033, .T. ) ;
#273 = ORIENTED_EDGE ( 'NONE', *, *, #1288, .T. ) ;
#274 = CARTESIAN_POINT ( 'NONE',  ( 722.0098475942925234, 913.1195790382888617, 1314.068340532865705 ) ) ;
#275 = EDGE_CURVE ( 'NONE', #1385, #1761, #1587, .T. ) ;
#276 = CARTESIAN_POINT ( 'NONE',  ( 718.1360750688885446, 925.2886748132135608, 1328.810252216963136 ) ) ;
#277 = CARTESIAN_POINT ( 'NONE',  ( 720.5046270543529090, 927.6768086140644982, 1323.006220993633633 ) ) ;
#278 = ORIENTED_EDGE ( 'NONE', *, *, #687, .F. ) ;
#279 = CARTESIAN_POINT ( 'NONE',  ( 722.6587524802234839, 931.4049081029191939, 1330.416789217476207 ) ) ;
#280 = ORIENTED_EDGE ( 'NONE', *, *, #1846, .F. ) ;
#281 = APPROVAL_DATE_TIME ( #145, #106 ) ;
#282 = CARTESIAN_POINT ( 'NONE',  ( 723.4756518948752273, 926.1074658742354586, 1333.057722113004729 ) ) ;
#283 = AXIS2_PLACEMENT_3D ( 'NONE', #1130, #218, #240 ) ;
#284 = DIRECTION ( 'NONE',  ( -0.8731305266870632575, 0.3240394544517275488, -0.3641998288382332638 ) ) ;
#285 = CIRCLE ( 'NONE', #1686, 6.000000000000048850 ) ;
#286 = ORIENTED_EDGE ( 'NONE', *, *, #1211, .T. ) ;
#287 = DIRECTION ( 'NONE',  ( 0.07317157541021457323, -0.6515180314347913670, -0.7550961364404678022 ) ) ;
#288 = PLANE ( 'NONE',  #323 ) ;
#289 = CARTESIAN_POINT ( 'NONE',  ( 719.2464361099447387, 928.2665614698307763, 1326.348809322464831 ) ) ;
#290 = VERTEX_POINT ( 'NONE', #1752 ) ;
#291 = B_SPLINE_CURVE_WITH_KNOTS ( 'NONE', 1,
 ( #2114, #947 ),
 .UNSPECIFIED., .F., .F.,
 ( 2, 2 ),
 ( 0.000000000000000000, 1.000000000000000000 ),
 .UNSPECIFIED. ) ;
#292 = EDGE_CURVE ( 'NONE', #312, #716, #992, .T. ) ;
#293 = CARTESIAN_POINT ( 'NONE',  ( 721.5910440311490675, 930.7186824102408309, 1334.792399412112900 ) ) ;
#294 = VERTEX_POINT ( 'NONE', #1050 ) ;
#295 = PERSON_AND_ORGANIZATION ( #146, #473 ) ;
#296 = DIRECTION ( 'NONE',  ( -0.07317157541021340750, 0.6515180314347909230, 0.7550961364404682463 ) ) ;
#297 = DIRECTION ( 'NONE',  ( 0.8731305266870593718, -0.3240394544517291031, 0.3641998288382410354 ) ) ;
#298 = ORIENTED_EDGE ( 'NONE', *, *, #1395, .F. ) ;
#299 = CARTESIAN_POINT ( 'NONE',  ( 721.0186004652256315, 923.7483257206341705, 1334.855156849168907 ) ) ;
#300 = CARTESIAN_POINT ( 'NONE',  ( 722.1050606359567610, 931.3676166183995520, 1329.423348521321714 ) ) ;
#301 = DIRECTION ( 'NONE',  ( 0.9307836007855353477, -0.2272990570095208274, 0.2863163061917639030 ) ) ;
#302 = EDGE_LOOP ( 'NONE', ( #1506, #834, #1696 ) ) ;
#303 = CARTESIAN_POINT ( 'NONE',  ( 722.6909054501380751, 929.8087390266595094, 1328.340245720854455 ) ) ;
#304 = EDGE_CURVE ( 'NONE', #1226, #716, #2106, .T. ) ;
#305 = ORIENTED_EDGE ( 'NONE', *, *, #1298, .F. ) ;
#306 = PLANE ( 'NONE',  #1723 ) ;
#307 = CARTESIAN_POINT ( 'NONE',  ( 723.0045603490793837, 934.8479997404450614, 1340.747918818760127 ) ) ;
#308 = B_SPLINE_CURVE_WITH_KNOTS ( 'NONE', 1,
 ( #86, #945 ),
 .UNSPECIFIED., .F., .F.,
 ( 2, 2 ),
 ( 0.000000000000000000, 1.000000000000000000 ),
 .UNSPECIFIED. ) ;
#309 = FACE_OUTER_BOUND ( 'NONE', #41, .T. ) ;
#310 = CARTESIAN_POINT ( 'NONE',  ( 721.1077481084093961, 933.1445333287205131, 1335.571686089966079 ) ) ;
#311 = LINE ( 'NONE', #981, #1507 ) ;
#312 = VERTEX_POINT ( 'NONE', #185 ) ;
#313 = CARTESIAN_POINT ( 'NONE',  ( 719.3236417955105253, 930.3663854824233113, 1328.980662397445940 ) ) ;
#314 = ORIENTED_EDGE ( 'NONE', *, *, #1755, .F. ) ;
#315 =( NAMED_UNIT ( * ) SI_UNIT ( $, .STERADIAN. ) SOLID_ANGLE_UNIT ( ) );
#316 = UNCERTAINTY_MEASURE_WITH_UNIT (LENGTH_MEASURE( 1.000000000000000082E-05 ), #1669, 'distance_accuracy_value', 'NONE');
#317 = CARTESIAN_POINT ( 'NONE',  ( 723.1071022187340986, 935.4691149231491636, 1358.278840543188153 ) ) ;
#318 = VERTEX_POINT ( 'NONE', #890 ) ;
#319 = AXIS2_PLACEMENT_3D ( 'NONE', #949, #422, #776 ) ;
#320 = B_SPLINE_CURVE_WITH_KNOTS ( 'NONE', 3,
 ( #693, #1235, #506, #328, #174, #551, #2, #528 ),
 .UNSPECIFIED., .F., .F.,
 ( 4, 2, 2, 4 ),
 ( 0.000000000000000000, 0.2500000000000053291, 0.5000000000000106581, 1.000000000000000000 ),
 .UNSPECIFIED. ) ;
#321 = EDGE_CURVE ( 'NONE', #683, #142, #725, .T. ) ;
#322 = PLANE ( 'NONE',  #889 ) ;
#323 = AXIS2_PLACEMENT_3D ( 'NONE', #1491, #1850, #1322 ) ;
#324 = DIRECTION ( 'NONE',  ( 0.8731305266870593718, -0.3240394544517291031, 0.3641998288382410354 ) ) ;
#325 = EDGE_CURVE ( 'NONE', #1170, #2291, #320, .T. ) ;
#326 = CARTESIAN_POINT ( 'NONE',  ( 723.9338393562151168, 926.5737207365559698, 1331.158197889937583 ) ) ;
#327 = EDGE_LOOP ( 'NONE', ( #1218, #2264, #2058, #6 ) ) ;
#328 = CARTESIAN_POINT ( 'NONE',  ( 720.8508785105037759, 931.6173322358503128, 1328.160783500880143 ) ) ;
#329 = ORIENTED_EDGE ( 'NONE', *, *, #1059, .T. ) ;
#330 = FACE_OUTER_BOUND ( 'NONE', #366, .T. ) ;
#331 = LINE ( 'NONE', #1938, #588 ) ;
#332 = CARTESIAN_POINT ( 'NONE',  ( 721.5153053097131988, 933.8956486207368926, 1331.873847329499768 ) ) ;
#333 = EDGE_CURVE ( 'NONE', #1015, #996, #517, .T. ) ;
#334 = CARTESIAN_POINT ( 'NONE',  ( 721.9479354322742211, 926.6200950082104555, 1330.925743524943528 ) ) ;
#335 = CARTESIAN_POINT ( 'NONE',  ( 720.3301495480553740, 930.1987867942970070, 1329.664432025023416 ) ) ;
#336 = ORIENTED_EDGE ( 'NONE', *, *, #451, .T. ) ;
#337 = VERTEX_POINT ( 'NONE', #2135 ) ;
#338 = CARTESIAN_POINT ( 'NONE',  ( 720.3567065462380015, 929.7083752081828152, 1325.367237826064184 ) ) ;
#339 = ORIENTED_EDGE ( 'NONE', *, *, #151, .F. ) ;
#340 = CARTESIAN_POINT ( 'NONE',  ( 720.9299304643211599, 932.6537575843972263, 1339.545238374524388 ) ) ;
#341 = CARTESIAN_POINT ( 'NONE',  ( 716.6245988056199394, 938.7468248405236864, 1344.407974150888322 ) ) ;
#342 = CARTESIAN_POINT ( 'NONE',  ( 721.5153053097131988, 933.8956486207368926, 1331.873847329499768 ) ) ;
#343 = EDGE_CURVE ( 'NONE', #2269, #659, #1668, .T. ) ;
#344 = DIRECTION ( 'NONE',  ( -0.07317157541021351852, 0.6515180314347910340, 0.7550961364404682463 ) ) ;
#345 = ADVANCED_FACE ( 'NONE', ( #1040 ), #2271, .F. ) ;
#346 = ADVANCED_FACE ( 'NONE', ( #1724 ), #657, .T. ) ;
#347 = CARTESIAN_POINT ( 'NONE',  ( 720.4652909612009353, 936.7908970854932704, 1344.340098839711345 ) ) ;
#348 = B_SPLINE_CURVE_WITH_KNOTS ( 'NONE', 3,
 ( #1776, #228, #12, #2183, #45, #946 ),
 .UNSPECIFIED., .F., .F.,
 ( 4, 2, 4 ),
 ( 0.000000000000000000, 0.5000000000000000000, 1.000000000000000000 ),
 .UNSPECIFIED. ) ;
#349 = ORIENTED_EDGE ( 'NONE', *, *, #1631, .T. ) ;
#350 = ORIENTED_EDGE ( 'NONE', *, *, #1693, .F. ) ;
#351 = CARTESIAN_POINT ( 'NONE',  ( 720.7184740833123442, 927.6246782581642947, 1323.072114272610406 ) ) ;
#352 = CARTESIAN_POINT ( 'NONE',  ( 720.7172749494241089, 937.3241857986143941, 1340.954914689272755 ) ) ;
#353 = DIRECTION ( 'NONE',  ( -0.2213962767796876230, -0.7488457419180276631, 0.6246709081102869154 ) ) ;
#354 = CARTESIAN_POINT ( 'NONE',  ( 717.9446122115920161, 916.9411261210387920, 1315.873055753193512 ) ) ;
#355 = LOCAL_TIME ( 17, 5, 52.00000000000000000, #998 ) ;
#356 = AXIS2_PLACEMENT_3D ( 'NONE', #1813, #1825, #602 ) ;
#357 = DIRECTION ( 'NONE',  ( -0.9724348868587959771, 0.1214673187592877068, -0.1990378890898673592 ) ) ;
#358 = VECTOR ( 'NONE', #924, 1000.000000000000000 ) ;
#359 = CARTESIAN_POINT ( 'NONE',  ( 721.5153053097131988, 933.8956486207368926, 1331.873847329499768 ) ) ;
#360 = EDGE_CURVE ( 'NONE', #861, #428, #1099, .T. ) ;
#361 = ORIENTED_EDGE ( 'NONE', *, *, #911, .F. ) ;
#362 = B_SPLINE_CURVE_WITH_KNOTS ( 'NONE', 1,
 ( #91, #1179 ),
 .UNSPECIFIED., .F., .F.,
 ( 2, 2 ),
 ( 0.000000000000000000, 1.000000000000000000 ),
 .UNSPECIFIED. ) ;
#363 = ORIENTED_EDGE ( 'NONE', *, *, #858, .T. ) ;
#364 = CARTESIAN_POINT ( 'NONE',  ( 719.5753480409142639, 935.9510876146854343, 1332.595941924665340 ) ) ;
#365 = EDGE_CURVE ( 'NONE', #373, #1382, #291, .T. ) ;
#366 = EDGE_LOOP ( 'NONE', ( #891, #1925, #1115, #56, #397, #717, #1172, #1712, #267, #1904, #1313, #1495 ) ) ;
#367 = CARTESIAN_POINT ( 'NONE',  ( 723.5526318376947756, 929.5874608211735222, 1331.086083049227000 ) ) ;
#368 = LINE ( 'NONE', #1092, #1323 ) ;
#369 = CARTESIAN_POINT ( 'NONE',  ( 720.6848056874317763, 934.8363429911887579, 1342.074810430389789 ) ) ;
#370 = CARTESIAN_POINT ( 'NONE',  ( 720.9299304643211599, 932.6537575843972263, 1339.545238374524388 ) ) ;
#371 = B_SPLINE_CURVE_WITH_KNOTS ( 'NONE', 1,
 ( #1023, #1053 ),
 .UNSPECIFIED., .F., .F.,
 ( 2, 2 ),
 ( 0.000000000000000000, 1.000000000000000000 ),
 .UNSPECIFIED. ) ;
#372 = CARTESIAN_POINT ( 'NONE',  ( 716.0491764008550035, 943.8703727523205771, 1350.346061888146323 ) ) ;
#373 = VERTEX_POINT ( 'NONE', #759 ) ;
#374 = ORIENTED_EDGE ( 'NONE', *, *, #2168, .F. ) ;
#375 = B_SPLINE_SURFACE_WITH_KNOTS ( 'NONE', 1, 3, ( 
 ( #446, #1853, #1701, #1508, #675, #1679 ),
 ( #119, #637, #2046, #1518, #2231, #1713 ) ),
 .UNSPECIFIED., .F., .F., .F.,
 ( 2, 2 ),
 ( 4, 2, 4 ),
 ( 0.000000000000000000, 1.000000000000000000 ),
 ( 0.000000000000000000, 0.5000000000000000000, 1.000000000000000000 ),
 .UNSPECIFIED. ) ;
#376 = DIRECTION ( 'NONE',  ( -0.5212750289935843551, 0.6204890829809658337, -0.5858887625216735451 ) ) ;
#377 = VERTEX_POINT ( 'NONE', #1455 ) ;
#378 = CARTESIAN_POINT ( 'NONE',  ( 719.0977842068022028, 934.9860458598957393, 1333.382329217058896 ) ) ;
#379 = ADVANCED_FACE ( 'NONE', ( #1278 ), #420, .F. ) ;
#380 = CARTESIAN_POINT ( 'NONE',  ( 723.2436909452426335, 930.4417333528182326, 1337.252664324382749 ) ) ;
#381 = CARTESIAN_POINT ( 'NONE',  ( 721.5910440311490675, 930.7186824102408309, 1334.792399412112900 ) ) ;
#382 = CARTESIAN_POINT ( 'NONE',  ( 718.8547779951101120, 928.3020708412984732, 1326.279854919746640 ) ) ;
#383 = CARTESIAN_POINT ( 'NONE',  ( 723.5526318376947756, 929.5874608211735222, 1331.086083049227000 ) ) ;
#384 = FACE_OUTER_BOUND ( 'NONE', #258, .T. ) ;
#385 = ORIENTED_EDGE ( 'NONE', *, *, #740, .F. ) ;
#386 = B_SPLINE_CURVE_WITH_KNOTS ( 'NONE', 1,
 ( #660, #1185 ),
 .UNSPECIFIED., .F., .F.,
 ( 2, 2 ),
 ( 0.000000000000000000, 1.000000000000000000 ),
 .UNSPECIFIED. ) ;
#387 = CARTESIAN_POINT ( 'NONE',  ( 722.6233528281762801, 937.8617398247616848, 1340.675803978077965 ) ) ;
#388 = CARTESIAN_POINT ( 'NONE',  ( 714.6570564413497095, 940.1820496439698900, 1340.851278566067322 ) ) ;
#389 = CARTESIAN_POINT ( 'NONE',  ( 723.0752815363280206, 931.3341342943973586, 1331.489873294591234 ) ) ;
#390 = B_SPLINE_CURVE_WITH_KNOTS ( 'NONE', 1,
 ( #863, #1014 ),
 .UNSPECIFIED., .F., .F.,
 ( 2, 2 ),
 ( 0.000000000000000000, 1.000000000000000000 ),
 .UNSPECIFIED. ) ;
#391 = FACE_OUTER_BOUND ( 'NONE', #50, .T. ) ;
#392 = EDGE_CURVE ( 'NONE', #950, #1210, #2134, .T. ) ;
#393 = VECTOR ( 'NONE', #1113, 999.9999999999998863 ) ;
#394 = DIRECTION ( 'NONE',  ( -0.07317157541021351852, 0.6515180314347910340, 0.7550961364404682463 ) ) ;
#395 = CC_DESIGN_SECURITY_CLASSIFICATION ( #2103, ( #243 ) ) ;
#396 = AXIS2_PLACEMENT_3D ( 'NONE', #140, #1224, #2113 ) ;
#397 = ORIENTED_EDGE ( 'NONE', *, *, #233, .F. ) ;
#398 = VECTOR ( 'NONE', #1018, 1000.000000000000227 ) ;
#399 = CARTESIAN_POINT ( 'NONE',  ( 723.6892452624314274, 929.4934618672623401, 1331.837993683582226 ) ) ;
#400 = CARTESIAN_POINT ( 'NONE',  ( 720.0021530195468813, 935.8470436377226633, 1332.727454527820100 ) ) ;
#401 = VECTOR ( 'NONE', #1993, 999.9999999999998863 ) ;
#402 = VERTEX_POINT ( 'NONE', #1955 ) ;
#403 = CARTESIAN_POINT ( 'NONE',  ( 721.4832959286105734, 930.7572345093772128, 1335.720603990016798 ) ) ;
#404 = DIRECTION ( 'NONE',  ( 0.07317157541021351852, -0.6515180314347910340, -0.7550961364404682463 ) ) ;
#405 = CARTESIAN_POINT ( 'NONE',  ( 719.0467713995290069, 933.2635828858179821, 1343.273100256919633 ) ) ;
#406 = ADVANCED_FACE ( 'NONE', ( #575 ), #563, .T. ) ;
#407 = DIRECTION ( 'NONE',  ( -0.5212750289935843551, 0.6204890829809658337, -0.5858887625216735451 ) ) ;
#408 = ADVANCED_FACE ( 'NONE', ( #1978 ), #1110, .T. ) ;
#409 = DIRECTION ( 'NONE',  ( 0.8731305266870593718, -0.3240394544517291031, 0.3641998288382410354 ) ) ;
#410 = VERTEX_POINT ( 'NONE', #927 ) ;
#411 = CARTESIAN_POINT ( 'NONE',  ( 721.6404211299523013, 935.5047561195705157, 1334.218208986164200 ) ) ;
#412 = DIRECTION ( 'NONE',  ( -0.07317157541021340750, 0.6515180314347909230, 0.7550961364404682463 ) ) ;
#413 = EDGE_LOOP ( 'NONE', ( #619, #1854, #286, #2093 ) ) ;
#414 = DIRECTION ( 'NONE',  ( 0.8731305266870593718, -0.3240394544517291031, 0.3641998288382410354 ) ) ;
#415 = CARTESIAN_POINT ( 'NONE',  ( 719.8441481236691288, 910.0800314573929199, 1311.183744147507923 ) ) ;
#416 = CARTESIAN_POINT ( 'NONE',  ( 720.9548569790431429, 934.9170680959825859, 1341.065043261051187 ) ) ;
#417 = VERTEX_POINT ( 'NONE', #2194 ) ;
#418 = DIRECTION ( 'NONE',  ( 0.3581728751067190242, 0.7237813162090126484, -0.5897904694419331406 ) ) ;
#419 = EDGE_CURVE ( 'NONE', #507, #2139, #1572, .T. ) ;
#420 = PLANE ( 'NONE',  #1426 ) ;
#421 = EDGE_CURVE ( 'NONE', #417, #457, #1181, .T. ) ;
#422 = DIRECTION ( 'NONE',  ( -0.07317157541021351852, 0.6515180314347910340, 0.7550961364404682463 ) ) ;
#423 = ORIENTED_EDGE ( 'NONE', *, *, #2153, .T. ) ;
#424 = EDGE_CURVE ( 'NONE', #938, #840, #662, .T. ) ;
#425 = DIRECTION ( 'NONE',  ( 0.07317157541021351852, -0.6515180314347910340, -0.7550961364404682463 ) ) ;
#426 = CARTESIAN_POINT ( 'NONE',  ( 721.1819144538817454, 933.1870462975480223, 1336.160054224189935 ) ) ;
#427 = CARTESIAN_POINT ( 'NONE',  ( 718.7817966041485533, 932.4037009697779013, 1331.143669788386887 ) ) ;
#428 = VERTEX_POINT ( 'NONE', #1777 ) ;
#429 = DIRECTION ( 'NONE',  ( -0.07317157541021489242, 0.6515180314347915891, 0.7550961364404675802 ) ) ;
#430 = DIRECTION ( 'NONE',  ( -0.2213962767796721631, -0.7488457419180312158, 0.6246709081102881367 ) ) ;
#431 = AXIS2_PLACEMENT_3D ( 'NONE', #1966, #394, #913 ) ;
#432 = VERTEX_POINT ( 'NONE', #771 ) ;
#433 = VECTOR ( 'NONE', #1653, 1000.000000000000227 ) ;
#434 = FACE_OUTER_BOUND ( 'NONE', #1573, .T. ) ;
#435 = EDGE_CURVE ( 'NONE', #223, #101, #2148, .T. ) ;
#436 = VERTEX_POINT ( 'NONE', #382 ) ;
#437 = VECTOR ( 'NONE', #1809, 1000.000000000000227 ) ;
#438 = CARTESIAN_POINT ( 'NONE',  ( 718.6835528550518575, 936.5348379177305560, 1336.133527259647281 ) ) ;
#439 = VECTOR ( 'NONE', #376, 999.9999999999998863 ) ;
#440 = DIRECTION ( 'NONE',  ( -0.8731305266870632575, 0.3240394544517275488, -0.3641998288382332638 ) ) ;
#441 = DIRECTION ( 'NONE',  ( 0.07317157541021351852, -0.6515180314347910340, -0.7550961364404682463 ) ) ;
#442 = ORIENTED_EDGE ( 'NONE', *, *, #203, .F. ) ;
#443 = LINE ( 'NONE', #274, #2253 ) ;
#444 = CARTESIAN_POINT ( 'NONE',  ( 718.0116725107195634, 934.0361228285731841, 1341.427910068555548 ) ) ;
#445 = VERTEX_POINT ( 'NONE', #1480 ) ;
#446 = CARTESIAN_POINT ( 'NONE',  ( 721.0506658035484406, 938.0327881217716595, 1336.668707794444344 ) ) ;
#447 = ORIENTED_EDGE ( 'NONE', *, *, #1933, .T. ) ;
#448 = B_SPLINE_SURFACE_WITH_KNOTS ( 'NONE', 1, 3, ( 
 ( #205, #1445, #194, #1467, #1300, #1651 ),
 ( #69, #1343, #1333, #454, #2227, #264 ) ),
 .UNSPECIFIED., .F., .F., .F.,
 ( 2, 2 ),
 ( 4, 2, 4 ),
 ( 0.000000000000000000, 1.000000000000000000 ),
 ( 0.000000000000000000, 0.5000000000000000000, 1.000000000000000000 ),
 .UNSPECIFIED. ) ;
#449 = PERSON_AND_ORGANIZATION ( #146, #473 ) ;
#450 = DIRECTION ( 'NONE',  ( 0.9724348868587991968, -0.1214673187592747866, 0.1990378890898586994 ) ) ;
#451 = EDGE_CURVE ( 'NONE', #77, #694, #172, .T. ) ;
#452 = LINE ( 'NONE', #1798, #1462 ) ;
#453 = ORIENTED_EDGE ( 'NONE', *, *, #780, .T. ) ;
#454 = CARTESIAN_POINT ( 'NONE',  ( 719.1481923609245541, 932.3976984176456426, 1331.338666793960556 ) ) ;
#455 = CARTESIAN_POINT ( 'NONE',  ( 718.3555897951192719, 923.3341207189090483, 1326.544963807641807 ) ) ;
#456 = CARTESIAN_POINT ( 'NONE',  ( 720.2658451366603458, 927.1942877368251175, 1323.399414639634642 ) ) ;
#457 = VERTEX_POINT ( 'NONE', #1121 ) ;
#458 = CARTESIAN_POINT ( 'NONE',  ( 759.6649659101136649, 906.9349524812979553, 1323.053527612460130 ) ) ;
#459 = ORIENTED_EDGE ( 'NONE', *, *, #392, .F. ) ;
#460 = CARTESIAN_POINT ( 'NONE',  ( 716.6245988056199394, 938.7468248405236864, 1344.407974150888322 ) ) ;
#461 = DIRECTION ( 'NONE',  ( 0.07317157541021568345, -0.6515180314347935875, -0.7550961364404659149 ) ) ;
#462 = ORIENTED_EDGE ( 'NONE', *, *, #765, .F. ) ;
#463 = CARTESIAN_POINT ( 'NONE',  ( 722.2934674124584262, 938.0174594751423456, 1339.273773674340418 ) ) ;
#464 = EDGE_CURVE ( 'NONE', #659, #2291, #1864, .T. ) ;
#465 = DIRECTION ( 'NONE',  ( -0.8888065830875330198, 0.3008470487214908173, -0.3457078407207930804 ) ) ;
#466 = EDGE_CURVE ( 'NONE', #1591, #764, #1321, .T. ) ;
#467 = DIRECTION ( 'NONE',  ( -0.5212750289935843551, 0.6204890829809658337, -0.5858887625216735451 ) ) ;
#468 = ORIENTED_EDGE ( 'NONE', *, *, #1153, .T. ) ;
#469 = FACE_OUTER_BOUND ( 'NONE', #552, .T. ) ;
#470 = EDGE_LOOP ( 'NONE', ( #1295, #726, #1166, #542 ) ) ;
#471 = CLOSED_SHELL ( 'NONE', ( #1384, #1164, #25, #1049, #942, #408, #1880, #856, #2050, #639, #2149, #521, #2252, #1942, #724, #527, #1689, #1592, #38, #1577, #1971, #379, #1463, #1243, #1520, #699, #1799, #1423, #613, #206, #978, #1234, #1481, #980, #1906, #952, #1200, #721, #346, #2270, #109, #1635, #1815, #989, #825, #345, #13, #1773, #1554, #868, #406, #554, #2111, #508, #655, #1539, #1733, #937, #500, #9 ) ) ;
#472 = DIRECTION ( 'NONE',  ( -0.8888065830875054862, 0.3008470487215013089, -0.3457078407208546977 ) ) ;
#473 = ORGANIZATION ( 'UNSPECIFIED', 'UNSPECIFIED', '' ) ;
#474 = AXIS2_PLACEMENT_3D ( 'NONE', #276, #990, #1526 ) ;
#475 = DIRECTION ( 'NONE',  ( 0.07317157541021553080, -0.6515180314347933654, -0.7550961364404660259 ) ) ;
#476 = AXIS2_PLACEMENT_3D ( 'NONE', #515, #2120, #324 ) ;
#477 = ORIENTED_EDGE ( 'NONE', *, *, #1340, .F. ) ;
#478 = CARTESIAN_POINT ( 'NONE',  ( 720.6848056874317763, 934.8363429911887579, 1342.074810430389789 ) ) ;
#479 = B_SPLINE_CURVE_WITH_KNOTS ( 'NONE', 3,
 ( #558, #1264, #1960, #1748 ),
 .UNSPECIFIED., .F., .F.,
 ( 4, 4 ),
 ( 0.000000000000000000, 1.000000000000000000 ),
 .UNSPECIFIED. ) ;
#480 = EDGE_CURVE ( 'NONE', #1061, #483, #1466, .T. ) ;
#481 = FACE_OUTER_BOUND ( 'NONE', #1437, .T. ) ;
#482 = DIRECTION ( 'NONE',  ( -0.07317157541021351852, 0.6515180314347910340, 0.7550961364404682463 ) ) ;
#483 = VERTEX_POINT ( 'NONE', #195 ) ;
#484 = B_SPLINE_CURVE_WITH_KNOTS ( 'NONE', 1,
 ( #1398, #2109 ),
 .UNSPECIFIED., .F., .F.,
 ( 2, 2 ),
 ( 0.000000000000000000, 1.000000000000000000 ),
 .UNSPECIFIED. ) ;
#485 = EDGE_CURVE ( 'NONE', #1600, #142, #229, .T. ) ;
#486 = CARTESIAN_POINT ( 'NONE',  ( 723.5526318376947756, 929.5874608211735222, 1331.086083049227000 ) ) ;
#487 = ORIENTED_EDGE ( 'NONE', *, *, #2067, .F. ) ;
#488 = CARTESIAN_POINT ( 'NONE',  ( 716.7421565573239377, 937.7000933120461923, 1343.194833616153801 ) ) ;
#489 = CARTESIAN_POINT ( 'NONE',  ( 719.8441481236691288, 910.0800314573929199, 1311.183744147507923 ) ) ;
#490 = ORIENTED_EDGE ( 'NONE', *, *, #897, .T. ) ;
#491 = DIRECTION ( 'NONE',  ( -0.8731305266870632575, 0.3240394544517275488, -0.3641998288382332638 ) ) ;
#492 = CARTESIAN_POINT ( 'NONE',  ( 723.5399210416285314, 927.1969947927727844, 1326.695012830071164 ) ) ;
#493 = PLANE ( 'NONE',  #250 ) ;
#494 = B_SPLINE_CURVE_WITH_KNOTS ( 'NONE', 3,
 ( #1831, #815, #2049, #966, #1657, #75 ),
 .UNSPECIFIED., .F., .F.,
 ( 4, 2, 4 ),
 ( 0.000000000000000000, 0.5000000000000000000, 1.000000000000000000 ),
 .UNSPECIFIED. ) ;
#495 = VERTEX_POINT ( 'NONE', #2184 ) ;
#496 = CARTESIAN_POINT ( 'NONE',  ( 720.7990857389951316, 925.7028798149384556, 1337.120445258490236 ) ) ;
#497 = EDGE_CURVE ( 'NONE', #686, #867, #1302, .T. ) ;
#498 = EDGE_LOOP ( 'NONE', ( #1588, #1272, #878, #707 ) ) ;
#499 = DIRECTION ( 'NONE',  ( 0.07317157541021351852, -0.6515180314347910340, -0.7550961364404682463 ) ) ;
#500 = ADVANCED_FACE ( 'NONE', ( #2159 ), #1291, .T. ) ;
#501 = ORIENTED_EDGE ( 'NONE', *, *, #2124, .T. ) ;
#502 = DIRECTION ( 'NONE',  ( 0.07317157541021351852, -0.6515180314347910340, -0.7550961364404682463 ) ) ;
#503 = CARTESIAN_POINT ( 'NONE',  ( 723.0879923329354142, 933.7246003229676035, 1335.880943513652483 ) ) ;
#504 = CARTESIAN_POINT ( 'NONE',  ( 723.9338393562151168, 926.5737207365559698, 1331.158197889937583 ) ) ;
#505 = ORIENTED_EDGE ( 'NONE', *, *, #89, .F. ) ;
#506 = CARTESIAN_POINT ( 'NONE',  ( 720.4591607383151768, 931.7116471340790440, 1327.952494062724099 ) ) ;
#507 = VERTEX_POINT ( 'NONE', #1698 ) ;
#508 = ADVANCED_FACE ( 'NONE', ( #1345 ), #288, .T. ) ;
#509 = CARTESIAN_POINT ( 'NONE',  ( 721.5504528648446012, 932.5022248797241673, 1339.736115911985280 ) ) ;
#510 = ORIENTED_EDGE ( 'NONE', *, *, #451, .F. ) ;
#511 = CIRCLE ( 'NONE', #1789, 3.999999999999961364 ) ;
#512 = DIRECTION ( 'NONE',  ( 0.5212750289935843551, -0.6204890829809658337, 0.5858887625216735451 ) ) ;
#513 = AXIS2_PLACEMENT_3D ( 'NONE', #131, #2076, #1704 ) ;
#514 = AXIS2_PLACEMENT_3D ( 'NONE', #979, #1676, #465 ) ;
#515 = CARTESIAN_POINT ( 'NONE',  ( 716.9616712835546650, 935.7455392177417934, 1340.929545206832699 ) ) ;
#516 = AXIS2_PLACEMENT_3D ( 'NONE', #1740, #885, #1230 ) ;
#517 = B_SPLINE_CURVE_WITH_KNOTS ( 'NONE', 1,
 ( #1564, #359 ),
 .UNSPECIFIED., .F., .F.,
 ( 2, 2 ),
 ( 0.000000000000000000, 1.000000000000000000 ),
 .UNSPECIFIED. ) ;
#518 = CARTESIAN_POINT ( 'NONE',  ( 721.9799448158775022, 929.7585091197022393, 1327.078986864554736 ) ) ;
#519 = ORIENTED_EDGE ( 'NONE', *, *, #1755, .T. ) ;
#520 = CARTESIAN_POINT ( 'NONE',  ( 719.2141294582206683, 929.8087688553409862, 1325.014656271138165 ) ) ;
#521 = ADVANCED_FACE ( 'NONE', ( #634 ), #656, .T. ) ;
#522 = LINE ( 'NONE', #1951, #1832 ) ;
#523 = FACE_OUTER_BOUND ( 'NONE', #1134, .T. ) ;
#524 = EDGE_CURVE ( 'NONE', #1102, #2289, #830, .T. ) ;
#525 = B_SPLINE_CURVE_WITH_KNOTS ( 'NONE', 1,
 ( #2292, #1005 ),
 .UNSPECIFIED., .F., .F.,
 ( 2, 2 ),
 ( 0.000000000000000000, 1.000000000000000000 ),
 .UNSPECIFIED. ) ;
#526 = CARTESIAN_POINT ( 'NONE',  ( 722.3607016734526951, 929.8067243857768744, 1327.692150125179296 ) ) ;
#527 = ADVANCED_FACE ( 'NONE', ( #481 ), #843, .F. ) ;
#528 = CARTESIAN_POINT ( 'NONE',  ( 722.1050606359567610, 931.3676166183995520, 1329.423348521321714 ) ) ;
#529 = EDGE_LOOP ( 'NONE', ( #92, #760, #1678, #1759, #1959, #2089, #2032, #148, #177, #209, #1599, #743 ) ) ;
#530 = VERTEX_POINT ( 'NONE', #1876 ) ;
#531 = CARTESIAN_POINT ( 'NONE',  ( 720.9879866441139029, 926.0636522286769150, 1325.144000090596364 ) ) ;
#532 = EDGE_LOOP ( 'NONE', ( #1039, #877, #2247, #165 ) ) ;
#533 = CARTESIAN_POINT ( 'NONE',  ( 718.8590022897458311, 934.5035249825007213, 1333.775522863255446 ) ) ;
#534 = CARTESIAN_POINT ( 'NONE',  ( 723.4691998526470798, 930.7108602385003451, 1335.953058354348741 ) ) ;
#535 = EDGE_CURVE ( 'NONE', #840, #1524, #970, .T. ) ;
#536 = PLANE ( 'NONE',  #2212 ) ;
#537 = SECURITY_CLASSIFICATION_LEVEL ( 'unclassified' ) ;
#538 = EDGE_CURVE ( 'NONE', #828, #2071, #1394, .T. ) ;
#539 = CARTESIAN_POINT ( 'NONE',  ( 721.0858133618471584, 936.6393643810675940, 1344.530976376970102 ) ) ;
#540 = VERTEX_POINT ( 'NONE', #2068 ) ;
#541 = CARTESIAN_POINT ( 'NONE',  ( 721.3224200552765524, 927.4768852250150530, 1323.346409485837057 ) ) ;
#542 = ORIENTED_EDGE ( 'NONE', *, *, #1093, .F. ) ;
#543 = PLANE ( 'NONE',  #1542 ) ;
#544 = DIRECTION ( 'NONE',  ( 0.07317157541021351852, -0.6515180314347910340, -0.7550961364404682463 ) ) ;
#545 = CARTESIAN_POINT ( 'NONE',  ( 721.5723876130471126, 929.0073938277050729, 1330.776825624857111 ) ) ;
#546 = AXIS2_PLACEMENT_3D ( 'NONE', #605, #1138, #414 ) ;
#547 = VECTOR ( 'NONE', #1529, 1000.000000000000114 ) ;
#548 = CARTESIAN_POINT ( 'NONE',  ( 716.6245988056197120, 938.7468248405236864, 1344.407974150888322 ) ) ;
#549 = VECTOR ( 'NONE', #1570, 999.9999999999998863 ) ;
#550 = AXIS2_PLACEMENT_3D ( 'NONE', #1306, #1856, #440 ) ;
#551 = CARTESIAN_POINT ( 'NONE',  ( 721.5639971901982790, 931.4535028498033853, 1328.703167397155994 ) ) ;
#552 = EDGE_LOOP ( 'NONE', ( #1836, #453, #557, #2107 ) ) ;
#553 = AXIS2_PLACEMENT_3D ( 'NONE', #1523, #2274, #1718 ) ;
#554 = ADVANCED_FACE ( 'NONE', ( #611 ), #1685, .F. ) ;
#555 = ORIENTED_EDGE ( 'NONE', *, *, #1769, .T. ) ;
#556 = LINE ( 'NONE', #709, #997 ) ;
#557 = ORIENTED_EDGE ( 'NONE', *, *, #2290, .T. ) ;
#558 = CARTESIAN_POINT ( 'NONE',  ( 723.0045603490793837, 934.8479997404450614, 1340.747918818760127 ) ) ;
#559 = CARTESIAN_POINT ( 'NONE',  ( 721.3945699674410434, 928.5166180833010685, 1334.750377909337203 ) ) ;
#560 = CARTESIAN_POINT ( 'NONE',  ( 723.2227464230343230, 929.7431804719146839, 1329.684052745280496 ) ) ;
#561 = DIRECTION ( 'NONE',  ( -0.8731305266870632575, 0.3240394544517275488, -0.3641998288382332638 ) ) ;
#562 = B_SPLINE_CURVE_WITH_KNOTS ( 'NONE', 1,
 ( #1379, #307 ),
 .UNSPECIFIED., .F., .F.,
 ( 2, 2 ),
 ( 0.000000000000000000, 1.000000000000000000 ),
 .UNSPECIFIED. ) ;
#563 = PLANE ( 'NONE',  #57 ) ;
#564 = ORIENTED_EDGE ( 'NONE', *, *, #794, .F. ) ;
#565 = B_SPLINE_SURFACE_WITH_KNOTS ( 'NONE', 1, 3, ( 
 ( #1266, #1094, #1784, #204 ),
 ( #921, #1444, #35, #746 ) ),
 .UNSPECIFIED., .F., .F., .F.,
 ( 2, 2 ),
 ( 4, 4 ),
 ( 0.000000000000000000, 1.000000000000000000 ),
 ( 0.000000000000000000, 1.000000000000000000 ),
 .UNSPECIFIED. ) ;
#566 = CARTESIAN_POINT ( 'NONE',  ( 723.2244950058648101, 933.6306775738089527, 1336.632244576263020 ) ) ;
#567 = EDGE_CURVE ( 'NONE', #914, #1761, #773, .T. ) ;
#568 = CARTESIAN_POINT ( 'NONE',  ( 720.3931410422358113, 935.7511642262965097, 1332.936130416356946 ) ) ;
#569 = ORIENTED_EDGE ( 'NONE', *, *, #794, .T. ) ;
#570 = CARTESIAN_POINT ( 'NONE',  ( 719.3236417955105253, 930.3663854824233113, 1328.980662397445940 ) ) ;
#571 = EDGE_CURVE ( 'NONE', #223, #175, #733, .T. ) ;
#572 = CARTESIAN_POINT ( 'NONE',  ( 719.4025687729588299, 934.3847459755843374, 1334.019124164907680 ) ) ;
#573 = CARTESIAN_POINT ( 'NONE',  ( 721.5723876130471126, 929.0073938277050729, 1330.776825624857111 ) ) ;
#574 = CARTESIAN_POINT ( 'NONE',  ( 720.6812577011072563, 930.2388925431439475, 1330.259271463137566 ) ) ;
#575 = FACE_OUTER_BOUND ( 'NONE', #870, .T. ) ;
#576 = ORIENTED_EDGE ( 'NONE', *, *, #325, .F. ) ;
#577 = ORIENTED_EDGE ( 'NONE', *, *, #1298, .T. ) ;
#578 = CARTESIAN_POINT ( 'NONE',  ( 719.6128318667987287, 928.2605589175472005, 1326.543806328257915 ) ) ;
#579 = ORIENTED_EDGE ( 'NONE', *, *, #1582, .F. ) ;
#580 = EDGE_CURVE ( 'NONE', #1947, #540, #1032, .T. ) ;
#581 = DIRECTION ( 'NONE',  ( -0.07317157541021351852, 0.6515180314347910340, 0.7550961364404682463 ) ) ;
#582 = CARTESIAN_POINT ( 'NONE',  ( 722.6233528281762801, 937.8617398247616848, 1340.675803978077965 ) ) ;
#583 = EDGE_CURVE ( 'NONE', #774, #1841, #104, .T. ) ;
#584 = CARTESIAN_POINT ( 'NONE',  ( 721.1819144538817454, 933.1870462975480223, 1336.160054224189935 ) ) ;
#585 = DIRECTION ( 'NONE',  ( 0.8731305266870593718, -0.3240394544517291031, 0.3641998288382410354 ) ) ;
#586 = PERSON_AND_ORGANIZATION ( #146, #473 ) ;
#587 = DIRECTION ( 'NONE',  ( -0.8731305266870632575, 0.3240394544517275488, -0.3641998288382332638 ) ) ;
#588 = VECTOR ( 'NONE', #1739, 1000.000000000000114 ) ;
#589 = CIRCLE ( 'NONE', #283, 6.000000000000039968 ) ;
#590 = ORIENTED_EDGE ( 'NONE', *, *, #10, .T. ) ;
#591 = CIRCLE ( 'NONE', #1877, 3.999999999999961364 ) ;
#592 = CARTESIAN_POINT ( 'NONE',  ( 720.0728110040479351, 926.1599458876099789, 1324.273549548910296 ) ) ;
#593 = DIRECTION ( 'NONE',  ( 0.5212750289935843551, -0.6204890829809658337, 0.5858887625216735451 ) ) ;
#594 = ORIENTED_EDGE ( 'NONE', *, *, #2207, .T. ) ;
#595 = B_SPLINE_CURVE_WITH_KNOTS ( 'NONE', 3,
 ( #1930, #1232, #2145, #874, #1420, #2283 ),
 .UNSPECIFIED., .F., .F.,
 ( 4, 2, 4 ),
 ( 0.000000000000000000, 0.5000000000000000000, 1.000000000000000000 ),
 .UNSPECIFIED. ) ;
#596 = FACE_OUTER_BOUND ( 'NONE', #118, .T. ) ;
#597 = CARTESIAN_POINT ( 'NONE',  ( 716.6245988056199394, 938.7468248405236864, 1344.407974150888322 ) ) ;
#598 = CARTESIAN_POINT ( 'NONE',  ( 722.5463728893701045, 934.3817448779121833, 1342.647443042168106 ) ) ;
#599 = ORIENTED_EDGE ( 'NONE', *, *, #2239, .T. ) ;
#600 = CARTESIAN_POINT ( 'NONE',  ( 715.0084248949268613, 929.0116093110991642, 1325.294919641832848 ) ) ;
#601 = EDGE_CURVE ( 'NONE', #727, #1600, #1758, .T. ) ;
#602 = DIRECTION ( 'NONE',  ( 0.8888065830875199191, -0.3008470487215146316, 0.3457078407208060145 ) ) ;
#603 = CARTESIAN_POINT ( 'NONE',  ( 723.2561371686446137, 928.0620199685396301, 1335.323010522325831 ) ) ;
#604 = ORIENTED_EDGE ( 'NONE', *, *, #1026, .F. ) ;
#605 = CARTESIAN_POINT ( 'NONE',  ( 716.7421565573239377, 937.7000933120461923, 1343.194833616153801 ) ) ;
#606 = DIRECTION ( 'NONE',  ( -0.07317157541021351852, 0.6515180314347910340, 0.7550961364404682463 ) ) ;
#607 = CARTESIAN_POINT ( 'NONE',  ( 719.1481923609245541, 932.3976984176456426, 1331.338666793960556 ) ) ;
#608 = ORIENTED_EDGE ( 'NONE', *, *, #1974, .F. ) ;
#609 = DIRECTION ( 'NONE',  ( 0.07317157541021351852, -0.6515180314347910340, -0.7550961364404682463 ) ) ;
#610 = EDGE_CURVE ( 'NONE', #432, #1210, #1722, .T. ) ;
#611 = FACE_OUTER_BOUND ( 'NONE', #327, .T. ) ;
#612 = ORIENTED_EDGE ( 'NONE', *, *, #601, .F. ) ;
#613 = ADVANCED_FACE ( 'NONE', ( #804 ), #1629, .T. ) ;
#614 = FACE_OUTER_BOUND ( 'NONE', #792, .T. ) ;
#615 = ORIENTED_EDGE ( 'NONE', *, *, #623, .F. ) ;
#616 = CARTESIAN_POINT ( 'NONE',  ( 719.5545459400321988, 936.6881428915627339, 1337.127724556000203 ) ) ;
#617 = CARTESIAN_POINT ( 'NONE',  ( 714.0791458872172370, 937.2858883103209564, 1334.884640574627383 ) ) ;
#618 = DIRECTION ( 'NONE',  ( -0.07317157541021351852, 0.6515180314347910340, 0.7550961364404682463 ) ) ;
#619 = ORIENTED_EDGE ( 'NONE', *, *, #2267, .F. ) ;
#620 = DIRECTION ( 'NONE',  ( -0.8731305266870569293, 0.3240394544517310460, -0.3641998288382453097 ) ) ;
#621 = B_SPLINE_CURVE_WITH_KNOTS ( 'NONE', 3,
 ( #251, #801, #791, #1297 ),
 .UNSPECIFIED., .F., .F.,
 ( 4, 4 ),
 ( 0.000000000000000000, 1.000000000000000000 ),
 .UNSPECIFIED. ) ;
#622 = CARTESIAN_POINT ( 'NONE',  ( 721.0506658035484406, 938.0327881217716595, 1336.668707794444344 ) ) ;
#623 = EDGE_CURVE ( 'NONE', #530, #1721, #2066, .T. ) ;
#624 = ORIENTED_EDGE ( 'NONE', *, *, #203, .T. ) ;
#625 = VECTOR ( 'NONE', #951, 1000.000000000000114 ) ;
#626 = VECTOR ( 'NONE', #1503, 1000.000000000000114 ) ;
#627 = DIRECTION ( 'NONE',  ( -0.07317157541021351852, 0.6515180314347910340, 0.7550961364404682463 ) ) ;
#628 = ORIENTED_EDGE ( 'NONE', *, *, #1595, .T. ) ;
#629 = CIRCLE ( 'NONE', #516, 6.000000000000048850 ) ;
#630 = FACE_OUTER_BOUND ( 'NONE', #498, .T. ) ;
#631 = DIRECTION ( 'NONE',  ( -0.07317157541021351852, 0.6515180314347910340, 0.7550961364404682463 ) ) ;
#632 = ORIENTED_EDGE ( 'NONE', *, *, #2168, .T. ) ;
#633 = FACE_OUTER_BOUND ( 'NONE', #1236, .T. ) ;
#634 = FACE_OUTER_BOUND ( 'NONE', #95, .T. ) ;
#635 = CARTESIAN_POINT ( 'NONE',  ( 718.8590022897458311, 934.5035249825007213, 1333.775522863255446 ) ) ;
#636 = ORIENTED_EDGE ( 'NONE', *, *, #2121, .T. ) ;
#637 = CARTESIAN_POINT ( 'NONE',  ( 719.5545459400321988, 936.6881428915627339, 1337.127724556000203 ) ) ;
#638 = ORIENTED_EDGE ( 'NONE', *, *, #1410, .T. ) ;
#639 = ADVANCED_FACE ( 'NONE', ( #1402 ), #536, .T. ) ;
#640 = CARTESIAN_POINT ( 'NONE',  ( 719.0009511710796914, 941.0655041621480450, 1338.523446594841971 ) ) ;
#641 = CARTESIAN_POINT ( 'NONE',  ( 719.7882813012751058, 926.2292459823460149, 1324.185801931636206 ) ) ;
#642 = EDGE_CURVE ( 'NONE', #1866, #1779, #1502, .T. ) ;
#643 = ORIENTED_EDGE ( 'NONE', *, *, #1133, .T. ) ;
#644 = CARTESIAN_POINT ( 'NONE',  ( 716.0308274005435578, 936.3939813439010322, 1339.201532770972335 ) ) ;
#645 = CARTESIAN_POINT ( 'NONE',  ( 720.8577805487311707, 931.6140247256488465, 1328.141269951061076 ) ) ;
#646 = CARTESIAN_POINT ( 'NONE',  ( 718.3901384892427586, 932.4392103410926893, 1331.074715385790341 ) ) ;
#647 = ORIENTED_EDGE ( 'NONE', *, *, #1921, .F. ) ;
#648 = DIRECTION ( 'NONE',  ( 0.5212750289935843551, -0.6204890829809658337, 0.5858887625216735451 ) ) ;
#649 = EDGE_LOOP ( 'NONE', ( #2195, #577, #1417, #179 ) ) ;
#650 = CARTESIAN_POINT ( 'NONE',  ( 721.6698033782907942, 929.6987379293343565, 1326.576800434523193 ) ) ;
#651 = EDGE_CURVE ( 'NONE', #1262, #1015, #1184, .T. ) ;
#652 = DIRECTION ( 'NONE',  ( -0.07317157541021340750, 0.6515180314347909230, 0.7550961364404682463 ) ) ;
#653 = ORIENTED_EDGE ( 'NONE', *, *, #1460, .F. ) ;
#654 = DIRECTION ( 'NONE',  ( 0.07317157541021351852, -0.6515180314347910340, -0.7550961364404682463 ) ) ;
#655 = ADVANCED_FACE ( 'NONE', ( #857 ), #1214, .F. ) ;
#656 = PLANE ( 'NONE',  #208 ) ;
#657 = B_SPLINE_SURFACE_WITH_KNOTS ( 'NONE', 1, 3, ( 
 ( #143, #1736, #715, #1934, #162, #860 ),
 ( #685, #876, #1571, #1413, #2288, #706 ) ),
 .UNSPECIFIED., .F., .F., .F.,
 ( 2, 2 ),
 ( 4, 2, 4 ),
 ( 0.000000000000000000, 1.000000000000000000 ),
 ( 0.000000000000000000, 0.5000000000000000000, 1.000000000000000000 ),
 .UNSPECIFIED. ) ;
#658 = CARTESIAN_POINT ( 'NONE',  ( 719.6128318667987287, 928.2605589175472005, 1326.543806328257915 ) ) ;
#659 = VERTEX_POINT ( 'NONE', #713 ) ;
#660 = CARTESIAN_POINT ( 'NONE',  ( 720.2166181958195921, 934.3760320437949076, 1335.054131928498236 ) ) ;
#661 = ORIENTED_EDGE ( 'NONE', *, *, #220, .T. ) ;
#662 = CIRCLE ( 'NONE', #1249, 1.900000000000235501 ) ;
#663 = DATE_TIME_ROLE ( 'creation_date' ) ;
#664 = CARTESIAN_POINT ( 'NONE',  ( 721.6404211299523013, 935.5047561195705157, 1334.218208986164200 ) ) ;
#665 = AXIS2_PLACEMENT_3D ( 'NONE', #1664, #430, #2054 ) ;
#666 = ORIENTED_EDGE ( 'NONE', *, *, #858, .F. ) ;
#667 = CARTESIAN_POINT ( 'NONE',  ( 716.6245988056199394, 938.7468248405236864, 1344.407974150888322 ) ) ;
#668 = VECTOR ( 'NONE', #353, 1000.000000000000114 ) ;
#669 = EDGE_LOOP ( 'NONE', ( #336, #468, #1281, #1902 ) ) ;
#670 = CARTESIAN_POINT ( 'NONE',  ( 724.0308704760991532, 926.3523100921348714, 1328.463745217663700 ) ) ;
#671 = LINE ( 'NONE', #1381, #549 ) ;
#672 = LINE ( 'NONE', #1294, #1397 ) ;
#673 = ORIENTED_EDGE ( 'NONE', *, *, #823, .F. ) ;
#674 = EDGE_CURVE ( 'NONE', #1129, #727, #1555, .T. ) ;
#675 = CARTESIAN_POINT ( 'NONE',  ( 718.8723477662416599, 938.0296945400226605, 1334.707705393411516 ) ) ;
#676 = ORIENTED_EDGE ( 'NONE', *, *, #1196, .T. ) ;
#677 = DATE_AND_TIME ( #2262, #807 ) ;
#678 = CARTESIAN_POINT ( 'NONE',  ( 717.0212499556316743, 935.2150520862372787, 1340.314721419763600 ) ) ;
#679 = B_SPLINE_CURVE_WITH_KNOTS ( 'NONE', 1,
 ( #646, #1346 ),
 .UNSPECIFIED., .F., .F.,
 ( 2, 2 ),
 ( 0.000000000000000000, 1.000000000000000000 ),
 .UNSPECIFIED. ) ;
#680 = VERTEX_POINT ( 'NONE', #1048 ) ;
#681 = FACE_OUTER_BOUND ( 'NONE', #2185, .T. ) ;
#682 = CARTESIAN_POINT ( 'NONE',  ( 722.5697001419611070, 927.2304771172282472, 1324.628488056479455 ) ) ;
#683 = VERTEX_POINT ( 'NONE', #1242 ) ;
#684 = EDGE_CURVE ( 'NONE', #1382, #290, #1562, .T. ) ;
#685 = CARTESIAN_POINT ( 'NONE',  ( 720.4652909612009353, 936.7908970854932704, 1344.340098839711345 ) ) ;
#686 = VERTEX_POINT ( 'NONE', #704 ) ;
#687 = EDGE_CURVE ( 'NONE', #973, #716, #671, .T. ) ;
#688 = FACE_OUTER_BOUND ( 'NONE', #845, .T. ) ;
#689 = ORIENTED_EDGE ( 'NONE', *, *, #567, .F. ) ;
#690 = CARTESIAN_POINT ( 'NONE',  ( 718.2848504444732498, 938.0830478551130227, 1334.604377202872229 ) ) ;
#691 = CARTESIAN_POINT ( 'NONE',  ( 721.1077481084093961, 933.1445333287205131, 1335.571686089966079 ) ) ;
#692 = B_SPLINE_CURVE_WITH_KNOTS ( 'NONE', 3,
 ( #1173, #1868, #1694, #826, #1296, #2001 ),
 .UNSPECIFIED., .F., .F.,
 ( 4, 2, 4 ),
 ( 0.000000000000000000, 0.5000000000000000000, 1.000000000000000000 ),
 .UNSPECIFIED. ) ;
#693 = CARTESIAN_POINT ( 'NONE',  ( 720.0399875476335865, 931.8139481143749663, 1327.801081459149600 ) ) ;
#694 = VERTEX_POINT ( 'NONE', #1766 ) ;
#695 = B_SPLINE_CURVE_WITH_KNOTS ( 'NONE', 3,
 ( #2210, #1154, #1844, #85, #1139, #1521 ),
 .UNSPECIFIED., .F., .F.,
 ( 4, 2, 4 ),
 ( 0.000000000000000000, 0.5000000000000000000, 1.000000000000000000 ),
 .UNSPECIFIED. ) ;
#696 = LINE ( 'NONE', #1396, #439 ) ;
#697 = AXIS2_PLACEMENT_3D ( 'NONE', #1691, #627, #822 ) ;
#698 = APPROVAL_PERSON_ORGANIZATION ( #2034, #865, #1549 ) ;
#699 = ADVANCED_FACE ( 'NONE', ( #1371 ), #226, .T. ) ;
#700 = VECTOR ( 'NONE', #429, 1000.000000000000114 ) ;
#701 = CARTESIAN_POINT ( 'NONE',  ( 721.4194964825329635, 930.7799285948196939, 1336.270182795945857 ) ) ;
#702 = AXIS2_PLACEMENT_3D ( 'NONE', #43, #1443, #8 ) ;
#703 = CARTESIAN_POINT ( 'NONE',  ( 721.8960522841249485, 933.9438626354527742, 1332.486994674045491 ) ) ;
#704 = CARTESIAN_POINT ( 'NONE',  ( 718.3943627839814781, 938.6406644825780177, 1338.570383329065180 ) ) ;
#705 = AXIS2_PLACEMENT_3D ( 'NONE', #2051, #1857, #1552 ) ;
#706 = CARTESIAN_POINT ( 'NONE',  ( 720.7172749494241089, 937.3241857986143941, 1340.954914689272755 ) ) ;
#707 = ORIENTED_EDGE ( 'NONE', *, *, #838, .F. ) ;
#708 = ORIENTED_EDGE ( 'NONE', *, *, #1509, .T. ) ;
#709 = CARTESIAN_POINT ( 'NONE',  ( 717.2067960611786930, 933.5629538124351257, 1338.399973149757670 ) ) ;
#710 = EDGE_LOOP ( 'NONE', ( #2047, #1456, #1986, #576 ) ) ;
#711 = CARTESIAN_POINT ( 'NONE',  ( 721.4194964825329635, 930.7799285948196939, 1336.270182795945857 ) ) ;
#712 = CARTESIAN_POINT ( 'NONE',  ( 723.3894026647990358, 930.6033893958393719, 1336.613341360635104 ) ) ;
#713 = CARTESIAN_POINT ( 'NONE',  ( 720.6812577011072563, 930.2388925431439475, 1330.259271463137566 ) ) ;
#714 = DATE_AND_TIME ( #1109, #957 ) ;
#715 = CARTESIAN_POINT ( 'NONE',  ( 722.7543910717409972, 937.0483930562704700, 1343.616851809458922 ) ) ;
#716 = VERTEX_POINT ( 'NONE', #723 ) ;
#717 = ORIENTED_EDGE ( 'NONE', *, *, #892, .F. ) ;
#718 = CARTESIAN_POINT ( 'NONE',  ( 722.0286366964603531, 927.3163633488620690, 1323.908306932110236 ) ) ;
#719 = ORIENTED_EDGE ( 'NONE', *, *, #674, .T. ) ;
#720 = CYLINDRICAL_SURFACE ( 'NONE', #1796, 3.999999999999961364 ) ;
#721 = ADVANCED_FACE ( 'NONE', ( #1433 ), #934, .F. ) ;
#722 = CARTESIAN_POINT ( 'NONE',  ( 718.1444534368216637, 932.1484236705765625, 1335.214253265264915 ) ) ;
#723 = CARTESIAN_POINT ( 'NONE',  ( 713.8340211095930954, 939.4684737156276242, 1337.414212631702867 ) ) ;
#724 = ADVANCED_FACE ( 'NONE', ( #391 ), #1287, .F. ) ;
#725 = LINE ( 'NONE', #1403, #1543 ) ;
#726 = ORIENTED_EDGE ( 'NONE', *, *, #823, .T. ) ;
#727 = VERTEX_POINT ( 'NONE', #910 ) ;
#728 = CARTESIAN_POINT ( 'NONE',  ( 719.7882813012751058, 926.2292459823460149, 1324.185801931636206 ) ) ;
#729 = ORIENTED_EDGE ( 'NONE', *, *, #220, .F. ) ;
#730 = DIRECTION ( 'NONE',  ( -0.07317157541021351852, 0.6515180314347910340, 0.7550961364404682463 ) ) ;
#731 = DIRECTION ( 'NONE',  ( 0.07317157541021485079, -0.6515180314347914781, -0.7550961364404675802 ) ) ;
#732 = CC_DESIGN_PERSON_AND_ORGANIZATION_ASSIGNMENT ( #449, #1855, ( #243 ) ) ;
#733 = CIRCLE ( 'NONE', #27, 6.000000000000039968 ) ;
#734 = LINE ( 'NONE', #548, #2104 ) ;
#735 = VECTOR ( 'NONE', #499, 1000.000000000000114 ) ;
#736 = EDGE_CURVE ( 'NONE', #2215, #1600, #1823, .T. ) ;
#737 = DATE_AND_TIME ( #1786, #97 ) ;
#738 = VECTOR ( 'NONE', #816, 1000.000000000000114 ) ;
#739 = CARTESIAN_POINT ( 'NONE',  ( 760.0872600993503738, 908.3633107628666039, 1321.862022052758675 ) ) ;
#740 = EDGE_CURVE ( 'NONE', #1524, #1807, #734, .T. ) ;
#741 = CARTESIAN_POINT ( 'NONE',  ( 721.6929055934521102, 928.8728027173971213, 1333.749067189972266 ) ) ;
#742 = DIRECTION ( 'NONE',  ( 0.5212750289935843551, -0.6204890829809658337, 0.5858887625216735451 ) ) ;
#743 = ORIENTED_EDGE ( 'NONE', *, *, #2035, .F. ) ;
#744 = CARTESIAN_POINT ( 'NONE',  ( 721.3129621774614861, 930.7564616049070310, 1336.793829505585563 ) ) ;
#745 = CARTESIAN_POINT ( 'NONE',  ( 719.9355335069211606, 917.2378993221670953, 1310.313930177645489 ) ) ;
#746 = CARTESIAN_POINT ( 'NONE',  ( 721.6140846936716571, 926.5620639889968970, 1332.485089500015874 ) ) ;
#747 = DIRECTION ( 'NONE',  ( -0.07317157541021340750, 0.6515180314347909230, 0.7550961364404682463 ) ) ;
#748 = PERSON_AND_ORGANIZATION ( #146, #473 ) ;
#749 = CARTESIAN_POINT ( 'NONE',  ( 719.7522489795811680, 935.0238903426378556, 1347.923306726018609 ) ) ;
#750 = EDGE_CURVE ( 'NONE', #2161, #1262, #1981, .T. ) ;
#751 = ORIENTED_EDGE ( 'NONE', *, *, #151, .T. ) ;
#752 = CARTESIAN_POINT ( 'NONE',  ( 721.7621466006620494, 929.0641436175639001, 1332.599086851693528 ) ) ;
#753 = CARTESIAN_POINT ( 'NONE',  ( 722.3235254605369846, 927.2564598250258996, 1324.244269714825805 ) ) ;
#754 = VERTEX_POINT ( 'NONE', #2004 ) ;
#755 = CARTESIAN_POINT ( 'NONE',  ( 720.1883070813640870, 937.0664276930144752, 1338.654648783201310 ) ) ;
#756 = CARTESIAN_POINT ( 'NONE',  ( 716.0491764008550035, 943.8703727523205771, 1350.346061888146323 ) ) ;
#757 = CARTESIAN_POINT ( 'NONE',  ( 720.5509873565599719, 913.8386807061340278, 1318.802499565801782 ) ) ;
#758 = CARTESIAN_POINT ( 'NONE',  ( 721.2608993962151089, 933.2322237004082126, 1336.786460662654690 ) ) ;
#759 = CARTESIAN_POINT ( 'NONE',  ( 721.1458972063952615, 926.1017530424928736, 1325.464410997776895 ) ) ;
#760 = ORIENTED_EDGE ( 'NONE', *, *, #2294, .F. ) ;
#761 = CC_DESIGN_DATE_AND_TIME_ASSIGNMENT ( #1897, #663, ( #134 ) ) ;
#762 = DIRECTION ( 'NONE',  ( 0.8888065830875132578, -0.3008470487214974232, 0.3457078407208381554 ) ) ;
#763 = CARTESIAN_POINT ( 'NONE',  ( 717.2067960611789204, 933.5629538124352393, 1338.399973149757216 ) ) ;
#764 = VERTEX_POINT ( 'NONE', #600 ) ;
#765 = EDGE_CURVE ( 'NONE', #867, #1063, #1106, .T. ) ;
#766 = CARTESIAN_POINT ( 'NONE',  ( 720.0587076333451932, 934.3379312298299055, 1334.733721021407746 ) ) ;
#767 = DIRECTION ( 'NONE',  ( 0.9307836006018208597, -0.2272990573807815995, 0.2863163064942654268 ) ) ;
#768 = EDGE_CURVE ( 'NONE', #686, #312, #1620, .T. ) ;
#769 = CARTESIAN_POINT ( 'NONE',  ( 721.2922756623693203, 930.5352975114200262, 1332.006352191381666 ) ) ;
#770 = VECTOR ( 'NONE', #1619, 999.9999999999998863 ) ;
#771 = CARTESIAN_POINT ( 'NONE',  ( 721.6140846936716571, 926.5620639889968970, 1332.485089500015874 ) ) ;
#772 = CIRCLE ( 'NONE', #2175, 3.999999999999961364 ) ;
#773 = CIRCLE ( 'NONE', #1794, 6.000000000000000000 ) ;
#774 = VERTEX_POINT ( 'NONE', #1422 ) ;
#775 = AXIS2_PLACEMENT_3D ( 'NONE', #460, #953, #2010 ) ;
#776 = DIRECTION ( 'NONE',  ( 0.8888065830874405382, -0.3008470487216244327, 0.3457078407209147053 ) ) ;
#777 = VERTEX_POINT ( 'NONE', #1119 ) ;
#778 = CARTESIAN_POINT ( 'NONE',  ( 721.4314226614960717, 938.0810033881871277, 1337.281871054810836 ) ) ;
#779 = CARTESIAN_POINT ( 'NONE',  ( 720.0399875476335865, 931.8139481143749663, 1327.801081459149600 ) ) ;
#780 = EDGE_CURVE ( 'NONE', #659, #1970, #1751, .T. ) ;
#781 = CARTESIAN_POINT ( 'NONE',  ( 720.2017310258736416, 932.6931631330481878, 1332.784095236794201 ) ) ;
#782 = ORIENTED_EDGE ( 'NONE', *, *, #1702, .F. ) ;
#783 = CARTESIAN_POINT ( 'NONE',  ( 721.7776016807621318, 926.6193221037661942, 1331.998969040467045 ) ) ;
#784 = EDGE_CURVE ( 'NONE', #540, #318, #1977, .T. ) ;
#785 = CARTESIAN_POINT ( 'NONE',  ( 719.8441481236691288, 910.0800314573929199, 1311.183744147507923 ) ) ;
#786 = VERTEX_POINT ( 'NONE', #1800 ) ;
#787 = DIRECTION ( 'NONE',  ( 0.07317157541021356015, -0.6515180314347910340, -0.7550961364404681353 ) ) ;
#788 = ORIENTED_EDGE ( 'NONE', *, *, #21, .F. ) ;
#789 = CARTESIAN_POINT ( 'NONE',  ( 720.3344462351402626, 929.8400193145495223, 1341.915305724887276 ) ) ;
#790 = CARTESIAN_POINT ( 'NONE',  ( 717.9254989833748368, 936.5763498408870191, 1335.869575851834043 ) ) ;
#791 = CARTESIAN_POINT ( 'NONE',  ( 723.7083304482671338, 926.3045938509094412, 1332.457803859899968 ) ) ;
#792 = EDGE_LOOP ( 'NONE', ( #280, #708, #269, #1122, #459, #1967, #569, #3, #608, #1387, #1156, #1528, #1530, #1024, #941, #2084, #2003, #1888, #510, #1842 ) ) ;
#793 = CARTESIAN_POINT ( 'NONE',  ( 721.6140846936716571, 926.5620639889968970, 1332.485089500015874 ) ) ;
#794 = EDGE_CURVE ( 'NONE', #1928, #987, #589, .T. ) ;
#795 = DIRECTION ( 'NONE',  ( -0.07317157541021349076, 0.6515180314347909230, 0.7550961364404682463 ) ) ;
#796 = ORIENTED_EDGE ( 'NONE', *, *, #2221, .T. ) ;
#797 = CARTESIAN_POINT ( 'NONE',  ( 721.0324658231452304, 930.4231319991256441, 1331.106247457050131 ) ) ;
#798 = VERTEX_POINT ( 'NONE', #1597 ) ;
#799 = CARTESIAN_POINT ( 'NONE',  ( 719.7370915204786570, 936.8303026336084258, 1337.578955702222856 ) ) ;
#800 = DIRECTION ( 'NONE',  ( 0.8731305266870593718, -0.3240394544517291031, 0.3641998288382410354 ) ) ;
#801 = CARTESIAN_POINT ( 'NONE',  ( 723.8540302255750021, 926.4662338097026577, 1331.818579714832140 ) ) ;
#802 = ORIENTED_EDGE ( 'NONE', *, *, #93, .T. ) ;
#803 = CARTESIAN_POINT ( 'NONE',  ( 721.3713391261605921, 933.8576012000208948, 1331.615827787976968 ) ) ;
#804 = FACE_OUTER_BOUND ( 'NONE', #710, .T. ) ;
#805 = LINE ( 'NONE', #1998, #1399 ) ;
#806 = EDGE_LOOP ( 'NONE', ( #1162, #676, #114, #83 ) ) ;
#807 = LOCAL_TIME ( 17, 5, 52.00000000000000000, #111 ) ;
#808 = AXIS2_PLACEMENT_3D ( 'NONE', #1095, #747, #1084 ) ;
#809 = CARTESIAN_POINT ( 'NONE',  ( 719.7522489795811680, 935.0238903426378556, 1347.923306726018609 ) ) ;
#810 = EDGE_LOOP ( 'NONE', ( #1884, #1176, #1378, #1051 ) ) ;
#811 = EDGE_CURVE ( 'NONE', #15, #410, #348, .T. ) ;
#812 = VECTOR ( 'NONE', #450, 1000.000000000000114 ) ;
#813 = APPLICATION_PROTOCOL_DEFINITION ( 'international standard', 'config_control_design', 1994, #1219 ) ;
#814 = VECTOR ( 'NONE', #593, 999.9999999999998863 ) ;
#815 = CARTESIAN_POINT ( 'NONE',  ( 721.4971053282213234, 926.2859924983066549, 1326.311386991813833 ) ) ;
#816 = DIRECTION ( 'NONE',  ( 0.07317157541021351852, -0.6515180314347910340, -0.7550961364404682463 ) ) ;
#817 = ORIENTED_EDGE ( 'NONE', *, *, #750, .T. ) ;
#818 = CARTESIAN_POINT ( 'NONE',  ( 717.0395989559426653, 942.6914434946564825, 1351.459250536938043 ) ) ;
#819 = CARTESIAN_POINT ( 'NONE',  ( 720.0399875476335865, 931.8139481143749663, 1327.801081459149600 ) ) ;
#820 = DIRECTION ( 'NONE',  ( 0.8731305266870593718, -0.3240394544517291031, 0.3641998288382410354 ) ) ;
#821 = ORIENTED_EDGE ( 'NONE', *, *, #1421, .F. ) ;
#822 = DIRECTION ( 'NONE',  ( 0.9307836009692531665, -0.2272990566382839250, 0.2863163058892321255 ) ) ;
#823 = EDGE_CURVE ( 'NONE', #1034, #2187, #1730, .T. ) ;
#824 = ORIENTED_EDGE ( 'NONE', *, *, #233, .T. ) ;
#825 = ADVANCED_FACE ( 'NONE', ( #54 ), #448, .T. ) ;
#826 = CARTESIAN_POINT ( 'NONE',  ( 720.1883070813640870, 937.0664276930144752, 1338.654648783201310 ) ) ;
#827 = CARTESIAN_POINT ( 'NONE',  ( 723.5526318376947756, 929.5874608211735222, 1331.086083049227000 ) ) ;
#828 = VERTEX_POINT ( 'NONE', #1192 ) ;
#829 = DIRECTION ( 'NONE',  ( -0.5212750289935843551, 0.6204890829809658337, -0.5858887625216735451 ) ) ;
#830 = LINE ( 'NONE', #1311, #626 ) ;
#831 = CARTESIAN_POINT ( 'NONE',  ( 716.6245988056199394, 938.7468248405236864, 1344.407974150888322 ) ) ;
#832 = ORIENTED_EDGE ( 'NONE', *, *, #161, .F. ) ;
#833 = FACE_OUTER_BOUND ( 'NONE', #1556, .T. ) ;
#834 = ORIENTED_EDGE ( 'NONE', *, *, #21, .T. ) ;
#835 = PERSON_AND_ORGANIZATION_ROLE ( 'design_owner' ) ;
#836 = CARTESIAN_POINT ( 'NONE',  ( 721.3949957587311701, 935.5306597405624416, 1333.835160134677608 ) ) ;
#837 = EDGE_CURVE ( 'NONE', #457, #253, #1859, .T. ) ;
#838 = EDGE_CURVE ( 'NONE', #68, #337, #969, .T. ) ;
#839 = LINE ( 'NONE', #1025, #1188 ) ;
#840 = VERTEX_POINT ( 'NONE', #818 ) ;
#841 = CARTESIAN_POINT ( 'NONE',  ( 722.1941129745366652, 935.5420476043420877, 1335.211649682132247 ) ) ;
#842 = EDGE_CURVE ( 'NONE', #231, #828, #74, .T. ) ;
#843 = PLANE ( 'NONE',  #474 ) ;
#844 = DIRECTION ( 'NONE',  ( 0.07317157541021351852, -0.6515180314347910340, -0.7550961364404682463 ) ) ;
#845 = EDGE_LOOP ( 'NONE', ( #1848, #273, #643, #1324 ) ) ;
#846 = CARTESIAN_POINT ( 'NONE',  ( 717.2067960611789204, 933.5629538124352393, 1338.399973149757216 ) ) ;
#847 = ORIENTED_EDGE ( 'NONE', *, *, #2124, .F. ) ;
#848 = CIRCLE ( 'NONE', #1248, 3.999999999999961364 ) ;
#849 = AXIS2_PLACEMENT_3D ( 'NONE', #1598, #1225, #2277 ) ;
#850 = MECHANICAL_CONTEXT ( 'NONE', #1219, 'mechanical' ) ;
#851 = CARTESIAN_POINT ( 'NONE',  ( 722.5463728893701045, 934.3817448779121833, 1342.647443042168106 ) ) ;
#852 = AXIS2_PLACEMENT_3D ( 'NONE', #1995, #795, #2203 ) ;
#853 = ORIENTED_EDGE ( 'NONE', *, *, #272, .T. ) ;
#854 = AXIS2_PLACEMENT_3D ( 'NONE', #940, #1948, #2162 ) ;
#855 = CARTESIAN_POINT ( 'NONE',  ( 721.1494451905516598, 930.6992034900927138, 1337.279949965202604 ) ) ;
#856 = ADVANCED_FACE ( 'NONE', ( #1489 ), #1003, .T. ) ;
#857 = FACE_OUTER_BOUND ( 'NONE', #1186, .T. ) ;
#858 = EDGE_CURVE ( 'NONE', #1450, #432, #1924, .T. ) ;
#859 = ORIENTED_EDGE ( 'NONE', *, *, #2235, .T. ) ;
#860 = CARTESIAN_POINT ( 'NONE',  ( 722.6233528281762801, 937.8617398247616848, 1340.675803978077965 ) ) ;
#861 = VERTEX_POINT ( 'NONE', #1662 ) ;
#862 = DIRECTION ( 'NONE',  ( 0.07317157541021457323, -0.6515180314347913670, -0.7550961364404678022 ) ) ;
#863 = CARTESIAN_POINT ( 'NONE',  ( 719.7370915204786570, 936.8303026336084258, 1337.578955702222856 ) ) ;
#864 = DIRECTION ( 'NONE',  ( -0.07317157541021490630, 0.6515180314347915891, 0.7550961364404676912 ) ) ;
#865 = APPROVAL ( #1364, 'UNSPECIFIED' ) ;
#866 = DIRECTION ( 'NONE',  ( 0.8731305266870593718, -0.3240394544517291031, 0.3641998288382410354 ) ) ;
#867 = VERTEX_POINT ( 'NONE', #1674 ) ;
#868 = ADVANCED_FACE ( 'NONE', ( #2027 ), #1478, .T. ) ;
#869 = CARTESIAN_POINT ( 'NONE',  ( 713.4969486316582561, 942.4697593384095171, 1340.892641575758489 ) ) ;
#870 = EDGE_LOOP ( 'NONE', ( #197, #1258, #1392, #1778 ) ) ;
#871 = DIRECTION ( 'NONE',  ( 0.8888065830875199191, -0.3008470487215146316, 0.3457078407208060145 ) ) ;
#872 = CARTESIAN_POINT ( 'NONE',  ( 720.2166181958195921, 934.3760320437949076, 1335.054131928498236 ) ) ;
#873 = CYLINDRICAL_SURFACE ( 'NONE', #2069, 3.999999999999961364 ) ;
#874 = CARTESIAN_POINT ( 'NONE',  ( 720.8328675925669131, 937.3384226198749047, 1342.188807781679088 ) ) ;
#875 = DIRECTION ( 'NONE',  ( -0.8731305266870464932, 0.3240394544517400388, -0.3641998288382619076 ) ) ;
#876 = CARTESIAN_POINT ( 'NONE',  ( 720.6580206424853259, 936.9888389311993251, 1343.870696192370815 ) ) ;
#877 = ORIENTED_EDGE ( 'NONE', *, *, #485, .F. ) ;
#878 = ORIENTED_EDGE ( 'NONE', *, *, #1672, .T. ) ;
#879 = DIRECTION ( 'NONE',  ( -0.8731305266870632575, 0.3240394544517275488, -0.3641998288382332638 ) ) ;
#880 = EDGE_CURVE ( 'NONE', #987, #2222, #1946, .T. ) ;
#881 = ORIENTED_EDGE ( 'NONE', *, *, #2278, .F. ) ;
#882 = AXIS2_PLACEMENT_3D ( 'NONE', #1803, #2170, #1132 ) ;
#883 = DIRECTION ( 'NONE',  ( 0.9307836006018208597, -0.2272990573807815995, 0.2863163064942654268 ) ) ;
#884 = AXIS2_PLACEMENT_3D ( 'NONE', #1436, #1630, #1787 ) ;
#885 = DIRECTION ( 'NONE',  ( 0.07317157541021351852, -0.6515180314347910340, -0.7550961364404682463 ) ) ;
#886 = AXIS2_PLACEMENT_3D ( 'NONE', #2224, #985, #800 ) ;
#887 = CARTESIAN_POINT ( 'NONE',  ( 723.6039582446283021, 930.8920829827872012, 1334.837944221974794 ) ) ;
#888 = CARTESIAN_POINT ( 'NONE',  ( 717.8909502912642893, 927.4712602185200012, 1331.339824274038619 ) ) ;
#889 = AXIS2_PLACEMENT_3D ( 'NONE', #2079, #475, #1367 ) ;
#890 = CARTESIAN_POINT ( 'NONE',  ( 715.2279396211578160, 927.0570552167948790, 1323.029631232511974 ) ) ;
#891 = ORIENTED_EDGE ( 'NONE', *, *, #1327, .F. ) ;
#892 = EDGE_CURVE ( 'NONE', #1385, #2261, #443, .T. ) ;
#893 = ORIENTED_EDGE ( 'NONE', *, *, #1933, .F. ) ;
#894 = CARTESIAN_POINT ( 'NONE',  ( 719.4025687729588299, 934.3847459755843374, 1334.019124164907680 ) ) ;
#895 = ORIENTED_EDGE ( 'NONE', *, *, #1354, .F. ) ;
#896 = CARTESIAN_POINT ( 'NONE',  ( 723.5365612275591047, 928.4371062446099359, 1334.709153210402292 ) ) ;
#897 = EDGE_CURVE ( 'NONE', #996, #294, #912, .T. ) ;
#898 = DIRECTION ( 'NONE',  ( 0.8731305266870593718, -0.3240394544517291031, 0.3641998288382410354 ) ) ;
#899 = CARTESIAN_POINT ( 'NONE',  ( 723.0879923329354142, 933.7246003229676035, 1335.880943513652483 ) ) ;
#900 = CARTESIAN_POINT ( 'NONE',  ( 719.2477997840759372, 915.3899034135863531, 1317.337777659497988 ) ) ;
#901 = CARTESIAN_POINT ( 'NONE',  ( 722.3606917901029192, 929.8067231342475907, 1327.692134209229380 ) ) ;
#902 = ORIENTED_EDGE ( 'NONE', *, *, #740, .T. ) ;
#903 = ORIENTED_EDGE ( 'NONE', *, *, #2233, .T. ) ;
#904 = FACE_OUTER_BOUND ( 'NONE', #1818, .T. ) ;
#905 = ORIENTED_EDGE ( 'NONE', *, *, #1035, .T. ) ;
#906 = CARTESIAN_POINT ( 'NONE',  ( 721.8802397067086076, 909.0851486309798020, 1312.239461546807888 ) ) ;
#907 = DIRECTION ( 'NONE',  ( 0.8731305266870569293, -0.3240394544517310460, 0.3641998288382453097 ) ) ;
#908 = EDGE_CURVE ( 'NONE', #2201, #2272, #1684, .T. ) ;
#909 = CARTESIAN_POINT ( 'NONE',  ( 721.4493885443903309, 928.9510814426382694, 1330.195653046044981 ) ) ;
#910 = CARTESIAN_POINT ( 'NONE',  ( 719.1356777455871452, 914.5324853480216234, 1312.570727952464949 ) ) ;
#911 = EDGE_CURVE ( 'NONE', #987, #71, #1889, .T. ) ;
#912 = B_SPLINE_CURVE_WITH_KNOTS ( 'NONE', 3,
 ( #1697, #803, #2238, #1849, #1157, #988, #1500, #2216 ),
 .UNSPECIFIED., .F., .F.,
 ( 4, 2, 2, 4 ),
 ( 0.000000000000000000, 0.2499999999999815703, 0.4999999999999631406, 1.000000000000000000 ),
 .UNSPECIFIED. ) ;
#913 = DIRECTION ( 'NONE',  ( 0.9307836006018208597, -0.2272990573807815995, 0.2863163064942654268 ) ) ;
#914 = VERTEX_POINT ( 'NONE', #1353 ) ;
#915 = DIRECTION ( 'NONE',  ( 0.4566973361829317346, -0.8896221350232997871, -2.775557561562891043E-17 ) ) ;
#916 = CARTESIAN_POINT ( 'NONE',  ( 721.0973099502792820, 935.5910585681913290, 1333.495695230439878 ) ) ;
#917 = ORIENTED_EDGE ( 'NONE', *, *, #480, .T. ) ;
#918 = CARTESIAN_POINT ( 'NONE',  ( 721.7903686835645658, 917.0062109503429610, 1310.693577682226532 ) ) ;
#919 = CARTESIAN_POINT ( 'NONE',  ( 718.8911938079643278, 942.0427812093004150, 1339.656090799502863 ) ) ;
#920 = VECTOR ( 'NONE', #648, 999.9999999999998863 ) ;
#921 = CARTESIAN_POINT ( 'NONE',  ( 721.9479354322742211, 926.6200950082104555, 1330.925743524943528 ) ) ;
#922 = AXIS2_PLACEMENT_3D ( 'NONE', #900, #344, #875 ) ;
#923 = EDGE_CURVE ( 'NONE', #1779, #1429, #2147, .T. ) ;
#924 = DIRECTION ( 'NONE',  ( -0.2213962767796853193, -0.7488457419180279961, 0.6246709081102874705 ) ) ;
#925 = CIRCLE ( 'NONE', #1108, 6.000000000000039968 ) ;
#926 = APPROVAL_STATUS ( 'not_yet_approved' ) ;
#927 = CARTESIAN_POINT ( 'NONE',  ( 723.0045603490793837, 934.8479997404450614, 1340.747918818760127 ) ) ;
#928 = LINE ( 'NONE', #58, #1754 ) ;
#929 = DESIGN_CONTEXT ( 'detailed design', #2042, 'design' ) ;
#930 = CARTESIAN_POINT ( 'NONE',  ( 720.9238002449085343, 927.5745076336111197, 1323.157633597330459 ) ) ;
#931 = ORIENTED_EDGE ( 'NONE', *, *, #435, .F. ) ;
#932 = CARTESIAN_POINT ( 'NONE',  ( 719.1435319925923295, 934.4342248880011539, 1333.863270480332403 ) ) ;
#933 = DIRECTION ( 'NONE',  ( -0.07317157541021351852, 0.6515180314347910340, 0.7550961364404682463 ) ) ;
#934 = PLANE ( 'NONE',  #1575 ) ;
#935 = COORDINATED_UNIVERSAL_TIME_OFFSET ( 5, 0, .BEHIND. ) ;
#936 = CARTESIAN_POINT ( 'NONE',  ( 717.4263107874096477, 931.6083997181310679, 1336.134684740435887 ) ) ;
#937 = ADVANCED_FACE ( 'NONE', ( #633 ), #2041, .T. ) ;
#938 = VERTEX_POINT ( 'NONE', #1719 ) ;
#939 = B_SPLINE_SURFACE_WITH_KNOTS ( 'NONE', 1, 3, ( 
 ( #603, #1612, #1457, #1123, #399, #383 ),
 ( #2186, #221, #741, #752, #1303, #1816 ) ),
 .UNSPECIFIED., .F., .F., .F.,
 ( 2, 2 ),
 ( 4, 2, 4 ),
 ( 0.000000000000000000, 1.000000000000000000 ),
 ( 0.000000000000000000, 0.5000000000000000000, 1.000000000000000000 ),
 .UNSPECIFIED. ) ;
#940 = CARTESIAN_POINT ( 'NONE',  ( 947.9966375953029001, 1543.943724539867844, 791.6745988936468166 ) ) ;
#941 = ORIENTED_EDGE ( 'NONE', *, *, #2121, .F. ) ;
#942 = ADVANCED_FACE ( 'NONE', ( #2266 ), #873, .T. ) ;
#943 = CARTESIAN_POINT ( 'NONE',  ( 722.4950332318873052, 937.9499525909701561, 1339.969388894901613 ) ) ;
#944 = LINE ( 'NONE', #1594, #2214 ) ;
#945 = CARTESIAN_POINT ( 'NONE',  ( 721.9799448158775022, 929.7585091197022393, 1327.078986864554736 ) ) ;
#946 = CARTESIAN_POINT ( 'NONE',  ( 723.0045603490793837, 934.8479997404450614, 1340.747918818760127 ) ) ;
#947 = CARTESIAN_POINT ( 'NONE',  ( 722.5697001419611070, 927.2304771172282472, 1324.628488056479455 ) ) ;
#948 = ORIENTED_EDGE ( 'NONE', *, *, #424, .F. ) ;
#949 = CARTESIAN_POINT ( 'NONE',  ( 716.6245988056199394, 938.7468248405236864, 1344.407974150888322 ) ) ;
#950 = VERTEX_POINT ( 'NONE', #299 ) ;
#951 = DIRECTION ( 'NONE',  ( 0.3581728751067191352, 0.7237813162090125374, -0.5897904694419331406 ) ) ;
#952 = ADVANCED_FACE ( 'NONE', ( #138 ), #158, .T. ) ;
#953 = DIRECTION ( 'NONE',  ( -0.07317157541021340750, 0.6515180314347909230, 0.7550961364404682463 ) ) ;
#954 = CARTESIAN_POINT ( 'NONE',  ( 721.2608993962151089, 933.2322237004082126, 1336.786460662654690 ) ) ;
#955 = ORIENTED_EDGE ( 'NONE', *, *, #1301, .T. ) ;
#956 = CARTESIAN_POINT ( 'NONE',  ( 722.5463728893701045, 934.3817448779121833, 1342.647443042168106 ) ) ;
#957 = LOCAL_TIME ( 17, 5, 52.00000000000000000, #935 ) ;
#958 = DIRECTION ( 'NONE',  ( -0.07317157541021351852, 0.6515180314347910340, 0.7550961364404682463 ) ) ;
#959 = AXIS2_PLACEMENT_3D ( 'NONE', #1309, #609, #102 ) ;
#960 = ORIENTED_EDGE ( 'NONE', *, *, #1261, .F. ) ;
#961 = CARTESIAN_POINT ( 'NONE',  ( 720.7947890535155011, 926.0616472937950903, 1324.869571559520637 ) ) ;
#962 = VECTOR ( 'NONE', #631, 1000.000000000000114 ) ;
#963 = ORIENTED_EDGE ( 'NONE', *, *, #164, .F. ) ;
#964 = EDGE_CURVE ( 'NONE', #77, #318, #1016, .T. ) ;
#965 = CARTESIAN_POINT ( 'NONE',  ( 723.4691998526470798, 930.7108602385003451, 1335.953058354348741 ) ) ;
#966 = CARTESIAN_POINT ( 'NONE',  ( 722.0363310221212032, 926.5457062281373055, 1329.054876759430954 ) ) ;
#967 = CARTESIAN_POINT ( 'NONE',  ( 719.9760504072384037, 924.9893038865960762, 1333.683379324125553 ) ) ;
#968 = ORIENTED_EDGE ( 'NONE', *, *, #2223, .T. ) ;
#969 = LINE ( 'NONE', #1143, #1649 ) ;
#970 = LINE ( 'NONE', #444, #2023 ) ;
#971 = ORIENTED_EDGE ( 'NONE', *, *, #1059, .F. ) ;
#972 = CARTESIAN_POINT ( 'NONE',  ( 723.5480992780443330, 931.0773668447529872, 1333.700854525137174 ) ) ;
#973 = VERTEX_POINT ( 'NONE', #1056 ) ;
#974 = LINE ( 'NONE', #1681, #2177 ) ;
#975 = CARTESIAN_POINT ( 'NONE',  ( 722.7914976658920523, 932.1991594703781630, 1340.117870986907747 ) ) ;
#976 = ORIENTED_EDGE ( 'NONE', *, *, #2138, .T. ) ;
#977 = CARTESIAN_POINT ( 'NONE',  ( 721.4314127781465231, 938.0810021366580713, 1337.281855138861147 ) ) ;
#978 = ADVANCED_FACE ( 'NONE', ( #681 ), #1496, .T. ) ;
#979 = CARTESIAN_POINT ( 'NONE',  ( 719.5514618220283865, 912.6861035831326490, 1314.204128693270377 ) ) ;
#980 = ADVANCED_FACE ( 'NONE', ( #309 ), #1159, .T. ) ;
#981 = CARTESIAN_POINT ( 'NONE',  ( 713.4969486316582561, 942.4697593384095171, 1340.892641575758489 ) ) ;
#982 = ORIENTED_EDGE ( 'NONE', *, *, #89, .T. ) ;
#983 = LINE ( 'NONE', #809, #547 ) ;
#984 = ORIENTED_EDGE ( 'NONE', *, *, #1421, .T. ) ;
#985 = DIRECTION ( 'NONE',  ( -0.07317157541021340750, 0.6515180314347909230, 0.7550961364404682463 ) ) ;
#986 = DIRECTION ( 'NONE',  ( -0.07317157541021351852, 0.6515180314347910340, 0.7550961364404682463 ) ) ;
#987 = VERTEX_POINT ( 'NONE', #670 ) ;
#988 = CARTESIAN_POINT ( 'NONE',  ( 719.8920670393987393, 933.8455147085426233, 1330.162098291475786 ) ) ;
#989 = ADVANCED_FACE ( 'NONE', ( #523 ), #1891, .T. ) ;
#990 = DIRECTION ( 'NONE',  ( -0.07317157541021340750, 0.6515180314347909230, 0.7550961364404682463 ) ) ;
#991 = CARTESIAN_POINT ( 'NONE',  ( 720.6663705312682850, 928.5560236324881771, 1327.989234771365091 ) ) ;
#992 = CIRCLE ( 'NONE', #849, 5.999999999999956479 ) ;
#993 = ORIENTED_EDGE ( 'NONE', *, *, #2039, .T. ) ;
#994 = VECTOR ( 'NONE', #512, 999.9999999999998863 ) ;
#995 = DIRECTION ( 'NONE',  ( -0.07317157541021351852, 0.6515180314347910340, 0.7550961364404682463 ) ) ;
#996 = VERTEX_POINT ( 'NONE', #332 ) ;
#997 = VECTOR ( 'NONE', #742, 999.9999999999998863 ) ;
#998 = COORDINATED_UNIVERSAL_TIME_OFFSET ( 5, 0, .BEHIND. ) ;
#999 = CIRCLE ( 'NONE', #66, 2.500000000000029310 ) ;
#1000 = CARTESIAN_POINT ( 'NONE',  ( 721.7903686835645658, 917.0062109503429610, 1310.693577682226532 ) ) ;
#1001 = LINE ( 'NONE', #1887, #2061 ) ;
#1002 = ORIENTED_EDGE ( 'NONE', *, *, #897, .F. ) ;
#1003 = CYLINDRICAL_SURFACE ( 'NONE', #1988, 6.000000000000048850 ) ;
#1004 = CARTESIAN_POINT ( 'NONE',  ( 720.9066996198841935, 937.9947407009792641, 1336.410688252898353 ) ) ;
#1005 = CARTESIAN_POINT ( 'NONE',  ( 723.0110123921227796, 930.2446053760737641, 1337.852582577586418 ) ) ;
#1006 = APPROVAL ( #926, 'UNSPECIFIED' ) ;
#1007 = ORIENTED_EDGE ( 'NONE', *, *, #2290, .F. ) ;
#1008 = DIRECTION ( 'NONE',  ( -0.07317157541021351852, 0.6515180314347910340, 0.7550961364404682463 ) ) ;
#1009 = EDGE_CURVE ( 'NONE', #680, #1299, #629, .T. ) ;
#1010 = VERTEX_POINT ( 'NONE', #1929 ) ;
#1011 = APPROVAL_ROLE ( '' ) ;
#1012 = B_SPLINE_CURVE_WITH_KNOTS ( 'NONE', 1,
 ( #1351, #827 ),
 .UNSPECIFIED., .F., .F.,
 ( 2, 2 ),
 ( 0.000000000000000000, 1.000000000000000000 ),
 .UNSPECIFIED. ) ;
#1013 = CYLINDRICAL_SURFACE ( 'NONE', #100, 1.900000000000235501 ) ;
#1014 = CARTESIAN_POINT ( 'NONE',  ( 721.0506658035484406, 938.0327881217716595, 1336.668707794444344 ) ) ;
#1015 = VERTEX_POINT ( 'NONE', #1749 ) ;
#1016 = LINE ( 'NONE', #168, #1616 ) ;
#1017 = CARTESIAN_POINT ( 'NONE',  ( 719.3236417955105253, 930.3663854824233113, 1328.980662397445940 ) ) ;
#1018 = DIRECTION ( 'NONE',  ( 0.07317157541021457323, -0.6515180314347913670, -0.7550961364404678022 ) ) ;
#1019 = ORIENTED_EDGE ( 'NONE', *, *, #2207, .F. ) ;
#1020 = CARTESIAN_POINT ( 'NONE',  ( 722.6233528281762801, 937.8617398247616848, 1340.675803978077965 ) ) ;
#1021 = EDGE_LOOP ( 'NONE', ( #127, #2258, #1735, #1725, #1227, #442, #501, #666, #305, #505, #242, #1237 ) ) ;
#1022 = EDGE_CURVE ( 'NONE', #1655, #2139, #1583, .T. ) ;
#1023 = CARTESIAN_POINT ( 'NONE',  ( 717.9254989833748368, 936.5763498408870191, 1335.869575851834043 ) ) ;
#1024 = ORIENTED_EDGE ( 'NONE', *, *, #1452, .T. ) ;
#1025 = CARTESIAN_POINT ( 'NONE',  ( 718.7099824634981360, 934.6434426936663158, 1340.971566317133238 ) ) ;
#1026 = EDGE_CURVE ( 'NONE', #1010, #1807, #285, .T. ) ;
#1027 = CARTESIAN_POINT ( 'NONE',  ( 723.0110123921227796, 930.2446053760737641, 1337.852582577586418 ) ) ;
#1028 = CARTESIAN_POINT ( 'NONE',  ( 719.8672082785749353, 930.2476064752742104, 1329.224263699235280 ) ) ;
#1029 = ORIENTED_EDGE ( 'NONE', *, *, #1490, .T. ) ;
#1030 = DIRECTION ( 'NONE',  ( -0.07317157541021340750, 0.6515180314347909230, 0.7550961364404682463 ) ) ;
#1031 = CIRCLE ( 'NONE', #1217, 5.219644854552481839 ) ;
#1032 = CIRCLE ( 'NONE', #1361, 3.999999999999961364 ) ;
#1033 = LINE ( 'NONE', #1886, #141 ) ;
#1034 = VERTEX_POINT ( 'NONE', #1252 ) ;
#1035 = EDGE_CURVE ( 'NONE', #1822, #175, #1976, .T. ) ;
#1036 = CARTESIAN_POINT ( 'NONE',  ( 721.4832959286105734, 930.7572345093772128, 1335.720603990016798 ) ) ;
#1037 = B_SPLINE_CURVE_WITH_KNOTS ( 'NONE', 3,
 ( #899, #1775, #1605, #169, #703, #342 ),
 .UNSPECIFIED., .F., .F.,
 ( 4, 2, 4 ),
 ( 0.000000000000000000, 0.5000000000000000000, 1.000000000000000000 ),
 .UNSPECIFIED. ) ;
#1038 = CARTESIAN_POINT ( 'NONE',  ( 722.7581069177462041, 933.8803199735285716, 1334.478913209810798 ) ) ;
#1039 = ORIENTED_EDGE ( 'NONE', *, *, #321, .T. ) ;
#1040 = FACE_OUTER_BOUND ( 'NONE', #470, .T. ) ;
#1041 = ORIENTED_EDGE ( 'NONE', *, *, #424, .T. ) ;
#1042 = B_SPLINE_CURVE_WITH_KNOTS ( 'NONE', 1,
 ( #1208, #257 ),
 .UNSPECIFIED., .F., .F.,
 ( 2, 2 ),
 ( 0.000000000000000000, 1.000000000000000000 ),
 .UNSPECIFIED. ) ;
#1043 = CARTESIAN_POINT ( 'NONE',  ( 719.2477997840759372, 915.3899034135863531, 1317.337777659497988 ) ) ;
#1044 = DIRECTION ( 'NONE',  ( 0.8731305266870593718, -0.3240394544517291031, 0.3641998288382410354 ) ) ;
#1045 = B_SPLINE_SURFACE_WITH_KNOTS ( 'NONE', 1, 3, ( 
 ( #387, #943, #259, #1830, #778, #1273 ),
 ( #63, #2021, #1795, #755, #2188, #1282 ) ),
 .UNSPECIFIED., .F., .F., .F.,
 ( 2, 2 ),
 ( 4, 2, 4 ),
 ( 0.000000000000000000, 1.000000000000000000 ),
 ( 0.000000000000000000, 0.5000000000000000000, 1.000000000000000000 ),
 .UNSPECIFIED. ) ;
#1046 = CARTESIAN_POINT ( 'NONE',  ( 721.5153053097131988, 933.8956486207368926, 1331.873847329499768 ) ) ;
#1047 = EDGE_CURVE ( 'NONE', #2289, #200, #925, .T. ) ;
#1048 = CARTESIAN_POINT ( 'NONE',  ( 725.3934317896354287, 908.6463140844550708, 1312.958541400485046 ) ) ;
#1049 = ADVANCED_FACE ( 'NONE', ( #52 ), #720, .T. ) ;
#1050 = CARTESIAN_POINT ( 'NONE',  ( 718.7494899513469591, 933.9459083552268339, 1329.809516737005197 ) ) ;
#1051 = ORIENTED_EDGE ( 'NONE', *, *, #784, .F. ) ;
#1052 = ORIENTED_EDGE ( 'NONE', *, *, #1111, .T. ) ;
#1053 = CARTESIAN_POINT ( 'NONE',  ( 718.2848504444732498, 938.0830478551130227, 1334.604377202872229 ) ) ;
#1054 = ORIENTED_EDGE ( 'NONE', *, *, #2233, .F. ) ;
#1055 = DIRECTION ( 'NONE',  ( -0.8731305266870632575, 0.3240394544517275488, -0.3641998288382332638 ) ) ;
#1056 = CARTESIAN_POINT ( 'NONE',  ( 714.8765711675799821, 938.2274955496656048, 1338.585990156745993 ) ) ;
#1057 = DIRECTION ( 'NONE',  ( -0.8888065830875132578, 0.3008470487214974232, -0.3457078407208381554 ) ) ;
#1058 = DIRECTION ( 'NONE',  ( -0.08966699656141191577, 0.5931618504913012124, 0.8000742770826911876 ) ) ;
#1059 = EDGE_CURVE ( 'NONE', #786, #337, #368, .T. ) ;
#1060 = CARTESIAN_POINT ( 'NONE',  ( 721.0186564249472667, 934.8943740105437428, 1340.515464455090296 ) ) ;
#1061 = VERTEX_POINT ( 'NONE', #19 ) ;
#1062 = EDGE_CURVE ( 'NONE', #1602, #2137, #128, .T. ) ;
#1063 = VERTEX_POINT ( 'NONE', #388 ) ;
#1064 = CARTESIAN_POINT ( 'NONE',  ( 721.5028844823465306, 927.4358290372049396, 1323.489467517139929 ) ) ;
#1065 = ORIENTED_EDGE ( 'NONE', *, *, #651, .T. ) ;
#1066 = CIRCLE ( 'NONE', #697, 5.999999999999956479 ) ;
#1067 = DIRECTION ( 'NONE',  ( 0.8731305266870569293, -0.3240394544517310460, 0.3641998288382453097 ) ) ;
#1068 = APPROVAL_PERSON_ORGANIZATION ( #586, #1006, #184 ) ;
#1069 = VECTOR ( 'NONE', #2005, 1000.000000000000114 ) ;
#1070 = PLANE ( 'NONE',  #1548 ) ;
#1071 = CIRCLE ( 'NONE', #1652, 1.900000000000235501 ) ;
#1072 = CARTESIAN_POINT ( 'NONE',  ( 722.6586650949128625, 931.4049022174650645, 1330.416632429680021 ) ) ;
#1073 = CARTESIAN_POINT ( 'NONE',  ( 724.0127387825068581, 926.9402273428624994, 1328.905994060765806 ) ) ;
#1074 = PERSON_AND_ORGANIZATION_ROLE ( 'design_supplier' ) ;
#1075 = B_SPLINE_CURVE_WITH_KNOTS ( 'NONE', 3,
 ( #1746, #1706, #1365, #1927, #2077, #2246, #836, #664 ),
 .UNSPECIFIED., .F., .F.,
 ( 4, 2, 2, 4 ),
 ( 0.000000000000000000, 0.2499999999999913958, 0.4999999999999827915, 1.000000000000000000 ),
 .UNSPECIFIED. ) ;
#1076 = CARTESIAN_POINT ( 'NONE',  ( 720.8276361575503870, 934.6724370123733934, 1336.801212656527014 ) ) ;
#1077 = EDGE_LOOP ( 'NONE', ( #256, #1559, #1537, #1863 ) ) ;
#1078 = ORIENTED_EDGE ( 'NONE', *, *, #1931, .F. ) ;
#1079 = CARTESIAN_POINT ( 'NONE',  ( 721.3052710080597762, 929.6705948075064043, 1326.092380914298019 ) ) ;
#1080 = ORIENTED_EDGE ( 'NONE', *, *, #880, .F. ) ;
#1081 = EDGE_CURVE ( 'NONE', #2222, #1928, #202, .T. ) ;
#1082 = CARTESIAN_POINT ( 'NONE',  ( 719.8655100425631872, 934.3359262947763000, 1334.459292490463213 ) ) ;
#1083 = FACE_OUTER_BOUND ( 'NONE', #1908, .T. ) ;
#1084 = DIRECTION ( 'NONE',  ( 0.8731305266870593718, -0.3240394544517291031, 0.3641998288382410354 ) ) ;
#1085 = CARTESIAN_POINT ( 'NONE',  ( 722.1050606359567610, 931.3676166183995520, 1329.423348521321714 ) ) ;
#1086 = ORIENTED_EDGE ( 'NONE', *, *, #1274, .T. ) ;
#1087 = ORIENTED_EDGE ( 'NONE', *, *, #275, .T. ) ;
#1088 = CARTESIAN_POINT ( 'NONE',  ( 719.8016267798452645, 929.7554155397915565, 1325.117984462060349 ) ) ;
#1089 = ORIENTED_EDGE ( 'NONE', *, *, #2179, .T. ) ;
#1090 = EDGE_CURVE ( 'NONE', #253, #938, #1071, .T. ) ;
#1091 = CARTESIAN_POINT ( 'NONE',  ( 719.3365661238582334, 935.4685667372906437, 1332.989135570862118 ) ) ;
#1092 = CARTESIAN_POINT ( 'NONE',  ( 713.4969486316582561, 942.4697593384095171, 1340.892641575758489 ) ) ;
#1093 = EDGE_CURVE ( 'NONE', #777, #101, #944, .T. ) ;
#1094 = CARTESIAN_POINT ( 'NONE',  ( 723.8540421681029784, 926.4662498938979525, 1331.818480896207802 ) ) ;
#1095 = CARTESIAN_POINT ( 'NONE',  ( 717.6714355650336756, 929.4258143128241727, 1333.605112683360403 ) ) ;
#1096 = DATE_TIME_ROLE ( 'classification_date' ) ;
#1097 = CARTESIAN_POINT ( 'NONE',  ( 718.1360750688885446, 925.2886748132135608, 1328.810252216963136 ) ) ;
#1098 = ORIENTED_EDGE ( 'NONE', *, *, #1693, .T. ) ;
#1099 = B_SPLINE_CURVE_WITH_KNOTS ( 'NONE', 3,
 ( #347, #539, #1244, #1609 ),
 .UNSPECIFIED., .F., .F.,
 ( 4, 4 ),
 ( 0.000000000000000000, 1.000000000000000000 ),
 .UNSPECIFIED. ) ;
#1100 = CARTESIAN_POINT ( 'NONE',  ( 719.0447765103610891, 924.1319676459634138, 1325.923343911919801 ) ) ;
#1101 = CARTESIAN_POINT ( 'NONE',  ( 720.2166181958195921, 934.3760320437949076, 1335.054131928498236 ) ) ;
#1102 = VERTEX_POINT ( 'NONE', #215 ) ;
#1103 = CARTESIAN_POINT ( 'NONE',  ( 720.9548569790431429, 934.9170680959825859, 1341.065043261051187 ) ) ;
#1104 = CARTESIAN_POINT ( 'NONE',  ( 718.1360750688883172, 925.2886748132133334, 1328.810252216963136 ) ) ;
#1105 = CIRCLE ( 'NONE', #1793, 5.999999999999982236 ) ;
#1106 = CIRCLE ( 'NONE', #247, 3.999999999999961364 ) ;
#1107 = CARTESIAN_POINT ( 'NONE',  ( 721.2975070966073190, 933.2012831187240636, 1337.393947316792264 ) ) ;
#1108 = AXIS2_PLACEMENT_3D ( 'NONE', #2178, #1626, #1419 ) ;
#1109 = CALENDAR_DATE ( 2026, 27, 4 ) ;
#1110 = CYLINDRICAL_SURFACE ( 'NONE', #1359, 3.999999999999961364 ) ;
#1111 = EDGE_CURVE ( 'NONE', #312, #1112, #1797, .T. ) ;
#1112 = VERTEX_POINT ( 'NONE', #919 ) ;
#1113 = DIRECTION ( 'NONE',  ( -0.5212750289935843551, 0.6204890829809658337, -0.5858887625216735451 ) ) ;
#1114 = CARTESIAN_POINT ( 'NONE',  ( 721.3155180169929963, 927.4801927352247048, 1323.365923035612695 ) ) ;
#1115 = ORIENTED_EDGE ( 'NONE', *, *, #601, .T. ) ;
#1116 = CARTESIAN_POINT ( 'NONE',  ( 719.3056724411929963, 936.6081852695882617, 1336.731716164943236 ) ) ;
#1117 = CARTESIAN_POINT ( 'NONE',  ( 907.0372551259118836, 1546.490468561107036, 780.2107444562412866 ) ) ;
#1118 = FACE_OUTER_BOUND ( 'NONE', #1683, .T. ) ;
#1119 = CARTESIAN_POINT ( 'NONE',  ( 719.7565356810081312, 926.9438579809004750, 1335.948667733446882 ) ) ;
#1120 = EDGE_CURVE ( 'NONE', #1034, #1956, #1167, .T. ) ;
#1121 = CARTESIAN_POINT ( 'NONE',  ( 715.6341762505315955, 939.9257540981875536, 1343.294785502096829 ) ) ;
#1122 = ORIENTED_EDGE ( 'NONE', *, *, #1828, .T. ) ;
#1123 = CARTESIAN_POINT ( 'NONE',  ( 723.7601379759153133, 929.3050375104038494, 1332.584849541044377 ) ) ;
#1124 = LINE ( 'NONE', #1194, #2025 ) ;
#1125 = EDGE_LOOP ( 'NONE', ( #796, #1772, #2150, #902, #604 ) ) ;
#1126 = FACE_OUTER_BOUND ( 'NONE', #1650, .T. ) ;
#1127 = CARTESIAN_POINT ( 'NONE',  ( 759.9576522117542936, 904.3288803555590221, 1320.033143066698130 ) ) ;
#1128 = CARTESIAN_POINT ( 'NONE',  ( 720.8483226741532235, 934.8936011060484361, 1341.588689970726591 ) ) ;
#1129 = VERTEX_POINT ( 'NONE', #745 ) ;
#1130 = CARTESIAN_POINT ( 'NONE',  ( 718.1360750688885446, 925.2886748132135608, 1328.810252216963136 ) ) ;
#1131 = SHAPE_DEFINITION_REPRESENTATION ( #1611, #1147 ) ;
#1132 = DIRECTION ( 'NONE',  ( -0.8731305266870464932, 0.3240394544517400388, -0.3641998288382619076 ) ) ;
#1133 = EDGE_CURVE ( 'NONE', #1170, #1737, #1149, .T. ) ;
#1134 = EDGE_LOOP ( 'NONE', ( #374, #1065, #107, #314 ) ) ;
#1135 = FACE_OUTER_BOUND ( 'NONE', #1338, .T. ) ;
#1136 = EDGE_CURVE ( 'NONE', #2232, #231, #216, .T. ) ;
#1137 = ORIENTED_EDGE ( 'NONE', *, *, #1607, .T. ) ;
#1138 = DIRECTION ( 'NONE',  ( -0.07317157541021340750, 0.6515180314347909230, 0.7550961364404682463 ) ) ;
#1139 = CARTESIAN_POINT ( 'NONE',  ( 722.7598555013596524, 937.7678170757070575, 1341.427105040461583 ) ) ;
#1140 = CARTESIAN_POINT ( 'NONE',  ( 720.6663705312682850, 928.5560236324881771, 1327.989234771365091 ) ) ;
#1141 = EDGE_LOOP ( 'NONE', ( #2192, #1414, #1747, #1089, #881, #1198, #2016, #590, #519, #490, #1519, #329 ) ) ;
#1142 = AXIS2_PLACEMENT_3D ( 'NONE', #29, #1805, #232 ) ;
#1143 = CARTESIAN_POINT ( 'NONE',  ( 717.4263107874094203, 931.6083997181310679, 1336.134684740435887 ) ) ;
#1144 = AXIS2_PLACEMENT_3D ( 'NONE', #1625, #1637, #84 ) ;
#1145 = VECTOR ( 'NONE', #1943, 1000.000000000000114 ) ;
#1146 = CARTESIAN_POINT ( 'NONE',  ( 717.4263107874096477, 931.6083997181310679, 1336.134684740435887 ) ) ;
#1147 = ADVANCED_BREP_SHAPE_REPRESENTATION ( 'camBarrelWithNoHoleTopMirror', ( #1845, #513 ), #1987 ) ;
#1148 = ORIENTED_EDGE ( 'NONE', *, *, #923, .T. ) ;
#1149 = CIRCLE ( 'NONE', #702, 5.999999999999982236 ) ;
#1150 = ORIENTED_EDGE ( 'NONE', *, *, #2035, .T. ) ;
#1151 = ORIENTED_EDGE ( 'NONE', *, *, #1921, .T. ) ;
#1152 = CARTESIAN_POINT ( 'NONE',  ( 718.3171570983056426, 936.5408404697252536, 1335.938530254296438 ) ) ;
#1153 = EDGE_CURVE ( 'NONE', #694, #377, #1991, .T. ) ;
#1154 = CARTESIAN_POINT ( 'NONE',  ( 722.6072822213967584, 936.7113852485161942, 1344.298874139254849 ) ) ;
#1155 = CARTESIAN_POINT ( 'NONE',  ( 723.2190305752136510, 932.9112535543454214, 1338.821991344858361 ) ) ;
#1156 = ORIENTED_EDGE ( 'NONE', *, *, #1009, .F. ) ;
#1157 = CARTESIAN_POINT ( 'NONE',  ( 720.6037193689719516, 933.8171928186965260, 1330.706269396506286 ) ) ;
#1158 = CARTESIAN_POINT ( 'NONE',  ( 716.7421565573239377, 937.7000933120460786, 1343.194833616154256 ) ) ;
#1159 = B_SPLINE_SURFACE_WITH_KNOTS ( 'NONE', 1, 3, ( 
 ( #124, #841, #1732, #1369, #1380, #1553 ),
 ( #2091, #2282, #1538, #1561, #2251, #1400 ) ),
 .UNSPECIFIED., .F., .F., .F.,
 ( 2, 2 ),
 ( 4, 2, 4 ),
 ( 0.000000000000000000, 1.000000000000000000 ),
 ( 0.000000000000000000, 0.5000000000000000000, 1.000000000000000000 ),
 .UNSPECIFIED. ) ;
#1160 = ORIENTED_EDGE ( 'NONE', *, *, #1705, .T. ) ;
#1161 = CARTESIAN_POINT ( 'NONE',  ( 716.7421565573239377, 937.7000933120460786, 1343.194833616154256 ) ) ;
#1162 = ORIENTED_EDGE ( 'NONE', *, *, #419, .T. ) ;
#1163 = FACE_OUTER_BOUND ( 'NONE', #1804, .T. ) ;
#1164 = ADVANCED_FACE ( 'NONE', ( #1638 ), #1070, .F. ) ;
#1165 = CARTESIAN_POINT ( 'NONE',  ( 718.3901384892427586, 932.4392103410926893, 1331.074715385790341 ) ) ;
#1166 = ORIENTED_EDGE ( 'NONE', *, *, #2191, .F. ) ;
#1167 = B_SPLINE_CURVE_WITH_KNOTS ( 'NONE', 3,
 ( #559, #1962, #1461, #1617, #1283, #34 ),
 .UNSPECIFIED., .F., .F.,
 ( 4, 2, 4 ),
 ( 0.000000000000000000, 0.5000000000000000000, 1.000000000000000000 ),
 .UNSPECIFIED. ) ;
#1168 = DIRECTION ( 'NONE',  ( 0.5212750289935843551, -0.6204890829809658337, 0.5858887625216735451 ) ) ;
#1169 = DIRECTION ( 'NONE',  ( 0.07317157541021457323, -0.6515180314347913670, -0.7550961364404678022 ) ) ;
#1170 = VERTEX_POINT ( 'NONE', #779 ) ;
#1171 = LINE ( 'NONE', #2220, #2250 ) ;
#1172 = ORIENTED_EDGE ( 'NONE', *, *, #1996, .T. ) ;
#1173 = CARTESIAN_POINT ( 'NONE',  ( 720.7172749494241089, 937.3241857986143941, 1340.954914689272755 ) ) ;
#1174 = DIRECTION ( 'NONE',  ( -0.8888065830875542250, 0.3008470487214385258, -0.3457078407207840320 ) ) ;
#1175 = CC_DESIGN_PERSON_AND_ORGANIZATION_ASSIGNMENT ( #1586, #2158, ( #2103 ) ) ;
#1176 = ORIENTED_EDGE ( 'NONE', *, *, #1702, .T. ) ;
#1177 = CARTESIAN_POINT ( 'NONE',  ( 721.0506658035484406, 938.0327881217716595, 1336.668707794444344 ) ) ;
#1178 = DIRECTION ( 'NONE',  ( -0.8731305266870632575, 0.3240394544517275488, -0.3641998288382332638 ) ) ;
#1179 = CARTESIAN_POINT ( 'NONE',  ( 719.2141294582206683, 929.8087688553409862, 1325.014656271138165 ) ) ;
#1180 = AXIS2_PLACEMENT_3D ( 'NONE', #722, #159, #1057 ) ;
#1181 = CIRCLE ( 'NONE', #356, 1.900000000000235501 ) ;
#1182 = ORIENTED_EDGE ( 'NONE', *, *, #2179, .F. ) ;
#1183 = CIRCLE ( 'NONE', #1144, 5.999999999999956479 ) ;
#1184 = B_SPLINE_CURVE_WITH_KNOTS ( 'NONE', 3,
 ( #1720, #310, #1585, #160, #1233, #1932 ),
 .UNSPECIFIED., .F., .F.,
 ( 4, 2, 4 ),
 ( 0.000000000000000000, 0.5000000000000000000, 1.000000000000000000 ),
 .UNSPECIFIED. ) ;
#1185 = CARTESIAN_POINT ( 'NONE',  ( 721.6404211299523013, 935.5047561195705157, 1334.218208986164200 ) ) ;
#1186 = EDGE_LOOP ( 'NONE', ( #4, #1488, #719, #1137 ) ) ;
#1187 = AXIS2_PLACEMENT_3D ( 'NONE', #1350, #2059, #472 ) ;
#1188 = VECTOR ( 'NONE', #2090, 1000.000000000000114 ) ;
#1189 = DIRECTION ( 'NONE',  ( -0.07317157541021351852, 0.6515180314347910340, 0.7550961364404682463 ) ) ;
#1190 = CARTESIAN_POINT ( 'NONE',  ( 721.6465539583394957, 929.0499067964815367, 1331.365193759107797 ) ) ;
#1191 = ORIENTED_EDGE ( 'NONE', *, *, #1802, .F. ) ;
#1192 = CARTESIAN_POINT ( 'NONE',  ( 721.0506658035484406, 938.0327881217716595, 1336.668707794444344 ) ) ;
#1193 = DIRECTION ( 'NONE',  ( 0.07317157541021489242, -0.6515180314347915891, -0.7550961364404675802 ) ) ;
#1194 = CARTESIAN_POINT ( 'NONE',  ( 719.7522489795811680, 935.0238903426378556, 1347.923306726018609 ) ) ;
#1195 = ORIENTED_EDGE ( 'NONE', *, *, #674, .F. ) ;
#1196 = EDGE_CURVE ( 'NONE', #2139, #680, #1475, .T. ) ;
#1197 = CARTESIAN_POINT ( 'NONE',  ( 721.4832959286105734, 930.7572345093772128, 1335.720603990016798 ) ) ;
#1198 = ORIENTED_EDGE ( 'NONE', *, *, #524, .T. ) ;
#1199 = B_SPLINE_SURFACE_WITH_KNOTS ( 'NONE', 1, 3, ( 
 ( #212, #40, #541, #1623, #753, #199 ),
 ( #728, #1806, #222, #2117, #531, #2140 ) ),
 .UNSPECIFIED., .F., .F., .F.,
 ( 2, 2 ),
 ( 4, 2, 4 ),
 ( 0.000000000000000000, 1.000000000000000000 ),
 ( 0.000000000000000000, 0.5000000000000000000, 1.000000000000000000 ),
 .UNSPECIFIED. ) ;
#1200 = ADVANCED_FACE ( 'NONE', ( #1163 ), #2189, .F. ) ;
#1201 = PERSON_AND_ORGANIZATION_ROLE ( 'creator' ) ;
#1202 = DIRECTION ( 'NONE',  ( -0.8731305266870632575, 0.3240394544517275488, -0.3641998288382332638 ) ) ;
#1203 = DIRECTION ( 'NONE',  ( 0.07317157541021351852, -0.6515180314347910340, -0.7550961364404682463 ) ) ;
#1204 = CARTESIAN_POINT ( 'NONE',  ( 724.0127387825067444, 926.9402273428626131, 1328.905994060766034 ) ) ;
#1205 = DIRECTION ( 'NONE',  ( -0.07317157541021340750, 0.6515180314347909230, 0.7550961364404682463 ) ) ;
#1206 = ORIENTED_EDGE ( 'NONE', *, *, #1996, .F. ) ;
#1207 = B_SPLINE_CURVE_WITH_KNOTS ( 'NONE', 3,
 ( #799, #616, #1116, #438, #1152, #1474 ),
 .UNSPECIFIED., .F., .F.,
 ( 4, 2, 4 ),
 ( 0.000000000000000000, 0.5000000000000000000, 1.000000000000000000 ),
 .UNSPECIFIED. ) ;
#1208 = CARTESIAN_POINT ( 'NONE',  ( 721.9479354322742211, 926.6200950082104555, 1330.925743524943528 ) ) ;
#1209 = PRODUCT_RELATED_PRODUCT_CATEGORY ( 'detail', '', ( #1961 ) ) ;
#1210 = VERTEX_POINT ( 'NONE', #282 ) ;
#1211 = EDGE_CURVE ( 'NONE', #1292, #2080, #1914, .T. ) ;
#1212 = CARTESIAN_POINT ( 'NONE',  ( 721.9479354322742211, 926.6200950082104555, 1330.925743524943528 ) ) ;
#1213 = FACE_OUTER_BOUND ( 'NONE', #1916, .T. ) ;
#1214 = PLANE ( 'NONE',  #1286 ) ;
#1215 = ORIENTED_EDGE ( 'NONE', *, *, #1374, .F. ) ;
#1216 = DIRECTION ( 'NONE',  ( -0.2213962767796853193, -0.7488457419180279961, 0.6246709081102874705 ) ) ;
#1217 = AXIS2_PLACEMENT_3D ( 'NONE', #1100, #787, #762 ) ;
#1218 = ORIENTED_EDGE ( 'NONE', *, *, #1196, .F. ) ;
#1219 = APPLICATION_CONTEXT ( 'configuration controlled 3d designs of mechanical parts and assemblies' ) ;
#1220 = CARTESIAN_POINT ( 'NONE',  ( 722.1709752653684973, 932.3506921750512220, 1339.926993449446400 ) ) ;
#1221 = CIRCLE ( 'NONE', #1187, 6.000000000000000000 ) ;
#1222 = CARTESIAN_POINT ( 'NONE',  ( 721.4832959286105734, 930.7572345093772128, 1335.720603990016798 ) ) ;
#1223 = CARTESIAN_POINT ( 'NONE',  ( 721.3129621774614861, 930.7564616049070310, 1336.793829505585563 ) ) ;
#1224 = DIRECTION ( 'NONE',  ( -0.07317157541021351852, 0.6515180314347910340, 0.7550961364404682463 ) ) ;
#1225 = DIRECTION ( 'NONE',  ( -0.07317157541021351852, 0.6515180314347910340, 0.7550961364404682463 ) ) ;
#1226 = VERTEX_POINT ( 'NONE', #617 ) ;
#1227 = ORIENTED_EDGE ( 'NONE', *, *, #2073, .F. ) ;
#1228 = DIRECTION ( 'NONE',  ( -0.07317157541021490630, 0.6515180314347915891, 0.7550961364404676912 ) ) ;
#1229 = DIRECTION ( 'NONE',  ( -0.07317157541021351852, 0.6515180314347910340, 0.7550961364404682463 ) ) ;
#1230 = DIRECTION ( 'NONE',  ( 0.8731305266870569293, -0.3240394544517310460, 0.3641998288382453097 ) ) ;
#1231 = EDGE_CURVE ( 'NONE', #2215, #683, #2199, .T. ) ;
#1232 = CARTESIAN_POINT ( 'NONE',  ( 720.6580206424853259, 936.9888389311993251, 1343.870696192370815 ) ) ;
#1233 = CARTESIAN_POINT ( 'NONE',  ( 720.4441873847869147, 932.8266273159302955, 1333.310296041240463 ) ) ;
#1234 = ADVANCED_FACE ( 'NONE', ( #630 ), #1670, .T. ) ;
#1235 = CARTESIAN_POINT ( 'NONE',  ( 720.2538345766598695, 931.7618177585540025, 1327.866974738064755 ) ) ;
#1236 = EDGE_LOOP ( 'NONE', ( #893, #2197, #1376, #1239 ) ) ;
#1237 = ORIENTED_EDGE ( 'NONE', *, *, #2223, .F. ) ;
#1238 = FACE_OUTER_BOUND ( 'NONE', #1342, .T. ) ;
#1239 = ORIENTED_EDGE ( 'NONE', *, *, #1090, .T. ) ;
#1240 = LINE ( 'NONE', #1442, #994 ) ;
#1241 = DIRECTION ( 'NONE',  ( 0.8888065830875199191, -0.3008470487215146316, 0.3457078407208060145 ) ) ;
#1242 = CARTESIAN_POINT ( 'NONE',  ( 722.0830549852054219, 914.4001388246038005, 1307.673193136464988 ) ) ;
#1243 = ADVANCED_FACE ( 'NONE', ( #65 ), #1497, .T. ) ;
#1244 = CARTESIAN_POINT ( 'NONE',  ( 721.7063357624932678, 936.4878316766419175, 1344.721853914229769 ) ) ;
#1245 = ORIENTED_EDGE ( 'NONE', *, *, #1120, .T. ) ;
#1246 = PLANE ( 'NONE',  #854 ) ;
#1247 = ORIENTED_EDGE ( 'NONE', *, *, #1875, .T. ) ;
#1248 = AXIS2_PLACEMENT_3D ( 'NONE', #1603, #33, #1055 ) ;
#1249 = AXIS2_PLACEMENT_3D ( 'NONE', #372, #1446, #241 ) ;
#1250 = DIRECTION ( 'NONE',  ( -0.07317157541021340750, 0.6515180314347909230, 0.7550961364404682463 ) ) ;
#1251 = VECTOR ( 'NONE', #829, 999.9999999999998863 ) ;
#1252 = CARTESIAN_POINT ( 'NONE',  ( 721.3945699674410434, 928.5166180833010685, 1334.750377909337203 ) ) ;
#1253 = B_SPLINE_CURVE_WITH_KNOTS ( 'NONE', 1,
 ( #403, #965 ),
 .UNSPECIFIED., .F., .F.,
 ( 2, 2 ),
 ( 0.000000000000000000, 1.000000000000000000 ),
 .UNSPECIFIED. ) ;
#1254 = CARTESIAN_POINT ( 'NONE',  ( 721.9799448158775022, 929.7585091197022393, 1327.078986864554736 ) ) ;
#1255 = CARTESIAN_POINT ( 'NONE',  ( 721.1226601457191236, 932.8516994299239968, 1339.075835727547428 ) ) ;
#1256 = DIRECTION ( 'NONE',  ( -0.07317157541021340750, 0.6515180314347909230, 0.7550961364404682463 ) ) ;
#1257 = EDGE_CURVE ( 'NONE', #1061, #2040, #1317, .T. ) ;
#1258 = ORIENTED_EDGE ( 'NONE', *, *, #1452, .F. ) ;
#1259 = EDGE_LOOP ( 'NONE', ( #802, #447, #1041, #47 ) ) ;
#1260 = CARTESIAN_POINT ( 'NONE',  ( 719.7370915204786570, 936.8303026336084258, 1337.578955702222856 ) ) ;
#1261 = EDGE_CURVE ( 'NONE', #2261, #754, #974, .T. ) ;
#1262 = VERTEX_POINT ( 'NONE', #426 ) ;
#1263 = B_SPLINE_CURVE_WITH_KNOTS ( 'NONE', 3,
 ( #486, #1894, #2260, #303, #901, #518 ),
 .UNSPECIFIED., .F., .F.,
 ( 4, 2, 4 ),
 ( 0.000000000000000000, 0.5000000000000000000, 1.000000000000000000 ),
 .UNSPECIFIED. ) ;
#1264 = CARTESIAN_POINT ( 'NONE',  ( 722.9247512189639338, 934.7405128135799259, 1341.408300643715393 ) ) ;
#1265 = DIRECTION ( 'NONE',  ( 0.8888065830875199191, -0.3008470487215146316, 0.3457078407208060145 ) ) ;
#1266 = CARTESIAN_POINT ( 'NONE',  ( 723.9338393562151168, 926.5737207365559698, 1331.158197889937583 ) ) ;
#1267 = DIRECTION ( 'NONE',  ( 0.5212750289935843551, -0.6204890829809658337, 0.5858887625216735451 ) ) ;
#1268 = DIRECTION ( 'NONE',  ( 0.07317157541021351852, -0.6515180314347910340, -0.7550961364404682463 ) ) ;
#1269 = ORIENTED_EDGE ( 'NONE', *, *, #1438, .F. ) ;
#1270 = CARTESIAN_POINT ( 'NONE',  ( 719.2477997840759372, 915.3899034135863531, 1317.337777659497988 ) ) ;
#1271 = CARTESIAN_POINT ( 'NONE',  ( 723.5526318376947756, 929.5874608211735222, 1331.086083049227000 ) ) ;
#1272 = ORIENTED_EDGE ( 'NONE', *, *, #2193, .T. ) ;
#1273 = CARTESIAN_POINT ( 'NONE',  ( 721.0506658035484406, 938.0327881217716595, 1336.668707794444344 ) ) ;
#1274 = EDGE_CURVE ( 'NONE', #428, #231, #695, .T. ) ;
#1275 = CARTESIAN_POINT ( 'NONE',  ( 723.4691998526470798, 930.7108602385003451, 1335.953058354348741 ) ) ;
#1276 = CYLINDRICAL_SURFACE ( 'NONE', #1180, 5.219644854552481839 ) ;
#1277 = CARTESIAN_POINT ( 'NONE',  ( 721.0324658231452304, 930.4231319991256441, 1331.106247457050131 ) ) ;
#1278 = FACE_OUTER_BOUND ( 'NONE', #669, .T. ) ;
#1279 = CARTESIAN_POINT ( 'NONE',  ( 723.2952846322211826, 933.4427577745202598, 1337.377416891682060 ) ) ;
#1280 = CARTESIAN_POINT ( 'NONE',  ( 722.3242747710286267, 927.2563807384381107, 1324.245439204850754 ) ) ;
#1281 = ORIENTED_EDGE ( 'NONE', *, *, #1327, .T. ) ;
#1282 = CARTESIAN_POINT ( 'NONE',  ( 719.7370915204786570, 936.8303026336084258, 1337.578955702222856 ) ) ;
#1283 = CARTESIAN_POINT ( 'NONE',  ( 721.7255389004742483, 929.0950841992834057, 1331.991600197544813 ) ) ;
#1284 = CARTESIAN_POINT ( 'NONE',  ( 719.8524544583137867, 928.4971332870597962, 1338.530200106436723 ) ) ;
#1285 = CC_DESIGN_APPROVAL ( #106, ( #134 ) ) ;
#1286 = AXIS2_PLACEMENT_3D ( 'NONE', #183, #357, #1058 ) ;
#1287 = PLANE ( 'NONE',  #808 ) ;
#1288 = EDGE_CURVE ( 'NONE', #2269, #1170, #1834, .T. ) ;
#1289 = AXIS2_PLACEMENT_3D ( 'NONE', #1409, #864, #1241 ) ;
#1290 = AXIS2_PLACEMENT_3D ( 'NONE', #667, #502, #2265 ) ;
#1291 = PLANE ( 'NONE',  #852 ) ;
#1292 = VERTEX_POINT ( 'NONE', #790 ) ;
#1293 = CARTESIAN_POINT ( 'NONE',  ( 720.9879866441139029, 926.0636522286769150, 1325.144000090596364 ) ) ;
#1294 = CARTESIAN_POINT ( 'NONE',  ( 725.1007454879946863, 911.2523862101940040, 1315.978925946246591 ) ) ;
#1295 = ORIENTED_EDGE ( 'NONE', *, *, #2073, .T. ) ;
#1296 = CARTESIAN_POINT ( 'NONE',  ( 719.9795478795161898, 936.9637668166041067, 1338.105156506582944 ) ) ;
#1297 = CARTESIAN_POINT ( 'NONE',  ( 723.4756518948752273, 926.1074658742354586, 1333.057722113004729 ) ) ;
#1298 = EDGE_CURVE ( 'NONE', #373, #1450, #494, .T. ) ;
#1299 = VERTEX_POINT ( 'NONE', #1486 ) ;
#1300 = CARTESIAN_POINT ( 'NONE',  ( 719.3369872730787620, 933.8925550399058011, 1329.912844927744800 ) ) ;
#1301 = EDGE_CURVE ( 'NONE', #77, #402, #2036, .T. ) ;
#1302 = LINE ( 'NONE', #37, #1069 ) ;
#1303 = CARTESIAN_POINT ( 'NONE',  ( 721.7255389004742483, 929.0950841992834057, 1331.991600197544813 ) ) ;
#1304 = ORIENTED_EDGE ( 'NONE', *, *, #343, .F. ) ;
#1305 = DIRECTION ( 'NONE',  ( -0.07317157541021351852, 0.6515180314347910340, 0.7550961364404682463 ) ) ;
#1306 = CARTESIAN_POINT ( 'NONE',  ( 717.2067960611789204, 933.5629538124352393, 1338.399973149757216 ) ) ;
#1307 = LINE ( 'NONE', #1318, #401 ) ;
#1308 = ORIENTED_EDGE ( 'NONE', *, *, #321, .F. ) ;
#1309 = CARTESIAN_POINT ( 'NONE',  ( 718.8252617841303618, 926.0865217402673579, 1328.188632321240675 ) ) ;
#1310 = CC_DESIGN_PERSON_AND_ORGANIZATION_ASSIGNMENT ( #1905, #1201, ( #134 ) ) ;
#1311 = CARTESIAN_POINT ( 'NONE',  ( 719.7522489795811680, 935.0238903426378556, 1347.923306726018609 ) ) ;
#1312 = ORIENTED_EDGE ( 'NONE', *, *, #466, .T. ) ;
#1313 = ORIENTED_EDGE ( 'NONE', *, *, #623, .T. ) ;
#1314 = ORIENTED_EDGE ( 'NONE', *, *, #10, .F. ) ;
#1315 = EDGE_CURVE ( 'NONE', #2232, #1493, #692, .T. ) ;
#1316 = CARTESIAN_POINT ( 'NONE',  ( 722.3025338959333794, 910.5135069125498148, 1311.047955987103478 ) ) ;
#1317 = LINE ( 'NONE', #1820, #2287 ) ;
#1318 = CARTESIAN_POINT ( 'NONE',  ( 718.1360750688883172, 925.2886748132133334, 1328.810252216963136 ) ) ;
#1319 = ORIENTED_EDGE ( 'NONE', *, *, #1093, .T. ) ;
#1320 = DIRECTION ( 'NONE',  ( -0.8731305266870593718, 0.3240394544517291031, -0.3641998288382410354 ) ) ;
#1321 = CIRCLE ( 'NONE', #137, 6.000000000000039968 ) ;
#1322 = DIRECTION ( 'NONE',  ( -0.08966699656141173536, 0.5931618504913012124, 0.8000742770826911876 ) ) ;
#1323 = VECTOR ( 'NONE', #2166, 1000.000000000000114 ) ;
#1324 = ORIENTED_EDGE ( 'NONE', *, *, #1479, .F. ) ;
#1325 = AXIS2_PLACEMENT_3D ( 'NONE', #1699, #482, #301 ) ;
#1326 = DIRECTION ( 'NONE',  ( -0.8731305266870464932, 0.3240394544517400388, -0.3641998288382619076 ) ) ;
#1327 = EDGE_CURVE ( 'NONE', #377, #402, #1468, .T. ) ;
#1328 = ORIENTED_EDGE ( 'NONE', *, *, #923, .F. ) ;
#1329 = APPROVAL_STATUS ( 'not_yet_approved' ) ;
#1330 = CARTESIAN_POINT ( 'NONE',  ( 720.0399875476335865, 931.8139481143749663, 1327.801081459149600 ) ) ;
#1331 = CARTESIAN_POINT ( 'NONE',  ( 723.0879923329354142, 933.7246003229676035, 1335.880943513652483 ) ) ;
#1332 = ORIENTED_EDGE ( 'NONE', *, *, #1090, .F. ) ;
#1333 = CARTESIAN_POINT ( 'NONE',  ( 719.7703119466752923, 932.4710457692140153, 1331.936855699256967 ) ) ;
#1334 = DIRECTION ( 'NONE',  ( -0.8888065830875054862, 0.3008470487215013089, -0.3457078407208546977 ) ) ;
#1335 = DIRECTION ( 'NONE',  ( 0.5212750289935843551, -0.6204890829809658337, 0.5858887625216735451 ) ) ;
#1336 = ORIENTED_EDGE ( 'NONE', *, *, #1675, .T. ) ;
#1337 = LINE ( 'NONE', #1161, #920 ) ;
#1338 = EDGE_LOOP ( 'NONE', ( #1692, #1610, #968, #189, #1347, #955, #1926, #1642, #1708, #349, #579, #1788, #2160, #2026, #2219, #1098, #624, #1319, #931, #984, #2163, #2204, #87, #17, #976, #130, #1814, #385, #2012, #1215, #2154, #144, #1499, #1729, #1714, #1373, #1349, #1029, #1150, #1790, #971, #1336, #903, #1510 ) ) ;
#1339 = DIRECTION ( 'NONE',  ( 0.9724348868587991968, -0.1214673187592747866, 0.1990378890898586994 ) ) ;
#1340 = EDGE_CURVE ( 'NONE', #187, #1591, #236, .T. ) ;
#1341 = DIRECTION ( 'NONE',  ( -0.07317157541021351852, 0.6515180314347910340, 0.7550961364404682463 ) ) ;
#1342 = EDGE_LOOP ( 'NONE', ( #2206, #628, #133, #477 ) ) ;
#1343 = CARTESIAN_POINT ( 'NONE',  ( 720.0191854455592875, 932.5510033911190249, 1332.332864090596104 ) ) ;
#1344 = EDGE_CURVE ( 'NONE', #263, #15, #1075, .T. ) ;
#1345 = FACE_OUTER_BOUND ( 'NONE', #532, .T. ) ;
#1346 = CARTESIAN_POINT ( 'NONE',  ( 718.7494899513469591, 933.9459083552268339, 1329.809516737005197 ) ) ;
#1347 = ORIENTED_EDGE ( 'NONE', *, *, #964, .F. ) ;
#1348 = CARTESIAN_POINT ( 'NONE',  ( 722.7914976658920523, 932.1991594703781630, 1340.117870986907747 ) ) ;
#1349 = ORIENTED_EDGE ( 'NONE', *, *, #304, .F. ) ;
#1350 = CARTESIAN_POINT ( 'NONE',  ( 719.5514618220283865, 912.6861035831326490, 1314.204128693270377 ) ) ;
#1351 = CARTESIAN_POINT ( 'NONE',  ( 721.6465539583394957, 929.0499067964815367, 1331.365193759107797 ) ) ;
#1352 = EDGE_LOOP ( 'NONE', ( #1087, #689, #963, #1206 ) ) ;
#1353 = CARTESIAN_POINT ( 'NONE',  ( 725.1007454879946863, 911.2523862101940040, 1315.978925946246591 ) ) ;
#1354 = EDGE_CURVE ( 'NONE', #73, #495, #591, .T. ) ;
#1355 = B_SPLINE_CURVE_WITH_KNOTS ( 'NONE', 3,
 ( #2097, #509, #1220, #1918 ),
 .UNSPECIFIED., .F., .F.,
 ( 4, 4 ),
 ( 0.000000000000000000, 1.000000000000000000 ),
 .UNSPECIFIED. ) ;
#1356 = DIRECTION ( 'NONE',  ( 0.8731305266870593718, -0.3240394544517291031, 0.3641998288382410354 ) ) ;
#1357 = CARTESIAN_POINT ( 'NONE',  ( 720.9905129222333926, 914.3007969762064704, 1312.950375457038717 ) ) ;
#1358 = AXIS2_PLACEMENT_3D ( 'NONE', #2198, #581, #1485 ) ;
#1359 = AXIS2_PLACEMENT_3D ( 'NONE', #70, #55, #207 ) ;
#1360 = ORIENTED_EDGE ( 'NONE', *, *, #1257, .F. ) ;
#1361 = AXIS2_PLACEMENT_3D ( 'NONE', #455, #80, #1178 ) ;
#1362 = CARTESIAN_POINT ( 'NONE',  ( 723.4691998526470798, 930.7108602385003451, 1335.953058354348741 ) ) ;
#1363 = EDGE_LOOP ( 'NONE', ( #2019, #615 ) ) ;
#1364 = APPROVAL_STATUS ( 'not_yet_approved' ) ;
#1365 = CARTESIAN_POINT ( 'NONE',  ( 719.9945212316325751, 935.8487866345737984, 1332.747354528083406 ) ) ;
#1366 = EDGE_LOOP ( 'NONE', ( #1829, #948, #1332 ) ) ;
#1367 = DIRECTION ( 'NONE',  ( -0.8888065830875102602, 0.3008470487215014755, -0.3457078407208419857 ) ) ;
#1368 = ORIENTED_EDGE ( 'NONE', *, *, #304, .T. ) ;
#1369 = CARTESIAN_POINT ( 'NONE',  ( 723.0834597735818079, 935.2145063466437023, 1338.495714989508542 ) ) ;
#1370 = EDGE_CURVE ( 'NONE', #1292, #2071, #371, .T. ) ;
#1371 = FACE_OUTER_BOUND ( 'NONE', #649, .T. ) ;
#1372 = CARTESIAN_POINT ( 'NONE',  ( 719.7882813012751058, 926.2292459823460149, 1324.185801931636206 ) ) ;
#1373 = ORIENTED_EDGE ( 'NONE', *, *, #687, .T. ) ;
#1374 = EDGE_CURVE ( 'NONE', #253, #840, #1898, .T. ) ;
#1375 = CARTESIAN_POINT ( 'NONE',  ( 722.1050606359567610, 931.3676166183995520, 1329.423348521321714 ) ) ;
#1376 = ORIENTED_EDGE ( 'NONE', *, *, #837, .T. ) ;
#1377 = CARTESIAN_POINT ( 'NONE',  ( 722.0098475942925234, 913.1195790382888617, 1314.068340532865705 ) ) ;
#1378 = ORIENTED_EDGE ( 'NONE', *, *, #1846, .T. ) ;
#1379 = CARTESIAN_POINT ( 'NONE',  ( 721.0186564249472667, 934.8943740105437428, 1340.515464455090296 ) ) ;
#1380 = CARTESIAN_POINT ( 'NONE',  ( 723.1393400119485477, 935.0292510903748280, 1339.632628667890913 ) ) ;
#1381 = CARTESIAN_POINT ( 'NONE',  ( 716.9616712835544377, 935.7455392177415661, 1340.929545206832699 ) ) ;
#1382 = VERTEX_POINT ( 'NONE', #2088 ) ;
#1383 = CARTESIAN_POINT ( 'NONE',  ( 760.0872600993503738, 908.3633107628666039, 1321.862022052758675 ) ) ;
#1384 = ADVANCED_FACE ( 'NONE', ( #121 ), #1013, .T. ) ;
#1385 = VERTEX_POINT ( 'NONE', #1377 ) ;
#1386 = CARTESIAN_POINT ( 'NONE',  ( 725.5230396772268477, 912.6807444917633347, 1314.787420386544227 ) ) ;
#1387 = ORIENTED_EDGE ( 'NONE', *, *, #1582, .T. ) ;
#1388 = FACE_OUTER_BOUND ( 'NONE', #413, .T. ) ;
#1389 = CARTESIAN_POINT ( 'NONE',  ( 720.9847490395802652, 933.0882209435844743, 1334.990513511197378 ) ) ;
#1390 = CARTESIAN_POINT ( 'NONE',  ( 722.0363310221212032, 926.5457062281373055, 1329.054876759430954 ) ) ;
#1391 = CARTESIAN_POINT ( 'NONE',  ( 719.5753480409142639, 935.9510876146854343, 1332.595941924665340 ) ) ;
#1392 = ORIENTED_EDGE ( 'NONE', *, *, #275, .F. ) ;
#1393 = CC_DESIGN_APPROVAL ( #1006, ( #2103 ) ) ;
#1394 = B_SPLINE_CURVE_WITH_KNOTS ( 'NONE', 3,
 ( #622, #1004, #1710, #2029, #2043, #255, #2240, #125 ),
 .UNSPECIFIED., .F., .F.,
 ( 4, 2, 2, 4 ),
 ( 0.000000000000000000, 0.2499999999999822919, 0.4999999999999645839, 1.000000000000000000 ),
 .UNSPECIFIED. ) ;
#1395 = EDGE_CURVE ( 'NONE', #2215, #1129, #1221, .T. ) ;
#1396 = CARTESIAN_POINT ( 'NONE',  ( 717.8909502912642893, 927.4712602185200012, 1331.339824274039074 ) ) ;
#1397 = VECTOR ( 'NONE', #1169, 1000.000000000000227 ) ;
#1398 = CARTESIAN_POINT ( 'NONE',  ( 721.1819144538817454, 933.1870462975480223, 1336.160054224189935 ) ) ;
#1399 = VECTOR ( 'NONE', #1335, 999.9999999999998863 ) ;
#1400 = CARTESIAN_POINT ( 'NONE',  ( 721.0186564249472667, 934.8943740105437428, 1340.515464455090296 ) ) ;
#1401 = CARTESIAN_POINT ( 'NONE',  ( 713.6145063833625954, 941.4230278099320230, 1339.679501041023968 ) ) ;
#1402 = FACE_OUTER_BOUND ( 'NONE', #1950, .T. ) ;
#1403 = CARTESIAN_POINT ( 'NONE',  ( 908.8920903025514235, 1546.258780189277104, 780.5903919608268779 ) ) ;
#1404 = EDGE_LOOP ( 'NONE', ( #2096, #120, #555, #905, #1851, #32, #153, #423, #1636, #1565, #1312, #123 ) ) ;
#1405 = ORIENTED_EDGE ( 'NONE', *, *, #230, .F. ) ;
#1406 = CARTESIAN_POINT ( 'NONE',  ( 721.3942464482381638, 935.5307388271496620, 1333.833990644651976 ) ) ;
#1407 = ORIENTED_EDGE ( 'NONE', *, *, #480, .F. ) ;
#1408 = CARTESIAN_POINT ( 'NONE',  ( 721.1494451905516598, 930.6992034900927138, 1337.279949965202604 ) ) ;
#1409 = CARTESIAN_POINT ( 'NONE',  ( 717.0212499556316743, 935.2150520862372787, 1340.314721419763600 ) ) ;
#1410 = EDGE_CURVE ( 'NONE', #774, #861, #173, .T. ) ;
#1411 = CARTESIAN_POINT ( 'NONE',  ( 723.5526318376947756, 929.5874608211735222, 1331.086083049227000 ) ) ;
#1412 = DIRECTION ( 'NONE',  ( -0.2213962767796876230, -0.7488457419180276631, 0.6246709081102869154 ) ) ;
#1413 = CARTESIAN_POINT ( 'NONE',  ( 720.8328675925669131, 937.3384226198749047, 1342.188807781679088 ) ) ;
#1414 = ORIENTED_EDGE ( 'NONE', *, *, #1344, .T. ) ;
#1415 = ORIENTED_EDGE ( 'NONE', *, *, #261, .F. ) ;
#1416 = CARTESIAN_POINT ( 'NONE',  ( 722.5697001419611070, 927.2304771172282472, 1324.628488056479455 ) ) ;
#1417 = ORIENTED_EDGE ( 'NONE', *, *, #193, .T. ) ;
#1418 = CARTESIAN_POINT ( 'NONE',  ( 723.6891345103251751, 929.4935380719412024, 1331.837384111814572 ) ) ;
#1419 = DIRECTION ( 'NONE',  ( 0.9307836007855353477, -0.2272990570095208274, 0.2863163061917639030 ) ) ;
#1420 = CARTESIAN_POINT ( 'NONE',  ( 720.7962598919292532, 937.3693632015176718, 1341.581321127552656 ) ) ;
#1421 = EDGE_CURVE ( 'NONE', #223, #1061, #1033, .T. ) ;
#1422 = CARTESIAN_POINT ( 'NONE',  ( 718.8272566732982796, 935.2181369801222672, 1345.538388666240962 ) ) ;
#1423 = ADVANCED_FACE ( 'NONE', ( #688 ), #306, .T. ) ;
#1424 = CARTESIAN_POINT ( 'NONE',  ( 721.1070520136009918, 934.8199852303986290, 1338.644597689523607 ) ) ;
#1425 = EDGE_LOOP ( 'NONE', ( #1913, #1151, #1160, #1002 ) ) ;
#1426 = AXIS2_PLACEMENT_3D ( 'NONE', #785, #1256, #409 ) ;
#1427 = ORIENTED_EDGE ( 'NONE', *, *, #1354, .T. ) ;
#1428 = CARTESIAN_POINT ( 'NONE',  ( 720.5046270543529090, 927.6768086140644982, 1323.006220993633633 ) ) ;
#1429 = VERTEX_POINT ( 'NONE', #851 ) ;
#1430 = AXIS2_PLACEMENT_3D ( 'NONE', #936, #46, #587 ) ;
#1431 = DIRECTION ( 'NONE',  ( 0.5212750289935843551, -0.6204890829809658337, 0.5858887625216735451 ) ) ;
#1432 = CARTESIAN_POINT ( 'NONE',  ( 723.4691998526470798, 930.7108602385003451, 1335.953058354348741 ) ) ;
#1433 = FACE_OUTER_BOUND ( 'NONE', #2237, .T. ) ;
#1434 = B_SPLINE_CURVE_WITH_KNOTS ( 'NONE', 3,
 ( #1428, #351, #930, #1114, #1064, #718, #1280, #1416 ),
 .UNSPECIFIED., .F., .F.,
 ( 4, 2, 2, 4 ),
 ( 0.000000000000000000, 0.2500000000000320854, 0.5000000000000641709, 1.000000000000000000 ),
 .UNSPECIFIED. ) ;
#1435 = CC_DESIGN_PERSON_AND_ORGANIZATION_ASSIGNMENT ( #1531, #835, ( #1961 ) ) ;
#1436 = CARTESIAN_POINT ( 'NONE',  ( 719.8441481236691288, 910.0800314573929199, 1311.183744147507923 ) ) ;
#1437 = EDGE_LOOP ( 'NONE', ( #1080, #564, #1680 ) ) ;
#1438 = EDGE_CURVE ( 'NONE', #1063, #973, #1551, .T. ) ;
#1439 = CARTESIAN_POINT ( 'NONE',  ( 715.3412106714350784, 934.0903560500548792, 1333.791129690349408 ) ) ;
#1440 = DIRECTION ( 'NONE',  ( -0.5212750289935843551, 0.6204890829809658337, -0.5858887625216735451 ) ) ;
#1441 = ORIENTED_EDGE ( 'NONE', *, *, #2039, .F. ) ;
#1442 = CARTESIAN_POINT ( 'NONE',  ( 716.6245988056197120, 938.7468248405236864, 1344.407974150888322 ) ) ;
#1443 = DIRECTION ( 'NONE',  ( -0.07317157541021351852, 0.6515180314347910340, 0.7550961364404682463 ) ) ;
#1444 = CARTESIAN_POINT ( 'NONE',  ( 721.8841359860203966, 926.6427890936570293, 1331.475322330864401 ) ) ;
#1445 = CARTESIAN_POINT ( 'NONE',  ( 721.2262611747624987, 933.8192599610071056, 1331.355815710271600 ) ) ;
#1446 = DIRECTION ( 'NONE',  ( 0.07317157541021485079, -0.6515180314347914781, -0.7550961364404675802 ) ) ;
#1447 = ORIENTED_EDGE ( 'NONE', *, *, #1370, .T. ) ;
#1448 = LINE ( 'NONE', #1270, #393 ) ;
#1449 = CARTESIAN_POINT ( 'NONE',  ( 718.8590022897458311, 934.5035249825007213, 1333.775522863255446 ) ) ;
#1450 = VERTEX_POINT ( 'NONE', #1212 ) ;
#1451 = CARTESIAN_POINT ( 'NONE',  ( 721.0186564249472667, 934.8943740105437428, 1340.515464455090296 ) ) ;
#1452 = EDGE_CURVE ( 'NONE', #1761, #754, #1728, .T. ) ;
#1453 = DIRECTION ( 'NONE',  ( 0.07317157541021351852, -0.6515180314347910340, -0.7550961364404682463 ) ) ;
#1454 = CARTESIAN_POINT ( 'NONE',  ( 721.1819144538817454, 933.1870462975480223, 1336.160054224189935 ) ) ;
#1455 = CARTESIAN_POINT ( 'NONE',  ( 719.4283640472281149, 911.9264132222822354, 1309.550343406702950 ) ) ;
#1456 = ORIENTED_EDGE ( 'NONE', *, *, #343, .T. ) ;
#1457 = CARTESIAN_POINT ( 'NONE',  ( 723.6836700786710708, 928.7741140523800141, 1334.027130880512459 ) ) ;
#1458 = CYLINDRICAL_SURFACE ( 'NONE', #176, 3.999999999999961364 ) ;
#1459 = ORIENTED_EDGE ( 'NONE', *, *, #1047, .F. ) ;
#1460 = EDGE_CURVE ( 'NONE', #2161, #200, #1355, .T. ) ;
#1461 = CARTESIAN_POINT ( 'NONE',  ( 721.6929055934521102, 928.8728027173971213, 1333.749067189972266 ) ) ;
#1462 = VECTOR ( 'NONE', #44, 1000.000000000000114 ) ;
#1463 = ADVANCED_FACE ( 'NONE', ( #330 ), #1738, .F. ) ;
#1464 = FACE_OUTER_BOUND ( 'NONE', #1404, .T. ) ;
#1465 = AXIS2_PLACEMENT_3D ( 'NONE', #7, #201, #2129 ) ;
#1466 = CIRCLE ( 'NONE', #1430, 3.999999999999961364 ) ;
#1467 = CARTESIAN_POINT ( 'NONE',  ( 719.8908437932316247, 933.8455934699752561, 1330.161348150633557 ) ) ;
#1468 = CIRCLE ( 'NONE', #1579, 2.500000000000007994 ) ;
#1469 = AXIS2_PLACEMENT_3D ( 'NONE', #489, #1615, #1067 ) ;
#1470 = CARTESIAN_POINT ( 'NONE',  ( 720.9905129222333926, 914.3007969762064704, 1312.950375457038717 ) ) ;
#1471 = ORIENTED_EDGE ( 'NONE', *, *, #292, .F. ) ;
#1472 = PLANE ( 'NONE',  #2136 ) ;
#1473 = ORIENTED_EDGE ( 'NONE', *, *, #610, .T. ) ;
#1474 = CARTESIAN_POINT ( 'NONE',  ( 717.9254989833748368, 936.5763498408870191, 1335.869575851834043 ) ) ;
#1475 = LINE ( 'NONE', #1127, #812 ) ;
#1476 = CARTESIAN_POINT ( 'NONE',  ( 720.0191854455592875, 932.5510033911190249, 1332.332864090596104 ) ) ;
#1477 = ORIENTED_EDGE ( 'NONE', *, *, #1663, .F. ) ;
#1478 = PLANE ( 'NONE',  #1874 ) ;
#1479 = EDGE_CURVE ( 'NONE', #1770, #1737, #696, .T. ) ;
#1480 = CARTESIAN_POINT ( 'NONE',  ( 720.6663705312682850, 928.5560236324881771, 1327.989234771365091 ) ) ;
#1481 = ADVANCED_FACE ( 'NONE', ( #384 ), #1536, .T. ) ;
#1482 = ORIENTED_EDGE ( 'NONE', *, *, #1315, .T. ) ;
#1483 = CARTESIAN_POINT ( 'NONE',  ( 718.3901384892427586, 932.4392103410926893, 1331.074715385790341 ) ) ;
#1484 = VERTEX_POINT ( 'NONE', #1760 ) ;
#1485 = DIRECTION ( 'NONE',  ( 0.9307836007855353477, -0.2272990570095208274, 0.2863163061917639030 ) ) ;
#1486 = CARTESIAN_POINT ( 'NONE',  ( 722.9717982976305848, 906.3570969595072029, 1314.699076722637983 ) ) ;
#1487 = CARTESIAN_POINT ( 'NONE',  ( 718.3555897951192719, 923.3341207189090483, 1326.544963807641807 ) ) ;
#1488 = ORIENTED_EDGE ( 'NONE', *, *, #62, .F. ) ;
#1489 = FACE_OUTER_BOUND ( 'NONE', #1141, .T. ) ;
#1490 = EDGE_CURVE ( 'NONE', #1226, #2080, #556, .T. ) ;
#1491 = CARTESIAN_POINT ( 'NONE',  ( 908.5994040009107948, 1548.864852315016378, 783.6107765065888771 ) ) ;
#1492 = B_SPLINE_CURVE_WITH_KNOTS ( 'NONE', 3,
 ( #1222, #711, #744, #1408 ),
 .UNSPECIFIED., .F., .F.,
 ( 4, 4 ),
 ( 0.000000000000000000, 1.000000000000000000 ),
 .UNSPECIFIED. ) ;
#1493 = VERTEX_POINT ( 'NONE', #1260 ) ;
#1494 = CARTESIAN_POINT ( 'NONE',  ( 720.6812577011072563, 930.2388925431439475, 1330.259271463137566 ) ) ;
#1495 = ORIENTED_EDGE ( 'NONE', *, *, #2018, .F. ) ;
#1496 = B_SPLINE_SURFACE_WITH_KNOTS ( 'NONE', 1, 3, ( 
 ( #534, #712, #1899, #1027 ),
 ( #1709, #701, #1223, #855 ) ),
 .UNSPECIFIED., .F., .F., .F.,
 ( 2, 2 ),
 ( 4, 4 ),
 ( 0.000000000000000000, 1.000000000000000000 ),
 ( 0.000000000000000000, 1.000000000000000000 ),
 .UNSPECIFIED. ) ;
#1497 = PLANE ( 'NONE',  #775 ) ;
#1498 = CYLINDRICAL_SURFACE ( 'NONE', #2072, 6.000000000000048850 ) ;
#1499 = ORIENTED_EDGE ( 'NONE', *, *, #1882, .F. ) ;
#1500 = CARTESIAN_POINT ( 'NONE',  ( 719.3376094176367133, 933.8924985401170034, 1329.912954349641950 ) ) ;
#1501 = VECTOR ( 'NONE', #425, 1000.000000000000114 ) ;
#1502 = CIRCLE ( 'NONE', #396, 3.999999999999961364 ) ;
#1503 = DIRECTION ( 'NONE',  ( 0.07317157541021351852, -0.6515180314347910340, -0.7550961364404682463 ) ) ;
#1504 = VECTOR ( 'NONE', #225, 999.9999999999998863 ) ;
#1505 = CARTESIAN_POINT ( 'NONE',  ( 720.2349514521558831, 928.3339062688534113, 1327.141995233585931 ) ) ;
#1506 = ORIENTED_EDGE ( 'NONE', *, *, #1974, .T. ) ;
#1507 = VECTOR ( 'NONE', #1677, 1000.000000000000114 ) ;
#1508 = CARTESIAN_POINT ( 'NONE',  ( 719.4262042863468878, 937.9827329703234682, 1334.956208615995138 ) ) ;
#1509 = EDGE_CURVE ( 'NONE', #1484, #1382, #1434, .T. ) ;
#1510 = ORIENTED_EDGE ( 'NONE', *, *, #1479, .T. ) ;
#1511 = DIRECTION ( 'NONE',  ( 0.5212750289935843551, -0.6204890829809658337, 0.5858887625216735451 ) ) ;
#1512 = DIRECTION ( 'NONE',  ( -0.07317157541021351852, 0.6515180314347910340, 0.7550961364404682463 ) ) ;
#1513 = ORIENTED_EDGE ( 'NONE', *, *, #842, .T. ) ;
#1514 = CARTESIAN_POINT ( 'NONE',  ( 722.4950365626939401, 937.9499503012210653, 1339.969407231399828 ) ) ;
#1515 = CARTESIAN_POINT ( 'NONE',  ( 719.5514618220283865, 912.6861035831326490, 1314.204128693270377 ) ) ;
#1516 = CARTESIAN_POINT ( 'NONE',  ( 717.8909502912642893, 927.4712602185200012, 1331.339824274039074 ) ) ;
#1517 = VERTEX_POINT ( 'NONE', #1271 ) ;
#1518 = CARTESIAN_POINT ( 'NONE',  ( 718.6835528550518575, 936.5348379177305560, 1336.133527259647281 ) ) ;
#1519 = ORIENTED_EDGE ( 'NONE', *, *, #1802, .T. ) ;
#1520 = ADVANCED_FACE ( 'NONE', ( #2127 ), #1199, .T. ) ;
#1521 = CARTESIAN_POINT ( 'NONE',  ( 722.6233528281762801, 937.8617398247616848, 1340.675803978077965 ) ) ;
#1522 = B_SPLINE_CURVE_WITH_KNOTS ( 'NONE', 3,
 ( #180, #896, #2143, #191, #1418, #367 ),
 .UNSPECIFIED., .F., .F.,
 ( 4, 2, 4 ),
 ( 0.000000000000000000, 0.5000000000000000000, 1.000000000000000000 ),
 .UNSPECIFIED. ) ;
#1523 = CARTESIAN_POINT ( 'NONE',  ( 716.7421565573239377, 937.7000933120461923, 1343.194833616153801 ) ) ;
#1524 = VERTEX_POINT ( 'NONE', #1613 ) ;
#1525 = CARTESIAN_POINT ( 'NONE',  ( 722.5193942128296385, 939.8104601194473844, 1344.061467151585703 ) ) ;
#1526 = DIRECTION ( 'NONE',  ( 0.8731305266870593718, -0.3240394544517291031, 0.3641998288382410354 ) ) ;
#1527 = FACE_OUTER_BOUND ( 'NONE', #806, .T. ) ;
#1528 = ORIENTED_EDGE ( 'NONE', *, *, #1563, .F. ) ;
#1529 = DIRECTION ( 'NONE',  ( 0.07317157541021351852, -0.6515180314347910340, -0.7550961364404682463 ) ) ;
#1530 = ORIENTED_EDGE ( 'NONE', *, *, #567, .T. ) ;
#1531 = PERSON_AND_ORGANIZATION ( #146, #473 ) ;
#1532 = DIRECTION ( 'NONE',  ( -0.07317157541021351852, 0.6515180314347910340, 0.7550961364404682463 ) ) ;
#1533 = ORIENTED_EDGE ( 'NONE', *, *, #768, .F. ) ;
#1534 = EDGE_CURVE ( 'NONE', #1102, #1866, #178, .T. ) ;
#1535 = DIRECTION ( 'NONE',  ( 0.9307836004181070377, -0.2272990577520009881, 0.2863163067967984254 ) ) ;
#1536 = B_SPLINE_SURFACE_WITH_KNOTS ( 'NONE', 1, 3, ( 
 ( #364, #400, #568, #916, #1406, #16 ),
 ( #1449, #1937, #894, #30, #5, #1101 ) ),
 .UNSPECIFIED., .F., .F., .F.,
 ( 2, 2 ),
 ( 4, 2, 4 ),
 ( 0.000000000000000000, 1.000000000000000000 ),
 ( 0.000000000000000000, 0.5000000000000000000, 1.000000000000000000 ),
 .UNSPECIFIED. ) ;
#1537 = ORIENTED_EDGE ( 'NONE', *, *, #1136, .T. ) ;
#1538 = CARTESIAN_POINT ( 'NONE',  ( 720.8276361575503870, 934.6724370123733934, 1336.801212656527014 ) ) ;
#1539 = ADVANCED_FACE ( 'NONE', ( #904 ), #1246, .T. ) ;
#1540 = CARTESIAN_POINT ( 'NONE',  ( 716.9616712835546650, 935.7455392177417934, 1340.929545206832699 ) ) ;
#1541 = FACE_OUTER_BOUND ( 'NONE', #1021, .T. ) ;
#1542 = AXIS2_PLACEMENT_3D ( 'NONE', #18, #1250, #1044 ) ;
#1543 = VECTOR ( 'NONE', #1216, 1000.000000000000000 ) ;
#1544 = ORIENTED_EDGE ( 'NONE', *, *, #2085, .F. ) ;
#1545 = VECTOR ( 'NONE', #654, 1000.000000000000114 ) ;
#1546 = CARTESIAN_POINT ( 'NONE',  ( 720.5539609613707626, 927.8854652202452371, 1339.650017315566174 ) ) ;
#1547 = ORIENTED_EDGE ( 'NONE', *, *, #736, .T. ) ;
#1548 = AXIS2_PLACEMENT_3D ( 'NONE', #1764, #181, #898 ) ;
#1549 = APPROVAL_ROLE ( '' ) ;
#1550 = CIRCLE ( 'NONE', #1581, 3.999999999999961364 ) ;
#1551 = LINE ( 'NONE', #2280, #735 ) ;
#1552 = DIRECTION ( 'NONE',  ( 0.8731305266870593718, -0.3240394544517291031, 0.3641998288382410354 ) ) ;
#1553 = CARTESIAN_POINT ( 'NONE',  ( 723.0045603490793837, 934.8479997404450614, 1340.747918818760127 ) ) ;
#1554 = ADVANCED_FACE ( 'NONE', ( #1238 ), #2038, .T. ) ;
#1555 = LINE ( 'NONE', #2268, #61 ) ;
#1556 = EDGE_LOOP ( 'NONE', ( #1441, #2087, #1447, #1879 ) ) ;
#1557 = EDGE_CURVE ( 'NONE', #483, #175, #525, .T. ) ;
#1558 = CARTESIAN_POINT ( 'NONE',  ( 719.8672082785749353, 930.2476064752742104, 1329.224263699235280 ) ) ;
#1559 = ORIENTED_EDGE ( 'NONE', *, *, #1742, .T. ) ;
#1560 = CARTESIAN_POINT ( 'NONE',  ( 721.9799448158775022, 929.7585091197022393, 1327.078986864554736 ) ) ;
#1561 = CARTESIAN_POINT ( 'NONE',  ( 721.1070520136009918, 934.8199852303986290, 1338.644597689523607 ) ) ;
#1562 = B_SPLINE_CURVE_WITH_KNOTS ( 'NONE', 3,
 ( #682, #1940, #2102, #1073, #2276, #326 ),
 .UNSPECIFIED., .F., .F.,
 ( 4, 2, 4 ),
 ( 0.000000000000000000, 0.5000000000000000000, 1.000000000000000000 ),
 .UNSPECIFIED. ) ;
#1563 = EDGE_CURVE ( 'NONE', #914, #680, #672, .T. ) ;
#1564 = CARTESIAN_POINT ( 'NONE',  ( 720.2017310258736416, 932.6931631330481878, 1332.784095236794201 ) ) ;
#1565 = ORIENTED_EDGE ( 'NONE', *, *, #1340, .T. ) ;
#1566 = DIRECTION ( 'NONE',  ( -0.8731305266870464932, 0.3240394544517400388, -0.3641998288382619076 ) ) ;
#1567 = CARTESIAN_POINT ( 'NONE',  ( 717.8909502912642893, 927.4712602185200012, 1331.339824274038619 ) ) ;
#1568 = CARTESIAN_POINT ( 'NONE',  ( 721.1819144538817454, 933.1870462975480223, 1336.160054224189935 ) ) ;
#1569 = FACE_OUTER_BOUND ( 'NONE', #2078, .T. ) ;
#1570 = DIRECTION ( 'NONE',  ( -0.5212750289935843551, 0.6204890829809658337, -0.5858887625216735451 ) ) ;
#1571 = CARTESIAN_POINT ( 'NONE',  ( 720.7636265862601022, 937.1470817197487122, 1343.338788120221579 ) ) ;
#1572 = CIRCLE ( 'NONE', #882, 2.500000000000007994 ) ;
#1573 = EDGE_LOOP ( 'NONE', ( #673, #1245, #1700, #239 ) ) ;
#1574 = CIRCLE ( 'NONE', #1647, 3.999999999999961364 ) ;
#1575 = AXIS2_PLACEMENT_3D ( 'NONE', #2133, #1628, #585 ) ;
#1576 = ORIENTED_EDGE ( 'NONE', *, *, #1715, .F. ) ;
#1577 = ADVANCED_FACE ( 'NONE', ( #1527 ), #1892, .F. ) ;
#1578 = CARTESIAN_POINT ( 'NONE',  ( 721.2829762792397332, 929.6783365060483675, 1326.118247040962615 ) ) ;
#1579 = AXIS2_PLACEMENT_3D ( 'NONE', #415, #237, #1646 ) ;
#1580 = CARTESIAN_POINT ( 'NONE',  ( 721.4832399690806142, 919.6111862210232175, 1330.060296382771639 ) ) ;
#1581 = AXIS2_PLACEMENT_3D ( 'NONE', #1707, #271, #2099 ) ;
#1582 = EDGE_CURVE ( 'NONE', #2201, #1299, #1124, .T. ) ;
#1583 = LINE ( 'NONE', #2295, #437 ) ;
#1584 = FACE_OUTER_BOUND ( 'NONE', #1999, .T. ) ;
#1585 = CARTESIAN_POINT ( 'NONE',  ( 720.9847490395802652, 933.0882209435844743, 1334.990513511197378 ) ) ;
#1586 = PERSON_AND_ORGANIZATION ( #146, #473 ) ;
#1587 = LINE ( 'NONE', #1383, #1982 ) ;
#1588 = ORIENTED_EDGE ( 'NONE', *, *, #1945, .F. ) ;
#1589 = ORIENTED_EDGE ( 'NONE', *, *, #1509, .F. ) ;
#1590 = CARTESIAN_POINT ( 'NONE',  ( 721.9799448158775022, 929.7585091197022393, 1327.078986864554736 ) ) ;
#1591 = VERTEX_POINT ( 'NONE', #1817 ) ;
#1592 = ADVANCED_FACE ( 'NONE', ( #1541 ), #1458, .T. ) ;
#1593 = DIRECTION ( 'NONE',  ( -0.07317157541021351852, 0.6515180314347910340, 0.7550961364404682463 ) ) ;
#1594 = CARTESIAN_POINT ( 'NONE',  ( 717.6714355650336756, 929.4258143128241727, 1333.605112683360403 ) ) ;
#1595 = EDGE_CURVE ( 'NONE', #445, #436, #1935, .T. ) ;
#1596 = CARTESIAN_POINT ( 'NONE',  ( 715.8058501752897200, 929.9532165504438126, 1328.996269223952140 ) ) ;
#1597 = CARTESIAN_POINT ( 'NONE',  ( 721.0186564249472667, 934.8943740105437428, 1340.515464455090296 ) ) ;
#1598 = CARTESIAN_POINT ( 'NONE',  ( 716.9616712835546650, 935.7455392177417934, 1340.929545206832699 ) ) ;
#1599 = ORIENTED_EDGE ( 'NONE', *, *, #1945, .T. ) ;
#1600 = VERTEX_POINT ( 'NONE', #1357 ) ;
#1601 = CARTESIAN_POINT ( 'NONE',  ( 720.6663705312682850, 928.5560236324881771, 1327.989234771365091 ) ) ;
#1602 = VERTEX_POINT ( 'NONE', #635 ) ;
#1603 = CARTESIAN_POINT ( 'NONE',  ( 718.1360750688885446, 925.2886748132135608, 1328.810252216963136 ) ) ;
#1604 = CARTESIAN_POINT ( 'NONE',  ( 723.3893907222712869, 930.6033733116439635, 1336.613440179259442 ) ) ;
#1605 = CARTESIAN_POINT ( 'NONE',  ( 722.7581069177465452, 933.8803199735287990, 1334.478913209810798 ) ) ;
#1606 = CARTESIAN_POINT ( 'NONE',  ( 716.7421565573239377, 937.7000933120461923, 1343.194833616153801 ) ) ;
#1607 = EDGE_CURVE ( 'NONE', #727, #377, #2083, .T. ) ;
#1608 = COORDINATED_UNIVERSAL_TIME_OFFSET ( 5, 0, .BEHIND. ) ;
#1609 = CARTESIAN_POINT ( 'NONE',  ( 722.3268581631396046, 936.3362989722164684, 1344.912731451489435 ) ) ;
#1610 = ORIENTED_EDGE ( 'NONE', *, *, #1861, .T. ) ;
#1611 = PRODUCT_DEFINITION_SHAPE ( 'NONE', 'NONE',  #134 ) ;
#1612 = CARTESIAN_POINT ( 'NONE',  ( 723.5364875438754098, 928.4370076876653002, 1334.709314506362489 ) ) ;
#1613 = CARTESIAN_POINT ( 'NONE',  ( 717.6150213607077148, 937.5678955828594781, 1345.521162799679814 ) ) ;
#1614 = EDGE_LOOP ( 'NONE', ( #653, #817, #632, #1314 ) ) ;
#1615 = DIRECTION ( 'NONE',  ( 0.07317157541021351852, -0.6515180314347910340, -0.7550961364404682463 ) ) ;
#1616 = VECTOR ( 'NONE', #2081, 1000.000000000000114 ) ;
#1617 = CARTESIAN_POINT ( 'NONE',  ( 721.7621466006620494, 929.0641436175639001, 1332.599086851693528 ) ) ;
#1618 = CIRCLE ( 'NONE', #553, 5.999999999999956479 ) ;
#1619 = DIRECTION ( 'NONE',  ( 0.5212750289935843551, -0.6204890829809658337, 0.5858887625216735451 ) ) ;
#1620 = LINE ( 'NONE', #2146, #2286 ) ;
#1621 = DIRECTION ( 'NONE',  ( 0.9307836004181070377, -0.2272990577520009881, 0.2863163067967984254 ) ) ;
#1622 = DIRECTION ( 'NONE',  ( 0.07317157541021457323, -0.6515180314347913670, -0.7550961364404678022 ) ) ;
#1623 = CARTESIAN_POINT ( 'NONE',  ( 722.0265889628533387, 927.3167795663259767, 1323.905974300417938 ) ) ;
#1624 = ORIENTED_EDGE ( 'NONE', *, *, #1557, .T. ) ;
#1625 = CARTESIAN_POINT ( 'NONE',  ( 716.9616712835546650, 935.7455392177417934, 1340.929545206832699 ) ) ;
#1626 = DIRECTION ( 'NONE',  ( -0.07317157541021351852, 0.6515180314347910340, 0.7550961364404682463 ) ) ;
#1627 = CARTESIAN_POINT ( 'NONE',  ( 721.2975070966073190, 933.2012831187240636, 1337.393947316792264 ) ) ;
#1628 = DIRECTION ( 'NONE',  ( -0.07317157541021340750, 0.6515180314347909230, 0.7550961364404682463 ) ) ;
#1629 = B_SPLINE_SURFACE_WITH_KNOTS ( 'NONE', 1, 3, ( 
 ( #819, #2228, #645, #116, #1890, #300 ),
 ( #1017, #2123, #1028, #1900, #171, #1741 ) ),
 .UNSPECIFIED., .F., .F., .F.,
 ( 2, 2 ),
 ( 4, 2, 4 ),
 ( 0.000000000000000000, 1.000000000000000000 ),
 ( 0.000000000000000000, 0.5000000000000000000, 1.000000000000000000 ),
 .UNSPECIFIED. ) ;
#1630 = DIRECTION ( 'NONE',  ( 0.07317157541021351852, -0.6515180314347910340, -0.7550961364404682463 ) ) ;
#1631 = EDGE_CURVE ( 'NONE', #507, #1299, #1862, .T. ) ;
#1632 = ORIENTED_EDGE ( 'NONE', *, *, #292, .T. ) ;
#1633 = FACE_OUTER_BOUND ( 'NONE', #302, .T. ) ;
#1634 = FACE_OUTER_BOUND ( 'NONE', #1745, .T. ) ;
#1635 = ADVANCED_FACE ( 'NONE', ( #1634 ), #2229, .F. ) ;
#1636 = ORIENTED_EDGE ( 'NONE', *, *, #261, .T. ) ;
#1637 = DIRECTION ( 'NONE',  ( -0.07317157541021351852, 0.6515180314347910340, 0.7550961364404682463 ) ) ;
#1638 = FACE_OUTER_BOUND ( 'NONE', #2063, .T. ) ;
#1639 = CARTESIAN_POINT ( 'NONE',  ( 723.0045603490793837, 934.8479997404450614, 1340.747918818760127 ) ) ;
#1640 = CARTESIAN_POINT ( 'NONE',  ( 722.6356147682433857, 928.2135526734601854, 1335.132132984663031 ) ) ;
#1641 = DIRECTION ( 'NONE',  ( -0.5846387018185597029, -0.4107618658881254103, -0.6996229540745606545 ) ) ;
#1642 = ORIENTED_EDGE ( 'NONE', *, *, #79, .F. ) ;
#1643 = CARTESIAN_POINT ( 'NONE',  ( 718.3555897951192719, 923.3341207189090483, 1326.544963807641807 ) ) ;
#1644 = EDGE_LOOP ( 'NONE', ( #155, #859, #2116, #1086, #1513, #59, #1826, #1368, #1471, #1052, #213, #2182 ) ) ;
#1645 = CARTESIAN_POINT ( 'NONE',  ( 716.9616712835546650, 935.7455392177417934, 1340.929545206832699 ) ) ;
#1646 = DIRECTION ( 'NONE',  ( -0.8731305266870464932, 0.3240394544517400388, -0.3641998288382619076 ) ) ;
#1647 = AXIS2_PLACEMENT_3D ( 'NONE', #1645, #1305, #2009 ) ;
#1648 = CARTESIAN_POINT ( 'NONE',  ( 719.8698067312853937, 933.9771588141603615, 1346.710166191284088 ) ) ;
#1649 = VECTOR ( 'NONE', #2064, 999.9999999999998863 ) ;
#1650 = EDGE_LOOP ( 'NONE', ( #2244, #1482, #993, #1781 ) ) ;
#1651 = CARTESIAN_POINT ( 'NONE',  ( 718.7494899513469591, 933.9459083552268339, 1329.809516737005197 ) ) ;
#1652 = AXIS2_PLACEMENT_3D ( 'NONE', #756, #731, #1265 ) ;
#1653 = DIRECTION ( 'NONE',  ( 0.07317157541021457323, -0.6515180314347913670, -0.7550961364404678022 ) ) ;
#1654 = CARTESIAN_POINT ( 'NONE',  ( 723.2195918869653042, 932.9130947428747049, 1338.817701840388509 ) ) ;
#1655 = VERTEX_POINT ( 'NONE', #1711 ) ;
#1656 = PLANE ( 'NONE',  #546 ) ;
#1657 = CARTESIAN_POINT ( 'NONE',  ( 722.0556835351077325, 926.5815429090671387, 1329.997538947074190 ) ) ;
#1658 = B_SPLINE_CURVE_WITH_KNOTS ( 'NONE', 3,
 ( #2156, #573, #1975, #1671, #1847, #1140 ),
 .UNSPECIFIED., .F., .F.,
 ( 4, 2, 4 ),
 ( 0.000000000000000000, 0.5000000000000000000, 1.000000000000000000 ),
 .UNSPECIFIED. ) ;
#1659 = EDGE_CURVE ( 'NONE', #764, #1737, #311, .T. ) ;
#1660 = CARTESIAN_POINT ( 'NONE',  ( 717.6714355650336756, 929.4258143128241727, 1333.605112683360403 ) ) ;
#1661 = ORIENTED_EDGE ( 'NONE', *, *, #1460, .T. ) ;
#1662 = CARTESIAN_POINT ( 'NONE',  ( 720.4652909612009353, 936.7908970854932704, 1344.340098839711345 ) ) ;
#1663 = EDGE_CURVE ( 'NONE', #436, #1591, #362, .T. ) ;
#1664 = CARTESIAN_POINT ( 'NONE',  ( 759.6649659101136649, 906.9349524812979553, 1323.053527612460130 ) ) ;
#1665 = ORIENTED_EDGE ( 'NONE', *, *, #1801, .T. ) ;
#1666 = CARTESIAN_POINT ( 'NONE',  ( 723.6039795159593950, 930.8921115884198798, 1334.837768203531368 ) ) ;
#1667 = ORIENTED_EDGE ( 'NONE', *, *, #1557, .F. ) ;
#1668 = B_SPLINE_CURVE_WITH_KNOTS ( 'NONE', 3,
 ( #313, #1923, #1558, #335, #154, #1915 ),
 .UNSPECIFIED., .F., .F.,
 ( 4, 2, 4 ),
 ( 0.000000000000000000, 0.5000000000000000000, 1.000000000000000000 ),
 .UNSPECIFIED. ) ;
#1669 =( LENGTH_UNIT ( ) NAMED_UNIT ( * ) SI_UNIT ( .MILLI., .METRE. ) );
#1670 = PLANE ( 'NONE',  #886 ) ;
#1671 = CARTESIAN_POINT ( 'NONE',  ( 721.1175860916173406, 928.7921486914639218, 1329.064927852663004 ) ) ;
#1672 = EDGE_CURVE ( 'NONE', #263, #337, #2259, .T. ) ;
#1673 = ORIENTED_EDGE ( 'NONE', *, *, #2281, .T. ) ;
#1674 = CARTESIAN_POINT ( 'NONE',  ( 718.1748480577509781, 940.5952185768821892, 1340.835671738386509 ) ) ;
#1675 = EDGE_CURVE ( 'NONE', #786, #495, #805, .T. ) ;
#1676 = DIRECTION ( 'NONE',  ( 0.07317157541021568345, -0.6515180314347935875, -0.7550961364404659149 ) ) ;
#1677 = DIRECTION ( 'NONE',  ( -0.07317157541021351852, 0.6515180314347910340, 0.7550961364404682463 ) ) ;
#1678 = ORIENTED_EDGE ( 'NONE', *, *, #1315, .F. ) ;
#1679 = CARTESIAN_POINT ( 'NONE',  ( 718.2848504444732498, 938.0830478551130227, 1334.604377202872229 ) ) ;
#1680 = ORIENTED_EDGE ( 'NONE', *, *, #1081, .F. ) ;
#1681 = CARTESIAN_POINT ( 'NONE',  ( 760.3799464009911162, 905.7572386371275570, 1318.841637506996449 ) ) ;
#1682 = CARTESIAN_POINT ( 'NONE',  ( 718.3555897951192719, 923.3341207189090483, 1326.544963807641807 ) ) ;
#1683 = EDGE_LOOP ( 'NONE', ( #487, #2142, #1148, #1182 ) ) ;
#1684 = LINE ( 'NONE', #115, #1251 ) ;
#1685 = PLANE ( 'NONE',  #665 ) ;
#1686 = AXIS2_PLACEMENT_3D ( 'NONE', #597, #544, #907 ) ;
#1687 = DIRECTION ( 'NONE',  ( 0.8731305266870593718, -0.3240394544517291031, 0.3641998288382410354 ) ) ;
#1688 = EDGE_LOOP ( 'NONE', ( #895, #647, #1957, #1703, #729, #1360, #917, #1019, #2242, #1304, #2230, #1054 ) ) ;
#1689 = ADVANCED_FACE ( 'NONE', ( #2218 ), #493, .T. ) ;
#1690 = AXIS2_PLACEMENT_3D ( 'NONE', #135, #652, #297 ) ;
#1691 = CARTESIAN_POINT ( 'NONE',  ( 716.7421565573239377, 937.7000933120461923, 1343.194833616153801 ) ) ;
#1692 = ORIENTED_EDGE ( 'NONE', *, *, #1659, .F. ) ;
#1693 = EDGE_CURVE ( 'NONE', #950, #1858, #2044, .T. ) ;
#1694 = CARTESIAN_POINT ( 'NONE',  ( 720.5201095347696310, 937.2253604445309065, 1339.785373976350002 ) ) ;
#1695 = CARTESIAN_POINT ( 'NONE',  ( 719.5514618220283865, 912.6861035831326490, 1314.204128693270377 ) ) ;
#1696 = ORIENTED_EDGE ( 'NONE', *, *, #908, .F. ) ;
#1697 = CARTESIAN_POINT ( 'NONE',  ( 721.5153053097131988, 933.8956486207368926, 1331.873847329499768 ) ) ;
#1698 = CARTESIAN_POINT ( 'NONE',  ( 721.1473356961530499, 908.5288087499404810, 1312.648466053811717 ) ) ;
#1699 = CARTESIAN_POINT ( 'NONE',  ( 717.4263107874096477, 931.6083997181310679, 1336.134684740435887 ) ) ;
#1700 = ORIENTED_EDGE ( 'NONE', *, *, #2085, .T. ) ;
#1701 = CARTESIAN_POINT ( 'NONE',  ( 720.3759919954751467, 937.9448738089522521, 1335.682101844884755 ) ) ;
#1702 = EDGE_CURVE ( 'NONE', #1947, #1484, #196, .T. ) ;
#1703 = ORIENTED_EDGE ( 'NONE', *, *, #750, .F. ) ;
#1704 = DIRECTION ( 'NONE',  ( 1.000000000000000000, 0.000000000000000000, 0.000000000000000000 ) ) ;
#1705 = EDGE_CURVE ( 'NONE', #73, #294, #679, .T. ) ;
#1706 = CARTESIAN_POINT ( 'NONE',  ( 719.7891950699456629, 935.8989572589588306, 1332.661835203499322 ) ) ;
#1707 = CARTESIAN_POINT ( 'NONE',  ( 717.4263107874096477, 931.6083997181310679, 1336.134684740435887 ) ) ;
#1708 = ORIENTED_EDGE ( 'NONE', *, *, #1895, .T. ) ;
#1709 = CARTESIAN_POINT ( 'NONE',  ( 721.4832959286105734, 930.7572345093772128, 1335.720603990016798 ) ) ;
#1710 = CARTESIAN_POINT ( 'NONE',  ( 720.7405243656045286, 937.9730169310787460, 1336.166521364491246 ) ) ;
#1711 = CARTESIAN_POINT ( 'NONE',  ( 721.5875534050676379, 911.6912207567187352, 1315.259846092569433 ) ) ;
#1712 = ORIENTED_EDGE ( 'NONE', *, *, #1022, .T. ) ;
#1713 = CARTESIAN_POINT ( 'NONE',  ( 717.9254989833748368, 936.5763498408870191, 1335.869575851834043 ) ) ;
#1714 = ORIENTED_EDGE ( 'NONE', *, *, #1438, .T. ) ;
#1715 = EDGE_CURVE ( 'NONE', #2040, #2289, #117, .T. ) ;
#1716 = CARTESIAN_POINT ( 'NONE',  ( 717.8909502912642893, 927.4712602185200012, 1331.339824274038619 ) ) ;
#1717 = VERTEX_POINT ( 'NONE', #182 ) ;
#1718 = DIRECTION ( 'NONE',  ( 0.9307836009692531665, -0.2272990566382839250, 0.2863163058892321255 ) ) ;
#1719 = CARTESIAN_POINT ( 'NONE',  ( 717.7379089087214652, 943.2987633597496142, 1351.002906785515961 ) ) ;
#1720 = CARTESIAN_POINT ( 'NONE',  ( 721.1819144538817454, 933.1870462975480223, 1336.160054224189935 ) ) ;
#1721 = VERTEX_POINT ( 'NONE', #354 ) ;
#1722 = B_SPLINE_CURVE_WITH_KNOTS ( 'NONE', 1,
 ( #90, #1860 ),
 .UNSPECIFIED., .F., .F.,
 ( 2, 2 ),
 ( 0.000000000000000000, 1.000000000000000000 ),
 .UNSPECIFIED. ) ;
#1723 = AXIS2_PLACEMENT_3D ( 'NONE', #1716, #296, #132 ) ;
#1724 = FACE_OUTER_BOUND ( 'NONE', #1077, .T. ) ;
#1725 = ORIENTED_EDGE ( 'NONE', *, *, #1120, .F. ) ;
#1726 = AXIS2_PLACEMENT_3D ( 'NONE', #640, #2022, #606 ) ;
#1727 = APPLICATION_PROTOCOL_DEFINITION ( 'international standard', 'config_control_design', 1994, #2042 ) ;
#1728 = LINE ( 'NONE', #1386, #2256 ) ;
#1729 = ORIENTED_EDGE ( 'NONE', *, *, #161, .T. ) ;
#1730 = B_SPLINE_CURVE_WITH_KNOTS ( 'NONE', 3,
 ( #1965, #22, #1640, #1785 ),
 .UNSPECIFIED., .F., .F.,
 ( 4, 4 ),
 ( 0.000000000000000000, 1.000000000000000000 ),
 .UNSPECIFIED. ) ;
#1731 = CARTESIAN_POINT ( 'NONE',  ( 714.5394986896451428, 941.2287811724476114, 1342.064419100801842 ) ) ;
#1732 = CARTESIAN_POINT ( 'NONE',  ( 722.6106420310269414, 935.4712737960218192, 1336.284733759110395 ) ) ;
#1733 = ADVANCED_FACE ( 'NONE', ( #1569 ), #1276, .T. ) ;
#1734 = CARTESIAN_POINT ( 'NONE',  ( 721.4971053282213234, 926.2859924983066549, 1326.311386991813833 ) ) ;
#1735 = ORIENTED_EDGE ( 'NONE', *, *, #1801, .F. ) ;
#1736 = CARTESIAN_POINT ( 'NONE',  ( 722.6072085377766143, 936.7112866916560279, 1344.299035435077030 ) ) ;
#1737 = VERTEX_POINT ( 'NONE', #2122 ) ;
#1738 = CYLINDRICAL_SURFACE ( 'NONE', #1990, 2.500000000000007994 ) ;
#1739 = DIRECTION ( 'NONE',  ( 0.07317157541021351852, -0.6515180314347910340, -0.7550961364404682463 ) ) ;
#1740 = CARTESIAN_POINT ( 'NONE',  ( 719.8441481236691288, 910.0800314573929199, 1311.183744147507923 ) ) ;
#1741 = CARTESIAN_POINT ( 'NONE',  ( 720.6812577011072563, 930.2388925431439475, 1330.259271463137566 ) ) ;
#1742 = EDGE_CURVE ( 'NONE', #861, #2232, #595, .T. ) ;
#1743 = CARTESIAN_POINT ( 'NONE',  ( 717.6714355650336756, 929.4258143128241727, 1333.605112683360403 ) ) ;
#1744 = VERTEX_POINT ( 'NONE', #1401 ) ;
#1745 = EDGE_LOOP ( 'NONE', ( #661, #1661, #1459, #1576 ) ) ;
#1746 = CARTESIAN_POINT ( 'NONE',  ( 719.5753480409142639, 935.9510876146854343, 1332.595941924665340 ) ) ;
#1747 = ORIENTED_EDGE ( 'NONE', *, *, #811, .T. ) ;
#1748 = CARTESIAN_POINT ( 'NONE',  ( 722.5463728893701045, 934.3817448779121833, 1342.647443042168106 ) ) ;
#1749 = CARTESIAN_POINT ( 'NONE',  ( 720.2017310258736416, 932.6931631330481878, 1332.784095236794201 ) ) ;
#1750 = CARTESIAN_POINT ( 'NONE',  ( 722.1050606359567610, 931.3676166183995520, 1329.423348521321714 ) ) ;
#1751 = B_SPLINE_CURVE_WITH_KNOTS ( 'NONE', 3,
 ( #574, #1277, #769, #36, #381, #1954 ),
 .UNSPECIFIED., .F., .F.,
 ( 4, 2, 4 ),
 ( 0.000000000000000000, 0.5000000000000000000, 1.000000000000000000 ),
 .UNSPECIFIED. ) ;
#1752 = CARTESIAN_POINT ( 'NONE',  ( 723.9338393562151168, 926.5737207365559698, 1331.158197889937583 ) ) ;
#1753 = AXIS2_PLACEMENT_3D ( 'NONE', #1660, #618, #767 ) ;
#1754 = VECTOR ( 'NONE', #1622, 1000.000000000000227 ) ;
#1755 = EDGE_CURVE ( 'NONE', #1717, #996, #1037, .T. ) ;
#1756 = ORIENTED_EDGE ( 'NONE', *, *, #2281, .F. ) ;
#1757 = VECTOR ( 'NONE', #2000, 1000.000000000000114 ) ;
#1758 = CIRCLE ( 'NONE', #514, 2.499999999999964029 ) ;
#1759 = ORIENTED_EDGE ( 'NONE', *, *, #1742, .F. ) ;
#1760 = CARTESIAN_POINT ( 'NONE',  ( 720.5046270543529090, 927.6768086140644982, 1323.006220993633633 ) ) ;
#1761 = VERTEX_POINT ( 'NONE', #1964 ) ;
#1762 = CARTESIAN_POINT ( 'NONE',  ( 723.2561371686446137, 928.0620199685396301, 1335.323010522325831 ) ) ;
#1763 = VECTOR ( 'NONE', #467, 999.9999999999998863 ) ;
#1764 = CARTESIAN_POINT ( 'NONE',  ( 718.1360750688885446, 925.2886748132135608, 1328.810252216963136 ) ) ;
#1765 = CARTESIAN_POINT ( 'NONE',  ( 723.4243122419460406, 929.6756735875339928, 1330.379667965971294 ) ) ;
#1766 = CARTESIAN_POINT ( 'NONE',  ( 720.2282198085620166, 914.6318271964278210, 1307.293545631883717 ) ) ;
#1767 = DIRECTION ( 'NONE',  ( 0.9724348868587991968, -0.1214673187592747866, 0.1990378890898586994 ) ) ;
#1768 = EDGE_LOOP ( 'NONE', ( #782, #982, #2098, #1589 ) ) ;
#1769 = EDGE_CURVE ( 'NONE', #2291, #1822, #1824, .T. ) ;
#1770 = VERTEX_POINT ( 'NONE', #1596 ) ;
#1771 = CARTESIAN_POINT ( 'NONE',  ( 720.4838249510864898, 928.4138638906759979, 1327.538003625192687 ) ) ;
#1772 = ORIENTED_EDGE ( 'NONE', *, *, #421, .F. ) ;
#1773 = ADVANCED_FACE ( 'NONE', ( #1584 ), #2100, .T. ) ;
#1774 = CARTESIAN_POINT ( 'NONE',  ( 718.8590022897458311, 934.5035249825007213, 1333.775522863255446 ) ) ;
#1775 = CARTESIAN_POINT ( 'NONE',  ( 722.9596760677235352, 933.8128107995030405, 1335.174546766934782 ) ) ;
#1776 = CARTESIAN_POINT ( 'NONE',  ( 721.6404211299523013, 935.5047561195705157, 1334.218208986164200 ) ) ;
#1777 = CARTESIAN_POINT ( 'NONE',  ( 722.3268581631396046, 936.3362989722164684, 1344.912731451489435 ) ) ;
#1778 = ORIENTED_EDGE ( 'NONE', *, *, #892, .T. ) ;
#1779 = VERTEX_POINT ( 'NONE', #369 ) ;
#1780 = CARTESIAN_POINT ( 'NONE',  ( 719.2141294582206683, 929.8087688553409862, 1325.014656271138165 ) ) ;
#1781 = ORIENTED_EDGE ( 'NONE', *, *, #842, .F. ) ;
#1782 = DIRECTION ( 'NONE',  ( -0.8731305266870632575, 0.3240394544517275488, -0.3641998288382332638 ) ) ;
#1783 = DIRECTION ( 'NONE',  ( -0.8731305266870632575, 0.3240394544517275488, -0.3641998288382332638 ) ) ;
#1784 = CARTESIAN_POINT ( 'NONE',  ( 723.7084430274267106, 926.3046892292829853, 1332.457513595533328 ) ) ;
#1785 = CARTESIAN_POINT ( 'NONE',  ( 723.2561371686446137, 928.0620199685396301, 1335.323010522325831 ) ) ;
#1786 = CALENDAR_DATE ( 2026, 27, 4 ) ;
#1787 = DIRECTION ( 'NONE',  ( 0.8731305266870569293, -0.3240394544517310460, 0.3641998288382453097 ) ) ;
#1788 = ORIENTED_EDGE ( 'NONE', *, *, #908, .T. ) ;
#1789 = AXIS2_PLACEMENT_3D ( 'NONE', #846, #995, #2205 ) ;
#1790 = ORIENTED_EDGE ( 'NONE', *, *, #838, .T. ) ;
#1791 = CARTESIAN_POINT ( 'NONE',  ( 720.3554833001177258, 929.7084539696138563, 1325.366487685256061 ) ) ;
#1792 = ORIENTED_EDGE ( 'NONE', *, *, #610, .F. ) ;
#1793 = AXIS2_PLACEMENT_3D ( 'NONE', #167, #1593, #883 ) ;
#1794 = AXIS2_PLACEMENT_3D ( 'NONE', #1515, #2015, #1334 ) ;
#1795 = CARTESIAN_POINT ( 'NONE',  ( 720.5201095347696310, 937.2253604445309065, 1339.785373976350002 ) ) ;
#1796 = AXIS2_PLACEMENT_3D ( 'NONE', #2130, #404, #1783 ) ;
#1797 = LINE ( 'NONE', #2144, #64 ) ;
#1798 = CARTESIAN_POINT ( 'NONE',  ( 713.4969486316582561, 942.4697593384095171, 1340.892641575758489 ) ) ;
#1799 = ADVANCED_FACE ( 'NONE', ( #1083 ), #565, .T. ) ;
#1800 = CARTESIAN_POINT ( 'NONE',  ( 714.5437853910722197, 933.1487488107102308, 1330.089780108230116 ) ) ;
#1801 = EDGE_CURVE ( 'NONE', #1956, #445, #1658, .T. ) ;
#1802 = EDGE_CURVE ( 'NONE', #294, #786, #1952, .T. ) ;
#1803 = CARTESIAN_POINT ( 'NONE',  ( 719.8441481236691288, 910.0800314573929199, 1311.183744147507923 ) ) ;
#1804 = EDGE_LOOP ( 'NONE', ( #1533, #2293, #1673, #2279 ) ) ;
#1805 = DIRECTION ( 'NONE',  ( 0.07317157541021351852, -0.6515180314347910340, -0.7550961364404682463 ) ) ;
#1806 = CARTESIAN_POINT ( 'NONE',  ( 720.0728110040479351, 926.1599458876099789, 1324.273549548910296 ) ) ;
#1807 = VERTEX_POINT ( 'NONE', #2200 ) ;
#1808 = CARTESIAN_POINT ( 'NONE',  ( 722.1050606359567610, 931.3676166183995520, 1329.423348521321714 ) ) ;
#1809 = DIRECTION ( 'NONE',  ( 0.07317157541021457323, -0.6515180314347913670, -0.7550961364404678022 ) ) ;
#1810 = LINE ( 'NONE', #1284, #962 ) ;
#1811 = CARTESIAN_POINT ( 'NONE',  ( 721.2282660898631548, 933.0099422185683125, 1338.543927654991194 ) ) ;
#1812 = EDGE_CURVE ( 'NONE', #2272, #2222, #1810, .T. ) ;
#1813 = CARTESIAN_POINT ( 'NONE',  ( 716.6245988056199394, 938.7468248405236864, 1344.407974150888322 ) ) ;
#1814 = ORIENTED_EDGE ( 'NONE', *, *, #2235, .F. ) ;
#1815 = ADVANCED_FACE ( 'NONE', ( #262 ), #23, .T. ) ;
#1816 = CARTESIAN_POINT ( 'NONE',  ( 721.6465539583394957, 929.0499067964815367, 1331.365193759107797 ) ) ;
#1817 = CARTESIAN_POINT ( 'NONE',  ( 719.2141294582206683, 929.8087688553409862, 1325.014656271138165 ) ) ;
#1818 = EDGE_LOOP ( 'NONE', ( #1547, #612, #1195, #298 ) ) ;
#1819 = LINE ( 'NONE', #214, #625 ) ;
#1820 = CARTESIAN_POINT ( 'NONE',  ( 718.7096989215939402, 936.2648685085998750, 1346.751529200975256 ) ) ;
#1821 = CARTESIAN_POINT ( 'NONE',  ( 720.6848056874317763, 934.8363429911887579, 1342.074810430389789 ) ) ;
#1822 = VERTEX_POINT ( 'NONE', #238 ) ;
#1823 = LINE ( 'NONE', #2157, #358 ) ;
#1824 = B_SPLINE_CURVE_WITH_KNOTS ( 'NONE', 3,
 ( #1750, #1072, #389, #2112, #887, #1432 ),
 .UNSPECIFIED., .F., .F.,
 ( 4, 2, 4 ),
 ( 0.000000000000000000, 0.5000000000000000000, 1.000000000000000000 ),
 .UNSPECIFIED. ) ;
#1825 = DIRECTION ( 'NONE',  ( -0.07317157541021351852, 0.6515180314347910340, 0.7550961364404682463 ) ) ;
#1826 = ORIENTED_EDGE ( 'NONE', *, *, #2267, .T. ) ;
#1827 = CYLINDRICAL_SURFACE ( 'NONE', #1142, 6.000000000000048850 ) ;
#1828 = EDGE_CURVE ( 'NONE', #290, #1210, #621, .T. ) ;
#1829 = ORIENTED_EDGE ( 'NONE', *, *, #1374, .T. ) ;
#1830 = CARTESIAN_POINT ( 'NONE',  ( 721.7616264386130069, 938.0830180293744434, 1337.929966650264987 ) ) ;
#1831 = CARTESIAN_POINT ( 'NONE',  ( 721.1458972063952615, 926.1017530424928736, 1325.464410997776895 ) ) ;
#1832 = VECTOR ( 'NONE', #730, 1000.000000000000114 ) ;
#1833 = CIRCLE ( 'NONE', #2020, 2.500000000000007994 ) ;
#1834 = B_SPLINE_CURVE_WITH_KNOTS ( 'NONE', 3,
 ( #96, #112, #249, #1330 ),
 .UNSPECIFIED., .F., .F.,
 ( 4, 4 ),
 ( 0.000000000000000000, 1.000000000000000000 ),
 .UNSPECIFIED. ) ;
#1835 = CARTESIAN_POINT ( 'NONE',  ( 716.6245988056199394, 938.7468248405236864, 1344.407974150888322 ) ) ;
#1836 = ORIENTED_EDGE ( 'NONE', *, *, #464, .F. ) ;
#1837 = CARTESIAN_POINT ( 'NONE',  ( 716.6245988056199394, 938.7468248405236864, 1344.407974150888322 ) ) ;
#1838 = VECTOR ( 'NONE', #166, 1000.000000000000114 ) ;
#1839 = AXIS2_PLACEMENT_3D ( 'NONE', #1682, #986, #1535 ) ;
#1840 = DIRECTION ( 'NONE',  ( -0.07317157541021351852, 0.6515180314347910340, 0.7550961364404682463 ) ) ;
#1841 = VERTEX_POINT ( 'NONE', #1648 ) ;
#1842 = ORIENTED_EDGE ( 'NONE', *, *, #964, .T. ) ;
#1843 = ORIENTED_EDGE ( 'NONE', *, *, #571, .T. ) ;
#1844 = CARTESIAN_POINT ( 'NONE',  ( 722.7549523834895808, 937.0502342447971387, 1343.612562304993617 ) ) ;
#1845 = MANIFOLD_SOLID_BREP ( 'Mirror1', #471 ) ;
#1846 = EDGE_CURVE ( 'NONE', #1484, #318, #1917, .T. ) ;
#1847 = CARTESIAN_POINT ( 'NONE',  ( 720.9088268900572984, 928.6894878152564843, 1328.515435575897072 ) ) ;
#1848 = ORIENTED_EDGE ( 'NONE', *, *, #2132, .F. ) ;
#1849 = CARTESIAN_POINT ( 'NONE',  ( 720.8183367728570374, 933.8154760067531015, 1330.913107506191182 ) ) ;
#1850 = DIRECTION ( 'NONE',  ( -0.9724348868587965322, 0.1214673187592858472, -0.1990378890898658326 ) ) ;
#1851 = ORIENTED_EDGE ( 'NONE', *, *, #571, .F. ) ;
#1852 = B_SPLINE_CURVE_WITH_KNOTS ( 'NONE', 3,
 ( #781, #1476, #2190, #607, #427, #1165 ),
 .UNSPECIFIED., .F., .F.,
 ( 4, 2, 4 ),
 ( 0.000000000000000000, 0.5000000000000000000, 1.000000000000000000 ),
 .UNSPECIFIED. ) ;
#1853 = CARTESIAN_POINT ( 'NONE',  ( 720.7616216683857147, 937.9563994618920333, 1336.150676175191848 ) ) ;
#1854 = ORIENTED_EDGE ( 'NONE', *, *, #1370, .F. ) ;
#1855 = PERSON_AND_ORGANIZATION_ROLE ( 'creator' ) ;
#1856 = DIRECTION ( 'NONE',  ( -0.07317157541021351852, 0.6515180314347910340, 0.7550961364404682463 ) ) ;
#1857 = DIRECTION ( 'NONE',  ( -0.07317157541021340750, 0.6515180314347909230, 0.7550961364404682463 ) ) ;
#1858 = VERTEX_POINT ( 'NONE', #967 ) ;
#1859 = LINE ( 'NONE', #644, #700 ) ;
#1860 = CARTESIAN_POINT ( 'NONE',  ( 723.4756518948752273, 926.1074658742354586, 1333.057722113004729 ) ) ;
#1861 = EDGE_CURVE ( 'NONE', #764, #198, #1307, .T. ) ;
#1862 = LINE ( 'NONE', #105, #814 ) ;
#1863 = ORIENTED_EDGE ( 'NONE', *, *, #1274, .F. ) ;
#1864 = B_SPLINE_CURVE_WITH_KNOTS ( 'NONE', 1,
 ( #219, #1085 ),
 .UNSPECIFIED., .F., .F.,
 ( 2, 2 ),
 ( 0.000000000000000000, 1.000000000000000000 ),
 .UNSPECIFIED. ) ;
#1865 = DIRECTION ( 'NONE',  ( -0.07317157541021351852, 0.6515180314347910340, 0.7550961364404682463 ) ) ;
#1866 = VERTEX_POINT ( 'NONE', #405 ) ;
#1867 = CALENDAR_DATE ( 2026, 27, 4 ) ;
#1868 = CARTESIAN_POINT ( 'NONE',  ( 720.6431086037711111, 937.2816728297361806, 1340.366546555074819 ) ) ;
#1869 = CARTESIAN_POINT ( 'NONE',  ( 719.2918961771531485, 931.0809974805113143, 1340.743528199844150 ) ) ;
#1870 = ORIENTED_EDGE ( 'NONE', *, *, #1861, .F. ) ;
#1871 = AXIS2_PLACEMENT_3D ( 'NONE', #1643, #2196, #2007 ) ;
#1872 = CARTESIAN_POINT ( 'NONE',  ( 721.8841359860203966, 926.6427890936570293, 1331.475322330864401 ) ) ;
#1873 = CIRCLE ( 'NONE', #1358, 6.000000000000039968 ) ;
#1874 = AXIS2_PLACEMENT_3D ( 'NONE', #88, #2013, #1320 ) ;
#1875 = EDGE_CURVE ( 'NONE', #445, #187, #308, .T. ) ;
#1876 = CARTESIAN_POINT ( 'NONE',  ( 720.5509873565599719, 913.8386807061340278, 1318.802499565801782 ) ) ;
#1877 = AXIS2_PLACEMENT_3D ( 'NONE', #1907, #1532, #879 ) ;
#1878 = CARTESIAN_POINT ( 'NONE',  ( 719.8441481236691288, 910.0800314573929199, 1311.183744147507923 ) ) ;
#1879 = ORIENTED_EDGE ( 'NONE', *, *, #538, .F. ) ;
#1880 = ADVANCED_FACE ( 'NONE', ( #1464 ), #1498, .T. ) ;
#1881 = AXIS2_PLACEMENT_3D ( 'NONE', #1909, #1512, #284 ) ;
#1882 = EDGE_CURVE ( 'NONE', #1744, #1010, #452, .T. ) ;
#1883 = CARTESIAN_POINT ( 'NONE',  ( 721.5716915178611544, 930.6828457292679104, 1333.849737224477849 ) ) ;
#1884 = ORIENTED_EDGE ( 'NONE', *, *, #580, .F. ) ;
#1885 = B_SPLINE_CURVE_WITH_KNOTS ( 'NONE', 3,
 ( #2172, #592, #1968, #961, #1293, #1997 ),
 .UNSPECIFIED., .F., .F.,
 ( 4, 2, 4 ),
 ( 0.000000000000000000, 0.5000000000000000000, 1.000000000000000000 ),
 .UNSPECIFIED. ) ;
#1886 = CARTESIAN_POINT ( 'NONE',  ( 717.4263107874094203, 931.6083997181310679, 1336.134684740435887 ) ) ;
#1887 = CARTESIAN_POINT ( 'NONE',  ( 717.9446122115920161, 916.9411261210387920, 1315.873055753193512 ) ) ;
#1888 = ORIENTED_EDGE ( 'NONE', *, *, #62, .T. ) ;
#1889 = LINE ( 'NONE', #1525, #1545 ) ;
#1890 = CARTESIAN_POINT ( 'NONE',  ( 721.8588859544083789, 931.3935993260906798, 1329.039130179778340 ) ) ;
#1891 = B_SPLINE_SURFACE_WITH_KNOTS ( 'NONE', 1, 3, ( 
 ( #503, #1910, #1038, #150, #2275, #1046 ),
 ( #1568, #691, #1389, #2101, #2110, #1920 ) ),
 .UNSPECIFIED., .F., .F., .F.,
 ( 2, 2 ),
 ( 4, 2, 4 ),
 ( 0.000000000000000000, 1.000000000000000000 ),
 ( 0.000000000000000000, 0.5000000000000000000, 1.000000000000000000 ),
 .UNSPECIFIED. ) ;
#1892 = PLANE ( 'NONE',  #2141 ) ;
#1893 = ORIENTED_EDGE ( 'NONE', *, *, #1812, .F. ) ;
#1894 = CARTESIAN_POINT ( 'NONE',  ( 723.4243155727530166, 929.6756712977850157, 1330.379686302469281 ) ) ;
#1895 = EDGE_CURVE ( 'NONE', #530, #507, #2167, .T. ) ;
#1896 = ORIENTED_EDGE ( 'NONE', *, *, #1534, .F. ) ;
#1897 = DATE_AND_TIME ( #2245, #355 ) ;
#1898 = LINE ( 'NONE', #317, #1838 ) ;
#1899 = CARTESIAN_POINT ( 'NONE',  ( 723.2438035244020966, 930.4418287311917766, 1337.252374060016109 ) ) ;
#1900 = CARTESIAN_POINT ( 'NONE',  ( 720.3301495480553740, 930.1987867942970070, 1329.664432025023416 ) ) ;
#1901 = DIRECTION ( 'NONE',  ( 0.07317157541021351852, -0.6515180314347910340, -0.7550961364404682463 ) ) ;
#1902 = ORIENTED_EDGE ( 'NONE', *, *, #1301, .F. ) ;
#1903 = CARTESIAN_POINT ( 'NONE',  ( 721.1264045271902887, 934.8558219114142958, 1339.587259877151610 ) ) ;
#1904 = ORIENTED_EDGE ( 'NONE', *, *, #1895, .F. ) ;
#1905 = PERSON_AND_ORGANIZATION ( #146, #473 ) ;
#1906 = ADVANCED_FACE ( 'NONE', ( #1118 ), #1980, .T. ) ;
#1907 = CARTESIAN_POINT ( 'NONE',  ( 717.6714355650336756, 929.4258143128241727, 1333.605112683360403 ) ) ;
#1908 = EDGE_LOOP ( 'NONE', ( #2126, #363, #1473, #2030 ) ) ;
#1909 = CARTESIAN_POINT ( 'NONE',  ( 717.6714355650336756, 929.4258143128241727, 1333.605112683360403 ) ) ;
#1910 = CARTESIAN_POINT ( 'NONE',  ( 722.9596727369167866, 933.8128130892520176, 1335.174528430436567 ) ) ;
#1911 = CARTESIAN_POINT ( 'NONE',  ( 721.1458972063952615, 926.1017530424928736, 1325.464410997776895 ) ) ;
#1912 = VECTOR ( 'NONE', #1168, 999.9999999999998863 ) ;
#1913 = ORIENTED_EDGE ( 'NONE', *, *, #333, .F. ) ;
#1914 = CIRCLE ( 'NONE', #550, 3.999999999999961364 ) ;
#1915 = CARTESIAN_POINT ( 'NONE',  ( 720.6812577011072563, 930.2388925431439475, 1330.259271463137566 ) ) ;
#1916 = EDGE_LOOP ( 'NONE', ( #1308, #636, #960, #824 ) ) ;
#1917 = CIRCLE ( 'NONE', #170, 6.000000000000039968 ) ;
#1918 = CARTESIAN_POINT ( 'NONE',  ( 722.7914976658920523, 932.1991594703781630, 1340.117870986907747 ) ) ;
#1919 = CARTESIAN_POINT ( 'NONE',  ( 720.5332628056224848, 922.4352313567504780, 1331.504579162412483 ) ) ;
#1920 = CARTESIAN_POINT ( 'NONE',  ( 720.2017310258736416, 932.6931631330481878, 1332.784095236794201 ) ) ;
#1921 = EDGE_CURVE ( 'NONE', #1015, #73, #1852, .T. ) ;
#1922 = CARTESIAN_POINT ( 'NONE',  ( 722.0556835351077325, 926.5815429090671387, 1329.997538947074190 ) ) ;
#1923 = CARTESIAN_POINT ( 'NONE',  ( 719.6081714984093196, 930.2970853877845911, 1329.068410014649771 ) ) ;
#1924 = B_SPLINE_CURVE_WITH_KNOTS ( 'NONE', 3,
 ( #78, #1872, #783, #793 ),
 .UNSPECIFIED., .F., .F.,
 ( 4, 4 ),
 ( 0.000000000000000000, 1.000000000000000000 ),
 .UNSPECIFIED. ) ;
#1925 = ORIENTED_EDGE ( 'NONE', *, *, #1607, .F. ) ;
#1926 = ORIENTED_EDGE ( 'NONE', *, *, #2018, .T. ) ;
#1927 = CARTESIAN_POINT ( 'NONE',  ( 720.3862390039303136, 935.7544717365072984, 1332.955643966110074 ) ) ;
#1928 = VERTEX_POINT ( 'NONE', #2225 ) ;
#1929 = CARTESIAN_POINT ( 'NONE',  ( 713.4969486316582561, 942.4697593384095171, 1340.892641575758489 ) ) ;
#1930 = CARTESIAN_POINT ( 'NONE',  ( 720.4652909612009353, 936.7908970854932704, 1344.340098839711345 ) ) ;
#1931 = EDGE_CURVE ( 'NONE', #1112, #1744, #1618, .T. ) ;
#1932 = CARTESIAN_POINT ( 'NONE',  ( 720.2017310258736416, 932.6931631330481878, 1332.784095236794201 ) ) ;
#1933 = EDGE_CURVE ( 'NONE', #417, #938, #839, .T. ) ;
#1934 = CARTESIAN_POINT ( 'NONE',  ( 722.8308589676246356, 937.5793165142856651, 1342.174570469655919 ) ) ;
#1935 = B_SPLINE_CURVE_WITH_KNOTS ( 'NONE', 3,
 ( #991, #2173, #1505, #658, #289, #266 ),
 .UNSPECIFIED., .F., .F.,
 ( 4, 2, 4 ),
 ( 0.000000000000000000, 0.5000000000000000000, 1.000000000000000000 ),
 .UNSPECIFIED. ) ;
#1936 = ORIENTED_EDGE ( 'NONE', *, *, #466, .F. ) ;
#1937 = CARTESIAN_POINT ( 'NONE',  ( 719.1435319925923295, 934.4342248880011539, 1333.863270480332403 ) ) ;
#1938 = CARTESIAN_POINT ( 'NONE',  ( 714.5394986896451428, 941.2287811724476114, 1342.064419100801842 ) ) ;
#1939 = DIRECTION ( 'NONE',  ( -0.07317157541021351852, 0.6515180314347910340, 0.7550961364404682463 ) ) ;
#1940 = CARTESIAN_POINT ( 'NONE',  ( 723.1233046005993401, 927.2677627160422844, 1325.621771965023754 ) ) ;
#1941 = CARTESIAN_POINT ( 'NONE',  ( 717.2067960611786930, 933.5629538124351257, 1338.399973149757670 ) ) ;
#1942 = ADVANCED_FACE ( 'NONE', ( #1388 ), #149, .F. ) ;
#1943 = DIRECTION ( 'NONE',  ( -0.07317157541021351852, 0.6515180314347910340, 0.7550961364404682463 ) ) ;
#1944 = ORIENTED_EDGE ( 'NONE', *, *, #1705, .F. ) ;
#1945 = EDGE_CURVE ( 'NONE', #1602, #68, #1550, .T. ) ;
#1946 = CIRCLE ( 'NONE', #959, 5.219644854552481839 ) ;
#1947 = VERTEX_POINT ( 'NONE', #641 ) ;
#1948 = DIRECTION ( 'NONE',  ( 0.07317157541021553080, -0.6515180314347933654, -0.7550961364404660259 ) ) ;
#1949 = VECTOR ( 'NONE', #1511, 999.9999999999998863 ) ;
#1950 = EDGE_LOOP ( 'NONE', ( #2115, #1792, #847, #350 ) ) ;
#1951 = CARTESIAN_POINT ( 'NONE',  ( 718.7096989215939402, 936.2648685085998750, 1346.751529200975256 ) ) ;
#1952 = CIRCLE ( 'NONE', #1753, 5.999999999999982236 ) ;
#1953 = CARTESIAN_POINT ( 'NONE',  ( 720.9088268900572984, 928.6894878152564843, 1328.515435575897072 ) ) ;
#1954 = CARTESIAN_POINT ( 'NONE',  ( 721.4832959286105734, 930.7572345093772128, 1335.720603990016798 ) ) ;
#1955 = CARTESIAN_POINT ( 'NONE',  ( 718.5409605511850941, 911.6312541648452452, 1309.719022241203902 ) ) ;
#1956 = VERTEX_POINT ( 'NONE', #1190 ) ;
#1957 = ORIENTED_EDGE ( 'NONE', *, *, #651, .F. ) ;
#1958 = CARTESIAN_POINT ( 'NONE',  ( 721.6909006811423524, 929.6821204601235422, 1326.560955245356809 ) ) ;
#1959 = ORIENTED_EDGE ( 'NONE', *, *, #1410, .F. ) ;
#1960 = CARTESIAN_POINT ( 'NONE',  ( 722.7790514422085835, 934.5788728547220217, 1342.047524788893043 ) ) ;
#1961 = PRODUCT ( 'camBarrelWithNoHoleTopMirror', 'camBarrelWithNoHoleTopMirror', '', ( #850 ) ) ;
#1962 = CARTESIAN_POINT ( 'NONE',  ( 721.5872996491159483, 928.7145599288152198, 1334.280975262327047 ) ) ;
#1963 = B_SPLINE_CURVE_WITH_KNOTS ( 'NONE', 3,
 ( #1451, #1103, #2164, #42 ),
 .UNSPECIFIED., .F., .F.,
 ( 4, 4 ),
 ( 0.000000000000000000, 1.000000000000000000 ),
 .UNSPECIFIED. ) ;
#1964 = CARTESIAN_POINT ( 'NONE',  ( 725.5230396772268477, 912.6807444917633347, 1314.787420386544227 ) ) ;
#1965 = CARTESIAN_POINT ( 'NONE',  ( 721.3945699674410434, 928.5166180833010685, 1334.750377909337203 ) ) ;
#1966 = CARTESIAN_POINT ( 'NONE',  ( 717.8909502912642893, 927.4712602185200012, 1331.339824274038619 ) ) ;
#1967 = ORIENTED_EDGE ( 'NONE', *, *, #190, .T. ) ;
#1968 = CARTESIAN_POINT ( 'NONE',  ( 720.3318477842226457, 926.1104669749862524, 1324.429403233626317 ) ) ;
#1969 = CARTESIAN_POINT ( 'NONE',  ( 716.9616712835544377, 935.7455392177415661, 1340.929545206832699 ) ) ;
#1970 = VERTEX_POINT ( 'NONE', #1036 ) ;
#1971 = ADVANCED_FACE ( 'NONE', ( #1213 ), #122, .F. ) ;
#1972 = LINE ( 'NONE', #224, #1501 ) ;
#1973 = CARTESIAN_POINT ( 'NONE',  ( 723.0110123921227796, 930.2446053760737641, 1337.852582577586418 ) ) ;
#1974 = EDGE_CURVE ( 'NONE', #2201, #71, #1992, .T. ) ;
#1975 = CARTESIAN_POINT ( 'NONE',  ( 721.4493885443903309, 928.9510814426382694, 1330.195653046044981 ) ) ;
#1976 = B_SPLINE_CURVE_WITH_KNOTS ( 'NONE', 3,
 ( #1275, #1604, #380, #1973 ),
 .UNSPECIFIED., .F., .F.,
 ( 4, 4 ),
 ( 0.000000000000000000, 1.000000000000000000 ),
 .UNSPECIFIED. ) ;
#1977 = LINE ( 'NONE', #1994, #98 ) ;
#1978 = FACE_OUTER_BOUND ( 'NONE', #2118, .T. ) ;
#1979 = ORIENTED_EDGE ( 'NONE', *, *, #880, .T. ) ;
#1980 = B_SPLINE_SURFACE_WITH_KNOTS ( 'NONE', 1, 3, ( 
 ( #1639, #53, #2181, #598 ),
 ( #2002, #416, #1128, #1821 ) ),
 .UNSPECIFIED., .F., .F., .F.,
 ( 2, 2 ),
 ( 4, 4 ),
 ( 0.000000000000000000, 1.000000000000000000 ),
 ( 0.000000000000000000, 1.000000000000000000 ),
 .UNSPECIFIED. ) ;
#1981 = B_SPLINE_CURVE_WITH_KNOTS ( 'NONE', 3,
 ( #370, #1255, #1811, #1107, #758, #1454 ),
 .UNSPECIFIED., .F., .F.,
 ( 4, 2, 4 ),
 ( 0.000000000000000000, 0.5000000000000000000, 1.000000000000000000 ),
 .UNSPECIFIED. ) ;
#1982 = VECTOR ( 'NONE', #1767, 1000.000000000000114 ) ;
#1983 = CARTESIAN_POINT ( 'NONE',  ( 723.0879923329354142, 933.7246003229676035, 1335.880943513652483 ) ) ;
#1984 = B_SPLINE_SURFACE_WITH_KNOTS ( 'NONE', 1, 3, ( 
 ( #1375, #279, #129, #972, #1666, #1362 ),
 ( #1494, #797, #82, #1883, #293, #1197 ) ),
 .UNSPECIFIED., .F., .F., .F.,
 ( 2, 2 ),
 ( 4, 2, 4 ),
 ( 0.000000000000000000, 1.000000000000000000 ),
 ( 0.000000000000000000, 0.5000000000000000000, 1.000000000000000000 ),
 .UNSPECIFIED. ) ;
#1985 = CARTESIAN_POINT ( 'NONE',  ( 718.8547779951101120, 928.3020708412984732, 1326.279854919746640 ) ) ;
#1986 = ORIENTED_EDGE ( 'NONE', *, *, #464, .T. ) ;
#1987 =( GEOMETRIC_REPRESENTATION_CONTEXT ( 3 ) GLOBAL_UNCERTAINTY_ASSIGNED_CONTEXT ( ( #316 ) ) GLOBAL_UNIT_ASSIGNED_CONTEXT ( ( #1669, #51, #315 ) ) REPRESENTATION_CONTEXT ( 'NONE', 'WORKASPACE' ) );
#1988 = AXIS2_PLACEMENT_3D ( 'NONE', #1837, #254, #620 ) ;
#1989 = CARTESIAN_POINT ( 'NONE',  ( 720.7527775318529848, 920.4806772624463065, 1329.239290753091154 ) ) ;
#1990 = AXIS2_PLACEMENT_3D ( 'NONE', #1043, #156, #1566 ) ;
#1991 = LINE ( 'NONE', #1117, #668 ) ;
#1992 = CIRCLE ( 'NONE', #1839, 6.000000000000039968 ) ;
#1993 = DIRECTION ( 'NONE',  ( 0.5212750289935843551, -0.6204890829809658337, 0.5858887625216735451 ) ) ;
#1994 = CARTESIAN_POINT ( 'NONE',  ( 718.3555897951192719, 923.3341207189089346, 1326.544963807641807 ) ) ;
#1995 = CARTESIAN_POINT ( 'NONE',  ( 728.5154466312459363, 938.2455481852209687, 1356.407344737432823 ) ) ;
#1996 = EDGE_CURVE ( 'NONE', #1385, #1655, #999, .T. ) ;
#1997 = CARTESIAN_POINT ( 'NONE',  ( 721.1458972063952615, 926.1017530424928736, 1325.464410997776895 ) ) ;
#1998 = CARTESIAN_POINT ( 'NONE',  ( 717.6714355650336756, 929.4258143128241727, 1333.605112683360403 ) ) ;
#1999 = EDGE_LOOP ( 'NONE', ( #1544, #1665, #1247, #1415 ) ) ;
#2000 = DIRECTION ( 'NONE',  ( 0.07317157541021351852, -0.6515180314347910340, -0.7550961364404682463 ) ) ;
#2001 = CARTESIAN_POINT ( 'NONE',  ( 719.7370915204786570, 936.8303026336084258, 1337.578955702222856 ) ) ;
#2002 = CARTESIAN_POINT ( 'NONE',  ( 721.0186564249472667, 934.8943740105437428, 1340.515464455090296 ) ) ;
#2003 = ORIENTED_EDGE ( 'NONE', *, *, #1395, .T. ) ;
#2004 = CARTESIAN_POINT ( 'NONE',  ( 725.8157259788675901, 910.0746723660242878, 1311.767035840782000 ) ) ;
#2005 = DIRECTION ( 'NONE',  ( -0.07317157541021351852, 0.6515180314347910340, 0.7550961364404682463 ) ) ;
#2006 = ORIENTED_EDGE ( 'NONE', *, *, #768, .T. ) ;
#2007 = DIRECTION ( 'NONE',  ( 0.8731305266870593718, -0.3240394544517291031, 0.3641998288382410354 ) ) ;
#2008 = ORIENTED_EDGE ( 'NONE', *, *, #360, .T. ) ;
#2009 = DIRECTION ( 'NONE',  ( -0.8731305266870632575, 0.3240394544517275488, -0.3641998288382332638 ) ) ;
#2010 = DIRECTION ( 'NONE',  ( 0.8731305266870593718, -0.3240394544517291031, 0.3641998288382410354 ) ) ;
#2011 = CARTESIAN_POINT ( 'NONE',  ( 723.2246057579718581, 933.6306013691296357, 1336.632854148032038 ) ) ;
#2012 = ORIENTED_EDGE ( 'NONE', *, *, #535, .F. ) ;
#2013 = DIRECTION ( 'NONE',  ( 0.07317157541021340750, -0.6515180314347909230, -0.7550961364404682463 ) ) ;
#2014 = APPROVAL_DATE_TIME ( #737, #1006 ) ;
#2015 = DIRECTION ( 'NONE',  ( -0.07317157541021568345, 0.6515180314347935875, 0.7550961364404659149 ) ) ;
#2016 = ORIENTED_EDGE ( 'NONE', *, *, #1047, .T. ) ;
#2017 = CARTESIAN_POINT ( 'NONE',  ( 722.7914976658920523, 932.1991594703781630, 1340.117870986907747 ) ) ;
#2018 = EDGE_CURVE ( 'NONE', #402, #1721, #1001, .T. ) ;
#2019 = ORIENTED_EDGE ( 'NONE', *, *, #79, .T. ) ;
#2020 = AXIS2_PLACEMENT_3D ( 'NONE', #2074, #1008, #1326 ) ;
#2021 = CARTESIAN_POINT ( 'NONE',  ( 720.6431086037711111, 937.2816728297361806, 1340.366546555074819 ) ) ;
#2022 = DIRECTION ( 'NONE',  ( 0.9307836011070317328, -0.2272990563598623892, 0.2863163056623603264 ) ) ;
#2023 = VECTOR ( 'NONE', #1193, 1000.000000000000114 ) ;
#2024 = CARTESIAN_POINT ( 'NONE',  ( 723.2954984717622438, 933.4421770123243505, 1337.379710005477364 ) ) ;
#2025 = VECTOR ( 'NONE', #844, 1000.000000000000114 ) ;
#2026 = ORIENTED_EDGE ( 'NONE', *, *, #1081, .T. ) ;
#2027 = FACE_OUTER_BOUND ( 'NONE', #1363, .T. ) ;
#2028 = VECTOR ( 'NONE', #1453, 1000.000000000000114 ) ;
#2029 = CARTESIAN_POINT ( 'NONE',  ( 720.3536972664771838, 937.9526155074659073, 1335.707967971432709 ) ) ;
#2030 = ORIENTED_EDGE ( 'NONE', *, *, #1828, .F. ) ;
#2031 = CARTESIAN_POINT ( 'NONE',  ( 716.0509749529140890, 927.7706311451372585, 1326.466697166876656 ) ) ;
#2032 = ORIENTED_EDGE ( 'NONE', *, *, #642, .T. ) ;
#2033 = B_SPLINE_CURVE_WITH_KNOTS ( 'NONE', 3,
 ( #14, #2094, #1076, #1424, #1903, #1060 ),
 .UNSPECIFIED., .F., .F.,
 ( 4, 2, 4 ),
 ( 0.000000000000000000, 0.5000000000000000000, 1.000000000000000000 ),
 .UNSPECIFIED. ) ;
#2034 = PERSON_AND_ORGANIZATION ( #146, #473 ) ;
#2035 = EDGE_CURVE ( 'NONE', #2080, #68, #99, .T. ) ;
#2036 = LINE ( 'NONE', #2234, #1949 ) ;
#2037 = CARTESIAN_POINT ( 'NONE',  ( 721.1226601457191236, 932.8516994299239968, 1339.075835727547428 ) ) ;
#2038 = B_SPLINE_SURFACE_WITH_KNOTS ( 'NONE', 1, 3, ( 
 ( #1590, #1958, #1079, #1791, #1088, #1780 ),
 ( #1601, #1771, #188, #578, #2152, #1985 ) ),
 .UNSPECIFIED., .F., .F., .F.,
 ( 2, 2 ),
 ( 4, 2, 4 ),
 ( 0.000000000000000000, 1.000000000000000000 ),
 ( 0.000000000000000000, 0.5000000000000000000, 1.000000000000000000 ),
 .UNSPECIFIED. ) ;
#2039 = EDGE_CURVE ( 'NONE', #1493, #828, #390, .T. ) ;
#2040 = VERTEX_POINT ( 'NONE', #1869 ) ;
#2041 = CYLINDRICAL_SURFACE ( 'NONE', #1289, 1.900000000000235501 ) ;
#2042 = APPLICATION_CONTEXT ( 'configuration controlled 3d designs of mechanical parts and assemblies' ) ;
#2043 = CARTESIAN_POINT ( 'NONE',  ( 720.1390798624953504, 937.9543323193324795, 1335.501129861796016 ) ) ;
#2044 = LINE ( 'NONE', #1516, #1763 ) ;
#2045 = EDGE_LOOP ( 'NONE', ( #1843, #1667, #1407, #821 ) ) ;
#2046 = CARTESIAN_POINT ( 'NONE',  ( 719.3056724411929963, 936.6081852695882617, 1336.731716164943236 ) ) ;
#2047 = ORIENTED_EDGE ( 'NONE', *, *, #1288, .F. ) ;
#2048 = COORDINATED_UNIVERSAL_TIME_OFFSET ( 5, 0, .BEHIND. ) ;
#2049 = CARTESIAN_POINT ( 'NONE',  ( 721.7569151671880263, 926.3981580104666591, 1327.211491726236318 ) ) ;
#2050 = ADVANCED_FACE ( 'NONE', ( #2236 ), #2248, .T. ) ;
#2051 = CARTESIAN_POINT ( 'NONE',  ( 719.8441481236691288, 910.0800314573929199, 1311.183744147507923 ) ) ;
#2052 = ORIENTED_EDGE ( 'NONE', *, *, #583, .F. ) ;
#2053 = CARTESIAN_POINT ( 'NONE',  ( 722.6233528281762801, 937.8617398247616848, 1340.675803978077965 ) ) ;
#2054 = DIRECTION ( 'NONE',  ( -0.5846387018185597029, -0.4107618658881254103, -0.6996229540745606545 ) ) ;
#2055 = DIRECTION ( 'NONE',  ( 0.8731305266870593718, -0.3240394544517291031, 0.3641998288382410354 ) ) ;
#2056 = ORIENTED_EDGE ( 'NONE', *, *, #2165, .T. ) ;
#2057 = CARTESIAN_POINT ( 'NONE',  ( 723.0110123921227796, 930.2446053760737641, 1337.852582577586418 ) ) ;
#2058 = ORIENTED_EDGE ( 'NONE', *, *, #164, .T. ) ;
#2059 = DIRECTION ( 'NONE',  ( -0.07317157541021568345, 0.6515180314347935875, 0.7550961364404659149 ) ) ;
#2060 = FACE_OUTER_BOUND ( 'NONE', #1352, .T. ) ;
#2061 = VECTOR ( 'NONE', #1341, 1000.000000000000114 ) ;
#2062 = CC_DESIGN_DATE_AND_TIME_ASSIGNMENT ( #714, #1096, ( #2103 ) ) ;
#2063 = EDGE_LOOP ( 'NONE', ( #1936, #1477, #2056, #1870 ) ) ;
#2064 = DIRECTION ( 'NONE',  ( -0.5212750289935843551, 0.6204890829809658337, -0.5858887625216735451 ) ) ;
#2065 = CC_DESIGN_APPROVAL ( #865, ( #243 ) ) ;
#2066 = CIRCLE ( 'NONE', #922, 2.500000000000007994 ) ;
#2067 = EDGE_CURVE ( 'NONE', #798, #410, #562, .T. ) ;
#2068 = CARTESIAN_POINT ( 'NONE',  ( 716.2704896791447027, 925.8160770508329733, 1324.201408757555328 ) ) ;
#2069 = AXIS2_PLACEMENT_3D ( 'NONE', #341, #1203, #491 ) ;
#2070 = DIRECTION ( 'NONE',  ( -0.07317157541021340750, 0.6515180314347909230, 0.7550961364404682463 ) ) ;
#2071 = VERTEX_POINT ( 'NONE', #690 ) ;
#2072 = AXIS2_PLACEMENT_3D ( 'NONE', #1835, #441, #76 ) ;
#2073 = EDGE_CURVE ( 'NONE', #777, #1034, #31, .T. ) ;
#2074 = CARTESIAN_POINT ( 'NONE',  ( 719.8441481236691288, 910.0800314573929199, 1311.183744147507923 ) ) ;
#2075 = ORIENTED_EDGE ( 'NONE', *, *, #2193, .F. ) ;
#2076 = DIRECTION ( 'NONE',  ( 0.000000000000000000, 0.000000000000000000, 1.000000000000000000 ) ) ;
#2077 = CARTESIAN_POINT ( 'NONE',  ( 720.5736054694270933, 935.7101080386358944, 1333.079188447533625 ) ) ;
#2078 = EDGE_LOOP ( 'NONE', ( #788, #361, #1979, #1893 ) ) ;
#2079 = CARTESIAN_POINT ( 'NONE',  ( 947.9966375953029001, 1543.943724539867844, 791.6745988936468166 ) ) ;
#2080 = VERTEX_POINT ( 'NONE', #113 ) ;
#2081 = DIRECTION ( 'NONE',  ( -0.07317157541021351852, 0.6515180314347910340, 0.7550961364404682463 ) ) ;
#2082 = CARTESIAN_POINT ( 'NONE',  ( 722.5697001419611070, 927.2304771172282472, 1324.628488056479455 ) ) ;
#2083 = LINE ( 'NONE', #2241, #398 ) ;
#2084 = ORIENTED_EDGE ( 'NONE', *, *, #1231, .F. ) ;
#2085 = EDGE_CURVE ( 'NONE', #1956, #1517, #1012, .T. ) ;
#2086 = CARTESIAN_POINT ( 'NONE',  ( 721.2831992238740213, 911.6947248504674235, 1309.929990911276491 ) ) ;
#2087 = ORIENTED_EDGE ( 'NONE', *, *, #2294, .T. ) ;
#2088 = CARTESIAN_POINT ( 'NONE',  ( 722.5697001419611070, 927.2304771172282472, 1324.628488056479455 ) ) ;
#2089 = ORIENTED_EDGE ( 'NONE', *, *, #2138, .F. ) ;
#2090 = DIRECTION ( 'NONE',  ( -0.07317157541021489242, 0.6515180314347915891, 0.7550961364404675802 ) ) ;
#2091 = CARTESIAN_POINT ( 'NONE',  ( 720.2166181958195921, 934.3760320437949076, 1335.054131928498236 ) ) ;
#2092 = CARTESIAN_POINT ( 'NONE',  ( 724.0686190199703560, 926.7549720864650453, 1330.042907739172051 ) ) ;
#2093 = ORIENTED_EDGE ( 'NONE', *, *, #1490, .F. ) ;
#2094 = CARTESIAN_POINT ( 'NONE',  ( 720.5678263180690237, 934.5602714999444061, 1335.901107922286428 ) ) ;
#2095 = CC_DESIGN_PERSON_AND_ORGANIZATION_ASSIGNMENT ( #748, #1074, ( #243 ) ) ;
#2096 = ORIENTED_EDGE ( 'NONE', *, *, #1133, .F. ) ;
#2097 = CARTESIAN_POINT ( 'NONE',  ( 720.9299304643211599, 932.6537575843972263, 1339.545238374524388 ) ) ;
#2098 = ORIENTED_EDGE ( 'NONE', *, *, #365, .T. ) ;
#2099 = DIRECTION ( 'NONE',  ( -0.8731305266870632575, 0.3240394544517275488, -0.3641998288382332638 ) ) ;
#2100 = B_SPLINE_SURFACE_WITH_KNOTS ( 'NONE', 1, 3, ( 
 ( #1411, #1765, #560, #11, #526, #1254 ),
 ( #2131, #545, #909, #1, #1953, #20 ) ),
 .UNSPECIFIED., .F., .F., .F.,
 ( 2, 2 ),
 ( 4, 2, 4 ),
 ( 0.000000000000000000, 1.000000000000000000 ),
 ( 0.000000000000000000, 0.5000000000000000000, 1.000000000000000000 ),
 .UNSPECIFIED. ) ;
#2101 = CARTESIAN_POINT ( 'NONE',  ( 720.6529465864907706, 932.9292881922392553, 1333.859788317932725 ) ) ;
#2102 = CARTESIAN_POINT ( 'NONE',  ( 723.5399210416285314, 927.1969947927730118, 1326.695012830071164 ) ) ;
#2103 = SECURITY_CLASSIFICATION ( '', '', #537 ) ;
#2104 = VECTOR ( 'NONE', #1267, 999.9999999999998863 ) ;
#2105 = VECTOR ( 'NONE', #270, 1000.000000000000227 ) ;
#2106 = LINE ( 'NONE', #869, #1145 ) ;
#2107 = ORIENTED_EDGE ( 'NONE', *, *, #1769, .F. ) ;
#2108 = CARTESIAN_POINT ( 'NONE',  ( 721.8359786324422203, 929.7204616990637760, 1326.820967323064224 ) ) ;
#2109 = CARTESIAN_POINT ( 'NONE',  ( 723.0879923329354142, 933.7246003229676035, 1335.880943513652483 ) ) ;
#2110 = CARTESIAN_POINT ( 'NONE',  ( 720.4441873847869147, 932.8266273159302955, 1333.310296041240463 ) ) ;
#2111 = ADVANCED_FACE ( 'NONE', ( #2060 ), #322, .T. ) ;
#2112 = CARTESIAN_POINT ( 'NONE',  ( 723.5480992780442193, 931.0773668447531008, 1333.700854525137174 ) ) ;
#2113 = DIRECTION ( 'NONE',  ( -0.8731305266870632575, 0.3240394544517275488, -0.3641998288382332638 ) ) ;
#2114 = CARTESIAN_POINT ( 'NONE',  ( 721.1458972063952615, 926.1017530424928736, 1325.464410997776895 ) ) ;
#2115 = ORIENTED_EDGE ( 'NONE', *, *, #392, .T. ) ;
#2116 = ORIENTED_EDGE ( 'NONE', *, *, #230, .T. ) ;
#2117 = CARTESIAN_POINT ( 'NONE',  ( 720.7947890535155011, 926.0616472937950903, 1324.869571559520637 ) ) ;
#2118 = EDGE_LOOP ( 'NONE', ( #462, #2174, #599, #1269 ) ) ;
#2119 = FACE_OUTER_BOUND ( 'NONE', #2045, .T. ) ;
#2120 = DIRECTION ( 'NONE',  ( -0.07317157541021340750, 0.6515180314347909230, 0.7550961364404682463 ) ) ;
#2121 = EDGE_CURVE ( 'NONE', #683, #754, #2180, .T. ) ;
#2122 = CARTESIAN_POINT ( 'NONE',  ( 714.7633001173028333, 931.1941947164058320, 1327.824491698908787 ) ) ;
#2123 = CARTESIAN_POINT ( 'NONE',  ( 719.6081714984093196, 930.2970853877845911, 1329.068410014649771 ) ) ;
#2124 = EDGE_CURVE ( 'NONE', #1858, #432, #772, .T. ) ;
#2125 = DIRECTION ( 'NONE',  ( 0.8731305266870593718, -0.3240394544517291031, 0.3641998288382410354 ) ) ;
#2126 = ORIENTED_EDGE ( 'NONE', *, *, #193, .F. ) ;
#2127 = FACE_OUTER_BOUND ( 'NONE', #1768, .T. ) ;
#2128 = ORIENTED_EDGE ( 'NONE', *, *, #642, .F. ) ;
#2129 = DIRECTION ( 'NONE',  ( -0.8731305266870632575, 0.3240394544517275488, -0.3641998288382332638 ) ) ;
#2130 = CARTESIAN_POINT ( 'NONE',  ( 716.6245988056199394, 938.7468248405236864, 1344.407974150888322 ) ) ;
#2131 = CARTESIAN_POINT ( 'NONE',  ( 721.6465539583394957, 929.0499067964815367, 1331.365193759107797 ) ) ;
#2132 = EDGE_CURVE ( 'NONE', #2269, #1770, #60, .T. ) ;
#2133 = CARTESIAN_POINT ( 'NONE',  ( 716.7421565573239377, 937.7000933120461923, 1343.194833616153801 ) ) ;
#2134 = CIRCLE ( 'NONE', #431, 5.999999999999982236 ) ;
#2135 = CARTESIAN_POINT ( 'NONE',  ( 714.2986606134479644, 935.3313342160167849, 1332.619352165306054 ) ) ;
#2136 = AXIS2_PLACEMENT_3D ( 'NONE', #72, #245, #915 ) ;
#2137 = VERTEX_POINT ( 'NONE', #872 ) ;
#2138 = EDGE_CURVE ( 'NONE', #1866, #774, #522, .T. ) ;
#2139 = VERTEX_POINT ( 'NONE', #906 ) ;
#2140 = CARTESIAN_POINT ( 'NONE',  ( 721.1458972063952615, 926.1017530424928736, 1325.464410997776895 ) ) ;
#2141 = AXIS2_PLACEMENT_3D ( 'NONE', #1878, #1205, #1687 ) ;
#2142 = ORIENTED_EDGE ( 'NONE', *, *, #2255, .T. ) ;
#2143 = CARTESIAN_POINT ( 'NONE',  ( 723.6842313904243156, 928.7759552409083881, 1334.022841376043971 ) ) ;
#2144 = CARTESIAN_POINT ( 'NONE',  ( 719.1107085341948277, 940.0882271149959024, 1337.390802390181079 ) ) ;
#2145 = CARTESIAN_POINT ( 'NONE',  ( 720.7636265862601022, 937.1470817197487122, 1343.338788120221579 ) ) ;
#2146 = CARTESIAN_POINT ( 'NONE',  ( 719.1107085341948277, 940.0882271149959024, 1337.390802390181079 ) ) ;
#2147 = B_SPLINE_CURVE_WITH_KNOTS ( 'NONE', 1,
 ( #478, #956 ),
 .UNSPECIFIED., .F., .F.,
 ( 2, 2 ),
 ( 0.000000000000000000, 1.000000000000000000 ),
 .UNSPECIFIED. ) ;
#2148 = LINE ( 'NONE', #749, #244 ) ;
#2149 = ADVANCED_FACE ( 'NONE', ( #2119 ), #543, .T. ) ;
#2150 = ORIENTED_EDGE ( 'NONE', *, *, #93, .F. ) ;
#2151 = CARTESIAN_POINT ( 'NONE',  ( 716.7164979497075592, 913.8029659552786370, 1307.668411572378091 ) ) ;
#2152 = CARTESIAN_POINT ( 'NONE',  ( 719.2464361099447387, 928.2665614698307763, 1326.348809322464831 ) ) ;
#2153 = EDGE_CURVE ( 'NONE', #2187, #1517, #1522, .T. ) ;
#2154 = ORIENTED_EDGE ( 'NONE', *, *, #837, .F. ) ;
#2155 = CARTESIAN_POINT ( 'NONE',  ( 720.7172749494241089, 937.3241857986143941, 1340.954914689272755 ) ) ;
#2156 = CARTESIAN_POINT ( 'NONE',  ( 721.6465539583394957, 929.0499067964815367, 1331.365193759107797 ) ) ;
#2157 = CARTESIAN_POINT ( 'NONE',  ( 908.5994040009107948, 1548.864852315016378, 783.6107765065888771 ) ) ;
#2158 = PERSON_AND_ORGANIZATION_ROLE ( 'classification_officer' ) ;
#2159 = FACE_OUTER_BOUND ( 'NONE', #1366, .T. ) ;
#2160 = ORIENTED_EDGE ( 'NONE', *, *, #1812, .T. ) ;
#2161 = VERTEX_POINT ( 'NONE', #340 ) ;
#2162 = DIRECTION ( 'NONE',  ( -0.8888065830875102602, 0.3008470487215014755, -0.3457078407208419857 ) ) ;
#2163 = ORIENTED_EDGE ( 'NONE', *, *, #1257, .T. ) ;
#2164 = CARTESIAN_POINT ( 'NONE',  ( 720.8483226741532235, 934.8936011060484361, 1341.588689970726591 ) ) ;
#2165 = EDGE_CURVE ( 'NONE', #436, #198, #848, .T. ) ;
#2166 = DIRECTION ( 'NONE',  ( -0.07317157541021351852, 0.6515180314347910340, 0.7550961364404682463 ) ) ;
#2167 = LINE ( 'NONE', #757, #2028 ) ;
#2168 = EDGE_CURVE ( 'NONE', #1262, #1717, #484, .T. ) ;
#2169 = DIRECTION ( 'NONE',  ( -0.07317157541021351852, 0.6515180314347910340, 0.7550961364404682463 ) ) ;
#2170 = DIRECTION ( 'NONE',  ( -0.07317157541021351852, 0.6515180314347910340, 0.7550961364404682463 ) ) ;
#2171 = ORIENTED_EDGE ( 'NONE', *, *, #1344, .F. ) ;
#2172 = CARTESIAN_POINT ( 'NONE',  ( 719.7882813012751058, 926.2292459823460149, 1324.185801931636206 ) ) ;
#2173 = CARTESIAN_POINT ( 'NONE',  ( 720.4838249510864898, 928.4138638906759979, 1327.538003625192687 ) ) ;
#2174 = ORIENTED_EDGE ( 'NONE', *, *, #497, .F. ) ;
#2175 = AXIS2_PLACEMENT_3D ( 'NONE', #1567, #1229, #1782 ) ;
#2176 = CARTESIAN_POINT ( 'NONE',  ( 719.7522489795811680, 935.0238903426378556, 1347.923306726018609 ) ) ;
#2177 = VECTOR ( 'NONE', #1339, 1000.000000000000114 ) ;
#2178 = CARTESIAN_POINT ( 'NONE',  ( 717.2067960611789204, 933.5629538124352393, 1338.399973149757216 ) ) ;
#2179 = EDGE_CURVE ( 'NONE', #410, #1429, #479, .T. ) ;
#2180 = CIRCLE ( 'NONE', #1469, 6.000000000000048850 ) ;
#2181 = CARTESIAN_POINT ( 'NONE',  ( 722.7791640213680466, 934.5789682330955657, 1342.047234524526402 ) ) ;
#2182 = ORIENTED_EDGE ( 'NONE', *, *, #1882, .T. ) ;
#2183 = CARTESIAN_POINT ( 'NONE',  ( 723.0834597735818079, 935.2145063466434749, 1338.495714989507633 ) ) ;
#2184 = CARTESIAN_POINT ( 'NONE',  ( 715.5863354490593338, 931.9077706447482115, 1331.261557633273469 ) ) ;
#2185 = EDGE_LOOP ( 'NONE', ( #1007, #594, #1624, #163 ) ) ;
#2186 = CARTESIAN_POINT ( 'NONE',  ( 721.3945699674410434, 928.5166180833010685, 1334.750377909337203 ) ) ;
#2187 = VERTEX_POINT ( 'NONE', #1762 ) ;
#2188 = CARTESIAN_POINT ( 'NONE',  ( 719.9795478795161898, 936.9637668166041067, 1338.105156506582944 ) ) ;
#2189 = PLANE ( 'NONE',  #1726 ) ;
#2190 = CARTESIAN_POINT ( 'NONE',  ( 719.7703119466752923, 932.4710457692140153, 1331.936855699256967 ) ) ;
#2191 = EDGE_CURVE ( 'NONE', #101, #2187, #1105, .T. ) ;
#2192 = ORIENTED_EDGE ( 'NONE', *, *, #1672, .F. ) ;
#2193 = EDGE_CURVE ( 'NONE', #1602, #263, #252, .T. ) ;
#2194 = CARTESIAN_POINT ( 'NONE',  ( 718.3133313134864011, 938.1752154479528372, 1345.064819048257959 ) ) ;
#2195 = ORIENTED_EDGE ( 'NONE', *, *, #365, .F. ) ;
#2196 = DIRECTION ( 'NONE',  ( -0.07317157541021340750, 0.6515180314347909230, 0.7550961364404682463 ) ) ;
#2197 = ORIENTED_EDGE ( 'NONE', *, *, #421, .T. ) ;
#2198 = CARTESIAN_POINT ( 'NONE',  ( 717.2067960611789204, 933.5629538124352393, 1338.399973149757216 ) ) ;
#2199 = LINE ( 'NONE', #1000, #2105 ) ;
#2200 = CARTESIAN_POINT ( 'NONE',  ( 719.7522489795811680, 935.0238903426377419, 1347.923306726018609 ) ) ;
#2201 = VERTEX_POINT ( 'NONE', #1580 ) ;
#2202 = CARTESIAN_POINT ( 'NONE',  ( 721.7616264386130069, 938.0830180293745570, 1337.929966650264760 ) ) ;
#2203 = DIRECTION ( 'NONE',  ( -0.9788489675785115862, -0.1919541518199142094, 0.07076935968043830683 ) ) ;
#2204 = ORIENTED_EDGE ( 'NONE', *, *, #1715, .T. ) ;
#2205 = DIRECTION ( 'NONE',  ( -0.8731305266870632575, 0.3240394544517275488, -0.3641998288382332638 ) ) ;
#2206 = ORIENTED_EDGE ( 'NONE', *, *, #1875, .F. ) ;
#2207 = EDGE_CURVE ( 'NONE', #1970, #483, #1492, .T. ) ;
#2208 = VECTOR ( 'NONE', #2243, 1000.000000000000114 ) ;
#2209 = APPROVAL_DATE_TIME ( #677, #865 ) ;
#2210 = CARTESIAN_POINT ( 'NONE',  ( 722.3268581631396046, 936.3362989722164684, 1344.912731451489435 ) ) ;
#2211 = APPROVAL_PERSON_ORGANIZATION ( #295, #106, #1011 ) ;
#2212 = AXIS2_PLACEMENT_3D ( 'NONE', #888, #2254, #866 ) ;
#2213 = CARTESIAN_POINT ( 'NONE',  ( 720.9299304643211599, 932.6537575843972263, 1339.545238374524388 ) ) ;
#2214 = VECTOR ( 'NONE', #1431, 999.9999999999998863 ) ;
#2215 = VERTEX_POINT ( 'NONE', #918 ) ;
#2216 = CARTESIAN_POINT ( 'NONE',  ( 718.7494899513469591, 933.9459083552268339, 1329.809516737005197 ) ) ;
#2217 = DIRECTION ( 'NONE',  ( 0.9307836007855353477, -0.2272990570095208274, 0.2863163061917639030 ) ) ;
#2218 = FACE_OUTER_BOUND ( 'NONE', #810, .T. ) ;
#2219 = ORIENTED_EDGE ( 'NONE', *, *, #190, .F. ) ;
#2220 = CARTESIAN_POINT ( 'NONE',  ( 718.7096989215939402, 936.2648685085998750, 1346.751529200975256 ) ) ;
#2221 = EDGE_CURVE ( 'NONE', #1010, #457, #1240, .T. ) ;
#2222 = VERTEX_POINT ( 'NONE', #1919 ) ;
#2223 = EDGE_CURVE ( 'NONE', #198, #540, #331, .T. ) ;
#2224 = CARTESIAN_POINT ( 'NONE',  ( 717.4263107874096477, 931.6083997181310679, 1336.134684740435887 ) ) ;
#2225 = CARTESIAN_POINT ( 'NONE',  ( 721.2637252428498869, 921.5657403153277301, 1332.325584792093423 ) ) ;
#2226 = ORIENTED_EDGE ( 'NONE', *, *, #811, .F. ) ;
#2227 = CARTESIAN_POINT ( 'NONE',  ( 718.7817966041485533, 932.4037009697779013, 1331.143669788386887 ) ) ;
#2228 = CARTESIAN_POINT ( 'NONE',  ( 720.4667925263452162, 931.7099041372030115, 1327.932594062493990 ) ) ;
#2229 = PLANE ( 'NONE',  #103 ) ;
#2230 = ORIENTED_EDGE ( 'NONE', *, *, #2132, .T. ) ;
#2231 = CARTESIAN_POINT ( 'NONE',  ( 718.3171570983056426, 936.5408404697252536, 1335.938530254296438 ) ) ;
#2232 = VERTEX_POINT ( 'NONE', #352 ) ;
#2233 = EDGE_CURVE ( 'NONE', #495, #1770, #1972, .T. ) ;
#2234 = CARTESIAN_POINT ( 'NONE',  ( 719.8441481236690151, 910.0800314573929199, 1311.183744147507923 ) ) ;
#2235 = EDGE_CURVE ( 'NONE', #1807, #1841, #235, .T. ) ;
#2236 = FACE_OUTER_BOUND ( 'NONE', #1644, .T. ) ;
#2237 = EDGE_LOOP ( 'NONE', ( #638, #2008, #1405, #2052 ) ) ;
#2238 = CARTESIAN_POINT ( 'NONE',  ( 721.2051638719533457, 933.8358774302046186, 1331.371660899511426 ) ) ;
#2239 = EDGE_CURVE ( 'NONE', #686, #973, #1574, .T. ) ;
#2240 = CARTESIAN_POINT ( 'NONE',  ( 718.8729699109100011, 938.0296380402236309, 1334.707814815327538 ) ) ;
#2241 = CARTESIAN_POINT ( 'NONE',  ( 719.1356777455871452, 914.5324853480213960, 1312.570727952464949 ) ) ;
#2242 = ORIENTED_EDGE ( 'NONE', *, *, #780, .F. ) ;
#2243 = DIRECTION ( 'NONE',  ( 0.9724348868587991968, -0.1214673187592747866, 0.1990378890898586994 ) ) ;
#2244 = ORIENTED_EDGE ( 'NONE', *, *, #1136, .F. ) ;
#2245 = CALENDAR_DATE ( 2026, 27, 4 ) ;
#2246 = CARTESIAN_POINT ( 'NONE',  ( 721.0993576838889112, 935.5906423507293539, 1333.498027862132403 ) ) ;
#2247 = ORIENTED_EDGE ( 'NONE', *, *, #736, .F. ) ;
#2248 = CYLINDRICAL_SURFACE ( 'NONE', #1290, 6.000000000000048850 ) ;
#2249 = ORIENTED_EDGE ( 'NONE', *, *, #2067, .T. ) ;
#2250 = VECTOR ( 'NONE', #1865, 1000.000000000000114 ) ;
#2251 = CARTESIAN_POINT ( 'NONE',  ( 721.1264045271902887, 934.8558219114142958, 1339.587259877151610 ) ) ;
#2252 = ADVANCED_FACE ( 'NONE', ( #596 ), #1656, .F. ) ;
#2253 = VECTOR ( 'NONE', #287, 1000.000000000000227 ) ;
#2254 = DIRECTION ( 'NONE',  ( -0.07317157541021340750, 0.6515180314347909230, 0.7550961364404682463 ) ) ;
#2255 = EDGE_CURVE ( 'NONE', #798, #1779, #1963, .T. ) ;
#2256 = VECTOR ( 'NONE', #862, 1000.000000000000227 ) ;
#2257 = DIRECTION ( 'NONE',  ( -0.8731305266870632575, 0.3240394544517275488, -0.3641998288382332638 ) ) ;
#2258 = ORIENTED_EDGE ( 'NONE', *, *, #1595, .F. ) ;
#2259 = CIRCLE ( 'NONE', #1325, 6.000000000000039968 ) ;
#2260 = CARTESIAN_POINT ( 'NONE',  ( 723.2227464230346641, 929.7431804719149113, 1329.684052745280724 ) ) ;
#2261 = VERTEX_POINT ( 'NONE', #1316 ) ;
#2262 = CALENDAR_DATE ( 2026, 27, 4 ) ;
#2263 = DIRECTION ( 'NONE',  ( -0.5212750289935843551, 0.6204890829809658337, -0.5858887625216735451 ) ) ;
#2264 = ORIENTED_EDGE ( 'NONE', *, *, #1022, .F. ) ;
#2265 = DIRECTION ( 'NONE',  ( -0.8731305266870569293, 0.3240394544517310460, -0.3641998288382453097 ) ) ;
#2266 = FACE_OUTER_BOUND ( 'NONE', #529, .T. ) ;
#2267 = EDGE_CURVE ( 'NONE', #2071, #1226, #1873, .T. ) ;
#2268 = CARTESIAN_POINT ( 'NONE',  ( 906.7445688242711412, 1549.096540686846311, 783.2311290020031720 ) ) ;
#2269 = VERTEX_POINT ( 'NONE', #570 ) ;
#2270 = ADVANCED_FACE ( 'NONE', ( #1126 ), #1045, .T. ) ;
#2271 = PLANE ( 'NONE',  #2284 ) ;
#2272 = VERTEX_POINT ( 'NONE', #1989 ) ;
#2273 = CARTESIAN_POINT ( 'NONE',  ( 719.8022489243475093, 929.7553590400070789, 1325.118093883948177 ) ) ;
#2274 = DIRECTION ( 'NONE',  ( -0.07317157541021351852, 0.6515180314347910340, 0.7550961364404682463 ) ) ;
#2275 = CARTESIAN_POINT ( 'NONE',  ( 721.8960621674747244, 933.9438638869820579, 1332.487010589995634 ) ) ;
#2276 = CARTESIAN_POINT ( 'NONE',  ( 724.0685977486386946, 926.7549434808323667, 1330.043083757615477 ) ) ;
#2277 = DIRECTION ( 'NONE',  ( 0.9307836009692531665, -0.2272990566382839250, 0.2863163058892321255 ) ) ;
#2278 = EDGE_CURVE ( 'NONE', #1102, #1429, #1183, .T. ) ;
#2279 = ORIENTED_EDGE ( 'NONE', *, *, #1111, .F. ) ;
#2280 = CARTESIAN_POINT ( 'NONE',  ( 714.5394986896451428, 941.2287811724476114, 1342.064419100801842 ) ) ;
#2281 = EDGE_CURVE ( 'NONE', #867, #1112, #1819, .T. ) ;
#2282 = CARTESIAN_POINT ( 'NONE',  ( 720.5678263180690237, 934.5602714999444061, 1335.901107922286428 ) ) ;
#2283 = CARTESIAN_POINT ( 'NONE',  ( 720.7172749494241089, 937.3241857986143941, 1340.954914689272755 ) ) ;
#2284 = AXIS2_PLACEMENT_3D ( 'NONE', #1743, #1030, #2125 ) ;
#2285 = CARTESIAN_POINT ( 'NONE',  ( 723.1233919859103025, 927.2677686014965275, 1325.621928752819940 ) ) ;
#2286 = VECTOR ( 'NONE', #418, 1000.000000000000114 ) ;
#2287 = VECTOR ( 'NONE', #260, 1000.000000000000114 ) ;
#2288 = CARTESIAN_POINT ( 'NONE',  ( 720.7962598919292532, 937.3693632015176718, 1341.581321127552656 ) ) ;
#2289 = VERTEX_POINT ( 'NONE', #789 ) ;
#2290 = EDGE_CURVE ( 'NONE', #1970, #1822, #1253, .T. ) ;
#2291 = VERTEX_POINT ( 'NONE', #1808 ) ;
#2292 = CARTESIAN_POINT ( 'NONE',  ( 721.1494451905516598, 930.6992034900927138, 1337.279949965202604 ) ) ;
#2293 = ORIENTED_EDGE ( 'NONE', *, *, #497, .T. ) ;
#2294 = EDGE_CURVE ( 'NONE', #1493, #1292, #1207, .T. ) ;
#2295 = CARTESIAN_POINT ( 'NONE',  ( 721.5875534050676379, 911.6912207567187352, 1315.259846092569433 ) ) ;
ENDSEC;
END-ISO-10303-21;
