ISO-10303-21;
HEADER;
FILE_DESCRIPTION (( 'STEP AP203' ),
    '1' );
FILE_NAME ('GearPlusFeet.STEP',
    '2026-04-06T03:27:09',
    ( '' ),
    ( '' ),
    'SwSTEP 2.0',
    'SolidWorks 2025',
    '' );
FILE_SCHEMA (( 'CONFIG_CONTROL_DESIGN' ));
ENDSEC;

DATA;
#1 = CARTESIAN_POINT ( 'NONE',  ( 0.2351573203453925509, -0.5786007325277199298, -0.2026373202491946468 ) ) ;
#2 = CARTESIAN_POINT ( 'NONE',  ( 0.3090701517614458660, -0.5117476724477670880, -0.02769986750231865497 ) ) ;
#3 = CARTESIAN_POINT ( 'NONE',  ( 0.1669456497320850052, -0.5788433491990535584, -0.2615787779411652969 ) ) ;
#4 = CARTESIAN_POINT ( 'NONE',  ( -0.3062481770610566145, -0.5117481726913182261, 0.05003225526341265050 ) ) ;
#5 = VERTEX_POINT ( 'NONE', #2719 ) ;
#6 = EDGE_LOOP ( 'NONE', ( #4175, #352, #2359, #3616 ) ) ;
#7 = CARTESIAN_POINT ( 'NONE',  ( 0.2335706761615941873, -0.5711492529229236226, -0.2245085475799847019 ) ) ;
#8 = CARTESIAN_POINT ( 'NONE',  ( 0.000000000000000000, 0.000000000000000000, 0.000000000000000000 ) ) ;
#9 = CARTESIAN_POINT ( 'NONE',  ( -0.2429337410874140291, -0.5202702371058175457, -0.1713053646445831246 ) ) ;
#10 = VERTEX_POINT ( 'NONE', #2408 ) ;
#11 = APPROVAL_PERSON_ORGANIZATION ( #4140, #1791, #811 ) ;
#12 = B_SPLINE_CURVE_WITH_KNOTS ( 'NONE', 3,
 ( #2069, #2814, #2860, #583 ),
 .UNSPECIFIED., .F., .F.,
 ( 4, 4 ),
 ( 0.000000000000000000, 0.0008684883343403530884 ),
 .UNSPECIFIED. ) ;
#13 = EDGE_CURVE ( 'NONE', #4206, #2592, #3253, .T. ) ;
#14 = CARTESIAN_POINT ( 'NONE',  ( -0.2093995071424362697, -0.5711492529229236226, -0.2472067861276533163 ) ) ;
#15 = CC_DESIGN_SECURITY_CLASSIFICATION ( #2803, ( #3653 ) ) ;
#16 = VERTEX_POINT ( 'NONE', #1973 ) ;
#17 = CALENDAR_DATE ( 2026, 5, 4 ) ;
#18 = CARTESIAN_POINT ( 'NONE',  ( 0.01878939939700252637, -0.5751480959758970002, -0.3162893335816560625 ) ) ;
#19 = AXIS2_PLACEMENT_3D ( 'NONE', #3908, #502, #867 ) ;
#20 = DIRECTION ( 'NONE',  ( 0.000000000000000000, -1.899049042908424883E-16, 1.000000000000000000 ) ) ;
#21 = DIRECTION ( 'NONE',  ( -0.000000000000000000, 1.000000000000000000, 1.299146873706801522E-16 ) ) ;
#22 = CARTESIAN_POINT ( 'NONE',  ( 0.2442643084397884967, -0.5117476724477671990, 0.1913807435243186639 ) ) ;
#23 = LINE ( 'NONE', #4097, #1331 ) ;
#24 = FACE_OUTER_BOUND ( 'NONE', #1251, .T. ) ;
#25 = CARTESIAN_POINT ( 'NONE',  ( 0.3079650745556889446, -0.5788433491993477675, 0.03810275432628190684 ) ) ;
#26 = CARTESIAN_POINT ( 'NONE',  ( 0.3040054766787701479, -0.5611928409090068959, 0.1530151944107874806 ) ) ;
#27 = ORIENTED_EDGE ( 'NONE', *, *, #1886, .T. ) ;
#28 = ORIENTED_EDGE ( 'NONE', *, *, #3681, .F. ) ;
#29 = CARTESIAN_POINT ( 'NONE',  ( 0.000000000000000000, 0.000000000000000000, 0.000000000000000000 ) ) ;
#30 = CARTESIAN_POINT ( 'NONE',  ( 0.000000000000000000, 0.2244094488188976555, -8.537024980200822558E-18 ) ) ;
#31 = CARTESIAN_POINT ( 'NONE',  ( -0.2351182307876373556, -0.5785182336645522394, -0.2026143914104240051 ) ) ;
#32 = ORIENTED_EDGE ( 'NONE', *, *, #2071, .T. ) ;
#33 = EDGE_CURVE ( 'NONE', #3677, #3243, #1271, .T. ) ;
#34 = VERTEX_POINT ( 'NONE', #3805 ) ;
#35 = EDGE_CURVE ( 'NONE', #1057, #4080, #116, .T. ) ;
#36 = CARTESIAN_POINT ( 'NONE',  ( -0.2203947240275332398, -0.5650778416537696192, -0.2522167753975760318 ) ) ;
#37 = ORIENTED_EDGE ( 'NONE', *, *, #3767, .F. ) ;
#38 = COORDINATED_UNIVERSAL_TIME_OFFSET ( 5, 0, .BEHIND. ) ;
#39 = EDGE_CURVE ( 'NONE', #3425, #2181, #2613, .T. ) ;
#40 = CARTESIAN_POINT ( 'NONE',  ( 0.01657901870527597743, -0.5711492529229236226, -0.3235498181699824061 ) ) ;
#41 = B_SPLINE_SURFACE_WITH_KNOTS ( 'NONE', 3, 1, ( 
 ( #3505, #1623 ),
 ( #3874, #2014 ),
 ( #1599, #2373 ),
 ( #3242, #3095 ),
 ( #549, #2754 ),
 ( #3848, #1261 ),
 ( #1964, #1652 ),
 ( #3432, #2709 ) ),
 .UNSPECIFIED., .F., .F., .F.,
 ( 4, 1, 1, 1, 1, 4 ),
 ( 2, 2 ),
 ( 0.000000000000000000, 0.2754608071627706600, 0.6018774309564619562, 0.7072349411873528613, 0.9076058685481156463, 1.000000000000000000 ),
 ( 0.000000000000000000, 1.000000000000000000 ),
 .UNSPECIFIED. ) ;
#42 = FACE_OUTER_BOUND ( 'NONE', #4493, .T. ) ;
#43 = DIRECTION ( 'NONE',  ( 0.7424458707374892441, -0.6699060598508207454, 0.000000000000000000 ) ) ;
#44 = CARTESIAN_POINT ( 'NONE',  ( 0.000000000000000000, 0.000000000000000000, 0.000000000000000000 ) ) ;
#45 = EDGE_CURVE ( 'NONE', #3712, #10, #2782, .T. ) ;
#46 = LINE ( 'NONE', #4033, #1484 ) ;
#47 = CARTESIAN_POINT ( 'NONE',  ( -0.08696754562766258190, -0.5291503390633799375, 0.2700132242657855008 ) ) ;
#48 = CARTESIAN_POINT ( 'NONE',  ( 0.1707020581438380702, -0.5531022667475662402, -0.3105058910606428024 ) ) ;
#49 = ORIENTED_EDGE ( 'NONE', *, *, #4208, .F. ) ;
#50 = ORIENTED_EDGE ( 'NONE', *, *, #483, .F. ) ;
#51 = CARTESIAN_POINT ( 'NONE',  ( -0.8798653543246250930, -0.5104155425419641956, -0.2047244094488188948 ) ) ;
#52 = FACE_OUTER_BOUND ( 'NONE', #2495, .T. ) ;
#53 = CC_DESIGN_PERSON_AND_ORGANIZATION_ASSIGNMENT ( #3928, #3526, ( #2803 ) ) ;
#54 = CARTESIAN_POINT ( 'NONE',  ( -0.1323195322282105513, -0.5570898433182757126, 0.3212793406998882828 ) ) ;
#55 = VERTEX_POINT ( 'NONE', #1833 ) ;
#56 = ORIENTED_EDGE ( 'NONE', *, *, #1583, .T. ) ;
#57 = CARTESIAN_POINT ( 'NONE',  ( -0.2958911472814212407, -0.5570908895713218012, -0.1821429521441734201 ) ) ;
#58 = CARTESIAN_POINT ( 'NONE',  ( 0.1632043757727757727, -0.5570908895713310161, -0.3067441242858902073 ) ) ;
#59 = ORIENTED_EDGE ( 'NONE', *, *, #698, .T. ) ;
#60 = PERSON_AND_ORGANIZATION ( #1829, #4201 ) ;
#61 = B_SPLINE_CURVE_WITH_KNOTS ( 'NONE', 3,
 ( #255, #1285, #910, #3930, #2036, #3503, #179, #603 ),
 .UNSPECIFIED., .F., .F.,
 ( 4, 2, 2, 4 ),
 ( 1.410784888138461978E-14, 0.0003227673804012509261, 0.0006455347607883939968, 0.001291069521562677536 ),
 .UNSPECIFIED. ) ;
#62 = EDGE_CURVE ( 'NONE', #482, #4038, #1293, .T. ) ;
#63 = CARTESIAN_POINT ( 'NONE',  ( 4.404242367635613468E-17, -0.5500429158690482989, -0.3596336813767054275 ) ) ;
#64 = LINE ( 'NONE', #1555, #464 ) ;
#65 = EDGE_LOOP ( 'NONE', ( #1541, #1305, #3654, #4488 ) ) ;
#66 = CARTESIAN_POINT ( 'NONE',  ( -0.08811946407624049460, -0.5531022667475551380, -0.3432026530911960194 ) ) ;
#67 = CARTESIAN_POINT ( 'NONE',  ( -0.2931947345954337703, -0.5785182336645523504, 0.1018333032992563003 ) ) ;
#68 = EDGE_CURVE ( 'NONE', #1529, #2764, #292, .T. ) ;
#69 = CARTESIAN_POINT ( 'NONE',  ( 0.1984137474906246257, -0.5788433491993477675, 0.2385923130364150657 ) ) ;
#70 = CARTESIAN_POINT ( 'NONE',  ( 0.000000000000000000, 0.000000000000000000, 0.3661417322834645272 ) ) ;
#71 = CARTESIAN_POINT ( 'NONE',  ( 0.1756646699303727188, -0.5117481726913172269, 0.2557989371717915295 ) ) ;
#72 = ORIENTED_EDGE ( 'NONE', *, *, #2827, .F. ) ;
#73 = DIRECTION ( 'NONE',  ( 0.000000000000000000, 0.000000000000000000, 1.000000000000000000 ) ) ;
#74 = CARTESIAN_POINT ( 'NONE',  ( -0.2836722859818665010, -0.5291503390633798265, 0.0007276240287162000567 ) ) ;
#75 = CARTESIAN_POINT ( 'NONE',  ( 0.000000000000000000, 0.2244094488188976555, -8.537024980200822558E-18 ) ) ;
#76 = ORIENTED_EDGE ( 'NONE', *, *, #280, .T. ) ;
#77 = ORIENTED_EDGE ( 'NONE', *, *, #3718, .F. ) ;
#78 = AXIS2_PLACEMENT_3D ( 'NONE', #3177, #2382, #3438 ) ;
#79 = CARTESIAN_POINT ( 'NONE',  ( -0.2255661700352110943, -0.5785949642060882470, 0.2129121575287386825 ) ) ;
#80 = CARTESIAN_POINT ( 'NONE',  ( -0.2451135413502596727, -0.5533416366082751781, -0.2593839266326523063 ) ) ;
#81 = ORIENTED_EDGE ( 'NONE', *, *, #4721, .T. ) ;
#82 = CALENDAR_DATE ( 2026, 5, 4 ) ;
#83 = LOCAL_TIME ( 23, 27, 9.000000000000000000, #2775 ) ;
#84 = CARTESIAN_POINT ( 'NONE',  ( 0.02027905072429560945, -0.5788433491990535584, -0.3096499106012836622 ) ) ;
#85 = CARTESIAN_POINT ( 'NONE',  ( -0.3076334911437191288, -0.5785949642060881359, -0.03966508558699411574 ) ) ;
#86 = CARTESIAN_POINT ( 'NONE',  ( -0.08347282486595426765, -0.2894216745996738283, -0.1307893889703318491 ) ) ;
#87 = EDGE_CURVE ( 'NONE', #4139, #1775, #3207, .T. ) ;
#88 = FACE_OUTER_BOUND ( 'NONE', #1723, .T. ) ;
#89 = CARTESIAN_POINT ( 'NONE',  ( 0.000000000000000000, 0.000000000000000000, 0.000000000000000000 ) ) ;
#90 = CC_DESIGN_APPROVAL ( #561, ( #4781 ) ) ;
#91 = ADVANCED_FACE ( 'NONE', ( #635 ), #1991, .F. ) ;
#92 = VECTOR ( 'NONE', #3318, 39.37007874015748854 ) ;
#93 = FACE_OUTER_BOUND ( 'NONE', #3710, .T. ) ;
#94 = CARTESIAN_POINT ( 'NONE',  ( 0.1896548924616490439, -0.5036595598781938854, 0.2610375651131256469 ) ) ;
#95 = VERTEX_POINT ( 'NONE', #2510 ) ;
#96 = ORIENTED_EDGE ( 'NONE', *, *, #4538, .T. ) ;
#97 = CARTESIAN_POINT ( 'NONE',  ( 0.000000000000000000, 0.000000000000000000, 0.000000000000000000 ) ) ;
#98 = CARTESIAN_POINT ( 'NONE',  ( 0.3116797555113212659, -0.5611936780632695854, 0.1367030853384560707 ) ) ;
#99 = CARTESIAN_POINT ( 'NONE',  ( -0.2335706761615909122, -0.5711492529229237336, -0.2245085475799879215 ) ) ;
#100 = ORIENTED_EDGE ( 'NONE', *, *, #4232, .F. ) ;
#101 = CARTESIAN_POINT ( 'NONE',  ( -0.2444040360347600194, -0.5675532765349012854, 0.2207077833714693182 ) ) ;
#102 = DIRECTION ( 'NONE',  ( -0.3021028902628730695, -0.8813413940020675685, 0.3632783931275167522 ) ) ;
#103 = EDGE_LOOP ( 'NONE', ( #975, #4261, #4145, #1151 ) ) ;
#104 = APPROVAL_DATE_TIME ( #4518, #2142 ) ;
#105 = B_SPLINE_CURVE_WITH_KNOTS ( 'NONE', 3,
 ( #3931, #4326, #3551, #2808, #522, #578, #3528, #207 ),
 .UNSPECIFIED., .F., .F.,
 ( 4, 2, 2, 4 ),
 ( 0.0001822175744224238593, 0.0008899156074968139415, 0.001243764624034011165, 0.001597613640571208388 ),
 .UNSPECIFIED. ) ;
#106 = CARTESIAN_POINT ( 'NONE',  ( 0.000000000000000000, 0.000000000000000000, 0.000000000000000000 ) ) ;
#107 = CARTESIAN_POINT ( 'NONE',  ( 0.000000000000000000, 0.000000000000000000, 0.000000000000000000 ) ) ;
#108 = CC_DESIGN_PERSON_AND_ORGANIZATION_ASSIGNMENT ( #2062, #2370, ( #3653 ) ) ;
#109 = CARTESIAN_POINT ( 'NONE',  ( -0.07162701069388149877, -0.5650778416537696192, -0.3271952131529164420 ) ) ;
#110 = CARTESIAN_POINT ( 'NONE',  ( 0.2266554410257626828, -0.5785949642060881359, -0.2117522017389980860 ) ) ;
#111 = CARTESIAN_POINT ( 'NONE',  ( -0.08835156877550967569, -0.5291503390633798265, -0.2695635278850079253 ) ) ;
#112 = CARTESIAN_POINT ( 'NONE',  ( 0.000000000000000000, 0.000000000000000000, -8.537024980200822558E-18 ) ) ;
#113 = B_SPLINE_CURVE_WITH_KNOTS ( 'NONE', 3,
 ( #476, #1316, #554, #2353 ),
 .UNSPECIFIED., .F., .F.,
 ( 4, 4 ),
 ( 0.000000000000000000, 0.0009496860142668339579 ),
 .UNSPECIFIED. ) ;
#114 = DIRECTION ( 'NONE',  ( 0.000000000000000000, 0.000000000000000000, -1.000000000000000000 ) ) ;
#115 = ORIENTED_EDGE ( 'NONE', *, *, #2693, .F. ) ;
#116 = LINE ( 'NONE', #4231, #869 ) ;
#117 = B_SPLINE_CURVE_WITH_KNOTS ( 'NONE', 3,
 ( #4011, #2144, #1067, #2550, #3683, #2647, #2282, #2257 ),
 .UNSPECIFIED., .F., .F.,
 ( 4, 2, 2, 4 ),
 ( 1.537664173726144906E-14, 0.0003533926699086808359, 0.0007067853398019849744, 0.001413570679588591842 ),
 .UNSPECIFIED. ) ;
#118 = EDGE_CURVE ( 'NONE', #3761, #622, #663, .T. ) ;
#119 = CARTESIAN_POINT ( 'NONE',  ( 0.000000000000000000, 0.000000000000000000, 0.000000000000000000 ) ) ;
#120 = CARTESIAN_POINT ( 'NONE',  ( 0.000000000000000000, 0.000000000000000000, 0.000000000000000000 ) ) ;
#121 = CARTESIAN_POINT ( 'NONE',  ( 0.1440479639002614221, -0.5786007325225113185, 0.2749746037200829218 ) ) ;
#122 = ORIENTED_EDGE ( 'NONE', *, *, #4416, .F. ) ;
#123 = CARTESIAN_POINT ( 'NONE',  ( 0.3282433687876215034, -0.5585565789419792981, -0.1124622673128006789 ) ) ;
#124 = CARTESIAN_POINT ( 'NONE',  ( 0.000000000000000000, 0.000000000000000000, 0.000000000000000000 ) ) ;
#125 = CARTESIAN_POINT ( 'NONE',  ( -0.1655304935845350878, -0.5785949642060881359, 0.2623191559561679487 ) ) ;
#126 = CARTESIAN_POINT ( 'NONE',  ( -0.1370751913368774555, -0.5510269468160308159, 0.3343441109757595564 ) ) ;
#127 = EDGE_CURVE ( 'NONE', #1927, #3768, #3231, .T. ) ;
#128 = ORIENTED_EDGE ( 'NONE', *, *, #602, .F. ) ;
#129 = B_SPLINE_CURVE_WITH_KNOTS ( 'NONE', 3,
 ( #4363, #687, #267, #2895 ),
 .UNSPECIFIED., .F., .F.,
 ( 4, 4 ),
 ( 0.000000000000000000, 0.0008684883343403536305 ),
 .UNSPECIFIED. ) ;
#130 = CALENDAR_DATE ( 2026, 5, 4 ) ;
#131 = CARTESIAN_POINT ( 'NONE',  ( 0.000000000000000000, 0.000000000000000000, 0.000000000000000000 ) ) ;
#132 = CARTESIAN_POINT ( 'NONE',  ( 0.000000000000000000, 0.000000000000000000, 0.000000000000000000 ) ) ;
#133 = CARTESIAN_POINT ( 'NONE',  ( 0.2882279939434379545, -0.5788433491993477675, -0.1149736080180212561 ) ) ;
#134 = CARTESIAN_POINT ( 'NONE',  ( 0.000000000000000000, 0.000000000000000000, 0.000000000000000000 ) ) ;
#135 = CARTESIAN_POINT ( 'NONE',  ( -0.3608873743021307479, -0.5510269468160308159, -0.01832745736665244637 ) ) ;
#136 = CARTESIAN_POINT ( 'NONE',  ( 0.2640196774741999097, -0.5291503390633798265, 0.1037502056736489126 ) ) ;
#137 = CARTESIAN_POINT ( 'NONE',  ( 0.3021831157692113079, -0.5779555199654424769, -0.07715289508237328786 ) ) ;
#138 = CARTESIAN_POINT ( 'NONE',  ( 0.1813801642615783249, -0.5291503390633799375, 0.2181094479460892466 ) ) ;
#139 = ORIENTED_EDGE ( 'NONE', *, *, #2065, .T. ) ;
#140 = ORIENTED_EDGE ( 'NONE', *, *, #1197, .F. ) ;
#141 = CARTESIAN_POINT ( 'NONE',  ( 0.000000000000000000, 0.000000000000000000, 0.000000000000000000 ) ) ;
#142 = CARTESIAN_POINT ( 'NONE',  ( -0.05734023868538763030, -0.5785949642060880249, -0.3048340219125796335 ) ) ;
#143 = CARTESIAN_POINT ( 'NONE',  ( -0.09660727585226926151, -0.5785949642060880249, -0.2947519603671872046 ) ) ;
#144 = ORIENTED_EDGE ( 'NONE', *, *, #1425, .T. ) ;
#145 = CARTESIAN_POINT ( 'NONE',  ( 0.1503805682753453776, -0.2894216745996738838, -0.03820028067330429045 ) ) ;
#146 = CARTESIAN_POINT ( 'NONE',  ( 0.2890471760089777797, -0.5650778416537696192, -0.1692302166055424661 ) ) ;
#147 = CARTESIAN_POINT ( 'NONE',  ( 0.000000000000000000, 0.000000000000000000, 0.000000000000000000 ) ) ;
#148 = ORIENTED_EDGE ( 'NONE', *, *, #3282, .F. ) ;
#149 = CALENDAR_DATE ( 2026, 5, 4 ) ;
#150 = CARTESIAN_POINT ( 'NONE',  ( 0.2781632730108391516, -0.5786007325277197078, -0.1377898487469142730 ) ) ;
#151 = ORIENTED_EDGE ( 'NONE', *, *, #2065, .F. ) ;
#152 = FACE_OUTER_BOUND ( 'NONE', #2316, .T. ) ;
#153 = CARTESIAN_POINT ( 'NONE',  ( 0.2845834925000267912, -0.5076457267943569329, 0.1387213458750656547 ) ) ;
#154 = CARTESIAN_POINT ( 'NONE',  ( 0.3218703613139596853, -0.5711492529229237336, -0.03686216497548036597 ) ) ;
#155 = B_SPLINE_SURFACE_WITH_KNOTS ( 'NONE', 3, 1, ( 
 ( #1673, #4270 ),
 ( #517, #2008 ),
 ( #4670, #2421 ),
 ( #147, #3115 ),
 ( #1644, #3141 ),
 ( #2799, #4750 ),
 ( #2161, #2902 ),
 ( #3310, #4824 ) ),
 .UNSPECIFIED., .F., .F., .F.,
 ( 4, 1, 1, 1, 1, 4 ),
 ( 2, 2 ),
 ( 0.000000000000000000, 0.09239413145188504761, 0.2927650588126481379, 0.3981225690435391540, 0.7245391928372308943, 1.000000000000000000 ),
 ( 0.000000000000000000, 1.000000000000000000 ),
 .UNSPECIFIED. ) ;
#156 = CARTESIAN_POINT ( 'NONE',  ( 0.000000000000000000, 0.2244094488188976555, 0.000000000000000000 ) ) ;
#157 = CARTESIAN_POINT ( 'NONE',  ( 0.000000000000000000, 0.000000000000000000, 0.000000000000000000 ) ) ;
#158 = CARTESIAN_POINT ( 'NONE',  ( 0.2039398112044155387, -0.5697155349887064180, 0.2537713455726877121 ) ) ;
#159 = CARTESIAN_POINT ( 'NONE',  ( 0.2714286944482288688, -0.5785949642060881359, 0.1501271052076413870 ) ) ;
#160 = CARTESIAN_POINT ( 'NONE',  ( -0.2714286944482310893, -0.5785949642060881359, 0.1501271052076375290 ) ) ;
#161 = CARTESIAN_POINT ( 'NONE',  ( 0.000000000000000000, 0.2244094488188976555, -8.537024980200822558E-18 ) ) ;
#162 = VERTEX_POINT ( 'NONE', #3559 ) ;
#163 = VERTEX_POINT ( 'NONE', #4431 ) ;
#164 = B_SPLINE_CURVE_WITH_KNOTS ( 'NONE', 3,
 ( #3795, #472, #4221, #1455, #9, #719, #740, #3694 ),
 .UNSPECIFIED., .F., .F.,
 ( 4, 2, 2, 4 ),
 ( 0.0001657239593221567593, 0.0008120922820787073327, 0.001135276443456983975, 0.001458460604835260400 ),
 .UNSPECIFIED. ) ;
#165 = AXIS2_PLACEMENT_3D ( 'NONE', #550, #256, #2039 ) ;
#166 = CARTESIAN_POINT ( 'NONE',  ( -0.05386962166555283454, -0.5291503390633799375, 0.2785113267580246466 ) ) ;
#167 = CARTESIAN_POINT ( 'NONE',  ( -0.08024232255334139141, -0.5036595598781937744, -0.3125232124276124956 ) ) ;
#168 = DIRECTION ( 'NONE',  ( 0.000000000000000000, 0.000000000000000000, 1.000000000000000000 ) ) ;
#169 = ORIENTED_EDGE ( 'NONE', *, *, #1079, .T. ) ;
#170 = VECTOR ( 'NONE', #1473, 39.37007874015748143 ) ;
#171 = CARTESIAN_POINT ( 'NONE',  ( 0.000000000000000000, 0.000000000000000000, 0.000000000000000000 ) ) ;
#172 = CARTESIAN_POINT ( 'NONE',  ( 0.000000000000000000, 0.000000000000000000, 0.000000000000000000 ) ) ;
#173 = CARTESIAN_POINT ( 'NONE',  ( -0.1896548924616530130, -0.5036595598781937744, 0.2610375651131228714 ) ) ;
#174 = B_SPLINE_CURVE_WITH_KNOTS ( 'NONE', 3,
 ( #111, #2781, #3881, #4278, #4253, #1994, #2068, #4603 ),
 .UNSPECIFIED., .F., .F.,
 ( 4, 2, 2, 4 ),
 ( 1.410731678364867538E-14, 0.0003227673804012480530, 0.0006455347607883887926, 0.001291069521562672765 ),
 .UNSPECIFIED. ) ;
#175 = EDGE_CURVE ( 'NONE', #4747, #4774, #2099, .T. ) ;
#176 = APPROVAL_ROLE ( '' ) ;
#177 = B_SPLINE_CURVE_WITH_KNOTS ( 'NONE', 3,
 ( #3989, #611, #1442, #1046, #662, #4408, #2531, #2913 ),
 .UNSPECIFIED., .F., .F.,
 ( 4, 2, 2, 4 ),
 ( 1.410848865754937053E-14, 0.0003227673804012508719, 0.0006455347607883932378, 0.001291069521562671031 ),
 .UNSPECIFIED. ) ;
#178 = EDGE_CURVE ( 'NONE', #3495, #4300, #2171, .T. ) ;
#179 = CARTESIAN_POINT ( 'NONE',  ( -0.1563166351450346048, -0.5076451741082081970, -0.2753125778547717006 ) ) ;
#180 = CARTESIAN_POINT ( 'NONE',  ( -0.8798653543246250930, -0.5104155425419641956, -0.2047244094488188948 ) ) ;
#181 = CARTESIAN_POINT ( 'NONE',  ( 0.000000000000000000, 0.000000000000000000, 0.000000000000000000 ) ) ;
#182 = ADVANCED_FACE ( 'NONE', ( #2864 ), #4358, .T. ) ;
#183 = CARTESIAN_POINT ( 'NONE',  ( 0.1984137474908591603, -0.5788433491990536695, 0.2385923130368935996 ) ) ;
#184 = CARTESIAN_POINT ( 'NONE',  ( 0.05244015005208892133, -0.5291503390633798265, -0.2787840130520748971 ) ) ;
#185 = CARTESIAN_POINT ( 'NONE',  ( 0.000000000000000000, 0.000000000000000000, 0.000000000000000000 ) ) ;
#186 = CARTESIAN_POINT ( 'NONE',  ( 0.2696121025727062359, -0.5246608535493826331, 0.1082795599065801556 ) ) ;
#187 = CARTESIAN_POINT ( 'NONE',  ( 0.2724309963356771336, -0.5036595598781936634, -0.1728899675237963451 ) ) ;
#188 = ADVANCED_FACE ( 'NONE', ( #318 ), #2679, .F. ) ;
#189 = CARTESIAN_POINT ( 'NONE',  ( -0.1427914071627373049, -0.5697115686609648399, -0.2925857706787631241 ) ) ;
#190 = VERTEX_POINT ( 'NONE', #1534 ) ;
#191 = ORIENTED_EDGE ( 'NONE', *, *, #1048, .T. ) ;
#192 = B_SPLINE_CURVE_WITH_KNOTS ( 'NONE', 1,
 ( #3941, #614 ),
 .UNSPECIFIED., .F., .F.,
 ( 2, 2 ),
 ( 2.325202133283575659E-05, 0.001514701155316569743 ),
 .UNSPECIFIED. ) ;
#193 = DIRECTION ( 'NONE',  ( -0.000000000000000000, 1.000000000000000000, 1.299146873706801522E-16 ) ) ;
#194 = LINE ( 'NONE', #3838, #2256 ) ;
#195 = CARTESIAN_POINT ( 'NONE',  ( -0.2888140157567281041, -0.5788433491990536695, 0.1134934858753304104 ) ) ;
#196 = DIRECTION ( 'NONE',  ( -0.4397454814088603281, 0.8813413940020676796, -0.1728041052723631454 ) ) ;
#197 = B_SPLINE_CURVE_WITH_KNOTS ( 'NONE', 3,
 ( #1214, #3799, #1920, #3749, #3099, #4199, #769, #1626 ),
 .UNSPECIFIED., .F., .F.,
 ( 4, 2, 2, 4 ),
 ( 1.410801719251087459E-14, 0.0003227673804012225200, 0.0006455347607883369677, 0.001291069521562564562 ),
 .UNSPECIFIED. ) ;
#198 = ORIENTED_EDGE ( 'NONE', *, *, #3864, .T. ) ;
#199 = ORIENTED_EDGE ( 'NONE', *, *, #1770, .F. ) ;
#200 = APPROVAL ( #1647, 'UNSPECIFIED' ) ;
#201 = LINE ( 'NONE', #145, #4678 ) ;
#202 = CARTESIAN_POINT ( 'NONE',  ( 0.2735023327389644598, -0.5779555199654424769, -0.1498788799728802135 ) ) ;
#203 = CARTESIAN_POINT ( 'NONE',  ( 0.000000000000000000, 0.000000000000000000, -0.2047244094488188948 ) ) ;
#204 = EDGE_LOOP ( 'NONE', ( #1225, #2279, #2391, #1165 ) ) ;
#205 = CALENDAR_DATE ( 2026, 5, 4 ) ;
#206 = CARTESIAN_POINT ( 'NONE',  ( 0.2351182307876402422, -0.5785182336645522394, -0.2026143914104206745 ) ) ;
#207 = CARTESIAN_POINT ( 'NONE',  ( 0.05890328233474010494, -0.5785949642060882470, 0.3045358553899525922 ) ) ;
#208 = DIRECTION ( 'NONE',  ( -0.3002352973167642380, 0.8813413940020674575, 0.3648234003783291102 ) ) ;
#209 = CARTESIAN_POINT ( 'NONE',  ( -0.2715452160547246474, -0.5788433491990536695, 0.1501915532626731664 ) ) ;
#210 = CARTESIAN_POINT ( 'NONE',  ( 0.09974592601654484747, -0.5741050682364792213, 0.3019097679666635226 ) ) ;
#211 = EDGE_CURVE ( 'NONE', #4218, #3380, #2962, .T. ) ;
#212 = DIRECTION ( 'NONE',  ( -0.8660254037844411501, 0.4999999999999955036, 0.000000000000000000 ) ) ;
#213 = CARTESIAN_POINT ( 'NONE',  ( 0.3169449763777928419, -0.5036595598772516391, 0.06046048778599025231 ) ) ;
#214 = CARTESIAN_POINT ( 'NONE',  ( 0.009013050849037303885, -0.5611928409090068959, -0.3402230804716959711 ) ) ;
#215 = EDGE_LOOP ( 'NONE', ( #903, #1429, #1670, #1439 ) ) ;
#216 = CARTESIAN_POINT ( 'NONE',  ( 0.01446749527860111129, -0.5202702371058175457, -0.2969057461469951642 ) ) ;
#217 = CARTESIAN_POINT ( 'NONE',  ( 0.000000000000000000, 0.000000000000000000, 0.000000000000000000 ) ) ;
#218 = CARTESIAN_POINT ( 'NONE',  ( 0.1304393140617567115, -0.5531022667475553600, 0.3294521002892801254 ) ) ;
#219 = CARTESIAN_POINT ( 'NONE',  ( 0.1656015541593688356, -0.5788433491990536695, 0.2624317669293544375 ) ) ;
#220 = CARTESIAN_POINT ( 'NONE',  ( -0.02868242713629767793, -0.2894216745996738283, -0.1524824420446695694 ) ) ;
#221 = ORIENTED_EDGE ( 'NONE', *, *, #3292, .F. ) ;
#222 = CARTESIAN_POINT ( 'NONE',  ( -0.02991217932642064453, -0.5291561317290429667, -0.2823130669276033844 ) ) ;
#223 = FACE_OUTER_BOUND ( 'NONE', #4182, .T. ) ;
#224 = CARTESIAN_POINT ( 'NONE',  ( 0.000000000000000000, 0.000000000000000000, 0.000000000000000000 ) ) ;
#225 = ORIENTED_EDGE ( 'NONE', *, *, #1319, .T. ) ;
#226 = APPROVAL_STATUS ( 'not_yet_approved' ) ;
#227 = AXIS2_PLACEMENT_3D ( 'NONE', #4022, #2134, #1841 ) ;
#228 = B_SPLINE_CURVE_WITH_KNOTS ( 'NONE', 3,
 ( #3074, #3120, #911, #3221 ),
 .UNSPECIFIED., .F., .F.,
 ( 4, 4 ),
 ( 0.000000000000000000, 0.0008684883343403522211 ),
 .UNSPECIFIED. ) ;
#229 = FACE_OUTER_BOUND ( 'NONE', #3451, .T. ) ;
#230 = CARTESIAN_POINT ( 'NONE',  ( 0.2881043136620079492, -0.5785949642060881359, -0.1149242721849463855 ) ) ;
#231 = CARTESIAN_POINT ( 'NONE',  ( -0.1870457017801247790, -0.5650778416537698412, 0.2778507542129485253 ) ) ;
#232 = CONICAL_SURFACE ( 'NONE', #1634, 0.3596336813767053719, 1.047197551196588527 ) ;
#233 = CARTESIAN_POINT ( 'NONE',  ( 0.000000000000000000, 0.000000000000000000, 0.000000000000000000 ) ) ;
#234 = CARTESIAN_POINT ( 'NONE',  ( 0.000000000000000000, 0.000000000000000000, 0.000000000000000000 ) ) ;
#235 = CARTESIAN_POINT ( 'NONE',  ( 0.1668740123983561974, -0.5785949642060880249, -0.2614665329903037572 ) ) ;
#236 = CIRCLE ( 'NONE', #2957, 0.6850393700787401619 ) ;
#237 = LINE ( 'NONE', #998, #4190 ) ;
#238 = B_SPLINE_CURVE_WITH_KNOTS ( 'NONE', 3,
 ( #382, #4830, #3750, #1874, #3342, #22, #2987, #1159 ),
 .UNSPECIFIED., .F., .F.,
 ( 4, 2, 2, 4 ),
 ( 1.410818107233600984E-14, 0.0003227673804012517393, 0.0006455347607883952978, 0.001291069521562679921 ),
 .UNSPECIFIED. ) ;
#239 = CARTESIAN_POINT ( 'NONE',  ( 0.05244015005208892133, -0.5291503390633798265, -0.2787840130520748971 ) ) ;
#240 = AXIS2_PLACEMENT_3D ( 'NONE', #865, #2428, #1655 ) ;
#241 = B_SPLINE_SURFACE_WITH_KNOTS ( 'NONE', 3, 1, ( 
 ( #1733, #1757 ),
 ( #3511, #2478 ),
 ( #1294, #3956 ),
 ( #2503, #4705 ),
 ( #1367, #630 ),
 ( #2119, #4279 ),
 ( #2141, #3579 ),
 ( #260, #3228 ) ),
 .UNSPECIFIED., .F., .F., .F.,
 ( 4, 1, 1, 1, 1, 4 ),
 ( 2, 2 ),
 ( 0.000000000000000000, 0.09239413145188504761, 0.2927650588126481379, 0.3981225690435391540, 0.7245391928372308943, 1.000000000000000000 ),
 ( 0.000000000000000000, 1.000000000000000000 ),
 .UNSPECIFIED. ) ;
#242 = CARTESIAN_POINT ( 'NONE',  ( 0.01304290852081119167, -0.5181076722195298023, -0.3002842827186705810 ) ) ;
#243 = CARTESIAN_POINT ( 'NONE',  ( -0.3536355315669381105, -0.5531022667475554710, -0.02224886179760300620 ) ) ;
#244 = CARTESIAN_POINT ( 'NONE',  ( 0.000000000000000000, -0.5662497646253558115, -7.356416114502432830E-17 ) ) ;
#245 = CARTESIAN_POINT ( 'NONE',  ( 0.000000000000000000, 0.000000000000000000, 0.000000000000000000 ) ) ;
#246 = CARTESIAN_POINT ( 'NONE',  ( -0.05803811868967317239, -0.5741050682364792213, 0.3126185127748292714 ) ) ;
#247 = ORIENTED_EDGE ( 'NONE', *, *, #2979, .T. ) ;
#248 = ADVANCED_FACE ( 'NONE', ( #3320 ), #4196, .F. ) ;
#249 = CC_DESIGN_APPROVAL ( #3337, ( #2803 ) ) ;
#250 = CARTESIAN_POINT ( 'NONE',  ( -0.2082727287965566165, -0.5531022667475554710, 0.2866628184427753578 ) ) ;
#251 = CARTESIAN_POINT ( 'NONE',  ( 0.1313479281592155046, -0.5785949642060880249, -0.2809971630749640292 ) ) ;
#252 = CARTESIAN_POINT ( 'NONE',  ( 0.3101790626166037734, -0.5785949642060881359, 0.0007956143420377147094 ) ) ;
#253 = VECTOR ( 'NONE', #767, 39.37007874015748143 ) ;
#254 = EDGE_LOOP ( 'NONE', ( #4537, #148, #76, #2321 ) ) ;
#255 = CARTESIAN_POINT ( 'NONE',  ( -0.1526135651087397738, -0.5291503390633798265, -0.2391225522942273807 ) ) ;
#256 = DIRECTION ( 'NONE',  ( 0.000000000000000000, 1.000000000000000000, 0.000000000000000000 ) ) ;
#257 = CARTESIAN_POINT ( 'NONE',  ( 0.3019190081631220046, -0.5533416366082751781, -0.1902776446628326734 ) ) ;
#258 = CARTESIAN_POINT ( 'NONE',  ( 0.2356209867044544992, -0.5675494520111776797, -0.2300703571179325280 ) ) ;
#259 = CARTESIAN_POINT ( 'NONE',  ( 0.03005377624939465503, -0.5650778416537697302, 0.3335924260295413113 ) ) ;
#260 = CARTESIAN_POINT ( 'NONE',  ( 0.000000000000000000, 0.000000000000000000, 0.000000000000000000 ) ) ;
#261 = CC_DESIGN_PERSON_AND_ORGANIZATION_ASSIGNMENT ( #2011, #3473, ( #1809 ) ) ;
#262 = FACE_OUTER_BOUND ( 'NONE', #1334, .T. ) ;
#263 = CARTESIAN_POINT ( 'NONE',  ( 0.000000000000000000, 0.000000000000000000, 0.000000000000000000 ) ) ;
#264 = CARTESIAN_POINT ( 'NONE',  ( 0.2108181367222951019, -0.5246614642377032123, -0.1999257802146497676 ) ) ;
#265 = CARTESIAN_POINT ( 'NONE',  ( 0.2919516552389579411, -0.5036595598781938854, 0.1373820207962513917 ) ) ;
#266 = ADVANCED_FACE ( 'NONE', ( #4457 ), #508, .F. ) ;
#267 = CARTESIAN_POINT ( 'NONE',  ( 0.1097931146808841796, -0.5291561317290427446, -0.2618031287032215326 ) ) ;
#268 = CARTESIAN_POINT ( 'NONE',  ( -0.2730196020075481567, -0.5531022667475552490, 0.2258614574414139764 ) ) ;
#269 = CARTESIAN_POINT ( 'NONE',  ( 0.000000000000000000, 0.000000000000000000, 0.000000000000000000 ) ) ;
#270 = CARTESIAN_POINT ( 'NONE',  ( -0.05645692599023541952, -0.5697115686609649510, 0.3206375440757572859 ) ) ;
#271 = ORIENTED_EDGE ( 'NONE', *, *, #477, .F. ) ;
#272 = ORIENTED_EDGE ( 'NONE', *, *, #1153, .T. ) ;
#273 = ADVANCED_FACE ( 'NONE', ( #4074 ), #4554, .F. ) ;
#274 = CARTESIAN_POINT ( 'NONE',  ( -0.2748083110368532145, -0.5202702371058175457, 0.1133257371465652835 ) ) ;
#275 = EDGE_CURVE ( 'NONE', #4300, #1121, #238, .T. ) ;
#276 = CARTESIAN_POINT ( 'NONE',  ( -0.04361749896472746912, -0.5533416366082752891, 0.3542007669849127627 ) ) ;
#277 = CARTESIAN_POINT ( 'NONE',  ( 0.000000000000000000, 0.000000000000000000, 0.000000000000000000 ) ) ;
#278 = EDGE_LOOP ( 'NONE', ( #3689, #2358, #4159, #3335 ) ) ;
#279 = CONTEXT_DEPENDENT_SHAPE_REPRESENTATION ( #4671, #2964 ) ;
#280 = EDGE_CURVE ( 'NONE', #3572, #2331, #1984, .T. ) ;
#281 = CARTESIAN_POINT ( 'NONE',  ( 0.000000000000000000, 0.000000000000000000, 0.000000000000000000 ) ) ;
#282 = CARTESIAN_POINT ( 'NONE',  ( 0.01708574198396278082, -0.5291503390633799375, 0.2831582114150363316 ) ) ;
#283 = ORIENTED_EDGE ( 'NONE', *, *, #4447, .F. ) ;
#284 = B_SPLINE_SURFACE_WITH_KNOTS ( 'NONE', 3, 1, ( 
 ( #4811, #3295 ),
 ( #705, #3960 ),
 ( #2170, #632 ),
 ( #263, #1393 ),
 ( #1759, #2192 ),
 ( #2097, #2863 ),
 ( #3230, #4738 ),
 ( #4356, #2460 ) ),
 .UNSPECIFIED., .F., .F., .F.,
 ( 4, 1, 1, 1, 1, 4 ),
 ( 2, 2 ),
 ( 0.000000000000000000, 0.2754608071627706600, 0.6018774309564619562, 0.7072349411873528613, 0.9076058685481156463, 1.000000000000000000 ),
 ( 0.000000000000000000, 1.000000000000000000 ),
 .UNSPECIFIED. ) ;
#285 = CARTESIAN_POINT ( 'NONE',  ( 0.000000000000000000, 0.000000000000000000, 0.000000000000000000 ) ) ;
#286 = B_SPLINE_CURVE_WITH_KNOTS ( 'NONE', 3,
 ( #3839, #3356, #2630, #4132, #1171, #3760, #2293, #441 ),
 .UNSPECIFIED., .F., .F.,
 ( 4, 2, 2, 4 ),
 ( 1.410869076853494326E-14, 0.0003227673804012512514, 0.0006455347607883938884, 0.001291069521562674283 ),
 .UNSPECIFIED. ) ;
#287 = CARTESIAN_POINT ( 'NONE',  ( 0.04962072290458897222, -0.5510269468160309270, 0.3579292897803120210 ) ) ;
#288 = CARTESIAN_POINT ( 'NONE',  ( -0.05734023868538763030, -0.5785949642060880249, -0.3048340219125796335 ) ) ;
#289 = CARTESIAN_POINT ( 'NONE',  ( -0.04440991750222601092, -0.5531022667475552490, 0.3515406950345364434 ) ) ;
#290 = CARTESIAN_POINT ( 'NONE',  ( -2.294325463428971948E-17, -0.5785995125482514823, 0.3101722050370749328 ) ) ;
#291 = CARTESIAN_POINT ( 'NONE',  ( 0.000000000000000000, 0.000000000000000000, 0.000000000000000000 ) ) ;
#292 = B_SPLINE_CURVE_WITH_KNOTS ( 'NONE', 3,
 ( #4410, #2482, #3583, #2838, #1445, #264, #1394, #1069 ),
 .UNSPECIFIED., .F., .F.,
 ( 4, 2, 2, 4 ),
 ( 0.0001657239593221639963, 0.0008120922820787142716, 0.001135276443456989179, 0.001458460604835264303 ),
 .UNSPECIFIED. ) ;
#293 = CARTESIAN_POINT ( 'NONE',  ( -0.7420587615486897715, -0.2717275222360906461, 0.2086614173228346636 ) ) ;
#294 = CARTESIAN_POINT ( 'NONE',  ( 0.2290680135192280087, -0.5291503390633798265, -0.1673270463889798831 ) ) ;
#295 = CARTESIAN_POINT ( 'NONE',  ( -0.2606468306966765458, -0.5697115686609649510, 0.1950872851084308468 ) ) ;
#296 = CARTESIAN_POINT ( 'NONE',  ( -0.3169449763787201557, -0.5036595598787236838, 0.06046048778616230912 ) ) ;
#297 = CARTESIAN_POINT ( 'NONE',  ( 0.1778987410625879340, -0.5510269468160307049, -0.3145276308252727415 ) ) ;
#298 = ORIENTED_EDGE ( 'NONE', *, *, #2856, .F. ) ;
#299 = B_SPLINE_CURVE_WITH_KNOTS ( 'NONE', 3,
 ( #3089, #570, #1306, #596, #2082, #959, #4563, #4642 ),
 .UNSPECIFIED., .F., .F.,
 ( 4, 2, 2, 4 ),
 ( 1.537730852808842916E-14, 0.0003533926699086808901, 0.0007067853398019845407, 0.001413570679588594227 ),
 .UNSPECIFIED. ) ;
#300 = EDGE_LOOP ( 'NONE', ( #2879, #4085, #4597, #3222 ) ) ;
#301 = PLANE ( 'NONE',  #2186 ) ;
#302 = CARTESIAN_POINT ( 'NONE',  ( 3.683572797849387735E-17, -0.6153076169366386017, -0.2465919031868468447 ) ) ;
#303 = CARTESIAN_POINT ( 'NONE',  ( -0.2232227225169083895, -0.8895283427775351193, -0.2047244094488188948 ) ) ;
#304 = ORIENTED_EDGE ( 'NONE', *, *, #997, .F. ) ;
#305 = EDGE_CURVE ( 'NONE', #1120, #2871, #4477, .T. ) ;
#306 = EDGE_CURVE ( 'NONE', #1057, #3327, #3660, .T. ) ;
#307 = CARTESIAN_POINT ( 'NONE',  ( -0.3083557052902715090, -0.5741060011268072083, 0.07755311518689721184 ) ) ;
#308 = ORIENTED_EDGE ( 'NONE', *, *, #2698, .F. ) ;
#309 = CARTESIAN_POINT ( 'NONE',  ( -0.1994508014742285285, -0.5585565789419794092, 0.2839204968181587296 ) ) ;
#310 =( LENGTH_UNIT ( ) NAMED_UNIT ( * ) SI_UNIT ( $, .METRE. ) );
#311 = DIRECTION ( 'NONE',  ( -0.3021028902628676849, 0.8813413940020675685, -0.3632783931275213041 ) ) ;
#312 = EDGE_CURVE ( 'NONE', #587, #4026, #113, .T. ) ;
#313 = B_SPLINE_CURVE_WITH_KNOTS ( 'NONE', 3,
 ( #2793, #2442, #643, #2487 ),
 .UNSPECIFIED., .F., .F.,
 ( 4, 4 ),
 ( 0.000000000000000000, 0.0009496860142668348253 ),
 .UNSPECIFIED. ) ;
#314 = AXIS2_PLACEMENT_3D ( 'NONE', #4723, #2847, #1033 ) ;
#315 = CARTESIAN_POINT ( 'NONE',  ( -0.2950027880097135791, -0.5751480959758970002, -0.1156085599500493027 ) ) ;
#316 = DIRECTION ( 'NONE',  ( 1.000000000000000000, 0.000000000000000000, 0.000000000000000000 ) ) ;
#317 = ORIENTED_EDGE ( 'NONE', *, *, #4050, .T. ) ;
#318 = FACE_OUTER_BOUND ( 'NONE', #3642, .T. ) ;
#319 = DIRECTION ( 'NONE',  ( -0.2000749630822803438, 0.8813413940020674575, 0.4280272846047510904 ) ) ;
#320 = CARTESIAN_POINT ( 'NONE',  ( -0.3141319553690143929, -0.5763141770085491444, -0.0001558219089418337166 ) ) ;
#321 = CARTESIAN_POINT ( 'NONE',  ( 0.09677546656800826985, -0.5779555199654423658, -0.2964822317544924535 ) ) ;
#322 = CARTESIAN_POINT ( 'NONE',  ( 0.001119565499703413947, -0.5533416366082751781, -0.3568745103278328501 ) ) ;
#323 = CARTESIAN_POINT ( 'NONE',  ( 0.000000000000000000, 0.000000000000000000, 0.000000000000000000 ) ) ;
#324 = VERTEX_POINT ( 'NONE', #4225 ) ;
#325 = EDGE_LOOP ( 'NONE', ( #2518, #2294, #2345, #1299 ) ) ;
#326 = PRODUCT_DEFINITION_SHAPE ( 'NONE', 'NONE',  #1346 ) ;
#327 = CARTESIAN_POINT ( 'NONE',  ( 0.1710023489788107809, -0.5675494520111803443, -0.2814388303764780441 ) ) ;
#328 = CARTESIAN_POINT ( 'NONE',  ( 0.2730196020075447705, -0.5531022667475549159, 0.2258614574414180010 ) ) ;
#329 = VERTEX_POINT ( 'NONE', #3800 ) ;
#330 = CARTESIAN_POINT ( 'NONE',  ( 0.3101790626166037734, -0.5785949642060881359, 0.0007956143420377147094 ) ) ;
#331 = ORIENTED_EDGE ( 'NONE', *, *, #3957, .F. ) ;
#332 = APPROVAL_DATE_TIME ( #1012, #3337 ) ;
#333 = EDGE_CURVE ( 'NONE', #1972, #2547, #3821, .T. ) ;
#334 = CARTESIAN_POINT ( 'NONE',  ( -0.08811946407624049460, -0.5531022667475551380, -0.3432026530911960194 ) ) ;
#335 = EDGE_CURVE ( 'NONE', #2201, #3350, #174, .T. ) ;
#336 = ORIENTED_EDGE ( 'NONE', *, *, #178, .T. ) ;
#337 = EDGE_CURVE ( 'NONE', #1385, #2724, #1265, .T. ) ;
#338 = CARTESIAN_POINT ( 'NONE',  ( 0.04832437419161252079, -0.2894216745996738283, -0.1474392472082113048 ) ) ;
#339 = CARTESIAN_POINT ( 'NONE',  ( -0.2899627711914986028, -0.5585565789419792981, -0.1905598647279352909 ) ) ;
#340 = CARTESIAN_POINT ( 'NONE',  ( -0.1339038111869761127, -0.5751480959758971112, 0.2871615458532543741 ) ) ;
#341 = CARTESIAN_POINT ( 'NONE',  ( 0.2888140157567265498, -0.5788433491990535584, 0.1134934858753345738 ) ) ;
#342 = EDGE_CURVE ( 'NONE', #3081, #599, #4476, .T. ) ;
#343 = CARTESIAN_POINT ( 'NONE',  ( -0.2670477679728749942, -0.5268700205389785785, -0.1055822690586908225 ) ) ;
#344 = CARTESIAN_POINT ( 'NONE',  ( -0.1690445488046533606, -0.5741060011268070973, -0.2692984722936321296 ) ) ;
#345 = FACE_OUTER_BOUND ( 'NONE', #215, .T. ) ;
#346 = ORIENTED_EDGE ( 'NONE', *, *, #958, .T. ) ;
#347 = ORIENTED_EDGE ( 'NONE', *, *, #2789, .T. ) ;
#348 = B_SPLINE_CURVE_WITH_KNOTS ( 'NONE', 3,
 ( #4422, #4373, #3716, #1821 ),
 .UNSPECIFIED., .F., .F.,
 ( 4, 4 ),
 ( 0.000000000000000000, 0.0008684883343403524379 ),
 .UNSPECIFIED. ) ;
#349 = CARTESIAN_POINT ( 'NONE',  ( 0.000000000000000000, 0.000000000000000000, 0.000000000000000000 ) ) ;
#350 = CARTESIAN_POINT ( 'NONE',  ( -0.04896357742193795798, -0.5585565789419794092, 0.3435026037866789617 ) ) ;
#351 = CARTESIAN_POINT ( 'NONE',  ( 0.3094701334631699274, -0.5779555199654424769, 0.03867093443231051086 ) ) ;
#352 = ORIENTED_EDGE ( 'NONE', *, *, #3463, .F. ) ;
#354 = B_SPLINE_CURVE_WITH_KNOTS ( 'NONE', 3,
 ( #4243, #1255, #907, #1333, #4217, #598, #2394, #493 ),
 .UNSPECIFIED., .F., .F.,
 ( 4, 2, 2, 4 ),
 ( 0.0001822175744223622224, 0.0008899156074968180615, 0.001243764624034044558, 0.001597613640571271055 ),
 .UNSPECIFIED. ) ;
#353 = FACE_OUTER_BOUND ( 'NONE', #4693, .T. ) ;
#355 = ORIENTED_EDGE ( 'NONE', *, *, #306, .T. ) ;
#356 = ORIENTED_EDGE ( 'NONE', *, *, #4447, .T. ) ;
#357 = LENGTH_MEASURE_WITH_UNIT ( LENGTH_MEASURE( 0.02539999999999999897 ), #310 );
#358 = B_SPLINE_CURVE_WITH_KNOTS ( 'NONE', 3,
 ( #2946, #4129, #2268, #3353, #1929, #2626, #803, #2291 ),
 .UNSPECIFIED., .F., .F.,
 ( 4, 2, 2, 4 ),
 ( 0.0001657239593221452125, 0.0008120922820786973580, 0.001135276443456973133, 0.001458460604835249124 ),
 .UNSPECIFIED. ) ;
#359 = EDGE_CURVE ( 'NONE', #568, #4752, #2380, .T. ) ;
#360 = DIRECTION ( 'NONE',  ( -0.2022681098405973432, -0.8813413940020675685, 0.4269952680768302478 ) ) ;
#361 = CARTESIAN_POINT ( 'NONE',  ( 0.000000000000000000, 0.000000000000000000, 0.000000000000000000 ) ) ;
#362 = CARTESIAN_POINT ( 'NONE',  ( -0.1317380062624346204, -0.5291561317255571995, 0.2514766465952049113 ) ) ;
#363 = CARTESIAN_POINT ( 'NONE',  ( 0.000000000000000000, 0.000000000000000000, 0.000000000000000000 ) ) ;
#364 = PRODUCT_DEFINITION_SHAPE ( 'NONE', 'NONE',  #3783 ) ;
#365 = ADVANCED_FACE ( 'NONE', ( #4549 ), #3106, .F. ) ;
#366 = CARTESIAN_POINT ( 'NONE',  ( 0.3224330234748618018, -0.5533416366082752891, 0.1529627893361574509 ) ) ;
#367 = CARTESIAN_POINT ( 'NONE',  ( 0.09584675807012855986, -0.5202702371058175457, 0.2813818215204855755 ) ) ;
#368 = CARTESIAN_POINT ( 'NONE',  ( -0.2208760891048009989, -0.5036595598781937744, -0.2352091450105569248 ) ) ;
#369 = CARTESIAN_POINT ( 'NONE',  ( 0.1359082723265447323, -0.5751480959758970002, -0.2862183180378956027 ) ) ;
#370 = B_SPLINE_CURVE_WITH_KNOTS ( 'NONE', 3,
 ( #4173, #479, #1242, #1604, #3153, #1970, #584, #1268 ),
 .UNSPECIFIED., .F., .F.,
 ( 4, 2, 2, 4 ),
 ( 1.410790392046536603E-14, 0.0003227673804012495709, 0.0006455347607883911779, 0.001291069521562671898 ),
 .UNSPECIFIED. ) ;
#371 = VERTEX_POINT ( 'NONE', #4652 ) ;
#372 = FACE_OUTER_BOUND ( 'NONE', #3793, .T. ) ;
#373 = CARTESIAN_POINT ( 'NONE',  ( -0.1444070078781460875, -0.2894216745996738838, 0.05674674293751204301 ) ) ;
#374 = CARTESIAN_POINT ( 'NONE',  ( -0.3101371002078988637, -0.5786007325225112075, 0.01326000261928450552 ) ) ;
#375 = VERTEX_POINT ( 'NONE', #2688 ) ;
#376 = CARTESIAN_POINT ( 'NONE',  ( -0.3325062765161113099, -0.5611936780632695854, 0.07260564450538120607 ) ) ;
#377 = ORIENTED_EDGE ( 'NONE', *, *, #4763, .F. ) ;
#378 =( CONVERSION_BASED_UNIT ( 'INCH', #658 ) LENGTH_UNIT ( ) NAMED_UNIT ( #4794 ) );
#379 = CARTESIAN_POINT ( 'NONE',  ( -0.2442641005131176712, -0.5117481726913154505, 0.1913797839911101917 ) ) ;
#380 = CARTESIAN_POINT ( 'NONE',  ( 0.08280077707949312638, -0.2894216745996738838, 0.1312158834644917837 ) ) ;
#381 = FACE_OUTER_BOUND ( 'NONE', #1006, .T. ) ;
#382 = CARTESIAN_POINT ( 'NONE',  ( 0.2299233868658118463, -0.5291503390633799375, 0.1661497259794887105 ) ) ;
#383 = VECTOR ( 'NONE', #4335, 39.37007874015748143 ) ;
#384 = ADVANCED_FACE ( 'NONE', ( #4172 ), #897, .F. ) ;
#385 = CARTESIAN_POINT ( 'NONE',  ( 0.000000000000000000, 0.000000000000000000, 0.000000000000000000 ) ) ;
#386 = LINE ( 'NONE', #752, #1092 ) ;
#387 = CARTESIAN_POINT ( 'NONE',  ( 0.3093083955678312957, -0.5785182336645523504, 0.02571945735390070154 ) ) ;
#388 = CARTESIAN_POINT ( 'NONE',  ( -0.3169449763787201557, -0.5036595598787236838, 0.06046048778616230912 ) ) ;
#389 = ORIENTED_EDGE ( 'NONE', *, *, #3178, .F. ) ;
#390 = CIRCLE ( 'NONE', #78, 0.08202099737532810020 ) ;
#391 = CARTESIAN_POINT ( 'NONE',  ( 0.2441598185850085978, -0.5510269468160307049, -0.2663861400537731461 ) ) ;
#392 = CARTESIAN_POINT ( 'NONE',  ( -0.3168450049810399571, -0.5751480959758970002, -0.001107648767853443945 ) ) ;
#393 = CARTESIAN_POINT ( 'NONE',  ( -0.3093534969176394145, -0.5786007325277198188, 0.02571503090856015056 ) ) ;
#394 = ADVANCED_FACE ( 'NONE', ( #3227 ), #1212, .F. ) ;
#395 = ORIENTED_EDGE ( 'NONE', *, *, #3070, .T. ) ;
#396 = ORIENTED_EDGE ( 'NONE', *, *, #3249, .F. ) ;
#397 = SECURITY_CLASSIFICATION ( '', '', #4567 ) ;
#398 = FACE_OUTER_BOUND ( 'NONE', #2909, .T. ) ;
#399 = CARTESIAN_POINT ( 'NONE',  ( 0.000000000000000000, 0.000000000000000000, 0.000000000000000000 ) ) ;
#400 = EDGE_LOOP ( 'NONE', ( #764, #2697, #1098, #4718 ) ) ;
#401 = B_SPLINE_SURFACE_WITH_KNOTS ( 'NONE', 3, 1, ( 
 ( #2261, #1876 ),
 ( #3345, #3731 ),
 ( #1260, #3119 ),
 ( #4647, #3872 ) ),
 .UNSPECIFIED., .F., .F., .F.,
 ( 4, 4 ),
 ( 2, 2 ),
 ( 0.000000000000000000, 1.000000000000000000 ),
 ( 0.000000000000000000, 1.000000000000000000 ),
 .UNSPECIFIED. ) ;
#402 = COORDINATED_UNIVERSAL_TIME_OFFSET ( 5, 0, .BEHIND. ) ;
#403 = CARTESIAN_POINT ( 'NONE',  ( 0.2836341878813926076, -0.5291561317255569774, 0.01212656347172487263 ) ) ;
#404 = VECTOR ( 'NONE', #208, 39.37007874015748854 ) ;
#405 = CARTESIAN_POINT ( 'NONE',  ( -0.2343633221713556369, -0.5570898433182753795, -0.2565203824074275274 ) ) ;
#406 = CARTESIAN_POINT ( 'NONE',  ( -0.5079527800597907206, -0.4068886736676063376, 0.3661417322834645272 ) ) ;
#407 = CARTESIAN_POINT ( 'NONE',  ( -0.2811914097136405943, -0.5510269468160308159, 0.2269515008266483336 ) ) ;
#408 = CC_DESIGN_PERSON_AND_ORGANIZATION_ASSIGNMENT ( #4246, #2087, ( #3783 ) ) ;
#409 = FACE_OUTER_BOUND ( 'NONE', #1149, .T. ) ;
#410 = CARTESIAN_POINT ( 'NONE',  ( 0.2970959415118105684, -0.5786007325277200408, 0.08997138660158023049 ) ) ;
#411 = CARTESIAN_POINT ( 'NONE',  ( 0.1688388247377516638, -0.5751480959758970002, -0.2681145936505563987 ) ) ;
#412 = CARTESIAN_POINT ( 'NONE',  ( 0.2606430343124988003, -0.5697155349887014220, 0.1950808834618197596 ) ) ;
#413 = VERTEX_POINT ( 'NONE', #3627 ) ;
#414 = VERTEX_POINT ( 'NONE', #994 ) ;
#415 = B_SPLINE_CURVE_WITH_KNOTS ( 'NONE', 3,
 ( #1243, #3460, #3833, #585, #2717, #1348, #3484, #3910 ),
 .UNSPECIFIED., .F., .F.,
 ( 4, 2, 2, 4 ),
 ( 1.537676549488481291E-14, 0.0003533926699086812695, 0.0007067853398019858418, 0.001413570679588597480 ),
 .UNSPECIFIED. ) ;
#416 = CARTESIAN_POINT ( 'NONE',  ( 0.3077655551044370941, -0.5788433491993477675, -0.03968211340891302646 ) ) ;
#417 = CARTESIAN_POINT ( 'NONE',  ( 0.000000000000000000, 0.000000000000000000, 0.000000000000000000 ) ) ;
#418 = CARTESIAN_POINT ( 'NONE',  ( 0.000000000000000000, 0.000000000000000000, 0.000000000000000000 ) ) ;
#419 = ORIENTED_EDGE ( 'NONE', *, *, #4816, .F. ) ;
#420 = ORIENTED_EDGE ( 'NONE', *, *, #1202, .F. ) ;
#421 = EDGE_CURVE ( 'NONE', #3363, #1744, #4605, .T. ) ;
#422 = CARTESIAN_POINT ( 'NONE',  ( 0.000000000000000000, 0.000000000000000000, 0.000000000000000000 ) ) ;
#423 = CARTESIAN_POINT ( 'NONE',  ( -0.09692391724337648395, -0.5763141770085492555, -0.2988053947481989492 ) ) ;
#424 = ORIENTED_EDGE ( 'NONE', *, *, #1168, .T. ) ;
#425 = B_SPLINE_CURVE_WITH_KNOTS ( 'NONE', 3,
 ( #4502, #3323, #1162, #2645, #2968, #2, #1492, #4459 ),
 .UNSPECIFIED., .F., .F.,
 ( 4, 2, 2, 4 ),
 ( 1.410841585961734305E-14, 0.0003227673804012510888, 0.0006455347607883937799, 0.001291069521562678620 ),
 .UNSPECIFIED. ) ;
#426 = APPROVAL_DATE_TIME ( #3002, #2437 ) ;
#427 = EDGE_CURVE ( 'NONE', #2547, #95, #659, .T. ) ;
#428 = FACE_OUTER_BOUND ( 'NONE', #1674, .T. ) ;
#429 = CARTESIAN_POINT ( 'NONE',  ( -0.2425588141000353248, -0.5531022667475552490, -0.2582989019339885783 ) ) ;
#430 = ORIENTED_EDGE ( 'NONE', *, *, #2355, .T. ) ;
#431 = CARTESIAN_POINT ( 'NONE',  ( -0.1128315016605853927, -0.2894216745996738838, 0.1065017792872603869 ) ) ;
#432 = CARTESIAN_POINT ( 'NONE',  ( 0.000000000000000000, 0.000000000000000000, 0.000000000000000000 ) ) ;
#433 = CARTESIAN_POINT ( 'NONE',  ( -0.1983286070162645076, -0.5785949642060882470, 0.2384899317096726146 ) ) ;
#434 = CARTESIAN_POINT ( 'NONE',  ( -0.02469774578635034606, -0.5181052167783960494, 0.2995547450853849880 ) ) ;
#435 = CARTESIAN_POINT ( 'NONE',  ( 0.1568811653992985000, -0.5246614642377031013, 0.2445463234408863096 ) ) ;
#436 = ORIENTED_EDGE ( 'NONE', *, *, #3405, .T. ) ;
#437 = ORIENTED_EDGE ( 'NONE', *, *, #602, .T. ) ;
#438 = CARTESIAN_POINT ( 'NONE',  ( 0.3024137337638449496, -0.5076457267943570439, -0.09368729708937512113 ) ) ;
#439 = DIRECTION ( 'NONE',  ( 1.000000000000000000, 0.000000000000000000, 0.000000000000000000 ) ) ;
#440 = CARTESIAN_POINT ( 'NONE',  ( 0.000000000000000000, -0.6153076169366386017, 0.2465919031868467060 ) ) ;
#441 = CARTESIAN_POINT ( 'NONE',  ( 0.1187791326502428690, -0.5036595598781937744, 0.3000018437971422869 ) ) ;
#442 = EDGE_LOOP ( 'NONE', ( #2289, #4577, #4507, #1188 ) ) ;
#443 = ORIENTED_EDGE ( 'NONE', *, *, #1608, .T. ) ;
#444 = EDGE_CURVE ( 'NONE', #1839, #4372, #1963, .T. ) ;
#445 = CARTESIAN_POINT ( 'NONE',  ( -0.09920687374531408920, -0.2894216745996738838, 0.1192961565182060479 ) ) ;
#446 = ORIENTED_EDGE ( 'NONE', *, *, #1805, .T. ) ;
#447 = EDGE_CURVE ( 'NONE', #4218, #730, #2560, .T. ) ;
#448 = DATE_AND_TIME ( #82, #4368 ) ;
#449 = CARTESIAN_POINT ( 'NONE',  ( 0.000000000000000000, -0.5662497646253558115, 0.2269313808160595691 ) ) ;
#450 = CARTESIAN_POINT ( 'NONE',  ( 0.2079058354010062948, -0.5786007325225112075, 0.2305124990126073692 ) ) ;
#451 = CARTESIAN_POINT ( 'NONE',  ( -0.2062901040266330310, -0.5291503390633799375, 0.1947174574905544131 ) ) ;
#452 = CARTESIAN_POINT ( 'NONE',  ( -0.3218703613139591857, -0.5711492529229237336, -0.03686216497548486931 ) ) ;
#453 = CARTESIAN_POINT ( 'NONE',  ( 0.05736485427281892008, -0.5788433491990535584, -0.3049648840898240842 ) ) ;
#454 = CARTESIAN_POINT ( 'NONE',  ( 0.2653532662468086056, -0.5785182336645523504, 0.1609994352396163231 ) ) ;
#455 = DIRECTION ( 'NONE',  ( -0.000000000000000000, -0.000000000000000000, -1.000000000000000000 ) ) ;
#456 = VERTEX_POINT ( 'NONE', #2167 ) ;
#457 = ORIENTED_EDGE ( 'NONE', *, *, #13, .F. ) ;
#458 = CARTESIAN_POINT ( 'NONE',  ( 0.000000000000000000, 0.000000000000000000, 0.000000000000000000 ) ) ;
#459 = CARTESIAN_POINT ( 'NONE',  ( 0.3206116495285443735, -0.5531022667475552490, 0.1508683904086782490 ) ) ;
#460 = FACE_OUTER_BOUND ( 'NONE', #4726, .T. ) ;
#461 = AXIS2_PLACEMENT_3D ( 'NONE', #492, #1596, #2980 ) ;
#462 = VERTEX_POINT ( 'NONE', #1343 ) ;
#463 = ORIENTED_EDGE ( 'NONE', *, *, #3962, .T. ) ;
#464 = VECTOR ( 'NONE', #3028, 39.37007874015748854 ) ;
#465 = EDGE_CURVE ( 'NONE', #4402, #1529, #588, .T. ) ;
#466 = CARTESIAN_POINT ( 'NONE',  ( 0.04756737515454129150, -0.2894216745996738838, 0.1476852111053849892 ) ) ;
#467 = EDGE_LOOP ( 'NONE', ( #3446, #726, #2317, #3625 ) ) ;
#468 = APPROVAL_ROLE ( '' ) ;
#469 = ADVANCED_FACE ( 'NONE', ( #1722 ), #961, .F. ) ;
#470 = ADVANCED_FACE ( 'NONE', ( #3450 ), #2297, .F. ) ;
#471 = ORIENTED_EDGE ( 'NONE', *, *, #1351, .T. ) ;
#472 = CARTESIAN_POINT ( 'NONE',  ( -0.2649530718177820487, -0.5076457267943572660, -0.1732952559628328781 ) ) ;
#473 = CARTESIAN_POINT ( 'NONE',  ( -0.3077655551044364834, -0.5788433491993477675, -0.03968211340891732164 ) ) ;
#474 = CARTESIAN_POINT ( 'NONE',  ( -0.09408988395903379598, -0.5510269468160307049, -0.3488877847686678857 ) ) ;
#475 = CARTESIAN_POINT ( 'NONE',  ( 0.000000000000000000, 0.000000000000000000, 0.000000000000000000 ) ) ;
#476 = CARTESIAN_POINT ( 'NONE',  ( -0.3002363557441587449, -0.5785949642060881359, 0.07790901473746957018 ) ) ;
#477 = EDGE_CURVE ( 'NONE', #4821, #4402, #1464, .T. ) ;
#478 = VECTOR ( 'NONE', #1478, 39.37007874015748854 ) ;
#479 = CARTESIAN_POINT ( 'NONE',  ( 0.1223932627941369672, -0.5268701665594058836, -0.2597727598869477572 ) ) ;
#480 = CARTESIAN_POINT ( 'NONE',  ( -0.1622933983901314881, -0.5585565789419792981, -0.3066795127835644230 ) ) ;
#481 = ORIENTED_EDGE ( 'NONE', *, *, #3440, .F. ) ;
#482 = VERTEX_POINT ( 'NONE', #3524 ) ;
#483 = EDGE_CURVE ( 'NONE', #4397, #3677, #354, .T. ) ;
#484 = CARTESIAN_POINT ( 'NONE',  ( 0.1345214138362945677, -0.5711492529229238446, 0.2947258691030407163 ) ) ;
#485 = CARTESIAN_POINT ( 'NONE',  ( -0.2542292174073602085, -0.5763144579382277755, -0.1845158766916077664 ) ) ;
#486 = CARTESIAN_POINT ( 'NONE',  ( 0.3369923541225178787, -0.5531022667475553600, -0.1094954533342969716 ) ) ;
#487 = CARTESIAN_POINT ( 'NONE',  ( 0.000000000000000000, 0.000000000000000000, 0.000000000000000000 ) ) ;
#488 = VERTEX_POINT ( 'NONE', #4644 ) ;
#489 = ORIENTED_EDGE ( 'NONE', *, *, #4812, .F. ) ;
#490 = CARTESIAN_POINT ( 'NONE',  ( 0.000000000000000000, 0.000000000000000000, 0.000000000000000000 ) ) ;
#491 = CARTESIAN_POINT ( 'NONE',  ( -0.2730196020075481567, -0.5531022667475552490, 0.2258614574414139764 ) ) ;
#492 = CARTESIAN_POINT ( 'NONE',  ( 0.2903467056375048649, 0.000000000000000000, -0.2047244094488188948 ) ) ;
#493 = CARTESIAN_POINT ( 'NONE',  ( 0.3078329249800335066, -0.5785949642060881359, 0.03808640421637808637 ) ) ;
#494 = VERTEX_POINT ( 'NONE', #2729 ) ;
#495 = APPROVAL_DATE_TIME ( #3093, #3698 ) ;
#496 = CARTESIAN_POINT ( 'NONE',  ( 0.1983286070162609549, -0.5785949642060881359, 0.2384899317096755844 ) ) ;
#497 = CARTESIAN_POINT ( 'NONE',  ( -0.2714286944482310893, -0.5785949642060881359, 0.1501271052076375290 ) ) ;
#498 = LINE ( 'NONE', #2756, #2332 ) ;
#499 = FACE_OUTER_BOUND ( 'NONE', #2788, .T. ) ;
#500 = CARTESIAN_POINT ( 'NONE',  ( 0.2307063757441484841, -0.5741050682364789992, -0.2187997393544667546 ) ) ;
#501 = EDGE_CURVE ( 'NONE', #162, #4206, #1226, .T. ) ;
#502 = DIRECTION ( 'NONE',  ( 0.000000000000000000, 1.000000000000000000, 0.000000000000000000 ) ) ;
#503 = CARTESIAN_POINT ( 'NONE',  ( -0.2514077833328840494, -0.5785949642060881359, 0.1816750130522682694 ) ) ;
#504 = CARTESIAN_POINT ( 'NONE',  ( 1.004467518985690132E-17, 0.2244094488188976555, 0.08202099737532810020 ) ) ;
#505 = ORIENTED_EDGE ( 'NONE', *, *, #4267, .F. ) ;
#506 = ADVANCED_FACE ( 'NONE', ( #1308 ), #155, .F. ) ;
#507 = ORIENTED_EDGE ( 'NONE', *, *, #2548, .T. ) ;
#508 = B_SPLINE_SURFACE_WITH_KNOTS ( 'NONE', 3, 1, ( 
 ( #44, #407 ),
 ( #4147, #3055 ),
 ( #89, #1091 ),
 ( #1115, #817 ),
 ( #2577, #749 ),
 ( #3008, #2595 ),
 ( #432, #731 ),
 ( #797, #3369 ) ),
 .UNSPECIFIED., .F., .F., .F.,
 ( 4, 1, 1, 1, 1, 4 ),
 ( 2, 2 ),
 ( 0.000000000000000000, 0.2754608071627706600, 0.6018774309564619562, 0.7072349411873528613, 0.9076058685481156463, 1.000000000000000000 ),
 ( 0.000000000000000000, 1.000000000000000000 ),
 .UNSPECIFIED. ) ;
#509 = CARTESIAN_POINT ( 'NONE',  ( -0.2817659013082869923, -0.5246608535493831882, 0.07087401362394107895 ) ) ;
#510 = LINE ( 'NONE', #1274, #1413 ) ;
#511 = DIRECTION ( 'NONE',  ( -0.000000000000000000, 1.000000000000000000, 1.299146873706801522E-16 ) ) ;
#512 = VERTEX_POINT ( 'NONE', #4535 ) ;
#513 = B_SPLINE_CURVE_WITH_KNOTS ( 'NONE', 3,
 ( #4180, #121, #2363, #1524 ),
 .UNSPECIFIED., .F., .F.,
 ( 4, 4 ),
 ( 0.000000000000000000, 0.0009496860142668336327 ),
 .UNSPECIFIED. ) ;
#514 = EDGE_CURVE ( 'NONE', #482, #1195, #2247, .T. ) ;
#515 = CARTESIAN_POINT ( 'NONE',  ( 0.2898206099715537887, -0.5779555199654424769, -0.1152007756540587985 ) ) ;
#516 = CARTESIAN_POINT ( 'NONE',  ( 0.000000000000000000, 0.000000000000000000, 0.000000000000000000 ) ) ;
#517 = CARTESIAN_POINT ( 'NONE',  ( 0.000000000000000000, 0.000000000000000000, 0.000000000000000000 ) ) ;
#518 = VERTEX_POINT ( 'NONE', #1544 ) ;
#519 = SECURITY_CLASSIFICATION_LEVEL ( 'unclassified' ) ;
#520 = CARTESIAN_POINT ( 'NONE',  ( 0.2834768506420516365, -0.5786007325225112075, -0.1264979199231818230 ) ) ;
#521 = CARTESIAN_POINT ( 'NONE',  ( 0.3287978076351256163, -0.5510269468160308159, 0.1498919421401549712 ) ) ;
#522 = CARTESIAN_POINT ( 'NONE',  ( 0.05645854077393332865, -0.5697155349887020881, 0.3206302786724107290 ) ) ;
#523 = CARTESIAN_POINT ( 'NONE',  ( 0.000000000000000000, 0.000000000000000000, 0.000000000000000000 ) ) ;
#524 = B_SPLINE_CURVE_WITH_KNOTS ( 'NONE', 3,
 ( #3638, #2129, #1397, #2537, #3587, #2868, #1814, #642 ),
 .UNSPECIFIED., .F., .F.,
 ( 4, 2, 2, 4 ),
 ( 1.537721271052536712E-14, 0.0003533926699086811069, 0.0007067853398019849744, 0.001413570679588590541 ),
 .UNSPECIFIED. ) ;
#525 = CARTESIAN_POINT ( 'NONE',  ( 0.1802588763618060141, -0.5291503390633798265, -0.2190370579689295272 ) ) ;
#526 = CARTESIAN_POINT ( 'NONE',  ( -0.05244015005208496616, -0.5291503390633798265, -0.2787840130520756188 ) ) ;
#527 = CARTESIAN_POINT ( 'NONE',  ( 0.2317283061447748815, -0.5751480959758971112, 0.2160878899857684998 ) ) ;
#528 = B_SPLINE_CURVE_WITH_KNOTS ( 'NONE', 3,
 ( #451, #1488, #1919, #4498, #3773, #2937, #1088, #2574 ),
 .UNSPECIFIED., .F., .F.,
 ( 4, 2, 2, 4 ),
 ( 1.410840007572093942E-14, 0.0003227673804012796575, 0.0006455347607884509174, 0.001291069521562794196 ),
 .UNSPECIFIED. ) ;
#529 = CARTESIAN_POINT ( 'NONE',  ( 0.3128373614466644637, -0.5711492529229237336, -0.08421480856801605297 ) ) ;
#530 = CARTESIAN_POINT ( 'NONE',  ( 0.000000000000000000, 0.000000000000000000, 0.000000000000000000 ) ) ;
#531 = ORIENTED_EDGE ( 'NONE', *, *, #1292, .T. ) ;
#532 = CARTESIAN_POINT ( 'NONE',  ( 0.06799823851403792585, -0.5675532765349012854, -0.3222134355203332134 ) ) ;
#533 = CARTESIAN_POINT ( 'NONE',  ( 0.3059870724899980132, -0.5785182336645523504, -0.05201043668655246782 ) ) ;
#534 = EDGE_CURVE ( 'NONE', #3786, #4113, #3715, .T. ) ;
#535 = CARTESIAN_POINT ( 'NONE',  ( -0.02027034886768102478, -0.5785949642060880249, -0.3095170380523160070 ) ) ;
#536 = CARTESIAN_POINT ( 'NONE',  ( -0.1084486464475673539, -0.5786007325225112075, -0.2908603439427904225 ) ) ;
#537 = CARTESIAN_POINT ( 'NONE',  ( -0.05158323905974878526, -0.5611928409090071179, 0.3364106850552791017 ) ) ;
#538 = ORIENTED_EDGE ( 'NONE', *, *, #728, .T. ) ;
#539 = B_SPLINE_CURVE_WITH_KNOTS ( 'NONE', 1,
 ( #2130, #980 ),
 .UNSPECIFIED., .F., .F.,
 ( 2, 2 ),
 ( 2.325202133283689839E-05, 0.001514701155316583187 ),
 .UNSPECIFIED. ) ;
#540 = CARTESIAN_POINT ( 'NONE',  ( 0.2742628983091132122, -0.5533416366082752891, 0.2283430142564547294 ) ) ;
#541 = VECTOR ( 'NONE', #1008, 39.37007874015748854 ) ;
#542 = LINE ( 'NONE', #1721, #3791 ) ;
#543 = CARTESIAN_POINT ( 'NONE',  ( -0.1120706443918283168, -0.5650778416537698412, 0.3156379363079223066 ) ) ;
#544 = ORIENTED_EDGE ( 'NONE', *, *, #3009, .F. ) ;
#545 = DATE_AND_TIME ( #4592, #83 ) ;
#546 = EDGE_CURVE ( 'NONE', #1978, #2201, #2588, .T. ) ;
#547 = CARTESIAN_POINT ( 'NONE',  ( 0.08785042881845460394, -0.5202702371058181008, -0.2839799863919168499 ) ) ;
#548 = ORIENTED_EDGE ( 'NONE', *, *, #724, .F. ) ;
#549 = CARTESIAN_POINT ( 'NONE',  ( 0.000000000000000000, 0.000000000000000000, 0.000000000000000000 ) ) ;
#550 = CARTESIAN_POINT ( 'NONE',  ( 0.000000000000000000, 0.2244094488188976555, 0.000000000000000000 ) ) ;
#551 = CARTESIAN_POINT ( 'NONE',  ( 0.000000000000000000, 0.000000000000000000, 0.000000000000000000 ) ) ;
#552 = CARTESIAN_POINT ( 'NONE',  ( 0.000000000000000000, 0.000000000000000000, 0.000000000000000000 ) ) ;
#553 = CARTESIAN_POINT ( 'NONE',  ( 0.2991747076973964026, -0.5531022667475552490, -0.1898620428418937300 ) ) ;
#554 = CARTESIAN_POINT ( 'NONE',  ( -0.2932395198155928195, -0.5786007325277198188, 0.1018402321684348244 ) ) ;
#555 = LOCAL_TIME ( 23, 27, 9.000000000000000000, #575 ) ;
#556 = CARTESIAN_POINT ( 'NONE',  ( 0.1554427248700439579, -0.5036595598781937744, -0.2827492668775729578 ) ) ;
#557 = CARTESIAN_POINT ( 'NONE',  ( -0.3369923541225161023, -0.5531022667475551380, -0.1094954533343017178 ) ) ;
#558 = CARTESIAN_POINT ( 'NONE',  ( -0.1367987270611533690, -0.5741050682364792213, -0.2870276398276497276 ) ) ;
#559 = ORIENTED_EDGE ( 'NONE', *, *, #4226, .T. ) ;
#560 = VERTEX_POINT ( 'NONE', #4131 ) ;
#561 = APPROVAL ( #1037, 'UNKNOWN' ) ;
#562 = VECTOR ( 'NONE', #1240, 39.37007874015748143 ) ;
#563 = CARTESIAN_POINT ( 'NONE',  ( 0.000000000000000000, 0.000000000000000000, 0.000000000000000000 ) ) ;
#564 = CARTESIAN_POINT ( 'NONE',  ( -0.2834394563058824645, -0.5785182336645523504, -0.1264723237089874774 ) ) ;
#565 = CARTESIAN_POINT ( 'NONE',  ( -0.2941872825953198989, -0.5751480959758970002, 0.1176682915079909908 ) ) ;
#566 = LINE ( 'NONE', #3110, #569 ) ;
#567 = CARTESIAN_POINT ( 'NONE',  ( -0.7420587615486897715, -0.2717275222360906461, -0.2047244094488188948 ) ) ;
#568 = VERTEX_POINT ( 'NONE', #440 ) ;
#569 = VECTOR ( 'NONE', #2053, 39.37007874015748143 ) ;
#570 = CARTESIAN_POINT ( 'NONE',  ( -0.2920147341426149734, -0.5763144579382277755, 0.1157842769051537352 ) ) ;
#571 = CARTESIAN_POINT ( 'NONE',  ( 0.000000000000000000, 0.000000000000000000, 0.000000000000000000 ) ) ;
#572 = CARTESIAN_POINT ( 'NONE',  ( 0.1526135651087433265, -0.5291503390633798265, -0.2391225522942251325 ) ) ;
#573 = ADVANCED_FACE ( 'NONE', ( #1200 ), #2376, .F. ) ;
#574 = ORIENTED_EDGE ( 'NONE', *, *, #3359, .T. ) ;
#575 = COORDINATED_UNIVERSAL_TIME_OFFSET ( 5, 0, .BEHIND. ) ;
#576 = EDGE_CURVE ( 'NONE', #652, #2876, #4559, .T. ) ;
#577 = CARTESIAN_POINT ( 'NONE',  ( 0.2505295659993715951, -0.5510269468160307049, -0.2604045490854168254 ) ) ;
#578 = CARTESIAN_POINT ( 'NONE',  ( 0.05803826689439275238, -0.5741060011268076524, 0.3126168361367435700 ) ) ;
#579 = FACE_OUTER_BOUND ( 'NONE', #2266, .T. ) ;
#580 = CARTESIAN_POINT ( 'NONE',  ( -0.1874718114701679483, -0.5786007325277197078, -0.2474169937047453194 ) ) ;
#581 = CARTESIAN_POINT ( 'NONE',  ( 0.2080613383420182594, -0.5570908895713330145, 0.2782770302102293147 ) ) ;
#582 = EDGE_CURVE ( 'NONE', #1452, #802, #1629, .T. ) ;
#583 = CARTESIAN_POINT ( 'NONE',  ( -0.2745792467433014195, -0.5291503390633798265, 0.07125119317447406453 ) ) ;
#584 = CARTESIAN_POINT ( 'NONE',  ( 0.1486954561130668373, -0.5076451741082084190, -0.2795023564827901486 ) ) ;
#585 = CARTESIAN_POINT ( 'NONE',  ( 0.2830424728551207414, -0.5697115686609649510, -0.1608812534860993848 ) ) ;
#586 = VERTEX_POINT ( 'NONE', #1787 ) ;
#587 = VERTEX_POINT ( 'NONE', #4797 ) ;
#588 = B_SPLINE_CURVE_WITH_KNOTS ( 'NONE', 3,
 ( #1780, #1042, #1803, #4308, #3471, #2084, #2750, #1281 ),
 .UNSPECIFIED., .F., .F.,
 ( 4, 2, 2, 4 ),
 ( 1.410816331515580266E-14, 0.0003227673804012497335, 0.0006455347607883912863, 0.001291069521562670814 ),
 .UNSPECIFIED. ) ;
#589 = CARTESIAN_POINT ( 'NONE',  ( 0.3536355315669385546, -0.5531022667475551380, -0.02224886179759788182 ) ) ;
#590 = DIRECTION ( 'NONE',  ( -0.5000000000000012212, -0.8660254037844379305, 0.000000000000000000 ) ) ;
#591 = CARTESIAN_POINT ( 'NONE',  ( -0.3079781229558997135, -0.5650778416537697302, 0.1316685685791582350 ) ) ;
#592 = CARTESIAN_POINT ( 'NONE',  ( 0.1994508014742244484, -0.5585565789419794092, 0.2839204968181616717 ) ) ;
#593 = CARTESIAN_POINT ( 'NONE',  ( 0.1669456497319123933, -0.5788433491993476565, -0.2615787779406612557 ) ) ;
#594 = ORIENTED_EDGE ( 'NONE', *, *, #1157, .F. ) ;
#595 = FACE_OUTER_BOUND ( 'NONE', #1639, .T. ) ;
#596 = CARTESIAN_POINT ( 'NONE',  ( -0.3009743661352599076, -0.5697115686609651730, 0.1241380283904928716 ) ) ;
#597 = CARTESIAN_POINT ( 'NONE',  ( 2.314400811233974636E-15, -0.5036595598781937744, -0.3226601751608479951 ) ) ;
#598 = CARTESIAN_POINT ( 'NONE',  ( 0.3152510899058612037, -0.5741060011268072083, 0.04140624316959175960 ) ) ;
#599 = VERTEX_POINT ( 'NONE', #218 ) ;
#600 = ORIENTED_EDGE ( 'NONE', *, *, #312, .T. ) ;
#601 = DATE_AND_TIME ( #3117, #4520 ) ;
#602 = EDGE_CURVE ( 'NONE', #55, #4397, #4238, .T. ) ;
#603 = CARTESIAN_POINT ( 'NONE',  ( -0.1554427248700397668, -0.5036595598781937744, -0.2827492668775753448 ) ) ;
#604 = B_SPLINE_CURVE_WITH_KNOTS ( 'NONE', 3,
 ( #294, #2464, #3234, #4741, #2101, #2920, #2173, #2484 ),
 .UNSPECIFIED., .F., .F.,
 ( 4, 2, 2, 4 ),
 ( 1.410862339488298063E-14, 0.0003227673804012506551, 0.0006455347607883926957, 0.001291069521562674067 ),
 .UNSPECIFIED. ) ;
#605 = CARTESIAN_POINT ( 'NONE',  ( -0.1332334686107301269, -0.5181076722195300244, -0.2694245919594245864 ) ) ;
#606 = CARTESIAN_POINT ( 'NONE',  ( 0.000000000000000000, 0.000000000000000000, 0.000000000000000000 ) ) ;
#607 = CARTESIAN_POINT ( 'NONE',  ( 0.000000000000000000, 0.000000000000000000, 0.000000000000000000 ) ) ;
#608 = CARTESIAN_POINT ( 'NONE',  ( 0.000000000000000000, 0.000000000000000000, 0.000000000000000000 ) ) ;
#609 = DIRECTION ( 'NONE',  ( 0.000000000000000000, -0.000000000000000000, 1.000000000000000000 ) ) ;
#610 = ADVANCED_FACE ( 'NONE', ( #1027 ), #1641, .F. ) ;
#611 = CARTESIAN_POINT ( 'NONE',  ( -0.01789244772821371732, -0.5268701665594056616, -0.2866040088187350454 ) ) ;
#612 = DIRECTION ( 'NONE',  ( -0.4686009154925084852, -0.8813413940020674575, -0.06041960954917841020 ) ) ;
#613 = CARTESIAN_POINT ( 'NONE',  ( 0.2836722859818665010, -0.5291503390633798265, 0.0007276240287203567794 ) ) ;
#614 = CARTESIAN_POINT ( 'NONE',  ( 0.2730196020075447705, -0.5531022667475549159, 0.2258614574414180010 ) ) ;
#615 = CARTESIAN_POINT ( 'NONE',  ( 0.09652172611886933318, -0.5711492529229236226, -0.3092618713745562409 ) ) ;
#616 = CARTESIAN_POINT ( 'NONE',  ( 0.2701388573734364584, -0.5675532765349015074, -0.1883354884449609523 ) ) ;
#617 = CARTESIAN_POINT ( 'NONE',  ( 0.3206116495285443735, -0.5531022667475552490, 0.1508683904086782490 ) ) ;
#618 = ORIENTED_EDGE ( 'NONE', *, *, #3792, .T. ) ;
#619 = VERTEX_POINT ( 'NONE', #1073 ) ;
#620 = DIRECTION ( 'NONE',  ( -0.4689047019168341990, -0.8813413940020675685, 0.05801489238787901209 ) ) ;
#621 = CARTESIAN_POINT ( 'NONE',  ( 0.000000000000000000, 0.000000000000000000, 0.000000000000000000 ) ) ;
#622 = VERTEX_POINT ( 'NONE', #2555 ) ;
#623 = DATE_AND_TIME ( #1061, #2967 ) ;
#624 = CARTESIAN_POINT ( 'NONE',  ( -0.7420587615486897715, -0.2717275222360906461, -0.2047244094488188948 ) ) ;
#625 = DIRECTION ( 'NONE',  ( -0.000000000000000000, -0.000000000000000000, -1.000000000000000000 ) ) ;
#626 = CARTESIAN_POINT ( 'NONE',  ( -0.1667564818049886710, -0.5779555199654424769, 0.2635516656209985764 ) ) ;
#627 = VECTOR ( 'NONE', #3517, 39.37007874015748143 ) ;
#628 = CARTESIAN_POINT ( 'NONE',  ( -0.3397503313994750251, -0.5585565789419794092, 0.07043566593799721609 ) ) ;
#629 = EDGE_CURVE ( 'NONE', #3374, #4020, #1111, .T. ) ;
#630 = CARTESIAN_POINT ( 'NONE',  ( -0.3310470653541963681, -0.5650778416537697302, 0.05094091372853633282 ) ) ;
#631 = VECTOR ( 'NONE', #2869, 39.37007874015748854 ) ;
#632 = CARTESIAN_POINT ( 'NONE',  ( -0.2958838640182606117, -0.5585565789419792981, -0.1812297153774891922 ) ) ;
#633 = EDGE_CURVE ( 'NONE', #1120, #324, #3978, .T. ) ;
#634 = ORIENTED_EDGE ( 'NONE', *, *, #3776, .T. ) ;
#635 = FACE_OUTER_BOUND ( 'NONE', #1270, .T. ) ;
#636 = B_SPLINE_SURFACE_WITH_KNOTS ( 'NONE', 3, 1, ( 
 ( #2262, #69 ),
 ( #4150, #818 ),
 ( #2308, #3801 ),
 ( #3884, #2784 ) ),
 .UNSPECIFIED., .F., .F., .F.,
 ( 4, 4 ),
 ( 2, 2 ),
 ( 0.000000000000000000, 1.000000000000000000 ),
 ( 0.000000000000000000, 1.000000000000000000 ),
 .UNSPECIFIED. ) ;
#637 = EDGE_CURVE ( 'NONE', #1800, #1999, #3500, .T. ) ;
#638 = CARTESIAN_POINT ( 'NONE',  ( 0.3235426491655348236, -0.5697155349887014220, -0.03621459096577463871 ) ) ;
#639 = CARTESIAN_POINT ( 'NONE',  ( -0.2514077833328840494, -0.5785949642060881359, 0.1816750130522682694 ) ) ;
#640 = CARTESIAN_POINT ( 'NONE',  ( 0.03269471871951022679, -0.5785182336645522394, -0.3086490392390317528 ) ) ;
#641 = ORIENTED_EDGE ( 'NONE', *, *, #2892, .T. ) ;
#642 = CARTESIAN_POINT ( 'NONE',  ( -0.3369923541225161023, -0.5531022667475551380, -0.1094954533343017178 ) ) ;
#643 = CARTESIAN_POINT ( 'NONE',  ( 0.08322661193768805810, -0.5786007325277199298, 0.2990554796942760385 ) ) ;
#644 = ORIENTED_EDGE ( 'NONE', *, *, #2758, .F. ) ;
#645 = ORIENTED_EDGE ( 'NONE', *, *, #333, .F. ) ;
#646 = B_SPLINE_CURVE_WITH_KNOTS ( 'NONE', 3,
 ( #2255, #4497, #379, #3682, #812, #4071, #2984, #3726 ),
 .UNSPECIFIED., .F., .F.,
 ( 4, 2, 2, 4 ),
 ( 0.0001657239593220048897, 0.0008120922820786177776, 0.001135276443456924777, 0.001458460604835231777 ),
 .UNSPECIFIED. ) ;
#647 = ADVANCED_FACE ( 'NONE', ( #4689 ), #1952, .F. ) ;
#648 = CARTESIAN_POINT ( 'NONE',  ( -0.09974498841720155773, -0.5741060011268073193, 0.3019083701156777266 ) ) ;
#649 = CARTESIAN_POINT ( 'NONE',  ( -0.04095159804004799842, -0.5510269468160309270, 0.3590244549361211179 ) ) ;
#650 = CARTESIAN_POINT ( 'NONE',  ( -0.2198731145275370780, -0.5076451741082080860, -0.2277887606008384414 ) ) ;
#651 = VECTOR ( 'NONE', #3279, 39.37007874015748143 ) ;
#652 = VERTEX_POINT ( 'NONE', #4742 ) ;
#653 = DATE_AND_TIME ( #4002, #2196 ) ;
#654 = CARTESIAN_POINT ( 'NONE',  ( -0.1408186913432159515, 0.000000000000000000, -0.2047244094488188948 ) ) ;
#655 = DIRECTION ( 'NONE',  ( -0.5000000000000013323, -0.8660254037844379305, 0.000000000000000000 ) ) ;
#656 = ORIENTED_EDGE ( 'NONE', *, *, #3129, .F. ) ;
#657 = LINE ( 'NONE', #992, #404 ) ;
#658 = LENGTH_MEASURE_WITH_UNIT ( LENGTH_MEASURE( 0.02539999999999999897 ), #2858 );
#659 = LINE ( 'NONE', #2859, #1266 ) ;
#660 = CARTESIAN_POINT ( 'NONE',  ( -0.1831510969264137645, -0.5268700205389786895, -0.2211736910519144783 ) ) ;
#661 = CARTESIAN_POINT ( 'NONE',  ( -0.2882279939439638117, -0.5788433491990536695, -0.1149736080181004705 ) ) ;
#662 = CARTESIAN_POINT ( 'NONE',  ( -0.01304116814700014525, -0.5181052167782335127, -0.3002881147891278690 ) ) ;
#663 = LINE ( 'NONE', #1049, #4613 ) ;
#664 = FACE_OUTER_BOUND ( 'NONE', #1570, .T. ) ;
#665 = LINE ( 'NONE', #2819, #4595 ) ;
#666 = CARTESIAN_POINT ( 'NONE',  ( 0.000000000000000000, 0.000000000000000000, 0.000000000000000000 ) ) ;
#667 = CARTESIAN_POINT ( 'NONE',  ( -0.2256630033211707853, -0.5788433491993477675, 0.2130035585745207738 ) ) ;
#668 = ORIENTED_EDGE ( 'NONE', *, *, #629, .F. ) ;
#669 = ORIENTED_EDGE ( 'NONE', *, *, #3365, .F. ) ;
#670 = FACE_OUTER_BOUND ( 'NONE', #4784, .T. ) ;
#671 = CARTESIAN_POINT ( 'NONE',  ( -0.05892856892083028070, -0.5788433491990536695, 0.3046665895673569269 ) ) ;
#672 = VERTEX_POINT ( 'NONE', #2867 ) ;
#673 = CARTESIAN_POINT ( 'NONE',  ( -0.2605294483438048703, -0.5181052167782335127, -0.1498913956700632932 ) ) ;
#674 = ORIENTED_EDGE ( 'NONE', *, *, #698, .F. ) ;
#675 = CARTESIAN_POINT ( 'NONE',  ( -0.09841805644167557487, -0.5181052167782336237, 0.2840016023132437284 ) ) ;
#676 = ORIENTED_EDGE ( 'NONE', *, *, #2425, .F. ) ;
#677 = B_SPLINE_SURFACE_WITH_KNOTS ( 'NONE', 3, 1, ( 
 ( #2054, #3136 ),
 ( #3520, #3162 ),
 ( #4665, #902 ),
 ( #3967, #593 ) ),
 .UNSPECIFIED., .F., .F., .F.,
 ( 4, 4 ),
 ( 2, 2 ),
 ( 0.000000000000000000, 1.000000000000000000 ),
 ( 0.000000000000000000, 1.000000000000000000 ),
 .UNSPECIFIED. ) ;
#678 = CARTESIAN_POINT ( 'NONE',  ( 0.000000000000000000, 0.000000000000000000, 0.000000000000000000 ) ) ;
#679 = CARTESIAN_POINT ( 'NONE',  ( 24.61245701841334110, 35.48135404234407275, 50.29367790354387324 ) ) ;
#680 = CARTESIAN_POINT ( 'NONE',  ( 0.000000000000000000, 0.000000000000000000, 0.000000000000000000 ) ) ;
#681 = DIRECTION ( 'NONE',  ( -0.000000000000000000, -0.000000000000000000, -1.000000000000000000 ) ) ;
#682 = LINE ( 'NONE', #2480, #2492 ) ;
#683 = SHAPE_REPRESENTATION ( 'basePlate', ( #2118 ), #4287 ) ;
#684 = CARTESIAN_POINT ( 'NONE',  ( -0.3024143513610601519, -0.5076451741082080860, -0.09368813179359873622 ) ) ;
#685 = CARTESIAN_POINT ( 'NONE',  ( 0.01853811844177795376, -0.5291503390633798265, -0.2830668356334660740 ) ) ;
#686 = CARTESIAN_POINT ( 'NONE',  ( 0.000000000000000000, 0.000000000000000000, 0.000000000000000000 ) ) ;
#687 = CARTESIAN_POINT ( 'NONE',  ( 0.09918083145113713861, -0.5291561317255569774, -0.2660048284325532975 ) ) ;
#688 = CARTESIAN_POINT ( 'NONE',  ( -0.2514077833328840494, -0.5785949642060881359, 0.1816750130522682694 ) ) ;
#689 = CARTESIAN_POINT ( 'NONE',  ( -0.2232227225169027829, -0.8895283427775345642, 0.2086614173228346636 ) ) ;
#690 = ORIENTED_EDGE ( 'NONE', *, *, #4501, .T. ) ;
#691 = ORIENTED_EDGE ( 'NONE', *, *, #45, .F. ) ;
#692 = ADVANCED_FACE ( 'NONE', ( #3993 ), #2149, .F. ) ;
#693 = EDGE_CURVE ( 'NONE', #16, #4024, #3707, .T. ) ;
#694 = CARTESIAN_POINT ( 'NONE',  ( -0.09509392744337202830, -0.5785949642060882470, 0.2952436770725003767 ) ) ;
#695 = FACE_OUTER_BOUND ( 'NONE', #2131, .T. ) ;
#696 = CARTESIAN_POINT ( 'NONE',  ( 0.3209254596834940632, -0.5711492529229237336, 0.04434183155888415939 ) ) ;
#697 = ORIENTED_EDGE ( 'NONE', *, *, #1191, .T. ) ;
#698 = EDGE_CURVE ( 'NONE', #3304, #2981, #1574, .T. ) ;
#699 = PERSON_AND_ORGANIZATION_ROLE ( 'classification_officer' ) ;
#700 = CARTESIAN_POINT ( 'NONE',  ( 0.01139668735828612209, -0.5291532352088634816, 0.2834970509034229202 ) ) ;
#701 = ORIENTED_EDGE ( 'NONE', *, *, #1805, .F. ) ;
#702 =( NAMED_UNIT ( * ) PLANE_ANGLE_UNIT ( ) SI_UNIT ( $, .RADIAN. ) );
#703 = ADVANCED_FACE ( 'NONE', ( #3324 ), #4239, .F. ) ;
#704 = B_SPLINE_CURVE_WITH_KNOTS ( 'NONE', 3,
 ( #2371, #4624, #1338, #4273, #547, #1649, #3846, #4674 ),
 .UNSPECIFIED., .F., .F.,
 ( 4, 2, 2, 4 ),
 ( 0.0001657239593222729044, 0.0008120922820787708669, 0.001135276443457018669, 0.001458460604835266471 ),
 .UNSPECIFIED. ) ;
#705 = CARTESIAN_POINT ( 'NONE',  ( 0.000000000000000000, 0.000000000000000000, 0.000000000000000000 ) ) ;
#706 = CARTESIAN_POINT ( 'NONE',  ( -0.2761943799093672380, -0.5650778416537696192, -0.1894829825541173851 ) ) ;
#707 = CARTESIAN_POINT ( 'NONE',  ( -0.1289507794703864396, -0.5510269468160309270, 0.3375607931887119051 ) ) ;
#708 = CARTESIAN_POINT ( 'NONE',  ( 0.2062901040266301722, -0.5291503390633799375, 0.1947174574905574940 ) ) ;
#709 = CARTESIAN_POINT ( 'NONE',  ( 0.000000000000000000, 0.000000000000000000, 0.000000000000000000 ) ) ;
#710 = CARTESIAN_POINT ( 'NONE',  ( 0.2670475397643884419, -0.5268701665594059946, -0.1055822383853639024 ) ) ;
#711 = CARTESIAN_POINT ( 'NONE',  ( 0.000000000000000000, 0.000000000000000000, 0.000000000000000000 ) ) ;
#712 = EDGE_LOOP ( 'NONE', ( #2224, #3844, #2943, #4561 ) ) ;
#713 = ADVANCED_FACE ( 'NONE', ( #2241 ), #940, .F. ) ;
#714 = VERTEX_POINT ( 'NONE', #2220 ) ;
#715 = LOCAL_TIME ( 23, 27, 9.000000000000000000, #4189 ) ;
#716 = B_SPLINE_SURFACE_WITH_KNOTS ( 'NONE', 3, 1, ( 
 ( #1807, #2145 ),
 ( #748, #4766 ),
 ( #4791, #1068 ),
 ( #2915, #3341 ),
 ( #4031, #706 ),
 ( #3662, #339 ),
 ( #3298, #1465 ),
 ( #2938, #4430 ) ),
 .UNSPECIFIED., .F., .F., .F.,
 ( 4, 1, 1, 1, 1, 4 ),
 ( 2, 2 ),
 ( 0.000000000000000000, 0.09239413145188504761, 0.2927650588126481379, 0.3981225690435391540, 0.7245391928372308943, 1.000000000000000000 ),
 ( 0.000000000000000000, 1.000000000000000000 ),
 .UNSPECIFIED. ) ;
#717 = CARTESIAN_POINT ( 'NONE',  ( -0.2696113347348170208, -0.5246614642377033233, 0.1082789570877333019 ) ) ;
#718 = CARTESIAN_POINT ( 'NONE',  ( 0.000000000000000000, -0.5662497646253558115, -7.356416114502432830E-17 ) ) ;
#719 = CARTESIAN_POINT ( 'NONE',  ( -0.2358879245943736880, -0.5246614642377032123, -0.1696216124084894972 ) ) ;
#720 = ORIENTED_EDGE ( 'NONE', *, *, #3927, .T. ) ;
#721 = CC_DESIGN_APPROVAL ( #4808, ( #3806 ) ) ;
#722 = PERSON_AND_ORGANIZATION_ROLE ( 'classification_officer' ) ;
#723 = B_SPLINE_CURVE_WITH_KNOTS ( 'NONE', 1,
 ( #2402, #4679 ),
 .UNSPECIFIED., .F., .F.,
 ( 2, 2 ),
 ( 2.325202134881693050E-05, 0.001514701155316569960 ),
 .UNSPECIFIED. ) ;
#724 = EDGE_CURVE ( 'NONE', #1089, #2509, #4170, .T. ) ;
#725 = CARTESIAN_POINT ( 'NONE',  ( 0.000000000000000000, 0.000000000000000000, 0.000000000000000000 ) ) ;
#726 = ORIENTED_EDGE ( 'NONE', *, *, #1858, .F. ) ;
#727 = CARTESIAN_POINT ( 'NONE',  ( -0.2208760891048009989, -0.5036595598781937744, -0.2352091450105569248 ) ) ;
#728 = EDGE_CURVE ( 'NONE', #4372, #1839, #2887, .T. ) ;
#729 = CARTESIAN_POINT ( 'NONE',  ( 0.2299233868658118463, -0.5291503390633799375, 0.1661497259794887105 ) ) ;
#730 = VERTEX_POINT ( 'NONE', #47 ) ;
#731 = CARTESIAN_POINT ( 'NONE',  ( -0.2270601542707608445, -0.5779555199654424769, 0.2138010547638118652 ) ) ;
#732 = CARTESIAN_POINT ( 'NONE',  ( -0.02152975768967843595, -0.5741060011268073193, 0.3172289334125694693 ) ) ;
#733 = LINE ( 'NONE', #2219, #937 ) ;
#734 = CARTESIAN_POINT ( 'NONE',  ( -0.1718021615064652952, -0.5611936780632694743, -0.2937958829499775493 ) ) ;
#735 = CARTESIAN_POINT ( 'NONE',  ( -0.01657901870527139082, -0.5711492529229237336, -0.3235498181699824616 ) ) ;
#736 = ORIENTED_EDGE ( 'NONE', *, *, #2159, .F. ) ;
#737 = VERTEX_POINT ( 'NONE', #3302 ) ;
#738 = CARTESIAN_POINT ( 'NONE',  ( -0.05734023868538763030, -0.5785949642060880249, -0.3048340219125796335 ) ) ;
#739 = CARTESIAN_POINT ( 'NONE',  ( -0.3173079761846177016, -0.5675532765349018405, -0.08809600853869628545 ) ) ;
#740 = CARTESIAN_POINT ( 'NONE',  ( -0.2324007286966973396, -0.5268700205389788005, -0.1686772872088011521 ) ) ;
#741 = ORIENTED_EDGE ( 'NONE', *, *, #3792, .F. ) ;
#742 = CARTESIAN_POINT ( 'NONE',  ( -0.1669456497319085353, -0.5788433491993476565, -0.2615787779406636981 ) ) ;
#743 = ORIENTED_EDGE ( 'NONE', *, *, #4501, .F. ) ;
#744 = EDGE_CURVE ( 'NONE', #1664, #2699, #2444, .T. ) ;
#745 = CARTESIAN_POINT ( 'NONE',  ( 0.000000000000000000, 0.000000000000000000, 0.000000000000000000 ) ) ;
#746 = B_SPLINE_CURVE_WITH_KNOTS ( 'NONE', 3,
 ( #2315, #3444, #2696, #1612, #1955, #1569, #54, #4560 ),
 .UNSPECIFIED., .F., .F.,
 ( 4, 2, 2, 4 ),
 ( 1.537724999064894336E-14, 0.0003533926699086815406, 0.0007067853398019858418, 0.001413570679588596612 ),
 .UNSPECIFIED. ) ;
#747 = CARTESIAN_POINT ( 'NONE',  ( -0.2307055101411456255, -0.5741060011268072083, -0.2187982958132141942 ) ) ;
#748 = CARTESIAN_POINT ( 'NONE',  ( 0.000000000000000000, 0.000000000000000000, 0.000000000000000000 ) ) ;
#749 = CARTESIAN_POINT ( 'NONE',  ( -0.2387315553484367359, -0.5711492529229238446, 0.2190127694450134943 ) ) ;
#750 = EDGE_CURVE ( 'NONE', #2677, #586, #3753, .T. ) ;
#751 = CARTESIAN_POINT ( 'NONE',  ( 0.000000000000000000, 0.000000000000000000, 0.000000000000000000 ) ) ;
#752 = CARTESIAN_POINT ( 'NONE',  ( -0.5079527800597907206, -0.4068886736676063376, 0.2086614173228346636 ) ) ;
#753 = CARTESIAN_POINT ( 'NONE',  ( 0.1702415497934066380, -0.5510269468160307049, -0.3187372073482350743 ) ) ;
#754 = VERTEX_POINT ( 'NONE', #1193 ) ;
#755 = LINE ( 'NONE', #2671, #2190 ) ;
#756 = ORIENTED_EDGE ( 'NONE', *, *, #3249, .T. ) ;
#757 = ORIENTED_EDGE ( 'NONE', *, *, #3788, .T. ) ;
#758 = FACE_OUTER_BOUND ( 'NONE', #1496, .T. ) ;
#759 = CARTESIAN_POINT ( 'NONE',  ( 0.3019737736185452714, -0.5779555199654424769, 0.07796822892791489823 ) ) ;
#760 = CARTESIAN_POINT ( 'NONE',  ( -0.2696141574875239311, -0.5076451741082081970, -0.1659521377698945088 ) ) ;
#761 = EDGE_LOOP ( 'NONE', ( #1436, #3416, #1698, #2265 ) ) ;
#762 = ORIENTED_EDGE ( 'NONE', *, *, #3597, .T. ) ;
#763 = CARTESIAN_POINT ( 'NONE',  ( 0.000000000000000000, 0.000000000000000000, 0.000000000000000000 ) ) ;
#764 = ORIENTED_EDGE ( 'NONE', *, *, #1648, .T. ) ;
#765 = MECHANICAL_CONTEXT ( 'NONE', #3157, 'mechanical' ) ;
#766 = APPLICATION_CONTEXT ( 'configuration controlled 3d designs of mechanical parts and assemblies' ) ;
#767 = DIRECTION ( 'NONE',  ( -0.000000000000000000, -0.000000000000000000, -1.000000000000000000 ) ) ;
#768 = CARTESIAN_POINT ( 'NONE',  ( 0.1128315016605838106, -0.2894216745996738838, 0.1065017792872620522 ) ) ;
#769 = CARTESIAN_POINT ( 'NONE',  ( 0.07451450543143947614, -0.5076451741082099733, -0.3077003321876851660 ) ) ;
#770 = CARTESIAN_POINT ( 'NONE',  ( 0.06440540942693985527, -0.5711492529229237336, -0.3175079399567934391 ) ) ;
#771 = AXIS2_PLACEMENT_3D ( 'NONE', #4046, #4025, #1386 ) ;
#772 = DIRECTION ( 'NONE',  ( 0.5000000000000012212, 0.8660254037844379305, 0.000000000000000000 ) ) ;
#773 = EDGE_CURVE ( 'NONE', #1219, #873, #1750, .T. ) ;
#774 = CARTESIAN_POINT ( 'NONE',  ( 0.09113625752090194487, -0.5246614642377032123, 0.2758782103222008342 ) ) ;
#775 = CARTESIAN_POINT ( 'NONE',  ( -0.02286066159767377592, -0.5202677472391130653, 0.2963814881153764569 ) ) ;
#776 = LINE ( 'NONE', #3325, #4040 ) ;
#777 = EDGE_LOOP ( 'NONE', ( #4445, #1335, #346, #4566 ) ) ;
#778 = ORIENTED_EDGE ( 'NONE', *, *, #4810, .T. ) ;
#779 = B_SPLINE_SURFACE_WITH_KNOTS ( 'NONE', 3, 1, ( 
 ( #3387, #3407 ),
 ( #1554, #3027 ),
 ( #4142, #2573 ),
 ( #106, #886 ),
 ( #277, #3454 ),
 ( #1774, #2398 ),
 ( #2038, #4167 ),
 ( #132, #521 ) ),
 .UNSPECIFIED., .F., .F., .F.,
 ( 4, 1, 1, 1, 1, 4 ),
 ( 2, 2 ),
 ( 0.000000000000000000, 0.09239413145188504761, 0.2927650588126481379, 0.3981225690435391540, 0.7245391928372308943, 1.000000000000000000 ),
 ( 0.000000000000000000, 1.000000000000000000 ),
 .UNSPECIFIED. ) ;
#780 = CARTESIAN_POINT ( 'NONE',  ( 0.000000000000000000, 0.000000000000000000, 0.000000000000000000 ) ) ;
#781 = DIRECTION ( 'NONE',  ( -0.4397454814088628261, -0.8813413940020675685, 0.1728041052723568449 ) ) ;
#782 = CARTESIAN_POINT ( 'NONE',  ( 0.000000000000000000, 0.000000000000000000, 0.000000000000000000 ) ) ;
#783 = ORIENTED_EDGE ( 'NONE', *, *, #4155, .F. ) ;
#784 = EDGE_CURVE ( 'NONE', #2592, #2585, #2378, .T. ) ;
#785 = ORIENTED_EDGE ( 'NONE', *, *, #2673, .F. ) ;
#786 = AXIS2_PLACEMENT_3D ( 'NONE', #679, #3679, #4027 ) ;
#787 = CARTESIAN_POINT ( 'NONE',  ( -0.2255661700352110943, -0.5785949642060882470, 0.2129121575287386825 ) ) ;
#788 = LINE ( 'NONE', #1528, #1087 ) ;
#789 = ORGANIZATION ( 'NAUO-ORG1', 'UNSPECIFIED', 'UNSPECIFIED' ) ;
#790 = ORIENTED_EDGE ( 'NONE', *, *, #3030, .T. ) ;
#791 = B_SPLINE_SURFACE_WITH_KNOTS ( 'NONE', 3, 1, ( 
 ( #2023, #2411 ),
 ( #4233, #1590 ),
 ( #3464, #1220 ),
 ( #141, #2385 ),
 ( #4556, #3133 ),
 ( #97, #2766 ),
 ( #2361, #3888 ),
 ( #1689, #1635 ) ),
 .UNSPECIFIED., .F., .F., .F.,
 ( 4, 1, 1, 1, 1, 4 ),
 ( 2, 2 ),
 ( 0.000000000000000000, 0.2754608071627706600, 0.6018774309564619562, 0.7072349411873528613, 0.9076058685481156463, 1.000000000000000000 ),
 ( 0.000000000000000000, 1.000000000000000000 ),
 .UNSPECIFIED. ) ;
#792 = DATE_AND_TIME ( #17, #1497 ) ;
#793 = CARTESIAN_POINT ( 'NONE',  ( -0.001119565499698308656, -0.5533416366082751781, -0.3568745103278329611 ) ) ;
#794 = VECTOR ( 'NONE', #360, 39.37007874015748143 ) ;
#795 = DIRECTION ( 'NONE',  ( -0.8660254037844413721, 0.4999999999999952260, -0.000000000000000000 ) ) ;
#796 = CARTESIAN_POINT ( 'NONE',  ( 0.000000000000000000, 0.000000000000000000, 0.000000000000000000 ) ) ;
#797 = CARTESIAN_POINT ( 'NONE',  ( 0.000000000000000000, 0.000000000000000000, 0.000000000000000000 ) ) ;
#798 = CARTESIAN_POINT ( 'NONE',  ( 0.1327877149192147888, -0.5785949642060882470, 0.2803196508531457520 ) ) ;
#799 = CARTESIAN_POINT ( 'NONE',  ( -0.03536185869776201085, -0.5076451741082496083, 0.3146131670758632870 ) ) ;
#800 = CARTESIAN_POINT ( 'NONE',  ( 0.2625951913046321029, -0.5675532765349018405, 0.1987184540361351115 ) ) ;
#801 = ORIENTED_EDGE ( 'NONE', *, *, #3501, .T. ) ;
#802 = VERTEX_POINT ( 'NONE', #230 ) ;
#803 = CARTESIAN_POINT ( 'NONE',  ( -0.1221419946588380018, -0.5268700205389782454, 0.2598912446767617235 ) ) ;
#804 = CARTESIAN_POINT ( 'NONE',  ( 0.000000000000000000, 0.000000000000000000, -0.3622047244094488416 ) ) ;
#805 = CARTESIAN_POINT ( 'NONE',  ( -0.2441598185850048230, -0.5510269468160307049, -0.2663861400537766433 ) ) ;
#806 = ORIENTED_EDGE ( 'NONE', *, *, #3186, .F. ) ;
#807 = B_SPLINE_CURVE_WITH_KNOTS ( 'NONE', 3,
 ( #4706, #1368, #2593, #1133 ),
 .UNSPECIFIED., .F., .F.,
 ( 4, 4 ),
 ( 8.673617379884035472E-19, 0.0008684883343403533053 ),
 .UNSPECIFIED. ) ;
#808 = CARTESIAN_POINT ( 'NONE',  ( -0.2290990077713604134, -0.5763141770085490334, 0.2149245316444955423 ) ) ;
#809 = CARTESIAN_POINT ( 'NONE',  ( 0.1427858302783397149, -0.5697155349887053077, -0.2925808419900238766 ) ) ;
#810 = ORIENTED_EDGE ( 'NONE', *, *, #444, .F. ) ;
#811 = APPROVAL_ROLE ( '' ) ;
#812 = CARTESIAN_POINT ( 'NONE',  ( -0.2379917378246424742, -0.5202702371058165465, 0.1781074485863731460 ) ) ;
#813 = CARTESIAN_POINT ( 'NONE',  ( 0.000000000000000000, 0.000000000000000000, 0.000000000000000000 ) ) ;
#814 = B_SPLINE_CURVE_WITH_KNOTS ( 'NONE', 3,
 ( #4028, #1851, #4809, #3317, #4473, #1485, #1416, #2885 ),
 .UNSPECIFIED., .F., .F.,
 ( 4, 2, 2, 4 ),
 ( 0.0001657239593222528467, 0.0008120922820787482071, 0.001135276443456995901, 0.001458460604835243703 ),
 .UNSPECIFIED. ) ;
#815 = CARTESIAN_POINT ( 'NONE',  ( -0.2266554410257596852, -0.5785949642060881359, -0.2117522017390013056 ) ) ;
#816 = CARTESIAN_POINT ( 'NONE',  ( -0.3458992283281492330, -0.5585565789419794092, -0.02729825203512495010 ) ) ;
#817 = CARTESIAN_POINT ( 'NONE',  ( -0.2502679898196046304, -0.5650778416537698412, 0.2226051873671815173 ) ) ;
#818 = CARTESIAN_POINT ( 'NONE',  ( 0.2078699364693314400, -0.5785182336645523504, 0.2304848445507018673 ) ) ;
#819 = CARTESIAN_POINT ( 'NONE',  ( 0.1551561096827637209, -0.2894216745996738838, 0.0003979779456325418228 ) ) ;
#820 = VERTEX_POINT ( 'NONE', #3121 ) ;
#821 = EDGE_LOOP ( 'NONE', ( #1130, #489, #1030, #1711 ) ) ;
#822 = CC_DESIGN_PERSON_AND_ORGANIZATION_ASSIGNMENT ( #3820, #1209, ( #397 ) ) ;
#823 = CARTESIAN_POINT ( 'NONE',  ( 0.2975626143783577371, -0.5117481726913170048, -0.08802081029098632325 ) ) ;
#824 = B_SPLINE_CURVE_WITH_KNOTS ( 'NONE', 1,
 ( #1374, #2841 ),
 .UNSPECIFIED., .F., .F.,
 ( 2, 2 ),
 ( 2.325202133283706780E-05, 0.001514701155316577333 ),
 .UNSPECIFIED. ) ;
#825 = DIRECTION ( 'NONE',  ( -1.000000000000000000, 0.000000000000000000, -0.000000000000000000 ) ) ;
#826 = CARTESIAN_POINT ( 'NONE',  ( -1.022837754999480860E-12, -0.5291549067212667490, 0.2836662331447016294 ) ) ;
#827 = ORIENTED_EDGE ( 'NONE', *, *, #2932, .T. ) ;
#828 = ADVANCED_FACE ( 'NONE', ( #4702 ), #4305, .F. ) ;
#829 = EDGE_LOOP ( 'NONE', ( #4591, #1632, #3439, #1979 ) ) ;
#830 = EDGE_CURVE ( 'NONE', #622, #2802, #2835, .T. ) ;
#831 = CARTESIAN_POINT ( 'NONE',  ( -0.2489344546984214868, -0.5291503390633798265, -0.1360225442156725306 ) ) ;
#832 = CARTESIAN_POINT ( 'NONE',  ( 0.000000000000000000, 0.000000000000000000, 0.000000000000000000 ) ) ;
#833 = EDGE_CURVE ( 'NONE', #1075, #2817, #3879, .T. ) ;
#834 = EDGE_LOOP ( 'NONE', ( #2153, #948, #574, #2165 ) ) ;
#835 = APPLICATION_PROTOCOL_DEFINITION ( 'international standard', 'config_control_design', 1994, #1020 ) ;
#836 = EDGE_CURVE ( 'NONE', #1587, #494, #1364, .T. ) ;
#837 = ORIENTED_EDGE ( 'NONE', *, *, #1124, .F. ) ;
#838 = CARTESIAN_POINT ( 'NONE',  ( -0.2208760891048009989, -0.5036595598781937744, -0.2352091450105569248 ) ) ;
#839 = CARTESIAN_POINT ( 'NONE',  ( -0.2489344546984214868, -0.5291503390633798265, -0.1360225442156725306 ) ) ;
#840 = CARTESIAN_POINT ( 'NONE',  ( 0.000000000000000000, 0.000000000000000000, 0.000000000000000000 ) ) ;
#841 = CARTESIAN_POINT ( 'NONE',  ( -0.1200422082453061617, -0.5785182336645522394, -0.2862220157411301535 ) ) ;
#842 = CARTESIAN_POINT ( 'NONE',  ( 0.000000000000000000, 0.000000000000000000, 0.000000000000000000 ) ) ;
#843 = EDGE_CURVE ( 'NONE', #2152, #2649, #1752, .T. ) ;
#844 = CARTESIAN_POINT ( 'NONE',  ( 0.2148148170479243224, -0.5675532765349015074, -0.2495993847097678631 ) ) ;
#845 = CARTESIAN_POINT ( 'NONE',  ( 0.01426631014456378709, -0.5675494520111779018, -0.3290077369832097309 ) ) ;
#846 = ORIENTED_EDGE ( 'NONE', *, *, #4121, .F. ) ;
#847 = VECTOR ( 'NONE', #1382, 39.37007874015748143 ) ;
#848 = CARTESIAN_POINT ( 'NONE',  ( 0.000000000000000000, 0.000000000000000000, 0.000000000000000000 ) ) ;
#849 = FACE_OUTER_BOUND ( 'NONE', #2522, .T. ) ;
#850 = DIRECTION ( 'NONE',  ( 0.000000000000000000, 0.000000000000000000, 1.000000000000000000 ) ) ;
#851 = VECTOR ( 'NONE', #1142, 39.37007874015748854 ) ;
#852 = ORIENTED_EDGE ( 'NONE', *, *, #333, .T. ) ;
#853 = ORIENTED_EDGE ( 'NONE', *, *, #633, .F. ) ;
#854 = AXIS2_PLACEMENT_3D ( 'NONE', #804, #2269, #825 ) ;
#855 = CARTESIAN_POINT ( 'NONE',  ( 0.000000000000000000, 0.000000000000000000, 0.000000000000000000 ) ) ;
#856 = CARTESIAN_POINT ( 'NONE',  ( -0.2088598265742246107, -0.5533416366082752891, 0.2893756078041535562 ) ) ;
#857 = CARTESIAN_POINT ( 'NONE',  ( 0.2427085170225493360, -0.5291561317255569774, 0.1472684006889656838 ) ) ;
#858 = CARTESIAN_POINT ( 'NONE',  ( -0.1568819014190395711, -0.5246608535493826331, 0.2445469647212677178 ) ) ;
#859 = EDGE_CURVE ( 'NONE', #4080, #3894, #2045, .T. ) ;
#860 = ORIENTED_EDGE ( 'NONE', *, *, #4260, .F. ) ;
#861 = CC_DESIGN_SECURITY_CLASSIFICATION ( #397, ( #1732 ) ) ;
#862 = CARTESIAN_POINT ( 'NONE',  ( 0.000000000000000000, 0.000000000000000000, 0.000000000000000000 ) ) ;
#863 = CARTESIAN_POINT ( 'NONE',  ( -0.3123347860391646469, -0.5570908895713218012, 0.1522320842831091647 ) ) ;
#864 = FACE_OUTER_BOUND ( 'NONE', #254, .T. ) ;
#865 = CARTESIAN_POINT ( 'NONE',  ( 0.000000000000000000, -0.6153076169366386017, -7.993749669112161888E-17 ) ) ;
#866 = FACE_OUTER_BOUND ( 'NONE', #2295, .T. ) ;
#867 = DIRECTION ( 'NONE',  ( 0.000000000000000000, 0.000000000000000000, 1.000000000000000000 ) ) ;
#868 = DESIGN_CONTEXT ( 'detailed design', #1020, 'design' ) ;
#869 = VECTOR ( 'NONE', #1322, 39.37007874015748143 ) ;
#870 = CARTESIAN_POINT ( 'NONE',  ( 0.000000000000000000, 0.000000000000000000, 0.000000000000000000 ) ) ;
#871 = FACE_OUTER_BOUND ( 'NONE', #4237, .T. ) ;
#872 = EDGE_LOOP ( 'NONE', ( #1384, #3326, #2206, #4102 ) ) ;
#873 = VERTEX_POINT ( 'NONE', #2829 ) ;
#874 = CARTESIAN_POINT ( 'NONE',  ( -0.2813442498057562302, -0.5291503390633798265, -0.03627545137060676772 ) ) ;
#875 = CARTESIAN_POINT ( 'NONE',  ( 0.000000000000000000, 0.000000000000000000, 0.000000000000000000 ) ) ;
#876 = CARTESIAN_POINT ( 'NONE',  ( 0.1084254487514504789, -0.5785182336645522394, -0.2908214161962144884 ) ) ;
#877 = ORIENTED_EDGE ( 'NONE', *, *, #830, .F. ) ;
#878 = B_SPLINE_CURVE_WITH_KNOTS ( 'NONE', 3,
 ( #920, #4228, #1630, #894 ),
 .UNSPECIFIED., .F., .F.,
 ( 4, 4 ),
 ( 0.000000000000000000, 0.0009496860142668333074 ),
 .UNSPECIFIED. ) ;
#879 = CARTESIAN_POINT ( 'NONE',  ( 2.779107891424765128E-17, -0.5662497646253558115, -0.2269313808160597079 ) ) ;
#880 = CARTESIAN_POINT ( 'NONE',  ( -0.2830379040674961266, -0.5697155349887013109, -0.1608753781314885278 ) ) ;
#881 = CARTESIAN_POINT ( 'NONE',  ( 0.1313479281592155046, -0.5785949642060880249, -0.2809971630749640292 ) ) ;
#882 = CARTESIAN_POINT ( 'NONE',  ( 0.000000000000000000, 0.000000000000000000, 0.000000000000000000 ) ) ;
#883 = ORIENTED_EDGE ( 'NONE', *, *, #4754, .T. ) ;
#884 = DATE_TIME_ROLE ( 'creation_date' ) ;
#885 = CARTESIAN_POINT ( 'NONE',  ( 0.1304393140617567115, -0.5531022667475553600, 0.3294521002892801254 ) ) ;
#886 = CARTESIAN_POINT ( 'NONE',  ( 0.2856976254614844724, -0.5711492529229237336, 0.1527619569942981481 ) ) ;
#887 = CARTESIAN_POINT ( 'NONE',  ( 0.000000000000000000, 0.000000000000000000, 0.000000000000000000 ) ) ;
#888 = CARTESIAN_POINT ( 'NONE',  ( -0.3036459037271561634, -0.5785182336645523504, -0.06428327313573699298 ) ) ;
#889 = CARTESIAN_POINT ( 'NONE',  ( 0.000000000000000000, 0.000000000000000000, 0.000000000000000000 ) ) ;
#890 = EDGE_CURVE ( 'NONE', #1613, #4482, #2905, .T. ) ;
#891 = CARTESIAN_POINT ( 'NONE',  ( 0.000000000000000000, 0.000000000000000000, 0.000000000000000000 ) ) ;
#892 = CARTESIAN_POINT ( 'NONE',  ( 0.1168643465660940545, -0.5611928409090070069, 0.3196493454911757404 ) ) ;
#893 = FACE_BOUND ( 'NONE', #4181, .T. ) ;
#894 = CARTESIAN_POINT ( 'NONE',  ( -0.2881043136620062839, -0.5785949642060881359, -0.1149242721849504795 ) ) ;
#895 = ORIENTED_EDGE ( 'NONE', *, *, #3219, .F. ) ;
#896 = ORIENTED_EDGE ( 'NONE', *, *, #904, .F. ) ;
#897 = B_SPLINE_SURFACE_WITH_KNOTS ( 'NONE', 3, 1, ( 
 ( #842, #1017 ),
 ( #2811, #2529 ),
 ( #2477, #628 ),
 ( #3954, #4383 ),
 ( #680, #2117 ),
 ( #234, #2457 ),
 ( #1366, #1731 ),
 ( #2093, #3273 ) ),
 .UNSPECIFIED., .F., .F., .F.,
 ( 4, 1, 1, 1, 1, 4 ),
 ( 2, 2 ),
 ( 0.000000000000000000, 0.2754608071627706600, 0.6018774309564619562, 0.7072349411873528613, 0.9076058685481156463, 1.000000000000000000 ),
 ( 0.000000000000000000, 1.000000000000000000 ),
 .UNSPECIFIED. ) ;
#898 = EDGE_CURVE ( 'NONE', #2802, #3745, #105, .T. ) ;
#899 = CARTESIAN_POINT ( 'NONE',  ( 0.1303333238029587837, -0.5533416366082754001, 0.3322256676644830264 ) ) ;
#900 = DIRECTION ( 'NONE',  ( 0.000000000000000000, 0.000000000000000000, 1.000000000000000000 ) ) ;
#901 = CARTESIAN_POINT ( 'NONE',  ( 0.04044004309533120317, -0.5036595598781961058, 0.3201159033057788261 ) ) ;
#902 = CARTESIAN_POINT ( 'NONE',  ( 0.1773434090774303473, -0.5785182336645522394, -0.2547204140074376122 ) ) ;
#903 = ORIENTED_EDGE ( 'NONE', *, *, #3549, .T. ) ;
#904 = EDGE_CURVE ( 'NONE', #3265, #10, #1702, .T. ) ;
#905 = DIRECTION ( 'NONE',  ( 0.4579360542293168801, -0.8813413940020674575, -0.1163267701579326630 ) ) ;
#906 = CARTESIAN_POINT ( 'NONE',  ( -0.09677546656800395386, -0.5779555199654423658, -0.2964822317544939523 ) ) ;
#907 = CARTESIAN_POINT ( 'NONE',  ( 0.3358844377208627940, -0.5611936780632695854, 0.05489670330347878185 ) ) ;
#908 = VERTEX_POINT ( 'NONE', #1387 ) ;
#909 = APPROVAL_ROLE ( '' ) ;
#910 = CARTESIAN_POINT ( 'NONE',  ( -0.1544756444326751688, -0.5246608535493827441, -0.2460740218396652301 ) ) ;
#911 = CARTESIAN_POINT ( 'NONE',  ( 0.2592523101861122226, -0.5291561317290428557, -0.1156877084797222899 ) ) ;
#912 = CARTESIAN_POINT ( 'NONE',  ( 0.03369927855770206426, -0.5611928409090085612, 0.3386699546696548269 ) ) ;
#913 = CC_DESIGN_DATE_AND_TIME_ASSIGNMENT ( #448, #1577, ( #2778 ) ) ;
#914 = CARTESIAN_POINT ( 'NONE',  ( 0.000000000000000000, 0.000000000000000000, 0.000000000000000000 ) ) ;
#915 =( CONVERSION_BASED_UNIT ( 'INCH', #1264 ) LENGTH_UNIT ( ) NAMED_UNIT ( #1762 ) );
#916 = CARTESIAN_POINT ( 'NONE',  ( 0.2049260105791943232, -0.5675532765349076136, 0.2577801168804857435 ) ) ;
#917 = CARTESIAN_POINT ( 'NONE',  ( -0.2135323062004068628, -0.5076457267943569329, -0.2337420163634219283 ) ) ;
#918 = CARTESIAN_POINT ( 'NONE',  ( 0.3220520709265959347, -0.5650778416537697302, -0.09203042857128659882 ) ) ;
#919 = ADVANCED_FACE ( 'NONE', ( #4151 ), #2796, .F. ) ;
#920 = CARTESIAN_POINT ( 'NONE',  ( -0.2721952747131161643, -0.5785949642060881359, -0.1487327008823128294 ) ) ;
#921 = ORIENTED_EDGE ( 'NONE', *, *, #3360, .T. ) ;
#922 = ORIENTED_EDGE ( 'NONE', *, *, #2827, .T. ) ;
#923 = EDGE_CURVE ( 'NONE', #1606, #3081, #1616, .T. ) ;
#924 = CARTESIAN_POINT ( 'NONE',  ( 0.1328509203760456225, -0.5585565789419794092, 0.3205340912873695935 ) ) ;
#925 = CARTESIAN_POINT ( 'NONE',  ( 0.000000000000000000, 0.000000000000000000, 0.000000000000000000 ) ) ;
#926 = CARTESIAN_POINT ( 'NONE',  ( 0.000000000000000000, -0.6153076169366386017, 0.000000000000000000 ) ) ;
#927 = CARTESIAN_POINT ( 'NONE',  ( -0.1717666925657281018, -0.5650778416537697302, -0.2875471083077597023 ) ) ;
#928 = EDGE_CURVE ( 'NONE', #3640, #1587, #3427, .T. ) ;
#929 = ORIENTED_EDGE ( 'NONE', *, *, #3382, .T. ) ;
#930 = DIRECTION ( 'NONE',  ( 1.025000492265327095E-16, 0.5472389554347012464, -0.8369764188164067198 ) ) ;
#931 = B_SPLINE_CURVE_WITH_KNOTS ( 'NONE', 3,
 ( #589, #3233, #2147, #1001, #638, #2172, #4740, #3610 ),
 .UNSPECIFIED., .F., .F.,
 ( 4, 2, 2, 4 ),
 ( 0.0001822175744224669564, 0.0008899156074969172660, 0.001243764624034145823, 0.001597613640571374487 ),
 .UNSPECIFIED. ) ;
#932 = AXIS2_PLACEMENT_3D ( 'NONE', #718, #4443, #3571 ) ;
#933 = CARTESIAN_POINT ( 'NONE',  ( 0.000000000000000000, 0.000000000000000000, 0.000000000000000000 ) ) ;
#934 = DIRECTION ( 'NONE',  ( 0.000000000000000000, 0.000000000000000000, -1.000000000000000000 ) ) ;
#935 = VERTEX_POINT ( 'NONE', #3381 ) ;
#936 = PERSON_AND_ORGANIZATION ( #1829, #4201 ) ;
#937 = VECTOR ( 'NONE', #4077, 39.37007874015748143 ) ;
#938 = CARTESIAN_POINT ( 'NONE',  ( 0.1187791326502428690, -0.5036595598781937744, 0.3000018437971422869 ) ) ;
#939 = CARTESIAN_POINT ( 'NONE',  ( -0.1249943290788854966, -0.5246614642377031013, -0.2622804263829385252 ) ) ;
#940 = B_SPLINE_SURFACE_WITH_KNOTS ( 'NONE', 3, 1, ( 
 ( #3708, #25 ),
 ( #3035, #387 ),
 ( #1878, #2622 ),
 ( #4099, #4124 ) ),
 .UNSPECIFIED., .F., .F., .F.,
 ( 4, 4 ),
 ( 2, 2 ),
 ( 0.000000000000000000, 1.000000000000000000 ),
 ( 0.000000000000000000, 1.000000000000000000 ),
 .UNSPECIFIED. ) ;
#941 = CARTESIAN_POINT ( 'NONE',  ( -0.08092655941310447631, -0.5585565789419792981, -0.3374053388785359098 ) ) ;
#942 =( LENGTH_UNIT ( ) NAMED_UNIT ( * ) SI_UNIT ( $, .METRE. ) );
#943 = DIRECTION ( 'NONE',  ( 0.000000000000000000, 0.5472389554347010243, 0.8369764188164069418 ) ) ;
#944 = CARTESIAN_POINT ( 'NONE',  ( 0.000000000000000000, 0.2716535433070866312, 0.000000000000000000 ) ) ;
#945 = CARTESIAN_POINT ( 'NONE',  ( 0.1971025442429065189, -0.5785949642060880249, -0.2395042190460732190 ) ) ;
#946 = APPROVAL_PERSON_ORGANIZATION ( #4805, #561, #4782 ) ;
#947 = DIRECTION ( 'NONE',  ( -0.000000000000000000, -1.000000000000000000, -0.000000000000000000 ) ) ;
#948 = ORIENTED_EDGE ( 'NONE', *, *, #4590, .T. ) ;
#949 = ORIENTED_EDGE ( 'NONE', *, *, #2155, .F. ) ;
#950 = B_SPLINE_CURVE_WITH_KNOTS ( 'NONE', 3,
 ( #3728, #4524, #1533, #3007, #3368, #4119, #1189, #4094 ),
 .UNSPECIFIED., .F., .F.,
 ( 4, 2, 2, 4 ),
 ( 0.0001657239593219712523, 0.0008120922820786183197, 0.001135276443456943209, 0.001458460604835267772 ),
 .UNSPECIFIED. ) ;
#951 = VECTOR ( 'NONE', #4564, 39.37007874015748854 ) ;
#952 = CARTESIAN_POINT ( 'NONE',  ( 0.000000000000000000, 0.000000000000000000, 0.000000000000000000 ) ) ;
#953 = CARTESIAN_POINT ( 'NONE',  ( 0.3265523781683087323, -0.5650778416537697302, 0.07450288909663616010 ) ) ;
#954 = CARTESIAN_POINT ( 'NONE',  ( -0.3250773367677745052, -0.5510269468160308159, 0.1577983451883561705 ) ) ;
#955 = DIRECTION ( 'NONE',  ( 0.000000000000000000, 1.000000000000000000, 0.000000000000000000 ) ) ;
#956 = CARTESIAN_POINT ( 'NONE',  ( -0.1703996184983327111, -0.5711492529229237336, -0.2755418638150674004 ) ) ;
#957 = ORIENTED_EDGE ( 'NONE', *, *, #1045, .T. ) ;
#958 = EDGE_CURVE ( 'NONE', #4020, #986, #4588, .T. ) ;
#959 = CARTESIAN_POINT ( 'NONE',  ( -0.3116806174894563020, -0.5611928409090068959, 0.1367046899438658369 ) ) ;
#960 = CARTESIAN_POINT ( 'NONE',  ( 0.000000000000000000, 0.000000000000000000, 0.000000000000000000 ) ) ;
#961 = PLANE ( 'NONE',  #3900 ) ;
#962 = ORIENTED_EDGE ( 'NONE', *, *, #1700, .F. ) ;
#963 = ORIENTED_EDGE ( 'NONE', *, *, #3788, .F. ) ;
#964 = PERSON_AND_ORGANIZATION ( #1829, #4201 ) ;
#965 = EDGE_CURVE ( 'NONE', #1011, #512, #3756, .T. ) ;
#966 = CARTESIAN_POINT ( 'NONE',  ( 0.3103122193660456385, -0.5788433491990536695, 0.0007959558911407503762 ) ) ;
#967 = CARTESIAN_POINT ( 'NONE',  ( 0.2430822966646697669, -0.5785182336645522394, -0.1929874895001089663 ) ) ;
#968 = CARTESIAN_POINT ( 'NONE',  ( -0.1303574713120850548, -0.5202702371058174347, -0.2671502576975348098 ) ) ;
#969 = CARTESIAN_POINT ( 'NONE',  ( -0.1656015541593727214, -0.5788433491990536695, 0.2624317669293520505 ) ) ;
#970 = CARTESIAN_POINT ( 'NONE',  ( 0.000000000000000000, 0.000000000000000000, 0.000000000000000000 ) ) ;
#971 = CARTESIAN_POINT ( 'NONE',  ( 0.000000000000000000, 0.000000000000000000, 0.000000000000000000 ) ) ;
#972 = CARTESIAN_POINT ( 'NONE',  ( 0.2772614691300344658, -0.5181052167782334017, 0.1160564590451632905 ) ) ;
#973 = CARTESIAN_POINT ( 'NONE',  ( -0.05901531427672754987, -0.5763144579382278865, -0.3085381603880638646 ) ) ;
#974 = DIRECTION ( 'NONE',  ( -0.8660254037844379305, 0.5000000000000013323, 0.000000000000000000 ) ) ;
#975 = ORIENTED_EDGE ( 'NONE', *, *, #830, .T. ) ;
#976 = DIRECTION ( 'NONE',  ( 0.8660254037844413721, -0.4999999999999951150, 0.000000000000000000 ) ) ;
#977 = CARTESIAN_POINT ( 'NONE',  ( 0.06505952241358740895, -0.5291561317290430777, 0.2763379539141180286 ) ) ;
#978 = CARTESIAN_POINT ( 'NONE',  ( 0.04509034073234540613, -0.5785182336645522394, -0.3070831080146972369 ) ) ;
#979 = CARTESIAN_POINT ( 'NONE',  ( 0.000000000000000000, 0.000000000000000000, 0.000000000000000000 ) ) ;
#980 = CARTESIAN_POINT ( 'NONE',  ( 0.3369923541225178787, -0.5531022667475553600, -0.1094954533342969716 ) ) ;
#981 = VERTEX_POINT ( 'NONE', #831 ) ;
#982 = APPROVAL ( #2731, 'UNSPECIFIED' ) ;
#983 = B_SPLINE_SURFACE_WITH_KNOTS ( 'NONE', 3, 1, ( 
 ( #2653, #1249 ),
 ( #3087, #31 ),
 ( #3017, #2723 ),
 ( #3378, #1932 ) ),
 .UNSPECIFIED., .F., .F., .F.,
 ( 4, 4 ),
 ( 2, 2 ),
 ( 0.000000000000000000, 1.000000000000000000 ),
 ( 0.000000000000000000, 1.000000000000000000 ),
 .UNSPECIFIED. ) ;
#984 = CARTESIAN_POINT ( 'NONE',  ( -0.1234722275494349042, -0.5570908895713216902, 0.3247802873933252066 ) ) ;
#985 = CARTESIAN_POINT ( 'NONE',  ( 0.000000000000000000, 0.000000000000000000, 0.000000000000000000 ) ) ;
#986 = VERTEX_POINT ( 'NONE', #787 ) ;
#987 = EDGE_CURVE ( 'NONE', #1529, #3823, #1916, .T. ) ;
#988 = DATE_AND_TIME ( #1336, #4775 ) ;
#989 = ADVANCED_FACE ( 'NONE', ( #398 ), #2075, .F. ) ;
#990 = CARTESIAN_POINT ( 'NONE',  ( 0.000000000000000000, 0.000000000000000000, 0.000000000000000000 ) ) ;
#991 = CARTESIAN_POINT ( 'NONE',  ( -0.1813801642615815723, -0.5291503390633799375, 0.2181094479460865265 ) ) ;
#992 = CARTESIAN_POINT ( 'NONE',  ( 0.09859357919043233720, -0.2894216745996738283, -0.1198035178980775273 ) ) ;
#993 = CARTESIAN_POINT ( 'NONE',  ( -0.3093083955678317398, -0.5785182336645523504, 0.02571945735389617391 ) ) ;
#994 = CARTESIAN_POINT ( 'NONE',  ( -0.3220234790102127764, -0.5036595598787235728, -0.02026000002979158263 ) ) ;
#995 = CARTESIAN_POINT ( 'NONE',  ( 0.2640196774741999097, -0.5291503390633798265, 0.1037502056736489126 ) ) ;
#996 = CARTESIAN_POINT ( 'NONE',  ( -0.2771691582639887463, -0.5117476724477671990, 0.1395309968312457016 ) ) ;
#997 = EDGE_CURVE ( 'NONE', #2086, #714, #1935, .T. ) ;
#998 = CARTESIAN_POINT ( 'NONE',  ( -0.2232227225169083895, -0.8895283427775351193, -0.2047244094488188948 ) ) ;
#999 = ORIENTED_EDGE ( 'NONE', *, *, #3501, .F. ) ;
#1000 = CARTESIAN_POINT ( 'NONE',  ( 0.000000000000000000, 0.000000000000000000, 0.000000000000000000 ) ) ;
#1001 = CARTESIAN_POINT ( 'NONE',  ( 0.3274557987778598522, -0.5675532765349011743, -0.03489925955635063415 ) ) ;
#1002 = CARTESIAN_POINT ( 'NONE',  ( -0.2730196020075481567, -0.5531022667475552490, 0.2258614574414139764 ) ) ;
#1003 = CARTESIAN_POINT ( 'NONE',  ( 0.000000000000000000, 0.000000000000000000, 0.000000000000000000 ) ) ;
#1004 = CARTESIAN_POINT ( 'NONE',  ( 0.2660760724889934536, -0.5697155349887013109, -0.1876029479424632662 ) ) ;
#1005 = CARTESIAN_POINT ( 'NONE',  ( 0.000000000000000000, 0.000000000000000000, 0.000000000000000000 ) ) ;
#1006 = EDGE_LOOP ( 'NONE', ( #3384, #1007, #2742, #2499 ) ) ;
#1007 = ORIENTED_EDGE ( 'NONE', *, *, #1608, .F. ) ;
#1008 = DIRECTION ( 'NONE',  ( -0.4686009154925094844, 0.8813413940020674575, 0.06041960954917185989 ) ) ;
#1009 = CARTESIAN_POINT ( 'NONE',  ( -0.3318922930004244432, -0.5570908895713219122, -0.1028354603346082474 ) ) ;
#1010 = CARTESIAN_POINT ( 'NONE',  ( -0.2874908672761707917, -0.5697155349887014220, 0.1527754681245183932 ) ) ;
#1011 = VERTEX_POINT ( 'NONE', #2095 ) ;
#1012 = DATE_AND_TIME ( #4376, #1575 ) ;
#1013 = CARTESIAN_POINT ( 'NONE',  ( -0.1971871583808611494, -0.5788433491993476565, -0.2396070357961579134 ) ) ;
#1014 = EDGE_LOOP ( 'NONE', ( #4462, #2085, #2751, #790 ) ) ;
#1015 = CARTESIAN_POINT ( 'NONE',  ( 0.3561000019025553076, -0.5533416366082751781, -0.02352569220317775670 ) ) ;
#1016 = VECTOR ( 'NONE', #795, 39.37007874015748854 ) ;
#1017 = CARTESIAN_POINT ( 'NONE',  ( -0.3557446300691506358, -0.5510269468160307049, 0.06341412146498487390 ) ) ;
#1018 = FACE_OUTER_BOUND ( 'NONE', #2021, .T. ) ;
#1019 = CARTESIAN_POINT ( 'NONE',  ( 0.3422913817250203272, -0.5510269468160308159, -0.1158110643288852298 ) ) ;
#1020 = APPLICATION_CONTEXT ( 'configuration controlled 3d designs of mechanical parts and assemblies' ) ;
#1021 = CARTESIAN_POINT ( 'NONE',  ( 0.2813442498057567853, -0.5291503390633798265, -0.03627545137060284031 ) ) ;
#1022 = CARTESIAN_POINT ( 'NONE',  ( 0.000000000000000000, 0.000000000000000000, 0.000000000000000000 ) ) ;
#1023 = CC_DESIGN_APPROVAL ( #200, ( #1879 ) ) ;
#1024 = B_SPLINE_SURFACE_WITH_KNOTS ( 'NONE', 3, 1, ( 
 ( #2748, #1696 ),
 ( #2392, #540 ),
 ( #171, #2030 ),
 ( #1671, #4668 ),
 ( #349, #3946 ),
 ( #3188, #2491 ),
 ( #2541, #2179 ),
 ( #4801, #2157 ) ),
 .UNSPECIFIED., .F., .F., .F.,
 ( 4, 1, 1, 1, 1, 4 ),
 ( 2, 2 ),
 ( 0.000000000000000000, 0.2754608071627706600, 0.6018774309564619562, 0.7072349411873528613, 0.9076058685481156463, 1.000000000000000000 ),
 ( 0.000000000000000000, 1.000000000000000000 ),
 .UNSPECIFIED. ) ;
#1025 = CARTESIAN_POINT ( 'NONE',  ( 0.008239139536728815397, -0.5117481726913170048, -0.3101987896489270535 ) ) ;
#1026 = CARTESIAN_POINT ( 'NONE',  ( -0.3470394253357406145, -0.5570908895713218012, -0.01706643834985204292 ) ) ;
#1027 = FACE_OUTER_BOUND ( 'NONE', #821, .T. ) ;
#1028 = CARTESIAN_POINT ( 'NONE',  ( 0.000000000000000000, 0.000000000000000000, 0.000000000000000000 ) ) ;
#1029 = CARTESIAN_POINT ( 'NONE',  ( 0.2723121254042881745, -0.5788433491993477675, -0.1487965503334648665 ) ) ;
#1030 = ORIENTED_EDGE ( 'NONE', *, *, #2644, .T. ) ;
#1031 = ORIENTED_EDGE ( 'NONE', *, *, #637, .T. ) ;
#1032 = CARTESIAN_POINT ( 'NONE',  ( -0.1926846601807073178, -0.5611936780632696964, 0.2805434463103633203 ) ) ;
#1033 = DIRECTION ( 'NONE',  ( 0.000000000000000000, -0.000000000000000000, 1.000000000000000000 ) ) ;
#1034 = CARTESIAN_POINT ( 'NONE',  ( 0.000000000000000000, 0.000000000000000000, 0.000000000000000000 ) ) ;
#1035 = VECTOR ( 'NONE', #2248, 39.37007874015748854 ) ;
#1036 = ORIENTED_EDGE ( 'NONE', *, *, #2698, .T. ) ;
#1037 = APPROVAL_STATUS ( 'not_yet_approved' ) ;
#1038 = CARTESIAN_POINT ( 'NONE',  ( 0.05386962166554879611, -0.5291503390633799375, 0.2785113267580253682 ) ) ;
#1039 = VERTEX_POINT ( 'NONE', #1734 ) ;
#1040 = CARTESIAN_POINT ( 'NONE',  ( -0.2106713216053722748, -0.5533416366082754001, 0.2880594796247543110 ) ) ;
#1041 = DIRECTION ( 'NONE',  ( 1.000000000000000000, 0.000000000000000000, 0.000000000000000000 ) ) ;
#1042 = CARTESIAN_POINT ( 'NONE',  ( 0.1831509117227805572, -0.5268701665594058836, -0.2211735542323960690 ) ) ;
#1043 = LINE ( 'NONE', #4348, #1435 ) ;
#1044 = CARTESIAN_POINT ( 'NONE',  ( -0.3397537933126503762, -0.5533416366082751781, -0.1092155184866299561 ) ) ;
#1045 = EDGE_CURVE ( 'NONE', #4617, #2876, #807, .T. ) ;
#1046 = CARTESIAN_POINT ( 'NONE',  ( -0.01446605182115459111, -0.5202677472389242164, -0.2969096321964785345 ) ) ;
#1047 = CARTESIAN_POINT ( 'NONE',  ( -0.3536355315669381105, -0.5531022667475554710, -0.02224886179760300620 ) ) ;
#1048 = EDGE_CURVE ( 'NONE', #3018, #3026, #3203, .T. ) ;
#1049 = CARTESIAN_POINT ( 'NONE',  ( 0.009345140108063254569, -0.2894216745996738838, 0.1548749337843140783 ) ) ;
#1050 = CARTESIAN_POINT ( 'NONE',  ( 0.000000000000000000, 0.000000000000000000, 0.000000000000000000 ) ) ;
#1051 = EDGE_CURVE ( 'NONE', #2181, #737, #2607, .T. ) ;
#1052 = CARTESIAN_POINT ( 'NONE',  ( 0.000000000000000000, 0.000000000000000000, 0.000000000000000000 ) ) ;
#1053 = CARTESIAN_POINT ( 'NONE',  ( -0.2563100658990726255, -0.5741050682364793323, 0.1881592619814283218 ) ) ;
#1054 = CARTESIAN_POINT ( 'NONE',  ( 0.09333992877615930606, -0.5611928409090067849, -0.3272928921735377417 ) ) ;
#1055 = VERTEX_POINT ( 'NONE', #1531 ) ;
#1056 = EDGE_CURVE ( 'NONE', #2677, #1403, #3005, .T. ) ;
#1057 = VERTEX_POINT ( 'NONE', #2959 ) ;
#1058 = CARTESIAN_POINT ( 'NONE',  ( 0.000000000000000000, 0.000000000000000000, 0.000000000000000000 ) ) ;
#1059 = CARTESIAN_POINT ( 'NONE',  ( 2.314400811233974636E-15, -0.5036595598781937744, -0.3226601751608479951 ) ) ;
#1060 = EDGE_CURVE ( 'NONE', #371, #3243, #3644, .T. ) ;
#1061 = CALENDAR_DATE ( 2026, 5, 4 ) ;
#1062 = CARTESIAN_POINT ( 'NONE',  ( 0.2072862898727597103, -0.5291503390633798265, -0.1936566273115673531 ) ) ;
#1063 = ORIENTED_EDGE ( 'NONE', *, *, #1362, .F. ) ;
#1064 = PRODUCT ( 'GearPlusFeet', 'GearPlusFeet', '', ( #765 ) ) ;
#1065 = CC_DESIGN_PERSON_AND_ORGANIZATION_ASSIGNMENT ( #4805, #699, ( #4781 ) ) ;
#1066 = DIRECTION ( 'NONE',  ( 0.4134521707519662193, -0.8813413940020675685, 0.2286802346486884463 ) ) ;
#1067 = CARTESIAN_POINT ( 'NONE',  ( 0.3075771165198190049, -0.5741050682364795543, -0.08059202903474078916 ) ) ;
#1068 = CARTESIAN_POINT ( 'NONE',  ( -0.2569840532229387131, -0.5751480959758970002, -0.1853407145134009504 ) ) ;
#1069 = CARTESIAN_POINT ( 'NONE',  ( 0.2072862898727597103, -0.5291503390633798265, -0.1936566273115673531 ) ) ;
#1070 = ADVANCED_BREP_SHAPE_REPRESENTATION ( '', ( #2890, #2118 ), #3725 ) ;
#1071 = CARTESIAN_POINT ( 'NONE',  ( 0.1036918503337645459, -0.5711492529229237336, 0.3069321567927000283 ) ) ;
#1072 = CARTESIAN_POINT ( 'NONE',  ( -0.3068680621356596472, -0.5036595598781937744, -0.09970747753270078895 ) ) ;
#1073 = CARTESIAN_POINT ( 'NONE',  ( -0.1655304935845350878, -0.5785949642060881359, 0.2623191559561679487 ) ) ;
#1074 = FACE_OUTER_BOUND ( 'NONE', #2976, .T. ) ;
#1075 = VERTEX_POINT ( 'NONE', #4454 ) ;
#1076 = VERTEX_POINT ( 'NONE', #3771 ) ;
#1077 = EDGE_CURVE ( 'NONE', #1815, #4617, #646, .T. ) ;
#1078 = CARTESIAN_POINT ( 'NONE',  ( -0.1304393140617615965, -0.5531022667475552490, 0.3294521002892782935 ) ) ;
#1079 = EDGE_CURVE ( 'NONE', #494, #2450, #1896, .T. ) ;
#1080 = CARTESIAN_POINT ( 'NONE',  ( -0.3480584879825009414, -0.5531022667475551380, 0.06639570755142909508 ) ) ;
#1081 = ORIENTED_EDGE ( 'NONE', *, *, #4721, .F. ) ;
#1082 = CARTESIAN_POINT ( 'NONE',  ( 0.3142077622780197754, -0.5751480959758970002, 0.04081012363945422244 ) ) ;
#1083 = ORIENTED_EDGE ( 'NONE', *, *, #4161, .T. ) ;
#1084 = ORIENTED_EDGE ( 'NONE', *, *, #3864, .F. ) ;
#1085 = DIRECTION ( 'NONE',  ( 1.000000000000000000, 0.000000000000000000, 0.000000000000000000 ) ) ;
#1086 = CARTESIAN_POINT ( 'NONE',  ( -0.2232227225169027829, -0.8895283427775345642, 0.3661417322834645272 ) ) ;
#1087 = VECTOR ( 'NONE', #1506, 39.37007874015748143 ) ;
#1088 = CARTESIAN_POINT ( 'NONE',  ( -0.2411452186069006631, -0.5076451741082064206, 0.2051362705401885977 ) ) ;
#1089 = VERTEX_POINT ( 'NONE', #727 ) ;
#1090 = FACE_OUTER_BOUND ( 'NONE', #4299, .T. ) ;
#1091 = CARTESIAN_POINT ( 'NONE',  ( -0.2637928440990449097, -0.5585565789419794092, 0.2253992150037776865 ) ) ;
#1092 = VECTOR ( 'NONE', #3706, 39.37007874015748143 ) ;
#1093 = CARTESIAN_POINT ( 'NONE',  ( -0.1328447193484234012, -0.5788433491993477675, 0.2804399892572003172 ) ) ;
#1094 = CARTESIAN_POINT ( 'NONE',  ( -0.01013952536219138272, -0.2894216745996738283, -0.1548249553003795131 ) ) ;
#1095 = CARTESIAN_POINT ( 'NONE',  ( 0.1707020581438380702, -0.5531022667475662402, -0.3105058910606428024 ) ) ;
#1096 = CARTESIAN_POINT ( 'NONE',  ( 0.000000000000000000, 0.000000000000000000, 0.000000000000000000 ) ) ;
#1097 = ORIENTED_EDGE ( 'NONE', *, *, #3070, .F. ) ;
#1098 = ORIENTED_EDGE ( 'NONE', *, *, #1530, .F. ) ;
#1099 = CC_DESIGN_APPROVAL ( #1791, ( #2778 ) ) ;
#1100 = PRODUCT ( 'basePlate', 'basePlate', '', ( #3452 ) ) ;
#1101 = CARTESIAN_POINT ( 'NONE',  ( 0.000000000000000000, 0.000000000000000000, 0.000000000000000000 ) ) ;
#1102 = CARTESIAN_POINT ( 'NONE',  ( 0.08347282486595619666, -0.2894216745996738283, -0.1307893889703306278 ) ) ;
#1103 = CARTESIAN_POINT ( 'NONE',  ( -0.1257578550816389473, -0.2894216745996738838, 0.09087650215319975633 ) ) ;
#1104 = ORIENTED_EDGE ( 'NONE', *, *, #1798, .F. ) ;
#1105 = B_SPLINE_CURVE_WITH_KNOTS ( 'NONE', 3,
 ( #4598, #2733, #4570, #2848, #1747, #2349, #4625, #1236 ),
 .UNSPECIFIED., .F., .F.,
 ( 4, 2, 2, 4 ),
 ( 0.0001657239593221374334, 0.0008120922820786895518, 0.001135276443456966844, 0.001458460604835243920 ),
 .UNSPECIFIED. ) ;
#1106 = EDGE_CURVE ( 'NONE', #4113, #2724, #2234, .T. ) ;
#1107 = AXIS2_PLACEMENT_3D ( 'NONE', #3348, #2263, #2646 ) ;
#1108 = CARTESIAN_POINT ( 'NONE',  ( 0.000000000000000000, 0.000000000000000000, 0.000000000000000000 ) ) ;
#1109 = VERTEX_POINT ( 'NONE', #4545 ) ;
#1110 = ADVANCED_FACE ( 'NONE', ( #1154 ), #1340, .F. ) ;
#1111 = B_SPLINE_CURVE_WITH_KNOTS ( 'NONE', 3,
 ( #688, #2078, #1053, #295, #3235, #3540, #2485, #268 ),
 .UNSPECIFIED., .F., .F.,
 ( 4, 2, 2, 4 ),
 ( 1.537759020429367981E-14, 0.0003533926699086820827, 0.0007067853398019866007, 0.001413570679588592276 ),
 .UNSPECIFIED. ) ;
#1112 = CARTESIAN_POINT ( 'NONE',  ( 0.2903467056375048649, 0.000000000000000000, -0.3622047244094488416 ) ) ;
#1113 = CARTESIAN_POINT ( 'NONE',  ( -0.3274627263431984514, -0.5675494520111776797, -0.03489672557466054481 ) ) ;
#1114 = CARTESIAN_POINT ( 'NONE',  ( -0.2299233868658142610, -0.5291503390633798265, 0.1661497259794854353 ) ) ;
#1115 = CARTESIAN_POINT ( 'NONE',  ( 0.000000000000000000, 0.000000000000000000, 0.000000000000000000 ) ) ;
#1116 = CARTESIAN_POINT ( 'NONE',  ( -0.1549687703285534124, -0.5785182336645523504, 0.2689197915330538424 ) ) ;
#1117 = CARTESIAN_POINT ( 'NONE',  ( -0.2255661700352110943, -0.5785949642060882470, 0.2129121575287386825 ) ) ;
#1118 = CARTESIAN_POINT ( 'NONE',  ( 0.000000000000000000, 0.000000000000000000, 0.000000000000000000 ) ) ;
#1119 = LINE ( 'NONE', #3688, #3101 ) ;
#1120 = VERTEX_POINT ( 'NONE', #449 ) ;
#1121 = VERTEX_POINT ( 'NONE', #2303 ) ;
#1122 = CARTESIAN_POINT ( 'NONE',  ( 0.000000000000000000, -0.5500429158690484099, -7.145865345558474959E-17 ) ) ;
#1123 = CARTESIAN_POINT ( 'NONE',  ( -0.3005144265121044711, -0.5181052167782345119, -0.005839812355452258553 ) ) ;
#1124 = EDGE_CURVE ( 'NONE', #802, #1219, #4521, .T. ) ;
#1125 = CARTESIAN_POINT ( 'NONE',  ( 0.000000000000000000, 0.000000000000000000, 0.000000000000000000 ) ) ;
#1126 = ORIENTED_EDGE ( 'NONE', *, *, #2979, .F. ) ;
#1127 = ORIENTED_EDGE ( 'NONE', *, *, #2063, .T. ) ;
#1128 = CARTESIAN_POINT ( 'NONE',  ( 0.1655304935845312297, -0.5785949642060881359, 0.2623191559561704467 ) ) ;
#1129 = ORIENTED_EDGE ( 'NONE', *, *, #4594, .F. ) ;
#1130 = ORIENTED_EDGE ( 'NONE', *, *, #1704, .T. ) ;
#1131 = PERSON_AND_ORGANIZATION ( #1829, #4201 ) ;
#1132 = ADVANCED_FACE ( 'NONE', ( #428 ), #779, .F. ) ;
#1133 = CARTESIAN_POINT ( 'NONE',  ( -0.2482333836000239213, -0.5291503390633798265, 0.1372977878095213711 ) ) ;
#1134 = CARTESIAN_POINT ( 'NONE',  ( -0.7420587615486897715, -0.2717275222360906461, 0.3661417322834645272 ) ) ;
#1135 = CARTESIAN_POINT ( 'NONE',  ( -0.3093646304651866408, -0.5779555199654424769, -0.03950607665560762483 ) ) ;
#1136 = CARTESIAN_POINT ( 'NONE',  ( 0.2745792467433003647, -0.5291503390633798265, 0.07125119317447799194 ) ) ;
#1137 = B_SPLINE_SURFACE_WITH_KNOTS ( 'NONE', 3, 1, ( 
 ( #8, #3758 ),
 ( #4534, #2675 ),
 ( #4465, #1146 ),
 ( #2292, #1864 ),
 ( #417, #1500 ),
 ( #2313, #392 ),
 ( #2603, #1907 ),
 ( #3377, #4084 ) ),
 .UNSPECIFIED., .F., .F., .F.,
 ( 4, 1, 1, 1, 1, 4 ),
 ( 2, 2 ),
 ( 0.000000000000000000, 0.2754608071627706600, 0.6018774309564619562, 0.7072349411873528613, 0.9076058685481156463, 1.000000000000000000 ),
 ( 0.000000000000000000, 1.000000000000000000 ),
 .UNSPECIFIED. ) ;
#1138 = CARTESIAN_POINT ( 'NONE',  ( 0.000000000000000000, 0.000000000000000000, 0.000000000000000000 ) ) ;
#1139 = ADVANCED_FACE ( 'NONE', ( #152 ), #41, .F. ) ;
#1140 = LINE ( 'NONE', #1094, #2953 ) ;
#1141 = CARTESIAN_POINT ( 'NONE',  ( 0.000000000000000000, 0.000000000000000000, 0.000000000000000000 ) ) ;
#1142 = DIRECTION ( 'NONE',  ( 0.4724784423450321125, -0.8813413940020674575, 0.001211914891554078310 ) ) ;
#1143 = ORIENTED_EDGE ( 'NONE', *, *, #1855, .F. ) ;
#1144 = ORIENTED_EDGE ( 'NONE', *, *, #3568, .T. ) ;
#1145 = DIRECTION ( 'NONE',  ( 0.000000000000000000, 1.000000000000000000, 0.000000000000000000 ) ) ;
#1146 = CARTESIAN_POINT ( 'NONE',  ( -0.3465930877959054746, -0.5585565789419794092, -0.01626967160953210131 ) ) ;
#1147 = CARTESIAN_POINT ( 'NONE',  ( 0.09664874838322504158, -0.5788433491993476565, -0.2948784944164226096 ) ) ;
#1148 = VERTEX_POINT ( 'NONE', #1210 ) ;
#1149 = EDGE_LOOP ( 'NONE', ( #4611, #4141, #2517, #56 ) ) ;
#1150 = CARTESIAN_POINT ( 'NONE',  ( -0.3206116495285465939, -0.5531022667475552490, 0.1508683904086736971 ) ) ;
#1151 = ORIENTED_EDGE ( 'NONE', *, *, #118, .T. ) ;
#1152 = CALENDAR_DATE ( 2026, 5, 4 ) ;
#1153 = EDGE_CURVE ( 'NONE', #4517, #1219, #228, .T. ) ;
#1154 = FACE_OUTER_BOUND ( 'NONE', #4101, .T. ) ;
#1155 = CARTESIAN_POINT ( 'NONE',  ( -0.3389857937936001098, -0.5611928409090070069, -0.03035804963070257850 ) ) ;
#1156 = ORIENTED_EDGE ( 'NONE', *, *, #1160, .F. ) ;
#1157 = EDGE_CURVE ( 'NONE', #3677, #1399, #2091, .T. ) ;
#1158 = CARTESIAN_POINT ( 'NONE',  ( 0.000000000000000000, 0.000000000000000000, 0.000000000000000000 ) ) ;
#1159 = CARTESIAN_POINT ( 'NONE',  ( 0.2486139378777866837, -0.5036595598781937744, 0.2056713361840419030 ) ) ;
#1160 = EDGE_CURVE ( 'NONE', #3742, #4517, #1105, .T. ) ;
#1161 = B_SPLINE_CURVE_WITH_KNOTS ( 'NONE', 3,
 ( #4769, #3963, #2100, #4687, #2865, #4412, #1353, #613 ),
 .UNSPECIFIED., .F., .F.,
 ( 4, 2, 2, 4 ),
 ( 0.0001657239593221584127, 0.0008120922820787123200, 0.001135276443456990480, 0.001458460604835268857 ),
 .UNSPECIFIED. ) ;
#1162 = CARTESIAN_POINT ( 'NONE',  ( 0.2884269623202457833, -0.5246608535493827441, -0.03500051933834436718 ) ) ;
#1163 = CARTESIAN_POINT ( 'NONE',  ( -0.03070474464176450868, -0.5117476724478546846, 0.3087861072423596087 ) ) ;
#1164 = DIRECTION ( 'NONE',  ( -0.000000000000000000, -0.000000000000000000, -1.000000000000000000 ) ) ;
#1165 = ORIENTED_EDGE ( 'NONE', *, *, #3628, .T. ) ;
#1166 = ORIENTED_EDGE ( 'NONE', *, *, #2983, .F. ) ;
#1167 = VECTOR ( 'NONE', #1396, 39.37007874015748143 ) ;
#1168 = EDGE_CURVE ( 'NONE', #2899, #652, #2154, .T. ) ;
#1169 = CARTESIAN_POINT ( 'NONE',  ( 0.2810563206502073585, -0.5246614642377032123, -0.07363388478183525987 ) ) ;
#1170 = DIRECTION ( 'NONE',  ( 0.000000000000000000, 0.000000000000000000, 1.000000000000000000 ) ) ;
#1171 = CARTESIAN_POINT ( 'NONE',  ( 0.1226687994248667340, -0.5181052167782335127, 0.2744000539320436416 ) ) ;
#1172 = ORIENTED_EDGE ( 'NONE', *, *, #3465, .F. ) ;
#1173 = ORIENTED_EDGE ( 'NONE', *, *, #2191, .F. ) ;
#1174 = APPLICATION_CONTEXT ( 'configuration controlled 3d designs of mechanical parts and assemblies' ) ;
#1175 = APPROVAL_PERSON_ORGANIZATION ( #1675, #982, #2452 ) ;
#1176 = B_SPLINE_CURVE_WITH_KNOTS ( 'NONE', 3,
 ( #243, #1026, #4316, #1739, #2148, #1354, #320, #3964 ),
 .UNSPECIFIED., .F., .F.,
 ( 4, 2, 2, 4 ),
 ( 0.0001822175744223574249, 0.0008899156074968143752, 0.001243764624034039571, 0.001597613640571264766 ),
 .UNSPECIFIED. ) ;
#1177 = CARTESIAN_POINT ( 'NONE',  ( 0.000000000000000000, 0.000000000000000000, 0.000000000000000000 ) ) ;
#1178 = CARTESIAN_POINT ( 'NONE',  ( 0.1560038668017017516, -0.5611936780632769128, -0.3024810689606180492 ) ) ;
#1179 = ORIENTED_EDGE ( 'NONE', *, *, #2472, .F. ) ;
#1180 = ORIENTED_EDGE ( 'NONE', *, *, #2789, .F. ) ;
#1181 = B_SPLINE_CURVE_WITH_KNOTS ( 'NONE', 1,
 ( #2017, #553 ),
 .UNSPECIFIED., .F., .F.,
 ( 2, 2 ),
 ( 2.325202133283279198E-05, 0.001514701155316577549 ),
 .UNSPECIFIED. ) ;
#1182 = PERSON_AND_ORGANIZATION ( #1829, #4201 ) ;
#1183 = VECTOR ( 'NONE', #1421, 39.37007874015748143 ) ;
#1184 = ORIENTED_EDGE ( 'NONE', *, *, #4538, .F. ) ;
#1185 = CARTESIAN_POINT ( 'NONE',  ( 0.000000000000000000, 0.000000000000000000, 0.000000000000000000 ) ) ;
#1186 = VECTOR ( 'NONE', #1741, 39.37007874015748143 ) ;
#1187 = CARTESIAN_POINT ( 'NONE',  ( -0.3156458751758032810, -0.5741050682364792213, -0.03829411488837462796 ) ) ;
#1188 = ORIENTED_EDGE ( 'NONE', *, *, #4155, .T. ) ;
#1189 = CARTESIAN_POINT ( 'NONE',  ( 0.2781749837472888287, -0.5268700205389780233, 0.07127976105509903348 ) ) ;
#1190 = CARTESIAN_POINT ( 'NONE',  ( 0.06045886281621655478, -0.5751480959758970002, -0.3110252561677236405 ) ) ;
#1191 = EDGE_CURVE ( 'NONE', #4038, #1089, #2035, .T. ) ;
#1192 = CARTESIAN_POINT ( 'NONE',  ( -0.2082727287965566165, -0.5531022667475554710, 0.2866628184427753578 ) ) ;
#1193 = CARTESIAN_POINT ( 'NONE',  ( 0.2062901040266301722, -0.5291503390633799375, 0.1947174574905574940 ) ) ;
#1194 = CARTESIAN_POINT ( 'NONE',  ( 0.3101790626166037734, -0.5785949642060881359, 0.0007956143420377147094 ) ) ;
#1195 = VERTEX_POINT ( 'NONE', #2323 ) ;
#1196 = ORIENTED_EDGE ( 'NONE', *, *, #1153, .F. ) ;
#1197 = EDGE_CURVE ( 'NONE', #560, #482, #164, .T. ) ;
#1198 = FACE_OUTER_BOUND ( 'NONE', #1245, .T. ) ;
#1199 = FACE_OUTER_BOUND ( 'NONE', #834, .T. ) ;
#1200 = FACE_OUTER_BOUND ( 'NONE', #2243, .T. ) ;
#1201 = CARTESIAN_POINT ( 'NONE',  ( 0.000000000000000000, 0.000000000000000000, 0.000000000000000000 ) ) ;
#1202 = EDGE_CURVE ( 'NONE', #3265, #1055, #4297, .T. ) ;
#1203 = ORIENTED_EDGE ( 'NONE', *, *, #3827, .T. ) ;
#1204 = VERTEX_POINT ( 'NONE', #2875 ) ;
#1205 = CARTESIAN_POINT ( 'NONE',  ( -0.2721952747131161643, -0.5785949642060881359, -0.1487327008823128294 ) ) ;
#1206 = CARTESIAN_POINT ( 'NONE',  ( 0.000000000000000000, 0.000000000000000000, 0.000000000000000000 ) ) ;
#1207 = EDGE_CURVE ( 'NONE', #1204, #1148, #348, .T. ) ;
#1208 = ORIENTED_EDGE ( 'NONE', *, *, #1566, .F. ) ;
#1209 = PERSON_AND_ORGANIZATION_ROLE ( 'classification_officer' ) ;
#1210 = CARTESIAN_POINT ( 'NONE',  ( 0.1214401588672081173, -0.5291503390633799375, 0.2563645511477984917 ) ) ;
#1211 = CARTESIAN_POINT ( 'NONE',  ( 0.000000000000000000, 0.000000000000000000, 0.000000000000000000 ) ) ;
#1212 = B_SPLINE_SURFACE_WITH_KNOTS ( 'NONE', 3, 1, ( 
 ( #1390, #4352 ),
 ( #3577, #2832 ),
 ( #2883, #3200 ),
 ( #608, #3604 ),
 ( #971, #259 ),
 ( #4704, #3935 ),
 ( #4785, #3555 ),
 ( #4329, #287 ) ),
 .UNSPECIFIED., .F., .F., .F.,
 ( 4, 1, 1, 1, 1, 4 ),
 ( 2, 2 ),
 ( 0.000000000000000000, 0.09239413145188504761, 0.2927650588126481379, 0.3981225690435391540, 0.7245391928372308943, 1.000000000000000000 ),
 ( 0.000000000000000000, 1.000000000000000000 ),
 .UNSPECIFIED. ) ;
#1213 = CARTESIAN_POINT ( 'NONE',  ( -0.5079527800597931630, -0.4068886736676071147, -0.2047244094488188948 ) ) ;
#1214 = CARTESIAN_POINT ( 'NONE',  ( 0.05244015005208892133, -0.5291503390633798265, -0.2787840130520748971 ) ) ;
#1215 = CARTESIAN_POINT ( 'NONE',  ( 0.2502679898196013553, -0.5650778416537697302, 0.2226051873671852366 ) ) ;
#1216 = CARTESIAN_POINT ( 'NONE',  ( -0.08322662265324448638, -0.5786007325225113185, 0.2990554762524205157 ) ) ;
#1217 = CARTESIAN_POINT ( 'NONE',  ( -0.3117712430346213925, -0.5076457267943588203, 0.05504605364190853778 ) ) ;
#1218 = ORIENTED_EDGE ( 'NONE', *, *, #3597, .F. ) ;
#1219 = VERTEX_POINT ( 'NONE', #3289 ) ;
#1220 = CARTESIAN_POINT ( 'NONE',  ( -0.3316581258059074777, -0.5585565789419794092, -0.1019527258541678832 ) ) ;
#1221 = CARTESIAN_POINT ( 'NONE',  ( 0.2950495832684990605, -0.5741060011268075414, 0.1185051478769502675 ) ) ;
#1222 = CARTESIAN_POINT ( 'NONE',  ( -0.1357726080271053348, -0.2894216745996738838, 0.07509577663126623670 ) ) ;
#1223 = CARTESIAN_POINT ( 'NONE',  ( 0.000000000000000000, 0.000000000000000000, 0.000000000000000000 ) ) ;
#1224 = ORIENTED_EDGE ( 'NONE', *, *, #4076, .F. ) ;
#1225 = ORIENTED_EDGE ( 'NONE', *, *, #501, .T. ) ;
#1226 = B_SPLINE_CURVE_WITH_KNOTS ( 'NONE', 3,
 ( #4187, #2773, #858, #3166, #2344, #3818, #3843, #173 ),
 .UNSPECIFIED., .F., .F.,
 ( 4, 2, 2, 4 ),
 ( 1.410837136738098246E-14, 0.0003227673804012525524, 0.0006455347607883967073, 0.001291069521562679271 ),
 .UNSPECIFIED. ) ;
#1227 = ADVANCED_FACE ( 'NONE', ( #2227 ), #4110, .F. ) ;
#1228 = CARTESIAN_POINT ( 'NONE',  ( 0.000000000000000000, 0.000000000000000000, 0.000000000000000000 ) ) ;
#1229 = B_SPLINE_CURVE_WITH_KNOTS ( 'NONE', 3,
 ( #3997, #1432, #1745, #2900, #3619, #3218, #1772, #3240 ),
 .UNSPECIFIED., .F., .F.,
 ( 4, 2, 2, 4 ),
 ( 0.0001822175744224154839, 0.0008899156074968678264, 0.001243764624034092697, 0.001597613640571317675 ),
 .UNSPECIFIED. ) ;
#1230 = CARTESIAN_POINT ( 'NONE',  ( 0.1656015541589862528, -0.5788433491993477675, 0.2624317669289835675 ) ) ;
#1231 = CARTESIAN_POINT ( 'NONE',  ( -1.022837754999480860E-12, -0.5291549067212667490, 0.2836662331447016294 ) ) ;
#1232 = ORIENTED_EDGE ( 'NONE', *, *, #1552, .T. ) ;
#1233 = APPROVAL_ROLE ( '' ) ;
#1234 = CARTESIAN_POINT ( 'NONE',  ( 0.000000000000000000, 0.000000000000000000, 0.000000000000000000 ) ) ;
#1235 = ORIENTED_EDGE ( 'NONE', *, *, #3009, .T. ) ;
#1236 = CARTESIAN_POINT ( 'NONE',  ( 0.2489344546984234574, -0.5291503390633798265, -0.1360225442156689779 ) ) ;
#1237 = CARTESIAN_POINT ( 'NONE',  ( 0.2170031121013830666, -0.5786007325277199298, 0.2219695884757970639 ) ) ;
#1238 = CARTESIAN_POINT ( 'NONE',  ( 0.000000000000000000, 0.000000000000000000, 0.000000000000000000 ) ) ;
#1239 = PLANE ( 'NONE',  #1417 ) ;
#1240 = DIRECTION ( 'NONE',  ( 0.000000000000000000, 0.000000000000000000, -1.000000000000000000 ) ) ;
#1241 = B_SPLINE_CURVE_WITH_KNOTS ( 'NONE', 3,
 ( #3992, #2197, #3585, #3665 ),
 .UNSPECIFIED., .F., .F.,
 ( 4, 4 ),
 ( 0.000000000000000000, 0.0009496860142668339579 ),
 .UNSPECIFIED. ) ;
#1242 = CARTESIAN_POINT ( 'NONE',  ( 0.1249949789211472762, -0.5246608535493827441, -0.2622811548543667048 ) ) ;
#1243 = CARTESIAN_POINT ( 'NONE',  ( 0.2721952747131182737, -0.5785949642060881359, -0.1487327008823089713 ) ) ;
#1244 = ORIENTED_EDGE ( 'NONE', *, *, #514, .F. ) ;
#1245 = EDGE_LOOP ( 'NONE', ( #3719, #356, #1933, #1129, #2037, #3092, #28, #2252, #4160, #3678, #3312, #999, #2104, #4043, #668, #4134, #3167, #3191, #3261, #72, #4483, #420, #3216, #2050, #3717, #656, #3206, #1224, #1420, #1411, #2845, #860, #2590, #4019, #674, #846, #4211, #298, #37, #3819, #3468 ) ) ;
#1246 = CONICAL_SURFACE ( 'NONE', #771, 0.2269313808160596246, 0.9917344921745204767 ) ;
#1247 = CARTESIAN_POINT ( 'NONE',  ( -0.05057566143306284345, -0.5181076722195285811, 0.2962817415588712699 ) ) ;
#1248 = CARTESIAN_POINT ( 'NONE',  ( 0.3507630672601718680, -0.5533416366082751781, 0.06577187997065808700 ) ) ;
#1249 = CARTESIAN_POINT ( 'NONE',  ( -0.2267527419247896137, -0.5788433491993476565, -0.2118431048274404260 ) ) ;
#1250 = VECTOR ( 'NONE', #4054, 39.37007874015748143 ) ;
#1251 = EDGE_LOOP ( 'NONE', ( #3763, #1883, #1882, #4266 ) ) ;
#1252 = CARTESIAN_POINT ( 'NONE',  ( 0.000000000000000000, 0.000000000000000000, 0.000000000000000000 ) ) ;
#1253 = CARTESIAN_POINT ( 'NONE',  ( -0.2328526661961801414, -0.5741060011268073193, 0.2165118068503033566 ) ) ;
#1254 = CARTESIAN_POINT ( 'NONE',  ( 0.000000000000000000, 0.000000000000000000, 0.000000000000000000 ) ) ;
#1255 = CARTESIAN_POINT ( 'NONE',  ( 0.3421639239075033312, -0.5570908895713223563, 0.06042743773759409742 ) ) ;
#1256 = ORIENTED_EDGE ( 'NONE', *, *, #3385, .F. ) ;
#1257 = EDGE_CURVE ( 'NONE', #2997, #3026, #4052, .T. ) ;
#1258 = LOCAL_TIME ( 23, 27, 9.000000000000000000, #3502 ) ;
#1259 = PERSON_AND_ORGANIZATION_ROLE ( 'creator' ) ;
#1260 = CARTESIAN_POINT ( 'NONE',  ( 0.000000000000000000, 0.000000000000000000, 0.000000000000000000 ) ) ;
#1261 = CARTESIAN_POINT ( 'NONE',  ( 0.05828280429031688220, -0.5751480959758971112, 0.3114403615321634788 ) ) ;
#1262 = CARTESIAN_POINT ( 'NONE',  ( 0.3093646304651873069, -0.5779555199654424769, -0.03950607665560332271 ) ) ;
#1263 = CARTESIAN_POINT ( 'NONE',  ( -0.06045886281621214858, -0.5751480959758970002, -0.3110252561677244731 ) ) ;
#1264 = LENGTH_MEASURE_WITH_UNIT ( LENGTH_MEASURE( 0.02539999999999999897 ), #942 );
#1265 = LINE ( 'NONE', #3531, #562 ) ;
#1266 = VECTOR ( 'NONE', #311, 39.37007874015748143 ) ;
#1267 = AXIS2_PLACEMENT_3D ( 'NONE', #75, #955, #168 ) ;
#1268 = CARTESIAN_POINT ( 'NONE',  ( 0.1554427248700439579, -0.5036595598781937744, -0.2827492668775729578 ) ) ;
#1269 = CARTESIAN_POINT ( 'NONE',  ( 0.1840988106900217636, -0.5246608535493826331, 0.2247727226550360891 ) ) ;
#1270 = EDGE_LOOP ( 'NONE', ( #144, #1081, #2849, #4048 ) ) ;
#1271 = LINE ( 'NONE', #2743, #2347 ) ;
#1272 = APPLICATION_CONTEXT ( 'configuration controlled 3d designs of mechanical parts and assemblies' ) ;
#1273 = CARTESIAN_POINT ( 'NONE',  ( 0.000000000000000000, 0.000000000000000000, 0.000000000000000000 ) ) ;
#1274 = CARTESIAN_POINT ( 'NONE',  ( -0.8798653543246256481, -0.5104155425419659720, 0.2086614173228346636 ) ) ;
#1275 = CARTESIAN_POINT ( 'NONE',  ( 0.02946428446042546195, -0.2894216745996738838, 0.1523332947834127593 ) ) ;
#1276 = VERTEX_POINT ( 'NONE', #1865 ) ;
#1277 = ORIENTED_EDGE ( 'NONE', *, *, #2567, .F. ) ;
#1278 = APPROVAL ( #1870, 'UNSPECIFIED' ) ;
#1279 = FACE_OUTER_BOUND ( 'NONE', #3163, .T. ) ;
#1280 = CARTESIAN_POINT ( 'NONE',  ( 0.2195478807003291566, -0.5202702371058174347, 0.2004022419902888319 ) ) ;
#1281 = CARTESIAN_POINT ( 'NONE',  ( 0.2208760891048043296, -0.5036595598781938854, -0.2352091450105535386 ) ) ;
#1282 = ORIENTED_EDGE ( 'NONE', *, *, #2853, .F. ) ;
#1283 = CALENDAR_DATE ( 2026, 5, 4 ) ;
#1284 = B_SPLINE_CURVE_WITH_KNOTS ( 'NONE', 3,
 ( #282, #700, #4730, #3676 ),
 .UNSPECIFIED., .F., .F.,
 ( 4, 4 ),
 ( 0.000000000000000000, 0.0004342163395806437876 ),
 .UNSPECIFIED. ) ;
#1285 = CARTESIAN_POINT ( 'NONE',  ( -0.1537518057272756755, -0.5268701665594056616, -0.2425332550234679529 ) ) ;
#1286 = CARTESIAN_POINT ( 'NONE',  ( -0.2793814683169870139, -0.5741060011268073193, 0.1518015870183747063 ) ) ;
#1287 = CARTESIAN_POINT ( 'NONE',  ( 0.02505608681378844113, -0.5697115686609656171, 0.3246043925716026179 ) ) ;
#1288 = CARTESIAN_POINT ( 'NONE',  ( 0.000000000000000000, 0.000000000000000000, 0.000000000000000000 ) ) ;
#1289 = CARTESIAN_POINT ( 'NONE',  ( 0.2088598265742202531, -0.5533416366082754001, 0.2893756078041566648 ) ) ;
#1290 = CARTESIAN_POINT ( 'NONE',  ( 0.1526135651087433265, -0.5291503390633798265, -0.2391225522942251325 ) ) ;
#1291 = CARTESIAN_POINT ( 'NONE',  ( 0.2637928440990416346, -0.5585565789419794092, 0.2253992150037817110 ) ) ;
#1292 = EDGE_CURVE ( 'NONE', #488, #2210, #4698, .T. ) ;
#1293 = B_SPLINE_CURVE_WITH_KNOTS ( 'NONE', 3,
 ( #2891, #3990, #2551, #3255 ),
 .UNSPECIFIED., .F., .F.,
 ( 4, 4 ),
 ( 1.226634733346699349E-18, 0.0008684883343403537390 ),
 .UNSPECIFIED. ) ;
#1294 = CARTESIAN_POINT ( 'NONE',  ( 0.000000000000000000, 0.000000000000000000, 0.000000000000000000 ) ) ;
#1295 = EDGE_CURVE ( 'NONE', #4283, #4038, #2205, .T. ) ;
#1296 = B_SPLINE_CURVE_WITH_KNOTS ( 'NONE', 1,
 ( #296, #3303 ),
 .UNSPECIFIED., .F., .F.,
 ( 2, 2 ),
 ( 2.325202134882025086E-05, 0.001514701155316572996 ),
 .UNSPECIFIED. ) ;
#1297 = FACE_OUTER_BOUND ( 'NONE', #3887, .T. ) ;
#1298 = CARTESIAN_POINT ( 'NONE',  ( 0.1870554519691816076, -0.5181052167782337348, 0.2352727817637474406 ) ) ;
#1299 = ORIENTED_EDGE ( 'NONE', *, *, #33, .F. ) ;
#1300 = EDGE_LOOP ( 'NONE', ( #507, #3067, #3615, #1277 ) ) ;
#1301 = CARTESIAN_POINT ( 'NONE',  ( 0.3036459037271571626, -0.5785182336645523504, -0.06428327313573273250 ) ) ;
#1302 = DIRECTION ( 'NONE',  ( -0.000000000000000000, 1.000000000000000000, -0.000000000000000000 ) ) ;
#1303 = CARTESIAN_POINT ( 'NONE',  ( 0.000000000000000000, 0.000000000000000000, 0.000000000000000000 ) ) ;
#1304 = CARTESIAN_POINT ( 'NONE',  ( 0.000000000000000000, 0.000000000000000000, 0.000000000000000000 ) ) ;
#1305 = ORIENTED_EDGE ( 'NONE', *, *, #4096, .F. ) ;
#1306 = CARTESIAN_POINT ( 'NONE',  ( -0.2950509194887954711, -0.5741050682364793323, 0.1185061713979451287 ) ) ;
#1307 = CARTESIAN_POINT ( 'NONE',  ( -0.09162977705959431118, -0.5585565789419792981, -0.3346572196713995528 ) ) ;
#1308 = FACE_OUTER_BOUND ( 'NONE', #6, .T. ) ;
#1309 = VERTEX_POINT ( 'NONE', #3311 ) ;
#1310 = COORDINATED_UNIVERSAL_TIME_OFFSET ( 5, 0, .BEHIND. ) ;
#1311 = B_SPLINE_CURVE_WITH_KNOTS ( 'NONE', 1,
 ( #1944, #2687 ),
 .UNSPECIFIED., .F., .F.,
 ( 2, 2 ),
 ( 2.325202133283663751E-05, 0.001514701155316575381 ),
 .UNSPECIFIED. ) ;
#1312 = CARTESIAN_POINT ( 'NONE',  ( -0.3090693433437402549, -0.5117481726913184481, -0.02770042463632600704 ) ) ;
#1313 = CARTESIAN_POINT ( 'NONE',  ( -0.5079527800597907206, -0.4068886736676063376, 0.3661417322834645272 ) ) ;
#1314 = DIRECTION ( 'NONE',  ( 0.000000000000000000, 0.000000000000000000, -1.000000000000000000 ) ) ;
#1315 = LINE ( 'NONE', #2456, #2423 ) ;
#1316 = CARTESIAN_POINT ( 'NONE',  ( -0.2970959443474381345, -0.5786007325225112075, 0.08997137570989831301 ) ) ;
#1317 = CARTESIAN_POINT ( 'NONE',  ( -0.8798653543246256481, -0.5104155425419659720, 0.3661417322834645272 ) ) ;
#1318 = CARTESIAN_POINT ( 'NONE',  ( 0.05890328233474010494, -0.5785949642060882470, 0.3045358553899525922 ) ) ;
#1319 = EDGE_CURVE ( 'NONE', #2654, #1076, #3812, .T. ) ;
#1320 = CARTESIAN_POINT ( 'NONE',  ( 0.000000000000000000, 0.000000000000000000, 0.000000000000000000 ) ) ;
#1321 = ORIENTED_EDGE ( 'NONE', *, *, #3949, .F. ) ;
#1322 = DIRECTION ( 'NONE',  ( -0.000000000000000000, -1.000000000000000000, -0.000000000000000000 ) ) ;
#1323 = CARTESIAN_POINT ( 'NONE',  ( 0.2730196020075447705, -0.5531022667475549159, 0.2258614574414180010 ) ) ;
#1324 = FACE_OUTER_BOUND ( 'NONE', #3137, .T. ) ;
#1325 = CARTESIAN_POINT ( 'NONE',  ( -0.2901304898241272023, -0.5779555199654424769, 0.1144181084880895038 ) ) ;
#1326 = CARTESIAN_POINT ( 'NONE',  ( 0.1870457017801207267, -0.5650778416537697302, 0.2778507542129512453 ) ) ;
#1327 = CARTESIAN_POINT ( 'NONE',  ( -0.3006320782260527014, -0.5785949642060881359, -0.07636777742857804585 ) ) ;
#1328 = ORIENTED_EDGE ( 'NONE', *, *, #3851, .T. ) ;
#1329 = ORIENTED_EDGE ( 'NONE', *, *, #2355, .F. ) ;
#1330 = CARTESIAN_POINT ( 'NONE',  ( 0.2082727287965515373, -0.5531022667475685717, 0.2866628184427504888 ) ) ;
#1331 = VECTOR ( 'NONE', #772, 39.37007874015748854 ) ;
#1332 = CARTESIAN_POINT ( 'NONE',  ( 0.000000000000000000, 0.000000000000000000, 0.000000000000000000 ) ) ;
#1333 = CARTESIAN_POINT ( 'NONE',  ( 0.3258472656313661231, -0.5675532765349015074, 0.04763211050740506075 ) ) ;
#1334 = EDGE_LOOP ( 'NONE', ( #4780, #1495, #436, #3945 ) ) ;
#1335 = ORIENTED_EDGE ( 'NONE', *, *, #3463, .T. ) ;
#1336 = CALENDAR_DATE ( 2026, 5, 4 ) ;
#1337 = VECTOR ( 'NONE', #2120, 39.37007874015748854 ) ;
#1338 = CARTESIAN_POINT ( 'NONE',  ( 0.08512359381393172497, -0.5117481726913183371, -0.2984043335747060821 ) ) ;
#1339 = DIRECTION ( 'NONE',  ( 0.5000000000000012212, 0.8660254037844379305, 0.000000000000000000 ) ) ;
#1340 = B_SPLINE_SURFACE_WITH_KNOTS ( 'NONE', 3, 1, ( 
 ( #1185, #84 ),
 ( #745, #3366 ),
 ( #3339, #18 ),
 ( #1511, #40 ),
 ( #2639, #1918 ),
 ( #361, #3051 ),
 ( #4116, #793 ),
 ( #2281, #4051 ) ),
 .UNSPECIFIED., .F., .F., .F.,
 ( 4, 1, 1, 1, 1, 4 ),
 ( 2, 2 ),
 ( 0.000000000000000000, 0.09239413145188504761, 0.2927650588126481379, 0.3981225690435391540, 0.7245391928372308943, 1.000000000000000000 ),
 ( 0.000000000000000000, 1.000000000000000000 ),
 .UNSPECIFIED. ) ;
#1341 = CARTESIAN_POINT ( 'NONE',  ( 0.3074186969211226139, -0.5510269468160307049, -0.1899192918255850071 ) ) ;
#1342 = FACE_OUTER_BOUND ( 'NONE', #3156, .T. ) ;
#1343 = CARTESIAN_POINT ( 'NONE',  ( 0.2749411522185022383, -0.5291503390633798265, -0.06984166441077603593 ) ) ;
#1344 = CC_DESIGN_APPROVAL ( #982, ( #3653 ) ) ;
#1345 = FACE_OUTER_BOUND ( 'NONE', #4236, .T. ) ;
#1346 = PRODUCT_DEFINITION ( 'UNKNOWN', '', #1732, #868 ) ;
#1347 = CARTESIAN_POINT ( 'NONE',  ( 0.2903467056375048649, 0.000000000000000000, -0.2047244094488188948 ) ) ;
#1348 = CARTESIAN_POINT ( 'NONE',  ( 0.2920892818919949008, -0.5611928409090070069, -0.1746906722612175666 ) ) ;
#1349 = ORIENTED_EDGE ( 'NONE', *, *, #2418, .F. ) ;
#1350 = ORIENTED_EDGE ( 'NONE', *, *, #3365, .T. ) ;
#1351 = EDGE_CURVE ( 'NONE', #981, #560, #3352, .T. ) ;
#1352 = VECTOR ( 'NONE', #3747, 39.37007874015748854 ) ;
#1353 = CARTESIAN_POINT ( 'NONE',  ( 0.2871621608387847635, -0.5268700205389786895, -0.0001389290329572040884 ) ) ;
#1354 = CARTESIAN_POINT ( 'NONE',  ( -0.3179548192472120283, -0.5741060011268075414, -0.001568304092179190245 ) ) ;
#1355 = CARTESIAN_POINT ( 'NONE',  ( 0.000000000000000000, 0.000000000000000000, 0.000000000000000000 ) ) ;
#1356 = CARTESIAN_POINT ( 'NONE',  ( 0.2504724825793649412, -0.5785949642060880249, -0.1829623440996153982 ) ) ;
#1357 = ORIENTED_EDGE ( 'NONE', *, *, #3533, .T. ) ;
#1358 = EDGE_CURVE ( 'NONE', #4617, #3374, #1434, .T. ) ;
#1359 = LINE ( 'NONE', #4777, #1559 ) ;
#1360 = CARTESIAN_POINT ( 'NONE',  ( -0.1440479740676781084, -0.5786007325277199298, 0.2749745988937843943 ) ) ;
#1361 = APPLICATION_PROTOCOL_DEFINITION ( 'international standard', 'config_control_design', 1994, #766 ) ;
#1362 = EDGE_CURVE ( 'NONE', #587, #908, #2977, .T. ) ;
#1363 = CARTESIAN_POINT ( 'NONE',  ( -0.2813442498057562302, -0.5291503390633798265, -0.03627545137060676772 ) ) ;
#1364 = LINE ( 'NONE', #1313, #1817 ) ;
#1365 = CARTESIAN_POINT ( 'NONE',  ( 0.000000000000000000, 0.000000000000000000, 0.000000000000000000 ) ) ;
#1366 = CARTESIAN_POINT ( 'NONE',  ( 0.000000000000000000, 0.000000000000000000, 0.000000000000000000 ) ) ;
#1367 = CARTESIAN_POINT ( 'NONE',  ( 0.000000000000000000, 0.000000000000000000, 0.000000000000000000 ) ) ;
#1368 = CARTESIAN_POINT ( 'NONE',  ( -0.2365926933514506114, -0.5291561317255569774, 0.1569053967506450764 ) ) ;
#1369 = CARTESIAN_POINT ( 'NONE',  ( 0.2943612141322598519, -0.5202677472389227731, 0.04142549892184169830 ) ) ;
#1370 = CARTESIAN_POINT ( 'NONE',  ( -0.2749411522185011836, -0.5291503390633798265, -0.06984166441077986620 ) ) ;
#1371 = ORIENTED_EDGE ( 'NONE', *, *, #1295, .F. ) ;
#1372 = CARTESIAN_POINT ( 'NONE',  ( -0.2815266407504329327, -0.5291503390633799375, 0.03483167837876414985 ) ) ;
#1373 = CARTESIAN_POINT ( 'NONE',  ( 0.1370751913368725150, -0.5510269468160309270, 0.3343441109757615548 ) ) ;
#1374 = CARTESIAN_POINT ( 'NONE',  ( 0.3220234790098744915, -0.5036595598781937744, -0.02026000002976562422 ) ) ;
#1375 = CARTESIAN_POINT ( 'NONE',  ( 0.000000000000000000, 0.000000000000000000, 0.000000000000000000 ) ) ;
#1376 = DIRECTION ( 'NONE',  ( 0.000000000000000000, 0.000000000000000000, 1.000000000000000000 ) ) ;
#1377 = CARTESIAN_POINT ( 'NONE',  ( 0.2489344546984234574, -0.5291503390633798265, -0.1360225442156689779 ) ) ;
#1378 = ORIENTED_EDGE ( 'NONE', *, *, #3419, .T. ) ;
#1379 = ORIENTED_EDGE ( 'NONE', *, *, #3049, .T. ) ;
#1380 = B_SPLINE_SURFACE_WITH_KNOTS ( 'NONE', 3, 1, ( 
 ( #2350, #3433 ),
 ( #4168, #1654 ),
 ( #2304, #3772 ),
 ( #107, #4222 ) ),
 .UNSPECIFIED., .F., .F., .F.,
 ( 4, 4 ),
 ( 2, 2 ),
 ( 0.000000000000000000, 1.000000000000000000 ),
 ( 0.000000000000000000, 1.000000000000000000 ),
 .UNSPECIFIED. ) ;
#1381 = CARTESIAN_POINT ( 'NONE',  ( -0.2669454815966488814, -0.5268700205389784674, 0.1058406149547958391 ) ) ;
#1382 = DIRECTION ( 'NONE',  ( 0.000000000000000000, 0.000000000000000000, -1.000000000000000000 ) ) ;
#1383 = CARTESIAN_POINT ( 'NONE',  ( -0.2916134275581998003, -0.5675532765349015074, 0.1529930303595112284 ) ) ;
#1384 = ORIENTED_EDGE ( 'NONE', *, *, #3767, .T. ) ;
#1385 = VERTEX_POINT ( 'NONE', #303 ) ;
#1386 = DIRECTION ( 'NONE',  ( 0.000000000000000000, 0.000000000000000000, 1.000000000000000000 ) ) ;
#1387 = CARTESIAN_POINT ( 'NONE',  ( -0.2745792467433014195, -0.5291503390633798265, 0.07125119317447406453 ) ) ;
#1388 = CARTESIAN_POINT ( 'NONE',  ( 0.2505800078950534138, -0.5788433491990535584, -0.1830408879922093002 ) ) ;
#1389 = SHAPE_REPRESENTATION_RELATIONSHIP ( 'NONE' , 'NONE' ,  #683, #3672 ) ;
#1390 = CARTESIAN_POINT ( 'NONE',  ( 0.000000000000000000, 0.000000000000000000, 0.000000000000000000 ) ) ;
#1391 = PLANE ( 'NONE',  #4384 ) ;
#1392 = CARTESIAN_POINT ( 'NONE',  ( -0.2661561504604128547, -0.5181052167782335127, 0.1396564625154909922 ) ) ;
#1393 = CARTESIAN_POINT ( 'NONE',  ( -0.2890471760089753928, -0.5650778416537697302, -0.1692302166055465740 ) ) ;
#1394 = CARTESIAN_POINT ( 'NONE',  ( 0.2092371027665747008, -0.5268700205389781344, -0.1966773010408827682 ) ) ;
#1395 = FACE_OUTER_BOUND ( 'NONE', #2558, .T. ) ;
#1396 = DIRECTION ( 'NONE',  ( 0.1448512686056162291, 0.8813413940020675685, -0.4497282036984513454 ) ) ;
#1397 = CARTESIAN_POINT ( 'NONE',  ( -0.2962059204643249788, -0.5741050682364792213, -0.1155889719327274218 ) ) ;
#1398 = B_SPLINE_CURVE_WITH_KNOTS ( 'NONE', 3,
 ( #1454, #4749, #4778, #3595, #3263, #4371, #3620, #1080 ),
 .UNSPECIFIED., .F., .F.,
 ( 4, 2, 2, 4 ),
 ( 1.537729655436565629E-14, 0.0003533926699086815406, 0.0007067853398019858418, 0.001413570679588592276 ),
 .UNSPECIFIED. ) ;
#1399 = VERTEX_POINT ( 'NONE', #330 ) ;
#1400 = ORIENTED_EDGE ( 'NONE', *, *, #1056, .T. ) ;
#1401 = CARTESIAN_POINT ( 'NONE',  ( 0.1705268747380578598, -0.5697115686609669494, -0.2773380683484847342 ) ) ;
#1402 = CARTESIAN_POINT ( 'NONE',  ( 0.2404720987198283033, -0.5697115686609650620, 0.2194743467936090264 ) ) ;
#1403 = VERTEX_POINT ( 'NONE', #4023 ) ;
#1404 = CARTESIAN_POINT ( 'NONE',  ( 0.3503434959499743262, -0.5533416366082752891, 0.06797134980408175986 ) ) ;
#1405 = EDGE_LOOP ( 'NONE', ( #2422, #4658, #3305, #1256 ) ) ;
#1406 = DATE_AND_TIME ( #3623, #2122 ) ;
#1407 = AXIS2_PLACEMENT_3D ( 'NONE', #2526, #2187, #3245 ) ;
#1408 = ADVANCED_FACE ( 'NONE', ( #2182 ), #983, .F. ) ;
#1409 = CARTESIAN_POINT ( 'NONE',  ( 0.2093995071424397669, -0.5711492529229237336, -0.2472067861276501521 ) ) ;
#1410 = EDGE_CURVE ( 'NONE', #2724, #3445, #1908, .T. ) ;
#1411 = ORIENTED_EDGE ( 'NONE', *, *, #3321, .F. ) ;
#1412 = FACE_OUTER_BOUND ( 'NONE', #1957, .T. ) ;
#1413 = VECTOR ( 'NONE', #2439, 39.37007874015748854 ) ;
#1414 = CARTESIAN_POINT ( 'NONE',  ( 24.61245701841334110, 34.64163697658853636, 50.29367790354387324 ) ) ;
#1415 = CARTESIAN_POINT ( 'NONE',  ( -0.08696754562766258190, -0.5291503390633799375, 0.2700132242657855008 ) ) ;
#1416 = CARTESIAN_POINT ( 'NONE',  ( 0.01816971615647644880, -0.5268700205389788005, 0.2865867884841676871 ) ) ;
#1417 = AXIS2_PLACEMENT_3D ( 'NONE', #406, #43, #1581 ) ;
#1418 = CARTESIAN_POINT ( 'NONE',  ( 0.2425588141000389053, -0.5531022667475548049, -0.2582989019339848591 ) ) ;
#1419 = CARTESIAN_POINT ( 'NONE',  ( 0.1361560627021440872, -0.2894216745996738838, -0.07439827516673243324 ) ) ;
#1420 = ORIENTED_EDGE ( 'NONE', *, *, #965, .F. ) ;
#1421 = DIRECTION ( 'NONE',  ( -0.3829554350332177171, 0.8813413940020675685, -0.2767354006935345834 ) ) ;
#1422 = CC_DESIGN_APPROVAL ( #1278, ( #397 ) ) ;
#1423 = B_SPLINE_SURFACE_WITH_KNOTS ( 'NONE', 3, 1, ( 
 ( #1998, #3856 ),
 ( #2330, #3103 ),
 ( #2741, #2406 ),
 ( #2434, #2763 ),
 ( #1320, #4609 ),
 ( #2785, #480 ),
 ( #1971, #1605 ),
 ( #530, #3513 ) ),
 .UNSPECIFIED., .F., .F., .F.,
 ( 4, 1, 1, 1, 1, 4 ),
 ( 2, 2 ),
 ( 0.000000000000000000, 0.09239413145188504761, 0.2927650588126481379, 0.3981225690435391540, 0.7245391928372308943, 1.000000000000000000 ),
 ( 0.000000000000000000, 1.000000000000000000 ),
 .UNSPECIFIED. ) ;
#1424 = CARTESIAN_POINT ( 'NONE',  ( 0.000000000000000000, 0.000000000000000000, 0.000000000000000000 ) ) ;
#1425 = EDGE_CURVE ( 'NONE', #2955, #4340, #746, .T. ) ;
#1426 = FACE_OUTER_BOUND ( 'NONE', #4126, .T. ) ;
#1427 = CARTESIAN_POINT ( 'NONE',  ( 0.2962042457533146100, -0.5741060011268073193, -0.1155888033416854893 ) ) ;
#1428 = CARTESIAN_POINT ( 'NONE',  ( -0.2078699364693348539, -0.5785182336645523504, 0.2304848445506987586 ) ) ;
#1429 = ORIENTED_EDGE ( 'NONE', *, *, #2907, .F. ) ;
#1430 = ORIENTED_EDGE ( 'NONE', *, *, #62, .F. ) ;
#1431 = CLOSED_SHELL ( 'NONE', ( #2770, #182, #3705, #4069, #3123, #4495, #4656, #3244, #2800, #2862, #469, #3209, #4660, #2410, #1748, #1710, #828, #692, #3794, #3004, #1719 ) ) ;
#1432 = CARTESIAN_POINT ( 'NONE',  ( 0.1323200255564088434, -0.5570908895713219122, 0.3212771963461795166 ) ) ;
#1433 = CARTESIAN_POINT ( 'NONE',  ( -0.05699983312125647683, -0.5711492529229237336, 0.3189206291904105317 ) ) ;
#1434 = LINE ( 'NONE', #1103, #3118 ) ;
#1435 = VECTOR ( 'NONE', #4272, 39.37007874015748143 ) ;
#1436 = ORIENTED_EDGE ( 'NONE', *, *, #4579, .T. ) ;
#1437 = CC_DESIGN_DATE_AND_TIME_ASSIGNMENT ( #4646, #2034, ( #2803 ) ) ;
#1438 = CARTESIAN_POINT ( 'NONE',  ( -0.3002363557441587449, -0.5785949642060881359, 0.07790901473746957018 ) ) ;
#1439 = ORIENTED_EDGE ( 'NONE', *, *, #4692, .F. ) ;
#1440 = SHAPE_REPRESENTATION_RELATIONSHIP ( 'NONE' , 'NONE' ,  #3489, #1070 ) ;
#1441 = CARTESIAN_POINT ( 'NONE',  ( -0.2919516552389599950, -0.5036595598781937744, 0.1373820207962472006 ) ) ;
#1442 = CARTESIAN_POINT ( 'NONE',  ( -0.01682097499818912059, -0.5246608535493828551, -0.2900555183880297316 ) ) ;
#1443 = EDGE_CURVE ( 'NONE', #3590, #2489, #513, .T. ) ;
#1444 = CARTESIAN_POINT ( 'NONE',  ( -0.01246172336013504425, -0.5785978480504431198, 0.3099872947277142465 ) ) ;
#1445 = CARTESIAN_POINT ( 'NONE',  ( 0.2137923194339913235, -0.5202702371058174347, -0.2065312922193013878 ) ) ;
#1446 = EDGE_CURVE ( 'NONE', #568, #3018, #3737, .T. ) ;
#1447 = CARTESIAN_POINT ( 'NONE',  ( 0.000000000000000000, 0.000000000000000000, 0.000000000000000000 ) ) ;
#1448 = CARTESIAN_POINT ( 'NONE',  ( -0.04756737515454342868, -0.2894216745996738838, 0.1476852111053842953 ) ) ;
#1449 = CARTESIAN_POINT ( 'NONE',  ( 0.000000000000000000, 0.000000000000000000, 0.000000000000000000 ) ) ;
#1450 = CARTESIAN_POINT ( 'NONE',  ( -0.02000295456672593689, -0.5779555199654423658, -0.3112347771123623041 ) ) ;
#1451 = EDGE_LOOP ( 'NONE', ( #3779, #481, #4127, #2383 ) ) ;
#1452 = VERTEX_POINT ( 'NONE', #3784 ) ;
#1453 = LINE ( 'NONE', #3287, #541 ) ;
#1454 = CARTESIAN_POINT ( 'NONE',  ( -0.3078329249800340617, -0.5785949642060881359, 0.03808640421637356915 ) ) ;
#1455 = CARTESIAN_POINT ( 'NONE',  ( -0.2465496656188055358, -0.5181076722195301354, -0.1719128566856008011 ) ) ;
#1456 = ORIENTED_EDGE ( 'NONE', *, *, #2472, .T. ) ;
#1457 = APPROVAL_STATUS ( 'not_yet_approved' ) ;
#1458 = CARTESIAN_POINT ( 'NONE',  ( 0.1984733396017493989, -0.5779555199654423658, -0.2405733529360825906 ) ) ;
#1459 = ORIENTED_EDGE ( 'NONE', *, *, #87, .T. ) ;
#1460 = ORIENTED_EDGE ( 'NONE', *, *, #33, .T. ) ;
#1461 = B_SPLINE_SURFACE_WITH_KNOTS ( 'NONE', 3, 1, ( 
 ( #3147, #3097 ),
 ( #4649, #2415 ),
 ( #4291, #3493 ),
 ( #4639, #927 ),
 ( #3892, #956 ),
 ( #3213, #4319 ),
 ( #1005, #1717 ),
 ( #4715, #2080 ) ),
 .UNSPECIFIED., .F., .F., .F.,
 ( 4, 1, 1, 1, 1, 4 ),
 ( 2, 2 ),
 ( 0.000000000000000000, 0.2754608071627706600, 0.6018774309564619562, 0.7072349411873528613, 0.9076058685481156463, 1.000000000000000000 ),
 ( 0.000000000000000000, 1.000000000000000000 ),
 .UNSPECIFIED. ) ;
#1462 = CARTESIAN_POINT ( 'NONE',  ( -0.1408186913432159515, 0.000000000000000000, -0.2047244094488188948 ) ) ;
#1463 = VERTEX_POINT ( 'NONE', #3065 ) ;
#1464 = B_SPLINE_CURVE_WITH_KNOTS ( 'NONE', 3,
 ( #572, #1982, #3499, #3546 ),
 .UNSPECIFIED., .F., .F.,
 ( 4, 4 ),
 ( 0.000000000000000000, 0.0008684883343403526548 ),
 .UNSPECIFIED. ) ;
#1465 = CARTESIAN_POINT ( 'NONE',  ( -0.3019190081631193956, -0.5533416366082751781, -0.1902776446628370310 ) ) ;
#1466 = CARTESIAN_POINT ( 'NONE',  ( -0.1345214138362989253, -0.5711492529229237336, 0.2947258691030388844 ) ) ;
#1467 = B_SPLINE_CURVE_WITH_KNOTS ( 'NONE', 3,
 ( #2468, #2824, #1818, #2106, #274, #717, #1381, #3570 ),
 .UNSPECIFIED., .F., .F.,
 ( 4, 2, 2, 4 ),
 ( 0.0001657239593221468117, 0.0008120922820787006106, 0.001135276443456977036, 0.001458460604835253461 ),
 .UNSPECIFIED. ) ;
#1468 = ADVANCED_FACE ( 'NONE', ( #460 ), #3730, .F. ) ;
#1469 = CARTESIAN_POINT ( 'NONE',  ( 0.000000000000000000, 0.000000000000000000, 0.000000000000000000 ) ) ;
#1470 = B_SPLINE_CURVE_WITH_KNOTS ( 'NONE', 3,
 ( #1194, #2648, #1925, #4551, #4174, #4125, #4079, #1948 ),
 .UNSPECIFIED., .F., .F.,
 ( 4, 2, 2, 4 ),
 ( 1.537813355438891898E-14, 0.0003533926699086860942, 0.0007067853398019940817, 0.001413570679588603768 ),
 .UNSPECIFIED. ) ;
#1471 = CARTESIAN_POINT ( 'NONE',  ( 0.1896548924616490439, -0.5036595598781938854, 0.2610375651131256469 ) ) ;
#1472 = CARTESIAN_POINT ( 'NONE',  ( 0.1554427248700439579, -0.5036595598781937744, -0.2827492668775729578 ) ) ;
#1473 = DIRECTION ( 'NONE',  ( 0.4999999999999995559, 0.8660254037844389297, -0.000000000000000000 ) ) ;
#1474 = ORIENTED_EDGE ( 'NONE', *, *, #280, .F. ) ;
#1475 = ORIENTED_EDGE ( 'NONE', *, *, #3186, .T. ) ;
#1476 = CARTESIAN_POINT ( 'NONE',  ( 0.2896178042096166361, -0.5181076722195298023, -0.08038840336360082717 ) ) ;
#1477 = CARTESIAN_POINT ( 'NONE',  ( 0.09509392744336778169, -0.5785949642060882470, 0.2952436770725017645 ) ) ;
#1478 = DIRECTION ( 'NONE',  ( -0.3815307436326473844, -0.8813413940020674575, -0.2786963201795308320 ) ) ;
#1479 = CARTESIAN_POINT ( 'NONE',  ( -0.2489344546984214868, -0.5291503390633798265, -0.1360225442156725306 ) ) ;
#1480 = EDGE_LOOP ( 'NONE', ( #1796, #538 ) ) ;
#1481 = SECURITY_CLASSIFICATION_LEVEL ( 'unclassified' ) ;
#1482 = ORIENTED_EDGE ( 'NONE', *, *, #1443, .F. ) ;
#1483 = APPLICATION_PROTOCOL_DEFINITION ( 'international standard', 'config_control_design', 1994, #3157 ) ;
#1484 = VECTOR ( 'NONE', #4568, 39.37007874015748143 ) ;
#1485 = CARTESIAN_POINT ( 'NONE',  ( 0.01966492340676165643, -0.5246614642377039894, 0.2898756546398861822 ) ) ;
#1486 = DIRECTION ( 'NONE',  ( 1.060575238724901245E-16, 0.5000000000000081046, -0.8660254037844339337 ) ) ;
#1487 = VECTOR ( 'NONE', #4332, 39.37007874015748854 ) ;
#1488 = CARTESIAN_POINT ( 'NONE',  ( -0.2094271088101757883, -0.5268701665594056616, 0.1964746386994700722 ) ) ;
#1489 = CARTESIAN_POINT ( 'NONE',  ( -0.01868226010994081601, -0.5785949642060882470, 0.3096169521280782710 ) ) ;
#1490 = CARTESIAN_POINT ( 'NONE',  ( 0.05802641663570038549, -0.5779555199654423658, -0.3064312967828195511 ) ) ;
#1491 = CARTESIAN_POINT ( 'NONE',  ( 0.1901389186833670752, -0.5291561317290428557, 0.2108141310065461127 ) ) ;
#1492 = CARTESIAN_POINT ( 'NONE',  ( 0.3156666544990432977, -0.5076451741082079749, -0.02421712587172804992 ) ) ;
#1493 = DIRECTION ( 'NONE',  ( 0.000000000000000000, 0.000000000000000000, -1.000000000000000000 ) ) ;
#1494 = CARTESIAN_POINT ( 'NONE',  ( -0.2880688804940345626, -0.5246614642377034343, 0.03782756212618011010 ) ) ;
#1495 = ORIENTED_EDGE ( 'NONE', *, *, #3656, .F. ) ;
#1496 = EDGE_LOOP ( 'NONE', ( #2436, #3536, #1503, #1846 ) ) ;
#1497 = LOCAL_TIME ( 23, 27, 9.000000000000000000, #1508 ) ;
#1498 = B_SPLINE_SURFACE_WITH_KNOTS ( 'NONE', 3, 1, ( 
 ( #4571, #133 ),
 ( #551, #3507 ),
 ( #181, #1679 ),
 ( #4366, #1029 ) ),
 .UNSPECIFIED., .F., .F., .F.,
 ( 4, 4 ),
 ( 2, 2 ),
 ( 0.000000000000000000, 1.000000000000000000 ),
 ( 0.000000000000000000, 1.000000000000000000 ),
 .UNSPECIFIED. ) ;
#1499 = CARTESIAN_POINT ( 'NONE',  ( 0.2255661700352079579, -0.5785949642060881359, 0.2129121575287420409 ) ) ;
#1500 = CARTESIAN_POINT ( 'NONE',  ( -0.3239523717095398880, -0.5711492529229237336, -0.003769557377533980409 ) ) ;
#1501 = CARTESIAN_POINT ( 'NONE',  ( -0.1252900039472792659, -0.2894216745996738283, -0.09152044399600442470 ) ) ;
#1502 = CARTESIAN_POINT ( 'NONE',  ( 0.000000000000000000, 0.000000000000000000, 0.000000000000000000 ) ) ;
#1503 = ORIENTED_EDGE ( 'NONE', *, *, #4197, .T. ) ;
#1504 = ADVANCED_FACE ( 'NONE', ( #4582 ), #2462, .F. ) ;
#1505 = AXIS2_PLACEMENT_3D ( 'NONE', #2502, #3983, #2140 ) ;
#1506 = DIRECTION ( 'NONE',  ( -0.2022681098405910982, 0.8813413940020675685, -0.4269952680768332454 ) ) ;
#1507 = ORIENTED_EDGE ( 'NONE', *, *, #306, .F. ) ;
#1508 = COORDINATED_UNIVERSAL_TIME_OFFSET ( 5, 0, .BEHIND. ) ;
#1509 = EDGE_CURVE ( 'NONE', #1148, #1276, #286, .T. ) ;
#1510 = LINE ( 'NONE', #1086, #2512 ) ;
#1511 = CARTESIAN_POINT ( 'NONE',  ( 0.000000000000000000, 0.000000000000000000, 0.000000000000000000 ) ) ;
#1512 = CARTESIAN_POINT ( 'NONE',  ( -0.2038818148571975852, -0.5741050682364791102, -0.2439896787184209770 ) ) ;
#1513 = CARTESIAN_POINT ( 'NONE',  ( -0.1971025442429030217, -0.5785949642060881359, -0.2395042190460760778 ) ) ;
#1514 = CARTESIAN_POINT ( 'NONE',  ( 0.000000000000000000, 0.000000000000000000, 0.000000000000000000 ) ) ;
#1515 = FACE_OUTER_BOUND ( 'NONE', #1405, .T. ) ;
#1516 = CARTESIAN_POINT ( 'NONE',  ( 0.3002363557441575792, -0.5785949642060881359, 0.07790901473747388617 ) ) ;
#1517 = CARTESIAN_POINT ( 'NONE',  ( -0.2425588141000353248, -0.5531022667475552490, -0.2582989019339885783 ) ) ;
#1518 = CARTESIAN_POINT ( 'NONE',  ( -0.2848803890044538933, -0.5268700205389788005, 0.03612879571127575878 ) ) ;
#1519 = ORIENTED_EDGE ( 'NONE', *, *, #750, .F. ) ;
#1520 = B_SPLINE_CURVE_WITH_KNOTS ( 'NONE', 3,
 ( #4516, #857, #3401, #2343 ),
 .UNSPECIFIED., .F., .F.,
 ( 4, 4 ),
 ( 4.336808689942017736E-19, 0.0008684883343403533053 ),
 .UNSPECIFIED. ) ;
#1521 = ORIENTED_EDGE ( 'NONE', *, *, #1530, .T. ) ;
#1522 = DIRECTION ( 'NONE',  ( 0.4579360542293151592, 0.8813413940020674575, 0.1163267701579390467 ) ) ;
#1523 = CARTESIAN_POINT ( 'NONE',  ( 0.3003652441896496050, -0.5788433491990536695, 0.07794246029317770941 ) ) ;
#1524 = CARTESIAN_POINT ( 'NONE',  ( 0.1655304935845312297, -0.5785949642060881359, 0.2623191559561704467 ) ) ;
#1525 = ORIENTED_EDGE ( 'NONE', *, *, #4161, .F. ) ;
#1526 = EDGE_CURVE ( 'NONE', #2871, #1664, #3418, .T. ) ;
#1527 = EDGE_CURVE ( 'NONE', #3179, #375, #4618, .T. ) ;
#1528 = CARTESIAN_POINT ( 'NONE',  ( 0.06642235967420964671, -0.2894216745996738838, 0.1402199946286011301 ) ) ;
#1529 = VERTEX_POINT ( 'NONE', #3916 ) ;
#1530 = EDGE_CURVE ( 'NONE', #586, #2055, #566, .T. ) ;
#1531 = CARTESIAN_POINT ( 'NONE',  ( -0.3078329249800340617, -0.5785949642060881359, 0.03808640421637356915 ) ) ;
#1532 = CARTESIAN_POINT ( 'NONE',  ( -0.1971025442429030217, -0.5785949642060881359, -0.2395042190460760778 ) ) ;
#1533 = CARTESIAN_POINT ( 'NONE',  ( 0.3031604554661678774, -0.5117481726913145623, 0.06621865871121977720 ) ) ;
#1534 = CARTESIAN_POINT ( 'NONE',  ( -0.01853811844177393961, -0.5291503390633798265, -0.2830668356334662961 ) ) ;
#1535 = B_SPLINE_SURFACE_WITH_KNOTS ( 'NONE', 3, 1, ( 
 ( #979, #219 ),
 ( #4714, #2414 ),
 ( #4638, #4616 ),
 ( #2025, #3492 ),
 ( #1304, #1326 ),
 ( #2466, #592 ),
 ( #3564, #4290 ),
 ( #245, #2079 ) ),
 .UNSPECIFIED., .F., .F., .F.,
 ( 4, 1, 1, 1, 1, 4 ),
 ( 2, 2 ),
 ( 0.000000000000000000, 0.09239413145188504761, 0.2927650588126481379, 0.3981225690435391540, 0.7245391928372308943, 1.000000000000000000 ),
 ( 0.000000000000000000, 1.000000000000000000 ),
 .UNSPECIFIED. ) ;
#1536 = B_SPLINE_CURVE_WITH_KNOTS ( 'NONE', 1,
 ( #2240, #2669 ),
 .UNSPECIFIED., .F., .F.,
 ( 2, 2 ),
 ( 2.325202133283554314E-05, 0.001514701155316576899 ),
 .UNSPECIFIED. ) ;
#1537 = CARTESIAN_POINT ( 'NONE',  ( 0.000000000000000000, 0.000000000000000000, 0.000000000000000000 ) ) ;
#1538 = DIRECTION ( 'NONE',  ( 0.03087669031558821359, 0.8813413940020674575, 0.4714700173008329886 ) ) ;
#1539 = CARTESIAN_POINT ( 'NONE',  ( -0.1668740123983523671, -0.5785949642060880249, -0.2614665329903061997 ) ) ;
#1540 = CARTESIAN_POINT ( 'NONE',  ( 0.1413430088183297850, -0.5711492529229237336, -0.2915158701635985339 ) ) ;
#1541 = ORIENTED_EDGE ( 'NONE', *, *, #35, .F. ) ;
#1542 = CARTESIAN_POINT ( 'NONE',  ( 2.539498149579113407E-15, -0.5531022667475551380, -0.3543347302169512769 ) ) ;
#1543 = CARTESIAN_POINT ( 'NONE',  ( 0.000000000000000000, 0.000000000000000000, 0.000000000000000000 ) ) ;
#1544 = CARTESIAN_POINT ( 'NONE',  ( -0.2749411522185011836, -0.5291503390633798265, -0.06984166441077986620 ) ) ;
#1545 = CARTESIAN_POINT ( 'NONE',  ( -0.2267527419250822129, -0.5788433491990535584, -0.2118431048278857642 ) ) ;
#1546 = ORIENTED_EDGE ( 'NONE', *, *, #3553, .F. ) ;
#1547 = EDGE_LOOP ( 'NONE', ( #883, #2944, #225, #505 ) ) ;
#1548 = CARTESIAN_POINT ( 'NONE',  ( 0.000000000000000000, 0.000000000000000000, 0.000000000000000000 ) ) ;
#1549 = CARTESIAN_POINT ( 'NONE',  ( -0.1971871583812872530, -0.5788433491990535584, -0.2396070357964779352 ) ) ;
#1550 = ORIENTED_EDGE ( 'NONE', *, *, #4812, .T. ) ;
#1551 = APPROVAL_STATUS ( 'not_yet_approved' ) ;
#1552 = EDGE_CURVE ( 'NONE', #1978, #2992, #4607, .T. ) ;
#1553 = ORIENTED_EDGE ( 'NONE', *, *, #4257, .T. ) ;
#1554 = CARTESIAN_POINT ( 'NONE',  ( 0.000000000000000000, 0.000000000000000000, 0.000000000000000000 ) ) ;
#1555 = CARTESIAN_POINT ( 'NONE',  ( -0.09859357919043057472, -0.2894216745996738283, -0.1198035178980789567 ) ) ;
#1556 = CARTESIAN_POINT ( 'NONE',  ( 0.000000000000000000, 0.000000000000000000, 0.000000000000000000 ) ) ;
#1557 = CARTESIAN_POINT ( 'NONE',  ( 0.09408988395903879198, -0.5510269468160307049, -0.3488877847686664979 ) ) ;
#1558 = EDGE_CURVE ( 'NONE', #672, #163, #3657, .T. ) ;
#1559 = VECTOR ( 'NONE', #620, 39.37007874015748143 ) ;
#1560 = DIRECTION ( 'NONE',  ( 0.2521433558721411505, 0.8813413940020675685, -0.3995761195417300016 ) ) ;
#1561 = CARTESIAN_POINT ( 'NONE',  ( -0.1707020581438543905, -0.5531022667475551380, -0.3105058910606559586 ) ) ;
#1562 = CARTESIAN_POINT ( 'NONE',  ( 0.1539864819436771171, -0.5268700205389785785, 0.2423845896452283821 ) ) ;
#1563 = EDGE_LOOP ( 'NONE', ( #2300, #2416, #1083, #4108 ) ) ;
#1564 = VERTEX_POINT ( 'NONE', #1669 ) ;
#1565 = AXIS2_PLACEMENT_3D ( 'NONE', #2413, #2003, #590 ) ;
#1566 = EDGE_CURVE ( 'NONE', #2747, #3358, #4540, .T. ) ;
#1567 = CARTESIAN_POINT ( 'NONE',  ( -0.01839933888508210255, -0.5741060011268075414, -0.3174258826700255831 ) ) ;
#1568 = CARTESIAN_POINT ( 'NONE',  ( 0.000000000000000000, 0.2244094488188976555, -0.6850393700787401619 ) ) ;
#1569 = CARTESIAN_POINT ( 'NONE',  ( -0.1336245920571943746, -0.5611928409090070069, 0.3130134948669238693 ) ) ;
#1570 = EDGE_LOOP ( 'NONE', ( #169, #2060, #3297, #1961 ) ) ;
#1571 = LOCAL_TIME ( 23, 27, 9.000000000000000000, #4623 ) ;
#1572 = CARTESIAN_POINT ( 'NONE',  ( -0.2404650990925206178, -0.5697155349887011999, 0.2194718172027896874 ) ) ;
#1574 = B_SPLINE_CURVE_WITH_KNOTS ( 'NONE', 3,
 ( #1561, #4480, #734, #4078, #2941, #344, #2969, #1539 ),
 .UNSPECIFIED., .F., .F.,
 ( 4, 2, 2, 4 ),
 ( 0.0001822175744224055634, 0.0008899156074968618633, 0.001243764624034087926, 0.001597613640571313772 ),
 .UNSPECIFIED. ) ;
#1573 = CARTESIAN_POINT ( 'NONE',  ( 0.1707020581438380702, -0.5531022667475662402, -0.3105058910606428024 ) ) ;
#1575 = LOCAL_TIME ( 23, 27, 9.000000000000000000, #1844 ) ;
#1576 = EDGE_LOOP ( 'NONE', ( #1926, #2662, #2183, #4037 ) ) ;
#1577 = DATE_TIME_ROLE ( 'creation_date' ) ;
#1578 = CC_DESIGN_PERSON_AND_ORGANIZATION_ASSIGNMENT ( #2424, #4324, ( #1100 ) ) ;
#1579 = CARTESIAN_POINT ( 'NONE',  ( 0.1441139969717189773, -0.2894216745996738838, -0.05748680400901062804 ) ) ;
#1580 = CARTESIAN_POINT ( 'NONE',  ( -0.1201234110567943603, -0.5291503390633798265, -0.2569841656347439107 ) ) ;
#1581 = DIRECTION ( 'NONE',  ( 0.6699060598508207454, 0.7424458707374892441, 0.000000000000000000 ) ) ;
#1582 = CARTESIAN_POINT ( 'NONE',  ( 0.000000000000000000, 0.000000000000000000, 0.000000000000000000 ) ) ;
#1583 = EDGE_CURVE ( 'NONE', #1309, #2331, #4318, .T. ) ;
#1584 = DIRECTION ( 'NONE',  ( -0.000000000000000000, 1.000000000000000000, 1.299146873706801522E-16 ) ) ;
#1585 = CARTESIAN_POINT ( 'NONE',  ( 0.2874982760809706717, -0.5697115686609648399, 0.1527761775070649586 ) ) ;
#1586 = B_SPLINE_CURVE_WITH_KNOTS ( 'NONE', 3,
 ( #3122, #4250, #3825, #839 ),
 .UNSPECIFIED., .F., .F.,
 ( 4, 4 ),
 ( 4.336808689942017255E-19, 0.0008684883343403520042 ),
 .UNSPECIFIED. ) ;
#1587 = VERTEX_POINT ( 'NONE', #2843 ) ;
#1588 = ADVANCED_FACE ( 'NONE', ( #4338 ), #1535, .F. ) ;
#1589 = VERTEX_POINT ( 'NONE', #3541 ) ;
#1590 = CARTESIAN_POINT ( 'NONE',  ( -0.3390618637812034541, -0.5533416366082752891, -0.1113450586144493493 ) ) ;
#1591 = CARTESIAN_POINT ( 'NONE',  ( 0.3037645504028387844, -0.5675532765349017295, 0.1271705798893316419 ) ) ;
#1592 = CARTESIAN_POINT ( 'NONE',  ( -0.2276363922715074484, -0.5779555199654423658, -0.2131874236187319971 ) ) ;
#1593 = ORIENTED_EDGE ( 'NONE', *, *, #2360, .F. ) ;
#1594 = ORIENTED_EDGE ( 'NONE', *, *, #2155, .T. ) ;
#1595 = CARTESIAN_POINT ( 'NONE',  ( -0.5079527800597931630, -0.4068886736676071147, -0.3622047244094488416 ) ) ;
#1596 = DIRECTION ( 'NONE',  ( 0.8660254037844379305, -0.5000000000000012212, 0.000000000000000000 ) ) ;
#1597 = ORIENTED_EDGE ( 'NONE', *, *, #3553, .T. ) ;
#1598 = DATE_TIME_ROLE ( 'creation_date' ) ;
#1599 = CARTESIAN_POINT ( 'NONE',  ( 0.000000000000000000, 0.000000000000000000, 0.000000000000000000 ) ) ;
#1600 = CARTESIAN_POINT ( 'NONE',  ( 0.000000000000000000, 0.000000000000000000, 0.000000000000000000 ) ) ;
#1601 = CARTESIAN_POINT ( 'NONE',  ( 0.000000000000000000, 0.000000000000000000, 0.000000000000000000 ) ) ;
#1602 = CARTESIAN_POINT ( 'NONE',  ( -0.7420587615486897715, -0.2717275222360906461, -0.2047244094488188948 ) ) ;
#1603 = CARTESIAN_POINT ( 'NONE',  ( 0.1234740550813398369, -0.5570898433182754905, 0.3247815128535142537 ) ) ;
#1604 = CARTESIAN_POINT ( 'NONE',  ( 0.1303606083421042228, -0.5202677472389238833, -0.2671529676777277262 ) ) ;
#1605 = CARTESIAN_POINT ( 'NONE',  ( -0.1729066892698164493, -0.5533416366082751781, -0.3121921625447855453 ) ) ;
#1606 = VERTEX_POINT ( 'NONE', #2768 ) ;
#1607 = CARTESIAN_POINT ( 'NONE',  ( 0.08811946407624551836, -0.5531022667475551380, -0.3432026530911947981 ) ) ;
#1608 = EDGE_CURVE ( 'NONE', #560, #1011, #3591, .T. ) ;
#1609 = CARTESIAN_POINT ( 'NONE',  ( 0.1331714399088347323, -0.5779555199654424769, 0.2820151986474980776 ) ) ;
#1610 = CARTESIAN_POINT ( 'NONE',  ( 0.000000000000000000, 0.000000000000000000, 0.000000000000000000 ) ) ;
#1611 = CARTESIAN_POINT ( 'NONE',  ( 0.3207844650100917794, -0.5611936780632696964, -0.1137072141283904381 ) ) ;
#1612 = CARTESIAN_POINT ( 'NONE',  ( -0.1344225425002439078, -0.5697115686609650620, 0.2965238594632315650 ) ) ;
#1613 = VERTEX_POINT ( 'NONE', #3183 ) ;
#1614 = CARTESIAN_POINT ( 'NONE',  ( -0.03005377624939471054, -0.5650778416537698412, 0.3335924260295413113 ) ) ;
#1615 = EDGE_CURVE ( 'NONE', #3745, #2747, #4265, .T. ) ;
#1616 = LINE ( 'NONE', #466, #4053 ) ;
#1617 = LINE ( 'NONE', #2469, #3480 ) ;
#1618 = CARTESIAN_POINT ( 'NONE',  ( -0.1324152151550307965, -0.5533416366082754001, 0.3314013885669239712 ) ) ;
#1619 = ORIENTED_EDGE ( 'NONE', *, *, #1886, .F. ) ;
#1620 = APPROVAL_DATE_TIME ( #3871, #3641 ) ;
#1621 = CARTESIAN_POINT ( 'NONE',  ( 0.1252900039472805427, -0.2894216745996738283, -0.09152044399600264835 ) ) ;
#1622 = EDGE_LOOP ( 'NONE', ( #4292, #2010, #59, #1934 ) ) ;
#1623 = CARTESIAN_POINT ( 'NONE',  ( 0.04095159804004274567, -0.5510269468160308159, 0.3590244549361218396 ) ) ;
#1624 = CARTESIAN_POINT ( 'NONE',  ( 0.3458992283281496216, -0.5585565789419794092, -0.02729825203512009635 ) ) ;
#1625 = CARTESIAN_POINT ( 'NONE',  ( 0.000000000000000000, 0.000000000000000000, 0.000000000000000000 ) ) ;
#1626 = CARTESIAN_POINT ( 'NONE',  ( 0.08024232255343043130, -0.5036595598787236838, -0.3125232124279402890 ) ) ;
#1627 = CARTESIAN_POINT ( 'NONE',  ( 0.000000000000000000, -0.5662497646253558115, 0.2269313808160595691 ) ) ;
#1628 = CARTESIAN_POINT ( 'NONE',  ( 0.3007611365511616563, -0.5788433491990536695, -0.07640056134685785372 ) ) ;
#1629 = B_SPLINE_CURVE_WITH_KNOTS ( 'NONE', 3,
 ( #486, #3085, #1611, #2536, #3942, #1427, #4364, #2842 ),
 .UNSPECIFIED., .F., .F.,
 ( 4, 2, 2, 4 ),
 ( 0.0001822175744224764160, 0.0008899156074969248554, 0.001243764624034150376, 0.001597613640571375788 ),
 .UNSPECIFIED. ) ;
#1630 = CARTESIAN_POINT ( 'NONE',  ( -0.2834768464636940322, -0.5786007325277197078, -0.1264979303735810634 ) ) ;
#1631 = ORIENTED_EDGE ( 'NONE', *, *, #39, .F. ) ;
#1632 = ORIENTED_EDGE ( 'NONE', *, *, #836, .F. ) ;
#1633 = ADVANCED_FACE ( 'NONE', ( #4690 ), #3212, .F. ) ;
#1634 = AXIS2_PLACEMENT_3D ( 'NONE', #1122, #4083, #4533 ) ;
#1635 = CARTESIAN_POINT ( 'NONE',  ( -0.3007611365511606016, -0.5788433491990535584, -0.07640056134686207256 ) ) ;
#1636 = CARTESIAN_POINT ( 'NONE',  ( -0.2660833339639462336, -0.5697115686609649510, -0.1876045803007790613 ) ) ;
#1637 = CARTESIAN_POINT ( 'NONE',  ( 0.2581526782309031542, -0.5741060011268073193, -0.1856203689859082517 ) ) ;
#1638 = VECTOR ( 'NONE', #316, 39.37007874015748143 ) ;
#1639 = EDGE_LOOP ( 'NONE', ( #4107, #3804, #3239, #4166 ) ) ;
#1640 = VECTOR ( 'NONE', #1898, 39.37007874015748143 ) ;
#1641 = B_SPLINE_SURFACE_WITH_KNOTS ( 'NONE', 3, 1, ( 
 ( #1449, #4337 ),
 ( #4035, #321 ),
 ( #2515, #4771 ),
 ( #4414, #615 ),
 ( #3563, #1715 ),
 ( #1003, #1813 ),
 ( #666, #2896 ),
 ( #2921, #4394 ) ),
 .UNSPECIFIED., .F., .F., .F.,
 ( 4, 1, 1, 1, 1, 4 ),
 ( 2, 2 ),
 ( 0.000000000000000000, 0.09239413145188504761, 0.2927650588126481379, 0.3981225690435391540, 0.7245391928372308943, 1.000000000000000000 ),
 ( 0.000000000000000000, 1.000000000000000000 ),
 .UNSPECIFIED. ) ;
#1642 = CARTESIAN_POINT ( 'NONE',  ( 0.000000000000000000, 0.000000000000000000, 0.000000000000000000 ) ) ;
#1643 = CARTESIAN_POINT ( 'NONE',  ( 0.2486139378777866837, -0.5036595598781937744, 0.2056713361840419030 ) ) ;
#1644 = CARTESIAN_POINT ( 'NONE',  ( 0.000000000000000000, 0.000000000000000000, 0.000000000000000000 ) ) ;
#1645 = EDGE_CURVE ( 'NONE', #4205, #2163, #1296, .T. ) ;
#1646 = LOCAL_TIME ( 23, 27, 9.000000000000000000, #4494 ) ;
#1647 = APPROVAL_STATUS ( 'not_yet_approved' ) ;
#1648 = EDGE_CURVE ( 'NONE', #1688, #4139, #3613, .T. ) ;
#1649 = CARTESIAN_POINT ( 'NONE',  ( 0.08842636231808796710, -0.5246614642377034343, -0.2767587086483218606 ) ) ;
#1650 = ORIENTED_EDGE ( 'NONE', *, *, #898, .F. ) ;
#1651 = B_SPLINE_CURVE_WITH_KNOTS ( 'NONE', 3,
 ( #3953, #4651, #2780, #4252, #2379, #2092, #4629, #526 ),
 .UNSPECIFIED., .F., .F.,
 ( 4, 2, 2, 4 ),
 ( 0.0001657239593221543469, 0.0008120922820787080916, 0.001135276443456983541, 0.001458460604835258882 ),
 .UNSPECIFIED. ) ;
#1652 = CARTESIAN_POINT ( 'NONE',  ( 0.05885328630853013665, -0.5779555199654424769, 0.3062735629568218987 ) ) ;
#1653 = CARTESIAN_POINT ( 'NONE',  ( 0.02708178751584764191, -0.5675494520111787899, 0.3282014554886968360 ) ) ;
#1654 = CARTESIAN_POINT ( 'NONE',  ( 0.2931947345954322715, -0.5785182336645523504, 0.1018333032992604914 ) ) ;
#1655 = DIRECTION ( 'NONE',  ( 0.000000000000000000, 0.000000000000000000, 1.000000000000000000 ) ) ;
#1656 = CARTESIAN_POINT ( 'NONE',  ( 0.01853811844177795376, -0.5291503390633798265, -0.2830668356334660740 ) ) ;
#1657 = CARTESIAN_POINT ( 'NONE',  ( 0.2387315553484335995, -0.5711492529229237336, 0.2190127694450171303 ) ) ;
#1658 = ADVANCED_FACE ( 'NONE', ( #2942 ), #2540, .F. ) ;
#1659 = AXIS2_PLACEMENT_3D ( 'NONE', #3182, #3637, #4713 ) ;
#1660 = CARTESIAN_POINT ( 'NONE',  ( -0.1862938920251024644, -0.5246614642377032123, -0.2229555788932769678 ) ) ;
#1661 = VECTOR ( 'NONE', #4059, 39.37007874015748854 ) ;
#1662 = CARTESIAN_POINT ( 'NONE',  ( 0.000000000000000000, 0.000000000000000000, 0.000000000000000000 ) ) ;
#1663 = CARTESIAN_POINT ( 'NONE',  ( -0.1313479281592113135, -0.5785949642060880249, -0.2809971630749659721 ) ) ;
#1664 = VERTEX_POINT ( 'NONE', #2199 ) ;
#1665 = CARTESIAN_POINT ( 'NONE',  ( -0.1889958777388532074, -0.5117481726913172269, 0.2461132477492534443 ) ) ;
#1666 = CARTESIAN_POINT ( 'NONE',  ( 0.3169449763777928419, -0.5036595598772516391, 0.06046048778599025231 ) ) ;
#1667 = PLANE ( 'NONE',  #1565 ) ;
#1668 = CARTESIAN_POINT ( 'NONE',  ( 0.000000000000000000, 0.000000000000000000, 0.000000000000000000 ) ) ;
#1669 = CARTESIAN_POINT ( 'NONE',  ( -0.04440991750222601092, -0.5531022667475552490, 0.3515406950345364434 ) ) ;
#1670 = ORIENTED_EDGE ( 'NONE', *, *, #784, .T. ) ;
#1671 = CARTESIAN_POINT ( 'NONE',  ( 0.000000000000000000, 0.000000000000000000, 0.000000000000000000 ) ) ;
#1672 = CARTESIAN_POINT ( 'NONE',  ( 0.2094273097014554830, -0.5268700205389789115, 0.1964747512279554909 ) ) ;
#1673 = CARTESIAN_POINT ( 'NONE',  ( 0.000000000000000000, 0.000000000000000000, 0.000000000000000000 ) ) ;
#1674 = EDGE_LOOP ( 'NONE', ( #2338, #676, #3652, #618 ) ) ;
#1675 = PERSON_AND_ORGANIZATION ( #1829, #4201 ) ;
#1676 = LINE ( 'NONE', #2426, #2872 ) ;
#1677 = EDGE_CURVE ( 'NONE', #4562, #3461, #524, .T. ) ;
#1678 = CARTESIAN_POINT ( 'NONE',  ( -0.1554427248700397668, -0.5036595598781937744, -0.2827492668775753448 ) ) ;
#1679 = CARTESIAN_POINT ( 'NONE',  ( 0.2781197093530968778, -0.5785182336645523504, -0.1377773614374803723 ) ) ;
#1680 = CARTESIAN_POINT ( 'NONE',  ( 0.000000000000000000, 0.000000000000000000, 0.000000000000000000 ) ) ;
#1681 = DIRECTION ( 'NONE',  ( 0.000000000000000000, 0.000000000000000000, -1.000000000000000000 ) ) ;
#1682 = CARTESIAN_POINT ( 'NONE',  ( 0.2811914097136371526, -0.5510269468160309270, 0.2269515008266526079 ) ) ;
#1683 = CARTESIAN_POINT ( 'NONE',  ( 0.1560926443387060381, -0.5181076722195298023, -0.2568576537576776064 ) ) ;
#1684 = ADVANCED_FACE ( 'NONE', ( #345 ), #3691, .F. ) ;
#1685 = CARTESIAN_POINT ( 'NONE',  ( 0.000000000000000000, 0.000000000000000000, 0.000000000000000000 ) ) ;
#1686 = CARTESIAN_POINT ( 'NONE',  ( -0.1459990232202934279, -0.5675494520111776797, -0.2951845250325192405 ) ) ;
#1687 = ORIENTED_EDGE ( 'NONE', *, *, #2567, .T. ) ;
#1688 = VERTEX_POINT ( 'NONE', #2922 ) ;
#1689 = CARTESIAN_POINT ( 'NONE',  ( 0.000000000000000000, 0.000000000000000000, 0.000000000000000000 ) ) ;
#1690 = LINE ( 'NONE', #3491, #4280 ) ;
#1691 = CARTESIAN_POINT ( 'NONE',  ( -0.2998156311398376683, -0.5711492529229237336, 0.1227596677385504459 ) ) ;
#1692 = CARTESIAN_POINT ( 'NONE',  ( 0.2991747076973964026, -0.5531022667475552490, -0.1898620428418937300 ) ) ;
#1693 = LINE ( 'NONE', #567, #631 ) ;
#1694 = B_SPLINE_CURVE_WITH_KNOTS ( 'NONE', 3,
 ( #1128, #3817, #2634, #3744, #1911, #4186, #2659, #3383 ),
 .UNSPECIFIED., .F., .F.,
 ( 4, 2, 2, 4 ),
 ( 1.537724010800031625E-14, 0.0003533926699085848297, 0.0007067853398017924201, 0.001413570679588208902 ),
 .UNSPECIFIED. ) ;
#1695 = VERTEX_POINT ( 'NONE', #3259 ) ;
#1696 = CARTESIAN_POINT ( 'NONE',  ( 0.2756215817981109706, -0.5510269468160307049, 0.2336842662040383434 ) ) ;
#1697 = CARTESIAN_POINT ( 'NONE',  ( 0.3027366280179147884, -0.5510269468160307049, -0.1972970518800405137 ) ) ;
#1698 = ORIENTED_EDGE ( 'NONE', *, *, #2319, .T. ) ;
#1699 = APPROVAL_DATE_TIME ( #2396, #982 ) ;
#1700 = EDGE_CURVE ( 'NONE', #1403, #1688, #4772, .T. ) ;
#1701 = CARTESIAN_POINT ( 'NONE',  ( -0.2884259990485792957, -0.5246614642377037674, -0.03500067768380248079 ) ) ;
#1702 = LINE ( 'NONE', #3225, #2656 ) ;
#1703 = CARTESIAN_POINT ( 'NONE',  ( 0.3239523717095401101, -0.5711492529229237336, -0.003769557377529242446 ) ) ;
#1704 = EDGE_CURVE ( 'NONE', #1589, #3425, #2168, .T. ) ;
#1705 = CARTESIAN_POINT ( 'NONE',  ( -0.2781870082669439803, -0.5751480959758971112, 0.1516706052559802509 ) ) ;
#1706 = CARTESIAN_POINT ( 'NONE',  ( 0.000000000000000000, 0.000000000000000000, 0.000000000000000000 ) ) ;
#1707 = PLANE ( 'NONE',  #2893 ) ;
#1708 = CARTESIAN_POINT ( 'NONE',  ( -0.2898206099715520678, -0.5779555199654424769, -0.1152007756540628786 ) ) ;
#1709 = CARTESIAN_POINT ( 'NONE',  ( 2.539498149579113407E-15, -0.5531022667475551380, -0.3543347302169512769 ) ) ;
#1710 = ADVANCED_FACE ( 'NONE', ( #1074 ), #1391, .F. ) ;
#1711 = ORIENTED_EDGE ( 'NONE', *, *, #4208, .T. ) ;
#1712 = B_SPLINE_CURVE_WITH_KNOTS ( 'NONE', 3,
 ( #459, #1930, #98, #1591, #3063, #1221, #4558, #3693 ),
 .UNSPECIFIED., .F., .F.,
 ( 4, 2, 2, 4 ),
 ( 0.0001822175744223280701, 0.0008899156074967827165, 0.001243764624034008996, 0.001597613640571235276 ),
 .UNSPECIFIED. ) ;
#1713 = DIRECTION ( 'NONE',  ( -0.5000000000000012212, -0.8660254037844379305, 0.000000000000000000 ) ) ;
#1714 = CARTESIAN_POINT ( 'NONE',  ( -0.2781197093530948794, -0.5785182336645523504, -0.1377773614374843414 ) ) ;
#1715 = CARTESIAN_POINT ( 'NONE',  ( 0.09486026814229008008, -0.5650778416537696192, -0.3212299265309767060 ) ) ;
#1716 = CARTESIAN_POINT ( 'NONE',  ( -0.2991747076973936270, -0.5531022667475551380, -0.1898620428418979489 ) ) ;
#1717 = CARTESIAN_POINT ( 'NONE',  ( -0.1674672200895450658, -0.5779555199654423658, -0.2631006173901159761 ) ) ;
#1718 = ORIENTED_EDGE ( 'NONE', *, *, #4050, .F. ) ;
#1719 = ADVANCED_FACE ( 'NONE', ( #1345 ), #3986, .T. ) ;
#1720 = CARTESIAN_POINT ( 'NONE',  ( 0.3536355315669385546, -0.5531022667475551380, -0.02224886179759788182 ) ) ;
#1721 = CARTESIAN_POINT ( 'NONE',  ( -0.06570215725122724448, -0.2894216745996738283, -0.1405588961640992784 ) ) ;
#1722 = FACE_OUTER_BOUND ( 'NONE', #4061, .T. ) ;
#1723 = EDGE_LOOP ( 'NONE', ( #1232, #1769, #1379, #2708 ) ) ;
#1724 = APPROVAL_STATUS ( 'not_yet_approved' ) ;
#1725 = AXIS2_PLACEMENT_3D ( 'NONE', #1897, #2214, #20 ) ;
#1726 = CARTESIAN_POINT ( 'NONE',  ( 0.000000000000000000, 0.000000000000000000, 0.000000000000000000 ) ) ;
#1727 = CARTESIAN_POINT ( 'NONE',  ( 0.2997268517770855789, -0.5076451741082081970, -0.1019594050193627782 ) ) ;
#1728 = B_SPLINE_SURFACE_WITH_KNOTS ( 'NONE', 3, 1, ( 
 ( #281, #966 ),
 ( #1365, #3198 ),
 ( #2528, #1778 ),
 ( #3933, #1703 ),
 ( #2830, #4381 ),
 ( #2857, #2501 ),
 ( #4328, #1015 ),
 ( #3552, #2166 ) ),
 .UNSPECIFIED., .F., .F., .F.,
 ( 4, 1, 1, 1, 1, 4 ),
 ( 2, 2 ),
 ( 0.000000000000000000, 0.09239413145188504761, 0.2927650588126481379, 0.3981225690435391540, 0.7245391928372308943, 1.000000000000000000 ),
 ( 0.000000000000000000, 1.000000000000000000 ),
 .UNSPECIFIED. ) ;
#1729 = CARTESIAN_POINT ( 'NONE',  ( 0.000000000000000000, 0.000000000000000000, 0.000000000000000000 ) ) ;
#1730 = CARTESIAN_POINT ( 'NONE',  ( -0.3079650745556894997, -0.5788433491993477675, 0.03810275432627739656 ) ) ;
#1731 = CARTESIAN_POINT ( 'NONE',  ( -0.3019737736185465482, -0.5779555199654424769, 0.07796822892791058224 ) ) ;
#1732 = PRODUCT_DEFINITION_FORMATION_WITH_SPECIFIED_SOURCE ( 'ANY', '', #1064, .NOT_KNOWN. ) ;
#1733 = CARTESIAN_POINT ( 'NONE',  ( 0.000000000000000000, 0.000000000000000000, 0.000000000000000000 ) ) ;
#1734 = CARTESIAN_POINT ( 'NONE',  ( -0.2640196774742014640, -0.5291503390633798265, 0.1037502056736451378 ) ) ;
#1735 = CARTESIAN_POINT ( 'NONE',  ( -0.3076334911437191288, -0.5785949642060881359, -0.03966508558699411574 ) ) ;
#1736 = LINE ( 'NONE', #2836, #3560 ) ;
#1737 = CARTESIAN_POINT ( 'NONE',  ( 0.1257578550816376151, -0.2894216745996738838, 0.09087650215320153269 ) ) ;
#1738 = CARTESIAN_POINT ( 'NONE',  ( -0.2777390536874219662, -0.5291561317290428557, -0.05879136234975909647 ) ) ;
#1739 = CARTESIAN_POINT ( 'NONE',  ( -0.3292477490473875168, -0.5675532765349013964, -0.006417025639364226305 ) ) ;
#1740 = DIRECTION ( 'NONE',  ( -0.000000000000000000, 1.000000000000000000, 1.299146873706801522E-16 ) ) ;
#1741 = DIRECTION ( 'NONE',  ( -0.08972408018695809950, 0.8813413940020675685, -0.4638824599541314653 ) ) ;
#1742 = CARTESIAN_POINT ( 'NONE',  ( 0.000000000000000000, 0.000000000000000000, 0.000000000000000000 ) ) ;
#1743 = EDGE_LOOP ( 'NONE', ( #756, #3893, #2600, #641 ) ) ;
#1744 = VERTEX_POINT ( 'NONE', #235 ) ;
#1745 = CARTESIAN_POINT ( 'NONE',  ( 0.1336250621301657004, -0.5611936780632701405, 0.3130117350952831834 ) ) ;
#1746 = CARTESIAN_POINT ( 'NONE',  ( -0.1097931208971122258, -0.5291561317255569774, -0.2618031258034232422 ) ) ;
#1747 = CARTESIAN_POINT ( 'NONE',  ( 0.2584378843404272486, -0.5202702371058174347, -0.1468747440929999704 ) ) ;
#1748 = ADVANCED_FACE ( 'NONE', ( #4736 ), #1707, .F. ) ;
#1749 = ORIENTED_EDGE ( 'NONE', *, *, #1509, .T. ) ;
#1750 = B_SPLINE_CURVE_WITH_KNOTS ( 'NONE', 3,
 ( #2670, #710, #2198, #1836, #4818, #2374, #1727, #4675 ),
 .UNSPECIFIED., .F., .F.,
 ( 4, 2, 2, 4 ),
 ( 1.410811326964928487E-14, 0.0003227673804012505467, 0.0006455347607883929126, 0.001291069521562672982 ),
 .UNSPECIFIED. ) ;
#1751 = CARTESIAN_POINT ( 'NONE',  ( 0.2203947240275369035, -0.5650778416537697302, -0.2522167753975727567 ) ) ;
#1752 = LINE ( 'NONE', #180, #4378 ) ;
#1753 = B_SPLINE_CURVE_WITH_KNOTS ( 'NONE', 3,
 ( #2954, #4003, #2908, #4828, #675, #2164, #4448, #2591 ),
 .UNSPECIFIED., .F., .F.,
 ( 4, 2, 2, 4 ),
 ( 1.410836144242702138E-14, 0.0003227673804012501672, 0.0006455347607883920452, 0.001291069521562675368 ),
 .UNSPECIFIED. ) ;
#1754 = CARTESIAN_POINT ( 'NONE',  ( 0.2520660946677639735, -0.5779555199654423658, -0.1836569862393537256 ) ) ;
#1755 = CARTESIAN_POINT ( 'NONE',  ( 0.000000000000000000, 0.000000000000000000, 0.000000000000000000 ) ) ;
#1756 = CARTESIAN_POINT ( 'NONE',  ( 0.1668740123983561974, -0.5785949642060880249, -0.2614665329903037572 ) ) ;
#1757 = CARTESIAN_POINT ( 'NONE',  ( -0.3079650745561879899, -0.5788433491990536695, 0.03810275432646567650 ) ) ;
#1758 = CARTESIAN_POINT ( 'NONE',  ( 0.2848801742468455300, -0.5268701665594055505, 0.03612871265024063250 ) ) ;
#1759 = CARTESIAN_POINT ( 'NONE',  ( 0.000000000000000000, 0.000000000000000000, 0.000000000000000000 ) ) ;
#1760 = CARTESIAN_POINT ( 'NONE',  ( -0.1328509203760503410, -0.5585565789419794092, 0.3205340912873677062 ) ) ;
#1761 = B_SPLINE_CURVE_WITH_KNOTS ( 'NONE', 3,
 ( #556, #2458, #3936, #1683, #3151, #2233, #4788, #4386 ),
 .UNSPECIFIED., .F., .F.,
 ( 4, 2, 2, 4 ),
 ( 0.0001657239593221729681, 0.0008120922820787290167, 0.001135276443457004791, 0.001458460604835280349 ),
 .UNSPECIFIED. ) ;
#1762 = DIMENSIONAL_EXPONENTS ( 1.000000000000000000, 0.000000000000000000, 0.000000000000000000, 0.000000000000000000, 0.000000000000000000, 0.000000000000000000, 0.000000000000000000 ) ;
#1763 = CARTESIAN_POINT ( 'NONE',  ( -0.7420587615486897715, -0.2717275222360906461, 0.3661417322834645272 ) ) ;
#1764 = CARTESIAN_POINT ( 'NONE',  ( 0.2514077833328814404, -0.5785949642060881359, 0.1816750130522718498 ) ) ;
#1765 = CARTESIAN_POINT ( 'NONE',  ( 0.3480584879824998312, -0.5531022667475552490, 0.06639570755143421599 ) ) ;
#1766 = CARTESIAN_POINT ( 'NONE',  ( -0.2169777740537986721, -0.5785182336645523504, 0.2219320157660534254 ) ) ;
#1767 = CARTESIAN_POINT ( 'NONE',  ( -0.04826354781760761048, -0.5570898433182756015, 0.3440922889599603574 ) ) ;
#1768 = ORIENTED_EDGE ( 'NONE', *, *, #4285, .F. ) ;
#1769 = ORIENTED_EDGE ( 'NONE', *, *, #2932, .F. ) ;
#1770 = EDGE_CURVE ( 'NONE', #1089, #2654, #2271, .T. ) ;
#1771 = B_SPLINE_SURFACE_WITH_KNOTS ( 'NONE', 3, 1, ( 
 ( #3561, #3584 ),
 ( #686, #4361 ),
 ( #4392, #3208 ),
 ( #2894, #1071 ),
 ( #2513, #4711 ),
 ( #1424, #2463 ),
 ( #1050, #3940 ),
 ( #2534, #1373 ) ),
 .UNSPECIFIED., .F., .F., .F.,
 ( 4, 1, 1, 1, 1, 4 ),
 ( 2, 2 ),
 ( 0.000000000000000000, 0.09239413145188504761, 0.2927650588126481379, 0.3981225690435391540, 0.7245391928372308943, 1.000000000000000000 ),
 ( 0.000000000000000000, 1.000000000000000000 ),
 .UNSPECIFIED. ) ;
#1772 = CARTESIAN_POINT ( 'NONE',  ( 0.1336098895363898309, -0.5763141770085495885, 0.2843014370039332883 ) ) ;
#1773 = CARTESIAN_POINT ( 'NONE',  ( 0.000000000000000000, 0.000000000000000000, 0.000000000000000000 ) ) ;
#1774 = CARTESIAN_POINT ( 'NONE',  ( 0.000000000000000000, 0.000000000000000000, 0.000000000000000000 ) ) ;
#1775 = VERTEX_POINT ( 'NONE', #3127 ) ;
#1776 = CARTESIAN_POINT ( 'NONE',  ( 0.000000000000000000, 0.000000000000000000, 0.000000000000000000 ) ) ;
#1777 = EDGE_LOOP ( 'NONE', ( #2601, #419, #198, #2081 ) ) ;
#1778 = CARTESIAN_POINT ( 'NONE',  ( 0.3168450049810399571, -0.5751480959758970002, -0.001107648767848817004 ) ) ;
#1779 =( NAMED_UNIT ( * ) SI_UNIT ( $, .STERADIAN. ) SOLID_ANGLE_UNIT ( ) );
#1780 = CARTESIAN_POINT ( 'NONE',  ( 0.1802588763618060141, -0.5291503390633798265, -0.2190370579689295272 ) ) ;
#1781 = EDGE_CURVE ( 'NONE', #1039, #908, #12, .T. ) ;
#1782 = CARTESIAN_POINT ( 'NONE',  ( 0.000000000000000000, 0.000000000000000000, 0.000000000000000000 ) ) ;
#1783 = CARTESIAN_POINT ( 'NONE',  ( -0.2781056806023552985, -0.5268701665594059946, -0.07154878037658771173 ) ) ;
#1784 = CARTESIAN_POINT ( 'NONE',  ( -0.2715452160542106697, -0.5788433491993477675, 0.1501915532625324734 ) ) ;
#1785 = CARTESIAN_POINT ( 'NONE',  ( 0.01682119351551691205, -0.5246614642377031013, -0.2900545669597537901 ) ) ;
#1786 = DIRECTION ( 'NONE',  ( -0.000000000000000000, 1.000000000000000000, -0.000000000000000000 ) ) ;
#1787 = CARTESIAN_POINT ( 'NONE',  ( -0.2232227225169027829, -0.8895283427775345642, 0.3661417322834645272 ) ) ;
#1788 = CARTESIAN_POINT ( 'NONE',  ( 0.000000000000000000, 0.000000000000000000, 0.000000000000000000 ) ) ;
#1789 = CARTESIAN_POINT ( 'NONE',  ( 0.1622933983901359845, -0.5585565789419792981, -0.3066795127835619805 ) ) ;
#1790 = ORIENTED_EDGE ( 'NONE', *, *, #3306, .T. ) ;
#1791 = APPROVAL ( #3790, 'UNSPECIFIED' ) ;
#1792 = ORIENTED_EDGE ( 'NONE', *, *, #843, .T. ) ;
#1793 = CARTESIAN_POINT ( 'NONE',  ( 0.000000000000000000, -0.6153076169366386017, 0.2465919031868467060 ) ) ;
#1794 = CARTESIAN_POINT ( 'NONE',  ( 0.2646658263773765674, -0.5570898433182757126, 0.2251241295766136519 ) ) ;
#1795 = DIRECTION ( 'NONE',  ( 0.3452515744341048132, 0.8813413940020674575, 0.3225503023859444540 ) ) ;
#1796 = ORIENTED_EDGE ( 'NONE', *, *, #444, .T. ) ;
#1797 = VECTOR ( 'NONE', #930, 39.37007874015748854 ) ;
#1798 = EDGE_CURVE ( 'NONE', #2331, #1075, #4793, .T. ) ;
#1799 = DIRECTION ( 'NONE',  ( 0.8660254037844377084, -0.5000000000000012212, 0.000000000000000000 ) ) ;
#1800 = VERTEX_POINT ( 'NONE', #4653 ) ;
#1801 = ADVANCED_FACE ( 'NONE', ( #1018 ), #241, .F. ) ;
#1802 = AXIS2_PLACEMENT_3D ( 'NONE', #4234, #1302, #900 ) ;
#1803 = CARTESIAN_POINT ( 'NONE',  ( 0.1862947026148517593, -0.5246608535493827441, -0.2229561228692368280 ) ) ;
#1804 = CARTESIAN_POINT ( 'NONE',  ( -0.08811946407624049460, -0.5531022667475551380, -0.3432026530911960194 ) ) ;
#1805 = EDGE_CURVE ( 'NONE', #3495, #3271, #2504, .T. ) ;
#1806 = LINE ( 'NONE', #338, #3333 ) ;
#1807 = CARTESIAN_POINT ( 'NONE',  ( 0.000000000000000000, 0.000000000000000000, 0.000000000000000000 ) ) ;
#1808 = CARTESIAN_POINT ( 'NONE',  ( 0.05734023868539194629, -0.5785949642060880249, -0.3048340219125789119 ) ) ;
#1809 = PRODUCT_DEFINITION_FORMATION_WITH_SPECIFIED_SOURCE ( 'ANY', '', #4814, .NOT_KNOWN. ) ;
#1810 = B_SPLINE_SURFACE_WITH_KNOTS ( 'NONE', 3, 1, ( 
 ( #1755, #3173 ),
 ( #3125, #3853 ),
 ( #970, #2067 ),
 ( #157, #4224 ),
 ( #2116, #2476 ),
 ( #891, #1705 ),
 ( #3530, #3199 ),
 ( #233, #209 ) ),
 .UNSPECIFIED., .F., .F., .F.,
 ( 4, 1, 1, 1, 1, 4 ),
 ( 2, 2 ),
 ( 0.000000000000000000, 0.2754608071627706600, 0.6018774309564619562, 0.7072349411873528613, 0.9076058685481156463, 1.000000000000000000 ),
 ( 0.000000000000000000, 1.000000000000000000 ),
 .UNSPECIFIED. ) ;
#1811 = FACE_OUTER_BOUND ( 'NONE', #467, .T. ) ;
#1812 = CARTESIAN_POINT ( 'NONE',  ( -0.2779034426914473999, -0.5202702371058172126, -0.1055083269461778717 ) ) ;
#1813 = CARTESIAN_POINT ( 'NONE',  ( 0.09162977705959925168, -0.5585565789419792981, -0.3346572196713982761 ) ) ;
#1814 = CARTESIAN_POINT ( 'NONE',  ( -0.3289537814827863671, -0.5570898433182756015, -0.1118851331403001720 ) ) ;
#1815 = VERTEX_POINT ( 'NONE', #2404 ) ;
#1816 = ORIENTED_EDGE ( 'NONE', *, *, #127, .F. ) ;
#1817 = VECTOR ( 'NONE', #625, 39.37007874015748143 ) ;
#1818 = CARTESIAN_POINT ( 'NONE',  ( -0.2841843115116191587, -0.5117481726913168938, 0.1246212245591897250 ) ) ;
#1819 = CARTESIAN_POINT ( 'NONE',  ( 0.2290985726238032039, -0.5763144579382279975, 0.2149242837758621183 ) ) ;
#1820 = ORIENTED_EDGE ( 'NONE', *, *, #3405, .F. ) ;
#1821 = CARTESIAN_POINT ( 'NONE',  ( 0.1214401588672081173, -0.5291503390633799375, 0.2563645511477984917 ) ) ;
#1822 = EDGE_LOOP ( 'NONE', ( #4450, #3675, #1594, #2132 ) ) ;
#1823 = COORDINATED_UNIVERSAL_TIME_OFFSET ( 5, 0, .BEHIND. ) ;
#1824 = FACE_OUTER_BOUND ( 'NONE', #1563, .T. ) ;
#1825 = B_SPLINE_CURVE_WITH_KNOTS ( 'NONE', 3,
 ( #1072, #3636, #2514, #3283, #1812, #4413, #343, #4712 ),
 .UNSPECIFIED., .F., .F.,
 ( 4, 2, 2, 4 ),
 ( 0.0001657239593221527477, 0.0008120922820787034296, 0.001135276443456980939, 0.001458460604835258665 ),
 .UNSPECIFIED. ) ;
#1826 = ORIENTED_EDGE ( 'NONE', *, *, #2390, .F. ) ;
#1827 = DIRECTION ( 'NONE',  ( 0.000000000000000000, 0.000000000000000000, 1.000000000000000000 ) ) ;
#1828 = EDGE_CURVE ( 'NONE', #16, #4821, #1761, .T. ) ;
#1829 = PERSON ( 'UNSPECIFIED', 'UNSPECIFIED', 'UNSPECIFIED', ('UNSPECIFIED'), ('UNSPECIFIED'), ('UNSPECIFIED') ) ;
#1830 = DIRECTION ( 'NONE',  ( 0.1471564677152251976, -0.8813413940020674575, -0.4489791991040011920 ) ) ;
#1831 = ORIENTED_EDGE ( 'NONE', *, *, #4362, .T. ) ;
#1832 = CARTESIAN_POINT ( 'NONE',  ( -0.03269471871950584835, -0.5785182336645522394, -0.3086490392390321413 ) ) ;
#1833 = CARTESIAN_POINT ( 'NONE',  ( 0.3002363557441575792, -0.5785949642060881359, 0.07790901473747388617 ) ) ;
#1834 = CARTESIAN_POINT ( 'NONE',  ( 0.2998156311398357254, -0.5711492529229237336, 0.1227596677385546925 ) ) ;
#1835 = CARTESIAN_POINT ( 'NONE',  ( -0.2486139378774989139, -0.5036595598776049121, 0.2056713361837976262 ) ) ;
#1836 = CARTESIAN_POINT ( 'NONE',  ( 0.2779075845970129244, -0.5202677472389239943, -0.1055081549918987227 ) ) ;
#1837 = CARTESIAN_POINT ( 'NONE',  ( -0.1984137474906281784, -0.5788433491993477675, 0.2385923130364120959 ) ) ;
#1838 = ORIENTED_EDGE ( 'NONE', *, *, #1257, .T. ) ;
#1839 = VERTEX_POINT ( 'NONE', #4761 ) ;
#1840 = CARTESIAN_POINT ( 'NONE',  ( -0.01582771871194669361, -0.5697155349887014220, -0.3251781446349772953 ) ) ;
#1841 = DIRECTION ( 'NONE',  ( 0.000000000000000000, 0.000000000000000000, -1.000000000000000000 ) ) ;
#1842 = CARTESIAN_POINT ( 'NONE',  ( -0.1714515579241626952, -0.5291561317255569774, -0.2262736603366561627 ) ) ;
#1843 = ORIENTED_EDGE ( 'NONE', *, *, #1077, .F. ) ;
#1844 = COORDINATED_UNIVERSAL_TIME_OFFSET ( 5, 0, .BEHIND. ) ;
#1845 = CYLINDRICAL_SURFACE ( 'NONE', #1407, 0.08202099737532810020 ) ;
#1846 = ORIENTED_EDGE ( 'NONE', *, *, #2028, .F. ) ;
#1847 = ORIENTED_EDGE ( 'NONE', *, *, #3618, .F. ) ;
#1848 = B_SPLINE_SURFACE_WITH_KNOTS ( 'NONE', 3, 1, ( 
 ( #1600, #2040 ),
 ( #523, #888 ),
 ( #2375, #2400 ),
 ( #2324, #473 ) ),
 .UNSPECIFIED., .F., .F., .F.,
 ( 4, 4 ),
 ( 2, 2 ),
 ( 0.000000000000000000, 1.000000000000000000 ),
 ( 0.000000000000000000, 1.000000000000000000 ),
 .UNSPECIFIED. ) ;
#1849 = CARTESIAN_POINT ( 'NONE',  ( 0.000000000000000000, 0.000000000000000000, 0.000000000000000000 ) ) ;
#1850 = CC_DESIGN_PERSON_AND_ORGANIZATION_ASSIGNMENT ( #4219, #1259, ( #1809 ) ) ;
#1851 = CARTESIAN_POINT ( 'NONE',  ( 0.03536115450467854082, -0.5076457267943589313, 0.3146124040100722885 ) ) ;
#1852 = CARTESIAN_POINT ( 'NONE',  ( 0.2815266407504324331, -0.5291503390633798265, 0.03483167837876827849 ) ) ;
#1853 = CARTESIAN_POINT ( 'NONE',  ( -0.2266554410257596852, -0.5785949642060881359, -0.2117522017390013056 ) ) ;
#1854 = ORIENTED_EDGE ( 'NONE', *, *, #576, .T. ) ;
#1855 = EDGE_CURVE ( 'NONE', #586, #1688, #1510, .T. ) ;
#1856 = CARTESIAN_POINT ( 'NONE',  ( 0.000000000000000000, 0.000000000000000000, 0.000000000000000000 ) ) ;
#1857 = CARTESIAN_POINT ( 'NONE',  ( -0.01988002310837694644, -0.5763141770085491444, 0.3135023035730966079 ) ) ;
#1858 = EDGE_CURVE ( 'NONE', #2705, #2955, #4406, .T. ) ;
#1859 = CARTESIAN_POINT ( 'NONE',  ( 0.000000000000000000, 0.000000000000000000, 0.000000000000000000 ) ) ;
#1860 = DIRECTION ( 'NONE',  ( -1.000000000000000000, 0.000000000000000000, -0.000000000000000000 ) ) ;
#1861 = CARTESIAN_POINT ( 'NONE',  ( 0.1324097746746734083, -0.5779555199654423658, -0.2823736111009357841 ) ) ;
#1862 = ORIENTED_EDGE ( 'NONE', *, *, #2544, .T. ) ;
#1863 = CARTESIAN_POINT ( 'NONE',  ( 0.2276363922715104182, -0.5779555199654423658, -0.2131874236187287219 ) ) ;
#1864 = CARTESIAN_POINT ( 'NONE',  ( -0.3348212498032306361, -0.5650778416537697302, -0.009048030245661012674 ) ) ;
#1865 = CARTESIAN_POINT ( 'NONE',  ( 0.1187791326502428690, -0.5036595598781937744, 0.3000018437971422869 ) ) ;
#1866 = ORIENTED_EDGE ( 'NONE', *, *, #3589, .F. ) ;
#1867 = EDGE_CURVE ( 'NONE', #3358, #3761, #814, .T. ) ;
#1868 = CARTESIAN_POINT ( 'NONE',  ( -0.3204996749489923968, -0.5675532765349016184, 0.07566516258105861203 ) ) ;
#1869 = EDGE_LOOP ( 'NONE', ( #471, #443, #3968, #4004 ) ) ;
#1870 = APPROVAL_STATUS ( 'not_yet_approved' ) ;
#1871 = VECTOR ( 'NONE', #102, 39.37007874015748143 ) ;
#1872 = CARTESIAN_POINT ( 'NONE',  ( -0.7420587615486897715, -0.2717275222360906461, 0.2086614173228346636 ) ) ;
#1873 = LINE ( 'NONE', #1134, #1016 ) ;
#1874 = CARTESIAN_POINT ( 'NONE',  ( 0.2379938119828261811, -0.5202677472389242164, 0.1781110378506160219 ) ) ;
#1875 = VECTOR ( 'NONE', #2388, 39.37007874015748854 ) ;
#1876 = CARTESIAN_POINT ( 'NONE',  ( -0.01869028021612657853, -0.5788433491993477675, 0.3097498675686281566 ) ) ;
#1877 = CARTESIAN_POINT ( 'NONE',  ( -0.08280077707949505539, -0.2894216745996738838, 0.1312158834644905903 ) ) ;
#1878 = CARTESIAN_POINT ( 'NONE',  ( 0.000000000000000000, 0.000000000000000000, 0.000000000000000000 ) ) ;
#1879 = SECURITY_CLASSIFICATION ( '', '', #2804 ) ;
#1880 = CARTESIAN_POINT ( 'NONE',  ( 0.1513848585353133602, -0.5291503390633799375, 0.2399023131967429334 ) ) ;
#1881 = B_SPLINE_CURVE_WITH_KNOTS ( 'NONE', 1,
 ( #1835, #1002 ),
 .UNSPECIFIED., .F., .F.,
 ( 2, 2 ),
 ( 2.325202131506562200E-05, 0.001514701155316571912 ),
 .UNSPECIFIED. ) ;
#1882 = ORIENTED_EDGE ( 'NONE', *, *, #2559, .T. ) ;
#1883 = ORIENTED_EDGE ( 'NONE', *, *, #4377, .F. ) ;
#1884 = B_SPLINE_SURFACE_WITH_KNOTS ( 'NONE', 3, 1, ( 
 ( #4269, #3090 ),
 ( #4587, #3842 ),
 ( #1332, #1307 ),
 ( #985, #4242 ),
 ( #2058, #2825 ),
 ( #516, #2007 ),
 ( #960, #906 ),
 ( #1254, #3470 ) ),
 .UNSPECIFIED., .F., .F., .F.,
 ( 4, 1, 1, 1, 1, 4 ),
 ( 2, 2 ),
 ( 0.000000000000000000, 0.2754608071627706600, 0.6018774309564619562, 0.7072349411873528613, 0.9076058685481156463, 1.000000000000000000 ),
 ( 0.000000000000000000, 1.000000000000000000 ),
 .UNSPECIFIED. ) ;
#1885 = CARTESIAN_POINT ( 'NONE',  ( 0.000000000000000000, 0.000000000000000000, 0.000000000000000000 ) ) ;
#1886 = EDGE_CURVE ( 'NONE', #2181, #4774, #1043, .T. ) ;
#1887 = CARTESIAN_POINT ( 'NONE',  ( -0.3220234790102127764, -0.5036595598787235728, -0.02026000002979158263 ) ) ;
#1888 = CARTESIAN_POINT ( 'NONE',  ( 0.000000000000000000, 0.000000000000000000, 0.000000000000000000 ) ) ;
#1889 = EDGE_LOOP ( 'NONE', ( #4685, #4118, #3238, #3389, #3695, #3741, #2604, #3131, #115, #3537, #199, #3395, #1430, #140, #3722, #1084, #1820, #3400, #2467, #1890, #3351, #691, #2678, #3023, #2364, #151, #963, #2272, #1843, #1768, #3926, #457, #4081, #3462, #736, #1180, #3286, #3918, #4512, #2844, #3104 ) ) ;
#1890 = ORIENTED_EDGE ( 'NONE', *, *, #2571, .F. ) ;
#1891 = AXIS2_PLACEMENT_3D ( 'NONE', #70, #1493, #1860 ) ;
#1892 = AXIS2_PLACEMENT_3D ( 'NONE', #944, #2783, #609 ) ;
#1893 = CARTESIAN_POINT ( 'NONE',  ( -0.09334061570033479194, -0.5611936780632693633, -0.3272912051939876887 ) ) ;
#1894 = ORIENTED_EDGE ( 'NONE', *, *, #2912, .F. ) ;
#1895 = PERSON_AND_ORGANIZATION ( #1829, #4201 ) ;
#1896 = LINE ( 'NONE', #1872, #92 ) ;
#1897 = CARTESIAN_POINT ( 'NONE',  ( 0.000000000000000000, -0.5500429158690484099, -7.145865345558474959E-17 ) ) ;
#1898 = DIRECTION ( 'NONE',  ( 0.3435923487708234525, 0.8813413940020675685, -0.3243171982560298372 ) ) ;
#1899 = CARTESIAN_POINT ( 'NONE',  ( 0.000000000000000000, 0.000000000000000000, 0.000000000000000000 ) ) ;
#1900 = CARTESIAN_POINT ( 'NONE',  ( 0.000000000000000000, 0.000000000000000000, 0.000000000000000000 ) ) ;
#1901 = CARTESIAN_POINT ( 'NONE',  ( -0.2170031198333702560, -0.5786007325225112075, 0.2219695802974173127 ) ) ;
#1902 = CARTESIAN_POINT ( 'NONE',  ( 0.1674672200895488683, -0.5779555199654423658, -0.2631006173901134226 ) ) ;
#1903 = CARTESIAN_POINT ( 'NONE',  ( 0.000000000000000000, 0.000000000000000000, 0.000000000000000000 ) ) ;
#1904 = ORIENTED_EDGE ( 'NONE', *, *, #3957, .T. ) ;
#1905 = ORIENTED_EDGE ( 'NONE', *, *, #1946, .F. ) ;
#1906 = CARTESIAN_POINT ( 'NONE',  ( 0.2781058832562283700, -0.5268700205389786895, -0.07154888969892787831 ) ) ;
#1907 = CARTESIAN_POINT ( 'NONE',  ( -0.3118766222839190472, -0.5779555199654424769, 0.0004208899546544952954 ) ) ;
#1908 = LINE ( 'NONE', #4487, #2657 ) ;
#1909 = VERTEX_POINT ( 'NONE', #654 ) ;
#1910 = CARTESIAN_POINT ( 'NONE',  ( -0.2035905193848538686, -0.5711492529229237336, 0.2520123987339984994 ) ) ;
#1911 = CARTESIAN_POINT ( 'NONE',  ( 0.1818442083348691396, -0.5675494520111811214, 0.2745583772078627471 ) ) ;
#1912 = ADVANCED_FACE ( 'NONE', ( #2806 ), #1728, .F. ) ;
#1913 = ORIENTED_EDGE ( 'NONE', *, *, #928, .T. ) ;
#1914 = DATE_AND_TIME ( #1152, #1646 ) ;
#1915 = EDGE_CURVE ( 'NONE', #3363, #4402, #657, .T. ) ;
#1916 = B_SPLINE_CURVE_WITH_KNOTS ( 'NONE', 1,
 ( #2366, #2318 ),
 .UNSPECIFIED., .F., .F.,
 ( 2, 2 ),
 ( 2.325202133283688145E-05, 0.001514701155316566057 ),
 .UNSPECIFIED. ) ;
#1917 = B_SPLINE_CURVE_WITH_KNOTS ( 'NONE', 1,
 ( #3069, #2251 ),
 .UNSPECIFIED., .F., .F.,
 ( 2, 2 ),
 ( 2.325202133283668494E-05, 0.001514701155316575381 ),
 .UNSPECIFIED. ) ;
#1918 = CARTESIAN_POINT ( 'NONE',  ( 0.01199342419980547157, -0.5650778416537696192, -0.3347286870692253724 ) ) ;
#1919 = CARTESIAN_POINT ( 'NONE',  ( -0.2127695250633641622, -0.5246608535493823000, 0.1978491297720286479 ) ) ;
#1920 = CARTESIAN_POINT ( 'NONE',  ( 0.05584136100245067069, -0.5246608535493830772, -0.2851260972773836389 ) ) ;
#1921 = CARTESIAN_POINT ( 'NONE',  ( 0.000000000000000000, 0.000000000000000000, 0.000000000000000000 ) ) ;
#1922 = ADVANCED_FACE ( 'NONE', ( #2090 ), #2500, .F. ) ;
#1923 = CARTESIAN_POINT ( 'NONE',  ( 0.08696754562765866836, -0.5291503390633799375, 0.2700132242657867221 ) ) ;
#1924 = CARTESIAN_POINT ( 'NONE',  ( -0.2232227225169027829, -0.8895283427775345642, 0.3661417322834645272 ) ) ;
#1925 = CARTESIAN_POINT ( 'NONE',  ( 0.3179564384166320146, -0.5741050682364789992, -0.001568763842434149711 ) ) ;
#1926 = ORIENTED_EDGE ( 'NONE', *, *, #1106, .F. ) ;
#1927 = VERTEX_POINT ( 'NONE', #4758 ) ;
#1928 = B_SPLINE_CURVE_WITH_KNOTS ( 'NONE', 3,
 ( #2797, #3164, #222, #4295 ),
 .UNSPECIFIED., .F., .F.,
 ( 4, 4 ),
 ( 2.168404344971008868E-19, 0.0008684883343403528716 ),
 .UNSPECIFIED. ) ;
#1929 = CARTESIAN_POINT ( 'NONE',  ( -0.1227498319096141238, -0.5202702371058175457, 0.2707301410646802409 ) ) ;
#1930 = CARTESIAN_POINT ( 'NONE',  ( 0.3163865223698820728, -0.5570908895713220232, 0.1436217062912235332 ) ) ;
#1931 = CC_DESIGN_DATE_AND_TIME_ASSIGNMENT ( #988, #4301, ( #1879 ) ) ;
#1932 = CARTESIAN_POINT ( 'NONE',  ( -0.2505800078945585319, -0.5788433491993476565, -0.1830408879920088494 ) ) ;
#1933 = ORIENTED_EDGE ( 'NONE', *, *, #359, .T. ) ;
#1934 = ORIENTED_EDGE ( 'NONE', *, *, #4267, .T. ) ;
#1935 = LINE ( 'NONE', #1595, #951 ) ;
#1936 = CARTESIAN_POINT ( 'NONE',  ( 0.000000000000000000, 0.000000000000000000, 0.000000000000000000 ) ) ;
#1937 = ORIENTED_EDGE ( 'NONE', *, *, #859, .T. ) ;
#1938 = B_SPLINE_CURVE_WITH_KNOTS ( 'NONE', 3,
 ( #535, #2335, #3861, #142 ),
 .UNSPECIFIED., .F., .F.,
 ( 4, 4 ),
 ( 0.000000000000000000, 0.0009496860142668346084 ),
 .UNSPECIFIED. ) ;
#1939 = CALENDAR_DATE ( 2026, 5, 4 ) ;
#1940 = ADVANCED_FACE ( 'NONE', ( #1412 ), #2579, .F. ) ;
#1941 = CARTESIAN_POINT ( 'NONE',  ( 0.05734023868539194629, -0.5785949642060880249, -0.3048340219125789119 ) ) ;
#1942 = FACE_OUTER_BOUND ( 'NONE', #2005, .T. ) ;
#1943 = CARTESIAN_POINT ( 'NONE',  ( -0.2356185233745664298, -0.5675532765349017295, -0.2300634041163800991 ) ) ;
#1944 = CARTESIAN_POINT ( 'NONE',  ( -0.1187791326502473238, -0.5036595598781938854, 0.3000018437971406216 ) ) ;
#1945 = CARTESIAN_POINT ( 'NONE',  ( 0.000000000000000000, 0.000000000000000000, 0.000000000000000000 ) ) ;
#1946 = EDGE_CURVE ( 'NONE', #324, #2997, #3602, .T. ) ;
#1947 = CARTESIAN_POINT ( 'NONE',  ( -0.2049275830428258227, -0.5675494520111776797, 0.2577873237926552874 ) ) ;
#1948 = CARTESIAN_POINT ( 'NONE',  ( 0.3536355315669385546, -0.5531022667475551380, -0.02224886179759788182 ) ) ;
#1949 = VERTEX_POINT ( 'NONE', #1720 ) ;
#1950 = ORIENTED_EDGE ( 'NONE', *, *, #2983, .T. ) ;
#1951 = VECTOR ( 'NONE', #3340, 39.37007874015747433 ) ;
#1952 = B_SPLINE_SURFACE_WITH_KNOTS ( 'NONE', 3, 1, ( 
 ( #1355, #4317 ),
 ( #1375, #978 ),
 ( #3965, #640 ),
 ( #2128, #3586 ) ),
 .UNSPECIFIED., .F., .F., .F.,
 ( 4, 4 ),
 ( 2, 2 ),
 ( 0.000000000000000000, 1.000000000000000000 ),
 ( 0.000000000000000000, 1.000000000000000000 ),
 .UNSPECIFIED. ) ;
#1953 = CARTESIAN_POINT ( 'NONE',  ( 0.3007611365506907553, -0.5788433491993477675, -0.07640056134660858089 ) ) ;
#1954 = LINE ( 'NONE', #4510, #3643 ) ;
#1955 = CARTESIAN_POINT ( 'NONE',  ( -0.1343803057195448458, -0.5675494520111780128, 0.3006518784818670298 ) ) ;
#1956 = EDGE_LOOP ( 'NONE', ( #3424, #1244, #3044, #1371 ) ) ;
#1957 = EDGE_LOOP ( 'NONE', ( #921, #778, #3976, #1687 ) ) ;
#1958 = APPROVAL_PERSON_ORGANIZATION ( #3169, #3337, #4271 ) ;
#1959 = CARTESIAN_POINT ( 'NONE',  ( -0.1984137474908626297, -0.5788433491990536695, 0.2385923130368905465 ) ) ;
#1960 = CARTESIAN_POINT ( 'NONE',  ( -0.09660727585226926151, -0.5785949642060880249, -0.2947519603671872046 ) ) ;
#1961 = ORIENTED_EDGE ( 'NONE', *, *, #836, .T. ) ;
#1962 = PERSON_AND_ORGANIZATION ( #1829, #4201 ) ;
#1963 = CIRCLE ( 'NONE', #1505, 0.08202099737532810020 ) ;
#1964 = CARTESIAN_POINT ( 'NONE',  ( 0.000000000000000000, 0.000000000000000000, 0.000000000000000000 ) ) ;
#1965 = CARTESIAN_POINT ( 'NONE',  ( 0.000000000000000000, 0.000000000000000000, 0.000000000000000000 ) ) ;
#1966 = CARTESIAN_POINT ( 'NONE',  ( 0.000000000000000000, 0.000000000000000000, 0.000000000000000000 ) ) ;
#1967 = EDGE_CURVE ( 'NONE', #4026, #2899, #299, .T. ) ;
#1968 = CARTESIAN_POINT ( 'NONE',  ( 0.000000000000000000, 0.000000000000000000, 0.000000000000000000 ) ) ;
#1969 = CARTESIAN_POINT ( 'NONE',  ( 0.000000000000000000, -0.5500429158690485210, 0.3596336813767053164 ) ) ;
#1970 = CARTESIAN_POINT ( 'NONE',  ( 0.1422202971770937241, -0.5117476724477670880, -0.2757988912964450257 ) ) ;
#1971 = CARTESIAN_POINT ( 'NONE',  ( 0.000000000000000000, 0.000000000000000000, 0.000000000000000000 ) ) ;
#1972 = VERTEX_POINT ( 'NONE', #1330 ) ;
#1973 = CARTESIAN_POINT ( 'NONE',  ( 0.1554427248700439579, -0.5036595598781937744, -0.2827492668775729578 ) ) ;
#1974 = CARTESIAN_POINT ( 'NONE',  ( -0.3101423179501179850, -0.5076451741082099733, 0.06358968913771886888 ) ) ;
#1975 = CARTESIAN_POINT ( 'NONE',  ( -0.2581542584009002272, -0.5741050682364793323, -0.1856209487640447520 ) ) ;
#1976 = DIRECTION ( 'NONE',  ( -0.8660254037844379305, 0.5000000000000013323, 0.000000000000000000 ) ) ;
#1977 = B_SPLINE_CURVE_WITH_KNOTS ( 'NONE', 3,
 ( #4207, #2126, #1025, #242, #216, #1785, #3180, #3914 ),
 .UNSPECIFIED., .F., .F.,
 ( 4, 2, 2, 4 ),
 ( 0.0001657239593221451041, 0.0008120922820786960570, 0.001135276443456972699, 0.001458460604835249558 ),
 .UNSPECIFIED. ) ;
#1978 = VERTEX_POINT ( 'NONE', #3544 ) ;
#1979 = ORIENTED_EDGE ( 'NONE', *, *, #3922, .T. ) ;
#1980 = FACE_OUTER_BOUND ( 'NONE', #300, .T. ) ;
#1981 = CARTESIAN_POINT ( 'NONE',  ( -0.1327877149192188966, -0.5785949642060882470, 0.2803196508531437536 ) ) ;
#1982 = CARTESIAN_POINT ( 'NONE',  ( 0.1622175940185067444, -0.5291561317255569774, -0.2329825278161817281 ) ) ;
#1983 = EDGE_LOOP ( 'NONE', ( #4090, #2769 ) ) ;
#1984 = B_SPLINE_CURVE_WITH_KNOTS ( 'NONE', 3,
 ( #1136, #2618, #2430, #136 ),
 .UNSPECIFIED., .F., .F.,
 ( 4, 4 ),
 ( 0.000000000000000000, 0.0008684883343403534137 ),
 .UNSPECIFIED. ) ;
#1985 = EDGE_CURVE ( 'NONE', #456, #190, #1928, .T. ) ;
#1986 = SHAPE_DEFINITION_REPRESENTATION ( #4049, #3489 ) ;
#1987 = CARTESIAN_POINT ( 'NONE',  ( 0.2431121506693822154, -0.5786007325225112075, -0.1930215811554121808 ) ) ;
#1988 = CARTESIAN_POINT ( 'NONE',  ( -0.2092369778460710372, -0.5268701665594059946, -0.1966771076117381223 ) ) ;
#1989 = FACE_OUTER_BOUND ( 'NONE', #2032, .T. ) ;
#1990 = ADVANCED_FACE ( 'NONE', ( #2445 ), #2267, .F. ) ;
#1991 = B_SPLINE_SURFACE_WITH_KNOTS ( 'NONE', 3, 1, ( 
 ( #4792, #4013 ),
 ( #3299, #3663 ),
 ( #2533, #340 ),
 ( #4813, #1466 ),
 ( #4767, #4390 ),
 ( #1022, #1760 ),
 ( #4032, #2124 ),
 ( #1000, #707 ) ),
 .UNSPECIFIED., .F., .F., .F.,
 ( 4, 1, 1, 1, 1, 4 ),
 ( 2, 2 ),
 ( 0.000000000000000000, 0.09239413145188504761, 0.2927650588126481379, 0.3981225690435391540, 0.7245391928372308943, 1.000000000000000000 ),
 ( 0.000000000000000000, 1.000000000000000000 ),
 .UNSPECIFIED. ) ;
#1992 = DIRECTION ( 'NONE',  ( -0.7424458707374884670, 0.6699060598508216335, 0.000000000000000000 ) ) ;
#1993 = CARTESIAN_POINT ( 'NONE',  ( -0.009345140108063289264, -0.2894216745996738838, 0.1548749337843140783 ) ) ;
#1994 = CARTESIAN_POINT ( 'NONE',  ( -0.08512319803067161517, -0.5117476724477673100, -0.2984052320696141680 ) ) ;
#1995 = DESIGN_CONTEXT ( 'detailed design', #766, 'design' ) ;
#1996 = CARTESIAN_POINT ( 'NONE',  ( -0.09509392744337202830, -0.5785949642060882470, 0.2952436770725003767 ) ) ;
#1997 = ADVANCED_FACE ( 'NONE', ( #1980 ), #3655, .F. ) ;
#1998 = CARTESIAN_POINT ( 'NONE',  ( 0.000000000000000000, 0.000000000000000000, 0.000000000000000000 ) ) ;
#1999 = VERTEX_POINT ( 'NONE', #3469 ) ;
#2000 = ORIENTED_EDGE ( 'NONE', *, *, #2571, .T. ) ;
#2001 = EDGE_CURVE ( 'NONE', #462, #34, #201, .T. ) ;
#2002 = CARTESIAN_POINT ( 'NONE',  ( -0.3169449763787201557, -0.5036595598787236838, 0.06046048778616230912 ) ) ;
#2003 = DIRECTION ( 'NONE',  ( -0.8660254037844379305, 0.5000000000000012212, 0.000000000000000000 ) ) ;
#2004 = CARTESIAN_POINT ( 'NONE',  ( -0.01139595474640516665, -0.5291532355818167055, 0.2834970945377087159 ) ) ;
#2005 = EDGE_LOOP ( 'NONE', ( #3521, #3598, #3472, #2230 ) ) ;
#2006 = CARTESIAN_POINT ( 'NONE',  ( 0.000000000000000000, 0.000000000000000000, 0.000000000000000000 ) ) ;
#2007 = CARTESIAN_POINT ( 'NONE',  ( -0.09685705454352208643, -0.5751480959758970002, -0.3016797889358539542 ) ) ;
#2008 = CARTESIAN_POINT ( 'NONE',  ( -0.2525608804841320554, -0.5779555199654424769, 0.1829759719871987822 ) ) ;
#2009 = ADVANCED_FACE ( 'NONE', ( #1279 ), #1024, .F. ) ;
#2010 = ORIENTED_EDGE ( 'NONE', *, *, #2853, .T. ) ;
#2011 = PERSON_AND_ORGANIZATION ( #1829, #4201 ) ;
#2012 = CARTESIAN_POINT ( 'NONE',  ( -0.1813801642615815723, -0.5291503390633799375, 0.2181094479460865265 ) ) ;
#2013 = VERTEX_POINT ( 'NONE', #3645 ) ;
#2014 = CARTESIAN_POINT ( 'NONE',  ( 0.04361749896472229965, -0.5533416366082754001, 0.3542007669849133178 ) ) ;
#2015 = CARTESIAN_POINT ( 'NONE',  ( 0.01868226010994074662, -0.5785949642060882470, 0.3096169521280782710 ) ) ;
#2016 = CARTESIAN_POINT ( 'NONE',  ( 0.000000000000000000, 0.000000000000000000, 0.000000000000000000 ) ) ;
#2017 = CARTESIAN_POINT ( 'NONE',  ( 0.2724309963356771336, -0.5036595598781936634, -0.1728899675237963451 ) ) ;
#2018 = CARTESIAN_POINT ( 'NONE',  ( 0.000000000000000000, 0.000000000000000000, 0.000000000000000000 ) ) ;
#2019 = DIRECTION ( 'NONE',  ( 0.000000000000000000, -0.000000000000000000, 1.000000000000000000 ) ) ;
#2020 = CARTESIAN_POINT ( 'NONE',  ( 0.2903467056375048649, 0.000000000000000000, -0.3622047244094488416 ) ) ;
#2021 = EDGE_LOOP ( 'NONE', ( #4438, #3429, #4543, #1127 ) ) ;
#2022 = CARTESIAN_POINT ( 'NONE',  ( 0.06553805427427740471, -0.5697155349887014220, -0.3188982688410404998 ) ) ;
#2023 = CARTESIAN_POINT ( 'NONE',  ( 0.000000000000000000, 0.000000000000000000, 0.000000000000000000 ) ) ;
#2024 = CARTESIAN_POINT ( 'NONE',  ( -0.2504724825793623322, -0.5785949642060880249, -0.1829623440996189510 ) ) ;
#2025 = CARTESIAN_POINT ( 'NONE',  ( 0.000000000000000000, 0.000000000000000000, 0.000000000000000000 ) ) ;
#2026 = ORIENTED_EDGE ( 'NONE', *, *, #534, .T. ) ;
#2027 = ORIENTED_EDGE ( 'NONE', *, *, #4197, .F. ) ;
#2028 = EDGE_CURVE ( 'NONE', #1463, #329, #1453, .T. ) ;
#2029 = EDGE_CURVE ( 'NONE', #5, #619, #3019, .T. ) ;
#2030 = CARTESIAN_POINT ( 'NONE',  ( 0.2708366251280495129, -0.5585565789419794092, 0.2168847463779566831 ) ) ;
#2031 = CARTESIAN_POINT ( 'NONE',  ( -0.1327877149192188966, -0.5785949642060882470, 0.2803196508531437536 ) ) ;
#2032 = EDGE_LOOP ( 'NONE', ( #1328, #1816, #2389, #1173 ) ) ;
#2033 = APPROVAL_PERSON_ORGANIZATION ( #3050, #3641, #909 ) ;
#2034 = DATE_TIME_ROLE ( 'classification_date' ) ;
#2035 = B_SPLINE_CURVE_WITH_KNOTS ( 'NONE', 3,
 ( #3596, #1988, #3974, #4248, #2135, #2684, #650, #838 ),
 .UNSPECIFIED., .F., .F.,
 ( 4, 2, 2, 4 ),
 ( 1.410788674285597423E-14, 0.0003227673804012477820, 0.0006455347607883876000, 0.001291069521562671898 ),
 .UNSPECIFIED. ) ;
#2036 = CARTESIAN_POINT ( 'NONE',  ( -0.1560929653515317761, -0.5181052167782335127, -0.2568618502580956031 ) ) ;
#2037 = ORIENTED_EDGE ( 'NONE', *, *, #2544, .F. ) ;
#2038 = CARTESIAN_POINT ( 'NONE',  ( 0.000000000000000000, 0.000000000000000000, 0.000000000000000000 ) ) ;
#2039 = DIRECTION ( 'NONE',  ( 0.000000000000000000, 0.000000000000000000, 1.000000000000000000 ) ) ;
#2040 = CARTESIAN_POINT ( 'NONE',  ( -0.3007611365506895895, -0.5788433491993477675, -0.07640056134661278586 ) ) ;
#2041 = B_SPLINE_CURVE_WITH_KNOTS ( 'NONE', 1,
 ( #938, #885 ),
 .UNSPECIFIED., .F., .F.,
 ( 2, 2 ),
 ( 2.325202133283208047E-05, 0.001514701155316577766 ),
 .UNSPECIFIED. ) ;
#2042 = CARTESIAN_POINT ( 'NONE',  ( 0.000000000000000000, 0.000000000000000000, 0.000000000000000000 ) ) ;
#2043 = DIRECTION ( 'NONE',  ( -0.4388532101541746111, -0.8813413940020674575, -0.1750577252104806858 ) ) ;
#2044 = CARTESIAN_POINT ( 'NONE',  ( 0.2256630033216304176, -0.5788433491990536695, 0.2130035585747881433 ) ) ;
#2045 = CIRCLE ( 'NONE', #165, 0.08202099737532810020 ) ;
#2046 = B_SPLINE_CURVE_WITH_KNOTS ( 'NONE', 3,
 ( #3944, #4691, #4339, #3542 ),
 .UNSPECIFIED., .F., .F.,
 ( 4, 4 ),
 ( 0.0004747913342946652069, 0.0009496860142668340663 ),
 .UNSPECIFIED. ) ;
#2047 = CARTESIAN_POINT ( 'NONE',  ( -0.2063396094775328538, -0.5117481726913166717, -0.2317652650433715267 ) ) ;
#2048 = CARTESIAN_POINT ( 'NONE',  ( 0.000000000000000000, 0.000000000000000000, 0.000000000000000000 ) ) ;
#2049 = CARTESIAN_POINT ( 'NONE',  ( 0.1862223848334938481, -0.5202677472389239943, 0.2317020063211937819 ) ) ;
#2050 = ORIENTED_EDGE ( 'NONE', *, *, #4350, .F. ) ;
#2051 = CARTESIAN_POINT ( 'NONE',  ( -0.1829370036070116223, -0.5268700205389788005, 0.2213508044488758097 ) ) ;
#2052 = CARTESIAN_POINT ( 'NONE',  ( 0.1289507794703814714, -0.5510269468160308159, 0.3375607931887138480 ) ) ;
#2053 = DIRECTION ( 'NONE',  ( 0.4999999999999995559, 0.8660254037844389297, -0.000000000000000000 ) ) ;
#2054 = CARTESIAN_POINT ( 'NONE',  ( 0.000000000000000000, 0.000000000000000000, 0.000000000000000000 ) ) ;
#2055 = VERTEX_POINT ( 'NONE', #2202 ) ;
#2056 = CARTESIAN_POINT ( 'NONE',  ( 0.000000000000000000, 0.000000000000000000, 0.000000000000000000 ) ) ;
#2057 = EDGE_CURVE ( 'NONE', #4340, #4154, #2965, .T. ) ;
#2058 = CARTESIAN_POINT ( 'NONE',  ( 0.000000000000000000, 0.000000000000000000, 0.000000000000000000 ) ) ;
#2059 = CARTESIAN_POINT ( 'NONE',  ( -0.1036918503337689174, -0.5711492529229238446, 0.3069321567926983629 ) ) ;
#2060 = ORIENTED_EDGE ( 'NONE', *, *, #2892, .F. ) ;
#2061 = EDGE_CURVE ( 'NONE', #1744, #4024, #4241, .T. ) ;
#2062 = PERSON_AND_ORGANIZATION ( #1829, #4201 ) ;
#2063 = EDGE_CURVE ( 'NONE', #3712, #1055, #1359, .T. ) ;
#2064 = CARTESIAN_POINT ( 'NONE',  ( 0.000000000000000000, 0.000000000000000000, 0.000000000000000000 ) ) ;
#2065 = EDGE_CURVE ( 'NONE', #2952, #1039, #1467, .T. ) ;
#2066 = DIRECTION ( 'NONE',  ( 0.000000000000000000, 0.000000000000000000, 1.000000000000000000 ) ) ;
#2067 = CARTESIAN_POINT ( 'NONE',  ( -0.3115598121669015952, -0.5585565789419794092, 0.1527152715503832248 ) ) ;
#2068 = CARTESIAN_POINT ( 'NONE',  ( -0.08293820668399985718, -0.5076451741082081970, -0.3055374933132555815 ) ) ;
#2069 = CARTESIAN_POINT ( 'NONE',  ( -0.2640196774742014640, -0.5291503390633798265, 0.1037502056736451378 ) ) ;
#2070 = CARTESIAN_POINT ( 'NONE',  ( 0.000000000000000000, 0.000000000000000000, 0.000000000000000000 ) ) ;
#2071 = EDGE_CURVE ( 'NONE', #599, #3590, #1229, .T. ) ;
#2072 = CARTESIAN_POINT ( 'NONE',  ( 0.02027034886768541710, -0.5785949642060880249, -0.3095170380523157294 ) ) ;
#2073 = ORIENTED_EDGE ( 'NONE', *, *, #2916, .F. ) ;
#2074 = ORIENTED_EDGE ( 'NONE', *, *, #4045, .F. ) ;
#2075 = B_SPLINE_SURFACE_WITH_KNOTS ( 'NONE', 3, 1, ( 
 ( #3361, #1959 ),
 ( #3068, #2998 ),
 ( #4491, #3743 ),
 ( #422, #1910 ),
 ( #1548, #4515 ),
 ( #1177, #2658 ),
 ( #4136, #856 ),
 ( #2298, #3765 ) ),
 .UNSPECIFIED., .F., .F., .F.,
 ( 4, 1, 1, 1, 1, 4 ),
 ( 2, 2 ),
 ( 0.000000000000000000, 0.09239413145188504761, 0.2927650588126481379, 0.3981225690435391540, 0.7245391928372308943, 1.000000000000000000 ),
 ( 0.000000000000000000, 1.000000000000000000 ),
 .UNSPECIFIED. ) ;
#2076 = CARTESIAN_POINT ( 'NONE',  ( 0.2903467056375048649, 0.000000000000000000, -0.2047244094488188948 ) ) ;
#2077 = DIRECTION ( 'NONE',  ( -0.000000000000000000, -1.000000000000000000, -0.000000000000000000 ) ) ;
#2078 = CARTESIAN_POINT ( 'NONE',  ( -0.2540461755329835869, -0.5763144579382279975, 0.1847678122181886651 ) ) ;
#2079 = CARTESIAN_POINT ( 'NONE',  ( 0.2159167213701759513, -0.5510269468160309270, 0.2897508620469771978 ) ) ;
#2080 = CARTESIAN_POINT ( 'NONE',  ( -0.1669456497320812582, -0.5788433491990535584, -0.2615787779411678504 ) ) ;
#2081 = ORIENTED_EDGE ( 'NONE', *, *, #3764, .F. ) ;
#2082 = CARTESIAN_POINT ( 'NONE',  ( -0.3037694003196323433, -0.5675494520111776797, 0.1271761378144681820 ) ) ;
#2083 = CARTESIAN_POINT ( 'NONE',  ( 0.3060296575339521152, -0.5786007325225112075, -0.05202592915537156831 ) ) ;
#2084 = CARTESIAN_POINT ( 'NONE',  ( 0.2063405801731479083, -0.5117476724477670880, -0.2317654123101587360 ) ) ;
#2085 = ORIENTED_EDGE ( 'NONE', *, *, #693, .F. ) ;
#2086 = VERTEX_POINT ( 'NONE', #3594 ) ;
#2087 = PERSON_AND_ORGANIZATION_ROLE ( 'creator' ) ;
#2088 = CARTESIAN_POINT ( 'NONE',  ( -0.01868226010994081601, -0.5785949642060882470, 0.3096169521280782710 ) ) ;
#2089 = DIRECTION ( 'NONE',  ( -0.8660254037844389297, 0.4999999999999995559, 0.000000000000000000 ) ) ;
#2090 = FACE_OUTER_BOUND ( 'NONE', #204, .T. ) ;
#2091 = B_SPLINE_CURVE_WITH_KNOTS ( 'NONE', 3,
 ( #3476, #4724, #4344, #252 ),
 .UNSPECIFIED., .F., .F.,
 ( 4, 4 ),
 ( 0.000000000000000000, 0.0009496860142668346084 ),
 .UNSPECIFIED. ) ;
#2092 = CARTESIAN_POINT ( 'NONE',  ( -0.05584091273965625934, -0.5246614642377032123, -0.2851252300830267039 ) ) ;
#2093 = CARTESIAN_POINT ( 'NONE',  ( 0.000000000000000000, 0.000000000000000000, 0.000000000000000000 ) ) ;
#2094 = DIRECTION ( 'NONE',  ( 0.8660254037844387076, -0.4999999999999998890, 0.000000000000000000 ) ) ;
#2095 = CARTESIAN_POINT ( 'NONE',  ( -0.2991747076973936270, -0.5531022667475551380, -0.1898620428418979489 ) ) ;
#2096 = CARTESIAN_POINT ( 'NONE',  ( 0.000000000000000000, 0.000000000000000000, 0.000000000000000000 ) ) ;
#2097 = CARTESIAN_POINT ( 'NONE',  ( 0.000000000000000000, 0.000000000000000000, 0.000000000000000000 ) ) ;
#2098 = DIRECTION ( 'NONE',  ( 0.02845764340689908162, -0.8813413940020675685, 0.4716222108321637130 ) ) ;
#2099 = B_SPLINE_CURVE_WITH_KNOTS ( 'NONE', 3,
 ( #685, #2461, #3939, #239 ),
 .UNSPECIFIED., .F., .F.,
 ( 4, 4 ),
 ( 0.000000000000000000, 0.0008684883343403528716 ),
 .UNSPECIFIED. ) ;
#2100 = CARTESIAN_POINT ( 'NONE',  ( 0.3101040230477142834, -0.5117481726913172269, -0.01125466168251382931 ) ) ;
#2101 = CARTESIAN_POINT ( 'NONE',  ( 0.2465538336818263176, -0.5181052167782334017, -0.1719134405654225151 ) ) ;
#2102 = CARTESIAN_POINT ( 'NONE',  ( 0.3043011729414543676, -0.5763144579382278865, 0.07797050648345452140 ) ) ;
#2103 = CARTESIAN_POINT ( 'NONE',  ( -0.005699427159494328300, -0.5291549067212664159, 0.2836662331446813123 ) ) ;
#2104 = ORIENTED_EDGE ( 'NONE', *, *, #3549, .F. ) ;
#2105 = B_SPLINE_CURVE_WITH_KNOTS ( 'NONE', 3,
 ( #3557, #4388, #3661, #1021 ),
 .UNSPECIFIED., .F., .F.,
 ( 4, 4 ),
 ( 0.000000000000000000, 0.0008684883343403533053 ),
 .UNSPECIFIED. ) ;
#2106 = CARTESIAN_POINT ( 'NONE',  ( -0.2772587427841461949, -0.5181076722195296913, 0.1160532526916131374 ) ) ;
#2107 = CYLINDRICAL_SURFACE ( 'NONE', #227, 0.08202099737532810020 ) ;
#2108 = APPROVAL_ROLE ( '' ) ;
#2109 = CIRCLE ( 'NONE', #240, 0.2465919031868467615 ) ;
#2110 = DIRECTION ( 'NONE',  ( 0.8660254037844377084, -0.5000000000000012212, 0.000000000000000000 ) ) ;
#2111 = APPROVAL_PERSON_ORGANIZATION ( #4165, #1278, #1233 ) ;
#2112 = B_SPLINE_CURVE_WITH_KNOTS ( 'NONE', 3,
 ( #1996, #1216, #3459, #2329 ),
 .UNSPECIFIED., .F., .F.,
 ( 4, 4 ),
 ( 0.000000000000000000, 0.0009496860142668346084 ),
 .UNSPECIFIED. ) ;
#2113 = CARTESIAN_POINT ( 'NONE',  ( -0.2062901040266330310, -0.5291503390633799375, 0.1947174574905544131 ) ) ;
#2114 = B_SPLINE_SURFACE_WITH_KNOTS ( 'NONE', 3, 1, ( 
 ( #1052, #2535 ),
 ( #709, #3301 ),
 ( #1859, #454 ),
 ( #3034, #4479 ) ),
 .UNSPECIFIED., .F., .F., .F.,
 ( 4, 4 ),
 ( 2, 2 ),
 ( 0.000000000000000000, 1.000000000000000000 ),
 ( 0.000000000000000000, 1.000000000000000000 ),
 .UNSPECIFIED. ) ;
#2115 = CARTESIAN_POINT ( 'NONE',  ( -0.1707092623104407014, -0.5751480959758971112, 0.2669275778720760495 ) ) ;
#2116 = CARTESIAN_POINT ( 'NONE',  ( 0.000000000000000000, 0.000000000000000000, 0.000000000000000000 ) ) ;
#2117 = CARTESIAN_POINT ( 'NONE',  ( -0.3147122630444238456, -0.5711492529229237336, 0.07691254896644514338 ) ) ;
#2118 = AXIS2_PLACEMENT_3D ( 'NONE', #2232, #4734, #4452 ) ;
#2119 = CARTESIAN_POINT ( 'NONE',  ( 0.000000000000000000, 0.000000000000000000, 0.000000000000000000 ) ) ;
#2120 = DIRECTION ( 'NONE',  ( 0.4146198596553724025, 0.8813413940020674575, 0.2265562164184677652 ) ) ;
#2121 = ADVANCED_FACE ( 'NONE', ( #4748, #670 ), #301, .T. ) ;
#2122 = LOCAL_TIME ( 23, 27, 9.000000000000000000, #1823 ) ;
#2123 = CARTESIAN_POINT ( 'NONE',  ( -0.2896209109201116627, -0.5181052167782335127, -0.08039124273234954376 ) ) ;
#2124 = CARTESIAN_POINT ( 'NONE',  ( -0.1303333238029637242, -0.5533416366082752891, 0.3322256676644811391 ) ) ;
#2125 = VECTOR ( 'NONE', #4055, 39.37007874015748143 ) ;
#2126 = CARTESIAN_POINT ( 'NONE',  ( 0.004349068674477982351, -0.5076457267943569329, -0.3165635190709237823 ) ) ;
#2127 = CARTESIAN_POINT ( 'NONE',  ( 0.1200519457288674180, -0.5786007325225112075, -0.2862662727628612624 ) ) ;
#2128 = CARTESIAN_POINT ( 'NONE',  ( 0.000000000000000000, 0.000000000000000000, 0.000000000000000000 ) ) ;
#2129 = CARTESIAN_POINT ( 'NONE',  ( -0.2921293716022392295, -0.5763144579382279975, -0.1154947357333324376 ) ) ;
#2130 = CARTESIAN_POINT ( 'NONE',  ( 0.3068680621356610350, -0.5036595598781937744, -0.09970747753269637581 ) ) ;
#2131 = EDGE_LOOP ( 'NONE', ( #4341, #1475 ) ) ;
#2132 = ORIENTED_EDGE ( 'NONE', *, *, #2001, .T. ) ;
#2133 = CARTESIAN_POINT ( 'NONE',  ( 0.1715431318419901041, -0.5570898433182802645, -0.3021619222990936660 ) ) ;
#2134 = DIRECTION ( 'NONE',  ( -0.000000000000000000, -1.000000000000000000, -0.000000000000000000 ) ) ;
#2135 = CARTESIAN_POINT ( 'NONE',  ( -0.2150679623677702046, -0.5181052167782332907, -0.2099733209558350411 ) ) ;
#2136 = ORIENTED_EDGE ( 'NONE', *, *, #127, .T. ) ;
#2137 = CARTESIAN_POINT ( 'NONE',  ( 0.000000000000000000, 0.000000000000000000, 0.000000000000000000 ) ) ;
#2138 = ORIENTED_EDGE ( 'NONE', *, *, #1558, .F. ) ;
#2139 = CARTESIAN_POINT ( 'NONE',  ( 0.000000000000000000, 0.000000000000000000, 0.000000000000000000 ) ) ;
#2140 = DIRECTION ( 'NONE',  ( 0.000000000000000000, 0.000000000000000000, 1.000000000000000000 ) ) ;
#2141 = CARTESIAN_POINT ( 'NONE',  ( 0.000000000000000000, 0.000000000000000000, 0.000000000000000000 ) ) ;
#2142 = APPROVAL ( #1551, 'UNSPECIFIED' ) ;
#2143 = CARTESIAN_POINT ( 'NONE',  ( -0.3282433687876198380, -0.5585565789419792981, -0.1124622673128053696 ) ) ;
#2144 = CARTESIAN_POINT ( 'NONE',  ( 0.3042237285637553468, -0.5763144579382279975, -0.07827213242015307326 ) ) ;
#2145 = CARTESIAN_POINT ( 'NONE',  ( -0.2505800078950507492, -0.5788433491990535584, -0.1830408879922127974 ) ) ;
#2146 = CARTESIAN_POINT ( 'NONE',  ( 0.000000000000000000, 0.2244094488188976555, -8.537024980200822558E-18 ) ) ;
#2147 = CARTESIAN_POINT ( 'NONE',  ( 0.3389842654118510046, -0.5611936780632693633, -0.03035904049600835972 ) ) ;
#2148 = CARTESIAN_POINT ( 'NONE',  ( -0.3255303105273085196, -0.5697155349887014220, -0.004621618316640427500 ) ) ;
#2149 = PLANE ( 'NONE',  #1891 ) ;
#2150 = CARTESIAN_POINT ( 'NONE',  ( 0.000000000000000000, 0.000000000000000000, 0.000000000000000000 ) ) ;
#2151 = CARTESIAN_POINT ( 'NONE',  ( -0.2634839649340122159, -0.5291503390633798265, -0.1051032610985846300 ) ) ;
#2152 = VERTEX_POINT ( 'NONE', #51 ) ;
#2153 = ORIENTED_EDGE ( 'NONE', *, *, #3150, .T. ) ;
#2154 = B_SPLINE_CURVE_WITH_KNOTS ( 'NONE', 3,
 ( #4193, #863, #3824, #1383, #1010, #1286, #2494, #497 ),
 .UNSPECIFIED., .F., .F.,
 ( 4, 2, 2, 4 ),
 ( 0.0001822175744224756029, 0.0008899156074969225786, 0.001243764624034148425, 0.001597613640571374487 ),
 .UNSPECIFIED. ) ;
#2155 = EDGE_CURVE ( 'NONE', #873, #462, #4310, .T. ) ;
#2156 = B_SPLINE_SURFACE_WITH_KNOTS ( 'NONE', 3, 1, ( 
 ( #4251, #4628 ),
 ( #1966, #1289 ),
 ( #1601, #2757 ),
 ( #2042, #2351 ),
 ( #914, #3508 ),
 ( #3076, #4547 ),
 ( #3906, #3529 ),
 ( #840, #183 ) ),
 .UNSPECIFIED., .F., .F., .F.,
 ( 4, 1, 1, 1, 1, 4 ),
 ( 2, 2 ),
 ( 0.000000000000000000, 0.2754608071627706600, 0.6018774309564619562, 0.7072349411873528613, 0.9076058685481156463, 1.000000000000000000 ),
 ( 0.000000000000000000, 1.000000000000000000 ),
 .UNSPECIFIED. ) ;
#2157 = CARTESIAN_POINT ( 'NONE',  ( 0.2515157101636213421, -0.5788433491990536695, 0.1817530043068082413 ) ) ;
#2158 = B_SPLINE_CURVE_WITH_KNOTS ( 'NONE', 3,
 ( #3860, #3083, #4580, #1247, #4661, #2721, #3490, #166 ),
 .UNSPECIFIED., .F., .F.,
 ( 4, 2, 2, 4 ),
 ( 0.0001657239593220087928, 0.0008120922820786312217, 0.001135276443456940173, 0.001458460604835249124 ),
 .UNSPECIFIED. ) ;
#2159 = EDGE_CURVE ( 'NONE', #1695, #2705, #358, .T. ) ;
#2160 = CARTESIAN_POINT ( 'NONE',  ( -0.08835156877550967569, -0.5291503390633798265, -0.2695635278850079253 ) ) ;
#2161 = CARTESIAN_POINT ( 'NONE',  ( 0.000000000000000000, 0.000000000000000000, 0.000000000000000000 ) ) ;
#2162 = CARTESIAN_POINT ( 'NONE',  ( 0.3079650745561875458, -0.5788433491990535584, 0.03810275432647019372 ) ) ;
#2163 = VERTEX_POINT ( 'NONE', #4485 ) ;
#2164 = CARTESIAN_POINT ( 'NONE',  ( -0.1065320807950729948, -0.5117476724477673100, 0.2914490643851188612 ) ) ;
#2165 = ORIENTED_EDGE ( 'NONE', *, *, #904, .T. ) ;
#2166 = CARTESIAN_POINT ( 'NONE',  ( 0.3603387090586992469, -0.5510269468160308159, -0.02704824168264493081 ) ) ;
#2167 = CARTESIAN_POINT ( 'NONE',  ( -0.05244015005208496616, -0.5291503390633798265, -0.2787840130520756188 ) ) ;
#2168 = B_SPLINE_CURVE_WITH_KNOTS ( 'NONE', 3,
 ( #2897, #3994, #3236, #4743, #4365, #1054, #4415, #4018 ),
 .UNSPECIFIED., .F., .F.,
 ( 4, 2, 2, 4 ),
 ( 1.537752913004088329E-14, 0.0003533926699086811611, 0.0007067853398019871428, 0.001413570679588596829 ),
 .UNSPECIFIED. ) ;
#2169 = CARTESIAN_POINT ( 'NONE',  ( 0.000000000000000000, 0.000000000000000000, 0.000000000000000000 ) ) ;
#2170 = CARTESIAN_POINT ( 'NONE',  ( 0.000000000000000000, 0.000000000000000000, 0.000000000000000000 ) ) ;
#2171 = LINE ( 'NONE', #1737, #1183 ) ;
#2172 = CARTESIAN_POINT ( 'NONE',  ( 0.3156442111520318949, -0.5741060011268072083, -0.03829436807762252870 ) ) ;
#2173 = CARTESIAN_POINT ( 'NONE',  ( 0.2649541086397211864, -0.5076451741082083080, -0.1732951997691696000 ) ) ;
#2174 = DIRECTION ( 'NONE',  ( 0.000000000000000000, 0.000000000000000000, 1.000000000000000000 ) ) ;
#2175 = CARTESIAN_POINT ( 'NONE',  ( 0.000000000000000000, 0.000000000000000000, 0.000000000000000000 ) ) ;
#2176 = B_SPLINE_CURVE_WITH_KNOTS ( 'NONE', 3,
 ( #2866, #2127, #3257, #4393 ),
 .UNSPECIFIED., .F., .F.,
 ( 4, 4 ),
 ( 0.000000000000000000, 0.0009496860142668348253 ),
 .UNSPECIFIED. ) ;
#2177 = ORIENTED_EDGE ( 'NONE', *, *, #175, .T. ) ;
#2178 = ORIENTED_EDGE ( 'NONE', *, *, #2449, .F. ) ;
#2179 = CARTESIAN_POINT ( 'NONE',  ( 0.2525608804841295019, -0.5779555199654424769, 0.1829759719872023904 ) ) ;
#2180 = FACE_OUTER_BOUND ( 'NONE', #65, .T. ) ;
#2181 = VERTEX_POINT ( 'NONE', #4464 ) ;
#2182 = FACE_OUTER_BOUND ( 'NONE', #1956, .T. ) ;
#2183 = ORIENTED_EDGE ( 'NONE', *, *, #2360, .T. ) ;
#2184 = PERSON_AND_ORGANIZATION ( #2633, #3194 ) ;
#2185 = ADVANCED_FACE ( 'NONE', ( #372 ), #3232, .F. ) ;
#2186 = AXIS2_PLACEMENT_3D ( 'NONE', #1793, #3692, #4822 ) ;
#2187 = DIRECTION ( 'NONE',  ( -0.000000000000000000, -1.000000000000000000, -0.000000000000000000 ) ) ;
#2188 = ORIENTED_EDGE ( 'NONE', *, *, #2884, .T. ) ;
#2189 = VERTEX_POINT ( 'NONE', #1499 ) ;
#2190 = VECTOR ( 'NONE', #455, 39.37007874015748143 ) ;
#2191 = EDGE_CURVE ( 'NONE', #4523, #518, #4441, .T. ) ;
#2192 = CARTESIAN_POINT ( 'NONE',  ( -0.2820656292287582190, -0.5711492529229237336, -0.1593685336157773802 ) ) ;
#2193 = CC_DESIGN_APPROVAL ( #3698, ( #3783 ) ) ;
#2194 = B_SPLINE_SURFACE_WITH_KNOTS ( 'NONE', 3, 1, ( 
 ( #1610, #3890 ),
 ( #875, #1714 ),
 ( #120, #564 ),
 ( #3466, #2695 ) ),
 .UNSPECIFIED., .F., .F., .F.,
 ( 4, 4 ),
 ( 2, 2 ),
 ( 0.000000000000000000, 1.000000000000000000 ),
 ( 0.000000000000000000, 1.000000000000000000 ),
 .UNSPECIFIED. ) ;
#2195 = CARTESIAN_POINT ( 'NONE',  ( 0.1984592207002552622, -0.5291561317255570884, 0.2030008467859635291 ) ) ;
#2196 = LOCAL_TIME ( 23, 27, 9.000000000000000000, #3313 ) ;
#2197 = CARTESIAN_POINT ( 'NONE',  ( -0.2351573126686466730, -0.5786007325225112075, -0.2026373284794491247 ) ) ;
#2198 = CARTESIAN_POINT ( 'NONE',  ( 0.2706612237139078836, -0.5246608535493827441, -0.1056297823766011862 ) ) ;
#2199 = CARTESIAN_POINT ( 'NONE',  ( -0.01708574198410505243, -0.5291503390630809545, 0.2831582114154858609 ) ) ;
#2200 = ORIENTED_EDGE ( 'NONE', *, *, #4021, .F. ) ;
#2201 = VERTEX_POINT ( 'NONE', #2974 ) ;
#2202 = CARTESIAN_POINT ( 'NONE',  ( 0.2903467056375096389, 3.175773292634706016E-15, 0.3661417322834645272 ) ) ;
#2203 = CARTESIAN_POINT ( 'NONE',  ( 2.539498149579113407E-15, -0.5531022667475551380, -0.3543347302169512769 ) ) ;
#2204 = EDGE_CURVE ( 'NONE', #1999, #1800, #2569, .T. ) ;
#2205 = LINE ( 'NONE', #3330, #4786 ) ;
#2206 = ORIENTED_EDGE ( 'NONE', *, *, #4787, .T. ) ;
#2207 = EDGE_CURVE ( 'NONE', #3026, #2013, #2726, .T. ) ;
#2208 = CARTESIAN_POINT ( 'NONE',  ( 0.000000000000000000, 0.000000000000000000, 0.000000000000000000 ) ) ;
#2209 = VERTEX_POINT ( 'NONE', #3738 ) ;
#2210 = VERTEX_POINT ( 'NONE', #2602 ) ;
#2211 = ADVANCED_FACE ( 'NONE', ( #1198 ), #232, .T. ) ;
#2212 = B_SPLINE_CURVE_WITH_KNOTS ( 'NONE', 3,
 ( #2229, #3696, #376, #1868, #2498, #307, #4783, #1438 ),
 .UNSPECIFIED., .F., .F.,
 ( 4, 2, 2, 4 ),
 ( 0.0001822175744224700464, 0.0008899156074969201934, 0.001243764624034146256, 0.001597613640571372536 ),
 .UNSPECIFIED. ) ;
#2213 = DIRECTION ( 'NONE',  ( -0.5000000000000012212, -0.8660254037844379305, 0.000000000000000000 ) ) ;
#2214 = DIRECTION ( 'NONE',  ( -0.000000000000000000, 1.000000000000000000, 1.299146873706801522E-16 ) ) ;
#2215 = VERTEX_POINT ( 'NONE', #738 ) ;
#2216 = CARTESIAN_POINT ( 'NONE',  ( -0.2888140157562921750, -0.5788433491993477675, 0.1134934858750240860 ) ) ;
#2217 = CARTESIAN_POINT ( 'NONE',  ( -0.04440991750222601092, -0.5531022667475552490, 0.3515406950345364434 ) ) ;
#2218 = ADVANCED_FACE ( 'NONE', ( #758 ), #4327, .F. ) ;
#2219 = CARTESIAN_POINT ( 'NONE',  ( -0.7420587615486897715, -0.2717275222360906461, -0.2047244094488188948 ) ) ;
#2220 = CARTESIAN_POINT ( 'NONE',  ( -0.1408186913432159515, 0.000000000000000000, -0.3622047244094488416 ) ) ;
#2221 = CARTESIAN_POINT ( 'NONE',  ( -0.01199342419980074619, -0.5650778416537697302, -0.3347286870692254834 ) ) ;
#2222 = CARTESIAN_POINT ( 'NONE',  ( 0.1314043145027917747, -0.5788433491990535584, -0.2811177923286125591 ) ) ;
#2223 = EDGE_LOOP ( 'NONE', ( #4539, #1550, #2914, #27 ) ) ;
#2224 = ORIENTED_EDGE ( 'NONE', *, *, #421, .T. ) ;
#2225 = CARTESIAN_POINT ( 'NONE',  ( 0.000000000000000000, 0.000000000000000000, 0.000000000000000000 ) ) ;
#2226 = CARTESIAN_POINT ( 'NONE',  ( -0.2972320797692798999, -0.5202677472389249935, -0.004205603686532065170 ) ) ;
#2227 = FACE_OUTER_BOUND ( 'NONE', #4490, .T. ) ;
#2228 = ORIENTED_EDGE ( 'NONE', *, *, #3711, .F. ) ;
#2229 = CARTESIAN_POINT ( 'NONE',  ( -0.3480584879825009414, -0.5531022667475551380, 0.06639570755142909508 ) ) ;
#2230 = ORIENTED_EDGE ( 'NONE', *, *, #2028, .T. ) ;
#2231 = B_SPLINE_SURFACE_WITH_KNOTS ( 'NONE', 3, 1, ( 
 ( #3254, #2889 ),
 ( #3633, #1832 ),
 ( #4012, #4073 ),
 ( #3607, #2986 ) ),
 .UNSPECIFIED., .F., .F., .F.,
 ( 4, 4 ),
 ( 2, 2 ),
 ( 0.000000000000000000, 1.000000000000000000 ),
 ( 0.000000000000000000, 1.000000000000000000 ),
 .UNSPECIFIED. ) ;
#2232 = CARTESIAN_POINT ( 'NONE',  ( 0.000000000000000000, 0.000000000000000000, 0.000000000000000000 ) ) ;
#2233 = CARTESIAN_POINT ( 'NONE',  ( 0.1544753775668017415, -0.5246614642377029902, -0.2460730828251858626 ) ) ;
#2234 = LINE ( 'NONE', #1112, #2812 ) ;
#2235 = LINE ( 'NONE', #86, #1951 ) ;
#2236 = CARTESIAN_POINT ( 'NONE',  ( -0.04440991750222601092, -0.5531022667475552490, 0.3515406950345364434 ) ) ;
#2237 = CARTESIAN_POINT ( 'NONE',  ( 0.08983547399623494079, -0.5533416366082751781, -0.3453842167217697212 ) ) ;
#2238 = EDGE_CURVE ( 'NONE', #324, #1120, #3878, .T. ) ;
#2239 = DIRECTION ( 'NONE',  ( -0.3815307436326513257, 0.8813413940020674575, 0.2786963201795254474 ) ) ;
#2240 = CARTESIAN_POINT ( 'NONE',  ( -0.2919516552389599950, -0.5036595598781937744, 0.1373820207962472006 ) ) ;
#2241 = FACE_OUTER_BOUND ( 'NONE', #325, .T. ) ;
#2242 = CARTESIAN_POINT ( 'NONE',  ( 0.2714286944482288688, -0.5785949642060881359, 0.1501271052076413870 ) ) ;
#2243 = EDGE_LOOP ( 'NONE', ( #2451, #1546, #139, #3441 ) ) ;
#2244 = ORIENTED_EDGE ( 'NONE', *, *, #1358, .F. ) ;
#2245 = CARTESIAN_POINT ( 'NONE',  ( 0.000000000000000000, 0.000000000000000000, 0.000000000000000000 ) ) ;
#2246 = CARTESIAN_POINT ( 'NONE',  ( 0.3071661975594470739, -0.5751480959758970002, 0.07772329859249953177 ) ) ;
#2247 = LINE ( 'NONE', #1501, #478 ) ;
#2248 = DIRECTION ( 'NONE',  ( 0.4573332722740506284, 0.8813413940020674575, -0.1186744508712862800 ) ) ;
#2249 = VERTEX_POINT ( 'NONE', #1323 ) ;
#2250 = ORIENTED_EDGE ( 'NONE', *, *, #4763, .T. ) ;
#2251 = CARTESIAN_POINT ( 'NONE',  ( -0.1707020581438543905, -0.5531022667475551380, -0.3105058910606559586 ) ) ;
#2252 = ORIENTED_EDGE ( 'NONE', *, *, #2057, .F. ) ;
#2253 = PERSON_AND_ORGANIZATION_ROLE ( 'creator' ) ;
#2254 = AXIS2_PLACEMENT_3D ( 'NONE', #2333, #193, #3421 ) ;
#2255 = CARTESIAN_POINT ( 'NONE',  ( -0.2486139378774989139, -0.5036595598776049121, 0.2056713361837976262 ) ) ;
#2256 = VECTOR ( 'NONE', #2791, 39.37007874015748854 ) ;
#2257 = CARTESIAN_POINT ( 'NONE',  ( 0.3369923541225178787, -0.5531022667475553600, -0.1094954533342969716 ) ) ;
#2258 = CARTESIAN_POINT ( 'NONE',  ( 0.000000000000000000, 0.000000000000000000, 0.000000000000000000 ) ) ;
#2259 = CARTESIAN_POINT ( 'NONE',  ( 0.07162701069388612007, -0.5650778416537697302, -0.3271952131529154983 ) ) ;
#2260 = B_SPLINE_CURVE_WITH_KNOTS ( 'NONE', 3,
 ( #4343, #1009, #3782, #739, #4063, #3714, #3422, #3016 ),
 .UNSPECIFIED., .F., .F.,
 ( 4, 2, 2, 4 ),
 ( 0.0001822175744223213751, 0.0008899156074967753439, 0.001243764624034001190, 0.001597613640571228771 ),
 .UNSPECIFIED. ) ;
#2261 = CARTESIAN_POINT ( 'NONE',  ( 0.000000000000000000, 0.000000000000000000, 0.000000000000000000 ) ) ;
#2262 = CARTESIAN_POINT ( 'NONE',  ( 0.000000000000000000, 0.000000000000000000, 0.000000000000000000 ) ) ;
#2263 = DIRECTION ( 'NONE',  ( 0.000000000000000000, 1.000000000000000000, 0.000000000000000000 ) ) ;
#2264 = DIRECTION ( 'NONE',  ( -0.000000000000000000, 1.000000000000000000, -0.000000000000000000 ) ) ;
#2265 = ORIENTED_EDGE ( 'NONE', *, *, #211, .T. ) ;
#2266 = EDGE_LOOP ( 'NONE', ( #317, #3357, #852, #3485 ) ) ;
#2267 = B_SPLINE_SURFACE_WITH_KNOTS ( 'NONE', 3, 1, ( 
 ( #1228, #2700 ),
 ( #4183, #2771 ),
 ( #2056, #4240 ),
 ( #855, #1614 ),
 ( #3113, #2365 ),
 ( #2341, #3139 ),
 ( #4584, #3815 ),
 ( #1642, #2419 ) ),
 .UNSPECIFIED., .F., .F., .F.,
 ( 4, 1, 1, 1, 1, 4 ),
 ( 2, 2 ),
 ( 0.000000000000000000, 0.2754608071627706600, 0.6018774309564619562, 0.7072349411873528613, 0.9076058685481156463, 1.000000000000000000 ),
 ( 0.000000000000000000, 1.000000000000000000 ),
 .UNSPECIFIED. ) ;
#2268 = CARTESIAN_POINT ( 'NONE',  ( -0.1218523488880406958, -0.5117481726913170048, 0.2853825110101038676 ) ) ;
#2269 = DIRECTION ( 'NONE',  ( 0.000000000000000000, 0.000000000000000000, -1.000000000000000000 ) ) ;
#2270 = CARTESIAN_POINT ( 'NONE',  ( 0.000000000000000000, 0.000000000000000000, 0.000000000000000000 ) ) ;
#2271 = B_SPLINE_CURVE_WITH_KNOTS ( 'NONE', 3,
 ( #4255, #917, #2047, #4330, #4309, #1660, #660, #2432 ),
 .UNSPECIFIED., .F., .F.,
 ( 4, 2, 2, 4 ),
 ( 0.0001657239593221488175, 0.0008120922820787009359, 0.001135276443456978770, 0.001458460604835256497 ),
 .UNSPECIFIED. ) ;
#2272 = ORIENTED_EDGE ( 'NONE', *, *, #1045, .F. ) ;
#2273 = ORIENTED_EDGE ( 'NONE', *, *, #2739, .T. ) ;
#2274 = AXIS2_PLACEMENT_3D ( 'NONE', #2146, #3634, #3608 ) ;
#2275 = AXIS2_PLACEMENT_3D ( 'NONE', #3740, #511, #850 ) ;
#2276 = CARTESIAN_POINT ( 'NONE',  ( -0.2854305762010626024, -0.5675532765349015074, -0.1642395952270864212 ) ) ;
#2277 = LINE ( 'NONE', #2702, #3958 ) ;
#2278 = EDGE_CURVE ( 'NONE', #908, #4205, #4593, .T. ) ;
#2279 = ORIENTED_EDGE ( 'NONE', *, *, #3718, .T. ) ;
#2280 = APPLICATION_PROTOCOL_DEFINITION ( 'international standard', 'config_control_design', 1994, #4149 ) ;
#2281 = CARTESIAN_POINT ( 'NONE',  ( 0.000000000000000000, 0.000000000000000000, 0.000000000000000000 ) ) ;
#2282 = CARTESIAN_POINT ( 'NONE',  ( 0.3318936307941259267, -0.5570898433182756015, -0.1028372073130146419 ) ) ;
#2283 = DIRECTION ( 'NONE',  ( -0.8660254037844377084, 0.5000000000000012212, 0.000000000000000000 ) ) ;
#2284 = CARTESIAN_POINT ( 'NONE',  ( 0.000000000000000000, 0.000000000000000000, 0.000000000000000000 ) ) ;
#2285 = PRODUCT_RELATED_PRODUCT_CATEGORY ( 'detail', '', ( #1100 ) ) ;
#2286 = CARTESIAN_POINT ( 'NONE',  ( 0.2932395157076936876, -0.5786007325225112075, 0.1018402426467306249 ) ) ;
#2287 = CARTESIAN_POINT ( 'NONE',  ( -0.04044004309528206192, -0.5036595598775461813, 0.3201159033053699865 ) ) ;
#2288 = CARTESIAN_POINT ( 'NONE',  ( 0.2540465005497037354, -0.5763141770085494775, 0.1847681932121359449 ) ) ;
#2289 = ORIENTED_EDGE ( 'NONE', *, *, #4045, .T. ) ;
#2290 = ORIENTED_EDGE ( 'NONE', *, *, #178, .F. ) ;
#2291 = CARTESIAN_POINT ( 'NONE',  ( -0.1214401588672118643, -0.5291503390633799375, 0.2563645511477967154 ) ) ;
#2292 = CARTESIAN_POINT ( 'NONE',  ( 0.000000000000000000, 0.000000000000000000, 0.000000000000000000 ) ) ;
#2293 = CARTESIAN_POINT ( 'NONE',  ( 0.1205782161639352701, -0.5076451741082085301, 0.2927333252891252124 ) ) ;
#2294 = ORIENTED_EDGE ( 'NONE', *, *, #4001, .F. ) ;
#2295 = EDGE_LOOP ( 'NONE', ( #4756, #2718, #2000, #2136 ) ) ;
#2296 = ADVANCED_FACE ( 'NONE', ( #4636 ), #791, .F. ) ;
#2297 = B_SPLINE_SURFACE_WITH_KNOTS ( 'NONE', 3, 1, ( 
 ( #882, #126 ),
 ( #3190, #1618 ),
 ( #3091, #3899 ),
 ( #4621, #543 ),
 ( #2448, #2059 ),
 ( #224, #4696 ),
 ( #4589, #3924 ),
 ( #2703, #2368 ) ),
 .UNSPECIFIED., .F., .F., .F.,
 ( 4, 1, 1, 1, 1, 4 ),
 ( 2, 2 ),
 ( 0.000000000000000000, 0.2754608071627706600, 0.6018774309564619562, 0.7072349411873528613, 0.9076058685481156463, 1.000000000000000000 ),
 ( 0.000000000000000000, 1.000000000000000000 ),
 .UNSPECIFIED. ) ;
#2298 = CARTESIAN_POINT ( 'NONE',  ( 0.000000000000000000, 0.000000000000000000, 0.000000000000000000 ) ) ;
#2299 = CARTESIAN_POINT ( 'NONE',  ( -0.2505295659993677093, -0.5510269468160307049, -0.2604045490854205447 ) ) ;
#2300 = ORIENTED_EDGE ( 'NONE', *, *, #1410, .F. ) ;
#2301 = DATE_AND_TIME ( #2982, #715 ) ;
#2302 = ADVANCED_FACE ( 'NONE', ( #3107 ), #2927, .F. ) ;
#2303 = CARTESIAN_POINT ( 'NONE',  ( 0.2486139378777866837, -0.5036595598781937744, 0.2056713361840419030 ) ) ;
#2304 = CARTESIAN_POINT ( 'NONE',  ( 0.000000000000000000, 0.000000000000000000, 0.000000000000000000 ) ) ;
#2305 = CARTESIAN_POINT ( 'NONE',  ( -0.2003549064931186008, -0.5763144579382279975, -0.2419432065154241140 ) ) ;
#2306 = CARTESIAN_POINT ( 'NONE',  ( -0.3333151031303484002, -0.5650778416537697302, -0.03298754607922500109 ) ) ;
#2307 = CARTESIAN_POINT ( 'NONE',  ( -0.2515157101632778947, -0.5788433491993477675, 0.1817530043063995127 ) ) ;
#2308 = CARTESIAN_POINT ( 'NONE',  ( 0.000000000000000000, 0.000000000000000000, 0.000000000000000000 ) ) ;
#2309 = CARTESIAN_POINT ( 'NONE',  ( 0.2563090261979147910, -0.5741060011268075414, 0.1881579383117528703 ) ) ;
#2310 = ORIENTED_EDGE ( 'NONE', *, *, #3267, .F. ) ;
#2311 = ORIENTED_EDGE ( 'NONE', *, *, #465, .T. ) ;
#2312 = CARTESIAN_POINT ( 'NONE',  ( 0.2378803839815631649, -0.5650778416537696192, -0.2357966477452720089 ) ) ;
#2313 = CARTESIAN_POINT ( 'NONE',  ( 0.000000000000000000, 0.000000000000000000, 0.000000000000000000 ) ) ;
#2314 = CARTESIAN_POINT ( 'NONE',  ( 0.000000000000000000, 0.000000000000000000, 0.000000000000000000 ) ) ;
#2315 = CARTESIAN_POINT ( 'NONE',  ( -0.1327877149192188966, -0.5785949642060882470, 0.2803196508531437536 ) ) ;
#2316 = EDGE_LOOP ( 'NONE', ( #2926, #3632, #3547, #1321 ) ) ;
#2317 = ORIENTED_EDGE ( 'NONE', *, *, #4347, .T. ) ;
#2318 = CARTESIAN_POINT ( 'NONE',  ( 0.2425588141000389053, -0.5531022667475548049, -0.2582989019339848591 ) ) ;
#2319 = EDGE_CURVE ( 'NONE', #2699, #4218, #2158, .T. ) ;
#2320 = CARTESIAN_POINT ( 'NONE',  ( -0.09100993274428234581, -0.5570908895713216902, -0.3353279263604386218 ) ) ;
#2321 = ORIENTED_EDGE ( 'NONE', *, *, #1583, .F. ) ;
#2322 = SHAPE_DEFINITION_REPRESENTATION ( #326, #3314 ) ;
#2323 = CARTESIAN_POINT ( 'NONE',  ( -0.2504724825793623322, -0.5785949642060880249, -0.1829623440996189510 ) ) ;
#2324 = CARTESIAN_POINT ( 'NONE',  ( 0.000000000000000000, 0.000000000000000000, 0.000000000000000000 ) ) ;
#2325 = CARTESIAN_POINT ( 'NONE',  ( -0.05802641663569603481, -0.5779555199654423658, -0.3064312967828203282 ) ) ;
#2326 = CARTESIAN_POINT ( 'NONE',  ( 0.000000000000000000, 0.000000000000000000, 0.000000000000000000 ) ) ;
#2327 = CARTESIAN_POINT ( 'NONE',  ( 0.1078513462939356543, -0.5675494520111779018, 0.3111554365627235974 ) ) ;
#2328 = B_SPLINE_CURVE_WITH_KNOTS ( 'NONE', 3,
 ( #1370, #1783, #4312, #3278, #2123, #3582, #684, #3252 ),
 .UNSPECIFIED., .F., .F.,
 ( 4, 2, 2, 4 ),
 ( 1.410904226874938073E-14, 0.0003227673804012505467, 0.0006455347607883918284, 0.001291069521562673850 ),
 .UNSPECIFIED. ) ;
#2329 = CARTESIAN_POINT ( 'NONE',  ( -0.05890328233474450420, -0.5785949642060882470, 0.3045358553899516485 ) ) ;
#2330 = CARTESIAN_POINT ( 'NONE',  ( 0.000000000000000000, 0.000000000000000000, 0.000000000000000000 ) ) ;
#2331 = VERTEX_POINT ( 'NONE', #4286 ) ;
#2332 = VECTOR ( 'NONE', #3797, 39.37007874015748854 ) ;
#2333 = CARTESIAN_POINT ( 'NONE',  ( 0.000000000000000000, -0.5662497646253558115, -7.356416114502432830E-17 ) ) ;
#2334 = B_SPLINE_CURVE_WITH_KNOTS ( 'NONE', 3,
 ( #3079, #2433, #4550, #844, #3128, #2689, #4202, #945 ),
 .UNSPECIFIED., .F., .F.,
 ( 4, 2, 2, 4 ),
 ( 0.0001822175744223146531, 0.0008899156074967714408, 0.001243764624033998154, 0.001597613640571224434 ),
 .UNSPECIFIED. ) ;
#2335 = CARTESIAN_POINT ( 'NONE',  ( -0.03270750668044258846, -0.5786007325225112075, -0.3086925130312955790 ) ) ;
#2336 = CARTESIAN_POINT ( 'NONE',  ( 0.000000000000000000, 0.000000000000000000, 0.000000000000000000 ) ) ;
#2337 = VERTEX_POINT ( 'NONE', #1666 ) ;
#2338 = ORIENTED_EDGE ( 'NONE', *, *, #4021, .T. ) ;
#2339 = VECTOR ( 'NONE', #2665, 39.37007874015748143 ) ;
#2340 = CC_DESIGN_PERSON_AND_ORGANIZATION_ASSIGNMENT ( #2184, #722, ( #3806 ) ) ;
#2341 = CARTESIAN_POINT ( 'NONE',  ( 0.000000000000000000, 0.000000000000000000, 0.000000000000000000 ) ) ;
#2342 = CARTESIAN_POINT ( 'NONE',  ( 0.000000000000000000, 0.000000000000000000, 0.000000000000000000 ) ) ;
#2343 = CARTESIAN_POINT ( 'NONE',  ( 0.2299233868658118463, -0.5291503390633799375, 0.1661497259794887105 ) ) ;
#2344 = CARTESIAN_POINT ( 'NONE',  ( -0.1659543986543328686, -0.5181052167782332907, 0.2506035943826932511 ) ) ;
#2345 = ORIENTED_EDGE ( 'NONE', *, *, #1060, .T. ) ;
#2346 = COORDINATED_UNIVERSAL_TIME_OFFSET ( 5, 0, .BEHIND. ) ;
#2347 = VECTOR ( 'NONE', #4635, 39.37007874015748854 ) ;
#2348 = CARTESIAN_POINT ( 'NONE',  ( -0.08322250882829543284, -0.5785182336645523504, 0.2990103477802220633 ) ) ;
#2349 = CARTESIAN_POINT ( 'NONE',  ( 0.2539144170126553801, -0.5246614642377031013, -0.1412164055576408395 ) ) ;
#2350 = CARTESIAN_POINT ( 'NONE',  ( 0.000000000000000000, 0.000000000000000000, 0.000000000000000000 ) ) ;
#2351 = CARTESIAN_POINT ( 'NONE',  ( 0.2064514697768978502, -0.5650778416537698412, 0.2637516384746876330 ) ) ;
#2352 = CARTESIAN_POINT ( 'NONE',  ( 0.000000000000000000, 0.000000000000000000, 0.000000000000000000 ) ) ;
#2353 = CARTESIAN_POINT ( 'NONE',  ( -0.2886900840095490972, -0.5785949642060881359, 0.1134447851708299815 ) ) ;
#2354 = EDGE_CURVE ( 'NONE', #1927, #518, #2446, .T. ) ;
#2355 = EDGE_CURVE ( 'NONE', #2997, #4747, #1977, .T. ) ;
#2356 = CARTESIAN_POINT ( 'NONE',  ( -0.2653871576611759320, -0.5786007325225112075, 0.1610295163730855461 ) ) ;
#2357 = CARTESIAN_POINT ( 'NONE',  ( 0.004756776107550243771, -0.5570898433182752685, -0.3474280449973924934 ) ) ;
#2358 = ORIENTED_EDGE ( 'NONE', *, *, #4294, .F. ) ;
#2359 = ORIENTED_EDGE ( 'NONE', *, *, #1077, .T. ) ;
#2360 = EDGE_CURVE ( 'NONE', #3786, #1385, #3256, .T. ) ;
#2361 = CARTESIAN_POINT ( 'NONE',  ( 0.000000000000000000, 0.000000000000000000, 0.000000000000000000 ) ) ;
#2362 = LINE ( 'NONE', #3915, #627 ) ;
#2363 = CARTESIAN_POINT ( 'NONE',  ( 0.1549839683818329261, -0.5786007325277199298, 0.2689624851432241837 ) ) ;
#2364 = ORIENTED_EDGE ( 'NONE', *, *, #1781, .F. ) ;
#2365 = CARTESIAN_POINT ( 'NONE',  ( -0.02410325673951691297, -0.5711492529229238446, 0.3230764332377204506 ) ) ;
#2366 = CARTESIAN_POINT ( 'NONE',  ( 0.2208760891048043296, -0.5036595598781938854, -0.2352091450105535386 ) ) ;
#2367 = CARTESIAN_POINT ( 'NONE',  ( 0.2820656292287605504, -0.5711492529229236226, -0.1593685336157734667 ) ) ;
#2368 = CARTESIAN_POINT ( 'NONE',  ( -0.09513475030936523191, -0.5788433491990536695, 0.2953704222112229494 ) ) ;
#2369 = ORIENTED_EDGE ( 'NONE', *, *, #1867, .F. ) ;
#2370 = PERSON_AND_ORGANIZATION_ROLE ( 'creator' ) ;
#2371 = CARTESIAN_POINT ( 'NONE',  ( 0.08024232255343043130, -0.5036595598787236838, -0.3125232124279402890 ) ) ;
#2372 = ORIENTED_EDGE ( 'NONE', *, *, #2995, .F. ) ;
#2373 = CARTESIAN_POINT ( 'NONE',  ( 0.04896357742193296891, -0.5585565789419794092, 0.3435026037866795723 ) ) ;
#2374 = CARTESIAN_POINT ( 'NONE',  ( 0.2924714676799737290, -0.5117476724477669769, -0.1036922463958186713 ) ) ;
#2375 = CARTESIAN_POINT ( 'NONE',  ( 0.000000000000000000, 0.000000000000000000, 0.000000000000000000 ) ) ;
#2376 = B_SPLINE_SURFACE_WITH_KNOTS ( 'NONE', 3, 1, ( 
 ( #2314, #195 ),
 ( #1668, #1325 ),
 ( #1303, #565 ),
 ( #3518, #1691 ),
 ( #2440, #591 ),
 ( #3064, #3160 ),
 ( #3809, #4663 ),
 ( #4289, #954 ) ),
 .UNSPECIFIED., .F., .F., .F.,
 ( 4, 1, 1, 1, 1, 4 ),
 ( 2, 2 ),
 ( 0.000000000000000000, 0.09239413145188504761, 0.2927650588126481379, 0.3981225690435391540, 0.7245391928372308943, 1.000000000000000000 ),
 ( 0.000000000000000000, 1.000000000000000000 ),
 .UNSPECIFIED. ) ;
#2377 = FACE_OUTER_BOUND ( 'NONE', #3755, .T. ) ;
#2378 = B_SPLINE_CURVE_WITH_KNOTS ( 'NONE', 3,
 ( #991, #2454, #3506, #2113 ),
 .UNSPECIFIED., .F., .F.,
 ( 4, 4 ),
 ( 0.000000000000000000, 0.0008684883343403530884 ),
 .UNSPECIFIED. ) ;
#2379 = CARTESIAN_POINT ( 'NONE',  ( -0.05982448419733234213, -0.5202702371058175457, -0.2911758259287048345 ) ) ;
#2380 = LINE ( 'NONE', #1969, #3045 ) ;
#2381 = FACE_BOUND ( 'NONE', #3995, .T. ) ;
#2382 = DIRECTION ( 'NONE',  ( 0.000000000000000000, 1.000000000000000000, 0.000000000000000000 ) ) ;
#2383 = ORIENTED_EDGE ( 'NONE', *, *, #4001, .T. ) ;
#2384 = CARTESIAN_POINT ( 'NONE',  ( 0.08179284853889350060, -0.5570908895713216902, -0.3376944713542171517 ) ) ;
#2385 = CARTESIAN_POINT ( 'NONE',  ( -0.3220520709265945469, -0.5650778416537697302, -0.09203042857129108134 ) ) ;
#2386 = CARTESIAN_POINT ( 'NONE',  ( 0.2815266407504324331, -0.5291503390633798265, 0.03483167837876827849 ) ) ;
#2387 = CARTESIAN_POINT ( 'NONE',  ( 0.1444070078781452549, -0.2894216745996738838, 0.05674674293751411774 ) ) ;
#2388 = DIRECTION ( 'NONE',  ( -0.08734318309308758410, -0.8813413940020674575, -0.4643366403652202101 ) ) ;
#2389 = ORIENTED_EDGE ( 'NONE', *, *, #2354, .T. ) ;
#2390 = EDGE_CURVE ( 'NONE', #820, #371, #1161, .T. ) ;
#2391 = ORIENTED_EDGE ( 'NONE', *, *, #2029, .T. ) ;
#2392 = CARTESIAN_POINT ( 'NONE',  ( 0.000000000000000000, 0.000000000000000000, 0.000000000000000000 ) ) ;
#2393 = CARTESIAN_POINT ( 'NONE',  ( 0.2771197805398909475, -0.5751480959758970002, -0.1536118852848009919 ) ) ;
#2394 = CARTESIAN_POINT ( 'NONE',  ( 0.3116354014105544024, -0.5763141770085489224, 0.03952576693892650289 ) ) ;
#2395 = ORIENTED_EDGE ( 'NONE', *, *, #2238, .T. ) ;
#2396 = DATE_AND_TIME ( #1283, #1571 ) ;
#2397 = FACE_OUTER_BOUND ( 'NONE', #1300, .T. ) ;
#2398 = CARTESIAN_POINT ( 'NONE',  ( 0.3115598121668993747, -0.5585565789419794092, 0.1527152715503876657 ) ) ;
#2399 = CARTESIAN_POINT ( 'NONE',  ( 0.2919516552389579411, -0.5036595598781938854, 0.1373820207962513917 ) ) ;
#2400 = CARTESIAN_POINT ( 'NONE',  ( -0.3059870724899972361, -0.5785182336645523504, -0.05201043668655674218 ) ) ;
#2401 = LINE ( 'NONE', #2779, #4360 ) ;
#2402 = CARTESIAN_POINT ( 'NONE',  ( 0.08024232255343043130, -0.5036595598787236838, -0.3125232124279402890 ) ) ;
#2403 = CARTESIAN_POINT ( 'NONE',  ( 0.000000000000000000, 0.000000000000000000, 0.000000000000000000 ) ) ;
#2404 = CARTESIAN_POINT ( 'NONE',  ( -0.2486139378774989139, -0.5036595598776049121, 0.2056713361837976262 ) ) ;
#2405 = DIRECTION ( 'NONE',  ( 0.000000000000000000, -1.299146873706801522E-16, 1.000000000000000000 ) ) ;
#2406 = CARTESIAN_POINT ( 'NONE',  ( -0.1359082723265405412, -0.5751480959758970002, -0.2862183180378976566 ) ) ;
#2407 = ORIENTED_EDGE ( 'NONE', *, *, #4138, .F. ) ;
#2408 = CARTESIAN_POINT ( 'NONE',  ( -0.2836722859818665010, -0.5291503390633798265, 0.0007276240287162000567 ) ) ;
#2409 = VECTOR ( 'NONE', #319, 39.37007874015748854 ) ;
#2410 = ADVANCED_FACE ( 'NONE', ( #664 ), #2818, .F. ) ;
#2411 = CARTESIAN_POINT ( 'NONE',  ( -0.3422913817250186619, -0.5510269468160307049, -0.1158110643288900593 ) ) ;
#2412 = ADVANCED_FACE ( 'NONE', ( #1395 ), #1771, .F. ) ;
#2413 = CARTESIAN_POINT ( 'NONE',  ( -0.8798653543246250930, -0.5104155425419641956, -0.2047244094488188948 ) ) ;
#2414 = CARTESIAN_POINT ( 'NONE',  ( 0.1667564818049847852, -0.5779555199654424769, 0.2635516656210009634 ) ) ;
#2415 = CARTESIAN_POINT ( 'NONE',  ( -0.1709445238175475446, -0.5533416366082751781, -0.3132708721305421662 ) ) ;
#2416 = ORIENTED_EDGE ( 'NONE', *, *, #337, .F. ) ;
#2417 = ORIENTED_EDGE ( 'NONE', *, *, #1648, .F. ) ;
#2418 = EDGE_CURVE ( 'NONE', #375, #1800, #2840, .T. ) ;
#2419 = CARTESIAN_POINT ( 'NONE',  ( -0.01869028021628319977, -0.5788433491990536695, 0.3097498675691374714 ) ) ;
#2420 = FACE_OUTER_BOUND ( 'NONE', #442, .T. ) ;
#2421 = CARTESIAN_POINT ( 'NONE',  ( -0.2556819340020132225, -0.5751480959758971112, 0.1871329278673806717 ) ) ;
#2422 = ORIENTED_EDGE ( 'NONE', *, *, #3681, .T. ) ;
#2423 = VECTOR ( 'NONE', #2043, 39.37007874015748854 ) ;
#2424 = PERSON_AND_ORGANIZATION ( #1829, #4201 ) ;
#2425 = EDGE_CURVE ( 'NONE', #1075, #4552, #4009, .T. ) ;
#2426 = CARTESIAN_POINT ( 'NONE',  ( -0.7420587615486897715, -0.2717275222360906461, -0.3622047244094488416 ) ) ;
#2427 = CARTESIAN_POINT ( 'NONE',  ( -0.1201234110567943603, -0.5291503390633798265, -0.2569841656347439107 ) ) ;
#2428 = DIRECTION ( 'NONE',  ( -0.000000000000000000, 1.000000000000000000, 1.299146873706801522E-16 ) ) ;
#2429 = CARTESIAN_POINT ( 'NONE',  ( 0.2394689564133454796, -0.5611928409090070069, -0.2418420941142397085 ) ) ;
#2430 = CARTESIAN_POINT ( 'NONE',  ( 0.2681804867435156892, -0.5291561317290428557, 0.09313770858323872082 ) ) ;
#2431 = VECTOR ( 'NONE', #3816, 39.37007874015748143 ) ;
#2432 = CARTESIAN_POINT ( 'NONE',  ( -0.1802588763618028223, -0.5291503390633798265, -0.2190370579689321640 ) ) ;
#2433 = CARTESIAN_POINT ( 'NONE',  ( 0.2343611718531791455, -0.5570908895713216902, -0.2565199157627239268 ) ) ;
#2434 = CARTESIAN_POINT ( 'NONE',  ( 0.000000000000000000, 0.000000000000000000, 0.000000000000000000 ) ) ;
#2435 = ORIENTED_EDGE ( 'NONE', *, *, #3465, .T. ) ;
#2436 = ORIENTED_EDGE ( 'NONE', *, *, #2995, .T. ) ;
#2437 = APPROVAL ( #3746, 'UNSPECIFIED' ) ;
#2438 = CARTESIAN_POINT ( 'NONE',  ( 0.000000000000000000, 0.000000000000000000, 0.000000000000000000 ) ) ;
#2439 = DIRECTION ( 'NONE',  ( -0.4999999999999998335, -0.8660254037844385966, -0.000000000000000000 ) ) ;
#2440 = CARTESIAN_POINT ( 'NONE',  ( 0.000000000000000000, 0.000000000000000000, 0.000000000000000000 ) ) ;
#2441 = CARTESIAN_POINT ( 'NONE',  ( 0.04705188354134028778, -0.5117476724477688643, 0.3067209833459391133 ) ) ;
#2442 = CARTESIAN_POINT ( 'NONE',  ( 0.07113902905630992146, -0.5786007325225113185, 0.3021590427899736864 ) ) ;
#2443 = ORIENTED_EDGE ( 'NONE', *, *, #3419, .F. ) ;
#2444 = B_SPLINE_CURVE_WITH_KNOTS ( 'NONE', 3,
 ( #2990, #3666, #3011, #775, #434, #1163, #799, #2287 ),
 .UNSPECIFIED., .F., .F.,
 ( 4, 2, 2, 4 ),
 ( 0.000000000000000000, 0.0003227673803907008259, 0.0006455347607814016517, 0.001291069521562806990 ),
 .UNSPECIFIED. ) ;
#2445 = FACE_OUTER_BOUND ( 'NONE', #2565, .T. ) ;
#2446 = B_SPLINE_CURVE_WITH_KNOTS ( 'NONE', 3,
 ( #874, #2483, #1738, #4315 ),
 .UNSPECIFIED., .F., .F.,
 ( 4, 4 ),
 ( 0.000000000000000000, 0.0008684883343403530884 ),
 .UNSPECIFIED. ) ;
#2447 = CARTESIAN_POINT ( 'NONE',  ( -0.1549839779047858246, -0.5786007325225112075, 0.2689624791446503793 ) ) ;
#2448 = CARTESIAN_POINT ( 'NONE',  ( 0.000000000000000000, 0.000000000000000000, 0.000000000000000000 ) ) ;
#2449 = EDGE_CURVE ( 'NONE', #1949, #1463, #931, .T. ) ;
#2450 = VERTEX_POINT ( 'NONE', #293 ) ;
#2451 = ORIENTED_EDGE ( 'NONE', *, *, #1967, .T. ) ;
#2452 = APPROVAL_ROLE ( '' ) ;
#2453 = CARTESIAN_POINT ( 'NONE',  ( -0.1802588763618028223, -0.5291503390633798265, -0.2190370579689321640 ) ) ;
#2454 = CARTESIAN_POINT ( 'NONE',  ( -0.1901389134128100011, -0.5291561317255570884, 0.2108141353964832765 ) ) ;
#2455 = CARTESIAN_POINT ( 'NONE',  ( 0.000000000000000000, 0.000000000000000000, 0.000000000000000000 ) ) ;
#2456 = CARTESIAN_POINT ( 'NONE',  ( -0.1441139969717181446, -0.2894216745996738838, -0.05748680400901267501 ) ) ;
#2457 = CARTESIAN_POINT ( 'NONE',  ( -0.3071661975594482397, -0.5751480959758970002, 0.07772329859249514639 ) ) ;
#2458 = CARTESIAN_POINT ( 'NONE',  ( 0.1563167563304009022, -0.5076457267943570439, -0.2753115466071930917 ) ) ;
#2459 = CARTESIAN_POINT ( 'NONE',  ( 0.2880697741238372744, -0.5246608535493820780, 0.03782795505284717447 ) ) ;
#2460 = CARTESIAN_POINT ( 'NONE',  ( -0.2723121254046802497, -0.5788433491990535584, -0.1487965503338273265 ) ) ;
#2461 = CARTESIAN_POINT ( 'NONE',  ( 0.02991217248210990137, -0.5291561317255569774, -0.2823130673811814484 ) ) ;
#2462 = B_SPLINE_SURFACE_WITH_KNOTS ( 'NONE', 3, 1, ( 
 ( #2676, #2996 ),
 ( #487, #4511 ),
 ( #4210, #876 ),
 ( #418, #1147 ) ),
 .UNSPECIFIED., .F., .F., .F.,
 ( 4, 4 ),
 ( 2, 2 ),
 ( 0.000000000000000000, 1.000000000000000000 ),
 ( 0.000000000000000000, 1.000000000000000000 ),
 .UNSPECIFIED. ) ;
#2463 = CARTESIAN_POINT ( 'NONE',  ( 0.1225765314640450548, -0.5585565789419794092, 0.3246020096309112923 ) ) ;
#2464 = CARTESIAN_POINT ( 'NONE',  ( 0.2324005152859462131, -0.5268701665594058836, -0.1686772007459904632 ) ) ;
#2465 = CARTESIAN_POINT ( 'NONE',  ( 0.3164598794112482016, -0.5697115686609648399, 0.07647851911627491506 ) ) ;
#2466 = CARTESIAN_POINT ( 'NONE',  ( 0.000000000000000000, 0.000000000000000000, 0.000000000000000000 ) ) ;
#2467 = ORIENTED_EDGE ( 'NONE', *, *, #2354, .F. ) ;
#2468 = CARTESIAN_POINT ( 'NONE',  ( -0.2919516552389599950, -0.5036595598781937744, 0.1373820207962472006 ) ) ;
#2469 = CARTESIAN_POINT ( 'NONE',  ( 0.01013952536219358061, -0.2894216745996738283, -0.1548249553003793744 ) ) ;
#2470 = EDGE_LOOP ( 'NONE', ( #3840, #783, #272, #837 ) ) ;
#2471 = APPROVAL_ROLE ( '' ) ;
#2472 = EDGE_CURVE ( 'NONE', #3059, #4439, #2918, .T. ) ;
#2473 = CARTESIAN_POINT ( 'NONE',  ( -0.2062901040266330310, -0.5291503390633799375, 0.1947174574905544131 ) ) ;
#2474 = DIRECTION ( 'NONE',  ( 0.4724784423450321125, 0.8813413940020674575, -0.001211914891547156764 ) ) ;
#2475 = CARTESIAN_POINT ( 'NONE',  ( 0.000000000000000000, 0.000000000000000000, 0.000000000000000000 ) ) ;
#2476 = CARTESIAN_POINT ( 'NONE',  ( -0.2856976254614865818, -0.5711492529229238446, 0.1527619569942940680 ) ) ;
#2477 = CARTESIAN_POINT ( 'NONE',  ( 0.000000000000000000, 0.000000000000000000, 0.000000000000000000 ) ) ;
#2478 = CARTESIAN_POINT ( 'NONE',  ( -0.3094701334631704270, -0.5779555199654424769, 0.03867093443230596589 ) ) ;
#2479 = ADVANCED_FACE ( 'NONE', ( #1811 ), #3001, .F. ) ;
#2480 = CARTESIAN_POINT ( 'NONE',  ( 0.1357726080271042524, -0.2894216745996738838, 0.07509577663126817959 ) ) ;
#2481 = FACE_OUTER_BOUND ( 'NONE', #1869, .T. ) ;
#2482 = CARTESIAN_POINT ( 'NONE',  ( 0.2198729754447983353, -0.5076457267943570439, -0.2277877316142238040 ) ) ;
#2483 = CARTESIAN_POINT ( 'NONE',  ( -0.2798777861805886169, -0.5291561317255569774, -0.04757973181327997819 ) ) ;
#2484 = CARTESIAN_POINT ( 'NONE',  ( 0.2724309963356771336, -0.5036595598781936634, -0.1728899675237963451 ) ) ;
#2485 = CARTESIAN_POINT ( 'NONE',  ( -0.2707299927870084333, -0.5570898433182754905, 0.2177938116090393228 ) ) ;
#2486 = CARTESIAN_POINT ( 'NONE',  ( 0.04399021213977179906, -0.5076451741082099733, 0.3135231525485821513 ) ) ;
#2487 = CARTESIAN_POINT ( 'NONE',  ( 0.09509392744336778169, -0.5785949642060882470, 0.2952436770725017645 ) ) ;
#2488 = ORIENTED_EDGE ( 'NONE', *, *, #576, .F. ) ;
#2489 = VERTEX_POINT ( 'NONE', #2596 ) ;
#2490 = CC_DESIGN_DATE_AND_TIME_ASSIGNMENT ( #1914, #1598, ( #1346 ) ) ;
#2491 = CARTESIAN_POINT ( 'NONE',  ( 0.2556819340020105580, -0.5751480959758971112, 0.1871329278673842800 ) ) ;
#2492 = VECTOR ( 'NONE', #1066, 39.37007874015748143 ) ;
#2493 = FACE_OUTER_BOUND ( 'NONE', #761, .T. ) ;
#2494 = CARTESIAN_POINT ( 'NONE',  ( -0.2753509986822462730, -0.5763141770085492555, 0.1511976758720761926 ) ) ;
#2495 = EDGE_LOOP ( 'NONE', ( #437, #3142, #3566, #4357 ) ) ;
#2496 = APPROVAL_DATE_TIME ( #3291, #561 ) ;
#2497 = AXIS2_PLACEMENT_3D ( 'NONE', #4456, #21, #3920 ) ;
#2498 = CARTESIAN_POINT ( 'NONE',  ( -0.3164525269514097405, -0.5697155349887011999, 0.07647967451511512860 ) ) ;
#2499 = ORIENTED_EDGE ( 'NONE', *, *, #514, .T. ) ;
#2500 = B_SPLINE_SURFACE_WITH_KNOTS ( 'NONE', 3, 1, ( 
 ( #2139, #4351 ),
 ( #285, #1040 ),
 ( #4005, #309 ),
 ( #3981, #231 ),
 ( #3172, #4677 ),
 ( #2881, #2115 ),
 ( #3626, #626 ),
 ( #2475, #969 ) ),
 .UNSPECIFIED., .F., .F., .F.,
 ( 4, 1, 1, 1, 1, 4 ),
 ( 2, 2 ),
 ( 0.000000000000000000, 0.2754608071627706600, 0.6018774309564619562, 0.7072349411873528613, 0.9076058685481156463, 1.000000000000000000 ),
 ( 0.000000000000000000, 1.000000000000000000 ),
 .UNSPECIFIED. ) ;
#2501 = CARTESIAN_POINT ( 'NONE',  ( 0.3465930877959058076, -0.5585565789419794092, -0.01626967160952701857 ) ) ;
#2502 = CARTESIAN_POINT ( 'NONE',  ( 0.000000000000000000, -0.6153076169366386017, 0.000000000000000000 ) ) ;
#2503 = CARTESIAN_POINT ( 'NONE',  ( 0.000000000000000000, 0.000000000000000000, 0.000000000000000000 ) ) ;
#2504 = B_SPLINE_CURVE_WITH_KNOTS ( 'NONE', 3,
 ( #2833, #3556, #3882, #159 ),
 .UNSPECIFIED., .F., .F.,
 ( 4, 4 ),
 ( 0.000000000000000000, 0.0009496860142668341748 ),
 .UNSPECIFIED. ) ;
#2505 = LINE ( 'NONE', #3959, #1337 ) ;
#2506 = VECTOR ( 'NONE', #3393, 39.37007874015748854 ) ;
#2507 = CARTESIAN_POINT ( 'NONE',  ( -0.3169449763787201557, -0.5036595598787236838, 0.06046048778616230912 ) ) ;
#2508 = ADVANCED_FACE ( 'NONE', ( #1515 ), #4776, .F. ) ;
#2509 = VERTEX_POINT ( 'NONE', #2620 ) ;
#2510 = CARTESIAN_POINT ( 'NONE',  ( 0.1813801642615783249, -0.5291503390633799375, 0.2181094479460892466 ) ) ;
#2511 = ADVANCED_FACE ( 'NONE', ( #409 ), #3569, .F. ) ;
#2512 = VECTOR ( 'NONE', #681, 39.37007874015748143 ) ;
#2513 = CARTESIAN_POINT ( 'NONE',  ( 0.000000000000000000, 0.000000000000000000, 0.000000000000000000 ) ) ;
#2514 = CARTESIAN_POINT ( 'NONE',  ( -0.2924705461066061662, -0.5117481726913168938, -0.1036925849811282524 ) ) ;
#2515 = CARTESIAN_POINT ( 'NONE',  ( 0.000000000000000000, 0.000000000000000000, 0.000000000000000000 ) ) ;
#2516 = CARTESIAN_POINT ( 'NONE',  ( 0.2903467056375096389, 3.175773292634706016E-15, 0.2086614173228346636 ) ) ;
#2517 = ORIENTED_EDGE ( 'NONE', *, *, #3219, .T. ) ;
#2518 = ORIENTED_EDGE ( 'NONE', *, *, #1157, .T. ) ;
#2519 = EDGE_CURVE ( 'NONE', #2055, #3640, #46, .T. ) ;
#2520 = CARTESIAN_POINT ( 'NONE',  ( -0.09722030812713765291, -0.5763141770085492555, 0.2987090915122807555 ) ) ;
#2521 = LINE ( 'NONE', #3241, #847 ) ;
#2522 = EDGE_LOOP ( 'NONE', ( #3071, #122, #1792, #762 ) ) ;
#2523 = CARTESIAN_POINT ( 'NONE',  ( -0.1622175997977088613, -0.5291561317290426336, -0.2329825241214363574 ) ) ;
#2524 = ORIENTED_EDGE ( 'NONE', *, *, #2919, .F. ) ;
#2525 = CONTEXT_DEPENDENT_SHAPE_REPRESENTATION ( #3581, #4451 ) ;
#2526 = CARTESIAN_POINT ( 'NONE',  ( 0.000000000000000000, 0.2716535433070866312, 0.000000000000000000 ) ) ;
#2527 = ORIENTED_EDGE ( 'NONE', *, *, #2519, .T. ) ;
#2528 = CARTESIAN_POINT ( 'NONE',  ( 0.000000000000000000, 0.000000000000000000, 0.000000000000000000 ) ) ;
#2529 = CARTESIAN_POINT ( 'NONE',  ( -0.3507630672601728672, -0.5533416366082752891, 0.06577187997065297997 ) ) ;
#2530 = CARTESIAN_POINT ( 'NONE',  ( -0.07588015021061185472, -0.5611928409090066738, -0.3317758013708539400 ) ) ;
#2531 = CARTESIAN_POINT ( 'NONE',  ( -0.004348465671622178154, -0.5076451741082084190, -0.3165643643785703842 ) ) ;
#2532 = ORIENTED_EDGE ( 'NONE', *, *, #2916, .T. ) ;
#2533 = CARTESIAN_POINT ( 'NONE',  ( 0.000000000000000000, 0.000000000000000000, 0.000000000000000000 ) ) ;
#2534 = CARTESIAN_POINT ( 'NONE',  ( 0.000000000000000000, 0.000000000000000000, 0.000000000000000000 ) ) ;
#2535 = CARTESIAN_POINT ( 'NONE',  ( 0.2515157101632752301, -0.5788433491993477675, 0.1817530043064030654 ) ) ;
#2536 = CARTESIAN_POINT ( 'NONE',  ( 0.3084890797889545677, -0.5675532765349016184, -0.1152377807916822455 ) ) ;
#2537 = CARTESIAN_POINT ( 'NONE',  ( -0.3043791986410547268, -0.5697115686609650620, -0.1155384031299964143 ) ) ;
#2538 = CARTESIAN_POINT ( 'NONE',  ( 0.000000000000000000, 0.000000000000000000, 0.000000000000000000 ) ) ;
#2539 = ORIENTED_EDGE ( 'NONE', *, *, #2912, .T. ) ;
#2540 = B_SPLINE_SURFACE_WITH_KNOTS ( 'NONE', 3, 1, ( 
 ( #2175, #3667 ),
 ( #4036, #322 ),
 ( #4798, #2556 ),
 ( #2150, #2221 ),
 ( #269, #735 ),
 ( #4819, #2583 ),
 ( #711, #1450 ),
 ( #1096, #4437 ) ),
 .UNSPECIFIED., .F., .F., .F.,
 ( 4, 1, 1, 1, 1, 4 ),
 ( 2, 2 ),
 ( 0.000000000000000000, 0.2754608071627706600, 0.6018774309564619562, 0.7072349411873528613, 0.9076058685481156463, 1.000000000000000000 ),
 ( 0.000000000000000000, 1.000000000000000000 ),
 .UNSPECIFIED. ) ;
#2541 = CARTESIAN_POINT ( 'NONE',  ( 0.000000000000000000, 0.000000000000000000, 0.000000000000000000 ) ) ;
#2542 = CARTESIAN_POINT ( 'NONE',  ( -0.05885328630853454285, -0.5779555199654424769, 0.3062735629568210105 ) ) ;
#2543 = CARTESIAN_POINT ( 'NONE',  ( -0.2663245788373728717, -0.5117476724477668659, -0.1592572135778629328 ) ) ;
#2544 = EDGE_CURVE ( 'NONE', #1564, #2606, #2667, .T. ) ;
#2545 = ORIENTED_EDGE ( 'NONE', *, *, #1645, .T. ) ;
#2546 = CARTESIAN_POINT ( 'NONE',  ( 0.2150616285591150645, -0.5291561317255569774, -0.1853210781273198215 ) ) ;
#2547 = VERTEX_POINT ( 'NONE', #496 ) ;
#2548 = EDGE_CURVE ( 'NONE', #163, #3601, #3699, .T. ) ;
#2549 = CARTESIAN_POINT ( 'NONE',  ( -0.2517088268063166212, -0.5268701665594058836, 0.1382196225738738238 ) ) ;
#2550 = CARTESIAN_POINT ( 'NONE',  ( 0.3141597138680760071, -0.5697115686609651730, -0.08543707243070113033 ) ) ;
#2551 = CARTESIAN_POINT ( 'NONE',  ( -0.2150616332379073348, -0.5291561317290428557, -0.1853210731114225407 ) ) ;
#2552 = B_SPLINE_CURVE_WITH_KNOTS ( 'NONE', 3,
 ( #2828, #520, #150, #3170 ),
 .UNSPECIFIED., .F., .F.,
 ( 4, 4 ),
 ( 0.000000000000000000, 0.0009496860142668341748 ),
 .UNSPECIFIED. ) ;
#2553 = CARTESIAN_POINT ( 'NONE',  ( 0.3162648376204485468, -0.5585565789419794092, 0.1427165835041379061 ) ) ;
#2554 = LINE ( 'NONE', #1448, #1167 ) ;
#2555 = CARTESIAN_POINT ( 'NONE',  ( 0.01868226010994074662, -0.5785949642060882470, 0.3096169521280782710 ) ) ;
#2556 = CARTESIAN_POINT ( 'NONE',  ( -0.005525192918909121488, -0.5585565789419792981, -0.3469307466417342334 ) ) ;
#2557 = ORIENTED_EDGE ( 'NONE', *, *, #1295, .T. ) ;
#2558 = EDGE_LOOP ( 'NONE', ( #2691, #3873, #1144, #3185 ) ) ;
#2559 = EDGE_CURVE ( 'NONE', #754, #95, #3184, .T. ) ;
#2560 = B_SPLINE_CURVE_WITH_KNOTS ( 'NONE', 3,
 ( #4680, #3248, #4760, #1415 ),
 .UNSPECIFIED., .F., .F.,
 ( 4, 4 ),
 ( 0.000000000000000000, 0.0008684883343403533053 ),
 .UNSPECIFIED. ) ;
#2561 = EDGE_CURVE ( 'NONE', #3445, #935, #23, .T. ) ;
#2562 = CARTESIAN_POINT ( 'NONE',  ( 0.1681885921170614973, -0.5763144579382283306, -0.2653134018788188553 ) ) ;
#2563 = CARTESIAN_POINT ( 'NONE',  ( 0.2444111299899155709, -0.5675494520111780128, 0.2207098052579592462 ) ) ;
#2564 = DIRECTION ( 'NONE',  ( 0.000000000000000000, 0.000000000000000000, 1.000000000000000000 ) ) ;
#2565 = EDGE_LOOP ( 'NONE', ( #3285, #3399, #1862, #4429 ) ) ;
#2566 = B_SPLINE_CURVE_WITH_KNOTS ( 'NONE', 3,
 ( #1663, #3130, #558, #189, #1686, #3154, #4282, #4030 ),
 .UNSPECIFIED., .F., .F.,
 ( 4, 2, 2, 4 ),
 ( 1.537718345388215225E-14, 0.0003533926699086818658, 0.0007067853398019864923, 0.001413570679588596612 ),
 .UNSPECIFIED. ) ;
#2567 = EDGE_CURVE ( 'NONE', #163, #3780, #2966, .T. ) ;
#2568 = ADVANCED_FACE ( 'NONE', ( #3704 ), #401, .F. ) ;
#2569 = CIRCLE ( 'NONE', #2712, 0.6850393700787401619 ) ;
#2570 = CARTESIAN_POINT ( 'NONE',  ( 0.2028180652509344872, -0.5751480959758970002, -0.2434272303484059097 ) ) ;
#2571 = EDGE_CURVE ( 'NONE', #414, #1927, #4659, .T. ) ;
#2572 = B_SPLINE_CURVE_WITH_KNOTS ( 'NONE', 1,
 ( #2740, #557 ),
 .UNSPECIFIED., .F., .F.,
 ( 2, 2 ),
 ( 2.325202133283249382E-05, 0.001514701155316569526 ),
 .UNSPECIFIED. ) ;
#2573 = CARTESIAN_POINT ( 'NONE',  ( 0.2781870082669418154, -0.5751480959758971112, 0.1516706052559841922 ) ) ;
#2574 = CARTESIAN_POINT ( 'NONE',  ( -0.2486139378774989139, -0.5036595598776049121, 0.2056713361837976262 ) ) ;
#2575 = VERTEX_POINT ( 'NONE', #3144 ) ;
#2576 = PLANE ( 'NONE',  #3723 ) ;
#2577 = CARTESIAN_POINT ( 'NONE',  ( 0.000000000000000000, 0.000000000000000000, 0.000000000000000000 ) ) ;
#2578 = AXIS2_PLACEMENT_3D ( 'NONE', #1849, #3603, #4759 ) ;
#2579 = B_SPLINE_SURFACE_WITH_KNOTS ( 'NONE', 3, 1, ( 
 ( #3952, #1341 ),
 ( #4703, #257 ),
 ( #2455, #3576 ),
 ( #678, #2809 ),
 ( #4306, #3247 ),
 ( #606, #4733 ),
 ( #1729, #1754 ),
 ( #3226, #1388 ) ),
 .UNSPECIFIED., .F., .F., .F.,
 ( 4, 1, 1, 1, 1, 4 ),
 ( 2, 2 ),
 ( 0.000000000000000000, 0.2754608071627706600, 0.6018774309564619562, 0.7072349411873528613, 0.9076058685481156463, 1.000000000000000000 ),
 ( 0.000000000000000000, 1.000000000000000000 ),
 .UNSPECIFIED. ) ;
#2580 = CARTESIAN_POINT ( 'NONE',  ( -0.02707800032163622597, -0.5675532765349017295, 0.3281951254504081317 ) ) ;
#2581 = CARTESIAN_POINT ( 'NONE',  ( 0.08887011720271216497, -0.5268700205389788005, 0.2730645128669275112 ) ) ;
#2582 = CARTESIAN_POINT ( 'NONE',  ( 0.000000000000000000, 0.000000000000000000, 0.000000000000000000 ) ) ;
#2583 = CARTESIAN_POINT ( 'NONE',  ( -0.01878939939699805425, -0.5751480959758970002, -0.3162893335816563400 ) ) ;
#2584 = ORIENTED_EDGE ( 'NONE', *, *, #1051, .F. ) ;
#2585 = VERTEX_POINT ( 'NONE', #2473 ) ;
#2586 = CARTESIAN_POINT ( 'NONE',  ( -0.01956899424837990620, -0.5763141770085489224, -0.3135218718503300361 ) ) ;
#2587 = CARTESIAN_POINT ( 'NONE',  ( -0.05385148118484577029, -0.5650778416537697302, 0.3305860767566018987 ) ) ;
#2588 = LINE ( 'NONE', #2629, #4122 ) ;
#2589 = DIRECTION ( 'NONE',  ( -0.3829554350332217694, -0.8813413940020675685, 0.2767354006935291433 ) ) ;
#2590 = ORIENTED_EDGE ( 'NONE', *, *, #4257, .F. ) ;
#2591 = CARTESIAN_POINT ( 'NONE',  ( -0.1187791326502473238, -0.5036595598781938854, 0.3000018437971406216 ) ) ;
#2592 = VERTEX_POINT ( 'NONE', #2012 ) ;
#2593 = CARTESIAN_POINT ( 'NONE',  ( -0.2427085136979738322, -0.5291561317290427446, 0.1472684066887589849 ) ) ;
#2594 = CARTESIAN_POINT ( 'NONE',  ( -0.3536355315669381105, -0.5531022667475554710, -0.02224886179760300620 ) ) ;
#2595 = CARTESIAN_POINT ( 'NONE',  ( -0.2317283061447780734, -0.5751480959758971112, 0.2160878899857650304 ) ) ;
#2596 = CARTESIAN_POINT ( 'NONE',  ( 0.1655304935845312297, -0.5785949642060881359, 0.2623191559561704467 ) ) ;
#2597 = CARTESIAN_POINT ( 'NONE',  ( -0.2001149613981376973, -0.5763144579382282195, 0.2421417063610752096 ) ) ;
#2598 = CARTESIAN_POINT ( 'NONE',  ( 0.1709445238175522075, -0.5533416366082751781, -0.3132708721305396682 ) ) ;
#2599 = CARTESIAN_POINT ( 'NONE',  ( 0.1628123693596672805, -0.5202702371058174347, 0.2487055747228666680 ) ) ;
#2600 = ORIENTED_EDGE ( 'NONE', *, *, #4128, .F. ) ;
#2601 = ORIENTED_EDGE ( 'NONE', *, *, #4076, .T. ) ;
#2602 = CARTESIAN_POINT ( 'NONE',  ( 0.000000000000000000, -0.5662497646253558115, 0.08202099737532810020 ) ) ;
#2603 = CARTESIAN_POINT ( 'NONE',  ( 0.000000000000000000, 0.000000000000000000, 0.000000000000000000 ) ) ;
#2604 = ORIENTED_EDGE ( 'NONE', *, *, #3049, .F. ) ;
#2605 = CARTESIAN_POINT ( 'NONE',  ( -0.2539151032426783527, -0.5246608535493828551, -0.1412170998586865234 ) ) ;
#2606 = VERTEX_POINT ( 'NONE', #2088 ) ;
#2607 = B_SPLINE_CURVE_WITH_KNOTS ( 'NONE', 3,
 ( #1941, #2615, #4092, #3700 ),
 .UNSPECIFIED., .F., .F.,
 ( 4, 4 ),
 ( 0.000000000000000000, 0.0009496860142668342832 ),
 .UNSPECIFIED. ) ;
#2608 = ORIENTED_EDGE ( 'NONE', *, *, #2061, .F. ) ;
#2609 = CARTESIAN_POINT ( 'NONE',  ( 0.000000000000000000, 0.000000000000000000, 0.000000000000000000 ) ) ;
#2610 = ORIENTED_EDGE ( 'NONE', *, *, #3360, .F. ) ;
#2611 = B_SPLINE_SURFACE_WITH_KNOTS ( 'NONE', 3, 1, ( 
 ( #3329, #1523 ),
 ( #2975, #759 ),
 ( #1543, #2246 ),
 ( #2994, #4486 ),
 ( #4688, #953 ),
 ( #3181, #4264 ),
 ( #217, #1248 ),
 ( #925, #3539 ) ),
 .UNSPECIFIED., .F., .F., .F.,
 ( 4, 1, 1, 1, 1, 4 ),
 ( 2, 2 ),
 ( 0.000000000000000000, 0.09239413145188504761, 0.2927650588126481379, 0.3981225690435391540, 0.7245391928372308943, 1.000000000000000000 ),
 ( 0.000000000000000000, 1.000000000000000000 ),
 .UNSPECIFIED. ) ;
#2612 = PERSON_AND_ORGANIZATION_ROLE ( 'creator' ) ;
#2613 = B_SPLINE_CURVE_WITH_KNOTS ( 'NONE', 3,
 ( #1607, #2384, #3858, #532, #2022, #3486, #3132, #1808 ),
 .UNSPECIFIED., .F., .F.,
 ( 4, 2, 2, 4 ),
 ( 0.0001822175744224718082, 0.0008899156074969193260, 0.001243764624034144305, 0.001597613640571369500 ),
 .UNSPECIFIED. ) ;
#2614 = ADVANCED_FACE ( 'NONE', ( #2397 ), #3609, .F. ) ;
#2615 = CARTESIAN_POINT ( 'NONE',  ( 0.04508876602120952259, -0.5786007325225112075, -0.3071283962343964169 ) ) ;
#2616 = CARTESIAN_POINT ( 'NONE',  ( 1.004467518985690132E-17, -0.6153076169366386017, -0.08202099737532810020 ) ) ;
#2617 = CARTESIAN_POINT ( 'NONE',  ( -0.3144854126814770057, -0.5751480959758970002, -0.03861229438649418921 ) ) ;
#2618 = CARTESIAN_POINT ( 'NONE',  ( 0.2717075446008305750, -0.5291561317255569774, 0.08228253936138910096 ) ) ;
#2619 = B_SPLINE_CURVE_WITH_KNOTS ( 'NONE', 3,
 ( #4195, #3850, #3096, #85 ),
 .UNSPECIFIED., .F., .F.,
 ( 4, 4 ),
 ( 0.000000000000000000, 0.0009496860142668346084 ),
 .UNSPECIFIED. ) ;
#2620 = CARTESIAN_POINT ( 'NONE',  ( -0.2425588141000353248, -0.5531022667475552490, -0.2582989019339885783 ) ) ;
#2621 = CARTESIAN_POINT ( 'NONE',  ( 0.1065312324776352126, -0.5117481726913171158, 0.2914485701230338233 ) ) ;
#2622 = CARTESIAN_POINT ( 'NONE',  ( 0.3100929092385226737, -0.5785182336645523504, 0.01324996963447420614 ) ) ;
#2623 = CARTESIAN_POINT ( 'NONE',  ( 0.1825528974563380424, -0.5076457267943570439, 0.2586615851555814638 ) ) ;
#2624 = ORIENTED_EDGE ( 'NONE', *, *, #45, .T. ) ;
#2625 = EDGE_CURVE ( 'NONE', #1276, #599, #2041, .T. ) ;
#2626 = CARTESIAN_POINT ( 'NONE',  ( -0.1224161579115092685, -0.5246614642377032123, 0.2634936216451569391 ) ) ;
#2627 = B_SPLINE_CURVE_WITH_KNOTS ( 'NONE', 3,
 ( #4016, #3611, #977, #3210 ),
 .UNSPECIFIED., .F., .F.,
 ( 4, 4 ),
 ( 0.000000000000000000, 0.0008684883343403535221 ),
 .UNSPECIFIED. ) ;
#2628 = CARTESIAN_POINT ( 'NONE',  ( -0.3162127393363937666, -0.5076451741082098623, -0.01553735593586279794 ) ) ;
#2629 = CARTESIAN_POINT ( 'NONE',  ( -0.04832437419161036279, -0.2894216745996738283, -0.1474392472082120265 ) ) ;
#2630 = CARTESIAN_POINT ( 'NONE',  ( 0.1224163049833444233, -0.5246608535493828551, 0.2634945867023893440 ) ) ;
#2631 = ORIENTED_EDGE ( 'NONE', *, *, #4720, .F. ) ;
#2632 = ORIENTED_EDGE ( 'NONE', *, *, #1770, .T. ) ;
#2633 = PERSON ( 'NAUO-PER2', 'UNSPECIFIED', 'UNSPECIFIED', ('UNSPECIFIED'), ('UNSPECIFIED'), ('UNSPECIFIED') ) ;
#2634 = CARTESIAN_POINT ( 'NONE',  ( 0.1716941304604031049, -0.5741050682364805535, 0.2676189143465527165 ) ) ;
#2635 = ORIENTED_EDGE ( 'NONE', *, *, #987, .T. ) ;
#2636 = APPROVAL_ROLE ( '' ) ;
#2637 = PRODUCT_RELATED_PRODUCT_CATEGORY ( 'detail', '', ( #1064 ) ) ;
#2638 = VECTOR ( 'NONE', #1713, 39.37007874015748143 ) ;
#2639 = CARTESIAN_POINT ( 'NONE',  ( 0.000000000000000000, 0.000000000000000000, 0.000000000000000000 ) ) ;
#2640 = AXIS2_PLACEMENT_3D ( 'NONE', #112, #3057, #2019 ) ;
#2641 = CARTESIAN_POINT ( 'NONE',  ( -0.1417399958556364026, -0.5291561317290426336, 0.2459780067505413781 ) ) ;
#2642 = FACE_OUTER_BOUND ( 'NONE', #829, .T. ) ;
#2643 = CARTESIAN_POINT ( 'NONE',  ( -0.2586585701535986659, -0.5785182336645523504, 0.1715485882816324137 ) ) ;
#2644 = EDGE_CURVE ( 'NONE', #2931, #2575, #704, .T. ) ;
#2645 = CARTESIAN_POINT ( 'NONE',  ( 0.2954154179505047439, -0.5202677472389243274, -0.03308061643121427281 ) ) ;
#2646 = DIRECTION ( 'NONE',  ( 0.000000000000000000, 0.000000000000000000, 1.000000000000000000 ) ) ;
#2647 = CARTESIAN_POINT ( 'NONE',  ( 0.3263565635601350934, -0.5611928409090068959, -0.09656279300267196775 ) ) ;
#2648 = CARTESIAN_POINT ( 'NONE',  ( 0.3141314684823411918, -0.5763144579382279975, -0.0001557047183985206561 ) ) ;
#2649 = VERTEX_POINT ( 'NONE', #624 ) ;
#2650 = ORIENTED_EDGE ( 'NONE', *, *, #890, .T. ) ;
#2651 = CARTESIAN_POINT ( 'NONE',  ( 0.3068680621356610350, -0.5036595598781937744, -0.09970747753269637581 ) ) ;
#2652 = FACE_OUTER_BOUND ( 'NONE', #3543, .T. ) ;
#2653 = CARTESIAN_POINT ( 'NONE',  ( 0.000000000000000000, 0.000000000000000000, 0.000000000000000000 ) ) ;
#2654 = VERTEX_POINT ( 'NONE', #2453 ) ;
#2655 = EDGE_LOOP ( 'NONE', ( #4087, #2545, #922, #3375 ) ) ;
#2656 = VECTOR ( 'NONE', #2474, 39.37007874015748854 ) ;
#2657 = VECTOR ( 'NONE', #1976, 39.37007874015748854 ) ;
#2658 = CARTESIAN_POINT ( 'NONE',  ( -0.2083907514114278214, -0.5585565789419794092, 0.2774252429905446071 ) ) ;
#2659 = CARTESIAN_POINT ( 'NONE',  ( 0.2003647683728158047, -0.5570898433182812637, 0.2838711555698261169 ) ) ;
#2660 = ORIENTED_EDGE ( 'NONE', *, *, #2837, .F. ) ;
#2661 = PERSON_AND_ORGANIZATION_ROLE ( 'design_owner' ) ;
#2662 = ORIENTED_EDGE ( 'NONE', *, *, #534, .F. ) ;
#2663 = CARTESIAN_POINT ( 'NONE',  ( 0.2829175098414082323, -0.5291561317290429667, 0.02351784121176976952 ) ) ;
#2664 = CARTESIAN_POINT ( 'NONE',  ( 0.3480584879824998312, -0.5531022667475552490, 0.06639570755143421599 ) ) ;
#2665 = DIRECTION ( 'NONE',  ( 0.02845764340689918917, 0.8813413940020675685, -0.4716222108321637130 ) ) ;
#2666 = CARTESIAN_POINT ( 'NONE',  ( 0.000000000000000000, 0.000000000000000000, 0.000000000000000000 ) ) ;
#2667 = B_SPLINE_CURVE_WITH_KNOTS ( 'NONE', 3,
 ( #2217, #3664, #3822, #2580, #3300, #732, #1857, #3322 ),
 .UNSPECIFIED., .F., .F.,
 ( 4, 2, 2, 4 ),
 ( 0.0001822175744224785844, 0.0008899156074969285417, 0.001243764624034154279, 0.001597613640571379692 ),
 .UNSPECIFIED. ) ;
#2668 = B_SPLINE_CURVE_WITH_KNOTS ( 'NONE', 3,
 ( #3006, #362, #2641, #4475 ),
 .UNSPECIFIED., .F., .F.,
 ( 4, 4 ),
 ( 4.336808689942017255E-19, 0.0008684883343403524379 ),
 .UNSPECIFIED. ) ;
#2669 = CARTESIAN_POINT ( 'NONE',  ( -0.3206116495285465939, -0.5531022667475552490, 0.1508683904086736971 ) ) ;
#2670 = CARTESIAN_POINT ( 'NONE',  ( 0.2634839649340137147, -0.5291503390633798265, -0.1051032610985808691 ) ) ;
#2671 = CARTESIAN_POINT ( 'NONE',  ( 0.2903467056375096389, 3.175773292634706016E-15, 0.3661417322834645272 ) ) ;
#2672 = VERTEX_POINT ( 'NONE', #4247 ) ;
#2673 = EDGE_CURVE ( 'NONE', #802, #1109, #2552, .T. ) ;
#2674 = CARTESIAN_POINT ( 'NONE',  ( -0.004758024181758782958, -0.5570908895713216902, -0.3474262328339589034 ) ) ;
#2675 = CARTESIAN_POINT ( 'NONE',  ( -0.3561000019025549190, -0.5533416366082752891, -0.02352569220318300597 ) ) ;
#2676 = CARTESIAN_POINT ( 'NONE',  ( 0.000000000000000000, 0.000000000000000000, 0.000000000000000000 ) ) ;
#2677 = VERTEX_POINT ( 'NONE', #4304 ) ;
#2678 = ORIENTED_EDGE ( 'NONE', *, *, #3937, .F. ) ;
#2679 = B_SPLINE_SURFACE_WITH_KNOTS ( 'NONE', 3, 1, ( 
 ( #291, #1784 ),
 ( #3032, #3412 ),
 ( #1921, #2643 ),
 ( #1945, #2307 ) ),
 .UNSPECIFIED., .F., .F., .F.,
 ( 4, 4 ),
 ( 2, 2 ),
 ( 0.000000000000000000, 1.000000000000000000 ),
 ( 0.000000000000000000, 1.000000000000000000 ),
 .UNSPECIFIED. ) ;
#2680 = CARTESIAN_POINT ( 'NONE',  ( 0.2290680135192280087, -0.5291503390633798265, -0.1673270463889798831 ) ) ;
#2681 = ORIENTED_EDGE ( 'NONE', *, *, #4377, .T. ) ;
#2682 = B_SPLINE_CURVE_WITH_KNOTS ( 'NONE', 1,
 ( #2961, #1047 ),
 .UNSPECIFIED., .F., .F.,
 ( 2, 2 ),
 ( 2.325202134881968166E-05, 0.001514701155316585139 ),
 .UNSPECIFIED. ) ;
#2683 = COORDINATED_UNIVERSAL_TIME_OFFSET ( 5, 0, .BEHIND. ) ;
#2684 = CARTESIAN_POINT ( 'NONE',  ( -0.2183518439816860279, -0.5117476724477667549, -0.2204860848200779211 ) ) ;
#2685 = CARTESIAN_POINT ( 'NONE',  ( 0.3077655551049667815, -0.5788433491990535584, -0.03968211340885461486 ) ) ;
#2686 = CARTESIAN_POINT ( 'NONE',  ( -0.05736485427281457633, -0.5788433491990535584, -0.3049648840898248059 ) ) ;
#2687 = CARTESIAN_POINT ( 'NONE',  ( -0.1304393140617615965, -0.5531022667475552490, 0.3294521002892782935 ) ) ;
#2688 = CARTESIAN_POINT ( 'NONE',  ( 8.389312718568481620E-17, 0.2244094488188976555, 0.6850393700787401619 ) ) ;
#2689 = CARTESIAN_POINT ( 'NONE',  ( 0.2038804285161062158, -0.5741060011268070973, -0.2439887241827823350 ) ) ;
#2690 = CARTESIAN_POINT ( 'NONE',  ( -0.2815266407504329327, -0.5291503390633799375, 0.03483167837876414985 ) ) ;
#2691 = ORIENTED_EDGE ( 'NONE', *, *, #342, .T. ) ;
#2692 = ORIENTED_EDGE ( 'NONE', *, *, #2644, .F. ) ;
#2693 = EDGE_CURVE ( 'NONE', #1076, #1613, #61, .T. ) ;
#2694 = CARTESIAN_POINT ( 'NONE',  ( -0.3031613273366559058, -0.5117476724477684202, 0.06621820729198842070 ) ) ;
#2695 = CARTESIAN_POINT ( 'NONE',  ( -0.2882279939434362892, -0.5788433491993477675, -0.1149736080180253500 ) ) ;
#2696 = CARTESIAN_POINT ( 'NONE',  ( -0.1339598071340195040, -0.5741050682364793323, 0.2883635341425802578 ) ) ;
#2697 = ORIENTED_EDGE ( 'NONE', *, *, #3988, .F. ) ;
#2698 = EDGE_CURVE ( 'NONE', #935, #2086, #1676, .T. ) ;
#2699 = VERTEX_POINT ( 'NONE', #3904 ) ;
#2700 = CARTESIAN_POINT ( 'NONE',  ( -0.04962072290458911794, -0.5510269468160308159, 0.3579292897803120210 ) ) ;
#2701 = CARTESIAN_POINT ( 'NONE',  ( 0.1549687703285494988, -0.5785182336645523504, 0.2689197915330561184 ) ) ;
#2702 = CARTESIAN_POINT ( 'NONE',  ( -0.7420587615486897715, -0.2717275222360906461, 0.3661417322834645272 ) ) ;
#2703 = CARTESIAN_POINT ( 'NONE',  ( 0.000000000000000000, 0.000000000000000000, 0.000000000000000000 ) ) ;
#2704 = ADVANCED_FACE ( 'NONE', ( #229 ), #4082, .F. ) ;
#2705 = VERTEX_POINT ( 'NONE', #4379 ) ;
#2706 = MECHANICAL_CONTEXT ( 'NONE', #4149, 'mechanical' ) ;
#2707 = CARTESIAN_POINT ( 'NONE',  ( -0.07112089322130943359, -0.5785182336645523504, 0.3021175145580410892 ) ) ;
#2708 = ORIENTED_EDGE ( 'NONE', *, *, #546, .F. ) ;
#2709 = CARTESIAN_POINT ( 'NONE',  ( 0.05892856892082589532, -0.5788433491990536695, 0.3046665895673578150 ) ) ;
#2710 = CARTESIAN_POINT ( 'NONE',  ( 0.2255661700352079579, -0.5785949642060881359, 0.2129121575287420409 ) ) ;
#2711 = CARTESIAN_POINT ( 'NONE',  ( 0.000000000000000000, 0.000000000000000000, 0.000000000000000000 ) ) ;
#2712 = AXIS2_PLACEMENT_3D ( 'NONE', #3397, #1145, #73 ) ;
#2713 = CARTESIAN_POINT ( 'NONE',  ( 0.2341406323152792068, -0.5697115686609646179, -0.2262166737051042043 ) ) ;
#2714 = CARTESIAN_POINT ( 'NONE',  ( 0.09722004621605147279, -0.5763144579382282195, 0.2987086646694068759 ) ) ;
#2715 = ADVANCED_FACE ( 'NONE', ( #3268 ), #1246, .F. ) ;
#2716 = PLANE ( 'NONE',  #2640 ) ;
#2717 = CARTESIAN_POINT ( 'NONE',  ( 0.2854346912820842075, -0.5675494520111776797, -0.1642457171820773387 ) ) ;
#2718 = ORIENTED_EDGE ( 'NONE', *, *, #4590, .F. ) ;
#2719 = CARTESIAN_POINT ( 'NONE',  ( -0.2082727287965566165, -0.5531022667475554710, 0.2866628184427753578 ) ) ;
#2720 = AXIS2_PLACEMENT_3D ( 'NONE', #1213, #1992, #3798 ) ;
#2721 = CARTESIAN_POINT ( 'NONE',  ( -0.05304203016755806854, -0.5246614642377028792, 0.2856591454884667702 ) ) ;
#2722 = CARTESIAN_POINT ( 'NONE',  ( -0.2907943923977281409, -0.5570898433182758236, -0.1901775347397363092 ) ) ;
#2723 = CARTESIAN_POINT ( 'NONE',  ( -0.2430822966646670469, -0.5785182336645522394, -0.1929874895001124080 ) ) ;
#2724 = VERTEX_POINT ( 'NONE', #2854 ) ;
#2725 = CARTESIAN_POINT ( 'NONE',  ( 0.000000000000000000, 0.000000000000000000, 0.000000000000000000 ) ) ;
#2726 = B_SPLINE_CURVE_WITH_KNOTS ( 'NONE', 3,
 ( #1542, #2674, #4156, #3040, #1840, #1567, #2586, #3308 ),
 .UNSPECIFIED., .F., .F.,
 ( 4, 2, 2, 4 ),
 ( 0.0001822175744224275998, 0.0008899156074968780179, 0.001243764624034104189, 0.001597613640571330252 ),
 .UNSPECIFIED. ) ;
#2727 = CARTESIAN_POINT ( 'NONE',  ( -0.2920886278211995979, -0.5611936780632696964, -0.1746889722740940232 ) ) ;
#2728 = CARTESIAN_POINT ( 'NONE',  ( 0.08024232255343043130, -0.5036595598787236838, -0.3125232124279402890 ) ) ;
#2729 = CARTESIAN_POINT ( 'NONE',  ( -0.5079527800597907206, -0.4068886736676063376, 0.2086614173228346636 ) ) ;
#2730 = B_SPLINE_CURVE_WITH_KNOTS ( 'NONE', 3,
 ( #4682, #1758, #2459, #1369, #4311, #2834, #3229, #213 ),
 .UNSPECIFIED., .F., .F.,
 ( 4, 2, 2, 4 ),
 ( 1.410810460473639482E-14, 0.0003227673804012968421, 0.0006455347607884855034, 0.001291069521562865320 ),
 .UNSPECIFIED. ) ;
#2731 = APPROVAL_STATUS ( 'not_yet_approved' ) ;
#2732 = CARTESIAN_POINT ( 'NONE',  ( 0.2267527419247925835, -0.5788433491993476565, -0.2118431048274371786 ) ) ;
#2733 = CARTESIAN_POINT ( 'NONE',  ( 0.2696137668757602190, -0.5076457267943571550, -0.1659511756992572695 ) ) ;
#2734 = CARTESIAN_POINT ( 'NONE',  ( 0.1983286070162609549, -0.5785949642060881359, 0.2384899317096755844 ) ) ;
#2735 = CARTESIAN_POINT ( 'NONE',  ( 0.07112089322130506208, -0.5785182336645523504, 0.3021175145580420884 ) ) ;
#2736 = CARTESIAN_POINT ( 'NONE',  ( -2.294325463428971948E-17, -0.5785995125482514823, 0.3101722050370749328 ) ) ;
#2737 = CARTESIAN_POINT ( 'NONE',  ( 0.1049947335334575210, -0.5697115686609648399, 0.3081751532707307506 ) ) ;
#2738 = B_SPLINE_CURVE_WITH_KNOTS ( 'NONE', 3,
 ( #2024, #485, #1975, #1636, #3109, #4637, #2722, #4662 ),
 .UNSPECIFIED., .F., .F.,
 ( 4, 2, 2, 4 ),
 ( 1.537675768514527883E-14, 0.0003533926699086804022, 0.0007067853398019841070, 0.001413570679588594010 ),
 .UNSPECIFIED. ) ;
#2739 = EDGE_CURVE ( 'NONE', #3350, #4719, #4424, .T. ) ;
#2740 = CARTESIAN_POINT ( 'NONE',  ( -0.3068680621356596472, -0.5036595598781937744, -0.09970747753270078895 ) ) ;
#2741 = CARTESIAN_POINT ( 'NONE',  ( 0.000000000000000000, 0.000000000000000000, 0.000000000000000000 ) ) ;
#2742 = ORIENTED_EDGE ( 'NONE', *, *, #1197, .T. ) ;
#2743 = CARTESIAN_POINT ( 'NONE',  ( 0.1539825372778444723, -0.2894216745996738838, 0.01905137716314095342 ) ) ;
#2744 = CARTESIAN_POINT ( 'NONE',  ( 0.1343730520043440180, -0.5650778416537698412, 0.3068077884705040503 ) ) ;
#2745 = CYLINDRICAL_SURFACE ( 'NONE', #1802, 0.08202099737532810020 ) ;
#2746 = CARTESIAN_POINT ( 'NONE',  ( 0.05386962166554879611, -0.5291503390633799375, 0.2785113267580253682 ) ) ;
#2747 = VERTEX_POINT ( 'NONE', #1038 ) ;
#2748 = CARTESIAN_POINT ( 'NONE',  ( 0.000000000000000000, 0.000000000000000000, 0.000000000000000000 ) ) ;
#2749 = CARTESIAN_POINT ( 'NONE',  ( 0.000000000000000000, 0.000000000000000000, 0.000000000000000000 ) ) ;
#2750 = CARTESIAN_POINT ( 'NONE',  ( 0.2135333244234740024, -0.5076451741082081970, -0.2337422197823168235 ) ) ;
#2751 = ORIENTED_EDGE ( 'NONE', *, *, #1828, .T. ) ;
#2752 = APPROVAL_DATE_TIME ( #601, #200 ) ;
#2753 = CARTESIAN_POINT ( 'NONE',  ( -0.3156657729965532955, -0.5076457267943592644, -0.02421767460739081626 ) ) ;
#2754 = CARTESIAN_POINT ( 'NONE',  ( 0.05699983312125186247, -0.5711492529229238446, 0.3189206291904111978 ) ) ;
#2755 = CARTESIAN_POINT ( 'NONE',  ( 0.2624883912559652921, -0.5202702371058175457, 0.1395068993655706191 ) ) ;
#2756 = CARTESIAN_POINT ( 'NONE',  ( -0.5079527800597931630, -0.4068886736676071147, -0.2047244094488188948 ) ) ;
#2757 = CARTESIAN_POINT ( 'NONE',  ( 0.2083907514114236303, -0.5585565789419794092, 0.2774252429905477157 ) ) ;
#2758 = EDGE_CURVE ( 'NONE', #3761, #2871, #1284, .T. ) ;
#2759 = CARTESIAN_POINT ( 'NONE',  ( 0.000000000000000000, 0.000000000000000000, 0.000000000000000000 ) ) ;
#2760 = CARTESIAN_POINT ( 'NONE',  ( 0.2001151814545170660, -0.5763141770085508098, 0.2421421562137664740 ) ) ;
#2761 = DIRECTION ( 'NONE',  ( 0.4999999999999955591, 0.8660254037844412611, -0.000000000000000000 ) ) ;
#2762 = FACE_BOUND ( 'NONE', #1983, .T. ) ;
#2763 = CARTESIAN_POINT ( 'NONE',  ( -0.1413430088183255662, -0.5711492529229236226, -0.2915158701636006988 ) ) ;
#2764 = VERTEX_POINT ( 'NONE', #3315 ) ;
#2765 = EDGE_LOOP ( 'NONE', ( #3975, #3155, #2624, #896 ) ) ;
#2766 = CARTESIAN_POINT ( 'NONE',  ( -0.3066152754652567980, -0.5751480959758970002, -0.07986899848247057399 ) ) ;
#2767 = CARTESIAN_POINT ( 'NONE',  ( 0.04044004309533120317, -0.5036595598781961058, 0.3201159033057788261 ) ) ;
#2768 = CARTESIAN_POINT ( 'NONE',  ( 0.08696754562765866836, -0.5291503390633799375, 0.2700132242657867221 ) ) ;
#2769 = ORIENTED_EDGE ( 'NONE', *, *, #1292, .F. ) ;
#2770 = ADVANCED_FACE ( 'NONE', ( #353 ), #1845, .T. ) ;
#2771 = CARTESIAN_POINT ( 'NONE',  ( -0.04583897374740280445, -0.5533416366082754001, 0.3539201294563836253 ) ) ;
#2772 = CARTESIAN_POINT ( 'NONE',  ( -0.1668740123983523671, -0.5785949642060880249, -0.2614665329903061997 ) ) ;
#2773 = CARTESIAN_POINT ( 'NONE',  ( -0.1539863153484626601, -0.5268701665594059946, 0.2423844306924027026 ) ) ;
#2774 = ORIENTED_EDGE ( 'NONE', *, *, #1410, .T. ) ;
#2775 = COORDINATED_UNIVERSAL_TIME_OFFSET ( 5, 0, .BEHIND. ) ;
#2776 = CARTESIAN_POINT ( 'NONE',  ( -0.2849152138543272206, -0.5268700205389784674, -0.03585312863919969811 ) ) ;
#2777 = CARTESIAN_POINT ( 'NONE',  ( 0.01987987557721968002, -0.5763144579382283306, 0.3135018250056373912 ) ) ;
#2778 = PRODUCT_DEFINITION ( 'UNKNOWN', '', #1809, #2813 ) ;
#2779 = CARTESIAN_POINT ( 'NONE',  ( -0.8798653543246250930, -0.5104155425419641956, -0.2047244094488188948 ) ) ;
#2780 = CARTESIAN_POINT ( 'NONE',  ( -0.06916301017900153281, -0.5117481726913168938, -0.3025023149381576015 ) ) ;
#2781 = CARTESIAN_POINT ( 'NONE',  ( -0.08860584219504834269, -0.5268701665594058836, -0.2731501460471560394 ) ) ;
#2782 = B_SPLINE_CURVE_WITH_KNOTS ( 'NONE', 3,
 ( #1372, #4333, #4710, #3961 ),
 .UNSPECIFIED., .F., .F.,
 ( 4, 4 ),
 ( 0.000000000000000000, 0.0008684883343403530884 ),
 .UNSPECIFIED. ) ;
#2783 = DIRECTION ( 'NONE',  ( 0.000000000000000000, 1.000000000000000000, 0.000000000000000000 ) ) ;
#2784 = CARTESIAN_POINT ( 'NONE',  ( 0.2256630033211676212, -0.5788433491993477675, 0.2130035585745241045 ) ) ;
#2785 = CARTESIAN_POINT ( 'NONE',  ( 0.000000000000000000, 0.000000000000000000, 0.000000000000000000 ) ) ;
#2786 = B_SPLINE_CURVE_WITH_KNOTS ( 'NONE', 3,
 ( #2242, #3415, #4100, #1585, #3349, #26, #3058, #3373 ),
 .UNSPECIFIED., .F., .F.,
 ( 4, 2, 2, 4 ),
 ( 1.537741459452350503E-14, 0.0003533926699086799143, 0.0007067853398019824807, 0.001413570679588592276 ),
 .UNSPECIFIED. ) ;
#2787 = ORIENTED_EDGE ( 'NONE', *, *, #2758, .T. ) ;
#2788 = EDGE_LOOP ( 'NONE', ( #304, #377, #1203, #1235 ) ) ;
#2789 = EDGE_CURVE ( 'NONE', #730, #1695, #1753, .T. ) ;
#2790 = CARTESIAN_POINT ( 'NONE',  ( 0.1328447193485274291, -0.5788433491990536695, 0.2804399892577240649 ) ) ;
#2791 = DIRECTION ( 'NONE',  ( 0.3452515744341093651, -0.8813413940020674575, -0.3225503023859395690 ) ) ;
#2792 = CARTESIAN_POINT ( 'NONE',  ( -0.1200519355291851664, -0.5786007325277198188, -0.2862662775205919719 ) ) ;
#2793 = CARTESIAN_POINT ( 'NONE',  ( 0.05890328233474010494, -0.5785949642060882470, 0.3045358553899525922 ) ) ;
#2794 = AXIS2_PLACEMENT_3D ( 'NONE', #161, #947, #114 ) ;
#2795 = ORIENTED_EDGE ( 'NONE', *, *, #1915, .T. ) ;
#2796 = B_SPLINE_SURFACE_WITH_KNOTS ( 'NONE', 3, 1, ( 
 ( #887, #3477 ),
 ( #4111, #3046 ),
 ( #124, #2701 ),
 ( #2342, #1230 ) ),
 .UNSPECIFIED., .F., .F., .F.,
 ( 4, 4 ),
 ( 2, 2 ),
 ( 0.000000000000000000, 1.000000000000000000 ),
 ( 0.000000000000000000, 1.000000000000000000 ),
 .UNSPECIFIED. ) ;
#2797 = CARTESIAN_POINT ( 'NONE',  ( -0.05244015005208496616, -0.5291503390633798265, -0.2787840130520756188 ) ) ;
#2798 = CARTESIAN_POINT ( 'NONE',  ( 0.1338918732935474309, -0.5763141770085501436, -0.2841687455199309320 ) ) ;
#2799 = CARTESIAN_POINT ( 'NONE',  ( 0.000000000000000000, 0.000000000000000000, 0.000000000000000000 ) ) ;
#2800 = ADVANCED_FACE ( 'NONE', ( #1824 ), #4755, .T. ) ;
#2801 = ORIENTED_EDGE ( 'NONE', *, *, #3659, .T. ) ;
#2802 = VERTEX_POINT ( 'NONE', #2934 ) ;
#2803 = SECURITY_CLASSIFICATION ( '', '', #519 ) ;
#2804 = SECURITY_CLASSIFICATION_LEVEL ( 'unclassified' ) ;
#2805 = CC_DESIGN_SECURITY_CLASSIFICATION ( #3806, ( #4832 ) ) ;
#2806 = FACE_OUTER_BOUND ( 'NONE', #1451, .T. ) ;
#2807 = CARTESIAN_POINT ( 'NONE',  ( 0.2505800078945610854, -0.5788433491993476565, -0.1830408879920052967 ) ) ;
#2808 = CARTESIAN_POINT ( 'NONE',  ( 0.05539151356774097562, -0.5675532765349026176, 0.3246182969204006730 ) ) ;
#2809 = CARTESIAN_POINT ( 'NONE',  ( 0.2761943799093699026, -0.5650778416537697302, -0.1894829825541134993 ) ) ;
#2810 = CARTESIAN_POINT ( 'NONE',  ( -0.5079527800597931630, -0.4068886736676071147, -0.2047244094488188948 ) ) ;
#2811 = CARTESIAN_POINT ( 'NONE',  ( 0.000000000000000000, 0.000000000000000000, 0.000000000000000000 ) ) ;
#2812 = VECTOR ( 'NONE', #2213, 39.37007874015748143 ) ;
#2813 = DESIGN_CONTEXT ( 'detailed design', #1272, 'design' ) ;
#2814 = CARTESIAN_POINT ( 'NONE',  ( -0.2681804842397597644, -0.5291561317255569774, 0.09313771496928037463 ) ) ;
#2815 = FACE_OUTER_BOUND ( 'NONE', #3902, .T. ) ;
#2816 = CARTESIAN_POINT ( 'NONE',  ( 0.01839898171052824216, -0.5741050682364789992, -0.3174275275123419338 ) ) ;
#2817 = VERTEX_POINT ( 'NONE', #4067 ) ;
#2818 = PLANE ( 'NONE',  #4276 ) ;
#2819 = CARTESIAN_POINT ( 'NONE',  ( 1.004467518985690132E-17, -0.6153076169366386017, -0.08202099737532810020 ) ) ;
#2820 = CARTESIAN_POINT ( 'NONE',  ( 0.3403828081863086163, -0.5570898433182758236, 0.06977404432057843220 ) ) ;
#2821 = CARTESIAN_POINT ( 'NONE',  ( 0.2824285969090120640, -0.5611936780632698074, -0.1899107453112048316 ) ) ;
#2822 = ORIENTED_EDGE ( 'NONE', *, *, #359, .F. ) ;
#2823 = ADVANCED_FACE ( 'NONE', ( #3293 ), #3307, .F. ) ;
#2824 = CARTESIAN_POINT ( 'NONE',  ( -0.2882869792584011326, -0.5076457267943570439, 0.1308510358956652686 ) ) ;
#2825 = CARTESIAN_POINT ( 'NONE',  ( -0.09652172611886478126, -0.5711492529229237336, -0.3092618713745574621 ) ) ;
#2826 = PERSON_AND_ORGANIZATION ( #1829, #4201 ) ;
#2827 = EDGE_CURVE ( 'NONE', #2163, #587, #2212, .T. ) ;
#2828 = CARTESIAN_POINT ( 'NONE',  ( 0.2881043136620079492, -0.5785949642060881359, -0.1149242721849463855 ) ) ;
#2829 = CARTESIAN_POINT ( 'NONE',  ( 0.3068680621356610350, -0.5036595598781937744, -0.09970747753269637581 ) ) ;
#2830 = CARTESIAN_POINT ( 'NONE',  ( 0.000000000000000000, 0.000000000000000000, 0.000000000000000000 ) ) ;
#2831 = CARTESIAN_POINT ( 'NONE',  ( 0.2412984032714995675, -0.5570898433182754905, -0.2500079077714789100 ) ) ;
#2832 = CARTESIAN_POINT ( 'NONE',  ( 0.01916283571778129927, -0.5779555199654424769, 0.3112876329101967876 ) ) ;
#2833 = CARTESIAN_POINT ( 'NONE',  ( 0.2514077833328814404, -0.5785949642060881359, 0.1816750130522718498 ) ) ;
#2834 = CARTESIAN_POINT ( 'NONE',  ( 0.3062488215272433090, -0.5117476724477645345, 0.05003299593934155964 ) ) ;
#2835 = B_SPLINE_CURVE_WITH_KNOTS ( 'NONE', 3,
 ( #2015, #2777, #4626, #1287, #1653, #912, #4274, #3849 ),
 .UNSPECIFIED., .F., .F.,
 ( 4, 2, 2, 4 ),
 ( 1.537678113308126265E-14, 0.0003533926699086500445, 0.0007067853398019232833, 0.001413570679588469761 ),
 .UNSPECIFIED. ) ;
#2836 = CARTESIAN_POINT ( 'NONE',  ( -0.8798653543246256481, -0.5104155425419659720, 0.3661417322834645272 ) ) ;
#2837 = EDGE_CURVE ( 'NONE', #2764, #3780, #4359, .T. ) ;
#2838 = CARTESIAN_POINT ( 'NONE',  ( 0.2150666078129372938, -0.5181076722195299133, -0.2099693361288381133 ) ) ;
#2839 = B_SPLINE_SURFACE_WITH_KNOTS ( 'NONE', 3, 1, ( 
 ( #4823, #671 ),
 ( #1773, #2542 ),
 ( #4400, #4041 ),
 ( #4420, #1433 ),
 ( #2948, #2587 ),
 ( #3973, #350 ),
 ( #621, #276 ),
 ( #1058, #649 ) ),
 .UNSPECIFIED., .F., .F., .F.,
 ( 4, 1, 1, 1, 1, 4 ),
 ( 2, 2 ),
 ( 0.000000000000000000, 0.09239413145188504761, 0.2927650588126481379, 0.3981225690435391540, 0.7245391928372308943, 1.000000000000000000 ),
 ( 0.000000000000000000, 1.000000000000000000 ),
 .UNSPECIFIED. ) ;
#2840 = LINE ( 'NONE', #3991, #383 ) ;
#2841 = CARTESIAN_POINT ( 'NONE',  ( 0.3536355315669385546, -0.5531022667475551380, -0.02224886179759788182 ) ) ;
#2842 = CARTESIAN_POINT ( 'NONE',  ( 0.2881043136620079492, -0.5785949642060881359, -0.1149242721849463855 ) ) ;
#2843 = CARTESIAN_POINT ( 'NONE',  ( -0.5079527800597907206, -0.4068886736676063376, 0.3661417322834645272 ) ) ;
#2844 = ORIENTED_EDGE ( 'NONE', *, *, #1526, .F. ) ;
#2845 = ORIENTED_EDGE ( 'NONE', *, *, #3474, .F. ) ;
#2846 = CARTESIAN_POINT ( 'NONE',  ( 0.1690450282190346931, -0.5741050682364802205, -0.2693000857500929546 ) ) ;
#2847 = DIRECTION ( 'NONE',  ( 0.000000000000000000, 1.000000000000000000, 0.000000000000000000 ) ) ;
#2848 = CARTESIAN_POINT ( 'NONE',  ( 0.2605271453586266439, -0.5181076722195301354, -0.1498878728978227381 ) ) ;
#2849 = ORIENTED_EDGE ( 'NONE', *, *, #2159, .T. ) ;
#2850 = ADVANCED_FACE ( 'NONE', ( #4404 ), #3343, .F. ) ;
#2851 = B_SPLINE_CURVE_WITH_KNOTS ( 'NONE', 3,
 ( #3735, #4461, #4530, #800, #412, #2309, #2288, #3037 ),
 .UNSPECIFIED., .F., .F.,
 ( 4, 2, 2, 4 ),
 ( 0.0001822175744224547049, 0.0008899156074969104355, 0.001243764624034136282, 0.001597613640571362561 ),
 .UNSPECIFIED. ) ;
#2852 = APPROVAL_DATE_TIME ( #623, #4808 ) ;
#2853 = EDGE_CURVE ( 'NONE', #1613, #3304, #1917, .T. ) ;
#2854 = CARTESIAN_POINT ( 'NONE',  ( -0.2232227225169083895, -0.8895283427775351193, -0.3622047244094488416 ) ) ;
#2855 = ORIENTED_EDGE ( 'NONE', *, *, #3413, .F. ) ;
#2856 = EDGE_CURVE ( 'NONE', #4719, #1978, #3406, .T. ) ;
#2857 = CARTESIAN_POINT ( 'NONE',  ( 0.000000000000000000, 0.000000000000000000, 0.000000000000000000 ) ) ;
#2858 =( LENGTH_UNIT ( ) NAMED_UNIT ( * ) SI_UNIT ( $, .METRE. ) );
#2859 = CARTESIAN_POINT ( 'NONE',  ( 0.09920687374531231284, -0.2894216745996738838, 0.1192961565182075329 ) ) ;
#2860 = CARTESIAN_POINT ( 'NONE',  ( -0.2717075428727907527, -0.5291561317290428557, 0.08228254599947618098 ) ) ;
#2861 = CARTESIAN_POINT ( 'NONE',  ( 0.000000000000000000, 0.000000000000000000, 0.2086614173228346636 ) ) ;
#2862 = ADVANCED_FACE ( 'NONE', ( #3021 ), #4492, .T. ) ;
#2863 = CARTESIAN_POINT ( 'NONE',  ( -0.2771197805398887826, -0.5751480959758970002, -0.1536118852848049054 ) ) ;
#2864 = FACE_OUTER_BOUND ( 'NONE', #4398, .T. ) ;
#2865 = CARTESIAN_POINT ( 'NONE',  ( 0.2972282920234718406, -0.5202702371058175457, -0.004203919070353556720 ) ) ;
#2866 = CARTESIAN_POINT ( 'NONE',  ( 0.1313479281592155046, -0.5785949642060880249, -0.2809971630749640292 ) ) ;
#2867 = CARTESIAN_POINT ( 'NONE',  ( 0.2991747076973964026, -0.5531022667475552490, -0.1898620428418937300 ) ) ;
#2868 = CARTESIAN_POINT ( 'NONE',  ( -0.3207861917930990847, -0.5611928409090070069, -0.1137066344860251793 ) ) ;
#2869 = DIRECTION ( 'NONE',  ( 0.8660254037844377084, -0.5000000000000012212, 0.000000000000000000 ) ) ;
#2870 = ORIENTED_EDGE ( 'NONE', *, *, #987, .F. ) ;
#2871 = VERTEX_POINT ( 'NONE', #1231 ) ;
#2872 = VECTOR ( 'NONE', #2110, 39.37007874015748854 ) ;
#2873 = CARTESIAN_POINT ( 'NONE',  ( -0.1783300243641156302, -0.5697155349887014220, 0.2723779448453278462 ) ) ;
#2874 = CARTESIAN_POINT ( 'NONE',  ( 0.2564012541694123959, -0.5611928409090068959, 0.2238110283958542057 ) ) ;
#2875 = CARTESIAN_POINT ( 'NONE',  ( 0.1513848585353133602, -0.5291503390633799375, 0.2399023131967429334 ) ) ;
#2876 = VERTEX_POINT ( 'NONE', #3428 ) ;
#2877 = CARTESIAN_POINT ( 'NONE',  ( -0.1874513823298592230, -0.5785182336645522394, -0.2473765415676073276 ) ) ;
#2878 = AXIS2_PLACEMENT_3D ( 'NONE', #3982, #1827, #1085 ) ;
#2879 = ORIENTED_EDGE ( 'NONE', *, *, #773, .T. ) ;
#2880 = B_SPLINE_SURFACE_WITH_KNOTS ( 'NONE', 3, 1, ( 
 ( #3204, #661 ),
 ( #3276, #1708 ),
 ( #1782, #315 ),
 ( #2096, #2886 ),
 ( #2911, #4407 ),
 ( #4029, #2143 ),
 ( #2070, #1044 ),
 ( #2169, #3534 ) ),
 .UNSPECIFIED., .F., .F., .F.,
 ( 4, 1, 1, 1, 1, 4 ),
 ( 2, 2 ),
 ( 0.000000000000000000, 0.09239413145188504761, 0.2927650588126481379, 0.3981225690435391540, 0.7245391928372308943, 1.000000000000000000 ),
 ( 0.000000000000000000, 1.000000000000000000 ),
 .UNSPECIFIED. ) ;
#2881 = CARTESIAN_POINT ( 'NONE',  ( 0.000000000000000000, 0.000000000000000000, 0.000000000000000000 ) ) ;
#2882 =( NAMED_UNIT ( * ) PLANE_ANGLE_UNIT ( ) SI_UNIT ( $, .RADIAN. ) );
#2883 = CARTESIAN_POINT ( 'NONE',  ( 0.000000000000000000, 0.000000000000000000, 0.000000000000000000 ) ) ;
#2884 = EDGE_CURVE ( 'NONE', #3590, #1148, #788, .T. ) ;
#2885 = CARTESIAN_POINT ( 'NONE',  ( 0.01708574198396278082, -0.5291503390633799375, 0.2831582114150363316 ) ) ;
#2886 = CARTESIAN_POINT ( 'NONE',  ( -0.3025909643866835919, -0.5711492529229236226, -0.1157499761148799711 ) ) ;
#2887 = CIRCLE ( 'NONE', #1107, 0.08202099737532810020 ) ;
#2888 = LINE ( 'NONE', #1419, #1487 ) ;
#2889 = CARTESIAN_POINT ( 'NONE',  ( -0.02027905072438276543, -0.5788433491993476565, -0.3096499106007590263 ) ) ;
#2890 = MANIFOLD_SOLID_BREP ( 'Gear', #3277 ) ;
#2891 = CARTESIAN_POINT ( 'NONE',  ( -0.2290680135192256217, -0.5291503390633798265, -0.1673270463889831583 ) ) ;
#2892 = EDGE_CURVE ( 'NONE', #4725, #2450, #2277, .T. ) ;
#2893 = AXIS2_PLACEMENT_3D ( 'NONE', #1317, #2094, #3201 ) ;
#2894 = CARTESIAN_POINT ( 'NONE',  ( 0.000000000000000000, 0.000000000000000000, 0.000000000000000000 ) ) ;
#2895 = CARTESIAN_POINT ( 'NONE',  ( 0.1201234110567981489, -0.5291503390633798265, -0.2569841656347421344 ) ) ;
#2896 = CARTESIAN_POINT ( 'NONE',  ( 0.08766668941465347031, -0.5533416366082751781, -0.3459410659573582403 ) ) ;
#2897 = CARTESIAN_POINT ( 'NONE',  ( 0.09660727585227357750, -0.5785949642060880249, -0.2947519603671857613 ) ) ;
#2898 = EDGE_LOOP ( 'NONE', ( #4060, #1166, #2177, #1619 ) ) ;
#2899 = VERTEX_POINT ( 'NONE', #1150 ) ;
#2900 = CARTESIAN_POINT ( 'NONE',  ( 0.1343805749439239694, -0.5675532765349017295, 0.3006445069323038788 ) ) ;
#2901 = CARTESIAN_POINT ( 'NONE',  ( 0.2328541612405960470, -0.5741050682364793323, 0.2165125801045315601 ) ) ;
#2902 = CARTESIAN_POINT ( 'NONE',  ( -0.2742628983091165984, -0.5533416366082751781, 0.2283430142564508436 ) ) ;
#2903 = CARTESIAN_POINT ( 'NONE',  ( 0.000000000000000000, 0.000000000000000000, 0.000000000000000000 ) ) ;
#2904 = ORIENTED_EDGE ( 'NONE', *, *, #4527, .T. ) ;
#2905 = B_SPLINE_CURVE_WITH_KNOTS ( 'NONE', 3,
 ( #1678, #3145, #4648, #605, #968, #939, #3905, #2427 ),
 .UNSPECIFIED., .F., .F.,
 ( 4, 2, 2, 4 ),
 ( 0.0001657239593221527206, 0.0008120922820787054896, 0.001135276443456983107, 0.001458460604835260833 ),
 .UNSPECIFIED. ) ;
#2906 = SHAPE_DEFINITION_REPRESENTATION ( #364, #683 ) ;
#2907 = EDGE_CURVE ( 'NONE', #2592, #3996, #3766, .T. ) ;
#2908 = CARTESIAN_POINT ( 'NONE',  ( -0.09113681093728365212, -0.5246608535493827441, 0.2758790144962461333 ) ) ;
#2909 = EDGE_LOOP ( 'NONE', ( #801, #77, #3043, #3260 ) ) ;
#2910 =( CONVERSION_BASED_UNIT ( 'INCH', #357 ) LENGTH_UNIT ( ) NAMED_UNIT ( #4334 ) );
#2911 = CARTESIAN_POINT ( 'NONE',  ( 0.000000000000000000, 0.000000000000000000, 0.000000000000000000 ) ) ;
#2912 = EDGE_CURVE ( 'NONE', #2489, #1972, #1694, .T. ) ;
#2913 = CARTESIAN_POINT ( 'NONE',  ( 2.314400811233974636E-15, -0.5036595598781937744, -0.3226601751608479951 ) ) ;
#2914 = ORIENTED_EDGE ( 'NONE', *, *, #39, .T. ) ;
#2915 = CARTESIAN_POINT ( 'NONE',  ( 0.000000000000000000, 0.000000000000000000, 0.000000000000000000 ) ) ;
#2916 = EDGE_CURVE ( 'NONE', #2817, #4300, #1520, .T. ) ;
#2917 = CARTESIAN_POINT ( 'NONE',  ( -0.1408186913432131482, 2.253774594773017007E-15, 0.2086614173228346636 ) ) ;
#2918 = LINE ( 'NONE', #3635, #2409 ) ;
#2919 = EDGE_CURVE ( 'NONE', #4024, #3059, #3883, .T. ) ;
#2920 = CARTESIAN_POINT ( 'NONE',  ( 0.2574957256493528024, -0.5117476724477669769, -0.1731692600948632754 ) ) ;
#2921 = CARTESIAN_POINT ( 'NONE',  ( 0.000000000000000000, 0.000000000000000000, 0.000000000000000000 ) ) ;
#2922 = CARTESIAN_POINT ( 'NONE',  ( -0.2232227225169027829, -0.8895283427775345642, 0.2086614173228346636 ) ) ;
#2923 = B_SPLINE_CURVE_WITH_KNOTS ( 'NONE', 3,
 ( #1489, #1444, #3702, #290 ),
 .UNSPECIFIED., .F., .F.,
 ( 4, 4 ),
 ( 0.000000000000000000, 0.0004747913342946652069 ),
 .UNSPECIFIED. ) ;
#2924 = ORIENTED_EDGE ( 'NONE', *, *, #4128, .T. ) ;
#2925 = EDGE_CURVE ( 'NONE', #619, #2955, #4302, .T. ) ;
#2926 = ORIENTED_EDGE ( 'NONE', *, *, #898, .T. ) ;
#2927 = B_SPLINE_SURFACE_WITH_KNOTS ( 'NONE', 3, 1, ( 
 ( #4614, #2052 ),
 ( #848, #899 ),
 ( #1273, #924 ),
 ( #4263, #2744 ),
 ( #952, #484 ),
 ( #3442, #3516 ),
 ( #119, #1609 ),
 ( #3158, #2790 ) ),
 .UNSPECIFIED., .F., .F., .F.,
 ( 4, 1, 1, 1, 1, 4 ),
 ( 2, 2 ),
 ( 0.000000000000000000, 0.2754608071627706600, 0.6018774309564619562, 0.7072349411873528613, 0.9076058685481156463, 1.000000000000000000 ),
 ( 0.000000000000000000, 1.000000000000000000 ),
 .UNSPECIFIED. ) ;
#2928 = CARTESIAN_POINT ( 'NONE',  ( -0.1818378400720875587, -0.5675532765349016184, 0.2745546546477505845 ) ) ;
#2929 = CARTESIAN_POINT ( 'NONE',  ( 0.2255661700352079579, -0.5785949642060881359, 0.2129121575287420409 ) ) ;
#2930 = CARTESIAN_POINT ( 'NONE',  ( -0.3078329249800340617, -0.5785949642060881359, 0.03808640421637356915 ) ) ;
#2931 = VERTEX_POINT ( 'NONE', #2728 ) ;
#2932 = EDGE_CURVE ( 'NONE', #4482, #2992, #542, .T. ) ;
#2933 = COORDINATED_UNIVERSAL_TIME_OFFSET ( 5, 0, .BEHIND. ) ;
#2934 = CARTESIAN_POINT ( 'NONE',  ( 0.04440991750222294393, -0.5531022667475574695, 0.3515406950345332793 ) ) ;
#2935 = ORIENTED_EDGE ( 'NONE', *, *, #3659, .F. ) ;
#2936 = CC_DESIGN_PERSON_AND_ORGANIZATION_ASSIGNMENT ( #3903, #3845, ( #3653 ) ) ;
#2937 = CARTESIAN_POINT ( 'NONE',  ( -0.2337614316207363152, -0.5117476724477654226, 0.2040765406804866677 ) ) ;
#2938 = CARTESIAN_POINT ( 'NONE',  ( 0.000000000000000000, 0.000000000000000000, 0.000000000000000000 ) ) ;
#2939 = CARTESIAN_POINT ( 'NONE',  ( 0.000000000000000000, 0.000000000000000000, 0.000000000000000000 ) ) ;
#2940 = CARTESIAN_POINT ( 'NONE',  ( 0.1187791326502428690, -0.5036595598781937744, 0.3000018437971422869 ) ) ;
#2941 = CARTESIAN_POINT ( 'NONE',  ( -0.1705257015526135678, -0.5697155349887010889, -0.2773307187057713619 ) ) ;
#2942 = FACE_OUTER_BOUND ( 'NONE', #4569, .T. ) ;
#2943 = ORIENTED_EDGE ( 'NONE', *, *, #477, .T. ) ;
#2944 = ORIENTED_EDGE ( 'NONE', *, *, #4389, .F. ) ;
#2945 = ADVANCED_FACE ( 'NONE', ( #2420 ), #4484, .F. ) ;
#2946 = CARTESIAN_POINT ( 'NONE',  ( -0.1187791326502473238, -0.5036595598781938854, 0.3000018437971406216 ) ) ;
#2947 = ADVANCED_FACE ( 'NONE', ( #223 ), #1884, .F. ) ;
#2948 = CARTESIAN_POINT ( 'NONE',  ( 0.000000000000000000, 0.000000000000000000, 0.000000000000000000 ) ) ;
#2949 = CARTESIAN_POINT ( 'NONE',  ( 0.2903467056375048649, 0.000000000000000000, -0.2047244094488188948 ) ) ;
#2950 = ORIENTED_EDGE ( 'NONE', *, *, #773, .F. ) ;
#2951 = CARTESIAN_POINT ( 'NONE',  ( -0.2724309963356746356, -0.5036595598781937744, -0.1728899675238002309 ) ) ;
#2952 = VERTEX_POINT ( 'NONE', #3165 ) ;
#2953 = VECTOR ( 'NONE', #1538, 39.37007874015748854 ) ;
#2954 = CARTESIAN_POINT ( 'NONE',  ( -0.08696754562766258190, -0.5291503390633799375, 0.2700132242657855008 ) ) ;
#2955 = VERTEX_POINT ( 'NONE', #1981 ) ;
#2956 = B_SPLINE_CURVE_WITH_KNOTS ( 'NONE', 3,
 ( #74, #3739, #4157, #2226, #1123, #4130, #2628, #1887 ),
 .UNSPECIFIED., .F., .F.,
 ( 4, 2, 2, 4 ),
 ( 1.410806127720191480E-14, 0.0003227673804012224116, 0.0006455347607883367509, 0.001291069521562561309 ),
 .UNSPECIFIED. ) ;
#2957 = AXIS2_PLACEMENT_3D ( 'NONE', #30, #3354, #1170 ) ;
#2958 =( NAMED_UNIT ( * ) SI_UNIT ( $, .STERADIAN. ) SOLID_ANGLE_UNIT ( ) );
#2959 = CARTESIAN_POINT ( 'NONE',  ( 1.004467518985690132E-17, 0.2716535433070866312, 0.08202099737532810020 ) ) ;
#2960 = CARTESIAN_POINT ( 'NONE',  ( -0.3116739630026745256, -0.5763144579382279975, -0.03921663576900594195 ) ) ;
#2961 = CARTESIAN_POINT ( 'NONE',  ( -0.3220234790102127764, -0.5036595598787235728, -0.02026000002979158263 ) ) ;
#2962 = LINE ( 'NONE', #4120, #2125 ) ;
#2963 = APPROVAL_PERSON_ORGANIZATION ( #964, #3698, #2471 ) ;
#2964 = PRODUCT_DEFINITION_SHAPE ( 'NONE', 'NONE',  #4832 ) ;
#2965 = B_SPLINE_CURVE_WITH_KNOTS ( 'NONE', 3,
 ( #1078, #984, #4321, #3262, #4722, #648, #2520, #694 ),
 .UNSPECIFIED., .F., .F.,
 ( 4, 2, 2, 4 ),
 ( 0.0001822175744224571172, 0.0008899156074969101103, 0.001243764624034133896, 0.001597613640571357574 ),
 .UNSPECIFIED. ) ;
#2966 = LINE ( 'NONE', #1621, #4354 ) ;
#2967 = LOCAL_TIME ( 23, 27, 9.000000000000000000, #2933 ) ;
#2968 = CARTESIAN_POINT ( 'NONE',  ( 0.2988767030656674373, -0.5181052167782334017, -0.03187068111672016618 ) ) ;
#2969 = CARTESIAN_POINT ( 'NONE',  ( -0.1681887540567391093, -0.5763141770085492555, -0.2653138757646678059 ) ) ;
#2970 = CARTESIAN_POINT ( 'NONE',  ( -0.2974094198534085187, -0.5181076722195306905, 0.04345578089284258400 ) ) ;
#2971 = ORIENTED_EDGE ( 'NONE', *, *, #3617, .F. ) ;
#2972 = ORIENTED_EDGE ( 'NONE', *, *, #843, .F. ) ;
#2973 = AXIS2_PLACEMENT_3D ( 'NONE', #3648, #3621, #2564 ) ;
#2974 = CARTESIAN_POINT ( 'NONE',  ( -0.08835156877550967569, -0.5291503390633798265, -0.2695635278850079253 ) ) ;
#2975 = CARTESIAN_POINT ( 'NONE',  ( 0.000000000000000000, 0.000000000000000000, 0.000000000000000000 ) ) ;
#2976 = EDGE_LOOP ( 'NONE', ( #3697, #1143, #1519, #1400 ) ) ;
#2977 = LINE ( 'NONE', #4065, #1035 ) ;
#2978 = EDGE_LOOP ( 'NONE', ( #1378, #49, #2435, #1179 ) ) ;
#2979 = EDGE_CURVE ( 'NONE', #1121, #754, #3814, .T. ) ;
#2980 = DIRECTION ( 'NONE',  ( 0.5000000000000012212, 0.8660254037844379305, 0.000000000000000000 ) ) ;
#2981 = VERTEX_POINT ( 'NONE', #2772 ) ;
#2982 = CALENDAR_DATE ( 2026, 5, 4 ) ;
#2983 = EDGE_CURVE ( 'NONE', #4747, #737, #1617, .T. ) ;
#2984 = CARTESIAN_POINT ( 'NONE',  ( -0.2322374078233201133, -0.5268700205389784674, 0.1689020791061533744 ) ) ;
#2985 = CARTESIAN_POINT ( 'NONE',  ( -0.1304393140617615965, -0.5531022667475552490, 0.3294521002892782935 ) ) ;
#2986 = CARTESIAN_POINT ( 'NONE',  ( -0.05736485427259535586, -0.5788433491993476565, -0.3049648840893391388 ) ) ;
#2987 = CARTESIAN_POINT ( 'NONE',  ( 0.2466888512822783819, -0.5076451741082080860, 0.1984351697687067040 ) ) ;
#2988 = CARTESIAN_POINT ( 'NONE',  ( -0.05892856892085533010, -0.5788433491993477675, 0.3046665895668246860 ) ) ;
#2989 = CARTESIAN_POINT ( 'NONE',  ( -0.5079527800597931630, -0.4068886736676071147, -0.2047244094488188948 ) ) ;
#2990 = CARTESIAN_POINT ( 'NONE',  ( -0.01708574198410505243, -0.5291503390630809545, 0.2831582114154858609 ) ) ;
#2991 = CARTESIAN_POINT ( 'NONE',  ( -0.1983286070162645076, -0.5785949642060882470, 0.2384899317096726146 ) ) ;
#2992 = VERTEX_POINT ( 'NONE', #3449 ) ;
#2993 = CARTESIAN_POINT ( 'NONE',  ( 0.2868448465057017449, -0.5202702371058175457, -0.07798951562781200608 ) ) ;
#2994 = CARTESIAN_POINT ( 'NONE',  ( 0.000000000000000000, 0.000000000000000000, 0.000000000000000000 ) ) ;
#2995 = EDGE_CURVE ( 'NONE', #1463, #34, #4471, .T. ) ;
#2996 = CARTESIAN_POINT ( 'NONE',  ( 0.1314043145024586245, -0.5788433491993476565, -0.2811177923281966140 ) ) ;
#2997 = VERTEX_POINT ( 'NONE', #597 ) ;
#2998 = CARTESIAN_POINT ( 'NONE',  ( -0.1991219421693747327, -0.5779555199654424769, 0.2400367822278000884 ) ) ;
#2999 = DIRECTION ( 'NONE',  ( -0.000000000000000000, -0.000000000000000000, -1.000000000000000000 ) ) ;
#3000 = EDGE_LOOP ( 'NONE', ( #1749, #4380, #32, #2188 ) ) ;
#3001 = B_SPLINE_SURFACE_WITH_KNOTS ( 'NONE', 3, 1, ( 
 ( #3281, #4795 ),
 ( #1447, #1116 ),
 ( #2939, #4596 ),
 ( #751, #1093 ) ),
 .UNSPECIFIED., .F., .F., .F.,
 ( 4, 4 ),
 ( 2, 2 ),
 ( 0.000000000000000000, 1.000000000000000000 ),
 ( 0.000000000000000000, 1.000000000000000000 ),
 .UNSPECIFIED. ) ;
#3002 = DATE_AND_TIME ( #3072, #3270 ) ;
#3003 = ADVANCED_FACE ( 'NONE', ( #2493 ), #2839, .F. ) ;
#3004 = ADVANCED_FACE ( 'NONE', ( #2180 ), #2107, .T. ) ;
#3005 = LINE ( 'NONE', #4474, #253 ) ;
#3006 = CARTESIAN_POINT ( 'NONE',  ( -0.1214401588672118643, -0.5291503390633799375, 0.2563645511477967154 ) ) ;
#3007 = CARTESIAN_POINT ( 'NONE',  ( 0.2925214251641107266, -0.5181076722195283590, 0.06907954639766976379 ) ) ;
#3008 = CARTESIAN_POINT ( 'NONE',  ( 0.000000000000000000, 0.000000000000000000, 0.000000000000000000 ) ) ;
#3009 = EDGE_CURVE ( 'NONE', #1909, #714, #2521, .T. ) ;
#3010 = CARTESIAN_POINT ( 'NONE',  ( -0.2079058440487434323, -0.5786007325277200408, 0.2305124918094022535 ) ) ;
#3011 = CARTESIAN_POINT ( 'NONE',  ( -0.01966525944643284299, -0.5246608535496243286, 0.2898765711780237342 ) ) ;
#3012 = CARTESIAN_POINT ( 'NONE',  ( 0.000000000000000000, 0.000000000000000000, 0.000000000000000000 ) ) ;
#3013 = ORIENTED_EDGE ( 'NONE', *, *, #68, .T. ) ;
#3014 = ORIENTED_EDGE ( 'NONE', *, *, #3656, .T. ) ;
#3015 = CARTESIAN_POINT ( 'NONE',  ( 0.000000000000000000, 0.000000000000000000, 0.000000000000000000 ) ) ;
#3016 = CARTESIAN_POINT ( 'NONE',  ( -0.3006320782260527014, -0.5785949642060881359, -0.07636777742857804585 ) ) ;
#3017 = CARTESIAN_POINT ( 'NONE',  ( 0.000000000000000000, 0.000000000000000000, 0.000000000000000000 ) ) ;
#3018 = VERTEX_POINT ( 'NONE', #302 ) ;
#3019 = B_SPLINE_CURVE_WITH_KNOTS ( 'NONE', 3,
 ( #250, #3671, #1032, #2928, #2873, #3972, #4694, #4419 ),
 .UNSPECIFIED., .F., .F.,
 ( 4, 2, 2, 4 ),
 ( 0.0001822175744223157373, 0.0008899156074967708987, 0.001243764624033997287, 0.001597613640571223566 ),
 .UNSPECIFIED. ) ;
#3020 = CARTESIAN_POINT ( 'NONE',  ( -0.2991747076973936270, -0.5531022667475551380, -0.1898620428418979489 ) ) ;
#3021 = FACE_OUTER_BOUND ( 'NONE', #1576, .T. ) ;
#3022 = B_SPLINE_CURVE_WITH_KNOTS ( 'NONE', 3,
 ( #138, #3535, #1269, #2049, #1298, #4576, #3885, #4633 ),
 .UNSPECIFIED., .F., .F.,
 ( 4, 2, 2, 4 ),
 ( 1.410861355675650654E-14, 0.0003227673804012508719, 0.0006455347607883931294, 0.001291069521562674934 ),
 .UNSPECIFIED. ) ;
#3023 = ORIENTED_EDGE ( 'NONE', *, *, #2278, .F. ) ;
#3024 = PERSON_AND_ORGANIZATION ( #1829, #4201 ) ;
#3025 = CONICAL_SURFACE ( 'NONE', #932, 0.2269313808160596246, 0.9917344921745204767 ) ;
#3026 = VERTEX_POINT ( 'NONE', #2203 ) ;
#3027 = CARTESIAN_POINT ( 'NONE',  ( 0.2730968021748654273, -0.5779555199654424769, 0.1506165373305421162 ) ) ;
#3028 = DIRECTION ( 'NONE',  ( -0.3002352973167589090, -0.8813413940020674575, -0.3648234003783334956 ) ) ;
#3029 = ORIENTED_EDGE ( 'NONE', *, *, #68, .F. ) ;
#3030 = EDGE_CURVE ( 'NONE', #4821, #1744, #4802, .T. ) ;
#3031 = LINE ( 'NONE', #1993, #2339 ) ;
#3032 = CARTESIAN_POINT ( 'NONE',  ( 0.000000000000000000, 0.000000000000000000, 0.000000000000000000 ) ) ;
#3033 = B_SPLINE_CURVE_WITH_KNOTS ( 'NONE', 3,
 ( #433, #2597, #4528, #3752, #1947, #3777, #4817, #1192 ),
 .UNSPECIFIED., .F., .F.,
 ( 4, 2, 2, 4 ),
 ( 1.537690260195259066E-14, 0.0003533926699086802395, 0.0007067853398019835649, 0.001413570679588594444 ),
 .UNSPECIFIED. ) ;
#3034 = CARTESIAN_POINT ( 'NONE',  ( 0.000000000000000000, 0.000000000000000000, 0.000000000000000000 ) ) ;
#3035 = CARTESIAN_POINT ( 'NONE',  ( 0.000000000000000000, 0.000000000000000000, 0.000000000000000000 ) ) ;
#3036 =( GEOMETRIC_REPRESENTATION_CONTEXT ( 3 ) GLOBAL_UNCERTAINTY_ASSIGNED_CONTEXT ( ( #3629 ) ) GLOBAL_UNIT_ASSIGNED_CONTEXT ( ( #2910, #702, #3316 ) ) REPRESENTATION_CONTEXT ( 'NONE', 'WORKASPACE' ) );
#3037 = CARTESIAN_POINT ( 'NONE',  ( 0.2514077833328814404, -0.5785949642060881359, 0.1816750130522718498 ) ) ;
#3038 = ORIENTED_EDGE ( 'NONE', *, *, #305, .T. ) ;
#3039 = LOCAL_TIME ( 23, 27, 9.000000000000000000, #4044 ) ;
#3040 = CARTESIAN_POINT ( 'NONE',  ( -0.01426927411144649806, -0.5675532765349015074, -0.3290009821978654991 ) ) ;
#3041 = PLANE ( 'NONE',  #854 ) ;
#3042 = CARTESIAN_POINT ( 'NONE',  ( -0.2415181308696143780, -0.5585565789419792981, -0.2491193753673731359 ) ) ;
#3043 = ORIENTED_EDGE ( 'NONE', *, *, #13, .T. ) ;
#3044 = ORIENTED_EDGE ( 'NONE', *, *, #62, .T. ) ;
#3045 = VECTOR ( 'NONE', #3458, 39.37007874015748143 ) ;
#3046 = CARTESIAN_POINT ( 'NONE',  ( 0.1440200701845494868, -0.5785182336645523504, 0.2749388903726835975 ) ) ;
#3047 = CARTESIAN_POINT ( 'NONE',  ( 0.1367976216578743187, -0.5741060011268094287, -0.2870263705114911024 ) ) ;
#3048 = ORIENTED_EDGE ( 'NONE', *, *, #87, .F. ) ;
#3049 = EDGE_CURVE ( 'NONE', #4482, #2201, #4716, .T. ) ;
#3050 = PERSON_AND_ORGANIZATION ( #1829, #4201 ) ;
#3051 = CARTESIAN_POINT ( 'NONE',  ( 0.005525192918914051572, -0.5585565789419792981, -0.3469307466417342334 ) ) ;
#3052 = CC_DESIGN_PERSON_AND_ORGANIZATION_ASSIGNMENT ( #1895, #2253, ( #1346 ) ) ;
#3053 = CARTESIAN_POINT ( 'NONE',  ( 0.000000000000000000, 0.000000000000000000, 0.000000000000000000 ) ) ;
#3054 = CARTESIAN_POINT ( 'NONE',  ( 0.000000000000000000, 0.000000000000000000, 0.000000000000000000 ) ) ;
#3055 = CARTESIAN_POINT ( 'NONE',  ( -0.2756901741243250603, -0.5533416366082754001, 0.2266177341691019975 ) ) ;
#3056 = ADVANCED_FACE ( 'NONE', ( #3309 ), #3025, .F. ) ;
#3057 = DIRECTION ( 'NONE',  ( 0.000000000000000000, 1.000000000000000000, 0.000000000000000000 ) ) ;
#3058 = CARTESIAN_POINT ( 'NONE',  ( 0.3123369571378150078, -0.5570898433182754905, 0.1522317265734646208 ) ) ;
#3059 = VERTEX_POINT ( 'NONE', #251 ) ;
#3060 = ORIENTED_EDGE ( 'NONE', *, *, #1509, .F. ) ;
#3061 = EDGE_CURVE ( 'NONE', #1055, #2163, #1398, .T. ) ;
#3062 = CARTESIAN_POINT ( 'NONE',  ( -0.2781747534939064681, -0.5268701665594062167, 0.07127975922574797396 ) ) ;
#3063 = CARTESIAN_POINT ( 'NONE',  ( 0.3009690969966987151, -0.5697155349887015330, 0.1241327719857346634 ) ) ;
#3064 = CARTESIAN_POINT ( 'NONE',  ( 0.000000000000000000, 0.000000000000000000, 0.000000000000000000 ) ) ;
#3065 = CARTESIAN_POINT ( 'NONE',  ( 0.3076334911437197395, -0.5785949642060881359, -0.03966508558698981363 ) ) ;
#3066 = ORIENTED_EDGE ( 'NONE', *, *, #637, .F. ) ;
#3067 = ORIENTED_EDGE ( 'NONE', *, *, #3275, .F. ) ;
#3068 = CARTESIAN_POINT ( 'NONE',  ( 0.000000000000000000, 0.000000000000000000, 0.000000000000000000 ) ) ;
#3069 = CARTESIAN_POINT ( 'NONE',  ( -0.1554427248700397668, -0.5036595598781937744, -0.2827492668775753448 ) ) ;
#3070 = EDGE_CURVE ( 'NONE', #2189, #2249, #4230, .T. ) ;
#3071 = ORIENTED_EDGE ( 'NONE', *, *, #2561, .F. ) ;
#3072 = CALENDAR_DATE ( 2026, 5, 4 ) ;
#3073 = CARTESIAN_POINT ( 'NONE',  ( 0.000000000000000000, 0.000000000000000000, 0.000000000000000000 ) ) ;
#3074 = CARTESIAN_POINT ( 'NONE',  ( 0.2489344546984234574, -0.5291503390633798265, -0.1360225442156689779 ) ) ;
#3075 = CARTESIAN_POINT ( 'NONE',  ( 0.000000000000000000, 0.2244094488188976555, -0.08202099737532810020 ) ) ;
#3076 = CARTESIAN_POINT ( 'NONE',  ( 0.000000000000000000, 0.000000000000000000, 0.000000000000000000 ) ) ;
#3077 = CARTESIAN_POINT ( 'NONE',  ( 0.2288853981950852712, -0.5763144579382279975, -0.2151512914855702174 ) ) ;
#3078 = CARTESIAN_POINT ( 'NONE',  ( 0.1304393140617567115, -0.5531022667475553600, 0.3294521002892801254 ) ) ;
#3079 = CARTESIAN_POINT ( 'NONE',  ( 0.2425588141000389053, -0.5531022667475548049, -0.2582989019339848591 ) ) ;
#3080 = CYLINDRICAL_SURFACE ( 'NONE', #2794, 0.6850393700787401619 ) ;
#3081 = VERTEX_POINT ( 'NONE', #1477 ) ;
#3082 = CARTESIAN_POINT ( 'NONE',  ( -0.1862212684525228479, -0.5202702371058175457, 0.2316980139981212605 ) ) ;
#3083 = CARTESIAN_POINT ( 'NONE',  ( -0.04399070444262630220, -0.5076457267943549345, 0.3135222383301477511 ) ) ;
#3084 = CARTESIAN_POINT ( 'NONE',  ( 0.000000000000000000, 0.2716535433070866312, -0.08202099737532810020 ) ) ;
#3085 = CARTESIAN_POINT ( 'NONE',  ( 0.3289516723368038909, -0.5570908895713216902, -0.1118857601401114787 ) ) ;
#3086 = ORIENTED_EDGE ( 'NONE', *, *, #4686, .F. ) ;
#3087 = CARTESIAN_POINT ( 'NONE',  ( 0.000000000000000000, 0.000000000000000000, 0.000000000000000000 ) ) ;
#3088 = ORIENTED_EDGE ( 'NONE', *, *, #3929, .F. ) ;
#3089 = CARTESIAN_POINT ( 'NONE',  ( -0.2886900840095490972, -0.5785949642060881359, 0.1134447851708299815 ) ) ;
#3090 = CARTESIAN_POINT ( 'NONE',  ( -0.08562637832365606327, -0.5510269468160307049, -0.3510608436715591529 ) ) ;
#3091 = CARTESIAN_POINT ( 'NONE',  ( 0.000000000000000000, 0.000000000000000000, 0.000000000000000000 ) ) ;
#3092 = ORIENTED_EDGE ( 'NONE', *, *, #4579, .F. ) ;
#3093 = DATE_AND_TIME ( #130, #555 ) ;
#3094 = CARTESIAN_POINT ( 'NONE',  ( 0.000000000000000000, 0.000000000000000000, 0.000000000000000000 ) ) ;
#3095 = CARTESIAN_POINT ( 'NONE',  ( 0.05385148118484101715, -0.5650778416537698412, 0.3305860767566027314 ) ) ;
#3096 = CARTESIAN_POINT ( 'NONE',  ( -0.3060296560857740933, -0.5786007325277198188, -0.05202594031656754270 ) ) ;
#3097 = CARTESIAN_POINT ( 'NONE',  ( -0.1702415497934019195, -0.5510269468160307049, -0.3187372073482376278 ) ) ;
#3098 = VECTOR ( 'NONE', #1522, 39.37007874015748854 ) ;
#3099 = CARTESIAN_POINT ( 'NONE',  ( 0.06204716151522289558, -0.5181052167782344009, -0.2940972181067849633 ) ) ;
#3100 = CARTESIAN_POINT ( 'NONE',  ( 0.2072698381661643996, -0.5611936780632788002, 0.2699466942253812007 ) ) ;
#3101 = VECTOR ( 'NONE', #1164, 39.37007874015748143 ) ;
#3102 = CARTESIAN_POINT ( 'NONE',  ( 0.3066152754652579637, -0.5751480959758970002, -0.07986899848246629963 ) ) ;
#3103 = CARTESIAN_POINT ( 'NONE',  ( -0.1324097746746692172, -0.5779555199654423658, -0.2823736111009376715 ) ) ;
#3104 = ORIENTED_EDGE ( 'NONE', *, *, #305, .F. ) ;
#3105 = CARTESIAN_POINT ( 'NONE',  ( -0.1840984282387445603, -0.5246614642377031013, 0.2247718244921291797 ) ) ;
#3106 = B_SPLINE_SURFACE_WITH_KNOTS ( 'NONE', 3, 1, ( 
 ( #1706, #2044 ),
 ( #3854, #4574 ),
 ( #4200, #527 ),
 ( #2018, #1657 ),
 ( #3126, #1215 ),
 ( #4630, #1291 ),
 ( #2403, #3510 ),
 ( #185, #1682 ) ),
 .UNSPECIFIED., .F., .F., .F.,
 ( 4, 1, 1, 1, 1, 4 ),
 ( 2, 2 ),
 ( 0.000000000000000000, 0.09239413145188504761, 0.2927650588126481379, 0.3981225690435391540, 0.7245391928372308943, 1.000000000000000000 ),
 ( 0.000000000000000000, 1.000000000000000000 ),
 .UNSPECIFIED. ) ;
#3107 = FACE_OUTER_BOUND ( 'NONE', #3000, .T. ) ;
#3108 = APPROVAL_PERSON_ORGANIZATION ( #2826, #200, #176 ) ;
#3109 = CARTESIAN_POINT ( 'NONE',  ( -0.2701461488002083189, -0.5675494520111777907, -0.1883366052799332890 ) ) ;
#3110 = CARTESIAN_POINT ( 'NONE',  ( 0.2903467056375096389, 3.175773292634706016E-15, 0.3661417322834645272 ) ) ;
#3111 = ORIENTED_EDGE ( 'NONE', *, *, #923, .F. ) ;
#3112 = APPROVAL_PERSON_ORGANIZATION ( #2184, #4808, #2108 ) ;
#3113 = CARTESIAN_POINT ( 'NONE',  ( 0.000000000000000000, 0.000000000000000000, 0.000000000000000000 ) ) ;
#3114 = CARTESIAN_POINT ( 'NONE',  ( 0.2411441829176751706, -0.5076457267943568219, 0.2051361963425016033 ) ) ;
#3115 = CARTESIAN_POINT ( 'NONE',  ( -0.2598672838469043289, -0.5711492529229237336, 0.1934640625157317273 ) ) ;
#3116 = ORIENTED_EDGE ( 'NONE', *, *, #1106, .T. ) ;
#3117 = CALENDAR_DATE ( 2026, 5, 4 ) ;
#3118 = VECTOR ( 'NONE', #2589, 39.37007874015748143 ) ;
#3119 = CARTESIAN_POINT ( 'NONE',  ( 0.006247071027378108335, -0.5785182336645523504, 0.3103129841932237842 ) ) ;
#3120 = CARTESIAN_POINT ( 'NONE',  ( 0.2543925500360116332, -0.5291561317255569774, -0.1260152235364691009 ) ) ;
#3121 = CARTESIAN_POINT ( 'NONE',  ( 0.3220234790098744915, -0.5036595598781937744, -0.02026000002976562422 ) ) ;
#3122 = CARTESIAN_POINT ( 'NONE',  ( -0.2634839649340122159, -0.5291503390633798265, -0.1051032610985846300 ) ) ;
#3123 = ADVANCED_FACE ( 'NONE', ( #3673, #695 ), #3220, .T. ) ;
#3124 = CARTESIAN_POINT ( 'NONE',  ( -0.06440540942693538662, -0.5711492529229236226, -0.3175079399567944383 ) ) ;
#3125 = CARTESIAN_POINT ( 'NONE',  ( 0.000000000000000000, 0.000000000000000000, 0.000000000000000000 ) ) ;
#3126 = CARTESIAN_POINT ( 'NONE',  ( 0.000000000000000000, 0.000000000000000000, 0.000000000000000000 ) ) ;
#3127 = CARTESIAN_POINT ( 'NONE',  ( -0.1408186913432131482, 0.000000000000000000, 0.2086614173228346636 ) ) ;
#3128 = CARTESIAN_POINT ( 'NONE',  ( 0.2110618474364747144, -0.5697155349887014220, -0.2478794847997166095 ) ) ;
#3129 = EDGE_CURVE ( 'NONE', #3461, #4523, #2260, .T. ) ;
#3130 = CARTESIAN_POINT ( 'NONE',  ( -0.1338915599501118991, -0.5763144579382277755, -0.2841683548690054906 ) ) ;
#3131 = ORIENTED_EDGE ( 'NONE', *, *, #890, .F. ) ;
#3132 = CARTESIAN_POINT ( 'NONE',  ( 0.05901552062496889101, -0.5763141770085490334, -0.3085386166913173245 ) ) ;
#3133 = CARTESIAN_POINT ( 'NONE',  ( -0.3128373614466630204, -0.5711492529229237336, -0.08421480856802035508 ) ) ;
#3134 = CARTESIAN_POINT ( 'NONE',  ( 0.3169449763777928419, -0.5036595598772516391, 0.06046048778599025231 ) ) ;
#3135 = CARTESIAN_POINT ( 'NONE',  ( 0.05156462696131577234, -0.5202677472389248825, 0.2927553340123456027 ) ) ;
#3136 = CARTESIAN_POINT ( 'NONE',  ( 0.1971871583808646744, -0.5788433491993476565, -0.2396070357961550545 ) ) ;
#3137 = EDGE_LOOP ( 'NONE', ( #2855, #810, #720, #4645 ) ) ;
#3138 = CC_DESIGN_PERSON_AND_ORGANIZATION_ASSIGNMENT ( #3386, #2661, ( #4814 ) ) ;
#3139 = CARTESIAN_POINT ( 'NONE',  ( -0.02100032554905455554, -0.5751480959758971112, 0.3161502338984771288 ) ) ;
#3140 = CARTESIAN_POINT ( 'NONE',  ( 0.2062901040266301722, -0.5291503390633799375, 0.1947174574905574940 ) ) ;
#3141 = CARTESIAN_POINT ( 'NONE',  ( -0.2655577824279786725, -0.5650778416537697302, 0.2041230030228296244 ) ) ;
#3142 = ORIENTED_EDGE ( 'NONE', *, *, #3306, .F. ) ;
#3143 = PERSON_AND_ORGANIZATION_ROLE ( 'classification_officer' ) ;
#3144 = CARTESIAN_POINT ( 'NONE',  ( 0.08835156877551363086, -0.5291503390633798265, -0.2695635278850066485 ) ) ;
#3145 = CARTESIAN_POINT ( 'NONE',  ( -0.1486945204675717003, -0.5076457267943570439, -0.2795019062328940596 ) ) ;
#3146 = CARTESIAN_POINT ( 'NONE',  ( 0.3144854126814776163, -0.5751480959758970002, -0.03861229438648979689 ) ) ;
#3147 = CARTESIAN_POINT ( 'NONE',  ( 0.000000000000000000, 0.000000000000000000, 0.000000000000000000 ) ) ;
#3148 = LINE ( 'NONE', #2810, #4606 ) ;
#3149 = CARTESIAN_POINT ( 'NONE',  ( 0.09509392744336778169, -0.5785949642060882470, 0.2952436770725017645 ) ) ;
#3150 = EDGE_CURVE ( 'NONE', #10, #414, #2956, .T. ) ;
#3151 = CARTESIAN_POINT ( 'NONE',  ( 0.1557133968243676614, -0.5202702371058174347, -0.2532107196865039378 ) ) ;
#3152 = EDGE_CURVE ( 'NONE', #714, #4113, #1954, .T. ) ;
#3153 = CARTESIAN_POINT ( 'NONE',  ( 0.1332368398259487219, -0.5181052167782335127, -0.2694271115968867036 ) ) ;
#3154 = CARTESIAN_POINT ( 'NONE',  ( -0.1560055223648568468, -0.5611928409090068959, -0.3024818284838374227 ) ) ;
#3155 = ORIENTED_EDGE ( 'NONE', *, *, #2063, .F. ) ;
#3156 = EDGE_LOOP ( 'NONE', ( #757, #1597, #424, #1854 ) ) ;
#3157 = APPLICATION_CONTEXT ( 'configuration controlled 3d designs of mechanical parts and assemblies' ) ;
#3158 = CARTESIAN_POINT ( 'NONE',  ( 0.000000000000000000, 0.000000000000000000, 0.000000000000000000 ) ) ;
#3159 = DIRECTION ( 'NONE',  ( 0.4573332722740488521, -0.8813413940020674575, 0.1186744508712928581 ) ) ;
#3160 = CARTESIAN_POINT ( 'NONE',  ( -0.3162648376204506562, -0.5585565789419794092, 0.1427165835041333819 ) ) ;
#3161 = CARTESIAN_POINT ( 'NONE',  ( 0.2542296801898261682, -0.5763141770085491444, -0.1845160680672729980 ) ) ;
#3162 = CARTESIAN_POINT ( 'NONE',  ( 0.1874513823298628312, -0.5785182336645522394, -0.2473765415676046076 ) ) ;
#3163 = EDGE_LOOP ( 'NONE', ( #3515, #929, #1904, #336 ) ) ;
#3164 = CARTESIAN_POINT ( 'NONE',  ( -0.04123597829324324171, -0.5291561317255569774, -0.2808825380314164954 ) ) ;
#3165 = CARTESIAN_POINT ( 'NONE',  ( -0.2919516552389599950, -0.5036595598781937744, 0.1373820207962472006 ) ) ;
#3166 = CARTESIAN_POINT ( 'NONE',  ( -0.1628158213038484181, -0.5202677472389238833, 0.2487078701599402808 ) ) ;
#3167 = ORIENTED_EDGE ( 'NONE', *, *, #1168, .F. ) ;
#3168 = ORIENTED_EDGE ( 'NONE', *, *, #693, .T. ) ;
#3169 = PERSON_AND_ORGANIZATION ( #1829, #4201 ) ;
#3170 = CARTESIAN_POINT ( 'NONE',  ( 0.2721952747131182737, -0.5785949642060881359, -0.1487327008823089713 ) ) ;
#3171 = CARTESIAN_POINT ( 'NONE',  ( 0.2771682015215103934, -0.5117481726913168938, 0.1395312172429388209 ) ) ;
#3172 = CARTESIAN_POINT ( 'NONE',  ( 0.000000000000000000, 0.000000000000000000, 0.000000000000000000 ) ) ;
#3173 = CARTESIAN_POINT ( 'NONE',  ( -0.3287978076351278922, -0.5510269468160307049, 0.1498919421401502805 ) ) ;
#3174 = CARTESIAN_POINT ( 'NONE',  ( 0.1971025442429065189, -0.5785949642060880249, -0.2395042190460732190 ) ) ;
#3175 = CARTESIAN_POINT ( 'NONE',  ( 0.2841847515320981565, -0.5117476724477671990, 0.1246221022376397952 ) ) ;
#3176 = CARTESIAN_POINT ( 'NONE',  ( -0.2845845141033818693, -0.5076451741082084190, 0.1387211601762599333 ) ) ;
#3177 = CARTESIAN_POINT ( 'NONE',  ( 0.000000000000000000, 0.2716535433070866312, 0.000000000000000000 ) ) ;
#3178 = EDGE_CURVE ( 'NONE', #1039, #4026, #4105, .T. ) ;
#3179 = VERTEX_POINT ( 'NONE', #1568 ) ;
#3180 = CARTESIAN_POINT ( 'NONE',  ( 0.01789240637998053968, -0.5268700205389781344, -0.2866042353364824935 ) ) ;
#3181 = CARTESIAN_POINT ( 'NONE',  ( 0.000000000000000000, 0.000000000000000000, 0.000000000000000000 ) ) ;
#3182 = CARTESIAN_POINT ( 'NONE',  ( 0.000000000000000000, 0.000000000000000000, -8.537024980200822558E-18 ) ) ;
#3183 = CARTESIAN_POINT ( 'NONE',  ( -0.1554427248700397668, -0.5036595598781937744, -0.2827492668775753448 ) ) ;
#3184 = B_SPLINE_CURVE_WITH_KNOTS ( 'NONE', 3,
 ( #708, #2195, #1491, #4815 ),
 .UNSPECIFIED., .F., .F.,
 ( 4, 4 ),
 ( 0.000000000000000000, 0.0008684883343403535221 ),
 .UNSPECIFIED. ) ;
#3185 = ORIENTED_EDGE ( 'NONE', *, *, #923, .T. ) ;
#3186 = EDGE_CURVE ( 'NONE', #375, #3179, #236, .T. ) ;
#3187 = B_SPLINE_SURFACE_WITH_KNOTS ( 'NONE', 3, 1, ( 
 ( #2016, #2686 ),
 ( #134, #2325 ),
 ( #3877, #1263 ),
 ( #3053, #3124 ),
 ( #889, #109 ),
 ( #4223, #941 ),
 ( #3479, #4198 ),
 ( #1625, #474 ) ),
 .UNSPECIFIED., .F., .F., .F.,
 ( 4, 1, 1, 1, 1, 4 ),
 ( 2, 2 ),
 ( 0.000000000000000000, 0.09239413145188504761, 0.2927650588126481379, 0.3981225690435391540, 0.7245391928372308943, 1.000000000000000000 ),
 ( 0.000000000000000000, 1.000000000000000000 ),
 .UNSPECIFIED. ) ;
#3188 = CARTESIAN_POINT ( 'NONE',  ( 0.000000000000000000, 0.000000000000000000, 0.000000000000000000 ) ) ;
#3189 = CARTESIAN_POINT ( 'NONE',  ( 0.3036912042200576312, -0.5786007325277198188, -0.06428453429224982585 ) ) ;
#3190 = CARTESIAN_POINT ( 'NONE',  ( 0.000000000000000000, 0.000000000000000000, 0.000000000000000000 ) ) ;
#3191 = ORIENTED_EDGE ( 'NONE', *, *, #1967, .F. ) ;
#3192 = LOCAL_TIME ( 23, 27, 9.000000000000000000, #2346 ) ;
#3193 = APPROVAL_STATUS ( 'not_yet_approved' ) ;
#3194 = ORGANIZATION ( 'NAUO-ORG2', 'UNSPECIFIED', 'UNSPECIFIED' ) ;
#3195 = B_SPLINE_CURVE_WITH_KNOTS ( 'NONE', 3,
 ( #94, #2623, #71, #3754, #2599, #435, #1562, #1880 ),
 .UNSPECIFIED., .F., .F.,
 ( 4, 2, 2, 4 ),
 ( 0.0001657239593221638066, 0.0008120922820787134042, 0.001135276443456990480, 0.001458460604835267556 ),
 .UNSPECIFIED. ) ;
#3196 = CARTESIAN_POINT ( 'NONE',  ( 0.2451135413502635030, -0.5533416366082751781, -0.2593839266326486426 ) ) ;
#3197 = CARTESIAN_POINT ( 'NONE',  ( 0.2482333836000219507, -0.5291503390633799375, 0.1372977878095248960 ) ) ;
#3198 = CARTESIAN_POINT ( 'NONE',  ( 0.3118766222839189917, -0.5779555199654424769, 0.0004208899546590604912 ) ) ;
#3199 = CARTESIAN_POINT ( 'NONE',  ( -0.2730968021748676478, -0.5779555199654424769, 0.1506165373305382860 ) ) ;
#3200 = CARTESIAN_POINT ( 'NONE',  ( 0.02100032554905449655, -0.5751480959758971112, 0.3161502338984771288 ) ) ;
#3201 = DIRECTION ( 'NONE',  ( 0.4999999999999998335, 0.8660254037844385966, 0.000000000000000000 ) ) ;
#3202 = CC_DESIGN_DATE_AND_TIME_ASSIGNMENT ( #545, #884, ( #3783 ) ) ;
#3203 = LINE ( 'NONE', #63, #4298 ) ;
#3204 = CARTESIAN_POINT ( 'NONE',  ( 0.000000000000000000, 0.000000000000000000, 0.000000000000000000 ) ) ;
#3205 = DIRECTION ( 'NONE',  ( -0.4999999999999998335, -0.8660254037844385966, -0.000000000000000000 ) ) ;
#3206 = ORIENTED_EDGE ( 'NONE', *, *, #1677, .F. ) ;
#3207 = LINE ( 'NONE', #2917, #651 ) ;
#3208 = CARTESIAN_POINT ( 'NONE',  ( 0.09896392770038420217, -0.5751480959758971112, 0.3009952243497248658 ) ) ;
#3209 = ADVANCED_FACE ( 'NONE', ( #2652 ), #3041, .T. ) ;
#3210 = CARTESIAN_POINT ( 'NONE',  ( 0.05386962166554879611, -0.5291503390633799375, 0.2785113267580253682 ) ) ;
#3211 = CARTESIAN_POINT ( 'NONE',  ( 0.3083573879257454076, -0.5741050682364792213, 0.07755307255160229229 ) ) ;
#3212 = CYLINDRICAL_SURFACE ( 'NONE', #3984, 0.08202099737532810020 ) ;
#3213 = CARTESIAN_POINT ( 'NONE',  ( 0.000000000000000000, 0.000000000000000000, 0.000000000000000000 ) ) ;
#3214 = CARTESIAN_POINT ( 'NONE',  ( 0.1729066892698210289, -0.5533416366082751781, -0.3121921625447828808 ) ) ;
#3215 = ORIENTED_EDGE ( 'NONE', *, *, #3385, .T. ) ;
#3216 = ORIENTED_EDGE ( 'NONE', *, *, #3359, .F. ) ;
#3217 = ADVANCED_FACE ( 'NONE', ( #1199 ), #1137, .F. ) ;
#3218 = CARTESIAN_POINT ( 'NONE',  ( 0.1339595337196790581, -0.5741060011268074303, 0.2883618733221487429 ) ) ;
#3219 = EDGE_CURVE ( 'NONE', #4552, #1309, #1712, .T. ) ;
#3220 = PLANE ( 'NONE',  #314 ) ;
#3221 = CARTESIAN_POINT ( 'NONE',  ( 0.2634839649340137147, -0.5291503390633798265, -0.1051032610985808691 ) ) ;
#3222 = ORIENTED_EDGE ( 'NONE', *, *, #1124, .T. ) ;
#3223 = ADVANCED_FACE ( 'NONE', ( #52 ), #2611, .F. ) ;
#3224 = CARTESIAN_POINT ( 'NONE',  ( 0.000000000000000000, 0.000000000000000000, 0.000000000000000000 ) ) ;
#3225 = CARTESIAN_POINT ( 'NONE',  ( -0.1551561096827637209, -0.2894216745996738838, 0.0003979779456302677629 ) ) ;
#3226 = CARTESIAN_POINT ( 'NONE',  ( 0.000000000000000000, 0.000000000000000000, 0.000000000000000000 ) ) ;
#3227 = FACE_OUTER_BOUND ( 'NONE', #103, .T. ) ;
#3228 = CARTESIAN_POINT ( 'NONE',  ( -0.3541072871175007797, -0.5510269468160308159, 0.07199737380277536347 ) ) ;
#3229 = CARTESIAN_POINT ( 'NONE',  ( 0.3117719603780841342, -0.5076451741082053104, 0.05504680435879002326 ) ) ;
#3230 = CARTESIAN_POINT ( 'NONE',  ( 0.000000000000000000, 0.000000000000000000, 0.000000000000000000 ) ) ;
#3231 = LINE ( 'NONE', #4739, #3578 ) ;
#3232 = B_SPLINE_SURFACE_WITH_KNOTS ( 'NONE', 3, 1, ( 
 ( #2225, #3781 ),
 ( #29, #1863 ),
 ( #1101, #3713 ),
 ( #1885, #7 ),
 ( #780, #2312 ),
 ( #3328, #4062 ),
 ( #3015, #4104 ),
 ( #3376, #391 ) ),
 .UNSPECIFIED., .F., .F., .F.,
 ( 4, 1, 1, 1, 1, 4 ),
 ( 2, 2 ),
 ( 0.000000000000000000, 0.09239413145188504761, 0.2927650588126481379, 0.3981225690435391540, 0.7245391928372308943, 1.000000000000000000 ),
 ( 0.000000000000000000, 1.000000000000000000 ),
 .UNSPECIFIED. ) ;
#3233 = CARTESIAN_POINT ( 'NONE',  ( 0.3464419077151296711, -0.5570908895713216902, -0.02656370896565879089 ) ) ;
#3234 = CARTESIAN_POINT ( 'NONE',  ( 0.2358888449992755099, -0.5246608535493826331, -0.1696219377089711600 ) ) ;
#3235 = CARTESIAN_POINT ( 'NONE',  ( -0.2625985066525959311, -0.5675494520111779018, 0.1987250434740931715 ) ) ;
#3236 = CARTESIAN_POINT ( 'NONE',  ( 0.09676195986679464456, -0.5741050682364789992, -0.3028793173416099438 ) ) ;
#3237 = CARTESIAN_POINT ( 'NONE',  ( -0.05870942075720089054, -0.5763144579382281085, 0.3085965126977058270 ) ) ;
#3238 = ORIENTED_EDGE ( 'NONE', *, *, #4226, .F. ) ;
#3239 = ORIENTED_EDGE ( 'NONE', *, *, #1985, .T. ) ;
#3240 = CARTESIAN_POINT ( 'NONE',  ( 0.1327877149192147888, -0.5785949642060882470, 0.2803196508531457520 ) ) ;
#3241 = CARTESIAN_POINT ( 'NONE',  ( -0.1408186913432159515, 0.000000000000000000, -0.2047244094488188948 ) ) ;
#3242 = CARTESIAN_POINT ( 'NONE',  ( 0.000000000000000000, 0.000000000000000000, 0.000000000000000000 ) ) ;
#3243 = VERTEX_POINT ( 'NONE', #2386 ) ;
#3244 = ADVANCED_FACE ( 'NONE', ( #849 ), #1667, .T. ) ;
#3245 = DIRECTION ( 'NONE',  ( 0.000000000000000000, 0.000000000000000000, -1.000000000000000000 ) ) ;
#3246 = ORIENTED_EDGE ( 'NONE', *, *, #3275, .T. ) ;
#3247 = CARTESIAN_POINT ( 'NONE',  ( 0.2642986643152734350, -0.5711492529229237336, -0.1873647905563392002 ) ) ;
#3248 = CARTESIAN_POINT ( 'NONE',  ( -0.06505951568009457620, -0.5291561317255571995, 0.2763379552219390467 ) ) ;
#3249 = EDGE_CURVE ( 'NONE', #2450, #1403, #510, .T. ) ;
#3250 = CARTESIAN_POINT ( 'NONE',  ( -0.06642235967421170062, -0.2894216745996738838, 0.1402199946286001586 ) ) ;
#3251 = PLANE ( 'NONE',  #4514 ) ;
#3252 = CARTESIAN_POINT ( 'NONE',  ( -0.3068680621356596472, -0.5036595598781937744, -0.09970747753270078895 ) ) ;
#3253 = B_SPLINE_CURVE_WITH_KNOTS ( 'NONE', 3,
 ( #4284, #3835, #1665, #3913, #3082, #3105, #2051, #4612 ),
 .UNSPECIFIED., .F., .F.,
 ( 4, 2, 2, 4 ),
 ( 0.0001657239593221403336, 0.0008120922820786941054, 0.001135276443456972265, 0.001458460604835250425 ),
 .UNSPECIFIED. ) ;
#3254 = CARTESIAN_POINT ( 'NONE',  ( 0.000000000000000000, 0.000000000000000000, 0.000000000000000000 ) ) ;
#3255 = CARTESIAN_POINT ( 'NONE',  ( -0.2072862898727569902, -0.5291503390633798265, -0.1936566273115702952 ) ) ;
#3256 = LINE ( 'NONE', #2076, #2638 ) ;
#3257 = CARTESIAN_POINT ( 'NONE',  ( 0.1084486571397065557, -0.5786007325277198188, -0.2908603404288639394 ) ) ;
#3258 = CARTESIAN_POINT ( 'NONE',  ( 0.3205068654805282025, -0.5675494520111780128, 0.07566351683473575285 ) ) ;
#3259 = CARTESIAN_POINT ( 'NONE',  ( -0.1187791326502473238, -0.5036595598781938854, 0.3000018437971406216 ) ) ;
#3260 = ORIENTED_EDGE ( 'NONE', *, *, #2907, .T. ) ;
#3261 = ORIENTED_EDGE ( 'NONE', *, *, #312, .F. ) ;
#3262 = CARTESIAN_POINT ( 'NONE',  ( -0.1078461038648901027, -0.5675532765349016184, 0.3111502472311263867 ) ) ;
#3263 = CARTESIAN_POINT ( 'NONE',  ( -0.3258533453788803880, -0.5675494520111777907, 0.04763628769484290482 ) ) ;
#3264 = CARTESIAN_POINT ( 'NONE',  ( -0.2515750211270220138, -0.5268701665594059946, -0.1384630142009584675 ) ) ;
#3265 = VERTEX_POINT ( 'NONE', #4209 ) ;
#3266 = B_SPLINE_CURVE_WITH_KNOTS ( 'NONE', 3,
 ( #4057, #2286, #410, #1516 ),
 .UNSPECIFIED., .F., .F.,
 ( 4, 4 ),
 ( 0.000000000000000000, 0.0009496860142668346084 ),
 .UNSPECIFIED. ) ;
#3267 = EDGE_CURVE ( 'NONE', #3179, #1999, #2362, .T. ) ;
#3268 = FACE_OUTER_BOUND ( 'NONE', #1889, .T. ) ;
#3269 = ADVANCED_FACE ( 'NONE', ( #3443 ), #2194, .F. ) ;
#3270 = LOCAL_TIME ( 23, 27, 9.000000000000000000, #38 ) ;
#3271 = VERTEX_POINT ( 'NONE', #4288 ) ;
#3272 = B_SPLINE_SURFACE_WITH_KNOTS ( 'NONE', 3, 1, ( 
 ( #3054, #3828 ),
 ( #4171, #4548 ),
 ( #1968, #841 ),
 ( #475, #3435 ) ),
 .UNSPECIFIED., .F., .F., .F.,
 ( 4, 4 ),
 ( 2, 2 ),
 ( 0.000000000000000000, 1.000000000000000000 ),
 ( 0.000000000000000000, 1.000000000000000000 ),
 .UNSPECIFIED. ) ;
#3273 = CARTESIAN_POINT ( 'NONE',  ( -0.3003652441896508263, -0.5788433491990535584, 0.07794246029317340729 ) ) ;
#3274 = CC_DESIGN_SECURITY_CLASSIFICATION ( #4781, ( #4831 ) ) ;
#3275 = EDGE_CURVE ( 'NONE', #2764, #3601, #194, .T. ) ;
#3276 = CARTESIAN_POINT ( 'NONE',  ( 0.000000000000000000, 0.000000000000000000, 0.000000000000000000 ) ) ;
#3277 = CLOSED_SHELL ( 'NONE', ( #1633, #2715, #4303, #2211, #3056, #3680, #2121, #2568, #394, #1990, #2508, #3003, #470, #2479, #91, #1922, #1684, #989, #266, #188, #506, #4757, #248, #573, #384, #4827, #1801, #3217, #3869, #4697, #2296, #3269, #3770, #4185, #1408, #4650, #1468, #2823, #2850, #4496, #4728, #4103, #2947, #4641, #4440, #1658, #647, #1110, #273, #1504, #610, #3912, #4508, #703, #2704, #2614, #2185, #1940, #3895, #2945, #1997, #2218, #3762, #3831, #713, #1912, #1227, #3859, #3223, #2511, #3496, #1132, #2009, #3650, #365, #4453, #919, #1588, #2302, #4399, #2412, #1139, #3331 ) ) ;
#3278 = CARTESIAN_POINT ( 'NONE',  ( -0.2868480963055037858, -0.5202677472389242164, -0.07799208929275375235 ) ) ;
#3279 = DIRECTION ( 'NONE',  ( -1.000000000000000000, -2.138387505857551836E-15, -0.000000000000000000 ) ) ;
#3280 = VECTOR ( 'NONE', #196, 39.37007874015748854 ) ;
#3281 = CARTESIAN_POINT ( 'NONE',  ( 0.000000000000000000, 0.000000000000000000, 0.000000000000000000 ) ) ;
#3282 = EDGE_CURVE ( 'NONE', #3572, #55, #1690, .T. ) ;
#3283 = CARTESIAN_POINT ( 'NONE',  ( -0.2815568434315994795, -0.5181076722195296913, -0.1051974896439189650 ) ) ;
#3284 = CARTESIAN_POINT ( 'NONE',  ( 0.000000000000000000, 0.000000000000000000, 0.000000000000000000 ) ) ;
#3285 = ORIENTED_EDGE ( 'NONE', *, *, #744, .T. ) ;
#3286 = ORIENTED_EDGE ( 'NONE', *, *, #447, .F. ) ;
#3287 = CARTESIAN_POINT ( 'NONE',  ( 0.1538827775522185470, -0.2894216745996738838, -0.01984105670445651323 ) ) ;
#3288 = DIRECTION ( 'NONE',  ( 0.2541898630446773888, -0.8813413940020674575, -0.3982773665974764232 ) ) ;
#3289 = CARTESIAN_POINT ( 'NONE',  ( 0.2634839649340137147, -0.5291503390633798265, -0.1051032610985808691 ) ) ;
#3290 = ORIENTED_EDGE ( 'NONE', *, *, #4260, .T. ) ;
#3291 = DATE_AND_TIME ( #3948, #3039 ) ;
#3292 = EDGE_CURVE ( 'NONE', #3327, #3894, #4178, .T. ) ;
#3293 = FACE_OUTER_BOUND ( 'NONE', #1547, .T. ) ;
#3294 = EDGE_LOOP ( 'NONE', ( #1553, #548, #2632, #4470 ) ) ;
#3295 = CARTESIAN_POINT ( 'NONE',  ( -0.3027366280179120128, -0.5510269468160307049, -0.1972970518800448991 ) ) ;
#3296 = EDGE_CURVE ( 'NONE', #2013, #2215, #1938, .T. ) ;
#3297 = ORIENTED_EDGE ( 'NONE', *, *, #4362, .F. ) ;
#3298 = CARTESIAN_POINT ( 'NONE',  ( 0.000000000000000000, 0.000000000000000000, 0.000000000000000000 ) ) ;
#3299 = CARTESIAN_POINT ( 'NONE',  ( 0.000000000000000000, 0.000000000000000000, 0.000000000000000000 ) ) ;
#3300 = CARTESIAN_POINT ( 'NONE',  ( -0.02505271592914800824, -0.5697155349887014220, 0.3245977570046408300 ) ) ;
#3301 = CARTESIAN_POINT ( 'NONE',  ( 0.2586585701535961679, -0.5785182336645523504, 0.1715485882816361052 ) ) ;
#3302 = CARTESIAN_POINT ( 'NONE',  ( 0.02027034886768541710, -0.5785949642060880249, -0.3095170380523157294 ) ) ;
#3303 = CARTESIAN_POINT ( 'NONE',  ( -0.3480584879825009414, -0.5531022667475551380, 0.06639570755142909508 ) ) ;
#3304 = VERTEX_POINT ( 'NONE', #3808 ) ;
#3305 = ORIENTED_EDGE ( 'NONE', *, *, #447, .T. ) ;
#3306 = EDGE_CURVE ( 'NONE', #2337, #4397, #4254, .T. ) ;
#3307 = B_SPLINE_SURFACE_WITH_KNOTS ( 'NONE', 3, 1, ( 
 ( #1776, #742 ),
 ( #4349, #3624 ),
 ( #4806, #2877 ),
 ( #3599, #1013 ) ),
 .UNSPECIFIED., .F., .F., .F.,
 ( 4, 4 ),
 ( 2, 2 ),
 ( 0.000000000000000000, 1.000000000000000000 ),
 ( 0.000000000000000000, 1.000000000000000000 ),
 .UNSPECIFIED. ) ;
#3308 = CARTESIAN_POINT ( 'NONE',  ( -0.02027034886768102478, -0.5785949642060880249, -0.3095170380523160070 ) ) ;
#3309 = FACE_OUTER_BOUND ( 'NONE', #4666, .T. ) ;
#3310 = CARTESIAN_POINT ( 'NONE',  ( 0.000000000000000000, 0.000000000000000000, 0.000000000000000000 ) ) ;
#3311 = CARTESIAN_POINT ( 'NONE',  ( 0.2886900840095474319, -0.5785949642060881359, 0.1134447851708341448 ) ) ;
#3312 = ORIENTED_EDGE ( 'NONE', *, *, #2029, .F. ) ;
#3313 = COORDINATED_UNIVERSAL_TIME_OFFSET ( 5, 0, .BEHIND. ) ;
#3314 = SHAPE_REPRESENTATION ( 'GearPlusFeet', ( #2878, #3889, #786 ), #3036 ) ;
#3315 = CARTESIAN_POINT ( 'NONE',  ( 0.2072862898727597103, -0.5291503390633798265, -0.1936566273115673531 ) ) ;
#3316 =( NAMED_UNIT ( * ) SI_UNIT ( $, .STERADIAN. ) SOLID_ANGLE_UNIT ( ) );
#3317 = CARTESIAN_POINT ( 'NONE',  ( 0.02469553885027340676, -0.5181076722195310236, 0.2995511613588611177 ) ) ;
#3318 = DIRECTION ( 'NONE',  ( -0.8660254037844413721, 0.4999999999999952260, -0.000000000000000000 ) ) ;
#3319 = LINE ( 'NONE', #380, #1250 ) ;
#3320 = FACE_OUTER_BOUND ( 'NONE', #4583, .T. ) ;
#3321 = EDGE_CURVE ( 'NONE', #1195, #1011, #2738, .T. ) ;
#3322 = CARTESIAN_POINT ( 'NONE',  ( -0.01868226010994081601, -0.5785949642060882470, 0.3096169521280782710 ) ) ;
#3323 = CARTESIAN_POINT ( 'NONE',  ( 0.2849149851872840866, -0.5268701665594056616, -0.03585315568267453956 ) ) ;
#3324 = FACE_OUTER_BOUND ( 'NONE', #1014, .T. ) ;
#3325 = CARTESIAN_POINT ( 'NONE',  ( 0.000000000000000000, -0.6153076169366386017, 0.08202099737532810020 ) ) ;
#3326 = ORIENTED_EDGE ( 'NONE', *, *, #2739, .F. ) ;
#3327 = VERTEX_POINT ( 'NONE', #4615 ) ;
#3328 = CARTESIAN_POINT ( 'NONE',  ( 0.000000000000000000, 0.000000000000000000, 0.000000000000000000 ) ) ;
#3329 = CARTESIAN_POINT ( 'NONE',  ( 0.000000000000000000, 0.000000000000000000, 0.000000000000000000 ) ) ;
#3330 = CARTESIAN_POINT ( 'NONE',  ( -0.1133763709623948068, -0.2894216745996738283, -0.1059215524137202130 ) ) ;
#3331 = ADVANCED_FACE ( 'NONE', ( #1324 ), #2745, .F. ) ;
#3332 = ORIENTED_EDGE ( 'NONE', *, *, #3751, .T. ) ;
#3333 = VECTOR ( 'NONE', #1830, 39.37007874015748143 ) ;
#3334 = CARTESIAN_POINT ( 'NONE',  ( -0.09564019576578947079, -0.5675532765349015074, -0.3151161871829332162 ) ) ;
#3335 = ORIENTED_EDGE ( 'NONE', *, *, #2884, .F. ) ;
#3336 = PERSON_AND_ORGANIZATION ( #1829, #4201 ) ;
#3337 = APPROVAL ( #226, 'UNSPECIFIED' ) ;
#3338 = CC_DESIGN_APPROVAL ( #2437, ( #1346 ) ) ;
#3339 = CARTESIAN_POINT ( 'NONE',  ( 0.000000000000000000, 0.000000000000000000, 0.000000000000000000 ) ) ;
#3340 = DIRECTION ( 'NONE',  ( 0.2541898630446715601, 0.8813413940020675685, 0.3982773665974801980 ) ) ;
#3341 = CARTESIAN_POINT ( 'NONE',  ( -0.2642986643152708814, -0.5711492529229236226, -0.1873647905563430582 ) ) ;
#3342 = CARTESIAN_POINT ( 'NONE',  ( 0.2396887225244428155, -0.5181052167782335127, 0.1813624554444700776 ) ) ;
#3343 = B_SPLINE_SURFACE_WITH_KNOTS ( 'NONE', 3, 1, ( 
 ( #1936, #1549 ),
 ( #2609, #4089 ),
 ( #1206, #4112 ),
 ( #399, #14 ),
 ( #763, #36 ),
 ( #4163, #4542 ),
 ( #4565, #80 ),
 ( #832, #2299 ) ),
 .UNSPECIFIED., .F., .F., .F.,
 ( 4, 1, 1, 1, 1, 4 ),
 ( 2, 2 ),
 ( 0.000000000000000000, 0.09239413145188504761, 0.2927650588126481379, 0.3981225690435391540, 0.7245391928372308943, 1.000000000000000000 ),
 ( 0.000000000000000000, 1.000000000000000000 ),
 .UNSPECIFIED. ) ;
#3344 = CC_DESIGN_PERSON_AND_ORGANIZATION_ASSIGNMENT ( #936, #3143, ( #1879 ) ) ;
#3345 = CARTESIAN_POINT ( 'NONE',  ( 0.000000000000000000, 0.000000000000000000, 0.000000000000000000 ) ) ;
#3346 = VECTOR ( 'NONE', #3355, 39.37007874015748143 ) ;
#3347 = CARTESIAN_POINT ( 'NONE',  ( -0.1408186913432131482, 2.253774594773017007E-15, 0.3661417322834645272 ) ) ;
#3348 = CARTESIAN_POINT ( 'NONE',  ( 0.000000000000000000, -0.6153076169366386017, 0.000000000000000000 ) ) ;
#3349 = CARTESIAN_POINT ( 'NONE',  ( 0.2916208014664321557, -0.5675494520111779018, 0.1529932245298116500 ) ) ;
#3350 = VERTEX_POINT ( 'NONE', #167 ) ;
#3351 = ORIENTED_EDGE ( 'NONE', *, *, #3150, .F. ) ;
#3352 = B_SPLINE_CURVE_WITH_KNOTS ( 'NONE', 3,
 ( #1479, #3264, #2605, #3999, #673, #2543, #760, #2951 ),
 .UNSPECIFIED., .F., .F.,
 ( 4, 2, 2, 4 ),
 ( 1.410807728183448181E-14, 0.0003227673804012500046, 0.0006455347607883919368, 0.001291069521562674283 ),
 .UNSPECIFIED. ) ;
#3353 = CARTESIAN_POINT ( 'NONE',  ( -0.1226690069042900566, -0.5181076722195300244, 0.2743958502887093864 ) ) ;
#3354 = DIRECTION ( 'NONE',  ( 0.000000000000000000, 1.000000000000000000, 0.000000000000000000 ) ) ;
#3355 = DIRECTION ( 'NONE',  ( 0.000000000000000000, 0.000000000000000000, -1.000000000000000000 ) ) ;
#3356 = CARTESIAN_POINT ( 'NONE',  ( 0.1221419497167084006, -0.5268701665594062167, 0.2598910188445868741 ) ) ;
#3357 = ORIENTED_EDGE ( 'NONE', *, *, #3558, .T. ) ;
#3358 = VERTEX_POINT ( 'NONE', #2767 ) ;
#3359 = EDGE_CURVE ( 'NONE', #413, #3265, #1176, .T. ) ;
#3360 = EDGE_CURVE ( 'NONE', #3780, #3742, #604, .T. ) ;
#3361 = CARTESIAN_POINT ( 'NONE',  ( 0.000000000000000000, 0.000000000000000000, 0.000000000000000000 ) ) ;
#3362 = CARTESIAN_POINT ( 'NONE',  ( -0.09676189676440288823, -0.5741060011268073193, -0.3028776353493403128 ) ) ;
#3363 = VERTEX_POINT ( 'NONE', #3562 ) ;
#3364 = PERSON_AND_ORGANIZATION_ROLE ( 'design_owner' ) ;
#3365 = EDGE_CURVE ( 'NONE', #1606, #2747, #2627, .T. ) ;
#3366 = CARTESIAN_POINT ( 'NONE',  ( 0.02000295456673034308, -0.5779555199654423658, -0.3112347771123619156 ) ) ;
#3367 = CARTESIAN_POINT ( 'NONE',  ( -0.2288856728977478605, -0.5763141770085491444, -0.2151517102106626500 ) ) ;
#3368 = CARTESIAN_POINT ( 'NONE',  ( 0.2889357908242166095, -0.5202702371058161024, 0.06984582518322748901 ) ) ;
#3369 = CARTESIAN_POINT ( 'NONE',  ( -0.2256630033216336373, -0.5788433491990536695, 0.2130035585747848403 ) ) ;
#3370 = CARTESIAN_POINT ( 'NONE',  ( 0.000000000000000000, 0.000000000000000000, 0.000000000000000000 ) ) ;
#3371 = CARTESIAN_POINT ( 'NONE',  ( 0.2082727287965515373, -0.5531022667475685717, 0.2866628184427504888 ) ) ;
#3372 = CARTESIAN_POINT ( 'NONE',  ( 0.1717666925657322929, -0.5650778416537696192, -0.2875471083077572043 ) ) ;
#3373 = CARTESIAN_POINT ( 'NONE',  ( 0.3206116495285443735, -0.5531022667475552490, 0.1508683904086782490 ) ) ;
#3374 = VERTEX_POINT ( 'NONE', #639 ) ;
#3375 = ORIENTED_EDGE ( 'NONE', *, *, #1362, .T. ) ;
#3376 = CARTESIAN_POINT ( 'NONE',  ( 0.000000000000000000, 0.000000000000000000, 0.000000000000000000 ) ) ;
#3377 = CARTESIAN_POINT ( 'NONE',  ( 0.000000000000000000, 0.000000000000000000, 0.000000000000000000 ) ) ;
#3378 = CARTESIAN_POINT ( 'NONE',  ( 0.000000000000000000, 0.000000000000000000, 0.000000000000000000 ) ) ;
#3379 = ORIENTED_EDGE ( 'NONE', *, *, #2856, .T. ) ;
#3380 = VERTEX_POINT ( 'NONE', #4796 ) ;
#3381 = CARTESIAN_POINT ( 'NONE',  ( -0.7420587615486897715, -0.2717275222360906461, -0.3622047244094488416 ) ) ;
#3382 = EDGE_CURVE ( 'NONE', #1121, #2249, #192, .T. ) ;
#3383 = CARTESIAN_POINT ( 'NONE',  ( 0.2082727287965515373, -0.5531022667475685717, 0.2866628184427504888 ) ) ;
#3384 = ORIENTED_EDGE ( 'NONE', *, *, #3321, .T. ) ;
#3385 = EDGE_CURVE ( 'NONE', #4154, #730, #2554, .T. ) ;
#3386 = PERSON_AND_ORGANIZATION ( #1829, #4201 ) ;
#3387 = CARTESIAN_POINT ( 'NONE',  ( 0.000000000000000000, 0.000000000000000000, 0.000000000000000000 ) ) ;
#3388 = DIRECTION ( 'NONE',  ( 0.3435923487708186785, -0.8813413940020675685, 0.3243171982560349442 ) ) ;
#3389 = ORIENTED_EDGE ( 'NONE', *, *, #1985, .F. ) ;
#3390 = CARTESIAN_POINT ( 'NONE',  ( 0.000000000000000000, 0.000000000000000000, 0.000000000000000000 ) ) ;
#3391 = CARTESIAN_POINT ( 'NONE',  ( -0.2970556368204881337, -0.5785182336645523504, 0.08995066808256299562 ) ) ;
#3392 = CARTESIAN_POINT ( 'NONE',  ( 0.2745792467433003647, -0.5291503390633798265, 0.07125119317447799194 ) ) ;
#3393 = DIRECTION ( 'NONE',  ( 0.8660254037844411501, -0.4999999999999953926, -0.000000000000000000 ) ) ;
#3394 = CARTESIAN_POINT ( 'NONE',  ( -0.2943576673923475884, -0.5202702371058183228, 0.04142335285893236629 ) ) ;
#3395 = ORIENTED_EDGE ( 'NONE', *, *, #1191, .F. ) ;
#3396 = ORIENTED_EDGE ( 'NONE', *, *, #724, .T. ) ;
#3397 = CARTESIAN_POINT ( 'NONE',  ( 0.000000000000000000, 0.000000000000000000, -8.537024980200822558E-18 ) ) ;
#3398 = CARTESIAN_POINT ( 'NONE',  ( -0.2302118306279392068, -0.5751480959758970002, -0.2177027723896993450 ) ) ;
#3399 = ORIENTED_EDGE ( 'NONE', *, *, #4133, .T. ) ;
#3400 = ORIENTED_EDGE ( 'NONE', *, *, #4148, .F. ) ;
#3401 = CARTESIAN_POINT ( 'NONE',  ( 0.2365926973646905185, -0.5291561317290428557, 0.1569053911878914298 ) ) ;
#3402 = ORIENTED_EDGE ( 'NONE', *, *, #2207, .T. ) ;
#3403 = APPROVAL_DATE_TIME ( #792, #1278 ) ;
#3404 = AXIS2_PLACEMENT_3D ( 'NONE', #3979, #655, #1799 ) ;
#3405 = EDGE_CURVE ( 'NONE', #2209, #3901, #1825, .T. ) ;
#3406 = B_SPLINE_CURVE_WITH_KNOTS ( 'NONE', 3,
 ( #4469, #2320, #1893, #3334, #3787, #3362, #423, #1960 ),
 .UNSPECIFIED., .F., .F.,
 ( 4, 2, 2, 4 ),
 ( 0.0001822175744222990406, 0.0008899156074967525757, 0.001243764624033980373, 0.001597613640571207954 ),
 .UNSPECIFIED. ) ;
#3407 = CARTESIAN_POINT ( 'NONE',  ( 0.2715452160547224270, -0.5788433491990536695, 0.1501915532626769967 ) ) ;
#3408 = VECTOR ( 'NONE', #781, 39.37007874015748143 ) ;
#3409 = CARTESIAN_POINT ( 'NONE',  ( 0.3333151031303489553, -0.5650778416537697302, -0.03298754607922036591 ) ) ;
#3410 = CARTESIAN_POINT ( 'NONE',  ( -0.2110684748278333633, -0.5697115686609646179, -0.2478828717298808271 ) ) ;
#3411 = CARTESIAN_POINT ( 'NONE',  ( -0.7420587615486897715, -0.2717275222360906461, 0.3661417322834645272 ) ) ;
#3412 = CARTESIAN_POINT ( 'NONE',  ( -0.2653532662468109926, -0.5785182336645523504, 0.1609994352396125206 ) ) ;
#3413 = EDGE_CURVE ( 'NONE', #4372, #488, #665, .T. ) ;
#3414 = CARTESIAN_POINT ( 'NONE',  ( 0.3078329249800335066, -0.5785949642060881359, 0.03808640421637808637 ) ) ;
#3415 = CARTESIAN_POINT ( 'NONE',  ( 0.2753505155632271495, -0.5763144579382277755, 0.1511975440074881383 ) ) ;
#3416 = ORIENTED_EDGE ( 'NONE', *, *, #4133, .F. ) ;
#3417 = ORIENTED_EDGE ( 'NONE', *, *, #4746, .F. ) ;
#3418 = B_SPLINE_CURVE_WITH_KNOTS ( 'NONE', 3,
 ( #826, #2103, #2004, #3862 ),
 .UNSPECIFIED., .F., .F.,
 ( 4, 4 ),
 ( 0.0004342163395806437876, 0.0008684883343435939856 ),
 .UNSPECIFIED. ) ;
#3419 = EDGE_CURVE ( 'NONE', #3059, #1589, #2176, .T. ) ;
#3420 = B_SPLINE_CURVE_WITH_KNOTS ( 'NONE', 3,
 ( #288, #973, #3630, #3987, #3580, #2530, #4707, #1804 ),
 .UNSPECIFIED., .F., .F.,
 ( 4, 2, 2, 4 ),
 ( 1.537758673688239850E-14, 0.0003533926699086806732, 0.0007067853398019837818, 0.001413570679588592276 ),
 .UNSPECIFIED. ) ;
#3421 = DIRECTION ( 'NONE',  ( 0.000000000000000000, 0.000000000000000000, 1.000000000000000000 ) ) ;
#3422 = CARTESIAN_POINT ( 'NONE',  ( -0.3042241710098853025, -0.5763141770085491444, -0.07827236701273153352 ) ) ;
#3423 = CARTESIAN_POINT ( 'NONE',  ( 0.000000000000000000, 0.000000000000000000, 0.000000000000000000 ) ) ;
#3424 = ORIENTED_EDGE ( 'NONE', *, *, #3474, .T. ) ;
#3425 = VERTEX_POINT ( 'NONE', #4034 ) ;
#3426 = AXIS2_PLACEMENT_3D ( 'NONE', #3951, #2089, #3575 ) ;
#3427 = LINE ( 'NONE', #4162, #2431 ) ;
#3428 = CARTESIAN_POINT ( 'NONE',  ( -0.2482333836000239213, -0.5291503390633798265, 0.1372977878095213711 ) ) ;
#3429 = ORIENTED_EDGE ( 'NONE', *, *, #1645, .F. ) ;
#3430 = CALENDAR_DATE ( 2026, 5, 4 ) ;
#3431 = PERSON ( 'NAUO-PER1', 'UNSPECIFIED', 'UNSPECIFIED', ('UNSPECIFIED'), ('UNSPECIFIED'), ('UNSPECIFIED') ) ;
#3432 = CARTESIAN_POINT ( 'NONE',  ( 0.000000000000000000, 0.000000000000000000, 0.000000000000000000 ) ) ;
#3433 = CARTESIAN_POINT ( 'NONE',  ( 0.2888140157562905097, -0.5788433491993477675, 0.1134934858750282355 ) ) ;
#3434 = CARTESIAN_POINT ( 'NONE',  ( 0.1201234110567981489, -0.5291503390633798265, -0.2569841656347421344 ) ) ;
#3435 = CARTESIAN_POINT ( 'NONE',  ( -0.1314043145024544890, -0.5788433491993476565, -0.2811177923281985569 ) ) ;
#3436 = CARTESIAN_POINT ( 'NONE',  ( 0.2014636303726539679, -0.5741060011268097618, 0.2459880734859329343 ) ) ;
#3437 = PLANE ( 'NONE',  #3646 ) ;
#3438 = DIRECTION ( 'NONE',  ( 0.000000000000000000, 0.000000000000000000, 1.000000000000000000 ) ) ;
#3439 = ORIENTED_EDGE ( 'NONE', *, *, #928, .F. ) ;
#3440 = EDGE_CURVE ( 'NONE', #820, #1949, #824, .T. ) ;
#3441 = ORIENTED_EDGE ( 'NONE', *, *, #3178, .T. ) ;
#3442 = CARTESIAN_POINT ( 'NONE',  ( 0.000000000000000000, 0.000000000000000000, 0.000000000000000000 ) ) ;
#3443 = FACE_OUTER_BOUND ( 'NONE', #1777, .T. ) ;
#3444 = CARTESIAN_POINT ( 'NONE',  ( -0.1336097882673009107, -0.5763144579382279975, 0.2843009465583932194 ) ) ;
#3445 = VERTEX_POINT ( 'NONE', #4770 ) ;
#3446 = ORIENTED_EDGE ( 'NONE', *, *, #2925, .T. ) ;
#3447 = CARTESIAN_POINT ( 'NONE',  ( 0.3397537933126519305, -0.5533416366082751781, -0.1092155184866250850 ) ) ;
#3448 = CARTESIAN_POINT ( 'NONE',  ( -0.2646636345290115933, -0.5570908895713219122, 0.2251239361178729859 ) ) ;
#3449 = CARTESIAN_POINT ( 'NONE',  ( -0.1313479281592113135, -0.5785949642060880249, -0.2809971630749659721 ) ) ;
#3450 = FACE_OUTER_BOUND ( 'NONE', #4489, .T. ) ;
#3451 = EDGE_LOOP ( 'NONE', ( #2311, #2635, #4799, #2795 ) ) ;
#3452 = MECHANICAL_CONTEXT ( 'NONE', #1174, 'mechanical' ) ;
#3453 = CARTESIAN_POINT ( 'NONE',  ( 0.2266554410257626828, -0.5785949642060881359, -0.2117522017389980860 ) ) ;
#3454 = CARTESIAN_POINT ( 'NONE',  ( 0.2977650196374344027, -0.5650778416537697302, 0.1533725179145274675 ) ) ;
#3455 = CARTESIAN_POINT ( 'NONE',  ( 0.000000000000000000, 0.000000000000000000, 0.000000000000000000 ) ) ;
#3456 = FACE_OUTER_BOUND ( 'NONE', #1622, .T. ) ;
#3457 = DIRECTION ( 'NONE',  ( 0.5000000000000013323, 0.8660254037844379305, 0.000000000000000000 ) ) ;
#3458 = DIRECTION ( 'NONE',  ( 0.000000000000000000, 0.5000000000000078826, 0.8660254037844340447 ) ) ;
#3459 = CARTESIAN_POINT ( 'NONE',  ( -0.07113904010455011917, -0.5786007325277199298, 0.3021590406438359189 ) ) ;
#3460 = CARTESIAN_POINT ( 'NONE',  ( 0.2752004929229002750, -0.5763144579382277755, -0.1514704341771824503 ) ) ;
#3461 = VERTEX_POINT ( 'NONE', #4336 ) ;
#3462 = ORIENTED_EDGE ( 'NONE', *, *, #4347, .F. ) ;
#3463 = EDGE_CURVE ( 'NONE', #1815, #4020, #1881, .T. ) ;
#3464 = CARTESIAN_POINT ( 'NONE',  ( 0.000000000000000000, 0.000000000000000000, 0.000000000000000000 ) ) ;
#3465 = EDGE_CURVE ( 'NONE', #2575, #4439, #129, .T. ) ;
#3466 = CARTESIAN_POINT ( 'NONE',  ( 0.000000000000000000, 0.000000000000000000, 0.000000000000000000 ) ) ;
#3467 = CARTESIAN_POINT ( 'NONE',  ( -0.1313479281592113135, -0.5785949642060880249, -0.2809971630749659721 ) ) ;
#3468 = ORIENTED_EDGE ( 'NONE', *, *, #2207, .F. ) ;
#3469 = CARTESIAN_POINT ( 'NONE',  ( 0.000000000000000000, 0.000000000000000000, -0.6850393700787401619 ) ) ;
#3470 = CARTESIAN_POINT ( 'NONE',  ( -0.09664874838326260875, -0.5788433491990535584, -0.2948784944169552946 ) ) ;
#3471 = CARTESIAN_POINT ( 'NONE',  ( 0.1960547574795892256, -0.5181052167782335127, -0.2278279087817518533 ) ) ;
#3472 = ORIENTED_EDGE ( 'NONE', *, *, #2449, .T. ) ;
#3473 = PERSON_AND_ORGANIZATION_ROLE ( 'design_supplier' ) ;
#3474 = EDGE_CURVE ( 'NONE', #4283, #1195, #1241, .T. ) ;
#3475 = CARTESIAN_POINT ( 'NONE',  ( -0.3220234790102127764, -0.5036595598787235728, -0.02026000002979158263 ) ) ;
#3476 = CARTESIAN_POINT ( 'NONE',  ( 0.3078329249800335066, -0.5785949642060881359, 0.03808640421637808637 ) ) ;
#3477 = CARTESIAN_POINT ( 'NONE',  ( 0.1328447193484192934, -0.5788433491993477675, 0.2804399892572022601 ) ) ;
#3478 = CARTESIAN_POINT ( 'NONE',  ( 0.000000000000000000, 0.000000000000000000, 0.000000000000000000 ) ) ;
#3479 = CARTESIAN_POINT ( 'NONE',  ( 0.000000000000000000, 0.000000000000000000, 0.000000000000000000 ) ) ;
#3480 = VECTOR ( 'NONE', #4669, 39.37007874015748143 ) ;
#3481 = FACE_OUTER_BOUND ( 'NONE', #2765, .T. ) ;
#3482 = CARTESIAN_POINT ( 'NONE',  ( 0.1983286070162609549, -0.5785949642060881359, 0.2384899317096755844 ) ) ;
#3483 = CARTESIAN_POINT ( 'NONE',  ( 0.000000000000000000, 0.000000000000000000, 0.000000000000000000 ) ) ;
#3484 = CARTESIAN_POINT ( 'NONE',  ( 0.2958920085900109687, -0.5570898433182758236, -0.1821449769338054081 ) ) ;
#3485 = ORIENTED_EDGE ( 'NONE', *, *, #427, .T. ) ;
#3486 = CARTESIAN_POINT ( 'NONE',  ( 0.06111931712442338765, -0.5741060011268070973, -0.3120290943718181387 ) ) ;
#3487 = B_SPLINE_CURVE_WITH_KNOTS ( 'NONE', 3,
 ( #1117, #1901, #3010, #3733 ),
 .UNSPECIFIED., .F., .F.,
 ( 4, 4 ),
 ( 0.000000000000000000, 0.0009496860142668359095 ),
 .UNSPECIFIED. ) ;
#3488 = CC_DESIGN_PERSON_AND_ORGANIZATION_ASSIGNMENT ( #3336, #3364, ( #1064 ) ) ;
#3489 = SHAPE_REPRESENTATION ( 'Strait Gleason Bevel Gear Gen V8_Gear', ( #2118 ), #3725 ) ;
#3490 = CARTESIAN_POINT ( 'NONE',  ( -0.05367235497941600514, -0.5268700205389788005, 0.2821017621884699400 ) ) ;
#3491 = CARTESIAN_POINT ( 'NONE',  ( 0.1501826220945584323, -0.2894216745996738838, 0.03897123014658464280 ) ) ;
#3492 = CARTESIAN_POINT ( 'NONE',  ( 0.1767651036195967973, -0.5711492529229237336, 0.2715022041188830948 ) ) ;
#3493 = CARTESIAN_POINT ( 'NONE',  ( -0.1719769253168781931, -0.5585565789419792981, -0.3013559488059514568 ) ) ;
#3494 = ORIENTED_EDGE ( 'NONE', *, *, #483, .T. ) ;
#3495 = VERTEX_POINT ( 'NONE', #1764 ) ;
#3496 = ADVANCED_FACE ( 'NONE', ( #1426 ), #2114, .F. ) ;
#3497 = CARTESIAN_POINT ( 'NONE',  ( 0.3449915805084393661, -0.5510269468160307049, -0.1075007069860553222 ) ) ;
#3498 = CARTESIAN_POINT ( 'NONE',  ( 0.2127686526870904149, -0.5246614642377031013, 0.1978486916793158745 ) ) ;
#3499 = CARTESIAN_POINT ( 'NONE',  ( 0.1714515526243794719, -0.5291561317290428557, -0.2262736646912650307 ) ) ;
#3500 = CIRCLE ( 'NONE', #1659, 0.6850393700787401619 ) ;
#3501 = EDGE_CURVE ( 'NONE', #3996, #5, #3033, .T. ) ;
#3502 = COORDINATED_UNIVERSAL_TIME_OFFSET ( 5, 0, .BEHIND. ) ;
#3503 = CARTESIAN_POINT ( 'NONE',  ( -0.1566592597267212617, -0.5117476724477671990, -0.2678610044619503250 ) ) ;
#3504 = ORIENTED_EDGE ( 'NONE', *, *, #3382, .F. ) ;
#3505 = CARTESIAN_POINT ( 'NONE',  ( 0.000000000000000000, 0.000000000000000000, 0.000000000000000000 ) ) ;
#3506 = CARTESIAN_POINT ( 'NONE',  ( -0.1984592159880395612, -0.5291561317290428557, 0.2030008517704738891 ) ) ;
#3507 = CARTESIAN_POINT ( 'NONE',  ( 0.2834394563058842964, -0.5785182336645523504, -0.1264723237089834529 ) ) ;
#3508 = CARTESIAN_POINT ( 'NONE',  ( 0.2035905193848500661, -0.5711492529229238446, 0.2520123987340014970 ) ) ;
#3509 = CARTESIAN_POINT ( 'NONE',  ( -0.3100929092385228403, -0.5785182336645523504, 0.01324996963446966811 ) ) ;
#3510 = CARTESIAN_POINT ( 'NONE',  ( 0.2756901741243217296, -0.5533416366082752891, 0.2266177341691062164 ) ) ;
#3511 = CARTESIAN_POINT ( 'NONE',  ( 0.000000000000000000, 0.000000000000000000, 0.000000000000000000 ) ) ;
#3512 = CARTESIAN_POINT ( 'NONE',  ( 0.3316581258059090320, -0.5585565789419794092, -0.1019527258541632619 ) ) ;
#3513 = CARTESIAN_POINT ( 'NONE',  ( -0.1778987410625832433, -0.5510269468160307049, -0.3145276308252754061 ) ) ;
#3514 = ORIENTED_EDGE ( 'NONE', *, *, #275, .F. ) ;
#3515 = ORIENTED_EDGE ( 'NONE', *, *, #275, .T. ) ;
#3516 = CARTESIAN_POINT ( 'NONE',  ( 0.1339038111869719216, -0.5751480959758971112, 0.2871615458532563725 ) ) ;
#3517 = DIRECTION ( 'NONE',  ( -0.000000000000000000, -1.000000000000000000, -0.000000000000000000 ) ) ;
#3518 = CARTESIAN_POINT ( 'NONE',  ( 0.000000000000000000, 0.000000000000000000, 0.000000000000000000 ) ) ;
#3519 = CARTESIAN_POINT ( 'NONE',  ( 0.05304193261888709432, -0.5246608535493832992, 0.2856601168019282100 ) ) ;
#3520 = CARTESIAN_POINT ( 'NONE',  ( 0.000000000000000000, 0.000000000000000000, 0.000000000000000000 ) ) ;
#3521 = ORIENTED_EDGE ( 'NONE', *, *, #3617, .T. ) ;
#3522 = CARTESIAN_POINT ( 'NONE',  ( 0.3146397271296222375, -0.5650778416537697302, -0.1148432770471161379 ) ) ;
#3523 = CARTESIAN_POINT ( 'NONE',  ( 0.000000000000000000, 0.000000000000000000, 0.000000000000000000 ) ) ;
#3524 = CARTESIAN_POINT ( 'NONE',  ( -0.2290680135192256217, -0.5291503390633798265, -0.1673270463889831583 ) ) ;
#3525 = VERTEX_POINT ( 'NONE', #2989 ) ;
#3526 = PERSON_AND_ORGANIZATION_ROLE ( 'classification_officer' ) ;
#3527 = CARTESIAN_POINT ( 'NONE',  ( 0.000000000000000000, 0.000000000000000000, 0.000000000000000000 ) ) ;
#3528 = CARTESIAN_POINT ( 'NONE',  ( 0.05870939687588932338, -0.5763141770085496995, 0.3085970129195954037 ) ) ;
#3529 = CARTESIAN_POINT ( 'NONE',  ( 0.1991219421693712355, -0.5779555199654424769, 0.2400367822278031416 ) ) ;
#3530 = CARTESIAN_POINT ( 'NONE',  ( 0.000000000000000000, 0.000000000000000000, 0.000000000000000000 ) ) ;
#3531 = CARTESIAN_POINT ( 'NONE',  ( -0.2232227225169083895, -0.8895283427775351193, -0.2047244094488188948 ) ) ;
#3532 = CARTESIAN_POINT ( 'NONE',  ( -0.2232227225169027829, -0.8895283427775345642, 0.3661417322834645272 ) ) ;
#3533 = EDGE_CURVE ( 'NONE', #2013, #190, #1140, .T. ) ;
#3534 = CARTESIAN_POINT ( 'NONE',  ( -0.3449915805084378118, -0.5510269468160307049, -0.1075007069860602626 ) ) ;
#3535 = CARTESIAN_POINT ( 'NONE',  ( 0.1829369039146433451, -0.5268701665594058836, 0.2213505968882869546 ) ) ;
#3536 = ORIENTED_EDGE ( 'NONE', *, *, #2001, .F. ) ;
#3537 = ORIENTED_EDGE ( 'NONE', *, *, #1319, .F. ) ;
#3538 = CARTESIAN_POINT ( 'NONE',  ( 0.3206116495285443735, -0.5531022667475552490, 0.1508683904086782490 ) ) ;
#3539 = CARTESIAN_POINT ( 'NONE',  ( 0.3557446300691496366, -0.5510269468160308159, 0.06341412146499005031 ) ) ;
#3540 = CARTESIAN_POINT ( 'NONE',  ( -0.2678915238334149684, -0.5611928409090068959, 0.2099216783218642857 ) ) ;
#3541 = CARTESIAN_POINT ( 'NONE',  ( 0.09660727585227357750, -0.5785949642060880249, -0.2947519603671857613 ) ) ;
#3542 = CARTESIAN_POINT ( 'NONE',  ( 0.01868226010994074662, -0.5785949642060882470, 0.3096169521280782710 ) ) ;
#3543 = EDGE_LOOP ( 'NONE', ( #3847, #3116, #2774, #4259, #1036, #3567 ) ) ;
#3544 = CARTESIAN_POINT ( 'NONE',  ( -0.09660727585226926151, -0.5785949642060880249, -0.2947519603671872046 ) ) ;
#3545 = DIRECTION ( 'NONE',  ( -0.2000749630822740155, -0.8813413940020674575, -0.4280272846047540880 ) ) ;
#3546 = CARTESIAN_POINT ( 'NONE',  ( 0.1802588763618060141, -0.5291503390633798265, -0.2190370579689295272 ) ) ;
#3547 = ORIENTED_EDGE ( 'NONE', *, *, #1566, .T. ) ;
#3548 = APPLICATION_PROTOCOL_DEFINITION ( 'international standard', 'config_control_design', 1994, #1174 ) ;
#3549 = EDGE_CURVE ( 'NONE', #986, #3996, #3487, .T. ) ;
#3550 = CARTESIAN_POINT ( 'NONE',  ( -0.2954114489338081628, -0.5202702371058183228, -0.03308181303326152706 ) ) ;
#3551 = CARTESIAN_POINT ( 'NONE',  ( 0.05158413200192513842, -0.5611936780632711397, 0.3364090974724918137 ) ) ;
#3552 = CARTESIAN_POINT ( 'NONE',  ( 0.000000000000000000, 0.000000000000000000, 0.000000000000000000 ) ) ;
#3553 = EDGE_CURVE ( 'NONE', #2952, #2899, #1536, .T. ) ;
#3554 = CARTESIAN_POINT ( 'NONE',  ( -0.1773755589121696619, -0.5786007325225112075, -0.2547523497348419541 ) ) ;
#3555 = CARTESIAN_POINT ( 'NONE',  ( 0.04583897374740268649, -0.5533416366082752891, 0.3539201294563836808 ) ) ;
#3556 = CARTESIAN_POINT ( 'NONE',  ( 0.2587002186393298486, -0.5786007325225112075, 0.1715664462265002466 ) ) ;
#3557 = CARTESIAN_POINT ( 'NONE',  ( 0.2749411522185022383, -0.5291503390633798265, -0.06984166441077603593 ) ) ;
#3558 = EDGE_CURVE ( 'NONE', #2672, #1972, #3600, .T. ) ;
#3559 = CARTESIAN_POINT ( 'NONE',  ( -0.1513848585353168574, -0.5291503390633799375, 0.2399023131967406852 ) ) ;
#3560 = VECTOR ( 'NONE', #3205, 39.37007874015748854 ) ;
#3561 = CARTESIAN_POINT ( 'NONE',  ( 0.000000000000000000, 0.000000000000000000, 0.000000000000000000 ) ) ;
#3562 = CARTESIAN_POINT ( 'NONE',  ( 0.1971025442429065189, -0.5785949642060880249, -0.2395042190460732190 ) ) ;
#3563 = CARTESIAN_POINT ( 'NONE',  ( 0.000000000000000000, 0.000000000000000000, 0.000000000000000000 ) ) ;
#3564 = CARTESIAN_POINT ( 'NONE',  ( 0.000000000000000000, 0.000000000000000000, 0.000000000000000000 ) ) ;
#3565 = FACE_OUTER_BOUND ( 'NONE', #712, .T. ) ;
#3566 = ORIENTED_EDGE ( 'NONE', *, *, #4686, .T. ) ;
#3567 = ORIENTED_EDGE ( 'NONE', *, *, #997, .T. ) ;
#3568 = EDGE_CURVE ( 'NONE', #1276, #1606, #3668, .T. ) ;
#3569 = B_SPLINE_SURFACE_WITH_KNOTS ( 'NONE', 3, 1, ( 
 ( #862, #4478 ),
 ( #3073, #366 ),
 ( #1537, #2553 ),
 ( #1138, #3685 ),
 ( #1900, #1834 ),
 ( #3370, #4434 ),
 ( #1234, #4056 ),
 ( #4075, #341 ) ),
 .UNSPECIFIED., .F., .F., .F.,
 ( 4, 1, 1, 1, 1, 4 ),
 ( 2, 2 ),
 ( 0.000000000000000000, 0.2754608071627706600, 0.6018774309564619562, 0.7072349411873528613, 0.9076058685481156463, 1.000000000000000000 ),
 ( 0.000000000000000000, 1.000000000000000000 ),
 .UNSPECIFIED. ) ;
#3570 = CARTESIAN_POINT ( 'NONE',  ( -0.2640196774742014640, -0.5291503390633798265, 0.1037502056736451378 ) ) ;
#3571 = DIRECTION ( 'NONE',  ( 0.000000000000000000, 0.000000000000000000, 1.000000000000000000 ) ) ;
#3572 = VERTEX_POINT ( 'NONE', #3392 ) ;
#3573 = LOCAL_TIME ( 23, 27, 9.000000000000000000, #4700 ) ;
#3574 = CARTESIAN_POINT ( 'NONE',  ( 0.000000000000000000, 0.000000000000000000, 0.000000000000000000 ) ) ;
#3575 = DIRECTION ( 'NONE',  ( -0.4999999999999995559, -0.8660254037844389297, 0.000000000000000000 ) ) ;
#3576 = CARTESIAN_POINT ( 'NONE',  ( 0.2899627711915012673, -0.5585565789419792981, -0.1905598647279311275 ) ) ;
#3577 = CARTESIAN_POINT ( 'NONE',  ( 0.000000000000000000, 0.000000000000000000, 0.000000000000000000 ) ) ;
#3578 = VECTOR ( 'NONE', #612, 39.37007874015748854 ) ;
#3579 = CARTESIAN_POINT ( 'NONE',  ( -0.3503434959499753254, -0.5533416366082751781, 0.06797134980407658345 ) ) ;
#3580 = CARTESIAN_POINT ( 'NONE',  ( -0.06800278920925563464, -0.5675494520111776797, -0.3222192409830847981 ) ) ;
#3581 =( REPRESENTATION_RELATIONSHIP ('NONE','NONE', #3314, #683 ) REPRESENTATION_RELATIONSHIP_WITH_TRANSFORMATION ( #4727 )SHAPE_REPRESENTATION_RELATIONSHIP( ) );
#3582 = CARTESIAN_POINT ( 'NONE',  ( -0.2975631609314219883, -0.5117476724477671990, -0.08802162589949019678 ) ) ;
#3583 = CARTESIAN_POINT ( 'NONE',  ( 0.2183517579559781374, -0.5117481726913170048, -0.2204851067929508579 ) ) ;
#3584 = CARTESIAN_POINT ( 'NONE',  ( 0.09513475030936092980, -0.5788433491990536695, 0.2953704222112242817 ) ) ;
#3585 = CARTESIAN_POINT ( 'NONE',  ( -0.2431121440233869335, -0.5786007325277198188, -0.1930215902383777271 ) ) ;
#3586 = CARTESIAN_POINT ( 'NONE',  ( 0.02027905072438716122, -0.5788433491993476565, -0.3096499106007587487 ) ) ;
#3587 = CARTESIAN_POINT ( 'NONE',  ( -0.3084964198877097608, -0.5675494520111776797, -0.1152370492351290354 ) ) ;
#3588 = CARTESIAN_POINT ( 'NONE',  ( -0.05890328233474450420, -0.5785949642060882470, 0.3045358553899516485 ) ) ;
#3589 = EDGE_CURVE ( 'NONE', #1309, #55, #3266, .T. ) ;
#3590 = VERTEX_POINT ( 'NONE', #798 ) ;
#3591 = B_SPLINE_CURVE_WITH_KNOTS ( 'NONE', 1,
 ( #3966, #1716 ),
 .UNSPECIFIED., .F., .F.,
 ( 2, 2 ),
 ( 2.325202133283479097E-05, 0.001514701155316572345 ),
 .UNSPECIFIED. ) ;
#3592 = EDGE_LOOP ( 'NONE', ( #395, #3504, #247, #2681 ) ) ;
#3593 = B_SPLINE_CURVE_WITH_KNOTS ( 'NONE', 3,
 ( #1532, #2305, #1512, #3410, #3748, #4117, #405, #4144 ),
 .UNSPECIFIED., .F., .F.,
 ( 4, 2, 2, 4 ),
 ( 1.537806761105132347E-14, 0.0003533926699086815406, 0.0007067853398019850828, 0.001413570679588592276 ),
 .UNSPECIFIED. ) ;
#3594 = CARTESIAN_POINT ( 'NONE',  ( -0.5079527800597931630, -0.4068886736676071147, -0.3622047244094488416 ) ) ;
#3595 = CARTESIAN_POINT ( 'NONE',  ( -0.3223905752432753014, -0.5697115686609651730, 0.04538872280104765122 ) ) ;
#3596 = CARTESIAN_POINT ( 'NONE',  ( -0.2072862898727569902, -0.5291503390633798265, -0.1936566273115702952 ) ) ;
#3597 = EDGE_CURVE ( 'NONE', #2649, #935, #733, .T. ) ;
#3598 = ORIENTED_EDGE ( 'NONE', *, *, #3440, .T. ) ;
#3599 = CARTESIAN_POINT ( 'NONE',  ( 0.000000000000000000, 0.000000000000000000, 0.000000000000000000 ) ) ;
#3600 = B_SPLINE_CURVE_WITH_KNOTS ( 'NONE', 1,
 ( #1471, #3371 ),
 .UNSPECIFIED., .F., .F.,
 ( 2, 2 ),
 ( 2.325202133283532630E-05, 0.001514701155316548710 ),
 .UNSPECIFIED. ) ;
#3601 = VERTEX_POINT ( 'NONE', #4098 ) ;
#3602 = LINE ( 'NONE', #879, #1797 ) ;
#3603 = DIRECTION ( 'NONE',  ( 0.000000000000000000, 0.000000000000000000, 1.000000000000000000 ) ) ;
#3604 = CARTESIAN_POINT ( 'NONE',  ( 0.02410325673951685052, -0.5711492529229237336, 0.3230764332377206172 ) ) ;
#3605 = CARTESIAN_POINT ( 'NONE',  ( 0.3390618637812052305, -0.5533416366082751781, -0.1113450586144445753 ) ) ;
#3606 = CARTESIAN_POINT ( 'NONE',  ( 0.2903467056375096389, 3.175773292634706016E-15, 0.2086614173228346636 ) ) ;
#3607 = CARTESIAN_POINT ( 'NONE',  ( 0.000000000000000000, 0.000000000000000000, 0.000000000000000000 ) ) ;
#3608 = DIRECTION ( 'NONE',  ( 0.000000000000000000, 0.000000000000000000, -1.000000000000000000 ) ) ;
#3609 = B_SPLINE_SURFACE_WITH_KNOTS ( 'NONE', 3, 1, ( 
 ( #3950, #2807 ),
 ( #2064, #967 ),
 ( #3224, #206 ),
 ( #990, #2732 ) ),
 .UNSPECIFIED., .F., .F., .F.,
 ( 4, 4 ),
 ( 2, 2 ),
 ( 0.000000000000000000, 1.000000000000000000 ),
 ( 0.000000000000000000, 1.000000000000000000 ),
 .UNSPECIFIED. ) ;
#3610 = CARTESIAN_POINT ( 'NONE',  ( 0.3076334911437197395, -0.5785949642060881359, -0.03966508558698981363 ) ) ;
#3611 = CARTESIAN_POINT ( 'NONE',  ( 0.07611473703103555088, -0.5291561317255571995, 0.2734994568248119151 ) ) ;
#3612 = CARTESIAN_POINT ( 'NONE',  ( 0.3325079170344666935, -0.5611928409090071179, 0.07260485301037117312 ) ) ;
#3613 = LINE ( 'NONE', #2516, #170 ) ;
#3614 = FACE_OUTER_BOUND ( 'NONE', #3870, .T. ) ;
#3615 = ORIENTED_EDGE ( 'NONE', *, *, #2837, .T. ) ;
#3616 = ORIENTED_EDGE ( 'NONE', *, *, #1358, .T. ) ;
#3617 = EDGE_CURVE ( 'NONE', #329, #820, #425, .T. ) ;
#3618 = EDGE_CURVE ( 'NONE', #1775, #494, #386, .T. ) ;
#3619 = CARTESIAN_POINT ( 'NONE',  ( 0.1344222997202040026, -0.5697155349887014220, 0.2965164207355170944 ) ) ;
#3620 = CARTESIAN_POINT ( 'NONE',  ( -0.3421654701067544102, -0.5570898433182759346, 0.06042900327054348542 ) ) ;
#3621 = DIRECTION ( 'NONE',  ( -0.000000000000000000, 1.000000000000000000, 1.299146873706801522E-16 ) ) ;
#3622 = EDGE_LOOP ( 'NONE', ( #3811, #1282, #2650, #827 ) ) ;
#3623 = CALENDAR_DATE ( 2026, 5, 4 ) ;
#3624 = CARTESIAN_POINT ( 'NONE',  ( -0.1773434090774266281, -0.5785182336645522394, -0.2547204140074402212 ) ) ;
#3625 = ORIENTED_EDGE ( 'NONE', *, *, #3628, .F. ) ;
#3626 = CARTESIAN_POINT ( 'NONE',  ( 0.000000000000000000, 0.000000000000000000, 0.000000000000000000 ) ) ;
#3627 = CARTESIAN_POINT ( 'NONE',  ( -0.3536355315669381105, -0.5531022667475554710, -0.02224886179760300620 ) ) ;
#3628 = EDGE_CURVE ( 'NONE', #619, #162, #4123, .T. ) ;
#3629 = UNCERTAINTY_MEASURE_WITH_UNIT (LENGTH_MEASURE( 1.000000000000000082E-05 ), #2910, 'distance_accuracy_value', 'NONE');
#3630 = CARTESIAN_POINT ( 'NONE',  ( -0.06112007213333189165, -0.5741050682364793323, -0.3120305987126891223 ) ) ;
#3631 = CARTESIAN_POINT ( 'NONE',  ( -0.1896548924616530130, -0.5036595598781937744, 0.2610375651131228714 ) ) ;
#3632 = ORIENTED_EDGE ( 'NONE', *, *, #1615, .T. ) ;
#3633 = CARTESIAN_POINT ( 'NONE',  ( 0.000000000000000000, 0.000000000000000000, 0.000000000000000000 ) ) ;
#3634 = DIRECTION ( 'NONE',  ( -0.000000000000000000, -1.000000000000000000, -0.000000000000000000 ) ) ;
#3635 = CARTESIAN_POINT ( 'NONE',  ( 0.06570215725122931227, -0.2894216745996738283, -0.1405588961640983070 ) ) ;
#3636 = CARTESIAN_POINT ( 'NONE',  ( -0.2997258615036100249, -0.5076457267943570439, -0.1019597172947299402 ) ) ;
#3637 = DIRECTION ( 'NONE',  ( 0.000000000000000000, 1.000000000000000000, 0.000000000000000000 ) ) ;
#3638 = CARTESIAN_POINT ( 'NONE',  ( -0.2881043136620062839, -0.5785949642060881359, -0.1149242721849504795 ) ) ;
#3639 = CARTESIAN_POINT ( 'NONE',  ( 0.1507468570799578578, -0.5650778416537697302, -0.2991028606543885693 ) ) ;
#3640 = VERTEX_POINT ( 'NONE', #3347 ) ;
#3641 = APPROVAL ( #3193, 'UNSPECIFIED' ) ;
#3642 = EDGE_LOOP ( 'NONE', ( #3332, #2244, #957, #2488 ) ) ;
#3643 = VECTOR ( 'NONE', #439, 39.37007874015748143 ) ;
#3644 = B_SPLINE_CURVE_WITH_KNOTS ( 'NONE', 3,
 ( #4293, #403, #2663, #1852 ),
 .UNSPECIFIED., .F., .F.,
 ( 4, 4 ),
 ( 0.000000000000000000, 0.0008684883343403529800 ),
 .UNSPECIFIED. ) ;
#3645 = CARTESIAN_POINT ( 'NONE',  ( -0.02027034886768102478, -0.5785949642060880249, -0.3095170380523160070 ) ) ;
#3646 = AXIS2_PLACEMENT_3D ( 'NONE', #4227, #1584, #2405 ) ;
#3647 = CARTESIAN_POINT ( 'NONE',  ( -0.1201234110567943603, -0.5291503390633798265, -0.2569841656347439107 ) ) ;
#3648 = CARTESIAN_POINT ( 'NONE',  ( 0.000000000000000000, -0.5662497646253558115, 0.000000000000000000 ) ) ;
#3649 = ORIENTED_EDGE ( 'NONE', *, *, #1704, .F. ) ;
#3650 = ADVANCED_FACE ( 'NONE', ( #24 ), #636, .F. ) ;
#3651 = CARTESIAN_POINT ( 'NONE',  ( 0.1971871583812907780, -0.5788433491990535584, -0.2396070357964750486 ) ) ;
#3652 = ORIENTED_EDGE ( 'NONE', *, *, #833, .T. ) ;
#3653 = PRODUCT_DEFINITION_FORMATION_WITH_SPECIFIED_SOURCE ( 'ANY', '', #1100, .NOT_KNOWN. ) ;
#3654 = ORIENTED_EDGE ( 'NONE', *, *, #3292, .T. ) ;
#3655 = B_SPLINE_SURFACE_WITH_KNOTS ( 'NONE', 3, 1, ( 
 ( #4268, #3497 ),
 ( #490, #3447 ),
 ( #3897, #123 ),
 ( #1252, #3522 ),
 ( #3841, #3921 ),
 ( #2725, #4619 ),
 ( #4214, #515 ),
 ( #2006, #3866 ) ),
 .UNSPECIFIED., .F., .F., .F.,
 ( 4, 1, 1, 1, 1, 4 ),
 ( 2, 2 ),
 ( 0.000000000000000000, 0.2754608071627706600, 0.6018774309564619562, 0.7072349411873528613, 0.9076058685481156463, 1.000000000000000000 ),
 ( 0.000000000000000000, 1.000000000000000000 ),
 .UNSPECIFIED. ) ;
#3656 = EDGE_CURVE ( 'NONE', #2209, #3461, #2572, .T. ) ;
#3657 = B_SPLINE_CURVE_WITH_KNOTS ( 'NONE', 3,
 ( #1692, #3943, #2821, #616, #1004, #1637, #3161, #1356 ),
 .UNSPECIFIED., .F., .F.,
 ( 4, 2, 2, 4 ),
 ( 0.0001822175744223704624, 0.0008899156074968244583, 0.001243764624034050196, 0.001597613640571275825 ),
 .UNSPECIFIED. ) ;
#3658 = B_SPLINE_CURVE_WITH_KNOTS ( 'NONE', 3,
 ( #429, #3727, #4428, #1943, #3701, #747, #3367, #815 ),
 .UNSPECIFIED., .F., .F.,
 ( 4, 2, 2, 4 ),
 ( 0.0001822175744224694229, 0.0008899156074969223618, 0.001243764624034147340, 0.001597613640571372319 ),
 .UNSPECIFIED. ) ;
#3659 = EDGE_CURVE ( 'NONE', #4439, #16, #370, .T. ) ;
#3660 = CIRCLE ( 'NONE', #19, 0.08202099737532810020 ) ;
#3661 = CARTESIAN_POINT ( 'NONE',  ( 0.2798777852981477188, -0.5291561317290428557, -0.04757973861560471640 ) ) ;
#3662 = CARTESIAN_POINT ( 'NONE',  ( 0.000000000000000000, 0.000000000000000000, 0.000000000000000000 ) ) ;
#3663 = CARTESIAN_POINT ( 'NONE',  ( -0.1331714399088388123, -0.5779555199654424769, 0.2820151986474960237 ) ) ;
#3664 = CARTESIAN_POINT ( 'NONE',  ( -0.03882354744620995085, -0.5570908895713219122, 0.3452830117729547288 ) ) ;
#3665 = CARTESIAN_POINT ( 'NONE',  ( -0.2504724825793623322, -0.5785949642060880249, -0.1829623440996189510 ) ) ;
#3666 = CARTESIAN_POINT ( 'NONE',  ( -0.01816964674409278502, -0.5268701665593809036, 0.2865865689349264556 ) ) ;
#3667 = CARTESIAN_POINT ( 'NONE',  ( 0.004369013407955957794, -0.5510269468160307049, -0.3613260360755282119 ) ) ;
#3668 = B_SPLINE_CURVE_WITH_KNOTS ( 'NONE', 3,
 ( #2940, #3686, #2621, #4435, #367, #774, #2581, #1923 ),
 .UNSPECIFIED., .F., .F.,
 ( 4, 2, 2, 4 ),
 ( 0.0001657239593221584127, 0.0008120922820787089590, 0.001135276443456986143, 0.001458460604835263002 ),
 .UNSPECIFIED. ) ;
#3669 = EDGE_LOOP ( 'NONE', ( #3736, #3014, #4417, #4699 ) ) ;
#3670 = ORIENTED_EDGE ( 'NONE', *, *, #2057, .T. ) ;
#3671 = CARTESIAN_POINT ( 'NONE',  ( -0.2003626934966405149, -0.5570908895713219122, 0.2838704230984300247 ) ) ;
#3672 = ADVANCED_BREP_SHAPE_REPRESENTATION ( '', ( #4503, #2118 ), #4287 ) ;
#3673 = FACE_BOUND ( 'NONE', #4578, .T. ) ;
#3674 = CARTESIAN_POINT ( 'NONE',  ( 0.3541072871174996695, -0.5510269468160307049, 0.07199737380278062315 ) ) ;
#3675 = ORIENTED_EDGE ( 'NONE', *, *, #4557, .F. ) ;
#3676 = CARTESIAN_POINT ( 'NONE',  ( -1.022837754999480860E-12, -0.5291549067212667490, 0.2836662331447016294 ) ) ;
#3677 = VERTEX_POINT ( 'NONE', #3414 ) ;
#3678 = ORIENTED_EDGE ( 'NONE', *, *, #2925, .F. ) ;
#3679 = DIRECTION ( 'NONE',  ( 0.000000000000000000, 0.000000000000000000, 1.000000000000000000 ) ) ;
#3680 = ADVANCED_FACE ( 'NONE', ( #2762, #93 ), #3437, .T. ) ;
#3681 = EDGE_CURVE ( 'NONE', #4154, #3380, #2112, .T. ) ;
#3682 = CARTESIAN_POINT ( 'NONE',  ( -0.2396868792194273567, -0.5181076722195289141, 0.1813586718097629502 ) ) ;
#3683 = CARTESIAN_POINT ( 'NONE',  ( 0.3173134844510975827, -0.5675494520111779018, -0.08810091478217889349 ) ) ;
#3684 = CARTESIAN_POINT ( 'NONE',  ( 0.000000000000000000, 0.000000000000000000, 0.000000000000000000 ) ) ;
#3685 = CARTESIAN_POINT ( 'NONE',  ( 0.3079781229558978262, -0.5650778416537697302, 0.1316685685791625926 ) ) ;
#3686 = CARTESIAN_POINT ( 'NONE',  ( 0.1124911420652266458, -0.5076457267943570439, 0.2959343152825696932 ) ) ;
#3687 = CARTESIAN_POINT ( 'NONE',  ( 0.000000000000000000, 0.000000000000000000, 0.000000000000000000 ) ) ;
#3688 = CARTESIAN_POINT ( 'NONE',  ( -0.1408186913432131482, 2.253774594773017007E-15, 0.3661417322834645272 ) ) ;
#3689 = ORIENTED_EDGE ( 'NONE', *, *, #1443, .T. ) ;
#3690 = ORIENTED_EDGE ( 'NONE', *, *, #1446, .T. ) ;
#3691 = B_SPLINE_SURFACE_WITH_KNOTS ( 'NONE', 3, 1, ( 
 ( #1028, #667 ),
 ( #3284, #1766 ),
 ( #4395, #1428 ),
 ( #1788, #1837 ) ),
 .UNSPECIFIED., .F., .F., .F.,
 ( 4, 4 ),
 ( 2, 2 ),
 ( 0.000000000000000000, 1.000000000000000000 ),
 ( 0.000000000000000000, 1.000000000000000000 ),
 .UNSPECIFIED. ) ;
#3692 = DIRECTION ( 'NONE',  ( 0.000000000000000000, -1.000000000000000000, -1.299146873706801522E-16 ) ) ;
#3693 = CARTESIAN_POINT ( 'NONE',  ( 0.2886900840095474319, -0.5785949642060881359, 0.1134447851708341448 ) ) ;
#3694 = CARTESIAN_POINT ( 'NONE',  ( -0.2290680135192256217, -0.5291503390633798265, -0.1673270463889831583 ) ) ;
#3695 = ORIENTED_EDGE ( 'NONE', *, *, #4787, .F. ) ;
#3696 = CARTESIAN_POINT ( 'NONE',  ( -0.3403807942554861743, -0.5570908895713218012, 0.06977493072239483729 ) ) ;
#3697 = ORIENTED_EDGE ( 'NONE', *, *, #1700, .T. ) ;
#3698 = APPROVAL ( #1724, 'UNSPECIFIED' ) ;
#3699 = B_SPLINE_CURVE_WITH_KNOTS ( 'NONE', 3,
 ( #4458, #1987, #1, #3453 ),
 .UNSPECIFIED., .F., .F.,
 ( 4, 4 ),
 ( 0.000000000000000000, 0.0009496860142668341748 ),
 .UNSPECIFIED. ) ;
#3700 = CARTESIAN_POINT ( 'NONE',  ( 0.02027034886768541710, -0.5785949642060880249, -0.3095170380523157294 ) ) ;
#3701 = CARTESIAN_POINT ( 'NONE',  ( -0.2341376682057946801, -0.5697155349887014220, -0.2262098467242837918 ) ) ;
#3702 = CARTESIAN_POINT ( 'NONE',  ( -0.006231535149356646694, -0.5785995125482512602, 0.3101722050370749328 ) ) ;
#3703 = CARTESIAN_POINT ( 'NONE',  ( 0.000000000000000000, 0.000000000000000000, 0.000000000000000000 ) ) ;
#3704 = FACE_OUTER_BOUND ( 'NONE', #4513, .T. ) ;
#3705 = ADVANCED_FACE ( 'NONE', ( #893, #1297, #2381 ), #2716, .F. ) ;
#3706 = DIRECTION ( 'NONE',  ( -0.6699060598508207454, -0.7424458707374892441, -0.000000000000000000 ) ) ;
#3707 = B_SPLINE_CURVE_WITH_KNOTS ( 'NONE', 1,
 ( #1472, #1095 ),
 .UNSPECIFIED., .F., .F.,
 ( 2, 2 ),
 ( 2.325202133283271744E-05, 0.001514701155316546975 ),
 .UNSPECIFIED. ) ;
#3708 = CARTESIAN_POINT ( 'NONE',  ( 0.000000000000000000, 0.000000000000000000, 0.000000000000000000 ) ) ;
#3709 = CARTESIAN_POINT ( 'NONE',  ( 0.04440991750222294393, -0.5531022667475574695, 0.3515406950345332793 ) ) ;
#3710 = EDGE_LOOP ( 'NONE', ( #3857, #2395 ) ) ;
#3711 = EDGE_CURVE ( 'NONE', #3823, #3363, #2334, .T. ) ;
#3712 = VERTEX_POINT ( 'NONE', #4281 ) ;
#3713 = CARTESIAN_POINT ( 'NONE',  ( 0.2302118306279422322, -0.5751480959758970002, -0.2177027723896961253 ) ) ;
#3714 = CARTESIAN_POINT ( 'NONE',  ( -0.3075756625548230483, -0.5741060011268073193, -0.08059118105732510084 ) ) ;
#3715 = LINE ( 'NONE', #2949, #3346 ) ;
#3716 = CARTESIAN_POINT ( 'NONE',  ( 0.1317380124591403801, -0.5291561317290426336, 0.2514766436539198069 ) ) ;
#3717 = ORIENTED_EDGE ( 'NONE', *, *, #3851, .F. ) ;
#3718 = EDGE_CURVE ( 'NONE', #4206, #5, #4729, .T. ) ;
#3719 = ORIENTED_EDGE ( 'NONE', *, *, #1048, .F. ) ;
#3720 = VECTOR ( 'NONE', #3388, 39.37007874015748143 ) ;
#3721 = CARTESIAN_POINT ( 'NONE',  ( 0.2223370589617821858, -0.5291561317290428557, -0.1765265941504292613 ) ) ;
#3722 = ORIENTED_EDGE ( 'NONE', *, *, #1351, .F. ) ;
#3723 = AXIS2_PLACEMENT_3D ( 'NONE', #1602, #3457, #2283 ) ;
#3724 = APPLICATION_PROTOCOL_DEFINITION ( 'international standard', 'config_control_design', 1994, #1272 ) ;
#3725 =( GEOMETRIC_REPRESENTATION_CONTEXT ( 3 ) GLOBAL_UNCERTAINTY_ASSIGNED_CONTEXT ( ( #4385 ) ) GLOBAL_UNIT_ASSIGNED_CONTEXT ( ( #378, #4006, #1779 ) ) REPRESENTATION_CONTEXT ( 'NONE', 'WORKASPACE' ) );
#3726 = CARTESIAN_POINT ( 'NONE',  ( -0.2299233868658142610, -0.5291503390633798265, 0.1661497259794854353 ) ) ;
#3727 = CARTESIAN_POINT ( 'NONE',  ( -0.2412980725672085325, -0.5570908895713218012, -0.2500057323956009214 ) ) ;
#3728 = CARTESIAN_POINT ( 'NONE',  ( 0.3169449763777928419, -0.5036595598772516391, 0.06046048778599025231 ) ) ;
#3729 = CARTESIAN_POINT ( 'NONE',  ( -0.3003652441891180302, -0.5788433491993477675, 0.07794246029316496960 ) ) ;
#3730 = B_SPLINE_SURFACE_WITH_KNOTS ( 'NONE', 3, 1, ( 
 ( #2336, #805 ),
 ( #1223, #4158 ),
 ( #2270, #3042 ),
 ( #3423, #4536 ),
 ( #3810, #99 ),
 ( #1201, #3398 ),
 ( #4106, #1592 ),
 ( #782, #1545 ) ),
 .UNSPECIFIED., .F., .F., .F.,
 ( 4, 1, 1, 1, 1, 4 ),
 ( 2, 2 ),
 ( 0.000000000000000000, 0.2754608071627706600, 0.6018774309564619562, 0.7072349411873528613, 0.9076058685481156463, 1.000000000000000000 ),
 ( 0.000000000000000000, 1.000000000000000000 ),
 .UNSPECIFIED. ) ;
#3731 = CARTESIAN_POINT ( 'NONE',  ( -0.006247071027378179459, -0.5785182336645523504, 0.3103129841932237842 ) ) ;
#3732 = VECTOR ( 'NONE', #4179, 39.37007874015748854 ) ;
#3733 = CARTESIAN_POINT ( 'NONE',  ( -0.1983286070162645076, -0.5785949642060882470, 0.2384899317096726146 ) ) ;
#3734 = CARTESIAN_POINT ( 'NONE',  ( 0.000000000000000000, 0.000000000000000000, 0.000000000000000000 ) ) ;
#3735 = CARTESIAN_POINT ( 'NONE',  ( 0.2730196020075447705, -0.5531022667475549159, 0.2258614574414180010 ) ) ;
#3736 = ORIENTED_EDGE ( 'NONE', *, *, #4148, .T. ) ;
#3737 = CIRCLE ( 'NONE', #2275, 0.2465919031868467615 ) ;
#3738 = CARTESIAN_POINT ( 'NONE',  ( -0.3068680621356596472, -0.5036595598781937744, -0.09970747753270078895 ) ) ;
#3739 = CARTESIAN_POINT ( 'NONE',  ( -0.2871619373642949613, -0.5268701665594062167, -0.0001388735431483908436 ) ) ;
#3740 = CARTESIAN_POINT ( 'NONE',  ( 0.000000000000000000, -0.6153076169366386017, -7.993749669112161888E-17 ) ) ;
#3741 = ORIENTED_EDGE ( 'NONE', *, *, #335, .F. ) ;
#3742 = VERTEX_POINT ( 'NONE', #187 ) ;
#3743 = CARTESIAN_POINT ( 'NONE',  ( -0.2011111491629839487, -0.5751480959758971112, 0.2448393141420962815 ) ) ;
#3744 = CARTESIAN_POINT ( 'NONE',  ( 0.1783361750016008718, -0.5697115686609675045, 0.2723821357009228450 ) ) ;
#3745 = VERTEX_POINT ( 'NONE', #1318 ) ;
#3746 = APPROVAL_STATUS ( 'not_yet_approved' ) ;
#3747 = DIRECTION ( 'NONE',  ( -0.4388532101541770536, 0.8813413940020674575, 0.1750577252104744408 ) ) ;
#3748 = CARTESIAN_POINT ( 'NONE',  ( -0.2148216016555529184, -0.5675494520111779018, -0.2496022797614170508 ) ) ;
#3749 = CARTESIAN_POINT ( 'NONE',  ( 0.05982684872711566126, -0.5202677472389248825, -0.2911792309175272875 ) ) ;
#3750 = CARTESIAN_POINT ( 'NONE',  ( 0.2342137110529810273, -0.5246608535493826331, 0.1719275617870180406 ) ) ;
#3751 = EDGE_CURVE ( 'NONE', #652, #3374, #4610, .T. ) ;
#3752 = CARTESIAN_POINT ( 'NONE',  ( -0.2039418962934324009, -0.5697115686609650620, 0.2537784902221601468 ) ) ;
#3753 = LINE ( 'NONE', #1924, #2506 ) ;
#3754 = CARTESIAN_POINT ( 'NONE',  ( 0.1659507382278424814, -0.5181076722195301354, 0.2506015171386294371 ) ) ;
#3755 = EDGE_LOOP ( 'NONE', ( #96, #3111, #1350, #3789 ) ) ;
#3756 = B_SPLINE_CURVE_WITH_KNOTS ( 'NONE', 3,
 ( #3020, #57, #2727, #2276, #880, #4541, #4215, #1205 ),
 .UNSPECIFIED., .F., .F.,
 ( 4, 2, 2, 4 ),
 ( 0.0001822175744224589062, 0.0008899156074969115197, 0.001243764624034136498, 0.001597613640571361477 ),
 .UNSPECIFIED. ) ;
#3757 = CARTESIAN_POINT ( 'NONE',  ( -0.1503805682753447948, -0.2894216745996738838, -0.03820028067330639293 ) ) ;
#3758 = CARTESIAN_POINT ( 'NONE',  ( -0.3603387090586989139, -0.5510269468160307049, -0.02704824168265027029 ) ) ;
#3759 = DIRECTION ( 'NONE',  ( 0.1471564677152185918, 0.8813413940020674575, 0.4489791991040033570 ) ) ;
#3760 = CARTESIAN_POINT ( 'NONE',  ( 0.1218520688369222754, -0.5117476724477669769, 0.2853834520249045048 ) ) ;
#3761 = VERTEX_POINT ( 'NONE', #4632 ) ;
#3762 = ADVANCED_FACE ( 'NONE', ( #3855 ), #3932, .F. ) ;
#3763 = ORIENTED_EDGE ( 'NONE', *, *, #3836, .T. ) ;
#3764 = EDGE_CURVE ( 'NONE', #512, #981, #2505, .T. ) ;
#3765 = CARTESIAN_POINT ( 'NONE',  ( -0.2088475091788077609, -0.5510269468160309270, 0.2948869453435001287 ) ) ;
#3766 = LINE ( 'NONE', #445, #1871 ) ;
#3767 = EDGE_CURVE ( 'NONE', #2215, #4719, #3420, .T. ) ;
#3768 = VERTEX_POINT ( 'NONE', #1735 ) ;
#3769 = APPROVAL_DATE_TIME ( #2301, #1791 ) ;
#3770 = ADVANCED_FACE ( 'NONE', ( #262 ), #2880, .F. ) ;
#3771 = CARTESIAN_POINT ( 'NONE',  ( -0.1526135651087397738, -0.5291503390633798265, -0.2391225522942273807 ) ) ;
#3772 = CARTESIAN_POINT ( 'NONE',  ( 0.2970556368204868014, -0.5785182336645523504, 0.08995066808256725610 ) ) ;
#3773 = CARTESIAN_POINT ( 'NONE',  ( -0.2230632156619554440, -0.5181052167782322915, 0.2014592409615292290 ) ) ;
#3774 = LINE ( 'NONE', #431, #1640 ) ;
#3775 = CARTESIAN_POINT ( 'NONE',  ( 0.08092655941310927803, -0.5585565789419792981, -0.3374053388785346885 ) ) ;
#3776 = EDGE_CURVE ( 'NONE', #3243, #2337, #2730, .T. ) ;
#3777 = CARTESIAN_POINT ( 'NONE',  ( -0.2072698204988133730, -0.5611928409090068959, 0.2699485156129720620 ) ) ;
#3778 = CARTESIAN_POINT ( 'NONE',  ( -0.2730196020075481567, -0.5531022667475552490, 0.2258614574414139764 ) ) ;
#3779 = ORIENTED_EDGE ( 'NONE', *, *, #3929, .T. ) ;
#3780 = VERTEX_POINT ( 'NONE', #4010 ) ;
#3781 = CARTESIAN_POINT ( 'NONE',  ( 0.2267527419250851828, -0.5788433491990535584, -0.2118431048278825168 ) ) ;
#3782 = CARTESIAN_POINT ( 'NONE',  ( -0.3263555072685706548, -0.5611936780632696964, -0.09656130908456224404 ) ) ;
#3783 = PRODUCT_DEFINITION ( 'UNKNOWN', '', #3653, #1995 ) ;
#3784 = CARTESIAN_POINT ( 'NONE',  ( 0.3369923541225178787, -0.5531022667475553600, -0.1094954533342969716 ) ) ;
#3785 = ORIENTED_EDGE ( 'NONE', *, *, #1828, .F. ) ;
#3786 = VERTEX_POINT ( 'NONE', #1347 ) ;
#3787 = CARTESIAN_POINT ( 'NONE',  ( -0.09619897792122142355, -0.5697155349887011999, -0.3110258816799383319 ) ) ;
#3788 = EDGE_CURVE ( 'NONE', #2876, #2952, #3955, .T. ) ;
#3789 = ORIENTED_EDGE ( 'NONE', *, *, #1615, .F. ) ;
#3790 = APPROVAL_STATUS ( 'not_yet_approved' ) ;
#3791 = VECTOR ( 'NONE', #3545, 39.37007874015748143 ) ;
#3792 = EDGE_CURVE ( 'NONE', #2817, #3271, #682, .T. ) ;
#3793 = EDGE_LOOP ( 'NONE', ( #4468, #2870, #3013, #3246 ) ) ;
#3794 = ADVANCED_FACE ( 'NONE', ( #2815 ), #3251, .T. ) ;
#3795 = CARTESIAN_POINT ( 'NONE',  ( -0.2724309963356746356, -0.5036595598781937744, -0.1728899675238002309 ) ) ;
#3796 = CONICAL_SURFACE ( 'NONE', #1725, 0.3596336813767053719, 1.047197551196588527 ) ;
#3797 = DIRECTION ( 'NONE',  ( 0.6699060598508215225, 0.7424458707374883559, 0.000000000000000000 ) ) ;
#3798 = DIRECTION ( 'NONE',  ( -0.6699060598508215225, -0.7424458707374883559, 0.000000000000000000 ) ) ;
#3799 = CARTESIAN_POINT ( 'NONE',  ( 0.05394519503320419074, -0.5268701665594062167, -0.2820494876604208723 ) ) ;
#3800 = CARTESIAN_POINT ( 'NONE',  ( 0.2813442498057567853, -0.5291503390633798265, -0.03627545137060284031 ) ) ;
#3801 = CARTESIAN_POINT ( 'NONE',  ( 0.2169777740537953969, -0.5785182336645523504, 0.2219320157660566450 ) ) ;
#3802 = CC_DESIGN_APPROVAL ( #2142, ( #1732 ) ) ;
#3803 = CARTESIAN_POINT ( 'NONE',  ( -0.2886900840095490972, -0.5785949642060881359, 0.1134447851708299815 ) ) ;
#3804 = ORIENTED_EDGE ( 'NONE', *, *, #4555, .F. ) ;
#3805 = CARTESIAN_POINT ( 'NONE',  ( 0.3006320782260538116, -0.5785949642060881359, -0.07636777742857384088 ) ) ;
#3806 = SECURITY_CLASSIFICATION ( '', '', #4403 ) ;
#3807 = CARTESIAN_POINT ( 'NONE',  ( -0.2925255154715931116, -0.5181052167782342899, 0.06907855490906446294 ) ) ;
#3808 = CARTESIAN_POINT ( 'NONE',  ( -0.1707020581438543905, -0.5531022667475551380, -0.3105058910606559586 ) ) ;
#3809 = CARTESIAN_POINT ( 'NONE',  ( 0.000000000000000000, 0.000000000000000000, 0.000000000000000000 ) ) ;
#3810 = CARTESIAN_POINT ( 'NONE',  ( 0.000000000000000000, 0.000000000000000000, 0.000000000000000000 ) ) ;
#3811 = ORIENTED_EDGE ( 'NONE', *, *, #4121, .T. ) ;
#3812 = B_SPLINE_CURVE_WITH_KNOTS ( 'NONE', 3,
 ( #4444, #1842, #2523, #4825 ),
 .UNSPECIFIED., .F., .F.,
 ( 4, 4 ),
 ( 0.000000000000000000, 0.0008684883343403535221 ),
 .UNSPECIFIED. ) ;
#3813 = ORIENTED_EDGE ( 'NONE', *, *, #1446, .F. ) ;
#3814 = B_SPLINE_CURVE_WITH_KNOTS ( 'NONE', 3,
 ( #1643, #3114, #3923, #4620, #1280, #3498, #1672, #3140 ),
 .UNSPECIFIED., .F., .F.,
 ( 4, 2, 2, 4 ),
 ( 0.0001657239593221539133, 0.0008120922820787071159, 0.001135276443456986360, 0.001458460604835265604 ),
 .UNSPECIFIED. ) ;
#3815 = CARTESIAN_POINT ( 'NONE',  ( -0.01916283571778136866, -0.5779555199654424769, 0.3112876329101968986 ) ) ;
#3816 = DIRECTION ( 'NONE',  ( -0.6699060598508207454, -0.7424458707374892441, -0.000000000000000000 ) ) ;
#3817 = CARTESIAN_POINT ( 'NONE',  ( 0.1684515238008134075, -0.5763144579382286636, 0.2651465403583737057 ) ) ;
#3818 = CARTESIAN_POINT ( 'NONE',  ( -0.1756656145143404568, -0.5117476724477667549, 0.2557992049377562638 ) ) ;
#3819 = ORIENTED_EDGE ( 'NONE', *, *, #3296, .F. ) ;
#3820 = PERSON_AND_ORGANIZATION ( #1829, #4201 ) ;
#3821 = B_SPLINE_CURVE_WITH_KNOTS ( 'NONE', 3,
 ( #3829, #581, #3100, #916, #158, #3436, #2760, #3482 ),
 .UNSPECIFIED., .F., .F.,
 ( 4, 2, 2, 4 ),
 ( 0.0001822175744232616495, 0.0008899156074973159272, 0.001243764624034345533, 0.001597613640571375138 ),
 .UNSPECIFIED. ) ;
#3822 = CARTESIAN_POINT ( 'NONE',  ( -0.03369801885316058010, -0.5611936780632696964, 0.3386686390293945359 ) ) ;
#3823 = VERTEX_POINT ( 'NONE', #1418 ) ;
#3824 = CARTESIAN_POINT ( 'NONE',  ( -0.3040036908635107560, -0.5611936780632695854, 0.1530155530592016422 ) ) ;
#3825 = CARTESIAN_POINT ( 'NONE',  ( -0.2543925533204079437, -0.5291561317290427446, -0.1260152175145871078 ) ) ;
#3826 = CARTESIAN_POINT ( 'NONE',  ( 0.09513475030908258301, -0.5788433491993477675, 0.2953704222107699784 ) ) ;
#3827 = EDGE_CURVE ( 'NONE', #3525, #1909, #498, .T. ) ;
#3828 = CARTESIAN_POINT ( 'NONE',  ( -0.09664874838322072559, -0.5788433491993476565, -0.2948784944164240529 ) ) ;
#3829 = CARTESIAN_POINT ( 'NONE',  ( 0.2082727287965515373, -0.5531022667475685717, 0.2866628184427504888 ) ) ;
#3830 = B_SPLINE_CURVE_WITH_KNOTS ( 'NONE', 3,
 ( #388, #1217, #4, #2970, #3394, #1494, #1518, #2690 ),
 .UNSPECIFIED., .F., .F.,
 ( 4, 2, 2, 4 ),
 ( 0.0001657239593222607343, 0.0008120922820787582902, 0.001135276443457006960, 0.001458460604835255629 ),
 .UNSPECIFIED. ) ;
#3831 = ADVANCED_FACE ( 'NONE', ( #1942 ), #3971, .F. ) ;
#3832 = CARTESIAN_POINT ( 'NONE',  ( -0.2587002252240180322, -0.5786007325277200408, 0.1715664370989924414 ) ) ;
#3833 = CARTESIAN_POINT ( 'NONE',  ( 0.2778715932025592195, -0.5741050682364792213, -0.1545514006460449452 ) ) ;
#3834 = ORIENTED_EDGE ( 'NONE', *, *, #2204, .T. ) ;
#3835 = CARTESIAN_POINT ( 'NONE',  ( -0.1895898383910510354, -0.5076457267943569329, 0.2535489482994507382 ) ) ;
#3836 = EDGE_CURVE ( 'NONE', #2547, #2189, #4375, .T. ) ;
#3837 = CARTESIAN_POINT ( 'NONE',  ( -0.2745792467433014195, -0.5291503390633798265, 0.07125119317447406453 ) ) ;
#3838 = CARTESIAN_POINT ( 'NONE',  ( 0.1133763709623962918, -0.2894216745996738283, -0.1059215524137185893 ) ) ;
#3839 = CARTESIAN_POINT ( 'NONE',  ( 0.1214401588672081173, -0.5291503390633799375, 0.2563645511477984917 ) ) ;
#3840 = ORIENTED_EDGE ( 'NONE', *, *, #2673, .T. ) ;
#3841 = CARTESIAN_POINT ( 'NONE',  ( 0.000000000000000000, 0.000000000000000000, 0.000000000000000000 ) ) ;
#3842 = CARTESIAN_POINT ( 'NONE',  ( -0.08766668941464834941, -0.5533416366082751781, -0.3459410659573595170 ) ) ;
#3843 = CARTESIAN_POINT ( 'NONE',  ( -0.1825538821552645796, -0.5076451741082080860, 0.2586619145876469794 ) ) ;
#3844 = ORIENTED_EDGE ( 'NONE', *, *, #3030, .F. ) ;
#3845 = PERSON_AND_ORGANIZATION_ROLE ( 'design_supplier' ) ;
#3846 = CARTESIAN_POINT ( 'NONE',  ( 0.08860585847851921992, -0.5268700205389788005, -0.2731503757313190617 ) ) ;
#3847 = ORIENTED_EDGE ( 'NONE', *, *, #3152, .T. ) ;
#3848 = CARTESIAN_POINT ( 'NONE',  ( 0.000000000000000000, 0.000000000000000000, 0.000000000000000000 ) ) ;
#3849 = CARTESIAN_POINT ( 'NONE',  ( 0.04440991750222294393, -0.5531022667475574695, 0.3515406950345332793 ) ) ;
#3850 = CARTESIAN_POINT ( 'NONE',  ( -0.3036912014578292962, -0.5786007325225112075, -0.06428454520277729345 ) ) ;
#3851 = EDGE_CURVE ( 'NONE', #4523, #3768, #2619, .T. ) ;
#3852 = CARTESIAN_POINT ( 'NONE',  ( 0.05892856892085092391, -0.5788433491993477675, 0.3046665895668255186 ) ) ;
#3853 = CARTESIAN_POINT ( 'NONE',  ( -0.3233863990855107562, -0.5533416366082752891, 0.1509367630338789013 ) ) ;
#3854 = CARTESIAN_POINT ( 'NONE',  ( 0.000000000000000000, 0.000000000000000000, 0.000000000000000000 ) ) ;
#3855 = FACE_OUTER_BOUND ( 'NONE', #1822, .T. ) ;
#3856 = CARTESIAN_POINT ( 'NONE',  ( -0.1314043145027876114, -0.5788433491990535584, -0.2811177923286143909 ) ) ;
#3857 = ORIENTED_EDGE ( 'NONE', *, *, #633, .T. ) ;
#3858 = CARTESIAN_POINT ( 'NONE',  ( 0.07587873554577163893, -0.5611936780632695854, -0.3317746539876508249 ) ) ;
#3859 = ADVANCED_FACE ( 'NONE', ( #864 ), #1380, .F. ) ;
#3860 = CARTESIAN_POINT ( 'NONE',  ( -0.04044004309528206192, -0.5036595598775461813, 0.3201159033053699865 ) ) ;
#3861 = CARTESIAN_POINT ( 'NONE',  ( -0.04508875495876969036, -0.5786007325277199298, -0.3071283983060966172 ) ) ;
#3862 = CARTESIAN_POINT ( 'NONE',  ( -0.01708574198410505243, -0.5291503390630809545, 0.2831582114154858609 ) ) ;
#3863 = CARTESIAN_POINT ( 'NONE',  ( -0.2881043136620062839, -0.5785949642060881359, -0.1149242721849504795 ) ) ;
#3864 = EDGE_CURVE ( 'NONE', #3901, #981, #1586, .T. ) ;
#3865 = ORIENTED_EDGE ( 'NONE', *, *, #4070, .T. ) ;
#3866 = CARTESIAN_POINT ( 'NONE',  ( 0.2882279939439655325, -0.5788433491990535584, -0.1149736080180964043 ) ) ;
#3867 = CARTESIAN_POINT ( 'NONE',  ( 0.2723121254046823037, -0.5788433491990536695, -0.1487965503338234408 ) ) ;
#3868 = DIRECTION ( 'NONE',  ( -1.000000000000000000, 0.000000000000000000, -0.000000000000000000 ) ) ;
#3869 = ADVANCED_FACE ( 'NONE', ( #1989 ), #1848, .F. ) ;
#3870 = EDGE_LOOP ( 'NONE', ( #2801, #3168, #4000, #1456 ) ) ;
#3871 = DATE_AND_TIME ( #149, #1258 ) ;
#3872 = CARTESIAN_POINT ( 'NONE',  ( 0.01869028021612650914, -0.5788433491993477675, 0.3097498675686281566 ) ) ;
#3873 = ORIENTED_EDGE ( 'NONE', *, *, #2625, .F. ) ;
#3874 = CARTESIAN_POINT ( 'NONE',  ( 0.000000000000000000, 0.000000000000000000, 0.000000000000000000 ) ) ;
#3875 = CARTESIAN_POINT ( 'NONE',  ( 0.2552871030181853018, -0.5246614642377032123, 0.1387194989829445835 ) ) ;
#3876 = FACE_OUTER_BOUND ( 'NONE', #2470, .T. ) ;
#3877 = CARTESIAN_POINT ( 'NONE',  ( 0.000000000000000000, 0.000000000000000000, 0.000000000000000000 ) ) ;
#3878 = CIRCLE ( 'NONE', #2254, 0.2269313808160596246 ) ;
#3879 = B_SPLINE_CURVE_WITH_KNOTS ( 'NONE', 3,
 ( #2399, #153, #3171, #4731, #2755, #3875, #4249, #3197 ),
 .UNSPECIFIED., .F., .F.,
 ( 4, 2, 2, 4 ),
 ( 0.0001657239593221510130, 0.0008120922820787055980, 0.001135276443456980505, 0.001458460604835255629 ),
 .UNSPECIFIED. ) ;
#3880 = CARTESIAN_POINT ( 'NONE',  ( 0.000000000000000000, 0.000000000000000000, 0.000000000000000000 ) ) ;
#3881 = CARTESIAN_POINT ( 'NONE',  ( -0.08842638727647432473, -0.5246608535493828551, -0.2767596845287789709 ) ) ;
#3882 = CARTESIAN_POINT ( 'NONE',  ( 0.2653871522059837451, -0.5786007325277199298, 0.1610295262173932762 ) ) ;
#3883 = B_SPLINE_CURVE_WITH_KNOTS ( 'NONE', 3,
 ( #1573, #58, #1178, #4137, #809, #3047, #2798, #881 ),
 .UNSPECIFIED., .F., .F.,
 ( 4, 2, 2, 4 ),
 ( 0.0001822175744231144961, 0.0008899156074972359130, 0.001243764624034295442, 0.001597613640571355189 ),
 .UNSPECIFIED. ) ;
#3884 = CARTESIAN_POINT ( 'NONE',  ( 0.000000000000000000, 0.000000000000000000, 0.000000000000000000 ) ) ;
#3885 = CARTESIAN_POINT ( 'NONE',  ( 0.1895898474108612120, -0.5076451741082084190, 0.2535499866038881112 ) ) ;
#3886 = ORIENTED_EDGE ( 'NONE', *, *, #3568, .F. ) ;
#3887 = EDGE_LOOP ( 'NONE', ( #4427, #3066 ) ) ;
#3888 = CARTESIAN_POINT ( 'NONE',  ( -0.3021831157692102532, -0.5779555199654424769, -0.07715289508237750671 ) ) ;
#3889 = AXIS2_PLACEMENT_3D ( 'NONE', #1414, #4382, #1041 ) ;
#3890 = CARTESIAN_POINT ( 'NONE',  ( -0.2723121254042860651, -0.5788433491993477675, -0.1487965503334687523 ) ) ;
#3891 = DIRECTION ( 'NONE',  ( -0.000000000000000000, 1.000000000000000000, -0.000000000000000000 ) ) ;
#3892 = CARTESIAN_POINT ( 'NONE',  ( 0.000000000000000000, 0.000000000000000000, 0.000000000000000000 ) ) ;
#3893 = ORIENTED_EDGE ( 'NONE', *, *, #1056, .F. ) ;
#3894 = VERTEX_POINT ( 'NONE', #3075 ) ;
#3895 = ADVANCED_FACE ( 'NONE', ( #3876 ), #1498, .F. ) ;
#3896 = B_SPLINE_CURVE_WITH_KNOTS ( 'NONE', 1,
 ( #4708, #289 ),
 .UNSPECIFIED., .F., .F.,
 ( 2, 2 ),
 ( 2.325202131329577376E-05, 0.001514701155316571695 ),
 .UNSPECIFIED. ) ;
#3897 = CARTESIAN_POINT ( 'NONE',  ( 0.000000000000000000, 0.000000000000000000, 0.000000000000000000 ) ) ;
#3898 = CARTESIAN_POINT ( 'NONE',  ( 0.000000000000000000, 0.000000000000000000, 0.000000000000000000 ) ) ;
#3899 = CARTESIAN_POINT ( 'NONE',  ( -0.1225765314640497178, -0.5585565789419794092, 0.3246020096309094605 ) ) ;
#3900 = AXIS2_PLACEMENT_3D ( 'NONE', #203, #934, #3868 ) ;
#3901 = VERTEX_POINT ( 'NONE', #2151 ) ;
#3902 = EDGE_LOOP ( 'NONE', ( #3048, #2417, #962, #396, #4423, #1847 ) ) ;
#3903 = PERSON_AND_ORGANIZATION ( #1829, #4201 ) ;
#3904 = CARTESIAN_POINT ( 'NONE',  ( -0.04044004309528206192, -0.5036595598775461813, 0.3201159033053699865 ) ) ;
#3905 = CARTESIAN_POINT ( 'NONE',  ( -0.1223934081536268981, -0.5268700205389784674, -0.2597729384662998409 ) ) ;
#3906 = CARTESIAN_POINT ( 'NONE',  ( 0.000000000000000000, 0.000000000000000000, 0.000000000000000000 ) ) ;
#3907 = CARTESIAN_POINT ( 'NONE',  ( -0.1668740123983523671, -0.5785949642060880249, -0.2614665329903061997 ) ) ;
#3908 = CARTESIAN_POINT ( 'NONE',  ( 0.000000000000000000, 0.2716535433070866312, 0.000000000000000000 ) ) ;
#3909 = CARTESIAN_POINT ( 'NONE',  ( 0.2748112126452637582, -0.5202677472389236613, 0.1133286978253079391 ) ) ;
#3910 = CARTESIAN_POINT ( 'NONE',  ( 0.2991747076973964026, -0.5531022667475552490, -0.1898620428418937300 ) ) ;
#3911 = ORIENTED_EDGE ( 'NONE', *, *, #1526, .T. ) ;
#3912 = ADVANCED_FACE ( 'NONE', ( #3614 ), #4732, .F. ) ;
#3913 = CARTESIAN_POINT ( 'NONE',  ( -0.1870546075266709685, -0.5181076722195302464, 0.2352686585875641001 ) ) ;
#3914 = CARTESIAN_POINT ( 'NONE',  ( 0.01853811844177795376, -0.5291503390633798265, -0.2830668356334660740 ) ) ;
#3915 = CARTESIAN_POINT ( 'NONE',  ( 0.000000000000000000, 0.2244094488188976555, -0.6850393700787401619 ) ) ;
#3916 = CARTESIAN_POINT ( 'NONE',  ( 0.2208760891048043296, -0.5036595598781938854, -0.2352091450105535386 ) ) ;
#3917 = LINE ( 'NONE', #220, #1875 ) ;
#3918 = ORIENTED_EDGE ( 'NONE', *, *, #2319, .F. ) ;
#3919 = CC_DESIGN_DATE_AND_TIME_ASSIGNMENT ( #653, #4346, ( #3806 ) ) ;
#3920 = DIRECTION ( 'NONE',  ( 0.000000000000000000, 0.000000000000000000, 1.000000000000000000 ) ) ;
#3921 = CARTESIAN_POINT ( 'NONE',  ( 0.3025909643866851462, -0.5711492529229237336, -0.1157499761148756134 ) ) ;
#3922 = EDGE_CURVE ( 'NONE', #3640, #1775, #1119, .T. ) ;
#3923 = CARTESIAN_POINT ( 'NONE',  ( 0.2337604501219207043, -0.5117481726913168938, 0.2040765162353619377 ) ) ;
#3924 = CARTESIAN_POINT ( 'NONE',  ( -0.09597488629996912823, -0.5779555199654424769, 0.2967423560519936165 ) ) ;
#3925 = ORIENTED_EDGE ( 'NONE', *, *, #4527, .F. ) ;
#3926 = ORIENTED_EDGE ( 'NONE', *, *, #784, .F. ) ;
#3927 = EDGE_CURVE ( 'NONE', #1839, #2210, #776, .T. ) ;
#3928 = PERSON_AND_ORGANIZATION ( #1829, #4201 ) ;
#3929 = EDGE_CURVE ( 'NONE', #1399, #1949, #1470, .T. ) ;
#3930 = CARTESIAN_POINT ( 'NONE',  ( -0.1557140040315812268, -0.5202677472389239943, -0.2532148204485535903 ) ) ;
#3931 = CARTESIAN_POINT ( 'NONE',  ( 0.04440991750222294393, -0.5531022667475574695, 0.3515406950345332793 ) ) ;
#3932 = B_SPLINE_SURFACE_WITH_KNOTS ( 'NONE', 3, 1, ( 
 ( #3483, #1628 ),
 ( #870, #137 ),
 ( #4256, #3102 ),
 ( #4608, #529 ),
 ( #1662, #918 ),
 ( #2048, #3512 ),
 ( #1685, #3605 ),
 ( #4387, #1019 ) ),
 .UNSPECIFIED., .F., .F., .F.,
 ( 4, 1, 1, 1, 1, 4 ),
 ( 2, 2 ),
 ( 0.000000000000000000, 0.09239413145188504761, 0.2927650588126481379, 0.3981225690435391540, 0.7245391928372308943, 1.000000000000000000 ),
 ( 0.000000000000000000, 1.000000000000000000 ),
 .UNSPECIFIED. ) ;
#3933 = CARTESIAN_POINT ( 'NONE',  ( 0.000000000000000000, 0.000000000000000000, 0.000000000000000000 ) ) ;
#3934 = CARTESIAN_POINT ( 'NONE',  ( 0.000000000000000000, 0.000000000000000000, 0.000000000000000000 ) ) ;
#3935 = CARTESIAN_POINT ( 'NONE',  ( 0.03800032717703610147, -0.5585565789419794092, 0.3448875843758664739 ) ) ;
#3936 = CARTESIAN_POINT ( 'NONE',  ( 0.1566594196291250518, -0.5117481726913170048, -0.2678600357676201305 ) ) ;
#3937 = EDGE_CURVE ( 'NONE', #4205, #3712, #3830, .T. ) ;
#3938 = LINE ( 'NONE', #1462, #1638 ) ;
#3939 = CARTESIAN_POINT ( 'NONE',  ( 0.04123597155115883706, -0.5291561317290429667, -0.2808825392941993182 ) ) ;
#3940 = CARTESIAN_POINT ( 'NONE',  ( 0.1324152151550259948, -0.5533416366082752891, 0.3314013885669259696 ) ) ;
#3941 = CARTESIAN_POINT ( 'NONE',  ( 0.2486139378777866837, -0.5036595598781937744, 0.2056713361840419030 ) ) ;
#3942 = CARTESIAN_POINT ( 'NONE',  ( 0.3043717593476854555, -0.5697155349887014220, -0.1155386279106054570 ) ) ;
#3943 = CARTESIAN_POINT ( 'NONE',  ( 0.2907921935859326679, -0.5570908895713218012, -0.1901776175179190620 ) ) ;
#3944 = CARTESIAN_POINT ( 'NONE',  ( -2.294325463428971948E-17, -0.5785995125482514823, 0.3101722050370749328 ) ) ;
#3945 = ORIENTED_EDGE ( 'NONE', *, *, #4816, .T. ) ;
#3946 = CARTESIAN_POINT ( 'NONE',  ( 0.2598672838469013868, -0.5711492529229238446, 0.1934640625157353078 ) ) ;
#3947 = CARTESIAN_POINT ( 'NONE',  ( 0.000000000000000000, 0.000000000000000000, 0.000000000000000000 ) ) ;
#3948 = CALENDAR_DATE ( 2026, 5, 4 ) ;
#3949 = EDGE_CURVE ( 'NONE', #2802, #3358, #4432, .T. ) ;
#3950 = CARTESIAN_POINT ( 'NONE',  ( 0.000000000000000000, 0.000000000000000000, 0.000000000000000000 ) ) ;
#3951 = CARTESIAN_POINT ( 'NONE',  ( 0.2903467056375096389, 3.175773292634706016E-15, 0.3661417322834645272 ) ) ;
#3952 = CARTESIAN_POINT ( 'NONE',  ( 0.000000000000000000, 0.000000000000000000, 0.000000000000000000 ) ) ;
#3953 = CARTESIAN_POINT ( 'NONE',  ( -0.08024232255334139141, -0.5036595598781937744, -0.3125232124276124956 ) ) ;
#3954 = CARTESIAN_POINT ( 'NONE',  ( 0.000000000000000000, 0.000000000000000000, 0.000000000000000000 ) ) ;
#3955 = B_SPLINE_CURVE_WITH_KNOTS ( 'NONE', 3,
 ( #4331, #2549, #4737, #4789, #1392, #996, #3176, #1441 ),
 .UNSPECIFIED., .F., .F.,
 ( 4, 2, 2, 4 ),
 ( 1.410821778643502547E-14, 0.0003227673804012505467, 0.0006455347607883928042, 0.001291069521562674934 ),
 .UNSPECIFIED. ) ;
#3956 = CARTESIAN_POINT ( 'NONE',  ( -0.3142077622780203860, -0.5751480959758970002, 0.04081012363944963584 ) ) ;
#3957 = EDGE_CURVE ( 'NONE', #2249, #3495, #2851, .T. ) ;
#3958 = VECTOR ( 'NONE', #2999, 39.37007874015748143 ) ;
#3959 = CARTESIAN_POINT ( 'NONE',  ( -0.1361560627021430325, -0.2894216745996738838, -0.07439827516673437613 ) ) ;
#3960 = CARTESIAN_POINT ( 'NONE',  ( -0.3007192217761717190, -0.5533416366082751781, -0.1921682054944890972 ) ) ;
#3961 = CARTESIAN_POINT ( 'NONE',  ( -0.2836722859818665010, -0.5291503390633798265, 0.0007276240287162000567 ) ) ;
#3962 = EDGE_CURVE ( 'NONE', #2672, #1204, #3195, .T. ) ;
#3963 = CARTESIAN_POINT ( 'NONE',  ( 0.3162119335596341174, -0.5076457267943569329, -0.01553670104559089736 ) ) ;
#3964 = CARTESIAN_POINT ( 'NONE',  ( -0.3101790626166037734, -0.5785949642060881359, 0.0007956143420331696255 ) ) ;
#3965 = CARTESIAN_POINT ( 'NONE',  ( 0.000000000000000000, 0.000000000000000000, 0.000000000000000000 ) ) ;
#3966 = CARTESIAN_POINT ( 'NONE',  ( -0.2724309963356746356, -0.5036595598781937744, -0.1728899675238002309 ) ) ;
#3967 = CARTESIAN_POINT ( 'NONE',  ( 0.000000000000000000, 0.000000000000000000, 0.000000000000000000 ) ) ;
#3968 = ORIENTED_EDGE ( 'NONE', *, *, #965, .T. ) ;
#3969 = ORIENTED_EDGE ( 'NONE', *, *, #1207, .F. ) ;
#3970 = CC_DESIGN_APPROVAL ( #3641, ( #1809 ) ) ;
#3971 = B_SPLINE_SURFACE_WITH_KNOTS ( 'NONE', 3, 1, ( 
 ( #4546, #4600 ),
 ( #3455, #4627 ),
 ( #3478, #1624 ),
 ( #4143, #3409 ),
 ( #1211, #154 ),
 ( #813, #3146 ),
 ( #1965, #1262 ),
 ( #1288, #2685 ) ),
 .UNSPECIFIED., .F., .F., .F.,
 ( 4, 1, 1, 1, 1, 4 ),
 ( 2, 2 ),
 ( 0.000000000000000000, 0.2754608071627706600, 0.6018774309564619562, 0.7072349411873528613, 0.9076058685481156463, 1.000000000000000000 ),
 ( 0.000000000000000000, 1.000000000000000000 ),
 .UNSPECIFIED. ) ;
#3972 = CARTESIAN_POINT ( 'NONE',  ( -0.1716928746860651722, -0.5741060011268074303, 0.2676177935831022814 ) ) ;
#3973 = CARTESIAN_POINT ( 'NONE',  ( 0.000000000000000000, 0.000000000000000000, 0.000000000000000000 ) ) ;
#3974 = CARTESIAN_POINT ( 'NONE',  ( -0.2108186287274912696, -0.5246608535493826331, -0.1999266233614184207 ) ) ;
#3975 = ORIENTED_EDGE ( 'NONE', *, *, #1202, .T. ) ;
#3976 = ORIENTED_EDGE ( 'NONE', *, *, #1558, .T. ) ;
#3977 = ITEM_DEFINED_TRANSFORMATION ( 'NONE', 'NONE', #786,  #2118 ) ;
#3978 = CIRCLE ( 'NONE', #4212, 0.2269313808160596246 ) ;
#3979 = CARTESIAN_POINT ( 'NONE',  ( -0.2232227225169083895, -0.8895283427775351193, -0.2047244094488188948 ) ) ;
#3980 = ORIENTED_EDGE ( 'NONE', *, *, #546, .T. ) ;
#3981 = CARTESIAN_POINT ( 'NONE',  ( 0.000000000000000000, 0.000000000000000000, 0.000000000000000000 ) ) ;
#3982 = CARTESIAN_POINT ( 'NONE',  ( 0.000000000000000000, 0.000000000000000000, 0.000000000000000000 ) ) ;
#3983 = DIRECTION ( 'NONE',  ( 0.000000000000000000, 1.000000000000000000, 0.000000000000000000 ) ) ;
#3984 = AXIS2_PLACEMENT_3D ( 'NONE', #926, #3891, #1376 ) ;
#3985 = UNCERTAINTY_MEASURE_WITH_UNIT (LENGTH_MEASURE( 1.000000000000000082E-05 ), #915, 'distance_accuracy_value', 'NONE');
#3986 = PLANE ( 'NONE',  #1892 ) ;
#3987 = CARTESIAN_POINT ( 'NONE',  ( -0.06554223023554581196, -0.5697115686609650620, -0.3189044296007051971 ) ) ;
#3988 = EDGE_CURVE ( 'NONE', #2055, #4139, #755, .T. ) ;
#3989 = CARTESIAN_POINT ( 'NONE',  ( -0.01853811844177393961, -0.5291503390633798265, -0.2830668356334662961 ) ) ;
#3990 = CARTESIAN_POINT ( 'NONE',  ( -0.2223370630121159208, -0.5291561317255569774, -0.1765265886146258345 ) ) ;
#3991 = CARTESIAN_POINT ( 'NONE',  ( 8.389312718568481620E-17, 0.2244094488188976555, 0.6850393700787401619 ) ) ;
#3992 = CARTESIAN_POINT ( 'NONE',  ( -0.2266554410257596852, -0.5785949642060881359, -0.2117522017390013056 ) ) ;
#3993 = FACE_OUTER_BOUND ( 'NONE', #4773, .T. ) ;
#3994 = CARTESIAN_POINT ( 'NONE',  ( 0.09692387824194993728, -0.5763144579382277755, -0.2988048954775859856 ) ) ;
#3995 = EDGE_LOOP ( 'NONE', ( #4745, #4765, #1459, #4323 ) ) ;
#3996 = VERTEX_POINT ( 'NONE', #2991 ) ;
#3997 = CARTESIAN_POINT ( 'NONE',  ( 0.1304393140617567115, -0.5531022667475553600, 0.3294521002892801254 ) ) ;
#3998 = CARTESIAN_POINT ( 'NONE',  ( -0.09918083796762079685, -0.5291561317290426336, -0.2660048262911142158 ) ) ;
#3999 = CARTESIAN_POINT ( 'NONE',  ( -0.2584403919973485286, -0.5202677472389243274, -0.1468780450938711735 ) ) ;
#4000 = ORIENTED_EDGE ( 'NONE', *, *, #2919, .T. ) ;
#4001 = EDGE_CURVE ( 'NONE', #371, #1399, #4152, .T. ) ;
#4002 = CALENDAR_DATE ( 2026, 5, 4 ) ;
#4003 = CARTESIAN_POINT ( 'NONE',  ( -0.08886999537135288618, -0.5268701665594059946, 0.2730643174773519366 ) ) ;
#4004 = ORIENTED_EDGE ( 'NONE', *, *, #3764, .T. ) ;
#4005 = CARTESIAN_POINT ( 'NONE',  ( 0.000000000000000000, 0.000000000000000000, 0.000000000000000000 ) ) ;
#4006 =( NAMED_UNIT ( * ) PLANE_ANGLE_UNIT ( ) SI_UNIT ( $, .RADIAN. ) );
#4007 = CARTESIAN_POINT ( 'NONE',  ( 0.1773755683945176798, -0.5786007325277198188, -0.2547523436722850532 ) ) ;
#4008 = CC_DESIGN_PERSON_AND_ORGANIZATION_ASSIGNMENT ( #60, #4091, ( #1732 ) ) ;
#4009 = B_SPLINE_CURVE_WITH_KNOTS ( 'NONE', 1,
 ( #265, #3538 ),
 .UNSPECIFIED., .F., .F.,
 ( 2, 2 ),
 ( 2.325202133283743372E-05, 0.001514701155316576248 ),
 .UNSPECIFIED. ) ;
#4010 = CARTESIAN_POINT ( 'NONE',  ( 0.2290680135192280087, -0.5291503390633798265, -0.1673270463889798831 ) ) ;
#4011 = CARTESIAN_POINT ( 'NONE',  ( 0.3006320782260538116, -0.5785949642060881359, -0.07636777742857384088 ) ) ;
#4012 = CARTESIAN_POINT ( 'NONE',  ( 0.000000000000000000, 0.000000000000000000, 0.000000000000000000 ) ) ;
#4013 = CARTESIAN_POINT ( 'NONE',  ( -0.1328447193485315092, -0.5788433491990536695, 0.2804399892577220665 ) ) ;
#4014 = B_SPLINE_SURFACE_WITH_KNOTS ( 'NONE', 3, 1, ( 
 ( #2326, #4146 ),
 ( #2352, #1135 ),
 ( #796, #2617 ),
 ( #1158, #452 ),
 ( #2258, #2306 ),
 ( #1556, #816 ),
 ( #3390, #4499 ),
 ( #4573, #135 ) ),
 .UNSPECIFIED., .F., .F., .F.,
 ( 4, 1, 1, 1, 1, 4 ),
 ( 2, 2 ),
 ( 0.000000000000000000, 0.09239413145188504761, 0.2927650588126481379, 0.3981225690435391540, 0.7245391928372308943, 1.000000000000000000 ),
 ( 0.000000000000000000, 1.000000000000000000 ),
 .UNSPECIFIED. ) ;
#4015 = DIRECTION ( 'NONE',  ( -0.4999999999999951705, -0.8660254037844414832, 0.000000000000000000 ) ) ;
#4016 = CARTESIAN_POINT ( 'NONE',  ( 0.08696754562765866836, -0.5291503390633799375, 0.2700132242657867221 ) ) ;
#4017 = CARTESIAN_POINT ( 'NONE',  ( 0.3002363557441575792, -0.5785949642060881359, 0.07790901473747388617 ) ) ;
#4018 = CARTESIAN_POINT ( 'NONE',  ( 0.08811946407624551836, -0.5531022667475551380, -0.3432026530911947981 ) ) ;
#4019 = ORIENTED_EDGE ( 'NONE', *, *, #4754, .F. ) ;
#4020 = VERTEX_POINT ( 'NONE', #3778 ) ;
#4021 = EDGE_CURVE ( 'NONE', #3271, #4552, #2786, .T. ) ;
#4022 = CARTESIAN_POINT ( 'NONE',  ( 0.000000000000000000, 0.2716535433070866312, 0.000000000000000000 ) ) ;
#4023 = CARTESIAN_POINT ( 'NONE',  ( -0.8798653543246256481, -0.5104155425419659720, 0.2086614173228346636 ) ) ;
#4024 = VERTEX_POINT ( 'NONE', #48 ) ;
#4025 = DIRECTION ( 'NONE',  ( -0.000000000000000000, 1.000000000000000000, 1.299146873706801522E-16 ) ) ;
#4026 = VERTEX_POINT ( 'NONE', #3803 ) ;
#4027 = DIRECTION ( 'NONE',  ( 1.000000000000000000, 0.000000000000000000, 0.000000000000000000 ) ) ;
#4028 = CARTESIAN_POINT ( 'NONE',  ( 0.04044004309533120317, -0.5036595598781961058, 0.3201159033057788261 ) ) ;
#4029 = CARTESIAN_POINT ( 'NONE',  ( 0.000000000000000000, 0.000000000000000000, 0.000000000000000000 ) ) ;
#4030 = CARTESIAN_POINT ( 'NONE',  ( -0.1707020581438543905, -0.5531022667475551380, -0.3105058910606559586 ) ) ;
#4031 = CARTESIAN_POINT ( 'NONE',  ( 0.000000000000000000, 0.000000000000000000, 0.000000000000000000 ) ) ;
#4032 = CARTESIAN_POINT ( 'NONE',  ( 0.000000000000000000, 0.000000000000000000, 0.000000000000000000 ) ) ;
#4033 = CARTESIAN_POINT ( 'NONE',  ( -0.1408186913432131482, 2.253774594773017007E-15, 0.3661417322834645272 ) ) ;
#4034 = CARTESIAN_POINT ( 'NONE',  ( 0.08811946407624551836, -0.5531022667475551380, -0.3432026530911947981 ) ) ;
#4035 = CARTESIAN_POINT ( 'NONE',  ( 0.000000000000000000, 0.000000000000000000, 0.000000000000000000 ) ) ;
#4036 = CARTESIAN_POINT ( 'NONE',  ( 0.000000000000000000, 0.000000000000000000, 0.000000000000000000 ) ) ;
#4037 = ORIENTED_EDGE ( 'NONE', *, *, #337, .T. ) ;
#4038 = VERTEX_POINT ( 'NONE', #4258 ) ;
#4039 = CARTESIAN_POINT ( 'NONE',  ( 0.1707020581438380702, -0.5531022667475662402, -0.3105058910606428024 ) ) ;
#4040 = VECTOR ( 'NONE', #2264, 39.37007874015748143 ) ;
#4041 = CARTESIAN_POINT ( 'NONE',  ( -0.05828280429032136473, -0.5751480959758971112, 0.3114403615321626462 ) ) ;
#4042 = CARTESIAN_POINT ( 'NONE',  ( 2.539498149579113407E-15, -0.5531022667475551380, -0.3543347302169512769 ) ) ;
#4043 = ORIENTED_EDGE ( 'NONE', *, *, #958, .F. ) ;
#4044 = COORDINATED_UNIVERSAL_TIME_OFFSET ( 5, 0, .BEHIND. ) ;
#4045 = EDGE_CURVE ( 'NONE', #1109, #672, #415, .T. ) ;
#4046 = CARTESIAN_POINT ( 'NONE',  ( 0.000000000000000000, -0.5662497646253558115, -7.356416114502432830E-17 ) ) ;
#4047 = APPROVAL_PERSON_ORGANIZATION ( #1962, #2142, #2636 ) ;
#4048 = ORIENTED_EDGE ( 'NONE', *, *, #1858, .T. ) ;
#4049 = PRODUCT_DEFINITION_SHAPE ( 'NONE', 'NONE',  #2778 ) ;
#4050 = EDGE_CURVE ( 'NONE', #95, #2672, #3022, .T. ) ;
#4051 = CARTESIAN_POINT ( 'NONE',  ( -0.004369013407950776175, -0.5510269468160307049, -0.3613260360755282119 ) ) ;
#4052 = B_SPLINE_CURVE_WITH_KNOTS ( 'NONE', 1,
 ( #1059, #4042 ),
 .UNSPECIFIED., .F., .F.,
 ( 2, 2 ),
 ( 2.325202133283258530E-05, 0.001514701155316572779 ),
 .UNSPECIFIED. ) ;
#4053 = VECTOR ( 'NONE', #4586, 39.37007874015748143 ) ;
#4054 = DIRECTION ( 'NONE',  ( 0.2521433558721353219, -0.8813413940020675685, 0.3995761195417337208 ) ) ;
#4055 = DIRECTION ( 'NONE',  ( -0.08972408018696480247, -0.8813413940020675685, 0.4638824599541302440 ) ) ;
#4056 = CARTESIAN_POINT ( 'NONE',  ( 0.2901304898241255925, -0.5779555199654424769, 0.1144181084880936949 ) ) ;
#4057 = CARTESIAN_POINT ( 'NONE',  ( 0.2886900840095474319, -0.5785949642060881359, 0.1134447851708341448 ) ) ;
#4058 = CARTESIAN_POINT ( 'NONE',  ( 0.1719769253168826340, -0.5585565789419792981, -0.3013559488059490143 ) ) ;
#4059 = DIRECTION ( 'NONE',  ( 0.8660254037844411501, -0.4999999999999953926, -0.000000000000000000 ) ) ;
#4060 = ORIENTED_EDGE ( 'NONE', *, *, #1051, .T. ) ;
#4061 = EDGE_LOOP ( 'NONE', ( #2407, #4532, #743, #2972, #1525, #1593 ) ) ;
#4062 = CARTESIAN_POINT ( 'NONE',  ( 0.2415181308696179585, -0.5585565789419792981, -0.2491193753673697497 ) ) ;
#4063 = CARTESIAN_POINT ( 'NONE',  ( -0.3141538274760411475, -0.5697155349887013109, -0.08543251787243816286 ) ) ;
#4064 = CC_DESIGN_DATE_AND_TIME_ASSIGNMENT ( #1406, #4753, ( #4781 ) ) ;
#4065 = CARTESIAN_POINT ( 'NONE',  ( -0.1501826220945590151, -0.2894216745996738838, 0.03897123014658248480 ) ) ;
#4066 = ORIENTED_EDGE ( 'NONE', *, *, #3152, .F. ) ;
#4067 = CARTESIAN_POINT ( 'NONE',  ( 0.2482333836000219507, -0.5291503390633799375, 0.1372977878095248960 ) ) ;
#4068 = ORIENTED_EDGE ( 'NONE', *, *, #335, .T. ) ;
#4069 = ADVANCED_FACE ( 'NONE', ( #871 ), #3080, .T. ) ;
#4070 = EDGE_CURVE ( 'NONE', #737, #3026, #4313, .T. ) ;
#4071 = CARTESIAN_POINT ( 'NONE',  ( -0.2342131172530822203, -0.5246614642377026572, 0.1719267869533162574 ) ) ;
#4072 = CARTESIAN_POINT ( 'NONE',  ( -0.3076334911437191288, -0.5785949642060881359, -0.03966508558699411574 ) ) ;
#4073 = CARTESIAN_POINT ( 'NONE',  ( -0.04509034073234105544, -0.5785182336645522394, -0.3070831080146979031 ) ) ;
#4074 = FACE_OUTER_BOUND ( 'NONE', #2223, .T. ) ;
#4075 = CARTESIAN_POINT ( 'NONE',  ( 0.000000000000000000, 0.000000000000000000, 0.000000000000000000 ) ) ;
#4076 = EDGE_CURVE ( 'NONE', #512, #4562, #878, .T. ) ;
#4077 = DIRECTION ( 'NONE',  ( 0.000000000000000000, 0.000000000000000000, -1.000000000000000000 ) ) ;
#4078 = CARTESIAN_POINT ( 'NONE',  ( -0.1710016921801324752, -0.5675532765349011743, -0.2814314832110278997 ) ) ;
#4079 = CARTESIAN_POINT ( 'NONE',  ( 0.3470411555560557471, -0.5570898433182752685, -0.01706779774795467650 ) ) ;
#4080 = VERTEX_POINT ( 'NONE', #504 ) ;
#4081 = ORIENTED_EDGE ( 'NONE', *, *, #501, .F. ) ;
#4082 = B_SPLINE_SURFACE_WITH_KNOTS ( 'NONE', 3, 1, ( 
 ( #1726, #577 ),
 ( #3527, #3196 ),
 ( #4701, #4325 ),
 ( #3574, #1751 ),
 ( #2137, #1409 ),
 ( #725, #2570 ),
 ( #1108, #1458 ),
 ( #2208, #3651 ) ),
 .UNSPECIFIED., .F., .F., .F.,
 ( 4, 1, 1, 1, 1, 4 ),
 ( 2, 2 ),
 ( 0.000000000000000000, 0.2754608071627706600, 0.6018774309564619562, 0.7072349411873528613, 0.9076058685481156463, 1.000000000000000000 ),
 ( 0.000000000000000000, 1.000000000000000000 ),
 .UNSPECIFIED. ) ;
#4083 = DIRECTION ( 'NONE',  ( -0.000000000000000000, 1.000000000000000000, 1.299146873706801522E-16 ) ) ;
#4084 = CARTESIAN_POINT ( 'NONE',  ( -0.3103122193660456940, -0.5788433491990535584, 0.0007959558911362087617 ) ) ;
#4085 = ORIENTED_EDGE ( 'NONE', *, *, #4557, .T. ) ;
#4086 = CARTESIAN_POINT ( 'NONE',  ( 0.3418209672244449382, -0.5585565789419794092, 0.05958101281387556680 ) ) ;
#4087 = ORIENTED_EDGE ( 'NONE', *, *, #2278, .T. ) ;
#4088 = ORIENTED_EDGE ( 'NONE', *, *, #3962, .F. ) ;
#4089 = CARTESIAN_POINT ( 'NONE',  ( -0.1984733396017458462, -0.5779555199654423658, -0.2405733529360854495 ) ) ;
#4090 = ORIENTED_EDGE ( 'NONE', *, *, #4604, .F. ) ;
#4091 = PERSON_AND_ORGANIZATION_ROLE ( 'creator' ) ;
#4092 = CARTESIAN_POINT ( 'NONE',  ( 0.03270751791054641450, -0.5786007325277198188, -0.3086925122867925642 ) ) ;
#4093 = LINE ( 'NONE', #768, #3720 ) ;
#4094 = CARTESIAN_POINT ( 'NONE',  ( 0.2745792467433003647, -0.5291503390633798265, 0.07125119317447799194 ) ) ;
#4095 = CARTESIAN_POINT ( 'NONE',  ( 0.000000000000000000, 0.000000000000000000, 0.000000000000000000 ) ) ;
#4096 = EDGE_CURVE ( 'NONE', #3327, #1057, #390, .T. ) ;
#4097 = CARTESIAN_POINT ( 'NONE',  ( -0.8798653543246250930, -0.5104155425419641956, -0.3622047244094488416 ) ) ;
#4098 = CARTESIAN_POINT ( 'NONE',  ( 0.2266554410257626828, -0.5785949642060881359, -0.2117522017389980860 ) ) ;
#4099 = CARTESIAN_POINT ( 'NONE',  ( 0.000000000000000000, 0.000000000000000000, 0.000000000000000000 ) ) ;
#4100 = CARTESIAN_POINT ( 'NONE',  ( 0.2793831086923402318, -0.5741050682364792213, 0.1518019641769720873 ) ) ;
#4101 = EDGE_LOOP ( 'NONE', ( #3865, #4367, #430, #1950 ) ) ;
#4102 = ORIENTED_EDGE ( 'NONE', *, *, #4555, .T. ) ;
#4103 = ADVANCED_FACE ( 'NONE', ( #4204 ), #1423, .F. ) ;
#4104 = CARTESIAN_POINT ( 'NONE',  ( 0.2434812850990129285, -0.5533416366082751781, -0.2609167172780843535 ) ) ;
#4105 = LINE ( 'NONE', #373, #3408 ) ;
#4106 = CARTESIAN_POINT ( 'NONE',  ( 0.000000000000000000, 0.000000000000000000, 0.000000000000000000 ) ) ;
#4107 = ORIENTED_EDGE ( 'NONE', *, *, #3296, .T. ) ;
#4108 = ORIENTED_EDGE ( 'NONE', *, *, #4416, .T. ) ;
#4109 = VECTOR ( 'NONE', #2077, 39.37007874015748143 ) ;
#4110 = B_SPLINE_SURFACE_WITH_KNOTS ( 'NONE', 3, 1, ( 
 ( #1888, #3674 ),
 ( #1125, #1404 ),
 ( #4401, #4086 ),
 ( #4779, #4803 ),
 ( #1034, #696 ),
 ( #2903, #1082 ),
 ( #1502, #351 ),
 ( #4751, #2162 ) ),
 .UNSPECIFIED., .F., .F., .F.,
 ( 4, 1, 1, 1, 1, 4 ),
 ( 2, 2 ),
 ( 0.000000000000000000, 0.2754608071627706600, 0.6018774309564619562, 0.7072349411873528613, 0.9076058685481156463, 1.000000000000000000 ),
 ( 0.000000000000000000, 1.000000000000000000 ),
 .UNSPECIFIED. ) ;
#4111 = CARTESIAN_POINT ( 'NONE',  ( 0.000000000000000000, 0.000000000000000000, 0.000000000000000000 ) ) ;
#4112 = CARTESIAN_POINT ( 'NONE',  ( -0.2028180652509309345, -0.5751480959758970002, -0.2434272303484089073 ) ) ;
#4113 = VERTEX_POINT ( 'NONE', #2020 ) ;
#4114 = PERSON_AND_ORGANIZATION_ROLE ( 'design_supplier' ) ;
#4115 = APPROVAL_PERSON_ORGANIZATION ( #3024, #2437, #468 ) ;
#4116 = CARTESIAN_POINT ( 'NONE',  ( 0.000000000000000000, 0.000000000000000000, 0.000000000000000000 ) ) ;
#4117 = CARTESIAN_POINT ( 'NONE',  ( -0.2263284938007411318, -0.5611928409090070069, -0.2541818098628330636 ) ) ;
#4118 = ORIENTED_EDGE ( 'NONE', *, *, #1946, .T. ) ;
#4119 = CARTESIAN_POINT ( 'NONE',  ( 0.2817649257863592549, -0.5246614642377025461, 0.07087404999084506718 ) ) ;
#4120 = CARTESIAN_POINT ( 'NONE',  ( -0.02946428446042766505, -0.2894216745996738838, 0.1523332947834123430 ) ) ;
#4121 = EDGE_CURVE ( 'NONE', #2992, #3304, #2566, .T. ) ;
#4122 = VECTOR ( 'NONE', #3759, 39.37007874015748854 ) ;
#4123 = LINE ( 'NONE', #1877, #4768 ) ;
#4124 = CARTESIAN_POINT ( 'NONE',  ( 0.3103122193655274419, -0.5788433491993477675, 0.0007959558912650836456 ) ) ;
#4125 = CARTESIAN_POINT ( 'NONE',  ( 0.3401176620843106013, -0.5611928409090068959, -0.01236751832665776429 ) ) ;
#4126 = EDGE_LOOP ( 'NONE', ( #446, #741, #2532, #2290 ) ) ;
#4127 = ORIENTED_EDGE ( 'NONE', *, *, #2390, .T. ) ;
#4128 = EDGE_CURVE ( 'NONE', #4725, #2677, #1736, .T. ) ;
#4129 = CARTESIAN_POINT ( 'NONE',  ( -0.1205784656433123991, -0.5076457267943570439, 0.2927323173617955576 ) ) ;
#4130 = CARTESIAN_POINT ( 'NONE',  ( -0.3101047552633934279, -0.5117476724477684202, -0.01125531574495571181 ) ) ;
#4131 = CARTESIAN_POINT ( 'NONE',  ( -0.2724309963356746356, -0.5036595598781937744, -0.1728899675238002309 ) ) ;
#4132 = CARTESIAN_POINT ( 'NONE',  ( 0.1227499203670496114, -0.5202677472389242164, 0.2707342855942396764 ) ) ;
#4133 = EDGE_CURVE ( 'NONE', #2699, #1564, #3896, .T. ) ;
#4134 = ORIENTED_EDGE ( 'NONE', *, *, #3751, .F. ) ;
#4135 = B_SPLINE_CURVE_WITH_KNOTS ( 'NONE', 3,
 ( #3588, #3237, #246, #270, #4744, #537, #1767, #2236 ),
 .UNSPECIFIED., .F., .F.,
 ( 4, 2, 2, 4 ),
 ( 1.537742562676060687E-14, 0.0003533926699086807816, 0.0007067853398019842154, 0.001413570679588593577 ),
 .UNSPECIFIED. ) ;
#4136 = CARTESIAN_POINT ( 'NONE',  ( 0.000000000000000000, 0.000000000000000000, 0.000000000000000000 ) ) ;
#4137 = CARTESIAN_POINT ( 'NONE',  ( 0.1459931717336500068, -0.5675532765349061703, -0.2951800336709295425 ) ) ;
#4138 = EDGE_CURVE ( 'NONE', #1909, #3786, #3938, .T. ) ;
#4139 = VERTEX_POINT ( 'NONE', #3606 ) ;
#4140 = PERSON_AND_ORGANIZATION ( #1829, #4201 ) ;
#4141 = ORIENTED_EDGE ( 'NONE', *, *, #2425, .T. ) ;
#4142 = CARTESIAN_POINT ( 'NONE',  ( 0.000000000000000000, 0.000000000000000000, 0.000000000000000000 ) ) ;
#4143 = CARTESIAN_POINT ( 'NONE',  ( 0.000000000000000000, 0.000000000000000000, 0.000000000000000000 ) ) ;
#4144 = CARTESIAN_POINT ( 'NONE',  ( -0.2425588141000353248, -0.5531022667475552490, -0.2582989019339885783 ) ) ;
#4145 = ORIENTED_EDGE ( 'NONE', *, *, #1867, .T. ) ;
#4146 = CARTESIAN_POINT ( 'NONE',  ( -0.3077655551049661153, -0.5788433491990536695, -0.03968211340885891003 ) ) ;
#4147 = CARTESIAN_POINT ( 'NONE',  ( 0.000000000000000000, 0.000000000000000000, 0.000000000000000000 ) ) ;
#4148 = EDGE_CURVE ( 'NONE', #518, #2209, #2328, .T. ) ;
#4149 = APPLICATION_CONTEXT ( 'configuration controlled 3d designs of mechanical parts and assemblies' ) ;
#4150 = CARTESIAN_POINT ( 'NONE',  ( 0.000000000000000000, 0.000000000000000000, 0.000000000000000000 ) ) ;
#4151 = FACE_OUTER_BOUND ( 'NONE', #278, .T. ) ;
#4152 = LINE ( 'NONE', #819, #851 ) ;
#4153 = ORIENTED_EDGE ( 'NONE', *, *, #342, .F. ) ;
#4154 = VERTEX_POINT ( 'NONE', #4764 ) ;
#4155 = EDGE_CURVE ( 'NONE', #4517, #1109, #2888, .T. ) ;
#4156 = CARTESIAN_POINT ( 'NONE',  ( -0.009014135726980891661, -0.5611936780632693633, -0.3402216173228062579 ) ) ;
#4157 = CARTESIAN_POINT ( 'NONE',  ( -0.2905393578384968256, -0.5246608535493831882, -0.001424954045511150815 ) ) ;
#4158 = CARTESIAN_POINT ( 'NONE',  ( -0.2434812850990091537, -0.5533416366082751781, -0.2609167172780878508 ) ) ;
#4159 = ORIENTED_EDGE ( 'NONE', *, *, #1207, .T. ) ;
#4160 = ORIENTED_EDGE ( 'NONE', *, *, #1425, .F. ) ;
#4161 = EDGE_CURVE ( 'NONE', #1385, #2152, #237, .T. ) ;
#4162 = CARTESIAN_POINT ( 'NONE',  ( -0.5079527800597907206, -0.4068886736676063376, 0.3661417322834645272 ) ) ;
#4163 = CARTESIAN_POINT ( 'NONE',  ( 0.000000000000000000, 0.000000000000000000, 0.000000000000000000 ) ) ;
#4164 = ORIENTED_EDGE ( 'NONE', *, *, #2548, .F. ) ;
#4165 = PERSON_AND_ORGANIZATION ( #1829, #4201 ) ;
#4166 = ORIENTED_EDGE ( 'NONE', *, *, #3533, .F. ) ;
#4167 = CARTESIAN_POINT ( 'NONE',  ( 0.3233863990855085357, -0.5533416366082751781, 0.1509367630338835642 ) ) ;
#4168 = CARTESIAN_POINT ( 'NONE',  ( 0.000000000000000000, 0.000000000000000000, 0.000000000000000000 ) ) ;
#4169 = DIRECTION ( 'NONE',  ( 0.000000000000000000, 1.000000000000000000, 0.000000000000000000 ) ) ;
#4170 = B_SPLINE_CURVE_WITH_KNOTS ( 'NONE', 1,
 ( #368, #1517 ),
 .UNSPECIFIED., .F., .F.,
 ( 2, 2 ),
 ( 2.325202133283476048E-05, 0.001514701155316576899 ),
 .UNSPECIFIED. ) ;
#4171 = CARTESIAN_POINT ( 'NONE',  ( 0.000000000000000000, 0.000000000000000000, 0.000000000000000000 ) ) ;
#4172 = FACE_OUTER_BOUND ( 'NONE', #2655, .T. ) ;
#4173 = CARTESIAN_POINT ( 'NONE',  ( 0.1201234110567981489, -0.5291503390633798265, -0.2569841656347421344 ) ) ;
#4174 = CARTESIAN_POINT ( 'NONE',  ( 0.3292543043946855597, -0.5675494520111777907, -0.006420407894016275444 ) ) ;
#4175 = ORIENTED_EDGE ( 'NONE', *, *, #629, .T. ) ;
#4176 = ORIENTED_EDGE ( 'NONE', *, *, #3267, .T. ) ;
#4177 = CARTESIAN_POINT ( 'NONE',  ( -0.2889398785180303242, -0.5202677472389247715, 0.06984513546644202653 ) ) ;
#4178 = LINE ( 'NONE', #3084, #4109 ) ;
#4179 = DIRECTION ( 'NONE',  ( 0.4134521707519694389, 0.8813413940020674575, -0.2286802346486825344 ) ) ;
#4180 = CARTESIAN_POINT ( 'NONE',  ( 0.1327877149192147888, -0.5785949642060882470, 0.2803196508531457520 ) ) ;
#4181 = EDGE_LOOP ( 'NONE', ( #4709, #2026, #4066, #544 ) ) ;
#4182 = EDGE_LOOP ( 'NONE', ( #4068, #2273, #3379, #3980 ) ) ;
#4183 = CARTESIAN_POINT ( 'NONE',  ( 0.000000000000000000, 0.000000000000000000, 0.000000000000000000 ) ) ;
#4184 = CARTESIAN_POINT ( 'NONE',  ( -0.2563994352665897036, -0.5611936780632696964, 0.2238109316624733169 ) ) ;
#4185 = ADVANCED_FACE ( 'NONE', ( #2481 ), #284, .F. ) ;
#4186 = CARTESIAN_POINT ( 'NONE',  ( 0.1926863978827315638, -0.5611928409090118919, 0.2805439923474206676 ) ) ;
#4187 = CARTESIAN_POINT ( 'NONE',  ( -0.1513848585353168574, -0.5291503390633799375, 0.2399023131967406852 ) ) ;
#4188 = ORIENTED_EDGE ( 'NONE', *, *, #1527, .F. ) ;
#4189 = COORDINATED_UNIVERSAL_TIME_OFFSET ( 5, 0, .BEHIND. ) ;
#4190 = VECTOR ( 'NONE', #974, 39.37007874015748854 ) ;
#4191 = CARTESIAN_POINT ( 'NONE',  ( -0.09513475030908685737, -0.5788433491993477675, 0.2953704222107685906 ) ) ;
#4192 = ORIENTED_EDGE ( 'NONE', *, *, #833, .F. ) ;
#4193 = CARTESIAN_POINT ( 'NONE',  ( -0.3206116495285465939, -0.5531022667475552490, 0.1508683904086736971 ) ) ;
#4194 = AXIS2_PLACEMENT_3D ( 'NONE', #156, #4169, #2066 ) ;
#4195 = CARTESIAN_POINT ( 'NONE',  ( -0.3006320782260527014, -0.5785949642060881359, -0.07636777742857804585 ) ) ;
#4196 = B_SPLINE_SURFACE_WITH_KNOTS ( 'NONE', 3, 1, ( 
 ( #1582, #3729 ),
 ( #1899, #3391 ),
 ( #363, #67 ),
 ( #4095, #2216 ) ),
 .UNSPECIFIED., .F., .F., .F.,
 ( 4, 4 ),
 ( 2, 2 ),
 ( 0.000000000000000000, 1.000000000000000000 ),
 ( 0.000000000000000000, 1.000000000000000000 ),
 .UNSPECIFIED. ) ;
#4197 = EDGE_CURVE ( 'NONE', #462, #329, #2105, .T. ) ;
#4198 = CARTESIAN_POINT ( 'NONE',  ( -0.08983547399622998642, -0.5533416366082751781, -0.3453842167217710535 ) ) ;
#4199 = CARTESIAN_POINT ( 'NONE',  ( 0.06916378985973588300, -0.5117476724477686423, -0.3025029116252043737 ) ) ;
#4200 = CARTESIAN_POINT ( 'NONE',  ( 0.000000000000000000, 0.000000000000000000, 0.000000000000000000 ) ) ;
#4201 = ORGANIZATION ( 'UNSPECIFIED', 'UNSPECIFIED', '' ) ;
#4202 = CARTESIAN_POINT ( 'NONE',  ( 0.2003553071432299659, -0.5763141770085492555, -0.2419435069679900518 ) ) ;
#4203 = LOCAL_TIME ( 23, 27, 9.000000000000000000, #2683 ) ;
#4204 = FACE_OUTER_BOUND ( 'NONE', #3622, .T. ) ;
#4205 = VERTEX_POINT ( 'NONE', #2507 ) ;
#4206 = VERTEX_POINT ( 'NONE', #3631 ) ;
#4207 = CARTESIAN_POINT ( 'NONE',  ( 2.314400811233974636E-15, -0.5036595598781937744, -0.3226601751608479951 ) ) ;
#4208 = EDGE_CURVE ( 'NONE', #2575, #1589, #1806, .T. ) ;
#4209 = CARTESIAN_POINT ( 'NONE',  ( -0.3101790626166037734, -0.5785949642060881359, 0.0007956143420331696255 ) ) ;
#4210 = CARTESIAN_POINT ( 'NONE',  ( 0.000000000000000000, 0.000000000000000000, 0.000000000000000000 ) ) ;
#4211 = ORIENTED_EDGE ( 'NONE', *, *, #1552, .F. ) ;
#4212 = AXIS2_PLACEMENT_3D ( 'NONE', #244, #1740, #2174 ) ;
#4213 = CC_DESIGN_PERSON_AND_ORGANIZATION_ASSIGNMENT ( #1131, #2612, ( #2778 ) ) ;
#4214 = CARTESIAN_POINT ( 'NONE',  ( 0.000000000000000000, 0.000000000000000000, 0.000000000000000000 ) ) ;
#4215 = CARTESIAN_POINT ( 'NONE',  ( -0.2752008631279695972, -0.5763141770085489224, -0.1514707714314819376 ) ) ;
#4216 = CARTESIAN_POINT ( 'NONE',  ( 0.2958838640182633317, -0.5585565789419792981, -0.1812297153774850011 ) ) ;
#4217 = CARTESIAN_POINT ( 'NONE',  ( 0.3223841644296850939, -0.5697155349887016440, 0.04538494191738497857 ) ) ;
#4218 = VERTEX_POINT ( 'NONE', #4790 ) ;
#4219 = PERSON_AND_ORGANIZATION ( #1829, #4201 ) ;
#4220 = CARTESIAN_POINT ( 'NONE',  ( -0.2988727692779484246, -0.5181076722195306905, -0.03187217743860662478 ) ) ;
#4221 = CARTESIAN_POINT ( 'NONE',  ( -0.2574947488261646322, -0.5117481726913170048, -0.1731693588569158671 ) ) ;
#4222 = CARTESIAN_POINT ( 'NONE',  ( 0.3003652441891168645, -0.5788433491993477675, 0.07794246029316928559 ) ) ;
#4223 = CARTESIAN_POINT ( 'NONE',  ( 0.000000000000000000, 0.000000000000000000, 0.000000000000000000 ) ) ;
#4224 = CARTESIAN_POINT ( 'NONE',  ( -0.2977650196374366232, -0.5650778416537697302, 0.1533725179145232764 ) ) ;
#4225 = CARTESIAN_POINT ( 'NONE',  ( 3.368794718177174667E-17, -0.5662497646253558115, -0.2269313808160597079 ) ) ;
#4226 = EDGE_CURVE ( 'NONE', #190, #2997, #177, .T. ) ;
#4227 = CARTESIAN_POINT ( 'NONE',  ( 0.000000000000000000, -0.5662497646253558115, -6.333703867377929835E-17 ) ) ;
#4228 = CARTESIAN_POINT ( 'NONE',  ( -0.2781632676220534561, -0.5786007325225112075, -0.1377898586277293003 ) ) ;
#4229 = ORIENTED_EDGE ( 'NONE', *, *, #3836, .F. ) ;
#4230 = B_SPLINE_CURVE_WITH_KNOTS ( 'NONE', 3,
 ( #2929, #1819, #2901, #1402, #2563, #2874, #1794, #328 ),
 .UNSPECIFIED., .F., .F.,
 ( 4, 2, 2, 4 ),
 ( 1.537616621275047461E-14, 0.0003533926699086813780, 0.0007067853398019866007, 0.001413570679588599215 ),
 .UNSPECIFIED. ) ;
#4231 = CARTESIAN_POINT ( 'NONE',  ( 1.004467518985690132E-17, 0.2716535433070866312, 0.08202099737532810020 ) ) ;
#4232 = EDGE_CURVE ( 'NONE', #34, #1452, #117, .T. ) ;
#4233 = CARTESIAN_POINT ( 'NONE',  ( 0.000000000000000000, 0.000000000000000000, 0.000000000000000000 ) ) ;
#4234 = CARTESIAN_POINT ( 'NONE',  ( 0.000000000000000000, -0.6153076169366386017, 0.000000000000000000 ) ) ;
#4235 = CARTESIAN_POINT ( 'NONE',  ( 0.05057441506840172629, -0.5181052167782346229, 0.2962857615389824506 ) ) ;
#4236 = EDGE_LOOP ( 'NONE', ( #4374, #355 ) ) ;
#4237 = EDGE_LOOP ( 'NONE', ( #1349, #4188, #4176, #3834 ) ) ;
#4238 = B_SPLINE_CURVE_WITH_KNOTS ( 'NONE', 3,
 ( #4017, #2102, #3211, #2465, #3258, #3612, #2820, #1765 ),
 .UNSPECIFIED., .F., .F.,
 ( 4, 2, 2, 4 ),
 ( 1.537663295505582395E-14, 0.0003533926699086803480, 0.0007067853398019839986, 0.001413570679588593360 ),
 .UNSPECIFIED. ) ;
#4239 = B_SPLINE_SURFACE_WITH_KNOTS ( 'NONE', 3, 1, ( 
 ( #3734, #3 ),
 ( #1118, #1902 ),
 ( #4436, #411 ),
 ( #3687, #4529 ),
 ( #2582, #3372 ),
 ( #4460, #4058 ),
 ( #4504, #2598 ),
 ( #1141, #753 ) ),
 .UNSPECIFIED., .F., .F., .F.,
 ( 4, 1, 1, 1, 1, 4 ),
 ( 2, 2 ),
 ( 0.000000000000000000, 0.09239413145188504761, 0.2927650588126481379, 0.3981225690435391540, 0.7245391928372308943, 1.000000000000000000 ),
 ( 0.000000000000000000, 1.000000000000000000 ),
 .UNSPECIFIED. ) ;
#4240 = CARTESIAN_POINT ( 'NONE',  ( -0.03800032717703618473, -0.5585565789419794092, 0.3448875843758664184 ) ) ;
#4241 = B_SPLINE_CURVE_WITH_KNOTS ( 'NONE', 3,
 ( #4370, #2562, #2846, #1401, #327, #4342, #2133, #4039 ),
 .UNSPECIFIED., .F., .F.,
 ( 4, 2, 2, 4 ),
 ( 1.537510168614469456E-14, 0.0003533926699085993038, 0.0007067853398018234283, 0.001413570679588274388 ),
 .UNSPECIFIED. ) ;
#4242 = CARTESIAN_POINT ( 'NONE',  ( -0.09486026814228538939, -0.5650778416537697302, -0.3212299265309780383 ) ) ;
#4243 = CARTESIAN_POINT ( 'NONE',  ( 0.3480584879824998312, -0.5531022667475552490, 0.06639570755143421599 ) ) ;
#4244 = B_SPLINE_CURVE_WITH_KNOTS ( 'NONE', 3,
 ( #4072, #2960, #1187, #4455, #1113, #1155, #4522, #2594 ),
 .UNSPECIFIED., .F., .F.,
 ( 4, 2, 2, 4 ),
 ( 1.537796507759921246E-14, 0.0003533926699086808901, 0.0007067853398019838902, 0.001413570679588592276 ),
 .UNSPECIFIED. ) ;
#4245 = ORIENTED_EDGE ( 'NONE', *, *, #4446, .F. ) ;
#4246 = PERSON_AND_ORGANIZATION ( #1829, #4201 ) ;
#4247 = CARTESIAN_POINT ( 'NONE',  ( 0.1896548924616490439, -0.5036595598781938854, 0.2610375651131256469 ) ) ;
#4248 = CARTESIAN_POINT ( 'NONE',  ( -0.2137939273827252351, -0.5202677472389239943, -0.2065351131420768704 ) ) ;
#4249 = CARTESIAN_POINT ( 'NONE',  ( 0.2517090493709241428, -0.5268700205389793556, 0.1382196816074401091 ) ) ;
#4250 = CARTESIAN_POINT ( 'NONE',  ( -0.2592523127324988796, -0.5291561317255569774, -0.1156877021105593012 ) ) ;
#4251 = CARTESIAN_POINT ( 'NONE',  ( 0.000000000000000000, 0.000000000000000000, 0.000000000000000000 ) ) ;
#4252 = CARTESIAN_POINT ( 'NONE',  ( -0.06204452282128675167, -0.5181076722195299133, -0.2940939392412356690 ) ) ;
#4253 = CARTESIAN_POINT ( 'NONE',  ( -0.08731007325248671402, -0.5181052167782335127, -0.2876108048368354320 ) ) ;
#4254 = B_SPLINE_CURVE_WITH_KNOTS ( 'NONE', 1,
 ( #3134, #4581 ),
 .UNSPECIFIED., .F., .F.,
 ( 2, 2 ),
 ( 2.325202130441262753E-05, 0.001514701155316573213 ),
 .UNSPECIFIED. ) ;
#4255 = CARTESIAN_POINT ( 'NONE',  ( -0.2208760891048009989, -0.5036595598781937744, -0.2352091450105569248 ) ) ;
#4256 = CARTESIAN_POINT ( 'NONE',  ( 0.000000000000000000, 0.000000000000000000, 0.000000000000000000 ) ) ;
#4257 = EDGE_CURVE ( 'NONE', #4640, #2509, #3593, .T. ) ;
#4258 = CARTESIAN_POINT ( 'NONE',  ( -0.2072862898727569902, -0.5291503390633798265, -0.1936566273115702952 ) ) ;
#4259 = ORIENTED_EDGE ( 'NONE', *, *, #2561, .T. ) ;
#4260 = EDGE_CURVE ( 'NONE', #2509, #4283, #3658, .T. ) ;
#4261 = ORIENTED_EDGE ( 'NONE', *, *, #3949, .T. ) ;
#4262 = B_SPLINE_CURVE_WITH_KNOTS ( 'NONE', 3,
 ( #3907, #3554, #580, #4307 ),
 .UNSPECIFIED., .F., .F.,
 ( 4, 4 ),
 ( 0.000000000000000000, 0.0009496860142668348253 ),
 .UNSPECIFIED. ) ;
#4263 = CARTESIAN_POINT ( 'NONE',  ( 0.000000000000000000, 0.000000000000000000, 0.000000000000000000 ) ) ;
#4264 = CARTESIAN_POINT ( 'NONE',  ( 0.3397503313994740815, -0.5585565789419794092, 0.07043566593800210107 ) ) ;
#4265 = LINE ( 'NONE', #1275, #1186 ) ;
#4266 = ORIENTED_EDGE ( 'NONE', *, *, #427, .F. ) ;
#4267 = EDGE_CURVE ( 'NONE', #2981, #1076, #2235, .T. ) ;
#4268 = CARTESIAN_POINT ( 'NONE',  ( 0.000000000000000000, 0.000000000000000000, 0.000000000000000000 ) ) ;
#4269 = CARTESIAN_POINT ( 'NONE',  ( 0.000000000000000000, 0.000000000000000000, 0.000000000000000000 ) ) ;
#4270 = CARTESIAN_POINT ( 'NONE',  ( -0.2515157101636239512, -0.5788433491990536695, 0.1817530043068046053 ) ) ;
#4271 = APPROVAL_ROLE ( '' ) ;
#4272 = DIRECTION ( 'NONE',  ( -0.08734318309309417605, 0.8813413940020674575, 0.4643366403652190444 ) ) ;
#4273 = CARTESIAN_POINT ( 'NONE',  ( 0.08731080595208481898, -0.5181076722195306905, -0.2876066603445499581 ) ) ;
#4274 = CARTESIAN_POINT ( 'NONE',  ( 0.03882501280328589516, -0.5570898433182773779, 0.3452846532217582753 ) ) ;
#4275 = FACE_OUTER_BOUND ( 'NONE', #872, .T. ) ;
#4276 = AXIS2_PLACEMENT_3D ( 'NONE', #1763, #4015, #976 ) ;
#4277 = CARTESIAN_POINT ( 'NONE',  ( 0.2425588141000389053, -0.5531022667475548049, -0.2582989019339848591 ) ) ;
#4278 = CARTESIAN_POINT ( 'NONE',  ( -0.08784999713108536390, -0.5202677472389242164, -0.2839841093272804651 ) ) ;
#4279 = CARTESIAN_POINT ( 'NONE',  ( -0.3418209672244458264, -0.5585565789419794092, 0.05958101281387055692 ) ) ;
#4280 = VECTOR ( 'NONE', #3159, 39.37007874015748854 ) ;
#4281 = CARTESIAN_POINT ( 'NONE',  ( -0.2815266407504329327, -0.5291503390633799375, 0.03483167837876414985 ) ) ;
#4282 = CARTESIAN_POINT ( 'NONE',  ( -0.1632063424849508060, -0.5570898433182753795, -0.3067451110324865837 ) ) ;
#4283 = VERTEX_POINT ( 'NONE', #1853 ) ;
#4284 = CARTESIAN_POINT ( 'NONE',  ( -0.1896548924616530130, -0.5036595598781937744, 0.2610375651131228714 ) ) ;
#4285 = EDGE_CURVE ( 'NONE', #2585, #1815, #528, .T. ) ;
#4286 = CARTESIAN_POINT ( 'NONE',  ( 0.2640196774741999097, -0.5291503390633798265, 0.1037502056736489126 ) ) ;
#4287 =( GEOMETRIC_REPRESENTATION_CONTEXT ( 3 ) GLOBAL_UNCERTAINTY_ASSIGNED_CONTEXT ( ( #3985 ) ) GLOBAL_UNIT_ASSIGNED_CONTEXT ( ( #915, #2882, #2958 ) ) REPRESENTATION_CONTEXT ( 'NONE', 'WORKASPACE' ) );
#4288 = CARTESIAN_POINT ( 'NONE',  ( 0.2714286944482288688, -0.5785949642060881359, 0.1501271052076413870 ) ) ;
#4289 = CARTESIAN_POINT ( 'NONE',  ( 0.000000000000000000, 0.000000000000000000, 0.000000000000000000 ) ) ;
#4290 = CARTESIAN_POINT ( 'NONE',  ( 0.2106713216053680282, -0.5533416366082752891, 0.2880594796247574751 ) ) ;
#4291 = CARTESIAN_POINT ( 'NONE',  ( 0.000000000000000000, 0.000000000000000000, 0.000000000000000000 ) ) ;
#4292 = ORIENTED_EDGE ( 'NONE', *, *, #2693, .T. ) ;
#4293 = CARTESIAN_POINT ( 'NONE',  ( 0.2836722859818665010, -0.5291503390633798265, 0.0007276240287203567794 ) ) ;
#4294 = EDGE_CURVE ( 'NONE', #1204, #2489, #3319, .T. ) ;
#4295 = CARTESIAN_POINT ( 'NONE',  ( -0.01853811844177393961, -0.5291503390633798265, -0.2830668356334662961 ) ) ;
#4297 = B_SPLINE_CURVE_WITH_KNOTS ( 'NONE', 3,
 ( #4467, #374, #393, #2930 ),
 .UNSPECIFIED., .F., .F.,
 ( 4, 4 ),
 ( 0.000000000000000000, 0.0009496860142668345000 ),
 .UNSPECIFIED. ) ;
#4296 = CARTESIAN_POINT ( 'NONE',  ( 0.3007192217761745501, -0.5533416366082751781, -0.1921682054944847950 ) ) ;
#4298 = VECTOR ( 'NONE', #1486, 39.37007874015748854 ) ;
#4299 = EDGE_LOOP ( 'NONE', ( #308, #1218, #690, #2250 ) ) ;
#4300 = VERTEX_POINT ( 'NONE', #729 ) ;
#4301 = DATE_TIME_ROLE ( 'classification_date' ) ;
#4302 = B_SPLINE_CURVE_WITH_KNOTS ( 'NONE', 3,
 ( #125, #2447, #1360, #2031 ),
 .UNSPECIFIED., .F., .F.,
 ( 4, 4 ),
 ( 0.000000000000000000, 0.0009496860142668338495 ),
 .UNSPECIFIED. ) ;
#4303 = ADVANCED_FACE ( 'NONE', ( #42 ), #3796, .T. ) ;
#4304 = CARTESIAN_POINT ( 'NONE',  ( -0.8798653543246256481, -0.5104155425419659720, 0.3661417322834645272 ) ) ;
#4305 = PLANE ( 'NONE',  #3426 ) ;
#4306 = CARTESIAN_POINT ( 'NONE',  ( 0.000000000000000000, 0.000000000000000000, 0.000000000000000000 ) ) ;
#4307 = CARTESIAN_POINT ( 'NONE',  ( -0.1971025442429030217, -0.5785949642060881359, -0.2395042190460760778 ) ) ;
#4308 = CARTESIAN_POINT ( 'NONE',  ( 0.1927033315021770832, -0.5202677472389242164, -0.2263405009588486116 ) ) ;
#4309 = CARTESIAN_POINT ( 'NONE',  ( -0.1926996190830561062, -0.5202702371058173236, -0.2263386562653081913 ) ) ;
#4310 = B_SPLINE_CURVE_WITH_KNOTS ( 'NONE', 3,
 ( #2651, #438, #823, #1476, #2993, #1169, #1906, #4509 ),
 .UNSPECIFIED., .F., .F.,
 ( 4, 2, 2, 4 ),
 ( 0.0001657239593221599577, 0.0008120922820787129705, 0.001135276443456988095, 0.001458460604835263652 ),
 .UNSPECIFIED. ) ;
#4311 = CARTESIAN_POINT ( 'NONE',  ( 0.2974128579338335965, -0.5181052167782318474, 0.04345820849825107746 ) ) ;
#4312 = CARTESIAN_POINT ( 'NONE',  ( -0.2810571579867009451, -0.5246608535493827441, -0.07363438661166990529 ) ) ;
#4313 = B_SPLINE_CURVE_WITH_KNOTS ( 'NONE', 3,
 ( #2072, #4655, #2816, #4683, #845, #214, #2357, #1709 ),
 .UNSPECIFIED., .F., .F.,
 ( 4, 2, 2, 4 ),
 ( 1.537922143369539012E-14, 0.0003533926699086829500, 0.0007067853398019866007, 0.001413570679588591408 ),
 .UNSPECIFIED. ) ;
#4314 = ORIENTED_EDGE ( 'NONE', *, *, #750, .T. ) ;
#4315 = CARTESIAN_POINT ( 'NONE',  ( -0.2749411522185011836, -0.5291503390633798265, -0.06984166441077986620 ) ) ;
#4316 = CARTESIAN_POINT ( 'NONE',  ( -0.3401162699426604208, -0.5611936780632696964, -0.01236634371759418559 ) ) ;
#4317 = CARTESIAN_POINT ( 'NONE',  ( 0.05736485427259969266, -0.5788433491993476565, -0.3049648840893383617 ) ) ;
#4318 = LINE ( 'NONE', #2387, #3280 ) ;
#4319 = CARTESIAN_POINT ( 'NONE',  ( -0.1688388247377477780, -0.5751480959758970002, -0.2681145936505588967 ) ) ;
#4320 = ORIENTED_EDGE ( 'NONE', *, *, #3927, .F. ) ;
#4321 = CARTESIAN_POINT ( 'NONE',  ( -0.1168627992510617719, -0.5611936780632694743, 0.3196483844599504187 ) ) ;
#4322 = CARTESIAN_POINT ( 'NONE',  ( 0.3006320782260538116, -0.5785949642060881359, -0.07636777742857384088 ) ) ;
#4323 = ORIENTED_EDGE ( 'NONE', *, *, #3922, .F. ) ;
#4324 = PERSON_AND_ORGANIZATION_ROLE ( 'design_owner' ) ;
#4325 = CARTESIAN_POINT ( 'NONE',  ( 0.2334627462729430281, -0.5585565789419792981, -0.2566838850120469750 ) ) ;
#4326 = CARTESIAN_POINT ( 'NONE',  ( 0.04826455892607667275, -0.5570908895713235776, 0.3440903346607970814 ) ) ;
#4327 = B_SPLINE_SURFACE_WITH_KNOTS ( 'NONE', 3, 1, ( 
 ( #2245, #416 ),
 ( #2438, #533 ),
 ( #458, #1301 ),
 ( #563, #1953 ) ),
 .UNSPECIFIED., .F., .F., .F.,
 ( 4, 4 ),
 ( 2, 2 ),
 ( 0.000000000000000000, 1.000000000000000000 ),
 ( 0.000000000000000000, 1.000000000000000000 ),
 .UNSPECIFIED. ) ;
#4328 = CARTESIAN_POINT ( 'NONE',  ( 0.000000000000000000, 0.000000000000000000, 0.000000000000000000 ) ) ;
#4329 = CARTESIAN_POINT ( 'NONE',  ( 0.000000000000000000, 0.000000000000000000, 0.000000000000000000 ) ) ;
#4330 = CARTESIAN_POINT ( 'NONE',  ( -0.1960508655689396640, -0.5181076722195296913, -0.2278263066904662182 ) ) ;
#4331 = CARTESIAN_POINT ( 'NONE',  ( -0.2482333836000239213, -0.5291503390633798265, 0.1372977878095213711 ) ) ;
#4332 = DIRECTION ( 'NONE',  ( 0.4146198596553756777, -0.8813413940020674575, -0.2265562164184618532 ) ) ;
#4333 = CARTESIAN_POINT ( 'NONE',  ( -0.2829175090044562246, -0.5291561317255570884, 0.02351784801984087639 ) ) ;
#4334 = DIMENSIONAL_EXPONENTS ( 1.000000000000000000, 0.000000000000000000, 0.000000000000000000, 0.000000000000000000, 0.000000000000000000, 0.000000000000000000, 0.000000000000000000 ) ;
#4335 = DIRECTION ( 'NONE',  ( -0.000000000000000000, -1.000000000000000000, -0.000000000000000000 ) ) ;
#4336 = CARTESIAN_POINT ( 'NONE',  ( -0.3369923541225161023, -0.5531022667475551380, -0.1094954533343017178 ) ) ;
#4337 = CARTESIAN_POINT ( 'NONE',  ( 0.09664874838326691087, -0.5788433491990535584, -0.2948784944169538513 ) ) ;
#4338 = FACE_OUTER_BOUND ( 'NONE', #4829, .T. ) ;
#4339 = CARTESIAN_POINT ( 'NONE',  ( 0.01246036374605824677, -0.5785978486807610288, 0.3099873756729819574 ) ) ;
#4340 = VERTEX_POINT ( 'NONE', #2985 ) ;
#4341 = ORIENTED_EDGE ( 'NONE', *, *, #1527, .T. ) ;
#4342 = CARTESIAN_POINT ( 'NONE',  ( 0.1718019156980298279, -0.5611928409090107817, -0.2937976877610510296 ) ) ;
#4343 = CARTESIAN_POINT ( 'NONE',  ( -0.3369923541225161023, -0.5531022667475551380, -0.1094954533343017178 ) ) ;
#4344 = CARTESIAN_POINT ( 'NONE',  ( 0.3101371001700087837, -0.5786007325277198188, 0.01326001387397615291 ) ) ;
#4345 = ORIENTED_EDGE ( 'NONE', *, *, #3413, .T. ) ;
#4346 = DATE_TIME_ROLE ( 'classification_date' ) ;
#4347 = EDGE_CURVE ( 'NONE', #2705, #162, #2668, .T. ) ;
#4348 = CARTESIAN_POINT ( 'NONE',  ( 0.02868242713629984633, -0.2894216745996738283, -0.1524824420446691808 ) ) ;
#4349 = CARTESIAN_POINT ( 'NONE',  ( 0.000000000000000000, 0.000000000000000000, 0.000000000000000000 ) ) ;
#4350 = EDGE_CURVE ( 'NONE', #3768, #413, #4244, .T. ) ;
#4351 = CARTESIAN_POINT ( 'NONE',  ( -0.2159167213701802535, -0.5510269468160308159, 0.2897508620469739782 ) ) ;
#4352 = CARTESIAN_POINT ( 'NONE',  ( 0.01869028021628312691, -0.5788433491990536695, 0.3097498675691374159 ) ) ;
#4353 = CARTESIAN_POINT ( 'NONE',  ( 0.2882874873694985518, -0.5076451741082083080, 0.1308519414234529388 ) ) ;
#4354 = VECTOR ( 'NONE', #2239, 39.37007874015748854 ) ;
#4355 = DIRECTION ( 'NONE',  ( 0.000000000000000000, 0.000000000000000000, -1.000000000000000000 ) ) ;
#4356 = CARTESIAN_POINT ( 'NONE',  ( 0.000000000000000000, 0.000000000000000000, 0.000000000000000000 ) ) ;
#4357 = ORIENTED_EDGE ( 'NONE', *, *, #3282, .T. ) ;
#4358 = CYLINDRICAL_SURFACE ( 'NONE', #2274, 0.6850393700787401619 ) ;
#4359 = B_SPLINE_CURVE_WITH_KNOTS ( 'NONE', 3,
 ( #1062, #2546, #3721, #2680 ),
 .UNSPECIFIED., .F., .F.,
 ( 4, 4 ),
 ( 0.000000000000000000, 0.0008684883343403530884 ),
 .UNSPECIFIED. ) ;
#4360 = VECTOR ( 'NONE', #1314, 39.37007874015748143 ) ;
#4361 = CARTESIAN_POINT ( 'NONE',  ( 0.09597488629996481224, -0.5779555199654424769, 0.2967423560519949488 ) ) ;
#4362 = EDGE_CURVE ( 'NONE', #1587, #4725, #1873, .T. ) ;
#4363 = CARTESIAN_POINT ( 'NONE',  ( 0.08835156877551363086, -0.5291503390633798265, -0.2695635278850066485 ) ) ;
#4364 = CARTESIAN_POINT ( 'NONE',  ( 0.2921298674387355909, -0.5763141770085490334, -0.1154948060072597538 ) ) ;
#4365 = CARTESIAN_POINT ( 'NONE',  ( 0.09563900476418187024, -0.5675494520111776797, -0.3151234668628640212 ) ) ;
#4366 = CARTESIAN_POINT ( 'NONE',  ( 0.000000000000000000, 0.000000000000000000, 0.000000000000000000 ) ) ;
#4367 = ORIENTED_EDGE ( 'NONE', *, *, #1257, .F. ) ;
#4368 = LOCAL_TIME ( 23, 27, 9.000000000000000000, #402 ) ;
#4369 = B_SPLINE_SURFACE_WITH_KNOTS ( 'NONE', 3, 1, ( 
 ( #1680, #3852 ),
 ( #552, #2735 ),
 ( #1238, #4601 ),
 ( #2711, #3826 ) ),
 .UNSPECIFIED., .F., .F., .F.,
 ( 4, 4 ),
 ( 2, 2 ),
 ( 0.000000000000000000, 1.000000000000000000 ),
 ( 0.000000000000000000, 1.000000000000000000 ),
 .UNSPECIFIED. ) ;
#4370 = CARTESIAN_POINT ( 'NONE',  ( 0.1668740123983561974, -0.5785949642060880249, -0.2614665329903037572 ) ) ;
#4371 = CARTESIAN_POINT ( 'NONE',  ( -0.3358856716675079346, -0.5611928409090068959, 0.05489804313201360891 ) ) ;
#4372 = VERTEX_POINT ( 'NONE', #2616 ) ;
#4373 = CARTESIAN_POINT ( 'NONE',  ( 0.1417400016594065615, -0.5291561317255570884, 0.2459780030945090401 ) ) ;
#4374 = ORIENTED_EDGE ( 'NONE', *, *, #4096, .T. ) ;
#4375 = B_SPLINE_CURVE_WITH_KNOTS ( 'NONE', 3,
 ( #2734, #450, #1237, #2710 ),
 .UNSPECIFIED., .F., .F.,
 ( 4, 4 ),
 ( 0.000000000000000000, 0.0009496860142668339579 ),
 .UNSPECIFIED. ) ;
#4376 = CALENDAR_DATE ( 2026, 5, 4 ) ;
#4377 = EDGE_CURVE ( 'NONE', #754, #2189, #4093, .T. ) ;
#4378 = VECTOR ( 'NONE', #1339, 39.37007874015748854 ) ;
#4379 = CARTESIAN_POINT ( 'NONE',  ( -0.1214401588672118643, -0.5291503390633799375, 0.2563645511477967154 ) ) ;
#4380 = ORIENTED_EDGE ( 'NONE', *, *, #2625, .T. ) ;
#4381 = CARTESIAN_POINT ( 'NONE',  ( 0.3348212498032308027, -0.5650778416537697302, -0.009048030245656129428 ) ) ;
#4382 = DIRECTION ( 'NONE',  ( 0.000000000000000000, 0.000000000000000000, 1.000000000000000000 ) ) ;
#4383 = CARTESIAN_POINT ( 'NONE',  ( -0.3265523781683098425, -0.5650778416537697302, 0.07450288909663148329 ) ) ;
#4384 = AXIS2_PLACEMENT_3D ( 'NONE', #3532, #2761, #212 ) ;
#4385 = UNCERTAINTY_MEASURE_WITH_UNIT (LENGTH_MEASURE( 1.000000000000000082E-05 ), #378, 'distance_accuracy_value', 'NONE');
#4386 = CARTESIAN_POINT ( 'NONE',  ( 0.1526135651087433265, -0.5291503390633798265, -0.2391225522942251325 ) ) ;
#4387 = CARTESIAN_POINT ( 'NONE',  ( 0.000000000000000000, 0.000000000000000000, 0.000000000000000000 ) ) ;
#4388 = CARTESIAN_POINT ( 'NONE',  ( 0.2777390520037920085, -0.5291561317255569774, -0.05879136899924882614 ) ) ;
#4389 = EDGE_CURVE ( 'NONE', #2654, #4640, #64, .T. ) ;
#4390 = CARTESIAN_POINT ( 'NONE',  ( -0.1343730520043484589, -0.5650778416537697302, 0.3068077884705021074 ) ) ;
#4391 = B_SPLINE_CURVE_WITH_KNOTS ( 'NONE', 3,
 ( #110, #3077, #500, #2713, #258, #2429, #2831, #4277 ),
 .UNSPECIFIED., .F., .F.,
 ( 4, 2, 2, 4 ),
 ( 1.537822885509487238E-14, 0.0003533926699086831127, 0.0007067853398019880102, 0.001413570679588594878 ),
 .UNSPECIFIED. ) ;
#4392 = CARTESIAN_POINT ( 'NONE',  ( 0.000000000000000000, 0.000000000000000000, 0.000000000000000000 ) ) ;
#4393 = CARTESIAN_POINT ( 'NONE',  ( 0.09660727585227357750, -0.5785949642060880249, -0.2947519603671857613 ) ) ;
#4394 = CARTESIAN_POINT ( 'NONE',  ( 0.08562637832366128132, -0.5510269468160307049, -0.3510608436715578762 ) ) ;
#4395 = CARTESIAN_POINT ( 'NONE',  ( 0.000000000000000000, 0.000000000000000000, 0.000000000000000000 ) ) ;
#4396 = CARTESIAN_POINT ( 'NONE',  ( 0.000000000000000000, 0.000000000000000000, 0.000000000000000000 ) ) ;
#4397 = VERTEX_POINT ( 'NONE', #2664 ) ;
#4398 = EDGE_LOOP ( 'NONE', ( #806, #4553, #1031, #2310 ) ) ;
#4399 = ADVANCED_FACE ( 'NONE', ( #2377 ), #4369, .F. ) ;
#4400 = CARTESIAN_POINT ( 'NONE',  ( 0.000000000000000000, 0.000000000000000000, 0.000000000000000000 ) ) ;
#4401 = CARTESIAN_POINT ( 'NONE',  ( 0.000000000000000000, 0.000000000000000000, 0.000000000000000000 ) ) ;
#4402 = VERTEX_POINT ( 'NONE', #525 ) ;
#4403 = SECURITY_CLASSIFICATION_LEVEL ( 'unclassified' ) ;
#4404 = FACE_OUTER_BOUND ( 'NONE', #3294, .T. ) ;
#4405 = ORIENTED_EDGE ( 'NONE', *, *, #4070, .F. ) ;
#4406 = LINE ( 'NONE', #3250, #794 ) ;
#4407 = CARTESIAN_POINT ( 'NONE',  ( -0.3146397271296205722, -0.5650778416537696192, -0.1148432770471205927 ) ) ;
#4408 = CARTESIAN_POINT ( 'NONE',  ( -0.008238532741131664519, -0.5117476724477669769, -0.3101995614886688402 ) ) ;
#4409 = ORIENTED_EDGE ( 'NONE', *, *, #465, .F. ) ;
#4410 = CARTESIAN_POINT ( 'NONE',  ( 0.2208760891048043296, -0.5036595598781938854, -0.2352091450105535386 ) ) ;
#4411 = B_SPLINE_SURFACE_WITH_KNOTS ( 'NONE', 3, 1, ( 
 ( #3934, #4602 ),
 ( #3880, #3509 ),
 ( #607, #993 ),
 ( #2759, #1730 ) ),
 .UNSPECIFIED., .F., .F., .F.,
 ( 4, 4 ),
 ( 2, 2 ),
 ( 0.000000000000000000, 1.000000000000000000 ),
 ( 0.000000000000000000, 1.000000000000000000 ),
 .UNSPECIFIED. ) ;
#4412 = CARTESIAN_POINT ( 'NONE',  ( 0.2905384220084645808, -0.5246614642377032123, -0.001424676218701740899 ) ) ;
#4413 = CARTESIAN_POINT ( 'NONE',  ( -0.2706602513262784671, -0.5246614642377028792, -0.1056296961914235111 ) ) ;
#4414 = CARTESIAN_POINT ( 'NONE',  ( 0.000000000000000000, 0.000000000000000000, 0.000000000000000000 ) ) ;
#4415 = CARTESIAN_POINT ( 'NONE',  ( 0.09100917454734006040, -0.5570898433182757126, -0.3353299919748595759 ) ) ;
#4416 = EDGE_CURVE ( 'NONE', #2152, #3445, #2401, .T. ) ;
#4417 = ORIENTED_EDGE ( 'NONE', *, *, #3129, .T. ) ;
#4418 = ORIENTED_EDGE ( 'NONE', *, *, #1060, .F. ) ;
#4419 = CARTESIAN_POINT ( 'NONE',  ( -0.1655304935845350878, -0.5785949642060881359, 0.2623191559561679487 ) ) ;
#4420 = CARTESIAN_POINT ( 'NONE',  ( 0.000000000000000000, 0.000000000000000000, 0.000000000000000000 ) ) ;
#4421 = ORIENTED_EDGE ( 'NONE', *, *, #3776, .F. ) ;
#4422 = CARTESIAN_POINT ( 'NONE',  ( 0.1513848585353133602, -0.5291503390633799375, 0.2399023131967429334 ) ) ;
#4423 = ORIENTED_EDGE ( 'NONE', *, *, #1079, .F. ) ;
#4424 = B_SPLINE_CURVE_WITH_KNOTS ( 'NONE', 1,
 ( #4425, #334 ),
 .UNSPECIFIED., .F., .F.,
 ( 2, 2 ),
 ( 2.325202133283154853E-05, 0.001514701155316571695 ),
 .UNSPECIFIED. ) ;
#4425 = CARTESIAN_POINT ( 'NONE',  ( -0.08024232255334139141, -0.5036595598781937744, -0.3125232124276124956 ) ) ;
#4426 = ORIENTED_EDGE ( 'NONE', *, *, #4594, .T. ) ;
#4427 = ORIENTED_EDGE ( 'NONE', *, *, #2204, .F. ) ;
#4428 = CARTESIAN_POINT ( 'NONE',  ( -0.2394687456609927156, -0.5611936780632696964, -0.2418402848745453970 ) ) ;
#4429 = ORIENTED_EDGE ( 'NONE', *, *, #4720, .T. ) ;
#4430 = CARTESIAN_POINT ( 'NONE',  ( -0.3074186969211198384, -0.5510269468160307049, -0.1899192918255893925 ) ) ;
#4431 = CARTESIAN_POINT ( 'NONE',  ( 0.2504724825793649412, -0.5785949642060880249, -0.1829623440996153982 ) ) ;
#4432 = B_SPLINE_CURVE_WITH_KNOTS ( 'NONE', 1,
 ( #3709, #4481 ),
 .UNSPECIFIED., .F., .F.,
 ( 2, 2 ),
 ( 3.559787793539349703E-05, 0.001527047011919127921 ),
 .UNSPECIFIED. ) ;
#4433 = CC_DESIGN_DATE_AND_TIME_ASSIGNMENT ( #4472, #4544, ( #397 ) ) ;
#4434 = CARTESIAN_POINT ( 'NONE',  ( 0.2941872825953181225, -0.5751480959758970002, 0.1176682915079951819 ) ) ;
#4435 = CARTESIAN_POINT ( 'NONE',  ( 0.09841502760380640979, -0.5181076722195301354, 0.2839986800185710369 ) ) ;
#4436 = CARTESIAN_POINT ( 'NONE',  ( 0.000000000000000000, 0.000000000000000000, 0.000000000000000000 ) ) ;
#4437 = CARTESIAN_POINT ( 'NONE',  ( -0.02027905072429122407, -0.5788433491990535584, -0.3096499106012840508 ) ) ;
#4438 = ORIENTED_EDGE ( 'NONE', *, *, #3061, .T. ) ;
#4439 = VERTEX_POINT ( 'NONE', #3434 ) ;
#4440 = ADVANCED_FACE ( 'NONE', ( #4275 ), #3187, .F. ) ;
#4441 = LINE ( 'NONE', #3757, #3098 ) ;
#4442 = CIRCLE ( 'NONE', #4194, 0.08202099737532810020 ) ;
#4443 = DIRECTION ( 'NONE',  ( -0.000000000000000000, 1.000000000000000000, 1.299146873706801522E-16 ) ) ;
#4444 = CARTESIAN_POINT ( 'NONE',  ( -0.1802588763618028223, -0.5291503390633798265, -0.2190370579689321640 ) ) ;
#4445 = ORIENTED_EDGE ( 'NONE', *, *, #4285, .T. ) ;
#4446 = EDGE_CURVE ( 'NONE', #3894, #4080, #4442, .T. ) ;
#4447 = EDGE_CURVE ( 'NONE', #3018, #568, #2109, .T. ) ;
#4448 = CARTESIAN_POINT ( 'NONE',  ( -0.1124920139016021836, -0.5076451741082085301, 0.2959348792495863356 ) ) ;
#4449 = CC_DESIGN_SECURITY_CLASSIFICATION ( #1879, ( #1809 ) ) ;
#4450 = ORIENTED_EDGE ( 'NONE', *, *, #4232, .T. ) ;
#4451 = PRODUCT_DEFINITION_SHAPE ( 'NONE', 'NONE',  #4831 ) ;
#4452 = DIRECTION ( 'NONE',  ( 1.000000000000000000, 0.000000000000000000, 0.000000000000000000 ) ) ;
#4453 = ADVANCED_FACE ( 'NONE', ( #579 ), #2156, .F. ) ;
#4454 = CARTESIAN_POINT ( 'NONE',  ( 0.2919516552389579411, -0.5036595598781938854, 0.1373820207962513917 ) ) ;
#4455 = CARTESIAN_POINT ( 'NONE',  ( -0.3235497988391588531, -0.5697115686609649510, -0.03621252317003299803 ) ) ;
#4456 = CARTESIAN_POINT ( 'NONE',  ( 0.000000000000000000, -0.5662497646253558115, 0.000000000000000000 ) ) ;
#4457 = FACE_OUTER_BOUND ( 'NONE', #777, .T. ) ;
#4458 = CARTESIAN_POINT ( 'NONE',  ( 0.2504724825793649412, -0.5785949642060880249, -0.1829623440996153982 ) ) ;
#4459 = CARTESIAN_POINT ( 'NONE',  ( 0.3220234790098744915, -0.5036595598781937744, -0.02026000002976562422 ) ) ;
#4460 = CARTESIAN_POINT ( 'NONE',  ( 0.000000000000000000, 0.000000000000000000, 0.000000000000000000 ) ) ;
#4461 = CARTESIAN_POINT ( 'NONE',  ( 0.2707293920435266399, -0.5570908895713219122, 0.2177916948348881665 ) ) ;
#4462 = ORIENTED_EDGE ( 'NONE', *, *, #2061, .T. ) ;
#4463 = ORIENTED_EDGE ( 'NONE', *, *, #35, .T. ) ;
#4464 = CARTESIAN_POINT ( 'NONE',  ( 0.05734023868539194629, -0.5785949642060880249, -0.3048340219125789119 ) ) ;
#4465 = CARTESIAN_POINT ( 'NONE',  ( 0.000000000000000000, 0.000000000000000000, 0.000000000000000000 ) ) ;
#4466 = ORIENTED_EDGE ( 'NONE', *, *, #728, .F. ) ;
#4467 = CARTESIAN_POINT ( 'NONE',  ( -0.3101790626166037734, -0.5785949642060881359, 0.0007956143420331696255 ) ) ;
#4468 = ORIENTED_EDGE ( 'NONE', *, *, #4746, .T. ) ;
#4469 = CARTESIAN_POINT ( 'NONE',  ( -0.08811946407624049460, -0.5531022667475551380, -0.3432026530911960194 ) ) ;
#4470 = ORIENTED_EDGE ( 'NONE', *, *, #4389, .T. ) ;
#4471 = B_SPLINE_CURVE_WITH_KNOTS ( 'NONE', 3,
 ( #4643, #2083, #3189, #4322 ),
 .UNSPECIFIED., .F., .F.,
 ( 4, 4 ),
 ( 0.000000000000000000, 0.0009496860142668346084 ),
 .UNSPECIFIED. ) ;
#4472 = DATE_AND_TIME ( #1939, #4203 ) ;
#4473 = CARTESIAN_POINT ( 'NONE',  ( 0.02285874247132894596, -0.5202702371058184339, 0.2963778136220202031 ) ) ;
#4474 = CARTESIAN_POINT ( 'NONE',  ( -0.8798653543246256481, -0.5104155425419659720, 0.3661417322834645272 ) ) ;
#4475 = CARTESIAN_POINT ( 'NONE',  ( -0.1513848585353168574, -0.5291503390633799375, 0.2399023131967406852 ) ) ;
#4476 = B_SPLINE_CURVE_WITH_KNOTS ( 'NONE', 3,
 ( #3149, #2714, #210, #2737, #2327, #892, #1603, #3078 ),
 .UNSPECIFIED., .F., .F.,
 ( 4, 2, 2, 4 ),
 ( 1.537646685055633325E-14, 0.0003533926699086778001, 0.0007067853398019809628, 0.001413570679588589457 ),
 .UNSPECIFIED. ) ;
#4477 = LINE ( 'NONE', #1627, #4526 ) ;
#4478 = CARTESIAN_POINT ( 'NONE',  ( 0.3250773367677721182, -0.5510269468160307049, 0.1577983451883608890 ) ) ;
#4479 = CARTESIAN_POINT ( 'NONE',  ( 0.2715452160542085047, -0.5788433491993477675, 0.1501915532625363592 ) ) ;
#4480 = CARTESIAN_POINT ( 'NONE',  ( -0.1715433525213634347, -0.5570908895713215792, -0.3021597330238459111 ) ) ;
#4481 = CARTESIAN_POINT ( 'NONE',  ( 0.04044004309533120317, -0.5036595598781961058, 0.3201159033057788261 ) ) ;
#4482 = VERTEX_POINT ( 'NONE', #1580 ) ;
#4483 = ORIENTED_EDGE ( 'NONE', *, *, #3061, .F. ) ;
#4484 = B_SPLINE_SURFACE_WITH_KNOTS ( 'NONE', 3, 1, ( 
 ( #3523, #3867 ),
 ( #933, #202 ),
 ( #4695, #2393 ),
 ( #3898, #2367 ),
 ( #571, #146 ),
 ( #3947, #4216 ),
 ( #2749, #4296 ),
 ( #172, #1697 ) ),
 .UNSPECIFIED., .F., .F., .F.,
 ( 4, 1, 1, 1, 1, 4 ),
 ( 2, 2 ),
 ( 0.000000000000000000, 0.09239413145188504761, 0.2927650588126481379, 0.3981225690435391540, 0.7245391928372308943, 1.000000000000000000 ),
 ( 0.000000000000000000, 1.000000000000000000 ),
 .UNSPECIFIED. ) ;
#4485 = CARTESIAN_POINT ( 'NONE',  ( -0.3480584879825009414, -0.5531022667475551380, 0.06639570755142909508 ) ) ;
#4486 = CARTESIAN_POINT ( 'NONE',  ( 0.3147122630444227909, -0.5711492529229237336, 0.07691254896644969530 ) ) ;
#4487 = CARTESIAN_POINT ( 'NONE',  ( -0.2232227225169083895, -0.8895283427775351193, -0.3622047244094488416 ) ) ;
#4488 = ORIENTED_EDGE ( 'NONE', *, *, #4446, .T. ) ;
#4489 = EDGE_LOOP ( 'NONE', ( #347, #81, #3670, #3215 ) ) ;
#4490 = EDGE_LOOP ( 'NONE', ( #634, #1790, #3494, #1460 ) ) ;
#4491 = CARTESIAN_POINT ( 'NONE',  ( 0.000000000000000000, 0.000000000000000000, 0.000000000000000000 ) ) ;
#4492 = PLANE ( 'NONE',  #461 ) ;
#4493 = EDGE_LOOP ( 'NONE', ( #3690, #191, #4405, #2584, #1631, #3649, #2443, #2524, #2608, #4672, #2228, #3417, #4164, #2138, #2074, #785, #4506, #100, #2372, #2178, #3088, #594, #50, #128, #1866, #895, #2200, #701, #331, #1097, #4229, #645, #1894, #1482, #4804, #4153, #1184, #1650, #877, #3925, #2822 ) ) ;
#4494 = COORDINATED_UNIVERSAL_TIME_OFFSET ( 5, 0, .BEHIND. ) ;
#4495 = ADVANCED_FACE ( 'NONE', ( #499 ), #4572, .T. ) ;
#4496 = ADVANCED_FACE ( 'NONE', ( #3456 ), #1461, .F. ) ;
#4497 = CARTESIAN_POINT ( 'NONE',  ( -0.2466885843300297976, -0.5076457267943549345, 0.1984341663276515400 ) ) ;
#4498 = CARTESIAN_POINT ( 'NONE',  ( -0.2195517950473240831, -0.5202677472389231061, 0.2004036068483771027 ) ) ;
#4499 = CARTESIAN_POINT ( 'NONE',  ( -0.3562405981013015976, -0.5533416366082751781, -0.02129097961732786745 ) ) ;
#4500 = CARTESIAN_POINT ( 'NONE',  ( 0.000000000000000000, 0.000000000000000000, 0.000000000000000000 ) ) ;
#4501 = EDGE_CURVE ( 'NONE', #2649, #3525, #1693, .T. ) ;
#4502 = CARTESIAN_POINT ( 'NONE',  ( 0.2813442498057567853, -0.5291503390633798265, -0.03627545137060284031 ) ) ;
#4503 = MANIFOLD_SOLID_BREP ( 'Boss-Extrude4', #1431 ) ;
#4504 = CARTESIAN_POINT ( 'NONE',  ( 0.000000000000000000, 0.000000000000000000, 0.000000000000000000 ) ) ;
#4505 = CARTESIAN_POINT ( 'NONE',  ( 0.000000000000000000, 0.000000000000000000, 0.000000000000000000 ) ) ;
#4506 = ORIENTED_EDGE ( 'NONE', *, *, #582, .F. ) ;
#4507 = ORIENTED_EDGE ( 'NONE', *, *, #1160, .T. ) ;
#4508 = ADVANCED_FACE ( 'NONE', ( #3565 ), #677, .F. ) ;
#4509 = CARTESIAN_POINT ( 'NONE',  ( 0.2749411522185022383, -0.5291503390633798265, -0.06984166441077603593 ) ) ;
#4510 = CARTESIAN_POINT ( 'NONE',  ( -0.1408186913432159515, 0.000000000000000000, -0.3622047244094488416 ) ) ;
#4511 = CARTESIAN_POINT ( 'NONE',  ( 0.1200422082453103667, -0.5785182336645522394, -0.2862220157411284327 ) ) ;
#4512 = ORIENTED_EDGE ( 'NONE', *, *, #744, .F. ) ;
#4513 = EDGE_LOOP ( 'NONE', ( #4426, #2904, #4657, #2787, #3911, #2631 ) ) ;
#4514 = AXIS2_PLACEMENT_3D ( 'NONE', #2861, #4355, #4762 ) ;
#4515 = CARTESIAN_POINT ( 'NONE',  ( -0.2064514697769017915, -0.5650778416537697302, 0.2637516384746845244 ) ) ;
#4516 = CARTESIAN_POINT ( 'NONE',  ( 0.2482333836000219507, -0.5291503390633799375, 0.1372977878095248960 ) ) ;
#4517 = VERTEX_POINT ( 'NONE', #1377 ) ;
#4518 = DATE_AND_TIME ( #3430, #3192 ) ;
#4519 = CC_DESIGN_PERSON_AND_ORGANIZATION_ASSIGNMENT ( #1182, #4114, ( #1732 ) ) ;
#4520 = LOCAL_TIME ( 23, 27, 9.000000000000000000, #4673 ) ;
#4521 = LINE ( 'NONE', #1579, #1352 ) ;
#4522 = CARTESIAN_POINT ( 'NONE',  ( -0.3464437946699003290, -0.5570898433182758236, -0.02656257714092311387 ) ) ;
#4523 = VERTEX_POINT ( 'NONE', #1327 ) ;
#4524 = CARTESIAN_POINT ( 'NONE',  ( 0.3101413746237342006, -0.5076457267943539353, 0.06359012306487514532 ) ) ;
#4525 = CARTESIAN_POINT ( 'NONE',  ( 0.000000000000000000, 0.000000000000000000, 0.000000000000000000 ) ) ;
#4526 = VECTOR ( 'NONE', #943, 39.37007874015748143 ) ;
#4527 = EDGE_CURVE ( 'NONE', #4752, #622, #2046, .T. ) ;
#4528 = CARTESIAN_POINT ( 'NONE',  ( -0.2014643082264276630, -0.5741050682364793323, 0.2459896141332590380 ) ) ;
#4529 = CARTESIAN_POINT ( 'NONE',  ( 0.1703996184983368467, -0.5711492529229236226, -0.2755418638150649580 ) ) ;
#4530 = CARTESIAN_POINT ( 'NONE',  ( 0.2678910879850464055, -0.5611936780632696964, 0.2099199097628393629 ) ) ;
#4531 = ORIENTED_EDGE ( 'NONE', *, *, #4667, .F. ) ;
#4532 = ORIENTED_EDGE ( 'NONE', *, *, #3827, .F. ) ;
#4533 = DIRECTION ( 'NONE',  ( 0.000000000000000000, -1.899049042908424883E-16, 1.000000000000000000 ) ) ;
#4534 = CARTESIAN_POINT ( 'NONE',  ( 0.000000000000000000, 0.000000000000000000, 0.000000000000000000 ) ) ;
#4535 = CARTESIAN_POINT ( 'NONE',  ( -0.2721952747131161643, -0.5785949642060881359, -0.1487327008823128294 ) ) ;
#4536 = CARTESIAN_POINT ( 'NONE',  ( -0.2378803839815598620, -0.5650778416537697302, -0.2357966477452753951 ) ) ;
#4537 = ORIENTED_EDGE ( 'NONE', *, *, #3589, .T. ) ;
#4538 = EDGE_CURVE ( 'NONE', #3745, #3081, #313, .T. ) ;
#4539 = ORIENTED_EDGE ( 'NONE', *, *, #4667, .T. ) ;
#4540 = B_SPLINE_CURVE_WITH_KNOTS ( 'NONE', 3,
 ( #2746, #4664, #3519, #3135, #4235, #2441, #2486, #901 ),
 .UNSPECIFIED., .F., .F.,
 ( 4, 2, 2, 4 ),
 ( 1.410848981973452922E-14, 0.0003227673804012212732, 0.0006455347607883340404, 0.001291069521562559792 ),
 .UNSPECIFIED. ) ;
#4541 = CARTESIAN_POINT ( 'NONE',  ( -0.2778703957999549834, -0.5741060011268074303, -0.1545502177230083096 ) ) ;
#4542 = CARTESIAN_POINT ( 'NONE',  ( -0.2334627462729393088, -0.5585565789419792981, -0.2566838850120504723 ) ) ;
#4543 = ORIENTED_EDGE ( 'NONE', *, *, #3937, .T. ) ;
#4544 = DATE_TIME_ROLE ( 'classification_date' ) ;
#4545 = CARTESIAN_POINT ( 'NONE',  ( 0.2721952747131182737, -0.5785949642060881359, -0.1487327008823089713 ) ) ;
#4546 = CARTESIAN_POINT ( 'NONE',  ( 0.000000000000000000, 0.000000000000000000, 0.000000000000000000 ) ) ;
#4547 = CARTESIAN_POINT ( 'NONE',  ( 0.2011111491629803683, -0.5751480959758971112, 0.2448393141420992514 ) ) ;
#4548 = CARTESIAN_POINT ( 'NONE',  ( -0.1084254487514462184, -0.5785182336645522394, -0.2908214161962160427 ) ) ;
#4549 = FACE_OUTER_BOUND ( 'NONE', #3592, .T. ) ;
#4550 = CARTESIAN_POINT ( 'NONE',  ( 0.2263267013644177372, -0.5611936780632695854, -0.2541814859232515156 ) ) ;
#4551 = CARTESIAN_POINT ( 'NONE',  ( 0.3255371446600939800, -0.5697115686609646179, -0.004624565898909050246 ) ) ;
#4552 = VERTEX_POINT ( 'NONE', #617 ) ;
#4553 = ORIENTED_EDGE ( 'NONE', *, *, #2418, .T. ) ;
#4554 = B_SPLINE_SURFACE_WITH_KNOTS ( 'NONE', 3, 1, ( 
 ( #2666, #1557 ),
 ( #4500, #2237 ),
 ( #4525, #3775 ),
 ( #2284, #2259 ),
 ( #1514, #770 ),
 ( #3684, #1190 ),
 ( #1856, #1490 ),
 ( #3703, #453 ) ),
 .UNSPECIFIED., .F., .F., .F.,
 ( 4, 1, 1, 1, 1, 4 ),
 ( 2, 2 ),
 ( 0.000000000000000000, 0.2754608071627706600, 0.6018774309564619562, 0.7072349411873528613, 0.9076058685481156463, 1.000000000000000000 ),
 ( 0.000000000000000000, 1.000000000000000000 ),
 .UNSPECIFIED. ) ;
#4555 = EDGE_CURVE ( 'NONE', #456, #2215, #3917, .T. ) ;
#4556 = CARTESIAN_POINT ( 'NONE',  ( 0.000000000000000000, 0.000000000000000000, 0.000000000000000000 ) ) ;
#4557 = EDGE_CURVE ( 'NONE', #873, #1452, #539, .T. ) ;
#4558 = CARTESIAN_POINT ( 'NONE',  ( 0.2920151436976786696, -0.5763141770085490334, 0.1157845651011040061 ) ) ;
#4559 = LINE ( 'NONE', #1222, #3732 ) ;
#4560 = CARTESIAN_POINT ( 'NONE',  ( -0.1304393140617615965, -0.5531022667475552490, 0.3294521002892782935 ) ) ;
#4561 = ORIENTED_EDGE ( 'NONE', *, *, #1915, .F. ) ;
#4562 = VERTEX_POINT ( 'NONE', #3863 ) ;
#4563 = CARTESIAN_POINT ( 'NONE',  ( -0.3163876306602280697, -0.5570898433182758236, 0.1436236071641937007 ) ) ;
#4564 = DIRECTION ( 'NONE',  ( 0.6699060598508215225, 0.7424458707374883559, 0.000000000000000000 ) ) ;
#4565 = CARTESIAN_POINT ( 'NONE',  ( 0.000000000000000000, 0.000000000000000000, 0.000000000000000000 ) ) ;
#4566 = ORIENTED_EDGE ( 'NONE', *, *, #4692, .T. ) ;
#4567 = SECURITY_CLASSIFICATION_LEVEL ( 'unclassified' ) ;
#4568 = DIRECTION ( 'NONE',  ( -1.000000000000000000, -2.138387505857551836E-15, -0.000000000000000000 ) ) ;
#4569 = EDGE_LOOP ( 'NONE', ( #559, #1838, #3402, #1357 ) ) ;
#4570 = CARTESIAN_POINT ( 'NONE',  ( 0.2663242522888650821, -0.5117481726913170048, -0.1592562876709801845 ) ) ;
#4571 = CARTESIAN_POINT ( 'NONE',  ( 0.000000000000000000, 0.000000000000000000, 0.000000000000000000 ) ) ;
#4572 = PLANE ( 'NONE',  #2720 ) ;
#4573 = CARTESIAN_POINT ( 'NONE',  ( 0.000000000000000000, 0.000000000000000000, 0.000000000000000000 ) ) ;
#4574 = CARTESIAN_POINT ( 'NONE',  ( 0.2270601542707575971, -0.5779555199654424769, 0.2138010547638152237 ) ) ;
#4575 = CARTESIAN_POINT ( 'NONE',  ( -0.1896548924616530130, -0.5036595598781937744, 0.2610375651131228714 ) ) ;
#4576 = CARTESIAN_POINT ( 'NONE',  ( 0.1889958405069201430, -0.5117476724477671990, 0.2461142288462248306 ) ) ;
#4577 = ORIENTED_EDGE ( 'NONE', *, *, #4810, .F. ) ;
#4578 = EDGE_LOOP ( 'NONE', ( #4245, #4634 ) ) ;
#4579 = EDGE_CURVE ( 'NONE', #3380, #1564, #4135, .T. ) ;
#4580 = CARTESIAN_POINT ( 'NONE',  ( -0.04705238881500023451, -0.5117481726913152285, 0.3067201415407349030 ) ) ;
#4581 = CARTESIAN_POINT ( 'NONE',  ( 0.3480584879824998312, -0.5531022667475552490, 0.06639570755143421599 ) ) ;
#4582 = FACE_OUTER_BOUND ( 'NONE', #2978, .T. ) ;
#4583 = EDGE_LOOP ( 'NONE', ( #600, #389, #4800, #1063 ) ) ;
#4584 = CARTESIAN_POINT ( 'NONE',  ( 0.000000000000000000, 0.000000000000000000, 0.000000000000000000 ) ) ;
#4585 = VECTOR ( 'NONE', #3288, 39.37007874015748143 ) ;
#4586 = DIRECTION ( 'NONE',  ( 0.1448512686056097343, -0.8813413940020675685, 0.4497282036984533438 ) ) ;
#4588 = B_SPLINE_CURVE_WITH_KNOTS ( 'NONE', 3,
 ( #491, #3448, #4184, #101, #1572, #1253, #808, #79 ),
 .UNSPECIFIED., .F., .F.,
 ( 4, 2, 2, 4 ),
 ( 0.0001822175744223655022, 0.0008899156074968196878, 0.001243764624034048244, 0.001597613640571276909 ),
 .UNSPECIFIED. ) ;
#4587 = CARTESIAN_POINT ( 'NONE',  ( 0.000000000000000000, 0.000000000000000000, 0.000000000000000000 ) ) ;
#4589 = CARTESIAN_POINT ( 'NONE',  ( 0.000000000000000000, 0.000000000000000000, 0.000000000000000000 ) ) ;
#4590 = EDGE_CURVE ( 'NONE', #414, #413, #2682, .T. ) ;
#4591 = ORIENTED_EDGE ( 'NONE', *, *, #3618, .T. ) ;
#4592 = CALENDAR_DATE ( 2026, 5, 4 ) ;
#4593 = B_SPLINE_CURVE_WITH_KNOTS ( 'NONE', 3,
 ( #3837, #3062, #509, #4177, #3807, #2694, #1974, #2002 ),
 .UNSPECIFIED., .F., .F.,
 ( 4, 2, 2, 4 ),
 ( 1.410849235927384820E-14, 0.0003227673804012227911, 0.0006455347607883370762, 0.001291069521562565863 ),
 .UNSPECIFIED. ) ;
#4594 = EDGE_CURVE ( 'NONE', #2606, #4752, #2923, .T. ) ;
#4595 = VECTOR ( 'NONE', #1786, 39.37007874015748143 ) ;
#4596 = CARTESIAN_POINT ( 'NONE',  ( -0.1440200701845535114, -0.5785182336645523504, 0.2749388903726814881 ) ) ;
#4597 = ORIENTED_EDGE ( 'NONE', *, *, #582, .T. ) ;
#4598 = CARTESIAN_POINT ( 'NONE',  ( 0.2724309963356771336, -0.5036595598781936634, -0.1728899675237963451 ) ) ;
#4599 = CIRCLE ( 'NONE', #2497, 0.08202099737532810020 ) ;
#4600 = CARTESIAN_POINT ( 'NONE',  ( 0.3608873743021310809, -0.5510269468160307049, -0.01832745736664734976 ) ) ;
#4601 = CARTESIAN_POINT ( 'NONE',  ( 0.08322250882829113072, -0.5785182336645523504, 0.2990103477802232845 ) ) ;
#4602 = CARTESIAN_POINT ( 'NONE',  ( -0.3103122193655274419, -0.5788433491993477675, 0.0007959558912605355259 ) ) ;
#4603 = CARTESIAN_POINT ( 'NONE',  ( -0.08024232255334139141, -0.5036595598781937744, -0.3125232124276124956 ) ) ;
#4604 = EDGE_CURVE ( 'NONE', #2210, #488, #4599, .T. ) ;
#4605 = B_SPLINE_CURVE_WITH_KNOTS ( 'NONE', 3,
 ( #3174, #4735, #4007, #1756 ),
 .UNSPECIFIED., .F., .F.,
 ( 4, 4 ),
 ( 0.000000000000000000, 0.0009496860142668337411 ),
 .UNSPECIFIED. ) ;
#4606 = VECTOR ( 'NONE', #1681, 39.37007874015748143 ) ;
#4607 = B_SPLINE_CURVE_WITH_KNOTS ( 'NONE', 3,
 ( #143, #536, #2792, #3467 ),
 .UNSPECIFIED., .F., .F.,
 ( 4, 4 ),
 ( 0.000000000000000000, 0.0009496860142668339579 ),
 .UNSPECIFIED. ) ;
#4608 = CARTESIAN_POINT ( 'NONE',  ( 0.000000000000000000, 0.000000000000000000, 0.000000000000000000 ) ) ;
#4609 = CARTESIAN_POINT ( 'NONE',  ( -0.1507468570799535001, -0.5650778416537696192, -0.2991028606543907897 ) ) ;
#4610 = B_SPLINE_CURVE_WITH_KNOTS ( 'NONE', 3,
 ( #160, #2356, #3832, #503 ),
 .UNSPECIFIED., .F., .F.,
 ( 4, 4 ),
 ( 0.000000000000000000, 0.0009496860142668339579 ),
 .UNSPECIFIED. ) ;
#4611 = ORIENTED_EDGE ( 'NONE', *, *, #1798, .T. ) ;
#4612 = CARTESIAN_POINT ( 'NONE',  ( -0.1813801642615815723, -0.5291503390633799375, 0.2181094479460865265 ) ) ;
#4613 = VECTOR ( 'NONE', #2098, 39.37007874015748143 ) ;
#4614 = CARTESIAN_POINT ( 'NONE',  ( 0.000000000000000000, 0.000000000000000000, 0.000000000000000000 ) ) ;
#4615 = CARTESIAN_POINT ( 'NONE',  ( 0.000000000000000000, 0.2716535433070866312, -0.08202099737532810020 ) ) ;
#4616 = CARTESIAN_POINT ( 'NONE',  ( 0.1707092623104367879, -0.5751480959758971112, 0.2669275778720785475 ) ) ;
#4617 = VERTEX_POINT ( 'NONE', #1114 ) ;
#4618 = CIRCLE ( 'NONE', #1267, 0.6850393700787401619 ) ;
#4619 = CARTESIAN_POINT ( 'NONE',  ( 0.2950027880097152444, -0.5751480959758970002, -0.1156085599500451255 ) ) ;
#4620 = CARTESIAN_POINT ( 'NONE',  ( 0.2230591536449009760, -0.5181076722195300244, 0.2014581392889578104 ) ) ;
#4621 = CARTESIAN_POINT ( 'NONE',  ( 0.000000000000000000, 0.000000000000000000, 0.000000000000000000 ) ) ;
#4622 = ORIENTED_EDGE ( 'NONE', *, *, #175, .F. ) ;
#4623 = COORDINATED_UNIVERSAL_TIME_OFFSET ( 5, 0, .BEHIND. ) ;
#4624 = CARTESIAN_POINT ( 'NONE',  ( 0.08293858052294997285, -0.5076457267943588203, -0.3055365246017879843 ) ) ;
#4625 = CARTESIAN_POINT ( 'NONE',  ( 0.2515751902267907014, -0.5268700205389786895, -0.1384631704867050617 ) ) ;
#4626 = CARTESIAN_POINT ( 'NONE',  ( 0.02153031820121454817, -0.5741050682364797764, 0.3172305205189699939 ) ) ;
#4627 = CARTESIAN_POINT ( 'NONE',  ( 0.3562405981013019307, -0.5533416366082752891, -0.02129097961732282981 ) ) ;
#4628 = CARTESIAN_POINT ( 'NONE',  ( 0.2088475091788033200, -0.5510269468160308159, 0.2948869453435032928 ) ) ;
#4629 = CARTESIAN_POINT ( 'NONE',  ( -0.05394529141507981018, -0.5268700205389790225, -0.2820496967788097553 ) ) ;
#4630 = CARTESIAN_POINT ( 'NONE',  ( 0.000000000000000000, 0.000000000000000000, 0.000000000000000000 ) ) ;
#4631 = CARTESIAN_POINT ( 'NONE',  ( 0.2669452942424845321, -0.5268701665594058836, 0.1058404810952299491 ) ) ;
#4632 = CARTESIAN_POINT ( 'NONE',  ( 0.01708574198396278082, -0.5291503390633799375, 0.2831582114150363316 ) ) ;
#4633 = CARTESIAN_POINT ( 'NONE',  ( 0.1896548924616490439, -0.5036595598781938854, 0.2610375651131256469 ) ) ;
#4634 = ORIENTED_EDGE ( 'NONE', *, *, #859, .F. ) ;
#4635 = DIRECTION ( 'NONE',  ( -0.4689047019168332553, 0.8813413940020674575, -0.05801489238788586772 ) ) ;
#4636 = FACE_OUTER_BOUND ( 'NONE', #3669, .T. ) ;
#4637 = CARTESIAN_POINT ( 'NONE',  ( -0.2824304135931500759, -0.5611928409090070069, -0.1899106133128415086 ) ) ;
#4638 = CARTESIAN_POINT ( 'NONE',  ( 0.000000000000000000, 0.000000000000000000, 0.000000000000000000 ) ) ;
#4639 = CARTESIAN_POINT ( 'NONE',  ( 0.000000000000000000, 0.000000000000000000, 0.000000000000000000 ) ) ;
#4640 = VERTEX_POINT ( 'NONE', #1513 ) ;
#4641 = ADVANCED_FACE ( 'NONE', ( #595 ), #2231, .F. ) ;
#4642 = CARTESIAN_POINT ( 'NONE',  ( -0.3206116495285465939, -0.5531022667475552490, 0.1508683904086736971 ) ) ;
#4643 = CARTESIAN_POINT ( 'NONE',  ( 0.3076334911437197395, -0.5785949642060881359, -0.03966508558698981363 ) ) ;
#4644 = CARTESIAN_POINT ( 'NONE',  ( 1.004467518985690132E-17, -0.5662497646253558115, -0.08202099737532810020 ) ) ;
#4645 = ORIENTED_EDGE ( 'NONE', *, *, #4604, .T. ) ;
#4646 = DATE_AND_TIME ( #205, #3573 ) ;
#4647 = CARTESIAN_POINT ( 'NONE',  ( 0.000000000000000000, 0.000000000000000000, 0.000000000000000000 ) ) ;
#4648 = CARTESIAN_POINT ( 'NONE',  ( -0.1422193936014270466, -0.5117481726913170048, -0.2757985072541318528 ) ) ;
#4649 = CARTESIAN_POINT ( 'NONE',  ( 0.000000000000000000, 0.000000000000000000, 0.000000000000000000 ) ) ;
#4650 = ADVANCED_FACE ( 'NONE', ( #381 ), #716, .F. ) ;
#4651 = CARTESIAN_POINT ( 'NONE',  ( -0.07451371115356615615, -0.5076457267943570439, -0.3076996633976473161 ) ) ;
#4652 = CARTESIAN_POINT ( 'NONE',  ( 0.2836722859818665010, -0.5291503390633798265, 0.0007276240287203567794 ) ) ;
#4653 = CARTESIAN_POINT ( 'NONE',  ( 8.389312718568481620E-17, 0.000000000000000000, 0.6850393700787401619 ) ) ;
#4654 = CARTESIAN_POINT ( 'NONE',  ( -0.2082727287965566165, -0.5531022667475554710, 0.2866628184427753578 ) ) ;
#4655 = CARTESIAN_POINT ( 'NONE',  ( 0.01956908063580711440, -0.5763144579382279975, -0.3135213785659612395 ) ) ;
#4656 = ADVANCED_FACE ( 'NONE', ( #1090 ), #2576, .T. ) ;
#4657 = ORIENTED_EDGE ( 'NONE', *, *, #118, .F. ) ;
#4658 = ORIENTED_EDGE ( 'NONE', *, *, #211, .F. ) ;
#4659 = B_SPLINE_CURVE_WITH_KNOTS ( 'NONE', 3,
 ( #3475, #2753, #1312, #4220, #3550, #1701, #2776, #1363 ),
 .UNSPECIFIED., .F., .F.,
 ( 4, 2, 2, 4 ),
 ( 0.0001657239593222640682, 0.0008120922820787631691, 0.001135276443457011513, 0.001458460604835259749 ),
 .UNSPECIFIED. ) ;
#4660 = ADVANCED_FACE ( 'NONE', ( #2642 ), #1239, .F. ) ;
#4661 = CARTESIAN_POINT ( 'NONE',  ( -0.05156557198552102345, -0.5202702371058168795, 0.2927512976923366539 ) ) ;
#4662 = CARTESIAN_POINT ( 'NONE',  ( -0.2991747076973936270, -0.5531022667475551380, -0.1898620428418979489 ) ) ;
#4663 = CARTESIAN_POINT ( 'NONE',  ( -0.3224330234748641888, -0.5533416366082751781, 0.1529627893361528157 ) ) ;
#4664 = CARTESIAN_POINT ( 'NONE',  ( 0.05367236761140417589, -0.5268701665594063277, 0.2821015322745739629 ) ) ;
#4665 = CARTESIAN_POINT ( 'NONE',  ( 0.000000000000000000, 0.000000000000000000, 0.000000000000000000 ) ) ;
#4666 = EDGE_LOOP ( 'NONE', ( #1905, #853, #3038, #644, #2369, #1208, #669, #3886, #3060, #3969, #4088, #1718, #4807, #1126, #3514, #2073, #4192, #1104, #1474, #3086, #4421, #4418, #1826, #2971, #2027, #949, #2950, #1196, #1156, #2610, #2660, #3029, #4409, #271, #3785, #2935, #1172, #2692, #4531, #4622, #1329 ) ) ;
#4667 = EDGE_CURVE ( 'NONE', #4774, #2931, #197, .T. ) ;
#4668 = CARTESIAN_POINT ( 'NONE',  ( 0.2655577824279757304, -0.5650778416537697302, 0.2041230030228333714 ) ) ;
#4669 = DIRECTION ( 'NONE',  ( 0.03087669031559490268, -0.8813413940020674575, -0.4714700173008325446 ) ) ;
#4670 = CARTESIAN_POINT ( 'NONE',  ( 0.000000000000000000, 0.000000000000000000, 0.000000000000000000 ) ) ;
#4671 =( REPRESENTATION_RELATIONSHIP ('NONE','NONE', #3314, #3489 ) REPRESENTATION_RELATIONSHIP_WITH_TRANSFORMATION ( #3977 )SHAPE_REPRESENTATION_RELATIONSHIP( ) );
#4672 = ORIENTED_EDGE ( 'NONE', *, *, #421, .F. ) ;
#4673 = COORDINATED_UNIVERSAL_TIME_OFFSET ( 5, 0, .BEHIND. ) ;
#4674 = CARTESIAN_POINT ( 'NONE',  ( 0.08835156877551363086, -0.5291503390633798265, -0.2695635278850066485 ) ) ;
#4675 = CARTESIAN_POINT ( 'NONE',  ( 0.3068680621356610350, -0.5036595598781937744, -0.09970747753269637581 ) ) ;
#4676 = PRODUCT_RELATED_PRODUCT_CATEGORY ( 'detail', '', ( #4814 ) ) ;
#4677 = CARTESIAN_POINT ( 'NONE',  ( -0.1767651036196006553, -0.5711492529229238446, 0.2715022041188803192 ) ) ;
#4678 = VECTOR ( 'NONE', #905, 39.37007874015748854 ) ;
#4679 = CARTESIAN_POINT ( 'NONE',  ( 0.08811946407624551836, -0.5531022667475551380, -0.3432026530911947981 ) ) ;
#4680 = CARTESIAN_POINT ( 'NONE',  ( -0.05386962166555283454, -0.5291503390633799375, 0.2785113267580246466 ) ) ;
#4681 = CARTESIAN_POINT ( 'NONE',  ( 0.2919516552389579411, -0.5036595598781938854, 0.1373820207962513917 ) ) ;
#4682 = CARTESIAN_POINT ( 'NONE',  ( 0.2815266407504324331, -0.5291503390633798265, 0.03483167837876827849 ) ) ;
#4683 = CARTESIAN_POINT ( 'NONE',  ( 0.01582520606480627284, -0.5697115686609646179, -0.3251851503623847117 ) ) ;
#4684 = ORIENTED_EDGE ( 'NONE', *, *, #3558, .F. ) ;
#4685 = ORIENTED_EDGE ( 'NONE', *, *, #2238, .F. ) ;
#4686 = EDGE_CURVE ( 'NONE', #2337, #3572, #950, .T. ) ;
#4687 = CARTESIAN_POINT ( 'NONE',  ( 0.3005107112823401927, -0.5181076722195303574, -0.005837834798177097412 ) ) ;
#4688 = CARTESIAN_POINT ( 'NONE',  ( 0.000000000000000000, 0.000000000000000000, 0.000000000000000000 ) ) ;
#4689 = FACE_OUTER_BOUND ( 'NONE', #2898, .T. ) ;
#4690 = FACE_OUTER_BOUND ( 'NONE', #4826, .T. ) ;
#4691 = CARTESIAN_POINT ( 'NONE',  ( 0.006232891539365027420, -0.5785995125482512602, 0.3101722050370749328 ) ) ;
#4692 = EDGE_CURVE ( 'NONE', #986, #2585, #3774, .T. ) ;
#4693 = EDGE_LOOP ( 'NONE', ( #1507, #4463, #1937, #221 ) ) ;
#4694 = CARTESIAN_POINT ( 'NONE',  ( -0.1684518836349881143, -0.5763141770085492555, 0.2651468886565560568 ) ) ;
#4695 = CARTESIAN_POINT ( 'NONE',  ( 0.000000000000000000, 0.000000000000000000, 0.000000000000000000 ) ) ;
#4696 = CARTESIAN_POINT ( 'NONE',  ( -0.09896392770038854592, -0.5751480959758971112, 0.3009952243497234226 ) ) ;
#4697 = ADVANCED_FACE ( 'NONE', ( #866 ), #4014, .F. ) ;
#4698 = CIRCLE ( 'NONE', #2973, 0.08202099737532810020 ) ;
#4699 = ORIENTED_EDGE ( 'NONE', *, *, #2191, .T. ) ;
#4700 = COORDINATED_UNIVERSAL_TIME_OFFSET ( 5, 0, .BEHIND. ) ;
#4701 = CARTESIAN_POINT ( 'NONE',  ( 0.000000000000000000, 0.000000000000000000, 0.000000000000000000 ) ) ;
#4702 = FACE_OUTER_BOUND ( 'NONE', #400, .T. ) ;
#4703 = CARTESIAN_POINT ( 'NONE',  ( 0.000000000000000000, 0.000000000000000000, 0.000000000000000000 ) ) ;
#4704 = CARTESIAN_POINT ( 'NONE',  ( 0.000000000000000000, 0.000000000000000000, 0.000000000000000000 ) ) ;
#4705 = CARTESIAN_POINT ( 'NONE',  ( -0.3209254596834947848, -0.5711492529229237336, 0.04434183155887948258 ) ) ;
#4706 = CARTESIAN_POINT ( 'NONE',  ( -0.2299233868658142610, -0.5291503390633798265, 0.1661497259794854353 ) ) ;
#4707 = CARTESIAN_POINT ( 'NONE',  ( -0.08179450806927546225, -0.5570898433182756015, -0.3376959162017696969 ) ) ;
#4708 = CARTESIAN_POINT ( 'NONE',  ( -0.04044004309528206192, -0.5036595598775461813, 0.3201159033053699865 ) ) ;
#4709 = ORIENTED_EDGE ( 'NONE', *, *, #4138, .T. ) ;
#4710 = CARTESIAN_POINT ( 'NONE',  ( -0.2836341878584675014, -0.5291561317290429667, 0.01212657033101020507 ) ) ;
#4711 = CARTESIAN_POINT ( 'NONE',  ( 0.1120706443918237649, -0.5650778416537697302, 0.3156379363079239719 ) ) ;
#4712 = CARTESIAN_POINT ( 'NONE',  ( -0.2634839649340122159, -0.5291503390633798265, -0.1051032610985846300 ) ) ;
#4713 = DIRECTION ( 'NONE',  ( 0.000000000000000000, 0.000000000000000000, 1.000000000000000000 ) ) ;
#4714 = CARTESIAN_POINT ( 'NONE',  ( 0.000000000000000000, 0.000000000000000000, 0.000000000000000000 ) ) ;
#4715 = CARTESIAN_POINT ( 'NONE',  ( 0.000000000000000000, 0.000000000000000000, 0.000000000000000000 ) ) ;
#4716 = B_SPLINE_CURVE_WITH_KNOTS ( 'NONE', 3,
 ( #3647, #1746, #3998, #2160 ),
 .UNSPECIFIED., .F., .F.,
 ( 4, 4 ),
 ( 0.000000000000000000, 0.0008684883343403529800 ),
 .UNSPECIFIED. ) ;
#4717 = CARTESIAN_POINT ( 'NONE',  ( 0.000000000000000000, 0.000000000000000000, 0.000000000000000000 ) ) ;
#4718 = ORIENTED_EDGE ( 'NONE', *, *, #1855, .T. ) ;
#4719 = VERTEX_POINT ( 'NONE', #66 ) ;
#4720 = EDGE_CURVE ( 'NONE', #2606, #1664, #3031, .T. ) ;
#4721 = EDGE_CURVE ( 'NONE', #1695, #4340, #1311, .T. ) ;
#4722 = CARTESIAN_POINT ( 'NONE',  ( -0.1049898183529611034, -0.5697155349887014220, 0.3081695644772253218 ) ) ;
#4723 = CARTESIAN_POINT ( 'NONE',  ( 0.000000000000000000, 0.2244094488188976555, -8.537024980200822558E-18 ) ) ;
#4724 = CARTESIAN_POINT ( 'NONE',  ( 0.3093534955446437529, -0.5786007325225112075, 0.02571504207925406557 ) ) ;
#4725 = VERTEX_POINT ( 'NONE', #3411 ) ;
#4726 = EDGE_LOOP ( 'NONE', ( #697, #3396, #3290, #2557 ) ) ;
#4727 = ITEM_DEFINED_TRANSFORMATION ( 'NONE', 'NONE', #3889,  #2118 ) ;
#4728 = ADVANCED_FACE ( 'NONE', ( #88 ), #3272, .F. ) ;
#4729 = B_SPLINE_CURVE_WITH_KNOTS ( 'NONE', 1,
 ( #4575, #4654 ),
 .UNSPECIFIED., .F., .F.,
 ( 2, 2 ),
 ( 2.325202133282878043E-05, 0.001514701155316578634 ),
 .UNSPECIFIED. ) ;
#4730 = CARTESIAN_POINT ( 'NONE',  ( 0.005698696733517631674, -0.5291549067212667490, 0.2836662331447218355 ) ) ;
#4731 = CARTESIAN_POINT ( 'NONE',  ( 0.2661519420842677897, -0.5181076722195298023, 0.1396564056365521278 ) ) ;
#4732 = B_SPLINE_SURFACE_WITH_KNOTS ( 'NONE', 3, 1, ( 
 ( #1742, #297 ),
 ( #323, #3214 ),
 ( #4717, #1789 ),
 ( #4396, #3639 ),
 ( #2538, #1540 ),
 ( #3012, #369 ),
 ( #1903, #1861 ),
 ( #4505, #2222 ) ),
 .UNSPECIFIED., .F., .F., .F.,
 ( 4, 1, 1, 1, 1, 4 ),
 ( 2, 2 ),
 ( 0.000000000000000000, 0.2754608071627706600, 0.6018774309564619562, 0.7072349411873528613, 0.9076058685481156463, 1.000000000000000000 ),
 ( 0.000000000000000000, 1.000000000000000000 ),
 .UNSPECIFIED. ) ;
#4733 = CARTESIAN_POINT ( 'NONE',  ( 0.2569840532229413221, -0.5751480959758970002, -0.1853407145133973422 ) ) ;
#4734 = DIRECTION ( 'NONE',  ( 0.000000000000000000, 0.000000000000000000, 1.000000000000000000 ) ) ;
#4735 = CARTESIAN_POINT ( 'NONE',  ( 0.1874718201662089467, -0.5786007325225112075, -0.2474169865599296636 ) ) ;
#4736 = FACE_OUTER_BOUND ( 'NONE', #1743, .T. ) ;
#4737 = CARTESIAN_POINT ( 'NONE',  ( -0.2552880569363808472, -0.5246608535493826331, 0.1387197063610122461 ) ) ;
#4738 = CARTESIAN_POINT ( 'NONE',  ( -0.2735023327389623504, -0.5779555199654424769, -0.1498788799728841270 ) ) ;
#4739 = CARTESIAN_POINT ( 'NONE',  ( -0.1538827775522182417, -0.2894216745996738838, -0.01984105670445866082 ) ) ;
#4740 = CARTESIAN_POINT ( 'NONE',  ( 0.3116744607379706711, -0.5763141770085489224, -0.03921658052562644603 ) ) ;
#4741 = CARTESIAN_POINT ( 'NONE',  ( 0.2429377956306900677, -0.5202677472389238833, -0.1713062281425914712 ) ) ;
#4742 = CARTESIAN_POINT ( 'NONE',  ( -0.2714286944482310893, -0.5785949642060881359, 0.1501271052076375290 ) ) ;
#4743 = CARTESIAN_POINT ( 'NONE',  ( 0.09619828646707008490, -0.5697115686609647289, -0.3110332921794703998 ) ) ;
#4744 = CARTESIAN_POINT ( 'NONE',  ( -0.05538941957171122921, -0.5675494520111779018, 0.3246253699258000447 ) ) ;
#4745 = ORIENTED_EDGE ( 'NONE', *, *, #2519, .F. ) ;
#4746 = EDGE_CURVE ( 'NONE', #3601, #3823, #4391, .T. ) ;
#4747 = VERTEX_POINT ( 'NONE', #1656 ) ;
#4748 = FACE_BOUND ( 'NONE', #1480, .T. ) ;
#4749 = CARTESIAN_POINT ( 'NONE',  ( -0.3116349330509978754, -0.5763144579382279975, 0.03952558964938449743 ) ) ;
#4750 = CARTESIAN_POINT ( 'NONE',  ( -0.2708366251280527326, -0.5585565789419794092, 0.2168847463779529361 ) ) ;
#4751 = CARTESIAN_POINT ( 'NONE',  ( 0.000000000000000000, 0.000000000000000000, 0.000000000000000000 ) ) ;
#4752 = VERTEX_POINT ( 'NONE', #2736 ) ;
#4753 = DATE_TIME_ROLE ( 'classification_date' ) ;
#4754 = EDGE_CURVE ( 'NONE', #2981, #4640, #4262, .T. ) ;
#4755 = PLANE ( 'NONE',  #3404 ) ;
#4756 = ORIENTED_EDGE ( 'NONE', *, *, #4350, .T. ) ;
#4757 = ADVANCED_FACE ( 'NONE', ( #1342 ), #1810, .F. ) ;
#4758 = CARTESIAN_POINT ( 'NONE',  ( -0.2813442498057562302, -0.5291503390633798265, -0.03627545137060676772 ) ) ;
#4759 = DIRECTION ( 'NONE',  ( 1.000000000000000000, 0.000000000000000000, 0.000000000000000000 ) ) ;
#4760 = CARTESIAN_POINT ( 'NONE',  ( -0.07611473050038317090, -0.5291561317290428557, 0.2734994589226444339 ) ) ;
#4761 = CARTESIAN_POINT ( 'NONE',  ( 0.000000000000000000, -0.6153076169366386017, 0.08202099737532810020 ) ) ;
#4762 = DIRECTION ( 'NONE',  ( -1.000000000000000000, 0.000000000000000000, -0.000000000000000000 ) ) ;
#4763 = EDGE_CURVE ( 'NONE', #3525, #2086, #3148, .T. ) ;
#4764 = CARTESIAN_POINT ( 'NONE',  ( -0.09509392744337202830, -0.5785949642060882470, 0.2952436770725003767 ) ) ;
#4765 = ORIENTED_EDGE ( 'NONE', *, *, #3988, .T. ) ;
#4766 = CARTESIAN_POINT ( 'NONE',  ( -0.2520660946677613090, -0.5779555199654423658, -0.1836569862393572505 ) ) ;
#4767 = CARTESIAN_POINT ( 'NONE',  ( 0.000000000000000000, 0.000000000000000000, 0.000000000000000000 ) ) ;
#4768 = VECTOR ( 'NONE', #1560, 39.37007874015748143 ) ;
#4769 = CARTESIAN_POINT ( 'NONE',  ( 0.3220234790098744915, -0.5036595598781937744, -0.02026000002976562422 ) ) ;
#4770 = CARTESIAN_POINT ( 'NONE',  ( -0.8798653543246250930, -0.5104155425419641956, -0.3622047244094488416 ) ) ;
#4771 = CARTESIAN_POINT ( 'NONE',  ( 0.09685705454352648569, -0.5751480959758970002, -0.3016797889358525664 ) ) ;
#4772 = LINE ( 'NONE', #689, #1661 ) ;
#4773 = EDGE_LOOP ( 'NONE', ( #2527, #1913, #1831, #2924, #4314, #1521 ) ) ;
#4774 = VERTEX_POINT ( 'NONE', #184 ) ;
#4775 = LOCAL_TIME ( 23, 27, 9.000000000000000000, #1310 ) ;
#4776 = B_SPLINE_SURFACE_WITH_KNOTS ( 'NONE', 3, 1, ( 
 ( #3094, #4191 ),
 ( #131, #2348 ),
 ( #385, #2707 ),
 ( #1469, #2988 ) ),
 .UNSPECIFIED., .F., .F., .F.,
 ( 4, 4 ),
 ( 2, 2 ),
 ( 0.000000000000000000, 1.000000000000000000 ),
 ( 0.000000000000000000, 1.000000000000000000 ),
 .UNSPECIFIED. ) ;
#4777 = CARTESIAN_POINT ( 'NONE',  ( -0.1539825372778447499, -0.2894216745996738838, 0.01905137716313869828 ) ) ;
#4778 = CARTESIAN_POINT ( 'NONE',  ( -0.3152526386856607243, -0.5741050682364792213, 0.04140690223031765621 ) ) ;
#4779 = CARTESIAN_POINT ( 'NONE',  ( 0.000000000000000000, 0.000000000000000000, 0.000000000000000000 ) ) ;
#4780 = ORIENTED_EDGE ( 'NONE', *, *, #1677, .T. ) ;
#4781 = SECURITY_CLASSIFICATION ( '', '', #1481 ) ;
#4782 = APPROVAL_ROLE ( '' ) ;
#4783 = CARTESIAN_POINT ( 'NONE',  ( -0.3043016736757906404, -0.5763141770085492555, 0.07797051405845963068 ) ) ;
#4784 = EDGE_LOOP ( 'NONE', ( #3813, #283 ) ) ;
#4785 = CARTESIAN_POINT ( 'NONE',  ( 0.000000000000000000, 0.000000000000000000, 0.000000000000000000 ) ) ;
#4786 = VECTOR ( 'NONE', #1795, 39.37007874015748854 ) ;
#4787 = EDGE_CURVE ( 'NONE', #3350, #456, #1651, .T. ) ;
#4788 = CARTESIAN_POINT ( 'NONE',  ( 0.1537518786193000364, -0.5268700205389788005, -0.2425334734421464855 ) ) ;
#4789 = CARTESIAN_POINT ( 'NONE',  ( -0.2624925220529540915, -0.5202677472389238833, 0.1395072478856199671 ) ) ;
#4790 = CARTESIAN_POINT ( 'NONE',  ( -0.05386962166555283454, -0.5291503390633799375, 0.2785113267580246466 ) ) ;
#4791 = CARTESIAN_POINT ( 'NONE',  ( 0.000000000000000000, 0.000000000000000000, 0.000000000000000000 ) ) ;
#4792 = CARTESIAN_POINT ( 'NONE',  ( 0.000000000000000000, 0.000000000000000000, 0.000000000000000000 ) ) ;
#4793 = B_SPLINE_CURVE_WITH_KNOTS ( 'NONE', 3,
 ( #995, #4631, #186, #3909, #972, #3175, #4353, #4681 ),
 .UNSPECIFIED., .F., .F.,
 ( 4, 2, 2, 4 ),
 ( 1.410763901500611288E-14, 0.0003227673804012488120, 0.0006455347607883899852, 0.001291069521562675584 ),
 .UNSPECIFIED. ) ;
#4794 = DIMENSIONAL_EXPONENTS ( 1.000000000000000000, 0.000000000000000000, 0.000000000000000000, 0.000000000000000000, 0.000000000000000000, 0.000000000000000000, 0.000000000000000000 ) ;
#4795 = CARTESIAN_POINT ( 'NONE',  ( -0.1656015541589901108, -0.5788433491993477675, 0.2624317669289811805 ) ) ;
#4796 = CARTESIAN_POINT ( 'NONE',  ( -0.05890328233474450420, -0.5785949642060882470, 0.3045358553899516485 ) ) ;
#4797 = CARTESIAN_POINT ( 'NONE',  ( -0.3002363557441587449, -0.5785949642060881359, 0.07790901473746957018 ) ) ;
#4798 = CARTESIAN_POINT ( 'NONE',  ( 0.000000000000000000, 0.000000000000000000, 0.000000000000000000 ) ) ;
#4799 = ORIENTED_EDGE ( 'NONE', *, *, #3711, .T. ) ;
#4800 = ORIENTED_EDGE ( 'NONE', *, *, #1781, .T. ) ;
#4801 = CARTESIAN_POINT ( 'NONE',  ( 0.000000000000000000, 0.000000000000000000, 0.000000000000000000 ) ) ;
#4802 = LINE ( 'NONE', #1102, #4585 ) ;
#4803 = CARTESIAN_POINT ( 'NONE',  ( 0.3310470653541957020, -0.5650778416537697302, 0.05094091372854116229 ) ) ;
#4804 = ORIENTED_EDGE ( 'NONE', *, *, #2071, .F. ) ;
#4805 = PERSON_AND_ORGANIZATION ( #3431, #789 ) ;
#4806 = CARTESIAN_POINT ( 'NONE',  ( 0.000000000000000000, 0.000000000000000000, 0.000000000000000000 ) ) ;
#4807 = ORIENTED_EDGE ( 'NONE', *, *, #2559, .F. ) ;
#4808 = APPROVAL ( #1457, 'UNKNOWN' ) ;
#4809 = CARTESIAN_POINT ( 'NONE',  ( 0.03070404589386416597, -0.5117481726913184481, 0.3087854175405810309 ) ) ;
#4810 = EDGE_CURVE ( 'NONE', #3742, #672, #1181, .T. ) ;
#4811 = CARTESIAN_POINT ( 'NONE',  ( 0.000000000000000000, 0.000000000000000000, 0.000000000000000000 ) ) ;
#4812 = EDGE_CURVE ( 'NONE', #2931, #3425, #723, .T. ) ;
#4813 = CARTESIAN_POINT ( 'NONE',  ( 0.000000000000000000, 0.000000000000000000, 0.000000000000000000 ) ) ;
#4814 = PRODUCT ( 'Strait Gleason Bevel Gear Gen V8_Gear', 'Strait Gleason Bevel Gear Gen V8_Gear', '', ( #2706 ) ) ;
#4815 = CARTESIAN_POINT ( 'NONE',  ( 0.1813801642615783249, -0.5291503390633799375, 0.2181094479460892466 ) ) ;
#4816 = EDGE_CURVE ( 'NONE', #3901, #4562, #1315, .T. ) ;
#4817 = CARTESIAN_POINT ( 'NONE',  ( -0.2080613937917162592, -0.5570898433182758236, 0.2782792298808802189 ) ) ;
#4818 = CARTESIAN_POINT ( 'NONE',  ( 0.2815610257522629389, -0.5181052167782334017, -0.1051970186249601147 ) ) ;
#4819 = CARTESIAN_POINT ( 'NONE',  ( 0.000000000000000000, 0.000000000000000000, 0.000000000000000000 ) ) ;
#4820 = ORIENTED_EDGE ( 'NONE', *, *, #4294, .T. ) ;
#4821 = VERTEX_POINT ( 'NONE', #1290 ) ;
#4822 = DIRECTION ( 'NONE',  ( 0.000000000000000000, 1.299146873706801522E-16, -1.000000000000000000 ) ) ;
#4823 = CARTESIAN_POINT ( 'NONE',  ( 0.000000000000000000, 0.000000000000000000, 0.000000000000000000 ) ) ;
#4824 = CARTESIAN_POINT ( 'NONE',  ( -0.2756215817981144123, -0.5510269468160308159, 0.2336842662040344021 ) ) ;
#4825 = CARTESIAN_POINT ( 'NONE',  ( -0.1526135651087397738, -0.5291503390633798265, -0.2391225522942273807 ) ) ;
#4826 = EDGE_LOOP ( 'NONE', ( #4466, #4345, #531, #4320 ) ) ;
#4827 = ADVANCED_FACE ( 'NONE', ( #3481 ), #4411, .F. ) ;
#4828 = CARTESIAN_POINT ( 'NONE',  ( -0.09584953071314870898, -0.5202677472389242164, 0.2813849033057914117 ) ) ;
#4829 = EDGE_LOOP ( 'NONE', ( #2539, #4684, #463, #4820 ) ) ;
#4830 = CARTESIAN_POINT ( 'NONE',  ( 0.2322372596447514204, -0.5268701665594058836, 0.1689019028589454074 ) ) ;
#4831 = NEXT_ASSEMBLY_USAGE_OCCURRENCE ( 'NAUO1', ' ', ' ', #1346, #3783, $ ) ;
#4832 = NEXT_ASSEMBLY_USAGE_OCCURRENCE ( 'NAUO2', ' ', ' ', #1346, #2778, $ ) ;
ENDSEC;
END-ISO-10303-21;
