ISO-10303-21;
HEADER;
FILE_DESCRIPTION (( 'STEP AP203' ),
    '1' );
FILE_NAME ('GearBottomG1.6.STEP',
    '2026-04-03T19:45:43',
    ( '' ),
    ( '' ),
    'SwSTEP 2.0',
    'SolidWorks 2025',
    '' );
FILE_SCHEMA (( 'CONFIG_CONTROL_DESIGN' ));
ENDSEC;

DATA;
#1 = CARTESIAN_POINT ( 'NONE',  ( 100.0000000000000000, 17.67766952966380956, 17.67766952966356087 ) ) ;
#2 = EDGE_CURVE ( 'NONE', #1438, #1358, #1233, .T. ) ;
#3 = ORIENTED_EDGE ( 'NONE', *, *, #1003, .F. ) ;
#4 = CARTESIAN_POINT ( 'NONE',  ( 13.19134295108999488, 22.84807621135323785, -19.10151033441803037 ) ) ;
#5 = DIRECTION ( 'NONE',  ( 0.000000000000000000, 0.7071067811865425767, -0.7071067811865525687 ) ) ;
#6 = EDGE_CURVE ( 'NONE', #1284, #687, #815, .T. ) ;
#7 = VECTOR ( 'NONE', #167, 1000.000000000000000 ) ;
#8 = EDGE_LOOP ( 'NONE', ( #541, #1522, #1096, #138 ) ) ;
#9 = CARTESIAN_POINT ( 'NONE',  ( 33.99651524685035042, 15.78552068416404985, -1.163940186116596914E-13 ) ) ;
#10 = FACE_OUTER_BOUND ( 'NONE', #65, .T. ) ;
#11 = VERTEX_POINT ( 'NONE', #563 ) ;
#12 = AXIS2_PLACEMENT_3D ( 'NONE', #1178, #1053, #1202 ) ;
#13 = CARTESIAN_POINT ( 'NONE',  ( 25.42404795545824214, 15.78552068416404985, -3.049648272079730077E-13 ) ) ;
#14 = DIRECTION ( 'NONE',  ( 0.5000000000000011102, 0.8660254037844380415, 0.000000000000000000 ) ) ;
#15 = EDGE_CURVE ( 'NONE', #788, #1221, #641, .T. ) ;
#16 = VERTEX_POINT ( 'NONE', #1093 ) ;
#17 = CARTESIAN_POINT ( 'NONE',  ( 67.72534518471717035, -8.637144658218854687, 25.00000000000005684 ) ) ;
#18 = VERTEX_POINT ( 'NONE', #1647 ) ;
#19 = VECTOR ( 'NONE', #765, 1000.000000000000000 ) ;
#20 = CARTESIAN_POINT ( 'NONE',  ( 66.06880469280643808, -1.907237867394381947, 22.05141197121139029 ) ) ;
#21 = CIRCLE ( 'NONE', #985, 0.6999999999999984013 ) ;
#22 = ORIENTED_EDGE ( 'NONE', *, *, #1551, .T. ) ;
#23 = CIRCLE ( 'NONE', #338, 0.6999999999999984013 ) ;
#24 = CARTESIAN_POINT ( 'NONE',  ( 100.0000000000000000, 4.187992942670204927E-15, -27.00000000000001066 ) ) ;
#25 = CARTESIAN_POINT ( 'NONE',  ( 67.28044941647377186, -2.606781274766253542, -22.05075516720891926 ) ) ;
#26 = ORIENTED_EDGE ( 'NONE', *, *, #989, .F. ) ;
#27 = DIRECTION ( 'NONE',  ( -3.914863667187032459E-15, -9.544891948216567314E-31, 1.000000000000000000 ) ) ;
#28 = ADVANCED_FACE ( 'NONE', ( #430 ), #965, .T. ) ;
#29 = ADVANCED_FACE ( 'NONE', ( #437 ), #982, .T. ) ;
#30 = CARTESIAN_POINT ( 'NONE',  ( 39.55439139380240476, 7.627363096294342171, 24.99999999999994316 ) ) ;
#31 = EDGE_LOOP ( 'NONE', ( #1086, #987, #127, #120, #880, #828, #1145, #1312, #1614 ) ) ;
#32 = LINE ( 'NONE', #1404, #957 ) ;
#33 = DIRECTION ( 'NONE',  ( -0.5000000000000011102, -0.8660254037844380415, 6.024821656581659457E-15 ) ) ;
#34 = EDGE_LOOP ( 'NONE', ( #931, #1379, #474, #256 ) ) ;
#35 = DIRECTION ( 'NONE',  ( 7.771561172376100713E-16, 0.7071067811865522357, 0.7071067811865426878 ) ) ;
#36 = ORIENTED_EDGE ( 'NONE', *, *, #1045, .T. ) ;
#37 = PRODUCT_DEFINITION_FORMATION_WITH_SPECIFIED_SOURCE ( 'ANY', '', #783, .NOT_KNOWN. ) ;
#38 = ADVANCED_FACE ( 'NONE', ( #878 ), #339, .T. ) ;
#39 = ORIENTED_EDGE ( 'NONE', *, *, #107, .T. ) ;
#40 = PLANE ( 'NONE',  #1727 ) ;
#41 = DIRECTION ( 'NONE',  ( -0.5000000000000011102, -0.8660254037844380415, 6.024821656581659457E-15 ) ) ;
#42 = AXIS2_PLACEMENT_3D ( 'NONE', #472, #1007, #1064 ) ;
#43 = FACE_OUTER_BOUND ( 'NONE', #1617, .T. ) ;
#44 = ORIENTED_EDGE ( 'NONE', *, *, #404, .T. ) ;
#45 = LINE ( 'NONE', #1657, #422 ) ;
#46 = EDGE_LOOP ( 'NONE', ( #843, #1038, #574, #1477 ) ) ;
#47 = VECTOR ( 'NONE', #225, 1000.000000000000000 ) ;
#48 = CARTESIAN_POINT ( 'NONE',  ( 67.87890411071428787, -8.725801945480265331, -46.90956812955385402 ) ) ;
#49 = CARTESIAN_POINT ( 'NONE',  ( 31.85339842400231802, 12.07353346043580977, 18.60422768856957276 ) ) ;
#50 = VECTOR ( 'NONE', #166, 1000.000000000000000 ) ;
#51 = EDGE_CURVE ( 'NONE', #909, #811, #1300, .T. ) ;
#52 = LINE ( 'NONE', #616, #500 ) ;
#53 = AXIS2_PLACEMENT_3D ( 'NONE', #373, #623, #242 ) ;
#54 = CARTESIAN_POINT ( 'NONE',  ( 39.30036225922861348, 13.40242275341406319, -21.95291630591325216 ) ) ;
#55 = EDGE_LOOP ( 'NONE', ( #978, #82, #99, #1748, #1577 ) ) ;
#56 = ORIENTED_EDGE ( 'NONE', *, *, #556, .T. ) ;
#57 = FACE_OUTER_BOUND ( 'NONE', #1188, .T. ) ;
#58 = ORIENTED_EDGE ( 'NONE', *, *, #1456, .T. ) ;
#59 = EDGE_CURVE ( 'NONE', #16, #343, #1272, .T. ) ;
#60 = CARTESIAN_POINT ( 'NONE',  ( 100.0000000000000000, 17.67766952966355731, -17.67766952966382021 ) ) ;
#61 = CARTESIAN_POINT ( 'NONE',  ( 88.19134295108997890, -20.45319397786848725, 27.00000000000000355 ) ) ;
#62 = CARTESIAN_POINT ( 'NONE',  ( 100.0000000000000000, 10.35533905932718568, -25.00000000000007816 ) ) ;
#63 = CARTESIAN_POINT ( 'NONE',  ( 88.19134295108987942, -20.45319397786846238, 25.00000000000013856 ) ) ;
#64 = EDGE_CURVE ( 'NONE', #1286, #273, #1290, .T. ) ;
#65 = EDGE_LOOP ( 'NONE', ( #756, #1583, #1682, #1367 ) ) ;
#66 = CARTESIAN_POINT ( 'NONE',  ( 40.11537180435972516, 15.78552068416405341, -1.999999999999112710 ) ) ;
#67 = ORIENTED_EDGE ( 'NONE', *, *, #145, .T. ) ;
#68 = CARTESIAN_POINT ( 'NONE',  ( 6.000000000000317968, 27.00000000000001421, 11.18376618407356737 ) ) ;
#69 = APPROVAL_STATUS ( 'not_yet_approved' ) ;
#70 = AXIS2_PLACEMENT_3D ( 'NONE', #1425, #997, #1556 ) ;
#71 = DIRECTION ( 'NONE',  ( 0.000000000000000000, 0.7071067811865526798, 0.7071067811865424657 ) ) ;
#72 = VECTOR ( 'NONE', #365, 1000.000000000000000 ) ;
#73 = DIRECTION ( 'NONE',  ( -0.5000000000000011102, -0.8660254037844381525, 5.977335943528135588E-15 ) ) ;
#74 = EDGE_CURVE ( 'NONE', #715, #1548, #858, .T. ) ;
#75 = ORIENTED_EDGE ( 'NONE', *, *, #379, .T. ) ;
#76 = ORIENTED_EDGE ( 'NONE', *, *, #1254, .F. ) ;
#77 = CARTESIAN_POINT ( 'NONE',  ( 15.69134295108999488, 27.17820323027542884, -19.29148782660730532 ) ) ;
#78 = APPROVAL_ROLE ( '' ) ;
#79 = DIRECTION ( 'NONE',  ( 0.000000000000000000, 0.000000000000000000, -1.000000000000000000 ) ) ;
#80 = FACE_OUTER_BOUND ( 'NONE', #914, .T. ) ;
#81 = VECTOR ( 'NONE', #1439, 1000.000000000000114 ) ;
#82 = ORIENTED_EDGE ( 'NONE', *, *, #1507, .T. ) ;
#83 = CARTESIAN_POINT ( 'NONE',  ( 100.0000000000000000, 27.00000000000001776, 11.18376618407356382 ) ) ;
#84 = EDGE_CURVE ( 'NONE', #1644, #1739, #52, .T. ) ;
#85 = ORIENTED_EDGE ( 'NONE', *, *, #1293, .F. ) ;
#86 = CARTESIAN_POINT ( 'NONE',  ( -0.001999999999995061284, 15.78552068416404275, 8.870151596614001027E-13 ) ) ;
#87 = SECURITY_CLASSIFICATION_LEVEL ( 'unclassified' ) ;
#88 = ORIENTED_EDGE ( 'NONE', *, *, #1573, .T. ) ;
#89 = CARTESIAN_POINT ( 'NONE',  ( 63.12311808293212323, -0.2065449102354940947, -19.10151033441740509 ) ) ;
#90 = VERTEX_POINT ( 'NONE', #1566 ) ;
#91 = DIRECTION ( 'NONE',  ( -1.231830318569828077E-14, 1.551108497285261312E-16, -1.000000000000000000 ) ) ;
#92 = VERTEX_POINT ( 'NONE', #313 ) ;
#93 = EDGE_CURVE ( 'NONE', #1656, #243, #1529, .T. ) ;
#94 = CARTESIAN_POINT ( 'NONE',  ( 39.16586740412874690, 13.20959514602365914, -22.14574391330364733 ) ) ;
#95 = EDGE_LOOP ( 'NONE', ( #937, #633 ) ) ;
#96 = CARTESIAN_POINT ( 'NONE',  ( 37.05244729016354199, 9.071861198027445283, -3.356829743067410554 ) ) ;
#97 = LINE ( 'NONE', #772, #1752 ) ;
#98 = VECTOR ( 'NONE', #677, 1000.000000000000114 ) ;
#99 = ORIENTED_EDGE ( 'NONE', *, *, #1746, .T. ) ;
#100 = CARTESIAN_POINT ( 'NONE',  ( 42.05439139380244740, 11.95749011521652072, 24.99999999999991473 ) ) ;
#101 = VERTEX_POINT ( 'NONE', #189 ) ;
#102 = CARTESIAN_POINT ( 'NONE',  ( 40.11537180435907857, 15.78552068416405518, 19.56981837516313760 ) ) ;
#103 = ORIENTED_EDGE ( 'NONE', *, *, #205, .T. ) ;
#104 = EDGE_CURVE ( 'NONE', #715, #909, #1536, .T. ) ;
#105 = DIRECTION ( 'NONE',  ( 0.000000000000000000, 1.000000000000000000, -7.370867579099568370E-15 ) ) ;
#106 = DIRECTION ( 'NONE',  ( 0.000000000000000000, -1.000000000000000000, -3.102216994570522131E-16 ) ) ;
#107 = EDGE_CURVE ( 'NONE', #1278, #388, #1415, .T. ) ;
#108 = VECTOR ( 'NONE', #629, 1000.000000000000114 ) ;
#109 = ORIENTED_EDGE ( 'NONE', *, *, #928, .F. ) ;
#110 = AXIS2_PLACEMENT_3D ( 'NONE', #1734, #1723, #532 ) ;
#111 = AXIS2_PLACEMENT_3D ( 'NONE', #1511, #1543, #1249 ) ;
#112 = LINE ( 'NONE', #1153, #1333 ) ;
#113 = ORIENTED_EDGE ( 'NONE', *, *, #357, .F. ) ;
#114 = PLANE ( 'NONE',  #258 ) ;
#115 = VERTEX_POINT ( 'NONE', #744 ) ;
#116 = ADVANCED_FACE ( 'NONE', ( #348 ), #214, .T. ) ;
#117 = CARTESIAN_POINT ( 'NONE',  ( 25.42404795545822438, 15.78552068416404985, -3.356829743068319605 ) ) ;
#118 = CARTESIAN_POINT ( 'NONE',  ( 38.05825658440259218, 8.491156931244972839, -22.14574391330361891 ) ) ;
#119 = EDGE_CURVE ( 'NONE', #208, #115, #600, .T. ) ;
#120 = ORIENTED_EDGE ( 'NONE', *, *, #820, .T. ) ;
#121 = DIRECTION ( 'NONE',  ( -1.000000000000000000, -0.000000000000000000, -0.000000000000000000 ) ) ;
#122 = APPROVAL_ROLE ( '' ) ;
#123 = VERTEX_POINT ( 'NONE', #737 ) ;
#124 = CARTESIAN_POINT ( 'NONE',  ( -0.001999999999995061284, 15.78552068416404275, 19.56981837516331879 ) ) ;
#125 = AXIS2_PLACEMENT_3D ( 'NONE', #311, #1528, #328 ) ;
#126 = CARTESIAN_POINT ( 'NONE',  ( 39.55439139380241897, 7.627363096294291545, 18.60422768856960474 ) ) ;
#127 = ORIENTED_EDGE ( 'NONE', *, *, #1600, .T. ) ;
#128 = DIRECTION ( 'NONE',  ( -2.438116051963287623E-16, 1.000000000000000000, -1.043473784746699425E-31 ) ) ;
#129 = ORIENTED_EDGE ( 'NONE', *, *, #1023, .T. ) ;
#130 = CARTESIAN_POINT ( 'NONE',  ( 34.35339842400232868, 16.40366047935800253, 18.60422768856957276 ) ) ;
#131 = CARTESIAN_POINT ( 'NONE',  ( 64.17423163382464679, -6.586908293688445326, -22.05075516720888729 ) ) ;
#132 = ORIENTED_EDGE ( 'NONE', *, *, #1079, .F. ) ;
#133 = AXIS2_PLACEMENT_3D ( 'NONE', #178, #1104, #1196 ) ;
#134 = VECTOR ( 'NONE', #235, 1000.000000000000114 ) ;
#135 = VECTOR ( 'NONE', #876, 1000.000000000000114 ) ;
#136 = ADVANCED_FACE ( 'NONE', ( #177, #718, #454, #1261, #319, #43 ), #591, .T. ) ;
#137 = CARTESIAN_POINT ( 'NONE',  ( 60.62311808293212323, -4.536671929157551908, 3.512042481788694019E-14 ) ) ;
#138 = ORIENTED_EDGE ( 'NONE', *, *, #6, .F. ) ;
#139 = CARTESIAN_POINT ( 'NONE',  ( 40.55825658440259929, 12.82128395016716382, -22.14574391330365088 ) ) ;
#140 = CARTESIAN_POINT ( 'NONE',  ( 100.0000000000000000, -27.00000000000001066, 11.18376618407357093 ) ) ;
#141 = ORIENTED_EDGE ( 'NONE', *, *, #465, .T. ) ;
#142 = CYLINDRICAL_SURFACE ( 'NONE', #1069, 0.7000000000000128342 ) ;
#143 = PLANE ( 'NONE',  #1475 ) ;
#144 = VERTEX_POINT ( 'NONE', #197 ) ;
#145 = EDGE_CURVE ( 'NONE', #1074, #715, #1671, .T. ) ;
#146 = DIRECTION ( 'NONE',  ( 0.5000000000000011102, 0.8660254037844380415, 0.000000000000000000 ) ) ;
#147 = FACE_OUTER_BOUND ( 'NONE', #413, .T. ) ;
#148 = ORIENTED_EDGE ( 'NONE', *, *, #1637, .T. ) ;
#149 = CARTESIAN_POINT ( 'NONE',  ( 38.81011269155148824, 13.83057529728727530, 21.80211384428475085 ) ) ;
#150 = APPROVAL_PERSON_ORGANIZATION ( #362, #1265, #122 ) ;
#151 = VECTOR ( 'NONE', #912, 1000.000000000000000 ) ;
#152 = DIRECTION ( 'NONE',  ( 0.7745966692414827381, -0.4472135954999618135, -0.4472135954999552077 ) ) ;
#153 = EDGE_LOOP ( 'NONE', ( #363, #700, #1741, #1142, #1115, #620, #832, #67, #1230 ) ) ;
#154 = VECTOR ( 'NONE', #551, 1000.000000000000114 ) ;
#155 = CARTESIAN_POINT ( 'NONE',  ( 39.95203880175349553, 13.17128395016716347, -22.14574391330365088 ) ) ;
#156 = DIRECTION ( 'NONE',  ( -0.000000000000000000, 0.7071067811865475727, 0.7071067811865475727 ) ) ;
#157 = ADVANCED_FACE ( 'NONE', ( #1138 ), #1689, .F. ) ;
#158 = CARTESIAN_POINT ( 'NONE',  ( 40.11537180435951910, 15.78552068416405518, 9.992007221626408864E-13 ) ) ;
#159 = DIRECTION ( 'NONE',  ( 0.8660254037844387076, -0.5000000000000001110, 0.000000000000000000 ) ) ;
#160 = ADVANCED_FACE ( 'NONE', ( #1024 ), #799, .T. ) ;
#161 = VECTOR ( 'NONE', #1391, 1000.000000000000000 ) ;
#162 = DIRECTION ( 'NONE',  ( 1.000000000000000000, 0.000000000000000000, 0.000000000000000000 ) ) ;
#163 = AXIS2_PLACEMENT_3D ( 'NONE', #131, #33, #964 ) ;
#164 = EDGE_LOOP ( 'NONE', ( #648, #1730, #39, #58 ) ) ;
#165 = VECTOR ( 'NONE', #1747, 1000.000000000000114 ) ;
#166 = DIRECTION ( 'NONE',  ( 0.000000000000000000, 0.7071067811865527908, 0.7071067811865422437 ) ) ;
#167 = DIRECTION ( 'NONE',  ( -1.000000000000000000, -0.000000000000000000, -0.000000000000000000 ) ) ;
#168 = EDGE_CURVE ( 'NONE', #1604, #1332, #1615, .T. ) ;
#169 = ORIENTED_EDGE ( 'NONE', *, *, #1561, .T. ) ;
#170 = FACE_OUTER_BOUND ( 'NONE', #1036, .T. ) ;
#171 = ORIENTED_EDGE ( 'NONE', *, *, #1355, .F. ) ;
#172 = EDGE_CURVE ( 'NONE', #1005, #1195, #244, .T. ) ;
#173 = DIRECTION ( 'NONE',  ( 0.000000000000000000, 1.000000000000000000, -7.080270063359374579E-15 ) ) ;
#174 = VERTEX_POINT ( 'NONE', #1584 ) ;
#175 = CARTESIAN_POINT ( 'NONE',  ( 68.85870000782793454, -9.291487370429088344, 44.64682642975684246 ) ) ;
#176 = DIRECTION ( 'NONE',  ( 0.8660254037844379305, -0.5000000000000011102, -7.755542486426317654E-17 ) ) ;
#177 = FACE_BOUND ( 'NONE', #1226, .T. ) ;
#178 = CARTESIAN_POINT ( 'NONE',  ( 100.0000000000000000, -27.00000000000001066, 0.000000000000000000 ) ) ;
#179 = VERTEX_POINT ( 'NONE', #1574 ) ;
#180 = VECTOR ( 'NONE', #1432, 1000.000000000000000 ) ;
#181 = ORIENTED_EDGE ( 'NONE', *, *, #1443, .F. ) ;
#182 = APPROVAL_PERSON_ORGANIZATION ( #1299, #499, #78 ) ;
#183 = CC_DESIGN_PERSON_AND_ORGANIZATION_ASSIGNMENT ( #922, #902, ( #1313 ) ) ;
#184 = CARTESIAN_POINT ( 'NONE',  ( 100.0000000000000000, -27.00000000000001066, 11.18376618407357093 ) ) ;
#185 = ORIENTED_EDGE ( 'NONE', *, *, #1164, .T. ) ;
#186 = CARTESIAN_POINT ( 'NONE',  ( 35.42404795545847662, 15.78552068416405874, 19.56981837516334011 ) ) ;
#187 = FACE_BOUND ( 'NONE', #1563, .T. ) ;
#188 = CIRCLE ( 'NONE', #1521, 0.6999999999999984013 ) ;
#189 = CARTESIAN_POINT ( 'NONE',  ( 33.99651524685027226, 15.78552068416404985, 18.60422768856957632 ) ) ;
#190 = CARTESIAN_POINT ( 'NONE',  ( 36.92726990229827777, 14.91763508850406694, -19.29148782660677597 ) ) ;
#191 = ORIENTED_EDGE ( 'NONE', *, *, #84, .F. ) ;
#192 = LINE ( 'NONE', #731, #194 ) ;
#193 = ORIENTED_EDGE ( 'NONE', *, *, #107, .F. ) ;
#194 = VECTOR ( 'NONE', #872, 1000.000000000000000 ) ;
#195 = EDGE_CURVE ( 'NONE', #343, #270, #1706, .T. ) ;
#196 = CARTESIAN_POINT ( 'NONE',  ( 100.0000000000000000, 19.09188309203678813, 19.09188309203678813 ) ) ;
#197 = CARTESIAN_POINT ( 'NONE',  ( 60.62311808293212323, -4.536671929157694017, -19.10151033441782076 ) ) ;
#198 = AXIS2_PLACEMENT_3D ( 'NONE', #543, #570, #1374 ) ;
#199 = CARTESIAN_POINT ( 'NONE',  ( 39.16586740412874690, 13.20959514602365914, -22.14574391330364733 ) ) ;
#200 = EDGE_LOOP ( 'NONE', ( #949, #1383, #1170, #56, #1125 ) ) ;
#201 = LINE ( 'NONE', #977, #364 ) ;
#202 = ORIENTED_EDGE ( 'NONE', *, *, #1517, .T. ) ;
#203 = CARTESIAN_POINT ( 'NONE',  ( 15.69134295108999488, 27.17820323027569174, 18.60422768856949816 ) ) ;
#204 = PERSON_AND_ORGANIZATION_ROLE ( 'design_owner' ) ;
#205 = EDGE_CURVE ( 'NONE', #1173, #1020, #1722, .T. ) ;
#206 = DIRECTION ( 'NONE',  ( -0.5000000000000011102, -0.8660254037844380415, 5.977335943528134799E-15 ) ) ;
#207 = CARTESIAN_POINT ( 'NONE',  ( 67.72534518471718457, -8.637144658218893767, 19.10282394242277348 ) ) ;
#208 = VERTEX_POINT ( 'NONE', #531 ) ;
#209 = VECTOR ( 'NONE', #176, 1000.000000000000114 ) ;
#210 = CARTESIAN_POINT ( 'NONE',  ( 25.42404795545850149, 15.78552068416404985, 19.56981837516331879 ) ) ;
#211 = ORIENTED_EDGE ( 'NONE', *, *, #1140, .F. ) ;
#212 = PLANE ( 'NONE',  #53 ) ;
#213 = DIRECTION ( 'NONE',  ( 1.000000000000000000, 0.000000000000000000, 0.000000000000000000 ) ) ;
#214 = PLANE ( 'NONE',  #613 ) ;
#215 = AXIS2_PLACEMENT_3D ( 'NONE', #155, #1385, #1083 ) ;
#216 = CARTESIAN_POINT ( 'NONE',  ( 15.69134295108999844, 27.17820323027538976, -25.00000000000020606 ) ) ;
#217 = EDGE_CURVE ( 'NONE', #1041, #1482, #893, .T. ) ;
#218 = ORIENTED_EDGE ( 'NONE', *, *, #916, .F. ) ;
#219 = DIRECTION ( 'NONE',  ( 0.8660254037844380415, -0.5000000000000011102, 3.529940688301899790E-15 ) ) ;
#220 = ORIENTED_EDGE ( 'NONE', *, *, #951, .F. ) ;
#221 = CARTESIAN_POINT ( 'NONE',  ( 13.19134295108998423, 22.84807621135350786, 19.10282394242256387 ) ) ;
#222 = DATE_AND_TIME ( #1200, #1137 ) ;
#223 = VECTOR ( 'NONE', #1134, 1000.000000000000000 ) ;
#224 = DIRECTION ( 'NONE',  ( 1.000000000000000000, 2.438116051963287623E-16, 2.081668171172266813E-17 ) ) ;
#225 = DIRECTION ( 'NONE',  ( -5.941614343384095873E-17, 6.956969597386572446E-15, 1.000000000000000000 ) ) ;
#226 = VECTOR ( 'NONE', #1535, 1000.000000000000000 ) ;
#227 = ORIENTED_EDGE ( 'NONE', *, *, #665, .F. ) ;
#228 = EDGE_CURVE ( 'NONE', #1105, #1221, #253, .T. ) ;
#229 = CARTESIAN_POINT ( 'NONE',  ( 100.0000000000000000, -11.18376618407357270, 27.00000000000000711 ) ) ;
#230 = ORIENTED_EDGE ( 'NONE', *, *, #875, .T. ) ;
#231 = CARTESIAN_POINT ( 'NONE',  ( 99.53074360871946169, -27.00000000000001066, 11.18376618407357093 ) ) ;
#232 = COORDINATED_UNIVERSAL_TIME_OFFSET ( 5, 0, .BEHIND. ) ;
#233 = ORIENTED_EDGE ( 'NONE', *, *, #514, .F. ) ;
#234 = CARTESIAN_POINT ( 'NONE',  ( 39.55439139380241897, 7.627363096294167200, -5.496185233162330483E-14 ) ) ;
#235 = DIRECTION ( 'NONE',  ( -0.5000000000000011102, -0.8660254037844380415, 5.977335943528134799E-15 ) ) ;
#236 = ORIENTED_EDGE ( 'NONE', *, *, #545, .T. ) ;
#237 = MANIFOLD_SOLID_BREP ( 'Cut-Extrude18', #1406 ) ;
#238 = EDGE_CURVE ( 'NONE', #524, #1105, #1068, .T. ) ;
#239 = CARTESIAN_POINT ( 'NONE',  ( 40.11537180435907857, 25.00000000000002132, -3.330669073875469621E-13 ) ) ;
#240 = EDGE_LOOP ( 'NONE', ( #1484, #1176, #491, #286 ) ) ;
#241 = ADVANCED_FACE ( 'NONE', ( #934 ), #1733, .F. ) ;
#242 = DIRECTION ( 'NONE',  ( -0.8660254037844380415, 0.5000000000000009992, 0.000000000000000000 ) ) ;
#243 = VERTEX_POINT ( 'NONE', #1330 ) ;
#244 = LINE ( 'NONE', #1192, #1408 ) ;
#245 = LINE ( 'NONE', #1054, #1589 ) ;
#246 = ORIENTED_EDGE ( 'NONE', *, *, #1342, .F. ) ;
#247 = DIRECTION ( 'NONE',  ( 0.8660254037844368202, -0.5000000000000031086, 0.000000000000000000 ) ) ;
#248 = ADVANCED_FACE ( 'NONE', ( #1479, #1460 ), #762, .T. ) ;
#249 = EDGE_LOOP ( 'NONE', ( #851, #1666, #218, #503, #494, #1322, #1026, #773 ) ) ;
#250 =( BOUNDED_CURVE ( )  B_SPLINE_CURVE ( 3, ( #199, #1273, #54, #1131 ),
 .UNSPECIFIED., .F., .F. ) 
 B_SPLINE_CURVE_WITH_KNOTS ( ( 4, 4 ),
 ( 1.107148717794095516, 1.521824504363340047 ),
 .UNSPECIFIED. ) 
 CURVE ( )  GEOMETRIC_REPRESENTATION_ITEM ( )  RATIONAL_B_SPLINE_CURVE ( ( 1.000000000000000000, 0.9857215940062056259, 0.9857215940062056259, 1.000000000000000000 ) ) 
 REPRESENTATION_ITEM ( '' )  );
#251 = VERTEX_POINT ( 'NONE', #394 ) ;
#252 = EDGE_CURVE ( 'NONE', #1100, #208, #634, .T. ) ;
#253 = LINE ( 'NONE', #653, #557 ) ;
#254 = DIRECTION ( 'NONE',  ( 0.000000000000000000, 3.102216994570522624E-16, -1.000000000000000000 ) ) ;
#255 = AXIS2_PLACEMENT_3D ( 'NONE', #438, #287, #421 ) ;
#256 = ORIENTED_EDGE ( 'NONE', *, *, #93, .F. ) ;
#257 = AXIS2_PLACEMENT_3D ( 'NONE', #1386, #1653, #5 ) ;
#258 = AXIS2_PLACEMENT_3D ( 'NONE', #1704, #1061, #1021 ) ;
#259 = DIRECTION ( 'NONE',  ( 3.122502256758252770E-17, -2.949029909160572061E-17, -1.000000000000000000 ) ) ;
#260 = COORDINATED_UNIVERSAL_TIME_OFFSET ( 5, 0, .BEHIND. ) ;
#261 = VERTEX_POINT ( 'NONE', #1605 ) ;
#262 = DIRECTION ( 'NONE',  ( 0.7745966692414825161, -0.4472135954999555407, 0.4472135954999619245 ) ) ;
#263 = LINE ( 'NONE', #377, #367 ) ;
#264 = EDGE_CURVE ( 'NONE', #16, #898, #1310, .T. ) ;
#265 = ORIENTED_EDGE ( 'NONE', *, *, #588, .T. ) ;
#266 = DIRECTION ( 'NONE',  ( -5.873533801571539623E-17, 6.956576534195151015E-15, 1.000000000000000000 ) ) ;
#267 = EDGE_LOOP ( 'NONE', ( #385, #427, #191, #1014 ) ) ;
#268 = DIRECTION ( 'NONE',  ( 0.5000000000000009992, 0.8660254037844381525, -5.995204332975845318E-15 ) ) ;
#269 = CARTESIAN_POINT ( 'NONE',  ( 100.0000000000000000, 19.09188309203679168, -19.09188309203679168 ) ) ;
#270 = VERTEX_POINT ( 'NONE', #1159 ) ;
#271 = EDGE_CURVE ( 'NONE', #1345, #1005, #779, .T. ) ;
#272 = DIRECTION ( 'NONE',  ( 0.000000000000000000, -0.7071067811865525687, -0.7071067811865425767 ) ) ;
#273 = VERTEX_POINT ( 'NONE', #1452 ) ;
#274 = DIRECTION ( 'NONE',  ( -0.5000000000000011102, -0.8660254037844381525, 5.977335943528135588E-15 ) ) ;
#275 = CARTESIAN_POINT ( 'NONE',  ( 64.78044941647375765, -6.936908293688454741, -22.05075516720888729 ) ) ;
#276 = DIRECTION ( 'NONE',  ( 0.7745966692414846255, -0.4472135954999568175, 0.4472135954999568175 ) ) ;
#277 = DIRECTION ( 'NONE',  ( 0.000000000000000000, -0.7071067811865422437, 0.7071067811865527908 ) ) ;
#278 = VECTOR ( 'NONE', #1550, 1000.000000000000000 ) ;
#279 = VECTOR ( 'NONE', #763, 1000.000000000000227 ) ;
#280 = EDGE_CURVE ( 'NONE', #1505, #906, #375, .T. ) ;
#281 = AXIS2_PLACEMENT_3D ( 'NONE', #1256, #162, #1392 ) ;
#282 = PLANE ( 'NONE',  #959 ) ;
#283 = ORIENTED_EDGE ( 'NONE', *, *, #344, .T. ) ;
#284 = CARTESIAN_POINT ( 'NONE',  ( 34.35339842400232868, 16.40366047935787819, -1.149968696279971384E-13 ) ) ;
#285 = CARTESIAN_POINT ( 'NONE',  ( 36.84582101910438467, 9.191156931244972128, -22.14574391330361891 ) ) ;
#286 = ORIENTED_EDGE ( 'NONE', *, *, #302, .T. ) ;
#287 = DIRECTION ( 'NONE',  ( -2.438116051963287623E-16, 1.000000000000000000, -1.573828015206266850E-63 ) ) ;
#288 = EDGE_CURVE ( 'NONE', #1457, #16, #386, .T. ) ;
#289 = PLANE ( 'NONE',  #1390 ) ;
#290 = ORIENTED_EDGE ( 'NONE', *, *, #863, .F. ) ;
#291 = EDGE_CURVE ( 'NONE', #673, #788, #663, .T. ) ;
#292 = DIRECTION ( 'NONE',  ( -0.5000000000000011102, -0.8660254037844380415, 5.977335943528134799E-15 ) ) ;
#293 = LINE ( 'NONE', #1092, #1011 ) ;
#294 = ORIENTED_EDGE ( 'NONE', *, *, #475, .T. ) ;
#295 = CARTESIAN_POINT ( 'NONE',  ( 100.0000000000000000, 17.67766952966355731, -17.67766952966382021 ) ) ;
#296 = AXIS2_PLACEMENT_3D ( 'NONE', #24, #837, #1217 ) ;
#297 = CARTESIAN_POINT ( 'NONE',  ( 99.53074360871931958, -27.00000000000001066, 5.654372137354486348E-15 ) ) ;
#298 =( BOUNDED_CURVE ( )  B_SPLINE_CURVE ( 3, ( #1144, #324, #433, #1401 ),
 .UNSPECIFIED., .F., .T. ) 
 B_SPLINE_CURVE_WITH_KNOTS ( ( 4, 4 ),
 ( 5.176036589385502928, 8.317629242975289827 ),
 .UNSPECIFIED. ) 
 CURVE ( )  GEOMETRIC_REPRESENTATION_ITEM ( )  RATIONAL_B_SPLINE_CURVE ( ( 1.000000000000000000, 0.3333333333333354798, 0.3333333333333354798, 1.000000000000000000 ) ) 
 REPRESENTATION_ITEM ( '' )  );
#299 = ORIENTED_EDGE ( 'NONE', *, *, #819, .T. ) ;
#300 = FACE_OUTER_BOUND ( 'NONE', #994, .T. ) ;
#301 = CARTESIAN_POINT ( 'NONE',  ( 40.11537180435774275, 25.00000000000046541, -10.35533905932850551 ) ) ;
#302 = EDGE_CURVE ( 'NONE', #123, #1399, #1635, .T. ) ;
#303 = VERTEX_POINT ( 'NONE', #139 ) ;
#304 = CYLINDRICAL_SURFACE ( 'NONE', #930, 2.000000000000000444 ) ;
#305 = ORIENTED_EDGE ( 'NONE', *, *, #655, .F. ) ;
#306 = CIRCLE ( 'NONE', #540, 0.7000000000000129452 ) ;
#307 = PLANE ( 'NONE',  #513 ) ;
#308 = EDGE_LOOP ( 'NONE', ( #1156, #1343, #1046, #1534, #882, #508 ) ) ;
#309 = VECTOR ( 'NONE', #121, 1000.000000000000000 ) ;
#310 = CARTESIAN_POINT ( 'NONE',  ( 40.11537180435972516, 15.78552068416405341, 8.878658456885884970E-13 ) ) ;
#311 = CARTESIAN_POINT ( 'NONE',  ( 100.0000000000000000, 1.758957035921487678E-13, 24.99999999999999645 ) ) ;
#312 = ADVANCED_FACE ( 'NONE', ( #300 ), #1072, .F. ) ;
#313 = CARTESIAN_POINT ( 'NONE',  ( 38.74538706546264422, 13.86794465493313666, 21.48739440439429416 ) ) ;
#314 = CARTESIAN_POINT ( 'NONE',  ( 67.72534518471721299, -8.637144658219201077, -24.99999999999995026 ) ) ;
#315 = FACE_BOUND ( 'NONE', #331, .T. ) ;
#316 = ORIENTED_EDGE ( 'NONE', *, *, #74, .F. ) ;
#317 = LINE ( 'NONE', #1565, #1186 ) ;
#318 = DIRECTION ( 'NONE',  ( 3.122502256758252770E-17, -2.949029909160572061E-17, -1.000000000000000000 ) ) ;
#319 = FACE_BOUND ( 'NONE', #918, .T. ) ;
#320 = DIRECTION ( 'NONE',  ( -0.8660254037844380415, 0.5000000000000009992, -3.517914071842982662E-15 ) ) ;
#321 = ORIENTED_EDGE ( 'NONE', *, *, #15, .F. ) ;
#322 = VERTEX_POINT ( 'NONE', #1623 ) ;
#323 = ADVANCED_FACE ( 'NONE', ( #685 ), #1376, .T. ) ;
#324 = CARTESIAN_POINT ( 'NONE',  ( 36.22511341631140169, 12.15322521504268849, 23.20211384428476009 ) ) ;
#325 = AXIS2_PLACEMENT_3D ( 'NONE', #284, #823, #146 ) ;
#326 = ORIENTED_EDGE ( 'NONE', *, *, #84, .T. ) ;
#327 = LINE ( 'NONE', #48, #1123 ) ;
#328 = DIRECTION ( 'NONE',  ( 0.000000000000000000, 1.000000000000000000, -7.035828143685951913E-15 ) ) ;
#329 = DIRECTION ( 'NONE',  ( 0.8660254037844379305, -0.5000000000000011102, 0.000000000000000000 ) ) ;
#330 = PLANE ( 'NONE',  #681 ) ;
#331 = EDGE_LOOP ( 'NONE', ( #939, #1673 ) ) ;
#332 = EDGE_CURVE ( 'NONE', #1284, #636, #188, .T. ) ;
#333 = DIRECTION ( 'NONE',  ( 0.000000000000000000, -1.000000000000000000, 7.370867579099568370E-15 ) ) ;
#334 = ORIENTED_EDGE ( 'NONE', *, *, #59, .T. ) ;
#335 = VECTOR ( 'NONE', #1245, 1000.000000000000000 ) ;
#336 = PLANE ( 'NONE',  #682 ) ;
#337 = DIRECTION ( 'NONE',  ( 0.8660254037844379305, -0.5000000000000012212, 0.000000000000000000 ) ) ;
#338 = AXIS2_PLACEMENT_3D ( 'NONE', #470, #353, #758 ) ;
#339 = PLANE ( 'NONE',  #70 ) ;
#340 = DIRECTION ( 'NONE',  ( -0.8660254037844381525, 0.5000000000000009992, -3.601673930696385198E-15 ) ) ;
#341 = VERTEX_POINT ( 'NONE', #402 ) ;
#342 = CARTESIAN_POINT ( 'NONE',  ( 70.22534518471719878, -4.307017639296829792, 3.422565190142047339E-14 ) ) ;
#343 = VERTEX_POINT ( 'NONE', #1209 ) ;
#344 = EDGE_CURVE ( 'NONE', #92, #709, #692, .T. ) ;
#345 = DIRECTION ( 'NONE',  ( -0.5000000000000011102, -0.8660254037844380415, 5.977335943528134799E-15 ) ) ;
#346 = DIRECTION ( 'NONE',  ( 0.000000000000000000, 0.000000000000000000, 1.000000000000000000 ) ) ;
#347 = EDGE_CURVE ( 'NONE', #1121, #303, #1208, .T. ) ;
#348 = FACE_OUTER_BOUND ( 'NONE', #153, .T. ) ;
#349 = CARTESIAN_POINT ( 'NONE',  ( -0.001999999999995061284, 15.78552068416404275, 3.356829743069207783 ) ) ;
#350 = ORIENTED_EDGE ( 'NONE', *, *, #1737, .F. ) ;
#351 = LINE ( 'NONE', #83, #621 ) ;
#352 = ORIENTED_EDGE ( 'NONE', *, *, #1753, .T. ) ;
#353 = DIRECTION ( 'NONE',  ( 0.5000000000000009992, 0.8660254037844381525, -5.995204332975845318E-15 ) ) ;
#354 = PERSON_AND_ORGANIZATION ( #523, #1258 ) ;
#355 = DIRECTION ( 'NONE',  ( -1.000000000000000000, -0.000000000000000000, -0.000000000000000000 ) ) ;
#356 = CARTESIAN_POINT ( 'NONE',  ( 38.71338037867202075, 13.66303001664638295, 21.69230904268103899 ) ) ;
#357 = EDGE_CURVE ( 'NONE', #1315, #906, #946, .T. ) ;
#358 = VERTEX_POINT ( 'NONE', #971 ) ;
#359 = LINE ( 'NONE', #229, #787 ) ;
#360 = ORIENTED_EDGE ( 'NONE', *, *, #1045, .F. ) ;
#361 = CARTESIAN_POINT ( 'NONE',  ( 64.78124025810461717, -6.937364886316607304, 22.05141197121141872 ) ) ;
#362 = PERSON_AND_ORGANIZATION ( #523, #1258 ) ;
#363 = ORIENTED_EDGE ( 'NONE', *, *, #655, .T. ) ;
#364 = VECTOR ( 'NONE', #1285, 1000.000000000000114 ) ;
#365 = DIRECTION ( 'NONE',  ( 0.000000000000000000, -1.551108497285261312E-16, 1.000000000000000000 ) ) ;
#366 = DIRECTION ( 'NONE',  ( -0.5000000000000011102, -0.8660254037844380415, 5.977335943528134799E-15 ) ) ;
#367 = VECTOR ( 'NONE', #635, 1000.000000000000000 ) ;
#368 = ADVANCED_FACE ( 'NONE', ( #1519 ), #671, .F. ) ;
#369 = VECTOR ( 'NONE', #639, 1000.000000000000114 ) ;
#370 = ORIENTED_EDGE ( 'NONE', *, *, #1106, .T. ) ;
#371 = CARTESIAN_POINT ( 'NONE',  ( 48.26537180435973085, 15.78552068416405341, 8.878658456885884970E-13 ) ) ;
#372 = ORIENTED_EDGE ( 'NONE', *, *, #1618, .T. ) ;
#373 = CARTESIAN_POINT ( 'NONE',  ( 15.69134295108999488, 27.17820323027556384, -1.880562725539305274E-13 ) ) ;
#374 = ORIENTED_EDGE ( 'NONE', *, *, #1612, .T. ) ;
#375 = LINE ( 'NONE', #234, #151 ) ;
#376 = UNCERTAINTY_MEASURE_WITH_UNIT (LENGTH_MEASURE( 1.000000000000000082E-05 ), #598, 'distance_accuracy_value', 'NONE');
#377 = CARTESIAN_POINT ( 'NONE',  ( 70.22534518471719878, -4.307017639296829792, 3.422565190142047339E-14 ) ) ;
#378 = ORIENTED_EDGE ( 'NONE', *, *, #238, .F. ) ;
#379 = EDGE_CURVE ( 'NONE', #144, #1257, #807, .T. ) ;
#380 = CARTESIAN_POINT ( 'NONE',  ( 64.17502247545550631, -6.587364886316604107, 22.05141197121141872 ) ) ;
#381 = EDGE_CURVE ( 'NONE', #1437, #144, #538, .T. ) ;
#382 = ORIENTED_EDGE ( 'NONE', *, *, #736, .F. ) ;
#383 = CARTESIAN_POINT ( 'NONE',  ( 39.51926722211886300, 12.08314537007925438, -23.27219368924803788 ) ) ;
#384 = CC_DESIGN_APPROVAL ( #861, ( #37 ) ) ;
#385 = ORIENTED_EDGE ( 'NONE', *, *, #942, .F. ) ;
#386 = LINE ( 'NONE', #1340, #948 ) ;
#387 = CARTESIAN_POINT ( 'NONE',  ( 70.22534518471719878, -4.307017639296959466, -19.10151033441781721 ) ) ;
#388 = VERTEX_POINT ( 'NONE', #954 ) ;
#389 = ORIENTED_EDGE ( 'NONE', *, *, #1003, .T. ) ;
#390 = EDGE_CURVE ( 'NONE', #1607, #1117, #495, .T. ) ;
#391 = CARTESIAN_POINT ( 'NONE',  ( 100.0000000000000000, -11.18376618407356737, -27.00000000000001066 ) ) ;
#392 = APPROVAL_DATE_TIME ( #222, #1265 ) ;
#393 = ORIENTED_EDGE ( 'NONE', *, *, #1388, .T. ) ;
#394 = CARTESIAN_POINT ( 'NONE',  ( 100.0000000000000000, 11.18376618407357981, -27.00000000000000711 ) ) ;
#395 = LINE ( 'NONE', #1073, #47 ) ;
#396 = AXIS2_PLACEMENT_3D ( 'NONE', #295, #277, #1087 ) ;
#397 = ORIENTED_EDGE ( 'NONE', *, *, #424, .T. ) ;
#398 = VECTOR ( 'NONE', #419, 1000.000000000000114 ) ;
#399 = AXIS2_PLACEMENT_3D ( 'NONE', #310, #847, #735 ) ;
#400 = LINE ( 'NONE', #1509, #309 ) ;
#401 = EDGE_LOOP ( 'NONE', ( #233, #246, #1150, #299 ) ) ;
#402 = CARTESIAN_POINT ( 'NONE',  ( 35.42404795545846241, 15.78552068416404985, 18.60422768856957276 ) ) ;
#403 = DIRECTION ( 'NONE',  ( 0.000000000000000000, -0.7071067811865474617, -0.7071067811865476838 ) ) ;
#404 = EDGE_CURVE ( 'NONE', #101, #1708, #701, .T. ) ;
#405 = EDGE_LOOP ( 'NONE', ( #587, #1237, #132, #911, #1580, #1444, #1568 ) ) ;
#406 = CARTESIAN_POINT ( 'NONE',  ( 31.85339842400231802, 12.07353346043584352, 23.28180559889159795 ) ) ;
#407 = ORIENTED_EDGE ( 'NONE', *, *, #1056, .T. ) ;
#408 = AXIS2_PLACEMENT_3D ( 'NONE', #884, #453, #318 ) ;
#409 = CARTESIAN_POINT ( 'NONE',  ( 72.85870000782796296, -5.827385755291344616, 41.18272481461904988 ) ) ;
#410 = CC_DESIGN_APPROVAL ( #1265, ( #915 ) ) ;
#411 = CARTESIAN_POINT ( 'NONE',  ( 40.47680770120870619, 7.094805792908248421, -4.327772390136026992E-14 ) ) ;
#412 = EDGE_CURVE ( 'NONE', #18, #1195, #1077, .T. ) ;
#413 = EDGE_LOOP ( 'NONE', ( #1306, #1328, #798, #725 ) ) ;
#414 = AXIS2_PLACEMENT_3D ( 'NONE', #1485, #268, #1352 ) ;
#415 = LINE ( 'NONE', #1372, #1473 ) ;
#416 = CARTESIAN_POINT ( 'NONE',  ( 63.12311808293215165, -0.2065449102355383371, -25.00000000000000711 ) ) ;
#417 = ORIENTED_EDGE ( 'NONE', *, *, #619, .F. ) ;
#418 = DIRECTION ( 'NONE',  ( 3.122502256758252770E-17, -2.949029909160572061E-17, -1.000000000000000000 ) ) ;
#419 = DIRECTION ( 'NONE',  ( -0.3779644730092280303, -0.6546536707079722017, 0.6546536707079815276 ) ) ;
#420 = CARTESIAN_POINT ( 'NONE',  ( 67.28124025810464559, -2.607237867394384789, 22.05141197121139029 ) ) ;
#421 = DIRECTION ( 'NONE',  ( -1.000000000000000000, -2.438116051963287623E-16, 0.000000000000000000 ) ) ;
#422 = VECTOR ( 'NONE', #862, 1000.000000000000000 ) ;
#423 = ADVANCED_FACE ( 'NONE', ( #1360 ), #1503, .F. ) ;
#424 = EDGE_CURVE ( 'NONE', #524, #1041, #1231, .T. ) ;
#425 = VECTOR ( 'NONE', #259, 1000.000000000000000 ) ;
#426 = CARTESIAN_POINT ( 'NONE',  ( 100.0000000000000000, -19.09188309203679523, 19.09188309203678813 ) ) ;
#427 = ORIENTED_EDGE ( 'NONE', *, *, #1678, .F. ) ;
#428 = CYLINDRICAL_SURFACE ( 'NONE', #111, 0.6999999999999975131 ) ;
#429 = DIRECTION ( 'NONE',  ( -5.873533801571539623E-17, 6.956576534195151015E-15, 1.000000000000000000 ) ) ;
#430 = FACE_OUTER_BOUND ( 'NONE', #1082, .T. ) ;
#431 = PLANE ( 'NONE',  #255 ) ;
#432 = ADVANCED_FACE ( 'NONE', ( #1091 ), #428, .F. ) ;
#433 = CARTESIAN_POINT ( 'NONE',  ( 37.84169417004233793, 12.15322521504269204, 23.20211384428475299 ) ) ;
#434 = ORIENTED_EDGE ( 'NONE', *, *, #766, .T. ) ;
#435 = CARTESIAN_POINT ( 'NONE',  ( 70.22534518471718457, -4.307017639296702782, 19.10282394242277348 ) ) ;
#436 = CARTESIAN_POINT ( 'NONE',  ( 53.16309015875422261, 31.19832078209049087, 4.157018277236688597 ) ) ;
#437 = FACE_OUTER_BOUND ( 'NONE', #1427, .T. ) ;
#438 = CARTESIAN_POINT ( 'NONE',  ( -0.001999999999995061284, 15.78552068416404275, -1.004766515912731781E-15 ) ) ;
#439 = VECTOR ( 'NONE', #1652, 1000.000000000000114 ) ;
#440 = CARTESIAN_POINT ( 'NONE',  ( 15.69134295108999488, 27.17820323027556384, -1.880562725539305274E-13 ) ) ;
#441 = ORIENTED_EDGE ( 'NONE', *, *, #942, .T. ) ;
#442 = ADVANCED_FACE ( 'NONE', ( #1118 ), #336, .T. ) ;
#443 = PLANE ( 'NONE',  #1042 ) ;
#444 = CARTESIAN_POINT ( 'NONE',  ( 100.0000000000000000, -19.09188309203678813, -19.09188309203678813 ) ) ;
#445 = CARTESIAN_POINT ( 'NONE',  ( 42.97680770120870619, 11.42493281183043763, -7.316440361900096127E-14 ) ) ;
#446 = CARTESIAN_POINT ( 'NONE',  ( 66.67423163382466100, -2.256781274766246348, -22.05075516720891926 ) ) ;
#447 = ORIENTED_EDGE ( 'NONE', *, *, #981, .T. ) ;
#448 = CIRCLE ( 'NONE', #650, 0.6999999999999975131 ) ;
#449 = DIRECTION ( 'NONE',  ( 0.000000000000000000, -0.7071067811865526798, -0.7071067811865424657 ) ) ;
#450 = VECTOR ( 'NONE', #608, 999.9999999999998863 ) ;
#451 = ORIENTED_EDGE ( 'NONE', *, *, #642, .T. ) ;
#452 = DIRECTION ( 'NONE',  ( 0.5000000000000009992, 0.8660254037844380415, -5.995204332975845318E-15 ) ) ;
#453 = DIRECTION ( 'NONE',  ( 1.000000000000000000, 4.996003610813203446E-16, 3.122502256758251537E-17 ) ) ;
#454 = FACE_BOUND ( 'NONE', #95, .T. ) ;
#455 = LINE ( 'NONE', #1426, #1643 ) ;
#456 = ADVANCED_FACE ( 'NONE', ( #480 ), #40, .T. ) ;
#457 = VERTEX_POINT ( 'NONE', #1006 ) ;
#458 = ORIENTED_EDGE ( 'NONE', *, *, #1058, .F. ) ;
#459 = DIRECTION ( 'NONE',  ( -0.8660254037844380415, 0.5000000000000009992, 0.000000000000000000 ) ) ;
#460 = ORIENTED_EDGE ( 'NONE', *, *, #766, .F. ) ;
#461 = CARTESIAN_POINT ( 'NONE',  ( 40.55825658440259929, 12.82128395016716382, -22.14574391330365088 ) ) ;
#462 = CARTESIAN_POINT ( 'NONE',  ( 100.0000000000000000, -17.67766952966355731, 17.67766952966381311 ) ) ;
#463 = CARTESIAN_POINT ( 'NONE',  ( 35.70389490890237028, 9.850448278365071531, 21.80211384428478283 ) ) ;
#464 = VECTOR ( 'NONE', #1250, 1000.000000000000000 ) ;
#465 = EDGE_CURVE ( 'NONE', #732, #1438, #726, .T. ) ;
#466 = VERTEX_POINT ( 'NONE', #1136 ) ;
#467 = VECTOR ( 'NONE', #727, 1000.000000000000000 ) ;
#468 = LINE ( 'NONE', #297, #899 ) ;
#469 = VERTEX_POINT ( 'NONE', #1394 ) ;
#470 = CARTESIAN_POINT ( 'NONE',  ( 66.67502247545553473, -2.257237867394383368, 22.05141197121139029 ) ) ;
#471 = APPLICATION_PROTOCOL_DEFINITION ( 'international standard', 'config_control_design', 1994, #1127 ) ;
#472 = CARTESIAN_POINT ( 'NONE',  ( 100.0000000000000000, 27.00000000000001776, 4.187992942670208871E-15 ) ) ;
#473 = DIRECTION ( 'NONE',  ( 1.000000000000000000, 2.438116051963287623E-16, 2.081668171172266813E-17 ) ) ;
#474 = ORIENTED_EDGE ( 'NONE', *, *, #567, .T. ) ;
#475 = EDGE_CURVE ( 'NONE', #1739, #732, #742, .T. ) ;
#476 = DIRECTION ( 'NONE',  ( -0.5000000000000011102, -0.8660254037844380415, 5.977335943528134799E-15 ) ) ;
#477 = EDGE_CURVE ( 'NONE', #732, #251, #614, .T. ) ;
#478 = EDGE_LOOP ( 'NONE', ( #1402, #1417, #36, #1375, #458 ) ) ;
#479 = VECTOR ( 'NONE', #686, 1000.000000000000000 ) ;
#480 = FACE_OUTER_BOUND ( 'NONE', #478, .T. ) ;
#481 = DIRECTION ( 'NONE',  ( -0.8660254037844379305, 0.5000000000000011102, 1.551108497285264517E-16 ) ) ;
#482 = VECTOR ( 'NONE', #1213, 1000.000000000000114 ) ;
#483 = CARTESIAN_POINT ( 'NONE',  ( 54.21728022436141003, 30.89400232301276716, -4.461336736314803986 ) ) ;
#484 = DIRECTION ( 'NONE',  ( 0.8660254037844379305, -0.5000000000000012212, 0.000000000000000000 ) ) ;
#485 = EDGE_LOOP ( 'NONE', ( #1596, #1070, #754 ) ) ;
#486 = ORIENTED_EDGE ( 'NONE', *, *, #1487, .F. ) ;
#487 = EDGE_CURVE ( 'NONE', #1286, #1315, #32, .T. ) ;
#488 = DIRECTION ( 'NONE',  ( 1.000000000000000000, 2.438116051963287623E-16, 2.081668171172267121E-17 ) ) ;
#489 = DIRECTION ( 'NONE',  ( -7.170738296993336879E-16, 7.370867579099568370E-15, 1.000000000000000000 ) ) ;
#490 = LINE ( 'NONE', #1575, #706 ) ;
#491 = ORIENTED_EDGE ( 'NONE', *, *, #1410, .T. ) ;
#492 = LOCAL_TIME ( 15, 45, 43.00000000000000000, #1166 ) ;
#493 = CARTESIAN_POINT ( 'NONE',  ( 38.64998454690780250, 13.55322521504267286, 21.80211384428475441 ) ) ;
#494 = ORIENTED_EDGE ( 'NONE', *, *, #59, .F. ) ;
#495 = CIRCLE ( 'NONE', #414, 0.7000000000000128342 ) ;
#496 = LINE ( 'NONE', #1316, #81 ) ;
#497 = APPROVAL_STATUS ( 'not_yet_approved' ) ;
#498 = VERTEX_POINT ( 'NONE', #68 ) ;
#499 = APPROVAL ( #69, 'UNSPECIFIED' ) ;
#500 = VECTOR ( 'NONE', #79, 1000.000000000000000 ) ;
#501 = CARTESIAN_POINT ( 'NONE',  ( 36.92726990229827777, 14.91763508850419839, -1.060889780570415350E-13 ) ) ;
#502 = FACE_OUTER_BOUND ( 'NONE', #1676, .T. ) ;
#503 = ORIENTED_EDGE ( 'NONE', *, *, #1600, .F. ) ;
#504 = DIRECTION ( 'NONE',  ( 0.000000000000000000, 0.7071067811865424657, -0.7071067811865526798 ) ) ;
#505 = ORIENTED_EDGE ( 'NONE', *, *, #1746, .F. ) ;
#506 = DIRECTION ( 'NONE',  ( -0.5000000000000011102, -0.8660254037844380415, 5.977335943528134799E-15 ) ) ;
#507 = VECTOR ( 'NONE', #1183, 1000.000000000000114 ) ;
#508 = ORIENTED_EDGE ( 'NONE', *, *, #970, .T. ) ;
#509 = EDGE_CURVE ( 'NONE', #466, #1074, #1667, .T. ) ;
#510 = VECTOR ( 'NONE', #106, 1000.000000000000000 ) ;
#511 = DIRECTION ( 'NONE',  ( 0.000000000000000000, -0.7071067811865475727, 0.7071067811865475727 ) ) ;
#512 = CARTESIAN_POINT ( 'NONE',  ( 100.0000000000000000, 24.99999999999992539, -10.35533905932756227 ) ) ;
#513 = AXIS2_PLACEMENT_3D ( 'NONE', #440, #986, #459 ) ;
#514 = EDGE_CURVE ( 'NONE', #712, #174, #327, .T. ) ;
#515 = ORIENTED_EDGE ( 'NONE', *, *, #145, .F. ) ;
#516 = PLANE ( 'NONE',  #1555 ) ;
#517 = ORIENTED_EDGE ( 'NONE', *, *, #264, .T. ) ;
#518 = CYLINDRICAL_SURFACE ( 'NONE', #794, 3.356829743068320937 ) ;
#519 = ORIENTED_EDGE ( 'NONE', *, *, #280, .T. ) ;
#520 = DIRECTION ( 'NONE',  ( 0.000000000000000000, -0.7071067811865474617, -0.7071067811865474617 ) ) ;
#521 = CARTESIAN_POINT ( 'NONE',  ( 70.70134518471716945, -10.35533905932718390, 25.00000000000008171 ) ) ;
#522 = PRODUCT_DEFINITION_SHAPE ( 'NONE', 'NONE',  #1313 ) ;
#523 = PERSON ( 'UNSPECIFIED', 'UNSPECIFIED', 'UNSPECIFIED', ('UNSPECIFIED'), ('UNSPECIFIED'), ('UNSPECIFIED') ) ;
#524 = VERTEX_POINT ( 'NONE', #1696 ) ;
#525 = EDGE_CURVE ( 'NONE', #1607, #1651, #1413, .T. ) ;
#526 = DIRECTION ( 'NONE',  ( -5.941614343384095873E-17, 6.956969597386572446E-15, 1.000000000000000000 ) ) ;
#527 = ORIENTED_EDGE ( 'NONE', *, *, #104, .T. ) ;
#528 = DIRECTION ( 'NONE',  ( 0.8660254037844380415, -0.5000000000000009992, 3.601673930696385198E-15 ) ) ;
#529 = DATE_TIME_ROLE ( 'creation_date' ) ;
#530 = ORIENTED_EDGE ( 'NONE', *, *, #1466, .T. ) ;
#531 = CARTESIAN_POINT ( 'NONE',  ( 100.0000000000000000, 27.00000000000001776, 11.18376618407356382 ) ) ;
#532 = DIRECTION ( 'NONE',  ( 0.5000000000000011102, 0.8660254037844380415, 0.000000000000000000 ) ) ;
#533 = AXIS2_PLACEMENT_3D ( 'NONE', #572, #1101, #546 ) ;
#534 = EDGE_LOOP ( 'NONE', ( #1062, #3, #582, #1339 ) ) ;
#535 = ADVANCED_FACE ( 'NONE', ( #1660 ), #443, .F. ) ;
#536 = DIRECTION ( 'NONE',  ( 0.000000000000000000, 0.7071067811865476838, -0.7071067811865474617 ) ) ;
#537 = ORIENTED_EDGE ( 'NONE', *, *, #379, .F. ) ;
#538 = LINE ( 'NONE', #1756, #154 ) ;
#539 = CARTESIAN_POINT ( 'NONE',  ( 67.72534518471719878, -8.637144658219026994, 6.406282889347088141E-14 ) ) ;
#540 = AXIS2_PLACEMENT_3D ( 'NONE', #697, #1648, #159 ) ;
#541 = ORIENTED_EDGE ( 'NONE', *, *, #332, .T. ) ;
#542 = VECTOR ( 'NONE', #1350, 1000.000000000000000 ) ;
#543 = CARTESIAN_POINT ( 'NONE',  ( 66.67502247545553473, -2.257237867394383368, 22.05141197121139029 ) ) ;
#544 = ORIENTED_EDGE ( 'NONE', *, *, #1246, .T. ) ;
#545 = EDGE_CURVE ( 'NONE', #457, #1059, #317, .T. ) ;
#546 = DIRECTION ( 'NONE',  ( 0.000000000000000000, 0.000000000000000000, -1.000000000000000000 ) ) ;
#547 = CARTESIAN_POINT ( 'NONE',  ( 66.67423163382466100, -2.256781274766246348, -22.05075516720891926 ) ) ;
#548 = EDGE_LOOP ( 'NONE', ( #1201, #802, #1494, #730 ) ) ;
#549 = FACE_OUTER_BOUND ( 'NONE', #1593, .T. ) ;
#550 = ORIENTED_EDGE ( 'NONE', *, *, #525, .T. ) ;
#551 = DIRECTION ( 'NONE',  ( -0.5000000000000011102, -0.8660254037844380415, 5.977335943528134799E-15 ) ) ;
#552 = DIRECTION ( 'NONE',  ( -0.8660254037844388186, 0.4999999999999996114, 0.000000000000000000 ) ) ;
#553 = CC_DESIGN_PERSON_AND_ORGANIZATION_ASSIGNMENT ( #1308, #1031, ( #37 ) ) ;
#554 = ORIENTED_EDGE ( 'NONE', *, *, #424, .F. ) ;
#555 = DIRECTION ( 'NONE',  ( 0.000000000000000000, 0.000000000000000000, -1.000000000000000000 ) ) ;
#556 = EDGE_CURVE ( 'NONE', #303, #1491, #883, .T. ) ;
#557 = VECTOR ( 'NONE', #224, 1000.000000000000000 ) ;
#558 = CYLINDRICAL_SURFACE ( 'NONE', #198, 0.6999999999999984013 ) ;
#559 = VERTEX_POINT ( 'NONE', #186 ) ;
#560 = DIRECTION ( 'NONE',  ( 1.195467188705623647E-14, 3.597861326352387786E-30, 1.000000000000000000 ) ) ;
#561 = CARTESIAN_POINT ( 'NONE',  ( 25.42404795545801122, 15.78552068416405341, -19.56981837516329747 ) ) ;
#562 = EDGE_CURVE ( 'NONE', #1074, #1457, #1527, .T. ) ;
#563 = CARTESIAN_POINT ( 'NONE',  ( 42.05439139380243319, 11.95749011521648875, 18.60422768856960474 ) ) ;
#564 = CARTESIAN_POINT ( 'NONE',  ( 100.0000000000000000, -10.35533905932719634, 25.00000000000007105 ) ) ;
#565 = CIRCLE ( 'NONE', #1445, 0.6999999999999984013 ) ;
#566 = EDGE_LOOP ( 'NONE', ( #889, #505 ) ) ;
#567 = EDGE_CURVE ( 'NONE', #1009, #243, #873, .T. ) ;
#568 = VECTOR ( 'NONE', #473, 1000.000000000000000 ) ;
#569 = VECTOR ( 'NONE', #901, 999.9999999999998863 ) ;
#570 = DIRECTION ( 'NONE',  ( -0.5000000000000011102, -0.8660254037844381525, 5.977335943528135588E-15 ) ) ;
#571 = ORIENTED_EDGE ( 'NONE', *, *, #302, .F. ) ;
#572 = CARTESIAN_POINT ( 'NONE',  ( 48.26537180435973085, 15.78552068416405341, 8.878658456885884970E-13 ) ) ;
#573 = DIRECTION ( 'NONE',  ( 0.000000000000000000, -1.000000000000000000, 7.035828143685951913E-15 ) ) ;
#574 = ORIENTED_EDGE ( 'NONE', *, *, #1235, .T. ) ;
#575 = CARTESIAN_POINT ( 'NONE',  ( 67.28124025810464559, -2.607237867394383013, 22.05141197121139029 ) ) ;
#576 = EDGE_CURVE ( 'NONE', #864, #1041, #1687, .T. ) ;
#577 = CARTESIAN_POINT ( 'NONE',  ( 70.22534518471722720, -4.307017639296669920, 25.00000000000002842 ) ) ;
#578 = ORIENTED_EDGE ( 'NONE', *, *, #920, .T. ) ;
#579 = DIRECTION ( 'NONE',  ( 0.000000000000000000, 1.000000000000000000, -6.932250489116995345E-15 ) ) ;
#580 = PLANE ( 'NONE',  #257 ) ;
#581 = CIRCLE ( 'NONE', #1110, 0.6999999999999975131 ) ;
#582 = ORIENTED_EDGE ( 'NONE', *, *, #1047, .T. ) ;
#583 = FACE_OUTER_BOUND ( 'NONE', #796, .T. ) ;
#584 = ORIENTED_EDGE ( 'NONE', *, *, #619, .T. ) ;
#585 = VECTOR ( 'NONE', #1396, 1000.000000000000114 ) ;
#586 = CARTESIAN_POINT ( 'NONE',  ( 38.09704363897421331, 14.24226590674355997, 21.11307315258385842 ) ) ;
#587 = ORIENTED_EDGE ( 'NONE', *, *, #51, .F. ) ;
#588 = EDGE_CURVE ( 'NONE', #1708, #864, #1279, .T. ) ;
#589 = CARTESIAN_POINT ( 'NONE',  ( 100.0000000000000000, -11.18376618407356737, -27.00000000000001066 ) ) ;
#590 = CARTESIAN_POINT ( 'NONE',  ( 100.0000000000000000, -25.00000000000000711, 1.842716894774892755E-13 ) ) ;
#591 = PLANE ( 'NONE',  #698 ) ;
#592 = LINE ( 'NONE', #1262, #1242 ) ;
#593 = ORIENTED_EDGE ( 'NONE', *, *, #789, .F. ) ;
#594 = CIRCLE ( 'NONE', #679, 2.000000000000000444 ) ;
#595 = LINE ( 'NONE', #845, #1189 ) ;
#596 = VECTOR ( 'NONE', #1008, 1000.000000000000000 ) ;
#597 = ORIENTED_EDGE ( 'NONE', *, *, #1293, .T. ) ;
#598 =( LENGTH_UNIT ( ) NAMED_UNIT ( * ) SI_UNIT ( .MILLI., .METRE. ) );
#599 = EDGE_CURVE ( 'NONE', #636, #1284, #23, .T. ) ;
#600 = LINE ( 'NONE', #849, #585 ) ;
#601 = CARTESIAN_POINT ( 'NONE',  ( 38.74576541134035779, 13.76986366733616407, 21.58547539199125609 ) ) ;
#602 = ORIENTED_EDGE ( 'NONE', *, *, #228, .T. ) ;
#603 = DIRECTION ( 'NONE',  ( 1.204964331316329209E-14, 0.000000000000000000, 1.000000000000000000 ) ) ;
#604 = EDGE_LOOP ( 'NONE', ( #962, #1611, #839, #1052 ) ) ;
#605 = DIRECTION ( 'NONE',  ( 6.145441609765876764E-17, 6.887184947303959704E-15, 1.000000000000000000 ) ) ;
#606 = LINE ( 'NONE', #590, #467 ) ;
#607 = DIRECTION ( 'NONE',  ( -1.000000000000000000, -0.000000000000000000, -0.000000000000000000 ) ) ;
#608 = DIRECTION ( 'NONE',  ( 0.7745966692414825161, -0.4472135954999555407, 0.4472135954999618690 ) ) ;
#609 = EDGE_CURVE ( 'NONE', #898, #673, #1327, .T. ) ;
#610 = ORIENTED_EDGE ( 'NONE', *, *, #1212, .F. ) ;
#611 = CARTESIAN_POINT ( 'NONE',  ( 40.47680770120869909, 7.094805792908110753, -19.29148782660716321 ) ) ;
#612 = VERTEX_POINT ( 'NONE', #231 ) ;
#613 = AXIS2_PLACEMENT_3D ( 'NONE', #1544, #751, #728 ) ;
#614 = LINE ( 'NONE', #1126, #1502 ) ;
#615 = COORDINATED_UNIVERSAL_TIME_OFFSET ( 5, 0, .BEHIND. ) ;
#616 = CARTESIAN_POINT ( 'NONE',  ( 100.0000000000000000, -27.00000000000001066, 0.000000000000000000 ) ) ;
#617 = EDGE_CURVE ( 'NONE', #612, #1420, #1157, .T. ) ;
#618 = ORIENTED_EDGE ( 'NONE', *, *, #271, .F. ) ;
#619 = EDGE_CURVE ( 'NONE', #1059, #1315, #750, .T. ) ;
#620 = ORIENTED_EDGE ( 'NONE', *, *, #1669, .F. ) ;
#621 = VECTOR ( 'NONE', #1048, 1000.000000000000000 ) ;
#622 = AXIS2_PLACEMENT_3D ( 'NONE', #1034, #941, #1480 ) ;
#623 = DIRECTION ( 'NONE',  ( 0.5000000000000009992, 0.8660254037844380415, -5.995204332975845318E-15 ) ) ;
#624 =( NAMED_UNIT ( * ) SI_UNIT ( $, .STERADIAN. ) SOLID_ANGLE_UNIT ( ) );
#625 = VECTOR ( 'NONE', #944, 1000.000000000000114 ) ;
#626 = CARTESIAN_POINT ( 'NONE',  ( 15.69134295108999488, 27.17820323027573792, 24.99999999999980815 ) ) ;
#627 = LINE ( 'NONE', #1567, #450 ) ;
#628 = ORIENTED_EDGE ( 'NONE', *, *, #960, .T. ) ;
#629 = DIRECTION ( 'NONE',  ( -0.5000000000000011102, -0.8660254037844380415, 5.977335943528134799E-15 ) ) ;
#630 = EDGE_LOOP ( 'NONE', ( #874, #660, #610, #1348 ) ) ;
#631 = CARTESIAN_POINT ( 'NONE',  ( 40.11537180435951910, 17.67766952966398719, 17.67766952966354310 ) ) ;
#632 = COORDINATED_UNIVERSAL_TIME_OFFSET ( 5, 0, .BEHIND. ) ;
#633 = ORIENTED_EDGE ( 'NONE', *, *, #1329, .F. ) ;
#634 = LINE ( 'NONE', #792, #72 ) ;
#635 = DIRECTION ( 'NONE',  ( -5.941614343384095873E-17, 6.956969597386572446E-15, 1.000000000000000000 ) ) ;
#636 = VERTEX_POINT ( 'NONE', #891 ) ;
#637 = DIRECTION ( 'NONE',  ( -1.000000000000000000, -0.000000000000000000, -0.000000000000000000 ) ) ;
#638 = EDGE_LOOP ( 'NONE', ( #836, #670, #1371, #1451, #1488, #1248 ) ) ;
#639 = DIRECTION ( 'NONE',  ( -7.771561172376098741E-16, -0.7071067811865422437, 0.7071067811865527908 ) ) ;
#640 = ORIENTED_EDGE ( 'NONE', *, *, #674, .F. ) ;
#641 = CIRCLE ( 'NONE', #1608, 3.356829743068320937 ) ;
#642 = EDGE_CURVE ( 'NONE', #1059, #1399, #1338, .T. ) ;
#643 = DIRECTION ( 'NONE',  ( 1.027216645012311721E-16, 6.863359290329441423E-15, 1.000000000000000000 ) ) ;
#644 = VECTOR ( 'NONE', #771, 1000.000000000000114 ) ;
#645 = LINE ( 'NONE', #1193, #1558 ) ;
#646 = ORIENTED_EDGE ( 'NONE', *, *, #412, .T. ) ;
#647 = CARTESIAN_POINT ( 'NONE',  ( 66.06801385117553593, -1.906781274766239154, -22.05075516720891926 ) ) ;
#648 = ORIENTED_EDGE ( 'NONE', *, *, #1573, .F. ) ;
#649 = DIRECTION ( 'NONE',  ( 0.8660254037844380415, -0.5000000000000011102, 3.390371388136675490E-15 ) ) ;
#650 = AXIS2_PLACEMENT_3D ( 'NONE', #1728, #1314, #1162 ) ;
#651 = PERSON_AND_ORGANIZATION ( #523, #1258 ) ;
#652 = ORIENTED_EDGE ( 'NONE', *, *, #609, .F. ) ;
#653 = CARTESIAN_POINT ( 'NONE',  ( -0.001999999999995061284, 15.78552068416404275, -3.356829743068320493 ) ) ;
#654 = LINE ( 'NONE', #1624, #900 ) ;
#655 = EDGE_CURVE ( 'NONE', #1548, #1219, #496, .T. ) ;
#656 = VECTOR ( 'NONE', #855, 1000.000000000000114 ) ;
#657 = CIRCLE ( 'NONE', #281, 2.000000000000000444 ) ;
#658 = ORIENTED_EDGE ( 'NONE', *, *, #1058, .T. ) ;
#659 = LINE ( 'NONE', #1455, #1010 ) ;
#660 = ORIENTED_EDGE ( 'NONE', *, *, #228, .F. ) ;
#661 = CARTESIAN_POINT ( 'NONE',  ( 42.35927746027752505, 10.35533905932718213, -25.00000000000008527 ) ) ;
#662 = VERTEX_POINT ( 'NONE', #1030 ) ;
#663 = LINE ( 'NONE', #1239, #1143 ) ;
#664 = CARTESIAN_POINT ( 'NONE',  ( 39.34582101910438467, 13.52128395016716311, -22.14574391330365088 ) ) ;
#665 = EDGE_CURVE ( 'NONE', #1121, #1604, #1307, .T. ) ;
#666 = EDGE_LOOP ( 'NONE', ( #389, #1184, #945, #352 ) ) ;
#667 = ADVANCED_FACE ( 'NONE', ( #910 ), #518, .T. ) ;
#668 = DIRECTION ( 'NONE',  ( -1.000000000000000000, -2.438116051963287623E-16, 0.000000000000000000 ) ) ;
#669 = SHAPE_DEFINITION_REPRESENTATION ( #522, #1215 ) ;
#670 = ORIENTED_EDGE ( 'NONE', *, *, #15, .T. ) ;
#671 = CYLINDRICAL_SURFACE ( 'NONE', #1174, 0.6999999999999975131 ) ;
#672 = DIRECTION ( 'NONE',  ( -0.5000000000000011102, -0.8660254037844380415, 6.024821656581659457E-15 ) ) ;
#673 = VERTEX_POINT ( 'NONE', #102 ) ;
#674 = EDGE_CURVE ( 'NONE', #261, #1309, #1199, .T. ) ;
#675 = LINE ( 'NONE', #20, #625 ) ;
#676 = ORIENTED_EDGE ( 'NONE', *, *, #1630, .F. ) ;
#677 = DIRECTION ( 'NONE',  ( -0.5000000000000011102, -0.8660254037844380415, 5.977335943528134799E-15 ) ) ;
#678 = FACE_OUTER_BOUND ( 'NONE', #34, .T. ) ;
#679 = AXIS2_PLACEMENT_3D ( 'NONE', #1719, #1057, #555 ) ;
#680 = ORIENTED_EDGE ( 'NONE', *, *, #776, .T. ) ;
#681 = AXIS2_PLACEMENT_3D ( 'NONE', #745, #752, #1160 ) ;
#682 = AXIS2_PLACEMENT_3D ( 'NONE', #1553, #452, #1259 ) ;
#683 = DIRECTION ( 'NONE',  ( 0.000000000000000000, 1.000000000000000000, -6.914872816614388630E-15 ) ) ;
#684 = ORIENTED_EDGE ( 'NONE', *, *, #1551, .F. ) ;
#685 = FACE_OUTER_BOUND ( 'NONE', #1018, .T. ) ;
#686 = DIRECTION ( 'NONE',  ( -1.604492902248310808E-16, 7.015301111883425154E-15, 1.000000000000000000 ) ) ;
#687 = VERTEX_POINT ( 'NONE', #361 ) ;
#688 = CARTESIAN_POINT ( 'NONE',  ( 96.06664199358154121, -24.99999999999992895, 10.35533905932754628 ) ) ;
#689 = LINE ( 'NONE', #797, #165 ) ;
#690 = EDGE_CURVE ( 'NONE', #11, #1505, #1458, .T. ) ;
#691 = ORIENTED_EDGE ( 'NONE', *, *, #288, .T. ) ;
#692 = LINE ( 'NONE', #409, #1745 ) ;
#693 = LOCAL_TIME ( 15, 45, 43.00000000000000000, #615 ) ;
#694 = CARTESIAN_POINT ( 'NONE',  ( 36.92726990229827777, 14.91763508850405628, -20.43770397082328216 ) ) ;
#695 = ADVANCED_FACE ( 'NONE', ( #1040, #1594 ), #212, .T. ) ;
#696 = EDGE_LOOP ( 'NONE', ( #1542, #1448, #407, #923, #1625 ) ) ;
#697 = CARTESIAN_POINT ( 'NONE',  ( 64.17423163382464679, -6.586908293688445326, -22.05075516720888729 ) ) ;
#698 = AXIS2_PLACEMENT_3D ( 'NONE', #1679, #1119, #329 ) ;
#699 = LINE ( 'NONE', #1088, #425 ) ;
#700 = ORIENTED_EDGE ( 'NONE', *, *, #875, .F. ) ;
#701 = LINE ( 'NONE', #130, #98 ) ;
#702 = LINE ( 'NONE', #1240, #7 ) ;
#703 = ADVANCED_FACE ( 'NONE', ( #786 ), #777, .T. ) ;
#704 = DIRECTION ( 'NONE',  ( 0.5000000000000009992, 0.8660254037844380415, -5.995204332975845318E-15 ) ) ;
#705 = CARTESIAN_POINT ( 'NONE',  ( 42.05439139380243319, 11.95749011521635907, -8.484853204926399618E-14 ) ) ;
#706 = VECTOR ( 'NONE', #894, 999.9999999999998863 ) ;
#707 = AXIS2_PLACEMENT_3D ( 'NONE', #1483, #1236, #683 ) ;
#708 = CARTESIAN_POINT ( 'NONE',  ( 37.65791343599438790, 14.17976468989022187, 21.17557436943719296 ) ) ;
#709 = VERTEX_POINT ( 'NONE', #1731 ) ;
#710 = DIRECTION ( 'NONE',  ( 5.233817088855670898E-17, -6.932250489116995345E-15, -1.000000000000000000 ) ) ;
#711 = CARTESIAN_POINT ( 'NONE',  ( 100.0000000000000000, -27.00000000000001066, -11.18376618407356737 ) ) ;
#712 = VERTEX_POINT ( 'NONE', #921 ) ;
#713 = LINE ( 'NONE', #1095, #161 ) ;
#714 = ADVANCED_FACE ( 'NONE', ( #1298 ), #114, .T. ) ;
#715 = VERTEX_POINT ( 'NONE', #661 ) ;
#716 = CARTESIAN_POINT ( 'NONE',  ( 31.85339842400231802, 12.07353346043568543, -8.511018991035647859E-14 ) ) ;
#717 = LINE ( 'NONE', #877, #180 ) ;
#718 = FACE_BOUND ( 'NONE', #566, .T. ) ;
#719 = CARTESIAN_POINT ( 'NONE',  ( 66.67502247545553473, -2.257237867394383368, 22.05141197121139029 ) ) ;
#720 = ORIENTED_EDGE ( 'NONE', *, *, #238, .T. ) ;
#721 = ORIENTED_EDGE ( 'NONE', *, *, #1564, .F. ) ;
#722 = VECTOR ( 'NONE', #885, 1000.000000000000000 ) ;
#723 = EDGE_CURVE ( 'NONE', #1211, #1345, #1198, .T. ) ;
#724 = CARTESIAN_POINT ( 'NONE',  ( 100.0000000000000000, -25.00000000000008527, -10.35533905932719101 ) ) ;
#725 = ORIENTED_EDGE ( 'NONE', *, *, #1678, .T. ) ;
#726 = LINE ( 'NONE', #589, #226 ) ;
#727 = DIRECTION ( 'NONE',  ( 0.000000000000000000, -7.370867579099568370E-15, -1.000000000000000000 ) ) ;
#728 = DIRECTION ( 'NONE',  ( 0.000000000000000000, -1.000000000000000000, 7.203347861392757775E-15 ) ) ;
#729 = DIRECTION ( 'NONE',  ( 0.8660254037844379305, -0.5000000000000012212, 0.000000000000000000 ) ) ;
#730 = ORIENTED_EDGE ( 'NONE', *, *, #1342, .T. ) ;
#731 = CARTESIAN_POINT ( 'NONE',  ( 100.0000000000000000, -25.00000000000008527, -10.35533905932719101 ) ) ;
#732 = VERTEX_POINT ( 'NONE', #391 ) ;
#733 = CC_DESIGN_PERSON_AND_ORGANIZATION_ASSIGNMENT ( #651, #1450, ( #915 ) ) ;
#734 = VECTOR ( 'NONE', #1099, 1000.000000000000114 ) ;
#735 = DIRECTION ( 'NONE',  ( 0.000000000000000000, 0.000000000000000000, -1.000000000000000000 ) ) ;
#736 = EDGE_CURVE ( 'NONE', #1332, #811, #1431, .T. ) ;
#737 = CARTESIAN_POINT ( 'NONE',  ( 70.22534518471718457, -4.307017639296702782, 19.10282394242277348 ) ) ;
#738 = CARTESIAN_POINT ( 'NONE',  ( 60.62469976619385648, -4.537585114414318888, 25.00000000000003197 ) ) ;
#739 = EDGE_LOOP ( 'NONE', ( #680, #393, #193, #1526 ) ) ;
#740 = CARTESIAN_POINT ( 'NONE',  ( 42.97680770120871330, 11.42493281183026888, -23.93040624749701095 ) ) ;
#741 = ORIENTED_EDGE ( 'NONE', *, *, #264, .F. ) ;
#742 = LINE ( 'NONE', #1111, #135 ) ;
#743 = DIRECTION ( 'NONE',  ( -1.000000000000000000, -0.000000000000000000, -0.000000000000000000 ) ) ;
#744 = CARTESIAN_POINT ( 'NONE',  ( 100.0000000000000000, 11.18376618407356382, 27.00000000000001421 ) ) ;
#745 = CARTESIAN_POINT ( 'NONE',  ( 36.92726990229827777, 14.91763508850419839, -1.060889780570415350E-13 ) ) ;
#746 = ADVANCED_FACE ( 'NONE', ( #1075 ), #143, .F. ) ;
#747 = ORIENTED_EDGE ( 'NONE', *, *, #1517, .F. ) ;
#748 = DIRECTION ( 'NONE',  ( 0.8660254037844380415, -0.5000000000000011102, 3.529940688301899790E-15 ) ) ;
#749 = ORIENTED_EDGE ( 'NONE', *, *, #172, .F. ) ;
#750 = LINE ( 'NONE', #1165, #1337 ) ;
#751 = DIRECTION ( 'NONE',  ( -0.000000000000000000, 7.203347861392757775E-15, 1.000000000000000000 ) ) ;
#752 = DIRECTION ( 'NONE',  ( 0.8660254037844380415, -0.5000000000000011102, 3.342720074187640504E-15 ) ) ;
#753 = ADVANCED_FACE ( 'NONE', ( #1206 ), #1067, .F. ) ;
#754 = ORIENTED_EDGE ( 'NONE', *, *, #1012, .T. ) ;
#755 = CARTESIAN_POINT ( 'NONE',  ( 25.42404795545822438, 15.78552068416404985, -3.356829743068319605 ) ) ;
#756 = ORIENTED_EDGE ( 'NONE', *, *, #801, .F. ) ;
#757 = CIRCLE ( 'NONE', #622, 0.6999999999999975131 ) ;
#758 = DIRECTION ( 'NONE',  ( -0.8660254037844368202, 0.5000000000000031086, 0.000000000000000000 ) ) ;
#759 = DATE_AND_TIME ( #769, #1686 ) ;
#760 = ORIENTED_EDGE ( 'NONE', *, *, #1355, .T. ) ;
#761 = AXIS2_PLACEMENT_3D ( 'NONE', #1650, #821, #929 ) ;
#762 = PLANE ( 'NONE',  #12 ) ;
#763 = DIRECTION ( 'NONE',  ( -0.7745966692414846255, 0.4472135954999568175, -0.4472135954999568175 ) ) ;
#764 = EDGE_LOOP ( 'NONE', ( #517, #778, #1029, #691 ) ) ;
#765 = DIRECTION ( 'NONE',  ( -6.245004513516505540E-17, 7.273695534770752147E-15, 1.000000000000000000 ) ) ;
#766 = EDGE_CURVE ( 'NONE', #1219, #144, #938, .T. ) ;
#767 = ORIENTED_EDGE ( 'NONE', *, *, #119, .T. ) ;
#768 = CARTESIAN_POINT ( 'NONE',  ( 94.33339333277305627, -23.99930841910955692, 14.18445776496402289 ) ) ;
#769 = CALENDAR_DATE ( 2026, 3, 4 ) ;
#770 = ORIENTED_EDGE ( 'NONE', *, *, #51, .T. ) ;
#771 = DIRECTION ( 'NONE',  ( 0.8660254037844380415, -0.5000000000000009992, 3.476696085130394159E-15 ) ) ;
#772 = CARTESIAN_POINT ( 'NONE',  ( 37.59767712625328073, 14.53057529728727459, 21.80211384428475085 ) ) ;
#773 = ORIENTED_EDGE ( 'NONE', *, *, #509, .F. ) ;
#774 = PLANE ( 'NONE',  #1151 ) ;
#775 = ORIENTED_EDGE ( 'NONE', *, *, #617, .T. ) ;
#776 = EDGE_CURVE ( 'NONE', #322, #1437, #1620, .T. ) ;
#777 = PLANE ( 'NONE',  #1039 ) ;
#778 = ORIENTED_EDGE ( 'NONE', *, *, #1097, .F. ) ;
#779 = LINE ( 'NONE', #904, #1295 ) ;
#780 = DESIGN_CONTEXT ( 'detailed design', #1225, 'design' ) ;
#781 = LINE ( 'NONE', #1616, #279 ) ;
#782 = ORIENTED_EDGE ( 'NONE', *, *, #1622, .F. ) ;
#783 = PRODUCT ( 'GearBottomG1.6', 'GearBottomG1.6', '', ( #1414 ) ) ;
#784 = DIRECTION ( 'NONE',  ( -1.000000000000000000, -0.000000000000000000, -0.000000000000000000 ) ) ;
#785 = ORIENTED_EDGE ( 'NONE', *, *, #1140, .T. ) ;
#786 = FACE_OUTER_BOUND ( 'NONE', #696, .T. ) ;
#787 = VECTOR ( 'NONE', #637, 1000.000000000000000 ) ;
#788 = VERTEX_POINT ( 'NONE', #1632 ) ;
#789 = EDGE_CURVE ( 'NONE', #811, #1020, #689, .T. ) ;
#790 = VECTOR ( 'NONE', #1065, 1000.000000000000000 ) ;
#791 =( BOUNDED_CURVE ( )  B_SPLINE_CURVE ( 3, ( #1407, #356, #601, #1434 ),
 .UNSPECIFIED., .F., .T. ) 
 B_SPLINE_CURVE_WITH_KNOTS ( ( 4, 4 ),
 ( 2.034443935795704039, 2.500760515555179087 ),
 .UNSPECIFIED. ) 
 CURVE ( )  GEOMETRIC_REPRESENTATION_ITEM ( )  RATIONAL_B_SPLINE_CURVE ( ( 1.000000000000000000, 0.9819610140264680709, 0.9819610140264680709, 1.000000000000000000 ) ) 
 REPRESENTATION_ITEM ( '' )  );
#792 = CARTESIAN_POINT ( 'NONE',  ( 100.0000000000000000, 27.00000000000001776, 4.187992942670208871E-15 ) ) ;
#793 = LINE ( 'NONE', #1585, #510 ) ;
#794 = AXIS2_PLACEMENT_3D ( 'NONE', #86, #488, #1603 ) ;
#795 = ADVANCED_FACE ( 'NONE', ( #549 ), #289, .F. ) ;
#796 = EDGE_LOOP ( 'NONE', ( #1627, #1243, #372, #1720 ) ) ;
#797 = CARTESIAN_POINT ( 'NONE',  ( 42.97680770120870619, 11.42493281183030973, -19.29148782660719519 ) ) ;
#798 = ORIENTED_EDGE ( 'NONE', *, *, #475, .F. ) ;
#799 = PLANE ( 'NONE',  #1578 ) ;
#800 = DIRECTION ( 'NONE',  ( 0.000000000000000000, 1.000000000000000000, 3.102216994570522624E-16 ) ) ;
#801 = EDGE_CURVE ( 'NONE', #636, #90, #675, .T. ) ;
#802 = ORIENTED_EDGE ( 'NONE', *, *, #1035, .F. ) ;
#803 = VECTOR ( 'NONE', #808, 1000.000000000000114 ) ;
#804 = CC_DESIGN_SECURITY_CLASSIFICATION ( #915, ( #37 ) ) ;
#805 = CARTESIAN_POINT ( 'NONE',  ( 100.0000000000000000, -10.35533905932719634, 25.00000000000007105 ) ) ;
#806 = ORIENTED_EDGE ( 'NONE', *, *, #907, .F. ) ;
#807 = LINE ( 'NONE', #4, #890 ) ;
#808 = DIRECTION ( 'NONE',  ( 0.000000000000000000, 0.7071067811865474617, 0.7071067811865474617 ) ) ;
#809 = ORIENTED_EDGE ( 'NONE', *, *, #205, .F. ) ;
#810 = DIRECTION ( 'NONE',  ( 0.000000000000000000, 0.7071067811865425767, -0.7071067811865525687 ) ) ;
#811 = VERTEX_POINT ( 'NONE', #961 ) ;
#812 = CARTESIAN_POINT ( 'NONE',  ( 100.0000000000000000, -24.99999999999992895, 10.35533905932754628 ) ) ;
#813 = DIRECTION ( 'NONE',  ( 1.199040866595166066E-14, 2.923400783805645720E-30, 1.000000000000000000 ) ) ;
#814 = VECTOR ( 'NONE', #403, 1000.000000000000000 ) ;
#815 = LINE ( 'NONE', #420, #919 ) ;
#816 = VECTOR ( 'NONE', #366, 1000.000000000000114 ) ;
#817 = LINE ( 'NONE', #149, #1384 ) ;
#818 = VECTOR ( 'NONE', #1050, 1000.000000000000000 ) ;
#819 = EDGE_CURVE ( 'NONE', #251, #174, #400, .T. ) ;
#820 = EDGE_CURVE ( 'NONE', #1264, #1560, #1476, .T. ) ;
#821 = DIRECTION ( 'NONE',  ( 3.094500929113953624E-16, -7.080694126508744142E-15, -1.000000000000000000 ) ) ;
#822 = ORIENTED_EDGE ( 'NONE', *, *, #1508, .T. ) ;
#823 = DIRECTION ( 'NONE',  ( 0.8660254037844380415, -0.5000000000000011102, 3.390371388136675490E-15 ) ) ;
#824 = LINE ( 'NONE', #711, #464 ) ;
#825 = DIRECTION ( 'NONE',  ( 0.000000000000000000, 0.000000000000000000, -1.000000000000000000 ) ) ;
#826 = DIRECTION ( 'NONE',  ( -1.000000000000000000, -0.000000000000000000, -0.000000000000000000 ) ) ;
#827 = PLANE ( 'NONE',  #761 ) ;
#828 = ORIENTED_EDGE ( 'NONE', *, *, #960, .F. ) ;
#829 = ADVANCED_FACE ( 'NONE', ( #1642 ), #827, .T. ) ;
#830 = CARTESIAN_POINT ( 'NONE',  ( 39.95203880175349553, 13.17128395016716347, -22.14574391330365088 ) ) ;
#831 = DIRECTION ( 'NONE',  ( -0.5000000000000011102, -0.8660254037844381525, 5.977335943528135588E-15 ) ) ;
#832 = ORIENTED_EDGE ( 'NONE', *, *, #509, .T. ) ;
#833 = CARTESIAN_POINT ( 'NONE',  ( 40.11537180435951910, 15.78552068416416709, -3.356829743067855976 ) ) ;
#834 = VECTOR ( 'NONE', #643, 1000.000000000000000 ) ;
#835 = DIRECTION ( 'NONE',  ( 0.5000000000000009992, 0.8660254037844381525, -5.995204332975845318E-15 ) ) ;
#836 = ORIENTED_EDGE ( 'NONE', *, *, #291, .T. ) ;
#837 = DIRECTION ( 'NONE',  ( 0.000000000000000000, -1.551108497285260326E-16, 1.000000000000000000 ) ) ;
#838 = CARTESIAN_POINT ( 'NONE',  ( 48.26537180435973085, 15.78552068416405341, 2.000000000000888178 ) ) ;
#839 = ORIENTED_EDGE ( 'NONE', *, *, #93, .T. ) ;
#840 = FACE_OUTER_BOUND ( 'NONE', #604, .T. ) ;
#841 = EDGE_CURVE ( 'NONE', #1221, #1167, #699, .T. ) ;
#842 = VECTOR ( 'NONE', #27, 1000.000000000000000 ) ;
#843 = ORIENTED_EDGE ( 'NONE', *, *, #1497, .F. ) ;
#844 = AXIS2_PLACEMENT_3D ( 'NONE', #547, #1224, #552 ) ;
#845 = CARTESIAN_POINT ( 'NONE',  ( 100.0000000000000000, -17.67766952966355731, 17.67766952966381311 ) ) ;
#846 = ORIENTED_EDGE ( 'NONE', *, *, #981, .F. ) ;
#847 = DIRECTION ( 'NONE',  ( 1.000000000000000000, 0.000000000000000000, 0.000000000000000000 ) ) ;
#848 = LINE ( 'NONE', #1158, #209 ) ;
#849 = CARTESIAN_POINT ( 'NONE',  ( 100.0000000000000000, 19.09188309203678813, 19.09188309203678813 ) ) ;
#850 = LINE ( 'NONE', #349, #568 ) ;
#851 = ORIENTED_EDGE ( 'NONE', *, *, #1047, .F. ) ;
#852 = ADVANCED_FACE ( 'NONE', ( #10 ), #558, .F. ) ;
#853 = DIRECTION ( 'NONE',  ( -0.5000000000000011102, -0.8660254037844380415, 5.977335943528134799E-15 ) ) ;
#854 = EDGE_LOOP ( 'NONE', ( #76, #1294 ) ) ;
#855 = DIRECTION ( 'NONE',  ( -0.5000000000000011102, -0.8660254037844380415, 5.977335943528134799E-15 ) ) ;
#856 = CARTESIAN_POINT ( 'NONE',  ( 38.09704363897421331, 14.24226590674355997, 21.11307315258385842 ) ) ;
#857 = APPROVAL_PERSON_ORGANIZATION ( #354, #861, #1595 ) ;
#858 = LINE ( 'NONE', #1662, #1028 ) ;
#859 = DIRECTION ( 'NONE',  ( -0.5000000000000011102, -0.8660254037844381525, 5.977335943528135588E-15 ) ) ;
#860 = ORIENTED_EDGE ( 'NONE', *, *, #1035, .T. ) ;
#861 = APPROVAL ( #1022, 'UNSPECIFIED' ) ;
#862 = DIRECTION ( 'NONE',  ( 1.000000000000000000, 2.438116051963287623E-16, 2.081668171172266813E-17 ) ) ;
#863 = EDGE_CURVE ( 'NONE', #1588, #469, #1366, .T. ) ;
#864 = VERTEX_POINT ( 'NONE', #406 ) ;
#865 = DIRECTION ( 'NONE',  ( 0.7745966692414802957, -0.4472135954999605367, -0.4472135954999605367 ) ) ;
#866 =( NAMED_UNIT ( * ) PLANE_ANGLE_UNIT ( ) SI_UNIT ( $, .RADIAN. ) );
#867 = DIRECTION ( 'NONE',  ( -1.604492902248310808E-16, 7.015301111883425154E-15, 1.000000000000000000 ) ) ;
#868 = CARTESIAN_POINT ( 'NONE',  ( 39.16586740412874690, 13.20959514602365914, -22.14574391330364733 ) ) ;
#869 = ORIENTED_EDGE ( 'NONE', *, *, #1435, .F. ) ;
#870 = AXIS2_PLACEMENT_3D ( 'NONE', #371, #1709, #1037 ) ;
#871 = ADVANCED_FACE ( 'NONE', ( #1626 ), #1490, .T. ) ;
#872 = DIRECTION ( 'NONE',  ( -1.000000000000000000, -0.000000000000000000, -0.000000000000000000 ) ) ;
#873 = CIRCLE ( 'NONE', #399, 2.000000000000000444 ) ;
#874 = ORIENTED_EDGE ( 'NONE', *, *, #841, .F. ) ;
#875 = EDGE_CURVE ( 'NONE', #322, #1219, #1356, .T. ) ;
#876 = DIRECTION ( 'NONE',  ( 0.000000000000000000, 0.7071067811865474617, -0.7071067811865474617 ) ) ;
#877 = CARTESIAN_POINT ( 'NONE',  ( 15.69134295108999844, 15.78552068416404630, 18.60422768856957632 ) ) ;
#878 = FACE_OUTER_BOUND ( 'NONE', #534, .T. ) ;
#879 = LINE ( 'NONE', #216, #933 ) ;
#880 = ORIENTED_EDGE ( 'NONE', *, *, #1368, .T. ) ;
#881 = DIRECTION ( 'NONE',  ( 0.5000000000000011102, 0.8660254037844380415, 0.000000000000000000 ) ) ;
#882 = ORIENTED_EDGE ( 'NONE', *, *, #1324, .T. ) ;
#883 = LINE ( 'NONE', #461, #656 ) ;
#884 = CARTESIAN_POINT ( 'NONE',  ( 40.11537180435774275, 1.110223024625156540E-13, -4.440892098500626162E-13 ) ) ;
#885 = DIRECTION ( 'NONE',  ( -1.000000000000000000, -0.000000000000000000, -0.000000000000000000 ) ) ;
#886 = CARTESIAN_POINT ( 'NONE',  ( 99.53074360871917747, -27.00000000000001066, -11.18376618407356737 ) ) ;
#887 = ORIENTED_EDGE ( 'NONE', *, *, #970, .F. ) ;
#888 = CARTESIAN_POINT ( 'NONE',  ( 100.0000000000000000, 10.35533905932718568, -25.00000000000007816 ) ) ;
#889 = ORIENTED_EDGE ( 'NONE', *, *, #1481, .F. ) ;
#890 = VECTOR ( 'NONE', #1749, 1000.000000000000114 ) ;
#891 = CARTESIAN_POINT ( 'NONE',  ( 66.06880469280643808, -1.907237867394383501, 22.05141197121139029 ) ) ;
#892 = APPROVAL_DATE_TIME ( #1712, #861 ) ;
#893 = LINE ( 'NONE', #124, #924 ) ;
#894 = DIRECTION ( 'NONE',  ( 0.8660254037844381525, -0.5000000000000009992, 3.808338704919101633E-15 ) ) ;
#895 = ADVANCED_FACE ( 'NONE', ( #952 ), #282, .F. ) ;
#896 = VERTEX_POINT ( 'NONE', #1665 ) ;
#897 = CARTESIAN_POINT ( 'NONE',  ( 6.000000000000158096, 27.00000000000001776, 1.162108492398306627E-12 ) ) ;
#898 = VERTEX_POINT ( 'NONE', #1124 ) ;
#899 = VECTOR ( 'NONE', #603, 1000.000000000000000 ) ;
#900 = VECTOR ( 'NONE', #926, 1000.000000000000114 ) ;
#901 = DIRECTION ( 'NONE',  ( 0.8660254037844381525, -0.5000000000000009992, 3.808338704919101633E-15 ) ) ;
#902 = PERSON_AND_ORGANIZATION_ROLE ( 'creator' ) ;
#903 = EDGE_LOOP ( 'NONE', ( #1744, #1695, #782, #1267, #544, #1732, #554, #597 ) ) ;
#904 = CARTESIAN_POINT ( 'NONE',  ( 93.35359743565972224, -23.43362299416047279, -11.92171606516682303 ) ) ;
#905 = DIRECTION ( 'NONE',  ( 1.000000000000000000, 2.438116051963287623E-16, 2.081668171172266813E-17 ) ) ;
#906 = VERTEX_POINT ( 'NONE', #30 ) ;
#907 = EDGE_CURVE ( 'NONE', #1501, #1113, #298, .T. ) ;
#908 = LINE ( 'NONE', #1601, #507 ) ;
#909 = VERTEX_POINT ( 'NONE', #740 ) ;
#910 = FACE_OUTER_BOUND ( 'NONE', #1570, .T. ) ;
#911 = ORIENTED_EDGE ( 'NONE', *, *, #347, .F. ) ;
#912 = DIRECTION ( 'NONE',  ( 6.145441609765876764E-17, 6.887184947303959704E-15, 1.000000000000000000 ) ) ;
#913 = CARTESIAN_POINT ( 'NONE',  ( 100.0000000000000000, -19.09188309203679523, 19.09188309203678813 ) ) ;
#914 = EDGE_LOOP ( 'NONE', ( #984, #447, #1674, #1409 ) ) ;
#915 = SECURITY_CLASSIFICATION ( '', '', #87 ) ;
#916 = EDGE_CURVE ( 'NONE', #1264, #18, #595, .T. ) ;
#917 = LINE ( 'NONE', #239, #19 ) ;
#918 = EDGE_LOOP ( 'NONE', ( #618, #1552, #88, #537, #460, #305, #374, #809, #846, #290, #1717, #378, #397, #1631, #1736, #658, #519, #113, #417, #451, #822, #1076, #181, #749 ) ) ;
#919 = VECTOR ( 'NONE', #1103, 1000.000000000000114 ) ;
#920 = EDGE_CURVE ( 'NONE', #469, #1604, #968, .T. ) ;
#921 = CARTESIAN_POINT ( 'NONE',  ( 6.000000000000020428, 27.00000000000002132, -11.18376618407356737 ) ) ;
#922 = PERSON_AND_ORGANIZATION ( #523, #1258 ) ;
#923 = ORIENTED_EDGE ( 'NONE', *, *, #280, .F. ) ;
#924 = VECTOR ( 'NONE', #1441, 1000.000000000000000 ) ;
#925 = DIRECTION ( 'NONE',  ( 0.000000000000000000, 7.370867579099568370E-15, 1.000000000000000000 ) ) ;
#926 = DIRECTION ( 'NONE',  ( -0.7745966692414826271, 0.4472135954999617580, 0.4472135954999553742 ) ) ;
#927 = ORIENTED_EDGE ( 'NONE', *, *, #562, .T. ) ;
#928 = EDGE_CURVE ( 'NONE', #243, #1009, #657, .T. ) ;
#929 = DIRECTION ( 'NONE',  ( 0.000000000000000000, 1.000000000000000000, -7.080694126508744142E-15 ) ) ;
#930 = AXIS2_PLACEMENT_3D ( 'NONE', #1514, #826, #1610 ) ;
#931 = ORIENTED_EDGE ( 'NONE', *, *, #1164, .F. ) ;
#932 = ADVANCED_FACE ( 'NONE', ( #315, #57 ), #307, .T. ) ;
#933 = VECTOR ( 'NONE', #340, 999.9999999999998863 ) ;
#934 = FACE_OUTER_BOUND ( 'NONE', #401, .T. ) ;
#935 = CARTESIAN_POINT ( 'NONE',  ( 64.17502247545550631, -6.587364886316604107, 22.05141197121141872 ) ) ;
#936 = VECTOR ( 'NONE', #266, 1000.000000000000000 ) ;
#937 = ORIENTED_EDGE ( 'NONE', *, *, #1303, .F. ) ;
#938 = LINE ( 'NONE', #137, #1700 ) ;
#939 = ORIENTED_EDGE ( 'NONE', *, *, #332, .F. ) ;
#940 = DIRECTION ( 'NONE',  ( 0.8660254037844379305, -0.5000000000000012212, 0.000000000000000000 ) ) ;
#941 = DIRECTION ( 'NONE',  ( -0.5000000000000011102, -0.8660254037844380415, 6.024821656581659457E-15 ) ) ;
#942 = EDGE_CURVE ( 'NONE', #1358, #612, #468, .T. ) ;
#943 = ORIENTED_EDGE ( 'NONE', *, *, #381, .T. ) ;
#944 = DIRECTION ( 'NONE',  ( -0.5000000000000011102, -0.8660254037844380415, 5.977335943528134799E-15 ) ) ;
#945 = ORIENTED_EDGE ( 'NONE', *, *, #412, .F. ) ;
#946 = LINE ( 'NONE', #1492, #439 ) ;
#947 = DIRECTION ( 'NONE',  ( 0.8660254037844380415, -0.5000000000000011102, 3.646603717295606389E-15 ) ) ;
#948 = VECTOR ( 'NONE', #925, 1000.000000000000000 ) ;
#949 = ORIENTED_EDGE ( 'NONE', *, *, #1507, .F. ) ;
#950 = FACE_OUTER_BOUND ( 'NONE', #903, .T. ) ;
#951 = EDGE_CURVE ( 'NONE', #1726, #1501, #1381, .T. ) ;
#952 = FACE_OUTER_BOUND ( 'NONE', #1602, .T. ) ;
#953 = ORIENTED_EDGE ( 'NONE', *, *, #1430, .F. ) ;
#954 = CARTESIAN_POINT ( 'NONE',  ( 70.22534518471719878, -4.307017639296959466, -19.10151033441781721 ) ) ;
#955 = CARTESIAN_POINT ( 'NONE',  ( 38.20389490890238449, 14.18057529728727495, 21.80211384428475085 ) ) ;
#956 = DIRECTION ( 'NONE',  ( 1.000000000000000000, 4.996003610813203446E-16, 1.040834085586083948E-17 ) ) ;
#957 = VECTOR ( 'NONE', #1269, 1000.000000000000114 ) ;
#958 = CARTESIAN_POINT ( 'NONE',  ( 34.42726990229827067, 10.58750806958187773, -19.29148782660718808 ) ) ;
#959 = AXIS2_PLACEMENT_3D ( 'NONE', #1229, #1004, #173 ) ;
#960 = EDGE_CURVE ( 'NONE', #273, #1263, #1533, .T. ) ;
#961 = CARTESIAN_POINT ( 'NONE',  ( 42.97680770120870619, 11.42493281183030973, -19.29148782660719519 ) ) ;
#962 = ORIENTED_EDGE ( 'NONE', *, *, #1349, .F. ) ;
#963 = DIRECTION ( 'NONE',  ( 0.5000000000000009992, 0.8660254037844381525, -5.995204332975845318E-15 ) ) ;
#964 = DIRECTION ( 'NONE',  ( 0.8660254037844387076, -0.5000000000000001110, 0.000000000000000000 ) ) ;
#965 = PLANE ( 'NONE',  #1141 ) ;
#966 = CARTESIAN_POINT ( 'NONE',  ( 63.12469976619386358, -0.2074580954922978782, 5.283247825836529017E-15 ) ) ;
#967 = EDGE_CURVE ( 'NONE', #1644, #612, #1116, .T. ) ;
#968 = LINE ( 'NONE', #1382, #1418 ) ;
#969 = ORIENTED_EDGE ( 'NONE', *, *, #1190, .F. ) ;
#970 = EDGE_CURVE ( 'NONE', #92, #1726, #1725, .T. ) ;
#971 = CARTESIAN_POINT ( 'NONE',  ( 33.39452055357401150, 11.18376618407356027, 27.00000000000001421 ) ) ;
#972 = CYLINDRICAL_SURFACE ( 'NONE', #1228, 0.7000000000000128342 ) ;
#973 = VERTEX_POINT ( 'NONE', #724 ) ;
#974 = LINE ( 'NONE', #1738, #1336 ) ;
#975 = EDGE_LOOP ( 'NONE', ( #316, #527, #770, #1685, #1181 ) ) ;
#976 = VECTOR ( 'NONE', #607, 1000.000000000000000 ) ;
#977 = CARTESIAN_POINT ( 'NONE',  ( 44.36195533612552566, 33.73898956159991513, 1.616349497727230577 ) ) ;
#978 = ORIENTED_EDGE ( 'NONE', *, *, #674, .T. ) ;
#979 = DIRECTION ( 'NONE',  ( 0.000000000000000000, -0.7071067811865475727, -0.7071067811865475727 ) ) ;
#980 = APPROVAL_DATE_TIME ( #1705, #499 ) ;
#981 = EDGE_CURVE ( 'NONE', #469, #1173, #1108, .T. ) ;
#982 = PLANE ( 'NONE',  #1292 ) ;
#983 = DIRECTION ( 'NONE',  ( -0.5000000000000011102, -0.8660254037844380415, 5.977335943528134799E-15 ) ) ;
#984 = ORIENTED_EDGE ( 'NONE', *, *, #920, .F. ) ;
#985 = AXIS2_PLACEMENT_3D ( 'NONE', #935, #672, #1210 ) ;
#986 = DIRECTION ( 'NONE',  ( 0.5000000000000009992, 0.8660254037844380415, -5.995204332975845318E-15 ) ) ;
#987 = ORIENTED_EDGE ( 'NONE', *, *, #195, .F. ) ;
#988 = DIRECTION ( 'NONE',  ( 0.000000000000000000, 0.7071067811865474617, -0.7071067811865474617 ) ) ;
#989 = EDGE_CURVE ( 'NONE', #1588, #1167, #45, .T. ) ;
#990 = DIRECTION ( 'NONE',  ( 0.8660254037844381525, -0.5000000000000009992, 3.517914071842983056E-15 ) ) ;
#991 = CYLINDRICAL_SURFACE ( 'NONE', #1699, 0.6999999999999975131 ) ;
#992 = ORIENTED_EDGE ( 'NONE', *, *, #1532, .F. ) ;
#993 = FACE_OUTER_BOUND ( 'NONE', #764, .T. ) ;
#994 = EDGE_LOOP ( 'NONE', ( #350, #1214, #1516, #141 ) ) ;
#995 = DIRECTION ( 'NONE',  ( -0.5000000000000011102, -0.8660254037844380415, 5.977335943528134799E-15 ) ) ;
#996 = FACE_OUTER_BOUND ( 'NONE', #638, .T. ) ;
#997 = DIRECTION ( 'NONE',  ( -0.000000000000000000, 0.7071067811865526798, 0.7071067811865424657 ) ) ;
#998 = CARTESIAN_POINT ( 'NONE',  ( 66.06801385117553593, -1.906781274766240042, -22.05075516720891926 ) ) ;
#999 = ADVANCED_FACE ( 'NONE', ( #993 ), #1684, .T. ) ;
#1000 = VECTOR ( 'NONE', #560, 1000.000000000000000 ) ;
#1001 = EDGE_LOOP ( 'NONE', ( #326, #294, #1429, #1751, #1472, #767, #22, #530 ) ) ;
#1002 = EDGE_LOOP ( 'NONE', ( #103, #593, #382, #129 ) ) ;
#1003 = EDGE_CURVE ( 'NONE', #973, #1005, #192, .T. ) ;
#1004 = DIRECTION ( 'NONE',  ( 3.087155939910720172E-16, -7.080270063359374579E-15, -1.000000000000000000 ) ) ;
#1005 = VERTEX_POINT ( 'NONE', #1419 ) ;
#1006 = CARTESIAN_POINT ( 'NONE',  ( 63.12469976619386358, -0.2074580954921799170, 19.10282394242274506 ) ) ;
#1007 = DIRECTION ( 'NONE',  ( 0.000000000000000000, -1.000000000000000000, -1.551108497285261312E-16 ) ) ;
#1008 = DIRECTION ( 'NONE',  ( -1.000000000000000000, -0.000000000000000000, -0.000000000000000000 ) ) ;
#1009 = VERTEX_POINT ( 'NONE', #66 ) ;
#1010 = VECTOR ( 'NONE', #1569, 1000.000000000000114 ) ;
#1011 = VECTOR ( 'NONE', #573, 1000.000000000000000 ) ;
#1012 = EDGE_CURVE ( 'NONE', #1482, #864, #201, .T. ) ;
#1013 = FACE_OUTER_BOUND ( 'NONE', #1389, .T. ) ;
#1014 = ORIENTED_EDGE ( 'NONE', *, *, #967, .T. ) ;
#1015 = CARTESIAN_POINT ( 'NONE',  ( 67.28044941647377186, -2.606781274766252654, -22.05075516720891926 ) ) ;
#1016 = CARTESIAN_POINT ( 'NONE',  ( 100.0000000000000000, 17.67766952966380956, 17.67766952966356087 ) ) ;
#1017 = FACE_OUTER_BOUND ( 'NONE', #8, .T. ) ;
#1018 = EDGE_LOOP ( 'NONE', ( #1133, #185 ) ) ;
#1019 = LINE ( 'NONE', #1428, #1357 ) ;
#1020 = VERTEX_POINT ( 'NONE', #611 ) ;
#1021 = DIRECTION ( 'NONE',  ( 0.5000000000000011102, 0.8660254037844380415, 0.000000000000000000 ) ) ;
#1022 = APPROVAL_STATUS ( 'not_yet_approved' ) ;
#1023 = EDGE_CURVE ( 'NONE', #1332, #1173, #1019, .T. ) ;
#1024 = FACE_OUTER_BOUND ( 'NONE', #666, .T. ) ;
#1025 = CARTESIAN_POINT ( 'NONE',  ( 36.31011269155147403, 9.500448278365070109, 21.80211384428478283 ) ) ;
#1026 = ORIENTED_EDGE ( 'NONE', *, *, #562, .F. ) ;
#1027 = CARTESIAN_POINT ( 'NONE',  ( 39.39719979969487440, 13.49162039736260965, -21.86371866196470037 ) ) ;
#1028 = VECTOR ( 'NONE', #206, 1000.000000000000114 ) ;
#1029 = ORIENTED_EDGE ( 'NONE', *, *, #1561, .F. ) ;
#1030 = CARTESIAN_POINT ( 'NONE',  ( 63.56801385117552883, -6.236908293688440352, -22.05075516720888729 ) ) ;
#1031 = PERSON_AND_ORGANIZATION_ROLE ( 'creator' ) ;
#1032 = ORIENTED_EDGE ( 'NONE', *, *, #1190, .T. ) ;
#1033 = CARTESIAN_POINT ( 'NONE',  ( 13.19134295108998955, 22.84807621135323785, -19.29148782660727690 ) ) ;
#1034 = CARTESIAN_POINT ( 'NONE',  ( 37.45203880175348843, 8.841156931244972483, -22.14574391330361891 ) ) ;
#1035 = EDGE_CURVE ( 'NONE', #208, #498, #351, .T. ) ;
#1036 = EDGE_LOOP ( 'NONE', ( #169, #1469, #26, #1055, #578, #227, #953, #640, #992, #1135, #515, #927 ) ) ;
#1037 = DIRECTION ( 'NONE',  ( 0.000000000000000000, 0.000000000000000000, -1.000000000000000000 ) ) ;
#1038 = ORIENTED_EDGE ( 'NONE', *, *, #907, .T. ) ;
#1039 = AXIS2_PLACEMENT_3D ( 'NONE', #1571, #649, #1187 ) ;
#1040 = FACE_OUTER_BOUND ( 'NONE', #739, .T. ) ;
#1041 = VERTEX_POINT ( 'NONE', #210 ) ;
#1042 = AXIS2_PLACEMENT_3D ( 'NONE', #196, #979, #988 ) ;
#1043 = CARTESIAN_POINT ( 'NONE',  ( 100.0000000000000000, 25.00000000000007461, 10.35533905932718035 ) ) ;
#1044 = LINE ( 'NONE', #913, #814 ) ;
#1045 = EDGE_CURVE ( 'NONE', #341, #11, #908, .T. ) ;
#1046 = ORIENTED_EDGE ( 'NONE', *, *, #1329, .T. ) ;
#1047 = EDGE_CURVE ( 'NONE', #973, #466, #112, .T. ) ;
#1048 = DIRECTION ( 'NONE',  ( -1.000000000000000000, -0.000000000000000000, -0.000000000000000000 ) ) ;
#1049 = ORIENTED_EDGE ( 'NONE', *, *, #1254, .T. ) ;
#1050 = DIRECTION ( 'NONE',  ( -0.7745966692414802957, 0.4472135954999605367, 0.4472135954999607033 ) ) ;
#1051 = PERSON_AND_ORGANIZATION_ROLE ( 'design_supplier' ) ;
#1052 = ORIENTED_EDGE ( 'NONE', *, *, #928, .T. ) ;
#1053 = DIRECTION ( 'NONE',  ( 1.000000000000000000, -0.000000000000000000, 0.000000000000000000 ) ) ;
#1054 = CARTESIAN_POINT ( 'NONE',  ( -0.001999999999995061284, 15.78552068416404275, 19.56981837516331879 ) ) ;
#1055 = ORIENTED_EDGE ( 'NONE', *, *, #863, .T. ) ;
#1056 = EDGE_CURVE ( 'NONE', #270, #906, #1694, .T. ) ;
#1057 = DIRECTION ( 'NONE',  ( 1.000000000000000000, 0.000000000000000000, 0.000000000000000000 ) ) ;
#1058 = EDGE_CURVE ( 'NONE', #1708, #1505, #659, .T. ) ;
#1059 = VERTEX_POINT ( 'NONE', #1464 ) ;
#1060 = VECTOR ( 'NONE', #276, 1000.000000000000227 ) ;
#1061 = DIRECTION ( 'NONE',  ( 0.8660254037844380415, -0.5000000000000011102, 3.529154561919058900E-15 ) ) ;
#1062 = ORIENTED_EDGE ( 'NONE', *, *, #271, .T. ) ;
#1063 = VECTOR ( 'NONE', #292, 1000.000000000000114 ) ;
#1064 = DIRECTION ( 'NONE',  ( 0.000000000000000000, 1.551108497285261312E-16, -1.000000000000000000 ) ) ;
#1065 = DIRECTION ( 'NONE',  ( -1.000000000000000000, -0.000000000000000000, -0.000000000000000000 ) ) ;
#1066 = ORIENTED_EDGE ( 'NONE', *, *, #1388, .F. ) ;
#1067 = PLANE ( 'NONE',  #707 ) ;
#1068 =( BOUNDED_CURVE ( )  B_SPLINE_CURVE ( 3, ( #1319, #1742, #96, #117 ),
 .UNSPECIFIED., .F., .T. ) 
 B_SPLINE_CURVE_WITH_KNOTS ( ( 4, 4 ),
 ( 4.712388980384699444, 7.853981633974486343 ),
 .UNSPECIFIED. ) 
 CURVE ( )  GEOMETRIC_REPRESENTATION_ITEM ( )  RATIONAL_B_SPLINE_CURVE ( ( 1.000000000000000000, 0.3333333333333354798, 0.3333333333333354798, 1.000000000000000000 ) ) 
 REPRESENTATION_ITEM ( '' )  );
#1069 = AXIS2_PLACEMENT_3D ( 'NONE', #446, #1227, #1531 ) ;
#1070 = ORIENTED_EDGE ( 'NONE', *, *, #217, .T. ) ;
#1071 = VECTOR ( 'NONE', #320, 1000.000000000000114 ) ;
#1072 = PLANE ( 'NONE',  #296 ) ;
#1073 = CARTESIAN_POINT ( 'NONE',  ( 67.72534518471719878, -8.637144658219019888, 6.411233161906115212E-14 ) ) ;
#1074 = VERTEX_POINT ( 'NONE', #888 ) ;
#1075 = FACE_OUTER_BOUND ( 'NONE', #630, .T. ) ;
#1076 = ORIENTED_EDGE ( 'NONE', *, *, #1368, .F. ) ;
#1077 = LINE ( 'NONE', #812, #1171 ) ;
#1078 = CYLINDRICAL_SURFACE ( 'NONE', #1255, 2.000000000000000444 ) ;
#1079 = EDGE_CURVE ( 'NONE', #303, #261, #448, .T. ) ;
#1080 = CARTESIAN_POINT ( 'NONE',  ( 94.33339333277295680, -23.99930841910970258, -14.18445776496387367 ) ) ;
#1081 = DIRECTION ( 'NONE',  ( 0.000000000000000000, 0.7071067811865474617, 0.7071067811865476838 ) ) ;
#1082 = EDGE_LOOP ( 'NONE', ( #360, #1758, #760, #887, #283, #1713 ) ) ;
#1083 = DIRECTION ( 'NONE',  ( -0.8660254037844379305, 0.5000000000000012212, 0.000000000000000000 ) ) ;
#1084 = FACE_OUTER_BOUND ( 'NONE', #975, .T. ) ;
#1085 = ADVANCED_FACE ( 'NONE', ( #1447 ), #774, .F. ) ;
#1086 = ORIENTED_EDGE ( 'NONE', *, *, #1056, .F. ) ;
#1087 = DIRECTION ( 'NONE',  ( 0.000000000000000000, -0.7071067811865527908, -0.7071067811865422437 ) ) ;
#1088 = CARTESIAN_POINT ( 'NONE',  ( 40.11537180435951910, 15.78552068416405518, 0.000000000000000000 ) ) ;
#1089 = ORIENTED_EDGE ( 'NONE', *, *, #1637, .F. ) ;
#1090 = VECTOR ( 'NONE', #784, 1000.000000000000000 ) ;
#1091 = FACE_OUTER_BOUND ( 'NONE', #200, .T. ) ;
#1092 = CARTESIAN_POINT ( 'NONE',  ( 100.0000000000000000, 1.758957035921487678E-13, 24.99999999999999645 ) ) ;
#1093 = CARTESIAN_POINT ( 'NONE',  ( 100.0000000000000000, 25.00000000000007461, 10.35533905932718035 ) ) ;
#1094 = VECTOR ( 'NONE', #1677, 999.9999999999998863 ) ;
#1095 = CARTESIAN_POINT ( 'NONE',  ( 25.42404795545824214, 15.78552068416404985, -3.049648272079730077E-13 ) ) ;
#1096 = ORIENTED_EDGE ( 'NONE', *, *, #1132, .T. ) ;
#1097 = EDGE_CURVE ( 'NONE', #1599, #898, #917, .T. ) ;
#1098 = ADVANCED_FACE ( 'NONE', ( #1013 ), #516, .T. ) ;
#1099 = DIRECTION ( 'NONE',  ( -0.5000000000000011102, -0.8660254037844380415, 5.977335943528134799E-15 ) ) ;
#1100 = VERTEX_POINT ( 'NONE', #1296 ) ;
#1101 = DIRECTION ( 'NONE',  ( 1.000000000000000000, 0.000000000000000000, 0.000000000000000000 ) ) ;
#1102 = DIRECTION ( 'NONE',  ( -0.5000000000000011102, -0.8660254037844381525, 5.977335943528135588E-15 ) ) ;
#1103 = DIRECTION ( 'NONE',  ( -0.5000000000000011102, -0.8660254037844380415, 5.977335943528134799E-15 ) ) ;
#1104 = DIRECTION ( 'NONE',  ( -0.000000000000000000, 1.000000000000000000, 0.000000000000000000 ) ) ;
#1105 = VERTEX_POINT ( 'NONE', #755 ) ;
#1106 = EDGE_CURVE ( 'NONE', #498, #712, #1305, .T. ) ;
#1107 = EDGE_CURVE ( 'NONE', #1656, #1161, #1641, .T. ) ;
#1108 = LINE ( 'NONE', #1266, #223 ) ;
#1109 = ORIENTED_EDGE ( 'NONE', *, *, #514, .T. ) ;
#1110 = AXIS2_PLACEMENT_3D ( 'NONE', #1260, #41, #337 ) ;
#1111 = CARTESIAN_POINT ( 'NONE',  ( 100.0000000000000000, -19.09188309203678813, -19.09188309203678813 ) ) ;
#1112 = LINE ( 'NONE', #1636, #1152 ) ;
#1113 = VERTEX_POINT ( 'NONE', #493 ) ;
#1114 = PLANE ( 'NONE',  #133 ) ;
#1115 = ORIENTED_EDGE ( 'NONE', *, *, #723, .T. ) ;
#1116 = LINE ( 'NONE', #184, #278 ) ;
#1117 = VERTEX_POINT ( 'NONE', #647 ) ;
#1118 = FACE_OUTER_BOUND ( 'NONE', #405, .T. ) ;
#1119 = DIRECTION ( 'NONE',  ( -0.5000000000000012212, -0.8660254037844380415, 6.024821656581660245E-15 ) ) ;
#1120 = LINE ( 'NONE', #63, #1071 ) ;
#1121 = VERTEX_POINT ( 'NONE', #1027 ) ;
#1122 = ORIENTED_EDGE ( 'NONE', *, *, #64, .T. ) ;
#1123 = VECTOR ( 'NONE', #865, 1000.000000000000227 ) ;
#1124 = CARTESIAN_POINT ( 'NONE',  ( 40.11537180435841066, 24.99999999999946709, 10.35533905932728516 ) ) ;
#1125 = ORIENTED_EDGE ( 'NONE', *, *, #1481, .T. ) ;
#1126 = CARTESIAN_POINT ( 'NONE',  ( 100.0000000000000000, 4.187992942670204927E-15, -27.00000000000001066 ) ) ;
#1127 = APPLICATION_CONTEXT ( 'configuration controlled 3d designs of mechanical parts and assemblies' ) ;
#1128 = PLANE ( 'NONE',  #408 ) ;
#1129 = CC_DESIGN_DATE_AND_TIME_ASSIGNMENT ( #1572, #1317, ( #915 ) ) ;
#1130 = DIRECTION ( 'NONE',  ( 0.3779644730092282523, 0.6546536707079818607, 0.6546536707079720907 ) ) ;
#1131 = CARTESIAN_POINT ( 'NONE',  ( 39.39719979969487440, 13.49162039736260965, -21.86371866196470037 ) ) ;
#1132 = EDGE_CURVE ( 'NONE', #90, #687, #565, .T. ) ;
#1133 = ORIENTED_EDGE ( 'NONE', *, *, #1107, .T. ) ;
#1134 = DIRECTION ( 'NONE',  ( 1.027216645012311721E-16, 6.863359290329441423E-15, 1.000000000000000000 ) ) ;
#1135 = ORIENTED_EDGE ( 'NONE', *, *, #104, .F. ) ;
#1136 = CARTESIAN_POINT ( 'NONE',  ( 100.0000000000000000, -10.35533905932755516, -24.99999999999992895 ) ) ;
#1137 = LOCAL_TIME ( 15, 45, 43.00000000000000000, #232 ) ;
#1138 = FACE_OUTER_BOUND ( 'NONE', #548, .T. ) ;
#1139 = DIRECTION ( 'NONE',  ( 0.8660254037844368202, -0.5000000000000031086, 0.000000000000000000 ) ) ;
#1140 = EDGE_CURVE ( 'NONE', #115, #358, #1323, .T. ) ;
#1141 = AXIS2_PLACEMENT_3D ( 'NONE', #1513, #704, #1654 ) ;
#1142 = ORIENTED_EDGE ( 'NONE', *, *, #1205, .T. ) ;
#1143 = VECTOR ( 'NONE', #418, 1000.000000000000000 ) ;
#1144 = CARTESIAN_POINT ( 'NONE',  ( 37.03340379317685205, 13.55322521504266753, 21.80211384428475796 ) ) ;
#1145 = ORIENTED_EDGE ( 'NONE', *, *, #64, .F. ) ;
#1146 = DIRECTION ( 'NONE',  ( 0.000000000000000000, 1.000000000000000000, -7.203347861392757775E-15 ) ) ;
#1147 = CALENDAR_DATE ( 2026, 3, 4 ) ;
#1148 = DIRECTION ( 'NONE',  ( -5.873533801571539623E-17, 6.956576534195151015E-15, 1.000000000000000000 ) ) ;
#1149 = DIRECTION ( 'NONE',  ( -0.5000000000000011102, -0.8660254037844380415, 6.024821656581659457E-15 ) ) ;
#1150 = ORIENTED_EDGE ( 'NONE', *, *, #1681, .F. ) ;
#1151 = AXIS2_PLACEMENT_3D ( 'NONE', #1334, #748, #1562 ) ;
#1152 = VECTOR ( 'NONE', #813, 1000.000000000000000 ) ;
#1153 = CARTESIAN_POINT ( 'NONE',  ( 100.0000000000000000, -17.67766952966381666, -17.67766952966356442 ) ) ;
#1154 = VECTOR ( 'NONE', #995, 1000.000000000000114 ) ;
#1155 = EDGE_CURVE ( 'NONE', #179, #1420, #359, .T. ) ;
#1156 = ORIENTED_EDGE ( 'NONE', *, *, #951, .T. ) ;
#1157 = LINE ( 'NONE', #768, #818 ) ;
#1158 = CARTESIAN_POINT ( 'NONE',  ( 88.19134295108980837, -20.45319397786876792, -27.00000000000001421 ) ) ;
#1159 = CARTESIAN_POINT ( 'NONE',  ( 41.12938905040249438, 10.35533905932754628, 24.99999999999992539 ) ) ;
#1160 = DIRECTION ( 'NONE',  ( 0.5000000000000011102, 0.8660254037844380415, 0.000000000000000000 ) ) ;
#1161 = VERTEX_POINT ( 'NONE', #1172 ) ;
#1162 = DIRECTION ( 'NONE',  ( -0.8660254037844379305, 0.5000000000000012212, 0.000000000000000000 ) ) ;
#1163 = EDGE_LOOP ( 'NONE', ( #1275, #1089 ) ) ;
#1164 = EDGE_CURVE ( 'NONE', #1161, #1656, #594, .T. ) ;
#1165 = CARTESIAN_POINT ( 'NONE',  ( 60.62469976619386358, -4.537585114414488530, 3.516992754347720459E-14 ) ) ;
#1166 = COORDINATED_UNIVERSAL_TIME_OFFSET ( 5, 0, .BEHIND. ) ;
#1167 = VERTEX_POINT ( 'NONE', #1523 ) ;
#1168 = DIRECTION ( 'NONE',  ( -1.000000000000000000, -0.000000000000000000, -0.000000000000000000 ) ) ;
#1169 = CARTESIAN_POINT ( 'NONE',  ( 72.13622305514546440, -11.18376618407356737, -27.00000000000001066 ) ) ;
#1170 = ORIENTED_EDGE ( 'NONE', *, *, #347, .T. ) ;
#1171 = VECTOR ( 'NONE', #1628, 1000.000000000000000 ) ;
#1172 = CARTESIAN_POINT ( 'NONE',  ( 48.26537180435973085, 15.78552068416405341, -1.999999999999112710 ) ) ;
#1173 = VERTEX_POINT ( 'NONE', #958 ) ;
#1174 = AXIS2_PLACEMENT_3D ( 'NONE', #830, #274, #940 ) ;
#1175 = CARTESIAN_POINT ( 'NONE',  ( 42.05439139380243319, 11.95749011521648875, 18.60422768856960474 ) ) ;
#1176 = ORIENTED_EDGE ( 'NONE', *, *, #545, .F. ) ;
#1177 = CC_DESIGN_DATE_AND_TIME_ASSIGNMENT ( #759, #529, ( #1313 ) ) ;
#1178 = CARTESIAN_POINT ( 'NONE',  ( 100.0000000000000000, 0.000000000000000000, 0.000000000000000000 ) ) ;
#1179 = PLANE ( 'NONE',  #110 ) ;
#1180 = ADVANCED_FACE ( 'NONE', ( #950 ), #431, .F. ) ;
#1181 = ORIENTED_EDGE ( 'NONE', *, *, #1612, .F. ) ;
#1182 = VECTOR ( 'NONE', #91, 1000.000000000000000 ) ;
#1183 = DIRECTION ( 'NONE',  ( 0.8660254037844380415, -0.5000000000000009992, 3.511451430135605617E-15 ) ) ;
#1184 = ORIENTED_EDGE ( 'NONE', *, *, #172, .T. ) ;
#1185 = AXIS2_PLACEMENT_3D ( 'NONE', #1370, #947, #14 ) ;
#1186 = VECTOR ( 'NONE', #345, 1000.000000000000114 ) ;
#1187 = DIRECTION ( 'NONE',  ( 0.5000000000000011102, 0.8660254037844380415, 0.000000000000000000 ) ) ;
#1188 = EDGE_LOOP ( 'NONE', ( #486, #1454, #1032, #1122 ) ) ;
#1189 = VECTOR ( 'NONE', #449, 1000.000000000000000 ) ;
#1190 = EDGE_CURVE ( 'NONE', #457, #1286, #1506, .T. ) ;
#1191 = PRODUCT_RELATED_PRODUCT_CATEGORY ( 'detail', '', ( #783 ) ) ;
#1192 = CARTESIAN_POINT ( 'NONE',  ( 96.06664199358156964, -25.00000000000000711, 1.814511813882482645E-13 ) ) ;
#1193 = CARTESIAN_POINT ( 'NONE',  ( 72.85870000782797717, -5.827385755291930813, -41.18272481461895751 ) ) ;
#1194 = ADVANCED_FACE ( 'NONE', ( #840 ), #304, .T. ) ;
#1195 = VERTEX_POINT ( 'NONE', #688 ) ;
#1196 = DIRECTION ( 'NONE',  ( 0.000000000000000000, -0.000000000000000000, 1.000000000000000000 ) ) ;
#1197 = ORIENTED_EDGE ( 'NONE', *, *, #617, .F. ) ;
#1198 = LINE ( 'NONE', #1740, #1244 ) ;
#1199 =( BOUNDED_CURVE ( )  B_SPLINE_CURVE ( 3, ( #1581, #383, #1613, #94 ),
 .UNSPECIFIED., .F., .T. ) 
 B_SPLINE_CURVE_WITH_KNOTS ( ( 4, 4 ),
 ( 4.761360802816244409, 7.390334024973681970 ),
 .UNSPECIFIED. ) 
 CURVE ( )  GEOMETRIC_REPRESENTATION_ITEM ( )  RATIONAL_B_SPLINE_CURVE ( ( 1.000000000000000000, 0.5023417038354446307, 0.5023417038354446307, 1.000000000000000000 ) ) 
 REPRESENTATION_ITEM ( '' )  );
#1200 = CALENDAR_DATE ( 2026, 3, 4 ) ;
#1201 = ORIENTED_EDGE ( 'NONE', *, *, #1106, .F. ) ;
#1202 = DIRECTION ( 'NONE',  ( 0.000000000000000000, 0.000000000000000000, -1.000000000000000000 ) ) ;
#1203 = CARTESIAN_POINT ( 'NONE',  ( 100.0000000000000000, 24.99999999999992539, -10.35533905932756227 ) ) ;
#1204 = ORIENTED_EDGE ( 'NONE', *, *, #344, .F. ) ;
#1205 = EDGE_CURVE ( 'NONE', #1278, #1211, #415, .T. ) ;
#1206 = FACE_OUTER_BOUND ( 'NONE', #1002, .T. ) ;
#1207 = ORIENTED_EDGE ( 'NONE', *, *, #1012, .F. ) ;
#1208 = CIRCLE ( 'NONE', #215, 0.6999999999999975131 ) ;
#1209 = CARTESIAN_POINT ( 'NONE',  ( 100.0000000000000000, 10.35533905932754628, 24.99999999999992539 ) ) ;
#1210 = DIRECTION ( 'NONE',  ( 0.8660254037844368202, -0.5000000000000031086, 0.000000000000000000 ) ) ;
#1211 = VERTEX_POINT ( 'NONE', #314 ) ;
#1212 = EDGE_CURVE ( 'NONE', #1588, #1105, #713, .T. ) ;
#1213 = DIRECTION ( 'NONE',  ( 0.8660254037844380415, -0.5000000000000009992, 3.476696085130394159E-15 ) ) ;
#1214 = ORIENTED_EDGE ( 'NONE', *, *, #819, .F. ) ;
#1215 = ADVANCED_BREP_SHAPE_REPRESENTATION ( 'GearBottomG1.6', ( #237, #1462 ), #1373 ) ;
#1216 = CIRCLE ( 'NONE', #1387, 0.6999999999999975131 ) ;
#1217 = DIRECTION ( 'NONE',  ( 0.000000000000000000, -1.000000000000000000, -1.551108497285260326E-16 ) ) ;
#1218 = FACE_OUTER_BOUND ( 'NONE', #308, .T. ) ;
#1219 = VERTEX_POINT ( 'NONE', #1364 ) ;
#1220 = DIRECTION ( 'NONE',  ( -5.873533801571539623E-17, 6.956576534195151015E-15, 1.000000000000000000 ) ) ;
#1221 = VERTEX_POINT ( 'NONE', #833 ) ;
#1222 = ADVANCED_FACE ( 'NONE', ( #170 ), #1495, .T. ) ;
#1223 = DIRECTION ( 'NONE',  ( -0.8660254037844368202, 0.5000000000000031086, 0.000000000000000000 ) ) ;
#1224 = DIRECTION ( 'NONE',  ( 0.5000000000000009992, 0.8660254037844381525, -5.995204332975845318E-15 ) ) ;
#1225 = APPLICATION_CONTEXT ( 'configuration controlled 3d designs of mechanical parts and assemblies' ) ;
#1226 = EDGE_LOOP ( 'NONE', ( #721, #1354 ) ) ;
#1227 = DIRECTION ( 'NONE',  ( -0.5000000000000011102, -0.8660254037844381525, 5.977335943528135588E-15 ) ) ;
#1228 = AXIS2_PLACEMENT_3D ( 'NONE', #1520, #1102, #1493 ) ;
#1229 = CARTESIAN_POINT ( 'NONE',  ( 15.69134295109000199, 27.17820323027542884, -19.10151033441806234 ) ) ;
#1230 = ORIENTED_EDGE ( 'NONE', *, *, #74, .T. ) ;
#1231 = LINE ( 'NONE', #13, #1000 ) ;
#1232 = FACE_OUTER_BOUND ( 'NONE', #1638, .T. ) ;
#1233 = LINE ( 'NONE', #1080, #1060 ) ;
#1234 = CARTESIAN_POINT ( 'NONE',  ( 67.72534518471719878, -8.637144658219163773, -19.10151033441778878 ) ) ;
#1235 = EDGE_CURVE ( 'NONE', #1113, #1398, #817, .T. ) ;
#1236 = DIRECTION ( 'NONE',  ( 2.223915919675120147E-17, -6.914872816614388630E-15, -1.000000000000000000 ) ) ;
#1237 = ORIENTED_EDGE ( 'NONE', *, *, #1532, .T. ) ;
#1238 = VECTOR ( 'NONE', #526, 1000.000000000000000 ) ;
#1239 = CARTESIAN_POINT ( 'NONE',  ( 40.11537180435951910, 15.78552068416405518, 0.000000000000000000 ) ) ;
#1240 = CARTESIAN_POINT ( 'NONE',  ( 100.0000000000000000, -10.35533905932755516, -24.99999999999992895 ) ) ;
#1241 = ADVANCED_FACE ( 'NONE', ( #583 ), #142, .F. ) ;
#1242 = VECTOR ( 'NONE', #1283, 1000.000000000000000 ) ;
#1243 = ORIENTED_EDGE ( 'NONE', *, *, #1435, .T. ) ;
#1244 = VECTOR ( 'NONE', #528, 1000.000000000000114 ) ;
#1245 = DIRECTION ( 'NONE',  ( 6.145441609765876764E-17, 6.887184947303959704E-15, 1.000000000000000000 ) ) ;
#1246 = EDGE_CURVE ( 'NONE', #101, #1482, #1397, .T. ) ;
#1247 = CARTESIAN_POINT ( 'NONE',  ( 37.03340379317685205, 13.55322521504266753, 21.80211384428475796 ) ) ;
#1248 = ORIENTED_EDGE ( 'NONE', *, *, #609, .T. ) ;
#1249 = DIRECTION ( 'NONE',  ( 0.8660254037844379305, -0.5000000000000012212, 0.000000000000000000 ) ) ;
#1250 = DIRECTION ( 'NONE',  ( -1.000000000000000000, -0.000000000000000000, -0.000000000000000000 ) ) ;
#1251 = ORIENTED_EDGE ( 'NONE', *, *, #916, .T. ) ;
#1252 = FACE_OUTER_BOUND ( 'NONE', #267, .T. ) ;
#1253 = ORIENTED_EDGE ( 'NONE', *, *, #1155, .F. ) ;
#1254 = EDGE_CURVE ( 'NONE', #1651, #662, #306, .T. ) ;
#1255 = AXIS2_PLACEMENT_3D ( 'NONE', #1629, #743, #346 ) ;
#1256 = CARTESIAN_POINT ( 'NONE',  ( 40.11537180435972516, 15.78552068416405341, 8.878658456885884970E-13 ) ) ;
#1257 = VERTEX_POINT ( 'NONE', #1234 ) ;
#1258 = ORGANIZATION ( 'UNSPECIFIED', 'UNSPECIFIED', '' ) ;
#1259 = DIRECTION ( 'NONE',  ( -0.8660254037844380415, 0.5000000000000009992, 0.000000000000000000 ) ) ;
#1260 = CARTESIAN_POINT ( 'NONE',  ( 37.45203880175348843, 8.841156931244972483, -22.14574391330361891 ) ) ;
#1261 = FACE_BOUND ( 'NONE', #854, .T. ) ;
#1262 = CARTESIAN_POINT ( 'NONE',  ( 48.26537180435973085, 15.78552068416405341, -1.999999999999112710 ) ) ;
#1263 = VERTEX_POINT ( 'NONE', #17 ) ;
#1264 = VERTEX_POINT ( 'NONE', #564 ) ;
#1265 = APPROVAL ( #497, 'UNSPECIFIED' ) ;
#1266 = CARTESIAN_POINT ( 'NONE',  ( 34.42726990229827777, 10.58750806958200918, -7.620229833940084993E-14 ) ) ;
#1267 = ORIENTED_EDGE ( 'NONE', *, *, #1714, .F. ) ;
#1268 = ADVANCED_FACE ( 'NONE', ( #1252 ), #1114, .F. ) ;
#1269 = DIRECTION ( 'NONE',  ( -0.5000000000000011102, -0.8660254037844380415, 5.977335943528134799E-15 ) ) ;
#1270 = PLANE ( 'NONE',  #125 ) ;
#1271 = AXIS2_PLACEMENT_3D ( 'NONE', #1411, #333, #1541 ) ;
#1272 = LINE ( 'NONE', #1016, #1436 ) ;
#1273 = CARTESIAN_POINT ( 'NONE',  ( 39.22213449289893816, 13.30705260256760702, -22.04828645675971188 ) ) ;
#1274 = AXIS2_PLACEMENT_3D ( 'NONE', #1331, #254, #800 ) ;
#1275 = ORIENTED_EDGE ( 'NONE', *, *, #390, .F. ) ;
#1276 = VECTOR ( 'NONE', #152, 1000.000000000000000 ) ;
#1277 = DIRECTION ( 'NONE',  ( -0.8660254037844379305, 0.5000000000000012212, 0.000000000000000000 ) ) ;
#1278 = VERTEX_POINT ( 'NONE', #1639 ) ;
#1279 = LINE ( 'NONE', #716, #1592 ) ;
#1280 = LINE ( 'NONE', #61, #1683 ) ;
#1281 = EDGE_CURVE ( 'NONE', #11, #709, #1380, .T. ) ;
#1282 = CARTESIAN_POINT ( 'NONE',  ( 48.26537180435973085, 15.78552068416405341, 2.000000000000888178 ) ) ;
#1283 = DIRECTION ( 'NONE',  ( -1.000000000000000000, -0.000000000000000000, -0.000000000000000000 ) ) ;
#1284 = VERTEX_POINT ( 'NONE', #575 ) ;
#1285 = DIRECTION ( 'NONE',  ( -0.3779644730092280303, -0.6546536707079722017, 0.6546536707079815276 ) ) ;
#1286 = VERTEX_POINT ( 'NONE', #1655 ) ;
#1287 = DIRECTION ( 'NONE',  ( 0.000000000000000000, 1.000000000000000000, 1.551108497285260326E-16 ) ) ;
#1288 = APPLICATION_PROTOCOL_DEFINITION ( 'international standard', 'config_control_design', 1994, #1225 ) ;
#1289 = EDGE_CURVE ( 'NONE', #1167, #1599, #974, .T. ) ;
#1290 = LINE ( 'NONE', #626, #1576 ) ;
#1291 = FACE_OUTER_BOUND ( 'NONE', #46, .T. ) ;
#1292 = AXIS2_PLACEMENT_3D ( 'NONE', #462, #1405, #71 ) ;
#1293 = EDGE_CURVE ( 'NONE', #524, #788, #850, .T. ) ;
#1294 = ORIENTED_EDGE ( 'NONE', *, *, #1618, .F. ) ;
#1295 = VECTOR ( 'NONE', #262, 999.9999999999998863 ) ;
#1296 = CARTESIAN_POINT ( 'NONE',  ( 100.0000000000000000, 27.00000000000001776, -11.18376618407356737 ) ) ;
#1297 = ORIENTED_EDGE ( 'NONE', *, *, #195, .T. ) ;
#1298 = FACE_OUTER_BOUND ( 'NONE', #164, .T. ) ;
#1299 = PERSON_AND_ORGANIZATION ( #523, #1258 ) ;
#1300 = LINE ( 'NONE', #445, #1518 ) ;
#1301 = CARTESIAN_POINT ( 'NONE',  ( 100.0000000000000000, 27.00000000000001776, -11.18376618407356737 ) ) ;
#1302 = ORIENTED_EDGE ( 'NONE', *, *, #1508, .F. ) ;
#1303 = EDGE_CURVE ( 'NONE', #1398, #896, #1216, .T. ) ;
#1304 = AXIS2_PLACEMENT_3D ( 'NONE', #955, #831, #1361 ) ;
#1305 = LINE ( 'NONE', #897, #1182 ) ;
#1306 = ORIENTED_EDGE ( 'NONE', *, *, #2, .F. ) ;
#1307 = LINE ( 'NONE', #1467, #1362 ) ;
#1308 = PERSON_AND_ORGANIZATION ( #523, #1258 ) ;
#1309 = VERTEX_POINT ( 'NONE', #868 ) ;
#1310 = LINE ( 'NONE', #1043, #1718 ) ;
#1311 = CARTESIAN_POINT ( 'NONE',  ( 40.47680770120872040, 7.094805792908068121, -25.00000000000005684 ) ) ;
#1312 = ORIENTED_EDGE ( 'NONE', *, *, #487, .T. ) ;
#1313 = PRODUCT_DEFINITION ( 'UNKNOWN', '', #37, #780 ) ;
#1314 = DIRECTION ( 'NONE',  ( 0.5000000000000009992, 0.8660254037844381525, -5.995204332975845318E-15 ) ) ;
#1315 = VERTEX_POINT ( 'NONE', #738 ) ;
#1316 = CARTESIAN_POINT ( 'NONE',  ( 88.19134295108989363, -20.45319397786880700, -24.99999999999985789 ) ) ;
#1317 = DATE_TIME_ROLE ( 'classification_date' ) ;
#1318 = EDGE_LOOP ( 'NONE', ( #584, #1658, #969, #236 ) ) ;
#1319 = CARTESIAN_POINT ( 'NONE',  ( 25.42404795545830609, 15.78552068416404985, 3.356829743069208227 ) ) ;
#1320 = AXIS2_PLACEMENT_3D ( 'NONE', #444, #156, #1353 ) ;
#1321 = DIRECTION ( 'NONE',  ( -0.5000000000000011102, -0.8660254037844380415, 5.977335943528134799E-15 ) ) ;
#1322 = ORIENTED_EDGE ( 'NONE', *, *, #288, .F. ) ;
#1323 = LINE ( 'NONE', #1591, #1090 ) ;
#1324 = EDGE_CURVE ( 'NONE', #1113, #92, #791, .T. ) ;
#1325 = ORIENTED_EDGE ( 'NONE', *, *, #1487, .T. ) ;
#1326 = VECTOR ( 'NONE', #1130, 999.9999999999998863 ) ;
#1327 = LINE ( 'NONE', #631, #369 ) ;
#1328 = ORIENTED_EDGE ( 'NONE', *, *, #465, .F. ) ;
#1329 = EDGE_CURVE ( 'NONE', #896, #1398, #1446, .T. ) ;
#1330 = CARTESIAN_POINT ( 'NONE',  ( 40.11537180435972516, 15.78552068416405341, 2.000000000000888178 ) ) ;
#1331 = CARTESIAN_POINT ( 'NONE',  ( 100.0000000000000000, -8.375985885340413008E-15, 27.00000000000001066 ) ) ;
#1332 = VERTEX_POINT ( 'NONE', #190 ) ;
#1333 = VECTOR ( 'NONE', #504, 999.9999999999998863 ) ;
#1334 = CARTESIAN_POINT ( 'NONE',  ( 63.12469976619386358, -0.2074580954922978782, 5.283247825836529017E-15 ) ) ;
#1335 = ORIENTED_EDGE ( 'NONE', *, *, #1478, .T. ) ;
#1336 = VECTOR ( 'NONE', #35, 1000.000000000000227 ) ;
#1337 = VECTOR ( 'NONE', #1711, 1000.000000000000000 ) ;
#1338 = LINE ( 'NONE', #221, #569 ) ;
#1339 = ORIENTED_EDGE ( 'NONE', *, *, #1669, .T. ) ;
#1340 = CARTESIAN_POINT ( 'NONE',  ( 100.0000000000000000, 24.99999999999999645, -1.842716894774891998E-13 ) ) ;
#1341 = LINE ( 'NONE', #1203, #790 ) ;
#1342 = EDGE_CURVE ( 'NONE', #1100, #712, #1672, .T. ) ;
#1343 = ORIENTED_EDGE ( 'NONE', *, *, #1497, .T. ) ;
#1344 = CARTESIAN_POINT ( 'NONE',  ( 63.12311808293212323, -0.2065449102353613953, 5.233745100246260672E-15 ) ) ;
#1345 = VERTEX_POINT ( 'NONE', #1698 ) ;
#1346 = CARTESIAN_POINT ( 'NONE',  ( 100.0000000000000000, 10.35533905932754628, 24.99999999999992539 ) ) ;
#1347 = LINE ( 'NONE', #387, #134 ) ;
#1348 = ORIENTED_EDGE ( 'NONE', *, *, #989, .T. ) ;
#1349 = EDGE_CURVE ( 'NONE', #1161, #1009, #592, .T. ) ;
#1350 = DIRECTION ( 'NONE',  ( -1.000000000000000000, -0.000000000000000000, -0.000000000000000000 ) ) ;
#1351 = EDGE_LOOP ( 'NONE', ( #747, #211, #1463, #860 ) ) ;
#1352 = DIRECTION ( 'NONE',  ( -0.8660254037844388186, 0.4999999999999996114, 0.000000000000000000 ) ) ;
#1353 = DIRECTION ( 'NONE',  ( 0.000000000000000000, -0.7071067811865474617, 0.7071067811865474617 ) ) ;
#1354 = ORIENTED_EDGE ( 'NONE', *, *, #1132, .F. ) ;
#1355 = EDGE_CURVE ( 'NONE', #559, #1726, #627, .T. ) ;
#1356 = LINE ( 'NONE', #416, #734 ) ;
#1357 = VECTOR ( 'NONE', #476, 1000.000000000000114 ) ;
#1358 = VERTEX_POINT ( 'NONE', #886 ) ;
#1359 = VECTOR ( 'NONE', #1321, 1000.000000000000114 ) ;
#1360 = FACE_OUTER_BOUND ( 'NONE', #1633, .T. ) ;
#1361 = DIRECTION ( 'NONE',  ( 0.8660254037844379305, -0.5000000000000012212, 0.000000000000000000 ) ) ;
#1362 = VECTOR ( 'NONE', #1449, 1000.000000000000000 ) ;
#1363 = ORIENTED_EDGE ( 'NONE', *, *, #567, .F. ) ;
#1364 = CARTESIAN_POINT ( 'NONE',  ( 60.62311808293211612, -4.536671929157726879, -25.00000000000000711 ) ) ;
#1365 = CC_DESIGN_PERSON_AND_ORGANIZATION_ASSIGNMENT ( #1468, #1051, ( #37 ) ) ;
#1366 = LINE ( 'NONE', #1499, #1276 ) ;
#1367 = ORIENTED_EDGE ( 'NONE', *, *, #1564, .T. ) ;
#1368 = EDGE_CURVE ( 'NONE', #1560, #1263, #1120, .T. ) ;
#1369 = CARTESIAN_POINT ( 'NONE',  ( 66.67502247545553473, -2.257237867394383368, 22.05141197121139029 ) ) ;
#1370 = CARTESIAN_POINT ( 'NONE',  ( 42.97680770120870619, 11.42493281183043763, -7.316440361900096127E-14 ) ) ;
#1371 = ORIENTED_EDGE ( 'NONE', *, *, #841, .T. ) ;
#1372 = CARTESIAN_POINT ( 'NONE',  ( 70.22534518471721299, -4.307017639297010092, -24.99999999999998224 ) ) ;
#1373 =( GEOMETRIC_REPRESENTATION_CONTEXT ( 3 ) GLOBAL_UNCERTAINTY_ASSIGNED_CONTEXT ( ( #376 ) ) GLOBAL_UNIT_ASSIGNED_CONTEXT ( ( #598, #866, #624 ) ) REPRESENTATION_CONTEXT ( 'NONE', 'WORKASPACE' ) );
#1374 = DIRECTION ( 'NONE',  ( 0.8660254037844368202, -0.5000000000000031086, 0.000000000000000000 ) ) ;
#1375 = ORIENTED_EDGE ( 'NONE', *, *, #690, .T. ) ;
#1376 = PLANE ( 'NONE',  #533 ) ;
#1377 = PLANE ( 'NONE',  #1320 ) ;
#1378 = EDGE_CURVE ( 'NONE', #1278, #322, #879, .T. ) ;
#1379 = ORIENTED_EDGE ( 'NONE', *, *, #1349, .T. ) ;
#1380 = LINE ( 'NONE', #705, #335 ) ;
#1381 =( BOUNDED_CURVE ( )  B_SPLINE_CURVE ( 3, ( #586, #708, #1675, #1247 ),
 .UNSPECIFIED., .F., .T. ) 
 B_SPLINE_CURVE_WITH_KNOTS ( ( 4, 4 ),
 ( 3.782424791624380500, 5.176036589385502928 ),
 .UNSPECIFIED. ) 
 CURVE ( )  GEOMETRIC_REPRESENTATION_ITEM ( )  RATIONAL_B_SPLINE_CURVE ( ( 1.000000000000000000, 0.8445973191047224660, 0.8445973191047224660, 1.000000000000000000 ) ) 
 REPRESENTATION_ITEM ( '' )  );
#1382 = CARTESIAN_POINT ( 'NONE',  ( 47.30352273989235812, 32.88983219539779412, -2.465506863929809001 ) ) ;
#1383 = ORIENTED_EDGE ( 'NONE', *, *, #1430, .T. ) ;
#1384 = VECTOR ( 'NONE', #1663, 1000.000000000000114 ) ;
#1385 = DIRECTION ( 'NONE',  ( 0.5000000000000009992, 0.8660254037844381525, -5.995204332975845318E-15 ) ) ;
#1386 = CARTESIAN_POINT ( 'NONE',  ( 100.0000000000000000, 17.67766952966380956, 17.67766952966356087 ) ) ;
#1387 = AXIS2_PLACEMENT_3D ( 'NONE', #1707, #1545, #1557 ) ;
#1388 = EDGE_CURVE ( 'NONE', #1437, #388, #455, .T. ) ;
#1389 = EDGE_LOOP ( 'NONE', ( #1302, #571, #1325, #628 ) ) ;
#1390 = AXIS2_PLACEMENT_3D ( 'NONE', #426, #536, #1081 ) ;
#1391 = DIRECTION ( 'NONE',  ( 1.195467188705623647E-14, 3.702208704827058276E-30, 1.000000000000000000 ) ) ;
#1392 = DIRECTION ( 'NONE',  ( 0.000000000000000000, 0.000000000000000000, -1.000000000000000000 ) ) ;
#1393 = ORIENTED_EDGE ( 'NONE', *, *, #381, .F. ) ;
#1394 = CARTESIAN_POINT ( 'NONE',  ( 34.42726990229827777, 10.58750806958183865, -24.76783098974543762 ) ) ;
#1395 = CARTESIAN_POINT ( 'NONE',  ( 100.0000000000000000, -27.00000000000001066, -11.18376618407356737 ) ) ;
#1396 = DIRECTION ( 'NONE',  ( 0.000000000000000000, -0.7071067811865474617, 0.7071067811865474617 ) ) ;
#1397 = LINE ( 'NONE', #9, #842 ) ;
#1398 = VERTEX_POINT ( 'NONE', #1025 ) ;
#1399 = VERTEX_POINT ( 'NONE', #207 ) ;
#1400 = ADVANCED_FACE ( 'NONE', ( #80 ), #330, .F. ) ;
#1401 = CARTESIAN_POINT ( 'NONE',  ( 38.64998454690780250, 13.55322521504267286, 21.80211384428475441 ) ) ;
#1402 = ORIENTED_EDGE ( 'NONE', *, *, #404, .F. ) ;
#1403 = CC_DESIGN_APPROVAL ( #499, ( #1313 ) ) ;
#1404 = CARTESIAN_POINT ( 'NONE',  ( 63.12469976619389200, -0.2074580954921382836, 25.00000000000000000 ) ) ;
#1405 = DIRECTION ( 'NONE',  ( 0.000000000000000000, 0.7071067811865424657, -0.7071067811865526798 ) ) ;
#1406 = CLOSED_SHELL ( 'NONE', ( #1693, #1241, #1640, #368, #1424, #852, #432, #1421, #1649, #241, #535, #38, #160, #29, #1268, #1659, #312, #157, #1539, #795, #1180, #746, #667, #871, #1609, #1222, #423, #456, #28, #116, #1724, #999, #248, #1098, #829, #1085, #932, #1587, #753, #1400, #442, #703, #1549, #895, #714, #695, #1735, #1194, #323, #136 ) ) ;
#1407 = CARTESIAN_POINT ( 'NONE',  ( 38.64998454690780250, 13.55322521504267286, 21.80211384428475441 ) ) ;
#1408 = VECTOR ( 'NONE', #489, 1000.000000000000000 ) ;
#1409 = ORIENTED_EDGE ( 'NONE', *, *, #168, .F. ) ;
#1410 = EDGE_CURVE ( 'NONE', #457, #123, #490, .T. ) ;
#1411 = CARTESIAN_POINT ( 'NONE',  ( 100.0000000000000000, 24.99999999999999645, -1.842716894774891998E-13 ) ) ;
#1412 = ORIENTED_EDGE ( 'NONE', *, *, #1155, .T. ) ;
#1413 = LINE ( 'NONE', #1015, #1154 ) ;
#1414 = MECHANICAL_CONTEXT ( 'NONE', #1127, 'mechanical' ) ;
#1415 = LINE ( 'NONE', #1433, #1634 ) ;
#1416 = CARTESIAN_POINT ( 'NONE',  ( 72.13622305514614652, -11.18376618407357626, 27.00000000000000711 ) ) ;
#1417 = ORIENTED_EDGE ( 'NONE', *, *, #1714, .T. ) ;
#1418 = VECTOR ( 'NONE', #1515, 1000.000000000000114 ) ;
#1419 = CARTESIAN_POINT ( 'NONE',  ( 96.06664199358158385, -25.00000000000008527, -10.35533905932719101 ) ) ;
#1420 = VERTEX_POINT ( 'NONE', #1416 ) ;
#1421 = ADVANCED_FACE ( 'NONE', ( #1291 ), #991, .F. ) ;
#1422 = CARTESIAN_POINT ( 'NONE',  ( 100.0000000000000000, -1.800836965348189838E-13, -25.00000000000000355 ) ) ;
#1423 = DIRECTION ( 'NONE',  ( 0.000000000000000000, 0.000000000000000000, 1.000000000000000000 ) ) ;
#1424 = ADVANCED_FACE ( 'NONE', ( #1017 ), #1537, .F. ) ;
#1425 = CARTESIAN_POINT ( 'NONE',  ( 100.0000000000000000, -17.67766952966381666, -17.67766952966356442 ) ) ;
#1426 = CARTESIAN_POINT ( 'NONE',  ( 15.69134295109000199, 27.17820323027542884, -19.10151033441806234 ) ) ;
#1427 = EDGE_LOOP ( 'NONE', ( #646, #1546, #1465, #1251 ) ) ;
#1428 = CARTESIAN_POINT ( 'NONE',  ( 36.92726990229827777, 14.91763508850406694, -19.29148782660677597 ) ) ;
#1429 = ORIENTED_EDGE ( 'NONE', *, *, #477, .T. ) ;
#1430 = EDGE_CURVE ( 'NONE', #1309, #1121, #250, .T. ) ;
#1431 = LINE ( 'NONE', #77, #482 ) ;
#1432 = DIRECTION ( 'NONE',  ( 1.000000000000000000, 2.438116051963287623E-16, 5.233817088855502032E-17 ) ) ;
#1433 = CARTESIAN_POINT ( 'NONE',  ( 70.22534518471719878, -4.307017639296836897, 3.417614917583020268E-14 ) ) ;
#1434 = CARTESIAN_POINT ( 'NONE',  ( 38.74538706546264422, 13.86794465493313666, 21.48739440439429416 ) ) ;
#1435 = EDGE_CURVE ( 'NONE', #1117, #662, #1680, .T. ) ;
#1436 = VECTOR ( 'NONE', #1697, 1000.000000000000000 ) ;
#1437 = VERTEX_POINT ( 'NONE', #89 ) ;
#1438 = VERTEX_POINT ( 'NONE', #1169 ) ;
#1439 = DIRECTION ( 'NONE',  ( 0.8660254037844380415, -0.5000000000000009992, 3.601673930696385198E-15 ) ) ;
#1440 = CALENDAR_DATE ( 2026, 3, 4 ) ;
#1441 = DIRECTION ( 'NONE',  ( 1.000000000000000000, 2.438116051963287623E-16, 2.081668171172266813E-17 ) ) ;
#1442 = CARTESIAN_POINT ( 'NONE',  ( 38.20389490890238449, 14.18057529728727495, 21.80211384428475085 ) ) ;
#1443 = EDGE_CURVE ( 'NONE', #1195, #1560, #654, .T. ) ;
#1444 = ORIENTED_EDGE ( 'NONE', *, *, #168, .T. ) ;
#1445 = AXIS2_PLACEMENT_3D ( 'NONE', #380, #1579, #247 ) ;
#1446 = CIRCLE ( 'NONE', #1590, 0.6999999999999975131 ) ;
#1447 = FACE_OUTER_BOUND ( 'NONE', #1318, .T. ) ;
#1448 = ORIENTED_EDGE ( 'NONE', *, *, #1630, .T. ) ;
#1449 = DIRECTION ( 'NONE',  ( -0.7745966692414827381, 0.4472135954999618135, 0.4472135954999552077 ) ) ;
#1450 = PERSON_AND_ORGANIZATION_ROLE ( 'classification_officer' ) ;
#1451 = ORIENTED_EDGE ( 'NONE', *, *, #1289, .T. ) ;
#1452 = CARTESIAN_POINT ( 'NONE',  ( 70.22534518471722720, -4.307017639296681466, 25.00000000000002842 ) ) ;
#1453 = DIRECTION ( 'NONE',  ( -0.5000000000000011102, -0.8660254037844380415, 5.977335943528134799E-15 ) ) ;
#1454 = ORIENTED_EDGE ( 'NONE', *, *, #1410, .F. ) ;
#1455 = CARTESIAN_POINT ( 'NONE',  ( 13.19134295108998955, 22.84807621135350431, 18.60422768856953013 ) ) ;
#1456 = EDGE_CURVE ( 'NONE', #388, #1257, #1347, .T. ) ;
#1457 = VERTEX_POINT ( 'NONE', #512 ) ;
#1458 = LINE ( 'NONE', #1175, #1559 ) ;
#1459 = ORIENTED_EDGE ( 'NONE', *, *, #1466, .F. ) ;
#1460 = FACE_OUTER_BOUND ( 'NONE', #1001, .T. ) ;
#1461 = LINE ( 'NONE', #664, #1359 ) ;
#1462 = AXIS2_PLACEMENT_3D ( 'NONE', #1688, #1423, #213 ) ;
#1463 = ORIENTED_EDGE ( 'NONE', *, *, #119, .F. ) ;
#1464 = CARTESIAN_POINT ( 'NONE',  ( 60.62469976619386358, -4.537585114414359744, 19.10282394242277348 ) ) ;
#1465 = ORIENTED_EDGE ( 'NONE', *, *, #820, .F. ) ;
#1466 = EDGE_CURVE ( 'NONE', #179, #1644, #1044, .T. ) ;
#1467 = CARTESIAN_POINT ( 'NONE',  ( 72.85870000782797717, -5.827385755291930813, -41.18272481461895751 ) ) ;
#1468 = PERSON_AND_ORGANIZATION ( #523, #1258 ) ;
#1469 = ORIENTED_EDGE ( 'NONE', *, *, #1289, .F. ) ;
#1470 = CARTESIAN_POINT ( 'NONE',  ( 100.0000000000000000, 19.09188309203679168, -19.09188309203679168 ) ) ;
#1471 = FACE_OUTER_BOUND ( 'NONE', #1540, .T. ) ;
#1472 = ORIENTED_EDGE ( 'NONE', *, *, #252, .T. ) ;
#1473 = VECTOR ( 'NONE', #983, 1000.000000000000114 ) ;
#1474 = CIRCLE ( 'NONE', #163, 0.7000000000000129452 ) ;
#1475 = AXIS2_PLACEMENT_3D ( 'NONE', #1754, #128, #668 ) ;
#1476 = LINE ( 'NONE', #805, #542 ) ;
#1477 = ORIENTED_EDGE ( 'NONE', *, *, #1303, .T. ) ;
#1478 = EDGE_CURVE ( 'NONE', #559, #673, #245, .T. ) ;
#1479 = FACE_BOUND ( 'NONE', #249, .T. ) ;
#1480 = DIRECTION ( 'NONE',  ( 0.8660254037844379305, -0.5000000000000012212, 0.000000000000000000 ) ) ;
#1481 = EDGE_CURVE ( 'NONE', #1491, #1664, #757, .T. ) ;
#1482 = VERTEX_POINT ( 'NONE', #1743 ) ;
#1483 = CARTESIAN_POINT ( 'NONE',  ( 15.69134295108999488, 27.17820323027542884, -19.29148782660730532 ) ) ;
#1484 = ORIENTED_EDGE ( 'NONE', *, *, #642, .F. ) ;
#1485 = CARTESIAN_POINT ( 'NONE',  ( 66.67423163382466100, -2.256781274766246348, -22.05075516720891926 ) ) ;
#1486 = LINE ( 'NONE', #436, #398 ) ;
#1487 = EDGE_CURVE ( 'NONE', #123, #273, #263, .T. ) ;
#1488 = ORIENTED_EDGE ( 'NONE', *, *, #1097, .T. ) ;
#1489 = LOCAL_TIME ( 15, 45, 43.00000000000000000, #260 ) ;
#1490 = PLANE ( 'NONE',  #1729 ) ;
#1491 = VERTEX_POINT ( 'NONE', #118 ) ;
#1492 = CARTESIAN_POINT ( 'NONE',  ( 88.19134295108987942, -20.45319397786846238, 25.00000000000013856 ) ) ;
#1493 = DIRECTION ( 'NONE',  ( 0.8660254037844388186, -0.4999999999999996114, 0.000000000000000000 ) ) ;
#1494 = ORIENTED_EDGE ( 'NONE', *, *, #252, .F. ) ;
#1495 = PLANE ( 'NONE',  #396 ) ;
#1496 = CC_DESIGN_PERSON_AND_ORGANIZATION_ASSIGNMENT ( #1554, #204, ( #783 ) ) ;
#1497 = EDGE_CURVE ( 'NONE', #1501, #896, #97, .T. ) ;
#1498 = VECTOR ( 'NONE', #853, 1000.000000000000114 ) ;
#1499 = CARTESIAN_POINT ( 'NONE',  ( 68.85870000782796296, -9.291487370429711845, -44.64682642975668614 ) ) ;
#1500 = VECTOR ( 'NONE', #429, 1000.000000000000000 ) ;
#1501 = VERTEX_POINT ( 'NONE', #1606 ) ;
#1502 = VECTOR ( 'NONE', #1287, 1000.000000000000000 ) ;
#1503 = PLANE ( 'NONE',  #325 ) ;
#1504 = FACE_OUTER_BOUND ( 'NONE', #1710, .T. ) ;
#1505 = VERTEX_POINT ( 'NONE', #126 ) ;
#1506 = LINE ( 'NONE', #966, #1238 ) ;
#1507 = EDGE_CURVE ( 'NONE', #1309, #1664, #1461, .T. ) ;
#1508 = EDGE_CURVE ( 'NONE', #1399, #1263, #395, .T. ) ;
#1509 = CARTESIAN_POINT ( 'NONE',  ( 100.0000000000000000, 11.18376618407357981, -27.00000000000000711 ) ) ;
#1510 = ORIENTED_EDGE ( 'NONE', *, *, #1324, .F. ) ;
#1511 = CARTESIAN_POINT ( 'NONE',  ( 39.95203880175349553, 13.17128395016716347, -22.14574391330365088 ) ) ;
#1512 = CYLINDRICAL_SURFACE ( 'NONE', #1304, 0.6999999999999975131 ) ;
#1513 = CARTESIAN_POINT ( 'NONE',  ( 15.69134295108999488, 27.17820323027556384, -1.880562725539305274E-13 ) ) ;
#1514 = CARTESIAN_POINT ( 'NONE',  ( 48.26537180435973085, 15.78552068416405341, 8.878658456885884970E-13 ) ) ;
#1515 = DIRECTION ( 'NONE',  ( 0.3779644730092284188, 0.6546536707079816386, 0.6546536707079718687 ) ) ;
#1516 = ORIENTED_EDGE ( 'NONE', *, *, #477, .F. ) ;
#1517 = EDGE_CURVE ( 'NONE', #358, #498, #781, .T. ) ;
#1518 = VECTOR ( 'NONE', #867, 1000.000000000000000 ) ;
#1519 = FACE_OUTER_BOUND ( 'NONE', #55, .T. ) ;
#1520 = CARTESIAN_POINT ( 'NONE',  ( 66.67423163382466100, -2.256781274766246348, -22.05075516720891926 ) ) ;
#1521 = AXIS2_PLACEMENT_3D ( 'NONE', #1369, #963, #1223 ) ;
#1522 = ORIENTED_EDGE ( 'NONE', *, *, #801, .T. ) ;
#1523 = CARTESIAN_POINT ( 'NONE',  ( 40.11537180435819039, 15.78552068416416709, -19.56981837516391565 ) ) ;
#1524 = ORIENTED_EDGE ( 'NONE', *, *, #1737, .T. ) ;
#1525 = CARTESIAN_POINT ( 'NONE',  ( 38.20389490890238449, 14.18057529728727495, 21.80211384428475085 ) ) ;
#1526 = ORIENTED_EDGE ( 'NONE', *, *, #1378, .T. ) ;
#1527 = LINE ( 'NONE', #60, #50 ) ;
#1528 = DIRECTION ( 'NONE',  ( 0.000000000000000000, -7.035828143685951913E-15, -1.000000000000000000 ) ) ;
#1529 = LINE ( 'NONE', #1282, #722 ) ;
#1530 = VECTOR ( 'NONE', #1146, 1000.000000000000000 ) ;
#1531 = DIRECTION ( 'NONE',  ( 0.8660254037844388186, -0.4999999999999996114, 0.000000000000000000 ) ) ;
#1532 = EDGE_CURVE ( 'NONE', #909, #261, #645, .T. ) ;
#1533 = LINE ( 'NONE', #577, #1498 ) ;
#1534 = ORIENTED_EDGE ( 'NONE', *, *, #1235, .F. ) ;
#1535 = DIRECTION ( 'NONE',  ( -1.000000000000000000, -0.000000000000000000, -0.000000000000000000 ) ) ;
#1536 = LINE ( 'NONE', #483, #1326 ) ;
#1537 = CYLINDRICAL_SURFACE ( 'NONE', #1670, 0.6999999999999984013 ) ;
#1538 = ORIENTED_EDGE ( 'NONE', *, *, #776, .F. ) ;
#1539 = ADVANCED_FACE ( 'NONE', ( #1471 ), #1716, .F. ) ;
#1540 = EDGE_LOOP ( 'NONE', ( #1755, #1253, #684, #785 ) ) ;
#1541 = DIRECTION ( 'NONE',  ( 0.000000000000000000, -7.370867579099568370E-15, -1.000000000000000000 ) ) ;
#1542 = ORIENTED_EDGE ( 'NONE', *, *, #1281, .T. ) ;
#1543 = DIRECTION ( 'NONE',  ( -0.5000000000000011102, -0.8660254037844381525, 5.977335943528135588E-15 ) ) ;
#1544 = CARTESIAN_POINT ( 'NONE',  ( 100.0000000000000000, -1.800836965348189838E-13, -25.00000000000000355 ) ) ;
#1545 = DIRECTION ( 'NONE',  ( -0.5000000000000011102, -0.8660254037844380415, 6.024821656581659457E-15 ) ) ;
#1546 = ORIENTED_EDGE ( 'NONE', *, *, #1443, .T. ) ;
#1547 = AXIS2_PLACEMENT_3D ( 'NONE', #1470, #511, #520 ) ;
#1548 = VERTEX_POINT ( 'NONE', #1311 ) ;
#1549 = ADVANCED_FACE ( 'NONE', ( #502 ), #1179, .F. ) ;
#1550 = DIRECTION ( 'NONE',  ( -1.000000000000000000, -0.000000000000000000, -0.000000000000000000 ) ) ;
#1551 = EDGE_CURVE ( 'NONE', #115, #179, #793, .T. ) ;
#1552 = ORIENTED_EDGE ( 'NONE', *, *, #723, .F. ) ;
#1553 = CARTESIAN_POINT ( 'NONE',  ( 15.69134295108999488, 27.17820323027556384, -1.880562725539305274E-13 ) ) ;
#1554 = PERSON_AND_ORGANIZATION ( #523, #1258 ) ;
#1555 = AXIS2_PLACEMENT_3D ( 'NONE', #342, #219, #881 ) ;
#1556 = DIRECTION ( 'NONE',  ( 0.000000000000000000, -0.7071067811865424657, 0.7071067811865526798 ) ) ;
#1557 = DIRECTION ( 'NONE',  ( 0.8660254037844379305, -0.5000000000000012212, 0.000000000000000000 ) ) ;
#1558 = VECTOR ( 'NONE', #1598, 1000.000000000000000 ) ;
#1559 = VECTOR ( 'NONE', #506, 1000.000000000000114 ) ;
#1560 = VERTEX_POINT ( 'NONE', #521 ) ;
#1561 = EDGE_CURVE ( 'NONE', #1457, #1599, #1341, .T. ) ;
#1562 = DIRECTION ( 'NONE',  ( 0.5000000000000011102, 0.8660254037844380415, 0.000000000000000000 ) ) ;
#1563 = EDGE_LOOP ( 'NONE', ( #109, #1363 ) ) ;
#1564 = EDGE_CURVE ( 'NONE', #687, #90, #21, .T. ) ;
#1565 = CARTESIAN_POINT ( 'NONE',  ( 63.12469976619386358, -0.2074580954921799170, 19.10282394242274506 ) ) ;
#1566 = CARTESIAN_POINT ( 'NONE',  ( 63.56880469280640256, -6.237364886316608015, 22.05141197121141872 ) ) ;
#1567 = CARTESIAN_POINT ( 'NONE',  ( 72.85870000782796296, -5.827385755291344616, 41.18272481461904988 ) ) ;
#1568 = ORIENTED_EDGE ( 'NONE', *, *, #736, .T. ) ;
#1569 = DIRECTION ( 'NONE',  ( 0.8660254037844380415, -0.5000000000000009992, 3.511451430135605617E-15 ) ) ;
#1570 = EDGE_LOOP ( 'NONE', ( #602, #321, #85, #720 ) ) ;
#1571 = CARTESIAN_POINT ( 'NONE',  ( 42.05439139380243319, 11.95749011521635907, -8.484853204926399618E-14 ) ) ;
#1572 = DATE_AND_TIME ( #1440, #1489 ) ;
#1573 = EDGE_CURVE ( 'NONE', #1211, #1257, #1750, .T. ) ;
#1574 = CARTESIAN_POINT ( 'NONE',  ( 100.0000000000000000, -11.18376618407357270, 27.00000000000000711 ) ) ;
#1575 = CARTESIAN_POINT ( 'NONE',  ( 15.69134295108998778, 27.17820323027569884, 19.10282394242253545 ) ) ;
#1576 = VECTOR ( 'NONE', #990, 999.9999999999998863 ) ;
#1577 = ORIENTED_EDGE ( 'NONE', *, *, #1079, .T. ) ;
#1578 = AXIS2_PLACEMENT_3D ( 'NONE', #1715, #105, #1597 ) ;
#1579 = DIRECTION ( 'NONE',  ( -0.5000000000000011102, -0.8660254037844380415, 6.024821656581659457E-15 ) ) ;
#1580 = ORIENTED_EDGE ( 'NONE', *, *, #665, .T. ) ;
#1581 = CARTESIAN_POINT ( 'NONE',  ( 40.48033502872323908, 12.86627198131431093, -22.48906707801299021 ) ) ;
#1582 = CALENDAR_DATE ( 2026, 3, 4 ) ;
#1583 = ORIENTED_EDGE ( 'NONE', *, *, #599, .T. ) ;
#1584 = CARTESIAN_POINT ( 'NONE',  ( 33.39452055357330096, 11.18376618407357981, -27.00000000000000711 ) ) ;
#1585 = CARTESIAN_POINT ( 'NONE',  ( 100.0000000000000000, -8.375985885340413008E-15, 27.00000000000001066 ) ) ;
#1586 = AXIS2_PLACEMENT_3D ( 'NONE', #1525, #835, #1277 ) ;
#1587 = ADVANCED_FACE ( 'NONE', ( #1084 ), #1757, .T. ) ;
#1588 = VERTEX_POINT ( 'NONE', #561 ) ;
#1589 = VECTOR ( 'NONE', #905, 1000.000000000000000 ) ;
#1590 = AXIS2_PLACEMENT_3D ( 'NONE', #463, #1149, #484 ) ;
#1591 = CARTESIAN_POINT ( 'NONE',  ( 100.0000000000000000, 11.18376618407356382, 27.00000000000001421 ) ) ;
#1592 = VECTOR ( 'NONE', #605, 1000.000000000000000 ) ;
#1593 = EDGE_LOOP ( 'NONE', ( #1197, #1701, #1459, #1412 ) ) ;
#1594 = FACE_BOUND ( 'NONE', #1163, .T. ) ;
#1595 = APPROVAL_ROLE ( '' ) ;
#1596 = ORIENTED_EDGE ( 'NONE', *, *, #576, .T. ) ;
#1597 = DIRECTION ( 'NONE',  ( 0.000000000000000000, 7.370867579099568370E-15, 1.000000000000000000 ) ) ;
#1598 = DIRECTION ( 'NONE',  ( -0.7745966692414827381, 0.4472135954999618135, 0.4472135954999552077 ) ) ;
#1599 = VERTEX_POINT ( 'NONE', #301 ) ;
#1600 = EDGE_CURVE ( 'NONE', #343, #1264, #293, .T. ) ;
#1601 = CARTESIAN_POINT ( 'NONE',  ( 15.69134295108999488, 27.17820323027569174, 18.60422768856949816 ) ) ;
#1602 = EDGE_LOOP ( 'NONE', ( #75, #1703, #1066, #943 ) ) ;
#1603 = DIRECTION ( 'NONE',  ( -2.437519593411803092E-16, 1.000000000000000000, 0.000000000000000000 ) ) ;
#1604 = VERTEX_POINT ( 'NONE', #694 ) ;
#1605 = CARTESIAN_POINT ( 'NONE',  ( 40.48033502872323908, 12.86627198131431093, -22.48906707801299021 ) ) ;
#1606 = CARTESIAN_POINT ( 'NONE',  ( 37.03340379317685205, 13.55322521504266753, 21.80211384428475796 ) ) ;
#1607 = VERTEX_POINT ( 'NONE', #25 ) ;
#1608 = AXIS2_PLACEMENT_3D ( 'NONE', #158, #956, #825 ) ;
#1609 = ADVANCED_FACE ( 'NONE', ( #1232 ), #580, .T. ) ;
#1610 = DIRECTION ( 'NONE',  ( 0.000000000000000000, 0.000000000000000000, 1.000000000000000000 ) ) ;
#1611 = ORIENTED_EDGE ( 'NONE', *, *, #1107, .F. ) ;
#1612 = EDGE_CURVE ( 'NONE', #1548, #1020, #1646, .T. ) ;
#1613 = CARTESIAN_POINT ( 'NONE',  ( 38.64704046587016251, 12.31096052862440970, -23.04437853070288256 ) ) ;
#1614 = ORIENTED_EDGE ( 'NONE', *, *, #357, .T. ) ;
#1615 = LINE ( 'NONE', #501, #834 ) ;
#1616 = CARTESIAN_POINT ( 'NONE',  ( 67.87890411071504104, -8.725801945480021971, 46.90956812955360533 ) ) ;
#1617 = EDGE_LOOP ( 'NONE', ( #1524, #1621, #441, #775, #1692, #202, #370, #1109 ) ) ;
#1618 = EDGE_CURVE ( 'NONE', #662, #1651, #1474, .T. ) ;
#1619 = CIRCLE ( 'NONE', #844, 0.7000000000000128342 ) ;
#1620 = LINE ( 'NONE', #1344, #936 ) ;
#1621 = ORIENTED_EDGE ( 'NONE', *, *, #2, .T. ) ;
#1622 = EDGE_CURVE ( 'NONE', #341, #559, #1112, .T. ) ;
#1623 = CARTESIAN_POINT ( 'NONE',  ( 63.12311808293215165, -0.2065449102355383371, -25.00000000000000711 ) ) ;
#1624 = CARTESIAN_POINT ( 'NONE',  ( 93.35359743565972224, -23.43362299416030581, 11.92171606516714455 ) ) ;
#1625 = ORIENTED_EDGE ( 'NONE', *, *, #690, .F. ) ;
#1626 = FACE_OUTER_BOUND ( 'NONE', #485, .T. ) ;
#1627 = ORIENTED_EDGE ( 'NONE', *, *, #390, .T. ) ;
#1628 = DIRECTION ( 'NONE',  ( -1.000000000000000000, -0.000000000000000000, -0.000000000000000000 ) ) ;
#1629 = CARTESIAN_POINT ( 'NONE',  ( 48.26537180435973085, 15.78552068416405341, 8.878658456885884970E-13 ) ) ;
#1630 = EDGE_CURVE ( 'NONE', #709, #270, #1486, .T. ) ;
#1631 = ORIENTED_EDGE ( 'NONE', *, *, #576, .F. ) ;
#1632 = CARTESIAN_POINT ( 'NONE',  ( 40.11537180435885119, 15.78552068416461118, 3.356829743069077221 ) ) ;
#1633 = EDGE_LOOP ( 'NONE', ( #1721, #44, #265, #1207 ) ) ;
#1634 = VECTOR ( 'NONE', #1148, 1000.000000000000000 ) ;
#1635 = LINE ( 'NONE', #435, #1063 ) ;
#1636 = CARTESIAN_POINT ( 'NONE',  ( 35.42404795545824214, 15.78552068416404985, -4.246594696409752777E-13 ) ) ;
#1637 = EDGE_CURVE ( 'NONE', #1117, #1607, #1619, .T. ) ;
#1638 = EDGE_LOOP ( 'NONE', ( #171, #1335, #652, #741, #334, #1297, #676, #1204, #1510, #806, #220 ) ) ;
#1639 = CARTESIAN_POINT ( 'NONE',  ( 70.22534518471721299, -4.307017639297010092, -24.99999999999998224 ) ) ;
#1640 = ADVANCED_FACE ( 'NONE', ( #1218 ), #1512, .F. ) ;
#1641 = CIRCLE ( 'NONE', #870, 2.000000000000000444 ) ;
#1642 = FACE_OUTER_BOUND ( 'NONE', #240, .T. ) ;
#1643 = VECTOR ( 'NONE', #1691, 1000.000000000000114 ) ;
#1644 = VERTEX_POINT ( 'NONE', #140 ) ;
#1645 = DIRECTION ( 'NONE',  ( 0.7745966692414825161, -0.4472135954999555407, 0.4472135954999618690 ) ) ;
#1646 = LINE ( 'NONE', #411, #479 ) ;
#1647 = CARTESIAN_POINT ( 'NONE',  ( 100.0000000000000000, -24.99999999999992895, 10.35533905932754628 ) ) ;
#1648 = DIRECTION ( 'NONE',  ( -0.5000000000000011102, -0.8660254037844380415, 6.024821656581659457E-15 ) ) ;
#1649 = ADVANCED_FACE ( 'NONE', ( #1504 ), #972, .F. ) ;
#1650 = CARTESIAN_POINT ( 'NONE',  ( 15.69134295108998778, 27.17820323027569884, 19.10282394242253545 ) ) ;
#1651 = VERTEX_POINT ( 'NONE', #275 ) ;
#1652 = DIRECTION ( 'NONE',  ( -0.8660254037844380415, 0.5000000000000009992, -3.517914071842982662E-15 ) ) ;
#1653 = DIRECTION ( 'NONE',  ( 0.000000000000000000, -0.7071067811865525687, -0.7071067811865425767 ) ) ;
#1654 = DIRECTION ( 'NONE',  ( -0.8660254037844380415, 0.5000000000000009992, 0.000000000000000000 ) ) ;
#1655 = CARTESIAN_POINT ( 'NONE',  ( 63.12469976619386358, -0.2074580954921287357, 25.00000000000000000 ) ) ;
#1656 = VERTEX_POINT ( 'NONE', #838 ) ;
#1657 = CARTESIAN_POINT ( 'NONE',  ( -0.001999999999995061284, 15.78552068416404275, -19.56981837516328326 ) ) ;
#1658 = ORIENTED_EDGE ( 'NONE', *, *, #487, .F. ) ;
#1659 = ADVANCED_FACE ( 'NONE', ( #147 ), #1377, .F. ) ;
#1660 = FACE_OUTER_BOUND ( 'NONE', #1351, .T. ) ;
#1661 = LINE ( 'NONE', #269, #803 ) ;
#1662 = CARTESIAN_POINT ( 'NONE',  ( 42.97680770120872040, 11.42493281183026177, -25.00000000000009237 ) ) ;
#1663 = DIRECTION ( 'NONE',  ( -0.5000000000000011102, -0.8660254037844380415, 5.977335943528134799E-15 ) ) ;
#1664 = VERTEX_POINT ( 'NONE', #285 ) ;
#1665 = CARTESIAN_POINT ( 'NONE',  ( 35.09767712625326652, 10.20044827836506940, 21.80211384428478283 ) ) ;
#1666 = ORIENTED_EDGE ( 'NONE', *, *, #1753, .F. ) ;
#1667 = LINE ( 'NONE', #1422, #1530 ) ;
#1668 = FACE_OUTER_BOUND ( 'NONE', #31, .T. ) ;
#1669 = EDGE_CURVE ( 'NONE', #466, #1345, #702, .T. ) ;
#1670 = AXIS2_PLACEMENT_3D ( 'NONE', #719, #859, #1139 ) ;
#1671 = LINE ( 'NONE', #62, #976 ) ;
#1672 = LINE ( 'NONE', #1301, #596 ) ;
#1673 = ORIENTED_EDGE ( 'NONE', *, *, #599, .F. ) ;
#1674 = ORIENTED_EDGE ( 'NONE', *, *, #1023, .F. ) ;
#1675 = CARTESIAN_POINT ( 'NONE',  ( 37.23813159766033465, 13.90782417413008965, 21.44751488519732874 ) ) ;
#1676 = EDGE_LOOP ( 'NONE', ( #434, #1393, #1538, #230 ) ) ;
#1677 = DIRECTION ( 'NONE',  ( -0.7745966692414825161, 0.4472135954999555407, -0.4472135954999618690 ) ) ;
#1678 = EDGE_CURVE ( 'NONE', #1739, #1358, #824, .T. ) ;
#1679 = CARTESIAN_POINT ( 'NONE',  ( 13.19134295108999311, 22.84807621135337286, -1.589509773822452792E-13 ) ) ;
#1680 = LINE ( 'NONE', #998, #816 ) ;
#1681 = EDGE_CURVE ( 'NONE', #251, #1100, #1661, .T. ) ;
#1682 = ORIENTED_EDGE ( 'NONE', *, *, #6, .T. ) ;
#1683 = VECTOR ( 'NONE', #481, 1000.000000000000114 ) ;
#1684 = PLANE ( 'NONE',  #1271 ) ;
#1685 = ORIENTED_EDGE ( 'NONE', *, *, #789, .T. ) ;
#1686 = LOCAL_TIME ( 15, 45, 43.00000000000000000, #632 ) ;
#1687 = LINE ( 'NONE', #175, #1094 ) ;
#1688 = CARTESIAN_POINT ( 'NONE',  ( 0.000000000000000000, 0.000000000000000000, 0.000000000000000000 ) ) ;
#1689 = PLANE ( 'NONE',  #42 ) ;
#1690 = VECTOR ( 'NONE', #355, 1000.000000000000000 ) ;
#1691 = DIRECTION ( 'NONE',  ( 0.8660254037844380415, -0.5000000000000009992, 3.807490578620365662E-15 ) ) ;
#1692 = ORIENTED_EDGE ( 'NONE', *, *, #1702, .T. ) ;
#1693 = ADVANCED_FACE ( 'NONE', ( #678 ), #1078, .T. ) ;
#1694 = LINE ( 'NONE', #100, #108 ) ;
#1695 = ORIENTED_EDGE ( 'NONE', *, *, #1478, .F. ) ;
#1696 = CARTESIAN_POINT ( 'NONE',  ( 25.42404795545830609, 15.78552068416404985, 3.356829743069208227 ) ) ;
#1697 = DIRECTION ( 'NONE',  ( 0.000000000000000000, -0.7071067811865425767, 0.7071067811865525687 ) ) ;
#1698 = CARTESIAN_POINT ( 'NONE',  ( 70.70134518471722629, -10.35533905932755694, -24.99999999999993250 ) ) ;
#1699 = AXIS2_PLACEMENT_3D ( 'NONE', #1442, #73, #729 ) ;
#1700 = VECTOR ( 'NONE', #1220, 1000.000000000000000 ) ;
#1701 = ORIENTED_EDGE ( 'NONE', *, *, #967, .F. ) ;
#1702 = EDGE_CURVE ( 'NONE', #1420, #358, #1280, .T. ) ;
#1703 = ORIENTED_EDGE ( 'NONE', *, *, #1456, .F. ) ;
#1704 = CARTESIAN_POINT ( 'NONE',  ( 70.22534518471719878, -4.307017639296836897, 3.417614917583020268E-14 ) ) ;
#1705 = DATE_AND_TIME ( #1147, #693 ) ;
#1706 = LINE ( 'NONE', #1346, #1690 ) ;
#1707 = CARTESIAN_POINT ( 'NONE',  ( 35.70389490890237028, 9.850448278365071531, 21.80211384428478283 ) ) ;
#1708 = VERTEX_POINT ( 'NONE', #49 ) ;
#1709 = DIRECTION ( 'NONE',  ( 1.000000000000000000, 0.000000000000000000, 0.000000000000000000 ) ) ;
#1710 = EDGE_LOOP ( 'NONE', ( #869, #148, #550, #1049 ) ) ;
#1711 = DIRECTION ( 'NONE',  ( -5.941614343384095873E-17, 6.956969597386572446E-15, 1.000000000000000000 ) ) ;
#1712 = DATE_AND_TIME ( #1582, #492 ) ;
#1713 = ORIENTED_EDGE ( 'NONE', *, *, #1281, .F. ) ;
#1714 = EDGE_CURVE ( 'NONE', #101, #341, #717, .T. ) ;
#1715 = CARTESIAN_POINT ( 'NONE',  ( 100.0000000000000000, -25.00000000000000711, 1.842716894774892755E-13 ) ) ;
#1716 = PLANE ( 'NONE',  #1274 ) ;
#1717 = ORIENTED_EDGE ( 'NONE', *, *, #1212, .T. ) ;
#1718 = VECTOR ( 'NONE', #1168, 1000.000000000000000 ) ;
#1719 = CARTESIAN_POINT ( 'NONE',  ( 48.26537180435973085, 15.78552068416405341, 8.878658456885884970E-13 ) ) ;
#1720 = ORIENTED_EDGE ( 'NONE', *, *, #525, .F. ) ;
#1721 = ORIENTED_EDGE ( 'NONE', *, *, #1246, .F. ) ;
#1722 = LINE ( 'NONE', #1033, #644 ) ;
#1723 = DIRECTION ( 'NONE',  ( 0.8660254037844380415, -0.5000000000000011102, 3.529154561919058900E-15 ) ) ;
#1724 = ADVANCED_FACE ( 'NONE', ( #1668 ), #1270, .T. ) ;
#1725 = CIRCLE ( 'NONE', #1586, 0.6999999999999975131 ) ;
#1726 = VERTEX_POINT ( 'NONE', #856 ) ;
#1727 = AXIS2_PLACEMENT_3D ( 'NONE', #203, #710, #579 ) ;
#1728 = CARTESIAN_POINT ( 'NONE',  ( 39.95203880175349553, 13.17128395016716347, -22.14574391330365088 ) ) ;
#1729 = AXIS2_PLACEMENT_3D ( 'NONE', #1, #272, #810 ) ;
#1730 = ORIENTED_EDGE ( 'NONE', *, *, #1205, .F. ) ;
#1731 = CARTESIAN_POINT ( 'NONE',  ( 42.05439139380244740, 11.95749011521651539, 23.39784894411093674 ) ) ;
#1732 = ORIENTED_EDGE ( 'NONE', *, *, #217, .F. ) ;
#1733 = PLANE ( 'NONE',  #1547 ) ;
#1734 = CARTESIAN_POINT ( 'NONE',  ( 63.12311808293212323, -0.2065449102353613953, 5.233745100246260672E-15 ) ) ;
#1735 = ADVANCED_FACE ( 'NONE', ( #187, #996 ), #1128, .T. ) ;
#1736 = ORIENTED_EDGE ( 'NONE', *, *, #588, .F. ) ;
#1737 = EDGE_CURVE ( 'NONE', #174, #1438, #848, .T. ) ;
#1738 = CARTESIAN_POINT ( 'NONE',  ( 40.11537180435951910, 17.67766952966376337, -17.67766952966387350 ) ) ;
#1739 = VERTEX_POINT ( 'NONE', #1395 ) ;
#1740 = CARTESIAN_POINT ( 'NONE',  ( 88.19134295108989363, -20.45319397786880700, -24.99999999999985789 ) ) ;
#1741 = ORIENTED_EDGE ( 'NONE', *, *, #1378, .F. ) ;
#1742 = CARTESIAN_POINT ( 'NONE',  ( 37.05244729016361305, 9.071861198027445283, 3.356829743069191796 ) ) ;
#1743 = CARTESIAN_POINT ( 'NONE',  ( 33.99651524685026516, 15.78552068416404985, 19.56981837516331879 ) ) ;
#1744 = ORIENTED_EDGE ( 'NONE', *, *, #291, .F. ) ;
#1745 = VECTOR ( 'NONE', #1645, 999.9999999999998863 ) ;
#1746 = EDGE_CURVE ( 'NONE', #1664, #1491, #581, .T. ) ;
#1747 = DIRECTION ( 'NONE',  ( -0.5000000000000011102, -0.8660254037844380415, 5.977335943528134799E-15 ) ) ;
#1748 = ORIENTED_EDGE ( 'NONE', *, *, #556, .F. ) ;
#1749 = DIRECTION ( 'NONE',  ( 0.8660254037844380415, -0.5000000000000009992, 3.807490578620365662E-15 ) ) ;
#1750 = LINE ( 'NONE', #539, #1500 ) ;
#1751 = ORIENTED_EDGE ( 'NONE', *, *, #1681, .T. ) ;
#1752 = VECTOR ( 'NONE', #1453, 1000.000000000000114 ) ;
#1753 = EDGE_CURVE ( 'NONE', #18, #973, #606, .T. ) ;
#1754 = CARTESIAN_POINT ( 'NONE',  ( -0.001999999999995061284, 15.78552068416404275, -1.004766515912733358E-15 ) ) ;
#1755 = ORIENTED_EDGE ( 'NONE', *, *, #1702, .F. ) ;
#1756 = CARTESIAN_POINT ( 'NONE',  ( 63.12311808293212323, -0.2065449102354940947, -19.10151033441740509 ) ) ;
#1757 = PLANE ( 'NONE',  #1185 ) ;
#1758 = ORIENTED_EDGE ( 'NONE', *, *, #1622, .T. ) ;
ENDSEC;
END-ISO-10303-21;
