ISO-10303-21;
HEADER;
FILE_DESCRIPTION (( 'STEP AP203' ),
    '1' );
FILE_NAME ('GearKeyed.STEP',
    '2026-04-17T01:36:40',
    ( '' ),
    ( '' ),
    'SwSTEP 2.0',
    'SolidWorks 2025',
    '' );
FILE_SCHEMA (( 'CONFIG_CONTROL_DESIGN' ));
ENDSEC;

DATA;
#1 = B_SPLINE_CURVE_WITH_KNOTS ( 'NONE', 3,
 ( #3799, #3341, #5910, #3275 ),
 .UNSPECIFIED., .F., .F.,
 ( 4, 4 ),
 ( 0.000000000000000000, 0.0008686782177528531903 ),
 .UNSPECIFIED. ) ;
#2 = CARTESIAN_POINT ( 'NONE',  ( 727.6294631772965431, 911.7663114216968552, 1310.168490485599250 ) ) ;
#3 = ADVANCED_FACE ( 'NONE', ( #4215 ), #2205, .F. ) ;
#4 = FACE_OUTER_BOUND ( 'NONE', #2354, .T. ) ;
#5 = DIRECTION ( 'NONE',  ( 0.4726616233399810740, -0.3933105878964022750, -0.7886049526031397860 ) ) ;
#6 = CARTESIAN_POINT ( 'NONE',  ( 726.1137363837459588, 913.5219491690331779, 1308.269109690343612 ) ) ;
#7 = CARTESIAN_POINT ( 'NONE',  ( 726.3118975521732636, 906.6007035136714194, 1314.547796476056192 ) ) ;
#8 = ORIENTED_EDGE ( 'NONE', *, *, #24, .F. ) ;
#9 = ORIENTED_EDGE ( 'NONE', *, *, #2855, .T. ) ;
#10 = CARTESIAN_POINT ( 'NONE',  ( 723.1355391603129874, 904.2171519746468675, 1316.765977183521500 ) ) ;
#11 = CARTESIAN_POINT ( 'NONE',  ( 726.4122790634299918, 914.1333698786531841, 1310.055590467911998 ) ) ;
#12 = CARTESIAN_POINT ( 'NONE',  ( 725.0141986025606684, 914.6021462993619480, 1309.078239946503118 ) ) ;
#13 = CARTESIAN_POINT ( 'NONE',  ( 719.5387029369205720, 918.1139254069630624, 1316.694692782480161 ) ) ;
#14 = DIRECTION ( 'NONE',  ( 0.1162306242541731038, -0.7463955445134947686, 0.6552740900691014225 ) ) ;
#15 = CARTESIAN_POINT ( 'NONE',  ( 714.3098685293450671, 913.4652667332626379, 1308.821126520011603 ) ) ;
#16 = CARTESIAN_POINT ( 'NONE',  ( 719.8286610700904475, 910.2179278277214962, 1311.343563233765735 ) ) ;
#17 = ORIENTED_EDGE ( 'NONE', *, *, #4484, .F. ) ;
#18 = CARTESIAN_POINT ( 'NONE',  ( 727.8130013092368245, 907.7828183561235846, 1314.203893060830524 ) ) ;
#19 = CARTESIAN_POINT ( 'NONE',  ( 727.3239630664780861, 912.4593963909970853, 1309.533765049226758 ) ) ;
#20 = CARTESIAN_POINT ( 'NONE',  ( 722.2800498924924568, 916.5309597632043506, 1306.006443408268979 ) ) ;
#21 = DIRECTION ( 'NONE',  ( 0.4626665704866992357, -0.4019958247296628873, -0.7901512522637639258 ) ) ;
#22 = ORIENTED_EDGE ( 'NONE', *, *, #2886, .T. ) ;
#23 = CARTESIAN_POINT ( 'NONE',  ( 721.5457337578077386, 915.7615585353926235, 1318.918869227556797 ) ) ;
#24 = EDGE_CURVE ( 'NONE', #3706, #314, #6847, .T. ) ;
#25 = CARTESIAN_POINT ( 'NONE',  ( 724.6323374110085069, 904.9495262728634088, 1316.198463631779759 ) ) ;
#26 = DIRECTION ( 'NONE',  ( 0.07317157541021193645, -0.6515180314347919222, -0.7550961364404674692 ) ) ;
#27 = CARTESIAN_POINT ( 'NONE',  ( 724.4304226668077717, 913.9681872940283256, 1314.170625637203784 ) ) ;
#28 = CARTESIAN_POINT ( 'NONE',  ( 726.0496640599870943, 906.0645593196195478, 1315.229790474885931 ) ) ;
#29 = CARTESIAN_POINT ( 'NONE',  ( 718.7917400848953093, 919.4506485289006150, 1322.044098589542727 ) ) ;
#30 = CARTESIAN_POINT ( 'NONE',  ( 718.7917400848953093, 919.4506485289006150, 1322.044098589542727 ) ) ;
#31 = ORIENTED_EDGE ( 'NONE', *, *, #3788, .F. ) ;
#32 = ADVANCED_FACE ( 'NONE', ( #6294 ), #5751, .F. ) ;
#33 = VECTOR ( 'NONE', #3573, 1000.000000000000114 ) ;
#34 = CARTESIAN_POINT ( 'NONE',  ( 715.6327964607893364, 914.9521273647790167, 1306.307110849844548 ) ) ;
#35 = FACE_OUTER_BOUND ( 'NONE', #2275, .T. ) ;
#36 = CARTESIAN_POINT ( 'NONE',  ( 714.6245087674890328, 913.5641198929826032, 1313.569037377469158 ) ) ;
#37 = CARTESIAN_POINT ( 'NONE',  ( 711.4738556142050356, 911.8285723149942896, 1309.144243010819309 ) ) ;
#38 = CARTESIAN_POINT ( 'NONE',  ( 720.2494496614511945, 903.9940938485980269, 1315.941561996159862 ) ) ;
#39 = ORIENTED_EDGE ( 'NONE', *, *, #1996, .F. ) ;
#40 = ORIENTED_EDGE ( 'NONE', *, *, #1826, .T. ) ;
#41 = ADVANCED_FACE ( 'NONE', ( #1050 ), #4871, .F. ) ;
#42 = CARTESIAN_POINT ( 'NONE',  ( 718.7917400848953093, 919.4506485289006150, 1322.044098589542727 ) ) ;
#43 = DIRECTION ( 'NONE',  ( 0.2584120001204519568, -0.2635669211664690148, -0.9293845900705347551 ) ) ;
#44 = LINE ( 'NONE', #2304, #3710 ) ;
#45 = CARTESIAN_POINT ( 'NONE',  ( 721.0326286409708700, 915.4404791630876161, 1305.995881168355254 ) ) ;
#46 = CARTESIAN_POINT ( 'NONE',  ( 716.3786583282235370, 916.0008355749703242, 1307.471994398018296 ) ) ;
#47 = CARTESIAN_POINT ( 'NONE',  ( 719.8286610700904475, 910.2179278277214962, 1311.343563233765735 ) ) ;
#48 = CARTESIAN_POINT ( 'NONE',  ( 720.3438456592350576, 905.6307360464414842, 1306.027101333965447 ) ) ;
#49 = VERTEX_POINT ( 'NONE', #1853 ) ;
#50 = ADVANCED_FACE ( 'NONE', ( #157 ), #1334, .F. ) ;
#51 = AXIS2_PLACEMENT_3D ( 'NONE', #6083, #6560, #1295 ) ;
#52 = CIRCLE ( 'NONE', #4260, 8.788285345454690756 ) ;
#53 = CARTESIAN_POINT ( 'NONE',  ( 718.7917400848953093, 919.4506485289006150, 1322.044098589542727 ) ) ;
#54 = CARTESIAN_POINT ( 'NONE',  ( 716.9819859319243278, 909.5789274420022821, 1317.236020858167876 ) ) ;
#55 = CARTESIAN_POINT ( 'NONE',  ( 711.8667839934493031, 909.5969450221664374, 1310.505710873485214 ) ) ;
#56 = DIRECTION ( 'NONE',  ( 0.1162306242541707169, -0.7463955445134997646, 0.6552740900690960935 ) ) ;
#57 = VERTEX_POINT ( 'NONE', #5501 ) ;
#58 = VECTOR ( 'NONE', #4956, 1000.000000000000227 ) ;
#59 = CARTESIAN_POINT ( 'NONE',  ( 718.3659887821497705, 905.4029507343208252, 1316.304784641587275 ) ) ;
#60 = DIRECTION ( 'NONE',  ( -0.07317157541021195033, 0.6515180314347920332, 0.7550961364404676912 ) ) ;
#61 = CARTESIAN_POINT ( 'NONE',  ( 727.6921745332074352, 911.8530148519582781, 1312.382983206872723 ) ) ;
#62 = CARTESIAN_POINT ( 'NONE',  ( 726.7597508481795785, 910.3458441503632912, 1312.877460656807443 ) ) ;
#63 = CARTESIAN_POINT ( 'NONE',  ( 716.4957307102757795, 904.3993224922581931, 1315.228170321237030 ) ) ;
#64 = CARTESIAN_POINT ( 'NONE',  ( 718.7917400848953093, 919.4506485289006150, 1322.044098589542727 ) ) ;
#65 = CARTESIAN_POINT ( 'NONE',  ( 711.1490244329306734, 908.6962166169670354, 1311.800987271890108 ) ) ;
#66 = ORIENTED_EDGE ( 'NONE', *, *, #1996, .T. ) ;
#67 = CARTESIAN_POINT ( 'NONE',  ( 719.8286610700904475, 910.2179278277214962, 1311.343563233765735 ) ) ;
#68 = B_SPLINE_CURVE_WITH_KNOTS ( 'NONE', 3,
 ( #3003, #301, #5637, #236, #4983, #1925, #1893, #4008, #5014, #4038 ),
 .UNSPECIFIED., .F., .F.,
 ( 4, 3, 3, 4 ),
 ( 0.000000000000000000, 0.0002173289232322305777, 0.0004346578008312440610, 0.0007905002888284524444 ),
 .UNSPECIFIED. ) ;
#69 = CARTESIAN_POINT ( 'NONE',  ( 718.0094892342195863, 914.6358634717130371, 1313.390584651173640 ) ) ;
#70 = CARTESIAN_POINT ( 'NONE',  ( 726.6666835023664817, 911.6282644524317220, 1311.682212946140226 ) ) ;
#71 = CARTESIAN_POINT ( 'NONE',  ( -22.78033985172548981, 734.7985462292801913, 1396.774001712511790 ) ) ;
#72 = ADVANCED_FACE ( 'NONE', ( #6498 ), #2323, .T. ) ;
#73 = CARTESIAN_POINT ( 'NONE',  ( 727.4349672568996539, 908.6667908892818559, 1312.700655421771671 ) ) ;
#74 = B_SPLINE_CURVE_WITH_KNOTS ( 'NONE', 3,
 ( #2162, #3274, #3204, #4822, #5387, #4313, #1643, #5347 ),
 .UNSPECIFIED., .F., .F.,
 ( 4, 2, 2, 4 ),
 ( 0.000000000000000000, 0.0003785376244287670189, 0.0007570752488575340378, 0.001514150497715267135 ),
 .UNSPECIFIED. ) ;
#75 = VERTEX_POINT ( 'NONE', #4385 ) ;
#76 = VERTEX_POINT ( 'NONE', #4488 ) ;
#77 = VECTOR ( 'NONE', #3364, 1000.000000000000114 ) ;
#78 = CARTESIAN_POINT ( 'NONE',  ( 724.1606919388563028, 914.8149393721221259, 1308.611172071646024 ) ) ;
#79 = DIRECTION ( 'NONE',  ( 0.07317157541021196421, -0.6515180314347921442, -0.7550961364404672471 ) ) ;
#80 = CARTESIAN_POINT ( 'NONE',  ( 717.9880809210801544, 916.5262431766091140, 1311.332791013693850 ) ) ;
#81 = DIRECTION ( 'NONE',  ( -0.1162306242541731038, 0.7463955445134947686, -0.6552740900691014225 ) ) ;
#82 = VECTOR ( 'NONE', #887, 1000.000000000000227 ) ;
#83 = VECTOR ( 'NONE', #79, 1000.000000000000114 ) ;
#84 = DIRECTION ( 'NONE',  ( 0.1162306242541707169, -0.7463955445134997646, 0.6552740900690960935 ) ) ;
#85 = ADVANCED_FACE ( 'NONE', ( #4423 ), #5708, .F. ) ;
#86 = CARTESIAN_POINT ( 'NONE',  ( 712.2004375028298000, 907.3130523467858666, 1312.694079087064893 ) ) ;
#87 = ORIENTED_EDGE ( 'NONE', *, *, #2962, .T. ) ;
#88 = ORIENTED_EDGE ( 'NONE', *, *, #6027, .F. ) ;
#89 = B_SPLINE_SURFACE_WITH_KNOTS ( 'NONE', 3, 1, ( 
 ( #2411, #4001 ),
 ( #3475, #5592 ),
 ( #387, #2509 ),
 ( #4166, #2576 ),
 ( #4065, #5141 ),
 ( #971, #5690 ),
 ( #4201, #2646 ),
 ( #1947, #3608 ),
 ( #4715, #6177 ),
 ( #2546, #1004 ),
 ( #1496, #2081 ),
 ( #489, #6213 ) ),
 .UNSPECIFIED., .F., .F., .F.,
 ( 4, 1, 1, 1, 2, 1, 1, 1, 4 ),
 ( 2, 2 ),
 ( 0.000000000000000000, 0.2143883571535014076, 0.4287767143070028153, 0.6431650714605041674, 0.8575534286140056306, 0.8931650714605041674, 0.9287767143070029263, 0.9643883571535014632, 1.000000000000000000 ),
 ( 0.000000000000000000, 1.000000000000000000 ),
 .UNSPECIFIED. ) ;
#90 = VECTOR ( 'NONE', #3667, 1000.000000000000000 ) ;
#91 = CARTESIAN_POINT ( 'NONE',  ( 726.9017166531376688, 907.9632251968465653, 1313.043458458404757 ) ) ;
#92 = CARTESIAN_POINT ( 'NONE',  ( 718.7917400848953093, 919.4506485289006150, 1322.044098589542727 ) ) ;
#93 = CARTESIAN_POINT ( 'NONE',  ( 713.1731840381975189, 911.9985326162729962, 1308.204079852710947 ) ) ;
#94 = CARTESIAN_POINT ( 'NONE',  ( 725.4246230813502052, 907.9571901665287896, 1314.650543453993123 ) ) ;
#95 = EDGE_CURVE ( 'NONE', #566, #282, #3629, .T. ) ;
#96 = ORIENTED_EDGE ( 'NONE', *, *, #6592, .F. ) ;
#97 = CARTESIAN_POINT ( 'NONE',  ( 726.6175138726549676, 910.7834184317470090, 1312.327631935931549 ) ) ;
#98 = AXIS2_PLACEMENT_3D ( 'NONE', #5169, #3602, #6756 ) ;
#99 = CARTESIAN_POINT ( 'NONE',  ( 719.4367320733982751, 915.9626234450391848, 1305.746781414551378 ) ) ;
#100 = LINE ( 'NONE', #3328, #3925 ) ;
#101 = CARTESIAN_POINT ( 'NONE',  ( 712.4958312638023017, 907.3925142547336691, 1312.401634123310714 ) ) ;
#102 = CARTESIAN_POINT ( 'NONE',  ( 718.7917400848953093, 919.4506485289006150, 1322.044098589542727 ) ) ;
#103 = CC_DESIGN_PERSON_AND_ORGANIZATION_ASSIGNMENT ( #6200, #5577, ( #1133 ) ) ;
#104 = LINE ( 'NONE', #2111, #3084 ) ;
#105 = CARTESIAN_POINT ( 'NONE',  ( 713.1503051175403698, 911.5566246173547142, 1310.355514552092473 ) ) ;
#106 = EDGE_LOOP ( 'NONE', ( #6657, #5644, #1379, #2737, #1923, #5950, #2044, #4729, #2196, #3245, #4631, #1944, #774, #1668, #2828, #3580, #1997, #3216, #2515, #4523, #1880, #4335, #977, #4471, #5131, #1342, #6601, #5344, #347, #2987, #1236, #240, #6395, #5025, #2461, #4796, #1019, #6768, #5747, #3955, #1435, #2337, #498, #1839, #188, #2381, #3252, #5664, #5907, #2862, #3048, #1821, #1018, #2290, #1650, #1519, #2170, #2331, #1978, #805, #4222, #4646, #2313, #40, #6846, #5731 ) ) ;
#107 = B_SPLINE_CURVE_WITH_KNOTS ( 'NONE', 3,
 ( #1166, #2807, #5996, #4253, #2773, #3811, #4286, #4914 ),
 .UNSPECIFIED., .F., .F.,
 ( 4, 2, 2, 4 ),
 ( 0.000000000000000000, 0.0003785376244289836425, 0.0007570752488579672850, 0.001514150497715475736 ),
 .UNSPECIFIED. ) ;
#108 = CARTESIAN_POINT ( 'NONE',  ( 711.0775357425649190, 910.1690446130093051, 1310.537725007819745 ) ) ;
#109 = B_SPLINE_SURFACE_WITH_KNOTS ( 'NONE', 3, 1, ( 
 ( #1950, #906 ),
 ( #1539, #4718 ),
 ( #2549, #4068 ),
 ( #938, #974 ),
 ( #6832, #875 ),
 ( #1007, #1465 ),
 ( #3099, #5178 ),
 ( #6281, #359 ) ),
 .UNSPECIFIED., .F., .F., .F.,
 ( 4, 1, 1, 1, 1, 4 ),
 ( 2, 2 ),
 ( 0.000000000000000000, 0.3581071372195973046, 0.4566366301078926271, 0.6536956158844833276, 0.7882359431063625799, 1.000000000000000000 ),
 ( 0.000000000000000000, 1.000000000000000000 ),
 .UNSPECIFIED. ) ;
#110 = CARTESIAN_POINT ( 'NONE',  ( 719.8032298937289397, 914.4097466622918091, 1319.916395265883921 ) ) ;
#111 = CARTESIAN_POINT ( 'NONE',  ( 720.0462069719721967, 916.8801415283197684, 1305.616300213677505 ) ) ;
#112 = CARTESIAN_POINT ( 'NONE',  ( 714.8174824935006200, 913.9471072814883428, 1308.454570688733156 ) ) ;
#113 = CARTESIAN_POINT ( 'NONE',  ( 718.7917400848953093, 919.4506485289006150, 1322.044098589542727 ) ) ;
#114 = ORIENTED_EDGE ( 'NONE', *, *, #4502, .T. ) ;
#115 = ORIENTED_EDGE ( 'NONE', *, *, #5833, .F. ) ;
#116 = ADVANCED_FACE ( 'NONE', ( #6535 ), #266, .T. ) ;
#117 = CARTESIAN_POINT ( 'NONE',  ( 715.3832370166668397, 914.6224270762925244, 1308.060923466156737 ) ) ;
#118 = CARTESIAN_POINT ( 'NONE',  ( 715.2626325942993617, 906.5079704376069003, 1314.916278354022552 ) ) ;
#119 = CARTESIAN_POINT ( 'NONE',  ( 712.2170879053090857, 908.7994513284405684, 1311.017000168710865 ) ) ;
#120 = CARTESIAN_POINT ( 'NONE',  ( 724.8669665510590221, 914.6408281241934901, 1307.269071837515867 ) ) ;
#121 = CARTESIAN_POINT ( 'NONE',  ( 716.8802225217698378, 915.3932281207011101, 1307.540918168344888 ) ) ;
#122 = CARTESIAN_POINT ( 'NONE',  ( 711.0775357425649190, 910.1690446130093051, 1310.537725007819745 ) ) ;
#123 = CARTESIAN_POINT ( 'NONE',  ( 719.8286610700904475, 910.2179278277214962, 1311.343563233765735 ) ) ;
#124 = VERTEX_POINT ( 'NONE', #3315 ) ;
#125 = ORIENTED_EDGE ( 'NONE', *, *, #6094, .F. ) ;
#126 = EDGE_CURVE ( 'NONE', #2992, #4006, #2399, .T. ) ;
#127 = CARTESIAN_POINT ( 'NONE',  ( 718.7917400848953093, 919.4506485289006150, 1322.044098589542727 ) ) ;
#128 = CARTESIAN_POINT ( 'NONE',  ( 629.5527745005540510, 1175.017990888708937, 1074.856496664352790 ) ) ;
#129 = CARTESIAN_POINT ( 'NONE',  ( 718.7917400848953093, 919.4506485289006150, 1322.044098589542727 ) ) ;
#130 = CARTESIAN_POINT ( 'NONE',  ( 716.8350159955042500, 912.2849374197517136, 1318.243417759531212 ) ) ;
#131 = ORIENTED_EDGE ( 'NONE', *, *, #4455, .F. ) ;
#132 = CARTESIAN_POINT ( 'NONE',  ( 724.2997274307201678, 912.0724685418844047, 1315.793639865570640 ) ) ;
#133 = EDGE_CURVE ( 'NONE', #3669, #2643, #5949, .T. ) ;
#134 = CARTESIAN_POINT ( 'NONE',  ( 718.7917400848953093, 919.4506485289006150, 1322.044098589542727 ) ) ;
#135 = LINE ( 'NONE', #5444, #5354 ) ;
#136 = CARTESIAN_POINT ( 'NONE',  ( 711.9253851162266074, 907.2163970718202108, 1313.039903331502956 ) ) ;
#137 = CARTESIAN_POINT ( 'NONE',  ( 718.7917400848953093, 919.4506485289006150, 1322.044098589542727 ) ) ;
#138 = CARTESIAN_POINT ( 'NONE',  ( 718.7917400848953093, 919.4506485289006150, 1322.044098589542727 ) ) ;
#139 = CARTESIAN_POINT ( 'NONE',  ( 720.0732537342868227, 908.0400803481887806, 1308.819482336218925 ) ) ;
#140 = ORIENTED_EDGE ( 'NONE', *, *, #3857, .F. ) ;
#141 = EDGE_CURVE ( 'NONE', #673, #1388, #1531, .T. ) ;
#142 = CARTESIAN_POINT ( 'NONE',  ( 717.5867040612730534, 915.0656878940263823, 1305.983171183797367 ) ) ;
#143 = CARTESIAN_POINT ( 'NONE',  ( 712.9899016979801445, 909.7146999712349498, 1311.929310640889980 ) ) ;
#144 = CARTESIAN_POINT ( 'NONE',  ( 714.6707540208806222, 913.7051652935907669, 1313.445434684406109 ) ) ;
#145 = B_SPLINE_SURFACE_WITH_KNOTS ( 'NONE', 3, 1, ( 
 ( #5824, #2785 ),
 ( #3790, #5452 ),
 ( #4748, #2 ),
 ( #4265, #3716 ),
 ( #2224, #6342 ),
 ( #3300, #1178 ),
 ( #5866, #1072 ),
 ( #1597, #6482 ) ),
 .UNSPECIFIED., .F., .F., .F.,
 ( 4, 1, 1, 1, 1, 4 ),
 ( 2, 2 ),
 ( 0.000000000000000000, 0.3581071372195973046, 0.4566366301078926271, 0.6536956158844833276, 0.7882359431063625799, 1.000000000000000000 ),
 ( 0.000000000000000000, 1.000000000000000000 ),
 .UNSPECIFIED. ) ;
#146 = CARTESIAN_POINT ( 'NONE',  ( 722.7263226933732767, 916.0534154893147161, 1312.199912890748692 ) ) ;
#147 = LINE ( 'NONE', #2264, #3640 ) ;
#148 = VERTEX_POINT ( 'NONE', #3418 ) ;
#149 = ORIENTED_EDGE ( 'NONE', *, *, #2463, .F. ) ;
#150 = B_SPLINE_CURVE_WITH_KNOTS ( 'NONE', 1,
 ( #2793, #1642 ),
 .UNSPECIFIED., .F., .F.,
 ( 2, 2 ),
 ( 0.000000000000000000, 0.001500000000000037761 ),
 .UNSPECIFIED. ) ;
#151 = CARTESIAN_POINT ( 'NONE',  ( 718.7917400848953093, 919.4506485289006150, 1322.044098589542727 ) ) ;
#152 = DIRECTION ( 'NONE',  ( -0.07317157541021195033, 0.6515180314347920332, 0.7550961364404676912 ) ) ;
#153 = CARTESIAN_POINT ( 'NONE',  ( 718.8387778778759412, 916.7175810968493579, 1311.256521074616330 ) ) ;
#154 = CARTESIAN_POINT ( 'NONE',  ( 717.2701565794360477, 917.3786685571575390, 1317.109262490109586 ) ) ;
#155 = CARTESIAN_POINT ( 'NONE',  ( 711.9248443358941358, 906.9632849799462520, 1313.385851234708980 ) ) ;
#156 = DIRECTION ( 'NONE',  ( -0.07317157541021195033, 0.6515180314347920332, 0.7550961364404676912 ) ) ;
#157 = FACE_OUTER_BOUND ( 'NONE', #1381, .T. ) ;
#158 = LOCAL_TIME ( 21, 36, 40.00000000000000000, #4016 ) ;
#159 = ORIENTED_EDGE ( 'NONE', *, *, #4730, .T. ) ;
#160 = ORIENTED_EDGE ( 'NONE', *, *, #6220, .F. ) ;
#161 = CARTESIAN_POINT ( 'NONE',  ( 718.7917400848953093, 919.4506485289006150, 1322.044098589542727 ) ) ;
#162 = CARTESIAN_POINT ( 'NONE',  ( 724.8028529620557947, 904.9778542203557663, 1316.346862437734217 ) ) ;
#163 = CARTESIAN_POINT ( 'NONE',  ( 711.5833579017157717, 909.7745236923484526, 1310.528463141578868 ) ) ;
#164 = CARTESIAN_POINT ( 'NONE',  ( 725.6078640356544156, 908.1788690636047932, 1314.477001673310497 ) ) ;
#165 = ORIENTED_EDGE ( 'NONE', *, *, #689, .F. ) ;
#166 = B_SPLINE_CURVE_WITH_KNOTS ( 'NONE', 3,
 ( #3359, #5925, #4363, #1134, #1248, #2850, #762, #6033 ),
 .UNSPECIFIED., .F., .F.,
 ( 4, 2, 2, 4 ),
 ( 0.000000000000000000, 0.0006957517735686388196, 0.001043627660352958175, 0.001391503547137277639 ),
 .UNSPECIFIED. ) ;
#167 = CARTESIAN_POINT ( 'NONE',  ( 716.0993406234510985, 906.0702411810025296, 1315.375167447602962 ) ) ;
#168 = EDGE_CURVE ( 'NONE', #5622, #1808, #5416, .T. ) ;
#169 = VECTOR ( 'NONE', #3878, 1000.000000000000114 ) ;
#170 = B_SPLINE_CURVE_WITH_KNOTS ( 'NONE', 3,
 ( #5008, #6597, #3934, #5594, #1851, #5534, #2376, #3415 ),
 .UNSPECIFIED., .F., .F.,
 ( 4, 2, 2, 4 ),
 ( 0.000000000000000000, 0.0006957517735685366878, 0.001043627660352873607, 0.001391503547137210636 ),
 .UNSPECIFIED. ) ;
#171 = B_SPLINE_CURVE_WITH_KNOTS ( 'NONE', 1,
 ( #5685, #2503 ),
 .UNSPECIFIED., .F., .F.,
 ( 2, 2 ),
 ( 0.000000000000000000, 0.001500000000000001115 ),
 .UNSPECIFIED. ) ;
#172 = CARTESIAN_POINT ( 'NONE',  ( 719.4362802965147239, 915.4337298576776902, 1305.849712450728475 ) ) ;
#173 = CARTESIAN_POINT ( 'NONE',  ( 728.1735992563983473, 911.0797908861986798, 1311.103389264010502 ) ) ;
#174 = CARTESIAN_POINT ( 'NONE',  ( 716.4948460209213863, 904.3935229741630337, 1315.225544034408131 ) ) ;
#175 = AXIS2_PLACEMENT_3D ( 'NONE', #4507, #4441, #6552 ) ;
#176 = CARTESIAN_POINT ( 'NONE',  ( 718.7917400848953093, 919.4506485289006150, 1322.044098589542727 ) ) ;
#177 = VERTEX_POINT ( 'NONE', #3545 ) ;
#178 = LINE ( 'NONE', #4402, #77 ) ;
#179 = EDGE_CURVE ( 'NONE', #5695, #2488, #6217, .T. ) ;
#180 = EDGE_LOOP ( 'NONE', ( #3168, #3813, #6384, #6195 ) ) ;
#181 = DIRECTION ( 'NONE',  ( 0.4303543763297984492, -0.3641238925742566468, -0.8259593825548332546 ) ) ;
#182 = CARTESIAN_POINT ( 'NONE',  ( 719.7353845055382635, 911.0484602219646604, 1312.306133372769409 ) ) ;
#183 = AXIS2_PLACEMENT_3D ( 'NONE', #3639, #2107, #448 ) ;
#184 = CARTESIAN_POINT ( 'NONE',  ( 727.4758371076852654, 907.5258031214017365, 1314.279834785306093 ) ) ;
#185 = CARTESIAN_POINT ( 'NONE',  ( 629.2600881989131949, 1177.624063014448211, 1077.876881210114789 ) ) ;
#186 = EDGE_CURVE ( 'NONE', #3605, #3458, #4668, .T. ) ;
#187 = ORIENTED_EDGE ( 'NONE', *, *, #1097, .F. ) ;
#188 = ORIENTED_EDGE ( 'NONE', *, *, #1325, .F. ) ;
#189 = CARTESIAN_POINT ( 'NONE',  ( 722.3520830711178178, 905.5159500511325632, 1317.217182047071674 ) ) ;
#190 = CARTESIAN_POINT ( 'NONE',  ( 727.2683580694512102, 912.9781304216078297, 1311.255009469116203 ) ) ;
#191 = CARTESIAN_POINT ( 'NONE',  ( 719.4952054422785750, 913.1870090998544356, 1314.784667990955313 ) ) ;
#192 = CARTESIAN_POINT ( 'NONE',  ( 719.3824117802817000, 904.0312770432814204, 1315.677979626077558 ) ) ;
#193 = CARTESIAN_POINT ( 'NONE',  ( 717.5579174225653105, 915.4190313704681330, 1307.449980439917454 ) ) ;
#194 = CARTESIAN_POINT ( 'NONE',  ( 712.5802560388631264, 907.9965322243746186, 1311.602360432659452 ) ) ;
#195 = DIRECTION ( 'NONE',  ( -0.1162306242541731038, 0.7463955445134947686, -0.6552740900691014225 ) ) ;
#196 = ADVANCED_FACE ( 'NONE', ( #6635 ), #1890, .T. ) ;
#197 = EDGE_LOOP ( 'NONE', ( #4880, #632, #5234, #927 ) ) ;
#198 = VERTEX_POINT ( 'NONE', #5179 ) ;
#199 = VERTEX_POINT ( 'NONE', #4106 ) ;
#200 = CARTESIAN_POINT ( 'NONE',  ( 713.0112676029772274, 905.8404295114937668, 1314.303643302302817 ) ) ;
#201 = CARTESIAN_POINT ( 'NONE',  ( 726.8560391052693603, 907.9608533199418616, 1313.011653290155209 ) ) ;
#202 = VECTOR ( 'NONE', #5679, 1000.000000000000114 ) ;
#203 = CARTESIAN_POINT ( 'NONE',  ( 712.1833489054113215, 909.4611514212327847, 1310.422973918154639 ) ) ;
#204 = AXIS2_PLACEMENT_3D ( 'NONE', #6189, #1926, #3583 ) ;
#205 = CARTESIAN_POINT ( 'NONE',  ( 722.2183998619063914, 916.7342032079280898, 1305.952713301766380 ) ) ;
#206 = ORIENTED_EDGE ( 'NONE', *, *, #477, .F. ) ;
#207 = DIRECTION ( 'NONE',  ( -0.4059328251280552857, 0.3246871195210443983, 0.8542814617564182811 ) ) ;
#208 = CIRCLE ( 'NONE', #1861, 8.788285345454690756 ) ;
#209 = CARTESIAN_POINT ( 'NONE',  ( 719.3074477344541720, 915.7731211745033306, 1307.314053206539484 ) ) ;
#210 = B_SPLINE_CURVE_WITH_KNOTS ( 'NONE', 1,
 ( #1540, #1673 ),
 .UNSPECIFIED., .F., .F.,
 ( 2, 2 ),
 ( 0.000000000000000000, 0.001500000000000217305 ),
 .UNSPECIFIED. ) ;
#211 = B_SPLINE_SURFACE_WITH_KNOTS ( 'NONE', 3, 1, ( 
 ( #2076, #3157 ),
 ( #5896, #486 ),
 ( #6374, #3785 ),
 ( #4809, #3750 ),
 ( #1628, #2744 ),
 ( #1066, #2706 ),
 ( #5860, #6861 ),
 ( #64, #3192 ),
 ( #4848, #3712 ),
 ( #5271, #4197 ),
 ( #3260, #1594 ),
 ( #4711, #4744 ) ),
 .UNSPECIFIED., .F., .F., .F.,
 ( 4, 1, 1, 1, 2, 1, 1, 1, 4 ),
 ( 2, 2 ),
 ( 0.000000000000000000, 0.2143883571535014076, 0.4287767143070028153, 0.6431650714605041674, 0.8575534286140056306, 0.8931650714605041674, 0.9287767143070029263, 0.9643883571535014632, 1.000000000000000000 ),
 ( 0.000000000000000000, 1.000000000000000000 ),
 .UNSPECIFIED. ) ;
#212 = DIRECTION ( 'NONE',  ( 0.1162306242541731038, -0.7463955445134947686, 0.6552740900691014225 ) ) ;
#213 = EDGE_CURVE ( 'NONE', #5633, #4981, #219, .T. ) ;
#214 = CARTESIAN_POINT ( 'NONE',  ( 725.5871691396072265, 907.7814369956488463, 1315.127235818447389 ) ) ;
#215 = CARTESIAN_POINT ( 'NONE',  ( 718.7917400848953093, 919.4506485289006150, 1322.044098589542727 ) ) ;
#216 = VERTEX_POINT ( 'NONE', #5596 ) ;
#217 = CARTESIAN_POINT ( 'NONE',  ( 719.8286610700904475, 910.2179278277214962, 1311.343563233765735 ) ) ;
#218 = ORIENTED_EDGE ( 'NONE', *, *, #1271, .T. ) ;
#219 = CIRCLE ( 'NONE', #1768, 7.997732278218547819 ) ;
#220 = EDGE_CURVE ( 'NONE', #6429, #2836, #291, .T. ) ;
#221 = CARTESIAN_POINT ( 'NONE',  ( 727.6921745332074352, 911.8530148519582781, 1312.382983206872723 ) ) ;
#222 = CARTESIAN_POINT ( 'NONE',  ( 720.0732537342868227, 908.0400803481887806, 1308.819482336218925 ) ) ;
#223 = DIRECTION ( 'NONE',  ( 0.000000000000000000, -0.7571257123220760388, 0.6532692061782715554 ) ) ;
#224 = ORIENTED_EDGE ( 'NONE', *, *, #3218, .T. ) ;
#225 = VERTEX_POINT ( 'NONE', #2447 ) ;
#226 = EDGE_CURVE ( 'NONE', #1326, #2923, #3512, .T. ) ;
#227 = CYLINDRICAL_SURFACE ( 'NONE', #2157, 5.999999999999937828 ) ;
#228 = CARTESIAN_POINT ( 'NONE',  ( 727.1468668748467508, 912.8199411754627590, 1311.260037672288945 ) ) ;
#229 = CARTESIAN_POINT ( 'NONE',  ( 719.0236338536774383, 915.2443303871752960, 1305.884365054018417 ) ) ;
#230 = CARTESIAN_POINT ( 'NONE',  ( 720.1999277102324868, 906.9121781678747993, 1307.512266668277789 ) ) ;
#231 = DIRECTION ( 'NONE',  ( 0.1162306242541561591, -0.7463955445135177502, 0.6552740900690781078 ) ) ;
#232 = DIRECTION ( 'NONE',  ( 0.000000000000000000, 0.7571257123220515028, -0.6532692061782998660 ) ) ;
#233 = CARTESIAN_POINT ( 'NONE',  ( 629.5527745005540510, 1175.017990888708937, 1074.856496664352790 ) ) ;
#234 = VERTEX_POINT ( 'NONE', #5632 ) ;
#235 = ORIENTED_EDGE ( 'NONE', *, *, #3730, .T. ) ;
#236 = CARTESIAN_POINT ( 'NONE',  ( 717.8541986180540562, 905.5472441580294571, 1315.996310364691908 ) ) ;
#237 = CARTESIAN_POINT ( 'NONE',  ( 712.4428161796474797, 910.1829739974197082, 1309.697651540121797 ) ) ;
#238 = CARTESIAN_POINT ( 'NONE',  ( 718.7917400848953093, 919.4506485289006150, 1322.044098589542727 ) ) ;
#239 = CARTESIAN_POINT ( 'NONE',  ( 712.7506431184233406, 911.7058184329985124, 1308.561008925239776 ) ) ;
#240 = ORIENTED_EDGE ( 'NONE', *, *, #1613, .T. ) ;
#241 = CARTESIAN_POINT ( 'NONE',  ( 727.5323757981116159, 907.9274381001513348, 1313.761190375776550 ) ) ;
#242 = CARTESIAN_POINT ( 'NONE',  ( 722.6835246470974425, 913.3478480726057569, 1317.893050632044378 ) ) ;
#243 = CARTESIAN_POINT ( 'NONE',  ( 719.8286610700904475, 910.2179278277214962, 1311.343563233765735 ) ) ;
#244 = B_SPLINE_CURVE_WITH_KNOTS ( 'NONE', 3,
 ( #2040, #5268, #2109, #3121, #6335, #6271, #1029, #1592 ),
 .UNSPECIFIED., .F., .F.,
 ( 4, 2, 2, 4 ),
 ( 0.000000000000000000, 0.0006560729127571705756, 0.0009841093691357557550, 0.001312145825514341151 ),
 .UNSPECIFIED. ) ;
#245 = CARTESIAN_POINT ( 'NONE',  ( 718.7917400848953093, 919.4506485289006150, 1322.044098589542727 ) ) ;
#246 = CARTESIAN_POINT ( 'NONE',  ( 714.2873390981811781, 913.5531976917020529, 1307.096126471330535 ) ) ;
#247 = ORIENTED_EDGE ( 'NONE', *, *, #3558, .F. ) ;
#248 = DIRECTION ( 'NONE',  ( 0.07317157541021193645, -0.6515180314347919222, -0.7550961364404674692 ) ) ;
#249 = ORIENTED_EDGE ( 'NONE', *, *, #6495, .F. ) ;
#250 = ADVANCED_FACE ( 'NONE', ( #1921 ), #522, .F. ) ;
#251 = CARTESIAN_POINT ( 'NONE',  ( 713.1009085177902307, 905.9292013365492267, 1314.132912925089386 ) ) ;
#252 = CARTESIAN_POINT ( 'NONE',  ( 719.7878917439194311, 910.5809369741152750, 1311.764283445193541 ) ) ;
#253 = CARTESIAN_POINT ( 'NONE',  ( 725.8342586857180549, 914.6072555538700044, 1307.721603983098021 ) ) ;
#254 = B_SPLINE_CURVE_WITH_KNOTS ( 'NONE', 3,
 ( #340, #5192, #5122, #1551, #6711, #6228, #3664, #6196, #5774, #4665 ),
 .UNSPECIFIED., .F., .F.,
 ( 4, 3, 3, 4 ),
 ( 0.000000000000000000, 0.0002173289232322744337, 0.0004346578008312955606, 0.0007905002888284220867 ),
 .UNSPECIFIED. ) ;
#255 = VERTEX_POINT ( 'NONE', #1987 ) ;
#256 = EDGE_CURVE ( 'NONE', #1604, #225, #876, .T. ) ;
#257 = ORIENTED_EDGE ( 'NONE', *, *, #6538, .F. ) ;
#258 = B_SPLINE_CURVE_WITH_KNOTS ( 'NONE', 1,
 ( #594, #667 ),
 .UNSPECIFIED., .F., .F.,
 ( 2, 2 ),
 ( 0.000000000000000000, 0.001500000000000016728 ),
 .UNSPECIFIED. ) ;
#259 = B_SPLINE_CURVE_WITH_KNOTS ( 'NONE', 3,
 ( #1032, #1175, #3295, #2608, #2642, #1067, #768, #3954, #1253, #1318 ),
 .UNSPECIFIED., .F., .F.,
 ( 4, 3, 3, 4 ),
 ( 0.000000000000000000, 0.0002173289232322772255, 0.0004346578008313218525, 0.0007905002888284572149 ),
 .UNSPECIFIED. ) ;
#260 = CARTESIAN_POINT ( 'NONE',  ( 721.4356806486200639, 915.9482801584031222, 1305.952862625640591 ) ) ;
#261 = DIRECTION ( 'NONE',  ( -0.1259162098304095201, -0.2672719358401655088, -0.9553590008024180902 ) ) ;
#262 = CARTESIAN_POINT ( 'NONE',  ( 724.4478060825258581, 907.0478435691632058, 1315.340455657413713 ) ) ;
#263 = DIRECTION ( 'NONE',  ( -0.4159365729194618444, 0.2110424897462094274, -0.8845664671632846865 ) ) ;
#264 = CARTESIAN_POINT ( 'NONE',  ( 727.1953720457260033, 914.1761838380988365, 1308.642130637735136 ) ) ;
#265 = CARTESIAN_POINT ( 'NONE',  ( 714.0635217611977623, 907.5011250178082491, 1313.943089201366092 ) ) ;
#266 = PLANE ( 'NONE',  #1538 ) ;
#267 = ORIENTED_EDGE ( 'NONE', *, *, #6763, .F. ) ;
#268 = EDGE_CURVE ( 'NONE', #5749, #4424, #5146, .T. ) ;
#269 = EDGE_LOOP ( 'NONE', ( #6507, #6687, #6219, #3305 ) ) ;
#270 = CARTESIAN_POINT ( 'NONE',  ( 717.6968576098909125, 916.8049460444329952, 1307.141735957242417 ) ) ;
#271 = CARTESIAN_POINT ( 'NONE',  ( 712.9899016979801445, 909.7146999712349498, 1311.929310640889980 ) ) ;
#272 = CARTESIAN_POINT ( 'NONE',  ( 718.7917400848953093, 919.4506485289006150, 1322.044098589542727 ) ) ;
#273 = CARTESIAN_POINT ( 'NONE',  ( 727.3966195026961259, 908.6623696037056561, 1312.679431239437463 ) ) ;
#274 = CARTESIAN_POINT ( 'NONE',  ( 714.5273571954153340, 904.7492026463144157, 1315.392098935073591 ) ) ;
#275 = ORIENTED_EDGE ( 'NONE', *, *, #719, .F. ) ;
#276 = CARTESIAN_POINT ( 'NONE',  ( 712.1321382924041927, 912.5142186604133485, 1310.304653715956192 ) ) ;
#277 = ADVANCED_FACE ( 'NONE', ( #360 ), #6167, .T. ) ;
#278 = AXIS2_PLACEMENT_3D ( 'NONE', #407, #1870, #311 ) ;
#279 = CARTESIAN_POINT ( 'NONE',  ( 718.9739695278467480, 915.7327348001934979, 1307.316452137613396 ) ) ;
#280 = DATE_AND_TIME ( #3560, #5027 ) ;
#281 = CARTESIAN_POINT ( 'NONE',  ( 725.9172335686513406, 907.5182501318469122, 1315.951140982443349 ) ) ;
#282 = VERTEX_POINT ( 'NONE', #4654 ) ;
#283 = EDGE_CURVE ( 'NONE', #1760, #1197, #6577, .T. ) ;
#284 = ORIENTED_EDGE ( 'NONE', *, *, #256, .F. ) ;
#285 = CARTESIAN_POINT ( 'NONE',  ( 713.2552441780341042, 906.0274618837839853, 1313.860317445376722 ) ) ;
#286 = CARTESIAN_POINT ( 'NONE',  ( 726.5692046572319214, 911.5752158790917292, 1311.639889651042040 ) ) ;
#287 = CARTESIAN_POINT ( 'NONE',  ( 725.4563137705570171, 913.8689707338304515, 1314.773905634589255 ) ) ;
#288 = ORIENTED_EDGE ( 'NONE', *, *, #1700, .F. ) ;
#289 = ORIENTED_EDGE ( 'NONE', *, *, #1940, .T. ) ;
#290 = CARTESIAN_POINT ( 'NONE',  ( 722.0607019071567265, 905.5905204760645120, 1316.820408052722541 ) ) ;
#291 = B_SPLINE_CURVE_WITH_KNOTS ( 'NONE', 3,
 ( #845, #6665, #331, #2932, #6698, #6184, #1433, #2550 ),
 .UNSPECIFIED., .F., .F.,
 ( 4, 2, 2, 4 ),
 ( 0.000000000000000000, 0.0006957517735688605390, 0.001043627660353254162, 0.001391503547137647786 ),
 .UNSPECIFIED. ) ;
#292 = CARTESIAN_POINT ( 'NONE',  ( 726.6717138350621781, 912.3151223089067798, 1311.212167391199046 ) ) ;
#293 = CARTESIAN_POINT ( 'NONE',  ( 724.7010159338061612, 907.2487666029006732, 1315.191836580757581 ) ) ;
#294 = ADVANCED_FACE ( 'NONE', ( #5214 ), #4697, .F. ) ;
#295 = CARTESIAN_POINT ( 'NONE',  ( 724.4867495985405412, 912.7256301177757223, 1315.241810833937734 ) ) ;
#296 = CARTESIAN_POINT ( 'NONE',  ( 726.3313925476808208, 913.7262288628531905, 1308.320410337019439 ) ) ;
#297 = CARTESIAN_POINT ( 'NONE',  ( 718.7917400848953093, 919.4506485289006150, 1322.044098589542727 ) ) ;
#298 = DIRECTION ( 'NONE',  ( -0.07317157541021193645, 0.6515180314347919222, 0.7550961364404674692 ) ) ;
#299 = ORIENTED_EDGE ( 'NONE', *, *, #1535, .T. ) ;
#300 = ORIENTED_EDGE ( 'NONE', *, *, #5720, .T. ) ;
#301 = CARTESIAN_POINT ( 'NONE',  ( 717.7158524830517763, 905.5723705402805308, 1315.961314297273930 ) ) ;
#302 = CARTESIAN_POINT ( 'NONE',  ( 718.4752086914414804, 905.0682231651293250, 1317.227810009491577 ) ) ;
#303 = PLANE ( 'NONE',  #6621 ) ;
#304 = ADVANCED_FACE ( 'NONE', ( #4684 ), #3760, .T. ) ;
#305 = CARTESIAN_POINT ( 'NONE',  ( 728.2171007181004825, 909.0978635253211451, 1312.995248324485146 ) ) ;
#306 = VECTOR ( 'NONE', #1355, 1000.000000000000114 ) ;
#307 = PLANE ( 'NONE',  #4970 ) ;
#308 = ORIENTED_EDGE ( 'NONE', *, *, #6094, .T. ) ;
#309 = CARTESIAN_POINT ( 'NONE',  ( 718.7917400848953093, 919.4506485289006150, 1322.044098589542727 ) ) ;
#310 = CARTESIAN_POINT ( 'NONE',  ( 717.8087223601978621, 904.1623963407001838, 1315.414517649250229 ) ) ;
#311 = DIRECTION ( 'NONE',  ( 1.000000000000000000, 0.000000000000000000, 0.000000000000000000 ) ) ;
#312 = EDGE_CURVE ( 'NONE', #6753, #4129, #210, .T. ) ;
#313 = CARTESIAN_POINT ( 'NONE',  ( 716.3780151806449794, 904.1694313100778118, 1315.811305643928563 ) ) ;
#314 = VERTEX_POINT ( 'NONE', #5278 ) ;
#315 = CARTESIAN_POINT ( 'NONE',  ( 718.7917400848953093, 919.4506485289006150, 1322.044098589542727 ) ) ;
#316 = ORIENTED_EDGE ( 'NONE', *, *, #3648, .T. ) ;
#317 = DIRECTION ( 'NONE',  ( -0.07317157541021193645, 0.6515180314347919222, 0.7550961364404674692 ) ) ;
#318 = CARTESIAN_POINT ( 'NONE',  ( 713.6072924529654529, 912.5465837390471506, 1309.545503703332315 ) ) ;
#319 = CARTESIAN_POINT ( 'NONE',  ( 718.7917400848953093, 919.4506485289006150, 1322.044098589542727 ) ) ;
#320 = ORIENTED_EDGE ( 'NONE', *, *, #5776, .F. ) ;
#321 = VECTOR ( 'NONE', #2496, 1000.000000000000114 ) ;
#322 = VERTEX_POINT ( 'NONE', #3132 ) ;
#323 = DIRECTION ( 'NONE',  ( 0.1479965586710220438, -0.9132810410528601208, -0.3794927649836536410 ) ) ;
#324 = B_SPLINE_CURVE_WITH_KNOTS ( 'NONE', 3,
 ( #6803, #4109, #2554, #2054, #4173, #1470, #3069, #1543, #5767, #1012 ),
 .UNSPECIFIED., .F., .F.,
 ( 4, 3, 3, 4 ),
 ( 0.000000000000000000, 0.0002173289232321890527, 0.0004346578008311606316, 0.0007905002888283336158 ),
 .UNSPECIFIED. ) ;
#325 = DIRECTION ( 'NONE',  ( 0.01398753418700807161, 0.7577216552944717742, -0.6524279592301152064 ) ) ;
#326 = CARTESIAN_POINT ( 'NONE',  ( 718.7917400848953093, 919.4506485289006150, 1322.044098589542727 ) ) ;
#327 = CARTESIAN_POINT ( 'NONE',  ( 713.2216724153512359, 908.4805361173456504, 1313.150854978386178 ) ) ;
#328 = B_SPLINE_CURVE_WITH_KNOTS ( 'NONE', 3,
 ( #6476, #729, #4887, #5479, #3329, #3887, #4330, #2851, #3747, #4954 ),
 .UNSPECIFIED., .F., .F.,
 ( 4, 3, 3, 4 ),
 ( 0.000000000000000000, 0.0002173289232321479886, 0.0004346578008313072700, 0.0007905002888284643706 ),
 .UNSPECIFIED. ) ;
#329 = CARTESIAN_POINT ( 'NONE',  ( 723.2192481009124094, 915.3623099322900316, 1306.486887247165441 ) ) ;
#330 = PLANE ( 'NONE',  #749 ) ;
#331 = CARTESIAN_POINT ( 'NONE',  ( 717.1863851267262362, 905.3449977613927331, 1316.704257027439553 ) ) ;
#332 = ORIENTED_EDGE ( 'NONE', *, *, #1954, .T. ) ;
#333 = ORIENTED_EDGE ( 'NONE', *, *, #1145, .F. ) ;
#334 = EDGE_CURVE ( 'NONE', #6096, #6150, #5004, .T. ) ;
#335 = CARTESIAN_POINT ( 'NONE',  ( 727.5772623693861760, 910.1052268897103659, 1311.378797597877565 ) ) ;
#336 = CARTESIAN_POINT ( 'NONE',  ( 726.0724788082803798, 906.0805491223758281, 1315.259318400061375 ) ) ;
#337 = CARTESIAN_POINT ( 'NONE',  ( 718.7917400848953093, 919.4506485289006150, 1322.044098589542727 ) ) ;
#338 = CARTESIAN_POINT ( 'NONE',  ( 712.3627232970304703, 911.8747055237301993, 1308.660248054587782 ) ) ;
#339 = ORIENTED_EDGE ( 'NONE', *, *, #3604, .T. ) ;
#340 = CARTESIAN_POINT ( 'NONE',  ( 716.1418793518687380, 914.8361272318608144, 1307.815838347111821 ) ) ;
#341 = ADVANCED_BREP_SHAPE_REPRESENTATION ( 'GearKeyed', ( #6467, #278 ), #3816 ) ;
#342 = EDGE_CURVE ( 'NONE', #2923, #6004, #1198, .T. ) ;
#343 = B_SPLINE_CURVE_WITH_KNOTS ( 'NONE', 1,
 ( #1841, #221 ),
 .UNSPECIFIED., .F., .F.,
 ( 2, 2 ),
 ( 3.330669073875469621E-16, 0.001500000000000203644 ),
 .UNSPECIFIED. ) ;
#344 = CARTESIAN_POINT ( 'NONE',  ( 724.2504655980999360, 915.7544404197566337, 1306.735855120629822 ) ) ;
#345 = CARTESIAN_POINT ( 'NONE',  ( 718.7917400848953093, 919.4506485289006150, 1322.044098589542727 ) ) ;
#346 = ORIENTED_EDGE ( 'NONE', *, *, #312, .T. ) ;
#347 = ORIENTED_EDGE ( 'NONE', *, *, #3857, .T. ) ;
#348 = ADVANCED_FACE ( 'NONE', ( #6382 ), #5142, .F. ) ;
#349 = CARTESIAN_POINT ( 'NONE',  ( 718.7917400848953093, 919.4506485289006150, 1322.044098589542727 ) ) ;
#350 = CARTESIAN_POINT ( 'NONE',  ( 718.7917400848953093, 919.4506485289006150, 1322.044098589542727 ) ) ;
#351 = DIRECTION ( 'NONE',  ( 0.07317157541021193645, -0.6515180314347919222, -0.7550961364404674692 ) ) ;
#352 = ORIENTED_EDGE ( 'NONE', *, *, #5383, .T. ) ;
#353 = EDGE_CURVE ( 'NONE', #6069, #869, #2755, .T. ) ;
#354 = EDGE_LOOP ( 'NONE', ( #1320, #4794, #4943, #5103 ) ) ;
#355 = CARTESIAN_POINT ( 'NONE',  ( 718.7917400848950820, 919.4506485289003876, 1322.044098589542955 ) ) ;
#356 = CARTESIAN_POINT ( 'NONE',  ( 715.1195653362682378, 910.9472730174564958, 1315.868512607026560 ) ) ;
#357 = CARTESIAN_POINT ( 'NONE',  ( 726.1491592269549074, 912.8163227498973811, 1310.528324049473213 ) ) ;
#358 = CARTESIAN_POINT ( 'NONE',  ( 718.7917400848953093, 919.4506485289006150, 1322.044098589542727 ) ) ;
#359 = CARTESIAN_POINT ( 'NONE',  ( 718.5232921794720369, 903.5414227605788255, 1316.963280847715623 ) ) ;
#360 = FACE_OUTER_BOUND ( 'NONE', #3503, .T. ) ;
#361 = ORIENTED_EDGE ( 'NONE', *, *, #633, .F. ) ;
#362 = EDGE_LOOP ( 'NONE', ( #2230, #5393, #2137, #6652 ) ) ;
#363 = CARTESIAN_POINT ( 'NONE',  ( 720.1396335601914416, 905.3216198184077257, 1316.677540115268357 ) ) ;
#364 = DIRECTION ( 'NONE',  ( -0.07317157541021195033, 0.6515180314347920332, 0.7550961364404676912 ) ) ;
#365 = CARTESIAN_POINT ( 'NONE',  ( 713.4652433320803766, 907.0051451090629371, 1315.187218959271149 ) ) ;
#366 = CARTESIAN_POINT ( 'NONE',  ( 712.7005106905121465, 912.8332387973903224, 1307.997574527268625 ) ) ;
#367 = FACE_OUTER_BOUND ( 'NONE', #3021, .T. ) ;
#368 = DIRECTION ( 'NONE',  ( 0.2245262067301642128, 0.3180464345513145941, 0.9211050146213296541 ) ) ;
#369 = EDGE_LOOP ( 'NONE', ( #612, #2560, #6260, #2856 ) ) ;
#370 = DIRECTION ( 'NONE',  ( 0.1162306242541707169, -0.7463955445134997646, 0.6552740900690960935 ) ) ;
#371 = CARTESIAN_POINT ( 'NONE',  ( 720.5383557656583662, 905.0624187339424225, 1317.548867969633648 ) ) ;
#372 = VECTOR ( 'NONE', #6254, 1000.000000000000000 ) ;
#373 = APPROVAL_DATE_TIME ( #922, #2687 ) ;
#374 = CARTESIAN_POINT ( 'NONE',  ( 718.7917400848953093, 919.4506485289006150, 1322.044098589542727 ) ) ;
#375 = EDGE_CURVE ( 'NONE', #2575, #4916, #6816, .T. ) ;
#376 = EDGE_LOOP ( 'NONE', ( #4554, #4860, #4154, #1795 ) ) ;
#377 = LINE ( 'NONE', #6267, #321 ) ;
#378 = ORIENTED_EDGE ( 'NONE', *, *, #1399, .T. ) ;
#379 = CARTESIAN_POINT ( 'NONE',  ( 720.1555242284782707, 916.6818796686749238, 1305.641641954083752 ) ) ;
#380 = EDGE_CURVE ( 'NONE', #3480, #3898, #3304, .T. ) ;
#381 = CARTESIAN_POINT ( 'NONE',  ( 727.6178018433040506, 907.5670507835408216, 1314.317994272040778 ) ) ;
#382 = CARTESIAN_POINT ( 'NONE',  ( 718.7917400848953093, 919.4506485289006150, 1322.044098589542727 ) ) ;
#383 = ORIENTED_EDGE ( 'NONE', *, *, #4231, .T. ) ;
#384 = ORIENTED_EDGE ( 'NONE', *, *, #3665, .F. ) ;
#385 = CIRCLE ( 'NONE', #707, 8.788285345454690756 ) ;
#386 = CARTESIAN_POINT ( 'NONE',  ( 718.7917400848953093, 919.4506485289006150, 1322.044098589542727 ) ) ;
#387 = CARTESIAN_POINT ( 'NONE',  ( 718.7917400848953093, 919.4506485289006150, 1322.044098589542727 ) ) ;
#388 = EDGE_CURVE ( 'NONE', #1542, #3433, #3268, .T. ) ;
#389 = FACE_OUTER_BOUND ( 'NONE', #5706, .T. ) ;
#390 = LINE ( 'NONE', #4104, #6701 ) ;
#391 = VECTOR ( 'NONE', #181, 1000.000000000000000 ) ;
#392 = LINE ( 'NONE', #6734, #4506 ) ;
#393 = CARTESIAN_POINT ( 'NONE',  ( 719.8286610700904475, 910.2179278277214962, 1311.343563233765735 ) ) ;
#394 = EDGE_LOOP ( 'NONE', ( #6206, #4282, #6210, #1374 ) ) ;
#395 = ORIENTED_EDGE ( 'NONE', *, *, #5713, .T. ) ;
#396 = CIRCLE ( 'NONE', #2618, 7.997732278218547819 ) ;
#397 = DIRECTION ( 'NONE',  ( 0.000000000000000000, 0.7571257123220515028, -0.6532692061782998660 ) ) ;
#398 = DIRECTION ( 'NONE',  ( -0.07317157541021195033, 0.6515180314347920332, 0.7550961364404676912 ) ) ;
#399 = CARTESIAN_POINT ( 'NONE',  ( 722.6716260127963096, 906.0528754352038732, 1316.027029573161371 ) ) ;
#400 = EDGE_CURVE ( 'NONE', #5567, #3898, #6484, .T. ) ;
#401 = CARTESIAN_POINT ( 'NONE',  ( 713.2219089748932674, 912.2613028800473103, 1308.046170527210961 ) ) ;
#402 = CARTESIAN_POINT ( 'NONE',  ( 717.5695122890133462, 915.1162483537337948, 1305.967305630311103 ) ) ;
#403 = CARTESIAN_POINT ( 'NONE',  ( 717.3893419484073775, 914.7819014776368931, 1319.361375134962600 ) ) ;
#404 = ORIENTED_EDGE ( 'NONE', *, *, #1876, .T. ) ;
#405 = LINE ( 'NONE', #2526, #6070 ) ;
#406 = CARTESIAN_POINT ( 'NONE',  ( 718.7917400848953093, 919.4506485289006150, 1322.044098589542727 ) ) ;
#407 = CARTESIAN_POINT ( 'NONE',  ( 0.000000000000000000, 0.000000000000000000, 0.000000000000000000 ) ) ;
#408 = CARTESIAN_POINT ( 'NONE',  ( 718.7917400848953093, 919.4506485289006150, 1322.044098589542727 ) ) ;
#409 = ORIENTED_EDGE ( 'NONE', *, *, #2934, .F. ) ;
#410 = CARTESIAN_POINT ( 'NONE',  ( 721.7901865155153018, 911.8048028169414465, 1310.902327502929893 ) ) ;
#411 = VERTEX_POINT ( 'NONE', #3336 ) ;
#412 = EDGE_CURVE ( 'NONE', #2838, #6376, #2103, .T. ) ;
#413 = CARTESIAN_POINT ( 'NONE',  ( 726.9465729350257561, 913.2297111452451190, 1308.904339700075525 ) ) ;
#414 = CIRCLE ( 'NONE', #4290, 2.210505043370490252 ) ;
#415 = CARTESIAN_POINT ( 'NONE',  ( 718.7917400848953093, 919.4506485289006150, 1322.044098589542727 ) ) ;
#416 = CARTESIAN_POINT ( 'NONE',  ( 721.9871937524351324, 915.6370004770717514, 1307.691254877337315 ) ) ;
#417 = CARTESIAN_POINT ( 'NONE',  ( 718.7917400848953093, 919.4506485289006150, 1322.044098589542727 ) ) ;
#418 = EDGE_LOOP ( 'NONE', ( #5011, #5899, #2282, #3534 ) ) ;
#419 = ORIENTED_EDGE ( 'NONE', *, *, #2294, .F. ) ;
#420 = AXIS2_PLACEMENT_3D ( 'NONE', #6257, #1993, #2522 ) ;
#421 = EDGE_CURVE ( 'NONE', #3471, #5296, #3348, .T. ) ;
#422 = CARTESIAN_POINT ( 'NONE',  ( 718.7917400848953093, 919.4506485289006150, 1322.044098589542727 ) ) ;
#423 = CARTESIAN_POINT ( 'NONE',  ( 727.2508080609060244, 911.2259740853920675, 1310.232367671801057 ) ) ;
#424 = DIRECTION ( 'NONE',  ( -0.07317157541021640510, 0.6515180314347921442, 0.7550961364404670251 ) ) ;
#425 = CARTESIAN_POINT ( 'NONE',  ( 726.1491592269549074, 912.8163227498973811, 1310.528324049473213 ) ) ;
#426 = CIRCLE ( 'NONE', #3636, 7.997732278218547819 ) ;
#427 = CARTESIAN_POINT ( 'NONE',  ( 727.2332091857321075, 914.1769480346874843, 1308.630675451954858 ) ) ;
#428 = DIRECTION ( 'NONE',  ( 0.1162306242541707169, -0.7463955445134997646, 0.6552740900690960935 ) ) ;
#429 = VERTEX_POINT ( 'NONE', #3794 ) ;
#430 = ORIENTED_EDGE ( 'NONE', *, *, #3523, .F. ) ;
#431 = EDGE_CURVE ( 'NONE', #5182, #3384, #147, .T. ) ;
#432 = CARTESIAN_POINT ( 'NONE',  ( 723.2184930989843679, 915.7198581569483622, 1312.535408582326454 ) ) ;
#433 = LINE ( 'NONE', #3551, #1412 ) ;
#434 = CARTESIAN_POINT ( 'NONE',  ( 724.4284905558560013, 915.1988521551110125, 1308.615002709197597 ) ) ;
#435 = LINE ( 'NONE', #4113, #6510 ) ;
#436 = CARTESIAN_POINT ( 'NONE',  ( 718.7917400848953093, 919.4506485289006150, 1322.044098589542727 ) ) ;
#437 = FACE_OUTER_BOUND ( 'NONE', #1051, .T. ) ;
#438 = ORIENTED_EDGE ( 'NONE', *, *, #3964, .T. ) ;
#439 = CARTESIAN_POINT ( 'NONE',  ( 718.7917400848953093, 919.4506485289006150, 1322.044098589542727 ) ) ;
#440 = APPLICATION_CONTEXT ( 'configuration controlled 3d designs of mechanical parts and assemblies' ) ;
#441 = CARTESIAN_POINT ( 'NONE',  ( 727.0154442723492139, 907.9810611921760710, 1313.137321347709758 ) ) ;
#442 = B_SPLINE_CURVE_WITH_KNOTS ( 'NONE', 3,
 ( #6191, #466, #6807, #1547, #3585, #4079, #5669, #3006 ),
 .UNSPECIFIED., .F., .F.,
 ( 4, 2, 2, 4 ),
 ( 0.000000000000000000, 0.0003785376244290116691, 0.0007570752488580233383, 0.001514150497715800129 ),
 .UNSPECIFIED. ) ;
#443 = CARTESIAN_POINT ( 'NONE',  ( 722.3691646778875111, 916.0062697743271656, 1306.133495561108248 ) ) ;
#444 = CARTESIAN_POINT ( 'NONE',  ( 718.7917400848953093, 919.4506485289006150, 1322.044098589542727 ) ) ;
#445 = ORIENTED_EDGE ( 'NONE', *, *, #226, .T. ) ;
#446 = CARTESIAN_POINT ( 'NONE',  ( 725.7829308965468726, 915.3860260426627065, 1307.461374290964841 ) ) ;
#447 = VERTEX_POINT ( 'NONE', #6103 ) ;
#448 = DIRECTION ( 'NONE',  ( 0.000000000000000000, -0.7571257123220515028, 0.6532692061782998660 ) ) ;
#449 = CARTESIAN_POINT ( 'NONE',  ( 727.2497639577637756, 911.2269566765921809, 1310.233889161034313 ) ) ;
#450 = CARTESIAN_POINT ( 'NONE',  ( 719.8286610700904475, 910.2179278277214962, 1311.343563233765735 ) ) ;
#451 = CARTESIAN_POINT ( 'NONE',  ( 727.2643500059506323, 907.4293318127416796, 1314.169934166319763 ) ) ;
#452 = CARTESIAN_POINT ( 'NONE',  ( 718.7917400848953093, 919.4506485289006150, 1322.044098589542727 ) ) ;
#453 = ADVANCED_FACE ( 'NONE', ( #4373 ), #6152, .F. ) ;
#454 = EDGE_LOOP ( 'NONE', ( #299, #5851, #6769, #4585 ) ) ;
#455 = CARTESIAN_POINT ( 'NONE',  ( 726.1830876213248303, 909.0990921713963644, 1313.738810971850398 ) ) ;
#456 = CARTESIAN_POINT ( 'NONE',  ( 722.3902281563936185, 915.8125149317706928, 1306.169612090689270 ) ) ;
#457 = CARTESIAN_POINT ( 'NONE',  ( 711.6662499844380818, 910.3743245403483115, 1310.000963234152096 ) ) ;
#458 = CARTESIAN_POINT ( 'NONE',  ( 720.0732537342868227, 908.0400803481887806, 1308.819482336218925 ) ) ;
#459 = EDGE_CURVE ( 'NONE', #1197, #757, #1979, .T. ) ;
#460 = CARTESIAN_POINT ( 'NONE',  ( 718.7917400848953093, 919.4506485289006150, 1322.044098589542727 ) ) ;
#461 = ORIENTED_EDGE ( 'NONE', *, *, #380, .T. ) ;
#462 = ORIENTED_EDGE ( 'NONE', *, *, #2357, .F. ) ;
#463 = CARTESIAN_POINT ( 'NONE',  ( 716.3939960618710074, 904.2551104974750160, 1315.625292473620902 ) ) ;
#464 = CARTESIAN_POINT ( 'NONE',  ( 719.6294301183964990, 911.3541023532932286, 1309.299666302533979 ) ) ;
#465 = CARTESIAN_POINT ( 'NONE',  ( 715.7104567244219879, 904.6815126717796147, 1314.930412993403479 ) ) ;
#466 = CARTESIAN_POINT ( 'NONE',  ( 724.7571802191690722, 914.4657463783953517, 1307.280013010033144 ) ) ;
#467 = LINE ( 'NONE', #3207, #6804 ) ;
#468 = DIRECTION ( 'NONE',  ( 0.000000000000000000, -0.7571257123220760388, 0.6532692061782715554 ) ) ;
#469 = EDGE_CURVE ( 'NONE', #4091, #1630, #1865, .T. ) ;
#470 = VERTEX_POINT ( 'NONE', #478 ) ;
#471 = DIRECTION ( 'NONE',  ( 0.07317157541021196421, -0.6515180314347921442, -0.7550961364404672471 ) ) ;
#472 = ORIENTED_EDGE ( 'NONE', *, *, #756, .F. ) ;
#473 = CARTESIAN_POINT ( 'NONE',  ( 723.6591929106760972, 915.4126385519911082, 1308.247619595235165 ) ) ;
#474 = CARTESIAN_POINT ( 'NONE',  ( 724.2404366747065296, 916.1788233402135120, 1306.627853317241716 ) ) ;
#475 = CARTESIAN_POINT ( 'NONE',  ( 718.7917400848953093, 919.4506485289006150, 1322.044098589542727 ) ) ;
#476 = ORIENTED_EDGE ( 'NONE', *, *, #4202, .F. ) ;
#477 = EDGE_CURVE ( 'NONE', #5313, #5567, #377, .T. ) ;
#478 = CARTESIAN_POINT ( 'NONE',  ( 724.1218721242007632, 906.8154037854790204, 1315.509632968773758 ) ) ;
#479 = EDGE_LOOP ( 'NONE', ( #5830, #1747, #5356, #6266 ) ) ;
#480 = B_SPLINE_CURVE_WITH_KNOTS ( 'NONE', 3,
 ( #1359, #4547, #4936, #5073, #290, #2865, #189, #6012 ),
 .UNSPECIFIED., .F., .F.,
 ( 4, 2, 2, 4 ),
 ( 0.000000000000000000, 0.0002966949978379582187, 0.0005933899956759164374, 0.001186779991351832875 ),
 .UNSPECIFIED. ) ;
#481 = CARTESIAN_POINT ( 'NONE',  ( 727.2610842378458074, 913.8031282161277886, 1308.842773070813564 ) ) ;
#482 = B_SPLINE_CURVE_WITH_KNOTS ( 'NONE', 3,
 ( #6320, #3138, #1013, #1575, #2654, #5250, #5876, #4210, #118, #5282 ),
 .UNSPECIFIED., .F., .F.,
 ( 4, 3, 3, 4 ),
 ( 0.000000000000000000, 0.0002173289232321789154, 0.0004346578008311767320, 0.0007905002888284157984 ),
 .UNSPECIFIED. ) ;
#483 = CARTESIAN_POINT ( 'NONE',  ( 724.4648428119088521, 913.8259454265107706, 1314.296691330248223 ) ) ;
#484 = PLANE ( 'NONE',  #4049 ) ;
#485 = EDGE_CURVE ( 'NONE', #6174, #3627, #5857, .T. ) ;
#486 = CARTESIAN_POINT ( 'NONE',  ( 721.0263527776629644, 903.6848546333449121, 1317.020870323881127 ) ) ;
#487 = CARTESIAN_POINT ( 'NONE',  ( 711.3341140050769127, 908.7480052897127507, 1311.632383417774008 ) ) ;
#488 = EDGE_LOOP ( 'NONE', ( #409, #6436, #837, #5456 ) ) ;
#489 = CARTESIAN_POINT ( 'NONE',  ( 718.7917400848953093, 919.4506485289006150, 1322.044098589542727 ) ) ;
#490 = B_SPLINE_SURFACE_WITH_KNOTS ( 'NONE', 3, 1, ( 
 ( #4999, #2955 ),
 ( #3406, #2895 ),
 ( #5068, #3469 ),
 ( #2404, #253 ),
 ( #3862, #2335 ),
 ( #1843, #1324 ),
 ( #3439, #6044 ),
 ( #319, #3335 ) ),
 .UNSPECIFIED., .F., .F., .F.,
 ( 4, 1, 1, 1, 1, 4 ),
 ( 2, 2 ),
 ( 0.000000000000000000, 0.3581071372195973046, 0.4566366301078926271, 0.6536956158844833276, 0.7882359431063625799, 1.000000000000000000 ),
 ( 0.000000000000000000, 1.000000000000000000 ),
 .UNSPECIFIED. ) ;
#491 = FACE_OUTER_BOUND ( 'NONE', #2020, .T. ) ;
#492 = B_SPLINE_CURVE_WITH_KNOTS ( 'NONE', 3,
 ( #746, #3478, #713, #4034, #1298, #6634, #5595, #265, #843, #4004 ),
 .UNSPECIFIED., .F., .F.,
 ( 4, 3, 3, 4 ),
 ( 0.000000000000000000, 0.0002173289232322285719, 0.0004346578008312051381, 0.0007905002888283588778 ),
 .UNSPECIFIED. ) ;
#493 = CARTESIAN_POINT ( 'NONE',  ( 711.4941256430577141, 910.3826214624830300, 1310.093561011278098 ) ) ;
#494 = CARTESIAN_POINT ( 'NONE',  ( 718.7917400848953093, 919.4506485289006150, 1322.044098589542727 ) ) ;
#495 = CARTESIAN_POINT ( 'NONE',  ( 720.3354731434474161, 903.8619044554467337, 1316.346505161212235 ) ) ;
#496 = AXIS2_PLACEMENT_3D ( 'NONE', #3264, #1742, #559 ) ;
#497 = ORIENTED_EDGE ( 'NONE', *, *, #5766, .T. ) ;
#498 = ORIENTED_EDGE ( 'NONE', *, *, #5421, .T. ) ;
#499 = EDGE_CURVE ( 'NONE', #591, #653, #5636, .T. ) ;
#500 = PLANE ( 'NONE',  #1418 ) ;
#501 = CARTESIAN_POINT ( 'NONE',  ( 714.7274515935781665, 904.5626805051092560, 1315.728742695311439 ) ) ;
#502 = CARTESIAN_POINT ( 'NONE',  ( 718.7917400848953093, 919.4506485289006150, 1322.044098589542727 ) ) ;
#503 = CARTESIAN_POINT ( 'NONE',  ( 714.3490021265901078, 913.4839377782476504, 1307.100466442614106 ) ) ;
#504 = CARTESIAN_POINT ( 'NONE',  ( 717.5315648749998445, 914.6884357640010421, 1319.452608825463813 ) ) ;
#505 = DIRECTION ( 'NONE',  ( 0.1162306242541561591, -0.7463955445135177502, 0.6552740900690781078 ) ) ;
#506 = ORIENTED_EDGE ( 'NONE', *, *, #3169, .T. ) ;
#507 = ORIENTED_EDGE ( 'NONE', *, *, #2258, .F. ) ;
#508 = ADVANCED_FACE ( 'NONE', ( #5199 ), #5973, .T. ) ;
#509 = CARTESIAN_POINT ( 'NONE',  ( 716.4086205994952934, 905.9432523940823785, 1315.514493651955036 ) ) ;
#510 = CARTESIAN_POINT ( 'NONE',  ( 722.2183998619063914, 916.7342032079280898, 1305.952713301766380 ) ) ;
#511 = CARTESIAN_POINT ( 'NONE',  ( 724.1996772490127796, 915.2406815901390473, 1306.838348095829815 ) ) ;
#512 = ORIENTED_EDGE ( 'NONE', *, *, #1904, .T. ) ;
#513 = CARTESIAN_POINT ( 'NONE',  ( 718.7920038506514402, 904.9904573910475847, 1317.441730342416349 ) ) ;
#514 = ADVANCED_FACE ( 'NONE', ( #6786 ), #4070, .F. ) ;
#515 = CARTESIAN_POINT ( 'NONE',  ( 718.7917400848953093, 919.4506485289006150, 1322.044098589542727 ) ) ;
#516 = CARTESIAN_POINT ( 'NONE',  ( 719.0062891430318359, 915.3671897972571969, 1305.860361288036302 ) ) ;
#517 = CARTESIAN_POINT ( 'NONE',  ( 712.6542688768140579, 911.1517571719098214, 1310.921775612963984 ) ) ;
#518 = CARTESIAN_POINT ( 'NONE',  ( 721.7905469215957055, 916.5727831751448775, 1305.900762733544070 ) ) ;
#519 = CARTESIAN_POINT ( 'NONE',  ( 724.7847043527524420, 905.5303405406847332, 1315.077348366393380 ) ) ;
#520 = CIRCLE ( 'NONE', #1846, 8.788285345454690756 ) ;
#521 = VERTEX_POINT ( 'NONE', #410 ) ;
#522 = CONICAL_SURFACE ( 'NONE', #5083, 7.997732278218547819, 1.047197551196594967 ) ;
#523 = VECTOR ( 'NONE', #2256, 999.9999999999998863 ) ;
#524 = CARTESIAN_POINT ( 'NONE',  ( 727.3379848888141623, 910.7967517819532759, 1310.611463216851462 ) ) ;
#525 = CARTESIAN_POINT ( 'NONE',  ( 721.2319095935207542, 915.2516476773507748, 1319.328423845851603 ) ) ;
#526 = CARTESIAN_POINT ( 'NONE',  ( 720.9473200757638551, 915.7885109262622336, 1307.459628666992330 ) ) ;
#527 = CARTESIAN_POINT ( 'NONE',  ( 718.0767108442413473, 916.7162188653189787, 1307.138978168903577 ) ) ;
#528 = CARTESIAN_POINT ( 'NONE',  ( 720.2728934967690293, 903.9249831734573490, 1316.147142520418811 ) ) ;
#529 = ORIENTED_EDGE ( 'NONE', *, *, #388, .T. ) ;
#530 = AXIS2_PLACEMENT_3D ( 'NONE', #6789, #6143, #4709 ) ;
#531 = VERTEX_POINT ( 'NONE', #6165 ) ;
#532 = LINE ( 'NONE', #3203, #1938 ) ;
#533 = CARTESIAN_POINT ( 'NONE',  ( 726.0398541473477962, 913.5475528908740444, 1310.087562358209425 ) ) ;
#534 = CARTESIAN_POINT ( 'NONE',  ( 727.3692474829931598, 910.0291572630655992, 1313.809242408819273 ) ) ;
#535 = VECTOR ( 'NONE', #4800, 1000.000000000000114 ) ;
#536 = CARTESIAN_POINT ( 'NONE',  ( 725.2716891880180583, 915.0225761861036062, 1307.326746236975396 ) ) ;
#537 = CARTESIAN_POINT ( 'NONE',  ( 714.3859999436356247, 913.4423818301750089, 1307.103070425383976 ) ) ;
#538 = CARTESIAN_POINT ( 'NONE',  ( 718.0879329567810601, 904.1174189152674217, 1315.477911481362980 ) ) ;
#539 = CARTESIAN_POINT ( 'NONE',  ( 717.5165029213482057, 904.1926948328557501, 1315.387315830313355 ) ) ;
#540 = VERTEX_POINT ( 'NONE', #4123 ) ;
#541 = EDGE_CURVE ( 'NONE', #4916, #2194, #1417, .T. ) ;
#542 = AXIS2_PLACEMENT_3D ( 'NONE', #5164, #6301, #2568 ) ;
#543 = CARTESIAN_POINT ( 'NONE',  ( 716.5752761469998404, 905.8811606745911149, 1315.584237851896432 ) ) ;
#544 = CARTESIAN_POINT ( 'NONE',  ( 727.0077917962042875, 912.2585850027509196, 1309.421254892137085 ) ) ;
#545 = CARTESIAN_POINT ( 'NONE',  ( 725.5632903832722604, 914.0343948411671136, 1307.793440527017992 ) ) ;
#546 = CARTESIAN_POINT ( 'NONE',  ( 726.7869578541977944, 910.9458973334958500, 1312.338198218195430 ) ) ;
#547 = ORIENTED_EDGE ( 'NONE', *, *, #2468, .F. ) ;
#548 = DIRECTION ( 'NONE',  ( 0.1162306242541731038, -0.7463955445134947686, 0.6552740900691014225 ) ) ;
#549 = ADVANCED_FACE ( 'NONE', ( #4189 ), #5867, .F. ) ;
#550 = CARTESIAN_POINT ( 'NONE',  ( 714.3867406467946921, 905.5935607773000129, 1313.845898804527906 ) ) ;
#551 = CARTESIAN_POINT ( 'NONE',  ( 724.1103911516114522, 914.7237500185680119, 1313.487692797027421 ) ) ;
#552 = CARTESIAN_POINT ( 'NONE',  ( 724.4913771233224224, 913.6792165658227987, 1314.419478243172080 ) ) ;
#553 = CARTESIAN_POINT ( 'NONE',  ( 723.1222937229707668, 910.5086215331994026, 1317.022486986039894 ) ) ;
#554 = CARTESIAN_POINT ( 'NONE',  ( 713.9564583927149215, 914.9046831470205916, 1306.716199599301490 ) ) ;
#555 = CARTESIAN_POINT ( 'NONE',  ( 725.1540360527260418, 915.7516604807062777, 1308.773167999263251 ) ) ;
#556 = EDGE_CURVE ( 'NONE', #3210, #521, #1484, .T. ) ;
#557 = EDGE_LOOP ( 'NONE', ( #284, #6010, #786, #2432 ) ) ;
#558 = B_SPLINE_CURVE_WITH_KNOTS ( 'NONE', 3,
 ( #276, #6610, #1866, #3984, #1343, #5575, #5608, #3459 ),
 .UNSPECIFIED., .F., .F.,
 ( 4, 2, 2, 4 ),
 ( 0.000000000000000000, 0.0006957517735685435183, 0.001043627660352694497, 0.001391503547136845476 ),
 .UNSPECIFIED. ) ;
#559 = DIRECTION ( 'NONE',  ( 0.1003146803983626517, -0.2261566297760596589, -0.9689118348461375207 ) ) ;
#560 = CARTESIAN_POINT ( 'NONE',  ( 723.6720791021461991, 911.0526468258008208, 1316.612749102160706 ) ) ;
#561 = CARTESIAN_POINT ( 'NONE',  ( 712.4404309412735756, 910.1794922084964128, 1309.693013081743175 ) ) ;
#562 = CARTESIAN_POINT ( 'NONE',  ( 718.7917400848953093, 919.4506485289006150, 1322.044098589542727 ) ) ;
#563 = CARTESIAN_POINT ( 'NONE',  ( 720.5979069086711206, 903.6894226634914276, 1316.923474395171752 ) ) ;
#564 = EDGE_CURVE ( 'NONE', #3372, #3687, #6421, .T. ) ;
#565 = EDGE_CURVE ( 'NONE', #5415, #3787, #1425, .T. ) ;
#566 = VERTEX_POINT ( 'NONE', #513 ) ;
#567 = EDGE_LOOP ( 'NONE', ( #2005, #3805, #3184, #5775 ) ) ;
#568 = CARTESIAN_POINT ( 'NONE',  ( 723.8189562443430987, 915.0008566426855623, 1308.417436054061682 ) ) ;
#569 = CARTESIAN_POINT ( 'NONE',  ( 713.6258653015460141, 906.8627596920708811, 1315.325637928844571 ) ) ;
#570 = CARTESIAN_POINT ( 'NONE',  ( 718.5776487555937138, 915.2977118001326744, 1305.871589136592320 ) ) ;
#571 = CARTESIAN_POINT ( 'NONE',  ( 718.7917400848953093, 919.4506485289006150, 1322.044098589542727 ) ) ;
#572 = CARTESIAN_POINT ( 'NONE',  ( 718.7917400848953093, 919.4506485289006150, 1322.044098589542727 ) ) ;
#573 = CARTESIAN_POINT ( 'NONE',  ( 714.6712115458144581, 913.8185938282279039, 1308.551115823604732 ) ) ;
#574 = CARTESIAN_POINT ( 'NONE',  ( 718.7917400848953093, 919.4506485289006150, 1322.044098589542727 ) ) ;
#575 = VERTEX_POINT ( 'NONE', #2633 ) ;
#576 = DIRECTION ( 'NONE',  ( 0.07317157541021193645, -0.6515180314347919222, -0.7550961364404674692 ) ) ;
#577 = CARTESIAN_POINT ( 'NONE',  ( 718.7917400848953093, 919.4506485289006150, 1322.044098589542727 ) ) ;
#578 = CARTESIAN_POINT ( 'NONE',  ( 724.9541533732758580, 914.5216157036510367, 1309.075363109025375 ) ) ;
#579 = CARTESIAN_POINT ( 'NONE',  ( 726.8660327125369349, 908.6768124845898456, 1315.043443138194334 ) ) ;
#580 = ORIENTED_EDGE ( 'NONE', *, *, #95, .T. ) ;
#581 = B_SPLINE_CURVE_WITH_KNOTS ( 'NONE', 3,
 ( #5841, #538, #2129, #6393 ),
 .UNSPECIFIED., .F., .F.,
 ( 4, 4 ),
 ( 0.000000000000000000, 0.0008686782177528518892 ),
 .UNSPECIFIED. ) ;
#582 = CARTESIAN_POINT ( 'NONE',  ( 722.9890869329918814, 915.4418526418971851, 1316.042221373440498 ) ) ;
#583 = B_SPLINE_CURVE_WITH_KNOTS ( 'NONE', 1,
 ( #108, #1703 ),
 .UNSPECIFIED., .F., .F.,
 ( 2, 2 ),
 ( 0.000000000000000000, 0.001500000000000083732 ),
 .UNSPECIFIED. ) ;
#584 = CARTESIAN_POINT ( 'NONE',  ( 719.4330267690253322, 915.4700360143892794, 1305.842629121757227 ) ) ;
#585 = LINE ( 'NONE', #1460, #33 ) ;
#586 = EDGE_CURVE ( 'NONE', #1621, #1424, #2709, .T. ) ;
#587 = CARTESIAN_POINT ( 'NONE',  ( 723.1867969507607086, 904.4044009097033268, 1316.379862766264978 ) ) ;
#588 = CARTESIAN_POINT ( 'NONE',  ( 719.4952054422785750, 913.1870090998544356, 1314.784667990955313 ) ) ;
#589 = CARTESIAN_POINT ( 'NONE',  ( 727.2768190320356325, 912.4402286889471725, 1309.521622478428299 ) ) ;
#590 = CARTESIAN_POINT ( 'NONE',  ( 718.7917400848953093, 919.4506485289006150, 1322.044098589542727 ) ) ;
#591 = VERTEX_POINT ( 'NONE', #5962 ) ;
#592 = EDGE_CURVE ( 'NONE', #4320, #4036, #3705, .T. ) ;
#593 = CONICAL_SURFACE ( 'NONE', #6689, 8.788285345454690756, 0.5551083433337287154 ) ;
#594 = CARTESIAN_POINT ( 'NONE',  ( 727.3801312632264171, 913.1425376385091113, 1311.240108805326145 ) ) ;
#595 = CARTESIAN_POINT ( 'NONE',  ( 717.3452623827992056, 904.0662183785220805, 1315.784548267791706 ) ) ;
#596 = CARTESIAN_POINT ( 'NONE',  ( 718.7917400848953093, 919.4506485289006150, 1322.044098589542727 ) ) ;
#597 = CARTESIAN_POINT ( 'NONE',  ( 718.4116660705917639, 916.2288447106499234, 1307.225547139712262 ) ) ;
#598 = CARTESIAN_POINT ( 'NONE',  ( 726.1156018576737097, 906.6639966054659681, 1314.228167090578381 ) ) ;
#599 = ORIENTED_EDGE ( 'NONE', *, *, #2250, .T. ) ;
#600 = EDGE_LOOP ( 'NONE', ( #6725, #3997, #3262, #5257 ) ) ;
#601 = AXIS2_PLACEMENT_3D ( 'NONE', #243, #4844, #212 ) ;
#602 = EDGE_CURVE ( 'NONE', #49, #3282, #2739, .T. ) ;
#603 = CARTESIAN_POINT ( 'NONE',  ( 718.7917400848953093, 919.4506485289006150, 1322.044098589542727 ) ) ;
#604 = CARTESIAN_POINT ( 'NONE',  ( 713.1559011482698907, 909.0287042630051246, 1312.537292846782066 ) ) ;
#605 = CARTESIAN_POINT ( 'NONE',  ( 717.8052211683084352, 916.4739728973459023, 1311.366557608849917 ) ) ;
#606 = CARTESIAN_POINT ( 'NONE',  ( 722.2201223899813840, 904.2831756026746461, 1316.026777687159210 ) ) ;
#607 = CARTESIAN_POINT ( 'NONE',  ( 717.4218311312199603, 915.3756024850683843, 1307.474195900891345 ) ) ;
#608 = CARTESIAN_POINT ( 'NONE',  ( 718.7917400848950820, 919.4506485289003876, 1322.044098589542955 ) ) ;
#609 = CARTESIAN_POINT ( 'NONE',  ( 717.5335793047123616, 904.2100006802839971, 1315.337201752564852 ) ) ;
#610 = VERTEX_POINT ( 'NONE', #5442 ) ;
#611 = B_SPLINE_SURFACE_WITH_KNOTS ( 'NONE', 3, 1, ( 
 ( #4921, #174 ),
 ( #4398, #6514 ),
 ( #4258, #1625 ),
 ( #5095, #313 ),
 ( #3431, #4435 ),
 ( #4565, #5060 ),
 ( #5513, #4470 ),
 ( #345, #1415 ) ),
 .UNSPECIFIED., .F., .F., .F.,
 ( 4, 1, 1, 1, 1, 4 ),
 ( 2, 2 ),
 ( 0.000000000000000000, 0.3581071372195973046, 0.4566366301078926271, 0.6536956158844833276, 0.7882359431063625799, 1.000000000000000000 ),
 ( 0.000000000000000000, 1.000000000000000000 ),
 .UNSPECIFIED. ) ;
#612 = ORIENTED_EDGE ( 'NONE', *, *, #3697, .F. ) ;
#613 = CIRCLE ( 'NONE', #51, 2.499999999999990674 ) ;
#614 = CARTESIAN_POINT ( 'NONE',  ( 722.6716260127963096, 906.0528754352038732, 1316.027029573161371 ) ) ;
#615 = CARTESIAN_POINT ( 'NONE',  ( 718.7917400848953093, 919.4506485289006150, 1322.044098589542727 ) ) ;
#616 = CARTESIAN_POINT ( 'NONE',  ( 720.0732537342868227, 908.0400803481887806, 1308.819482336218925 ) ) ;
#617 = CARTESIAN_POINT ( 'NONE',  ( 719.6254397148063617, 917.4541533586942705, 1313.980002415359422 ) ) ;
#618 = ORIENTED_EDGE ( 'NONE', *, *, #1826, .F. ) ;
#619 = CARTESIAN_POINT ( 'NONE',  ( 712.9473915270483531, 910.3099711432088270, 1311.411574660733550 ) ) ;
#620 = CARTESIAN_POINT ( 'NONE',  ( 712.2170879053090857, 908.7994513284405684, 1311.017000168710865 ) ) ;
#621 =( NAMED_UNIT ( * ) SI_UNIT ( $, .STERADIAN. ) SOLID_ANGLE_UNIT ( ) );
#622 = CARTESIAN_POINT ( 'NONE',  ( 723.1921341105073680, 904.5436015976581530, 1316.020404970768595 ) ) ;
#623 = CARTESIAN_POINT ( 'NONE',  ( 722.9861746387909989, 910.4015682385453374, 1317.108051238225698 ) ) ;
#624 = CARTESIAN_POINT ( 'NONE',  ( 714.0439602290501853, 914.8637214580313639, 1306.706868202388478 ) ) ;
#625 = CARTESIAN_POINT ( 'NONE',  ( 713.1013515874792574, 911.3939154539935998, 1310.491036395229685 ) ) ;
#626 = ORIENTED_EDGE ( 'NONE', *, *, #586, .T. ) ;
#627 = ADVANCED_FACE ( 'NONE', ( #3779 ), #1453, .F. ) ;
#628 = CARTESIAN_POINT ( 'NONE',  ( 715.5516956731876235, 915.8207892777987809, 1306.094804344459590 ) ) ;
#629 = DIRECTION ( 'NONE',  ( -0.1388622051592268147, -0.7564063385034968112, 0.6391922551549341636 ) ) ;
#630 = CARTESIAN_POINT ( 'NONE',  ( 721.7213405068943075, 912.5059390809126398, 1318.452560312633977 ) ) ;
#631 = LINE ( 'NONE', #287, #306 ) ;
#632 = ORIENTED_EDGE ( 'NONE', *, *, #5216, .F. ) ;
#633 = EDGE_CURVE ( 'NONE', #3000, #6134, #4603, .T. ) ;
#634 = ORIENTED_EDGE ( 'NONE', *, *, #3754, .T. ) ;
#635 = AXIS2_PLACEMENT_3D ( 'NONE', #4876, #2661, #1656 ) ;
#636 = CARTESIAN_POINT ( 'NONE',  ( 714.4212368198011518, 915.3093975901707609, 1308.114717297926063 ) ) ;
#637 = CARTESIAN_POINT ( 'NONE',  ( 726.4992253980482246, 914.3111619039684683, 1310.030300916304441 ) ) ;
#638 = CARTESIAN_POINT ( 'NONE',  ( 711.8449323448068071, 908.8270265006040063, 1311.239694781817889 ) ) ;
#639 = CARTESIAN_POINT ( 'NONE',  ( 718.7917400848953093, 919.4506485289006150, 1322.044098589542727 ) ) ;
#640 = CARTESIAN_POINT ( 'NONE',  ( 716.7864370119542627, 905.8103673886669185, 1315.665975963515166 ) ) ;
#641 = AXIS2_PLACEMENT_3D ( 'NONE', #6817, #992, #5197 ) ;
#642 = CARTESIAN_POINT ( 'NONE',  ( 714.6615719501469357, 911.8130310254273354, 1315.077131189742431 ) ) ;
#643 = CARTESIAN_POINT ( 'NONE',  ( 718.7917400848953093, 919.4506485289006150, 1322.044098589542727 ) ) ;
#644 = VERTEX_POINT ( 'NONE', #59 ) ;
#645 = EDGE_CURVE ( 'NONE', #3433, #1202, #1221, .T. ) ;
#646 = EDGE_LOOP ( 'NONE', ( #2599, #5862, #6674, #4021 ) ) ;
#647 = EDGE_LOOP ( 'NONE', ( #739, #2121, #4655, #6055 ) ) ;
#648 = AXIS2_PLACEMENT_3D ( 'NONE', #182, #2295, #6623 ) ;
#649 = CARTESIAN_POINT ( 'NONE',  ( 714.4246384447668561, 913.4030978970217802, 1307.111284543292413 ) ) ;
#650 = CARTESIAN_POINT ( 'NONE',  ( 716.3290842271592282, 904.5477647014815830, 1314.938628723743705 ) ) ;
#651 = LINE ( 'NONE', #616, #6516 ) ;
#652 = LINE ( 'NONE', #2213, #3299 ) ;
#653 = VERTEX_POINT ( 'NONE', #3288 ) ;
#654 = CARTESIAN_POINT ( 'NONE',  ( 718.3707457406331969, 904.0867292326374809, 1315.532099791918654 ) ) ;
#655 = VECTOR ( 'NONE', #207, 1000.000000000000000 ) ;
#656 = EDGE_CURVE ( 'NONE', #2952, #4959, #4852, .T. ) ;
#657 = B_SPLINE_CURVE_WITH_KNOTS ( 'NONE', 3,
 ( #6121, #1823, #363, #6604, #1368, #6668, #848, #3978 ),
 .UNSPECIFIED., .F., .F.,
 ( 4, 2, 2, 4 ),
 ( 0.000000000000000000, 0.0002966949978380487496, 0.0005933899956760974991, 0.001186779991351823334 ),
 .UNSPECIFIED. ) ;
#658 = CARTESIAN_POINT ( 'NONE',  ( 718.9869893126941633, 915.7345186558816295, 1307.316174641851831 ) ) ;
#659 = DIRECTION ( 'NONE',  ( 0.1162306242541809725, -0.7463955445134944355, 0.6552740900691004233 ) ) ;
#660 = B_SPLINE_CURVE_WITH_KNOTS ( 'NONE', 3,
 ( #1813, #292, #3310, #4380, #1264, #228, #190, #3868 ),
 .UNSPECIFIED., .F., .F.,
 ( 4, 2, 2, 4 ),
 ( 0.000000000000000000, 0.0002966949978379569176, 0.0005933899956759138353, 0.001186779991351827671 ),
 .UNSPECIFIED. ) ;
#661 = CARTESIAN_POINT ( 'NONE',  ( 713.7449997194843263, 913.8637465979493300, 1308.876215602557750 ) ) ;
#662 = CARTESIAN_POINT ( 'NONE',  ( 712.4764324060830631, 911.1810837470429760, 1311.005750415494049 ) ) ;
#663 = B_SPLINE_CURVE_WITH_KNOTS ( 'NONE', 3,
 ( #6192, #6003, #731, #4560, #1800, #1771, #6707, #3853 ),
 .UNSPECIFIED., .F., .F.,
 ( 4, 2, 2, 4 ),
 ( 0.000000000000000000, 0.0003785376244289027610, 0.0007570752488578055221, 0.001514150497715829619 ),
 .UNSPECIFIED. ) ;
#664 = CARTESIAN_POINT ( 'NONE',  ( 728.3947244002912385, 909.2198449610890520, 1313.034819845713855 ) ) ;
#665 = DIRECTION ( 'NONE',  ( 0.8963571836679127269, -0.2889832093292464266, 0.3362030696062974222 ) ) ;
#666 = ORIENTED_EDGE ( 'NONE', *, *, #485, .F. ) ;
#667 = CARTESIAN_POINT ( 'NONE',  ( 728.2290692812124462, 912.5189988353357649, 1310.172165172658651 ) ) ;
#668 = B_SPLINE_SURFACE_WITH_KNOTS ( 'NONE', 3, 1, ( 
 ( #2631, #4089 ),
 ( #475, #5712 ),
 ( #1517, #4221 ),
 ( #6852, #6749 ),
 ( #4669, #4736 ),
 ( #5127, #3561 ),
 ( #374, #3116 ),
 ( #6331, #2532 ) ),
 .UNSPECIFIED., .F., .F., .F.,
 ( 4, 1, 1, 1, 1, 4 ),
 ( 2, 2 ),
 ( 0.000000000000000000, 0.3581071372195973046, 0.4566366301078926271, 0.6536956158844833276, 0.7882359431063625799, 1.000000000000000000 ),
 ( 0.000000000000000000, 1.000000000000000000 ),
 .UNSPECIFIED. ) ;
#669 = CARTESIAN_POINT ( 'NONE',  ( 719.8286610700904475, 910.2179278277214962, 1311.343563233765735 ) ) ;
#670 = CARTESIAN_POINT ( 'NONE',  ( 714.5575339891476006, 913.2698776486311090, 1313.810041584343026 ) ) ;
#671 = CARTESIAN_POINT ( 'NONE',  ( 718.7917400848953093, 919.4506485289006150, 1322.044098589542727 ) ) ;
#672 = CARTESIAN_POINT ( 'NONE',  ( 726.8764191635668794, 912.1605385336741847, 1309.390022520045250 ) ) ;
#673 = VERTEX_POINT ( 'NONE', #5297 ) ;
#674 = ORIENTED_EDGE ( 'NONE', *, *, #4886, .T. ) ;
#675 = B_SPLINE_CURVE_WITH_KNOTS ( 'NONE', 3,
 ( #1014, #12, #1992, #3071, #3106, #6806, #6772, #5251 ),
 .UNSPECIFIED., .F., .F.,
 ( 4, 2, 2, 4 ),
 ( 0.000000000000000000, 0.0002966949978380667473, 0.0005933899956761334946, 0.001186779991351848270 ),
 .UNSPECIFIED. ) ;
#676 = DIRECTION ( 'NONE',  ( -0.8918766191757386830, 0.3760608977925280483, 0.2512653922034073228 ) ) ;
#677 = CARTESIAN_POINT ( 'NONE',  ( 726.0190905568582593, 906.6589259662667928, 1314.120151433808587 ) ) ;
#678 = CARTESIAN_POINT ( 'NONE',  ( 712.6125824474597721, 910.8356602560122610, 1309.150946582761662 ) ) ;
#679 = EDGE_CURVE ( 'NONE', #3458, #6779, #5923, .T. ) ;
#680 = CARTESIAN_POINT ( 'NONE',  ( 720.0947657877572965, 916.7876660374881794, 1311.317759649775553 ) ) ;
#681 = CARTESIAN_POINT ( 'NONE',  ( 718.7917400848953093, 919.4506485289006150, 1322.044098589542727 ) ) ;
#682 = CARTESIAN_POINT ( 'NONE',  ( 717.4213516184456694, 914.6399080729920570, 1308.032763452883955 ) ) ;
#683 = CARTESIAN_POINT ( 'NONE',  ( 716.6658304999998563, 915.8832023202179471, 1318.337838053619862 ) ) ;
#684 = ORIENTED_EDGE ( 'NONE', *, *, #3353, .T. ) ;
#685 = VERTEX_POINT ( 'NONE', #6404 ) ;
#686 = DIRECTION ( 'NONE',  ( 0.07317157541021196421, -0.6515180314347921442, -0.7550961364404672471 ) ) ;
#687 = CARTESIAN_POINT ( 'NONE',  ( 718.7917400848953093, 919.4506485289006150, 1322.044098589542727 ) ) ;
#688 = CARTESIAN_POINT ( 'NONE',  ( 718.7917400848953093, 919.4506485289006150, 1322.044098589542727 ) ) ;
#689 = EDGE_CURVE ( 'NONE', #785, #429, #2762, .T. ) ;
#690 = DIRECTION ( 'NONE',  ( -0.07317157541021195033, 0.6515180314347920332, 0.7550961364404676912 ) ) ;
#691 = ORIENTED_EDGE ( 'NONE', *, *, #5431, .T. ) ;
#692 = CARTESIAN_POINT ( 'NONE',  ( 721.4808496552412862, 915.6192779187997530, 1319.032152351333480 ) ) ;
#693 = B_SPLINE_CURVE_WITH_KNOTS ( 'NONE', 1,
 ( #2868, #1229 ),
 .UNSPECIFIED., .F., .F.,
 ( 2, 2 ),
 ( 0.000000000000000000, 0.001499999999999986370 ),
 .UNSPECIFIED. ) ;
#694 = CARTESIAN_POINT ( 'NONE',  ( 716.1836879970587688, 912.7952939418100868, 1317.739951837789704 ) ) ;
#695 = EDGE_CURVE ( 'NONE', #4828, #1290, #4851, .T. ) ;
#696 = CARTESIAN_POINT ( 'NONE',  ( 726.2702045454287827, 907.0438310274363403, 1313.745813417562886 ) ) ;
#697 = CARTESIAN_POINT ( 'NONE',  ( 717.5360341886947708, 915.2206640602747711, 1305.947642439394485 ) ) ;
#698 = ORIENTED_EDGE ( 'NONE', *, *, #6310, .T. ) ;
#699 = CARTESIAN_POINT ( 'NONE',  ( 724.8028529620557947, 904.9778542203557663, 1316.346862437734217 ) ) ;
#700 = ORIENTED_EDGE ( 'NONE', *, *, #4886, .F. ) ;
#701 = DIRECTION ( 'NONE',  ( -0.1772393751136572548, -0.8808258473783457942, -0.4390125630315599436 ) ) ;
#702 = FACE_OUTER_BOUND ( 'NONE', #1801, .T. ) ;
#703 = CARTESIAN_POINT ( 'NONE',  ( 727.6641535523565381, 907.6118494632687543, 1314.351448276750943 ) ) ;
#704 = CARTESIAN_POINT ( 'NONE',  ( 715.1736347456239855, 913.9625139348114544, 1306.693773739322296 ) ) ;
#705 = ORIENTED_EDGE ( 'NONE', *, *, #6438, .T. ) ;
#706 = VERTEX_POINT ( 'NONE', #654 ) ;
#707 = AXIS2_PLACEMENT_3D ( 'NONE', #5734, #5798, #2584 ) ;
#708 = CARTESIAN_POINT ( 'NONE',  ( 718.7917400848950820, 919.4506485289003876, 1322.044098589542955 ) ) ;
#709 = CARTESIAN_POINT ( 'NONE',  ( 726.1661665156889285, 906.6520981446315091, 1314.287868362044264 ) ) ;
#710 = CARTESIAN_POINT ( 'NONE',  ( 718.2086139346454274, 917.9316883838239391, 1316.723041489094840 ) ) ;
#711 = CARTESIAN_POINT ( 'NONE',  ( 716.0767139680982609, 904.6412362836138072, 1314.831052758315764 ) ) ;
#712 = CARTESIAN_POINT ( 'NONE',  ( 717.6263434490165309, 915.4399772060247642, 1307.438593975581853 ) ) ;
#713 = CARTESIAN_POINT ( 'NONE',  ( 713.8511699576155252, 907.7547870159802414, 1313.703707104277555 ) ) ;
#714 = CARTESIAN_POINT ( 'NONE',  ( 718.7917400848953093, 919.4506485289006150, 1322.044098589542727 ) ) ;
#715 = CC_DESIGN_APPROVAL ( #1155, ( #3254 ) ) ;
#716 = ORIENTED_EDGE ( 'NONE', *, *, #6041, .T. ) ;
#717 = ORIENTED_EDGE ( 'NONE', *, *, #2217, .F. ) ;
#718 = VERTEX_POINT ( 'NONE', #6578 ) ;
#719 = EDGE_CURVE ( 'NONE', #5971, #4082, #725, .T. ) ;
#720 = CARTESIAN_POINT ( 'NONE',  ( 717.6432930529083478, 911.9220857515317675, 1318.634821311975429 ) ) ;
#721 = CARTESIAN_POINT ( 'NONE',  ( 715.8332046015856349, 904.7476260068788179, 1314.715962589770243 ) ) ;
#722 = CARTESIAN_POINT ( 'NONE',  ( 712.2669546759153718, 909.4345679024986566, 1310.392617836306727 ) ) ;
#723 = CARTESIAN_POINT ( 'NONE',  ( 719.1856691554773988, 909.1672055846494231, 1317.798424814955752 ) ) ;
#724 = VERTEX_POINT ( 'NONE', #4014 ) ;
#725 = LINE ( 'NONE', #6031, #655 ) ;
#726 = ADVANCED_FACE ( 'NONE', ( #2356 ), #2151, .F. ) ;
#727 = DIRECTION ( 'NONE',  ( -0.1162306242541731038, 0.7463955445134947686, -0.6552740900691014225 ) ) ;
#728 = CARTESIAN_POINT ( 'NONE',  ( 726.5176176870627387, 912.7378866036623322, 1308.849689804470245 ) ) ;
#729 = CARTESIAN_POINT ( 'NONE',  ( 726.1227226075947101, 912.8660616222310864, 1310.482770407716771 ) ) ;
#730 = CONICAL_SURFACE ( 'NONE', #2944, 8.788285345454690756, 0.5551083433337287154 ) ;
#731 = CARTESIAN_POINT ( 'NONE',  ( 727.5415643975607054, 909.4441436925417293, 1311.967559534303746 ) ) ;
#732 = ORIENTED_EDGE ( 'NONE', *, *, #1278, .F. ) ;
#733 = CARTESIAN_POINT ( 'NONE',  ( 727.1953720457260033, 914.1761838380988365, 1308.642130637735136 ) ) ;
#734 = ORIENTED_EDGE ( 'NONE', *, *, #860, .T. ) ;
#735 = EDGE_CURVE ( 'NONE', #6300, #2146, #2122, .T. ) ;
#736 = DIRECTION ( 'NONE',  ( 0.07317157541021193645, -0.6515180314347919222, -0.7550961364404674692 ) ) ;
#737 = LINE ( 'NONE', #4894, #4086 ) ;
#738 = CARTESIAN_POINT ( 'NONE',  ( 712.9473915270483531, 910.3099711432088270, 1311.411574660733550 ) ) ;
#739 = ORIENTED_EDGE ( 'NONE', *, *, #1010, .F. ) ;
#740 = VERTEX_POINT ( 'NONE', #167 ) ;
#741 = CARTESIAN_POINT ( 'NONE',  ( 720.0732537342868227, 908.0400803481887806, 1308.819482336218925 ) ) ;
#742 = CARTESIAN_POINT ( 'NONE',  ( 725.9671545581126111, 913.4798517781106284, 1310.072389630871385 ) ) ;
#743 = CARTESIAN_POINT ( 'NONE',  ( 711.5256107083341703, 912.0248319114136848, 1308.965457635775692 ) ) ;
#744 = CARTESIAN_POINT ( 'NONE',  ( 721.2522823111485195, 905.6202767483084699, 1316.262582535939146 ) ) ;
#745 = CARTESIAN_POINT ( 'NONE',  ( 716.8401874801069198, 915.4840545298928873, 1307.525213346419605 ) ) ;
#746 = CARTESIAN_POINT ( 'NONE',  ( 713.7808580202439543, 907.8473303983513460, 1313.617175810317349 ) ) ;
#747 = DIRECTION ( 'NONE',  ( -0.07317157541021640510, 0.6515180314347921442, 0.7550961364404670251 ) ) ;
#748 = ORIENTED_EDGE ( 'NONE', *, *, #5161, .T. ) ;
#749 = AXIS2_PLACEMENT_3D ( 'NONE', #6018, #2834, #5464 ) ;
#750 = VERTEX_POINT ( 'NONE', #4917 ) ;
#751 = CARTESIAN_POINT ( 'NONE',  ( 717.5867040612730534, 915.0656878940263823, 1305.983171183797367 ) ) ;
#752 = CARTESIAN_POINT ( 'NONE',  ( 718.3442957933756361, 905.3366673406352447, 1316.490581901555061 ) ) ;
#753 = CARTESIAN_POINT ( 'NONE',  ( 722.7568882899482787, 915.5580156471348801, 1307.912640437077698 ) ) ;
#754 = VECTOR ( 'NONE', #3105, 1000.000000000000227 ) ;
#755 = CARTESIAN_POINT ( 'NONE',  ( 721.5459828301864036, 904.2599130588033631, 1315.690061226836406 ) ) ;
#756 = EDGE_CURVE ( 'NONE', #1943, #5483, #1462, .T. ) ;
#757 = VERTEX_POINT ( 'NONE', #3429 ) ;
#758 = CARTESIAN_POINT ( 'NONE',  ( 726.9535254123471759, 907.9762123579490662, 1313.092198049872650 ) ) ;
#759 = AXIS2_PLACEMENT_3D ( 'NONE', #1799, #1903, #5612 ) ;
#760 = CARTESIAN_POINT ( 'NONE',  ( 718.3705875765284645, 904.0809571348104328, 1315.529653287652081 ) ) ;
#761 = B_SPLINE_SURFACE_WITH_KNOTS ( 'NONE', 3, 1, ( 
 ( #2009, #3468 ),
 ( #1384, #896 ),
 ( #3536, #3019 ),
 ( #833, #5101 ),
 ( #350, #451 ),
 ( #5133, #4572 ),
 ( #5067, #381 ),
 ( #6723, #5619 ) ),
 .UNSPECIFIED., .F., .F., .F.,
 ( 4, 1, 1, 1, 1, 4 ),
 ( 2, 2 ),
 ( 0.000000000000000000, 0.3581071372195973046, 0.4566366301078926271, 0.6536956158844833276, 0.7882359431063625799, 1.000000000000000000 ),
 ( 0.000000000000000000, 1.000000000000000000 ),
 .UNSPECIFIED. ) ;
#762 = CARTESIAN_POINT ( 'NONE',  ( 713.0520987104939650, 909.0435396456359740, 1312.593082657895366 ) ) ;
#763 = CARTESIAN_POINT ( 'NONE',  ( 722.1872919087808214, 904.2895154497497288, 1315.968971978895297 ) ) ;
#764 = CARTESIAN_POINT ( 'NONE',  ( 714.0864116067527902, 913.8424194118133528, 1307.057687049878496 ) ) ;
#765 = AXIS2_PLACEMENT_3D ( 'NONE', #3128, #424, #5176 ) ;
#766 = EDGE_CURVE ( 'NONE', #3678, #4762, #6097, .T. ) ;
#767 = ORIENTED_EDGE ( 'NONE', *, *, #1909, .T. ) ;
#768 = CARTESIAN_POINT ( 'NONE',  ( 722.3199110181653850, 915.5592436649177444, 1307.790381177915606 ) ) ;
#769 = ORIENTED_EDGE ( 'NONE', *, *, #6646, .F. ) ;
#770 = CARTESIAN_POINT ( 'NONE',  ( 713.3094579564645983, 906.0588952633088411, 1313.770033593661765 ) ) ;
#771 = EDGE_CURVE ( 'NONE', #5434, #3433, #3490, .T. ) ;
#772 = CARTESIAN_POINT ( 'NONE',  ( 718.7917400848953093, 919.4506485289006150, 1322.044098589542727 ) ) ;
#773 = LINE ( 'NONE', #5454, #5832 ) ;
#774 = ORIENTED_EDGE ( 'NONE', *, *, #1660, .T. ) ;
#775 = ORIENTED_EDGE ( 'NONE', *, *, #256, .T. ) ;
#776 = B_SPLINE_CURVE_WITH_KNOTS ( 'NONE', 1,
 ( #6028, #6671 ),
 .UNSPECIFIED., .F., .F.,
 ( 2, 2 ),
 ( 0.000000000000000000, 0.001499999999999934545 ),
 .UNSPECIFIED. ) ;
#777 = CARTESIAN_POINT ( 'NONE',  ( 720.0274067299174021, 911.8253974413496508, 1318.875602268220518 ) ) ;
#778 = CARTESIAN_POINT ( 'NONE',  ( 723.3062314264781207, 915.5131006763880350, 1306.485498271357983 ) ) ;
#779 = CARTESIAN_POINT ( 'NONE',  ( 724.3949794233099055, 907.0078912697027818, 1315.369800860890791 ) ) ;
#780 = CARTESIAN_POINT ( 'NONE',  ( 714.0466806050014839, 907.3419741957411588, 1314.213184305847562 ) ) ;
#781 = EDGE_CURVE ( 'NONE', #4981, #2652, #558, .T. ) ;
#782 = CARTESIAN_POINT ( 'NONE',  ( 726.7545679790955546, 913.9817874806565214, 1308.461956251294851 ) ) ;
#783 = CARTESIAN_POINT ( 'NONE',  ( 718.7917400848953093, 919.4506485289006150, 1322.044098589542727 ) ) ;
#784 = DIRECTION ( 'NONE',  ( -0.3669136098865382056, -0.7226274050121479497, -0.5858191157733232401 ) ) ;
#785 = VERTEX_POINT ( 'NONE', #855 ) ;
#786 = ORIENTED_EDGE ( 'NONE', *, *, #2731, .F. ) ;
#787 = LINE ( 'NONE', #3388, #3365 ) ;
#788 = CARTESIAN_POINT ( 'NONE',  ( 718.1626596948038923, 911.8303246045921924, 1318.690650171053903 ) ) ;
#789 = CARTESIAN_POINT ( 'NONE',  ( 719.4952054422785750, 913.1870090998544356, 1314.784667990955313 ) ) ;
#790 = ADVANCED_FACE ( 'NONE', ( #1409 ), #5158, .F. ) ;
#791 = CARTESIAN_POINT ( 'NONE',  ( 712.6580909910561559, 911.7647836089822704, 1308.574364525084320 ) ) ;
#792 = FACE_OUTER_BOUND ( 'NONE', #488, .T. ) ;
#793 = ORIENTED_EDGE ( 'NONE', *, *, #781, .F. ) ;
#794 = CARTESIAN_POINT ( 'NONE',  ( 718.7917400848953093, 919.4506485289006150, 1322.044098589542727 ) ) ;
#795 = CARTESIAN_POINT ( 'NONE',  ( 718.5571458236626086, 914.3402143623430902, 1319.855639575181158 ) ) ;
#796 = DIRECTION ( 'NONE',  ( 0.1162306242541707169, -0.7463955445134997646, 0.6552740900690960935 ) ) ;
#797 = ORIENTED_EDGE ( 'NONE', *, *, #268, .T. ) ;
#798 = DIRECTION ( 'NONE',  ( 0.07317157541021196421, -0.6515180314347921442, -0.7550961364404672471 ) ) ;
#799 = ORIENTED_EDGE ( 'NONE', *, *, #6058, .F. ) ;
#800 = ADVANCED_FACE ( 'NONE', ( #6811 ), #1478, .F. ) ;
#801 = LINE ( 'NONE', #3368, #391 ) ;
#802 = CARTESIAN_POINT ( 'NONE',  ( 727.3494847351820454, 909.3683531914133482, 1311.849907236776971 ) ) ;
#803 = CARTESIAN_POINT ( 'NONE',  ( -112.3256874514700883, 1000.145348212957174, 1159.148100093826770 ) ) ;
#804 = ORIENTED_EDGE ( 'NONE', *, *, #989, .F. ) ;
#805 = ORIENTED_EDGE ( 'NONE', *, *, #6836, .F. ) ;
#806 = EDGE_CURVE ( 'NONE', #653, #591, #414, .T. ) ;
#807 = CARTESIAN_POINT ( 'NONE',  ( 721.3437182243039842, 915.6101776936976648, 1306.005095615134678 ) ) ;
#808 = CARTESIAN_POINT ( 'NONE',  ( 631.1046698601255684, 1178.065514284599885, 1077.674731432075305 ) ) ;
#809 = CARTESIAN_POINT ( 'NONE',  ( 715.3155682315976946, 910.7083042521313700, 1316.100081044528906 ) ) ;
#810 = LINE ( 'NONE', #6632, #5732 ) ;
#811 = CARTESIAN_POINT ( 'NONE',  ( 718.7917400848953093, 919.4506485289006150, 1322.044098589542727 ) ) ;
#812 = CARTESIAN_POINT ( 'NONE',  ( 711.1944833682932767, 908.5083567505338351, 1311.967483147334178 ) ) ;
#813 = DIRECTION ( 'NONE',  ( 0.000000000000000000, -0.7571257123220760388, 0.6532692061782715554 ) ) ;
#814 = VERTEX_POINT ( 'NONE', #6161 ) ;
#815 = ORIENTED_EDGE ( 'NONE', *, *, #771, .T. ) ;
#816 = ADVANCED_FACE ( 'NONE', ( #3041 ), #1304, .T. ) ;
#817 = DIRECTION ( 'NONE',  ( 0.03869590923490455470, -0.2416415201195531992, -0.9695937305711065379 ) ) ;
#818 = CARTESIAN_POINT ( 'NONE',  ( 712.4834368264478144, 910.4018480721966853, 1309.512434362800150 ) ) ;
#819 = CARTESIAN_POINT ( 'NONE',  ( 728.4496051810621111, 909.4308407749385879, 1312.858084914026222 ) ) ;
#820 = LINE ( 'NONE', #5052, #2075 ) ;
#821 = LOCAL_TIME ( 21, 36, 40.00000000000000000, #3987 ) ;
#822 = CARTESIAN_POINT ( 'NONE',  ( 720.9242417504952982, 912.0868306310132994, 1318.736937003375942 ) ) ;
#823 = ORIENTED_EDGE ( 'NONE', *, *, #4604, .T. ) ;
#824 = CARTESIAN_POINT ( 'NONE',  ( 715.7958324717267260, 914.5215341735390666, 1306.382239321201041 ) ) ;
#825 = CARTESIAN_POINT ( 'NONE',  ( 717.5335793047123616, 904.2100006802839971, 1315.337201752564852 ) ) ;
#826 = DATE_AND_TIME ( #5160, #821 ) ;
#827 = CARTESIAN_POINT ( 'NONE',  ( 722.7057470074888670, 904.1222247440456385, 1316.725588840417458 ) ) ;
#828 = ORIENTED_EDGE ( 'NONE', *, *, #1389, .T. ) ;
#829 = CARTESIAN_POINT ( 'NONE',  ( 718.7917400848953093, 919.4506485289006150, 1322.044098589542727 ) ) ;
#830 = VERTEX_POINT ( 'NONE', #2489 ) ;
#831 = VECTOR ( 'NONE', #3073, 1000.000000000000114 ) ;
#832 = CARTESIAN_POINT ( 'NONE',  ( 713.5776449839586348, 906.1450662096719952, 1313.439120722461666 ) ) ;
#833 = CARTESIAN_POINT ( 'NONE',  ( 718.7917400848953093, 919.4506485289006150, 1322.044098589542727 ) ) ;
#834 = FACE_OUTER_BOUND ( 'NONE', #1069, .T. ) ;
#835 = EDGE_CURVE ( 'NONE', #199, #6185, #405, .T. ) ;
#836 = ORIENTED_EDGE ( 'NONE', *, *, #1601, .T. ) ;
#837 = ORIENTED_EDGE ( 'NONE', *, *, #6283, .F. ) ;
#838 = LINE ( 'NONE', #5560, #4915 ) ;
#839 = CARTESIAN_POINT ( 'NONE',  ( 721.0404308291252846, 905.3847236052303060, 1316.827258494617581 ) ) ;
#840 = CARTESIAN_POINT ( 'NONE',  ( 715.2137907309914908, 910.8275939103697283, 1315.987291984624562 ) ) ;
#841 = CARTESIAN_POINT ( 'NONE',  ( 720.0732537342868227, 908.0400803481887806, 1308.819482336218925 ) ) ;
#842 = CARTESIAN_POINT ( 'NONE',  ( 724.0257434088996433, 916.2842874617318785, 1306.501588993352925 ) ) ;
#843 = CARTESIAN_POINT ( 'NONE',  ( 714.1291235401457698, 907.4295263307660662, 1314.011293026162548 ) ) ;
#844 = EDGE_CURVE ( 'NONE', #750, #1270, #2863, .T. ) ;
#845 = CARTESIAN_POINT ( 'NONE',  ( 716.8519412465637970, 905.2644805955713991, 1317.017296312830467 ) ) ;
#846 = ORIENTED_EDGE ( 'NONE', *, *, #3597, .F. ) ;
#847 = ORIENTED_EDGE ( 'NONE', *, *, #565, .F. ) ;
#848 = CARTESIAN_POINT ( 'NONE',  ( 720.4354377717619400, 905.1072266052029818, 1317.384110114577652 ) ) ;
#849 = CARTESIAN_POINT ( 'NONE',  ( 712.9502541618654732, 910.1454953761765410, 1311.553600673330948 ) ) ;
#850 = CARTESIAN_POINT ( 'NONE',  ( 713.7808580202439543, 907.8473303983513460, 1313.617175810317349 ) ) ;
#851 = CARTESIAN_POINT ( 'NONE',  ( 728.0360297313710589, 908.9858947756310954, 1312.942780304061671 ) ) ;
#852 = CARTESIAN_POINT ( 'NONE',  ( 712.3951386394635392, 913.3868973003077372, 1307.888952391960402 ) ) ;
#853 = EDGE_CURVE ( 'NONE', #1581, #1426, #1631, .T. ) ;
#854 = EDGE_LOOP ( 'NONE', ( #2675, #4489, #6709, #3280 ) ) ;
#855 = CARTESIAN_POINT ( 'NONE',  ( 715.7981593195448795, 915.9333170546575502, 1306.021595464546635 ) ) ;
#856 = CARTESIAN_POINT ( 'NONE',  ( 724.2212805005265182, 915.4350190737105777, 1306.805863409392714 ) ) ;
#857 = APPROVAL_ROLE ( '' ) ;
#858 = CARTESIAN_POINT ( 'NONE',  ( 712.3951386394635392, 913.3868973003077372, 1307.888952391960402 ) ) ;
#859 = EDGE_LOOP ( 'NONE', ( #1254, #472, #4281, #1184 ) ) ;
#860 = EDGE_CURVE ( 'NONE', #5424, #1856, #3589, .T. ) ;
#861 = CARTESIAN_POINT ( 'NONE',  ( 717.7398584641464367, 917.7176690469221967, 1316.862279230800596 ) ) ;
#862 = VECTOR ( 'NONE', #1308, 1000.000000000000114 ) ;
#863 = EDGE_LOOP ( 'NONE', ( #2347, #1450, #6576, #3167 ) ) ;
#864 = AXIS2_PLACEMENT_3D ( 'NONE', #5413, #6158, #5929 ) ;
#865 = DIRECTION ( 'NONE',  ( -0.9821787462090727505, -0.1785016171717795919, 0.05883946942515290435 ) ) ;
#866 = CARTESIAN_POINT ( 'NONE',  ( 713.7701810787851855, 912.7992237966070661, 1309.343433528756577 ) ) ;
#867 = CARTESIAN_POINT ( 'NONE',  ( 712.0764359573122420, 908.8272817825256880, 1311.073881581028672 ) ) ;
#868 = ORIENTED_EDGE ( 'NONE', *, *, #1097, .T. ) ;
#869 = VERTEX_POINT ( 'NONE', #2062 ) ;
#870 = FACE_OUTER_BOUND ( 'NONE', #6349, .T. ) ;
#871 = CARTESIAN_POINT ( 'NONE',  ( 718.7917400848953093, 919.4506485289006150, 1322.044098589542727 ) ) ;
#872 = CARTESIAN_POINT ( 'NONE',  ( 718.7917400848953093, 919.4506485289006150, 1322.044098589542727 ) ) ;
#873 = CARTESIAN_POINT ( 'NONE',  ( 722.1435340491087800, 909.8643711435796604, 1317.483518822267570 ) ) ;
#874 = CARTESIAN_POINT ( 'NONE',  ( 726.5147162285899185, 912.7404075858687520, 1308.854644973466293 ) ) ;
#875 = CARTESIAN_POINT ( 'NONE',  ( 718.3839729626389499, 903.7175907420252088, 1316.511987014622946 ) ) ;
#876 = LINE ( 'NONE', #5694, #4090 ) ;
#877 = ORIENTED_EDGE ( 'NONE', *, *, #2898, .F. ) ;
#878 = ORIENTED_EDGE ( 'NONE', *, *, #412, .F. ) ;
#879 = EDGE_CURVE ( 'NONE', #976, #6174, #6178, .T. ) ;
#880 = CARTESIAN_POINT ( 'NONE',  ( 721.1295712714919546, 917.4813574807544683, 1317.394651008772144 ) ) ;
#881 = DIRECTION ( 'NONE',  ( -0.1162306242541731038, 0.7463955445134947686, -0.6552740900691014225 ) ) ;
#882 = CARTESIAN_POINT ( 'NONE',  ( 718.7917400848953093, 919.4506485289006150, 1322.044098589542727 ) ) ;
#883 = CARTESIAN_POINT ( 'NONE',  ( 715.5516956731876235, 915.8207892777987809, 1306.094804344459590 ) ) ;
#884 = CARTESIAN_POINT ( 'NONE',  ( 721.3945755839579306, 917.0816378930427391, 1314.472854892760779 ) ) ;
#885 = CARTESIAN_POINT ( 'NONE',  ( 724.4693081320129977, 914.4860676369054318, 1307.149930413162110 ) ) ;
#886 = VERTEX_POINT ( 'NONE', #987 ) ;
#887 = DIRECTION ( 'NONE',  ( -0.4152575319364207873, -0.2817026864341253267, 0.8649883112654581652 ) ) ;
#888 = ADVANCED_FACE ( 'NONE', ( #4083 ), #5516, .T. ) ;
#889 = CARTESIAN_POINT ( 'NONE',  ( 718.3723531581676980, 914.3704325793617045, 1319.808466310550102 ) ) ;
#890 = CARTESIAN_POINT ( 'NONE',  ( 720.3098502081978722, 906.0805146051028487, 1315.697953215530106 ) ) ;
#891 = ORIENTED_EDGE ( 'NONE', *, *, #1797, .T. ) ;
#892 = CARTESIAN_POINT ( 'NONE',  ( 716.6904651092833092, 914.9904457383249792, 1306.101179375126321 ) ) ;
#893 = ORIENTED_EDGE ( 'NONE', *, *, #3964, .F. ) ;
#894 = EDGE_CURVE ( 'NONE', #6316, #5508, #3063, .T. ) ;
#895 = CARTESIAN_POINT ( 'NONE',  ( 712.4320341373744441, 910.9244821337912299, 1309.184469825962196 ) ) ;
#896 = CARTESIAN_POINT ( 'NONE',  ( 726.6860840529701591, 907.2513764992828555, 1313.849344961219686 ) ) ;
#897 = CARTESIAN_POINT ( 'NONE',  ( 724.7364592444181426, 905.5352735556463131, 1315.002215321244194 ) ) ;
#898 = ORIENTED_EDGE ( 'NONE', *, *, #6141, .T. ) ;
#899 = ORIENTED_EDGE ( 'NONE', *, *, #2665, .F. ) ;
#900 = CARTESIAN_POINT ( 'NONE',  ( 718.7917400848953093, 919.4506485289006150, 1322.044098589542727 ) ) ;
#901 = CARTESIAN_POINT ( 'NONE',  ( 631.1046698601255684, 1178.065514284599885, 1077.674731432075305 ) ) ;
#902 = PERSON ( 'UNSPECIFIED', 'UNSPECIFIED', 'UNSPECIFIED', ('UNSPECIFIED'), ('UNSPECIFIED'), ('UNSPECIFIED') ) ;
#903 = CARTESIAN_POINT ( 'NONE',  ( 718.7917400848953093, 919.4506485289006150, 1322.044098589542727 ) ) ;
#904 = B_SPLINE_CURVE_WITH_KNOTS ( 'NONE', 3,
 ( #1757, #1158, #3802, #573, #4279, #2204, #3838, #5430, #3873, #15 ),
 .UNSPECIFIED., .F., .F.,
 ( 4, 3, 3, 4 ),
 ( 0.000000000000000000, 0.0002173289232322278130, 0.0004346578008312673713, 0.0007905002888285147860 ),
 .UNSPECIFIED. ) ;
#905 = CARTESIAN_POINT ( 'NONE',  ( 715.0463161919212780, 914.1451711309979373, 1306.678726413424783 ) ) ;
#906 = CARTESIAN_POINT ( 'NONE',  ( 718.3237242133432119, 904.0084279549789699, 1315.735039751338263 ) ) ;
#907 = CARTESIAN_POINT ( 'NONE',  ( 719.7353845055382635, 911.0484602219646604, 1312.306133372769409 ) ) ;
#908 = ORIENTED_EDGE ( 'NONE', *, *, #3511, .F. ) ;
#909 = B_SPLINE_CURVE_WITH_KNOTS ( 'NONE', 3,
 ( #5220, #2092, #465, #2586, #5283, #2056, #4757, #501 ),
 .UNSPECIFIED., .F., .F.,
 ( 4, 2, 2, 4 ),
 ( 0.000000000000000000, 0.0003785376244290149217, 0.0007570752488580298435, 0.001514150497715361461 ),
 .UNSPECIFIED. ) ;
#910 = ORIENTED_EDGE ( 'NONE', *, *, #4926, .F. ) ;
#911 = CARTESIAN_POINT ( 'NONE',  ( 715.9395025161937838, 915.2524304058896405, 1307.746159931021111 ) ) ;
#912 = DIRECTION ( 'NONE',  ( -0.3049534770272879225, -0.3851198940554023675, -0.8710258572807830779 ) ) ;
#913 = DIRECTION ( 'NONE',  ( 0.3621444795382031123, 0.4642778422128586713, 0.8082681864147418516 ) ) ;
#914 = CARTESIAN_POINT ( 'NONE',  ( 721.6640042048488795, 917.0165113160670671, 1307.343622537751344 ) ) ;
#915 = CARTESIAN_POINT ( 'NONE',  ( 717.4825780965138620, 915.9233802161397762, 1305.794714033206446 ) ) ;
#916 = FACE_OUTER_BOUND ( 'NONE', #4673, .T. ) ;
#917 = VERTEX_POINT ( 'NONE', #1963 ) ;
#918 = CARTESIAN_POINT ( 'NONE',  ( 719.7878917439194311, 910.5809369741142518, 1311.764283445192859 ) ) ;
#919 = EDGE_CURVE ( 'NONE', #5121, #4216, #254, .T. ) ;
#920 = CARTESIAN_POINT ( 'NONE',  ( 723.7594241652931260, 916.0869605481855160, 1308.112906551676360 ) ) ;
#921 = AXIS2_PLACEMENT_3D ( 'NONE', #2090, #3617, #397 ) ;
#922 = DATE_AND_TIME ( #4535, #2486 ) ;
#923 = FACE_OUTER_BOUND ( 'NONE', #4942, .T. ) ;
#924 = ORIENTED_EDGE ( 'NONE', *, *, #6521, .T. ) ;
#925 = CARTESIAN_POINT ( 'NONE',  ( 714.2502510057832978, 913.5900130349439223, 1307.102410852689445 ) ) ;
#926 = EDGE_CURVE ( 'NONE', #1234, #4091, #2527, .T. ) ;
#927 = ORIENTED_EDGE ( 'NONE', *, *, #5194, .T. ) ;
#928 = CARTESIAN_POINT ( 'NONE',  ( 712.1371088841096935, 911.1175138243429501, 1309.219917121301705 ) ) ;
#929 = FACE_OUTER_BOUND ( 'NONE', #6166, .T. ) ;
#930 = FACE_OUTER_BOUND ( 'NONE', #6818, .T. ) ;
#931 = EDGE_CURVE ( 'NONE', #1009, #1208, #4960, .T. ) ;
#932 = ORIENTED_EDGE ( 'NONE', *, *, #6283, .T. ) ;
#933 = VERTEX_POINT ( 'NONE', #4115 ) ;
#934 = CARTESIAN_POINT ( 'NONE',  ( 719.8286610700904475, 910.2179278277214962, 1311.343563233765735 ) ) ;
#935 = CARTESIAN_POINT ( 'NONE',  ( 724.1606919388563028, 914.8149393721221259, 1308.611172071646024 ) ) ;
#936 = CARTESIAN_POINT ( 'NONE',  ( 718.7917400848950820, 919.4506485289003876, 1322.044098589542955 ) ) ;
#937 = CARTESIAN_POINT ( 'NONE',  ( 726.2403348312038815, 912.8879954886425594, 1310.553967087528690 ) ) ;
#938 = CARTESIAN_POINT ( 'NONE',  ( 718.7917400848953093, 919.4506485289006150, 1322.044098589542727 ) ) ;
#939 = CARTESIAN_POINT ( 'NONE',  ( 726.4808126900942398, 911.9842766301945858, 1311.278181679765794 ) ) ;
#940 = ORIENTED_EDGE ( 'NONE', *, *, #283, .F. ) ;
#941 = VERTEX_POINT ( 'NONE', #6776 ) ;
#942 = CONICAL_SURFACE ( 'NONE', #5495, 8.788285345454690756, 0.5551083433337287154 ) ;
#943 = CARTESIAN_POINT ( 'NONE',  ( 722.0473495186627133, 916.3161686207620278, 1307.564725440779966 ) ) ;
#944 = CARTESIAN_POINT ( 'NONE',  ( 713.1064771718135944, 912.3471295536685375, 1308.063969561096201 ) ) ;
#945 = CARTESIAN_POINT ( 'NONE',  ( 711.2740623734920291, 910.0036294442228382, 1310.549726216988347 ) ) ;
#946 = CARTESIAN_POINT ( 'NONE',  ( 713.1483674879328873, 912.3176774184641999, 1308.051797351266487 ) ) ;
#947 = DIRECTION ( 'NONE',  ( 0.1162306242541707169, -0.7463955445134997646, 0.6552740900690960935 ) ) ;
#948 = CARTESIAN_POINT ( 'NONE',  ( 714.5845456754312863, 905.4444073751095630, 1313.995928225801890 ) ) ;
#949 = VERTEX_POINT ( 'NONE', #2487 ) ;
#950 = DIRECTION ( 'NONE',  ( 0.1162306242541809864, -0.7463955445134943245, 0.6552740900691006454 ) ) ;
#951 = CARTESIAN_POINT ( 'NONE',  ( 716.2217805595656728, 906.0177644965690433, 1315.432179469380799 ) ) ;
#952 = CARTESIAN_POINT ( 'NONE',  ( 720.1142988161634548, 916.7653942589984126, 1307.174309032912788 ) ) ;
#953 = ADVANCED_FACE ( 'NONE', ( #916 ), #2177, .F. ) ;
#954 = CARTESIAN_POINT ( 'NONE',  ( 720.1999277102324868, 906.9121781678747993, 1307.512266668277789 ) ) ;
#955 = VERTEX_POINT ( 'NONE', #5705 ) ;
#956 = CARTESIAN_POINT ( 'NONE',  ( 714.4246384447668561, 913.4030978970217802, 1307.111284543292413 ) ) ;
#957 = ORIENTED_EDGE ( 'NONE', *, *, #6304, .F. ) ;
#958 = CIRCLE ( 'NONE', #5518, 7.422524410953650786 ) ;
#959 =( BOUNDED_SURFACE ( )  B_SPLINE_SURFACE ( 3, 3, ( 
 ( #4913, #5887, #1127, #5359 ),
 ( #5438, #1689, #2735, #93 ),
 ( #4834, #3810, #1764, #2211 ),
 ( #4324, #2245, #3881, #6434 ) ),
 .UNSPECIFIED., .F., .F., .T. ) 
 B_SPLINE_SURFACE_WITH_KNOTS ( ( 4, 4 ),
 ( 4, 4 ),
 ( 0.000000000000000000, 1.000000000000000000 ),
 ( 0.000000000000000000, 1.000000000000000000 ),
 .UNSPECIFIED. ) 
 GEOMETRIC_REPRESENTATION_ITEM ( )  RATIONAL_B_SPLINE_SURFACE ( (
 ( 1.000000000000000000, 1.000000000000000000, 1.000000000000000000, 1.000000000000000000),
 ( 0.9991685004514068158, 0.9991685004514069268, 0.9991685004514069268, 0.9991685004514068158),
 ( 0.9991685004514068158, 0.9991685004514069268, 0.9991685004514069268, 0.9991685004514068158),
 ( 1.000000000000000000, 1.000000000000000000, 1.000000000000000000, 1.000000000000000000) ) ) 
 REPRESENTATION_ITEM ( '' )  SURFACE ( )  );
#960 = CARTESIAN_POINT ( 'NONE',  ( 726.7869578541977944, 910.9458973334958500, 1312.338198218195430 ) ) ;
#961 = ADVANCED_FACE ( 'NONE', ( #437 ), #6843, .F. ) ;
#962 = AXIS2_PLACEMENT_3D ( 'NONE', #3625, #5091, #3525 ) ;
#963 = CARTESIAN_POINT ( 'NONE',  ( 718.7917400848953093, 919.4506485289006150, 1322.044098589542727 ) ) ;
#964 = VECTOR ( 'NONE', #2136, 1000.000000000000114 ) ;
#965 = LINE ( 'NONE', #5585, #3864 ) ;
#966 = CARTESIAN_POINT ( 'NONE',  ( 712.2145545860392986, 908.7953472507831520, 1311.012751250265183 ) ) ;
#967 = ORIENTED_EDGE ( 'NONE', *, *, #3218, .F. ) ;
#968 = AXIS2_PLACEMENT_3D ( 'NONE', #1666, #4228, #1561 ) ;
#969 = EDGE_CURVE ( 'NONE', #949, #2952, #2148, .T. ) ;
#970 = CARTESIAN_POINT ( 'NONE',  ( 723.9423251530067773, 914.9754739120750173, 1313.247826066160997 ) ) ;
#971 = CARTESIAN_POINT ( 'NONE',  ( 718.7917400848953093, 919.4506485289006150, 1322.044098589542727 ) ) ;
#972 = DIRECTION ( 'NONE',  ( 0.1983495131059483108, -0.9014129041078658977, -0.3848535396205375325 ) ) ;
#973 = AXIS2_PLACEMENT_3D ( 'NONE', #3047, #6819, #6717 ) ;
#974 = CARTESIAN_POINT ( 'NONE',  ( 718.3468526025098981, 903.7863365836101366, 1316.332638013315773 ) ) ;
#975 = CARTESIAN_POINT ( 'NONE',  ( 718.7917400848953093, 919.4506485289006150, 1322.044098589542727 ) ) ;
#976 = VERTEX_POINT ( 'NONE', #3662 ) ;
#977 = ORIENTED_EDGE ( 'NONE', *, *, #3511, .T. ) ;
#978 = CARTESIAN_POINT ( 'NONE',  ( 720.7490831453314968, 904.1640520884184298, 1315.611940912825048 ) ) ;
#979 = ADVANCED_FACE ( 'NONE', ( #6193 ), #2095, .T. ) ;
#980 = CARTESIAN_POINT ( 'NONE',  ( 726.2545163144563958, 906.1189542452467549, 1315.375352831123791 ) ) ;
#981 = CARTESIAN_POINT ( 'NONE',  ( 711.0775357425649190, 910.1690446130093051, 1310.537725007819745 ) ) ;
#982 = B_SPLINE_CURVE_WITH_KNOTS ( 'NONE', 3,
 ( #6721, #2041, #3018, #3051, #3643, #1974, #5754, #6168 ),
 .UNSPECIFIED., .F., .F.,
 ( 4, 2, 2, 4 ),
 ( 0.000000000000000000, 0.0003785376244286295963, 0.0007570752488572591926, 0.001514150497714813505 ),
 .UNSPECIFIED. ) ;
#983 = CARTESIAN_POINT ( 'NONE',  ( 718.7917400848953093, 919.4506485289006150, 1322.044098589542727 ) ) ;
#984 = CARTESIAN_POINT ( 'NONE',  ( 718.7917400848953093, 919.4506485289006150, 1322.044098589542727 ) ) ;
#985 = DIRECTION ( 'NONE',  ( -0.07317157541021195033, 0.6515180314347920332, 0.7550961364404676912 ) ) ;
#986 = EDGE_LOOP ( 'NONE', ( #267, #149, #5163, #5989 ) ) ;
#987 = CARTESIAN_POINT ( 'NONE',  ( 713.5340971139958128, 912.5050474659155952, 1314.795430347288857 ) ) ;
#988 = ORIENTED_EDGE ( 'NONE', *, *, #1750, .T. ) ;
#989 = EDGE_CURVE ( 'NONE', #724, #6302, #4273, .T. ) ;
#990 = CARTESIAN_POINT ( 'NONE',  ( 715.8041197087998171, 904.7282041504003018, 1314.759327245992154 ) ) ;
#991 = CARTESIAN_POINT ( 'NONE',  ( 721.9101535669120722, 916.9785619304840338, 1307.400219100142522 ) ) ;
#992 = DIRECTION ( 'NONE',  ( 0.07317157541021193645, -0.6515180314347919222, -0.7550961364404674692 ) ) ;
#993 = ORIENTED_EDGE ( 'NONE', *, *, #2031, .F. ) ;
#994 = CARTESIAN_POINT ( 'NONE',  ( 714.0605168455730336, 913.9154015137823990, 1307.049267221865648 ) ) ;
#995 = ORIENTED_EDGE ( 'NONE', *, *, #2892, .T. ) ;
#996 = B_SPLINE_CURVE_WITH_KNOTS ( 'NONE', 3,
 ( #5497, #1361, #6050, #6631, #1916, #779, #262, #4483, #1849, #293 ),
 .UNSPECIFIED., .F., .F.,
 ( 4, 3, 3, 4 ),
 ( 0.000000000000000000, 0.0002173289232321482596, 0.0004346578008311063673, 0.0007905002888283355674 ),
 .UNSPECIFIED. ) ;
#997 = DIRECTION ( 'NONE',  ( 0.2103108385732329888, 0.3248569824060697497, -0.9220831264916662384 ) ) ;
#998 = CARTESIAN_POINT ( 'NONE',  ( 721.0747651742203743, 905.5038526369617102, 1316.504370250064312 ) ) ;
#999 = DIRECTION ( 'NONE',  ( 0.1162306242541731038, -0.7463955445134947686, 0.6552740900691014225 ) ) ;
#1000 = CARTESIAN_POINT ( 'NONE',  ( 718.7917400848953093, 919.4506485289006150, 1322.044098589542727 ) ) ;
#1001 = CARTESIAN_POINT ( 'NONE',  ( 712.6710870834485831, 907.3961717358947681, 1312.271783165288980 ) ) ;
#1002 = EDGE_LOOP ( 'NONE', ( #384, #3110, #4586, #4301 ) ) ;
#1003 = EDGE_CURVE ( 'NONE', #6358, #5224, #4179, .T. ) ;
#1004 = CARTESIAN_POINT ( 'NONE',  ( 714.3478451036228307, 905.5798764784389050, 1313.883362247945797 ) ) ;
#1005 = CARTESIAN_POINT ( 'NONE',  ( 720.3847268942170103, 914.6177162161973229, 1319.793302512191758 ) ) ;
#1006 = CARTESIAN_POINT ( 'NONE',  ( 712.5472039523452850, 913.5725816443526810, 1307.743474439564352 ) ) ;
#1007 = CARTESIAN_POINT ( 'NONE',  ( 718.7917400848953093, 919.4506485289006150, 1322.044098589542727 ) ) ;
#1008 = CARTESIAN_POINT ( 'NONE',  ( 713.0171032200404397, 906.6876387334638139, 1312.983010657927480 ) ) ;
#1009 = VERTEX_POINT ( 'NONE', #4146 ) ;
#1010 = EDGE_CURVE ( 'NONE', #1491, #6203, #1513, .T. ) ;
#1011 = ORIENTED_EDGE ( 'NONE', *, *, #4787, .T. ) ;
#1012 = CARTESIAN_POINT ( 'NONE',  ( 720.1171956675559613, 905.4507989633467560, 1316.298984328549977 ) ) ;
#1013 = CARTESIAN_POINT ( 'NONE',  ( 714.8824955433733521, 906.7652197480704217, 1314.657472593830789 ) ) ;
#1014 = CARTESIAN_POINT ( 'NONE',  ( 724.9541533732758580, 914.5216157036510367, 1309.075363109025375 ) ) ;
#1015 = PLANE ( 'NONE',  #420 ) ;
#1016 = DIRECTION ( 'NONE',  ( 0.07317157541021196421, -0.6515180314347921442, -0.7550961364404672471 ) ) ;
#1017 = LINE ( 'NONE', #3142, #5825 ) ;
#1018 = ORIENTED_EDGE ( 'NONE', *, *, #3446, .T. ) ;
#1019 = ORIENTED_EDGE ( 'NONE', *, *, #6783, .T. ) ;
#1020 = EDGE_CURVE ( 'NONE', #6300, #6753, #5385, .T. ) ;
#1021 = VERTEX_POINT ( 'NONE', #5772 ) ;
#1022 = CARTESIAN_POINT ( 'NONE',  ( 715.6635391238794455, 904.6588336122061946, 1314.989969679352726 ) ) ;
#1023 = CARTESIAN_POINT ( 'NONE',  ( 719.8286610700904475, 910.2179278277214962, 1311.343563233765735 ) ) ;
#1024 = CARTESIAN_POINT ( 'NONE',  ( 713.4633371542402074, 912.2935844097813742, 1309.750054761940191 ) ) ;
#1025 = ORIENTED_EDGE ( 'NONE', *, *, #4740, .T. ) ;
#1026 = CARTESIAN_POINT ( 'NONE',  ( 713.7834972176216297, 914.7461042790041574, 1306.850727677462146 ) ) ;
#1027 = CIRCLE ( 'NONE', #2480, 8.788285345454690756 ) ;
#1028 = CARTESIAN_POINT ( 'NONE',  ( 717.8603448729451202, 916.6074684599946067, 1305.639752124540792 ) ) ;
#1029 = CARTESIAN_POINT ( 'NONE',  ( 718.5149653597767383, 915.6205384052492491, 1305.815064153289995 ) ) ;
#1030 = CARTESIAN_POINT ( 'NONE',  ( 711.9552935968766860, 911.2096772812597010, 1311.296988305106424 ) ) ;
#1031 = CARTESIAN_POINT ( 'NONE',  ( 718.7917400848953093, 919.4506485289006150, 1322.044098589542727 ) ) ;
#1032 = CARTESIAN_POINT ( 'NONE',  ( 722.7172127938173389, 915.4468686907688380, 1307.926047404946303 ) ) ;
#1033 = ORIENTED_EDGE ( 'NONE', *, *, #3022, .F. ) ;
#1034 = CARTESIAN_POINT ( 'NONE',  ( 713.7834972176216297, 914.7461042790041574, 1306.850727677462146 ) ) ;
#1035 = EDGE_CURVE ( 'NONE', #3146, #4082, #1017, .T. ) ;
#1036 = CARTESIAN_POINT ( 'NONE',  ( 726.4160664517143005, 907.2367332826679558, 1313.586397815320879 ) ) ;
#1037 = CARTESIAN_POINT ( 'NONE',  ( 720.5442134894329911, 915.8131060250601649, 1307.399282603496204 ) ) ;
#1038 = DIRECTION ( 'NONE',  ( 0.1162306242541731038, -0.7463955445134947686, 0.6552740900691014225 ) ) ;
#1039 = DIRECTION ( 'NONE',  ( 0.9670592738890125828, 0.2314397642217044249, -0.1059811130450035582 ) ) ;
#1040 = ORIENTED_EDGE ( 'NONE', *, *, #3820, .T. ) ;
#1041 = CONICAL_SURFACE ( 'NONE', #4573, 8.788285345454690756, 0.5551083433337287154 ) ;
#1042 = EDGE_LOOP ( 'NONE', ( #5656, #6227, #2265, #2969 ) ) ;
#1043 = CARTESIAN_POINT ( 'NONE',  ( 719.9333609950450636, 917.1113723217885081, 1307.094068160834013 ) ) ;
#1044 = CARTESIAN_POINT ( 'NONE',  ( 726.2645444661239935, 913.8748526206383076, 1310.079822659501360 ) ) ;
#1045 = CARTESIAN_POINT ( 'NONE',  ( 724.7750428168470762, 915.4993274513467441, 1308.678186492537861 ) ) ;
#1046 = EDGE_CURVE ( 'NONE', #6021, #3940, #3976, .T. ) ;
#1047 = CARTESIAN_POINT ( 'NONE',  ( 719.3475398381694959, 918.1196517487630899, 1316.668034473420448 ) ) ;
#1048 = CARTESIAN_POINT ( 'NONE',  ( 721.8048184255389970, 905.7575082997466325, 1316.197883762026095 ) ) ;
#1049 = CARTESIAN_POINT ( 'NONE',  ( 718.3322698018054098, 903.8298913327730588, 1316.248425019498200 ) ) ;
#1050 = FACE_OUTER_BOUND ( 'NONE', #4935, .T. ) ;
#1051 = EDGE_LOOP ( 'NONE', ( #1357, #2013, #5345, #1532 ) ) ;
#1052 = VECTOR ( 'NONE', #6633, 1000.000000000000114 ) ;
#1053 = CARTESIAN_POINT ( 'NONE',  ( 727.7605672470158424, 907.8143876962899412, 1314.110363881082776 ) ) ;
#1054 = PLANE ( 'NONE',  #635 ) ;
#1055 = CARTESIAN_POINT ( 'NONE',  ( 720.0546075676350029, 917.4306294920151004, 1314.041887397896517 ) ) ;
#1056 = EDGE_CURVE ( 'NONE', #411, #1234, #1822, .T. ) ;
#1057 = CARTESIAN_POINT ( 'NONE',  ( 719.7353845055382635, 911.0484602219646604, 1312.306133372769409 ) ) ;
#1058 = VERTEX_POINT ( 'NONE', #122 ) ;
#1059 = DIRECTION ( 'NONE',  ( -0.7423883720897795913, -0.08599678107994451759, 0.6644276172991118168 ) ) ;
#1060 = CARTESIAN_POINT ( 'NONE',  ( 718.7917400848953093, 919.4506485289006150, 1322.044098589542727 ) ) ;
#1061 = EDGE_CURVE ( 'NONE', #225, #1581, #5875, .T. ) ;
#1062 = EDGE_CURVE ( 'NONE', #2079, #4129, #3846, .T. ) ;
#1063 = CARTESIAN_POINT ( 'NONE',  ( 719.4376643918219543, 915.4170921532016791, 1305.859334597626685 ) ) ;
#1064 = CARTESIAN_POINT ( 'NONE',  ( 727.7059169770795961, 911.6605797933457325, 1312.550353241938637 ) ) ;
#1065 = B_SPLINE_CURVE_WITH_KNOTS ( 'NONE', 3,
 ( #4421, #712, #193, #3240, #607, #5912, #1157, #4067, #2413, #6695 ),
 .UNSPECIFIED., .F., .F.,
 ( 4, 3, 3, 4 ),
 ( 0.000000000000000000, 0.0002173289232322704763, 0.0004346578008312230275, 0.0007905002888284217615 ),
 .UNSPECIFIED. ) ;
#1066 = CARTESIAN_POINT ( 'NONE',  ( 718.7917400848953093, 919.4506485289006150, 1322.044098589542727 ) ) ;
#1067 = CARTESIAN_POINT ( 'NONE',  ( 722.3870001094181816, 915.5420991971083140, 1307.811667421868606 ) ) ;
#1068 = CIRCLE ( 'NONE', #5394, 5.999999999999937828 ) ;
#1069 = EDGE_LOOP ( 'NONE', ( #1459, #5492, #3092, #383 ) ) ;
#1070 = VECTOR ( 'NONE', #1059, 1000.000000000000114 ) ;
#1071 = VECTOR ( 'NONE', #4775, 1000.000000000000000 ) ;
#1072 = CARTESIAN_POINT ( 'NONE',  ( 728.2045289571751709, 912.4516915145713938, 1310.160245854880259 ) ) ;
#1073 = PLANE ( 'NONE',  #3421 ) ;
#1074 = PLANE ( 'NONE',  #2504 ) ;
#1075 = CARTESIAN_POINT ( 'NONE',  ( 718.7917400848950820, 919.4506485289003876, 1322.044098589542955 ) ) ;
#1076 = CARTESIAN_POINT ( 'NONE',  ( 713.2687127063243224, 906.6951228786125512, 1312.791966723370933 ) ) ;
#1077 = ORIENTED_EDGE ( 'NONE', *, *, #2189, .T. ) ;
#1078 = VECTOR ( 'NONE', #4724, 999.9999999999998863 ) ;
#1079 = ORIENTED_EDGE ( 'NONE', *, *, #1693, .T. ) ;
#1080 = CARTESIAN_POINT ( 'NONE',  ( 723.1964479419225427, 904.5647118731280898, 1315.945547997170934 ) ) ;
#1081 = CARTESIAN_POINT ( 'NONE',  ( 713.3118662995829027, 908.6343619690867399, 1312.892462554435951 ) ) ;
#1082 = CARTESIAN_POINT ( 'NONE',  ( 719.4379070602593629, 915.4155767793218956, 1305.853254115214213 ) ) ;
#1083 = AXIS2_PLACEMENT_3D ( 'NONE', #3334, #1256, #3369 ) ;
#1084 = CARTESIAN_POINT ( 'NONE',  ( 718.7917400848953093, 919.4506485289006150, 1322.044098589542727 ) ) ;
#1085 = CARTESIAN_POINT ( 'NONE',  ( 726.6764238513522969, 912.8896555173486149, 1308.889020282148294 ) ) ;
#1086 = CARTESIAN_POINT ( 'NONE',  ( 725.3381694909103317, 915.6268682769290308, 1308.898685400461545 ) ) ;
#1087 = CARTESIAN_POINT ( 'NONE',  ( 718.7917400848953093, 919.4506485289006150, 1322.044098589542727 ) ) ;
#1088 = EDGE_LOOP ( 'NONE', ( #2683, #131, #2583, #2896 ) ) ;
#1089 = AXIS2_PLACEMENT_3D ( 'NONE', #393, #4584, #2415 ) ;
#1090 = EDGE_CURVE ( 'NONE', #4108, #933, #2516, .T. ) ;
#1091 = DIRECTION ( 'NONE',  ( 0.1162306242541731038, -0.7463955445134947686, 0.6552740900691014225 ) ) ;
#1092 = CARTESIAN_POINT ( 'NONE',  ( 718.7917400848953093, 919.4506485289006150, 1322.044098589542727 ) ) ;
#1093 = CARTESIAN_POINT ( 'NONE',  ( 725.7630866514747368, 914.4191426889171908, 1307.763380804742837 ) ) ;
#1094 = CARTESIAN_POINT ( 'NONE',  ( 725.5052580537916356, 908.0520726574108039, 1314.576442059628789 ) ) ;
#1095 = ORIENTED_EDGE ( 'NONE', *, *, #1352, .T. ) ;
#1096 = CARTESIAN_POINT ( 'NONE',  ( 714.5839742809587278, 905.4426871523157843, 1313.994886638025037 ) ) ;
#1097 = EDGE_CURVE ( 'NONE', #6021, #3723, #520, .T. ) ;
#1098 = B_SPLINE_SURFACE_WITH_KNOTS ( 'NONE', 3, 1, ( 
 ( #1490, #966 ),
 ( #3091, #867 ),
 ( #1942, #3537 ),
 ( #452, #2574 ),
 ( #4678, #6792 ),
 ( #3125, #487 ),
 ( #6655, #3158 ),
 ( #30, #65 ) ),
 .UNSPECIFIED., .F., .F., .F.,
 ( 4, 1, 1, 1, 1, 4 ),
 ( 2, 2 ),
 ( 0.000000000000000000, 0.3581071372195973046, 0.4566366301078926271, 0.6536956158844833276, 0.7882359431063625799, 1.000000000000000000 ),
 ( 0.000000000000000000, 1.000000000000000000 ),
 .UNSPECIFIED. ) ;
#1099 = CARTESIAN_POINT ( 'NONE',  ( 719.3795600606616745, 915.7799320291653657, 1307.315240307711520 ) ) ;
#1100 = FACE_OUTER_BOUND ( 'NONE', #5441, .T. ) ;
#1101 = CARTESIAN_POINT ( 'NONE',  ( 714.1622811132588140, 913.6041936333201647, 1308.821168623884432 ) ) ;
#1102 = CARTESIAN_POINT ( 'NONE',  ( 718.7917400848953093, 919.4506485289006150, 1322.044098589542727 ) ) ;
#1103 = CARTESIAN_POINT ( 'NONE',  ( 721.4715035043180933, 916.0174452699183121, 1305.953716866221157 ) ) ;
#1104 = CARTESIAN_POINT ( 'NONE',  ( 718.7917400848953093, 919.4506485289006150, 1322.044098589542727 ) ) ;
#1105 = EDGE_LOOP ( 'NONE', ( #836, #1875, #5873, #5081 ) ) ;
#1106 = ADVANCED_FACE ( 'NONE', ( #5391 ), #4511, .F. ) ;
#1107 = CARTESIAN_POINT ( 'NONE',  ( 712.5760896873517822, 912.6499171125523162, 1309.994777617456521 ) ) ;
#1108 = CARTESIAN_POINT ( 'NONE',  ( 721.2630733749393812, 904.2001463537986865, 1315.707105946898309 ) ) ;
#1109 = CARTESIAN_POINT ( 'NONE',  ( 726.5692046572319214, 911.5752158790917292, 1311.639889651042040 ) ) ;
#1110 = CARTESIAN_POINT ( 'NONE',  ( 719.7878917439193174, 910.5809369741152750, 1311.764283445193541 ) ) ;
#1111 = CARTESIAN_POINT ( 'NONE',  ( 718.7917400848953093, 919.4506485289006150, 1322.044098589542727 ) ) ;
#1112 = VERTEX_POINT ( 'NONE', #6497 ) ;
#1113 = EDGE_CURVE ( 'NONE', #1388, #1161, #904, .T. ) ;
#1114 = ORIENTED_EDGE ( 'NONE', *, *, #3648, .F. ) ;
#1115 = CARTESIAN_POINT ( 'NONE',  ( 712.3846402838240692, 908.9685797726709779, 1310.739524527403319 ) ) ;
#1116 = CARTESIAN_POINT ( 'NONE',  ( 720.9492976125136465, 917.2500510546004762, 1314.284394251414142 ) ) ;
#1117 = CARTESIAN_POINT ( 'NONE',  ( 717.6254877843957729, 916.4127282387471496, 1311.401984388647179 ) ) ;
#1118 = CARTESIAN_POINT ( 'NONE',  ( 715.5072453910401009, 915.0643214097922282, 1312.353775906022747 ) ) ;
#1119 = DIRECTION ( 'NONE',  ( -0.1162306242541731038, 0.7463955445134947686, -0.6552740900691014225 ) ) ;
#1120 = CARTESIAN_POINT ( 'NONE',  ( 725.5832084156772908, 907.3182133729159204, 1315.975246782846398 ) ) ;
#1121 = CARTESIAN_POINT ( 'NONE',  ( 718.7917400848953093, 919.4506485289006150, 1322.044098589542727 ) ) ;
#1122 = ORIENTED_EDGE ( 'NONE', *, *, #1977, .F. ) ;
#1123 = EDGE_LOOP ( 'NONE', ( #2380, #2240, #2037, #6834 ) ) ;
#1124 = VERTEX_POINT ( 'NONE', #682 ) ;
#1125 = LINE ( 'NONE', #2840, #6341 ) ;
#1126 = CARTESIAN_POINT ( 'NONE',  ( 726.8794565108507868, 912.1577996994450359, 1309.385268487979602 ) ) ;
#1127 = CARTESIAN_POINT ( 'NONE',  ( 715.1373525344622522, 914.6126517989314380, 1312.707645088743902 ) ) ;
#1128 = CARTESIAN_POINT ( 'NONE',  ( 714.4212368198011518, 915.3093975901707609, 1308.114717297926063 ) ) ;
#1129 = EDGE_CURVE ( 'NONE', #6699, #5248, #4317, .T. ) ;
#1130 = ORIENTED_EDGE ( 'NONE', *, *, #5609, .F. ) ;
#1131 = CARTESIAN_POINT ( 'NONE',  ( 727.1340112120083177, 908.5932627435132645, 1312.485517788754123 ) ) ;
#1132 = CARTESIAN_POINT ( 'NONE',  ( 719.4200126590678792, 915.6152606412354089, 1305.814295805872462 ) ) ;
#1133 = PRODUCT ( 'GearKeyed', 'GearKeyed', '', ( #1967 ) ) ;
#1134 = CARTESIAN_POINT ( 'NONE',  ( 712.6348059753559028, 909.1522518425610997, 1312.761994159022379 ) ) ;
#1135 = CARTESIAN_POINT ( 'NONE',  ( 723.0969595411119144, 904.6965619011032231, 1315.548256715077287 ) ) ;
#1136 = CARTESIAN_POINT ( 'NONE',  ( 718.7917400848953093, 919.4506485289006150, 1322.044098589542727 ) ) ;
#1137 = EDGE_CURVE ( 'NONE', #706, #2651, #581, .T. ) ;
#1138 = CARTESIAN_POINT ( 'NONE',  ( 714.5643932261107238, 914.5627674849185951, 1306.667898378159180 ) ) ;
#1139 = CARTESIAN_POINT ( 'NONE',  ( 713.1684305829253390, 911.6106243287091502, 1310.310754265903824 ) ) ;
#1140 = B_SPLINE_CURVE_WITH_KNOTS ( 'NONE', 1,
 ( #4526, #270 ),
 .UNSPECIFIED., .F., .F.,
 ( 2, 2 ),
 ( 0.000000000000000000, 0.001500000000000116908 ),
 .UNSPECIFIED. ) ;
#1141 = ORIENTED_EDGE ( 'NONE', *, *, #2919, .T. ) ;
#1142 = B_SPLINE_CURVE_WITH_KNOTS ( 'NONE', 1,
 ( #2638, #6858 ),
 .UNSPECIFIED., .F., .F.,
 ( 2, 2 ),
 ( 0.000000000000000000, 0.001500000000000006753 ),
 .UNSPECIFIED. ) ;
#1143 = APPROVAL_PERSON_ORGANIZATION ( #2459, #1155, #857 ) ;
#1144 = CARTESIAN_POINT ( 'NONE',  ( 727.3310462084461960, 909.3669092899201587, 1311.844498861672264 ) ) ;
#1145 = EDGE_CURVE ( 'NONE', #3349, #5248, #4245, .T. ) ;
#1146 = CARTESIAN_POINT ( 'NONE',  ( 726.1122486107714167, 906.8536459742507532, 1313.897074358470036 ) ) ;
#1147 = CARTESIAN_POINT ( 'NONE',  ( 726.7648200589227372, 911.6863235208725200, 1311.721348850127697 ) ) ;
#1148 = CARTESIAN_POINT ( 'NONE',  ( 724.2362863081867772, 914.6060938656610233, 1307.026258238870014 ) ) ;
#1149 = CARTESIAN_POINT ( 'NONE',  ( 718.7917400848950820, 919.4506485289003876, 1322.044098589542955 ) ) ;
#1150 = EDGE_LOOP ( 'NONE', ( #2336, #4576, #3538, #6470 ) ) ;
#1151 = VERTEX_POINT ( 'NONE', #2798 ) ;
#1152 = CARTESIAN_POINT ( 'NONE',  ( 715.0183318603095586, 914.9561201905105463, 1308.057075702347674 ) ) ;
#1153 = CARTESIAN_POINT ( 'NONE',  ( 718.7920299231458330, 903.5611086632858360, 1316.986799343509801 ) ) ;
#1154 = CARTESIAN_POINT ( 'NONE',  ( 718.7917400848953093, 919.4506485289006150, 1322.044098589542727 ) ) ;
#1155 = APPROVAL ( #1377, 'UNSPECIFIED' ) ;
#1156 = CARTESIAN_POINT ( 'NONE',  ( 718.7917400848953093, 919.4506485289006150, 1322.044098589542727 ) ) ;
#1157 = CARTESIAN_POINT ( 'NONE',  ( 717.2868930958973124, 915.3298685427882901, 1307.500574606474402 ) ) ;
#1158 = CARTESIAN_POINT ( 'NONE',  ( 714.7679070865586937, 913.9047980405975977, 1308.486196496284492 ) ) ;
#1159 = CARTESIAN_POINT ( 'NONE',  ( 716.6357582645299544, 903.8324283298036335, 1316.529284181623325 ) ) ;
#1160 = ORIENTED_EDGE ( 'NONE', *, *, #3991, .F. ) ;
#1161 = VERTEX_POINT ( 'NONE', #1612 ) ;
#1162 = ORIENTED_EDGE ( 'NONE', *, *, #220, .F. ) ;
#1163 = LINE ( 'NONE', #720, #169 ) ;
#1164 = FACE_OUTER_BOUND ( 'NONE', #2768, .T. ) ;
#1165 = FACE_OUTER_BOUND ( 'NONE', #3865, .T. ) ;
#1166 = CARTESIAN_POINT ( 'NONE',  ( 717.5867040612730534, 915.0656878940263823, 1305.983171183797367 ) ) ;
#1167 = ORIENTED_EDGE ( 'NONE', *, *, #645, .T. ) ;
#1168 = CARTESIAN_POINT ( 'NONE',  ( 721.5724971272663879, 915.8315199337714603, 1318.857904989279859 ) ) ;
#1169 = EDGE_CURVE ( 'NONE', #4622, #917, #6664, .T. ) ;
#1170 = FACE_OUTER_BOUND ( 'NONE', #5327, .T. ) ;
#1171 = CARTESIAN_POINT ( 'NONE',  ( 711.0975837951702943, 910.3819496982828241, 1310.355967284765029 ) ) ;
#1172 = CARTESIAN_POINT ( 'NONE',  ( 713.1089332316079208, 914.1013450631921842, 1309.029891737223124 ) ) ;
#1173 = DIRECTION ( 'NONE',  ( 0.000000000000000000, -0.7571257123220861418, 0.6532692061782597870 ) ) ;
#1174 = CARTESIAN_POINT ( 'NONE',  ( 714.5037755661720666, 904.6839949033328594, 1315.534778313940706 ) ) ;
#1175 = CARTESIAN_POINT ( 'NONE',  ( 722.6519158083074217, 915.4671698552642738, 1307.902127728006008 ) ) ;
#1176 = ORIENTED_EDGE ( 'NONE', *, *, #5161, .F. ) ;
#1177 = EDGE_CURVE ( 'NONE', #2400, #49, #492, .T. ) ;
#1178 = CARTESIAN_POINT ( 'NONE',  ( 728.1107359318031058, 912.3243262494571582, 1310.172349811684398 ) ) ;
#1179 = AXIS2_PLACEMENT_3D ( 'NONE', #5009, #6117, #232 ) ;
#1180 = FACE_BOUND ( 'NONE', #4343, .T. ) ;
#1181 = CARTESIAN_POINT ( 'NONE',  ( 720.3590232600033687, 916.1995393359928812, 1305.771947136316157 ) ) ;
#1182 = CARTESIAN_POINT ( 'NONE',  ( 720.7590313891341793, 917.7520320091075519, 1317.122005740145596 ) ) ;
#1183 = CARTESIAN_POINT ( 'NONE',  ( 712.2441738875947976, 910.2667317696078726, 1309.753614363171209 ) ) ;
#1184 = ORIENTED_EDGE ( 'NONE', *, *, #5934, .F. ) ;
#1185 = VERTEX_POINT ( 'NONE', #3904 ) ;
#1186 = VECTOR ( 'NONE', #3751, 1000.000000000000227 ) ;
#1187 = ADVANCED_FACE ( 'NONE', ( #6053 ), #2871, .F. ) ;
#1188 =( BOUNDED_SURFACE ( )  B_SPLINE_SURFACE ( 3, 3, ( 
 ( #963, #3089, #3675, #2572 ),
 ( #4676, #6790, #2988, #6684 ),
 ( #4057, #2143, #623, #5818 ),
 ( #6336, #5895, #553, #4808 ) ),
 .UNSPECIFIED., .F., .F., .T. ) 
 B_SPLINE_SURFACE_WITH_KNOTS ( ( 4, 4 ),
 ( 4, 4 ),
 ( 0.000000000000000000, 1.000000000000000000 ),
 ( 0.000000000000000000, 1.000000000000000000 ),
 .UNSPECIFIED. ) 
 GEOMETRIC_REPRESENTATION_ITEM ( )  RATIONAL_B_SPLINE_SURFACE ( (
 ( 1.000000000000000000, 1.000000000000000000, 1.000000000000000000, 1.000000000000000000),
 ( 0.9991685004514068158, 0.9991685004514069268, 0.9991685004514069268, 0.9991685004514068158),
 ( 0.9991685004514068158, 0.9991685004514069268, 0.9991685004514069268, 0.9991685004514068158),
 ( 1.000000000000000000, 1.000000000000000000, 1.000000000000000000, 1.000000000000000000) ) ) 
 REPRESENTATION_ITEM ( '' )  SURFACE ( )  );
#1189 = CARTESIAN_POINT ( 'NONE',  ( 718.7917400848953093, 919.4506485289006150, 1322.044098589542727 ) ) ;
#1190 = CARTESIAN_POINT ( 'NONE',  ( 726.0804188371105283, 906.6562569359605277, 1314.189792071036891 ) ) ;
#1191 = FACE_OUTER_BOUND ( 'NONE', #5450, .T. ) ;
#1192 = CARTESIAN_POINT ( 'NONE',  ( 720.4755633952148628, 916.7572898130532622, 1311.374483667347704 ) ) ;
#1193 = CARTESIAN_POINT ( 'NONE',  ( 719.8286610700904475, 910.2179278277214962, 1311.343563233765735 ) ) ;
#1194 = AXIS2_PLACEMENT_3D ( 'NONE', #2174, #690, #5888 ) ;
#1195 = CARTESIAN_POINT ( 'NONE',  ( 712.7576467252329167, 907.5856483184123817, 1311.971372563636805 ) ) ;
#1196 = CARTESIAN_POINT ( 'NONE',  ( 712.3672816005203003, 909.4026676800177711, 1310.356190538089550 ) ) ;
#1197 = VERTEX_POINT ( 'NONE', #1364 ) ;
#1198 = B_SPLINE_CURVE_WITH_KNOTS ( 'NONE', 3,
 ( #4236, #2155, #598, #2650, #7, #6798, #4751, #4270 ),
 .UNSPECIFIED., .F., .F.,
 ( 4, 2, 2, 4 ),
 ( 0.000000000000000000, 0.0003785376244288656813, 0.0007570752488577313626, 0.001514150497715462725 ),
 .UNSPECIFIED. ) ;
#1199 = ORIENTED_EDGE ( 'NONE', *, *, #3472, .F. ) ;
#1200 = B_SPLINE_SURFACE_WITH_KNOTS ( 'NONE', 3, 1, ( 
 ( #2629, #2100 ),
 ( #5744, #6230 ),
 ( #5159, #4699 ),
 ( #1999, #3591 ),
 ( #5710, #5777 ),
 ( #1514, #1022 ),
 ( #4118, #1480 ),
 ( #3147, #4184 ),
 ( #5675, #6748 ),
 ( #6263, #990 ),
 ( #6814, #2133 ),
 ( #5229, #4763 ) ),
 .UNSPECIFIED., .F., .F., .F.,
 ( 4, 1, 1, 1, 2, 1, 1, 1, 4 ),
 ( 2, 2 ),
 ( 0.000000000000000000, 0.2143883571535014076, 0.4287767143070028153, 0.6431650714605041674, 0.8575534286140056306, 0.8931650714605041674, 0.9287767143070029263, 0.9643883571535014632, 1.000000000000000000 ),
 ( 0.000000000000000000, 1.000000000000000000 ),
 .UNSPECIFIED. ) ;
#1201 = EDGE_LOOP ( 'NONE', ( #1788, #6463 ) ) ;
#1202 = VERTEX_POINT ( 'NONE', #6563 ) ;
#1203 = CIRCLE ( 'NONE', #648, 7.997732278218547819 ) ;
#1204 = CARTESIAN_POINT ( 'NONE',  ( 713.3513330987302652, 906.0766594735841863, 1313.694078071800504 ) ) ;
#1205 = CARTESIAN_POINT ( 'NONE',  ( 727.8969675791013287, 912.6533180091998929, 1309.823068266729706 ) ) ;
#1206 = LINE ( 'NONE', #2696, #535 ) ;
#1207 = CARTESIAN_POINT ( 'NONE',  ( 722.4866754200116929, 905.4966692137376185, 1317.362983825270931 ) ) ;
#1208 = VERTEX_POINT ( 'NONE', #4552 ) ;
#1209 = CARTESIAN_POINT ( 'NONE',  ( 720.0732537342868227, 908.0400803481887806, 1308.819482336218925 ) ) ;
#1210 = VECTOR ( 'NONE', #5662, 1000.000000000000227 ) ;
#1211 = ADVANCED_FACE ( 'NONE', ( #5041 ), #330, .T. ) ;
#1212 = CARTESIAN_POINT ( 'NONE',  ( 718.7917400848953093, 919.4506485289006150, 1322.044098589542727 ) ) ;
#1213 = CARTESIAN_POINT ( 'NONE',  ( 718.7917400848953093, 919.4506485289006150, 1322.044098589542727 ) ) ;
#1214 = CARTESIAN_POINT ( 'NONE',  ( -22.78033985172548981, 734.7985462292801913, 1396.774001712511790 ) ) ;
#1215 = CARTESIAN_POINT ( 'NONE',  ( 720.0732537342868227, 908.0400803481887806, 1308.819482336218925 ) ) ;
#1216 = ORIENTED_EDGE ( 'NONE', *, *, #6651, .F. ) ;
#1217 = B_SPLINE_CURVE_WITH_KNOTS ( 'NONE', 1,
 ( #4077, #2938 ),
 .UNSPECIFIED., .F., .F.,
 ( 2, 2 ),
 ( 2.482534153247273118E-16, 0.001500000000000094357 ),
 .UNSPECIFIED. ) ;
#1218 = FACE_OUTER_BOUND ( 'NONE', #362, .T. ) ;
#1219 = FACE_OUTER_BOUND ( 'NONE', #1238, .T. ) ;
#1220 = DIRECTION ( 'NONE',  ( 0.1162306242541707169, -0.7463955445134997646, 0.6552740900690960935 ) ) ;
#1221 = B_SPLINE_CURVE_WITH_KNOTS ( 'NONE', 3,
 ( #3848, #1692, #6333, #3185, #3707, #3815, #1622, #3325 ),
 .UNSPECIFIED., .F., .F.,
 ( 4, 2, 2, 4 ),
 ( 0.000000000000000000, 0.0002966949978379997978, 0.0005933899956759995957, 0.001186779991352067713 ),
 .UNSPECIFIED. ) ;
#1222 = DIRECTION ( 'NONE',  ( 0.07317157541021197809, -0.6515180314347921442, -0.7550961364404673581 ) ) ;
#1223 = ADVANCED_FACE ( 'NONE', ( #1920 ), #3738, .T. ) ;
#1224 = CARTESIAN_POINT ( 'NONE',  ( 728.4330228221326706, 909.2186966440364131, 1313.025059530003318 ) ) ;
#1225 = ORIENTED_EDGE ( 'NONE', *, *, #4150, .T. ) ;
#1226 = ORIENTED_EDGE ( 'NONE', *, *, #2529, .T. ) ;
#1227 = CARTESIAN_POINT ( 'NONE',  ( 726.2848930163949035, 906.6146608301202150, 1314.476076410989663 ) ) ;
#1228 = CARTESIAN_POINT ( 'NONE',  ( 718.7917400848950820, 919.4506485289003876, 1322.044098589542955 ) ) ;
#1229 = CARTESIAN_POINT ( 'NONE',  ( 722.8519092589052661, 904.1173580835320536, 1316.900268957325579 ) ) ;
#1230 = CARTESIAN_POINT ( 'NONE',  ( 716.0674478511572261, 916.2497197516735241, 1307.462904945561377 ) ) ;
#1231 = DIRECTION ( 'NONE',  ( -0.07317157541021195033, 0.6515180314347920332, 0.7550961364404676912 ) ) ;
#1232 = ADVANCED_FACE ( 'NONE', ( #4979 ), #3650, .F. ) ;
#1233 = CARTESIAN_POINT ( 'NONE',  ( 719.2041816518856194, 905.2277145690212592, 1316.784791018745636 ) ) ;
#1234 = VERTEX_POINT ( 'NONE', #2310 ) ;
#1235 = B_SPLINE_CURVE_WITH_KNOTS ( 'NONE', 3,
 ( #5504, #5601, #1302, #751 ),
 .UNSPECIFIED., .F., .F.,
 ( 4, 4 ),
 ( 0.000000000000000000, 0.0008686782177528525398 ),
 .UNSPECIFIED. ) ;
#1236 = ORIENTED_EDGE ( 'NONE', *, *, #894, .T. ) ;
#1237 = B_SPLINE_CURVE_WITH_KNOTS ( 'NONE', 1,
 ( #3517, #2555 ),
 .UNSPECIFIED., .F., .F.,
 ( 2, 2 ),
 ( 0.000000000000000000, 0.001499999999999883805 ),
 .UNSPECIFIED. ) ;
#1238 = EDGE_LOOP ( 'NONE', ( #2067, #2470, #5529, #5240 ) ) ;
#1239 = B_SPLINE_CURVE_WITH_KNOTS ( 'NONE', 3,
 ( #5235, #481, #1558, #4225, #413, #3673, #6334, #5266 ),
 .UNSPECIFIED., .F., .F.,
 ( 4, 2, 2, 4 ),
 ( 0.000000000000000000, 0.0006560729127574180990, 0.0009841093691361272027, 0.001312145825514836198 ),
 .UNSPECIFIED. ) ;
#1240 = CARTESIAN_POINT ( 'NONE',  ( 721.9625425878614351, 913.0328300746174364, 1315.156791946384146 ) ) ;
#1241 = CARTESIAN_POINT ( 'NONE',  ( 712.1620254516815294, 906.8811305025105867, 1313.329952362621270 ) ) ;
#1242 = CARTESIAN_POINT ( 'NONE',  ( 713.8025450750154732, 907.2635199471479837, 1314.514439018477788 ) ) ;
#1243 = CARTESIAN_POINT ( 'NONE',  ( 719.3776350581491670, 909.1719481766230047, 1317.819321088767538 ) ) ;
#1244 = EDGE_CURVE ( 'NONE', #255, #2231, #1740, .T. ) ;
#1245 = VERTEX_POINT ( 'NONE', #6250 ) ;
#1246 = CARTESIAN_POINT ( 'NONE',  ( 727.6676692015316803, 907.8756924408802433, 1313.974370101260774 ) ) ;
#1247 = CARTESIAN_POINT ( 'NONE',  ( 719.8286610700904475, 910.2179278277214962, 1311.343563233765735 ) ) ;
#1248 = CARTESIAN_POINT ( 'NONE',  ( 712.7394228516734529, 909.1122497240671692, 1312.733979863113063 ) ) ;
#1249 = FACE_OUTER_BOUND ( 'NONE', #454, .T. ) ;
#1250 = DIRECTION ( 'NONE',  ( -0.9670592738890179119, -0.2314397642216898809, 0.1059811130449848371 ) ) ;
#1251 =( BOUNDED_SURFACE ( )  B_SPLINE_SURFACE ( 3, 3, ( 
 ( #4716, #2712, #6830, #1108 ),
 ( #2647, #5275, #2116, #6312 ),
 ( #1567, #110, #3756, #2750 ),
 ( #5901, #4814, #3826, #5339 ) ),
 .UNSPECIFIED., .F., .F., .T. ) 
 B_SPLINE_SURFACE_WITH_KNOTS ( ( 4, 4 ),
 ( 4, 4 ),
 ( 0.000000000000000000, 1.000000000000000000 ),
 ( 0.000000000000000000, 1.000000000000000000 ),
 .UNSPECIFIED. ) 
 GEOMETRIC_REPRESENTATION_ITEM ( )  RATIONAL_B_SPLINE_SURFACE ( (
 ( 1.000000000000000000, 1.000000000000000000, 1.000000000000000000, 1.000000000000000000),
 ( 0.9991685004514068158, 0.9991685004514069268, 0.9991685004514069268, 0.9991685004514068158),
 ( 0.9991685004514068158, 0.9991685004514069268, 0.9991685004514069268, 0.9991685004514068158),
 ( 1.000000000000000000, 1.000000000000000000, 1.000000000000000000, 1.000000000000000000) ) ) 
 REPRESENTATION_ITEM ( '' )  SURFACE ( )  );
#1252 = ORIENTED_EDGE ( 'NONE', *, *, #5696, .F. ) ;
#1253 = CARTESIAN_POINT ( 'NONE',  ( 722.0991084092140682, 915.6132460605945198, 1307.722471788496023 ) ) ;
#1254 = ORIENTED_EDGE ( 'NONE', *, *, #2543, .F. ) ;
#1255 = LINE ( 'NONE', #4997, #4596 ) ;
#1256 = DIRECTION ( 'NONE',  ( 0.07317157541021195033, -0.6515180314347920332, -0.7550961364404676912 ) ) ;
#1257 = B_SPLINE_SURFACE_WITH_KNOTS ( 'NONE', 3, 1, ( 
 ( #4628, #5702 ),
 ( #3140, #5641 ),
 ( #5118, #6774 ),
 ( #6706, #366 ),
 ( #3553, #3036 ),
 ( #1508, #2484 ),
 ( #5154, #946 ),
 ( #5253, #6224 ),
 ( #983, #401 ),
 ( #2093, #5738 ),
 ( #502, #6742 ),
 ( #3072, #2557 ) ),
 .UNSPECIFIED., .F., .F., .F.,
 ( 4, 1, 1, 1, 2, 1, 1, 1, 4 ),
 ( 2, 2 ),
 ( 0.000000000000000000, 0.2143883571535014076, 0.4287767143070028153, 0.6431650714605041674, 0.8575534286140056306, 0.8931650714605041674, 0.9287767143070029263, 0.9643883571535014632, 1.000000000000000000 ),
 ( 0.000000000000000000, 1.000000000000000000 ),
 .UNSPECIFIED. ) ;
#1258 = CARTESIAN_POINT ( 'NONE',  ( 726.6515866951061753, 907.2543518948771180, 1313.822111833308327 ) ) ;
#1259 = ORIENTED_EDGE ( 'NONE', *, *, #919, .F. ) ;
#1260 = VERTEX_POINT ( 'NONE', #6766 ) ;
#1261 = VECTOR ( 'NONE', #323, 1000.000000000000114 ) ;
#1262 = ADVANCED_FACE ( 'NONE', ( #3544 ), #109, .F. ) ;
#1263 = CARTESIAN_POINT ( 'NONE',  ( 723.1130569489839672, 904.2063449470559817, 1316.848794772287192 ) ) ;
#1264 = CARTESIAN_POINT ( 'NONE',  ( 726.9516220571698568, 912.5939953544141190, 1311.251562404557490 ) ) ;
#1265 = CARTESIAN_POINT ( 'NONE',  ( 718.7917400848953093, 919.4506485289006150, 1322.044098589542727 ) ) ;
#1266 = CARTESIAN_POINT ( 'NONE',  ( 719.3773994063184318, 904.0069965456920045, 1315.727869168576490 ) ) ;
#1267 = CARTESIAN_POINT ( 'NONE',  ( 717.6177801533119691, 915.6827767332598569, 1307.386715825360170 ) ) ;
#1268 = CARTESIAN_POINT ( 'NONE',  ( 719.3125120438908198, 905.3390758348625695, 1316.475775506896753 ) ) ;
#1269 = ORIENTED_EDGE ( 'NONE', *, *, #6229, .T. ) ;
#1270 = VERTEX_POINT ( 'NONE', #6797 ) ;
#1271 = EDGE_CURVE ( 'NONE', #2131, #5695, #3727, .T. ) ;
#1272 = CARTESIAN_POINT ( 'NONE',  ( 712.9481830251095289, 910.2002390912325609, 1311.506200034138374 ) ) ;
#1273 = CARTESIAN_POINT ( 'NONE',  ( 718.7917400848953093, 919.4506485289006150, 1322.044098589542727 ) ) ;
#1274 = CARTESIAN_POINT ( 'NONE',  ( 721.2621452640784128, 904.2058736900352187, 1315.709485808700720 ) ) ;
#1275 = EDGE_LOOP ( 'NONE', ( #5055, #4962, #4354, #5515 ) ) ;
#1276 = CARTESIAN_POINT ( 'NONE',  ( 714.5024725147670779, 904.6783132272041712, 1315.607170258810129 ) ) ;
#1277 = VECTOR ( 'NONE', #2458, 1000.000000000000000 ) ;
#1278 = EDGE_CURVE ( 'NONE', #4412, #6127, #5046, .T. ) ;
#1279 = CARTESIAN_POINT ( 'NONE',  ( 727.3379848888141623, 910.7967517819532759, 1310.611463216851462 ) ) ;
#1280 = CARTESIAN_POINT ( 'NONE',  ( 725.7531357513607873, 907.3624840945350343, 1316.069638590711747 ) ) ;
#1281 = CARTESIAN_POINT ( 'NONE',  ( 726.5422487093277368, 909.6129244914091032, 1313.464611197070553 ) ) ;
#1282 = ORIENTED_EDGE ( 'NONE', *, *, #4102, .T. ) ;
#1283 = CARTESIAN_POINT ( 'NONE',  ( 631.1046698601255684, 1178.065514284599885, 1077.674731432075305 ) ) ;
#1284 = ORIENTED_EDGE ( 'NONE', *, *, #3011, .F. ) ;
#1285 = EDGE_CURVE ( 'NONE', #1701, #2312, #5729, .T. ) ;
#1286 = CARTESIAN_POINT ( 'NONE',  ( 718.7917400848953093, 919.4506485289006150, 1322.044098589542727 ) ) ;
#1287 = CARTESIAN_POINT ( 'NONE',  ( 718.7917400848953093, 919.4506485289006150, 1322.044098589542727 ) ) ;
#1288 = CARTESIAN_POINT ( 'NONE',  ( 718.7917400848953093, 919.4506485289006150, 1322.044098589542727 ) ) ;
#1289 = VECTOR ( 'NONE', #2028, 1000.000000000000000 ) ;
#1290 = VERTEX_POINT ( 'NONE', #4683 ) ;
#1291 = ORIENTED_EDGE ( 'NONE', *, *, #1719, .T. ) ;
#1292 = EDGE_CURVE ( 'NONE', #2089, #6080, #392, .T. ) ;
#1293 = CARTESIAN_POINT ( 'NONE',  ( 718.7917400848953093, 919.4506485289006150, 1322.044098589542727 ) ) ;
#1294 = CARTESIAN_POINT ( 'NONE',  ( 718.7917400848953093, 919.4506485289006150, 1322.044098589542727 ) ) ;
#1295 = DIRECTION ( 'NONE',  ( 0.000000000000000000, -0.7571257123220515028, 0.6532692061782998660 ) ) ;
#1296 = CARTESIAN_POINT ( 'NONE',  ( 721.1109235639025883, 905.5907407816073373, 1316.274458736422957 ) ) ;
#1297 = CARTESIAN_POINT ( 'NONE',  ( 718.7917400848953093, 919.4506485289006150, 1322.044098589542727 ) ) ;
#1298 = CARTESIAN_POINT ( 'NONE',  ( 713.9243839967183476, 907.6636869062293727, 1313.789336595757050 ) ) ;
#1299 = CARTESIAN_POINT ( 'NONE',  ( 714.7386139002926484, 914.0357486783320837, 1308.449094790532399 ) ) ;
#1300 = VERTEX_POINT ( 'NONE', #3065 ) ;
#1301 = ORIENTED_EDGE ( 'NONE', *, *, #5934, .T. ) ;
#1302 = CARTESIAN_POINT ( 'NONE',  ( 717.3118383307037220, 914.9850940214075763, 1306.025771530587008 ) ) ;
#1303 = CARTESIAN_POINT ( 'NONE',  ( 716.8519412465637970, 905.2644805955713991, 1317.017296312830467 ) ) ;
#1304 = CONICAL_SURFACE ( 'NONE', #962, 8.788285345454690756, 0.5551083433337287154 ) ;
#1305 = B_SPLINE_CURVE_WITH_KNOTS ( 'NONE', 3,
 ( #3090, #866, #1354, #1975, #2954, #6791, #318, #1941, #4024, #2540 ),
 .UNSPECIFIED., .F., .F.,
 ( 4, 3, 3, 4 ),
 ( 0.000000000000000000, 0.0002173289232322920519, 0.0004346578008312646608, 0.0007905002888283619135 ),
 .UNSPECIFIED. ) ;
#1306 = FACE_OUTER_BOUND ( 'NONE', #5321, .T. ) ;
#1307 = VECTOR ( 'NONE', #43, 1000.000000000000114 ) ;
#1308 = DIRECTION ( 'NONE',  ( 0.07317157541021196421, -0.6515180314347921442, -0.7550961364404672471 ) ) ;
#1309 = CARTESIAN_POINT ( 'NONE',  ( 712.6700073939894082, 907.7892950830877226, 1311.784697403213841 ) ) ;
#1310 = ORIENTED_EDGE ( 'NONE', *, *, #2587, .F. ) ;
#1311 = CARTESIAN_POINT ( 'NONE',  ( 720.0732537342868227, 908.0400803481887806, 1308.819482336218925 ) ) ;
#1312 = EDGE_CURVE ( 'NONE', #4129, #740, #5371, .T. ) ;
#1313 = VECTOR ( 'NONE', #6795, 1000.000000000000114 ) ;
#1314 = CARTESIAN_POINT ( 'NONE',  ( 718.5146574119230536, 903.5763121640566169, 1316.946802928408488 ) ) ;
#1315 = CARTESIAN_POINT ( 'NONE',  ( 719.7353845055382635, 911.0484602219646604, 1312.306133372769409 ) ) ;
#1316 = VECTOR ( 'NONE', #2564, 1000.000000000000114 ) ;
#1317 = ORIENTED_EDGE ( 'NONE', *, *, #4337, .T. ) ;
#1318 = CARTESIAN_POINT ( 'NONE',  ( 721.9871937524351324, 915.6370004770717514, 1307.691254877337315 ) ) ;
#1319 = ADVANCED_FACE ( 'NONE', ( #6697 ), #2602, .F. ) ;
#1320 = ORIENTED_EDGE ( 'NONE', *, *, #2258, .T. ) ;
#1321 = B_SPLINE_CURVE_WITH_KNOTS ( 'NONE', 3,
 ( #3757, #2679, #4340, #4267, #6449, #1147, #70, #1109 ),
 .UNSPECIFIED., .F., .F.,
 ( 4, 2, 2, 4 ),
 ( 1.110223024625156540E-16, 0.0006957517735685814653, 0.001043627660352951453, 0.001391503547137321441 ),
 .UNSPECIFIED. ) ;
#1322 = CARTESIAN_POINT ( 'NONE',  ( 719.8863584995044675, 909.7041912377968629, 1310.748152983421733 ) ) ;
#1323 = PLANE ( 'NONE',  #6290 ) ;
#1324 = CARTESIAN_POINT ( 'NONE',  ( 725.9535114736577270, 915.0257537172225284, 1307.632439824832773 ) ) ;
#1325 = EDGE_CURVE ( 'NONE', #447, #5483, #3504, .T. ) ;
#1326 = VERTEX_POINT ( 'NONE', #2753 ) ;
#1327 = ORIENTED_EDGE ( 'NONE', *, *, #1325, .T. ) ;
#1328 = DIRECTION ( 'NONE',  ( 0.07317157541021197809, -0.6515180314347921442, -0.7550961364404673581 ) ) ;
#1329 = CARTESIAN_POINT ( 'NONE',  ( 718.5361882778129257, 915.5140461549194697, 1305.835804179229171 ) ) ;
#1330 = FACE_OUTER_BOUND ( 'NONE', #3057, .T. ) ;
#1331 = DIRECTION ( 'NONE',  ( 0.5748358052985277356, -0.5911574576938427583, 0.5657708521652082823 ) ) ;
#1332 = CARTESIAN_POINT ( 'NONE',  ( 719.8863584995044675, 909.7041912377968629, 1310.748152983421733 ) ) ;
#1333 = CARTESIAN_POINT ( 'NONE',  ( 718.7917400848953093, 919.4506485289006150, 1322.044098589542727 ) ) ;
#1334 = PLANE ( 'NONE',  #2634 ) ;
#1335 = EDGE_LOOP ( 'NONE', ( #2978, #2769, #4776, #1830 ) ) ;
#1336 = ORIENTED_EDGE ( 'NONE', *, *, #5999, .F. ) ;
#1337 = CARTESIAN_POINT ( 'NONE',  ( 717.8603448729451202, 916.6074684599946067, 1305.639752124540792 ) ) ;
#1338 = CARTESIAN_POINT ( 'NONE',  ( 719.7353845055382635, 911.0484602219646604, 1312.306133372769409 ) ) ;
#1339 = FACE_OUTER_BOUND ( 'NONE', #2514, .T. ) ;
#1340 = CARTESIAN_POINT ( 'NONE',  ( 711.9617177686427567, 911.9776796970040778, 1308.803725153904224 ) ) ;
#1341 = DIRECTION ( 'NONE',  ( -0.1205860444712962831, -0.2791841044756405155, -0.9526359439402343199 ) ) ;
#1342 = ORIENTED_EDGE ( 'NONE', *, *, #5833, .T. ) ;
#1343 = CARTESIAN_POINT ( 'NONE',  ( 712.7700121629573005, 911.8472160961075588, 1310.377138723593816 ) ) ;
#1344 = CARTESIAN_POINT ( 'NONE',  ( 717.9529662314399729, 909.2902166298227939, 1317.572834031557250 ) ) ;
#1345 = PERSON_AND_ORGANIZATION_ROLE ( 'creator' ) ;
#1346 = EDGE_CURVE ( 'NONE', #4480, #314, #6611, .T. ) ;
#1347 = CARTESIAN_POINT ( 'NONE',  ( 725.2995331999197788, 907.8168949602566045, 1314.759638080506193 ) ) ;
#1348 = ORIENTED_EDGE ( 'NONE', *, *, #5267, .T. ) ;
#1349 = CARTESIAN_POINT ( 'NONE',  ( 711.7552570420291431, 910.3733495568535545, 1309.965209972974208 ) ) ;
#1350 = B_SPLINE_CURVE_WITH_KNOTS ( 'NONE', 3,
 ( #3461, #2947, #3493, #4536 ),
 .UNSPECIFIED., .F., .F.,
 ( 4, 4 ),
 ( 0.000000000000000000, 0.0008686782177528518892 ),
 .UNSPECIFIED. ) ;
#1351 = ORIENTED_EDGE ( 'NONE', *, *, #5750, .T. ) ;
#1352 = EDGE_CURVE ( 'NONE', #4424, #4013, #5208, .T. ) ;
#1353 = CARTESIAN_POINT ( 'NONE',  ( 713.0123954495762746, 905.8554768680528468, 1314.319478559143590 ) ) ;
#1354 = CARTESIAN_POINT ( 'NONE',  ( 713.7362066651651276, 912.7491485503628610, 1309.383292149228055 ) ) ;
#1355 = DIRECTION ( 'NONE',  ( 0.07317157541021196421, -0.6515180314347921442, -0.7550961364404672471 ) ) ;
#1356 = ORIENTED_EDGE ( 'NONE', *, *, #4202, .T. ) ;
#1357 = ORIENTED_EDGE ( 'NONE', *, *, #3597, .T. ) ;
#1358 = ADVANCED_FACE ( 'NONE', ( #4235 ), #3055, .F. ) ;
#1359 = CARTESIAN_POINT ( 'NONE',  ( 721.8491599278819422, 905.6990567302816544, 1316.386828134571033 ) ) ;
#1360 = CARTESIAN_POINT ( 'NONE',  ( 719.7878917439193174, 910.5809369741152750, 1311.764283445193541 ) ) ;
#1361 = CARTESIAN_POINT ( 'NONE',  ( 724.1776515049548379, 906.8529034544579872, 1315.482606684333859 ) ) ;
#1362 = CARTESIAN_POINT ( 'NONE',  ( 714.4246384447668561, 913.4030978970217802, 1307.111284543292413 ) ) ;
#1363 = CARTESIAN_POINT ( 'NONE',  ( 726.4360112633260087, 913.7937087884688481, 1308.353497743433991 ) ) ;
#1364 = CARTESIAN_POINT ( 'NONE',  ( 724.2621213476685398, 906.2797591406384754, 1316.859359169182198 ) ) ;
#1365 = DIRECTION ( 'NONE',  ( 0.1162306242541707169, -0.7463955445134997646, 0.6552740900690960935 ) ) ;
#1366 = VERTEX_POINT ( 'NONE', #1636 ) ;
#1367 = ORIENTED_EDGE ( 'NONE', *, *, #1904, .F. ) ;
#1368 = CARTESIAN_POINT ( 'NONE',  ( 720.2320297884758702, 905.2366897182915864, 1316.948498098830896 ) ) ;
#1369 = EDGE_CURVE ( 'NONE', #4872, #1124, #1068, .T. ) ;
#1370 = CARTESIAN_POINT ( 'NONE',  ( 712.9598157566558712, 909.9815485447244328, 1311.695944835385035 ) ) ;
#1371 = DIRECTION ( 'NONE',  ( 0.000000000000000000, 0.7571257123220861418, -0.6532692061782597870 ) ) ;
#1372 = CARTESIAN_POINT ( 'NONE',  ( 720.9809216503626885, 911.7381547280110681, 1316.178751330726300 ) ) ;
#1373 = CARTESIAN_POINT ( 'NONE',  ( 718.8058030902232076, 917.0179319606387480, 1307.065426631543460 ) ) ;
#1374 = ORIENTED_EDGE ( 'NONE', *, *, #2003, .F. ) ;
#1375 = CARTESIAN_POINT ( 'NONE',  ( 726.8560391052693603, 907.9608533199418616, 1313.011653290155209 ) ) ;
#1376 = LINE ( 'NONE', #5610, #1277 ) ;
#1377 = APPROVAL_STATUS ( 'not_yet_approved' ) ;
#1378 = CARTESIAN_POINT ( 'NONE',  ( 719.5770138685857091, 916.8942719871827194, 1307.111392901023237 ) ) ;
#1379 = ORIENTED_EDGE ( 'NONE', *, *, #2507, .T. ) ;
#1380 = CARTESIAN_POINT ( 'NONE',  ( 715.8788542259834458, 914.3780899358146144, 1306.403541506469764 ) ) ;
#1381 = EDGE_LOOP ( 'NONE', ( #3117, #6745, #529, #5171 ) ) ;
#1382 = CIRCLE ( 'NONE', #2161, 8.788285345454690756 ) ;
#1383 = DIRECTION ( 'NONE',  ( 0.7423883720897802574, 0.08599678107994622456, -0.6644276172991109286 ) ) ;
#1384 = CARTESIAN_POINT ( 'NONE',  ( 718.7917400848953093, 919.4506485289006150, 1322.044098589542727 ) ) ;
#1385 = CARTESIAN_POINT ( 'NONE',  ( 724.8216956190567544, 905.5089225574525926, 1315.143948036336724 ) ) ;
#1386 = B_SPLINE_CURVE_WITH_KNOTS ( 'NONE', 3,
 ( #6002, #136, #2253, #4845, #4364, #101, #2218, #6372 ),
 .UNSPECIFIED., .F., .F.,
 ( 4, 2, 2, 4 ),
 ( 0.000000000000000000, 0.0006560729127576761391, 0.0009841093691362701006, 0.001312145825514863954 ),
 .UNSPECIFIED. ) ;
#1387 = VECTOR ( 'NONE', #3767, 1000.000000000000000 ) ;
#1388 = VERTEX_POINT ( 'NONE', #112 ) ;
#1389 = EDGE_CURVE ( 'NONE', #941, #6110, #2714, .T. ) ;
#1390 = ORIENTED_EDGE ( 'NONE', *, *, #4140, .T. ) ;
#1391 = CARTESIAN_POINT ( 'NONE',  ( 723.1068551401319837, 915.0494535803004510, 1306.524689913285556 ) ) ;
#1392 = CARTESIAN_POINT ( 'NONE',  ( 722.8519092589052661, 904.1173580835320536, 1316.900268957325579 ) ) ;
#1393 = CARTESIAN_POINT ( 'NONE',  ( 727.7059169770795961, 911.6605797933457325, 1312.550353241938637 ) ) ;
#1394 = CARTESIAN_POINT ( 'NONE',  ( 723.0629972201292048, 914.4068847205569455, 1316.942382772838755 ) ) ;
#1395 = CARTESIAN_POINT ( 'NONE',  ( 720.1999277102324868, 906.9121781678747993, 1307.512266668277789 ) ) ;
#1396 = CARTESIAN_POINT ( 'NONE',  ( 712.4179375997680381, 908.0196317312128258, 1311.689489860831827 ) ) ;
#1397 = DIRECTION ( 'NONE',  ( -0.07317157541021195033, 0.6515180314347920332, 0.7550961364404676912 ) ) ;
#1398 = EDGE_LOOP ( 'NONE', ( #4987, #5381, #6650, #732 ) ) ;
#1399 = EDGE_CURVE ( 'NONE', #1854, #1760, #4307, .T. ) ;
#1400 = EDGE_LOOP ( 'NONE', ( #967, #5165, #878, #1310 ) ) ;
#1401 = CARTESIAN_POINT ( 'NONE',  ( 727.7570517849488851, 910.1998132170399458, 1311.458286235565993 ) ) ;
#1402 = CARTESIAN_POINT ( 'NONE',  ( 725.5577010472082975, 906.0115720006245965, 1314.858892582510634 ) ) ;
#1403 = CARTESIAN_POINT ( 'NONE',  ( 715.7700277357286041, 915.5767413771251313, 1315.299956131697172 ) ) ;
#1404 = CARTESIAN_POINT ( 'NONE',  ( 720.0732537342868227, 908.0400803481887806, 1308.819482336218925 ) ) ;
#1405 = CARTESIAN_POINT ( 'NONE',  ( 718.7917400848953093, 919.4506485289006150, 1322.044098589542727 ) ) ;
#1406 = VECTOR ( 'NONE', #4487, 1000.000000000000114 ) ;
#1407 = CARTESIAN_POINT ( 'NONE',  ( 714.8782919061131906, 905.1192263106028122, 1314.442736929519697 ) ) ;
#1408 = EDGE_LOOP ( 'NONE', ( #1571, #1615, #3281, #4811, #5090, #3316 ) ) ;
#1409 = FACE_OUTER_BOUND ( 'NONE', #4130, .T. ) ;
#1410 = EDGE_CURVE ( 'NONE', #3371, #5649, #631, .T. ) ;
#1411 = AXIS2_PLACEMENT_3D ( 'NONE', #2379, #4941, #195 ) ;
#1412 = VECTOR ( 'NONE', #5700, 1000.000000000000114 ) ;
#1413 = CARTESIAN_POINT ( 'NONE',  ( 718.0879573011970933, 904.1193460292280406, 1315.478721546457564 ) ) ;
#1414 =( BOUNDED_SURFACE ( )  B_SPLINE_SURFACE ( 3, 3, ( 
 ( #3834, #6424, #80, #3205 ),
 ( #1228, #1713, #605, #2163 ),
 ( #3311, #710, #1117, #2199 ),
 ( #6387, #5984, #4314, #1679 ) ),
 .UNSPECIFIED., .F., .F., .T. ) 
 B_SPLINE_SURFACE_WITH_KNOTS ( ( 4, 4 ),
 ( 4, 4 ),
 ( 0.000000000000000000, 1.000000000000000000 ),
 ( 0.000000000000000000, 1.000000000000000000 ),
 .UNSPECIFIED. ) 
 GEOMETRIC_REPRESENTATION_ITEM ( )  RATIONAL_B_SPLINE_SURFACE ( (
 ( 1.000000000000000000, 1.000000000000000000, 1.000000000000000000, 1.000000000000000000),
 ( 0.9991685004514068158, 0.9991685004514069268, 0.9991685004514069268, 0.9991685004514068158),
 ( 0.9991685004514068158, 0.9991685004514069268, 0.9991685004514069268, 0.9991685004514068158),
 ( 1.000000000000000000, 1.000000000000000000, 1.000000000000000000, 1.000000000000000000) ) ) 
 REPRESENTATION_ITEM ( '' )  SURFACE ( )  );
#1415 = CARTESIAN_POINT ( 'NONE',  ( 716.4000417984289015, 903.8938201431950574, 1316.453471823674136 ) ) ;
#1416 = ORIENTED_EDGE ( 'NONE', *, *, #3169, .F. ) ;
#1417 = LINE ( 'NONE', #4092, #4419 ) ;
#1418 = AXIS2_PLACEMENT_3D ( 'NONE', #2620, #6839, #261 ) ;
#1419 = ADVANCED_FACE ( 'NONE', ( #3960 ), #5977, .F. ) ;
#1420 = ORIENTED_EDGE ( 'NONE', *, *, #5375, .T. ) ;
#1421 = CARTESIAN_POINT ( 'NONE',  ( 713.1725118253666551, 911.9976440624661791, 1308.202310908042136 ) ) ;
#1422 = DIRECTION ( 'NONE',  ( -0.2103108385732328500, -0.3248569824060678624, 0.9220831264916667935 ) ) ;
#1423 = CARTESIAN_POINT ( 'NONE',  ( 716.1401550941563983, 915.6598121280653686, 1306.031584322971412 ) ) ;
#1424 = VERTEX_POINT ( 'NONE', #738 ) ;
#1425 = CIRCLE ( 'NONE', #6187, 2.499999999999990674 ) ;
#1426 = VERTEX_POINT ( 'NONE', #4478 ) ;
#1427 = DIRECTION ( 'NONE',  ( -0.07317157541021195033, 0.6515180314347920332, 0.7550961364404676912 ) ) ;
#1428 = DIRECTION ( 'NONE',  ( 0.07317157541021197809, -0.6515180314347921442, -0.7550961364404673581 ) ) ;
#1429 = ADVANCED_FACE ( 'NONE', ( #834 ), #6588, .F. ) ;
#1430 = CARTESIAN_POINT ( 'NONE',  ( 718.7917400848953093, 919.4506485289006150, 1322.044098589542727 ) ) ;
#1431 = CARTESIAN_POINT ( 'NONE',  ( 718.7917400848953093, 919.4506485289006150, 1322.044098589542727 ) ) ;
#1432 = CARTESIAN_POINT ( 'NONE',  ( 717.6951034687975834, 915.4601384544423581, 1307.427937133487148 ) ) ;
#1433 = CARTESIAN_POINT ( 'NONE',  ( 717.6107817908496145, 905.5493635253551474, 1316.049708435985849 ) ) ;
#1434 = ORIENTED_EDGE ( 'NONE', *, *, #4269, .F. ) ;
#1435 = ORIENTED_EDGE ( 'NONE', *, *, #3002, .T. ) ;
#1436 = B_SPLINE_CURVE_WITH_KNOTS ( 'NONE', 1,
 ( #1280, #2493 ),
 .UNSPECIFIED., .F., .F.,
 ( 2, 2 ),
 ( 0.000000000000000000, 0.001499999999999829811 ),
 .UNSPECIFIED. ) ;
#1437 = CARTESIAN_POINT ( 'NONE',  ( 719.8286610700904475, 910.2179278277214962, 1311.343563233765735 ) ) ;
#1438 = DIRECTION ( 'NONE',  ( 0.1162306242541731038, -0.7463955445134947686, 0.6552740900691014225 ) ) ;
#1439 = CARTESIAN_POINT ( 'NONE',  ( 722.9045891145158294, 915.8738562143329318, 1307.884918739086970 ) ) ;
#1440 = EDGE_CURVE ( 'NONE', #6699, #1366, #773, .T. ) ;
#1441 = CARTESIAN_POINT ( 'NONE',  ( 721.4975002138744458, 914.4108749426806071, 1313.922712048691892 ) ) ;
#1442 = CARTESIAN_POINT ( 'NONE',  ( 720.8501289619164254, 903.6583908019608771, 1317.102298916776135 ) ) ;
#1443 = DIRECTION ( 'NONE',  ( -0.07317157541021640510, 0.6515180314347921442, 0.7550961364404670251 ) ) ;
#1444 = ORIENTED_EDGE ( 'NONE', *, *, #2677, .T. ) ;
#1445 = CARTESIAN_POINT ( 'NONE',  ( 713.4652433320803766, 907.0051451090629371, 1315.187218959271149 ) ) ;
#1446 = CARTESIAN_POINT ( 'NONE',  ( 718.7917400848953093, 919.4506485289006150, 1322.044098589542727 ) ) ;
#1447 = PERSON_AND_ORGANIZATION_ROLE ( 'creator' ) ;
#1448 = ADVANCED_FACE ( 'NONE', ( #6108 ), #490, .F. ) ;
#1449 = CARTESIAN_POINT ( 'NONE',  ( 717.6471875659420903, 905.5861868795104783, 1315.942815041341191 ) ) ;
#1450 = ORIENTED_EDGE ( 'NONE', *, *, #1613, .F. ) ;
#1451 = CARTESIAN_POINT ( 'NONE',  ( 716.6289425639125739, 915.1299450425876785, 1306.076922257003389 ) ) ;
#1452 = ORIENTED_EDGE ( 'NONE', *, *, #2597, .T. ) ;
#1453 =( BOUNDED_SURFACE ( )  B_SPLINE_SURFACE ( 3, 3, ( 
 ( #2776, #692, #6471, #4803 ),
 ( #6437, #1659, #6367, #4881 ),
 ( #3253, #23, #132, #4223 ),
 ( #2699, #1168, #2249, #1131 ) ),
 .UNSPECIFIED., .F., .F., .T. ) 
 B_SPLINE_SURFACE_WITH_KNOTS ( ( 4, 4 ),
 ( 4, 4 ),
 ( 0.000000000000000000, 1.000000000000000000 ),
 ( 0.000000000000000000, 1.000000000000000000 ),
 .UNSPECIFIED. ) 
 GEOMETRIC_REPRESENTATION_ITEM ( )  RATIONAL_B_SPLINE_SURFACE ( (
 ( 1.000000000000000000, 1.000000000000000000, 1.000000000000000000, 1.000000000000000000),
 ( 0.9991685004514068158, 0.9991685004514069268, 0.9991685004514069268, 0.9991685004514068158),
 ( 0.9991685004514068158, 0.9991685004514069268, 0.9991685004514069268, 0.9991685004514068158),
 ( 1.000000000000000000, 1.000000000000000000, 1.000000000000000000, 1.000000000000000000) ) ) 
 REPRESENTATION_ITEM ( '' )  SURFACE ( )  );
#1454 = CC_DESIGN_PERSON_AND_ORGANIZATION_ASSIGNMENT ( #4088, #1447, ( #1546 ) ) ;
#1455 = CARTESIAN_POINT ( 'NONE',  ( 713.3122173707588445, 912.1963788032823004, 1308.044677805328774 ) ) ;
#1456 = CARTESIAN_POINT ( 'NONE',  ( -23.24538222569418977, 736.1765910973490463, 1395.539921814816125 ) ) ;
#1457 = CARTESIAN_POINT ( 'NONE',  ( 718.7917400848953093, 919.4506485289006150, 1322.044098589542727 ) ) ;
#1458 = EDGE_LOOP ( 'NONE', ( #1864, #3016, #6037, #1259 ) ) ;
#1459 = ORIENTED_EDGE ( 'NONE', *, *, #133, .T. ) ;
#1460 = CARTESIAN_POINT ( 'NONE',  ( 718.9732469780291240, 917.6874314688700451, 1310.850998220618749 ) ) ;
#1461 = CARTESIAN_POINT ( 'NONE',  ( 726.1306124634314756, 908.9944215857988183, 1313.824169845477172 ) ) ;
#1462 = B_SPLINE_CURVE_WITH_KNOTS ( 'NONE', 3,
 ( #1375, #758, #2284, #5998, #4988, #241, #1246, #2913 ),
 .UNSPECIFIED., .F., .F.,
 ( 4, 2, 2, 4 ),
 ( 0.000000000000000000, 0.0003785376244287565022, 0.0007570752488575130043, 0.001514150497715786251 ),
 .UNSPECIFIED. ) ;
#1463 = CARTESIAN_POINT ( 'NONE',  ( 721.8080865219204725, 909.7073373472079538, 1317.592891992315344 ) ) ;
#1464 = CARTESIAN_POINT ( 'NONE',  ( 711.9268681085696926, 910.3501243497647692, 1309.868777382807593 ) ) ;
#1465 = CARTESIAN_POINT ( 'NONE',  ( 718.4442401723083549, 903.6303917085657531, 1316.737000529476745 ) ) ;
#1466 = CARTESIAN_POINT ( 'NONE',  ( 722.3686183527255480, 913.0563886657674857, 1318.040340629338516 ) ) ;
#1467 = EDGE_LOOP ( 'NONE', ( #6800, #5061, #775, #4524 ) ) ;
#1468 = ORIENTED_EDGE ( 'NONE', *, *, #1750, .F. ) ;
#1469 = ADVANCED_FACE ( 'NONE', ( #4931 ), #5556, .T. ) ;
#1470 = CARTESIAN_POINT ( 'NONE',  ( 719.6902285224052775, 905.4244557237843765, 1316.280125707325624 ) ) ;
#1471 = CARTESIAN_POINT ( 'NONE',  ( 725.8095247885797789, 906.0385718940652851, 1315.067287093882896 ) ) ;
#1472 = CARTESIAN_POINT ( 'NONE',  ( 724.9604865162814349, 915.6338743044110515, 1308.720577391942243 ) ) ;
#1473 = FACE_OUTER_BOUND ( 'NONE', #2729, .T. ) ;
#1474 = CARTESIAN_POINT ( 'NONE',  ( 720.0732537342868227, 908.0400803481887806, 1308.819482336218925 ) ) ;
#1475 = B_SPLINE_CURVE_WITH_KNOTS ( 'NONE', 1,
 ( #6137, #5653 ),
 .UNSPECIFIED., .F., .F.,
 ( 2, 2 ),
 ( 0.000000000000000000, 0.001500000000000179141 ),
 .UNSPECIFIED. ) ;
#1476 = CARTESIAN_POINT ( 'NONE',  ( 718.7917400848950820, 919.4506485289003876, 1322.044098589542955 ) ) ;
#1477 = ORIENTED_EDGE ( 'NONE', *, *, #4829, .F. ) ;
#1478 = PLANE ( 'NONE',  #5839 ) ;
#1479 = EDGE_CURVE ( 'NONE', #5296, #3146, #3637, .T. ) ;
#1480 = CARTESIAN_POINT ( 'NONE',  ( 715.7295239877508948, 904.6911426780766305, 1314.882307983345527 ) ) ;
#1481 = CARTESIAN_POINT ( 'NONE',  ( 719.6706276497667432, 904.0306670826510071, 1315.706132285217791 ) ) ;
#1482 = CARTESIAN_POINT ( 'NONE',  ( 724.2572246025979439, 915.9549132330996599, 1306.666358651626069 ) ) ;
#1483 = ORIENTED_EDGE ( 'NONE', *, *, #4029, .T. ) ;
#1484 = LINE ( 'NONE', #5715, #202 ) ;
#1485 = ORIENTED_EDGE ( 'NONE', *, *, #2792, .F. ) ;
#1486 = EDGE_CURVE ( 'NONE', #447, #6785, #3645, .T. ) ;
#1487 = CARTESIAN_POINT ( 'NONE',  ( 714.8883149744131060, 906.0071634549718738, 1316.186206240848605 ) ) ;
#1488 = CARTESIAN_POINT ( 'NONE',  ( 718.7917400848953093, 919.4506485289006150, 1322.044098589542727 ) ) ;
#1489 = CARTESIAN_POINT ( 'NONE',  ( 721.3328803658450852, 915.5366191036617920, 1306.024206948970232 ) ) ;
#1490 = CARTESIAN_POINT ( 'NONE',  ( 718.7917400848953093, 919.4506485289006150, 1322.044098589542727 ) ) ;
#1491 = VERTEX_POINT ( 'NONE', #5489 ) ;
#1492 = EDGE_CURVE ( 'NONE', #1112, #2916, #4883, .T. ) ;
#1493 = ORIENTED_EDGE ( 'NONE', *, *, #6612, .F. ) ;
#1494 = VECTOR ( 'NONE', #913, 1000.000000000000000 ) ;
#1495 = CARTESIAN_POINT ( 'NONE',  ( 726.6490033706403437, 912.5538239792739432, 1309.030815104921430 ) ) ;
#1496 = CARTESIAN_POINT ( 'NONE',  ( 718.7917400848953093, 919.4506485289006150, 1322.044098589542727 ) ) ;
#1497 = CARTESIAN_POINT ( 'NONE',  ( 720.2134078619619686, 914.5414365969757000, 1319.839324198764871 ) ) ;
#1498 = CARTESIAN_POINT ( 'NONE',  ( 718.7917400848953093, 919.4506485289006150, 1322.044098589542727 ) ) ;
#1499 = VECTOR ( 'NONE', #1548, 1000.000000000000114 ) ;
#1500 = CARTESIAN_POINT ( 'NONE',  ( 722.7932937310096122, 905.9230231136432394, 1316.459990470845241 ) ) ;
#1501 = CARTESIAN_POINT ( 'NONE',  ( 723.9550238344982063, 906.2660399223714194, 1316.605625424776690 ) ) ;
#1502 = ORIENTED_EDGE ( 'NONE', *, *, #1565, .T. ) ;
#1503 = ADVANCED_FACE ( 'NONE', ( #2859 ), #2099, .F. ) ;
#1504 = ORIENTED_EDGE ( 'NONE', *, *, #4865, .T. ) ;
#1505 = CARTESIAN_POINT ( 'NONE',  ( 716.0182233868654293, 915.0389484083200387, 1307.787225985184250 ) ) ;
#1506 = CARTESIAN_POINT ( 'NONE',  ( 712.8525632023016669, 912.6295011835959485, 1308.041722810602096 ) ) ;
#1507 = CARTESIAN_POINT ( 'NONE',  ( 722.7243314846734847, 905.5776512350041685, 1317.316140017293264 ) ) ;
#1508 = CARTESIAN_POINT ( 'NONE',  ( 718.7917400848953093, 919.4506485289006150, 1322.044098589542727 ) ) ;
#1509 = CARTESIAN_POINT ( 'NONE',  ( 719.8286610700904475, 910.2179278277214962, 1311.343563233765735 ) ) ;
#1510 = CARTESIAN_POINT ( 'NONE',  ( 715.0112144552088012, 905.1640102342018963, 1314.269629297305983 ) ) ;
#1511 = ORIENTED_EDGE ( 'NONE', *, *, #4093, .F. ) ;
#1512 = CARTESIAN_POINT ( 'NONE',  ( 719.4952054422785750, 913.1870090998544356, 1314.784667990955313 ) ) ;
#1513 = CIRCLE ( 'NONE', #5059, 7.997732278218547819 ) ;
#1514 = CARTESIAN_POINT ( 'NONE',  ( 718.7917400848953093, 919.4506485289006150, 1322.044098589542727 ) ) ;
#1515 = CARTESIAN_POINT ( 'NONE',  ( 722.3806686948632887, 915.8997733163770363, 1306.158082692664266 ) ) ;
#1516 = AXIS2_PLACEMENT_3D ( 'NONE', #1852, #2965, #5079 ) ;
#1517 = CARTESIAN_POINT ( 'NONE',  ( 718.7917400848953093, 919.4506485289006150, 1322.044098589542727 ) ) ;
#1518 = ADVANCED_FACE ( 'NONE', ( #3020 ), #2958, .T. ) ;
#1519 = ORIENTED_EDGE ( 'NONE', *, *, #1700, .T. ) ;
#1520 = CARTESIAN_POINT ( 'NONE',  ( 718.7917400848953093, 919.4506485289006150, 1322.044098589542727 ) ) ;
#1521 = ORIENTED_EDGE ( 'NONE', *, *, #2212, .T. ) ;
#1522 = VECTOR ( 'NONE', #5620, 1000.000000000000000 ) ;
#1523 = B_SPLINE_CURVE_WITH_KNOTS ( 'NONE', 3,
 ( #1690, #2280, #6435, #94, #4325, #1094, #4392, #164, #5325, #5960 ),
 .UNSPECIFIED., .F., .F.,
 ( 4, 3, 3, 4 ),
 ( 0.000000000000000000, 0.0002173289232322240183, 0.0004346578008313241835, 0.0007905002888284345551 ),
 .UNSPECIFIED. ) ;
#1524 = CARTESIAN_POINT ( 'NONE',  ( 715.1721896482574721, 906.3930469178424119, 1315.207553480445767 ) ) ;
#1525 = CARTESIAN_POINT ( 'NONE',  ( 727.3411956425359222, 910.7935005842839473, 1310.607168069987210 ) ) ;
#1526 = CARTESIAN_POINT ( 'NONE',  ( 718.7917400848953093, 919.4506485289006150, 1322.044098589542727 ) ) ;
#1527 = AXIS2_PLACEMENT_3D ( 'NONE', #1213, #3361, #6409 ) ;
#1528 = EDGE_CURVE ( 'NONE', #5305, #5622, #171, .T. ) ;
#1529 = CARTESIAN_POINT ( 'NONE',  ( 718.7917400848953093, 919.4506485289006150, 1322.044098589542727 ) ) ;
#1530 = CARTESIAN_POINT ( 'NONE',  ( 724.6604429639514819, 905.5583456243381306, 1314.876710178561098 ) ) ;
#1531 = B_SPLINE_CURVE_WITH_KNOTS ( 'NONE', 3,
 ( #5566, #4453, #6087, #6565, #4869, #1819, #1299, #4351 ),
 .UNSPECIFIED., .F., .F.,
 ( 4, 2, 2, 4 ),
 ( 0.000000000000000000, 0.0006957517735684721778, 0.001043627660352924565, 0.001391503547137376952 ),
 .UNSPECIFIED. ) ;
#1532 = ORIENTED_EDGE ( 'NONE', *, *, #4311, .F. ) ;
#1533 = VECTOR ( 'NONE', #1341, 1000.000000000000227 ) ;
#1534 = CARTESIAN_POINT ( 'NONE',  ( 726.2324148559380319, 909.2045305740740559, 1313.652546828107916 ) ) ;
#1535 = EDGE_CURVE ( 'NONE', #1701, #4828, #5102, .T. ) ;
#1536 = LINE ( 'NONE', #1394, #5187 ) ;
#1537 = FACE_OUTER_BOUND ( 'NONE', #6557, .T. ) ;
#1538 = AXIS2_PLACEMENT_3D ( 'NONE', #6019, #747, #2872 ) ;
#1539 = CARTESIAN_POINT ( 'NONE',  ( 718.7917400848953093, 919.4506485289006150, 1322.044098589542727 ) ) ;
#1540 = CARTESIAN_POINT ( 'NONE',  ( 714.7274515935781665, 904.5626805051092560, 1315.728742695311439 ) ) ;
#1541 = EDGE_LOOP ( 'NONE', ( #6681, #5382, #3076, #6244 ) ) ;
#1542 = VERTEX_POINT ( 'NONE', #1001 ) ;
#1543 = CARTESIAN_POINT ( 'NONE',  ( 719.8807475757980683, 905.4331284393579153, 1316.291124837642656 ) ) ;
#1544 = DIRECTION ( 'NONE',  ( -0.07317157541021195033, 0.6515180314347920332, 0.7550961364404676912 ) ) ;
#1545 = CARTESIAN_POINT ( 'NONE',  ( 724.2798168141177939, 915.0222434595833647, 1308.602218079684462 ) ) ;
#1546 = PRODUCT_DEFINITION ( 'UNKNOWN', '', #1930, #3672 ) ;
#1547 = CARTESIAN_POINT ( 'NONE',  ( 724.9795495909271494, 914.7724317844090365, 1307.286718719332839 ) ) ;
#1548 = DIRECTION ( 'NONE',  ( 0.8029135110774022754, 0.5201357934743168210, 0.2911849070199224454 ) ) ;
#1549 = DIRECTION ( 'NONE',  ( 0.1162306242541731038, -0.7463955445134947686, 0.6552740900691014225 ) ) ;
#1550 = CARTESIAN_POINT ( 'NONE',  ( 716.8841469772013397, 903.8951113700240967, 1316.312710947732057 ) ) ;
#1551 = CARTESIAN_POINT ( 'NONE',  ( 715.9604283761287888, 914.7373593263746443, 1307.883309119466958 ) ) ;
#1552 = CARTESIAN_POINT ( 'NONE',  ( 726.9443645103419840, 907.9699136950952152, 1313.078657041894303 ) ) ;
#1553 = CARTESIAN_POINT ( 'NONE',  ( 720.6007740403429125, 903.9808249309451185, 1307.475588014853201 ) ) ;
#1554 = CARTESIAN_POINT ( 'NONE',  ( 728.5870579854120024, 910.8905536761121766, 1311.611923541741362 ) ) ;
#1555 = ORIENTED_EDGE ( 'NONE', *, *, #2457, .F. ) ;
#1556 = CARTESIAN_POINT ( 'NONE',  ( 725.1540360527260418, 915.7516604807062777, 1308.773167999263251 ) ) ;
#1557 = ADVANCED_FACE ( 'NONE', ( #930 ), #2864, .T. ) ;
#1558 = CARTESIAN_POINT ( 'NONE',  ( 727.1655348965689427, 913.6077451331130987, 1308.870564626416581 ) ) ;
#1559 = CARTESIAN_POINT ( 'NONE',  ( 727.3013941754157941, 911.0135938753160190, 1310.422987700601198 ) ) ;
#1560 = CARTESIAN_POINT ( 'NONE',  ( 712.6102609888732786, 910.8324236759358428, 1309.146102731837345 ) ) ;
#1561 = DIRECTION ( 'NONE',  ( 0.1162306242541731038, -0.7463955445134947686, 0.6552740900691014225 ) ) ;
#1562 = CARTESIAN_POINT ( 'NONE',  ( 720.0732537342868227, 908.0400803481887806, 1308.819482336218925 ) ) ;
#1563 = B_SPLINE_CURVE_WITH_KNOTS ( 'NONE', 3,
 ( #2064, #5259, #951, #4666, #4250, #509, #4733, #543, #3079, #6848 ),
 .UNSPECIFIED., .F., .F.,
 ( 4, 3, 3, 4 ),
 ( 0.000000000000000000, 0.0002173289232322955756, 0.0004346578008312959400, 0.0007905002888283986680 ),
 .UNSPECIFIED. ) ;
#1564 = ORIENTED_EDGE ( 'NONE', *, *, #5130, .F. ) ;
#1565 = EDGE_CURVE ( 'NONE', #2464, #685, #4607, .T. ) ;
#1566 = CARTESIAN_POINT ( 'NONE',  ( 724.4695139072730399, 906.4019727347209709, 1316.774006964600403 ) ) ;
#1567 = CARTESIAN_POINT ( 'NONE',  ( 718.7917400848950820, 919.4506485289003876, 1322.044098589542955 ) ) ;
#1568 = CARTESIAN_POINT ( 'NONE',  ( 723.1130608566720639, 915.0668250578606830, 1306.522581631757930 ) ) ;
#1569 = CARTESIAN_POINT ( 'NONE',  ( 718.7917400848953093, 919.4506485289006150, 1322.044098589542727 ) ) ;
#1570 = CARTESIAN_POINT ( 'NONE',  ( 718.7917400848953093, 919.4506485289006150, 1322.044098589542727 ) ) ;
#1571 = ORIENTED_EDGE ( 'NONE', *, *, #6304, .T. ) ;
#1572 = VERTEX_POINT ( 'NONE', #5239 ) ;
#1573 = EDGE_CURVE ( 'NONE', #785, #4172, #5704, .T. ) ;
#1574 = CARTESIAN_POINT ( 'NONE',  ( 716.4256265469450682, 904.3317284237123204, 1315.423377132000269 ) ) ;
#1575 = CARTESIAN_POINT ( 'NONE',  ( 714.9334432557446917, 906.7287535388471724, 1314.693839209434600 ) ) ;
#1576 = CARTESIAN_POINT ( 'NONE',  ( 726.8714722516295978, 909.7450790310905404, 1313.639707355913060 ) ) ;
#1577 = CARTESIAN_POINT ( 'NONE',  ( 720.2856657889458347, 916.7772022850253961, 1311.345286975417594 ) ) ;
#1578 = DIRECTION ( 'NONE',  ( -0.3177726938809825596, 0.2719453532792462380, 0.9083315693365772159 ) ) ;
#1579 = CARTESIAN_POINT ( 'NONE',  ( 718.4439168990173812, 903.6465649034663556, 1316.751723762738948 ) ) ;
#1580 = DIRECTION ( 'NONE',  ( -0.07317157541021195033, 0.6515180314347920332, 0.7550961364404673581 ) ) ;
#1581 = VERTEX_POINT ( 'NONE', #5756 ) ;
#1582 = B_SPLINE_SURFACE_WITH_KNOTS ( 'NONE', 3, 1, ( 
 ( #1665, #4888 ),
 ( #2639, #2705 ),
 ( #3784, #2671 ),
 ( #137, #4773 ),
 ( #1136, #28 ),
 ( #1102, #3221 ),
 ( #5332, #2743 ),
 ( #102, #2219 ) ),
 .UNSPECIFIED., .F., .F., .F.,
 ( 4, 1, 1, 1, 1, 4 ),
 ( 2, 2 ),
 ( 0.000000000000000000, 0.3581071372195973046, 0.4566366301078926271, 0.6536956158844833276, 0.7882359431063625799, 1.000000000000000000 ),
 ( 0.000000000000000000, 1.000000000000000000 ),
 .UNSPECIFIED. ) ;
#1583 = ORIENTED_EDGE ( 'NONE', *, *, #6262, .F. ) ;
#1584 = ADVANCED_FACE ( 'NONE', ( #6242 ), #1098, .F. ) ;
#1585 = CARTESIAN_POINT ( 'NONE',  ( 718.7917400848953093, 919.4506485289006150, 1322.044098589542727 ) ) ;
#1586 = CARTESIAN_POINT ( 'NONE',  ( 717.3221738063859902, 909.4545050713062437, 1317.369955285278820 ) ) ;
#1587 = CARTESIAN_POINT ( 'NONE',  ( 711.0436444114975529, 910.1718561518372326, 1310.517552566980385 ) ) ;
#1588 = CARTESIAN_POINT ( 'NONE',  ( 718.4086164238282208, 905.4687955910894743, 1316.117888762228176 ) ) ;
#1589 = ORIENTED_EDGE ( 'NONE', *, *, #1528, .F. ) ;
#1590 = CARTESIAN_POINT ( 'NONE',  ( 726.5628901481138655, 910.2739953335826613, 1312.762007173304482 ) ) ;
#1591 = CARTESIAN_POINT ( 'NONE',  ( 714.2203936356462464, 905.5512890115306845, 1314.035553120970917 ) ) ;
#1592 = CARTESIAN_POINT ( 'NONE',  ( 718.5361882778129257, 915.5140461549194697, 1305.835804179229171 ) ) ;
#1593 = CARTESIAN_POINT ( 'NONE',  ( 716.1418793518687380, 914.8361272318608144, 1307.815838347111821 ) ) ;
#1594 = CARTESIAN_POINT ( 'NONE',  ( 721.2653429811799697, 904.1943567009465141, 1315.724600311955783 ) ) ;
#1595 = DIRECTION ( 'NONE',  ( -0.3933361784615721501, 0.9058035615703912136, -0.1575009795513687971 ) ) ;
#1596 = ORIENTED_EDGE ( 'NONE', *, *, #2063, .T. ) ;
#1597 = CARTESIAN_POINT ( 'NONE',  ( 718.7917400848953093, 919.4506485289006150, 1322.044098589542727 ) ) ;
#1598 = CARTESIAN_POINT ( 'NONE',  ( 723.5609111086690746, 910.9249687113897380, 1316.705754642604006 ) ) ;
#1599 = CYLINDRICAL_SURFACE ( 'NONE', #6370, 2.210505043370490252 ) ;
#1600 = CARTESIAN_POINT ( 'NONE',  ( 719.8286610700904475, 910.2179278277214962, 1311.343563233765735 ) ) ;
#1601 = EDGE_CURVE ( 'NONE', #5749, #1710, #5787, .T. ) ;
#1602 = CARTESIAN_POINT ( 'NONE',  ( 718.7917400848953093, 919.4506485289006150, 1322.044098589542727 ) ) ;
#1603 = CIRCLE ( 'NONE', #2936, 2.499999999999990674 ) ;
#1604 = VERTEX_POINT ( 'NONE', #1629 ) ;
#1605 = ORIENTED_EDGE ( 'NONE', *, *, #4977, .T. ) ;
#1606 = CARTESIAN_POINT ( 'NONE',  ( 720.0732537342868227, 908.0400803481887806, 1308.819482336218925 ) ) ;
#1607 = AXIS2_PLACEMENT_3D ( 'NONE', #5487, #736, #5522 ) ;
#1608 = CARTESIAN_POINT ( 'NONE',  ( 713.2325383741222140, 908.8207423675470409, 1312.723954465268434 ) ) ;
#1609 = CARTESIAN_POINT ( 'NONE',  ( 723.3654451532511303, 906.3696519246851722, 1315.820939583072914 ) ) ;
#1610 = FACE_OUTER_BOUND ( 'NONE', #567, .T. ) ;
#1611 = CARTESIAN_POINT ( 'NONE',  ( 714.3120043095448182, 913.5254937263201782, 1307.097862459844009 ) ) ;
#1612 = CARTESIAN_POINT ( 'NONE',  ( 714.3098685293450671, 913.4652667332626379, 1308.821126520011603 ) ) ;
#1613 = EDGE_CURVE ( 'NONE', #5508, #6779, #2145, .T. ) ;
#1614 = CARTESIAN_POINT ( 'NONE',  ( 718.7917400848953093, 919.4506485289006150, 1322.044098589542727 ) ) ;
#1615 = ORIENTED_EDGE ( 'NONE', *, *, #2507, .F. ) ;
#1616 = CARTESIAN_POINT ( 'NONE',  ( 714.2918257895998977, 908.5209304721066701, 1313.009125699221613 ) ) ;
#1617 = CARTESIAN_POINT ( 'NONE',  ( 727.1366491839070250, 912.3591601610561383, 1309.457699210777491 ) ) ;
#1618 = CARTESIAN_POINT ( 'NONE',  ( 715.0930559870000707, 905.9019325120106032, 1316.296842589275002 ) ) ;
#1619 = DIRECTION ( 'NONE',  ( -0.1162306242541731038, 0.7463955445134947686, -0.6552740900691014225 ) ) ;
#1620 = EDGE_CURVE ( 'NONE', #5121, #2916, #2221, .T. ) ;
#1621 = VERTEX_POINT ( 'NONE', #4229 ) ;
#1622 = CARTESIAN_POINT ( 'NONE',  ( 712.5430449233182344, 908.3169301302765462, 1313.849886574245602 ) ) ;
#1623 = CARTESIAN_POINT ( 'NONE',  ( 727.4165826511521118, 911.3879144819005660, 1312.521766735171468 ) ) ;
#1624 = CARTESIAN_POINT ( 'NONE',  ( 719.7353845055382635, 911.0484602219646604, 1312.306133372769409 ) ) ;
#1625 = CARTESIAN_POINT ( 'NONE',  ( 716.4008312645714796, 904.2792965765455619, 1315.540400485830560 ) ) ;
#1626 = CARTESIAN_POINT ( 'NONE',  ( 728.2481819261064402, 910.5605060740542740, 1311.563606489223730 ) ) ;
#1627 = EDGE_CURVE ( 'NONE', #2652, #5182, #2401, .T. ) ;
#1628 = CARTESIAN_POINT ( 'NONE',  ( 718.7917400848953093, 919.4506485289006150, 1322.044098589542727 ) ) ;
#1629 = CARTESIAN_POINT ( 'NONE',  ( 725.4153517220124741, 906.0203785182611682, 1314.693821792693143 ) ) ;
#1630 = VERTEX_POINT ( 'NONE', #555 ) ;
#1631 = CIRCLE ( 'NONE', #3409, 7.997732278218547819 ) ;
#1632 = VECTOR ( 'NONE', #5667, 1000.000000000000227 ) ;
#1633 = CARTESIAN_POINT ( 'NONE',  ( 713.2940719613187639, 912.4025071438065879, 1309.773884642281473 ) ) ;
#1634 = CARTESIAN_POINT ( 'NONE',  ( 717.5340518078302239, 904.2157243157216726, 1315.339720532133242 ) ) ;
#1635 = CARTESIAN_POINT ( 'NONE',  ( 712.4842359825443054, 910.4030306312013181, 1309.513961932784923 ) ) ;
#1636 = CARTESIAN_POINT ( 'NONE',  ( 727.1308782665372519, 908.5973402419673448, 1312.489107520132393 ) ) ;
#1637 = CARTESIAN_POINT ( 'NONE',  ( 718.7917400848953093, 919.4506485289006150, 1322.044098589542727 ) ) ;
#1638 = ORIENTED_EDGE ( 'NONE', *, *, #5338, .F. ) ;
#1639 = AXIS2_PLACEMENT_3D ( 'NONE', #2939, #6572, #5088 ) ;
#1640 = ORIENTED_EDGE ( 'NONE', *, *, #2665, .T. ) ;
#1641 = ADVANCED_FACE ( 'NONE', ( #2183 ), #2777, .F. ) ;
#1642 = CARTESIAN_POINT ( 'NONE',  ( 728.3947244002912385, 909.2198449610890520, 1313.034819845713855 ) ) ;
#1643 = CARTESIAN_POINT ( 'NONE',  ( 719.6539506741609102, 916.6401884103912607, 1305.635559628996134 ) ) ;
#1644 = CARTESIAN_POINT ( 'NONE',  ( 718.7203763084613684, 918.0663362859778545, 1316.653262105226077 ) ) ;
#1645 = VECTOR ( 'NONE', #4133, 1000.000000000000114 ) ;
#1646 = CARTESIAN_POINT ( 'NONE',  ( 714.4229977606809143, 913.4008258821023674, 1307.105674408153845 ) ) ;
#1647 = CARTESIAN_POINT ( 'NONE',  ( 719.3669308374180673, 903.9700214120281316, 1315.832431650404942 ) ) ;
#1648 = DIRECTION ( 'NONE',  ( 0.7968884713669953657, 0.1937521005697611931, 0.5722140226586364120 ) ) ;
#1649 = CARTESIAN_POINT ( 'NONE',  ( 718.7917400848953093, 919.4506485289006150, 1322.044098589542727 ) ) ;
#1650 = ORIENTED_EDGE ( 'NONE', *, *, #2189, .F. ) ;
#1651 = B_SPLINE_CURVE_WITH_KNOTS ( 'NONE', 3,
 ( #3430, #5646, #2981, #5093, #3986, #5124, #6647, #2945 ),
 .UNSPECIFIED., .F., .F.,
 ( 4, 2, 2, 4 ),
 ( 0.000000000000000000, 0.0002966949978378706151, 0.0005933899956757412303, 0.001186779991352218417 ),
 .UNSPECIFIED. ) ;
#1652 = ORIENTED_EDGE ( 'NONE', *, *, #5905, .T. ) ;
#1653 = VECTOR ( 'NONE', #2344, 1000.000000000000114 ) ;
#1654 = EDGE_CURVE ( 'NONE', #4640, #5538, #2325, .T. ) ;
#1655 = CARTESIAN_POINT ( 'NONE',  ( 713.5756359092223420, 906.1399393547196723, 1313.435805086036680 ) ) ;
#1656 = DIRECTION ( 'NONE',  ( -0.3621444795382031678, -0.4642778422128586158, -0.8082681864147418516 ) ) ;
#1657 = CARTESIAN_POINT ( 'NONE',  ( 718.1889957120339432, 917.2573445146820177, 1314.010617907656069 ) ) ;
#1658 = ORIENTED_EDGE ( 'NONE', *, *, #645, .F. ) ;
#1659 = CARTESIAN_POINT ( 'NONE',  ( 721.5151591777165550, 915.6907523217338394, 1318.977000017300043 ) ) ;
#1660 = EDGE_CURVE ( 'NONE', #6718, #1709, #4874, .T. ) ;
#1661 = B_SPLINE_SURFACE_WITH_KNOTS ( 'NONE', 3, 1, ( 
 ( #4448, #3443 ),
 ( #3966, #6493 ),
 ( #3900, #6049 ),
 ( #4973, #6530 ),
 ( #1885, #1227 ),
 ( #1294, #709 ),
 ( #6594, #1190 ),
 ( #5426, #6559 ),
 ( #1752, #677 ),
 ( #3340, #2830 ),
 ( #3412, #2268 ),
 ( #1783, #2303 ) ),
 .UNSPECIFIED., .F., .F., .F.,
 ( 4, 1, 1, 1, 2, 1, 1, 1, 4 ),
 ( 2, 2 ),
 ( 0.000000000000000000, 0.2143883571535014076, 0.4287767143070028153, 0.6431650714605041674, 0.8575534286140056306, 0.8931650714605041674, 0.9287767143070029263, 0.9643883571535014632, 1.000000000000000000 ),
 ( 0.000000000000000000, 1.000000000000000000 ),
 .UNSPECIFIED. ) ;
#1662 = CARTESIAN_POINT ( 'NONE',  ( 726.3157991729125342, 909.0273925226435949, 1313.972036997039595 ) ) ;
#1663 = LINE ( 'NONE', #2359, #2595 ) ;
#1664 = CARTESIAN_POINT ( 'NONE',  ( 726.6602742371358090, 910.3075176701096325, 1312.821169068551399 ) ) ;
#1665 = CARTESIAN_POINT ( 'NONE',  ( 718.7917400848953093, 919.4506485289006150, 1322.044098589542727 ) ) ;
#1666 = CARTESIAN_POINT ( 'NONE',  ( 719.8286610700904475, 910.2179278277214962, 1311.343563233765735 ) ) ;
#1667 = CARTESIAN_POINT ( 'NONE',  ( 724.8790277979888970, 905.4697545048516076, 1315.303587510152283 ) ) ;
#1668 = ORIENTED_EDGE ( 'NONE', *, *, #2368, .T. ) ;
#1669 = CARTESIAN_POINT ( 'NONE',  ( 727.3679245539194653, 909.5859885318345732, 1311.658742017682698 ) ) ;
#1670 = DIRECTION ( 'NONE',  ( -0.07317157541021195033, 0.6515180314347920332, 0.7550961364404676912 ) ) ;
#1671 = CARTESIAN_POINT ( 'NONE',  ( 718.7917400848950820, 919.4506485289003876, 1322.044098589542955 ) ) ;
#1672 = CARTESIAN_POINT ( 'NONE',  ( 724.6936139976121467, 914.3547989695217666, 1307.277820041351561 ) ) ;
#1673 = CARTESIAN_POINT ( 'NONE',  ( 715.0930559870000707, 905.9019325120106032, 1316.296842589275002 ) ) ;
#1674 = EDGE_LOOP ( 'NONE', ( #4767, #6462, #3598, #3863, #3570, #1596, #1483, #5599, #187, #4995, #4028, #3382, #6088, #4099, #4873, #5579, #684, #5137, #6644, #4731, #6309, #4062, #3202, #666, #1605, #2346, #3451, #2498, #3462, #6727, #3428, #5992, #5884, #6339, #114, #22, #3101, #5883, #1555, #4933, #5467, #512, #2002, #8, #6758, #4898, #3134, #3897, #5138, #3319, #3655, #3068, #6863, #1907, #5651, #4505, #3778, #1011, #165, #4971, #3762, #698, #995, #6430, #5096, #4237, #5336 ) ) ;
#1675 = ORIENTED_EDGE ( 'NONE', *, *, #4918, .T. ) ;
#1676 =( BOUNDED_SURFACE ( )  B_SPLINE_SURFACE ( 3, 3, ( 
 ( #6454, #3726, #2959, #1391 ),
 ( #708, #2372, #1914, #3411 ),
 ( #6529, #3473, #6558, #6081 ),
 ( #5459, #5494, #2829, #6111 ) ),
 .UNSPECIFIED., .F., .F., .T. ) 
 B_SPLINE_SURFACE_WITH_KNOTS ( ( 4, 4 ),
 ( 4, 4 ),
 ( 0.000000000000000000, 1.000000000000000000 ),
 ( 0.000000000000000000, 1.000000000000000000 ),
 .UNSPECIFIED. ) 
 GEOMETRIC_REPRESENTATION_ITEM ( )  RATIONAL_B_SPLINE_SURFACE ( (
 ( 1.000000000000000000, 1.000000000000000000, 1.000000000000000000, 1.000000000000000000),
 ( 0.9991685004514068158, 0.9991685004514069268, 0.9991685004514069268, 0.9991685004514068158),
 ( 0.9991685004514068158, 0.9991685004514069268, 0.9991685004514069268, 0.9991685004514068158),
 ( 1.000000000000000000, 1.000000000000000000, 1.000000000000000000, 1.000000000000000000) ) ) 
 REPRESENTATION_ITEM ( '' )  SURFACE ( )  );
#1677 = CARTESIAN_POINT ( 'NONE',  ( 715.3247438381268921, 914.7036247179345310, 1308.051737952816438 ) ) ;
#1678 = LINE ( 'NONE', #3764, #5181 ) ;
#1679 = CARTESIAN_POINT ( 'NONE',  ( 716.7781236285891282, 914.7886686988459815, 1306.136425176775674 ) ) ;
#1680 = CARTESIAN_POINT ( 'NONE',  ( 718.7917400848953093, 919.4506485289006150, 1322.044098589542727 ) ) ;
#1681 = CARTESIAN_POINT ( 'NONE',  ( 718.7917400848953093, 919.4506485289006150, 1322.044098589542727 ) ) ;
#1682 = CARTESIAN_POINT ( 'NONE',  ( 725.7531357513607873, 907.3624840945350343, 1316.069638590711747 ) ) ;
#1683 = CARTESIAN_POINT ( 'NONE',  ( 717.5278871769243096, 904.2042320644745814, 1315.353906445147686 ) ) ;
#1684 = VERTEX_POINT ( 'NONE', #4333 ) ;
#1685 = EDGE_CURVE ( 'NONE', #148, #1300, #5930, .T. ) ;
#1686 = ORIENTED_EDGE ( 'NONE', *, *, #2223, .T. ) ;
#1687 = FACE_OUTER_BOUND ( 'NONE', #2506, .T. ) ;
#1688 = CARTESIAN_POINT ( 'NONE',  ( 721.0923700523152320, 903.7684120335892430, 1316.881075806725903 ) ) ;
#1689 = CARTESIAN_POINT ( 'NONE',  ( 716.9188880693293413, 916.9666098913580754, 1317.430759010599104 ) ) ;
#1690 = CARTESIAN_POINT ( 'NONE',  ( 725.2995331999197788, 907.8168949602566045, 1314.759638080506193 ) ) ;
#1691 = ORIENTED_EDGE ( 'NONE', *, *, #3956, .T. ) ;
#1692 = CARTESIAN_POINT ( 'NONE',  ( 713.1370537593211338, 908.4856021667825416, 1313.204826274405832 ) ) ;
#1693 = EDGE_CURVE ( 'NONE', #2957, #3724, #259, .T. ) ;
#1694 = CARTESIAN_POINT ( 'NONE',  ( 718.7917400848953093, 919.4506485289006150, 1322.044098589542727 ) ) ;
#1695 = CARTESIAN_POINT ( 'NONE',  ( 727.5772623693861760, 910.1052268897103659, 1311.378797597877565 ) ) ;
#1696 = CARTESIAN_POINT ( 'NONE',  ( 727.7855675979313901, 907.8091267316756330, 1314.192997405671804 ) ) ;
#1697 = LINE ( 'NONE', #5302, #3387 ) ;
#1698 = CARTESIAN_POINT ( 'NONE',  ( 727.3035659014886960, 913.3233007365009826, 1311.076721893453623 ) ) ;
#1699 = CARTESIAN_POINT ( 'NONE',  ( 718.7917400848953093, 919.4506485289006150, 1322.044098589542727 ) ) ;
#1700 = EDGE_CURVE ( 'NONE', #57, #1854, #4786, .T. ) ;
#1701 = VERTEX_POINT ( 'NONE', #2819 ) ;
#1702 = LOCAL_TIME ( 21, 36, 40.00000000000000000, #2491 ) ;
#1703 = CARTESIAN_POINT ( 'NONE',  ( 711.7714695037473120, 911.0039743127342717, 1311.572784586592206 ) ) ;
#1704 = FACE_BOUND ( 'NONE', #5396, .T. ) ;
#1705 = CARTESIAN_POINT ( 'NONE',  ( 711.1810696657348672, 908.7192619718155129, 1311.798670769182309 ) ) ;
#1706 = CARTESIAN_POINT ( 'NONE',  ( 718.5398841557235983, 915.9649696484366359, 1307.274973173377703 ) ) ;
#1707 = CARTESIAN_POINT ( 'NONE',  ( 726.2385895122175725, 914.5717732616172952, 1309.760840680850379 ) ) ;
#1708 = EDGE_CURVE ( 'NONE', #4216, #2159, #1773, .T. ) ;
#1709 = VERTEX_POINT ( 'NONE', #5550 ) ;
#1710 = VERTEX_POINT ( 'NONE', #6071 ) ;
#1711 = CARTESIAN_POINT ( 'NONE',  ( 718.7917400848953093, 919.4506485289006150, 1322.044098589542727 ) ) ;
#1712 = CARTESIAN_POINT ( 'NONE',  ( 715.2316991512021787, 906.4134375056904673, 1315.129184318233911 ) ) ;
#1713 = CARTESIAN_POINT ( 'NONE',  ( 718.2984806266018722, 917.9623107131232018, 1316.705328099196095 ) ) ;
#1714 = CARTESIAN_POINT ( 'NONE',  ( 717.3354926434905110, 917.4340409799677900, 1317.064623862413100 ) ) ;
#1715 = CARTESIAN_POINT ( 'NONE',  ( 718.7917400848953093, 919.4506485289006150, 1322.044098589542727 ) ) ;
#1716 = VECTOR ( 'NONE', #701, 1000.000000000000114 ) ;
#1717 = CARTESIAN_POINT ( 'NONE',  ( 712.5964878827726352, 907.9942222736907524, 1311.593647489842169 ) ) ;
#1718 = CARTESIAN_POINT ( 'NONE',  ( 718.9299906580686184, 905.0533563133656116, 1317.265366670101457 ) ) ;
#1719 = EDGE_CURVE ( 'NONE', #75, #5191, #6550, .T. ) ;
#1720 = ORIENTED_EDGE ( 'NONE', *, *, #5469, .F. ) ;
#1721 = B_SPLINE_SURFACE_WITH_KNOTS ( 'NONE', 3, 1, ( 
 ( #3149, #6232 ),
 ( #5810, #3593 ),
 ( #2066, #511 ),
 ( #444, #2598 ),
 ( #6265, #1968 ),
 ( #2034, #1482 ),
 ( #4636, #4121 ),
 ( #408, #2566 ) ),
 .UNSPECIFIED., .F., .F., .F.,
 ( 4, 1, 1, 1, 1, 4 ),
 ( 2, 2 ),
 ( 0.000000000000000000, 0.3581071372195973046, 0.4566366301078926271, 0.6536956158844833276, 0.7882359431063625799, 1.000000000000000000 ),
 ( 0.000000000000000000, 1.000000000000000000 ),
 .UNSPECIFIED. ) ;
#1722 = VERTEX_POINT ( 'NONE', #2917 ) ;
#1723 = ORIENTED_EDGE ( 'NONE', *, *, #2307, .F. ) ;
#1724 = ORIENTED_EDGE ( 'NONE', *, *, #1719, .F. ) ;
#1725 = DIRECTION ( 'NONE',  ( 0.5152863561613979515, -0.5646398887652572807, -0.6447183626740182749 ) ) ;
#1726 = CARTESIAN_POINT ( 'NONE',  ( 718.7917400848953093, 919.4506485289006150, 1322.044098589542727 ) ) ;
#1727 = B_SPLINE_CURVE_WITH_KNOTS ( 'NONE', 3,
 ( #4635, #2596, #4119, #3592, #4220, #952, #3737, #4152 ),
 .UNSPECIFIED., .F., .F.,
 ( 4, 2, 2, 4 ),
 ( 0.000000000000000000, 0.0002966949978379490030, 0.0005933899956758980059, 0.001186779991351681086 ),
 .UNSPECIFIED. ) ;
#1728 = CARTESIAN_POINT ( 'NONE',  ( 718.7917400848953093, 919.4506485289006150, 1322.044098589542727 ) ) ;
#1729 = CARTESIAN_POINT ( 'NONE',  ( 711.8656899991772207, 909.6846073406693449, 1312.720301561782435 ) ) ;
#1730 = EDGE_LOOP ( 'NONE', ( #3177, #288, #3891, #940 ) ) ;
#1731 = CONICAL_SURFACE ( 'NONE', #5600, 8.788285345454690756, 0.5551083433337287154 ) ;
#1732 = CARTESIAN_POINT ( 'NONE',  ( 726.5802310357967144, 910.3836762299499696, 1312.668920624445263 ) ) ;
#1733 = CARTESIAN_POINT ( 'NONE',  ( 718.7917400848953093, 919.4506485289006150, 1322.044098589542727 ) ) ;
#1734 =( LENGTH_UNIT ( ) NAMED_UNIT ( * ) SI_UNIT ( .MILLI., .METRE. ) );
#1735 = ADVANCED_FACE ( 'NONE', ( #2890 ), #3921, .F. ) ;
#1736 = PLANE ( 'NONE',  #1527 ) ;
#1737 = CARTESIAN_POINT ( 'NONE',  ( 718.7917400848953093, 919.4506485289006150, 1322.044098589542727 ) ) ;
#1738 = FACE_OUTER_BOUND ( 'NONE', #1150, .T. ) ;
#1739 = ORIENTED_EDGE ( 'NONE', *, *, #3679, .T. ) ;
#1740 = B_SPLINE_CURVE_WITH_KNOTS ( 'NONE', 3,
 ( #4521, #4422, #6534, #1889, #1787, #1267, #3937, #1432 ),
 .UNSPECIFIED., .F., .F.,
 ( 4, 2, 2, 4 ),
 ( 1.110223024625156540E-16, 0.0006957517735688663937, 0.001043627660353172847, 0.001391503547137479084 ),
 .UNSPECIFIED. ) ;
#1741 = EDGE_CURVE ( 'NONE', #4544, #6688, #3074, .T. ) ;
#1742 = DIRECTION ( 'NONE',  ( -0.9943752011313917727, 0.01047384860671912547, -0.1053957203603048814 ) ) ;
#1743 = DIRECTION ( 'NONE',  ( 0.07317157541021197809, -0.6515180314347921442, -0.7550961364404673581 ) ) ;
#1744 = CARTESIAN_POINT ( 'NONE',  ( 713.8051296190953963, 912.8489389963934855, 1309.304000256233621 ) ) ;
#1745 = CARTESIAN_POINT ( 'NONE',  ( 724.9893558225113566, 914.2328787090673359, 1309.193497395742042 ) ) ;
#1746 = CARTESIAN_POINT ( 'NONE',  ( 711.0975837951702943, 910.3819496982828241, 1310.355967284765029 ) ) ;
#1747 = ORIENTED_EDGE ( 'NONE', *, *, #2803, .F. ) ;
#1748 = EDGE_LOOP ( 'NONE', ( #2274, #3564, #891, #6452 ) ) ;
#1749 = VECTOR ( 'NONE', #5151, 999.9999999999998863 ) ;
#1750 = EDGE_CURVE ( 'NONE', #5678, #1760, #6038, .T. ) ;
#1751 = CARTESIAN_POINT ( 'NONE',  ( 723.7234969543411580, 915.0492985953318339, 1308.366401169692608 ) ) ;
#1752 = CARTESIAN_POINT ( 'NONE',  ( 718.7917400848953093, 919.4506485289006150, 1322.044098589542727 ) ) ;
#1753 = DIRECTION ( 'NONE',  ( -0.07317157541021640510, 0.6515180314347921442, 0.7550961364404670251 ) ) ;
#1754 = CARTESIAN_POINT ( 'NONE',  ( 721.8048184255389970, 905.7575082997466325, 1316.197883762026095 ) ) ;
#1755 = DIRECTION ( 'NONE',  ( 0.07317157541021193645, -0.6515180314347919222, -0.7550961364404674692 ) ) ;
#1756 = VECTOR ( 'NONE', #3777, 1000.000000000000227 ) ;
#1757 = CARTESIAN_POINT ( 'NONE',  ( 714.8174824935006200, 913.9471072814883428, 1308.454570688733156 ) ) ;
#1758 = CARTESIAN_POINT ( 'NONE',  ( 714.5087677619786746, 912.7519946296453099, 1314.252159888573942 ) ) ;
#1759 = ORIENTED_EDGE ( 'NONE', *, *, #5776, .T. ) ;
#1760 = VERTEX_POINT ( 'NONE', #6518 ) ;
#1761 = CIRCLE ( 'NONE', #968, 8.788285345454690756 ) ;
#1762 = CARTESIAN_POINT ( 'NONE',  ( 718.7917400848953093, 919.4506485289006150, 1322.044098589542727 ) ) ;
#1763 = DIRECTION ( 'NONE',  ( -0.07534534757900188118, -0.9126909116624940532, -0.4016445921046179479 ) ) ;
#1764 = CARTESIAN_POINT ( 'NONE',  ( 714.9624735096779204, 914.3467963409700587, 1312.926472301833201 ) ) ;
#1765 = CARTESIAN_POINT ( 'NONE',  ( 725.8724074215285782, 908.3472847218284869, 1314.491730462354781 ) ) ;
#1766 = ORIENTED_EDGE ( 'NONE', *, *, #375, .F. ) ;
#1767 = CARTESIAN_POINT ( 'NONE',  ( 715.5455051084771867, 915.7345382319568898, 1306.092952674857315 ) ) ;
#1768 = AXIS2_PLACEMENT_3D ( 'NONE', #2019, #4005, #428 ) ;
#1769 = CARTESIAN_POINT ( 'NONE',  ( 720.1999277102324868, 906.9121781678747993, 1307.512266668277789 ) ) ;
#1770 = CARTESIAN_POINT ( 'NONE',  ( 726.9765249181440367, 908.8563436121393124, 1314.899245766769809 ) ) ;
#1771 = CARTESIAN_POINT ( 'NONE',  ( 728.1127166083327893, 909.4853150598106595, 1312.473247779220401 ) ) ;
#1772 = ORIENTED_EDGE ( 'NONE', *, *, #5726, .T. ) ;
#1773 = LINE ( 'NONE', #139, #523 ) ;
#1774 = ORIENTED_EDGE ( 'NONE', *, *, #5363, .F. ) ;
#1775 = EDGE_CURVE ( 'NONE', #3085, #75, #6480, .T. ) ;
#1776 = DIRECTION ( 'NONE',  ( 0.1111077285550728655, -0.7470872489404773997, 0.6553744846466647012 ) ) ;
#1777 = CARTESIAN_POINT ( 'NONE',  ( 718.7917400848953093, 919.4506485289006150, 1322.044098589542727 ) ) ;
#1778 = CARTESIAN_POINT ( 'NONE',  ( 724.9119183789390490, 914.2971469105310689, 1309.130610451804614 ) ) ;
#1779 = ORIENTED_EDGE ( 'NONE', *, *, #6703, .F. ) ;
#1780 = ADVANCED_FACE ( 'NONE', ( #1738 ), #5517, .F. ) ;
#1781 = ORIENTED_EDGE ( 'NONE', *, *, #3754, .F. ) ;
#1782 = CARTESIAN_POINT ( 'NONE',  ( 718.7917400848953093, 919.4506485289006150, 1322.044098589542727 ) ) ;
#1783 = CARTESIAN_POINT ( 'NONE',  ( 718.7917400848953093, 919.4506485289006150, 1322.044098589542727 ) ) ;
#1784 = CARTESIAN_POINT ( 'NONE',  ( 711.7605344873280728, 912.0001958129511195, 1308.867624325085671 ) ) ;
#1785 = CARTESIAN_POINT ( 'NONE',  ( 721.5778439350282270, 905.6958455675497817, 1316.228900003362014 ) ) ;
#1786 = CARTESIAN_POINT ( 'NONE',  ( 726.9629965493468262, 908.1695001358380068, 1312.841688755429459 ) ) ;
#1787 = CARTESIAN_POINT ( 'NONE',  ( 717.5880131836668170, 915.9074117850530001, 1307.340770416511532 ) ) ;
#1788 = ORIENTED_EDGE ( 'NONE', *, *, #806, .F. ) ;
#1789 = EDGE_CURVE ( 'NONE', #1208, #2692, #6005, .T. ) ;
#1790 = ORIENTED_EDGE ( 'NONE', *, *, #1627, .T. ) ;
#1791 = CARTESIAN_POINT ( 'NONE',  ( 714.5024725147670779, 904.6783132272041712, 1315.607170258810129 ) ) ;
#1792 = CARTESIAN_POINT ( 'NONE',  ( 712.9472282892135127, 910.2550775792334434, 1311.458846793422481 ) ) ;
#1793 = DIRECTION ( 'NONE',  ( -0.9670592738890173568, -0.2314397642216914908, 0.1059811130449862665 ) ) ;
#1794 = CARTESIAN_POINT ( 'NONE',  ( 719.6705825447760390, 904.0325980004839721, 1315.706932338380284 ) ) ;
#1795 = ORIENTED_EDGE ( 'NONE', *, *, #4740, .F. ) ;
#1796 = CARTESIAN_POINT ( 'NONE',  ( 718.7917400848953093, 919.4506485289006150, 1322.044098589542727 ) ) ;
#1797 = EDGE_CURVE ( 'NONE', #5872, #949, #178, .T. ) ;
#1798 = CARTESIAN_POINT ( 'NONE',  ( 719.4281464777913015, 915.5244952494565496, 1305.832004128300468 ) ) ;
#1799 = CARTESIAN_POINT ( 'NONE',  ( -23.24538222569418977, 736.1765910973490463, 1395.539921814816125 ) ) ;
#1800 = CARTESIAN_POINT ( 'NONE',  ( 727.8352450336127504, 909.4863226220710430, 1312.205621671403605 ) ) ;
#1801 = EDGE_LOOP ( 'NONE', ( #4706, #6820, #5568, #4444 ) ) ;
#1802 = CARTESIAN_POINT ( 'NONE',  ( 719.7353845055382635, 911.0484602219646604, 1312.306133372769409 ) ) ;
#1803 = VERTEX_POINT ( 'NONE', #5482 ) ;
#1804 = FACE_OUTER_BOUND ( 'NONE', #3685, .T. ) ;
#1805 = DIRECTION ( 'NONE',  ( 0.07317157541021193645, -0.6515180314347919222, -0.7550961364404674692 ) ) ;
#1806 = B_SPLINE_SURFACE_WITH_KNOTS ( 'NONE', 3, 1, ( 
 ( #53, #1655 ),
 ( #4832, #4322 ),
 ( #3320, #1204 ),
 ( #1762, #6398 ),
 ( #127, #6432 ),
 ( #6501, #200 ),
 ( #3808, #5918 ),
 ( #2770, #2317 ) ),
 .UNSPECIFIED., .F., .F., .F.,
 ( 4, 1, 1, 1, 1, 4 ),
 ( 2, 2 ),
 ( 0.000000000000000000, 0.3581071372195973046, 0.4566366301078926271, 0.6536956158844833276, 0.7882359431063625799, 1.000000000000000000 ),
 ( 0.000000000000000000, 1.000000000000000000 ),
 .UNSPECIFIED. ) ;
#1807 = CARTESIAN_POINT ( 'NONE',  ( 726.7383384694331880, 907.2731744670768421, 1313.884754827427514 ) ) ;
#1808 = VERTEX_POINT ( 'NONE', #733 ) ;
#1809 = B_SPLINE_CURVE_WITH_KNOTS ( 'NONE', 3,
 ( #1099, #209, #4842, #3255, #2778, #4952, #658 ),
 .UNSPECIFIED., .F., .F.,
 ( 4, 3, 4 ),
 ( 0.000000000000000000, 0.0002173289232322747589, 0.0003952279166602060221 ),
 .UNSPECIFIED. ) ;
#1810 = EDGE_LOOP ( 'NONE', ( #799, #6420, #5686, #4007 ) ) ;
#1811 = CONICAL_SURFACE ( 'NONE', #2700, 8.788285345454690756, 0.5551083433337287154 ) ;
#1812 = LINE ( 'NONE', #741, #4247 ) ;
#1813 = CARTESIAN_POINT ( 'NONE',  ( 726.5911588805894326, 912.2624476620894711, 1311.183268195849223 ) ) ;
#1814 = CARTESIAN_POINT ( 'NONE',  ( 718.7917400848953093, 919.4506485289006150, 1322.044098589542727 ) ) ;
#1815 = ADVANCED_FACE ( 'NONE', ( #4961 ), #3958, .T. ) ;
#1816 = CARTESIAN_POINT ( 'NONE',  ( 718.7917400848950820, 919.4506485289003876, 1322.044098589542955 ) ) ;
#1817 = CARTESIAN_POINT ( 'NONE',  ( 631.3973561617664245, 1175.459442158860611, 1074.654346886313533 ) ) ;
#1818 = CARTESIAN_POINT ( 'NONE',  ( 712.4504012875870558, 908.0150118298450934, 1311.672063975197261 ) ) ;
#1819 = CARTESIAN_POINT ( 'NONE',  ( 714.6547138308633293, 914.1222628256120970, 1308.446038843550923 ) ) ;
#1820 = ORIENTED_EDGE ( 'NONE', *, *, #6446, .T. ) ;
#1821 = ORIENTED_EDGE ( 'NONE', *, *, #2123, .T. ) ;
#1822 = B_SPLINE_CURVE_WITH_KNOTS ( 'NONE', 1,
 ( #1086, #2690 ),
 .UNSPECIFIED., .F., .F.,
 ( 2, 2 ),
 ( 0.000000000000000000, 0.001500000000000139893 ),
 .UNSPECIFIED. ) ;
#1823 = CARTESIAN_POINT ( 'NONE',  ( 720.1194360063174145, 905.3516667214131530, 1316.585491646596438 ) ) ;
#1824 = DIRECTION ( 'NONE',  ( -0.07317157541021640510, 0.6515180314347921442, 0.7550961364404670251 ) ) ;
#1825 = CARTESIAN_POINT ( 'NONE',  ( 723.5281777014972704, 916.5571515667581934, 1307.920616181542982 ) ) ;
#1826 = EDGE_CURVE ( 'NONE', #5981, #2802, #4304, .T. ) ;
#1827 = B_SPLINE_CURVE_WITH_KNOTS ( 'NONE', 3,
 ( #5790, #423, #5210, #524 ),
 .UNSPECIFIED., .F., .F.,
 ( 4, 4 ),
 ( 0.000000000000000000, 0.0008686782177528523229 ),
 .UNSPECIFIED. ) ;
#1828 = CARTESIAN_POINT ( 'NONE',  ( 720.1999277102324868, 906.9121781678747993, 1307.512266668277789 ) ) ;
#1829 = CARTESIAN_POINT ( 'NONE',  ( 720.1183209222732557, 905.3844932531573022, 1316.490517660681689 ) ) ;
#1830 = ORIENTED_EDGE ( 'NONE', *, *, #1389, .F. ) ;
#1831 = CARTESIAN_POINT ( 'NONE',  ( 715.8511803078978346, 914.4259046817228409, 1306.396440778047008 ) ) ;
#1832 = CARTESIAN_POINT ( 'NONE',  ( 719.7878917439194311, 910.5809369741142518, 1311.764283445192859 ) ) ;
#1833 = PERSON_AND_ORGANIZATION ( #902, #2259 ) ;
#1834 = EDGE_CURVE ( 'NONE', #4891, #6021, #5552, .T. ) ;
#1835 = CARTESIAN_POINT ( 'NONE',  ( 718.7917400848953093, 919.4506485289006150, 1322.044098589542727 ) ) ;
#1836 = VECTOR ( 'NONE', #1383, 1000.000000000000000 ) ;
#1837 = EDGE_LOOP ( 'NONE', ( #4923, #2035, #2370, #2582 ) ) ;
#1838 = CARTESIAN_POINT ( 'NONE',  ( 724.6298784155561634, 904.9657143857734809, 1316.212967034083931 ) ) ;
#1839 = ORIENTED_EDGE ( 'NONE', *, *, #756, .T. ) ;
#1840 = ADVANCED_FACE ( 'NONE', ( #4764 ), #4804, .F. ) ;
#1841 = CARTESIAN_POINT ( 'NONE',  ( 728.5719571400858285, 911.1020103924316800, 1311.428009455188885 ) ) ;
#1842 = CARTESIAN_POINT ( 'NONE',  ( 718.7917400848953093, 919.4506485289006150, 1322.044098589542727 ) ) ;
#1843 = CARTESIAN_POINT ( 'NONE',  ( 718.7917400848953093, 919.4506485289006150, 1322.044098589542727 ) ) ;
#1844 = VERTEX_POINT ( 'NONE', #5919 ) ;
#1845 = EDGE_LOOP ( 'NONE', ( #5502, #3920, #4217, #5435 ) ) ;
#1846 = AXIS2_PLACEMENT_3D ( 'NONE', #47, #2273, #4793 ) ;
#1847 = CARTESIAN_POINT ( 'NONE',  ( 723.0551416912570630, 904.7285437065460201, 1315.432259430676368 ) ) ;
#1848 = CARTESIAN_POINT ( 'NONE',  ( 719.7353845055382635, 911.0484602219646604, 1312.306133372769409 ) ) ;
#1849 = CARTESIAN_POINT ( 'NONE',  ( 724.6187422785907302, 907.1802633571601291, 1315.242846474179714 ) ) ;
#1850 = CARTESIAN_POINT ( 'NONE',  ( 716.5882185120216263, 904.4620644299965306, 1315.035516699587788 ) ) ;
#1851 = CARTESIAN_POINT ( 'NONE',  ( 721.1835158094843337, 916.2282029330833666, 1307.412400201971877 ) ) ;
#1852 = CARTESIAN_POINT ( 'NONE',  ( 719.8286610700904475, 910.2179278277214962, 1311.343563233765735 ) ) ;
#1853 = CARTESIAN_POINT ( 'NONE',  ( 714.1971543786138454, 907.3594047760871035, 1314.078512300430930 ) ) ;
#1854 = VERTEX_POINT ( 'NONE', #2210 ) ;
#1855 = AXIS2_PLACEMENT_3D ( 'NONE', #1338, #6541, #5994 ) ;
#1856 = VERTEX_POINT ( 'NONE', #6433 ) ;
#1857 = ADVANCED_FACE ( 'NONE', ( #1164 ), #3771, .F. ) ;
#1858 = CARTESIAN_POINT ( 'NONE',  ( 724.7010159338061612, 907.2487666029006732, 1315.191836580757581 ) ) ;
#1859 = CARTESIAN_POINT ( 'NONE',  ( 712.5988145138582013, 907.9985247421917620, 1311.597572163704626 ) ) ;
#1860 = CARTESIAN_POINT ( 'NONE',  ( 723.1935651139956462, 916.2355830818534059, 1307.889673606190172 ) ) ;
#1861 = AXIS2_PLACEMENT_3D ( 'NONE', #5753, #3506, #5591 ) ;
#1862 = CARTESIAN_POINT ( 'NONE',  ( 719.3826336907684436, 904.0254841125240546, 1315.675587927662264 ) ) ;
#1863 = CARTESIAN_POINT ( 'NONE',  ( 720.0462069719721967, 916.8801415283197684, 1305.616300213677505 ) ) ;
#1864 = ORIENTED_EDGE ( 'NONE', *, *, #1620, .T. ) ;
#1865 = B_SPLINE_CURVE_WITH_KNOTS ( 'NONE', 1,
 ( #446, #1556 ),
 .UNSPECIFIED., .F., .F.,
 ( 2, 2 ),
 ( 0.000000000000000000, 0.001500000000000204729 ),
 .UNSPECIFIED. ) ;
#1866 = CARTESIAN_POINT ( 'NONE',  ( 712.4316553697872223, 912.1628521395570033, 1310.360871200286056 ) ) ;
#1867 = VECTOR ( 'NONE', #6542, 999.9999999999998863 ) ;
#1868 = ADVANCED_FACE ( 'NONE', ( #5808 ), #1054, .F. ) ;
#1869 = CARTESIAN_POINT ( 'NONE',  ( 718.5109717459840795, 909.2041875995071223, 1317.701135054948963 ) ) ;
#1870 = DIRECTION ( 'NONE',  ( 0.000000000000000000, 0.000000000000000000, 1.000000000000000000 ) ) ;
#1871 = CARTESIAN_POINT ( 'NONE',  ( 719.3999898529667689, 916.3501626701594205, 1307.207006749936909 ) ) ;
#1872 = AXIS2_PLACEMENT_3D ( 'NONE', #5852, #2809, #5814 ) ;
#1873 = EDGE_LOOP ( 'NONE', ( #3201, #2439, #4122, #2567 ) ) ;
#1874 = DIRECTION ( 'NONE',  ( 0.2438078779228311233, -0.7224679164172901347, 0.6469913665656020774 ) ) ;
#1875 = ORIENTED_EDGE ( 'NONE', *, *, #4653, .F. ) ;
#1876 = EDGE_CURVE ( 'NONE', #1124, #6302, #5886, .T. ) ;
#1877 = FACE_BOUND ( 'NONE', #4046, .T. ) ;
#1878 = DIRECTION ( 'NONE',  ( 0.07317157541021195033, -0.6515180314347920332, -0.7550961364404675802 ) ) ;
#1879 = CARTESIAN_POINT ( 'NONE',  ( 725.1553367741743159, 914.0861699404757701, 1309.336159267685161 ) ) ;
#1880 = ORIENTED_EDGE ( 'NONE', *, *, #4112, .T. ) ;
#1881 = EDGE_CURVE ( 'NONE', #3724, #6718, #5540, .T. ) ;
#1882 = ORIENTED_EDGE ( 'NONE', *, *, #6202, .T. ) ;
#1883 = B_SPLINE_CURVE_WITH_KNOTS ( 'NONE', 3,
 ( #3222, #2144, #2641, #589, #2673, #5786, #3124, #4261 ),
 .UNSPECIFIED., .F., .F.,
 ( 4, 2, 2, 4 ),
 ( 0.000000000000000000, 0.0003785376244289079652, 0.0007570752488578159304, 0.001514150497715352787 ),
 .UNSPECIFIED. ) ;
#1884 = CARTESIAN_POINT ( 'NONE',  ( 722.0396553134519309, 912.7441282821247341, 1318.277889886915546 ) ) ;
#1885 = CARTESIAN_POINT ( 'NONE',  ( 718.7917400848953093, 919.4506485289006150, 1322.044098589542727 ) ) ;
#1886 = FACE_OUTER_BOUND ( 'NONE', #3082, .T. ) ;
#1887 = CARTESIAN_POINT ( 'NONE',  ( 721.6392448417179821, 916.0881393233381687, 1318.642954711740231 ) ) ;
#1888 = CARTESIAN_POINT ( 'NONE',  ( 726.0599385334086264, 913.4671976940775266, 1308.267830739900774 ) ) ;
#1889 = CARTESIAN_POINT ( 'NONE',  ( 717.5896114098723046, 916.0202221094601782, 1307.316256390937497 ) ) ;
#1890 = PLANE ( 'NONE',  #3529 ) ;
#1891 = ORIENTED_EDGE ( 'NONE', *, *, #459, .F. ) ;
#1892 = ORIENTED_EDGE ( 'NONE', *, *, #5609, .T. ) ;
#1893 = CARTESIAN_POINT ( 'NONE',  ( 718.0630922618198611, 905.5133404315965890, 1316.045765708560566 ) ) ;
#1894 = CARTESIAN_POINT ( 'NONE',  ( 716.6601976537406244, 903.8622182814697226, 1316.520411218405570 ) ) ;
#1895 = FACE_OUTER_BOUND ( 'NONE', #4310, .T. ) ;
#1896 = CARTESIAN_POINT ( 'NONE',  ( 721.8266518328478014, 904.3260664418226042, 1315.660180092962037 ) ) ;
#1897 = CARTESIAN_POINT ( 'NONE',  ( 714.7868361768397563, 905.0877836359518369, 1314.563072689176579 ) ) ;
#1898 = ORIENTED_EDGE ( 'NONE', *, *, #2457, .T. ) ;
#1899 = B_SPLINE_CURVE_WITH_KNOTS ( 'NONE', 3,
 ( #4141, #2481, #2619, #3688, #911, #1505, #4587, #3033 ),
 .UNSPECIFIED., .F., .F.,
 ( 4, 2, 2, 4 ),
 ( 0.000000000000000000, 0.0006957517735685411330, 0.001043627660352838913, 0.001391503547137136693 ),
 .UNSPECIFIED. ) ;
#1900 = CARTESIAN_POINT ( 'NONE',  ( 714.5700276098706354, 904.8473227574899056, 1315.208750982402762 ) ) ;
#1901 = DIRECTION ( 'NONE',  ( -0.1320081468783697587, -0.8979332154422489110, -0.4198687768378147056 ) ) ;
#1902 = SECURITY_CLASSIFICATION_LEVEL ( 'unclassified' ) ;
#1903 = DIRECTION ( 'NONE',  ( 0.2438078779228274595, -0.7224679164172919110, 0.6469913665656017443 ) ) ;
#1904 = EDGE_CURVE ( 'NONE', #3384, #4480, #2740, .T. ) ;
#1905 = ORIENTED_EDGE ( 'NONE', *, *, #2644, .F. ) ;
#1906 = CARTESIAN_POINT ( 'NONE',  ( 718.7917400848950820, 919.4506485289003876, 1322.044098589542955 ) ) ;
#1907 = ORIENTED_EDGE ( 'NONE', *, *, #6431, .F. ) ;
#1908 = CARTESIAN_POINT ( 'NONE',  ( 720.2577851408377683, 916.4620729587094274, 1305.697271136372592 ) ) ;
#1909 = EDGE_CURVE ( 'NONE', #1197, #57, #2057, .T. ) ;
#1910 = DIRECTION ( 'NONE',  ( 0.02804525127377041280, 0.9253552764873865799, 0.3780622649219878562 ) ) ;
#1911 = CARTESIAN_POINT ( 'NONE',  ( 718.7917400848953093, 919.4506485289006150, 1322.044098589542727 ) ) ;
#1912 = ORIENTED_EDGE ( 'NONE', *, *, #1479, .F. ) ;
#1913 = ORIENTED_EDGE ( 'NONE', *, *, #969, .T. ) ;
#1914 = CARTESIAN_POINT ( 'NONE',  ( 721.4930106267205474, 916.5720953226750680, 1311.639255117320090 ) ) ;
#1915 = DIRECTION ( 'NONE',  ( 0.5266640169568872487, -0.5602281960334247746, -0.6393507500675744692 ) ) ;
#1916 = CARTESIAN_POINT ( 'NONE',  ( 724.3413825496220397, 906.9685286530915391, 1315.398583780506215 ) ) ;
#1917 = EDGE_CURVE ( 'NONE', #2836, #2651, #3879, .T. ) ;
#1918 = CARTESIAN_POINT ( 'NONE',  ( 718.7917400848953093, 919.4506485289006150, 1322.044098589542727 ) ) ;
#1919 = CARTESIAN_POINT ( 'NONE',  ( 718.7917400848953093, 919.4506485289006150, 1322.044098589542727 ) ) ;
#1920 = FACE_OUTER_BOUND ( 'NONE', #4702, .T. ) ;
#1921 = FACE_OUTER_BOUND ( 'NONE', #3318, .T. ) ;
#1922 = ORIENTED_EDGE ( 'NONE', *, *, #2754, .T. ) ;
#1923 = ORIENTED_EDGE ( 'NONE', *, *, #6141, .F. ) ;
#1924 = VECTOR ( 'NONE', #2302, 1000.000000000000227 ) ;
#1925 = CARTESIAN_POINT ( 'NONE',  ( 717.9931723341786665, 905.5237977703952765, 1316.029959668350557 ) ) ;
#1926 = DIRECTION ( 'NONE',  ( -0.07317157541021195033, 0.6515180314347920332, 0.7550961364404676912 ) ) ;
#1927 = CARTESIAN_POINT ( 'NONE',  ( 727.0574053779317865, 913.4010656128863275, 1308.880865730138339 ) ) ;
#1928 = CARTESIAN_POINT ( 'NONE',  ( 715.8630900328673761, 915.5169114452733083, 1315.286923397666897 ) ) ;
#1929 = FACE_OUTER_BOUND ( 'NONE', #3876, .T. ) ;
#1930 = PRODUCT_DEFINITION_FORMATION_WITH_SPECIFIED_SOURCE ( 'ANY', '', #1133, .NOT_KNOWN. ) ;
#1931 = CARTESIAN_POINT ( 'NONE',  ( 718.7917400848953093, 919.4506485289006150, 1322.044098589542727 ) ) ;
#1932 = ORIENTED_EDGE ( 'NONE', *, *, #6802, .F. ) ;
#1933 = DIRECTION ( 'NONE',  ( -0.07317157541021640510, 0.6515180314347921442, 0.7550961364404670251 ) ) ;
#1934 = FACE_OUTER_BOUND ( 'NONE', #1088, .T. ) ;
#1935 = CARTESIAN_POINT ( 'NONE',  ( 719.3795600606616745, 915.7799320291653657, 1307.315240307711520 ) ) ;
#1936 = ORIENTED_EDGE ( 'NONE', *, *, #3472, .T. ) ;
#1937 = CARTESIAN_POINT ( 'NONE',  ( 711.7714695037473120, 911.0039743127342717, 1311.572784586592206 ) ) ;
#1938 = VECTOR ( 'NONE', #4900, 1000.000000000000114 ) ;
#1939 = VERTEX_POINT ( 'NONE', #721 ) ;
#1940 = EDGE_CURVE ( 'NONE', #644, #4891, #2732, .T. ) ;
#1941 = CARTESIAN_POINT ( 'NONE',  ( 713.5565872932410230, 912.4630415993722181, 1309.612685218068464 ) ) ;
#1942 = CARTESIAN_POINT ( 'NONE',  ( 718.7917400848953093, 919.4506485289006150, 1322.044098589542727 ) ) ;
#1943 = VERTEX_POINT ( 'NONE', #201 ) ;
#1944 = ORIENTED_EDGE ( 'NONE', *, *, #5583, .T. ) ;
#1945 = EDGE_CURVE ( 'NONE', #6358, #4555, #958, .T. ) ;
#1946 = CARTESIAN_POINT ( 'NONE',  ( 718.7917400848953093, 919.4506485289006150, 1322.044098589542727 ) ) ;
#1947 = CARTESIAN_POINT ( 'NONE',  ( 718.7917400848953093, 919.4506485289006150, 1322.044098589542727 ) ) ;
#1948 = CARTESIAN_POINT ( 'NONE',  ( 721.9777137035388250, 909.7847839034941444, 1317.542506434840561 ) ) ;
#1949 = CARTESIAN_POINT ( 'NONE',  ( 713.1559011482698907, 909.0287042630051246, 1312.537292846782066 ) ) ;
#1950 = CARTESIAN_POINT ( 'NONE',  ( 718.7917400848953093, 919.4506485289006150, 1322.044098589542727 ) ) ;
#1951 = CARTESIAN_POINT ( 'NONE',  ( 726.5159072640153681, 911.8437873264929294, 1311.402780367542391 ) ) ;
#1952 = ORIENTED_EDGE ( 'NONE', *, *, #4812, .F. ) ;
#1953 = ORIENTED_EDGE ( 'NONE', *, *, #400, .F. ) ;
#1954 = EDGE_CURVE ( 'NONE', #685, #5200, #4835, .T. ) ;
#1955 = CARTESIAN_POINT ( 'NONE',  ( 716.3773784703395222, 904.0126654752791637, 1316.235586839877215 ) ) ;
#1956 = DIRECTION ( 'NONE',  ( -0.5846730352513701545, 0.09997484515123768178, -0.8050853819235177511 ) ) ;
#1957 = CARTESIAN_POINT ( 'NONE',  ( 720.0732537342868227, 908.0400803481887806, 1308.819482336218925 ) ) ;
#1958 = DIRECTION ( 'NONE',  ( -0.07317157541021195033, 0.6515180314347920332, 0.7550961364404676912 ) ) ;
#1959 = CARTESIAN_POINT ( 'NONE',  ( 718.7917400848953093, 919.4506485289006150, 1322.044098589542727 ) ) ;
#1960 = AXIS2_PLACEMENT_3D ( 'NONE', #6077, #1222, #2367 ) ;
#1961 = CARTESIAN_POINT ( 'NONE',  ( 712.8085128809753996, 909.7575832376321614, 1312.008946394468467 ) ) ;
#1962 = ORIENTED_EDGE ( 'NONE', *, *, #2408, .T. ) ;
#1963 = CARTESIAN_POINT ( 'NONE',  ( 724.6913975449382406, 914.3567127192136468, 1307.283365527083106 ) ) ;
#1964 = AXIS2_PLACEMENT_3D ( 'NONE', #439, #3557, #4117 ) ;
#1965 = VECTOR ( 'NONE', #1763, 1000.000000000000114 ) ;
#1966 = CARTESIAN_POINT ( 'NONE',  ( 724.2085596893607544, 915.3282032861668540, 1306.828378593052548 ) ) ;
#1967 = MECHANICAL_CONTEXT ( 'NONE', #440, 'mechanical' ) ;
#1968 = CARTESIAN_POINT ( 'NONE',  ( 724.2504006557627463, 915.7143759187505339, 1306.729304056699220 ) ) ;
#1969 = VERTEX_POINT ( 'NONE', #3944 ) ;
#1970 = CARTESIAN_POINT ( 'NONE',  ( 716.3039769307971483, 915.4934586585450234, 1306.033444064377136 ) ) ;
#1971 = VECTOR ( 'NONE', #4482, 999.9999999999998863 ) ;
#1972 = ORIENTED_EDGE ( 'NONE', *, *, #4374, .F. ) ;
#1973 = VECTOR ( 'NONE', #2065, 1000.000000000000114 ) ;
#1974 = CARTESIAN_POINT ( 'NONE',  ( 711.6842940478671835, 908.2762124547055009, 1311.924521079166198 ) ) ;
#1975 = CARTESIAN_POINT ( 'NONE',  ( 713.7032300162087495, 912.6987498470925857, 1309.423547532393059 ) ) ;
#1976 = CARTESIAN_POINT ( 'NONE',  ( 715.7981593195448795, 915.9333170546575502, 1306.021595464546635 ) ) ;
#1977 = EDGE_CURVE ( 'NONE', #4916, #3384, #2878, .T. ) ;
#1978 = ORIENTED_EDGE ( 'NONE', *, *, #2577, .T. ) ;
#1979 = CIRCLE ( 'NONE', #6520, 7.997732278218547819 ) ;
#1980 = VERTEX_POINT ( 'NONE', #1859 ) ;
#1981 = B_SPLINE_CURVE_WITH_KNOTS ( 'NONE', 3,
 ( #2903, #1888, #4582, #296, #1363, #782, #4451, #264 ),
 .UNSPECIFIED., .F., .F.,
 ( 4, 2, 2, 4 ),
 ( 0.000000000000000000, 0.0003785376244288747344, 0.0007570752488577494688, 0.001514150497715585023 ),
 .UNSPECIFIED. ) ;
#1982 = CARTESIAN_POINT ( 'NONE',  ( 726.3807283785373556, 909.5736531196929491, 1313.348629850190036 ) ) ;
#1983 = CARTESIAN_POINT ( 'NONE',  ( 724.3617192964650258, 906.6894503890531496, 1316.023348784430937 ) ) ;
#1984 = CARTESIAN_POINT ( 'NONE',  ( 718.7917400848953093, 919.4506485289006150, 1322.044098589542727 ) ) ;
#1985 = CARTESIAN_POINT ( 'NONE',  ( 716.0993406234510985, 906.0702411810025296, 1315.375167447602962 ) ) ;
#1986 = EDGE_CURVE ( 'NONE', #4638, #1245, #3223, .T. ) ;
#1987 = CARTESIAN_POINT ( 'NONE',  ( 717.6968576098909125, 916.8049460444329952, 1307.141735957242417 ) ) ;
#1988 = EDGE_LOOP ( 'NONE', ( #1040, #4124, #2434, #2881 ) ) ;
#1989 = VERTEX_POINT ( 'NONE', #2318 ) ;
#1990 = CARTESIAN_POINT ( 'NONE',  ( 721.9101535669120722, 916.9785619304840338, 1307.400219100142522 ) ) ;
#1991 = LINE ( 'NONE', #3618, #754 ) ;
#1992 = CARTESIAN_POINT ( 'NONE',  ( 725.0592093562095215, 914.6899283085842853, 1309.071026829258471 ) ) ;
#1993 = DIRECTION ( 'NONE',  ( -0.6724484635314971204, 0.5269057370949821184, -0.5197916968464603160 ) ) ;
#1994 = LINE ( 'NONE', #6225, #1499 ) ;
#1995 = CARTESIAN_POINT ( 'NONE',  ( 712.3899323913634589, 909.7764461413670460, 1312.271541591451296 ) ) ;
#1996 = EDGE_CURVE ( 'NONE', #6069, #1124, #2841, .T. ) ;
#1997 = ORIENTED_EDGE ( 'NONE', *, *, #2419, .T. ) ;
#1998 = CARTESIAN_POINT ( 'NONE',  ( 727.4507251578231717, 911.6098601672263158, 1310.141497112761499 ) ) ;
#1999 = CARTESIAN_POINT ( 'NONE',  ( 718.7917400848953093, 919.4506485289006150, 1322.044098589542727 ) ) ;
#2000 = DIRECTION ( 'NONE',  ( -0.2344507560453151784, 0.7246708303823993225, -0.6479853629385960989 ) ) ;
#2001 = LINE ( 'NONE', #5231, #6285 ) ;
#2002 = ORIENTED_EDGE ( 'NONE', *, *, #1346, .T. ) ;
#2003 = EDGE_CURVE ( 'NONE', #1424, #3678, #3973, .T. ) ;
#2004 = CARTESIAN_POINT ( 'NONE',  ( 718.7917400848953093, 919.4506485289006150, 1322.044098589542727 ) ) ;
#2005 = ORIENTED_EDGE ( 'NONE', *, *, #469, .F. ) ;
#2006 = CARTESIAN_POINT ( 'NONE',  ( 723.9121541369718216, 905.0240717801676738, 1315.400253183318000 ) ) ;
#2007 = CARTESIAN_POINT ( 'NONE',  ( 718.7917400848953093, 919.4506485289006150, 1322.044098589542727 ) ) ;
#2008 = EDGE_CURVE ( 'NONE', #6185, #4479, #4403, .T. ) ;
#2009 = CARTESIAN_POINT ( 'NONE',  ( 718.7917400848953093, 919.4506485289006150, 1322.044098589542727 ) ) ;
#2010 = B_SPLINE_CURVE_WITH_KNOTS ( 'NONE', 1,
 ( #4496, #205 ),
 .UNSPECIFIED., .F., .F.,
 ( 2, 2 ),
 ( 0.000000000000000000, 0.001499999999999944737 ),
 .UNSPECIFIED. ) ;
#2011 = CARTESIAN_POINT ( 'NONE',  ( 716.6912744524877326, 914.9921636642795875, 1306.107320072308994 ) ) ;
#2012 = ORIENTED_EDGE ( 'NONE', *, *, #1741, .T. ) ;
#2013 = ORIENTED_EDGE ( 'NONE', *, *, #2063, .F. ) ;
#2014 = CARTESIAN_POINT ( 'NONE',  ( 721.4510656182533239, 917.0871992737344272, 1317.765895693285302 ) ) ;
#2015 = LINE ( 'NONE', #901, #3595 ) ;
#2016 = CARTESIAN_POINT ( 'NONE',  ( 725.2851310285592490, 906.0426453116285757, 1314.514509988655391 ) ) ;
#2017 = CARTESIAN_POINT ( 'NONE',  ( 727.3035659014886960, 913.3233007365009826, 1311.076721893453623 ) ) ;
#2018 = CARTESIAN_POINT ( 'NONE',  ( 712.9705470034158452, 913.9323640147222250, 1309.162283173085143 ) ) ;
#2019 = CARTESIAN_POINT ( 'NONE',  ( 719.7353845055382635, 911.0484602219646604, 1312.306133372769409 ) ) ;
#2020 = EDGE_LOOP ( 'NONE', ( #2609, #5931 ) ) ;
#2021 = ORIENTED_EDGE ( 'NONE', *, *, #1020, .T. ) ;
#2022 = EDGE_CURVE ( 'NONE', #575, #869, #4178, .T. ) ;
#2023 = DIRECTION ( 'NONE',  ( 0.07317157541021193645, -0.6515180314347919222, -0.7550961364404674692 ) ) ;
#2024 = CARTESIAN_POINT ( 'NONE',  ( 714.8883149744131060, 906.0071634549718738, 1316.186206240848605 ) ) ;
#2025 = CARTESIAN_POINT ( 'NONE',  ( 712.1394622313562195, 909.4746852486192665, 1310.448687434084377 ) ) ;
#2026 = LINE ( 'NONE', #3620, #1078 ) ;
#2027 = LINE ( 'NONE', #2589, #5374 ) ;
#2028 = DIRECTION ( 'NONE',  ( 0.06407288559673279815, -0.3206384871028079564, 0.9450320766618085511 ) ) ;
#2029 = ORIENTED_EDGE ( 'NONE', *, *, #4466, .F. ) ;
#2030 = CARTESIAN_POINT ( 'NONE',  ( 718.7917400848953093, 919.4506485289006150, 1322.044098589542727 ) ) ;
#2031 = EDGE_CURVE ( 'NONE', #2791, #6429, #3386, .T. ) ;
#2032 = CARTESIAN_POINT ( 'NONE',  ( 718.7917400848953093, 919.4506485289006150, 1322.044098589542727 ) ) ;
#2033 = CARTESIAN_POINT ( 'NONE',  ( 722.3257552749464594, 916.3229964436523005, 1306.058777642240102 ) ) ;
#2034 = CARTESIAN_POINT ( 'NONE',  ( 718.7917400848953093, 919.4506485289006150, 1322.044098589542727 ) ) ;
#2035 = ORIENTED_EDGE ( 'NONE', *, *, #4787, .F. ) ;
#2036 = CARTESIAN_POINT ( 'NONE',  ( 718.7917400848953093, 919.4506485289006150, 1322.044098589542727 ) ) ;
#2037 = ORIENTED_EDGE ( 'NONE', *, *, #5054, .T. ) ;
#2038 = ADVANCED_FACE ( 'NONE', ( #4912 ), #2635, .T. ) ;
#2039 = CARTESIAN_POINT ( 'NONE',  ( 717.9441288322354922, 916.8632276480301471, 1307.115410447426257 ) ) ;
#2040 = CARTESIAN_POINT ( 'NONE',  ( 717.8603448729451202, 916.6074684599946067, 1305.639752124540792 ) ) ;
#2041 = CARTESIAN_POINT ( 'NONE',  ( 712.4874875826791367, 908.0144355209413334, 1311.657406100128128 ) ) ;
#2042 = CARTESIAN_POINT ( 'NONE',  ( 720.0732537342868227, 908.0400803481887806, 1308.819482336218925 ) ) ;
#2043 = CARTESIAN_POINT ( 'NONE',  ( 724.7079531392431591, 905.5439255814058015, 1314.955150892737947 ) ) ;
#2044 = ORIENTED_EDGE ( 'NONE', *, *, #4566, .T. ) ;
#2045 = B_SPLINE_CURVE_WITH_KNOTS ( 'NONE', 1,
 ( #2653, #3309 ),
 .UNSPECIFIED., .F., .F.,
 ( 2, 2 ),
 ( 0.000000000000000000, 0.001500000000000014776 ),
 .UNSPECIFIED. ) ;
#2046 = CARTESIAN_POINT ( 'NONE',  ( 726.2077512402977391, 909.1518113762971325, 1313.695678897065136 ) ) ;
#2047 = CARTESIAN_POINT ( 'NONE',  ( 724.6487405021185850, 905.5664458134302777, 1314.863719644903540 ) ) ;
#2048 = B_SPLINE_CURVE_WITH_KNOTS ( 'NONE', 1,
 ( #1153, #6455 ),
 .UNSPECIFIED., .F., .F.,
 ( 2, 2 ),
 ( 0.000000000000000000, 0.001500000000000164179 ),
 .UNSPECIFIED. ) ;
#2049 = CARTESIAN_POINT ( 'NONE',  ( 721.0894085247964540, 915.7754141496116063, 1307.484829025818726 ) ) ;
#2050 = CARTESIAN_POINT ( 'NONE',  ( 713.8051296190953963, 912.8489389963934855, 1309.304000256233621 ) ) ;
#2051 = CARTESIAN_POINT ( 'NONE',  ( 718.7917400848953093, 919.4506485289006150, 1322.044098589542727 ) ) ;
#2052 = EDGE_LOOP ( 'NONE', ( #4820, #5034, #2405, #249 ) ) ;
#2053 = VERTEX_POINT ( 'NONE', #464 ) ;
#2054 = CARTESIAN_POINT ( 'NONE',  ( 719.5457659030581681, 905.4204567760760938, 1316.269625110586503 ) ) ;
#2055 = DIRECTION ( 'NONE',  ( -0.5974681110319196575, -0.6348619345844436213, 0.4898797610798462654 ) ) ;
#2056 = CARTESIAN_POINT ( 'NONE',  ( 715.1590178652585337, 904.5810710905606129, 1315.449505666985488 ) ) ;
#2057 = B_SPLINE_CURVE_WITH_KNOTS ( 'NONE', 1,
 ( #3351, #162 ),
 .UNSPECIFIED., .F., .F.,
 ( 2, 2 ),
 ( 0.000000000000000000, 0.001499999999999780589 ),
 .UNSPECIFIED. ) ;
#2058 = DIRECTION ( 'NONE',  ( 0.1162306242541731038, -0.7463955445134947686, 0.6552740900691014225 ) ) ;
#2059 = CARTESIAN_POINT ( 'NONE',  ( 718.7917400848953093, 919.4506485289006150, 1322.044098589542727 ) ) ;
#2060 = DIRECTION ( 'NONE',  ( 0.000000000000000000, -0.7571257123220515028, 0.6532692061782998660 ) ) ;
#2061 = CARTESIAN_POINT ( 'NONE',  ( 717.4709658990436765, 904.1465459063807657, 1315.520953370976486 ) ) ;
#2062 = CARTESIAN_POINT ( 'NONE',  ( 718.0094892342195863, 914.6358634717130371, 1313.390584651173640 ) ) ;
#2063 = EDGE_CURVE ( 'NONE', #6150, #6658, #1991, .T. ) ;
#2064 = CARTESIAN_POINT ( 'NONE',  ( 716.0993406234510985, 906.0702411810025296, 1315.375167447602962 ) ) ;
#2065 = DIRECTION ( 'NONE',  ( -0.9670592738890179119, -0.2314397642216898809, 0.1059811130449848371 ) ) ;
#2066 = CARTESIAN_POINT ( 'NONE',  ( 718.7917400848953093, 919.4506485289006150, 1322.044098589542727 ) ) ;
#2067 = ORIENTED_EDGE ( 'NONE', *, *, #1741, .F. ) ;
#2068 = CARTESIAN_POINT ( 'NONE',  ( 718.7917400848953093, 919.4506485289006150, 1322.044098589542727 ) ) ;
#2069 = ADVANCED_FACE ( 'NONE', ( #4588 ), #2972, .F. ) ;
#2070 = ORIENTED_EDGE ( 'NONE', *, *, #4311, .T. ) ;
#2071 = VECTOR ( 'NONE', #1956, 999.9999999999998863 ) ;
#2072 = CARTESIAN_POINT ( 'NONE',  ( 715.1293678049795517, 906.3646485704510951, 1315.292072719387306 ) ) ;
#2073 = CARTESIAN_POINT ( 'NONE',  ( 713.3122173707588445, 912.1963788032823004, 1308.044677805328774 ) ) ;
#2074 = CARTESIAN_POINT ( 'NONE',  ( 712.4644390194652033, 910.9077442323630294, 1309.177493990666790 ) ) ;
#2075 = VECTOR ( 'NONE', #2423, 1000.000000000000114 ) ;
#2076 = CARTESIAN_POINT ( 'NONE',  ( 718.7917400848953093, 919.4506485289006150, 1322.044098589542727 ) ) ;
#2077 = CARTESIAN_POINT ( 'NONE',  ( 713.0305704032921312, 911.1062825906678881, 1310.732431243233123 ) ) ;
#2078 = EDGE_CURVE ( 'NONE', #4230, #1604, #2814, .T. ) ;
#2079 = VERTEX_POINT ( 'NONE', #2024 ) ;
#2080 = VECTOR ( 'NONE', #4332, 1000.000000000000114 ) ;
#2081 = CARTESIAN_POINT ( 'NONE',  ( 714.3726721844197982, 905.5855286819214598, 1313.856333288282258 ) ) ;
#2082 = CARTESIAN_POINT ( 'NONE',  ( 718.7917400848953093, 919.4506485289006150, 1322.044098589542727 ) ) ;
#2083 = FACE_OUTER_BOUND ( 'NONE', #4288, .T. ) ;
#2084 = VECTOR ( 'NONE', #1874, 1000.000000000000114 ) ;
#2085 = CARTESIAN_POINT ( 'NONE',  ( 718.7917400848953093, 919.4506485289006150, 1322.044098589542727 ) ) ;
#2086 = CARTESIAN_POINT ( 'NONE',  ( 711.8878896728122072, 906.9518289326164222, 1313.377692417538810 ) ) ;
#2087 = EDGE_CURVE ( 'NONE', #1202, #1969, #1237, .T. ) ;
#2088 = ORIENTED_EDGE ( 'NONE', *, *, #6151, .T. ) ;
#2089 = VERTEX_POINT ( 'NONE', #2585 ) ;
#2090 = CARTESIAN_POINT ( 'NONE',  ( 719.4952054422785750, 913.1870090998544356, 1314.784667990955313 ) ) ;
#2091 = CARTESIAN_POINT ( 'NONE',  ( 712.3951386394635392, 913.3868973003077372, 1307.888952391960402 ) ) ;
#2092 = CARTESIAN_POINT ( 'NONE',  ( 715.7692489847649995, 904.7159236833856539, 1314.821468893829660 ) ) ;
#2093 = CARTESIAN_POINT ( 'NONE',  ( 718.7917400848953093, 919.4506485289006150, 1322.044098589542727 ) ) ;
#2094 = CARTESIAN_POINT ( 'NONE',  ( 720.5989213940368927, 903.6731066419139324, 1316.908941377730571 ) ) ;
#2095 = PLANE ( 'NONE',  #3609 ) ;
#2096 = VERTEX_POINT ( 'NONE', #4142 ) ;
#2097 = B_SPLINE_CURVE_WITH_KNOTS ( 'NONE', 3,
 ( #4043, #1896, #755, #1274 ),
 .UNSPECIFIED., .F., .F.,
 ( 4, 4 ),
 ( 0.000000000000000000, 0.0008686782177528527566 ),
 .UNSPECIFIED. ) ;
#2098 = ORIENTED_EDGE ( 'NONE', *, *, #2604, .F. ) ;
#2099 = B_SPLINE_SURFACE_WITH_KNOTS ( 'NONE', 3, 1, ( 
 ( #1288, #6686 ),
 ( #417, #3646 ),
 ( #4097, #4025 ),
 ( #1911, #5135 ),
 ( #5722, #6171 ),
 ( #3054, #1385 ),
 ( #1457, #5205 ),
 ( #382, #897 ),
 ( #3500, #2043 ),
 ( #4059, #2990 ),
 ( #4128, #1530 ),
 ( #5170, #3569 ) ),
 .UNSPECIFIED., .F., .F., .F.,
 ( 4, 1, 1, 1, 2, 1, 1, 1, 4 ),
 ( 2, 2 ),
 ( 0.000000000000000000, 0.2143883571535014076, 0.4287767143070028153, 0.6431650714605041674, 0.8575534286140056306, 0.8931650714605041674, 0.9287767143070029263, 0.9643883571535014632, 1.000000000000000000 ),
 ( 0.000000000000000000, 1.000000000000000000 ),
 .UNSPECIFIED. ) ;
#2100 = CARTESIAN_POINT ( 'NONE',  ( 714.6967733673710654, 904.5380308157455147, 1315.732575930573375 ) ) ;
#2101 = CARTESIAN_POINT ( 'NONE',  ( 718.7917400848953093, 919.4506485289006150, 1322.044098589542727 ) ) ;
#2102 = DIRECTION ( 'NONE',  ( 0.1162306242541731038, -0.7463955445134947686, 0.6552740900691014225 ) ) ;
#2103 = B_SPLINE_CURVE_WITH_KNOTS ( 'NONE', 1,
 ( #2789, #6489 ),
 .UNSPECIFIED., .F., .F.,
 ( 2, 2 ),
 ( 0.000000000000000000, 0.001499999999999815717 ),
 .UNSPECIFIED. ) ;
#2104 = CARTESIAN_POINT ( 'NONE',  ( 720.9889975399767081, 903.6782714752720267, 1317.098602189467783 ) ) ;
#2105 = ORIENTED_EDGE ( 'NONE', *, *, #1789, .T. ) ;
#2106 = CARTESIAN_POINT ( 'NONE',  ( 727.5808287844610049, 910.3321758410680786, 1313.684415762581239 ) ) ;
#2107 = DIRECTION ( 'NONE',  ( -0.07317157541021640510, 0.6515180314347921442, 0.7550961364404670251 ) ) ;
#2108 = ADVANCED_FACE ( 'NONE', ( #5219 ), #6805, .F. ) ;
#2109 = CARTESIAN_POINT ( 'NONE',  ( 718.1390675286446594, 916.2741476222561232, 1305.695220424893478 ) ) ;
#2110 = CARTESIAN_POINT ( 'NONE',  ( 713.0139356949621288, 911.0166506748387292, 1310.808280200971467 ) ) ;
#2111 = CARTESIAN_POINT ( 'NONE',  ( 717.7411025970893661, 917.2205471336127403, 1314.072638982334411 ) ) ;
#2112 = CARTESIAN_POINT ( 'NONE',  ( 718.2664761054836617, 916.0797883111933970, 1305.717715810440723 ) ) ;
#2113 = ORIENTED_EDGE ( 'NONE', *, *, #1177, .T. ) ;
#2114 = EDGE_CURVE ( 'NONE', #2730, #2756, #433, .T. ) ;
#2115 = PLANE ( 'NONE',  #496 ) ;
#2116 = CARTESIAN_POINT ( 'NONE',  ( 720.6277146191872589, 909.3247678996236800, 1317.808601242864597 ) ) ;
#2117 = CARTESIAN_POINT ( 'NONE',  ( 712.9512963528978844, 913.4418983248534687, 1307.636250217322186 ) ) ;
#2118 = CARTESIAN_POINT ( 'NONE',  ( 726.0890660827210468, 913.4943755613452367, 1308.265952411132730 ) ) ;
#2119 = CARTESIAN_POINT ( 'NONE',  ( 718.7917400848953093, 919.4506485289006150, 1322.044098589542727 ) ) ;
#2120 = ORIENTED_EDGE ( 'NONE', *, *, #4187, .F. ) ;
#2121 = ORIENTED_EDGE ( 'NONE', *, *, #4688, .T. ) ;
#2122 = B_SPLINE_CURVE_WITH_KNOTS ( 'NONE', 3,
 ( #1276, #3356, #1900, #6508, #5509, #6128, #3393, #2389 ),
 .UNSPECIFIED., .F., .F.,
 ( 4, 2, 2, 4 ),
 ( 0.000000000000000000, 0.0006560729127572345436, 0.0009841093691358075799, 0.001312145825514380616 ),
 .UNSPECIFIED. ) ;
#2123 = EDGE_CURVE ( 'NONE', #1604, #1684, #3070, .T. ) ;
#2124 = CARTESIAN_POINT ( 'NONE',  ( 724.1051343675495673, 914.8472986141449610, 1308.577792133544335 ) ) ;
#2125 = CARTESIAN_POINT ( 'NONE',  ( 714.6270267326817702, 906.8008106652931701, 1314.760509226910926 ) ) ;
#2126 = CARTESIAN_POINT ( 'NONE',  ( 718.7917400848953093, 919.4506485289006150, 1322.044098589542727 ) ) ;
#2127 = CARTESIAN_POINT ( 'NONE',  ( 718.7917400848953093, 919.4506485289006150, 1322.044098589542727 ) ) ;
#2128 = CARTESIAN_POINT ( 'NONE',  ( 714.4229977606809143, 913.4008258821023674, 1307.105674408153845 ) ) ;
#2129 = CARTESIAN_POINT ( 'NONE',  ( 717.8085373688578557, 904.1604939916419426, 1315.413670648975994 ) ) ;
#2130 = CARTESIAN_POINT ( 'NONE',  ( 718.7917400848953093, 919.4506485289006150, 1322.044098589542727 ) ) ;
#2131 = VERTEX_POINT ( 'NONE', #6222 ) ;
#2132 = B_SPLINE_SURFACE_WITH_KNOTS ( 'NONE', 3, 1, ( 
 ( #3098, #6249 ),
 ( #6732, #2648 ),
 ( #4651, #1464 ),
 ( #1498, #457 ),
 ( #6831, #493 ),
 ( #5276, #3064 ),
 ( #4168, #2579 ),
 ( #1984, #6765 ) ),
 .UNSPECIFIED., .F., .F., .F.,
 ( 4, 1, 1, 1, 1, 4 ),
 ( 2, 2 ),
 ( 0.000000000000000000, 0.3581071372195973046, 0.4566366301078926271, 0.6536956158844833276, 0.7882359431063625799, 1.000000000000000000 ),
 ( 0.000000000000000000, 1.000000000000000000 ),
 .UNSPECIFIED. ) ;
#2133 = CARTESIAN_POINT ( 'NONE',  ( 715.8227686390621329, 904.7374695184813618, 1314.728582061653697 ) ) ;
#2134 = CARTESIAN_POINT ( 'NONE',  ( 720.9889975399767081, 903.6782714752720267, 1317.098602189467783 ) ) ;
#2135 = CARTESIAN_POINT ( 'NONE',  ( 723.7502974004120233, 916.4731414394447029, 1308.014626675890895 ) ) ;
#2136 = DIRECTION ( 'NONE',  ( -0.2187664664086867439, 0.2883809215350642274, -0.9321897217142248726 ) ) ;
#2137 = ORIENTED_EDGE ( 'NONE', *, *, #485, .T. ) ;
#2138 = CARTESIAN_POINT ( 'NONE',  ( 726.6048888017695617, 910.6034100887376326, 1312.481642779907133 ) ) ;
#2139 = CONICAL_SURFACE ( 'NONE', #5789, 8.788285345454690756, 0.5551083433337287154 ) ;
#2140 = CARTESIAN_POINT ( 'NONE',  ( 715.0583306909733210, 906.3010605830220356, 1315.466566049000676 ) ) ;
#2141 = CARTESIAN_POINT ( 'NONE',  ( 719.8286610700904475, 910.2179278277214962, 1311.343563233765735 ) ) ;
#2142 = CARTESIAN_POINT ( 'NONE',  ( 713.2938200492260421, 914.0484088199847292, 1308.977359571615352 ) ) ;
#2143 = CARTESIAN_POINT ( 'NONE',  ( 720.8889573618430404, 914.9261083837229762, 1319.576074913883986 ) ) ;
#2144 = CARTESIAN_POINT ( 'NONE',  ( 726.9742039597334724, 912.2374067289174491, 1309.417524386032937 ) ) ;
#2145 = LINE ( 'NONE', #4712, #2184 ) ;
#2146 = VERTEX_POINT ( 'NONE', #4076 ) ;
#2147 = EDGE_CURVE ( 'NONE', #1969, #1245, #5286, .T. ) ;
#2148 = B_SPLINE_CURVE_WITH_KNOTS ( 'NONE', 3,
 ( #1961, #5156, #4081, #2590, #1995, #4214, #6744, #5255 ),
 .UNSPECIFIED., .F., .F.,
 ( 4, 2, 2, 4 ),
 ( 0.000000000000000000, 0.0002966949978379040086, 0.0005933899956758080171, 0.001186779991352021960 ),
 .UNSPECIFIED. ) ;
#2149 = B_SPLINE_CURVE_WITH_KNOTS ( 'NONE', 3,
 ( #4232, #2260, #6377, #2676, #34, #4338, #2150, #628 ),
 .UNSPECIFIED., .F., .F.,
 ( 4, 2, 2, 4 ),
 ( 0.000000000000000000, 0.0003785376244289615248, 0.0007570752488579230496, 0.001514150497715846099 ),
 .UNSPECIFIED. ) ;
#2150 = CARTESIAN_POINT ( 'NONE',  ( 715.5487788586522129, 915.5719185661271240, 1306.159486527590616 ) ) ;
#2151 = B_SPLINE_SURFACE_WITH_KNOTS ( 'NONE', 3, 1, ( 
 ( #5056, #4464 ),
 ( #4432, #1767 ),
 ( #6545, #5475 ),
 ( #6645, #4394 ),
 ( #309, #4950 ),
 ( #2846, #2426 ),
 ( #1796, #5545 ),
 ( #2322, #824 ),
 ( #4532, #2882 ),
 ( #4499, #1831 ),
 ( #2942, #3885 ),
 ( #794, #3914 ) ),
 .UNSPECIFIED., .F., .F., .F.,
 ( 4, 1, 1, 1, 2, 1, 1, 1, 4 ),
 ( 2, 2 ),
 ( 0.000000000000000000, 0.2143883571535014076, 0.4287767143070028153, 0.6431650714605041674, 0.8575534286140056306, 0.8931650714605041674, 0.9287767143070029263, 0.9643883571535014632, 1.000000000000000000 ),
 ( 0.000000000000000000, 1.000000000000000000 ),
 .UNSPECIFIED. ) ;
#2152 = CARTESIAN_POINT ( 'NONE',  ( 718.7917400848953093, 919.4506485289006150, 1322.044098589542727 ) ) ;
#2153 = CARTESIAN_POINT ( 'NONE',  ( 714.5867373499946780, 913.4189032637679020, 1313.690674151704343 ) ) ;
#2154 = CARTESIAN_POINT ( 'NONE',  ( 718.1977620039788235, 916.5599119720700401, 1307.165885466034297 ) ) ;
#2155 = CARTESIAN_POINT ( 'NONE',  ( 726.0269210530376540, 906.6633396244627647, 1314.135189955254646 ) ) ;
#2156 = ORIENTED_EDGE ( 'NONE', *, *, #4140, .F. ) ;
#2157 = AXIS2_PLACEMENT_3D ( 'NONE', #2409, #1328, #3932 ) ;
#2158 = EDGE_CURVE ( 'NONE', #5537, #6233, #6288, .T. ) ;
#2159 = VERTEX_POINT ( 'NONE', #6669 ) ;
#2160 = CARTESIAN_POINT ( 'NONE',  ( 723.1931842174760732, 904.4396591225045086, 1316.256567863009877 ) ) ;
#2161 = AXIS2_PLACEMENT_3D ( 'NONE', #450, #3535, #3123 ) ;
#2162 = CARTESIAN_POINT ( 'NONE',  ( 719.4376643918219543, 915.4170921532016791, 1305.859334597626685 ) ) ;
#2163 = CARTESIAN_POINT ( 'NONE',  ( 717.3119617100147707, 914.9856350815682617, 1306.027787118503284 ) ) ;
#2164 = CARTESIAN_POINT ( 'NONE',  ( 715.8792452020857127, 915.4174334310350787, 1312.085149135283700 ) ) ;
#2165 = CARTESIAN_POINT ( 'NONE',  ( 716.5895129745252916, 915.7899683849676649, 1307.489861388677809 ) ) ;
#2166 = CARTESIAN_POINT ( 'NONE',  ( 716.7803756316744739, 915.4956484587378327, 1318.686523247574087 ) ) ;
#2167 = ORIENTED_EDGE ( 'NONE', *, *, #3394, .T. ) ;
#2168 = ORIENTED_EDGE ( 'NONE', *, *, #6268, .T. ) ;
#2169 = EDGE_CURVE ( 'NONE', #4013, #255, #3186, .T. ) ;
#2170 = ORIENTED_EDGE ( 'NONE', *, *, #3307, .T. ) ;
#2171 = CARTESIAN_POINT ( 'NONE',  ( 723.0940168990402981, 914.7363046058969758, 1316.661156017476742 ) ) ;
#2172 = CARTESIAN_POINT ( 'NONE',  ( 727.6096994091623174, 912.5655960387875894, 1309.673259051108516 ) ) ;
#2173 = DIRECTION ( 'NONE',  ( -0.8350990874197180558, 0.5373891360285617536, 0.1175688337495530145 ) ) ;
#2174 = CARTESIAN_POINT ( 'NONE',  ( 719.8286610700904475, 910.2179278277214962, 1311.343563233765735 ) ) ;
#2175 = ORIENTED_EDGE ( 'NONE', *, *, #3780, .F. ) ;
#2176 = CARTESIAN_POINT ( 'NONE',  ( 719.8286610700904475, 910.2179278277214962, 1311.343563233765735 ) ) ;
#2177 =( BOUNDED_SURFACE ( )  B_SPLINE_SURFACE ( 3, 3, ( 
 ( #3693, #6708, #3039, #4662 ),
 ( #1476, #403, #3555, #948 ),
 ( #4593, #4727, #4694, #3109 ),
 ( #5671, #504, #3587, #1510 ) ),
 .UNSPECIFIED., .F., .F., .T. ) 
 B_SPLINE_SURFACE_WITH_KNOTS ( ( 4, 4 ),
 ( 4, 4 ),
 ( 0.000000000000000000, 1.000000000000000000 ),
 ( 0.000000000000000000, 1.000000000000000000 ),
 .UNSPECIFIED. ) 
 GEOMETRIC_REPRESENTATION_ITEM ( )  RATIONAL_B_SPLINE_SURFACE ( (
 ( 1.000000000000000000, 1.000000000000000000, 1.000000000000000000, 1.000000000000000000),
 ( 0.9991685004514068158, 0.9991685004514069268, 0.9991685004514069268, 0.9991685004514068158),
 ( 0.9991685004514068158, 0.9991685004514069268, 0.9991685004514069268, 0.9991685004514068158),
 ( 1.000000000000000000, 1.000000000000000000, 1.000000000000000000, 1.000000000000000000) ) ) 
 REPRESENTATION_ITEM ( '' )  SURFACE ( )  );
#2178 = DIRECTION ( 'NONE',  ( 0.1162306242541707169, -0.7463955445134997646, 0.6552740900690960935 ) ) ;
#2179 = CARTESIAN_POINT ( 'NONE',  ( 727.8036774745960429, 911.0050996848879095, 1310.835058935733741 ) ) ;
#2180 = CARTESIAN_POINT ( 'NONE',  ( 723.1451466942429533, 904.6667700737771156, 1315.663581949633453 ) ) ;
#2181 = CARTESIAN_POINT ( 'NONE',  ( 727.7084121390216751, 910.1574635569186285, 1311.440959227849135 ) ) ;
#2182 = CARTESIAN_POINT ( 'NONE',  ( 714.8034911565320044, 914.3932575044130999, 1306.659004485690048 ) ) ;
#2183 = FACE_OUTER_BOUND ( 'NONE', #986, .T. ) ;
#2184 = VECTOR ( 'NONE', #5272, 1000.000000000000227 ) ;
#2185 = ORIENTED_EDGE ( 'NONE', *, *, #6528, .T. ) ;
#2186 = VECTOR ( 'NONE', #6065, 1000.000000000000114 ) ;
#2187 = VECTOR ( 'NONE', #3633, 1000.000000000000227 ) ;
#2188 = CARTESIAN_POINT ( 'NONE',  ( 719.4952054422785750, 913.1870090998544356, 1314.784667990955313 ) ) ;
#2189 = EDGE_CURVE ( 'NONE', #57, #5538, #4072, .T. ) ;
#2190 = CARTESIAN_POINT ( 'NONE',  ( 723.8175428785361873, 905.0766326501925505, 1315.205798031778158 ) ) ;
#2191 = B_SPLINE_SURFACE_WITH_KNOTS ( 'NONE', 3, 1, ( 
 ( #2816, #4399 ),
 ( #2852, #6548 ),
 ( #2328, #3919 ),
 ( #3398, #4592 ),
 ( #5514, #764 ),
 ( #2888, #6672 ),
 ( #2485, #246 ),
 ( #2361, #1611 ),
 ( #3732, #503 ),
 ( #4114, #537 ),
 ( #572, #4725 ),
 ( #5703, #2128 ) ),
 .UNSPECIFIED., .F., .F., .F.,
 ( 4, 1, 1, 1, 2, 1, 1, 1, 4 ),
 ( 2, 2 ),
 ( 0.000000000000000000, 0.2143883571535014076, 0.4287767143070028153, 0.6431650714605041674, 0.8575534286140056306, 0.8931650714605041674, 0.9287767143070029263, 0.9643883571535014632, 1.000000000000000000 ),
 ( 0.000000000000000000, 1.000000000000000000 ),
 .UNSPECIFIED. ) ;
#2192 = DIRECTION ( 'NONE',  ( -0.9670592738890173568, -0.2314397642216914908, 0.1059811130449862665 ) ) ;
#2193 = CARTESIAN_POINT ( 'NONE',  ( 728.2212223425684670, 909.0827795012319257, 1312.979953398346197 ) ) ;
#2194 = VERTEX_POINT ( 'NONE', #4658 ) ;
#2195 = CIRCLE ( 'NONE', #765, 2.499999999999990674 ) ;
#2196 = ORIENTED_EDGE ( 'NONE', *, *, #3825, .T. ) ;
#2197 = CARTESIAN_POINT ( 'NONE',  ( 723.6262343237580126, 915.0958628376837396, 1308.316868562953232 ) ) ;
#2198 = CARTESIAN_POINT ( 'NONE',  ( 713.3509110250942058, 908.5514536372264729, 1312.967851181045489 ) ) ;
#2199 = CARTESIAN_POINT ( 'NONE',  ( 717.0423616341457773, 914.8937680936702463, 1306.080927288199064 ) ) ;
#2200 = CIRCLE ( 'NONE', #3088, 7.997732278218547819 ) ;
#2201 = EDGE_CURVE ( 'NONE', #2652, #4480, #6154, .T. ) ;
#2202 = CARTESIAN_POINT ( 'NONE',  ( 719.4432529363263029, 918.1191572831943404, 1316.680929119659140 ) ) ;
#2203 = LINE ( 'NONE', #2271, #1387 ) ;
#2204 = CARTESIAN_POINT ( 'NONE',  ( 714.5761872452942498, 913.7313641289375710, 1308.617123886563832 ) ) ;
#2205 = CYLINDRICAL_SURFACE ( 'NONE', #4193, 2.210505043370490252 ) ;
#2206 = ORIENTED_EDGE ( 'NONE', *, *, #1113, .F. ) ;
#2207 = ORIENTED_EDGE ( 'NONE', *, *, #3143, .T. ) ;
#2208 = ORIENTED_EDGE ( 'NONE', *, *, #3061, .F. ) ;
#2209 = CARTESIAN_POINT ( 'NONE',  ( 720.2494496614511945, 903.9940938485980269, 1315.941561996159862 ) ) ;
#2210 = CARTESIAN_POINT ( 'NONE',  ( 723.9101819189784237, 905.0296284312430544, 1315.402812177829674 ) ) ;
#2211 = CARTESIAN_POINT ( 'NONE',  ( 713.0478402220688849, 911.7948702470047238, 1308.367659157978551 ) ) ;
#2212 = EDGE_CURVE ( 'NONE', #3803, #4006, #3410, .T. ) ;
#2213 = CARTESIAN_POINT ( 'NONE',  ( 720.1999277102324868, 906.9121781678747993, 1307.512266668277789 ) ) ;
#2214 = VERTEX_POINT ( 'NONE', #2520 ) ;
#2215 = CARTESIAN_POINT ( 'NONE',  ( 726.6193275322605132, 910.8733437880852080, 1312.250341579659334 ) ) ;
#2216 = CARTESIAN_POINT ( 'NONE',  ( 719.4952054422785750, 913.1870090998544356, 1314.784667990955313 ) ) ;
#2217 = EDGE_CURVE ( 'NONE', #2488, #4027, #2721, .T. ) ;
#2218 = CARTESIAN_POINT ( 'NONE',  ( 712.5780008019521574, 907.4017447351130841, 1312.331155264654399 ) ) ;
#2219 = CARTESIAN_POINT ( 'NONE',  ( 726.4775556555852063, 906.1521293390637766, 1315.481487514527998 ) ) ;
#2220 = CARTESIAN_POINT ( 'NONE',  ( 718.7917400848953093, 919.4506485289006150, 1322.044098589542727 ) ) ;
#2221 = LINE ( 'NONE', #6826, #1186 ) ;
#2222 = ORIENTED_EDGE ( 'NONE', *, *, #6747, .F. ) ;
#2223 = EDGE_CURVE ( 'NONE', #6325, #1701, #482, .T. ) ;
#2224 = CARTESIAN_POINT ( 'NONE',  ( 718.7917400848953093, 919.4506485289006150, 1322.044098589542727 ) ) ;
#2225 = B_SPLINE_CURVE_WITH_KNOTS ( 'NONE', 1,
 ( #3452, #3943 ),
 .UNSPECIFIED., .F., .F.,
 ( 2, 2 ),
 ( 0.000000000000000000, 0.001500000000000080045 ),
 .UNSPECIFIED. ) ;
#2226 = CARTESIAN_POINT ( 'NONE',  ( 716.8528729566074844, 903.9021594832561277, 1316.354852009013257 ) ) ;
#2227 = CARTESIAN_POINT ( 'NONE',  ( 723.3654451532511303, 906.3696519246851722, 1315.820939583072914 ) ) ;
#2228 = CARTESIAN_POINT ( 'NONE',  ( 726.0150551796463105, 913.4116547382816407, 1308.256480573499630 ) ) ;
#2229 = CARTESIAN_POINT ( 'NONE',  ( 717.5857049718048302, 917.6212703308708569, 1316.927323639469250 ) ) ;
#2230 = ORIENTED_EDGE ( 'NONE', *, *, #2677, .F. ) ;
#2231 = VERTEX_POINT ( 'NONE', #2685 ) ;
#2232 = CARTESIAN_POINT ( 'NONE',  ( 720.0869172781270890, 907.2806471619378499, 1304.578614653077693 ) ) ;
#2233 = CARTESIAN_POINT ( 'NONE',  ( 714.0483705691264049, 906.8058978312967611, 1315.139666573996692 ) ) ;
#2234 = DIRECTION ( 'NONE',  ( 0.000000000000000000, -0.7571257123220515028, 0.6532692061782998660 ) ) ;
#2235 = FACE_OUTER_BOUND ( 'NONE', #6625, .T. ) ;
#2236 = CARTESIAN_POINT ( 'NONE',  ( 719.3505743566962565, 903.9144196760478280, 1315.989557999847648 ) ) ;
#2237 = CARTESIAN_POINT ( 'NONE',  ( 725.4175604115065426, 907.2832657896714181, 1315.869659681695339 ) ) ;
#2238 = CARTESIAN_POINT ( 'NONE',  ( 718.7917400848950820, 919.4506485289003876, 1322.044098589542955 ) ) ;
#2239 = EDGE_LOOP ( 'NONE', ( #5019, #5663, #4387, #4569 ) ) ;
#2240 = ORIENTED_EDGE ( 'NONE', *, *, #5915, .T. ) ;
#2241 = EDGE_CURVE ( 'NONE', #2406, #5305, #3049, .T. ) ;
#2242 = B_SPLINE_CURVE_WITH_KNOTS ( 'NONE', 3,
 ( #6440, #4990, #5512, #5409, #4434, #173, #2779, #3256 ),
 .UNSPECIFIED., .F., .F.,
 ( 4, 2, 2, 4 ),
 ( 0.000000000000000000, 0.0003785376244288251864, 0.0007570752488576503727, 0.001514150497715351269 ),
 .UNSPECIFIED. ) ;
#2243 = DIRECTION ( 'NONE',  ( -0.07317157541021195033, 0.6515180314347920332, 0.7550961364404676912 ) ) ;
#2244 = DIRECTION ( 'NONE',  ( 0.2438078779228311233, -0.7224679164172901347, 0.6469913665656020774 ) ) ;
#2245 = CARTESIAN_POINT ( 'NONE',  ( 716.8393067168766493, 916.8281571398158576, 1317.539315128292174 ) ) ;
#2246 = B_SPLINE_CURVE_WITH_KNOTS ( 'NONE', 3,
 ( #1633, #5337, #3859, #3755, #4369, #1107, #3333, #2711 ),
 .UNSPECIFIED., .F., .F.,
 ( 4, 2, 2, 4 ),
 ( 0.000000000000000000, 0.0002966949978377802469, 0.0005933899956755604938, 0.001186779991351567028 ),
 .UNSPECIFIED. ) ;
#2247 = LINE ( 'NONE', #6468, #6835 ) ;
#2248 = ORIENTED_EDGE ( 'NONE', *, *, #6101, .F. ) ;
#2249 = CARTESIAN_POINT ( 'NONE',  ( 724.3532541696372391, 912.2123913386423055, 1315.671711389016991 ) ) ;
#2250 = EDGE_CURVE ( 'NONE', #4537, #6325, #3466, .T. ) ;
#2251 = CARTESIAN_POINT ( 'NONE',  ( 719.5274312714318512, 916.2795022385232642, 1305.685595754478300 ) ) ;
#2252 = LINE ( 'NONE', #2885, #5581 ) ;
#2253 = CARTESIAN_POINT ( 'NONE',  ( 712.0554185055403877, 907.2725459640830650, 1312.872525866260958 ) ) ;
#2254 = FACE_OUTER_BOUND ( 'NONE', #6211, .T. ) ;
#2255 = CARTESIAN_POINT ( 'NONE',  ( 725.8724074215285782, 908.3472847218284869, 1314.491730462354781 ) ) ;
#2256 = DIRECTION ( 'NONE',  ( -0.5777435702469602141, 0.8108518003807826391, -0.09344369886482051246 ) ) ;
#2257 = ORIENTED_EDGE ( 'NONE', *, *, #6677, .T. ) ;
#2258 = EDGE_CURVE ( 'NONE', #2957, #1709, #4346, .T. ) ;
#2259 = ORGANIZATION ( 'UNSPECIFIED', 'UNSPECIFIED', '' ) ;
#2260 = CARTESIAN_POINT ( 'NONE',  ( 715.8166771578914904, 914.4893695922821735, 1306.393262818305857 ) ) ;
#2261 = CARTESIAN_POINT ( 'NONE',  ( 718.7917400848953093, 919.4506485289006150, 1322.044098589542727 ) ) ;
#2262 = CARTESIAN_POINT ( 'NONE',  ( 712.5408931087857809, 910.6208555750234837, 1309.331506771432032 ) ) ;
#2263 = CARTESIAN_POINT ( 'NONE',  ( 718.3598199743261148, 916.3128974325825311, 1307.210212822943731 ) ) ;
#2264 = CARTESIAN_POINT ( 'NONE',  ( 715.6160855130843856, 914.8150703686984571, 1315.868555835643065 ) ) ;
#2265 = ORIENTED_EDGE ( 'NONE', *, *, #3896, .T. ) ;
#2266 = ORIENTED_EDGE ( 'NONE', *, *, #4361, .F. ) ;
#2267 = CARTESIAN_POINT ( 'NONE',  ( 723.1116320571593405, 904.6809518065035718, 1315.581896289042106 ) ) ;
#2268 = CARTESIAN_POINT ( 'NONE',  ( 725.9577622766062177, 906.6615949965729442, 1314.050510796580284 ) ) ;
#2269 = CARTESIAN_POINT ( 'NONE',  ( 722.3569116470463314, 915.4738021121356724, 1306.240769921878154 ) ) ;
#2270 = CARTESIAN_POINT ( 'NONE',  ( 721.3228364098868042, 905.6354577127785888, 1316.256286458414024 ) ) ;
#2271 = CARTESIAN_POINT ( 'NONE',  ( 715.5795108427079185, 914.4266581044590794, 1316.200144563816139 ) ) ;
#2272 = AXIS2_PLACEMENT_3D ( 'NONE', #6361, #4875, #5847 ) ;
#2273 = DIRECTION ( 'NONE',  ( -0.07317157541021195033, 0.6515180314347920332, 0.7550961364404676912 ) ) ;
#2274 = ORIENTED_EDGE ( 'NONE', *, *, #766, .T. ) ;
#2275 = EDGE_LOOP ( 'NONE', ( #4138, #1122, #6120, #257 ) ) ;
#2276 = EDGE_LOOP ( 'NONE', ( #6812, #1269, #3009, #4107 ) ) ;
#2277 = CARTESIAN_POINT ( 'NONE',  ( 716.5882185120216263, 904.4620644299965306, 1315.035516699587788 ) ) ;
#2278 = CARTESIAN_POINT ( 'NONE',  ( 718.3659887821497705, 905.4029507343208252, 1316.304784641587275 ) ) ;
#2279 = CARTESIAN_POINT ( 'NONE',  ( 712.2167912136129644, 909.4505180137391562, 1310.410831485415429 ) ) ;
#2280 = CARTESIAN_POINT ( 'NONE',  ( 725.3421394742219945, 907.8631980576404885, 1314.723739430055048 ) ) ;
#2281 = EDGE_CURVE ( 'NONE', #198, #2992, #74, .T. ) ;
#2282 = ORIENTED_EDGE ( 'NONE', *, *, #3455, .F. ) ;
#2283 = CIRCLE ( 'NONE', #3164, 2.210505043370490252 ) ;
#2284 = CARTESIAN_POINT ( 'NONE',  ( 727.0542140240723938, 907.9965064882723027, 1313.169395304818863 ) ) ;
#2285 = CARTESIAN_POINT ( 'NONE',  ( 726.4748940299382411, 909.0255582932496736, 1314.139797009082486 ) ) ;
#2286 = CARTESIAN_POINT ( 'NONE',  ( 713.9892250142800094, 914.9000467244605943, 1306.737837612320845 ) ) ;
#2287 = CARTESIAN_POINT ( 'NONE',  ( 727.0262335693673776, 910.3827951719864586, 1313.094828946202369 ) ) ;
#2288 = CARTESIAN_POINT ( 'NONE',  ( 718.7917400848953093, 919.4506485289006150, 1322.044098589542727 ) ) ;
#2289 = EDGE_CURVE ( 'NONE', #6750, #2912, #1678, .T. ) ;
#2290 = ORIENTED_EDGE ( 'NONE', *, *, #1654, .T. ) ;
#2291 = DIRECTION ( 'NONE',  ( 0.2438078779228505244, -0.7224679164172854717, 0.6469913665655999679 ) ) ;
#2292 = EDGE_LOOP ( 'NONE', ( #2949, #2616, #5551, #1348 ) ) ;
#2293 = FACE_OUTER_BOUND ( 'NONE', #3489, .T. ) ;
#2294 = EDGE_CURVE ( 'NONE', #886, #1803, #4863, .T. ) ;
#2295 = DIRECTION ( 'NONE',  ( -0.07317157541021195033, 0.6515180314347920332, 0.7550961364404676912 ) ) ;
#2296 = CARTESIAN_POINT ( 'NONE',  ( 727.2881582693842120, 907.4502762915374205, 1314.195283333903262 ) ) ;
#2297 = DIRECTION ( 'NONE',  ( -0.07317157541021195033, 0.6515180314347920332, 0.7550961364404676912 ) ) ;
#2298 = ORIENTED_EDGE ( 'NONE', *, *, #6015, .T. ) ;
#2299 = ORIENTED_EDGE ( 'NONE', *, *, #3773, .F. ) ;
#2300 = B_SPLINE_CURVE_WITH_KNOTS ( 'NONE', 1,
 ( #6654, #6240 ),
 .UNSPECIFIED., .F., .F.,
 ( 2, 2 ),
 ( 2.719479911021036457E-16, 0.001500000000000108885 ),
 .UNSPECIFIED. ) ;
#2301 = AXIS2_PLACEMENT_3D ( 'NONE', #217, #248, #4472 ) ;
#2302 = DIRECTION ( 'NONE',  ( 0.3890048166453626277, -0.8032440797677043998, -0.4510811467406296016 ) ) ;
#2303 = CARTESIAN_POINT ( 'NONE',  ( 725.9454966205559003, 906.6621288026343564, 1314.036582669134759 ) ) ;
#2304 = CARTESIAN_POINT ( 'NONE',  ( 720.1999277102324868, 906.9121781678747993, 1307.512266668277789 ) ) ;
#2305 = EDGE_CURVE ( 'NONE', #5597, #5434, #3137, .T. ) ;
#2306 = CARTESIAN_POINT ( 'NONE',  ( 719.3704383314825463, 903.9890829760512361, 1315.797575761669350 ) ) ;
#2307 = EDGE_CURVE ( 'NONE', #3723, #566, #2048, .T. ) ;
#2308 = CARTESIAN_POINT ( 'NONE',  ( 718.7917400848953093, 919.4506485289006150, 1322.044098589542727 ) ) ;
#2309 = CONICAL_SURFACE ( 'NONE', #2974, 8.788285345454690756, 0.5551083433337287154 ) ;
#2310 = CARTESIAN_POINT ( 'NONE',  ( 725.9852654008927857, 915.2488984848085920, 1307.599298729940529 ) ) ;
#2311 = CARTESIAN_POINT ( 'NONE',  ( 718.7920038506514402, 904.9904573910475847, 1317.441730342416349 ) ) ;
#2312 = VERTEX_POINT ( 'NONE', #1712 ) ;
#2313 = ORIENTED_EDGE ( 'NONE', *, *, #3061, .T. ) ;
#2314 = B_SPLINE_SURFACE_WITH_KNOTS ( 'NONE', 3, 1, ( 
 ( #151, #4788 ),
 ( #5908, #10 ),
 ( #4755, #3236 ),
 ( #1711, #2160 ),
 ( #5346, #1080 ),
 ( #1189, #5425 ),
 ( #603, #3763 ),
 ( #4240, #2267 ),
 ( #42, #5834 ),
 ( #5874, #2720 ),
 ( #4345, #4861 ),
 ( #5314, #4821 ) ),
 .UNSPECIFIED., .F., .F., .F.,
 ( 4, 1, 1, 1, 2, 1, 1, 1, 4 ),
 ( 2, 2 ),
 ( 0.000000000000000000, 0.2143883571535014076, 0.4287767143070028153, 0.6431650714605041674, 0.8575534286140056306, 0.8931650714605041674, 0.9287767143070029263, 0.9643883571535014632, 1.000000000000000000 ),
 ( 0.000000000000000000, 1.000000000000000000 ),
 .UNSPECIFIED. ) ;
#2315 = ORIENTED_EDGE ( 'NONE', *, *, #2962, .F. ) ;
#2316 = AXIS2_PLACEMENT_3D ( 'NONE', #5308, #1670, #4203 ) ;
#2317 = CARTESIAN_POINT ( 'NONE',  ( 712.9198619798135041, 905.7422922169346293, 1314.521316358594731 ) ) ;
#2318 = CARTESIAN_POINT ( 'NONE',  ( 721.0399191625181174, 905.5772223700622590, 1316.279317962163759 ) ) ;
#2319 = CARTESIAN_POINT ( 'NONE',  ( 718.7917400848953093, 919.4506485289006150, 1322.044098589542727 ) ) ;
#2320 = CARTESIAN_POINT ( 'NONE',  ( 718.7917400848950820, 919.4506485289003876, 1322.044098589542955 ) ) ;
#2321 = ORIENTED_EDGE ( 'NONE', *, *, #4084, .F. ) ;
#2322 = CARTESIAN_POINT ( 'NONE',  ( 718.7917400848953093, 919.4506485289006150, 1322.044098589542727 ) ) ;
#2323 = CONICAL_SURFACE ( 'NONE', #1411, 8.788285345454690756, 0.5551083433337287154 ) ;
#2324 = B_SPLINE_CURVE_WITH_KNOTS ( 'NONE', 3,
 ( #5222, #6292, #4792, #5838 ),
 .UNSPECIFIED., .F., .F.,
 ( 4, 4 ),
 ( 0.000000000000000000, 0.0008686782177528518892 ),
 .UNSPECIFIED. ) ;
#2325 = B_SPLINE_CURVE_WITH_KNOTS ( 'NONE', 3,
 ( #6375, #3224, #519, #1667, #3193, #6338, #4198, #6444 ),
 .UNSPECIFIED., .F., .F.,
 ( 4, 2, 2, 4 ),
 ( 0.000000000000000000, 0.0003785376244286551835, 0.0007570752488573103669, 0.001514150497714727419 ),
 .UNSPECIFIED. ) ;
#2326 = CARTESIAN_POINT ( 'NONE',  ( 718.7917400848953093, 919.4506485289006150, 1322.044098589542727 ) ) ;
#2327 = CARTESIAN_POINT ( 'NONE',  ( 712.9705470034158452, 913.9323640147222250, 1309.162283173085143 ) ) ;
#2328 = CARTESIAN_POINT ( 'NONE',  ( 718.7917400848953093, 919.4506485289006150, 1322.044098589542727 ) ) ;
#2329 = EDGE_LOOP ( 'NONE', ( #5474, #3913, #2935, #847 ) ) ;
#2330 = CARTESIAN_POINT ( 'NONE',  ( 724.1588204296914455, 904.9765510587551489, 1315.755253272991695 ) ) ;
#2331 = ORIENTED_EDGE ( 'NONE', *, *, #4484, .T. ) ;
#2332 = ADVANCED_FACE ( 'NONE', ( #3833 ), #500, .F. ) ;
#2333 = FACE_OUTER_BOUND ( 'NONE', #1123, .T. ) ;
#2334 = CARTESIAN_POINT ( 'NONE',  ( 728.0282340798106588, 909.4793129932122611, 1312.376747781883978 ) ) ;
#2335 = CARTESIAN_POINT ( 'NONE',  ( 725.8917837276829914, 914.7906846998934043, 1307.685346651739337 ) ) ;
#2336 = ORIENTED_EDGE ( 'NONE', *, *, #1292, .T. ) ;
#2337 = ORIENTED_EDGE ( 'NONE', *, *, #2387, .T. ) ;
#2338 = EDGE_CURVE ( 'NONE', #124, #2991, #660, .T. ) ;
#2339 = DIRECTION ( 'NONE',  ( -0.2616234857147295978, -0.3622955009359309364, -0.8945921538466886647 ) ) ;
#2340 = LINE ( 'NONE', #5561, #5291 ) ;
#2341 = CARTESIAN_POINT ( 'NONE',  ( 720.1999277102324868, 906.9121781678747993, 1307.512266668277789 ) ) ;
#2342 = LINE ( 'NONE', #1817, #3056 ) ;
#2343 = CARTESIAN_POINT ( 'NONE',  ( 712.5477923510441087, 908.0011521257421236, 1311.619786318293791 ) ) ;
#2344 = DIRECTION ( 'NONE',  ( 0.2438078779228311233, -0.7224679164172901347, 0.6469913665656020774 ) ) ;
#2345 = ORIENTED_EDGE ( 'NONE', *, *, #6773, .T. ) ;
#2346 = ORIENTED_EDGE ( 'NONE', *, *, #4892, .T. ) ;
#2347 = ORIENTED_EDGE ( 'NONE', *, *, #679, .T. ) ;
#2348 = ADVANCED_FACE ( 'NONE', ( #5983 ), #1661, .F. ) ;
#2349 = CARTESIAN_POINT ( 'NONE',  ( 728.0165059212505412, 910.3877400781291271, 1311.528567878766808 ) ) ;
#2350 = CARTESIAN_POINT ( 'NONE',  ( 718.5395824739100590, 905.0042932559606470, 1317.405331817846445 ) ) ;
#2351 = LINE ( 'NONE', #1957, #6733 ) ;
#2352 = FACE_OUTER_BOUND ( 'NONE', #4393, .T. ) ;
#2353 = B_SPLINE_CURVE_WITH_KNOTS ( 'NONE', 3,
 ( #6607, #305, #851, #3946, #2385, #2843, #273, #4529 ),
 .UNSPECIFIED., .F., .F.,
 ( 4, 2, 2, 4 ),
 ( 0.000000000000000000, 0.0006560729127572523245, 0.0009841093691358407565, 0.001312145825514428972 ),
 .UNSPECIFIED. ) ;
#2354 = EDGE_LOOP ( 'NONE', ( #5635, #2208, #4053, #6383 ) ) ;
#2355 =( BOUNDED_SURFACE ( )  B_SPLINE_SURFACE ( 3, 3, ( 
 ( #4087, #889, #1344, #825 ),
 ( #6199, #4467, #5511, #310 ),
 ( #3460, #795, #6579, #1413 ),
 ( #2429, #3395, #1869, #760 ) ),
 .UNSPECIFIED., .F., .F., .T. ) 
 B_SPLINE_SURFACE_WITH_KNOTS ( ( 4, 4 ),
 ( 4, 4 ),
 ( 0.000000000000000000, 1.000000000000000000 ),
 ( 0.000000000000000000, 1.000000000000000000 ),
 .UNSPECIFIED. ) 
 GEOMETRIC_REPRESENTATION_ITEM ( )  RATIONAL_B_SPLINE_SURFACE ( (
 ( 1.000000000000000000, 1.000000000000000000, 1.000000000000000000, 1.000000000000000000),
 ( 0.9991685004514068158, 0.9991685004514069268, 0.9991685004514069268, 0.9991685004514068158),
 ( 0.9991685004514068158, 0.9991685004514069268, 0.9991685004514069268, 0.9991685004514068158),
 ( 1.000000000000000000, 1.000000000000000000, 1.000000000000000000, 1.000000000000000000) ) ) 
 REPRESENTATION_ITEM ( '' )  SURFACE ( )  );
#2356 = FACE_OUTER_BOUND ( 'NONE', #1837, .T. ) ;
#2357 = EDGE_CURVE ( 'NONE', #199, #886, #2340, .T. ) ;
#2358 = CARTESIAN_POINT ( 'NONE',  ( 712.3696943101776924, 909.4064412059095730, 1310.360579939733043 ) ) ;
#2359 = CARTESIAN_POINT ( 'NONE',  ( 720.1999277102324868, 906.9121781678747993, 1307.512266668277789 ) ) ;
#2360 = CARTESIAN_POINT ( 'NONE',  ( 722.1544318694200228, 906.5219658752486112, 1315.495803437496761 ) ) ;
#2361 = CARTESIAN_POINT ( 'NONE',  ( 718.7917400848953093, 919.4506485289006150, 1322.044098589542727 ) ) ;
#2362 = EDGE_LOOP ( 'NONE', ( #445, #2098, #5961, #3392 ) ) ;
#2363 = CARTESIAN_POINT ( 'NONE',  ( 724.4653769595558970, 904.9627782636871416, 1316.068028266080546 ) ) ;
#2364 = ORIENTED_EDGE ( 'NONE', *, *, #2419, .F. ) ;
#2365 = CARTESIAN_POINT ( 'NONE',  ( 720.4657797330985431, 915.6765731548307485, 1305.875011266484535 ) ) ;
#2366 = CARTESIAN_POINT ( 'NONE',  ( 716.6159458216609437, 905.3259450173438836, 1316.941394274215099 ) ) ;
#2367 = DIRECTION ( 'NONE',  ( 0.000000000000000000, 0.7571257123220515028, -0.6532692061782998660 ) ) ;
#2368 = EDGE_CURVE ( 'NONE', #1709, #830, #5863, .T. ) ;
#2369 = ORIENTED_EDGE ( 'NONE', *, *, #3780, .T. ) ;
#2370 = ORIENTED_EDGE ( 'NONE', *, *, #1620, .F. ) ;
#2371 = VECTOR ( 'NONE', #1901, 1000.000000000000114 ) ;
#2372 = CARTESIAN_POINT ( 'NONE',  ( 720.1423753558079852, 918.0113719257878984, 1316.841676853431863 ) ) ;
#2373 = DIRECTION ( 'NONE',  ( 0.9670592738890125828, 0.2314397642217044249, -0.1059811130450035582 ) ) ;
#2374 = CARTESIAN_POINT ( 'NONE',  ( 718.7917400848950820, 919.4506485289003876, 1322.044098589542955 ) ) ;
#2375 = CARTESIAN_POINT ( 'NONE',  ( 718.7917400848953093, 919.4506485289006150, 1322.044098589542727 ) ) ;
#2376 = CARTESIAN_POINT ( 'NONE',  ( 721.1046570383144854, 915.8914912897618024, 1307.464801093820142 ) ) ;
#2377 = CARTESIAN_POINT ( 'NONE',  ( 718.7917400848953093, 919.4506485289006150, 1322.044098589542727 ) ) ;
#2378 = ADVANCED_FACE ( 'NONE', ( #5005 ), #3374, .T. ) ;
#2379 = CARTESIAN_POINT ( 'NONE',  ( 719.8286610700904475, 910.2179278277214962, 1311.343563233765735 ) ) ;
#2380 = ORIENTED_EDGE ( 'NONE', *, *, #656, .F. ) ;
#2381 = ORIENTED_EDGE ( 'NONE', *, *, #1486, .T. ) ;
#2382 = CARTESIAN_POINT ( 'NONE',  ( 714.5024725147670779, 904.6783132272041712, 1315.607170258810129 ) ) ;
#2383 = CARTESIAN_POINT ( 'NONE',  ( 720.5480572537516082, 917.3545531864953091, 1314.155345236700668 ) ) ;
#2384 = DIRECTION ( 'NONE',  ( 0.07317157541021197809, -0.6515180314347921442, -0.7550961364404673581 ) ) ;
#2385 = CARTESIAN_POINT ( 'NONE',  ( 727.6700054519969854, 908.7856504858033304, 1312.808902585649548 ) ) ;
#2386 = CARTESIAN_POINT ( 'NONE',  ( 718.3239044779298865, 904.0143757992285600, 1315.737469796884852 ) ) ;
#2387 = EDGE_CURVE ( 'NONE', #3349, #1366, #6082, .T. ) ;
#2388 = ORIENTED_EDGE ( 'NONE', *, *, #4157, .T. ) ;
#2389 = CARTESIAN_POINT ( 'NONE',  ( 714.8797992398633596, 905.1247463112285914, 1314.445664728343900 ) ) ;
#2390 = AXIS2_PLACEMENT_3D ( 'NONE', #3095, #3060, #4680 ) ;
#2391 = B_SPLINE_CURVE_WITH_KNOTS ( 'NONE', 3,
 ( #4561, #6063, #1309, #4497 ),
 .UNSPECIFIED., .F., .F.,
 ( 4, 4 ),
 ( 0.000000000000000000, 0.0008686782177528523229 ),
 .UNSPECIFIED. ) ;
#2392 = B_SPLINE_CURVE_WITH_KNOTS ( 'NONE', 1,
 ( #6638, #2382 ),
 .UNSPECIFIED., .F., .F.,
 ( 2, 2 ),
 ( 0.000000000000000000, 0.001499999999999823306 ),
 .UNSPECIFIED. ) ;
#2393 = FACE_OUTER_BOUND ( 'NONE', #3126, .T. ) ;
#2394 = PERSON_AND_ORGANIZATION ( #902, #2259 ) ;
#2395 =( BOUNDED_SURFACE ( )  B_SPLINE_SURFACE ( 3, 3, ( 
 ( #4902, #1714, #2164, #1646 ),
 ( #2725, #154, #5801, #5877 ),
 ( #3835, #4348, #6322, #2796 ),
 ( #5389, #6457, #1118, #5946 ) ),
 .UNSPECIFIED., .F., .F., .T. ) 
 B_SPLINE_SURFACE_WITH_KNOTS ( ( 4, 4 ),
 ( 4, 4 ),
 ( 0.000000000000000000, 1.000000000000000000 ),
 ( 0.000000000000000000, 1.000000000000000000 ),
 .UNSPECIFIED. ) 
 GEOMETRIC_REPRESENTATION_ITEM ( )  RATIONAL_B_SPLINE_SURFACE ( (
 ( 1.000000000000000000, 1.000000000000000000, 1.000000000000000000, 1.000000000000000000),
 ( 0.9991685004514068158, 0.9991685004514069268, 0.9991685004514069268, 0.9991685004514068158),
 ( 0.9991685004514068158, 0.9991685004514069268, 0.9991685004514069268, 0.9991685004514068158),
 ( 1.000000000000000000, 1.000000000000000000, 1.000000000000000000, 1.000000000000000000) ) ) 
 REPRESENTATION_ITEM ( '' )  SURFACE ( )  );
#2396 = CARTESIAN_POINT ( 'NONE',  ( 719.3528780958089328, 916.0132936989416521, 1307.269673890395552 ) ) ;
#2397 = CIRCLE ( 'NONE', #175, 8.788285345454690756 ) ;
#2398 = ORIENTED_EDGE ( 'NONE', *, *, #2943, .T. ) ;
#2399 = B_SPLINE_CURVE_WITH_KNOTS ( 'NONE', 1,
 ( #6599, #3972 ),
 .UNSPECIFIED., .F., .F.,
 ( 2, 2 ),
 ( 0.000000000000000000, 0.001500000000000043833 ),
 .UNSPECIFIED. ) ;
#2400 = VERTEX_POINT ( 'NONE', #2794 ) ;
#2401 = B_SPLINE_CURVE_WITH_KNOTS ( 'NONE', 3,
 ( #1139, #105, #5861, #3261, #625, #2707, #5304, #5821, #2077, #6308 ),
 .UNSPECIFIED., .F., .F.,
 ( 4, 3, 3, 4 ),
 ( 0.000000000000000000, 0.0002173289232320910951, 0.0004346578008311425797, 0.0007905002888282336524 ),
 .UNSPECIFIED. ) ;
#2402 = CARTESIAN_POINT ( 'NONE',  ( 721.0894085247964540, 915.7754141496116063, 1307.484829025818726 ) ) ;
#2403 = DIRECTION ( 'NONE',  ( 0.9769367411215238439, -0.1054641425465254190, 0.1856661479208930321 ) ) ;
#2404 = CARTESIAN_POINT ( 'NONE',  ( 718.7917400848953093, 919.4506485289006150, 1322.044098589542727 ) ) ;
#2405 = ORIENTED_EDGE ( 'NONE', *, *, #5207, .F. ) ;
#2406 = VERTEX_POINT ( 'NONE', #742 ) ;
#2407 = VECTOR ( 'NONE', #2192, 1000.000000000000227 ) ;
#2408 = EDGE_CURVE ( 'NONE', #4359, #1621, #6397, .T. ) ;
#2409 = CARTESIAN_POINT ( 'NONE',  ( 719.4952054422785750, 913.1870090998544356, 1314.784667990955313 ) ) ;
#2410 = CARTESIAN_POINT ( 'NONE',  ( 723.9963610758986761, 916.2711376294462298, 1306.524550153162636 ) ) ;
#2411 = CARTESIAN_POINT ( 'NONE',  ( 718.7917400848953093, 919.4506485289006150, 1322.044098589542727 ) ) ;
#2412 = CARTESIAN_POINT ( 'NONE',  ( 724.5084859375824635, 912.8750650208502293, 1315.121366674533419 ) ) ;
#2413 = CARTESIAN_POINT ( 'NONE',  ( 717.0677326827388924, 915.2517113639459012, 1307.546855323080081 ) ) ;
#2414 = CARTESIAN_POINT ( 'NONE',  ( 712.5964878827726352, 907.9942222736907524, 1311.593647489842169 ) ) ;
#2415 = DIRECTION ( 'NONE',  ( -0.1162306242541731038, 0.7463955445134947686, -0.6552740900691014225 ) ) ;
#2416 = ORIENTED_EDGE ( 'NONE', *, *, #6229, .F. ) ;
#2417 = AXIS2_PLACEMENT_3D ( 'NONE', #3658, #2055, #912 ) ;
#2418 = VERTEX_POINT ( 'NONE', #1329 ) ;
#2419 = EDGE_CURVE ( 'NONE', #5355, #4188, #4516, .T. ) ;
#2420 = CARTESIAN_POINT ( 'NONE',  ( 719.8863584995044675, 909.7041912377968629, 1310.748152983421733 ) ) ;
#2421 = DIRECTION ( 'NONE',  ( -0.2245262067301642406, -0.3180464345513144830, -0.9211050146213297651 ) ) ;
#2422 = AXIS2_PLACEMENT_3D ( 'NONE', #1360, #6823, #5817 ) ;
#2423 = DIRECTION ( 'NONE',  ( -0.3710045948504535063, -0.6860716307549014070, -0.6258284973322651989 ) ) ;
#2424 = CARTESIAN_POINT ( 'NONE',  ( 718.7917400848953093, 919.4506485289006150, 1322.044098589542727 ) ) ;
#2425 = ORIENTED_EDGE ( 'NONE', *, *, #5510, .T. ) ;
#2426 = CARTESIAN_POINT ( 'NONE',  ( 715.7131469826169905, 914.6655699731154527, 1306.360685307052563 ) ) ;
#2427 = VECTOR ( 'NONE', #3162, 1000.000000000000114 ) ;
#2428 = EDGE_CURVE ( 'NONE', #5200, #1989, #2970, .T. ) ;
#2429 = CARTESIAN_POINT ( 'NONE',  ( 718.7917400848953093, 919.4506485289006150, 1322.044098589542727 ) ) ;
#2430 = COORDINATED_UNIVERSAL_TIME_OFFSET ( 5, 0, .BEHIND. ) ;
#2431 = CARTESIAN_POINT ( 'NONE',  ( 725.7793273776889009, 907.6677102095711689, 1315.532843379260839 ) ) ;
#2432 = ORIENTED_EDGE ( 'NONE', *, *, #1061, .F. ) ;
#2433 = CARTESIAN_POINT ( 'NONE',  ( 716.8498161789540291, 916.0689428001766146, 1311.617060534160828 ) ) ;
#2434 = ORIENTED_EDGE ( 'NONE', *, *, #4533, .F. ) ;
#2435 = DIRECTION ( 'NONE',  ( 0.1162306242541809864, -0.7463955445134943245, 0.6552740900691006454 ) ) ;
#2436 = CARTESIAN_POINT ( 'NONE',  ( 711.5627036204448359, 912.0343313273923513, 1308.975318085947492 ) ) ;
#2437 = CARTESIAN_POINT ( 'NONE',  ( 725.2868198488879443, 913.9617143646855766, 1309.456408594639925 ) ) ;
#2438 = ORIENTED_EDGE ( 'NONE', *, *, #4120, .T. ) ;
#2439 = ORIENTED_EDGE ( 'NONE', *, *, #4707, .F. ) ;
#2440 = EDGE_CURVE ( 'NONE', #2844, #5655, #3078, .T. ) ;
#2441 = CARTESIAN_POINT ( 'NONE',  ( 721.9007825503987306, 916.7062323539945510, 1305.870397465206224 ) ) ;
#2442 = CARTESIAN_POINT ( 'NONE',  ( 718.8628814843518740, 915.3475413490942856, 1305.863417791499387 ) ) ;
#2443 = CARTESIAN_POINT ( 'NONE',  ( 718.7917400848953093, 919.4506485289006150, 1322.044098589542727 ) ) ;
#2444 = CARTESIAN_POINT ( 'NONE',  ( 719.0779656590436844, 903.7058007781382685, 1316.584473697658268 ) ) ;
#2445 = CARTESIAN_POINT ( 'NONE',  ( 718.7917400848953093, 919.4506485289006150, 1322.044098589542727 ) ) ;
#2446 = CARTESIAN_POINT ( 'NONE',  ( 711.4914605457576045, 908.3543628034320818, 1311.942573268304386 ) ) ;
#2447 = CARTESIAN_POINT ( 'NONE',  ( 724.8195225824166528, 907.2285028261743491, 1315.355018333129692 ) ) ;
#2448 = ORIENTED_EDGE ( 'NONE', *, *, #6802, .T. ) ;
#2449 = ORIENTED_EDGE ( 'NONE', *, *, #2114, .T. ) ;
#2450 = CARTESIAN_POINT ( 'NONE',  ( 725.9780497281087719, 913.3702943267498995, 1308.251744654682852 ) ) ;
#2451 = CARTESIAN_POINT ( 'NONE',  ( 725.4804122735147303, 906.0096820741650845, 1314.782556628176280 ) ) ;
#2452 = CARTESIAN_POINT ( 'NONE',  ( 726.9042643361958653, 913.1519587667114592, 1308.902640846000168 ) ) ;
#2453 = CARTESIAN_POINT ( 'NONE',  ( 719.9595316967569261, 904.0445045840084504, 1315.724659234544561 ) ) ;
#2454 = CARTESIAN_POINT ( 'NONE',  ( 720.2482131785086494, 904.0669536894763496, 1315.731096139416877 ) ) ;
#2455 = VERTEX_POINT ( 'NONE', #1392 ) ;
#2456 = DIRECTION ( 'NONE',  ( -0.07317157541021195033, 0.6515180314347920332, 0.7550961364404676912 ) ) ;
#2457 = EDGE_CURVE ( 'NONE', #2575, #1058, #208, .T. ) ;
#2458 = DIRECTION ( 'NONE',  ( -0.3024593902758533348, -0.7959608214844917651, -0.5243707542337692207 ) ) ;
#2459 = PERSON_AND_ORGANIZATION ( #902, #2259 ) ;
#2460 = CARTESIAN_POINT ( 'NONE',  ( 719.4945763737276820, 916.6794773001165595, 1307.148223751293017 ) ) ;
#2461 = ORIENTED_EDGE ( 'NONE', *, *, #2440, .F. ) ;
#2462 = CARTESIAN_POINT ( 'NONE',  ( 725.6594678014281499, 914.2456037429500384, 1309.556778251401056 ) ) ;
#2463 = EDGE_CURVE ( 'NONE', #6269, #2418, #244, .T. ) ;
#2464 = VERTEX_POINT ( 'NONE', #3709 ) ;
#2465 = CARTESIAN_POINT ( 'NONE',  ( 711.8918941245140104, 911.3454668958852380, 1309.202907767015176 ) ) ;
#2466 = LINE ( 'NONE', #2042, #6405 ) ;
#2467 = CARTESIAN_POINT ( 'NONE',  ( 720.6649659208534331, 905.0789884832904590, 1317.546840113995358 ) ) ;
#2468 = EDGE_CURVE ( 'NONE', #1803, #6132, #3749, .T. ) ;
#2469 = ORIENTED_EDGE ( 'NONE', *, *, #565, .T. ) ;
#2470 = ORIENTED_EDGE ( 'NONE', *, *, #5130, .T. ) ;
#2471 = CARTESIAN_POINT ( 'NONE',  ( 727.6160008594778219, 910.9423395955271872, 1310.726622486618453 ) ) ;
#2472 = B_SPLINE_CURVE_WITH_KNOTS ( 'NONE', 3,
 ( #2684, #1115, #4378, #3339 ),
 .UNSPECIFIED., .F., .F.,
 ( 4, 4 ),
 ( 0.000000000000000000, 0.0008686782177528523229 ),
 .UNSPECIFIED. ) ;
#2473 = CARTESIAN_POINT ( 'NONE',  ( 715.4246439542495182, 910.5897016106323463, 1316.206598434582929 ) ) ;
#2474 = CARTESIAN_POINT ( 'NONE',  ( 718.7917400848953093, 919.4506485289006150, 1322.044098589542727 ) ) ;
#2475 = DIRECTION ( 'NONE',  ( 0.2438078779228505244, -0.7224679164172854717, 0.6469913665655999679 ) ) ;
#2476 = CARTESIAN_POINT ( 'NONE',  ( 715.0930559870000707, 905.9019325120106032, 1316.296842589275002 ) ) ;
#2477 = CARTESIAN_POINT ( 'NONE',  ( 726.5692046572319214, 911.5752158790917292, 1311.639889651042040 ) ) ;
#2478 = VERTEX_POINT ( 'NONE', #5783 ) ;
#2479 = ORIENTED_EDGE ( 'NONE', *, *, #4249, .F. ) ;
#2480 = AXIS2_PLACEMENT_3D ( 'NONE', #4798, #2243, #1091 ) ;
#2481 = CARTESIAN_POINT ( 'NONE',  ( 715.8405166789807481, 915.9222122063274583, 1307.588032989100157 ) ) ;
#2482 = DIRECTION ( 'NONE',  ( 0.3970643746160236742, -0.8051018167816227367, -0.4406256313762470511 ) ) ;
#2483 = CARTESIAN_POINT ( 'NONE',  ( 718.7917400848953093, 919.4506485289006150, 1322.044098589542727 ) ) ;
#2484 = CARTESIAN_POINT ( 'NONE',  ( 713.0454082985405648, 912.3972473606675067, 1308.059343767776227 ) ) ;
#2485 = CARTESIAN_POINT ( 'NONE',  ( 718.7917400848953093, 919.4506485289006150, 1322.044098589542727 ) ) ;
#2486 = LOCAL_TIME ( 21, 36, 40.00000000000000000, #2430 ) ;
#2487 = CARTESIAN_POINT ( 'NONE',  ( 712.8085128809753996, 909.7575832376321614, 1312.008946394468467 ) ) ;
#2488 = VERTEX_POINT ( 'NONE', #2073 ) ;
#2489 = CARTESIAN_POINT ( 'NONE',  ( 723.9963610758986761, 916.2711376294462298, 1306.524550153162636 ) ) ;
#2490 = CARTESIAN_POINT ( 'NONE',  ( 719.8286610700904475, 910.2179278277214962, 1311.343563233765735 ) ) ;
#2491 = COORDINATED_UNIVERSAL_TIME_OFFSET ( 5, 0, .BEHIND. ) ;
#2492 = ADVANCED_FACE ( 'NONE', ( #3189 ), #4675, .F. ) ;
#2493 = CARTESIAN_POINT ( 'NONE',  ( 726.4412498948358916, 906.1676034535729514, 1315.479080228309840 ) ) ;
#2494 = EDGE_LOOP ( 'NONE', ( #1282, #4818, #224, #2175 ) ) ;
#2495 = VECTOR ( 'NONE', #6144, 1000.000000000000114 ) ;
#2496 = DIRECTION ( 'NONE',  ( -0.7260450249240610887, -0.6701027216903877592, -0.1543404165024638564 ) ) ;
#2497 = AXIS2_PLACEMENT_3D ( 'NONE', #4805, #60, #2178 ) ;
#2498 = ORIENTED_EDGE ( 'NONE', *, *, #1986, .T. ) ;
#2499 = AXIS2_PLACEMENT_3D ( 'NONE', #588, #4846, #1173 ) ;
#2500 = EDGE_CURVE ( 'NONE', #1710, #6736, #5539, .T. ) ;
#2501 = CARTESIAN_POINT ( 'NONE',  ( 718.7917400848953093, 919.4506485289006150, 1322.044098589542727 ) ) ;
#2502 = DIRECTION ( 'NONE',  ( -0.2137206548752990376, 0.2383992483146277486, 0.9473591083019647918 ) ) ;
#2503 = CARTESIAN_POINT ( 'NONE',  ( 727.3432520345678540, 914.0028592404036090, 1308.806010051855992 ) ) ;
#2504 = AXIS2_PLACEMENT_3D ( 'NONE', #3198, #2787, #5340 ) ;
#2505 = ORIENTED_EDGE ( 'NONE', *, *, #3103, .F. ) ;
#2506 = EDGE_LOOP ( 'NONE', ( #5312, #3634, #3366, #506 ) ) ;
#2507 = EDGE_CURVE ( 'NONE', #6736, #198, #4703, .T. ) ;
#2508 = CARTESIAN_POINT ( 'NONE',  ( 727.3869312368290139, 910.8183581570622209, 1310.626989081637475 ) ) ;
#2509 = CARTESIAN_POINT ( 'NONE',  ( 713.3900120640228124, 905.5609300894802800, 1314.536801597378599 ) ) ;
#2510 = CARTESIAN_POINT ( 'NONE',  ( 722.3948344739734466, 915.6205857806958193, 1306.212319727519343 ) ) ;
#2511 = CARTESIAN_POINT ( 'NONE',  ( 713.6238095852081642, 913.1016691152782414, 1307.514444041115667 ) ) ;
#2512 = CARTESIAN_POINT ( 'NONE',  ( 715.8356486360326016, 905.9669362929271301, 1315.747879714457895 ) ) ;
#2513 = CARTESIAN_POINT ( 'NONE',  ( 723.4497508186731238, 906.3268759855426424, 1316.000231257524092 ) ) ;
#2514 = EDGE_LOOP ( 'NONE', ( #404, #3270, #6845, #66 ) ) ;
#2515 = ORIENTED_EDGE ( 'NONE', *, *, #3150, .T. ) ;
#2516 = CIRCLE ( 'NONE', #6057, 7.997732278218547819 ) ;
#2517 = ADVANCED_FACE ( 'NONE', ( #6660 ), #3096, .F. ) ;
#2518 = CARTESIAN_POINT ( 'NONE',  ( 722.0599770626783993, 915.9281034397474741, 1307.647892235884001 ) ) ;
#2519 = EDGE_CURVE ( 'NONE', #3627, #4537, #1142, .T. ) ;
#2520 = CARTESIAN_POINT ( 'NONE',  ( 723.6158059160803759, 915.3222815799289265, 1308.254835473485400 ) ) ;
#2521 = CARTESIAN_POINT ( 'NONE',  ( 722.8020544416308439, 906.1063107378936365, 1315.993431889159183 ) ) ;
#2522 = DIRECTION ( 'NONE',  ( 0.4059328251280552857, -0.3246871195210443983, -0.8542814617564182811 ) ) ;
#2523 = LINE ( 'NONE', #4436, #3941 ) ;
#2524 = VECTOR ( 'NONE', #3028, 1000.000000000000000 ) ;
#2525 = EDGE_LOOP ( 'NONE', ( #1759, #3761, #1199, #1724 ) ) ;
#2526 = CARTESIAN_POINT ( 'NONE',  ( 717.0278682967034456, 913.3411881251313389, 1314.412544035492601 ) ) ;
#2527 = CIRCLE ( 'NONE', #6391, 8.788285345454690756 ) ;
#2528 = VECTOR ( 'NONE', #798, 1000.000000000000114 ) ;
#2529 = EDGE_CURVE ( 'NONE', #4036, #3000, #3626, .T. ) ;
#2530 = CARTESIAN_POINT ( 'NONE',  ( 727.1150202998492205, 907.9962518224469932, 1313.220042435009191 ) ) ;
#2531 = CALENDAR_DATE ( 2026, 16, 4 ) ;
#2532 = CARTESIAN_POINT ( 'NONE',  ( 712.5111152895869964, 913.5703020576123663, 1307.727481834555192 ) ) ;
#2533 = ORIENTED_EDGE ( 'NONE', *, *, #1177, .F. ) ;
#2534 = CARTESIAN_POINT ( 'NONE',  ( 719.8286610700904475, 910.2179278277214962, 1311.343563233765735 ) ) ;
#2535 = AXIS2_PLACEMENT_3D ( 'NONE', #1848, #152, #5944 ) ;
#2536 = ORIENTED_EDGE ( 'NONE', *, *, #5726, .F. ) ;
#2537 = CARTESIAN_POINT ( 'NONE',  ( 720.4493892877072767, 915.8915066050877840, 1305.839195043810832 ) ) ;
#2538 = AXIS2_PLACEMENT_3D ( 'NONE', #1023, #4735, #2102 ) ;
#2539 = CARTESIAN_POINT ( 'NONE',  ( 718.7917400848953093, 919.4506485289006150, 1322.044098589542727 ) ) ;
#2540 = CARTESIAN_POINT ( 'NONE',  ( 713.4633371542402074, 912.2935844097813742, 1309.750054761940191 ) ) ;
#2541 = CARTESIAN_POINT ( 'NONE',  ( 719.8286610700904475, 910.2179278277214962, 1311.343563233765735 ) ) ;
#2542 = ORIENTED_EDGE ( 'NONE', *, *, #3307, .F. ) ;
#2543 = EDGE_CURVE ( 'NONE', #5483, #1270, #4862, .T. ) ;
#2544 = ORIENTED_EDGE ( 'NONE', *, *, #1137, .F. ) ;
#2545 = CARTESIAN_POINT ( 'NONE',  ( 724.1835510355322185, 914.5887493092634486, 1313.604878521834053 ) ) ;
#2546 = CARTESIAN_POINT ( 'NONE',  ( 718.7917400848953093, 919.4506485289006150, 1322.044098589542727 ) ) ;
#2547 = CARTESIAN_POINT ( 'NONE',  ( 718.7917400848950820, 919.4506485289003876, 1322.044098589542955 ) ) ;
#2548 = CARTESIAN_POINT ( 'NONE',  ( 720.7331550859737490, 915.8035592226530071, 1307.425808783569892 ) ) ;
#2549 = CARTESIAN_POINT ( 'NONE',  ( 718.7917400848953093, 919.4506485289006150, 1322.044098589542727 ) ) ;
#2550 = CARTESIAN_POINT ( 'NONE',  ( 717.6471875659420903, 905.5861868795104783, 1315.942815041341191 ) ) ;
#2551 = ORIENTED_EDGE ( 'NONE', *, *, #4909, .F. ) ;
#2552 = ADVANCED_FACE ( 'NONE', ( #1249 ), #1736, .F. ) ;
#2553 = EDGE_LOOP ( 'NONE', ( #3014, #4454, #6519, #6235 ) ) ;
#2554 = CARTESIAN_POINT ( 'NONE',  ( 719.4735574396030415, 905.4188876975281346, 1316.264016158863797 ) ) ;
#2555 = CARTESIAN_POINT ( 'NONE',  ( 711.8079155078518170, 907.1507409327823552, 1313.212778173380457 ) ) ;
#2556 = CARTESIAN_POINT ( 'NONE',  ( 712.2550116535293228, 909.4429725194686398, 1310.402296720862296 ) ) ;
#2557 = CARTESIAN_POINT ( 'NONE',  ( 713.3101587592456099, 912.1936534339470199, 1308.039418338344376 ) ) ;
#2558 = DIRECTION ( 'NONE',  ( -0.4726616233399810185, 0.3933105878964022750, 0.7886049526031397860 ) ) ;
#2559 = CARTESIAN_POINT ( 'NONE',  ( 720.7490831453314968, 904.1640520884184298, 1315.611940912825048 ) ) ;
#2560 = ORIENTED_EDGE ( 'NONE', *, *, #1046, .F. ) ;
#2561 = CARTESIAN_POINT ( 'NONE',  ( 719.8863584995044675, 909.7041912377968629, 1310.748152983421733 ) ) ;
#2562 = EDGE_CURVE ( 'NONE', #3480, #5773, #328, .T. ) ;
#2563 = CARTESIAN_POINT ( 'NONE',  ( 726.9870123675464129, 907.9766021933436377, 1313.113855625383394 ) ) ;
#2564 = DIRECTION ( 'NONE',  ( 0.1512544198356005620, -0.2419389299803197668, -0.9584297859729598024 ) ) ;
#2565 = B_SPLINE_CURVE_WITH_KNOTS ( 'NONE', 3,
 ( #5021, #4564, #344, #856, #1966, #6129, #4597, #6067 ),
 .UNSPECIFIED., .F., .F.,
 ( 4, 2, 2, 4 ),
 ( 0.000000000000000000, 0.0006560729127572980778, 0.0009841093691360179151, 0.001312145825514737969 ),
 .UNSPECIFIED. ) ;
#2566 = CARTESIAN_POINT ( 'NONE',  ( 724.2476005432863531, 916.2003765929883912, 1306.595488401172815 ) ) ;
#2567 = ORIENTED_EDGE ( 'NONE', *, *, #186, .F. ) ;
#2568 = DIRECTION ( 'NONE',  ( 0.1162306242541561591, -0.7463955445135177502, 0.6552740900690781078 ) ) ;
#2569 = ORIENTED_EDGE ( 'NONE', *, *, #4337, .F. ) ;
#2570 = CARTESIAN_POINT ( 'NONE',  ( 718.7917400848953093, 919.4506485289006150, 1322.044098589542727 ) ) ;
#2571 = CARTESIAN_POINT ( 'NONE',  ( 721.5899713169596907, 916.7781179375650709, 1318.042847112141317 ) ) ;
#2572 = CARTESIAN_POINT ( 'NONE',  ( 724.6509409288931920, 905.5612296329246647, 1314.861022035725455 ) ) ;
#2573 = CARTESIAN_POINT ( 'NONE',  ( 716.0376090234249205, 913.0731168953174119, 1317.412409102655602 ) ) ;
#2574 = CARTESIAN_POINT ( 'NONE',  ( 711.6765054838017477, 908.8057629454159496, 1311.355355773333486 ) ) ;
#2575 = VERTEX_POINT ( 'NONE', #5367 ) ;
#2576 = CARTESIAN_POINT ( 'NONE',  ( 713.6897286671041911, 905.5387256216820333, 1314.387343020892104 ) ) ;
#2577 = EDGE_CURVE ( 'NONE', #6591, #6616, #5366, .T. ) ;
#2578 = CARTESIAN_POINT ( 'NONE',  ( 722.3322257998984242, 916.2834237953213687, 1306.052435504754385 ) ) ;
#2579 = CARTESIAN_POINT ( 'NONE',  ( 711.1434608857498461, 910.3731953990087504, 1310.300350489884750 ) ) ;
#2580 = CARTESIAN_POINT ( 'NONE',  ( 713.0694093458125735, 913.7279647662273874, 1309.212760522788130 ) ) ;
#2581 = CARTESIAN_POINT ( 'NONE',  ( 718.7917400848953093, 919.4506485289006150, 1322.044098589542727 ) ) ;
#2582 = ORIENTED_EDGE ( 'NONE', *, *, #6348, .F. ) ;
#2583 = ORIENTED_EDGE ( 'NONE', *, *, #4746, .F. ) ;
#2584 = DIRECTION ( 'NONE',  ( 0.1162306242541731038, -0.7463955445134947686, 0.6552740900691014225 ) ) ;
#2585 = CARTESIAN_POINT ( 'NONE',  ( 725.7276119431766119, 908.3396143260031295, 1314.350103610394854 ) ) ;
#2586 = CARTESIAN_POINT ( 'NONE',  ( 715.5496177876905222, 904.6353384623254215, 1315.119491043531525 ) ) ;
#2587 = EDGE_CURVE ( 'NONE', #177, #2838, #3807, .T. ) ;
#2588 = CARTESIAN_POINT ( 'NONE',  ( 722.3837932815767999, 904.2204976345682326, 1316.304006428260664 ) ) ;
#2589 = CARTESIAN_POINT ( 'NONE',  ( 722.7356010158830486, 916.1688879950382898, 1315.464025004178211 ) ) ;
#2590 = CARTESIAN_POINT ( 'NONE',  ( 712.4697228721800002, 909.7826754310904107, 1312.211685980573066 ) ) ;
#2591 = ORIENTED_EDGE ( 'NONE', *, *, #5898, .F. ) ;
#2592 = DIRECTION ( 'NONE',  ( 0.8494766652072786028, 0.4373973552252093944, -0.2950812581481803698 ) ) ;
#2593 = ORIENTED_EDGE ( 'NONE', *, *, #2983, .F. ) ;
#2594 = CARTESIAN_POINT ( 'NONE',  ( 727.2672908782855075, 907.9879423588890859, 1313.386368704532742 ) ) ;
#2595 = VECTOR ( 'NONE', #3782, 1000.000000000000114 ) ;
#2596 = CARTESIAN_POINT ( 'NONE',  ( 720.3170356718014773, 916.1161524079864193, 1307.316740944080266 ) ) ;
#2597 = EDGE_CURVE ( 'NONE', #6110, #6132, #3818, .T. ) ;
#2598 = CARTESIAN_POINT ( 'NONE',  ( 724.2352048109182761, 915.5247673741694143, 1306.774994999592991 ) ) ;
#2599 = ORIENTED_EDGE ( 'NONE', *, *, #1797, .F. ) ;
#2600 = CARTESIAN_POINT ( 'NONE',  ( 719.4952054422785750, 913.1870090998544356, 1314.784667990955313 ) ) ;
#2601 = VERTEX_POINT ( 'NONE', #4295 ) ;
#2602 = B_SPLINE_SURFACE_WITH_KNOTS ( 'NONE', 3, 1, ( 
 ( #4105, #427 ),
 ( #3653, #5762 ),
 ( #494, #6314 ),
 ( #2085, #4205 ),
 ( #3510, #5631 ),
 ( #4341, #5793 ),
 ( #3303, #6 ),
 ( #1569, #2118 ),
 ( #3683, #6417 ),
 ( #671, #2228 ),
 ( #5870, #6345 ),
 ( #5277, #5938 ) ),
 .UNSPECIFIED., .F., .F., .F.,
 ( 4, 1, 1, 1, 2, 1, 1, 1, 4 ),
 ( 2, 2 ),
 ( 0.000000000000000000, 0.2143883571535014076, 0.4287767143070028153, 0.6431650714605041674, 0.8575534286140056306, 0.8931650714605041674, 0.9287767143070029263, 0.9643883571535014632, 1.000000000000000000 ),
 ( 0.000000000000000000, 1.000000000000000000 ),
 .UNSPECIFIED. ) ;
#2603 = CARTESIAN_POINT ( 'NONE',  ( 715.0291495057182374, 906.2665693686142276, 1315.555711063381068 ) ) ;
#2604 = EDGE_CURVE ( 'NONE', #6080, #2923, #5451, .T. ) ;
#2605 = CARTESIAN_POINT ( 'NONE',  ( 720.9587602494431167, 905.2614707576631190, 1317.141883395609511 ) ) ;
#2606 = FACE_OUTER_BOUND ( 'NONE', #3840, .T. ) ;
#2607 = CARTESIAN_POINT ( 'NONE',  ( 718.7917400848953093, 919.4506485289006150, 1322.044098589542727 ) ) ;
#2608 = CARTESIAN_POINT ( 'NONE',  ( 722.5199060671798179, 915.5054238136958702, 1307.856238995166905 ) ) ;
#2609 = ORIENTED_EDGE ( 'NONE', *, *, #5980, .T. ) ;
#2610 = CIRCLE ( 'NONE', #4379, 8.788285345454690756 ) ;
#2611 = LINE ( 'NONE', #5725, #6799 ) ;
#2612 = FACE_BOUND ( 'NONE', #5280, .T. ) ;
#2613 = CARTESIAN_POINT ( 'NONE',  ( 713.5333185291093514, 913.1608497486064380, 1307.525089495085240 ) ) ;
#2614 = CARTESIAN_POINT ( 'NONE',  ( 722.7106174294408447, 906.0230552530226760, 1316.135186698922098 ) ) ;
#2615 = CARTESIAN_POINT ( 'NONE',  ( 718.7917400848953093, 919.4506485289006150, 1322.044098589542727 ) ) ;
#2616 = ORIENTED_EDGE ( 'NONE', *, *, #1789, .F. ) ;
#2617 = ORIENTED_EDGE ( 'NONE', *, *, #283, .T. ) ;
#2618 = AXIS2_PLACEMENT_3D ( 'NONE', #3861, #5976, #1220 ) ;
#2619 = CARTESIAN_POINT ( 'NONE',  ( 715.8589325217066062, 915.6967457763142875, 1307.643844774196396 ) ) ;
#2620 = CARTESIAN_POINT ( 'NONE',  ( 718.7917400848953093, 919.4506485289006150, 1322.044098589542727 ) ) ;
#2621 = FACE_OUTER_BOUND ( 'NONE', #1408, .T. ) ;
#2622 = DIRECTION ( 'NONE',  ( -0.08738503600414197769, 0.9265711146862918302, 0.3658275890519431806 ) ) ;
#2623 = CARTESIAN_POINT ( 'NONE',  ( 725.3291468564860907, 913.9193326368350654, 1309.497154123396740 ) ) ;
#2624 = DIRECTION ( 'NONE',  ( 0.6012576400532945176, 0.7984332684526133095, 0.03152088364275612564 ) ) ;
#2625 = CARTESIAN_POINT ( 'NONE',  ( 716.7202420086707662, 903.8525337516371110, 1316.458914226581101 ) ) ;
#2626 = ORIENTED_EDGE ( 'NONE', *, *, #6628, .T. ) ;
#2627 = ORIENTED_EDGE ( 'NONE', *, *, #1685, .T. ) ;
#2628 = EDGE_CURVE ( 'NONE', #1969, #1542, #1386, .T. ) ;
#2629 = CARTESIAN_POINT ( 'NONE',  ( 718.7917400848953093, 919.4506485289006150, 1322.044098589542727 ) ) ;
#2630 = PLANE ( 'NONE',  #2645 ) ;
#2631 = CARTESIAN_POINT ( 'NONE',  ( 718.7917400848953093, 919.4506485289006150, 1322.044098589542727 ) ) ;
#2632 = EDGE_LOOP ( 'NONE', ( #2345, #1739, #1932, #6700 ) ) ;
#2633 = CARTESIAN_POINT ( 'NONE',  ( 719.4952054422785750, 915.0798233806596045, 1313.151494975509650 ) ) ;
#2634 = AXIS2_PLACEMENT_3D ( 'NONE', #714, #3938, #784 ) ;
#2635 = CONICAL_SURFACE ( 'NONE', #5401, 8.788285345454690756, 0.5551083433337287154 ) ;
#2636 = ADVANCED_FACE ( 'NONE', ( #5966 ), #611, .F. ) ;
#2637 = CARTESIAN_POINT ( 'NONE',  ( 714.3015999233997491, 905.5742481287842338, 1313.938662036797723 ) ) ;
#2638 = CARTESIAN_POINT ( 'NONE',  ( 713.1152332857611782, 905.6184827165732258, 1314.661537219086313 ) ) ;
#2639 = CARTESIAN_POINT ( 'NONE',  ( 718.7917400848953093, 919.4506485289006150, 1322.044098589542727 ) ) ;
#2640 = VECTOR ( 'NONE', #3981, 1000.000000000000227 ) ;
#2641 = CARTESIAN_POINT ( 'NONE',  ( 727.0702702325213522, 912.3194400886715130, 1309.441003388315949 ) ) ;
#2642 = CARTESIAN_POINT ( 'NONE',  ( 722.4536811136654251, 915.5241550257774179, 1307.833625274792439 ) ) ;
#2643 = VERTEX_POINT ( 'NONE', #890 ) ;
#2644 = EDGE_CURVE ( 'NONE', #4027, #2131, #3884, .T. ) ;
#2645 = AXIS2_PLACEMENT_3D ( 'NONE', #5849, #2000, #3080 ) ;
#2646 = CARTESIAN_POINT ( 'NONE',  ( 714.2485367804348471, 905.5572676645083448, 1313.991478086599955 ) ) ;
#2647 = CARTESIAN_POINT ( 'NONE',  ( 718.7917400848950820, 919.4506485289003876, 1322.044098589542955 ) ) ;
#2648 = CARTESIAN_POINT ( 'NONE',  ( 712.1037865724988478, 910.3205260429764394, 1309.788119111106425 ) ) ;
#2649 = CARTESIAN_POINT ( 'NONE',  ( 718.5591765237545587, 915.8681645021177928, 1307.293826575755929 ) ) ;
#2650 = CARTESIAN_POINT ( 'NONE',  ( 726.2547095990394155, 906.6296908564955856, 1314.436070630971017 ) ) ;
#2651 = VERTEX_POINT ( 'NONE', #6615 ) ;
#2652 = VERTEX_POINT ( 'NONE', #5578 ) ;
#2653 = CARTESIAN_POINT ( 'NONE',  ( 726.8660327125369349, 908.6768124845898456, 1315.043443138194334 ) ) ;
#2654 = CARTESIAN_POINT ( 'NONE',  ( 714.9843909612318384, 906.6922873345514517, 1314.730205820124411 ) ) ;
#2655 = CARTESIAN_POINT ( 'NONE',  ( 722.9309878302107109, 906.1619865603145172, 1315.957818416477721 ) ) ;
#2656 = CARTESIAN_POINT ( 'NONE',  ( 718.7917400848953093, 919.4506485289006150, 1322.044098589542727 ) ) ;
#2657 = DIRECTION ( 'NONE',  ( -0.07317157541021195033, 0.6515180314347920332, 0.7550961364404676912 ) ) ;
#2658 = CARTESIAN_POINT ( 'NONE',  ( 718.7917400848953093, 919.4506485289006150, 1322.044098589542727 ) ) ;
#2659 = ORIENTED_EDGE ( 'NONE', *, *, #5588, .F. ) ;
#2660 = FACE_OUTER_BOUND ( 'NONE', #859, .T. ) ;
#2661 = DIRECTION ( 'NONE',  ( -0.3801069158239053225, -0.7181976359504229634, 0.5828472254871444047 ) ) ;
#2662 = DIRECTION ( 'NONE',  ( -0.2950394713789166734, -0.3940148348961762248, -0.8704619579339399893 ) ) ;
#2663 = B_SPLINE_CURVE_WITH_KNOTS ( 'NONE', 3,
 ( #1566, #4132, #6247, #1983, #4101, #3574, #3680, #5175 ),
 .UNSPECIFIED., .F., .F.,
 ( 4, 2, 2, 4 ),
 ( 2.482534153247273118E-16, 0.0006957517735689940043, 0.001043627660353366919, 0.001391503547137739726 ),
 .UNSPECIFIED. ) ;
#2664 = DIRECTION ( 'NONE',  ( 0.07317157541021193645, -0.6515180314347919222, -0.7550961364404674692 ) ) ;
#2665 = EDGE_CURVE ( 'NONE', #4006, #6413, #5114, .T. ) ;
#2666 = EDGE_LOOP ( 'NONE', ( #461, #1953, #5780, #2775 ) ) ;
#2667 = CARTESIAN_POINT ( 'NONE',  ( 726.5942319283064990, 910.4934941781442603, 1312.575454434875610 ) ) ;
#2668 = CARTESIAN_POINT ( 'NONE',  ( 713.9159713990103455, 905.5382758125367673, 1314.263278213356898 ) ) ;
#2669 = CARTESIAN_POINT ( 'NONE',  ( 728.6090863631270622, 911.0884397723657457, 1311.428854149754898 ) ) ;
#2670 = CARTESIAN_POINT ( 'NONE',  ( 721.6282914484023649, 916.6382969777056360, 1318.170394959895475 ) ) ;
#2671 = CARTESIAN_POINT ( 'NONE',  ( 725.6573711962189464, 906.0109254770679854, 1314.943295268310749 ) ) ;
#2672 = ADVANCED_FACE ( 'NONE', ( #4052 ), #6473, .F. ) ;
#2673 = CARTESIAN_POINT ( 'NONE',  ( 727.3853207399727125, 912.4865953075651532, 1309.573303311820837 ) ) ;
#2674 = CARTESIAN_POINT ( 'NONE',  ( 718.7917400848953093, 919.4506485289006150, 1322.044098589542727 ) ) ;
#2675 = ORIENTED_EDGE ( 'NONE', *, *, #3717, .F. ) ;
#2676 = CARTESIAN_POINT ( 'NONE',  ( 715.6597695049968024, 914.8292063584407288, 1306.334611278468174 ) ) ;
#2677 = EDGE_CURVE ( 'NONE', #976, #4537, #5623, .T. ) ;
#2678 = CARTESIAN_POINT ( 'NONE',  ( 725.4293759009701716, 913.8565646221811676, 1307.786420071004613 ) ) ;
#2679 = CARTESIAN_POINT ( 'NONE',  ( 727.5156831512438202, 911.8517699111146158, 1312.231490564882506 ) ) ;
#2680 = CARTESIAN_POINT ( 'NONE',  ( 718.5024232950889882, 916.0549090734531319, 1307.257906776694426 ) ) ;
#2681 = CARTESIAN_POINT ( 'NONE',  ( 720.2506763298018768, 903.9579824292277408, 1316.046039845400628 ) ) ;
#2682 = ORIENTED_EDGE ( 'NONE', *, *, #844, .T. ) ;
#2683 = ORIENTED_EDGE ( 'NONE', *, *, #312, .F. ) ;
#2684 = CARTESIAN_POINT ( 'NONE',  ( 712.4164064904854285, 908.7523291732428561, 1310.929492647603411 ) ) ;
#2685 = CARTESIAN_POINT ( 'NONE',  ( 717.6951034687975834, 915.4601384544423581, 1307.427937133487148 ) ) ;
#2686 = CARTESIAN_POINT ( 'NONE',  ( 718.7917400848950820, 919.4506485289003876, 1322.044098589542955 ) ) ;
#2687 = APPROVAL ( #4598, 'UNSPECIFIED' ) ;
#2688 = CARTESIAN_POINT ( 'NONE',  ( 718.7917400848953093, 919.4506485289006150, 1322.044098589542727 ) ) ;
#2689 = LINE ( 'NONE', #3141, #831 ) ;
#2690 = CARTESIAN_POINT ( 'NONE',  ( 725.9852654008927857, 915.2488984848085920, 1307.599298729940529 ) ) ;
#2691 = ORIENTED_EDGE ( 'NONE', *, *, #2201, .F. ) ;
#2692 = VERTEX_POINT ( 'NONE', #2360 ) ;
#2693 = ORIENTED_EDGE ( 'NONE', *, *, #4663, .T. ) ;
#2694 = CARTESIAN_POINT ( 'NONE',  ( 715.8431549222869990, 916.1473144475894514, 1307.529528296865692 ) ) ;
#2695 = CARTESIAN_POINT ( 'NONE',  ( 721.2640887799259417, 903.9967330313916136, 1316.305423800903100 ) ) ;
#2696 = CARTESIAN_POINT ( 'NONE',  ( 723.0664678637156157, 915.1220745565922243, 1316.325633329764742 ) ) ;
#2697 = CARTESIAN_POINT ( 'NONE',  ( 720.1999277102324868, 906.9121781678747993, 1307.512266668277789 ) ) ;
#2698 = ORIENTED_EDGE ( 'NONE', *, *, #133, .F. ) ;
#2699 = CARTESIAN_POINT ( 'NONE',  ( 718.7917400848953093, 919.4506485289006150, 1322.044098589542727 ) ) ;
#2700 = AXIS2_PLACEMENT_3D ( 'NONE', #1247, #3357, #727 ) ;
#2701 = EDGE_CURVE ( 'NONE', #1426, #1326, #6642, .T. ) ;
#2702 = DIRECTION ( 'NONE',  ( 0.3125683575468521935, 0.7976271876933332949, 0.5158409554435235966 ) ) ;
#2703 = CARTESIAN_POINT ( 'NONE',  ( 726.8794565108507868, 912.1577996994450359, 1309.385268487979602 ) ) ;
#2704 = CARTESIAN_POINT ( 'NONE',  ( 713.4766502497037663, 913.9824260999582748, 1308.932319264767557 ) ) ;
#2705 = CARTESIAN_POINT ( 'NONE',  ( 725.5088176131359887, 906.0001560785754009, 1314.814851457844952 ) ) ;
#2706 = CARTESIAN_POINT ( 'NONE',  ( 721.3033647041094127, 904.0956838297662443, 1316.022390748380303 ) ) ;
#2707 = CARTESIAN_POINT ( 'NONE',  ( 713.0864851327136194, 911.3395082193101189, 1310.536526374939285 ) ) ;
#2708 = EDGE_LOOP ( 'NONE', ( #5263, #4831, #5812, #2088 ) ) ;
#2709 = B_SPLINE_CURVE_WITH_KNOTS ( 'NONE', 3,
 ( #1937, #4054, #3533, #3015, #5129, #5890, #5362, #619 ),
 .UNSPECIFIED., .F., .F.,
 ( 4, 2, 2, 4 ),
 ( 0.000000000000000000, 0.0006957517735686584437, 0.001043627660352847803, 0.001391503547137037163 ),
 .UNSPECIFIED. ) ;
#2710 = EDGE_CURVE ( 'NONE', #5361, #216, #1350, .T. ) ;
#2711 = CARTESIAN_POINT ( 'NONE',  ( 712.2129939473388731, 912.7014685539140828, 1310.150924487655629 ) ) ;
#2712 = CARTESIAN_POINT ( 'NONE',  ( 719.6155178482432575, 914.3671478038666010, 1319.931767708661255 ) ) ;
#2713 = CARTESIAN_POINT ( 'NONE',  ( 727.5308848221777680, 910.1401602242941635, 1313.845252445993765 ) ) ;
#2714 = LINE ( 'NONE', #71, #2407 ) ;
#2715 = CARTESIAN_POINT ( 'NONE',  ( 727.6007000396670037, 908.7423008245940537, 1312.774904016525397 ) ) ;
#2716 = ORIENTED_EDGE ( 'NONE', *, *, #6603, .T. ) ;
#2717 = ORIENTED_EDGE ( 'NONE', *, *, #226, .F. ) ;
#2718 = B_SPLINE_CURVE_WITH_KNOTS ( 'NONE', 3,
 ( #5643, #2911, #885, #3008 ),
 .UNSPECIFIED., .F., .F.,
 ( 4, 4 ),
 ( 0.000000000000000000, 0.0008686782177528506966 ),
 .UNSPECIFIED. ) ;
#2719 = ADVANCED_FACE ( 'NONE', ( #6649 ), #6131, .F. ) ;
#2720 = CARTESIAN_POINT ( 'NONE',  ( 723.0750396297833049, 904.7089924242518464, 1315.480482374486883 ) ) ;
#2721 = B_SPLINE_CURVE_WITH_KNOTS ( 'NONE', 3,
 ( #6771, #4625, #944, #6255, #1506, #3689, #4756, #2091 ),
 .UNSPECIFIED., .F., .F.,
 ( 4, 2, 2, 4 ),
 ( 0.000000000000000000, 0.0003785376244287662058, 0.0007570752488575324115, 0.001514150497715337825 ),
 .UNSPECIFIED. ) ;
#2722 = AXIS2_PLACEMENT_3D ( 'NONE', #1509, #2657, #14 ) ;
#2723 = CARTESIAN_POINT ( 'NONE',  ( 713.2125720793078472, 908.8725152550164239, 1312.677383032848184 ) ) ;
#2724 = FACE_OUTER_BOUND ( 'NONE', #1275, .T. ) ;
#2725 = CARTESIAN_POINT ( 'NONE',  ( 718.7917400848950820, 919.4506485289003876, 1322.044098589542955 ) ) ;
#2726 = CARTESIAN_POINT ( 'NONE',  ( 718.7917400848953093, 919.4506485289006150, 1322.044098589542727 ) ) ;
#2727 = CARTESIAN_POINT ( 'NONE',  ( 725.1782856708395002, 907.2450665808347594, 1315.694924733945754 ) ) ;
#2728 = CARTESIAN_POINT ( 'NONE',  ( 718.7917400848953093, 919.4506485289006150, 1322.044098589542727 ) ) ;
#2729 = EDGE_LOOP ( 'NONE', ( #1905, #717, #6139, #4949 ) ) ;
#2730 = VERTEX_POINT ( 'NONE', #6035 ) ;
#2731 = EDGE_CURVE ( 'NONE', #1581, #4230, #1436, .T. ) ;
#2732 = B_SPLINE_CURVE_WITH_KNOTS ( 'NONE', 3,
 ( #2278, #3485, #752, #6091, #5050, #6570, #302, #2350 ),
 .UNSPECIFIED., .F., .F.,
 ( 4, 2, 2, 4 ),
 ( 0.000000000000000000, 0.0002966949978377649596, 0.0005933899956755299193, 0.001186779991351840898 ),
 .UNSPECIFIED. ) ;
#2733 = LINE ( 'NONE', #2171, #6573 ) ;
#2734 = CARTESIAN_POINT ( 'NONE',  ( 718.7917400848953093, 919.4506485289006150, 1322.044098589542727 ) ) ;
#2735 = CARTESIAN_POINT ( 'NONE',  ( 715.0460360537636006, 914.4825712538156495, 1312.817419431655026 ) ) ;
#2736 = DIRECTION ( 'NONE',  ( 0.2345083664723418837, 0.8587921086729120024, 0.4555018552493579898 ) ) ;
#2737 = ORIENTED_EDGE ( 'NONE', *, *, #2281, .T. ) ;
#2738 = B_SPLINE_CURVE_WITH_KNOTS ( 'NONE', 1,
 ( #4885, #1171 ),
 .UNSPECIFIED., .F., .F.,
 ( 2, 2 ),
 ( 0.000000000000000000, 0.001499999999999915463 ),
 .UNSPECIFIED. ) ;
#2739 = LINE ( 'NONE', #1209, #1070 ) ;
#2740 = B_SPLINE_CURVE_WITH_KNOTS ( 'NONE', 3,
 ( #237, #818, #6024, #2937 ),
 .UNSPECIFIED., .F., .F.,
 ( 4, 4 ),
 ( 0.000000000000000000, 0.0008686782177528531903 ),
 .UNSPECIFIED. ) ;
#2741 = CARTESIAN_POINT ( 'NONE',  ( 711.8656899991772207, 909.6846073406693449, 1312.720301561782435 ) ) ;
#2742 = CARTESIAN_POINT ( 'NONE',  ( 713.9991394879556310, 911.1270025978458307, 1316.029510244984294 ) ) ;
#2743 = CARTESIAN_POINT ( 'NONE',  ( 726.3934796865123644, 906.1324800582983698, 1315.437140660241766 ) ) ;
#2744 = CARTESIAN_POINT ( 'NONE',  ( 721.2844590918763288, 904.0168502770574150, 1316.232979572796467 ) ) ;
#2745 = CARTESIAN_POINT ( 'NONE',  ( 717.9052781629092124, 916.5527024675261600, 1305.623744045626154 ) ) ;
#2746 = VECTOR ( 'NONE', #5471, 1000.000000000000227 ) ;
#2747 = EDGE_LOOP ( 'NONE', ( #3112, #4439, #3482, #3470 ) ) ;
#2748 = AXIS2_PLACEMENT_3D ( 'NONE', #808, #2373, #2927 ) ;
#2749 = LINE ( 'NONE', #3196, #1716 ) ;
#2750 = CARTESIAN_POINT ( 'NONE',  ( 721.8262095113963142, 904.3279429290739699, 1315.660988618566762 ) ) ;
#2751 = CARTESIAN_POINT ( 'NONE',  ( 719.7353845055382635, 911.0484602219646604, 1312.306133372769409 ) ) ;
#2752 = PRODUCT_DEFINITION_SHAPE ( 'NONE', 'NONE',  #1546 ) ;
#2753 = CARTESIAN_POINT ( 'NONE',  ( 725.2995331999197788, 907.8168949602566045, 1314.759638080506193 ) ) ;
#2754 = EDGE_CURVE ( 'NONE', #1202, #3440, #5521, .T. ) ;
#2755 = LINE ( 'NONE', #185, #2084 ) ;
#2756 = VERTEX_POINT ( 'NONE', #6715 ) ;
#2757 = AXIS2_PLACEMENT_3D ( 'NONE', #4589, #6606, #6705 ) ;
#2758 = ORIENTED_EDGE ( 'NONE', *, *, #179, .T. ) ;
#2759 = FACE_OUTER_BOUND ( 'NONE', #354, .T. ) ;
#2760 = CARTESIAN_POINT ( 'NONE',  ( 714.4472614448825425, 906.7875331801753873, 1314.905306012999972 ) ) ;
#2761 = CARTESIAN_POINT ( 'NONE',  ( 712.0253626252188042, 908.8286768847156054, 1311.116882772913414 ) ) ;
#2762 = CIRCLE ( 'NONE', #6626, 8.788285345454690756 ) ;
#2763 = CARTESIAN_POINT ( 'NONE',  ( 718.7917400848953093, 919.4506485289006150, 1322.044098589542727 ) ) ;
#2764 = DIRECTION ( 'NONE',  ( -0.07317157541021195033, 0.6515180314347920332, 0.7550961364404676912 ) ) ;
#2765 = CARTESIAN_POINT ( 'NONE',  ( 724.8786648785767284, 907.2187793877773174, 1315.435681373922534 ) ) ;
#2766 = ADVANCED_FACE ( 'NONE', ( #923 ), #1721, .F. ) ;
#2767 = CARTESIAN_POINT ( 'NONE',  ( 719.3292777157672617, 905.4183316214665638, 1316.250645928448193 ) ) ;
#2768 = EDGE_LOOP ( 'NONE', ( #4238, #3399, #6537, #125 ) ) ;
#2769 = ORIENTED_EDGE ( 'NONE', *, *, #2357, .T. ) ;
#2770 = CARTESIAN_POINT ( 'NONE',  ( 718.7917400848953093, 919.4506485289006150, 1322.044098589542727 ) ) ;
#2771 = CARTESIAN_POINT ( 'NONE',  ( 716.5873906671314444, 904.4564333425090581, 1315.032883633147094 ) ) ;
#2772 = CARTESIAN_POINT ( 'NONE',  ( 713.9117833325882430, 907.3129904367192466, 1314.355828490657586 ) ) ;
#2773 = CARTESIAN_POINT ( 'NONE',  ( 717.4706099372866674, 915.6745374385557170, 1305.861886108852332 ) ) ;
#2774 = ADVANCED_FACE ( 'NONE', ( #3044 ), #668, .F. ) ;
#2775 = ORIENTED_EDGE ( 'NONE', *, *, #2562, .F. ) ;
#2776 = CARTESIAN_POINT ( 'NONE',  ( 718.7917400848953093, 919.4506485289006150, 1322.044098589542727 ) ) ;
#2777 = B_SPLINE_SURFACE_WITH_KNOTS ( 'NONE', 3, 1, ( 
 ( #4300, #4745 ),
 ( #5414, #6412 ),
 ( #1699, #6862 ),
 ( #2674, #2112 ),
 ( #5335, #3822 ),
 ( #590, #5372 ),
 ( #1104, #2745 ),
 ( #4810, #4262 ) ),
 .UNSPECIFIED., .F., .F., .F.,
 ( 4, 1, 1, 1, 1, 4 ),
 ( 2, 2 ),
 ( 0.000000000000000000, 0.3581071372195973046, 0.4566366301078926271, 0.6536956158844833276, 0.7882359431063625799, 1.000000000000000000 ),
 ( 0.000000000000000000, 1.000000000000000000 ),
 .UNSPECIFIED. ) ;
#2778 = CARTESIAN_POINT ( 'NONE',  ( 719.1045564148620315, 915.7500611342870798, 1307.314171005621347 ) ) ;
#2779 = CARTESIAN_POINT ( 'NONE',  ( 728.3768300920963839, 911.1006339986993225, 1311.260520755770358 ) ) ;
#2780 = CARTESIAN_POINT ( 'NONE',  ( 725.9428100225301250, 906.6669315397244873, 1314.039589897065071 ) ) ;
#2781 = CARTESIAN_POINT ( 'NONE',  ( 712.1261926081477895, 911.2094933719530445, 1311.194018771196397 ) ) ;
#2782 = CARTESIAN_POINT ( 'NONE',  ( 717.9441288322354922, 916.8632276480301471, 1307.115410447426257 ) ) ;
#2783 = CARTESIAN_POINT ( 'NONE',  ( 719.8540708954457159, 915.0773147418466351, 1313.188434873150982 ) ) ;
#2784 = ORIENTED_EDGE ( 'NONE', *, *, #556, .T. ) ;
#2785 = CARTESIAN_POINT ( 'NONE',  ( 727.3654115257751300, 911.5488709609219313, 1310.105107517277474 ) ) ;
#2786 = CARTESIAN_POINT ( 'NONE',  ( 719.4952054422785750, 913.1870090998544356, 1314.784667990955313 ) ) ;
#2787 = DIRECTION ( 'NONE',  ( 0.2438078779228295967, -0.7224679164172914669, 0.6469913665656014112 ) ) ;
#2788 = CARTESIAN_POINT ( 'NONE',  ( 712.1815165403896799, 911.0901151713824220, 1309.223748138228302 ) ) ;
#2789 = CARTESIAN_POINT ( 'NONE',  ( 713.1089332316079208, 914.1013450631921842, 1309.029891737223124 ) ) ;
#2790 = ORIENTED_EDGE ( 'NONE', *, *, #5333, .T. ) ;
#2791 = VERTEX_POINT ( 'NONE', #5746 ) ;
#2792 = EDGE_CURVE ( 'NONE', #2643, #2692, #6728, .T. ) ;
#2793 = CARTESIAN_POINT ( 'NONE',  ( 727.5308848221777680, 910.1401602242941635, 1313.845252445993765 ) ) ;
#2794 = CARTESIAN_POINT ( 'NONE',  ( 713.7808580202439543, 907.8473303983513460, 1313.617175810317349 ) ) ;
#2795 = CARTESIAN_POINT ( 'NONE',  ( 719.4952054422785750, 913.1870090998544356, 1314.784667990955313 ) ) ;
#2796 = CARTESIAN_POINT ( 'NONE',  ( 714.0408348754510826, 913.0580056746362061, 1307.374015451071273 ) ) ;
#2797 = CARTESIAN_POINT ( 'NONE',  ( 719.3826336907684436, 904.0254841125240546, 1315.675587927662264 ) ) ;
#2798 = CARTESIAN_POINT ( 'NONE',  ( 711.2310812596409733, 908.5125884231844111, 1311.981840784222413 ) ) ;
#2799 = CARTESIAN_POINT ( 'NONE',  ( 712.3698459447797404, 909.1882420051664440, 1310.551030667715168 ) ) ;
#2800 = ORIENTED_EDGE ( 'NONE', *, *, #5559, .F. ) ;
#2801 = ORIENTED_EDGE ( 'NONE', *, *, #2597, .F. ) ;
#2802 = VERTEX_POINT ( 'NONE', #2104 ) ;
#2803 = EDGE_CURVE ( 'NONE', #5971, #4319, #4153, .T. ) ;
#2804 = CARTESIAN_POINT ( 'NONE',  ( 712.1321382924041927, 912.5142186604133485, 1310.304653715956192 ) ) ;
#2805 = CARTESIAN_POINT ( 'NONE',  ( 718.7917400848953093, 919.4506485289006150, 1322.044098589542727 ) ) ;
#2806 = CARTESIAN_POINT ( 'NONE',  ( 631.3973561617664245, 1175.459442158860611, 1074.654346886313533 ) ) ;
#2807 = CARTESIAN_POINT ( 'NONE',  ( 717.5484304345276314, 915.1851052994383053, 1305.960775844670934 ) ) ;
#2808 = VERTEX_POINT ( 'NONE', #1024 ) ;
#2809 = DIRECTION ( 'NONE',  ( -0.07317157541021195033, 0.6515180314347920332, 0.7550961364404676912 ) ) ;
#2810 = ADVANCED_FACE ( 'NONE', ( #3081 ), #5405, .T. ) ;
#2811 = B_SPLINE_CURVE_WITH_KNOTS ( 'NONE', 1,
 ( #1043, #5183 ),
 .UNSPECIFIED., .F., .F.,
 ( 2, 2 ),
 ( 0.000000000000000000, 0.001499999999999950808 ),
 .UNSPECIFIED. ) ;
#2812 = CARTESIAN_POINT ( 'NONE',  ( 726.9765249181440367, 908.8563436121393124, 1314.899245766769809 ) ) ;
#2813 = DIRECTION ( 'NONE',  ( -0.07317157541021195033, 0.6515180314347920332, 0.7550961364404676912 ) ) ;
#2814 = B_SPLINE_CURVE_WITH_KNOTS ( 'NONE', 3,
 ( #5086, #980, #336, #1471, #4690, #1402, #2451, #4557 ),
 .UNSPECIFIED., .F., .F.,
 ( 4, 2, 2, 4 ),
 ( 0.000000000000000000, 0.0006560729127570982594, 0.0009841093691359754144, 0.001312145825514852461 ),
 .UNSPECIFIED. ) ;
#2815 = CARTESIAN_POINT ( 'NONE',  ( 727.2762060390105034, 910.3814435769827469, 1313.336411466171512 ) ) ;
#2816 = CARTESIAN_POINT ( 'NONE',  ( 718.7917400848953093, 919.4506485289006150, 1322.044098589542727 ) ) ;
#2817 = B_SPLINE_CURVE_WITH_KNOTS ( 'NONE', 3,
 ( #2049, #6313, #526, #3611, #3576, #2548, #3682, #1037, #3129, #5728 ),
 .UNSPECIFIED., .F., .F.,
 ( 4, 3, 3, 4 ),
 ( 0.000000000000000000, 0.0002173289232322299814, 0.0004346578008313091131, 0.0007905002888283886933 ),
 .UNSPECIFIED. ) ;
#2818 = ORIENTED_EDGE ( 'NONE', *, *, #2562, .T. ) ;
#2819 = CARTESIAN_POINT ( 'NONE',  ( 715.3525849303405266, 906.4540521438239011, 1314.971641275573575 ) ) ;
#2820 = CIRCLE ( 'NONE', #3032, 7.997732278218547819 ) ;
#2821 = ORIENTED_EDGE ( 'NONE', *, *, #4415, .T. ) ;
#2822 = EDGE_CURVE ( 'NONE', #4156, #4546, #2001, .T. ) ;
#2823 = DIRECTION ( 'NONE',  ( 0.3010848278192308491, -0.8611157806246690916, -0.4096675955164513216 ) ) ;
#2824 = PLANE ( 'NONE',  #4190 ) ;
#2825 = CARTESIAN_POINT ( 'NONE',  ( 629.2600881989131949, 1177.624063014448211, 1077.876881210114789 ) ) ;
#2826 = CARTESIAN_POINT ( 'NONE',  ( 725.3291468564860907, 913.9193326368350654, 1309.497154123396740 ) ) ;
#2827 = ORIENTED_EDGE ( 'NONE', *, *, #1035, .T. ) ;
#2828 = ORIENTED_EDGE ( 'NONE', *, *, #3131, .F. ) ;
#2829 = CARTESIAN_POINT ( 'NONE',  ( 721.1334963100370032, 916.6558547390268359, 1311.525760785753391 ) ) ;
#2830 = CARTESIAN_POINT ( 'NONE',  ( 725.9822935887071935, 906.6605273844504609, 1314.078367051471560 ) ) ;
#2831 = CARTESIAN_POINT ( 'NONE',  ( 711.7571848456573207, 908.8201832549361825, 1311.305512039298037 ) ) ;
#2832 = DIRECTION ( 'NONE',  ( 0.8270331688257899216, 0.3579554574439949843, 0.4334559125770841015 ) ) ;
#2833 = DIRECTION ( 'NONE',  ( 0.1162306242541731038, -0.7463955445134947686, 0.6552740900691014225 ) ) ;
#2834 = DIRECTION ( 'NONE',  ( 0.2438078779228295967, -0.7224679164172914669, 0.6469913665656014112 ) ) ;
#2835 = CARTESIAN_POINT ( 'NONE',  ( 718.7917400848953093, 919.4506485289006150, 1322.044098589542727 ) ) ;
#2836 = VERTEX_POINT ( 'NONE', #1449 ) ;
#2837 = VERTEX_POINT ( 'NONE', #1588 ) ;
#2838 = VERTEX_POINT ( 'NONE', #6299 ) ;
#2839 = CIRCLE ( 'NONE', #5813, 7.422524410953650786 ) ;
#2840 = CARTESIAN_POINT ( 'NONE',  ( 716.5884129048569093, 912.5195016562815908, 1317.943458698996665 ) ) ;
#2841 = LINE ( 'NONE', #5015, #3296 ) ;
#2842 = CARTESIAN_POINT ( 'NONE',  ( 718.7917400848953093, 919.4506485289006150, 1322.044098589542727 ) ) ;
#2843 = CARTESIAN_POINT ( 'NONE',  ( 727.4871386722252282, 908.6991206876490423, 1312.726970087361451 ) ) ;
#2844 = VERTEX_POINT ( 'NONE', #1554 ) ;
#2845 = VECTOR ( 'NONE', #5109, 1000.000000000000000 ) ;
#2846 = CARTESIAN_POINT ( 'NONE',  ( 718.7917400848953093, 919.4506485289006150, 1322.044098589542727 ) ) ;
#2847 = ADVANCED_FACE ( 'NONE', ( #3704 ), #3668, .F. ) ;
#2848 = B_SPLINE_CURVE_WITH_KNOTS ( 'NONE', 1,
 ( #4681, #3542 ),
 .UNSPECIFIED., .F., .F.,
 ( 2, 2 ),
 ( 2.482534153247273118E-16, 0.001500000000000264360 ),
 .UNSPECIFIED. ) ;
#2849 = CARTESIAN_POINT ( 'NONE',  ( 725.5632903832722604, 914.0343948411671136, 1307.793440527017992 ) ) ;
#2850 = CARTESIAN_POINT ( 'NONE',  ( 712.9482602063856120, 909.0544216974798246, 1312.653352087575740 ) ) ;
#2851 = CARTESIAN_POINT ( 'NONE',  ( 725.9281231353662633, 913.1893484391227958, 1310.184854435351099 ) ) ;
#2852 = CARTESIAN_POINT ( 'NONE',  ( 718.7917400848953093, 919.4506485289006150, 1322.044098589542727 ) ) ;
#2853 = ORIENTED_EDGE ( 'NONE', *, *, #5583, .F. ) ;
#2854 = CARTESIAN_POINT ( 'NONE',  ( 724.0194101968692166, 904.9935844111080314, 1315.588174694830059 ) ) ;
#2855 = EDGE_CURVE ( 'NONE', #1326, #2089, #1523, .T. ) ;
#2856 = ORIENTED_EDGE ( 'NONE', *, *, #1940, .F. ) ;
#2857 = CARTESIAN_POINT ( 'NONE',  ( 712.1321382924041927, 912.5142186604133485, 1310.304653715956192 ) ) ;
#2858 = CARTESIAN_POINT ( 'NONE',  ( 719.7353845055382635, 911.0484602219646604, 1312.306133372769409 ) ) ;
#2859 = FACE_OUTER_BOUND ( 'NONE', #2239, .T. ) ;
#2860 = EDGE_CURVE ( 'NONE', #6096, #5224, #4732, .T. ) ;
#2861 = ORIENTED_EDGE ( 'NONE', *, *, #168, .T. ) ;
#2862 = ORIENTED_EDGE ( 'NONE', *, *, #4157, .F. ) ;
#2863 = CIRCLE ( 'NONE', #4619, 7.997732278218547819 ) ;
#2864 = CONICAL_SURFACE ( 'NONE', #6392, 8.788285345454690756, 0.5551083433337287154 ) ;
#2865 = CARTESIAN_POINT ( 'NONE',  ( 722.2281704593808627, 905.5420217839954375, 1317.062990088177912 ) ) ;
#2866 = CARTESIAN_POINT ( 'NONE',  ( 723.3831927377777902, 915.6163968673314457, 1306.485002300366432 ) ) ;
#2867 = CARTESIAN_POINT ( 'NONE',  ( 712.6190133324172393, 911.7851183193459974, 1308.574355354668114 ) ) ;
#2868 = CARTESIAN_POINT ( 'NONE',  ( 722.4866754200116929, 905.4966692137376185, 1317.362983825270931 ) ) ;
#2869 = CARTESIAN_POINT ( 'NONE',  ( 716.7841376865652592, 915.5648149408179961, 1307.514265523866470 ) ) ;
#2870 = VECTOR ( 'NONE', #6291, 1000.000000000000000 ) ;
#2871 = CYLINDRICAL_SURFACE ( 'NONE', #1179, 2.499999999999990674 ) ;
#2872 = DIRECTION ( 'NONE',  ( 0.000000000000000000, -0.7571257123220760388, 0.6532692061782715554 ) ) ;
#2873 = ORIENTED_EDGE ( 'NONE', *, *, #213, .T. ) ;
#2874 = ORIENTED_EDGE ( 'NONE', *, *, #3002, .F. ) ;
#2875 = B_SPLINE_SURFACE_WITH_KNOTS ( 'NONE', 3, 1, ( 
 ( #134, #4396 ),
 ( #4919, #5924 ),
 ( #4362, #4884 ),
 ( #4433, #2251 ),
 ( #2326, #99 ),
 ( #6474, #6546 ),
 ( #1733, #1132 ),
 ( #1694, #3850 ),
 ( #5477, #1798 ),
 ( #1212, #584 ),
 ( #3327, #172 ),
 ( #3915, #6032 ) ),
 .UNSPECIFIED., .F., .F., .F.,
 ( 4, 1, 1, 1, 2, 1, 1, 1, 4 ),
 ( 2, 2 ),
 ( 0.000000000000000000, 0.2143883571535014076, 0.4287767143070028153, 0.6431650714605041674, 0.8575534286140056306, 0.8931650714605041674, 0.9287767143070029263, 0.9643883571535014632, 1.000000000000000000 ),
 ( 0.000000000000000000, 1.000000000000000000 ),
 .UNSPECIFIED. ) ;
#2876 = VECTOR ( 'NONE', #5089, 1000.000000000000000 ) ;
#2877 = CARTESIAN_POINT ( 'NONE',  ( 725.6230220951701995, 913.7042992395487317, 1307.938731589644249 ) ) ;
#2878 = LINE ( 'NONE', #6122, #4508 ) ;
#2879 = CARTESIAN_POINT ( 'NONE',  ( 727.1532408806658623, 913.5703890551296809, 1308.860491617550224 ) ) ;
#2880 = CARTESIAN_POINT ( 'NONE',  ( 711.5627036204448359, 912.0343313273923513, 1308.975318085947492 ) ) ;
#2881 = ORIENTED_EDGE ( 'NONE', *, *, #1410, .T. ) ;
#2882 = CARTESIAN_POINT ( 'NONE',  ( 715.8235063898123371, 914.4737194276309538, 1306.389340049624025 ) ) ;
#2883 = AXIS2_PLACEMENT_3D ( 'NONE', #2534, #3083, #5650 ) ;
#2884 = LINE ( 'NONE', #6162, #2371 ) ;
#2885 = CARTESIAN_POINT ( 'NONE',  ( -22.48765355008464084, 732.1924741035410307, 1393.753617166750018 ) ) ;
#2886 = EDGE_CURVE ( 'NONE', #5872, #4762, #652, .T. ) ;
#2887 = CARTESIAN_POINT ( 'NONE',  ( 718.7917400848953093, 919.4506485289006150, 1322.044098589542727 ) ) ;
#2888 = CARTESIAN_POINT ( 'NONE',  ( 718.7917400848953093, 919.4506485289006150, 1322.044098589542727 ) ) ;
#2889 = ORIENTED_EDGE ( 'NONE', *, *, #1056, .F. ) ;
#2890 = FACE_OUTER_BOUND ( 'NONE', #3363, .T. ) ;
#2891 = VERTEX_POINT ( 'NONE', #1128 ) ;
#2892 = EDGE_CURVE ( 'NONE', #4747, #3308, #107, .T. ) ;
#2893 = CARTESIAN_POINT ( 'NONE',  ( 713.4959294107796950, 906.1351957123600869, 1313.512919765063998 ) ) ;
#2894 = DIRECTION ( 'NONE',  ( -0.02804525127377043361, -0.9253552764873866909, -0.3780622649219878006 ) ) ;
#2895 = CARTESIAN_POINT ( 'NONE',  ( 725.6582016507041999, 914.1559820144931336, 1307.792252960492078 ) ) ;
#2896 = ORIENTED_EDGE ( 'NONE', *, *, #1312, .F. ) ;
#2897 = ORIENTED_EDGE ( 'NONE', *, *, #5898, .T. ) ;
#2898 = EDGE_CURVE ( 'NONE', #1844, #3407, #3323, .T. ) ;
#2899 = CARTESIAN_POINT ( 'NONE',  ( 718.7917400848953093, 919.4506485289006150, 1322.044098589542727 ) ) ;
#2900 = CARTESIAN_POINT ( 'NONE',  ( 723.6263313458248376, 915.9155126969825460, 1306.490346575198600 ) ) ;
#2901 = CARTESIAN_POINT ( 'NONE',  ( 718.7917400848953093, 919.4506485289006150, 1322.044098589542727 ) ) ;
#2902 = CARTESIAN_POINT ( 'NONE',  ( 724.5281091704218852, 913.1648566315624294, 1314.866841826788232 ) ) ;
#2903 = CARTESIAN_POINT ( 'NONE',  ( 725.9753509047419584, 913.3725778078152189, 1308.256924382377747 ) ) ;
#2904 = CARTESIAN_POINT ( 'NONE',  ( 718.7917400848953093, 919.4506485289006150, 1322.044098589542727 ) ) ;
#2905 = CARTESIAN_POINT ( 'NONE',  ( 714.5104773248183392, 912.6090441797447284, 1314.382053308324203 ) ) ;
#2906 = B_SPLINE_CURVE_WITH_KNOTS ( 'NONE', 3,
 ( #121, #745, #2869, #4939, #2165, #46, #4903, #1230 ),
 .UNSPECIFIED., .F., .F.,
 ( 4, 2, 2, 4 ),
 ( 0.000000000000000000, 0.0002966949978381096275, 0.0005933899956762192550, 0.001186779991352165508 ),
 .UNSPECIFIED. ) ;
#2907 = EDGE_LOOP ( 'NONE', ( #1781, #2800, #2551, #4352 ) ) ;
#2908 = ORIENTED_EDGE ( 'NONE', *, *, #5811, .T. ) ;
#2909 = CARTESIAN_POINT ( 'NONE',  ( 713.2855465934590029, 906.7003754342290449, 1312.784198483904220 ) ) ;
#2910 = CARTESIAN_POINT ( 'NONE',  ( 718.7917400848953093, 919.4506485289006150, 1322.044098589542727 ) ) ;
#2911 = CARTESIAN_POINT ( 'NONE',  ( 724.2369137457691295, 914.6055116690542945, 1307.024350901585649 ) ) ;
#2912 = VERTEX_POINT ( 'NONE', #546 ) ;
#2913 = CARTESIAN_POINT ( 'NONE',  ( 727.7855675979313901, 907.8091267316756330, 1314.192997405671804 ) ) ;
#2914 = CARTESIAN_POINT ( 'NONE',  ( 721.2621452640784128, 904.2058736900352187, 1315.709485808700720 ) ) ;
#2915 = CARTESIAN_POINT ( 'NONE',  ( 719.6786484395256593, 917.1008764661768282, 1307.078441700561825 ) ) ;
#2916 = VERTEX_POINT ( 'NONE', #6506 ) ;
#2917 = CARTESIAN_POINT ( 'NONE',  ( 722.0362054793591824, 915.8315406252946786, 1307.662363493282328 ) ) ;
#2918 = ORIENTED_EDGE ( 'NONE', *, *, #2250, .F. ) ;
#2919 = EDGE_CURVE ( 'NONE', #3953, #750, #5072, .T. ) ;
#2920 = CARTESIAN_POINT ( 'NONE',  ( 719.0871868878318764, 911.7380663207122780, 1318.859843258602496 ) ) ;
#2921 = CARTESIAN_POINT ( 'NONE',  ( 713.1152332857611782, 905.6184827165732258, 1314.661537219086313 ) ) ;
#2922 = DIRECTION ( 'NONE',  ( -0.07317157541021640510, 0.6515180314347921442, 0.7550961364404670251 ) ) ;
#2923 = VERTEX_POINT ( 'NONE', #6364 ) ;
#2924 = ADVANCED_FACE ( 'NONE', ( #4358 ), #2309, .T. ) ;
#2925 = ORIENTED_EDGE ( 'NONE', *, *, #4688, .F. ) ;
#2926 = CARTESIAN_POINT ( 'NONE',  ( 718.7917400848953093, 919.4506485289006150, 1322.044098589542727 ) ) ;
#2927 = DIRECTION ( 'NONE',  ( -0.2327505822333706953, 0.9725364602265700320, 0.000000000000000000 ) ) ;
#2928 = CARTESIAN_POINT ( 'NONE',  ( 717.1081920195724706, 915.0201750697665375, 1319.125348512062828 ) ) ;
#2929 = CARTESIAN_POINT ( 'NONE',  ( 721.4631932604070244, 905.6682968799638047, 1316.241547171724733 ) ) ;
#2930 = CARTESIAN_POINT ( 'NONE',  ( 718.7917400848953093, 919.4506485289006150, 1322.044098589542727 ) ) ;
#2931 = CARTESIAN_POINT ( 'NONE',  ( 718.7917400848953093, 919.4506485289006150, 1322.044098589542727 ) ) ;
#2932 = CARTESIAN_POINT ( 'NONE',  ( 717.4030185458963160, 905.4212306772350303, 1316.443280628921229 ) ) ;
#2933 = ORIENTED_EDGE ( 'NONE', *, *, #3679, .F. ) ;
#2934 = EDGE_CURVE ( 'NONE', #2146, #2312, #4766, .T. ) ;
#2935 = ORIENTED_EDGE ( 'NONE', *, *, #4663, .F. ) ;
#2936 = AXIS2_PLACEMENT_3D ( 'NONE', #191, #4864, #4347 ) ;
#2937 = CARTESIAN_POINT ( 'NONE',  ( 712.6125824474597721, 910.8356602560122610, 1309.150946582761662 ) ) ;
#2938 = CARTESIAN_POINT ( 'NONE',  ( 722.7243314846734847, 905.5776512350041685, 1317.316140017293264 ) ) ;
#2939 = CARTESIAN_POINT ( 'NONE',  ( 718.7917400848953093, 919.4506485289006150, 1322.044098589542727 ) ) ;
#2940 = DIRECTION ( 'NONE',  ( -0.3554132565588555281, -0.7228812369325683385, -0.5925572836047744429 ) ) ;
#2941 = ORIENTED_EDGE ( 'NONE', *, *, #4269, .T. ) ;
#2942 = CARTESIAN_POINT ( 'NONE',  ( 718.7917400848953093, 919.4506485289006150, 1322.044098589542727 ) ) ;
#2943 = EDGE_CURVE ( 'NONE', #5773, #5567, #2247, .T. ) ;
#2944 = AXIS2_PLACEMENT_3D ( 'NONE', #67, #3227, #4813 ) ;
#2945 = CARTESIAN_POINT ( 'NONE',  ( 716.6159458216609437, 905.3259450173438836, 1316.941394274215099 ) ) ;
#2946 = DATE_AND_TIME ( #4501, #158 ) ;
#2947 = CARTESIAN_POINT ( 'NONE',  ( 720.7464584783735972, 915.4556752839638420, 1305.952568122491584 ) ) ;
#2948 = AXIS2_PLACEMENT_3D ( 'NONE', #4710, #5132, #999 ) ;
#2949 = ORIENTED_EDGE ( 'NONE', *, *, #2792, .T. ) ;
#2950 = CARTESIAN_POINT ( 'NONE',  ( 712.0475271500346253, 910.3314453311795660, 1309.822400018239250 ) ) ;
#2951 = EDGE_CURVE ( 'NONE', #5395, #5741, #3740, .T. ) ;
#2952 = VERTEX_POINT ( 'NONE', #1729 ) ;
#2953 = CARTESIAN_POINT ( 'NONE',  ( 718.7917400848953093, 919.4506485289006150, 1322.044098589542727 ) ) ;
#2954 = CARTESIAN_POINT ( 'NONE',  ( 713.6702533717083270, 912.6483511506323794, 1309.463802910118375 ) ) ;
#2955 = CARTESIAN_POINT ( 'NONE',  ( 725.5658995705554162, 914.0323078714745861, 1307.787949519175754 ) ) ;
#2956 = ORIENTED_EDGE ( 'NONE', *, *, #3113, .T. ) ;
#2957 = VERTEX_POINT ( 'NONE', #3845 ) ;
#2958 = CONICAL_SURFACE ( 'NONE', #3849, 8.788285345454690756, 0.5551083433337287154 ) ;
#2959 = CARTESIAN_POINT ( 'NONE',  ( 721.6684834550530923, 916.5165185631672102, 1311.697826138704613 ) ) ;
#2960 = CARTESIAN_POINT ( 'NONE',  ( 720.8848424209855921, 905.1786124419877524, 1317.346724465323177 ) ) ;
#2961 = LINE ( 'NONE', #3507, #3935 ) ;
#2962 = EDGE_CURVE ( 'NONE', #5305, #3471, #5071, .T. ) ;
#2963 = CARTESIAN_POINT ( 'NONE',  ( 721.1817282028765703, 905.6050957817870994, 1316.268878614314872 ) ) ;
#2964 = CARTESIAN_POINT ( 'NONE',  ( 718.7917400848953093, 919.4506485289006150, 1322.044098589542727 ) ) ;
#2965 = DIRECTION ( 'NONE',  ( 0.07317157541021193645, -0.6515180314347919222, -0.7550961364404674692 ) ) ;
#2966 = CARTESIAN_POINT ( 'NONE',  ( 726.5392196687809019, 911.7366589286544922, 1311.497520753143817 ) ) ;
#2967 = VERTEX_POINT ( 'NONE', #1207 ) ;
#2968 = AXIS2_PLACEMENT_3D ( 'NONE', #3400, #3890, #3331 ) ;
#2969 = ORIENTED_EDGE ( 'NONE', *, *, #2644, .T. ) ;
#2970 = B_SPLINE_CURVE_WITH_KNOTS ( 'NONE', 3,
 ( #5625, #2960, #2605, #839, #4000, #998, #4742, #4226 ),
 .UNSPECIFIED., .F., .F.,
 ( 4, 2, 2, 4 ),
 ( 0.000000000000000000, 0.0006957517735685602150, 0.001043627660352820265, 0.001391503547137080531 ),
 .UNSPECIFIED. ) ;
#2971 = CARTESIAN_POINT ( 'NONE',  ( 728.4317308268838360, 910.7363571201929062, 1311.602308740372791 ) ) ;
#2972 = PLANE ( 'NONE',  #3855 ) ;
#2973 = LINE ( 'NONE', #1403, #1494 ) ;
#2974 = AXIS2_PLACEMENT_3D ( 'NONE', #5295, #2664, #1619 ) ;
#2975 = EDGE_CURVE ( 'NONE', #2231, #4747, #6402, .T. ) ;
#2976 = LINE ( 'NONE', #1828, #2640 ) ;
#2977 = CARTESIAN_POINT ( 'NONE',  ( 718.7917400848953093, 919.4506485289006150, 1322.044098589542727 ) ) ;
#2978 = ORIENTED_EDGE ( 'NONE', *, *, #4525, .F. ) ;
#2979 = CARTESIAN_POINT ( 'NONE',  ( 712.9387342918830655, 905.7749425266827075, 1314.509435928430776 ) ) ;
#2980 = CIRCLE ( 'NONE', #2316, 7.997732278218547819 ) ;
#2981 = CARTESIAN_POINT ( 'NONE',  ( 716.6384796408325428, 905.6917812966067913, 1316.018879844581079 ) ) ;
#2982 = DATE_AND_TIME ( #2531, #1702 ) ;
#2983 = EDGE_CURVE ( 'NONE', #3875, #5361, #5360, .T. ) ;
#2984 = CARTESIAN_POINT ( 'NONE',  ( 722.8108967837055161, 904.1013204366757918, 1316.842516521619928 ) ) ;
#2985 = ORIENTED_EDGE ( 'NONE', *, *, #4321, .T. ) ;
#2986 = CARTESIAN_POINT ( 'NONE',  ( 712.1454935824650647, 910.3078389779982444, 1309.781784473288553 ) ) ;
#2987 = ORIENTED_EDGE ( 'NONE', *, *, #6677, .F. ) ;
#2988 = CARTESIAN_POINT ( 'NONE',  ( 722.8445836585957522, 910.2956182739923179, 1317.185747142654918 ) ) ;
#2989 = LINE ( 'NONE', #5683, #3195 ) ;
#2990 = CARTESIAN_POINT ( 'NONE',  ( 724.6794470340681755, 905.5525776071651762, 1314.908086464231701 ) ) ;
#2991 = VERTEX_POINT ( 'NONE', #3425 ) ;
#2992 = VERTEX_POINT ( 'NONE', #6062 ) ;
#2993 = CARTESIAN_POINT ( 'NONE',  ( 718.7917400848953093, 919.4506485289006150, 1322.044098589542727 ) ) ;
#2994 = CARTESIAN_POINT ( 'NONE',  ( 719.1497250918038162, 915.3868421214779119, 1305.857304181614609 ) ) ;
#2995 = CARTESIAN_POINT ( 'NONE',  ( 713.8668482853631758, 912.8736287823389830, 1307.514073374957434 ) ) ;
#2996 = CARTESIAN_POINT ( 'NONE',  ( 723.8194310312154585, 905.0712324509191831, 1315.203228938630218 ) ) ;
#2997 = CARTESIAN_POINT ( 'NONE',  ( 714.1846656897527055, 914.8046279954485271, 1306.711498345745667 ) ) ;
#2998 = CARTESIAN_POINT ( 'NONE',  ( 722.7679398010842533, 905.6685052837970034, 1317.106510260530740 ) ) ;
#2999 = CARTESIAN_POINT ( 'NONE',  ( 720.0732537342868227, 908.0400803481887806, 1308.819482336218925 ) ) ;
#3000 = VERTEX_POINT ( 'NONE', #6093 ) ;
#3001 = ORIENTED_EDGE ( 'NONE', *, *, #1565, .F. ) ;
#3002 = EDGE_CURVE ( 'NONE', #3983, #3349, #2353, .T. ) ;
#3003 = CARTESIAN_POINT ( 'NONE',  ( 717.6471875659420903, 905.5861868795104783, 1315.942815041341191 ) ) ;
#3004 = CARTESIAN_POINT ( 'NONE',  ( 719.6287599089970399, 917.5636108418656249, 1313.959554928013631 ) ) ;
#3005 = CYLINDRICAL_SURFACE ( 'NONE', #5853, 5.999999999999937828 ) ;
#3006 = CARTESIAN_POINT ( 'NONE',  ( 725.7829308965468726, 915.3860260426627065, 1307.461374290964841 ) ) ;
#3007 = LINE ( 'NONE', #1214, #58 ) ;
#3008 = CARTESIAN_POINT ( 'NONE',  ( 724.6913975449382406, 914.3567127192136468, 1307.283365527083106 ) ) ;
#3009 = ORIENTED_EDGE ( 'NONE', *, *, #2169, .F. ) ;
#3010 = CARTESIAN_POINT ( 'NONE',  ( 727.7581589114124654, 911.9161850725315617, 1310.184748088606966 ) ) ;
#3011 = EDGE_CURVE ( 'NONE', #3706, #5395, #3923, .T. ) ;
#3012 = CARTESIAN_POINT ( 'NONE',  ( 726.6215683142012267, 906.3387665202280914, 1315.348869468810335 ) ) ;
#3013 = CARTESIAN_POINT ( 'NONE',  ( 718.7917400848953093, 919.4506485289006150, 1322.044098589542727 ) ) ;
#3014 = ORIENTED_EDGE ( 'NONE', *, *, #3385, .F. ) ;
#3015 = CARTESIAN_POINT ( 'NONE',  ( 712.4287976930554578, 910.5293030740687072, 1311.553872948918297 ) ) ;
#3016 = ORIENTED_EDGE ( 'NONE', *, *, #1492, .F. ) ;
#3017 = EDGE_CURVE ( 'NONE', #3787, #4562, #6125, .T. ) ;
#3018 = CARTESIAN_POINT ( 'NONE',  ( 712.3769822300092756, 908.0256106646423859, 1311.722006004327113 ) ) ;
#3019 = CARTESIAN_POINT ( 'NONE',  ( 726.8485453546575172, 907.2939472798548195, 1313.951697359985701 ) ) ;
#3020 = FACE_OUTER_BOUND ( 'NONE', #5069, .T. ) ;
#3021 = EDGE_LOOP ( 'NONE', ( #3579, #5466, #4600, #6073 ) ) ;
#3022 = EDGE_CURVE ( 'NONE', #3623, #531, #776, .T. ) ;
#3023 = ORIENTED_EDGE ( 'NONE', *, *, #5696, .T. ) ;
#3024 = DIRECTION ( 'NONE',  ( 0.1162306242541731038, -0.7463955445134947686, 0.6552740900691014225 ) ) ;
#3025 = DIRECTION ( 'NONE',  ( 0.2438078779228505244, -0.7224679164172854717, 0.6469913665655999679 ) ) ;
#3026 = CARTESIAN_POINT ( 'NONE',  ( 724.8717165904110971, 905.7163494048320445, 1314.755683035246193 ) ) ;
#3027 = DIRECTION ( 'NONE',  ( -0.07317157541021195033, 0.6515180314347920332, 0.7550961364404673581 ) ) ;
#3028 = DIRECTION ( 'NONE',  ( -0.5964108869522973810, -0.2003793376281390870, 0.7772658328889043844 ) ) ;
#3029 = DIRECTION ( 'NONE',  ( -0.3970643746160236742, 0.8051018167816227367, 0.4406256313762470511 ) ) ;
#3030 = EDGE_LOOP ( 'NONE', ( #6332, #1367, #6453, #4498 ) ) ;
#3031 = EDGE_LOOP ( 'NONE', ( #1351, #3962, #1216, #4344 ) ) ;
#3032 = AXIS2_PLACEMENT_3D ( 'NONE', #1624, #4648, #6212 ) ;
#3033 = CARTESIAN_POINT ( 'NONE',  ( 716.1418793518687380, 914.8361272318608144, 1307.815838347111821 ) ) ;
#3034 = CARTESIAN_POINT ( 'NONE',  ( 719.7353845055382635, 911.0484602219646604, 1312.306133372769409 ) ) ;
#3035 = CARTESIAN_POINT ( 'NONE',  ( 726.7048811944149520, 909.6662482383188717, 1313.565069888390326 ) ) ;
#3036 = CARTESIAN_POINT ( 'NONE',  ( 712.8928126372419456, 912.5629458918003820, 1308.045988427690418 ) ) ;
#3037 = CARTESIAN_POINT ( 'NONE',  ( 718.7917400848953093, 919.4506485289006150, 1322.044098589542727 ) ) ;
#3038 = CIRCLE ( 'NONE', #601, 8.788285345454690756 ) ;
#3039 = CARTESIAN_POINT ( 'NONE',  ( 715.8539705115106244, 910.2091193654086965, 1316.576578735481235 ) ) ;
#3040 = ORIENTED_EDGE ( 'NONE', *, *, #5458, .T. ) ;
#3041 = FACE_OUTER_BOUND ( 'NONE', #3741, .T. ) ;
#3042 = CARTESIAN_POINT ( 'NONE',  ( 718.7917400848953093, 919.4506485289006150, 1322.044098589542727 ) ) ;
#3043 = PERSON_AND_ORGANIZATION ( #902, #2259 ) ;
#3044 = FACE_OUTER_BOUND ( 'NONE', #1400, .T. ) ;
#3045 = EDGE_CURVE ( 'NONE', #4108, #2601, #2010, .T. ) ;
#3046 = ORIENTED_EDGE ( 'NONE', *, *, #2543, .T. ) ;
#3047 = CARTESIAN_POINT ( 'NONE',  ( 719.7353845055382635, 911.0484602219646604, 1312.306133372769409 ) ) ;
#3048 = ORIENTED_EDGE ( 'NONE', *, *, #2078, .T. ) ;
#3049 = B_SPLINE_CURVE_WITH_KNOTS ( 'NONE', 3,
 ( #4275, #533, #5799, #3171, #1044, #11, #637, #5909 ),
 .UNSPECIFIED., .F., .F.,
 ( 4, 2, 2, 4 ),
 ( 0.000000000000000000, 0.0002966949978380200724, 0.0005933899956760401448, 0.001186779991352080290 ),
 .UNSPECIFIED. ) ;
#3050 = VECTOR ( 'NONE', #5446, 1000.000000000000000 ) ;
#3051 = CARTESIAN_POINT ( 'NONE',  ( 712.1490722526659738, 908.0875947284505401, 1311.811262647157491 ) ) ;
#3052 = ADVANCED_FACE ( 'NONE', ( #2352 ), #5490, .F. ) ;
#3053 = DIRECTION ( 'NONE',  ( 0.2438078779228274595, -0.7224679164172919110, 0.6469913665656017443 ) ) ;
#3054 = CARTESIAN_POINT ( 'NONE',  ( 718.7917400848953093, 919.4506485289006150, 1322.044098589542727 ) ) ;
#3055 =( BOUNDED_SURFACE ( )  B_SPLINE_SURFACE ( 3, 3, ( 
 ( #4816, #1182, #146, #1672 ),
 ( #4782, #3721, #5828, #4372 ),
 ( #1075, #3199, #5310, #1148 ),
 ( #562, #4268, #5903, #6381 ) ),
 .UNSPECIFIED., .F., .F., .T. ) 
 B_SPLINE_SURFACE_WITH_KNOTS ( ( 4, 4 ),
 ( 4, 4 ),
 ( 0.000000000000000000, 1.000000000000000000 ),
 ( 0.000000000000000000, 1.000000000000000000 ),
 .UNSPECIFIED. ) 
 GEOMETRIC_REPRESENTATION_ITEM ( )  RATIONAL_B_SPLINE_SURFACE ( (
 ( 1.000000000000000000, 1.000000000000000000, 1.000000000000000000, 1.000000000000000000),
 ( 0.9991685004514068158, 0.9991685004514069268, 0.9991685004514069268, 0.9991685004514068158),
 ( 0.9991685004514068158, 0.9991685004514069268, 0.9991685004514069268, 0.9991685004514068158),
 ( 1.000000000000000000, 1.000000000000000000, 1.000000000000000000, 1.000000000000000000) ) ) 
 REPRESENTATION_ITEM ( '' )  SURFACE ( )  );
#3056 = VECTOR ( 'NONE', #2475, 999.9999999999998863 ) ;
#3057 = EDGE_LOOP ( 'NONE', ( #5557, #6030, #3145, #2533 ) ) ;
#3058 = EDGE_LOOP ( 'NONE', ( #3841, #5917, #6777, #4326, #3930, #4094 ) ) ;
#3059 = FACE_OUTER_BOUND ( 'NONE', #2666, .T. ) ;
#3060 = DIRECTION ( 'NONE',  ( 0.07317157541021193645, -0.6515180314347919222, -0.7550961364404674692 ) ) ;
#3061 = EDGE_CURVE ( 'NONE', #3407, #5981, #2097, .T. ) ;
#3062 = FACE_OUTER_BOUND ( 'NONE', #600, .T. ) ;
#3063 = B_SPLINE_CURVE_WITH_KNOTS ( 'NONE', 3,
 ( #4181, #3077, #4595, #3010, #6295, #6675, #1998, #5225 ),
 .UNSPECIFIED., .F., .F.,
 ( 4, 2, 2, 4 ),
 ( 0.000000000000000000, 0.0006560729127573821035, 0.0009841093691360558622, 0.001312145825514729729 ),
 .UNSPECIFIED. ) ;
#3064 = CARTESIAN_POINT ( 'NONE',  ( 711.2784317283104656, 910.3816605232913162, 1310.217424248767884 ) ) ;
#3065 = CARTESIAN_POINT ( 'NONE',  ( 716.8802225217698378, 915.3932281207011101, 1307.540918168344888 ) ) ;
#3066 = CARTESIAN_POINT ( 'NONE',  ( 726.4560705327982078, 912.0709857614400562, 1311.201038440819502 ) ) ;
#3067 = ORIENTED_EDGE ( 'NONE', *, *, #1285, .T. ) ;
#3068 = ORIENTED_EDGE ( 'NONE', *, *, #6204, .T. ) ;
#3069 = CARTESIAN_POINT ( 'NONE',  ( 719.7624764912551427, 905.4277445606405763, 1316.284296759041354 ) ) ;
#3070 = LINE ( 'NONE', #6704, #2071 ) ;
#3071 = CARTESIAN_POINT ( 'NONE',  ( 725.1360279682429564, 914.8718784807969087, 1309.047990738700946 ) ) ;
#3072 = CARTESIAN_POINT ( 'NONE',  ( 718.7917400848953093, 919.4506485289006150, 1322.044098589542727 ) ) ;
#3073 = DIRECTION ( 'NONE',  ( 0.07317157541021196421, -0.6515180314347921442, -0.7550961364404672471 ) ) ;
#3074 = CIRCLE ( 'NONE', #5618, 7.997732278218547819 ) ;
#3075 = CARTESIAN_POINT ( 'NONE',  ( -112.3256874514700883, 1000.145348212957174, 1159.148100093826770 ) ) ;
#3076 = ORIENTED_EDGE ( 'NONE', *, *, #2147, .T. ) ;
#3077 = CARTESIAN_POINT ( 'NONE',  ( 728.1062414349444225, 912.3383313274933926, 1310.188539549908910 ) ) ;
#3078 = CIRCLE ( 'NONE', #530, 8.788285345454690756 ) ;
#3079 = CARTESIAN_POINT ( 'NONE',  ( 716.6802156449275572, 905.8446907037616711, 1315.625943608172292 ) ) ;
#3080 = DIRECTION ( 'NONE',  ( 0.5137662727137516372, -0.4735038935078337285, -0.7154287384881468093 ) ) ;
#3081 = FACE_OUTER_BOUND ( 'NONE', #5433, .T. ) ;
#3082 = EDGE_LOOP ( 'NONE', ( #3656, #3562, #6582, #2918 ) ) ;
#3083 = DIRECTION ( 'NONE',  ( -0.07317157541021195033, 0.6515180314347920332, 0.7550961364404676912 ) ) ;
#3084 = VECTOR ( 'NONE', #6307, 1000.000000000000114 ) ;
#3085 = VERTEX_POINT ( 'NONE', #3391 ) ;
#3086 = ADVANCED_FACE ( 'NONE', ( #4986 ), #3487, .F. ) ;
#3087 = CARTESIAN_POINT ( 'NONE',  ( 726.8700755977064318, 910.9822926994872887, 1312.381391975240376 ) ) ;
#3088 = AXIS2_PLACEMENT_3D ( 'NONE', #6363, #4700, #3214 ) ;
#3089 = CARTESIAN_POINT ( 'NONE',  ( 720.7448070328945278, 914.8208422302419649, 1319.649739738270227 ) ) ;
#3090 = CARTESIAN_POINT ( 'NONE',  ( 713.8051296190953963, 912.8489389963934855, 1309.304000256233621 ) ) ;
#3091 = CARTESIAN_POINT ( 'NONE',  ( 718.7917400848953093, 919.4506485289006150, 1322.044098589542727 ) ) ;
#3092 = ORIENTED_EDGE ( 'NONE', *, *, #3483, .F. ) ;
#3093 = EDGE_CURVE ( 'NONE', #2146, #4828, #2976, .T. ) ;
#3094 = CARTESIAN_POINT ( 'NONE',  ( 718.7917400848953093, 919.4506485289006150, 1322.044098589542727 ) ) ;
#3095 = CARTESIAN_POINT ( 'NONE',  ( 719.8286610700904475, 910.2179278277214962, 1311.343563233765735 ) ) ;
#3096 =( BOUNDED_SURFACE ( )  B_SPLINE_SURFACE ( 3, 3, ( 
 ( #871, #5301, #552, #1525 ),
 ( #6305, #2670, #483, #1559 ),
 ( #5106, #4772, #27, #449 ),
 ( #3674, #2571, #3642, #3154 ) ),
 .UNSPECIFIED., .F., .F., .T. ) 
 B_SPLINE_SURFACE_WITH_KNOTS ( ( 4, 4 ),
 ( 4, 4 ),
 ( 0.000000000000000000, 1.000000000000000000 ),
 ( 0.000000000000000000, 1.000000000000000000 ),
 .UNSPECIFIED. ) 
 GEOMETRIC_REPRESENTATION_ITEM ( )  RATIONAL_B_SPLINE_SURFACE ( (
 ( 1.000000000000000000, 1.000000000000000000, 1.000000000000000000, 1.000000000000000000),
 ( 0.9991685004514068158, 0.9991685004514069268, 0.9991685004514069268, 0.9991685004514068158),
 ( 0.9991685004514068158, 0.9991685004514069268, 0.9991685004514069268, 0.9991685004514068158),
 ( 1.000000000000000000, 1.000000000000000000, 1.000000000000000000, 1.000000000000000000) ) ) 
 REPRESENTATION_ITEM ( '' )  SURFACE ( )  );
#3097 = CARTESIAN_POINT ( 'NONE',  ( 718.9445867114345674, 903.6306490617860163, 1316.791813489989408 ) ) ;
#3098 = CARTESIAN_POINT ( 'NONE',  ( 718.7917400848953093, 919.4506485289006150, 1322.044098589542727 ) ) ;
#3099 = CARTESIAN_POINT ( 'NONE',  ( 718.7917400848953093, 919.4506485289006150, 1322.044098589542727 ) ) ;
#3100 = CARTESIAN_POINT ( 'NONE',  ( 727.3116460145877227, 908.6363281503022336, 1312.612920708078263 ) ) ;
#3101 = ORIENTED_EDGE ( 'NONE', *, *, #6479, .T. ) ;
#3102 = ORIENTED_EDGE ( 'NONE', *, *, #5526, .T. ) ;
#3103 = EDGE_CURVE ( 'NONE', #2808, #5741, #4559, .T. ) ;
#3104 = DIRECTION ( 'NONE',  ( -0.07317157541021195033, 0.6515180314347920332, 0.7550961364404676912 ) ) ;
#3105 = DIRECTION ( 'NONE',  ( -0.005551638652043873988, 0.3271306824176525851, -0.9449628013468244214 ) ) ;
#3106 = CARTESIAN_POINT ( 'NONE',  ( 725.1686749497683877, 914.9651245067969967, 1309.032911870524458 ) ) ;
#3107 = CARTESIAN_POINT ( 'NONE',  ( 722.7040053851726498, 904.1385458446711709, 1316.740047013285675 ) ) ;
#3108 = CARTESIAN_POINT ( 'NONE',  ( 720.3064616283234045, 903.8786565539227240, 1316.264553741489635 ) ) ;
#3109 = CARTESIAN_POINT ( 'NONE',  ( 714.7934289385672173, 905.3028414799781558, 1314.138316784775952 ) ) ;
#3110 = ORIENTED_EDGE ( 'NONE', *, *, #6555, .T. ) ;
#3111 = DIRECTION ( 'NONE',  ( -0.07317157541021195033, 0.6515180314347920332, 0.7550961364404676912 ) ) ;
#3112 = ORIENTED_EDGE ( 'NONE', *, *, #4445, .T. ) ;
#3113 = EDGE_CURVE ( 'NONE', #5597, #1980, #820, .T. ) ;
#3114 = CARTESIAN_POINT ( 'NONE',  ( 727.4652181365350998, 907.9378001515069627, 1313.652249803453060 ) ) ;
#3115 = CARTESIAN_POINT ( 'NONE',  ( 725.9493635705505312, 915.0387092104391513, 1307.649568760348984 ) ) ;
#3116 = CARTESIAN_POINT ( 'NONE',  ( 712.6021404133741726, 913.5460674343721621, 1307.704059277667511 ) ) ;
#3117 = ORIENTED_EDGE ( 'NONE', *, *, #3985, .T. ) ;
#3118 = CARTESIAN_POINT ( 'NONE',  ( 713.8381463335131230, 914.5033668097530608, 1306.915696276827020 ) ) ;
#3119 = ORIENTED_EDGE ( 'NONE', *, *, #602, .F. ) ;
#3120 = CARTESIAN_POINT ( 'NONE',  ( 720.1999277102324868, 906.9121781678747993, 1307.512266668277789 ) ) ;
#3121 = CARTESIAN_POINT ( 'NONE',  ( 718.3171608249431301, 916.0026839213528547, 1305.743935552228095 ) ) ;
#3122 = B_SPLINE_CURVE_WITH_KNOTS ( 'NONE', 3,
 ( #4127, #1489, #5370, #3676, #1103, #4774, #518, #5334 ),
 .UNSPECIFIED., .F., .F.,
 ( 4, 2, 2, 4 ),
 ( 0.000000000000000000, 0.0003785376244288505025, 0.0007570752488577010050, 0.001514150497715461858 ),
 .UNSPECIFIED. ) ;
#3123 = DIRECTION ( 'NONE',  ( 0.1162306242541731038, -0.7463955445134947686, 0.6552740900691014225 ) ) ;
#3124 = CARTESIAN_POINT ( 'NONE',  ( 727.9293198006888588, 912.6742922347754075, 1309.859359104829309 ) ) ;
#3125 = CARTESIAN_POINT ( 'NONE',  ( 718.7917400848953093, 919.4506485289006150, 1322.044098589542727 ) ) ;
#3126 = EDGE_LOOP ( 'NONE', ( #6326, #5033, #4137, #4870 ) ) ;
#3127 = FACE_OUTER_BOUND ( 'NONE', #3847, .T. ) ;
#3128 = CARTESIAN_POINT ( 'NONE',  ( 719.7878917439194311, 910.5809369741152750, 1311.764283445193541 ) ) ;
#3129 = CARTESIAN_POINT ( 'NONE',  ( 720.4264955728947371, 915.8167874885656374, 1307.384768263810884 ) ) ;
#3130 = CARTESIAN_POINT ( 'NONE',  ( 713.1860432744009586, 913.5305031600565826, 1309.253926655377199 ) ) ;
#3131 = EDGE_CURVE ( 'NONE', #4425, #830, #3191, .T. ) ;
#3132 = CARTESIAN_POINT ( 'NONE',  ( 715.0463161919212780, 914.1451711309979373, 1306.678726413424783 ) ) ;
#3133 = ORIENTED_EDGE ( 'NONE', *, *, #695, .F. ) ;
#3134 = ORIENTED_EDGE ( 'NONE', *, *, #5084, .T. ) ;
#3135 = B_SPLINE_CURVE_WITH_KNOTS ( 'NONE', 3,
 ( #3550, #2518, #3582, #4689, #943, #4624, #6739, #1990 ),
 .UNSPECIFIED., .F., .F.,
 ( 4, 2, 2, 4 ),
 ( 0.000000000000000000, 0.0002966949978378541895, 0.0005933899956757083790, 0.001186779991351567462 ),
 .UNSPECIFIED. ) ;
#3136 = LINE ( 'NONE', #4722, #372 ) ;
#3137 = B_SPLINE_CURVE_WITH_KNOTS ( 'NONE', 3,
 ( #604, #4723, #6352, #2723, #1608, #3728, #5835, #1081, #2198, #6423 ),
 .UNSPECIFIED., .F., .F.,
 ( 4, 3, 3, 4 ),
 ( 0.000000000000000000, 0.0002173289232321638992, 0.0004346578008311738047, 0.0007905002888283657082 ),
 .UNSPECIFIED. ) ;
#3138 = CARTESIAN_POINT ( 'NONE',  ( 714.8323334893575520, 906.8023372827539106, 1314.620641117494870 ) ) ;
#3139 = CARTESIAN_POINT ( 'NONE',  ( 725.1540360527260418, 915.7516604807062777, 1308.773167999263251 ) ) ;
#3140 = CARTESIAN_POINT ( 'NONE',  ( 718.7917400848953093, 919.4506485289006150, 1322.044098589542727 ) ) ;
#3141 = CARTESIAN_POINT ( 'NONE',  ( 717.4929106706514403, 911.9631432570588458, 1315.646623933189403 ) ) ;
#3142 = CARTESIAN_POINT ( 'NONE',  ( 720.0732537342868227, 908.0400803481887806, 1308.819482336218925 ) ) ;
#3143 = EDGE_CURVE ( 'NONE', #3678, #949, #4176, .T. ) ;
#3144 = EDGE_LOOP ( 'NONE', ( #6011, #6428, #6243, #6517 ) ) ;
#3145 = ORIENTED_EDGE ( 'NONE', *, *, #6066, .F. ) ;
#3146 = VERTEX_POINT ( 'NONE', #4660 ) ;
#3147 = CARTESIAN_POINT ( 'NONE',  ( 718.7917400848953093, 919.4506485289006150, 1322.044098589542727 ) ) ;
#3148 = CARTESIAN_POINT ( 'NONE',  ( 727.5808287844610049, 910.3321758410680786, 1313.684415762581239 ) ) ;
#3149 = CARTESIAN_POINT ( 'NONE',  ( 718.7917400848953093, 919.4506485289006150, 1322.044098589542727 ) ) ;
#3150 = EDGE_CURVE ( 'NONE', #917, #4091, #442, .T. ) ;
#3151 = VERTEX_POINT ( 'NONE', #3520 ) ;
#3152 = DIRECTION ( 'NONE',  ( -0.07317157541021640510, 0.6515180314347921442, 0.7550961364404670251 ) ) ;
#3153 = CARTESIAN_POINT ( 'NONE',  ( 727.1867361109664216, 911.2030336808250013, 1312.474506388152349 ) ) ;
#3154 = CARTESIAN_POINT ( 'NONE',  ( 727.1864337810884535, 911.4330567548938689, 1310.040344157338041 ) ) ;
#3155 = DIRECTION ( 'NONE',  ( -0.07317157541021195033, 0.6515180314347920332, 0.7550961364404676912 ) ) ;
#3156 = CIRCLE ( 'NONE', #3922, 6.754828812886891853 ) ;
#3157 = CARTESIAN_POINT ( 'NONE',  ( 720.9813016478822192, 903.6427087302338350, 1317.114078586069809 ) ) ;
#3158 = CARTESIAN_POINT ( 'NONE',  ( 711.2182553731702228, 908.7173406062936465, 1311.736316101468447 ) ) ;
#3159 = EDGE_LOOP ( 'NONE', ( #333, #2874, #3974, #1972 ) ) ;
#3160 = AXIS2_PLACEMENT_3D ( 'NONE', #4408, #6522, #4541 ) ;
#3161 = CARTESIAN_POINT ( 'NONE',  ( 714.2340153340178404, 915.1693030874758961, 1308.217452300532614 ) ) ;
#3162 = DIRECTION ( 'NONE',  ( 0.07317157541021196421, -0.6515180314347921442, -0.7550961364404672471 ) ) ;
#3163 = CARTESIAN_POINT ( 'NONE',  ( 712.2129939473388731, 912.7014685539140828, 1310.150924487655629 ) ) ;
#3164 = AXIS2_PLACEMENT_3D ( 'NONE', #1332, #4519, #231 ) ;
#3165 = CARTESIAN_POINT ( 'NONE',  ( 712.0848357009249412, 911.1752242211759949, 1309.222117981417568 ) ) ;
#3166 = DIRECTION ( 'NONE',  ( -0.2327505822333706953, 0.9725364602265700320, 0.000000000000000000 ) ) ;
#3167 = ORIENTED_EDGE ( 'NONE', *, *, #5375, .F. ) ;
#3168 = ORIENTED_EDGE ( 'NONE', *, *, #2008, .F. ) ;
#3169 = EDGE_CURVE ( 'NONE', #4147, #933, #5407, .T. ) ;
#3170 = CARTESIAN_POINT ( 'NONE',  ( 718.7917400848953093, 919.4506485289006150, 1322.044098589542727 ) ) ;
#3171 = CARTESIAN_POINT ( 'NONE',  ( 726.2130777886794704, 913.7894307575822950, 1310.086326924093328 ) ) ;
#3172 = CARTESIAN_POINT ( 'NONE',  ( 724.2404366747065296, 916.1788233402135120, 1306.627853317241716 ) ) ;
#3173 = CARTESIAN_POINT ( 'NONE',  ( 719.9033395914434550, 916.7886549686255648, 1311.291970357298169 ) ) ;
#3174 = FACE_OUTER_BOUND ( 'NONE', #4982, .T. ) ;
#3175 = CARTESIAN_POINT ( 'NONE',  ( 718.3163004600551176, 903.8671837561023494, 1316.146284820325718 ) ) ;
#3176 = CARTESIAN_POINT ( 'NONE',  ( 712.6687286973668733, 907.3915269520319953, 1312.268017734921159 ) ) ;
#3177 = ORIENTED_EDGE ( 'NONE', *, *, #1399, .F. ) ;
#3178 = AXIS2_PLACEMENT_3D ( 'NONE', #6809, #1443, #2060 ) ;
#3179 = EDGE_CURVE ( 'NONE', #429, #6203, #4334, .T. ) ;
#3180 = CARTESIAN_POINT ( 'NONE',  ( 723.7502974004120233, 916.4731414394447029, 1308.014626675890895 ) ) ;
#3181 = CARTESIAN_POINT ( 'NONE',  ( 721.1741216667041954, 903.8600741224132662, 1316.654487526717730 ) ) ;
#3182 = CARTESIAN_POINT ( 'NONE',  ( 725.9852654008927857, 915.2488984848085920, 1307.599298729940529 ) ) ;
#3183 = CARTESIAN_POINT ( 'NONE',  ( 726.6946649722333404, 908.5985104160002948, 1314.978274946296096 ) ) ;
#3184 = ORIENTED_EDGE ( 'NONE', *, *, #1169, .F. ) ;
#3185 = CARTESIAN_POINT ( 'NONE',  ( 712.9212167691658806, 908.4488851822335391, 1313.406268860130467 ) ) ;
#3186 = CIRCLE ( 'NONE', #204, 7.997732278218547819 ) ;
#3187 = EDGE_CURVE ( 'NONE', #6150, #3961, #4591, .T. ) ;
#3188 = CARTESIAN_POINT ( 'NONE',  ( 718.7917400848953093, 919.4506485289006150, 1322.044098589542727 ) ) ;
#3189 = FACE_OUTER_BOUND ( 'NONE', #269, .T. ) ;
#3190 = CARTESIAN_POINT ( 'NONE',  ( 718.7917400848953093, 919.4506485289006150, 1322.044098589542727 ) ) ;
#3191 = CIRCLE ( 'NONE', #4078, 8.788285345454690756 ) ;
#3192 = CARTESIAN_POINT ( 'NONE',  ( 721.2834998311049048, 904.1480394781286805, 1315.864555232415569 ) ) ;
#3193 = CARTESIAN_POINT ( 'NONE',  ( 724.9107323165388834, 905.4301603405355081, 1315.421995779049212 ) ) ;
#3194 = ORIENTED_EDGE ( 'NONE', *, *, #1917, .T. ) ;
#3195 = VECTOR ( 'NONE', #1422, 1000.000000000000114 ) ;
#3196 = CARTESIAN_POINT ( 'NONE',  ( 717.3119165945443001, 912.0963753657111965, 1318.378654029513655 ) ) ;
#3197 = CARTESIAN_POINT ( 'NONE',  ( 726.2692357558979666, 907.0453401945862879, 1313.746887860526385 ) ) ;
#3198 = CARTESIAN_POINT ( 'NONE',  ( -22.78033985172548981, 734.7985462292801913, 1396.774001712511790 ) ) ;
#3199 = CARTESIAN_POINT ( 'NONE',  ( 720.6065888259926169, 917.8357969744874936, 1317.038151805985081 ) ) ;
#3200 = CARTESIAN_POINT ( 'NONE',  ( 712.8186474269017481, 906.7112867377584280, 1313.087776464554054 ) ) ;
#3201 = ORIENTED_EDGE ( 'NONE', *, *, #4224, .T. ) ;
#3202 = ORIENTED_EDGE ( 'NONE', *, *, #5846, .T. ) ;
#3203 = CARTESIAN_POINT ( 'NONE',  ( 720.0732537342868227, 908.0400803481887806, 1308.819482336218925 ) ) ;
#3204 = CARTESIAN_POINT ( 'NONE',  ( 719.4085800014137249, 915.6665064934276188, 1305.810615246553880 ) ) ;
#3205 = CARTESIAN_POINT ( 'NONE',  ( 717.5862513391726907, 915.0640405004634204, 1305.977137225769411 ) ) ;
#3206 = CARTESIAN_POINT ( 'NONE',  ( 718.7917400848953093, 919.4506485289006150, 1322.044098589542727 ) ) ;
#3207 = CARTESIAN_POINT ( 'NONE',  ( 721.4432168506120888, 917.1815524119301699, 1314.465033119036889 ) ) ;
#3208 = CARTESIAN_POINT ( 'NONE',  ( 716.7514234127842201, 915.5640017812937685, 1318.624740516382190 ) ) ;
#3209 = CARTESIAN_POINT ( 'NONE',  ( 717.4823501546197804, 904.1580831379994834, 1315.487543985810589 ) ) ;
#3210 = VERTEX_POINT ( 'NONE', #1441 ) ;
#3211 = ADVANCED_FACE ( 'NONE', ( #5770 ), #1015, .F. ) ;
#3212 = CARTESIAN_POINT ( 'NONE',  ( 719.8286610700904475, 910.2179278277214962, 1311.343563233765735 ) ) ;
#3213 = CARTESIAN_POINT ( 'NONE',  ( 715.8320931041932909, 904.7421022025217781, 1314.713209469484354 ) ) ;
#3214 = DIRECTION ( 'NONE',  ( 0.1162306242541707169, -0.7463955445134997646, 0.6552740900690960935 ) ) ;
#3215 = CARTESIAN_POINT ( 'NONE',  ( 726.2713080622976349, 908.4418207110747971, 1314.768249717435310 ) ) ;
#3216 = ORIENTED_EDGE ( 'NONE', *, *, #3942, .T. ) ;
#3217 = DIRECTION ( 'NONE',  ( -0.07317157541021195033, 0.6515180314347920332, 0.7550961364404676912 ) ) ;
#3218 = EDGE_CURVE ( 'NONE', #4156, #177, #435, .T. ) ;
#3219 = CARTESIAN_POINT ( 'NONE',  ( 724.7569005717468826, 904.9525229273036757, 1316.296650123648305 ) ) ;
#3220 = CARTESIAN_POINT ( 'NONE',  ( 723.1881869431865653, 904.5888055499592610, 1315.899846208938470 ) ) ;
#3221 = CARTESIAN_POINT ( 'NONE',  ( 726.2576378440387543, 906.1030288307092633, 1315.360686967307629 ) ) ;
#3222 = CARTESIAN_POINT ( 'NONE',  ( 726.8764191635668794, 912.1605385336741847, 1309.390022520045250 ) ) ;
#3223 = B_SPLINE_CURVE_WITH_KNOTS ( 'NONE', 3,
 ( #2909, #4009, #4493, #4459, #6502, #5602, #1241, #5505 ),
 .UNSPECIFIED., .F., .F.,
 ( 4, 2, 2, 4 ),
 ( 0.000000000000000000, 0.0003785376244289270472, 0.0007570752488578540943, 0.001514150497715477470 ),
 .UNSPECIFIED. ) ;
#3224 = CARTESIAN_POINT ( 'NONE',  ( 724.7138984155337766, 905.5467360354883795, 1314.971390018762349 ) ) ;
#3225 = ADVANCED_FACE ( 'NONE', ( #1473 ), #1257, .F. ) ;
#3226 = ORIENTED_EDGE ( 'NONE', *, *, #5758, .F. ) ;
#3227 = DIRECTION ( 'NONE',  ( 0.07317157541021193645, -0.6515180314347919222, -0.7550961364404674692 ) ) ;
#3228 = CARTESIAN_POINT ( 'NONE',  ( 725.9753509047419584, 913.3725778078152189, 1308.256924382377747 ) ) ;
#3229 = FACE_OUTER_BOUND ( 'NONE', #5954, .T. ) ;
#3230 = DIRECTION ( 'NONE',  ( -0.07317157541021640510, 0.6515180314347921442, 0.7550961364404670251 ) ) ;
#3231 = CARTESIAN_POINT ( 'NONE',  ( 711.9921693771074160, 906.9181789821598159, 1313.355622399636559 ) ) ;
#3232 = EDGE_CURVE ( 'NONE', #540, #1943, #2026, .T. ) ;
#3233 = ORIENTED_EDGE ( 'NONE', *, *, #2289, .F. ) ;
#3234 = ORIENTED_EDGE ( 'NONE', *, *, #2951, .F. ) ;
#3235 = B_SPLINE_CURVE_WITH_KNOTS ( 'NONE', 3,
 ( #3139, #1472, #1045, #5701, #434, #1545, #3619, #3584 ),
 .UNSPECIFIED., .F., .F.,
 ( 4, 2, 2, 4 ),
 ( 0.000000000000000000, 0.0006957517735686783930, 0.001043627660352939093, 0.001391503547137199794 ),
 .UNSPECIFIED. ) ;
#3236 = CARTESIAN_POINT ( 'NONE',  ( 723.1696836092525018, 904.3088752023797952, 1316.564795432004075 ) ) ;
#3237 = CARTESIAN_POINT ( 'NONE',  ( 713.5340971139958128, 912.5050474659155952, 1314.795430347288857 ) ) ;
#3238 = CARTESIAN_POINT ( 'NONE',  ( 718.6490125320275411, 916.6820240430553213, 1311.262425620909426 ) ) ;
#3239 = CARTESIAN_POINT ( 'NONE',  ( 725.0175359937654775, 914.8082735033004838, 1307.283587074831303 ) ) ;
#3240 = CARTESIAN_POINT ( 'NONE',  ( 717.4898742722955376, 915.3973169263011869, 1307.462088171222376 ) ) ;
#3241 = CARTESIAN_POINT ( 'NONE',  ( 718.7917400848953093, 919.4506485289006150, 1322.044098589542727 ) ) ;
#3242 = CARTESIAN_POINT ( 'NONE',  ( 718.7917400848953093, 919.4506485289006150, 1322.044098589542727 ) ) ;
#3243 = EDGE_CURVE ( 'NONE', #2455, #1844, #4574, .T. ) ;
#3244 = ORIENTED_EDGE ( 'NONE', *, *, #2701, .T. ) ;
#3245 = ORIENTED_EDGE ( 'NONE', *, *, #5299, .F. ) ;
#3246 = B_SPLINE_SURFACE_WITH_KNOTS ( 'NONE', 3, 1, ( 
 ( #4012, #1407 ),
 ( #4462, #1897 ),
 ( #4045, #6608 ),
 ( #138, #6443 ),
 ( #3522, #3427 ),
 ( #6673, #274 ),
 ( #1931, #1174 ),
 ( #2977, #5573 ) ),
 .UNSPECIFIED., .F., .F., .F.,
 ( 4, 1, 1, 1, 1, 4 ),
 ( 2, 2 ),
 ( 0.000000000000000000, 0.3581071372195973046, 0.4566366301078926271, 0.6536956158844833276, 0.7882359431063625799, 1.000000000000000000 ),
 ( 0.000000000000000000, 1.000000000000000000 ),
 .UNSPECIFIED. ) ;
#3247 = ORIENTED_EDGE ( 'NONE', *, *, #4187, .T. ) ;
#3248 = CARTESIAN_POINT ( 'NONE',  ( 714.0402007338058183, 913.0571636141412455, 1307.372210079967772 ) ) ;
#3249 = CARTESIAN_POINT ( 'NONE',  ( 717.8051910913279698, 914.5477997534410406, 1319.600468882856603 ) ) ;
#3250 = CARTESIAN_POINT ( 'NONE',  ( 711.3067336666500751, 909.9645022956055982, 1310.535399244013888 ) ) ;
#3251 = DIRECTION ( 'NONE',  ( -0.07317157541021195033, 0.6515180314347920332, 0.7550961364404676912 ) ) ;
#3252 = ORIENTED_EDGE ( 'NONE', *, *, #3912, .T. ) ;
#3253 = CARTESIAN_POINT ( 'NONE',  ( 718.7917400848950820, 919.4506485289003876, 1322.044098589542955 ) ) ;
#3254 = SECURITY_CLASSIFICATION ( '', '', #1902 ) ;
#3255 = CARTESIAN_POINT ( 'NONE',  ( 719.1634485237495937, 915.7569990648498788, 1307.313919840191147 ) ) ;
#3256 = CARTESIAN_POINT ( 'NONE',  ( 728.5719571400858285, 911.1020103924316800, 1311.428009455188885 ) ) ;
#3257 = ADVANCED_FACE ( 'NONE', ( #2235 ), #2395, .F. ) ;
#3258 = CARTESIAN_POINT ( 'NONE',  ( 726.4132031308754449, 907.2413202266633334, 1313.589574110472768 ) ) ;
#3259 = CARTESIAN_POINT ( 'NONE',  ( 728.5870579854120024, 910.8905536761121766, 1311.611923541741362 ) ) ;
#3260 = CARTESIAN_POINT ( 'NONE',  ( 718.7917400848953093, 919.4506485289006150, 1322.044098589542727 ) ) ;
#3261 = CARTESIAN_POINT ( 'NONE',  ( 713.1173056268039545, 911.4481912988014756, 1310.445786152989285 ) ) ;
#3262 = ORIENTED_EDGE ( 'NONE', *, *, #3045, .F. ) ;
#3263 = ADVANCED_FACE ( 'NONE', ( #4212 ), #4963, .F. ) ;
#3264 = CARTESIAN_POINT ( 'NONE',  ( 718.7917400848953093, 919.4506485289006150, 1322.044098589542727 ) ) ;
#3265 = CARTESIAN_POINT ( 'NONE',  ( 718.7917400848950820, 919.4506485289003876, 1322.044098589542955 ) ) ;
#3266 = LINE ( 'NONE', #630, #6487 ) ;
#3267 = CARTESIAN_POINT ( 'NONE',  ( 721.3519471109336791, 912.2373601545340307, 1318.722175886430477 ) ) ;
#3268 = LINE ( 'NONE', #5580, #3870 ) ;
#3269 = EDGE_LOOP ( 'NONE', ( #2536, #4567, #5914, #5001 ) ) ;
#3270 = ORIENTED_EDGE ( 'NONE', *, *, #3530, .F. ) ;
#3271 = ADVANCED_FACE ( 'NONE', ( #1610 ), #5341, .F. ) ;
#3272 = CARTESIAN_POINT ( 'NONE',  ( 714.7712887630414116, 915.1232938938674124, 1308.073401878876666 ) ) ;
#3273 = CONICAL_SURFACE ( 'NONE', #5264, 7.422524410953650786, 1.047197551196596965 ) ;
#3274 = CARTESIAN_POINT ( 'NONE',  ( 719.4265001802397137, 915.5416562728864847, 1305.835125531123140 ) ) ;
#3275 = CARTESIAN_POINT ( 'NONE',  ( 723.0551416912570630, 904.7285437065460201, 1315.432259430676368 ) ) ;
#3276 = CARTESIAN_POINT ( 'NONE',  ( 724.7032071312530661, 914.3706874965399720, 1307.277319544058400 ) ) ;
#3277 = CARTESIAN_POINT ( 'NONE',  ( 719.8286610700904475, 910.2179278277214962, 1311.343563233765735 ) ) ;
#3278 = DIRECTION ( 'NONE',  ( 0.1162306242541707169, -0.7463955445134997646, 0.6552740900690960935 ) ) ;
#3279 = CARTESIAN_POINT ( 'NONE',  ( 718.7917400848953093, 919.4506485289006150, 1322.044098589542727 ) ) ;
#3280 = ORIENTED_EDGE ( 'NONE', *, *, #6813, .F. ) ;
#3281 = ORIENTED_EDGE ( 'NONE', *, *, #2500, .F. ) ;
#3282 = VERTEX_POINT ( 'NONE', #780 ) ;
#3283 = FACE_OUTER_BOUND ( 'NONE', #1002, .T. ) ;
#3284 = CARTESIAN_POINT ( 'NONE',  ( 718.0569569456406498, 914.4525768001034294, 1319.707026937411001 ) ) ;
#3285 = CARTESIAN_POINT ( 'NONE',  ( 714.0466806050014839, 907.3419741957411588, 1314.213184305847562 ) ) ;
#3286 = CARTESIAN_POINT ( 'NONE',  ( 726.0234400940423711, 908.3685854497211949, 1314.618695444442437 ) ) ;
#3287 = ORIENTED_EDGE ( 'NONE', *, *, #2975, .F. ) ;
#3288 = CARTESIAN_POINT ( 'NONE',  ( 720.0448201250273996, 908.9310258586179998, 1313.212770126080613 ) ) ;
#3289 = VECTOR ( 'NONE', #5379, 1000.000000000000227 ) ;
#3290 = DIRECTION ( 'NONE',  ( 0.000000000000000000, 0.7571257123220515028, -0.6532692061782998660 ) ) ;
#3291 = DIRECTION ( 'NONE',  ( -0.9670592738890173568, -0.2314397642216914908, 0.1059811130449862665 ) ) ;
#3292 = CARTESIAN_POINT ( 'NONE',  ( 723.0551416912570630, 904.7285437065460201, 1315.432259430676368 ) ) ;
#3293 = CARTESIAN_POINT ( 'NONE',  ( 718.7917400848953093, 919.4506485289006150, 1322.044098589542727 ) ) ;
#3294 = LINE ( 'NONE', #5120, #5630 ) ;
#3295 = CARTESIAN_POINT ( 'NONE',  ( 722.5861310296429565, 915.4866925990831987, 1307.878852718597045 ) ) ;
#3296 = VECTOR ( 'NONE', #4428, 1000.000000000000114 ) ;
#3297 = ORIENTED_EDGE ( 'NONE', *, *, #4415, .F. ) ;
#3298 = EDGE_CURVE ( 'NONE', #2967, #2455, #693, .T. ) ;
#3299 = VECTOR ( 'NONE', #5439, 999.9999999999998863 ) ;
#3300 = CARTESIAN_POINT ( 'NONE',  ( 718.7917400848953093, 919.4506485289006150, 1322.044098589542727 ) ) ;
#3301 = CARTESIAN_POINT ( 'NONE',  ( 727.7843826230368904, 909.4827296378722394, 1312.146732580536309 ) ) ;
#3302 = CARTESIAN_POINT ( 'NONE',  ( 716.7081244261920574, 916.5073842109414954, 1317.806567983505829 ) ) ;
#3303 = CARTESIAN_POINT ( 'NONE',  ( 718.7917400848953093, 919.4506485289006150, 1322.044098589542727 ) ) ;
#3304 = LINE ( 'NONE', #5939, #3312 ) ;
#3305 = ORIENTED_EDGE ( 'NONE', *, *, #3394, .F. ) ;
#3306 = AXIS2_PLACEMENT_3D ( 'NONE', #669, #1805, #5030 ) ;
#3307 = EDGE_CURVE ( 'NONE', #1854, #5716, #3414, .T. ) ;
#3308 = VERTEX_POINT ( 'NONE', #5076 ) ;
#3309 = CARTESIAN_POINT ( 'NONE',  ( 727.6641535523565381, 907.6118494632687543, 1314.351448276750943 ) ) ;
#3310 = CARTESIAN_POINT ( 'NONE',  ( 726.7449150139826770, 912.3798315869395310, 1311.227593825936538 ) ) ;
#3311 = CARTESIAN_POINT ( 'NONE',  ( 718.7917400848950820, 919.4506485289003876, 1322.044098589542955 ) ) ;
#3312 = VECTOR ( 'NONE', #5614, 1000.000000000000000 ) ;
#3313 = CARTESIAN_POINT ( 'NONE',  ( 718.7917400848953093, 919.4506485289006150, 1322.044098589542727 ) ) ;
#3314 = CARTESIAN_POINT ( 'NONE',  ( 718.7917400848953093, 919.4506485289006150, 1322.044098589542727 ) ) ;
#3315 = CARTESIAN_POINT ( 'NONE',  ( 726.5911588805894326, 912.2624476620894711, 1311.183268195849223 ) ) ;
#3316 = ORIENTED_EDGE ( 'NONE', *, *, #5854, .F. ) ;
#3317 = EDGE_CURVE ( 'NONE', #1989, #5403, #4734, .T. ) ;
#3318 = EDGE_LOOP ( 'NONE', ( #2222, #5148, #2298, #797, #1095, #3347, #3772, #2425, #2627, #3040, #4060, #6102, #5423, #6140, #6787, #3831, #4098, #3889, #2369, #4263, #300, #218, #6365, #3247, #5493, #2873, #3450, #1790, #5373, #6619, #1962, #626, #4386, #2207, #1913, #4254, #6078, #5468, #815, #1167, #1922, #1317, #2113, #3606, #4208, #1444, #599, #1686, #3067, #2908, #5320, #6490, #308, #734, #5582, #6738, #6481, #2168, #5587, #289, #4531, #580, #1820, #2070, #3924, #1652, #3001 ) ) ;
#3319 = ORIENTED_EDGE ( 'NONE', *, *, #5665, .T. ) ;
#3320 = CARTESIAN_POINT ( 'NONE',  ( 718.7917400848953093, 919.4506485289006150, 1322.044098589542727 ) ) ;
#3321 = CARTESIAN_POINT ( 'NONE',  ( 726.8937159870010873, 912.1689980664790482, 1309.389266977330635 ) ) ;
#3322 = CARTESIAN_POINT ( 'NONE',  ( 723.9954560898142972, 914.7144066242252620, 1306.907297967192335 ) ) ;
#3323 = LINE ( 'NONE', #4879, #964 ) ;
#3324 = ORIENTED_EDGE ( 'NONE', *, *, #3437, .F. ) ;
#3325 = CARTESIAN_POINT ( 'NONE',  ( 712.4361477196424630, 908.2571831219703427, 1314.007202474401765 ) ) ;
#3326 = EDGE_CURVE ( 'NONE', #322, #1112, #6561, .T. ) ;
#3327 = CARTESIAN_POINT ( 'NONE',  ( 718.7917400848953093, 919.4506485289006150, 1322.044098589542727 ) ) ;
#3328 = CARTESIAN_POINT ( 'NONE',  ( 719.0236338536774383, 915.2443303871752960, 1305.884365054018417 ) ) ;
#3329 = CARTESIAN_POINT ( 'NONE',  ( 726.0382249043414049, 913.0134839747423712, 1310.347257758715159 ) ) ;
#3330 = CARTESIAN_POINT ( 'NONE',  ( 717.5668702559436269, 916.4599111997079035, 1305.662958293987913 ) ) ;
#3331 = DIRECTION ( 'NONE',  ( 0.4664204040275945484, -0.7314049914711021616, -0.4974924573879411227 ) ) ;
#3332 = ORIENTED_EDGE ( 'NONE', *, *, #3437, .T. ) ;
#3333 = CARTESIAN_POINT ( 'NONE',  ( 712.3937028223821244, 912.6821636234562902, 1310.068969428397850 ) ) ;
#3334 = CARTESIAN_POINT ( 'NONE',  ( 719.8863584995044675, 909.7041912377968629, 1310.748152983421733 ) ) ;
#3335 = CARTESIAN_POINT ( 'NONE',  ( 726.0015206363989364, 915.2687947550766694, 1307.569244491330210 ) ) ;
#3336 = CARTESIAN_POINT ( 'NONE',  ( 725.3381694909103317, 915.6268682769290308, 1308.898685400461545 ) ) ;
#3337 = ORIENTED_EDGE ( 'NONE', *, *, #5458, .F. ) ;
#3338 = ORIENTED_EDGE ( 'NONE', *, *, #126, .T. ) ;
#3339 = CARTESIAN_POINT ( 'NONE',  ( 712.3696943101776924, 909.4064412059095730, 1310.360579939733043 ) ) ;
#3340 = CARTESIAN_POINT ( 'NONE',  ( 718.7917400848953093, 919.4506485289006150, 1322.044098589542727 ) ) ;
#3341 = CARTESIAN_POINT ( 'NONE',  ( 723.5713545998988820, 904.9500642221844373, 1315.290845458688864 ) ) ;
#3342 = ADVANCED_FACE ( 'NONE', ( #5533 ), #6682, .F. ) ;
#3343 = CARTESIAN_POINT ( 'NONE',  ( 721.6917923337483671, 905.7256014843098910, 1316.214337209981522 ) ) ;
#3344 = CARTESIAN_POINT ( 'NONE',  ( 727.3621092246498847, 911.5519144702441281, 1310.109706030752704 ) ) ;
#3345 = CARTESIAN_POINT ( 'NONE',  ( 714.7111067406730172, 911.6773550336869221, 1315.205382443222334 ) ) ;
#3346 = CARTESIAN_POINT ( 'NONE',  ( 716.6511087048569379, 916.0298463543225580, 1318.213075948933465 ) ) ;
#3347 = ORIENTED_EDGE ( 'NONE', *, *, #2169, .T. ) ;
#3348 = B_SPLINE_CURVE_WITH_KNOTS ( 'NONE', 3,
 ( #5097, #1707, #6680, #3829, #2462, #3990, #4897, #2826 ),
 .UNSPECIFIED., .F., .F.,
 ( 4, 2, 2, 4 ),
 ( 0.000000000000000000, 0.0006957517735684777072, 0.001043627660352948417, 0.001391503547137419236 ),
 .UNSPECIFIED. ) ;
#3349 = VERTEX_POINT ( 'NONE', #5007 ) ;
#3350 = DIRECTION ( 'NONE',  ( 0.07317157541021193645, -0.6515180314347919222, -0.7550961364404674692 ) ) ;
#3351 = CARTESIAN_POINT ( 'NONE',  ( 724.2621213476685398, 906.2797591406384754, 1316.859359169182198 ) ) ;
#3352 = CARTESIAN_POINT ( 'NONE',  ( 712.3672816005203003, 909.4026676800177711, 1310.356190538089550 ) ) ;
#3353 = EDGE_CURVE ( 'NONE', #6109, #1939, #3671, .T. ) ;
#3354 = CARTESIAN_POINT ( 'NONE',  ( 711.7612850617856566, 912.0131170903252951, 1308.885257463365633 ) ) ;
#3355 = EDGE_LOOP ( 'NONE', ( #993, #247, #3556, #1162 ) ) ;
#3356 = CARTESIAN_POINT ( 'NONE',  ( 714.5281398323093072, 904.7647209335787011, 1315.407494407670583 ) ) ;
#3357 = DIRECTION ( 'NONE',  ( 0.07317157541021193645, -0.6515180314347919222, -0.7550961364404674692 ) ) ;
#3358 = B_SPLINE_SURFACE_WITH_KNOTS ( 'NONE', 3, 1, ( 
 ( #2443, #5075 ),
 ( #2901, #2867 ),
 ( #4974, #6014 ),
 ( #4579, #6595 ),
 ( #1814, #6661 ),
 ( #5038, #1784 ),
 ( #1265, #3375 ),
 ( #5532, #743 ) ),
 .UNSPECIFIED., .F., .F., .F.,
 ( 4, 1, 1, 1, 1, 4 ),
 ( 2, 2 ),
 ( 0.000000000000000000, 0.3581071372195973046, 0.4566366301078926271, 0.6536956158844833276, 0.7882359431063625799, 1.000000000000000000 ),
 ( 0.000000000000000000, 1.000000000000000000 ),
 .UNSPECIFIED. ) ;
#3359 = CARTESIAN_POINT ( 'NONE',  ( 711.9112027838834820, 909.4965251783399935, 1312.886994458531717 ) ) ;
#3360 = ADVANCED_FACE ( 'NONE', ( #4485 ), #6114, .F. ) ;
#3361 = DIRECTION ( 'NONE',  ( 0.7594562077933240118, -0.4543443982639109313, 0.4656151159599398737 ) ) ;
#3362 = CARTESIAN_POINT ( 'NONE',  ( 717.4645001895293035, 915.5973939404213979, 1305.870795151789025 ) ) ;
#3363 = EDGE_LOOP ( 'NONE', ( #716, #2029, #3714, #6590 ) ) ;
#3364 = DIRECTION ( 'NONE',  ( 0.3941294114190401765, 0.6385052728051210380, 0.6610393510635649283 ) ) ;
#3365 = VECTOR ( 'NONE', #817, 1000.000000000000000 ) ;
#3366 = ORIENTED_EDGE ( 'NONE', *, *, #5299, .T. ) ;
#3367 = APPROVAL_PERSON_ORGANIZATION ( #1833, #5349, #6713 ) ;
#3368 = CARTESIAN_POINT ( 'NONE',  ( 722.3848949065020406, 916.4104714278253141, 1315.147921622113017 ) ) ;
#3369 = DIRECTION ( 'NONE',  ( 0.1162306242542057305, -0.7463955445135135314, 0.6552740900690744441 ) ) ;
#3370 = CARTESIAN_POINT ( 'NONE',  ( 726.5723112300493085, 907.2497488192794890, 1313.745200373556145 ) ) ;
#3371 = VERTEX_POINT ( 'NONE', #4420 ) ;
#3372 = VERTEX_POINT ( 'NONE', #1362 ) ;
#3373 = CARTESIAN_POINT ( 'NONE',  ( 720.9889975399767081, 903.6782714752720267, 1317.098602189467783 ) ) ;
#3374 = PLANE ( 'NONE',  #2748 ) ;
#3375 = CARTESIAN_POINT ( 'NONE',  ( 711.6146242072537689, 912.0172040448547932, 1308.927511371702849 ) ) ;
#3376 = CARTESIAN_POINT ( 'NONE',  ( 721.0399191625181174, 905.5772223700622590, 1316.279317962163759 ) ) ;
#3377 = CARTESIAN_POINT ( 'NONE',  ( 718.7917400848953093, 919.4506485289006150, 1322.044098589542727 ) ) ;
#3378 = VECTOR ( 'NONE', #4211, 1000.000000000000000 ) ;
#3379 = AXIS2_PLACEMENT_3D ( 'NONE', #5698, #2023, #5281 ) ;
#3380 = CARTESIAN_POINT ( 'NONE',  ( 718.7917400848953093, 919.4506485289006150, 1322.044098589542727 ) ) ;
#3381 = CARTESIAN_POINT ( 'NONE',  ( 716.6502539234369351, 916.1013215792729625, 1318.148129239058335 ) ) ;
#3382 = ORIENTED_EDGE ( 'NONE', *, *, #1137, .T. ) ;
#3383 = B_SPLINE_CURVE_WITH_KNOTS ( 'NONE', 3,
 ( #3951, #279, #4051, #3527, #3491, #6098, #6613 ),
 .UNSPECIFIED., .F., .F.,
 ( 4, 3, 4 ),
 ( 0.0003952279166602060221, 0.0004346578008312469341, 0.0007905002888285007998 ),
 .UNSPECIFIED. ) ;
#3384 = VERTEX_POINT ( 'NONE', #6532 ) ;
#3385 = EDGE_CURVE ( 'NONE', #5508, #124, #810, .T. ) ;
#3386 = B_SPLINE_CURVE_WITH_KNOTS ( 'NONE', 1,
 ( #1894, #1303 ),
 .UNSPECIFIED., .F., .F.,
 ( 2, 2 ),
 ( 0.000000000000000000, 0.001500000000000206246 ),
 .UNSPECIFIED. ) ;
#3387 = VECTOR ( 'NONE', #4296, 1000.000000000000227 ) ;
#3388 = CARTESIAN_POINT ( 'NONE',  ( 719.1148235725773930, 917.4331126541112553, 1313.948676352378470 ) ) ;
#3389 = DIRECTION ( 'NONE',  ( 0.000000000000000000, -0.7571257123220515028, 0.6532692061782998660 ) ) ;
#3390 = CARTESIAN_POINT ( 'NONE',  ( 715.5003391406543187, 914.4580765357522978, 1308.079863452984455 ) ) ;
#3391 = CARTESIAN_POINT ( 'NONE',  ( 718.9732469780291240, 917.6874314688700451, 1310.850998220618749 ) ) ;
#3392 = ORIENTED_EDGE ( 'NONE', *, *, #2855, .F. ) ;
#3393 = CARTESIAN_POINT ( 'NONE',  ( 714.8143347359028894, 905.1023152766392741, 1314.531876141246130 ) ) ;
#3394 = EDGE_CURVE ( 'NONE', #6134, #2912, #5593, .T. ) ;
#3395 = CARTESIAN_POINT ( 'NONE',  ( 718.6513559154396944, 914.3274180642038118, 1319.872616822245845 ) ) ;
#3396 = AXIS2_PLACEMENT_3D ( 'NONE', #1512, #1933, #4048 ) ;
#3397 = CARTESIAN_POINT ( 'NONE',  ( 725.6380698173170458, 907.7551873543891361, 1315.227484202036521 ) ) ;
#3398 = CARTESIAN_POINT ( 'NONE',  ( 718.7917400848953093, 919.4506485289006150, 1322.044098589542727 ) ) ;
#3399 = ORIENTED_EDGE ( 'NONE', *, *, #3353, .F. ) ;
#3400 = CARTESIAN_POINT ( 'NONE',  ( 718.7917400848953093, 919.4506485289006150, 1322.044098589542727 ) ) ;
#3401 = B_SPLINE_CURVE_WITH_KNOTS ( 'NONE', 1,
 ( #6829, #6311 ),
 .UNSPECIFIED., .F., .F.,
 ( 2, 2 ),
 ( 0.000000000000000000, 0.001499999999999903971 ),
 .UNSPECIFIED. ) ;
#3402 = ORIENTED_EDGE ( 'NONE', *, *, #2338, .T. ) ;
#3403 = EDGE_CURVE ( 'NONE', #955, #3723, #5815, .T. ) ;
#3404 = LINE ( 'NONE', #2920, #5048 ) ;
#3405 = CARTESIAN_POINT ( 'NONE',  ( 727.4713277737341741, 909.4102114250129034, 1311.923829481913117 ) ) ;
#3406 = CARTESIAN_POINT ( 'NONE',  ( 718.7917400848953093, 919.4506485289006150, 1322.044098589542727 ) ) ;
#3407 = VERTEX_POINT ( 'NONE', #5211 ) ;
#3408 = ORIENTED_EDGE ( 'NONE', *, *, #4374, .T. ) ;
#3409 = AXIS2_PLACEMENT_3D ( 'NONE', #5707, #3111, #370 ) ;
#3410 = CIRCLE ( 'NONE', #4291, 7.997732278218547819 ) ;
#3411 = CARTESIAN_POINT ( 'NONE',  ( 722.8436458976331096, 915.1328187195622377, 1306.436833381209226 ) ) ;
#3412 = CARTESIAN_POINT ( 'NONE',  ( 718.7917400848953093, 919.4506485289006150, 1322.044098589542727 ) ) ;
#3413 = CARTESIAN_POINT ( 'NONE',  ( 713.7410958889266794, 906.1592281514982687, 1313.287848357103030 ) ) ;
#3414 = LINE ( 'NONE', #230, #4964 ) ;
#3415 = CARTESIAN_POINT ( 'NONE',  ( 721.0894085247964540, 915.7754141496116063, 1307.484829025818726 ) ) ;
#3416 = VECTOR ( 'NONE', #2736, 1000.000000000000114 ) ;
#3417 = CARTESIAN_POINT ( 'NONE',  ( 712.3038291112262641, 908.0362849749475345, 1311.750242153796762 ) ) ;
#3418 = CARTESIAN_POINT ( 'NONE',  ( 716.9599473414149315, 915.2096319260605242, 1307.572841845535777 ) ) ;
#3419 = ORIENTED_EDGE ( 'NONE', *, *, #6135, .T. ) ;
#3420 = EDGE_LOOP ( 'NONE', ( #5070, #4513, #6491, #4907 ) ) ;
#3421 = AXIS2_PLACEMENT_3D ( 'NONE', #4780, #629, #4266 ) ;
#3422 = CARTESIAN_POINT ( 'NONE',  ( 728.2290692812124462, 912.5189988353357649, 1310.172165172658651 ) ) ;
#3423 = DIRECTION ( 'NONE',  ( 0.1162306242541809864, -0.7463955445134943245, 0.6552740900691006454 ) ) ;
#3424 = DIRECTION ( 'NONE',  ( -0.7772881874897910048, -0.5116355230096547579, 0.3661313496321678684 ) ) ;
#3425 = CARTESIAN_POINT ( 'NONE',  ( 727.3801312632264171, 913.1425376385091113, 1311.240108805326145 ) ) ;
#3426 = ADVANCED_FACE ( 'NONE', ( #3062 ), #6512, .F. ) ;
#3427 = CARTESIAN_POINT ( 'NONE',  ( 714.5778740142494598, 904.8467122702206780, 1315.168924532139499 ) ) ;
#3428 = ORIENTED_EDGE ( 'NONE', *, *, #5926, .T. ) ;
#3429 = CARTESIAN_POINT ( 'NONE',  ( 724.4695139072730399, 906.4019727347209709, 1316.774006964600403 ) ) ;
#3430 = CARTESIAN_POINT ( 'NONE',  ( 716.7022689805024811, 905.7532694223488079, 1315.841299365955365 ) ) ;
#3431 = CARTESIAN_POINT ( 'NONE',  ( 718.7917400848953093, 919.4506485289006150, 1322.044098589542727 ) ) ;
#3432 = EDGE_CURVE ( 'NONE', #830, #3502, #2848, .T. ) ;
#3433 = VERTEX_POINT ( 'NONE', #327 ) ;
#3434 = CARTESIAN_POINT ( 'NONE',  ( 724.2342674664892002, 904.9718590293773559, 1315.835028547979618 ) ) ;
#3435 = ORIENTED_EDGE ( 'NONE', *, *, #4120, .F. ) ;
#3436 = LINE ( 'NONE', #5554, #1836 ) ;
#3437 = EDGE_CURVE ( 'NONE', #3724, #1722, #4167, .T. ) ;
#3438 = CARTESIAN_POINT ( 'NONE',  ( 718.7917400848953093, 919.4506485289006150, 1322.044098589542727 ) ) ;
#3439 = CARTESIAN_POINT ( 'NONE',  ( 718.7917400848953093, 919.4506485289006150, 1322.044098589542727 ) ) ;
#3440 = VERTEX_POINT ( 'NONE', #6145 ) ;
#3441 = ORIENTED_EDGE ( 'NONE', *, *, #3455, .T. ) ;
#3442 = CARTESIAN_POINT ( 'NONE',  ( 718.7917400848953093, 919.4506485289006150, 1322.044098589542727 ) ) ;
#3443 = CARTESIAN_POINT ( 'NONE',  ( 726.6414595580748710, 906.3077112414713383, 1315.363129991943197 ) ) ;
#3444 = CARTESIAN_POINT ( 'NONE',  ( 717.0027654079433432, 915.1391212196350580, 1319.015695287083417 ) ) ;
#3445 = CARTESIAN_POINT ( 'NONE',  ( 721.6501130112390001, 916.1628567748754222, 1318.582732632038187 ) ) ;
#3446 = EDGE_CURVE ( 'NONE', #1684, #4640, #4407, .T. ) ;
#3447 = CARTESIAN_POINT ( 'NONE',  ( 714.9035876466625723, 914.3097038342016276, 1306.666610195691874 ) ) ;
#3448 = CARTESIAN_POINT ( 'NONE',  ( 712.4990968193155823, 908.0080819777937222, 1311.645925146745640 ) ) ;
#3449 = CARTESIAN_POINT ( 'NONE',  ( 712.4140113302090640, 908.7483099028526112, 1310.925316981774358 ) ) ;
#3450 = ORIENTED_EDGE ( 'NONE', *, *, #781, .T. ) ;
#3451 = ORIENTED_EDGE ( 'NONE', *, *, #5290, .T. ) ;
#3452 = CARTESIAN_POINT ( 'NONE',  ( 712.2129939473388731, 912.7014685539140828, 1310.150924487655629 ) ) ;
#3453 = CARTESIAN_POINT ( 'NONE',  ( 712.9555133311988584, 910.0360896174250911, 1311.648460694379310 ) ) ;
#3454 = CARTESIAN_POINT ( 'NONE',  ( 718.7917400848953093, 919.4506485289006150, 1322.044098589542727 ) ) ;
#3455 = EDGE_CURVE ( 'NONE', #3000, #1260, #1536, .T. ) ;
#3456 = CARTESIAN_POINT ( 'NONE',  ( 719.1810039555158482, 914.3152672139365222, 1319.937618804543717 ) ) ;
#3457 = CARTESIAN_POINT ( 'NONE',  ( 719.6786484395256593, 917.1008764661768282, 1307.078441700561825 ) ) ;
#3458 = VERTEX_POINT ( 'NONE', #4066 ) ;
#3459 = CARTESIAN_POINT ( 'NONE',  ( 713.1684305829253390, 911.6106243287091502, 1310.310754265903824 ) ) ;
#3460 = CARTESIAN_POINT ( 'NONE',  ( 718.7917400848950820, 919.4506485289003876, 1322.044098589542955 ) ) ;
#3461 = CARTESIAN_POINT ( 'NONE',  ( 720.4585131518164189, 915.4591577586666062, 1305.921963194541149 ) ) ;
#3462 = ORIENTED_EDGE ( 'NONE', *, *, #2147, .F. ) ;
#3463 = CARTESIAN_POINT ( 'NONE',  ( 711.8523157109864314, 910.3636404241851778, 1309.914576856107260 ) ) ;
#3464 = EDGE_LOOP ( 'NONE', ( #476, #1774, #828, #1452 ) ) ;
#3465 = ADVANCED_FACE ( 'NONE', ( #389 ), #4085, .F. ) ;
#3466 = B_SPLINE_CURVE_WITH_KNOTS ( 'NONE', 3,
 ( #569, #6386, #2233, #5315, #2760, #2125, #4241, #4789 ),
 .UNSPECIFIED., .F., .F.,
 ( 4, 2, 2, 4 ),
 ( 0.000000000000000000, 0.0006957517735686447827, 0.001043627660353103892, 0.001391503547137562784 ),
 .UNSPECIFIED. ) ;
#3467 = CARTESIAN_POINT ( 'NONE',  ( 720.3285797094575855, 916.2849151944183177, 1305.740551983712749 ) ) ;
#3468 = CARTESIAN_POINT ( 'NONE',  ( 726.5753092092995757, 907.2450476163110125, 1313.742002674545574 ) ) ;
#3469 = CARTESIAN_POINT ( 'NONE',  ( 725.7365449931360217, 914.3348574477001875, 1307.768846561170449 ) ) ;
#3470 = ORIENTED_EDGE ( 'NONE', *, *, #1708, .F. ) ;
#3471 = VERTEX_POINT ( 'NONE', #3610 ) ;
#3472 = EDGE_CURVE ( 'NONE', #5191, #724, #2195, .T. ) ;
#3473 = CARTESIAN_POINT ( 'NONE',  ( 720.0531366296780789, 918.0346139474951315, 1316.812975429385233 ) ) ;
#3474 = CARTESIAN_POINT ( 'NONE',  ( 718.5777291577347796, 915.2992714382837676, 1305.877662733275656 ) ) ;
#3475 = CARTESIAN_POINT ( 'NONE',  ( 718.7917400848953093, 919.4506485289006150, 1322.044098589542727 ) ) ;
#3476 = DIRECTION ( 'NONE',  ( -0.5137662727137516372, 0.4735038935078337285, 0.7154287384881468093 ) ) ;
#3477 = CARTESIAN_POINT ( 'NONE',  ( 720.4651349471334925, 915.6780268066811459, 1305.881239076312568 ) ) ;
#3478 = CARTESIAN_POINT ( 'NONE',  ( 713.8155215031164289, 907.8008291855999232, 1313.660581624551014 ) ) ;
#3479 = CARTESIAN_POINT ( 'NONE',  ( 726.5025988224800813, 911.8970631887062837, 1311.355530489102875 ) ) ;
#3480 = VERTEX_POINT ( 'NONE', #357 ) ;
#3481 = B_SPLINE_CURVE_WITH_KNOTS ( 'NONE', 3,
 ( #399, #3690, #2521, #3659, #2655, #6223, #6741, #5668, #5736, #1609 ),
 .UNSPECIFIED., .F., .F.,
 ( 4, 3, 3, 4 ),
 ( 0.000000000000000000, 0.0002173289232322046652, 0.0004346578008312650403, 0.0007905002888283408800 ),
 .UNSPECIFIED. ) ;
#3482 = ORIENTED_EDGE ( 'NONE', *, *, #3950, .T. ) ;
#3483 = EDGE_CURVE ( 'NONE', #5415, #1009, #4650, .T. ) ;
#3484 = FACE_OUTER_BOUND ( 'NONE', #5765, .T. ) ;
#3485 = CARTESIAN_POINT ( 'NONE',  ( 718.3454007550046754, 905.3702463315331670, 1316.397550140431122 ) ) ;
#3486 = CARTESIAN_POINT ( 'NONE',  ( 713.5934408624428897, 907.8378077340153141, 1313.765600950984663 ) ) ;
#3487 = PLANE ( 'NONE',  #1639 ) ;
#3488 = CARTESIAN_POINT ( 'NONE',  ( 728.1449356514381179, 912.7176298509556318, 1309.992627929688069 ) ) ;
#3489 = EDGE_LOOP ( 'NONE', ( #4664, #910 ) ) ;
#3490 = LINE ( 'NONE', #1311, #6720 ) ;
#3491 = CARTESIAN_POINT ( 'NONE',  ( 718.8305549653821345, 915.7125007386269999, 1307.320027879676218 ) ) ;
#3492 = PERSON_AND_ORGANIZATION ( #902, #2259 ) ;
#3493 = CARTESIAN_POINT ( 'NONE',  ( 721.0329732200649460, 915.4399706277233690, 1305.993882864015859 ) ) ;
#3494 = ORIENTED_EDGE ( 'NONE', *, *, #4698, .T. ) ;
#3495 = CARTESIAN_POINT ( 'NONE',  ( 711.4673478086367595, 910.3948789774960915, 1310.121503556015796 ) ) ;
#3496 = EDGE_LOOP ( 'NONE', ( #2956, #1160, #4784, #4353 ) ) ;
#3497 = CIRCLE ( 'NONE', #183, 2.499999999999990674 ) ;
#3498 = PLANE ( 'NONE',  #5491 ) ;
#3499 = CARTESIAN_POINT ( 'NONE',  ( 727.3342543553629866, 909.3631209122133896, 1311.840666956134783 ) ) ;
#3500 = CARTESIAN_POINT ( 'NONE',  ( 718.7917400848953093, 919.4506485289006150, 1322.044098589542727 ) ) ;
#3501 = ADVANCED_FACE ( 'NONE', ( #5727 ), #4026, .F. ) ;
#3502 = VERTEX_POINT ( 'NONE', #4339 ) ;
#3503 = EDGE_LOOP ( 'NONE', ( #1779, #4504, #6006, #159 ) ) ;
#3504 = CIRCLE ( 'NONE', #4395, 8.788285345454690756 ) ;
#3505 = CARTESIAN_POINT ( 'NONE',  ( 718.7917400848953093, 919.4506485289006150, 1322.044098589542727 ) ) ;
#3506 = DIRECTION ( 'NONE',  ( -0.07317157541021195033, 0.6515180314347920332, 0.7550961364404676912 ) ) ;
#3507 = CARTESIAN_POINT ( 'NONE',  ( 719.4952054422785750, 915.0798233806594908, 1313.151494975509650 ) ) ;
#3508 = CARTESIAN_POINT ( 'NONE',  ( 723.0567434160951734, 904.7230127331259837, 1315.429775417209157 ) ) ;
#3509 = CARTESIAN_POINT ( 'NONE',  ( 718.7917400848953093, 919.4506485289006150, 1322.044098589542727 ) ) ;
#3510 = CARTESIAN_POINT ( 'NONE',  ( 718.7917400848953093, 919.4506485289006150, 1322.044098589542727 ) ) ;
#3511 = EDGE_CURVE ( 'NONE', #4319, #1572, #6025, .T. ) ;
#3512 = LINE ( 'NONE', #1466, #1210 ) ;
#3513 = ORIENTED_EDGE ( 'NONE', *, *, #4102, .F. ) ;
#3514 = AXIS2_PLACEMENT_3D ( 'NONE', #4438, #665, #4366 ) ;
#3515 = ORIENTED_EDGE ( 'NONE', *, *, #3317, .T. ) ;
#3516 = CARTESIAN_POINT ( 'NONE',  ( 727.9309586217955257, 910.3216014293226408, 1311.508928538388773 ) ) ;
#3517 = CARTESIAN_POINT ( 'NONE',  ( 712.4361477196424630, 908.2571831219703427, 1314.007202474401765 ) ) ;
#3518 = LINE ( 'NONE', #6571, #5412 ) ;
#3519 = AXIS2_PLACEMENT_3D ( 'NONE', #1057, #6201, #4701 ) ;
#3520 = CARTESIAN_POINT ( 'NONE',  ( 713.7429926617141973, 906.1642197532625005, 1313.291136772702430 ) ) ;
#3521 = LINE ( 'NONE', #3554, #4491 ) ;
#3522 = CARTESIAN_POINT ( 'NONE',  ( 718.7917400848953093, 919.4506485289006150, 1322.044098589542727 ) ) ;
#3523 = EDGE_CURVE ( 'NONE', #3623, #6429, #2980, .T. ) ;
#3524 = ORIENTED_EDGE ( 'NONE', *, *, #1090, .T. ) ;
#3525 = DIRECTION ( 'NONE',  ( -0.1162306242541731038, 0.7463955445134947686, -0.6552740900691014225 ) ) ;
#3526 = VECTOR ( 'NONE', #1793, 1000.000000000000227 ) ;
#3527 = CARTESIAN_POINT ( 'NONE',  ( 718.9479428637561114, 915.7290855088123180, 1307.317080854111509 ) ) ;
#3528 = PERSON_AND_ORGANIZATION ( #902, #2259 ) ;
#3529 = AXIS2_PLACEMENT_3D ( 'NONE', #6148, #6118, #813 ) ;
#3530 = EDGE_CURVE ( 'NONE', #869, #6302, #3791, .T. ) ;
#3531 = ORIENTED_EDGE ( 'NONE', *, *, #6726, .T. ) ;
#3532 = ADVANCED_FACE ( 'NONE', ( #4 ), #1251, .F. ) ;
#3533 = CARTESIAN_POINT ( 'NONE',  ( 712.1371457215586815, 910.7166489334138078, 1311.580156648264392 ) ) ;
#3534 = ORIENTED_EDGE ( 'NONE', *, *, #2529, .F. ) ;
#3535 = DIRECTION ( 'NONE',  ( -0.07317157541021195033, 0.6515180314347920332, 0.7550961364404676912 ) ) ;
#3536 = CARTESIAN_POINT ( 'NONE',  ( 718.7917400848953093, 919.4506485289006150, 1322.044098589542727 ) ) ;
#3537 = CARTESIAN_POINT ( 'NONE',  ( 711.9123722354657957, 908.8261016772370340, 1311.182341997600815 ) ) ;
#3538 = ORIENTED_EDGE ( 'NONE', *, *, #6058, .T. ) ;
#3539 = ORIENTED_EDGE ( 'NONE', *, *, #6603, .F. ) ;
#3540 = CARTESIAN_POINT ( 'NONE',  ( 727.4784024254147425, 910.8680733026189955, 1310.666631104938460 ) ) ;
#3541 = DIRECTION ( 'NONE',  ( 0.000000000000000000, 0.7571257123220861418, -0.6532692061782597870 ) ) ;
#3542 = CARTESIAN_POINT ( 'NONE',  ( 723.5281777014972704, 916.5571515667581934, 1307.920616181542982 ) ) ;
#3543 = CARTESIAN_POINT ( 'NONE',  ( 725.0307456857583475, 905.1121482802876699, 1316.253073410715160 ) ) ;
#3544 = FACE_OUTER_BOUND ( 'NONE', #369, .T. ) ;
#3545 = CARTESIAN_POINT ( 'NONE',  ( 714.1622811132588140, 913.6041936333201647, 1308.821168623884432 ) ) ;
#3546 = ORIENTED_EDGE ( 'NONE', *, *, #3103, .T. ) ;
#3547 = EDGE_LOOP ( 'NONE', ( #3989, #4577, #2897, #3119 ) ) ;
#3548 = B_SPLINE_CURVE_WITH_KNOTS ( 'NONE', 1,
 ( #2741, #3781 ),
 .UNSPECIFIED., .F., .F.,
 ( 2, 2 ),
 ( 0.000000000000000000, 0.001499999999999769747 ),
 .UNSPECIFIED. ) ;
#3549 = ADVANCED_FACE ( 'NONE', ( #35 ), #1073, .F. ) ;
#3550 = CARTESIAN_POINT ( 'NONE',  ( 722.0362054793591824, 915.8315406252946786, 1307.662363493282328 ) ) ;
#3551 = CARTESIAN_POINT ( 'NONE',  ( 724.9912713965818511, 915.2470156018963507, 1313.539825736895637 ) ) ;
#3552 = CARTESIAN_POINT ( 'NONE',  ( 722.7172127938173389, 915.4468686907688380, 1307.926047404946303 ) ) ;
#3553 = CARTESIAN_POINT ( 'NONE',  ( 718.7917400848953093, 919.4506485289006150, 1322.044098589542727 ) ) ;
#3554 = CARTESIAN_POINT ( 'NONE',  ( -23.24538222569418977, 736.1765910973490463, 1395.539921814816125 ) ) ;
#3555 = CARTESIAN_POINT ( 'NONE',  ( 715.9869438119193319, 910.1131544263732849, 1316.678651680382018 ) ) ;
#3556 = ORIENTED_EDGE ( 'NONE', *, *, #1917, .F. ) ;
#3557 = DIRECTION ( 'NONE',  ( -0.8344868739811110991, 0.3746177768600212898, -0.4040955065497374155 ) ) ;
#3558 = EDGE_CURVE ( 'NONE', #2651, #2791, #5447, .T. ) ;
#3559 = CARTESIAN_POINT ( 'NONE',  ( 723.7213110460982080, 915.6991709267161923, 1308.197088475091959 ) ) ;
#3560 = CALENDAR_DATE ( 2026, 16, 4 ) ;
#3561 = CARTESIAN_POINT ( 'NONE',  ( 712.7501299927309901, 913.5019126338867181, 1307.667796540149538 ) ) ;
#3562 = ORIENTED_EDGE ( 'NONE', *, *, #5846, .F. ) ;
#3563 = CARTESIAN_POINT ( 'NONE',  ( 715.7708237949481145, 915.9441311082804305, 1305.995153512091747 ) ) ;
#3564 = ORIENTED_EDGE ( 'NONE', *, *, #2886, .F. ) ;
#3565 = B_SPLINE_CURVE_WITH_KNOTS ( 'NONE', 3,
 ( #5388, #6494, #4418, #2831, #638, #2761, #4276, #119 ),
 .UNSPECIFIED., .F., .F.,
 ( 4, 2, 2, 4 ),
 ( 0.000000000000000000, 0.0006560729127576190017, 0.0009841093691362245641, 0.001312145825514830126 ),
 .UNSPECIFIED. ) ;
#3566 = ADVANCED_FACE ( 'NONE', ( #1704, #5936, #1180, #5243, #491, #2612 ), #1323, .F. ) ;
#3567 = CARTESIAN_POINT ( 'NONE',  ( 718.7917400848953093, 919.4506485289006150, 1322.044098589542727 ) ) ;
#3568 = DIRECTION ( 'NONE',  ( 0.000000000000000000, -0.6671227630881352288, -0.7449477961371867574 ) ) ;
#3569 = CARTESIAN_POINT ( 'NONE',  ( 724.6509409288931920, 905.5612296329246647, 1314.861022035725455 ) ) ;
#3570 = ORIENTED_EDGE ( 'NONE', *, *, #334, .T. ) ;
#3571 = ORIENTED_EDGE ( 'NONE', *, *, #6821, .F. ) ;
#3572 = ADVANCED_FACE ( 'NONE', ( #1219 ), #4633, .T. ) ;
#3573 = DIRECTION ( 'NONE',  ( 0.07317157541021196421, -0.6515180314347921442, -0.7550961364404672471 ) ) ;
#3574 = CARTESIAN_POINT ( 'NONE',  ( 724.2486527413777821, 906.7813557295534110, 1315.709666214890603 ) ) ;
#3575 = CARTESIAN_POINT ( 'NONE',  ( 725.0842252463136219, 905.8753657841078848, 1314.639072128424004 ) ) ;
#3576 = CARTESIAN_POINT ( 'NONE',  ( 720.8046685444677451, 915.7991002538969951, 1307.436599509636835 ) ) ;
#3577 = CARTESIAN_POINT ( 'NONE',  ( 722.7910301710583099, 905.7567418802965449, 1316.892103293445643 ) ) ;
#3578 = CARTESIAN_POINT ( 'NONE',  ( 726.5281172006095858, 911.7903064736567558, 1311.450121816036017 ) ) ;
#3579 = ORIENTED_EDGE ( 'NONE', *, *, #4730, .F. ) ;
#3580 = ORIENTED_EDGE ( 'NONE', *, *, #5999, .T. ) ;
#3581 = VECTOR ( 'NONE', #676, 1000.000000000000114 ) ;
#3582 = CARTESIAN_POINT ( 'NONE',  ( 722.0647852796548705, 916.0250513374124921, 1307.628874761408269 ) ) ;
#3583 = DIRECTION ( 'NONE',  ( 0.1162306242541707169, -0.7463955445134997646, 0.6552740900690960935 ) ) ;
#3584 = CARTESIAN_POINT ( 'NONE',  ( 724.1606919388563028, 914.8149393721221259, 1308.611172071646024 ) ) ;
#3585 = CARTESIAN_POINT ( 'NONE',  ( 725.0734299304722299, 914.8592941916681411, 1307.302041791466991 ) ) ;
#3586 = DIRECTION ( 'NONE',  ( 0.5846730352513691553, -0.09997484515123605808, 0.8050853819235185282 ) ) ;
#3587 = CARTESIAN_POINT ( 'NONE',  ( 716.2713896651042660, 909.9262229991015829, 1316.861119061385125 ) ) ;
#3588 = ORIENTED_EDGE ( 'NONE', *, *, #2281, .F. ) ;
#3589 = LINE ( 'NONE', #6746, #82 ) ;
#3590 = ADVANCED_FACE ( 'NONE', ( #5453 ), #4509, .T. ) ;
#3591 = CARTESIAN_POINT ( 'NONE',  ( 715.2551407830868584, 904.5821591527060264, 1315.364389436431111 ) ) ;
#3592 = CARTESIAN_POINT ( 'NONE',  ( 720.2500748283347320, 916.3996612327174489, 1307.256310402477311 ) ) ;
#3593 = CARTESIAN_POINT ( 'NONE',  ( 724.1613918315716774, 915.0512337721087306, 1306.874758403333317 ) ) ;
#3594 = ORIENTED_EDGE ( 'NONE', *, *, #4022, .F. ) ;
#3595 = VECTOR ( 'NONE', #3025, 999.9999999999998863 ) ;
#3596 = CARTESIAN_POINT ( 'NONE',  ( 715.9750989000550589, 915.7907263251720451, 1306.005455449667352 ) ) ;
#3597 = EDGE_CURVE ( 'NONE', #4368, #6658, #737, .T. ) ;
#3598 = ORIENTED_EDGE ( 'NONE', *, *, #1003, .T. ) ;
#3599 = LINE ( 'NONE', #3120, #4056 ) ;
#3600 = AXIS2_PLACEMENT_3D ( 'NONE', #4759, #5285, #947 ) ;
#3601 = CARTESIAN_POINT ( 'NONE',  ( 718.7917400848953093, 919.4506485289006150, 1322.044098589542727 ) ) ;
#3602 = DIRECTION ( 'NONE',  ( -0.07317157541021640510, 0.6515180314347921442, 0.7550961364404670251 ) ) ;
#3603 = DIRECTION ( 'NONE',  ( -0.1162306242541731038, 0.7463955445134947686, -0.6552740900691014225 ) ) ;
#3604 = EDGE_CURVE ( 'NONE', #2991, #4404, #426, .T. ) ;
#3605 = VERTEX_POINT ( 'NONE', #286 ) ;
#3606 = ORIENTED_EDGE ( 'NONE', *, *, #602, .T. ) ;
#3607 = CARTESIAN_POINT ( 'NONE',  ( 718.7917400848953093, 919.4506485289006150, 1322.044098589542727 ) ) ;
#3608 = CARTESIAN_POINT ( 'NONE',  ( 714.2733638612318146, 905.5629198679910132, 1313.964449126936415 ) ) ;
#3609 = AXIS2_PLACEMENT_3D ( 'NONE', #3075, #5190, #468 ) ;
#3610 = CARTESIAN_POINT ( 'NONE',  ( 726.4394205988385238, 914.6506500252371552, 1309.847709024738833 ) ) ;
#3611 = CARTESIAN_POINT ( 'NONE',  ( 720.8759943052968993, 915.7938055904372732, 1307.448114087536624 ) ) ;
#3612 = CARTESIAN_POINT ( 'NONE',  ( 722.7553443978353016, 905.9948973162366883, 1316.243537458199853 ) ) ;
#3613 = CARTESIAN_POINT ( 'NONE',  ( 724.1047147164237003, 906.2687119056305391, 1316.737514511374684 ) ) ;
#3614 = ORIENTED_EDGE ( 'NONE', *, *, #5207, .T. ) ;
#3615 = EDGE_LOOP ( 'NONE', ( #1723, #6149, #5922, #5788 ) ) ;
#3616 = VECTOR ( 'NONE', #1648, 1000.000000000000000 ) ;
#3617 = DIRECTION ( 'NONE',  ( 0.07317157541021197809, -0.6515180314347921442, -0.7550961364404673581 ) ) ;
#3618 = CARTESIAN_POINT ( 'NONE',  ( 720.1999277102324868, 906.9121781678747993, 1307.512266668277789 ) ) ;
#3619 = CARTESIAN_POINT ( 'NONE',  ( 724.2220284176061114, 914.9166035382212385, 1308.608046148396625 ) ) ;
#3620 = CARTESIAN_POINT ( 'NONE',  ( 722.8254044404143315, 913.7035926137493789, 1317.526179232228969 ) ) ;
#3621 = LINE ( 'NONE', #1474, #4704 ) ;
#3622 = DIRECTION ( 'NONE',  ( 0.1162306242541707169, -0.7463955445134997646, 0.6552740900690960935 ) ) ;
#3623 = VERTEX_POINT ( 'NONE', #2366 ) ;
#3624 = B_SPLINE_CURVE_WITH_KNOTS ( 'NONE', 3,
 ( #4209, #1955, #6319, #4075, #463, #1574, #5150, #6188 ),
 .UNSPECIFIED., .F., .F.,
 ( 4, 2, 2, 4 ),
 ( 0.000000000000000000, 0.0006560729127577198325, 0.0009841093691363314664, 0.001312145825514943100 ),
 .UNSPECIFIED. ) ;
#3625 = CARTESIAN_POINT ( 'NONE',  ( 719.8286610700904475, 910.2179278277214962, 1311.343563233765735 ) ) ;
#3626 = B_SPLINE_CURVE_WITH_KNOTS ( 'NONE', 3,
 ( #6112, #5927, #2815, #2287, #6441, #62, #1664, #5858 ),
 .UNSPECIFIED., .F., .F.,
 ( 4, 2, 2, 4 ),
 ( 1.110223024625156540E-16, 0.0006957517735689026060, 0.001043627660352946900, 0.001391503547136991193 ),
 .UNSPECIFIED. ) ;
#3627 = VERTEX_POINT ( 'NONE', #2921 ) ;
#3628 = AXIS2_PLACEMENT_3D ( 'NONE', #1315, #5548, #796 ) ;
#3629 = B_SPLINE_CURVE_WITH_KNOTS ( 'NONE', 3,
 ( #2311, #1718, #6054, #1233, #3839, #1268, #6460, #2767 ),
 .UNSPECIFIED., .F., .F.,
 ( 4, 2, 2, 4 ),
 ( 0.000000000000000000, 0.0006957517735685779959, 0.001043627660352867102, 0.001391503547137155992 ),
 .UNSPECIFIED. ) ;
#3630 = CARTESIAN_POINT ( 'NONE',  ( 718.7917400848953093, 919.4506485289006150, 1322.044098589542727 ) ) ;
#3631 = LINE ( 'NONE', #5196, #6079 ) ;
#3632 = ADVANCED_FACE ( 'NONE', ( #702 ), #2824, .F. ) ;
#3633 = DIRECTION ( 'NONE',  ( -0.6012576400532952947, -0.7984332684526125323, -0.03152088364275445337 ) ) ;
#3634 = ORIENTED_EDGE ( 'NONE', *, *, #3045, .T. ) ;
#3635 = CARTESIAN_POINT ( 'NONE',  ( 714.3400527776439048, 913.4981647846356054, 1307.105411704896369 ) ) ;
#3636 = AXIS2_PLACEMENT_3D ( 'NONE', #2858, #4967, #5975 ) ;
#3637 = B_SPLINE_CURVE_WITH_KNOTS ( 'NONE', 3,
 ( #5031, #2437, #4510, #6624, #1879, #4410, #6488, #1745, #1778, #3995 ),
 .UNSPECIFIED., .F., .F.,
 ( 4, 3, 3, 4 ),
 ( 0.000000000000000000, 0.0002173289232323070681, 0.0004346578008313022826, 0.0007905002888285144608 ),
 .UNSPECIFIED. ) ;
#3638 = ORIENTED_EDGE ( 'NONE', *, *, #3022, .T. ) ;
#3639 = CARTESIAN_POINT ( 'NONE',  ( 719.4952054422785750, 913.1870090998544356, 1314.784667990955313 ) ) ;
#3640 = VECTOR ( 'NONE', #5455, 1000.000000000000000 ) ;
#3641 = EDGE_CURVE ( 'NONE', #2053, #76, #5528, .T. ) ;
#3642 = CARTESIAN_POINT ( 'NONE',  ( 724.3882025490241858, 914.1055873462294130, 1314.041595634739679 ) ) ;
#3643 = CARTESIAN_POINT ( 'NONE',  ( 712.0323236232540012, 908.1318888139184082, 1311.842904139071379 ) ) ;
#3644 = CARTESIAN_POINT ( 'NONE',  ( 718.7917400848953093, 919.4506485289006150, 1322.044098589542727 ) ) ;
#3645 = B_SPLINE_CURVE_WITH_KNOTS ( 'NONE', 3,
 ( #703, #184, #2296, #6525, #6009, #1807, #1258, #3370 ),
 .UNSPECIFIED., .F., .F.,
 ( 4, 2, 2, 4 ),
 ( 0.000000000000000000, 0.0006560729127573014388, 0.0009841093691359522125, 0.001312145825514602878 ),
 .UNSPECIFIED. ) ;
#3646 = CARTESIAN_POINT ( 'NONE',  ( 725.0372049367156251, 905.1241610038285899, 1316.167662830394420 ) ) ;
#3647 = ORIENTED_EDGE ( 'NONE', *, *, #4440, .F. ) ;
#3648 = EDGE_CURVE ( 'NONE', #5403, #4171, #4930, .T. ) ;
#3649 = CARTESIAN_POINT ( 'NONE',  ( 726.2560291645344250, 909.2575058126993781, 1313.609113137966688 ) ) ;
#3650 = B_SPLINE_SURFACE_WITH_KNOTS ( 'NONE', 3, 1, ( 
 ( #6147, #812 ),
 ( #2377, #3971 ),
 ( #2904, #2446 ),
 ( #3380, #6598 ),
 ( #783, #6086 ),
 ( #5565, #3417 ),
 ( #4940, #1396 ),
 ( #5535, #1818 ),
 ( #1333, #3448 ),
 ( #2931, #2343 ),
 ( #4452, #194 ),
 ( #297, #2414 ) ),
 .UNSPECIFIED., .F., .F., .F.,
 ( 4, 1, 1, 1, 2, 1, 1, 1, 4 ),
 ( 2, 2 ),
 ( 0.000000000000000000, 0.2143883571535014076, 0.4287767143070028153, 0.6431650714605041674, 0.8575534286140056306, 0.8931650714605041674, 0.9287767143070029263, 0.9643883571535014632, 1.000000000000000000 ),
 ( 0.000000000000000000, 1.000000000000000000 ),
 .UNSPECIFIED. ) ;
#3651 = CARTESIAN_POINT ( 'NONE',  ( 722.2832174783695791, 916.5187648403111780, 1305.988563235117681 ) ) ;
#3652 = CARTESIAN_POINT ( 'NONE',  ( 728.5719571400858285, 911.1020103924316800, 1311.428009455188885 ) ) ;
#3653 = CARTESIAN_POINT ( 'NONE',  ( 718.7917400848953093, 919.4506485289006150, 1322.044098589542727 ) ) ;
#3654 = CARTESIAN_POINT ( 'NONE',  ( 713.1948864281727083, 906.6928109630032395, 1312.848202261383221 ) ) ;
#3655 = ORIENTED_EDGE ( 'NONE', *, *, #2822, .T. ) ;
#3656 = ORIENTED_EDGE ( 'NONE', *, *, #2519, .F. ) ;
#3657 = CARTESIAN_POINT ( 'NONE',  ( 716.8519412465637970, 905.2644805955713991, 1317.017296312830467 ) ) ;
#3658 = CARTESIAN_POINT ( 'NONE',  ( 718.7917400848953093, 919.4506485289006150, 1322.044098589542727 ) ) ;
#3659 = CARTESIAN_POINT ( 'NONE',  ( 722.8665211402762907, 906.1341486509847982, 1315.975625151615532 ) ) ;
#3660 = CARTESIAN_POINT ( 'NONE',  ( 721.9479193361571561, 916.7759037822388564, 1305.890522330305203 ) ) ;
#3661 = CARTESIAN_POINT ( 'NONE',  ( 718.7917400848953093, 919.4506485289006150, 1322.044098589542727 ) ) ;
#3662 = CARTESIAN_POINT ( 'NONE',  ( 713.4652433320803766, 907.0051451090629371, 1315.187218959271149 ) ) ;
#3663 = CARTESIAN_POINT ( 'NONE',  ( 712.3973515774139287, 907.3711398510042727, 1312.484719959654058 ) ) ;
#3664 = CARTESIAN_POINT ( 'NONE',  ( 715.7827258770441858, 914.6346128997806773, 1307.954701288156230 ) ) ;
#3665 = EDGE_CURVE ( 'NONE', #5697, #4036, #1203, .T. ) ;
#3666 = CARTESIAN_POINT ( 'NONE',  ( 718.7917400848953093, 919.4506485289006150, 1322.044098589542727 ) ) ;
#3667 = DIRECTION ( 'NONE',  ( -0.07317157541021193645, 0.6515180314347920332, 0.7550961364404673581 ) ) ;
#3668 = PLANE ( 'NONE',  #4514 ) ;
#3669 = VERTEX_POINT ( 'NONE', #6107 ) ;
#3670 = DIRECTION ( 'NONE',  ( 0.3925056932413544808, 0.5505464940183810718, 0.7367752972902882336 ) ) ;
#3671 = B_SPLINE_CURVE_WITH_KNOTS ( 'NONE', 3,
 ( #1850, #5462, #711, #5039 ),
 .UNSPECIFIED., .F., .F.,
 ( 4, 4 ),
 ( 0.000000000000000000, 0.0008686782177528510219 ),
 .UNSPECIFIED. ) ;
#3672 = DESIGN_CONTEXT ( 'detailed design', #4955, 'design' ) ;
#3673 = CARTESIAN_POINT ( 'NONE',  ( 726.8235340792562056, 913.0494893344061893, 1308.909044831038955 ) ) ;
#3674 = CARTESIAN_POINT ( 'NONE',  ( 718.7917400848953093, 919.4506485289006150, 1322.044098589542727 ) ) ;
#3675 = CARTESIAN_POINT ( 'NONE',  ( 722.6978739808938599, 910.1910359315832011, 1317.255380886997955 ) ) ;
#3676 = CARTESIAN_POINT ( 'NONE',  ( 721.4165787886400949, 915.9016965883184866, 1305.967092620525591 ) ) ;
#3677 = CARTESIAN_POINT ( 'NONE',  ( 722.3030552504455954, 915.2600322240904234, 1306.272517136997067 ) ) ;
#3678 = VERTEX_POINT ( 'NONE', #143 ) ;
#3679 = EDGE_CURVE ( 'NONE', #4754, #521, #4302, .T. ) ;
#3680 = CARTESIAN_POINT ( 'NONE',  ( 724.1826260691917696, 906.7970261748084795, 1315.610025992855071 ) ) ;
#3681 = CARTESIAN_POINT ( 'NONE',  ( 721.2842386418961951, 915.3155457507959909, 1319.278361679870841 ) ) ;
#3682 = CARTESIAN_POINT ( 'NONE',  ( 720.6615053147921799, 915.8071795276599687, 1307.415749618370683 ) ) ;
#3683 = CARTESIAN_POINT ( 'NONE',  ( 718.7917400848953093, 919.4506485289006150, 1322.044098589542727 ) ) ;
#3684 = CARTESIAN_POINT ( 'NONE',  ( 713.1210601500213215, 906.6904990473938142, 1312.904437799395510 ) ) ;
#3685 = EDGE_LOOP ( 'NONE', ( #6046, #3226, #4594, #2321 ) ) ;
#3686 = ADVANCED_FACE ( 'NONE', ( #6553 ), #4293, .F. ) ;
#3687 = VERTEX_POINT ( 'NONE', #6170 ) ;
#3688 = CARTESIAN_POINT ( 'NONE',  ( 715.9157684243090216, 915.3626737523529755, 1307.721405971485865 ) ) ;
#3689 = CARTESIAN_POINT ( 'NONE',  ( 712.6334685456486113, 912.9424997432558939, 1307.990296585569013 ) ) ;
#3690 = CARTESIAN_POINT ( 'NONE',  ( 722.7370739393413714, 906.0792130921475973, 1316.010571101812502 ) ) ;
#3691 = CARTESIAN_POINT ( 'NONE',  ( 718.7917400848953093, 919.4506485289006150, 1322.044098589542727 ) ) ;
#3692 = CARTESIAN_POINT ( 'NONE',  ( 718.7917400848953093, 919.4506485289006150, 1322.044098589542727 ) ) ;
#3693 = CARTESIAN_POINT ( 'NONE',  ( 718.7917400848953093, 919.4506485289006150, 1322.044098589542727 ) ) ;
#3694 = CARTESIAN_POINT ( 'NONE',  ( 717.4304156181555072, 904.1061520196242327, 1315.638055580252285 ) ) ;
#3695 = CIRCLE ( 'NONE', #4474, 6.754828812886891853 ) ;
#3696 = ORIENTED_EDGE ( 'NONE', *, *, #4771, .T. ) ;
#3697 = EDGE_CURVE ( 'NONE', #3940, #644, #4606, .T. ) ;
#3698 = ORIENTED_EDGE ( 'NONE', *, *, #5242, .T. ) ;
#3699 = B_SPLINE_CURVE_WITH_KNOTS ( 'NONE', 3,
 ( #4528, #4010, #5087, #5541, #5117, #3486, #5604, #850 ),
 .UNSPECIFIED., .F., .F.,
 ( 4, 2, 2, 4 ),
 ( 0.000000000000000000, 0.0006957517735684678409, 0.001043627660352819831, 0.001391503547137172038 ),
 .UNSPECIFIED. ) ;
#3700 = CARTESIAN_POINT ( 'NONE',  ( 726.4132031308754449, 907.2413202266633334, 1313.589574110472768 ) ) ;
#3701 = VECTOR ( 'NONE', #4329, 1000.000000000000114 ) ;
#3702 = CARTESIAN_POINT ( 'NONE',  ( 716.8186420977606303, 909.6449509779813525, 1317.156839176170479 ) ) ;
#3703 = CARTESIAN_POINT ( 'NONE',  ( 718.7917400848953093, 919.4506485289006150, 1322.044098589542727 ) ) ;
#3704 = FACE_OUTER_BOUND ( 'NONE', #3939, .T. ) ;
#3705 = B_SPLINE_CURVE_WITH_KNOTS ( 'NONE', 1,
 ( #4360, #2106 ),
 .UNSPECIFIED., .F., .F.,
 ( 2, 2 ),
 ( 0.000000000000000000, 0.001500000000000163529 ),
 .UNSPECIFIED. ) ;
#3706 = VERTEX_POINT ( 'NONE', #2436 ) ;
#3707 = CARTESIAN_POINT ( 'NONE',  ( 712.8546929899216593, 908.4299189019891401, 1313.478399893962660 ) ) ;
#3708 = CARTESIAN_POINT ( 'NONE',  ( 714.0250152809469455, 905.5358753715995590, 1314.194743096933962 ) ) ;
#3709 = CARTESIAN_POINT ( 'NONE',  ( 720.5730097135713095, 905.5391628442240517, 1316.190547749129792 ) ) ;
#3710 = VECTOR ( 'NONE', #4823, 999.9999999999998863 ) ;
#3711 = FACE_OUTER_BOUND ( 'NONE', #557, .T. ) ;
#3712 = CARTESIAN_POINT ( 'NONE',  ( 721.2766910123831394, 904.1654084366853112, 1315.812072137243149 ) ) ;
#3713 = CARTESIAN_POINT ( 'NONE',  ( 722.8442122214156598, 915.1322596341489088, 1306.434900180734758 ) ) ;
#3714 = ORIENTED_EDGE ( 'NONE', *, *, #6172, .T. ) ;
#3715 = B_SPLINE_CURVE_WITH_KNOTS ( 'NONE', 3,
 ( #6270, #1524, #2072, #2140, #2603, #4192, #5752, #1487 ),
 .UNSPECIFIED., .F., .F.,
 ( 4, 2, 2, 4 ),
 ( 0.000000000000000000, 0.0002966949978380573148, 0.0005933899956761146295, 0.001186779991352024562 ),
 .UNSPECIFIED. ) ;
#3716 = CARTESIAN_POINT ( 'NONE',  ( 727.8277900824685958, 911.9819869012667368, 1310.179939561680158 ) ) ;
#3717 = EDGE_CURVE ( 'NONE', #1151, #4959, #1475, .T. ) ;
#3718 = CARTESIAN_POINT ( 'NONE',  ( 723.8746243294413034, 911.3080383647454710, 1316.405631406728162 ) ) ;
#3719 = CARTESIAN_POINT ( 'NONE',  ( 720.3438456592350576, 905.6307360464414842, 1306.027101333965447 ) ) ;
#3720 = AXIS2_PLACEMENT_3D ( 'NONE', #4204, #4750, #5 ) ;
#3721 = CARTESIAN_POINT ( 'NONE',  ( 720.6840090802980967, 917.7960051890066779, 1317.079987575227733 ) ) ;
#3722 = CARTESIAN_POINT ( 'NONE',  ( 728.0128666457675308, 908.9600407550188947, 1312.921729746338315 ) ) ;
#3723 = VERTEX_POINT ( 'NONE', #5204 ) ;
#3724 = VERTEX_POINT ( 'NONE', #416 ) ;
#3725 = CIRCLE ( 'NONE', #2497, 7.997732278218547819 ) ;
#3726 = CARTESIAN_POINT ( 'NONE',  ( 720.2301117699742008, 917.9835835460338558, 1316.870962364123670 ) ) ;
#3727 = B_SPLINE_CURVE_WITH_KNOTS ( 'NONE', 3,
 ( #2018, #2580, #3130, #6216, #4652, #5110, #4135, #2050 ),
 .UNSPECIFIED., .F., .F.,
 ( 4, 2, 2, 4 ),
 ( 0.000000000000000000, 0.0006957517735686271102, 0.001043627660352895942, 0.001391503547137164882 ),
 .UNSPECIFIED. ) ;
#3728 = CARTESIAN_POINT ( 'NONE',  ( 713.2535806255982607, 908.7692597008191342, 1312.770400730958954 ) ) ;
#3729 = CARTESIAN_POINT ( 'NONE',  ( 717.7855969722922964, 909.3570711313196853, 1312.626239387427404 ) ) ;
#3730 = EDGE_CURVE ( 'NONE', #4475, #1722, #965, .T. ) ;
#3731 = CARTESIAN_POINT ( 'NONE',  ( 722.1761475380807269, 904.3080370332742177, 1315.930588155742726 ) ) ;
#3732 = CARTESIAN_POINT ( 'NONE',  ( 718.7917400848953093, 919.4506485289006150, 1322.044098589542727 ) ) ;
#3733 = CARTESIAN_POINT ( 'NONE',  ( 724.9490117296141989, 907.2204825294579678, 1315.505194667652177 ) ) ;
#3734 = CARTESIAN_POINT ( 'NONE',  ( 718.7917400848953093, 919.4506485289006150, 1322.044098589542727 ) ) ;
#3735 = EDGE_LOOP ( 'NONE', ( #5621, #2185, #1327, #3046 ) ) ;
#3736 = CARTESIAN_POINT ( 'NONE',  ( 726.6193275322605132, 910.8733437880852080, 1312.250341579659334 ) ) ;
#3737 = CARTESIAN_POINT ( 'NONE',  ( 720.0305546762790527, 916.9418615684303404, 1307.133621952326166 ) ) ;
#3738 = CONICAL_SURFACE ( 'NONE', #1516, 8.788285345454690756, 0.5551083433337287154 ) ;
#3739 = EDGE_CURVE ( 'NONE', #2837, #644, #2989, .T. ) ;
#3740 = LINE ( 'NONE', #2697, #4183 ) ;
#3741 = EDGE_LOOP ( 'NONE', ( #1891, #767, #1077, #3804 ) ) ;
#3742 = CARTESIAN_POINT ( 'NONE',  ( 726.6001190455075402, 910.5484489371485779, 1312.528594929638757 ) ) ;
#3743 = CARTESIAN_POINT ( 'NONE',  ( 718.7917400848953093, 919.4506485289006150, 1322.044098589542727 ) ) ;
#3744 = B_SPLINE_SURFACE_WITH_KNOTS ( 'NONE', 3, 1, ( 
 ( #3926, #2365 ),
 ( #6586, #6136 ),
 ( #4476, #6075 ),
 ( #6622, #3467 ),
 ( #2953, #1908 ),
 ( #4023, #379 ),
 ( #349, #5203 ),
 ( #3601, #6272 ) ),
 .UNSPECIFIED., .F., .F., .F.,
 ( 4, 1, 1, 1, 1, 4 ),
 ( 2, 2 ),
 ( 0.000000000000000000, 0.3581071372195973046, 0.4566366301078926271, 0.6536956158844833276, 0.7882359431063625799, 1.000000000000000000 ),
 ( 0.000000000000000000, 1.000000000000000000 ),
 .UNSPECIFIED. ) ;
#3745 = CARTESIAN_POINT ( 'NONE',  ( 727.4326668311218782, 910.8432157298406082, 1310.646810093287968 ) ) ;
#3746 = ADVANCED_FACE ( 'NONE', ( #4542 ), #761, .F. ) ;
#3747 = CARTESIAN_POINT ( 'NONE',  ( 725.8753763171555420, 913.2672845383114009, 1310.112567059440380 ) ) ;
#3748 = CARTESIAN_POINT ( 'NONE',  ( 727.5806475724798474, 910.1016259483865269, 1311.374688085802745 ) ) ;
#3749 = CIRCLE ( 'NONE', #2422, 5.999999999999937828 ) ;
#3750 = CARTESIAN_POINT ( 'NONE',  ( 721.2070684808211354, 903.8938238094791586, 1316.535067938805696 ) ) ;
#3751 = DIRECTION ( 'NONE',  ( -0.1744390708680029767, -0.3037717407272318981, -0.9366395998943537471 ) ) ;
#3752 = ORIENTED_EDGE ( 'NONE', *, *, #1244, .F. ) ;
#3753 = VECTOR ( 'NONE', #4998, 1000.000000000000114 ) ;
#3754 = EDGE_CURVE ( 'NONE', #1808, #3471, #2300, .T. ) ;
#3755 = CARTESIAN_POINT ( 'NONE',  ( 712.9409237861850670, 912.5562429926171717, 1309.864235531572149 ) ) ;
#3756 = CARTESIAN_POINT ( 'NONE',  ( 720.8147197025627975, 909.3688447956831169, 1317.788691942225341 ) ) ;
#3757 = CARTESIAN_POINT ( 'NONE',  ( 727.6921745332074352, 911.8530148519582781, 1312.382983206872723 ) ) ;
#3758 = AXIS2_PLACEMENT_3D ( 'NONE', #16, #6394, #5288 ) ;
#3759 = CARTESIAN_POINT ( 'NONE',  ( 712.3878291475493825, 910.9460077461842502, 1309.203256960668568 ) ) ;
#3760 = PLANE ( 'NONE',  #4401 ) ;
#3761 = ORIENTED_EDGE ( 'NONE', *, *, #4571, .T. ) ;
#3762 = ORIENTED_EDGE ( 'NONE', *, *, #6359, .T. ) ;
#3763 = CARTESIAN_POINT ( 'NONE',  ( 723.1238295329512766, 904.6716049339208894, 1315.615700927227408 ) ) ;
#3764 = CARTESIAN_POINT ( 'NONE',  ( 723.1861938286876921, 914.7761372386436278, 1316.709393337672736 ) ) ;
#3765 = CARTESIAN_POINT ( 'NONE',  ( 718.8152589813857958, 918.0841148128749865, 1316.650309832079529 ) ) ;
#3766 = CARTESIAN_POINT ( 'NONE',  ( 718.7917400848953093, 919.4506485289006150, 1322.044098589542727 ) ) ;
#3767 = DIRECTION ( 'NONE',  ( -0.3847306839764230157, -0.6017264418432578532, -0.6999339897402369060 ) ) ;
#3768 = CARTESIAN_POINT ( 'NONE',  ( 725.0993817261811500, 907.2340290583481419, 1315.634589340952743 ) ) ;
#3769 = CARTESIAN_POINT ( 'NONE',  ( 717.1093080855550852, 903.9673848809081846, 1316.074509433153480 ) ) ;
#3770 = EDGE_LOOP ( 'NONE', ( #5247, #3796, #5688, #1176 ) ) ;
#3771 =( BOUNDED_SURFACE ( )  B_SPLINE_SURFACE ( 3, 3, ( 
 ( #577, #3249, #3702, #3213 ),
 ( #5323, #4799, #54, #4284 ),
 ( #3809, #5437, #6329, #650 ),
 ( #687, #3284, #1586, #2771 ) ),
 .UNSPECIFIED., .F., .F., .T. ) 
 B_SPLINE_SURFACE_WITH_KNOTS ( ( 4, 4 ),
 ( 4, 4 ),
 ( 0.000000000000000000, 1.000000000000000000 ),
 ( 0.000000000000000000, 1.000000000000000000 ),
 .UNSPECIFIED. ) 
 GEOMETRIC_REPRESENTATION_ITEM ( )  RATIONAL_B_SPLINE_SURFACE ( (
 ( 1.000000000000000000, 1.000000000000000000, 1.000000000000000000, 1.000000000000000000),
 ( 0.9991685004514068158, 0.9991685004514069268, 0.9991685004514069268, 0.9991685004514068158),
 ( 0.9991685004514068158, 0.9991685004514069268, 0.9991685004514069268, 0.9991685004514068158),
 ( 1.000000000000000000, 1.000000000000000000, 1.000000000000000000, 1.000000000000000000) ) ) 
 REPRESENTATION_ITEM ( '' )  SURFACE ( )  );
#3772 = ORIENTED_EDGE ( 'NONE', *, *, #1244, .T. ) ;
#3773 = EDGE_CURVE ( 'NONE', #5695, #2808, #1305, .T. ) ;
#3774 = CARTESIAN_POINT ( 'NONE',  ( 713.8668482853631758, 912.8736287823389830, 1307.514073374957434 ) ) ;
#3775 = CARTESIAN_POINT ( 'NONE',  ( 718.7917400848953093, 919.4506485289006150, 1322.044098589542727 ) ) ;
#3776 = CARTESIAN_POINT ( 'NONE',  ( 718.7917400848953093, 919.4506485289006150, 1322.044098589542727 ) ) ;
#3777 = DIRECTION ( 'NONE',  ( -0.07219106649934332876, -0.2626933789395161090, -0.9621749521677578354 ) ) ;
#3778 = ORIENTED_EDGE ( 'NONE', *, *, #1492, .T. ) ;
#3779 = FACE_OUTER_BOUND ( 'NONE', #376, .T. ) ;
#3780 = EDGE_CURVE ( 'NONE', #1161, #177, #2466, .T. ) ;
#3781 = CARTESIAN_POINT ( 'NONE',  ( 711.1810696657348672, 908.7192619718155129, 1311.798670769182309 ) ) ;
#3782 = DIRECTION ( 'NONE',  ( -0.8270331688257911429, -0.3579554574439938186, -0.4334559125770828247 ) ) ;
#3783 = CARTESIAN_POINT ( 'NONE',  ( 714.0064043443342143, 913.7266178317432832, 1308.831140805284576 ) ) ;
#3784 = CARTESIAN_POINT ( 'NONE',  ( 718.7917400848953093, 919.4506485289006150, 1322.044098589542727 ) ) ;
#3785 = CARTESIAN_POINT ( 'NONE',  ( 721.1094629897215782, 903.7690079407730082, 1316.830965072392019 ) ) ;
#3786 = CARTESIAN_POINT ( 'NONE',  ( 723.1052345958025853, 915.0511064519910178, 1306.530518237537535 ) ) ;
#3787 = VERTEX_POINT ( 'NONE', #4162 ) ;
#3788 = EDGE_CURVE ( 'NONE', #2400, #4638, #6685, .T. ) ;
#3789 = B_SPLINE_CURVE_WITH_KNOTS ( 'NONE', 3,
 ( #510, #20, #2033, #443, #1515, #5711, #4252, #6231 ),
 .UNSPECIFIED., .F., .F.,
 ( 4, 2, 2, 4 ),
 ( 0.000000000000000000, 0.0006560729127574275316, 0.0009841093691361412973, 0.001312145825514855063 ),
 .UNSPECIFIED. ) ;
#3790 = CARTESIAN_POINT ( 'NONE',  ( 718.7917400848953093, 919.4506485289006150, 1322.044098589542727 ) ) ;
#3791 = LINE ( 'NONE', #69, #2427 ) ;
#3792 = CARTESIAN_POINT ( 'NONE',  ( 712.9366396937898571, 911.5861289968032679, 1308.534823529067580 ) ) ;
#3793 = CARTESIAN_POINT ( 'NONE',  ( 711.6314610138035732, 911.6289160938150644, 1309.182016746553472 ) ) ;
#3794 = CARTESIAN_POINT ( 'NONE',  ( 715.5516956731876235, 915.8207892777987809, 1306.094804344459590 ) ) ;
#3795 = EDGE_LOOP ( 'NONE', ( #674, #2542, #378, #1468 ) ) ;
#3796 = ORIENTED_EDGE ( 'NONE', *, *, #4566, .F. ) ;
#3797 = CARTESIAN_POINT ( 'NONE',  ( 715.0995790061909929, 914.8980790721145695, 1308.052815550415289 ) ) ;
#3798 = DIRECTION ( 'NONE',  ( -0.5266640169568871377, 0.5602281960334247746, 0.6393507500675745803 ) ) ;
#3799 = CARTESIAN_POINT ( 'NONE',  ( 723.8175428785361873, 905.0766326501925505, 1315.205798031778158 ) ) ;
#3800 = CARTESIAN_POINT ( 'NONE',  ( 720.7462786391880627, 915.4561747917819048, 1305.954590179892193 ) ) ;
#3801 = CARTESIAN_POINT ( 'NONE',  ( 719.3808889292851063, 904.0193215902467045, 1315.693015007967006 ) ) ;
#3802 = CARTESIAN_POINT ( 'NONE',  ( 714.7191386384537282, 913.8619497121919721, 1308.518385934232356 ) ) ;
#3803 = VERTEX_POINT ( 'NONE', #4677 ) ;
#3804 = ORIENTED_EDGE ( 'NONE', *, *, #5306, .T. ) ;
#3805 = ORIENTED_EDGE ( 'NONE', *, *, #3150, .F. ) ;
#3806 = B_SPLINE_SURFACE_WITH_KNOTS ( 'NONE', 3, 1, ( 
 ( #6330, #1587 ),
 ( #3703, #3910 ),
 ( #1728, #3250 ),
 ( #129, #163 ),
 ( #6026, #55 ),
 ( #4877, #3844 ),
 ( #688, #203 ),
 ( #3776, #2279 ),
 ( #2319, #722 ),
 ( #1273, #5400 ),
 ( #2842, #4357 ),
 ( #5506, #3352 ) ),
 .UNSPECIFIED., .F., .F., .F.,
 ( 4, 1, 1, 1, 2, 1, 1, 1, 4 ),
 ( 2, 2 ),
 ( 0.000000000000000000, 0.2143883571535014076, 0.4287767143070028153, 0.6431650714605041674, 0.8575534286140056306, 0.8931650714605041674, 0.9287767143070029263, 0.9643883571535014632, 1.000000000000000000 ),
 ( 0.000000000000000000, 1.000000000000000000 ),
 .UNSPECIFIED. ) ;
#3807 = B_SPLINE_CURVE_WITH_KNOTS ( 'NONE', 3,
 ( #1101, #5445, #3783, #5331, #661, #2704, #2142, #1172 ),
 .UNSPECIFIED., .F., .F.,
 ( 4, 2, 2, 4 ),
 ( 0.000000000000000000, 0.0002966949978379907990, 0.0005933899956759815979, 0.001186779991351665908 ),
 .UNSPECIFIED. ) ;
#3808 = CARTESIAN_POINT ( 'NONE',  ( 718.7917400848953093, 919.4506485289006150, 1322.044098589542727 ) ) ;
#3809 = CARTESIAN_POINT ( 'NONE',  ( 718.7917400848950820, 919.4506485289003876, 1322.044098589542955 ) ) ;
#3810 = CARTESIAN_POINT ( 'NONE',  ( 716.8771067972865012, 916.8987224349352800, 1317.485285445687850 ) ) ;
#3811 = CARTESIAN_POINT ( 'NONE',  ( 717.4920292247002180, 916.0505124588876242, 1305.779428715260792 ) ) ;
#3812 = ADVANCED_FACE ( 'NONE', ( #929 ), #6208, .F. ) ;
#3813 = ORIENTED_EDGE ( 'NONE', *, *, #835, .F. ) ;
#3814 =( BOUNDED_SURFACE ( )  B_SPLINE_SURFACE ( 3, 3, ( 
 ( #326, #6113, #356, #4517 ),
 ( #5107, #3444, #840, #4031 ),
 ( #2374, #5626, #809, #5562 ),
 ( #872, #2928, #2473, #3413 ) ),
 .UNSPECIFIED., .F., .F., .T. ) 
 B_SPLINE_SURFACE_WITH_KNOTS ( ( 4, 4 ),
 ( 4, 4 ),
 ( 0.000000000000000000, 1.000000000000000000 ),
 ( 0.000000000000000000, 1.000000000000000000 ),
 .UNSPECIFIED. ) 
 GEOMETRIC_REPRESENTATION_ITEM ( )  RATIONAL_B_SPLINE_SURFACE ( (
 ( 1.000000000000000000, 1.000000000000000000, 1.000000000000000000, 1.000000000000000000),
 ( 0.9991685004514068158, 0.9991685004514069268, 0.9991685004514069268, 0.9991685004514068158),
 ( 0.9991685004514068158, 0.9991685004514069268, 0.9991685004514069268, 0.9991685004514068158),
 ( 1.000000000000000000, 1.000000000000000000, 1.000000000000000000, 1.000000000000000000) ) ) 
 REPRESENTATION_ITEM ( '' )  SURFACE ( )  );
#3815 = CARTESIAN_POINT ( 'NONE',  ( 712.6613705818443805, 908.3680239012384163, 1313.697578675917384 ) ) ;
#3816 =( GEOMETRIC_REPRESENTATION_CONTEXT ( 3 ) GLOBAL_UNCERTAINTY_ASSIGNED_CONTEXT ( ( #6236 ) ) GLOBAL_UNIT_ASSIGNED_CONTEXT ( ( #1734, #5365, #621 ) ) REPRESENTATION_CONTEXT ( 'NONE', 'WORKASPACE' ) );
#3817 = CARTESIAN_POINT ( 'NONE',  ( 714.7274515935781665, 904.5626805051092560, 1315.728742695311439 ) ) ;
#3818 = LINE ( 'NONE', #2742, #6618 ) ;
#3819 = CARTESIAN_POINT ( 'NONE',  ( 728.0970066950659429, 910.4391853534685879, 1311.537199891229193 ) ) ;
#3820 = EDGE_CURVE ( 'NONE', #5649, #2756, #4739, .T. ) ;
#3821 = LINE ( 'NONE', #3982, #1533 ) ;
#3822 = CARTESIAN_POINT ( 'NONE',  ( 718.1574234144486581, 916.2390982249534090, 1305.686127235021786 ) ) ;
#3823 = ORIENTED_EDGE ( 'NONE', *, *, #3877, .F. ) ;
#3824 = CARTESIAN_POINT ( 'NONE',  ( 719.2659332796698664, 915.0813593431308846, 1307.830613674856750 ) ) ;
#3825 = EDGE_CURVE ( 'NONE', #216, #4147, #3122, .T. ) ;
#3826 = CARTESIAN_POINT ( 'NONE',  ( 720.9998443777902821, 909.4157678172531405, 1317.759758589585090 ) ) ;
#3827 = CARTESIAN_POINT ( 'NONE',  ( 718.7917400848950820, 919.4506485289003876, 1322.044098589542955 ) ) ;
#3828 = CARTESIAN_POINT ( 'NONE',  ( 717.9441288322354922, 916.8632276480301471, 1307.115410447426257 ) ) ;
#3829 = CARTESIAN_POINT ( 'NONE',  ( 725.7533905493121438, 914.3057243059729444, 1309.586673006817364 ) ) ;
#3830 = EDGE_LOOP ( 'NONE', ( #1416, #5881, #1511, #2659 ) ) ;
#3831 = ORIENTED_EDGE ( 'NONE', *, *, #6703, .T. ) ;
#3832 = FACE_OUTER_BOUND ( 'NONE', #1398, .T. ) ;
#3833 = FACE_OUTER_BOUND ( 'NONE', #1845, .T. ) ;
#3834 = CARTESIAN_POINT ( 'NONE',  ( 718.7917400848953093, 919.4506485289006150, 1322.044098589542727 ) ) ;
#3835 = CARTESIAN_POINT ( 'NONE',  ( 718.7917400848950820, 919.4506485289003876, 1322.044098589542955 ) ) ;
#3836 = ADVANCED_FACE ( 'NONE', ( #6411 ), #4843, .F. ) ;
#3837 = CARTESIAN_POINT ( 'NONE',  ( 719.1357264237444724, 903.7330313347672472, 1316.473083560026453 ) ) ;
#3838 = CARTESIAN_POINT ( 'NONE',  ( 714.5299535654972942, 913.6870040488109908, 1308.650926449585313 ) ) ;
#3839 = CARTESIAN_POINT ( 'NONE',  ( 719.2506528919549282, 905.2638311148565435, 1316.685464889086688 ) ) ;
#3840 = EDGE_LOOP ( 'NONE', ( #6844, #5228, #2691, #793 ) ) ;
#3841 = ORIENTED_EDGE ( 'NONE', *, *, #5905, .F. ) ;
#3842 = CARTESIAN_POINT ( 'NONE',  ( 718.7917400848953093, 919.4506485289006150, 1322.044098589542727 ) ) ;
#3843 = CARTESIAN_POINT ( 'NONE',  ( 718.7917400848953093, 919.4506485289006150, 1322.044098589542727 ) ) ;
#3844 = CARTESIAN_POINT ( 'NONE',  ( 712.0659595311733483, 909.4989357578359659, 1310.465175784323719 ) ) ;
#3845 = CARTESIAN_POINT ( 'NONE',  ( 722.7172127938173389, 915.4468686907688380, 1307.926047404946303 ) ) ;
#3846 = CIRCLE ( 'NONE', #6714, 7.997732278218547819 ) ;
#3847 = EDGE_LOOP ( 'NONE', ( #6556, #2801, #4457, #4376 ) ) ;
#3848 = CARTESIAN_POINT ( 'NONE',  ( 713.2216724153512359, 908.4805361173456504, 1313.150854978386178 ) ) ;
#3849 = AXIS2_PLACEMENT_3D ( 'NONE', #2541, #5654, #3603 ) ;
#3850 = CARTESIAN_POINT ( 'NONE',  ( 719.4232661865572709, 915.5789544845238197, 1305.821379134843937 ) ) ;
#3851 = CARTESIAN_POINT ( 'NONE',  ( 719.7878917439194311, 910.5809369741142518, 1311.764283445192859 ) ) ;
#3852 = CARTESIAN_POINT ( 'NONE',  ( 723.1612698529493173, 904.3067922444910209, 1316.617030279582423 ) ) ;
#3853 = CARTESIAN_POINT ( 'NONE',  ( 728.4496051810621111, 909.4308407749385879, 1312.858084914026222 ) ) ;
#3854 = CARTESIAN_POINT ( 'NONE',  ( 723.9566854341074986, 905.0065673239796524, 1315.500417345308279 ) ) ;
#3855 = AXIS2_PLACEMENT_3D ( 'NONE', #5768, #5735, #2482 ) ;
#3856 = ORIENTED_EDGE ( 'NONE', *, *, #806, .T. ) ;
#3857 = EDGE_CURVE ( 'NONE', #3898, #718, #1883, .T. ) ;
#3858 = VECTOR ( 'NONE', #4450, 999.9999999999998863 ) ;
#3859 = CARTESIAN_POINT ( 'NONE',  ( 713.1214918123079087, 912.4940155400828417, 1309.808913222472256 ) ) ;
#3860 = CARTESIAN_POINT ( 'NONE',  ( 718.7917400848953093, 919.4506485289006150, 1322.044098589542727 ) ) ;
#3861 = CARTESIAN_POINT ( 'NONE',  ( 719.7353845055382635, 911.0484602219646604, 1312.306133372769409 ) ) ;
#3862 = CARTESIAN_POINT ( 'NONE',  ( 718.7917400848953093, 919.4506485289006150, 1322.044098589542727 ) ) ;
#3863 = ORIENTED_EDGE ( 'NONE', *, *, #2860, .F. ) ;
#3864 = VECTOR ( 'NONE', #2502, 1000.000000000000114 ) ;
#3865 = EDGE_LOOP ( 'NONE', ( #2758, #5064, #2505, #2299 ) ) ;
#3866 = ADVANCED_FACE ( 'NONE', ( #5238 ), #211, .F. ) ;
#3867 = CARTESIAN_POINT ( 'NONE',  ( 715.2534041640251417, 914.7721151117117415, 1308.049895398369699 ) ) ;
#3868 = CARTESIAN_POINT ( 'NONE',  ( 727.3801312632264171, 913.1425376385091113, 1311.240108805326145 ) ) ;
#3869 = CARTESIAN_POINT ( 'NONE',  ( 723.5273541237303334, 915.1404568055442041, 1308.268933791446671 ) ) ;
#3870 = VECTOR ( 'NONE', #5380, 1000.000000000000000 ) ;
#3871 = CARTESIAN_POINT ( 'NONE',  ( 727.3342543553629866, 909.3631209122133896, 1311.840666956134783 ) ) ;
#3872 = CARTESIAN_POINT ( 'NONE',  ( 718.7917400848953093, 919.4506485289006150, 1322.044098589542727 ) ) ;
#3873 = CARTESIAN_POINT ( 'NONE',  ( 714.3808587189479340, 913.5404267475885263, 1308.763031567794542 ) ) ;
#3874 = CARTESIAN_POINT ( 'NONE',  ( 712.3854354840375436, 908.9699412291146245, 1310.740897356342884 ) ) ;
#3875 = VERTEX_POINT ( 'NONE', #4299 ) ;
#3876 = EDGE_LOOP ( 'NONE', ( #2416, #6089, #3287, #3752 ) ) ;
#3877 = EDGE_CURVE ( 'NONE', #4172, #1300, #104, .T. ) ;
#3878 = DIRECTION ( 'NONE',  ( 0.1376384329867840761, 0.9022789510168935934, 0.4085931427677131911 ) ) ;
#3879 = LINE ( 'NONE', #788, #1965 ) ;
#3880 = B_SPLINE_CURVE_WITH_KNOTS ( 'NONE', 1,
 ( #3488, #1698 ),
 .UNSPECIFIED., .F., .F.,
 ( 2, 2 ),
 ( 0.000000000000000000, 0.001500000000000219474 ),
 .UNSPECIFIED. ) ;
#3881 = CARTESIAN_POINT ( 'NONE',  ( 714.8868733488579892, 914.2056657507309865, 1313.034531667041620 ) ) ;
#3882 = CARTESIAN_POINT ( 'NONE',  ( 726.5238836384381784, 908.5297833435589610, 1314.901336293263967 ) ) ;
#3883 = ORIENTED_EDGE ( 'NONE', *, *, #5980, .F. ) ;
#3884 = B_SPLINE_CURVE_WITH_KNOTS ( 'NONE', 1,
 ( #858, #2327 ),
 .UNSPECIFIED., .F., .F.,
 ( 2, 2 ),
 ( 0.000000000000000000, 0.001500000000000088285 ),
 .UNSPECIFIED. ) ;
#3885 = CARTESIAN_POINT ( 'NONE',  ( 715.8696295866216133, 914.3940281844506899, 1306.401174596995588 ) ) ;
#3886 = CARTESIAN_POINT ( 'NONE',  ( 726.2215097532181289, 909.0087425193789841, 1313.899270652802443 ) ) ;
#3887 = CARTESIAN_POINT ( 'NONE',  ( 726.0086851559982506, 913.0621301058083645, 1310.302408521070447 ) ) ;
#3888 = CARTESIAN_POINT ( 'NONE',  ( 718.7917400848953093, 919.4506485289006150, 1322.044098589542727 ) ) ;
#3889 = ORIENTED_EDGE ( 'NONE', *, *, #1113, .T. ) ;
#3890 = DIRECTION ( 'NONE',  ( 0.4926723823165801708, 0.6819068242523613765, -0.5406264946712884267 ) ) ;
#3891 = ORIENTED_EDGE ( 'NONE', *, *, #1909, .F. ) ;
#3892 = B_SPLINE_CURVE_WITH_KNOTS ( 'NONE', 3,
 ( #6859, #5411, #517, #662, #6410, #2781, #1030, #4331 ),
 .UNSPECIFIED., .F., .F.,
 ( 4, 2, 2, 4 ),
 ( 0.000000000000000000, 0.0002966949978379642902, 0.0005933899956759285804, 0.001186779991352193914 ),
 .UNSPECIFIED. ) ;
#3893 = FACE_OUTER_BOUND ( 'NONE', #106, .T. ) ;
#3894 = DIRECTION ( 'NONE',  ( 0.08725411016300785305, -0.9216034337463920867, -0.3781981374445427813 ) ) ;
#3895 = DIRECTION ( 'NONE',  ( -0.2327505822333558738, 0.9725364602265735847, 0.000000000000000000 ) ) ;
#3896 = EDGE_CURVE ( 'NONE', #6376, #4027, #1761, .T. ) ;
#3897 = ORIENTED_EDGE ( 'NONE', *, *, #2217, .T. ) ;
#3898 = VERTEX_POINT ( 'NONE', #6337 ) ;
#3899 = CARTESIAN_POINT ( 'NONE',  ( 721.3317895088816840, 915.5194653125304285, 1306.020814065641844 ) ) ;
#3900 = CARTESIAN_POINT ( 'NONE',  ( 718.7917400848953093, 919.4506485289006150, 1322.044098589542727 ) ) ;
#3901 = CARTESIAN_POINT ( 'NONE',  ( 721.2736079520035446, 909.1320826022712254, 1313.158366784963619 ) ) ;
#3902 = CARTESIAN_POINT ( 'NONE',  ( 719.3650498291608528, 903.9465512582929705, 1315.918701652606160 ) ) ;
#3903 = CARTESIAN_POINT ( 'NONE',  ( 718.7917400848953093, 919.4506485289006150, 1322.044098589542727 ) ) ;
#3904 = CARTESIAN_POINT ( 'NONE',  ( 713.2940719613187639, 912.4025071438065879, 1309.773884642281473 ) ) ;
#3905 = ADVANCED_FACE ( 'NONE', ( #792 ), #3246, .F. ) ;
#3906 = ORIENTED_EDGE ( 'NONE', *, *, #3604, .F. ) ;
#3907 = ORIENTED_EDGE ( 'NONE', *, *, #5640, .F. ) ;
#3908 = CARTESIAN_POINT ( 'NONE',  ( 721.0688340883203864, 917.5351987657834343, 1317.342309589576644 ) ) ;
#3909 = CARTESIAN_POINT ( 'NONE',  ( 712.9668588961803835, 909.8922639333626421, 1311.773677136303149 ) ) ;
#3910 = CARTESIAN_POINT ( 'NONE',  ( 711.1301300213779086, 910.1014878911472579, 1310.525439819666190 ) ) ;
#3911 = CARTESIAN_POINT ( 'NONE',  ( 719.5702678261366145, 909.1798858989726568, 1317.831139019544025 ) ) ;
#3912 = EDGE_CURVE ( 'NONE', #6785, #6080, #4889, .T. ) ;
#3913 = ORIENTED_EDGE ( 'NONE', *, *, #931, .T. ) ;
#3914 = CARTESIAN_POINT ( 'NONE',  ( 715.8788542259834458, 914.3780899358146144, 1306.403541506469764 ) ) ;
#3915 = CARTESIAN_POINT ( 'NONE',  ( 718.7917400848953093, 919.4506485289006150, 1322.044098589542727 ) ) ;
#3916 = B_SPLINE_SURFACE_WITH_KNOTS ( 'NONE', 3, 1, ( 
 ( #1715, #5986 ),
 ( #3872, #4867 ),
 ( #5947, #6458 ),
 ( #6017, #3837 ),
 ( #1681, #4825 ),
 ( #3903, #2236 ),
 ( #2726, #6390 ),
 ( #3313, #1647 ),
 ( #2308, #5429 ),
 ( #681, #1266 ),
 ( #3377, #3801 ),
 ( #5499, #2797 ) ),
 .UNSPECIFIED., .F., .F., .F.,
 ( 4, 1, 1, 1, 2, 1, 1, 1, 4 ),
 ( 2, 2 ),
 ( 0.000000000000000000, 0.2143883571535014076, 0.4287767143070028153, 0.6431650714605041674, 0.8575534286140056306, 0.8931650714605041674, 0.9287767143070029263, 0.9643883571535014632, 1.000000000000000000 ),
 ( 0.000000000000000000, 1.000000000000000000 ),
 .UNSPECIFIED. ) ;
#3917 = CARTESIAN_POINT ( 'NONE',  ( 727.1832811482867100, 911.4360677668179278, 1310.044852175300093 ) ) ;
#3918 = CARTESIAN_POINT ( 'NONE',  ( 722.1526716975259887, 904.3339285579781972, 1315.825227747538293 ) ) ;
#3919 = CARTESIAN_POINT ( 'NONE',  ( 713.8488951654604762, 914.4518403459156843, 1306.909943412640814 ) ) ;
#3920 = ORIENTED_EDGE ( 'NONE', *, *, #6359, .F. ) ;
#3921 = PLANE ( 'NONE',  #3514 ) ;
#3922 = AXIS2_PLACEMENT_3D ( 'NONE', #1832, #5576, #4534 ) ;
#3923 = B_SPLINE_CURVE_WITH_KNOTS ( 'NONE', 3,
 ( #2880, #3354, #1340, #4430, #338, #5507, #791, #239 ),
 .UNSPECIFIED., .F., .F.,
 ( 4, 2, 2, 4 ),
 ( 0.000000000000000000, 0.0006560729127574849943, 0.0009841093691360790641, 0.001312145825514673351 ),
 .UNSPECIFIED. ) ;
#3924 = ORIENTED_EDGE ( 'NONE', *, *, #6262, .T. ) ;
#3925 = VECTOR ( 'NONE', #4953, 1000.000000000000114 ) ;
#3926 = CARTESIAN_POINT ( 'NONE',  ( 718.7917400848953093, 919.4506485289006150, 1322.044098589542727 ) ) ;
#3927 = CARTESIAN_POINT ( 'NONE',  ( 718.7917400848953093, 919.4506485289006150, 1322.044098589542727 ) ) ;
#3928 = CARTESIAN_POINT ( 'NONE',  ( 715.8799481622053236, 914.3799949385685295, 1306.409415328086652 ) ) ;
#3929 = EDGE_LOOP ( 'NONE', ( #6317, #4400, #507, #1434 ) ) ;
#3930 = ORIENTED_EDGE ( 'NONE', *, *, #6592, .T. ) ;
#3931 = ADVANCED_FACE ( 'NONE', ( #5543 ), #5968, .T. ) ;
#3932 = DIRECTION ( 'NONE',  ( 0.000000000000000000, 0.7571257123220861418, -0.6532692061782597870 ) ) ;
#3933 = CARTESIAN_POINT ( 'NONE',  ( 727.3668588639259269, 909.5872732668248091, 1311.660000717028197 ) ) ;
#3934 = CARTESIAN_POINT ( 'NONE',  ( 721.3957552987650388, 916.6373818631576569, 1307.368776056176330 ) ) ;
#3935 = VECTOR ( 'NONE', #3967, 1000.000000000000114 ) ;
#3936 = VECTOR ( 'NONE', #4292, 1000.000000000000114 ) ;
#3937 = CARTESIAN_POINT ( 'NONE',  ( 717.6594167242108142, 915.5714845381195346, 1307.407055476448704 ) ) ;
#3938 = DIRECTION ( 'NONE',  ( 0.3540963550586161968, -0.6908259199318235178, 0.6303771249692935452 ) ) ;
#3939 = EDGE_LOOP ( 'NONE', ( #4182, #2853, #235, #3324 ) ) ;
#3940 = VERTEX_POINT ( 'NONE', #2386 ) ;
#3941 = VECTOR ( 'NONE', #4629, 1000.000000000000114 ) ;
#3942 = EDGE_CURVE ( 'NONE', #4188, #917, #2718, .T. ) ;
#3943 = CARTESIAN_POINT ( 'NONE',  ( 711.5627036204448359, 912.0343313273923513, 1308.975318085947492 ) ) ;
#3944 = CARTESIAN_POINT ( 'NONE',  ( 711.8079155078518170, 907.1507409327823552, 1313.212778173380457 ) ) ;
#3945 = DIRECTION ( 'NONE',  ( -0.2013995193743809420, 0.9058500700280318618, 0.3726578648384844539 ) ) ;
#3946 = CARTESIAN_POINT ( 'NONE',  ( 727.7619841160544638, 908.8343468290956935, 1312.844214857011593 ) ) ;
#3947 = CARTESIAN_POINT ( 'NONE',  ( 715.8242906369343928, 913.4151012106998451, 1317.096664154645850 ) ) ;
#3948 = ORIENTED_EDGE ( 'NONE', *, *, #5326, .F. ) ;
#3949 = CARTESIAN_POINT ( 'NONE',  ( 715.6028757075522435, 914.0994792158766131, 1316.484707785658429 ) ) ;
#3950 = EDGE_CURVE ( 'NONE', #322, #2159, #3294, .T. ) ;
#3951 = CARTESIAN_POINT ( 'NONE',  ( 718.9869893126941633, 915.7345186558816295, 1307.316174641851831 ) ) ;
#3952 = CARTESIAN_POINT ( 'NONE',  ( 722.2802302397775520, 904.2478911486823563, 1316.137233215161359 ) ) ;
#3953 = VERTEX_POINT ( 'NONE', #2255 ) ;
#3954 = CARTESIAN_POINT ( 'NONE',  ( 722.2100850990457275, 915.5873094338799092, 1307.755535254933193 ) ) ;
#3955 = ORIENTED_EDGE ( 'NONE', *, *, #5042, .F. ) ;
#3956 = EDGE_CURVE ( 'NONE', #6127, #6591, #6095, .T. ) ;
#3957 = CARTESIAN_POINT ( 'NONE',  ( 713.4293717909603174, 906.1131968211126377, 1313.595928417101959 ) ) ;
#3958 = CONICAL_SURFACE ( 'NONE', #2301, 8.788285345454690756, 0.5551083433337287154 ) ;
#3959 = CARTESIAN_POINT ( 'NONE',  ( 718.7917400848953093, 919.4506485289006150, 1322.044098589542727 ) ) ;
#3960 = FACE_OUTER_BOUND ( 'NONE', #2525, .T. ) ;
#3961 = VERTEX_POINT ( 'NONE', #1829 ) ;
#3962 = ORIENTED_EDGE ( 'NONE', *, *, #3446, .F. ) ;
#3963 = AXIS2_PLACEMENT_3D ( 'NONE', #5236, #325, #1915 ) ;
#3964 = EDGE_CURVE ( 'NONE', #718, #4404, #3880, .T. ) ;
#3965 = DIRECTION ( 'NONE',  ( 0.4363922067924339010, 0.8970639535411839560, -0.06955648861098483182 ) ) ;
#3966 = CARTESIAN_POINT ( 'NONE',  ( 718.7917400848953093, 919.4506485289006150, 1322.044098589542727 ) ) ;
#3967 = DIRECTION ( 'NONE',  ( 0.07317157541021196421, -0.6515180314347921442, -0.7550961364404672471 ) ) ;
#3968 = CARTESIAN_POINT ( 'NONE',  ( 718.7917400848953093, 919.4506485289006150, 1322.044098589542727 ) ) ;
#3969 = CARTESIAN_POINT ( 'NONE',  ( 723.9410140489120522, 916.2117032765004296, 1306.494796851258343 ) ) ;
#3970 = CIRCLE ( 'NONE', #2538, 8.788285345454690756 ) ;
#3971 = CARTESIAN_POINT ( 'NONE',  ( 711.2928501499233107, 908.4556374065874707, 1311.961293750801360 ) ) ;
#3972 = CARTESIAN_POINT ( 'NONE',  ( 719.6786484395256593, 917.1008764661768282, 1307.078441700561825 ) ) ;
#3973 = B_SPLINE_CURVE_WITH_KNOTS ( 'NONE', 3,
 ( #6605, #1792, #1272, #849, #3979, #3453, #1370, #3909, #5570, #271 ),
 .UNSPECIFIED., .F., .F.,
 ( 4, 3, 3, 4 ),
 ( 0.000000000000000000, 0.0002173289232322602306, 0.0004346578008313785020, 0.0007905002888284800916 ),
 .UNSPECIFIED. ) ;
#3974 = ORIENTED_EDGE ( 'NONE', *, *, #6555, .F. ) ;
#3975 = ORIENTED_EDGE ( 'NONE', *, *, #4440, .T. ) ;
#3976 = B_SPLINE_CURVE_WITH_KNOTS ( 'NONE', 3,
 ( #6324, #1579, #5803, #1049, #3175, #5287, #4868, #5987 ),
 .UNSPECIFIED., .F., .F.,
 ( 4, 2, 2, 4 ),
 ( 0.000000000000000000, 0.0006560729127574735017, 0.0009841093691361827139, 0.001312145825514892143 ),
 .UNSPECIFIED. ) ;
#3977 = VECTOR ( 'NONE', #4069, 999.9999999999998863 ) ;
#3978 = CARTESIAN_POINT ( 'NONE',  ( 720.5383557656583662, 905.0624187339424225, 1317.548867969633648 ) ) ;
#3979 = CARTESIAN_POINT ( 'NONE',  ( 712.9523252983416342, 910.0907516685175551, 1311.601001306118860 ) ) ;
#3980 = CARTESIAN_POINT ( 'NONE',  ( 726.6794619468706742, 912.8871274611759645, 1308.883951418813467 ) ) ;
#3981 = DIRECTION ( 'NONE',  ( 0.5964108869522978251, 0.2003793376281408911, -0.7772658328889034962 ) ) ;
#3982 = CARTESIAN_POINT ( 'NONE',  ( 717.7849318567423325, 917.1196586138732982, 1314.090261883159201 ) ) ;
#3983 = VERTEX_POINT ( 'NONE', #664 ) ;
#3984 = CARTESIAN_POINT ( 'NONE',  ( 712.6835977742581463, 911.9237611463497615, 1310.375386645162507 ) ) ;
#3985 = EDGE_CURVE ( 'NONE', #5434, #2478, #5018, .T. ) ;
#3986 = CARTESIAN_POINT ( 'NONE',  ( 716.6022163229781654, 905.5856782820413855, 1316.295638829696145 ) ) ;
#3987 = COORDINATED_UNIVERSAL_TIME_OFFSET ( 5, 0, .BEHIND. ) ;
#3988 = CARTESIAN_POINT ( 'NONE',  ( 725.3779592368009617, 907.8135458195191632, 1314.848776611375570 ) ) ;
#3989 = ORIENTED_EDGE ( 'NONE', *, *, #6066, .T. ) ;
#3990 = CARTESIAN_POINT ( 'NONE',  ( 725.4846336311651385, 914.1003647188272225, 1309.514391952311598 ) ) ;
#3991 = EDGE_CURVE ( 'NONE', #2478, #1980, #2391, .T. ) ;
#3992 = VERTEX_POINT ( 'NONE', #1863 ) ;
#3993 = DIRECTION ( 'NONE',  ( 0.03538584640211737270, -0.9237407434097040237, -0.3813802313168487279 ) ) ;
#3994 = DIRECTION ( 'NONE',  ( -0.07317157541021640510, 0.6515180314347921442, 0.7550961364404670251 ) ) ;
#3995 = CARTESIAN_POINT ( 'NONE',  ( 724.8322852117938737, 914.3597822598652556, 1309.068974180416490 ) ) ;
#3996 = EDGE_CURVE ( 'NONE', #148, #2096, #3821, .T. ) ;
#3997 = ORIENTED_EDGE ( 'NONE', *, *, #4039, .F. ) ;
#3998 = ORIENTED_EDGE ( 'NONE', *, *, #5588, .T. ) ;
#3999 = CARTESIAN_POINT ( 'NONE',  ( 721.3246322796281902, 915.4650378838300639, 1306.030245135945961 ) ) ;
#4000 = CARTESIAN_POINT ( 'NONE',  ( 721.0626926798209979, 905.4255015082127329, 1316.721564437539882 ) ) ;
#4001 = CARTESIAN_POINT ( 'NONE',  ( 713.0802940567717769, 905.6000750653934119, 1314.659571742760818 ) ) ;
#4002 = CARTESIAN_POINT ( 'NONE',  ( 720.1999277102324868, 906.9121781678747993, 1307.512266668277789 ) ) ;
#4003 = CARTESIAN_POINT ( 'NONE',  ( 714.6453955384341725, 914.5118105497717806, 1306.674495251463895 ) ) ;
#4004 = CARTESIAN_POINT ( 'NONE',  ( 714.1971543786138454, 907.3594047760871035, 1314.078512300430930 ) ) ;
#4005 = DIRECTION ( 'NONE',  ( -0.07317157541021195033, 0.6515180314347920332, 0.7550961364404676912 ) ) ;
#4006 = VERTEX_POINT ( 'NONE', #3457 ) ;
#4007 = ORIENTED_EDGE ( 'NONE', *, *, #2919, .F. ) ;
#4008 = CARTESIAN_POINT ( 'NONE',  ( 718.1775523055406438, 905.4962216001492834, 1316.071640450061523 ) ) ;
#4009 = CARTESIAN_POINT ( 'NONE',  ( 713.1842776331305913, 906.6972733427672893, 1312.861411909787648 ) ) ;
#4010 = CARTESIAN_POINT ( 'NONE',  ( 712.7570872405850650, 908.0122815404143921, 1314.114146458303367 ) ) ;
#4011 = CARTESIAN_POINT ( 'NONE',  ( 718.9887046201863541, 914.3089270567750191, 1319.921261702249240 ) ) ;
#4012 = CARTESIAN_POINT ( 'NONE',  ( 718.7917400848953093, 919.4506485289006150, 1322.044098589542727 ) ) ;
#4013 = VERTEX_POINT ( 'NONE', #2782 ) ;
#4014 = CARTESIAN_POINT ( 'NONE',  ( 719.7878917439194311, 912.4737512549203302, 1310.131110429747650 ) ) ;
#4015 = DIRECTION ( 'NONE',  ( -0.4664204040275945484, 0.7314049914711021616, 0.4974924573879411782 ) ) ;
#4016 = COORDINATED_UNIVERSAL_TIME_OFFSET ( 5, 0, .BEHIND. ) ;
#4017 = ADVANCED_FACE ( 'NONE', ( #5053 ), #307, .F. ) ;
#4018 = CARTESIAN_POINT ( 'NONE',  ( 719.3691504287259022, 915.8960769650371958, 1307.292667511598438 ) ) ;
#4019 = ORIENTED_EDGE ( 'NONE', *, *, #6469, .T. ) ;
#4020 = CARTESIAN_POINT ( 'NONE',  ( 728.3529383782690729, 909.1660957483818493, 1313.009531042548588 ) ) ;
#4021 = ORIENTED_EDGE ( 'NONE', *, *, #969, .F. ) ;
#4022 = EDGE_CURVE ( 'NONE', #234, #1021, #6126, .T. ) ;
#4023 = CARTESIAN_POINT ( 'NONE',  ( 718.7917400848953093, 919.4506485289006150, 1322.044098589542727 ) ) ;
#4024 = CARTESIAN_POINT ( 'NONE',  ( 713.5085704759397913, 912.3786549385002900, 1309.680912806530387 ) ) ;
#4025 = CARTESIAN_POINT ( 'NONE',  ( 725.0206733706786508, 905.2138161053707108, 1315.963354824837779 ) ) ;
#4026 =( BOUNDED_SURFACE ( )  B_SPLINE_SURFACE ( 3, 3, ( 
 ( #2152, #6343, #1598, #4749 ),
 ( #6415, #525, #560, #1146 ),
 ( #3265, #3681, #5826, #3197 ),
 ( #2082, #5377, #3718, #1036 ) ),
 .UNSPECIFIED., .F., .F., .T. ) 
 B_SPLINE_SURFACE_WITH_KNOTS ( ( 4, 4 ),
 ( 4, 4 ),
 ( 0.000000000000000000, 1.000000000000000000 ),
 ( 0.000000000000000000, 1.000000000000000000 ),
 .UNSPECIFIED. ) 
 GEOMETRIC_REPRESENTATION_ITEM ( )  RATIONAL_B_SPLINE_SURFACE ( (
 ( 1.000000000000000000, 1.000000000000000000, 1.000000000000000000, 1.000000000000000000),
 ( 0.9991685004514068158, 0.9991685004514069268, 0.9991685004514069268, 0.9991685004514068158),
 ( 0.9991685004514068158, 0.9991685004514069268, 0.9991685004514069268, 0.9991685004514068158),
 ( 1.000000000000000000, 1.000000000000000000, 1.000000000000000000, 1.000000000000000000) ) ) 
 REPRESENTATION_ITEM ( '' )  SURFACE ( )  );
#4027 = VERTEX_POINT ( 'NONE', #852 ) ;
#4028 = ORIENTED_EDGE ( 'NONE', *, *, #5819, .T. ) ;
#4029 = EDGE_CURVE ( 'NONE', #6658, #955, #6760, .T. ) ;
#4030 = CARTESIAN_POINT ( 'NONE',  ( 718.7917400848953093, 919.4506485289006150, 1322.044098589542727 ) ) ;
#4031 = CARTESIAN_POINT ( 'NONE',  ( 713.4248160540394110, 906.5160666011039439, 1312.958888682165025 ) ) ;
#4032 = CARTESIAN_POINT ( 'NONE',  ( 718.7917400848953093, 919.4506485289006150, 1322.044098589542727 ) ) ;
#4033 = CARTESIAN_POINT ( 'NONE',  ( 723.1254722897521106, 915.1015680129810335, 1306.518365068702451 ) ) ;
#4034 = CARTESIAN_POINT ( 'NONE',  ( 713.8877769796401935, 907.7092369580273044, 1313.746521852910064 ) ) ;
#4035 = CARTESIAN_POINT ( 'NONE',  ( 726.5603197991051729, 911.6291842781186006, 1311.592387485364725 ) ) ;
#4036 = VERTEX_POINT ( 'NONE', #3148 ) ;
#4037 = ORIENTED_EDGE ( 'NONE', *, *, #541, .F. ) ;
#4038 = CARTESIAN_POINT ( 'NONE',  ( 718.4086164238282208, 905.4687955910894743, 1316.117888762228176 ) ) ;
#4039 = EDGE_CURVE ( 'NONE', #2601, #4475, #3789, .T. ) ;
#4040 = CARTESIAN_POINT ( 'NONE',  ( 719.8286610700904475, 910.2179278277214962, 1311.343563233765735 ) ) ;
#4041 = CARTESIAN_POINT ( 'NONE',  ( 711.7897141272586623, 911.1977274518002332, 1311.407376938643665 ) ) ;
#4042 = VECTOR ( 'NONE', #686, 1000.000000000000114 ) ;
#4043 = CARTESIAN_POINT ( 'NONE',  ( 722.1026526416837896, 904.4039803706192515, 1315.620002069711518 ) ) ;
#4044 = CARTESIAN_POINT ( 'NONE',  ( 717.5932292749093904, 916.5651209267484774, 1305.635943908208674 ) ) ;
#4045 = CARTESIAN_POINT ( 'NONE',  ( 718.7917400848953093, 919.4506485289006150, 1322.044098589542727 ) ) ;
#4046 = EDGE_LOOP ( 'NONE', ( #4426, #4670 ) ) ;
#4047 = B_SPLINE_CURVE_WITH_KNOTS ( 'NONE', 3,
 ( #2812, #6511, #6406, #5408, #2285, #1662, #3886, #6000 ),
 .UNSPECIFIED., .F., .F.,
 ( 4, 2, 2, 4 ),
 ( 0.000000000000000000, 0.0006957517735689817528, 0.001043627660353085027, 0.001391503547137188518 ),
 .UNSPECIFIED. ) ;
#4048 = DIRECTION ( 'NONE',  ( 0.000000000000000000, -0.7571257123220861418, 0.6532692061782597870 ) ) ;
#4049 = AXIS2_PLACEMENT_3D ( 'NONE', #2501, #865, #6239 ) ;
#4050 = B_SPLINE_CURVE_WITH_KNOTS ( 'NONE', 3,
 ( #2017, #6215, #6280, #4134, #5692, #5177, #937, #425 ),
 .UNSPECIFIED., .F., .F.,
 ( 4, 2, 2, 4 ),
 ( 0.000000000000000000, 0.0006957517735686774172, 0.001043627660352961211, 0.001391503547137245113 ),
 .UNSPECIFIED. ) ;
#4051 = CARTESIAN_POINT ( 'NONE',  ( 718.9609539422518765, 915.7309237370258188, 1307.316754210722365 ) ) ;
#4052 = FACE_OUTER_BOUND ( 'NONE', #5764, .T. ) ;
#4053 = ORIENTED_EDGE ( 'NONE', *, *, #5615, .F. ) ;
#4054 = CARTESIAN_POINT ( 'NONE',  ( 711.9492268010698126, 910.8543571682245101, 1311.583639616753999 ) ) ;
#4055 = ORIENTED_EDGE ( 'NONE', *, *, #4996, .F. ) ;
#4056 = VECTOR ( 'NONE', #997, 999.9999999999998863 ) ;
#4057 = CARTESIAN_POINT ( 'NONE',  ( 718.7917400848950820, 919.4506485289003876, 1322.044098589542955 ) ) ;
#4058 = CARTESIAN_POINT ( 'NONE',  ( 718.7917400848953093, 919.4506485289006150, 1322.044098589542727 ) ) ;
#4059 = CARTESIAN_POINT ( 'NONE',  ( 718.7917400848953093, 919.4506485289006150, 1322.044098589542727 ) ) ;
#4060 = ORIENTED_EDGE ( 'NONE', *, *, #1010, .T. ) ;
#4061 = ADVANCED_FACE ( 'NONE', ( #5260 ), #2630, .F. ) ;
#4062 = ORIENTED_EDGE ( 'NONE', *, *, #695, .T. ) ;
#4063 = VECTOR ( 'NONE', #6356, 1000.000000000000000 ) ;
#4064 = CARTESIAN_POINT ( 'NONE',  ( 722.3030552504455954, 915.2600322240904234, 1306.272517136997067 ) ) ;
#4065 = CARTESIAN_POINT ( 'NONE',  ( 718.7917400848953093, 919.4506485289006150, 1322.044098589542727 ) ) ;
#4066 = CARTESIAN_POINT ( 'NONE',  ( 726.4284173420114712, 912.1570219865569698, 1311.124248290062042 ) ) ;
#4067 = CARTESIAN_POINT ( 'NONE',  ( 717.1767849943544206, 915.2918149747274583, 1307.522750949249712 ) ) ;
#4068 = CARTESIAN_POINT ( 'NONE',  ( 718.3047367240669701, 903.8893489779864012, 1316.061353560141924 ) ) ;
#4069 = DIRECTION ( 'NONE',  ( -0.3282661936128551394, -0.4345873964763669606, -0.8386746096996263722 ) ) ;
#4070 = CONICAL_SURFACE ( 'NONE', #973, 7.997732278218547819, 1.047197551196594967 ) ;
#4071 = ORIENTED_EDGE ( 'NONE', *, *, #6495, .T. ) ;
#4072 = CIRCLE ( 'NONE', #4621, 8.788285345454690756 ) ;
#4073 = EDGE_CURVE ( 'NONE', #610, #4425, #5603, .T. ) ;
#4074 = EDGE_LOOP ( 'NONE', ( #3594, #3883, #1502, #332, #4377, #3515, #316, #5549, #2438, #6164, #2821, #988, #2617, #5616, #3494, #823, #352, #4685, #4271, #3244, #9, #3698, #1141, #2682, #1301, #1025, #5012, #3408, #4721, #1226, #5098, #2167, #497, #2012, #395, #5503, #1420, #3402, #339, #6119, #2818, #4019, #4993, #87, #5206, #6609, #2827, #3975, #1772, #6666, #4071, #2716, #6039, #5520, #2941, #1079, #3332, #705, #3524, #3998, #1892, #748, #4837, #1521, #1640, #4737 ) ) ;
#4075 = CARTESIAN_POINT ( 'NONE',  ( 716.3857926276417629, 904.2151896562780848, 1315.727358114781509 ) ) ;
#4076 = CARTESIAN_POINT ( 'NONE',  ( 714.8797992398633596, 905.1247463112285914, 1314.445664728343900 ) ) ;
#4077 = CARTESIAN_POINT ( 'NONE',  ( 723.1130569489839672, 904.2063449470559817, 1316.848794772287192 ) ) ;
#4078 = AXIS2_PLACEMENT_3D ( 'NONE', #6641, #1958, #2058 ) ;
#4079 = CARTESIAN_POINT ( 'NONE',  ( 725.3638170077116456, 915.1069651298978442, 1307.356352704490291 ) ) ;
#4080 = CARTESIAN_POINT ( 'NONE',  ( 717.5862513391726907, 915.0640405004634204, 1305.977137225769411 ) ) ;
#4081 = CARTESIAN_POINT ( 'NONE',  ( 712.6340928732162183, 909.7841817569782279, 1312.099802739947563 ) ) ;
#4082 = VERTEX_POINT ( 'NONE', #578 ) ;
#4083 = FACE_OUTER_BOUND ( 'NONE', #1674, .T. ) ;
#4084 = EDGE_CURVE ( 'NONE', #6233, #3803, #1727, .T. ) ;
#4085 =( BOUNDED_SURFACE ( )  B_SPLINE_SURFACE ( 3, 3, ( 
 ( #4103, #1497, #5760, #3508 ),
 ( #2547, #6214, #1463, #5691 ),
 ( #936, #1005, #1948, #5108 ),
 ( #5628, #6662, #873, #2996 ) ),
 .UNSPECIFIED., .F., .F., .T. ) 
 B_SPLINE_SURFACE_WITH_KNOTS ( ( 4, 4 ),
 ( 4, 4 ),
 ( 0.000000000000000000, 1.000000000000000000 ),
 ( 0.000000000000000000, 1.000000000000000000 ),
 .UNSPECIFIED. ) 
 GEOMETRIC_REPRESENTATION_ITEM ( )  RATIONAL_B_SPLINE_SURFACE ( (
 ( 1.000000000000000000, 1.000000000000000000, 1.000000000000000000, 1.000000000000000000),
 ( 0.9991685004514068158, 0.9991685004514069268, 0.9991685004514069268, 0.9991685004514068158),
 ( 0.9991685004514068158, 0.9991685004514069268, 0.9991685004514069268, 0.9991685004514068158),
 ( 1.000000000000000000, 1.000000000000000000, 1.000000000000000000, 1.000000000000000000) ) ) 
 REPRESENTATION_ITEM ( '' )  SURFACE ( )  );
#4086 = VECTOR ( 'NONE', #3894, 1000.000000000000114 ) ;
#4087 = CARTESIAN_POINT ( 'NONE',  ( 718.7917400848953093, 919.4506485289006150, 1322.044098589542727 ) ) ;
#4088 = PERSON_AND_ORGANIZATION ( #902, #2259 ) ;
#4089 = CARTESIAN_POINT ( 'NONE',  ( 713.7027121442803264, 913.0238128015636221, 1307.508521006004230 ) ) ;
#4090 = VECTOR ( 'NONE', #3029, 1000.000000000000114 ) ;
#4091 = VERTEX_POINT ( 'NONE', #5745 ) ;
#4092 = CARTESIAN_POINT ( 'NONE',  ( 715.5166955449425359, 914.8569207938068075, 1315.896488615694807 ) ) ;
#4093 = EDGE_CURVE ( 'NONE', #5000, #216, #6264, .T. ) ;
#4094 = ORIENTED_EDGE ( 'NONE', *, *, #1954, .F. ) ;
#4095 = FACE_OUTER_BOUND ( 'NONE', #1105, .T. ) ;
#4096 = DIRECTION ( 'NONE',  ( -0.7281480283161386735, 0.6854198754843074948, 0.0002077267342328603932 ) ) ;
#4097 = CARTESIAN_POINT ( 'NONE',  ( 718.7917400848953093, 919.4506485289006150, 1322.044098589542727 ) ) ;
#4098 = ORIENTED_EDGE ( 'NONE', *, *, #141, .T. ) ;
#4099 = ORIENTED_EDGE ( 'NONE', *, *, #5431, .F. ) ;
#4100 = CARTESIAN_POINT ( 'NONE',  ( 718.7917400848953093, 919.4506485289006150, 1322.044098589542727 ) ) ;
#4101 = CARTESIAN_POINT ( 'NONE',  ( 724.3337160167685624, 906.7251348189230384, 1315.917178643332591 ) ) ;
#4102 = EDGE_CURVE ( 'NONE', #1161, #4546, #3631, .T. ) ;
#4103 = CARTESIAN_POINT ( 'NONE',  ( 718.7917400848953093, 919.4506485289006150, 1322.044098589542727 ) ) ;
#4104 = CARTESIAN_POINT ( 'NONE',  ( 720.4478183045665673, 911.9244879951650091, 1318.830843589574442 ) ) ;
#4105 = CARTESIAN_POINT ( 'NONE',  ( 718.7917400848953093, 919.4506485289006150, 1322.044098589542727 ) ) ;
#4106 = CARTESIAN_POINT ( 'NONE',  ( 717.0278682967034456, 913.3411881251313389, 1314.412544035492601 ) ) ;
#4107 = ORIENTED_EDGE ( 'NONE', *, *, #5794, .T. ) ;
#4108 = VERTEX_POINT ( 'NONE', #991 ) ;
#4109 = CARTESIAN_POINT ( 'NONE',  ( 719.4013773872903812, 905.4181790345837726, 1316.257688557572465 ) ) ;
#4110 = DIRECTION ( 'NONE',  ( 0.07317157541021193645, -0.6515180314347919222, -0.7550961364404674692 ) ) ;
#4111 = CARTESIAN_POINT ( 'NONE',  ( 727.5308848221777680, 910.1401602242941635, 1313.845252445993765 ) ) ;
#4112 = EDGE_CURVE ( 'NONE', #1234, #5971, #5026, .T. ) ;
#4113 = CARTESIAN_POINT ( 'NONE',  ( 716.2472261145878747, 916.2372306652321186, 1314.776309797773592 ) ) ;
#4114 = CARTESIAN_POINT ( 'NONE',  ( 718.7917400848953093, 919.4506485289006150, 1322.044098589542727 ) ) ;
#4115 = CARTESIAN_POINT ( 'NONE',  ( 721.6640042048488795, 917.0165113160670671, 1307.343622537751344 ) ) ;
#4116 = ORIENTED_EDGE ( 'NONE', *, *, #5766, .F. ) ;
#4117 = DIRECTION ( 'NONE',  ( 0.3177726938809826707, -0.2719453532792462935, -0.9083315693365773269 ) ) ;
#4118 = CARTESIAN_POINT ( 'NONE',  ( 718.7917400848953093, 919.4506485289006150, 1322.044098589542727 ) ) ;
#4119 = CARTESIAN_POINT ( 'NONE',  ( 720.3002947854006379, 916.2116030928235659, 1307.296927119762813 ) ) ;
#4120 = EDGE_CURVE ( 'NONE', #2967, #4412, #2200, .T. ) ;
#4121 = CARTESIAN_POINT ( 'NONE',  ( 724.2530352153155491, 916.1074608659985188, 1306.623031790817095 ) ) ;
#4122 = ORIENTED_EDGE ( 'NONE', *, *, #679, .F. ) ;
#4123 = CARTESIAN_POINT ( 'NONE',  ( 726.1306124634314756, 908.9944215857988183, 1313.824169845477172 ) ) ;
#4124 = ORIENTED_EDGE ( 'NONE', *, *, #2114, .F. ) ;
#4125 = CARTESIAN_POINT ( 'NONE',  ( 718.7917400848953093, 919.4506485289006150, 1322.044098589542727 ) ) ;
#4126 = CARTESIAN_POINT ( 'NONE',  ( 712.5940585478280127, 910.8407926266499999, 1309.149590649485162 ) ) ;
#4127 = CARTESIAN_POINT ( 'NONE',  ( 721.3165265089282912, 915.4121276941157248, 1306.045686677722642 ) ) ;
#4128 = CARTESIAN_POINT ( 'NONE',  ( 718.7917400848953093, 919.4506485289006150, 1322.044098589542727 ) ) ;
#4129 = VERTEX_POINT ( 'NONE', #1618 ) ;
#4130 = EDGE_LOOP ( 'NONE', ( #3614, #2364, #2790, #3539 ) ) ;
#4131 = CARTESIAN_POINT ( 'NONE',  ( 726.7697166849693531, 912.3603007634014830, 1309.209489900769995 ) ) ;
#4132 = CARTESIAN_POINT ( 'NONE',  ( 724.4609608644266245, 906.4922530698416949, 1316.559817597658366 ) ) ;
#4133 = DIRECTION ( 'NONE',  ( 0.2438078779228311233, -0.7224679164172901347, 0.6469913665656020774 ) ) ;
#4134 = CARTESIAN_POINT ( 'NONE',  ( 726.6174658784418625, 913.1151807144706254, 1310.697639319177142 ) ) ;
#4135 = CARTESIAN_POINT ( 'NONE',  ( 713.7110695642775227, 912.9211011775743145, 1309.311270977310414 ) ) ;
#4136 = CARTESIAN_POINT ( 'NONE',  ( 723.6761111682961882, 906.2785634881624901, 1316.321071595887361 ) ) ;
#4137 = ORIENTED_EDGE ( 'NONE', *, *, #3131, .T. ) ;
#4138 = ORIENTED_EDGE ( 'NONE', *, *, #431, .T. ) ;
#4139 = CC_DESIGN_APPROVAL ( #5349, ( #1930 ) ) ;
#4140 = EDGE_CURVE ( 'NONE', #6185, #1803, #6815, .T. ) ;
#4141 = CARTESIAN_POINT ( 'NONE',  ( 715.8431549222869990, 916.1473144475894514, 1307.529528296865692 ) ) ;
#4142 = CARTESIAN_POINT ( 'NONE',  ( 716.7788798435888111, 914.7904195084723824, 1306.142399314107706 ) ) ;
#4143 = LINE ( 'NONE', #6256, #3378 ) ;
#4144 = DIRECTION ( 'NONE',  ( 0.3049534770272878670, 0.3851198940554023675, 0.8710258572807830779 ) ) ;
#4145 = CARTESIAN_POINT ( 'NONE',  ( 720.2517363199814326, 903.9375810836368146, 1316.085068366424139 ) ) ;
#4146 = CARTESIAN_POINT ( 'NONE',  ( 720.0171639065570162, 908.6865867308420093, 1318.718337761292105 ) ) ;
#4147 = VERTEX_POINT ( 'NONE', #4185 ) ;
#4148 = B_SPLINE_CURVE_WITH_KNOTS ( 'NONE', 3,
 ( #6653, #1353, #251, #285, #770, #3957, #2893, #832 ),
 .UNSPECIFIED., .F., .F.,
 ( 4, 2, 2, 4 ),
 ( 0.000000000000000000, 0.0006560729127573044746, 0.0009841093691359567661, 0.001312145825514608949 ),
 .UNSPECIFIED. ) ;
#4149 = DIRECTION ( 'NONE',  ( -0.07317157541021195033, 0.6515180314347920332, 0.7550961364404676912 ) ) ;
#4150 = EDGE_CURVE ( 'NONE', #76, #653, #6298, .T. ) ;
#4151 = CARTESIAN_POINT ( 'NONE',  ( 718.7917400848953093, 919.4506485289006150, 1322.044098589542727 ) ) ;
#4152 = CARTESIAN_POINT ( 'NONE',  ( 719.9333609950450636, 917.1113723217885081, 1307.094068160834013 ) ) ;
#4153 = LINE ( 'NONE', #954, #2187 ) ;
#4154 = ORIENTED_EDGE ( 'NONE', *, *, #1440, .F. ) ;
#4155 = CARTESIAN_POINT ( 'NONE',  ( 716.1631140725901332, 915.6285099166187820, 1306.019704013008550 ) ) ;
#4156 = VERTEX_POINT ( 'NONE', #5778 ) ;
#4157 = EDGE_CURVE ( 'NONE', #4230, #6004, #3970, .T. ) ;
#4158 = CARTESIAN_POINT ( 'NONE',  ( 723.9771399174950375, 904.9917484078594043, 1315.536508587580556 ) ) ;
#4159 = CIRCLE ( 'NONE', #2948, 8.788285345454690756 ) ;
#4160 = CARTESIAN_POINT ( 'NONE',  ( 718.7199712618333933, 915.3248943710486856, 1305.869186944594048 ) ) ;
#4161 = CARTESIAN_POINT ( 'NONE',  ( 718.7917400848953093, 919.4506485289006150, 1322.044098589542727 ) ) ;
#4162 = CARTESIAN_POINT ( 'NONE',  ( 720.9809216503626885, 911.7381547280110681, 1316.178751330726300 ) ) ;
#4163 = CARTESIAN_POINT ( 'NONE',  ( 716.5856404641468771, 915.1807706552356194, 1306.078026485007967 ) ) ;
#4164 = ORIENTED_EDGE ( 'NONE', *, *, #388, .F. ) ;
#4165 = ADVANCED_FACE ( 'NONE', ( #6850 ), #3806, .F. ) ;
#4166 = CARTESIAN_POINT ( 'NONE',  ( 718.7917400848953093, 919.4506485289006150, 1322.044098589542727 ) ) ;
#4167 = LINE ( 'NONE', #6764, #1313 ) ;
#4168 = CARTESIAN_POINT ( 'NONE',  ( 718.7917400848953093, 919.4506485289006150, 1322.044098589542727 ) ) ;
#4169 = CARTESIAN_POINT ( 'NONE',  ( 715.7501152133215783, 905.9531126010929256, 1315.824185678924550 ) ) ;
#4170 = CARTESIAN_POINT ( 'NONE',  ( 712.2007422713398910, 906.8551040884059375, 1313.304907543705212 ) ) ;
#4171 = VERTEX_POINT ( 'NONE', #5920 ) ;
#4172 = VERTEX_POINT ( 'NONE', #4429 ) ;
#4173 = CARTESIAN_POINT ( 'NONE',  ( 719.6179743567562355, 905.4220258544121407, 1316.275234061551373 ) ) ;
#4174 = CARTESIAN_POINT ( 'NONE',  ( 719.8286610700904475, 910.2179278277214962, 1311.343563233765735 ) ) ;
#4175 = CARTESIAN_POINT ( 'NONE',  ( 727.2044791581731715, 909.9272693017506981, 1313.761498579220870 ) ) ;
#4176 = LINE ( 'NONE', #1404, #2870 ) ;
#4177 = CARTESIAN_POINT ( 'NONE',  ( 720.4102441027499708, 903.7944818719159912, 1316.525560208951447 ) ) ;
#4178 = CIRCLE ( 'NONE', #5840, 2.499999999999990674 ) ;
#4179 = LINE ( 'NONE', #2559, #1289 ) ;
#4180 = CARTESIAN_POINT ( 'NONE',  ( 718.7917400848953093, 919.4506485289006150, 1322.044098589542727 ) ) ;
#4181 = CARTESIAN_POINT ( 'NONE',  ( 728.2290692812124462, 912.5189988353357649, 1310.172165172658651 ) ) ;
#4182 = ORIENTED_EDGE ( 'NONE', *, *, #1881, .T. ) ;
#4183 = VECTOR ( 'NONE', #5850, 1000.000000000000114 ) ;
#4184 = CARTESIAN_POINT ( 'NONE',  ( 715.7481729180132106, 904.7004080461574631, 1314.851562799007070 ) ) ;
#4185 = CARTESIAN_POINT ( 'NONE',  ( 721.9479193361571561, 916.7759037822388564, 1305.890522330305203 ) ) ;
#4186 = DIRECTION ( 'NONE',  ( 0.7281480283161393396, -0.6854198754843069397, -0.0002077267342310840635 ) ) ;
#4187 = EDGE_CURVE ( 'NONE', #2808, #1185, #651, .T. ) ;
#4188 = VERTEX_POINT ( 'NONE', #3322 ) ;
#4189 = FACE_OUTER_BOUND ( 'NONE', #4246, .T. ) ;
#4190 = AXIS2_PLACEMENT_3D ( 'NONE', #3860, #2403, #2894 ) ;
#4191 = EDGE_LOOP ( 'NONE', ( #6327, #877, #4906, #1114 ) ) ;
#4192 = CARTESIAN_POINT ( 'NONE',  ( 714.9497882901251842, 906.1609592725876610, 1315.823651706283044 ) ) ;
#4193 = AXIS2_PLACEMENT_3D ( 'NONE', #48, #1580, #505 ) ;
#4194 = CARTESIAN_POINT ( 'NONE',  ( 719.0062891430318359, 915.3671897972571969, 1305.860361288036302 ) ) ;
#4195 = CARTESIAN_POINT ( 'NONE',  ( 712.5616536657372535, 910.8575305280783141, 1309.156566484780569 ) ) ;
#4196 = EDGE_CURVE ( 'NONE', #4562, #2692, #5958, .T. ) ;
#4197 = CARTESIAN_POINT ( 'NONE',  ( 721.2698821936612603, 904.1827773952420557, 1315.759589042070502 ) ) ;
#4198 = CARTESIAN_POINT ( 'NONE',  ( 725.0212895299785032, 905.2119612858163009, 1316.016267860115477 ) ) ;
#4199 = ORIENTED_EDGE ( 'NONE', *, *, #2022, .T. ) ;
#4200 = B_SPLINE_CURVE_WITH_KNOTS ( 'NONE', 1,
 ( #3373, #4972 ),
 .UNSPECIFIED., .F., .F.,
 ( 2, 2 ),
 ( 0.000000000000000000, 0.001500000000000085683 ),
 .UNSPECIFIED. ) ;
#4201 = CARTESIAN_POINT ( 'NONE',  ( 718.7917400848953093, 919.4506485289006150, 1322.044098589542727 ) ) ;
#4202 = EDGE_CURVE ( 'NONE', #4479, #6132, #6466, .T. ) ;
#4203 = DIRECTION ( 'NONE',  ( 0.1162306242541707169, -0.7463955445134997646, 0.6552740900690960935 ) ) ;
#4204 = CARTESIAN_POINT ( 'NONE',  ( 718.7917400848953093, 919.4506485289006150, 1322.044098589542727 ) ) ;
#4205 = CARTESIAN_POINT ( 'NONE',  ( 726.6544468678580415, 913.9164437283490088, 1308.415142481592738 ) ) ;
#4206 = CARTESIAN_POINT ( 'NONE',  ( 718.7917400848953093, 919.4506485289006150, 1322.044098589542727 ) ) ;
#4207 = ORIENTED_EDGE ( 'NONE', *, *, #2307, .T. ) ;
#4208 = ORIENTED_EDGE ( 'NONE', *, *, #4249, .T. ) ;
#4209 = CARTESIAN_POINT ( 'NONE',  ( 716.4008747529334187, 903.9297582863533762, 1316.437006479356796 ) ) ;
#4210 = CARTESIAN_POINT ( 'NONE',  ( 715.1745960039763759, 906.5637585249295398, 1314.859542340932194 ) ) ;
#4211 = DIRECTION ( 'NONE',  ( -0.2166713576345882519, -0.3286586381208399521, -0.9192589528361087003 ) ) ;
#4212 = FACE_OUTER_BOUND ( 'NONE', #5149, .T. ) ;
#4213 = CARTESIAN_POINT ( 'NONE',  ( 718.7917400848953093, 919.4506485289006150, 1322.044098589542727 ) ) ;
#4214 = CARTESIAN_POINT ( 'NONE',  ( 712.1552277001840139, 909.7516619992903770, 1312.454689993796137 ) ) ;
#4215 = FACE_OUTER_BOUND ( 'NONE', #5457, .T. ) ;
#4216 = VERTEX_POINT ( 'NONE', #3390 ) ;
#4217 = ORIENTED_EDGE ( 'NONE', *, *, #3877, .T. ) ;
#4218 = CARTESIAN_POINT ( 'NONE',  ( 723.6850253507557227, 915.5069755401008251, 1308.232892210488671 ) ) ;
#4219 = CARTESIAN_POINT ( 'NONE',  ( 718.5395824739100590, 905.0042932559606470, 1317.405331817846445 ) ) ;
#4220 = CARTESIAN_POINT ( 'NONE',  ( 720.2180179601805321, 916.4920497780957476, 1307.235701353005879 ) ) ;
#4221 = CARTESIAN_POINT ( 'NONE',  ( 713.4193155498907117, 913.2239900386381350, 1307.533749429895352 ) ) ;
#4222 = ORIENTED_EDGE ( 'NONE', *, *, #3243, .T. ) ;
#4223 = CARTESIAN_POINT ( 'NONE',  ( 727.0537211036323697, 908.3833785483760721, 1312.668410503584937 ) ) ;
#4224 = EDGE_CURVE ( 'NONE', #3605, #5889, #1206, .T. ) ;
#4225 = CARTESIAN_POINT ( 'NONE',  ( 727.0031759793022275, 913.3236439920761995, 1308.897192626171773 ) ) ;
#4226 = CARTESIAN_POINT ( 'NONE',  ( 721.0399191625181174, 905.5772223700622590, 1316.279317962163759 ) ) ;
#4227 = CARTESIAN_POINT ( 'NONE',  ( 718.7917400848953093, 919.4506485289006150, 1322.044098589542727 ) ) ;
#4228 = DIRECTION ( 'NONE',  ( -0.07317157541021195033, 0.6515180314347920332, 0.7550961364404676912 ) ) ;
#4229 = CARTESIAN_POINT ( 'NONE',  ( 711.7714695037473120, 911.0039743127342717, 1311.572784586592206 ) ) ;
#4230 = VERTEX_POINT ( 'NONE', #4285 ) ;
#4231 = EDGE_CURVE ( 'NONE', #5415, #3669, #4391, .T. ) ;
#4232 = CARTESIAN_POINT ( 'NONE',  ( 715.8799481622053236, 914.3799949385685295, 1306.409415328086652 ) ) ;
#4233 = CARTESIAN_POINT ( 'NONE',  ( 725.8061501991093110, 913.5419972557078836, 1308.094045582097351 ) ) ;
#4234 = CARTESIAN_POINT ( 'NONE',  ( 723.1068551401319837, 915.0494535803004510, 1306.524689913285556 ) ) ;
#4235 = FACE_OUTER_BOUND ( 'NONE', #2052, .T. ) ;
#4236 = CARTESIAN_POINT ( 'NONE',  ( 725.9428100225301250, 906.6669315397244873, 1314.039589897065071 ) ) ;
#4237 = ORIENTED_EDGE ( 'NONE', *, *, #4653, .T. ) ;
#4238 = ORIENTED_EDGE ( 'NONE', *, *, #4746, .T. ) ;
#4239 = ADVANCED_FACE ( 'NONE', ( #1165 ), #959, .F. ) ;
#4240 = CARTESIAN_POINT ( 'NONE',  ( 718.7917400848953093, 919.4506485289006150, 1322.044098589542727 ) ) ;
#4241 = CARTESIAN_POINT ( 'NONE',  ( 714.7036076705797996, 906.8220722910651830, 1314.669863976831493 ) ) ;
#4242 = CARTESIAN_POINT ( 'NONE',  ( 719.0071290766833272, 918.1056246123742994, 1316.647150431433147 ) ) ;
#4243 = CARTESIAN_POINT ( 'NONE',  ( 725.5371834888011335, 915.2212561099863706, 1307.378707864507760 ) ) ;
#4244 = LINE ( 'NONE', #6355, #5933 ) ;
#4245 = LINE ( 'NONE', #5879, #4063 ) ;
#4246 = EDGE_LOOP ( 'NONE', ( #3823, #4850, #2925, #3337 ) ) ;
#4247 = VECTOR ( 'NONE', #3965, 1000.000000000000114 ) ;
#4248 = ORIENTED_EDGE ( 'NONE', *, *, #6204, .F. ) ;
#4249 = EDGE_CURVE ( 'NONE', #3282, #976, #6509, .T. ) ;
#4250 = CARTESIAN_POINT ( 'NONE',  ( 716.3459551316495890, 905.9675802601594796, 1315.487443864728448 ) ) ;
#4251 = CARTESIAN_POINT ( 'NONE',  ( 721.2621452640784128, 904.2058736900352187, 1315.709485808700720 ) ) ;
#4252 = CARTESIAN_POINT ( 'NONE',  ( 722.3830620067930113, 915.5800277809178169, 1306.224850553703391 ) ) ;
#4253 = CARTESIAN_POINT ( 'NONE',  ( 717.4693380000584284, 915.5486580752642567, 1305.889202048530933 ) ) ;
#4254 = ORIENTED_EDGE ( 'NONE', *, *, #656, .T. ) ;
#4255 = CARTESIAN_POINT ( 'NONE',  ( 726.5872314825245439, 910.4385852077568870, 1312.622187526503012 ) ) ;
#4256 = CARTESIAN_POINT ( 'NONE',  ( 713.5824679819003222, 905.5556182945101682, 1314.455865680860143 ) ) ;
#4257 = CARTESIAN_POINT ( 'NONE',  ( 721.3198607934592701, 915.4287529313631921, 1306.036532516149009 ) ) ;
#4258 = CARTESIAN_POINT ( 'NONE',  ( 718.7917400848953093, 919.4506485289006150, 1322.044098589542727 ) ) ;
#4259 = CARTESIAN_POINT ( 'NONE',  ( 728.4361271724667404, 910.7217989205236108, 1311.586586739720133 ) ) ;
#4260 = AXIS2_PLACEMENT_3D ( 'NONE', #1437, #3104, #6702 ) ;
#4261 = CARTESIAN_POINT ( 'NONE',  ( 728.1449356514381179, 912.7176298509556318, 1309.992627929688069 ) ) ;
#4262 = CARTESIAN_POINT ( 'NONE',  ( 717.8402082452952300, 916.6233336031637009, 1305.609649550406857 ) ) ;
#4263 = ORIENTED_EDGE ( 'NONE', *, *, #2587, .T. ) ;
#4264 = CIRCLE ( 'NONE', #6045, 7.997732278218547819 ) ;
#4265 = CARTESIAN_POINT ( 'NONE',  ( 718.7917400848953093, 919.4506485289006150, 1322.044098589542727 ) ) ;
#4266 = DIRECTION ( 'NONE',  ( -0.3925056932413545363, -0.5505464940183809608, -0.7367752972902882336 ) ) ;
#4267 = CARTESIAN_POINT ( 'NONE',  ( 727.0508233667153490, 911.7795637614034376, 1311.892040845846395 ) ) ;
#4268 = CARTESIAN_POINT ( 'NONE',  ( 720.5269637509370568, 917.8713081049953644, 1316.996602791688247 ) ) ;
#4269 = EDGE_CURVE ( 'NONE', #3502, #2957, #5269, .T. ) ;
#4270 = CARTESIAN_POINT ( 'NONE',  ( 726.6215683142012267, 906.3387665202280914, 1315.348869468810335 ) ) ;
#4271 = ORIENTED_EDGE ( 'NONE', *, *, #853, .T. ) ;
#4272 = ORIENTED_EDGE ( 'NONE', *, *, #5547, .T. ) ;
#4273 = CIRCLE ( 'NONE', #3178, 2.499999999999990674 ) ;
#4274 = CARTESIAN_POINT ( 'NONE',  ( 723.8772692279193279, 914.9712650252643016, 1308.448611609358068 ) ) ;
#4275 = CARTESIAN_POINT ( 'NONE',  ( 725.9671545581126111, 913.4798517781106284, 1310.072389630871385 ) ) ;
#4276 = CARTESIAN_POINT ( 'NONE',  ( 712.1182257398176034, 908.8223804117579903, 1311.060837249803626 ) ) ;
#4277 = CARTESIAN_POINT ( 'NONE',  ( 725.8176048756471346, 915.3934394916091151, 1307.443875422727160 ) ) ;
#4278 = CARTESIAN_POINT ( 'NONE',  ( 713.3927453077156997, 908.4695386499173537, 1313.042707616293910 ) ) ;
#4279 = CARTESIAN_POINT ( 'NONE',  ( 714.6232844596513587, 913.7752379501223459, 1308.583845708554463 ) ) ;
#4280 = ADVANCED_FACE ( 'NONE', ( #1339 ), #4494, .F. ) ;
#4281 = ORIENTED_EDGE ( 'NONE', *, *, #3232, .F. ) ;
#4282 = ORIENTED_EDGE ( 'NONE', *, *, #6479, .F. ) ;
#4283 = CARTESIAN_POINT ( 'NONE',  ( 717.3205545983441880, 910.7351159993921783, 1311.392159489730602 ) ) ;
#4284 = CARTESIAN_POINT ( 'NONE',  ( 716.0771088554386097, 904.6430668985528882, 1314.831981992480678 ) ) ;
#4285 = CARTESIAN_POINT ( 'NONE',  ( 726.4412498948358916, 906.1676034535729514, 1315.479080228309840 ) ) ;
#4286 = CARTESIAN_POINT ( 'NONE',  ( 717.5288520661435996, 916.2994298358997867, 1305.723645820127331 ) ) ;
#4287 = ADVANCED_FACE ( 'NONE', ( #1895 ), #3005, .T. ) ;
#4288 = EDGE_LOOP ( 'NONE', ( #3102, #924, #6461, #5757 ) ) ;
#4289 = CARTESIAN_POINT ( 'NONE',  ( 715.0126342341238797, 905.1693755907170953, 1314.272549004420171 ) ) ;
#4290 = AXIS2_PLACEMENT_3D ( 'NONE', #918, #5645, #5742 ) ;
#4291 = AXIS2_PLACEMENT_3D ( 'NONE', #3034, #398, #5185 ) ;
#4292 = DIRECTION ( 'NONE',  ( 0.8440176850900446004, -0.05425790651291704375, -0.5335637045715140303 ) ) ;
#4293 = B_SPLINE_SURFACE_WITH_KNOTS ( 'NONE', 3, 1, ( 
 ( #2261, #4477 ),
 ( #4370, #6524 ),
 ( #1777, #6587 ),
 ( #3438, #2334 ),
 ( #4442, #3301 ),
 ( #1842, #6485 ),
 ( #3927, #6043 ),
 ( #1287, #3405 ),
 ( #3959, #5523 ),
 ( #772, #6076 ),
 ( #5555, #802 ),
 ( #4058, #3499 ) ),
 .UNSPECIFIED., .F., .F., .F.,
 ( 4, 1, 1, 1, 2, 1, 1, 1, 4 ),
 ( 2, 2 ),
 ( 0.000000000000000000, 0.2143883571535014076, 0.4287767143070028153, 0.6431650714605041674, 0.8575534286140056306, 0.8931650714605041674, 0.9287767143070029263, 0.9643883571535014632, 1.000000000000000000 ),
 ( 0.000000000000000000, 1.000000000000000000 ),
 .UNSPECIFIED. ) ;
#4294 = CARTESIAN_POINT ( 'NONE',  ( 721.4108278468103208, 917.1517070123584290, 1317.706337428002143 ) ) ;
#4295 = CARTESIAN_POINT ( 'NONE',  ( 722.2183998619063914, 916.7342032079280898, 1305.952713301766380 ) ) ;
#4296 = DIRECTION ( 'NONE',  ( 0.02973095184961528636, 0.9826919764584622907, -0.1828456997204933043 ) ) ;
#4297 = VECTOR ( 'NONE', #2832, 1000.000000000000000 ) ;
#4298 = ADVANCED_FACE ( 'NONE', ( #1306 ), #6396, .F. ) ;
#4299 = CARTESIAN_POINT ( 'NONE',  ( 720.3085780383505607, 915.8182136094059160, 1307.372235128816328 ) ) ;
#4300 = CARTESIAN_POINT ( 'NONE',  ( 718.7917400848953093, 919.4506485289006150, 1322.044098589542727 ) ) ;
#4301 = ORIENTED_EDGE ( 'NONE', *, *, #592, .T. ) ;
#4302 = CIRCLE ( 'NONE', #5078, 2.499999999999990674 ) ;
#4303 = CARTESIAN_POINT ( 'NONE',  ( 712.4164064904854285, 908.7523291732428561, 1310.929492647603411 ) ) ;
#4304 = B_SPLINE_CURVE_WITH_KNOTS ( 'NONE', 3,
 ( #4251, #6399, #5848, #4356, #2695, #3181, #1688, #2134 ),
 .UNSPECIFIED., .F., .F.,
 ( 4, 2, 2, 4 ),
 ( 0.000000000000000000, 0.0003785376244286346920, 0.0007570752488572693841, 0.001514150497714138698 ),
 .UNSPECIFIED. ) ;
#4305 = CARTESIAN_POINT ( 'NONE',  ( 717.2697897341716953, 904.0360104226770090, 1315.884471994706018 ) ) ;
#4306 = DIRECTION ( 'NONE',  ( -0.07317157541021195033, 0.6515180314347920332, 0.7550961364404676912 ) ) ;
#4307 = LINE ( 'NONE', #3267, #3289 ) ;
#4308 = CARTESIAN_POINT ( 'NONE',  ( 713.2834779619545316, 906.6955852617344362, 1312.780719615768476 ) ) ;
#4309 = ORIENTED_EDGE ( 'NONE', *, *, #5216, .T. ) ;
#4310 = EDGE_LOOP ( 'NONE', ( #5558, #39, #5273, #3531 ) ) ;
#4311 = EDGE_CURVE ( 'NONE', #4368, #3961, #2351, .T. ) ;
#4312 = CARTESIAN_POINT ( 'NONE',  ( 723.5273541237303334, 915.1404568055442041, 1308.268933791446671 ) ) ;
#4313 = CARTESIAN_POINT ( 'NONE',  ( 719.5627733061426170, 916.4025887513967064, 1305.676310128709247 ) ) ;
#4314 = CARTESIAN_POINT ( 'NONE',  ( 717.4493291140246356, 916.3426619755309730, 1311.438982981031359 ) ) ;
#4315 = CARTESIAN_POINT ( 'NONE',  ( 718.7917400848953093, 919.4506485289006150, 1322.044098589542727 ) ) ;
#4316 = CARTESIAN_POINT ( 'NONE',  ( 727.7855675979313901, 907.8091267316756330, 1314.192997405671804 ) ) ;
#4317 = LINE ( 'NONE', #4904, #3616 ) ;
#4318 = CARTESIAN_POINT ( 'NONE',  ( 711.9240825953933154, 907.2018786787050431, 1313.023594743659942 ) ) ;
#4319 = VERTEX_POINT ( 'NONE', #4558 ) ;
#4320 = VERTEX_POINT ( 'NONE', #819 ) ;
#4321 = EDGE_CURVE ( 'NONE', #6616, #4412, #1217, .T. ) ;
#4322 = CARTESIAN_POINT ( 'NONE',  ( 713.4614742854690803, 906.1260462990762790, 1313.538798260204885 ) ) ;
#4323 = CARTESIAN_POINT ( 'NONE',  ( 728.0882708476721064, 912.6943134463151637, 1309.931583356060855 ) ) ;
#4324 = CARTESIAN_POINT ( 'NONE',  ( 718.7917400848953093, 919.4506485289006150, 1322.044098589542727 ) ) ;
#4325 = CARTESIAN_POINT ( 'NONE',  ( 725.4654002808312043, 908.0044059851662723, 1314.613721319398564 ) ) ;
#4326 = ORIENTED_EDGE ( 'NONE', *, *, #5002, .T. ) ;
#4327 = ADVANCED_FACE ( 'NONE', ( #5051 ), #303, .F. ) ;
#4328 = LINE ( 'NONE', #1769, #3936 ) ;
#4329 = DIRECTION ( 'NONE',  ( -0.9670592738890179119, -0.2314397642216898809, 0.1059811130449848371 ) ) ;
#4330 = CARTESIAN_POINT ( 'NONE',  ( 725.9781347084002618, 913.1103733970631993, 1310.257830071975832 ) ) ;
#4331 = CARTESIAN_POINT ( 'NONE',  ( 711.7897141272586623, 911.1977274518002332, 1311.407376938643665 ) ) ;
#4332 = DIRECTION ( 'NONE',  ( 0.2554110440226278200, -0.8819690261591374147, -0.3961007895563627978 ) ) ;
#4333 = CARTESIAN_POINT ( 'NONE',  ( 725.2851310285592490, 906.0426453116285757, 1314.514509988655391 ) ) ;
#4334 = B_SPLINE_CURVE_WITH_KNOTS ( 'NONE', 1,
 ( #883, #5188 ),
 .UNSPECIFIED., .F., .F.,
 ( 2, 2 ),
 ( 0.000000000000000000, 0.001500000000000183912 ),
 .UNSPECIFIED. ) ;
#4335 = ORIENTED_EDGE ( 'NONE', *, *, #2803, .T. ) ;
#4336 = PRODUCT_RELATED_PRODUCT_CATEGORY ( 'detail', '', ( #1133 ) ) ;
#4337 = EDGE_CURVE ( 'NONE', #3440, #2400, #3699, .T. ) ;
#4338 = CARTESIAN_POINT ( 'NONE',  ( 715.5691638295733128, 915.3225195354170864, 1306.221228653091202 ) ) ;
#4339 = CARTESIAN_POINT ( 'NONE',  ( 723.5281777014972704, 916.5571515667581934, 1307.920616181542982 ) ) ;
#4340 = CARTESIAN_POINT ( 'NONE',  ( 727.3319636623967881, 911.8329331718389312, 1312.089428830579209 ) ) ;
#4341 = CARTESIAN_POINT ( 'NONE',  ( 718.7917400848953093, 919.4506485289006150, 1322.044098589542727 ) ) ;
#4342 = CARTESIAN_POINT ( 'NONE',  ( 716.3796698587144647, 915.7918921328412125, 1311.810548689395773 ) ) ;
#4343 = EDGE_LOOP ( 'NONE', ( #2156, #5258, #1356, #547 ) ) ;
#4344 = ORIENTED_EDGE ( 'NONE', *, *, #4604, .F. ) ;
#4345 = CARTESIAN_POINT ( 'NONE',  ( 718.7917400848953093, 919.4506485289006150, 1322.044098589542727 ) ) ;
#4346 = LINE ( 'NONE', #1116, #1307 ) ;
#4347 = DIRECTION ( 'NONE',  ( 0.000000000000000000, -0.7571257123220515028, 0.6532692061782998660 ) ) ;
#4348 = CARTESIAN_POINT ( 'NONE',  ( 717.2081050150804913, 917.3197675774790696, 1317.154070876718833 ) ) ;
#4349 = CARTESIAN_POINT ( 'NONE',  ( 719.1363399891422432, 911.2967034578601897, 1316.380901108764419 ) ) ;
#4350 = CARTESIAN_POINT ( 'NONE',  ( 719.7353845055382635, 911.0484602219646604, 1312.306133372769409 ) ) ;
#4351 = CARTESIAN_POINT ( 'NONE',  ( 714.8174824935006200, 913.9471072814883428, 1308.454570688733156 ) ) ;
#4352 = ORIENTED_EDGE ( 'NONE', *, *, #421, .F. ) ;
#4353 = ORIENTED_EDGE ( 'NONE', *, *, #2305, .F. ) ;
#4354 = ORIENTED_EDGE ( 'NONE', *, *, #3996, .F. ) ;
#4355 = FACE_OUTER_BOUND ( 'NONE', #2276, .T. ) ;
#4356 = CARTESIAN_POINT ( 'NONE',  ( 721.2884287840179240, 904.0421972545575500, 1316.187381600397430 ) ) ;
#4357 = CARTESIAN_POINT ( 'NONE',  ( 712.3505604464195358, 909.4079843837645285, 1310.362261754459269 ) ) ;
#4358 = FACE_OUTER_BOUND ( 'NONE', #4647, .T. ) ;
#4359 = VERTEX_POINT ( 'NONE', #4041 ) ;
#4360 = CARTESIAN_POINT ( 'NONE',  ( 728.4496051810621111, 909.4308407749385879, 1312.858084914026222 ) ) ;
#4361 = EDGE_CURVE ( 'NONE', #1844, #4171, #3518, .T. ) ;
#4362 = CARTESIAN_POINT ( 'NONE',  ( 718.7917400848953093, 919.4506485289006150, 1322.044098589542727 ) ) ;
#4363 = CARTESIAN_POINT ( 'NONE',  ( 712.3210194540434941, 909.2827638078342716, 1312.835170810395994 ) ) ;
#4364 = CARTESIAN_POINT ( 'NONE',  ( 712.3410371225434119, 907.3614148570762836, 1312.552339799002084 ) ) ;
#4365 = CARTESIAN_POINT ( 'NONE',  ( 718.7917400848953093, 919.4506485289006150, 1322.044098589542727 ) ) ;
#4366 = DIRECTION ( 'NONE',  ( -0.1376384329867840761, -0.9022789510168934823, -0.4085931427677131911 ) ) ;
#4367 = EDGE_CURVE ( 'NONE', #5395, #1185, #2973, .T. ) ;
#4368 = VERTEX_POINT ( 'NONE', #6289 ) ;
#4369 = CARTESIAN_POINT ( 'NONE',  ( 712.8495246934459146, 912.5814854575719437, 1309.895811516791355 ) ) ;
#4370 = CARTESIAN_POINT ( 'NONE',  ( 718.7917400848953093, 919.4506485289006150, 1322.044098589542727 ) ) ;
#4371 = FACE_OUTER_BOUND ( 'NONE', #3030, .T. ) ;
#4372 = CARTESIAN_POINT ( 'NONE',  ( 724.4685470711035578, 914.4867185092183490, 1307.151765546597517 ) ) ;
#4373 = FACE_OUTER_BOUND ( 'NONE', #1458, .T. ) ;
#4374 = EDGE_CURVE ( 'NONE', #5248, #5697, #5384, .T. ) ;
#4375 = CONICAL_SURFACE ( 'NONE', #1607, 8.788285345454690756, 0.5551083433337287154 ) ;
#4376 = ORIENTED_EDGE ( 'NONE', *, *, #2294, .T. ) ;
#4377 = ORIENTED_EDGE ( 'NONE', *, *, #2428, .T. ) ;
#4378 = CARTESIAN_POINT ( 'NONE',  ( 712.3690417727460726, 909.1870061386468933, 1310.549548606823691 ) ) ;
#4379 = AXIS2_PLACEMENT_3D ( 'NONE', #1193, #2764, #2833 ) ;
#4380 = CARTESIAN_POINT ( 'NONE',  ( 726.8847855060786287, 912.5198419284862439, 1311.246854550009175 ) ) ;
#4381 = CARTESIAN_POINT ( 'NONE',  ( 718.8622967743663139, 915.3510473808233883, 1305.862732317153359 ) ) ;
#4382 = CARTESIAN_POINT ( 'NONE',  ( 721.3931568825327076, 905.6514682803930327, 1316.249272916605378 ) ) ;
#4383 = CARTESIAN_POINT ( 'NONE',  ( 719.8286610700904475, 910.2179278277214962, 1311.343563233765735 ) ) ;
#4384 = CARTESIAN_POINT ( 'NONE',  ( 712.8568411889735899, 907.3795538924989614, 1312.149229719748519 ) ) ;
#4385 = CARTESIAN_POINT ( 'NONE',  ( 719.8540708954457159, 915.0773147418466351, 1313.188434873150982 ) ) ;
#4386 = ORIENTED_EDGE ( 'NONE', *, *, #2003, .T. ) ;
#4387 = ORIENTED_EDGE ( 'NONE', *, *, #5750, .F. ) ;
#4388 = ORIENTED_EDGE ( 'NONE', *, *, #4671, .F. ) ;
#4389 = FACE_OUTER_BOUND ( 'NONE', #5279, .T. ) ;
#4390 = DIRECTION ( 'NONE',  ( -0.07317157541021195033, 0.6515180314347920332, 0.7550961364404676912 ) ) ;
#4391 = LINE ( 'NONE', #6504, #4413 ) ;
#4392 = CARTESIAN_POINT ( 'NONE',  ( 725.5441679352413757, 908.1001559469392532, 1314.538732624245995 ) ) ;
#4393 = EDGE_LOOP ( 'NONE', ( #1675, #4602, #846, #5082 ) ) ;
#4394 = CARTESIAN_POINT ( 'NONE',  ( 715.5865220297373526, 915.1964397614252675, 1306.238203793506955 ) ) ;
#4395 = AXIS2_PLACEMENT_3D ( 'NONE', #1600, #6450, #1038 ) ;
#4396 = CARTESIAN_POINT ( 'NONE',  ( 719.7801732137941144, 916.8891304334875940, 1305.568302319025406 ) ) ;
#4397 = EDGE_CURVE ( 'NONE', #6064, #1058, #5634, .T. ) ;
#4398 = CARTESIAN_POINT ( 'NONE',  ( 718.7917400848953093, 919.4506485289006150, 1322.044098589542727 ) ) ;
#4399 = CARTESIAN_POINT ( 'NONE',  ( 713.7694581578907673, 914.7647542601399664, 1306.818813143985381 ) ) ;
#4400 = ORIENTED_EDGE ( 'NONE', *, *, #2368, .F. ) ;
#4401 = AXIS2_PLACEMENT_3D ( 'NONE', #5829, #1039, #3166 ) ;
#4402 = CARTESIAN_POINT ( 'NONE',  ( 715.5031473354672471, 914.1229978898418267, 1316.528424919903955 ) ) ;
#4403 = CIRCLE ( 'NONE', #6169, 2.499999999999990674 ) ;
#4404 = VERTEX_POINT ( 'NONE', #5769 ) ;
#4405 = AXIS2_PLACEMENT_3D ( 'NONE', #4801, #3251, #56 ) ;
#4406 = EDGE_CURVE ( 'NONE', #1630, #4622, #3235, .T. ) ;
#4407 = B_SPLINE_CURVE_WITH_KNOTS ( 'NONE', 3,
 ( #2016, #3575, #3026, #2047 ),
 .UNSPECIFIED., .F., .F.,
 ( 4, 4 ),
 ( 0.000000000000000000, 0.0008686782177528525398 ),
 .UNSPECIFIED. ) ;
#4408 = CARTESIAN_POINT ( 'NONE',  ( 719.0236338536774383, 915.2443303871752960, 1305.884365054018417 ) ) ;
#4409 = DIRECTION ( 'NONE',  ( 0.000000000000000000, -0.7571257123220515028, 0.6532692061782998660 ) ) ;
#4410 = CARTESIAN_POINT ( 'NONE',  ( 725.1103233519351079, 914.1269243175190695, 1309.296619800221379 ) ) ;
#4411 = DIRECTION ( 'NONE',  ( 0.1162306242541707169, -0.7463955445134997646, 0.6552740900690960935 ) ) ;
#4412 = VERTEX_POINT ( 'NONE', #1507 ) ;
#4413 = VECTOR ( 'NONE', #6400, 1000.000000000000114 ) ;
#4414 = ORIENTED_EDGE ( 'NONE', *, *, #2241, .F. ) ;
#4415 = EDGE_CURVE ( 'NONE', #6127, #5678, #3481, .T. ) ;
#4416 = CARTESIAN_POINT ( 'NONE',  ( 721.7679348701999515, 916.5269726105984773, 1305.886845240316688 ) ) ;
#4417 = CARTESIAN_POINT ( 'NONE',  ( 723.1052345958025853, 915.0511064519910178, 1306.530518237537535 ) ) ;
#4418 = CARTESIAN_POINT ( 'NONE',  ( 711.4992495556324457, 908.7929493566686006, 1311.506784560201368 ) ) ;
#4419 = VECTOR ( 'NONE', #3670, 999.9999999999998863 ) ;
#4420 = CARTESIAN_POINT ( 'NONE',  ( 725.4563137705570171, 913.8689707338304515, 1314.773905634589255 ) ) ;
#4421 = CARTESIAN_POINT ( 'NONE',  ( 717.6951034687975834, 915.4601384544423581, 1307.427937133487148 ) ) ;
#4422 = CARTESIAN_POINT ( 'NONE',  ( 717.6427873432013484, 916.5842529089360369, 1307.191452398860520 ) ) ;
#4423 = FACE_OUTER_BOUND ( 'NONE', #394, .T. ) ;
#4424 = VERTEX_POINT ( 'NONE', #5800 ) ;
#4425 = VERTEX_POINT ( 'NONE', #3172 ) ;
#4426 = ORIENTED_EDGE ( 'NONE', *, *, #5526, .F. ) ;
#4427 = CARTESIAN_POINT ( 'NONE',  ( 725.8052336446849040, 913.5427753844619474, 1308.095755847232113 ) ) ;
#4428 = DIRECTION ( 'NONE',  ( 0.07317157541021196421, -0.6515180314347921442, -0.7550961364404672471 ) ) ;
#4429 = CARTESIAN_POINT ( 'NONE',  ( 716.6912744524877326, 914.9921636642795875, 1306.107320072308994 ) ) ;
#4430 = CARTESIAN_POINT ( 'NONE',  ( 712.2622144951383234, 911.9024718135145804, 1308.694966621584399 ) ) ;
#4431 = ORIENTED_EDGE ( 'NONE', *, *, #2022, .F. ) ;
#4432 = CARTESIAN_POINT ( 'NONE',  ( 718.7917400848953093, 919.4506485289006150, 1322.044098589542727 ) ) ;
#4433 = CARTESIAN_POINT ( 'NONE',  ( 718.7917400848953093, 919.4506485289006150, 1322.044098589542727 ) ) ;
#4434 = CARTESIAN_POINT ( 'NONE',  ( 727.8617097546783725, 911.0200844961902931, 1310.884813626637197 ) ) ;
#4435 = CARTESIAN_POINT ( 'NONE',  ( 716.3717986093938634, 904.0944105991285369, 1315.991869270696952 ) ) ;
#4436 = CARTESIAN_POINT ( 'NONE',  ( 720.0732537342868227, 908.0400803481887806, 1308.819482336218925 ) ) ;
#4437 = ORIENTED_EDGE ( 'NONE', *, *, #2408, .F. ) ;
#4438 = CARTESIAN_POINT ( 'NONE',  ( 718.7917400848953093, 919.4506485289006150, 1322.044098589542727 ) ) ;
#4439 = ORIENTED_EDGE ( 'NONE', *, *, #3326, .F. ) ;
#4440 = EDGE_CURVE ( 'NONE', #4082, #411, #675, .T. ) ;
#4441 = DIRECTION ( 'NONE',  ( -0.07317157541021195033, 0.6515180314347920332, 0.7550961364404676912 ) ) ;
#4442 = CARTESIAN_POINT ( 'NONE',  ( 718.7917400848953093, 919.4506485289006150, 1322.044098589542727 ) ) ;
#4443 = CARTESIAN_POINT ( 'NONE',  ( 715.4003508968637561, 914.1123676154920759, 1306.593554124623324 ) ) ;
#4444 = ORIENTED_EDGE ( 'NONE', *, *, #3739, .F. ) ;
#4445 = EDGE_CURVE ( 'NONE', #4216, #1112, #4143, .T. ) ;
#4446 = ORIENTED_EDGE ( 'NONE', *, *, #1440, .T. ) ;
#4447 = LINE ( 'NONE', #777, #1261 ) ;
#4448 = CARTESIAN_POINT ( 'NONE',  ( 718.7917400848953093, 919.4506485289006150, 1322.044098589542727 ) ) ;
#4449 = FACE_OUTER_BOUND ( 'NONE', #4679, .T. ) ;
#4450 = DIRECTION ( 'NONE',  ( 0.5777435702469606582, -0.8108518003807819730, 0.09344369886482244147 ) ) ;
#4451 = CARTESIAN_POINT ( 'NONE',  ( 726.9733352718011474, 914.0889785033733688, 1308.546089894453189 ) ) ;
#4452 = CARTESIAN_POINT ( 'NONE',  ( 718.7917400848953093, 919.4506485289006150, 1322.044098589542727 ) ) ;
#4453 = CARTESIAN_POINT ( 'NONE',  ( 714.2834451700460932, 914.9497483315154795, 1308.276216054733823 ) ) ;
#4454 = ORIENTED_EDGE ( 'NONE', *, *, #894, .F. ) ;
#4455 = EDGE_CURVE ( 'NONE', #1939, #6753, #909, .T. ) ;
#4456 = ORIENTED_EDGE ( 'NONE', *, *, #5167, .F. ) ;
#4457 = ORIENTED_EDGE ( 'NONE', *, *, #4854, .F. ) ;
#4458 = CARTESIAN_POINT ( 'NONE',  ( 720.3146041679157179, 916.0173942210044515, 1307.335174361891404 ) ) ;
#4459 = CARTESIAN_POINT ( 'NONE',  ( 712.8672512451631746, 906.7112450603933667, 1313.068409742467566 ) ) ;
#4460 = DIRECTION ( 'NONE',  ( 0.005551638652043694444, -0.3271306824176506978, 0.9449628013468250876 ) ) ;
#4461 = CARTESIAN_POINT ( 'NONE',  ( 719.2774135110779525, 914.3208237399805967, 1319.938973858507779 ) ) ;
#4462 = CARTESIAN_POINT ( 'NONE',  ( 718.7917400848953093, 919.4506485289006150, 1322.044098589542727 ) ) ;
#4463 = ORIENTED_EDGE ( 'NONE', *, *, #2223, .F. ) ;
#4464 = CARTESIAN_POINT ( 'NONE',  ( 715.5467959454941820, 915.8418468794977798, 1306.061698083409283 ) ) ;
#4465 = ADVANCED_FACE ( 'NONE', ( #2621 ), #4777, .F. ) ;
#4466 = EDGE_CURVE ( 'NONE', #5180, #6109, #44, .T. ) ;
#4467 = CARTESIAN_POINT ( 'NONE',  ( 718.4640675099961982, 914.3545644661671759, 1319.834238276111819 ) ) ;
#4468 = B_SPLINE_SURFACE_WITH_KNOTS ( 'NONE', 3, 1, ( 
 ( #3094, #2669 ),
 ( #900, #5209 ),
 ( #4611, #4770 ),
 ( #5657, #5624 ),
 ( #2993, #2179 ),
 ( #4100, #2471 ),
 ( #5140, #4578 ),
 ( #4806, #3540 ),
 ( #6371, #3745 ),
 ( #386, #2508 ),
 ( #6761, #6729 ),
 ( #1946, #5330 ) ),
 .UNSPECIFIED., .F., .F., .F.,
 ( 4, 1, 1, 1, 2, 1, 1, 1, 4 ),
 ( 2, 2 ),
 ( 0.000000000000000000, 0.2143883571535014076, 0.4287767143070028153, 0.6431650714605041674, 0.8575534286140056306, 0.8931650714605041674, 0.9287767143070029263, 0.9643883571535014632, 1.000000000000000000 ),
 ( 0.000000000000000000, 1.000000000000000000 ),
 .UNSPECIFIED. ) ;
#4469 = DIRECTION ( 'NONE',  ( 0.01531951509544172280, 0.2359867464115217306, 0.9716355118949413505 ) ) ;
#4470 = CARTESIAN_POINT ( 'NONE',  ( 716.3894579306952437, 903.9331437797726494, 1316.365363142800334 ) ) ;
#4471 = ORIENTED_EDGE ( 'NONE', *, *, #5559, .T. ) ;
#4472 = DIRECTION ( 'NONE',  ( -0.1162306242541731038, 0.7463955445134947686, -0.6552740900691014225 ) ) ;
#4473 = ADVANCED_FACE ( 'NONE', ( #2724 ), #1414, .F. ) ;
#4474 = AXIS2_PLACEMENT_3D ( 'NONE', #3851, #2813, #659 ) ;
#4475 = VERTEX_POINT ( 'NONE', #2269 ) ;
#4476 = CARTESIAN_POINT ( 'NONE',  ( 718.7917400848953093, 919.4506485289006150, 1322.044098589542727 ) ) ;
#4477 = CARTESIAN_POINT ( 'NONE',  ( 728.4829078072591528, 909.4104852998261777, 1312.864412959763285 ) ) ;
#4478 = CARTESIAN_POINT ( 'NONE',  ( 725.9172335686513406, 907.5182501318469122, 1315.951140982443349 ) ) ;
#4479 = VERTEX_POINT ( 'NONE', #3729 ) ;
#4480 = VERTEX_POINT ( 'NONE', #678 ) ;
#4481 = CARTESIAN_POINT ( 'NONE',  ( 718.7917400848953093, 919.4506485289006150, 1322.044098589542727 ) ) ;
#4482 = DIRECTION ( 'NONE',  ( -0.7968884713669965869, -0.1937521005697598608, -0.5722140226586353018 ) ) ;
#4483 = CARTESIAN_POINT ( 'NONE',  ( 724.5342841714982569, 907.1132461245899776, 1315.292417088349339 ) ) ;
#4484 = EDGE_CURVE ( 'NONE', #5716, #6591, #1, .T. ) ;
#4485 = FACE_OUTER_BOUND ( 'NONE', #3547, .T. ) ;
#4486 = LINE ( 'NONE', #1395, #2845 ) ;
#4487 = DIRECTION ( 'NONE',  ( 0.3534355452221487615, -0.3051665274495873326, -0.8842831593431387249 ) ) ;
#4488 = CARTESIAN_POINT ( 'NONE',  ( 720.1432868806123224, 908.0542801223004972, 1312.196639664309714 ) ) ;
#4489 = ORIENTED_EDGE ( 'NONE', *, *, #5032, .F. ) ;
#4490 = ORIENTED_EDGE ( 'NONE', *, *, #4073, .F. ) ;
#4491 = VECTOR ( 'NONE', #1250, 1000.000000000000114 ) ;
#4492 = CARTESIAN_POINT ( 'NONE',  ( 718.3021755358607834, 912.0297913459730808, 1310.370200105410731 ) ) ;
#4493 = CARTESIAN_POINT ( 'NONE',  ( 713.0854648884551352, 906.6898346796875785, 1312.943205382689030 ) ) ;
#4494 = PLANE ( 'NONE',  #2757 ) ;
#4495 = EDGE_CURVE ( 'NONE', #3669, #4562, #5368, .T. ) ;
#4496 = CARTESIAN_POINT ( 'NONE',  ( 721.9101535669120722, 916.9785619304840338, 1307.400219100142522 ) ) ;
#4497 = CARTESIAN_POINT ( 'NONE',  ( 712.5988145138582013, 907.9985247421917620, 1311.597572163704626 ) ) ;
#4498 = ORIENTED_EDGE ( 'NONE', *, *, #1627, .F. ) ;
#4499 = CARTESIAN_POINT ( 'NONE',  ( 718.7917400848953093, 919.4506485289006150, 1322.044098589542727 ) ) ;
#4500 = DIRECTION ( 'NONE',  ( -0.1162306242541731038, 0.7463955445134947686, -0.6552740900691014225 ) ) ;
#4501 = CALENDAR_DATE ( 2026, 16, 4 ) ;
#4502 = EDGE_CURVE ( 'NONE', #5723, #5872, #3565, .T. ) ;
#4503 = CARTESIAN_POINT ( 'NONE',  ( 725.4608601496194069, 907.8138118024106689, 1314.936301613796104 ) ) ;
#4504 = ORIENTED_EDGE ( 'NONE', *, *, #6860, .T. ) ;
#4505 = ORIENTED_EDGE ( 'NONE', *, *, #3326, .T. ) ;
#4506 = VECTOR ( 'NONE', #5245, 1000.000000000000114 ) ;
#4507 = CARTESIAN_POINT ( 'NONE',  ( 719.8286610700904475, 910.2179278277214962, 1311.343563233765735 ) ) ;
#4508 = VECTOR ( 'NONE', #4527, 1000.000000000000114 ) ;
#4509 = CYLINDRICAL_SURFACE ( 'NONE', #4520, 5.999999999999937828 ) ;
#4510 = CARTESIAN_POINT ( 'NONE',  ( 725.2435797372720572, 914.0035699119046058, 1309.416048879482560 ) ) ;
#4511 =( BOUNDED_SURFACE ( )  B_SPLINE_SURFACE ( 3, 3, ( 
 ( #3241, #5352, #642, #1717 ),
 ( #608, #3208, #3345, #5319 ),
 ( #6459, #2166, #6427, #1195 ),
 ( #3314, #4760, #5913, #4384 ) ),
 .UNSPECIFIED., .F., .F., .T. ) 
 B_SPLINE_SURFACE_WITH_KNOTS ( ( 4, 4 ),
 ( 4, 4 ),
 ( 0.000000000000000000, 1.000000000000000000 ),
 ( 0.000000000000000000, 1.000000000000000000 ),
 .UNSPECIFIED. ) 
 GEOMETRIC_REPRESENTATION_ITEM ( )  RATIONAL_B_SPLINE_SURFACE ( (
 ( 1.000000000000000000, 1.000000000000000000, 1.000000000000000000, 1.000000000000000000),
 ( 0.9991685004514068158, 0.9991685004514069268, 0.9991685004514069268, 0.9991685004514068158),
 ( 0.9991685004514068158, 0.9991685004514069268, 0.9991685004514069268, 0.9991685004514068158),
 ( 1.000000000000000000, 1.000000000000000000, 1.000000000000000000, 1.000000000000000000) ) ) 
 REPRESENTATION_ITEM ( '' )  SURFACE ( )  );
#4512 = ORIENTED_EDGE ( 'NONE', *, *, #5194, .F. ) ;
#4513 = ORIENTED_EDGE ( 'NONE', *, *, #4397, .F. ) ;
#4514 = AXIS2_PLACEMENT_3D ( 'NONE', #4599, #5779, #5677 ) ;
#4515 = CARTESIAN_POINT ( 'NONE',  ( 718.7917400848953093, 919.4506485289006150, 1322.044098589542727 ) ) ;
#4516 = LINE ( 'NONE', #6630, #6072 ) ;
#4517 = CARTESIAN_POINT ( 'NONE',  ( 713.2834779619545316, 906.6955852617344362, 1312.780719615768476 ) ) ;
#4518 = CARTESIAN_POINT ( 'NONE',  ( 724.5222839345713055, 913.0215956989717370, 1314.996272990141506 ) ) ;
#4519 = DIRECTION ( 'NONE',  ( 0.07317157541021195033, -0.6515180314347920332, -0.7550961364404676912 ) ) ;
#4520 = AXIS2_PLACEMENT_3D ( 'NONE', #2786, #1743, #5488 ) ;
#4521 = CARTESIAN_POINT ( 'NONE',  ( 717.6968576098909125, 916.8049460444329952, 1307.141735957242417 ) ) ;
#4522 = CARTESIAN_POINT ( 'NONE',  ( 716.0509494220705164, 915.8221509814238743, 1315.041758463943552 ) ) ;
#4523 = ORIENTED_EDGE ( 'NONE', *, *, #926, .F. ) ;
#4524 = ORIENTED_EDGE ( 'NONE', *, *, #5383, .F. ) ;
#4525 = EDGE_CURVE ( 'NONE', #199, #941, #1603, .T. ) ;
#4526 = CARTESIAN_POINT ( 'NONE',  ( 717.5886315942194642, 916.5434258858017529, 1305.668679836057208 ) ) ;
#4527 = DIRECTION ( 'NONE',  ( 0.8918766191757396822, -0.3760608977925268825, -0.2512653922034058795 ) ) ;
#4528 = CARTESIAN_POINT ( 'NONE',  ( 712.5425581769187602, 908.0865898303543418, 1314.164706692195068 ) ) ;
#4529 = CARTESIAN_POINT ( 'NONE',  ( 727.3083644221995883, 908.6404934769773263, 1312.616553292968774 ) ) ;
#4530 = DIRECTION ( 'NONE',  ( 0.9527361766568229751, 0.2695065330266740999, -0.1402141445977589940 ) ) ;
#4531 = ORIENTED_EDGE ( 'NONE', *, *, #5338, .T. ) ;
#4532 = CARTESIAN_POINT ( 'NONE',  ( 718.7917400848953093, 919.4506485289006150, 1322.044098589542727 ) ) ;
#4533 = EDGE_CURVE ( 'NONE', #3371, #2730, #5035, .T. ) ;
#4534 = DIRECTION ( 'NONE',  ( 0.1162306242541809725, -0.7463955445134944355, 0.6552740900691004233 ) ) ;
#4535 = CALENDAR_DATE ( 2026, 16, 4 ) ;
#4536 = CARTESIAN_POINT ( 'NONE',  ( 721.3165265089282912, 915.4121276941157248, 1306.045686677722642 ) ) ;
#4537 = VERTEX_POINT ( 'NONE', #5945 ) ;
#4538 = CARTESIAN_POINT ( 'NONE',  ( 711.2795394944977261, 910.3950813961987478, 1310.234660935255988 ) ) ;
#4539 = VERTEX_POINT ( 'NONE', #3869 ) ;
#4540 = ADVANCED_FACE ( 'NONE', ( #1191 ), #5427, .F. ) ;
#4541 = DIRECTION ( 'NONE',  ( 0.1162306242541745471, -0.7463955445134942135, 0.6552740900691018666 ) ) ;
#4542 = FACE_OUTER_BOUND ( 'NONE', #1810, .T. ) ;
#4543 = DIRECTION ( 'NONE',  ( -0.2263979469767231356, -0.8555597543686024320, -0.4655764988801106008 ) ) ;
#4544 = VERTEX_POINT ( 'NONE', #1393 ) ;
#4545 = EDGE_CURVE ( 'NONE', #6056, #3210, #613, .T. ) ;
#4546 = VERTEX_POINT ( 'NONE', #2995 ) ;
#4547 = CARTESIAN_POINT ( 'NONE',  ( 721.8716770461327314, 905.6702276082022536, 1316.480426979142294 ) ) ;
#4548 = CARTESIAN_POINT ( 'NONE',  ( 719.2935169485438109, 915.4034777361150645, 1305.856961666286452 ) ) ;
#4549 = LINE ( 'NONE', #2341, #2495 ) ;
#4550 = CARTESIAN_POINT ( 'NONE',  ( 718.7920299231458330, 903.5611086632858360, 1316.986799343509801 ) ) ;
#4551 = CARTESIAN_POINT ( 'NONE',  ( 723.1751180220721835, 915.2405398334627762, 1306.501498816480307 ) ) ;
#4552 = CARTESIAN_POINT ( 'NONE',  ( 721.8617455677792805, 909.1280380009877717, 1318.516187983258760 ) ) ;
#4553 = DIRECTION ( 'NONE',  ( 0.1162306242541731038, -0.7463955445134947686, 0.6552740900691014225 ) ) ;
#4554 = ORIENTED_EDGE ( 'NONE', *, *, #3232, .T. ) ;
#4555 = VERTEX_POINT ( 'NONE', #229 ) ;
#4556 = CARTESIAN_POINT ( 'NONE',  ( 718.7917400848950820, 919.4506485289003876, 1322.044098589542955 ) ) ;
#4557 = CARTESIAN_POINT ( 'NONE',  ( 725.4153517220124741, 906.0203785182611682, 1314.693821792693143 ) ) ;
#4558 = CARTESIAN_POINT ( 'NONE',  ( 725.4293759009701716, 913.8565646221811676, 1307.786420071004613 ) ) ;
#4559 = LINE ( 'NONE', #1928, #6175 ) ;
#4560 = CARTESIAN_POINT ( 'NONE',  ( 727.7400733439568512, 909.4820431893118666, 1312.118918566321327 ) ) ;
#4561 = CARTESIAN_POINT ( 'NONE',  ( 712.8590700442018715, 907.3840872001194384, 1312.152945744334829 ) ) ;
#4562 = VERTEX_POINT ( 'NONE', #3901 ) ;
#4563 = DIRECTION ( 'NONE',  ( -0.07317157541021193645, 0.6515180314347919222, 0.7550961364404674692 ) ) ;
#4564 = CARTESIAN_POINT ( 'NONE',  ( 724.2534996667583300, 915.9674382124049998, 1306.683900033641294 ) ) ;
#4565 = CARTESIAN_POINT ( 'NONE',  ( 718.7917400848953093, 919.4506485289006150, 1322.044098589542727 ) ) ;
#4566 = EDGE_CURVE ( 'NONE', #5537, #5361, #4549, .T. ) ;
#4567 = ORIENTED_EDGE ( 'NONE', *, *, #1056, .T. ) ;
#4568 = CARTESIAN_POINT ( 'NONE',  ( 716.5311309860582014, 915.8922624894270257, 1311.745009596870432 ) ) ;
#4569 = ORIENTED_EDGE ( 'NONE', *, *, #4698, .F. ) ;
#4570 = CARTESIAN_POINT ( 'NONE',  ( 718.7917400848953093, 919.4506485289006150, 1322.044098589542727 ) ) ;
#4571 = EDGE_CURVE ( 'NONE', #575, #724, #2961, .T. ) ;
#4572 = CARTESIAN_POINT ( 'NONE',  ( 727.4795247029354641, 907.5102536095879486, 1314.264899435956522 ) ) ;
#4573 = AXIS2_PLACEMENT_3D ( 'NONE', #6464, #576, #4944 ) ;
#4574 = B_SPLINE_CURVE_WITH_KNOTS ( 'NONE', 3,
 ( #6156, #3107, #5221, #2588, #4692, #606, #3731, #4758 ),
 .UNSPECIFIED., .F., .F.,
 ( 4, 2, 2, 4 ),
 ( 0.000000000000000000, 0.0006560729127573116303, 0.0009841093691360606327, 0.001312145825514809743 ),
 .UNSPECIFIED. ) ;
#4575 = CARTESIAN_POINT ( 'NONE',  ( 716.3718750989448836, 915.4280726800923276, 1306.051220879690391 ) ) ;
#4576 = ORIENTED_EDGE ( 'NONE', *, *, #3912, .F. ) ;
#4577 = ORIENTED_EDGE ( 'NONE', *, *, #4892, .F. ) ;
#4578 = CARTESIAN_POINT ( 'NONE',  ( 727.5088928216100612, 910.8846450178044734, 1310.679845112705380 ) ) ;
#4579 = CARTESIAN_POINT ( 'NONE',  ( 718.7917400848953093, 919.4506485289006150, 1322.044098589542727 ) ) ;
#4580 = ADVANCED_FACE ( 'NONE', ( #1330 ), #3814, .F. ) ;
#4581 = CARTESIAN_POINT ( 'NONE',  ( 629.2600881989131949, 1177.624063014448211, 1077.876881210114789 ) ) ;
#4582 = CARTESIAN_POINT ( 'NONE',  ( 726.1412388396818187, 913.5664338333625665, 1308.275035827518423 ) ) ;
#4583 = CARTESIAN_POINT ( 'NONE',  ( 716.0397077128417322, 906.0406815908218050, 1315.473542669537665 ) ) ;
#4584 = DIRECTION ( 'NONE',  ( 0.07317157541021193645, -0.6515180314347919222, -0.7550961364404674692 ) ) ;
#4585 = ORIENTED_EDGE ( 'NONE', *, *, #1285, .F. ) ;
#4586 = ORIENTED_EDGE ( 'NONE', *, *, #5042, .T. ) ;
#4587 = CARTESIAN_POINT ( 'NONE',  ( 716.0828847813837683, 914.9381093449585478, 1307.800777571847220 ) ) ;
#4588 = FACE_OUTER_BOUND ( 'NONE', #1467, .T. ) ;
#4589 = CARTESIAN_POINT ( 'NONE',  ( 629.2600881989131949, 1177.624063014448211, 1077.876881210114789 ) ) ;
#4590 = ADVANCED_FACE ( 'NONE', ( #4449 ), #3358, .F. ) ;
#4591 = LINE ( 'NONE', #6841, #4841 ) ;
#4592 = CARTESIAN_POINT ( 'NONE',  ( 713.9583992469842997, 914.1443572166497233, 1306.988198942698546 ) ) ;
#4593 = CARTESIAN_POINT ( 'NONE',  ( 718.7917400848950820, 919.4506485289003876, 1322.044098589542955 ) ) ;
#4594 = ORIENTED_EDGE ( 'NONE', *, *, #6408, .F. ) ;
#4595 = CARTESIAN_POINT ( 'NONE',  ( 727.9727293469862843, 912.1644906302192339, 1310.194065004654021 ) ) ;
#4596 = VECTOR ( 'NONE', #2823, 1000.000000000000114 ) ;
#4597 = CARTESIAN_POINT ( 'NONE',  ( 724.1403797373703810, 915.0136030796574005, 1306.883868113387734 ) ) ;
#4598 = APPROVAL_STATUS ( 'not_yet_approved' ) ;
#4599 = CARTESIAN_POINT ( 'NONE',  ( 718.7917400848953093, 919.4506485289006150, 1322.044098589542727 ) ) ;
#4600 = ORIENTED_EDGE ( 'NONE', *, *, #6628, .F. ) ;
#4601 = DIRECTION ( 'NONE',  ( -0.1162306242541731038, 0.7463955445134947686, -0.6552740900691014225 ) ) ;
#4602 = ORIENTED_EDGE ( 'NONE', *, *, #4029, .F. ) ;
#4603 = B_SPLINE_CURVE_WITH_KNOTS ( 'NONE', 3,
 ( #1590, #4838, #1732, #4255, #2667, #3742, #2138, #6855, #97, #2215 ),
 .UNSPECIFIED., .F., .F.,
 ( 4, 3, 3, 4 ),
 ( 0.000000000000000000, 0.0002173289232321848514, 0.0004346578008312502409, 0.0007905002888282862362 ),
 .UNSPECIFIED. ) ;
#4604 = EDGE_CURVE ( 'NONE', #470, #6253, #996, .T. ) ;
#4605 = CARTESIAN_POINT ( 'NONE',  ( 711.5142332955906568, 911.7523155968796118, 1309.138280589425676 ) ) ;
#4606 = LINE ( 'NONE', #5721, #6181 ) ;
#4607 = LINE ( 'NONE', #2467, #1522 ) ;
#4608 = EDGE_LOOP ( 'NONE', ( #6584, #5045, #1033, #88 ) ) ;
#4609 = ORIENTED_EDGE ( 'NONE', *, *, #2628, .F. ) ;
#4610 = ADVANCED_FACE ( 'NONE', ( #1886 ), #89, .F. ) ;
#4611 = CARTESIAN_POINT ( 'NONE',  ( 718.7917400848953093, 919.4506485289006150, 1322.044098589542727 ) ) ;
#4612 = B_SPLINE_CURVE_WITH_KNOTS ( 'NONE', 1,
 ( #5436, #2804 ),
 .UNSPECIFIED., .F., .F.,
 ( 2, 2 ),
 ( 2.719479911021036457E-16, 0.001500000000000249398 ),
 .UNSPECIFIED. ) ;
#4613 = CARTESIAN_POINT ( 'NONE',  ( 713.2855465934590029, 906.7003754342290449, 1312.784198483904220 ) ) ;
#4614 = CARTESIAN_POINT ( 'NONE',  ( 722.2160724397856484, 916.7556121183143887, 1305.919553187582324 ) ) ;
#4615 = DIRECTION ( 'NONE',  ( 0.1162306242541561591, -0.7463955445135177502, 0.6552740900690781078 ) ) ;
#4616 = CARTESIAN_POINT ( 'NONE',  ( 715.9840738156102589, 906.0085888309492930, 1315.575563169361658 ) ) ;
#4617 = CARTESIAN_POINT ( 'NONE',  ( 726.4284173420114712, 912.1570219865569698, 1311.124248290062042 ) ) ;
#4618 = B_SPLINE_CURVE_WITH_KNOTS ( 'NONE', 1,
 ( #2039, #1028 ),
 .UNSPECIFIED., .F., .F.,
 ( 2, 2 ),
 ( 0.000000000000000000, 0.001499999999999990924 ),
 .UNSPECIFIED. ) ;
#4619 = AXIS2_PLACEMENT_3D ( 'NONE', #4696, #2456, #4632 ) ;
#4620 = ORIENTED_EDGE ( 'NONE', *, *, #1535, .F. ) ;
#4621 = AXIS2_PLACEMENT_3D ( 'NONE', #4040, #1544, #1438 ) ;
#4622 = VERTEX_POINT ( 'NONE', #935 ) ;
#4623 = ADVANCED_FACE ( 'NONE', ( #3127 ), #6693, .T. ) ;
#4624 = CARTESIAN_POINT ( 'NONE',  ( 722.0078457083395733, 916.6043712279564488, 1307.496735814966769 ) ) ;
#4625 = CARTESIAN_POINT ( 'NONE',  ( 713.2113390342394723, 912.2737719199586763, 1308.052475570798606 ) ) ;
#4626 = CARTESIAN_POINT ( 'NONE',  ( 712.3696943101776924, 909.4064412059095730, 1310.360579939733043 ) ) ;
#4627 = AXIS2_PLACEMENT_3D ( 'NONE', #5262, #6784, #5162 ) ;
#4628 = CARTESIAN_POINT ( 'NONE',  ( 718.7917400848953093, 919.4506485289006150, 1322.044098589542727 ) ) ;
#4629 = DIRECTION ( 'NONE',  ( 0.7143735209067971770, 0.03784322366172709201, 0.6987405548915235354 ) ) ;
#4630 = CARTESIAN_POINT ( 'NONE',  ( 718.7917400848953093, 919.4506485289006150, 1322.044098589542727 ) ) ;
#4631 = ORIENTED_EDGE ( 'NONE', *, *, #4039, .T. ) ;
#4632 = DIRECTION ( 'NONE',  ( 0.1162306242541707169, -0.7463955445134997646, 0.6552740900690960935 ) ) ;
#4633 = CONICAL_SURFACE ( 'NONE', #3306, 8.788285345454690756, 0.5551083433337287154 ) ;
#4634 = CARTESIAN_POINT ( 'NONE',  ( 718.7917400848953093, 919.4506485289006150, 1322.044098589542727 ) ) ;
#4635 = CARTESIAN_POINT ( 'NONE',  ( 720.3146041679157179, 916.0173942210044515, 1307.335174361891404 ) ) ;
#4636 = CARTESIAN_POINT ( 'NONE',  ( 718.7917400848953093, 919.4506485289006150, 1322.044098589542727 ) ) ;
#4637 = AXIS2_PLACEMENT_3D ( 'NONE', #4672, #6751, #4601 ) ;
#4638 = VERTEX_POINT ( 'NONE', #4613 ) ;
#4639 = CARTESIAN_POINT ( 'NONE',  ( 718.7917400848953093, 919.4506485289006150, 1322.044098589542727 ) ) ;
#4640 = VERTEX_POINT ( 'NONE', #5658 ) ;
#4641 = CARTESIAN_POINT ( 'NONE',  ( 727.5645694478655514, 911.5202611111585611, 1312.541603784147583 ) ) ;
#4642 = CARTESIAN_POINT ( 'NONE',  ( 712.5130463426011147, 910.8826373802205580, 1309.167030237723566 ) ) ;
#4643 = DIRECTION ( 'NONE',  ( -0.3298639814133051407, -0.7638409099964451610, -0.5547403158072841123 ) ) ;
#4644 = CARTESIAN_POINT ( 'NONE',  ( 719.8286610700904475, 910.2179278277214962, 1311.343563233765735 ) ) ;
#4645 = ADVANCED_FACE ( 'NONE', ( #6278 ), #6360, .T. ) ;
#4646 = ORIENTED_EDGE ( 'NONE', *, *, #2898, .T. ) ;
#4647 = EDGE_LOOP ( 'NONE', ( #3435, #6827, #5128, #2985 ) ) ;
#4648 = DIRECTION ( 'NONE',  ( -0.07317157541021195033, 0.6515180314347920332, 0.7550961364404676912 ) ) ;
#4649 = CARTESIAN_POINT ( 'NONE',  ( 719.4952054422785750, 913.1870090998544356, 1314.784667990955313 ) ) ;
#4650 = LINE ( 'NONE', #4581, #1645 ) ;
#4651 = CARTESIAN_POINT ( 'NONE',  ( 718.7917400848953093, 919.4506485289006150, 1322.044098589542727 ) ) ;
#4652 = CARTESIAN_POINT ( 'NONE',  ( 713.4523639750409529, 913.1564845687687466, 1309.313587710554202 ) ) ;
#4653 = EDGE_CURVE ( 'NONE', #2418, #1710, #6794, .T. ) ;
#4654 = CARTESIAN_POINT ( 'NONE',  ( 719.3292777157672617, 905.4183316214665638, 1316.250645928448193 ) ) ;
#4655 = ORIENTED_EDGE ( 'NONE', *, *, #689, .T. ) ;
#4656 = ORIENTED_EDGE ( 'NONE', *, *, #6135, .F. ) ;
#4657 = CARTESIAN_POINT ( 'NONE',  ( 714.7829938042738149, 906.8400796139527529, 1314.583370533209290 ) ) ;
#4658 = CARTESIAN_POINT ( 'NONE',  ( 712.8331623349129131, 911.0928739893818147, 1310.859208870067960 ) ) ;
#4659 = CARTESIAN_POINT ( 'NONE',  ( 711.8055734838579838, 909.6439481965273899, 1310.516284164538774 ) ) ;
#4660 = CARTESIAN_POINT ( 'NONE',  ( 724.8322852117938737, 914.3597822598652556, 1309.068974180416490 ) ) ;
#4661 = CARTESIAN_POINT ( 'NONE',  ( 726.5739979951758869, 914.4929168981130942, 1309.996846612849822 ) ) ;
#4662 = CARTESIAN_POINT ( 'NONE',  ( 714.3850857248182820, 905.5883547836626803, 1313.842818808450602 ) ) ;
#4663 = EDGE_CURVE ( 'NONE', #3787, #1208, #2015, .T. ) ;
#4664 = ORIENTED_EDGE ( 'NONE', *, *, #1945, .F. ) ;
#4665 = CARTESIAN_POINT ( 'NONE',  ( 715.5003391406543187, 914.4580765357522978, 1308.079863452984455 ) ) ;
#4666 = CARTESIAN_POINT ( 'NONE',  ( 716.2838678498023910, 905.9926723766689065, 1315.459811668921475 ) ) ;
#4667 = CARTESIAN_POINT ( 'NONE',  ( 725.8982373245239614, 914.8299945380357485, 1307.693167943832123 ) ) ;
#4668 = B_SPLINE_CURVE_WITH_KNOTS ( 'NONE', 3,
 ( #2477, #4035, #5080, #2966, #3578, #1951, #3479, #939, #3066, #4617 ),
 .UNSPECIFIED., .F., .F.,
 ( 4, 3, 3, 4 ),
 ( 0.000000000000000000, 0.0002173289232321826017, 0.0004346578008313106852, 0.0007905002888283764418 ),
 .UNSPECIFIED. ) ;
#4669 = CARTESIAN_POINT ( 'NONE',  ( 718.7917400848953093, 919.4506485289006150, 1322.044098589542727 ) ) ;
#4670 = ORIENTED_EDGE ( 'NONE', *, *, #3641, .F. ) ;
#4671 = EDGE_CURVE ( 'NONE', #2837, #706, #2611, .T. ) ;
#4672 = CARTESIAN_POINT ( 'NONE',  ( 719.8286610700904475, 910.2179278277214962, 1311.343563233765735 ) ) ;
#4673 = EDGE_LOOP ( 'NONE', ( #1882, #3133, #4620, #4463 ) ) ;
#4674 = CARTESIAN_POINT ( 'NONE',  ( 724.8347473688809259, 904.9557812517292632, 1316.354535923229378 ) ) ;
#4675 = PLANE ( 'NONE',  #3963 ) ;
#4676 = CARTESIAN_POINT ( 'NONE',  ( 718.7917400848950820, 919.4506485289003876, 1322.044098589542955 ) ) ;
#4677 = CARTESIAN_POINT ( 'NONE',  ( 719.9333609950450636, 917.1113723217885081, 1307.094068160834013 ) ) ;
#4678 = CARTESIAN_POINT ( 'NONE',  ( 718.7917400848953093, 919.4506485289006150, 1322.044098589542727 ) ) ;
#4679 = EDGE_LOOP ( 'NONE', ( #5028, #1284, #5198, #1952 ) ) ;
#4680 = DIRECTION ( 'NONE',  ( -0.1162306242541731038, 0.7463955445134947686, -0.6552740900691014225 ) ) ;
#4681 = CARTESIAN_POINT ( 'NONE',  ( 723.9963610758986761, 916.2711376294462298, 1306.524550153162636 ) ) ;
#4682 = PLANE ( 'NONE',  #3720 ) ;
#4683 = CARTESIAN_POINT ( 'NONE',  ( 714.3867406467946921, 905.5935607773000129, 1313.845898804527906 ) ) ;
#4684 = FACE_OUTER_BOUND ( 'NONE', #6837, .T. ) ;
#4685 = ORIENTED_EDGE ( 'NONE', *, *, #1061, .T. ) ;
#4686 = ORIENTED_EDGE ( 'NONE', *, *, #3530, .T. ) ;
#4687 = CC_DESIGN_APPROVAL ( #2687, ( #1546 ) ) ;
#4688 = EDGE_CURVE ( 'NONE', #1491, #785, #3401, .T. ) ;
#4689 = CARTESIAN_POINT ( 'NONE',  ( 722.0578188894288587, 916.2193262683949797, 1307.587085451890516 ) ) ;
#4690 = CARTESIAN_POINT ( 'NONE',  ( 725.7227600612611695, 906.0264396172502757, 1315.000931574494643 ) ) ;
#4691 = CARTESIAN_POINT ( 'NONE',  ( 726.5422487093277368, 909.6129244914091032, 1313.464611197070553 ) ) ;
#4692 = CARTESIAN_POINT ( 'NONE',  ( 722.3246420663518848, 904.2396043133836656, 1316.213372915901118 ) ) ;
#4693 = CARTESIAN_POINT ( 'NONE',  ( 718.7917400848953093, 919.4506485289006150, 1322.044098589542727 ) ) ;
#4694 = CARTESIAN_POINT ( 'NONE',  ( 716.1261993206766192, 910.0187771629522331, 1316.773577386364877 ) ) ;
#4695 = CARTESIAN_POINT ( 'NONE',  ( 718.7917400848953093, 919.4506485289006150, 1322.044098589542727 ) ) ;
#4696 = CARTESIAN_POINT ( 'NONE',  ( 719.7353845055382635, 911.0484602219646604, 1312.306133372769409 ) ) ;
#4697 = B_SPLINE_SURFACE_WITH_KNOTS ( 'NONE', 3, 1, ( 
 ( #1570, #2086 ),
 ( #2581, #3231 ),
 ( #5246, #4170 ),
 ( #460, #6315 ),
 ( #5763, #3200 ),
 ( #1111, #1008 ),
 ( #6346, #3684 ),
 ( #1637, #6418 ),
 ( #5795, #3654 ),
 ( #4206, #6282 ),
 ( #5343, #1076 ),
 ( #975, #4308 ) ),
 .UNSPECIFIED., .F., .F., .F.,
 ( 4, 1, 1, 1, 2, 1, 1, 1, 4 ),
 ( 2, 2 ),
 ( 0.000000000000000000, 0.2143883571535014076, 0.4287767143070028153, 0.6431650714605041674, 0.8575534286140056306, 0.8931650714605041674, 0.9287767143070029263, 0.9643883571535014632, 1.000000000000000000 ),
 ( 0.000000000000000000, 1.000000000000000000 ),
 .UNSPECIFIED. ) ;
#4698 = EDGE_CURVE ( 'NONE', #757, #470, #2663, .T. ) ;
#4699 = CARTESIAN_POINT ( 'NONE',  ( 714.9845437289039864, 904.5531585186461143, 1315.560850995342207 ) ) ;
#4700 = DIRECTION ( 'NONE',  ( -0.07317157541021195033, 0.6515180314347920332, 0.7550961364404676912 ) ) ;
#4701 = DIRECTION ( 'NONE',  ( 0.1162306242541707169, -0.7463955445134997646, 0.6552740900690960935 ) ) ;
#4702 = EDGE_LOOP ( 'NONE', ( #6544, #5991, #898, #3338 ) ) ;
#4703 = B_SPLINE_CURVE_WITH_KNOTS ( 'NONE', 3,
 ( #4194, #2994, #4548, #1063 ),
 .UNSPECIFIED., .F., .F.,
 ( 4, 4 ),
 ( 0.0004342962719680670759, 0.0008686782177528522145 ),
 .UNSPECIFIED. ) ;
#4704 = VECTOR ( 'NONE', #3586, 999.9999999999998863 ) ;
#4705 = CARTESIAN_POINT ( 'NONE',  ( 716.5054823436230436, 915.2817809412948691, 1306.057290820290063 ) ) ;
#4706 = ORIENTED_EDGE ( 'NONE', *, *, #4671, .T. ) ;
#4707 = EDGE_CURVE ( 'NONE', #6779, #5889, #1827, .T. ) ;
#4708 = CARTESIAN_POINT ( 'NONE',  ( 726.9505175802310077, 911.0319339697740588, 1312.410521168146261 ) ) ;
#4709 = DIRECTION ( 'NONE',  ( 0.1162306242541731038, -0.7463955445134947686, 0.6552740900691014225 ) ) ;
#4710 = CARTESIAN_POINT ( 'NONE',  ( 719.8286610700904475, 910.2179278277214962, 1311.343563233765735 ) ) ;
#4711 = CARTESIAN_POINT ( 'NONE',  ( 718.7917400848953093, 919.4506485289006150, 1322.044098589542727 ) ) ;
#4712 = CARTESIAN_POINT ( 'NONE',  ( 720.1999277102324868, 906.9121781678747993, 1307.512266668277789 ) ) ;
#4713 = AXIS2_PLACEMENT_3D ( 'NONE', #2751, #4306, #6416 ) ;
#4714 = ORIENTED_EDGE ( 'NONE', *, *, #1528, .T. ) ;
#4715 = CARTESIAN_POINT ( 'NONE',  ( 718.7917400848953093, 919.4506485289006150, 1322.044098589542727 ) ) ;
#4716 = CARTESIAN_POINT ( 'NONE',  ( 718.7917400848953093, 919.4506485289006150, 1322.044098589542727 ) ) ;
#4717 = CARTESIAN_POINT ( 'NONE',  ( 713.7046722733583692, 913.0262882109609563, 1307.514119640678018 ) ) ;
#4718 = CARTESIAN_POINT ( 'NONE',  ( 718.2920912272167016, 903.9580586400675202, 1315.877502987165826 ) ) ;
#4719 = CARTESIAN_POINT ( 'NONE',  ( 718.7917400848953093, 919.4506485289006150, 1322.044098589542727 ) ) ;
#4720 = ORIENTED_EDGE ( 'NONE', *, *, #4545, .T. ) ;
#4721 = ORIENTED_EDGE ( 'NONE', *, *, #3665, .T. ) ;
#4722 = CARTESIAN_POINT ( 'NONE',  ( 720.1999277102324868, 906.9121781678747993, 1307.512266668277789 ) ) ;
#4723 = CARTESIAN_POINT ( 'NONE',  ( 713.1737106577927534, 908.9763636694033266, 1312.584103830252161 ) ) ;
#4724 = DIRECTION ( 'NONE',  ( 0.4831144757817217306, -0.6883284430787293129, -0.5411139969904351643 ) ) ;
#4725 = CARTESIAN_POINT ( 'NONE',  ( 714.4106651549991511, 913.4146778647932479, 1307.104806413897222 ) ) ;
#4726 = VECTOR ( 'NONE', #4890, 1000.000000000000000 ) ;
#4727 = CARTESIAN_POINT ( 'NONE',  ( 717.4589697027860211, 914.7347128459264241, 1319.408837987953802 ) ) ;
#4728 = CARTESIAN_POINT ( 'NONE',  ( 717.3180865545779170, 904.0453106481313625, 1315.824067174423817 ) ) ;
#4729 = ORIENTED_EDGE ( 'NONE', *, *, #2710, .T. ) ;
#4730 = EDGE_CURVE ( 'NONE', #3687, #673, #5139, .T. ) ;
#4731 = ORIENTED_EDGE ( 'NONE', *, *, #735, .T. ) ;
#4732 = CIRCLE ( 'NONE', #1194, 8.788285345454690756 ) ;
#4733 = CARTESIAN_POINT ( 'NONE',  ( 716.4718191331345452, 905.9197061894600438, 1315.540941803439637 ) ) ;
#4734 = B_SPLINE_CURVE_WITH_KNOTS ( 'NONE', 3,
 ( #3376, #1296, #2963, #744, #2270, #4382, #2929, #1785, #3343, #1754 ),
 .UNSPECIFIED., .F., .F.,
 ( 4, 3, 3, 4 ),
 ( 0.000000000000000000, 0.0002173289232322726176, 0.0004346578008313279240, 0.0007905002888284270741 ),
 .UNSPECIFIED. ) ;
#4735 = DIRECTION ( 'NONE',  ( -0.07317157541021195033, 0.6515180314347920332, 0.7550961364404676912 ) ) ;
#4736 = CARTESIAN_POINT ( 'NONE',  ( 712.9793543681392975, 913.4198991526164946, 1307.616837100659268 ) ) ;
#4737 = ORIENTED_EDGE ( 'NONE', *, *, #5854, .T. ) ;
#4738 = CARTESIAN_POINT ( 'NONE',  ( 718.7917400848953093, 919.4506485289006150, 1322.044098589542727 ) ) ;
#4739 = CIRCLE ( 'NONE', #98, 5.999999999999937828 ) ;
#4740 = EDGE_CURVE ( 'NONE', #540, #6699, #5970, .T. ) ;
#4741 = CARTESIAN_POINT ( 'NONE',  ( 720.4651349471334925, 915.6780268066811459, 1305.881239076312568 ) ) ;
#4742 = CARTESIAN_POINT ( 'NONE',  ( 721.0544250340515191, 905.5402644936425531, 1316.391260951009144 ) ) ;
#4743 = CARTESIAN_POINT ( 'NONE',  ( 718.7917400848953093, 919.4506485289006150, 1322.044098589542727 ) ) ;
#4744 = CARTESIAN_POINT ( 'NONE',  ( 721.2630733749393812, 904.2001463537986865, 1315.707105946898309 ) ) ;
#4745 = CARTESIAN_POINT ( 'NONE',  ( 718.5360898095899529, 915.5125293186855515, 1305.829558862604017 ) ) ;
#4746 = EDGE_CURVE ( 'NONE', #740, #1939, #2749, .T. ) ;
#4747 = VERTEX_POINT ( 'NONE', #142 ) ;
#4748 = CARTESIAN_POINT ( 'NONE',  ( 718.7917400848953093, 919.4506485289006150, 1322.044098589542727 ) ) ;
#4749 = CARTESIAN_POINT ( 'NONE',  ( 725.9454966205559003, 906.6621288026343564, 1314.036582669134759 ) ) ;
#4750 = DIRECTION ( 'NONE',  ( -0.4681576430257459731, 0.6460862720445167406, -0.6028274631701817654 ) ) ;
#4751 = CARTESIAN_POINT ( 'NONE',  ( 726.5555572064228045, 906.4270440577184900, 1315.116536660593283 ) ) ;
#4752 = ADVANCED_FACE ( 'NONE', ( #5974 ), #145, .F. ) ;
#4753 = ORIENTED_EDGE ( 'NONE', *, *, #3187, .F. ) ;
#4754 = VERTEX_POINT ( 'NONE', #4779 ) ;
#4755 = CARTESIAN_POINT ( 'NONE',  ( 718.7917400848953093, 919.4506485289006150, 1322.044098589542727 ) ) ;
#4756 = CARTESIAN_POINT ( 'NONE',  ( 712.5044398235465906, 913.1609156034891157, 1307.944759628145675 ) ) ;
#4757 = CARTESIAN_POINT ( 'NONE',  ( 714.9486588558364701, 904.5658832996731462, 1315.597647260681242 ) ) ;
#4758 = CARTESIAN_POINT ( 'NONE',  ( 722.1513771752989896, 904.3397510299163287, 1315.827623055583445 ) ) ;
#4759 = CARTESIAN_POINT ( 'NONE',  ( 719.7353845055382635, 911.0484602219646604, 1312.306133372769409 ) ) ;
#4760 = CARTESIAN_POINT ( 'NONE',  ( 716.8134404529214407, 915.4269503167666926, 1318.745808966277991 ) ) ;
#4761 = CARTESIAN_POINT ( 'NONE',  ( 712.5386800265983993, 907.3992115666460450, 1312.350853579746399 ) ) ;
#4762 = VERTEX_POINT ( 'NONE', #4303 ) ;
#4763 = CARTESIAN_POINT ( 'NONE',  ( 715.8320931041932909, 904.7421022025217781, 1314.713209469484354 ) ) ;
#4764 = FACE_OUTER_BOUND ( 'NONE', #5940, .T. ) ;
#4765 = CARTESIAN_POINT ( 'NONE',  ( 719.3824117802817000, 904.0312770432814204, 1315.677979626077558 ) ) ;
#4766 = LINE ( 'NONE', #130, #3416 ) ;
#4767 = ORIENTED_EDGE ( 'NONE', *, *, #6853, .F. ) ;
#4768 = CARTESIAN_POINT ( 'NONE',  ( 714.7929777184403974, 905.3010398149630191, 1314.137357113011831 ) ) ;
#4769 = CARTESIAN_POINT ( 'NONE',  ( 720.3942667816803578, 916.0979389324631939, 1305.794610260172931 ) ) ;
#4770 = CARTESIAN_POINT ( 'NONE',  ( 728.3475246585928744, 911.0862622025075552, 1311.218828402136751 ) ) ;
#4771 = EDGE_CURVE ( 'NONE', #2991, #6316, #258, .T. ) ;
#4772 = CARTESIAN_POINT ( 'NONE',  ( 721.6110813758515405, 916.7094179114644703, 1318.107362113373256 ) ) ;
#4773 = CARTESIAN_POINT ( 'NONE',  ( 725.8902723399553452, 906.0400601680515820, 1315.119047315734178 ) ) ;
#4774 = CARTESIAN_POINT ( 'NONE',  ( 721.6512836075988844, 916.3566261646403746, 1305.918352213473099 ) ) ;
#4775 = DIRECTION ( 'NONE',  ( -0.01282092549215934491, -0.2486999008641136433, -0.9684957321432575705 ) ) ;
#4776 = ORIENTED_EDGE ( 'NONE', *, *, #4854, .T. ) ;
#4777 =( BOUNDED_SURFACE ( )  B_SPLINE_SURFACE ( 3, 3, ( 
 ( #2126, #4242, #6353, #1082 ),
 ( #2686, #4901, #5348, #4790 ),
 ( #4937, #3765, #153, #4381 ),
 ( #1154, #1644, #3238, #570 ) ),
 .UNSPECIFIED., .F., .F., .T. ) 
 B_SPLINE_SURFACE_WITH_KNOTS ( ( 4, 4 ),
 ( 4, 4 ),
 ( 0.000000000000000000, 1.000000000000000000 ),
 ( 0.000000000000000000, 1.000000000000000000 ),
 .UNSPECIFIED. ) 
 GEOMETRIC_REPRESENTATION_ITEM ( )  RATIONAL_B_SPLINE_SURFACE ( (
 ( 1.000000000000000000, 1.000000000000000000, 1.000000000000000000, 1.000000000000000000),
 ( 0.9991685004514068158, 0.9991685004514069268, 0.9991685004514069268, 0.9991685004514068158),
 ( 0.9991685004514068158, 0.9991685004514069268, 0.9991685004514069268, 0.9991685004514068158),
 ( 1.000000000000000000, 1.000000000000000000, 1.000000000000000000, 1.000000000000000000) ) ) 
 REPRESENTATION_ITEM ( '' )  SURFACE ( )  );
#4778 = ADVANCED_FACE ( 'NONE', ( #5307 ), #2115, .F. ) ;
#4779 = CARTESIAN_POINT ( 'NONE',  ( 722.2552288895058155, 910.4267579488782758, 1312.136407400621238 ) ) ;
#4780 = CARTESIAN_POINT ( 'NONE',  ( 718.7917400848953093, 919.4506485289006150, 1322.044098589542727 ) ) ;
#4781 = B_SPLINE_SURFACE_WITH_KNOTS ( 'NONE', 3, 1, ( 
 ( #3293, #3748 ),
 ( #4227, #2181 ),
 ( #3190, #6373 ),
 ( #1737, #3819 ),
 ( #4365, #1626 ),
 ( #6478, #4259 ),
 ( #5784, #6442 ),
 ( #4743, #5270 ) ),
 .UNSPECIFIED., .F., .F., .F.,
 ( 4, 1, 1, 1, 1, 4 ),
 ( 2, 2 ),
 ( 0.000000000000000000, 0.3581071372195973046, 0.4566366301078926271, 0.6536956158844833276, 0.7882359431063625799, 1.000000000000000000 ),
 ( 0.000000000000000000, 1.000000000000000000 ),
 .UNSPECIFIED. ) ;
#4782 = CARTESIAN_POINT ( 'NONE',  ( 718.7917400848950820, 919.4506485289003876, 1322.044098589542955 ) ) ;
#4783 = CARTESIAN_POINT ( 'NONE',  ( 720.4990761337637650, 903.7437957130350696, 1316.735451402629678 ) ) ;
#4784 = ORIENTED_EDGE ( 'NONE', *, *, #3985, .F. ) ;
#4785 = ORIENTED_EDGE ( 'NONE', *, *, #4909, .T. ) ;
#4786 = B_SPLINE_CURVE_WITH_KNOTS ( 'NONE', 3,
 ( #699, #1838, #2363, #3434, #2330, #2854, #3854, #5969 ),
 .UNSPECIFIED., .F., .F.,
 ( 4, 2, 2, 4 ),
 ( 0.000000000000000000, 0.0006560729127576027386, 0.0009841093691362850625, 0.001312145825514967170 ),
 .UNSPECIFIED. ) ;
#4787 = EDGE_CURVE ( 'NONE', #2916, #429, #2149, .T. ) ;
#4788 = CARTESIAN_POINT ( 'NONE',  ( 723.1148136615087196, 904.1705123967868758, 1316.865419956311598 ) ) ;
#4789 = CARTESIAN_POINT ( 'NONE',  ( 714.7829938042738149, 906.8400796139527529, 1314.583370533209290 ) ) ;
#4790 = CARTESIAN_POINT ( 'NONE',  ( 719.1492881758088060, 915.3903684026316796, 1305.856615557277564 ) ) ;
#4791 = CARTESIAN_POINT ( 'NONE',  ( 720.4591393447176415, 915.4576581884880397, 1305.915906241176117 ) ) ;
#4792 = CARTESIAN_POINT ( 'NONE',  ( 713.4241126318946726, 906.5144884921373887, 1312.957711680646071 ) ) ;
#4793 = DIRECTION ( 'NONE',  ( 0.1162306242541731038, -0.7463955445134947686, 0.6552740900691014225 ) ) ;
#4794 = ORIENTED_EDGE ( 'NONE', *, *, #1660, .F. ) ;
#4795 = CIRCLE ( 'NONE', #5134, 8.788285345454690756 ) ;
#4796 = ORIENTED_EDGE ( 'NONE', *, *, #6237, .T. ) ;
#4797 = ORIENTED_EDGE ( 'NONE', *, *, #1145, .T. ) ;
#4798 = CARTESIAN_POINT ( 'NONE',  ( 719.8286610700904475, 910.2179278277214962, 1311.343563233765735 ) ) ;
#4799 = CARTESIAN_POINT ( 'NONE',  ( 717.8868630084097049, 914.5147879854514485, 1319.640059723855529 ) ) ;
#4800 = DIRECTION ( 'NONE',  ( 0.5119867911539812688, -0.5184359830665891122, -0.6849041225935413868 ) ) ;
#4801 = CARTESIAN_POINT ( 'NONE',  ( 719.7353845055382635, 911.0484602219646604, 1312.306133372769409 ) ) ;
#4802 = ORIENTED_EDGE ( 'NONE', *, *, #1775, .T. ) ;
#4803 = CARTESIAN_POINT ( 'NONE',  ( 726.8590687959333536, 907.9565366985981427, 1313.008259874915211 ) ) ;
#4804 = B_SPLINE_SURFACE_WITH_KNOTS ( 'NONE', 3, 1, ( 
 ( #615, #6465 ),
 ( #5399, #4323 ),
 ( #2734, #1205 ),
 ( #1726, #2172 ),
 ( #2805, #19 ),
 ( #92, #1617 ),
 ( #3843, #5293 ),
 ( #6849, #544 ),
 ( #2101, #4833 ),
 ( #5957, #6362 ),
 ( #1092, #3321 ),
 ( #3775, #1126 ) ),
 .UNSPECIFIED., .F., .F., .F.,
 ( 4, 1, 1, 1, 2, 1, 1, 1, 4 ),
 ( 2, 2 ),
 ( 0.000000000000000000, 0.2143883571535014076, 0.4287767143070028153, 0.6431650714605041674, 0.8575534286140056306, 0.8931650714605041674, 0.9287767143070029263, 0.9643883571535014632, 1.000000000000000000 ),
 ( 0.000000000000000000, 1.000000000000000000 ),
 .UNSPECIFIED. ) ;
#4805 = CARTESIAN_POINT ( 'NONE',  ( 719.7353845055382635, 911.0484602219646604, 1312.306133372769409 ) ) ;
#4806 = CARTESIAN_POINT ( 'NONE',  ( 718.7917400848953093, 919.4506485289006150, 1322.044098589542727 ) ) ;
#4807 = DIRECTION ( 'NONE',  ( 0.07317157541021196421, -0.6515180314347921442, -0.7550961364404672471 ) ) ;
#4808 = CARTESIAN_POINT ( 'NONE',  ( 725.2875705420085524, 906.0376080353488533, 1314.511681184288364 ) ) ;
#4809 = CARTESIAN_POINT ( 'NONE',  ( 718.7917400848953093, 919.4506485289006150, 1322.044098589542727 ) ) ;
#4810 = CARTESIAN_POINT ( 'NONE',  ( 718.7917400848953093, 919.4506485289006150, 1322.044098589542727 ) ) ;
#4811 = ORIENTED_EDGE ( 'NONE', *, *, #1601, .F. ) ;
#4812 = EDGE_CURVE ( 'NONE', #1185, #5633, #2246, .T. ) ;
#4813 = DIRECTION ( 'NONE',  ( -0.1162306242541731038, 0.7463955445134947686, -0.6552740900691014225 ) ) ;
#4814 = CARTESIAN_POINT ( 'NONE',  ( 719.8957922313428526, 914.4332081730768778, 1319.901928589563795 ) ) ;
#4815 = CARTESIAN_POINT ( 'NONE',  ( 716.7312470528879658, 916.5779069112455772, 1317.744766636974418 ) ) ;
#4816 = CARTESIAN_POINT ( 'NONE',  ( 718.7917400848953093, 919.4506485289006150, 1322.044098589542727 ) ) ;
#4817 = CARTESIAN_POINT ( 'NONE',  ( 720.3743743324487241, 903.8316985093870244, 1316.444753129727815 ) ) ;
#4818 = ORIENTED_EDGE ( 'NONE', *, *, #2822, .F. ) ;
#4819 = ADVANCED_FACE ( 'NONE', ( #1218 ), #730, .T. ) ;
#4820 = ORIENTED_EDGE ( 'NONE', *, *, #1169, .T. ) ;
#4821 = CARTESIAN_POINT ( 'NONE',  ( 723.0567434160951734, 904.7230127331259837, 1315.429775417209157 ) ) ;
#4822 = CARTESIAN_POINT ( 'NONE',  ( 719.4293255023047777, 915.9138026098960381, 1305.764075100438276 ) ) ;
#4823 = DIRECTION ( 'NONE',  ( 0.4152575319364211204, 0.2817026864341272141, -0.8649883112654576101 ) ) ;
#4824 = CARTESIAN_POINT ( 'NONE',  ( 718.7917400848950820, 919.4506485289003876, 1322.044098589542955 ) ) ;
#4825 = CARTESIAN_POINT ( 'NONE',  ( 719.2830874491472741, 903.8400127513576763, 1316.191619700927276 ) ) ;
#4826 = CARTESIAN_POINT ( 'NONE',  ( 719.7353845055382635, 911.0484602219646604, 1312.306133372769409 ) ) ;
#4827 = CARTESIAN_POINT ( 'NONE',  ( 718.7917400848953093, 919.4506485289006150, 1322.044098589542727 ) ) ;
#4828 = VERTEX_POINT ( 'NONE', #6447 ) ;
#4829 = EDGE_CURVE ( 'NONE', #6284, #1260, #5717, .T. ) ;
#4830 = EDGE_LOOP ( 'NONE', ( #6020, #5843, #2388, #3023 ) ) ;
#4831 = ORIENTED_EDGE ( 'NONE', *, *, #6275, .T. ) ;
#4832 = CARTESIAN_POINT ( 'NONE',  ( 718.7917400848953093, 919.4506485289006150, 1322.044098589542727 ) ) ;
#4833 = CARTESIAN_POINT ( 'NONE',  ( 726.9650133677531585, 912.2249899016489962, 1309.409259424084667 ) ) ;
#4834 = CARTESIAN_POINT ( 'NONE',  ( 718.7917400848950820, 919.4506485289003876, 1322.044098589542955 ) ) ;
#4835 = CIRCLE ( 'NONE', #1855, 7.997732278218547819 ) ;
#4836 = DIRECTION ( 'NONE',  ( 0.09985272054499171046, -0.2391214619122266349, -0.9658417886241635886 ) ) ;
#4837 = ORIENTED_EDGE ( 'NONE', *, *, #4084, .T. ) ;
#4838 = CARTESIAN_POINT ( 'NONE',  ( 726.5721155825066262, 910.3287998847955578, 1312.715538505708992 ) ) ;
#4839 = CC_DESIGN_PERSON_AND_ORGANIZATION_ASSIGNMENT ( #2394, #6614, ( #1930 ) ) ;
#4840 = AXIS2_PLACEMENT_3D ( 'NONE', #2561, #4563, #950 ) ;
#4841 = VECTOR ( 'NONE', #2622, 1000.000000000000000 ) ;
#4842 = CARTESIAN_POINT ( 'NONE',  ( 719.2353933220846329, 915.7654746997800430, 1307.313613007127060 ) ) ;
#4843 = B_SPLINE_SURFACE_WITH_KNOTS ( 'NONE', 3, 1, ( 
 ( #1000, #6825 ),
 ( #1031, #5303 ),
 ( #1529, #2182 ),
 ( #29, #1138 ),
 ( #3644, #6273 ),
 ( #2220, #5755 ),
 ( #2607, #624 ),
 ( #5820, #554 ) ),
 .UNSPECIFIED., .F., .F., .F.,
 ( 4, 1, 1, 1, 1, 4 ),
 ( 2, 2 ),
 ( 0.000000000000000000, 0.3581071372195973046, 0.4566366301078926271, 0.6536956158844833276, 0.7882359431063625799, 1.000000000000000000 ),
 ( 0.000000000000000000, 1.000000000000000000 ),
 .UNSPECIFIED. ) ;
#4844 = DIRECTION ( 'NONE',  ( -0.07317157541021195033, 0.6515180314347920332, 0.7550961364404676912 ) ) ;
#4845 = CARTESIAN_POINT ( 'NONE',  ( 712.2678767750310271, 907.3405640586603340, 1312.631656712442918 ) ) ;
#4846 = DIRECTION ( 'NONE',  ( -0.07317157541021640510, 0.6515180314347921442, 0.7550961364404670251 ) ) ;
#4847 = VECTOR ( 'NONE', #4643, 1000.000000000000114 ) ;
#4848 = CARTESIAN_POINT ( 'NONE',  ( 718.7917400848953093, 919.4506485289006150, 1322.044098589542727 ) ) ;
#4849 = CARTESIAN_POINT ( 'NONE',  ( 722.5763420225725895, 915.2020258110819668, 1306.348746373916356 ) ) ;
#4850 = ORIENTED_EDGE ( 'NONE', *, *, #1573, .F. ) ;
#4851 = B_SPLINE_CURVE_WITH_KNOTS ( 'NONE', 3,
 ( #4289, #4768, #1096, #5328 ),
 .UNSPECIFIED., .F., .F.,
 ( 4, 4 ),
 ( 0.000000000000000000, 0.0008686782177528529734 ),
 .UNSPECIFIED. ) ;
#4852 = CIRCLE ( 'NONE', #1872, 7.997732278218547819 ) ;
#4853 = DIRECTION ( 'NONE',  ( 0.000000000000000000, -0.7571257123220861418, 0.6532692061782597870 ) ) ;
#4854 = EDGE_CURVE ( 'NONE', #886, #6110, #6366, .T. ) ;
#4855 = CARTESIAN_POINT ( 'NONE',  ( 717.0300381188615120, 903.9512744384768439, 1316.174220505457242 ) ) ;
#4856 = DIRECTION ( 'NONE',  ( 0.3508800552994498223, -0.8317721477818436071, -0.4301607617710311304 ) ) ;
#4857 = CARTESIAN_POINT ( 'NONE',  ( 712.6125824474597721, 910.8356602560122610, 1309.150946582761662 ) ) ;
#4858 = CARTESIAN_POINT ( 'NONE',  ( 717.6614355354766985, 917.6714555091638204, 1316.894554093206352 ) ) ;
#4859 = EDGE_LOOP ( 'NONE', ( #1720, #6276, #31, #2569 ) ) ;
#4860 = ORIENTED_EDGE ( 'NONE', *, *, #5421, .F. ) ;
#4861 = CARTESIAN_POINT ( 'NONE',  ( 723.0628421539911415, 904.7183392968345288, 1315.446677736301581 ) ) ;
#4862 = B_SPLINE_CURVE_WITH_KNOTS ( 'NONE', 1,
 ( #1696, #1770 ),
 .UNSPECIFIED., .F., .F.,
 ( 2, 2 ),
 ( 0.000000000000000000, 0.001499999999999985286 ),
 .UNSPECIFIED. ) ;
#4863 = LINE ( 'NONE', #3237, #83 ) ;
#4864 = DIRECTION ( 'NONE',  ( -0.07317157541021640510, 0.6515180314347921442, 0.7550961364404670251 ) ) ;
#4865 = EDGE_CURVE ( 'NONE', #1058, #1621, #583, .T. ) ;
#4866 = CARTESIAN_POINT ( 'NONE',  ( 724.6936139976121467, 914.3547989695217666, 1307.277820041351561 ) ) ;
#4867 = CARTESIAN_POINT ( 'NONE',  ( 718.8421737262322040, 903.5607151795296659, 1316.916326378033091 ) ) ;
#4868 = CARTESIAN_POINT ( 'NONE',  ( 718.3012562466748250, 903.9783987300229455, 1315.839518160020134 ) ) ;
#4869 = CARTESIAN_POINT ( 'NONE',  ( 714.5314619917991195, 914.3158381552436822, 1308.417833604755515 ) ) ;
#4870 = ORIENTED_EDGE ( 'NONE', *, *, #3432, .T. ) ;
#4871 = B_SPLINE_SURFACE_WITH_KNOTS ( 'NONE', 3, 1, ( 
 ( #4695, #3176 ),
 ( #3242, #4761 ),
 ( #4827, #3663 ),
 ( #3734, #86 ),
 ( #5842, #6810 ),
 ( #1087, #4318 ),
 ( #3279, #5392 ),
 ( #5465, #5988 ) ),
 .UNSPECIFIED., .F., .F., .F.,
 ( 4, 1, 1, 1, 1, 4 ),
 ( 2, 2 ),
 ( 0.000000000000000000, 0.3581071372195973046, 0.4566366301078926271, 0.6536956158844833276, 0.7882359431063625799, 1.000000000000000000 ),
 ( 0.000000000000000000, 1.000000000000000000 ),
 .UNSPECIFIED. ) ;
#4872 = VERTEX_POINT ( 'NONE', #3824 ) ;
#4873 = ORIENTED_EDGE ( 'NONE', *, *, #6401, .T. ) ;
#4874 = B_SPLINE_CURVE_WITH_KNOTS ( 'NONE', 3,
 ( #3677, #4849, #3713, #3786 ),
 .UNSPECIFIED., .F., .F.,
 ( 4, 4 ),
 ( 0.000000000000000000, 0.0008686782177528514556 ),
 .UNSPECIFIED. ) ;
#4875 = DIRECTION ( 'NONE',  ( 0.07317157541021193645, -0.6515180314347919222, -0.7550961364404674692 ) ) ;
#4876 = CARTESIAN_POINT ( 'NONE',  ( 718.7917400848953093, 919.4506485289006150, 1322.044098589542727 ) ) ;
#4877 = CARTESIAN_POINT ( 'NONE',  ( 718.7917400848953093, 919.4506485289006150, 1322.044098589542727 ) ) ;
#4878 = ADVANCED_FACE ( 'NONE', ( #3893 ), #3273, .T. ) ;
#4879 = CARTESIAN_POINT ( 'NONE',  ( 720.1999277102324868, 906.9121781678747993, 1307.512266668277789 ) ) ;
#4880 = ORIENTED_EDGE ( 'NONE', *, *, #4545, .F. ) ;
#4881 = CARTESIAN_POINT ( 'NONE',  ( 726.9619973633589325, 908.1709599074002881, 1312.842802872814900 ) ) ;
#4882 = B_SPLINE_CURVE_WITH_KNOTS ( 'NONE', 1,
 ( #1064, #3259 ),
 .UNSPECIFIED., .F., .F.,
 ( 2, 2 ),
 ( 0.000000000000000000, 0.001499999999999655905 ),
 .UNSPECIFIED. ) ;
#4883 = B_SPLINE_CURVE_WITH_KNOTS ( 'NONE', 3,
 ( #4968, #4443, #6554, #3928 ),
 .UNSPECIFIED., .F., .F.,
 ( 4, 4 ),
 ( 0.000000000000000000, 0.0008686782177528510219 ),
 .UNSPECIFIED. ) ;
#4884 = CARTESIAN_POINT ( 'NONE',  ( 719.6384855197760544, 916.5905254584113209, 1305.625658643659563 ) ) ;
#4885 = CARTESIAN_POINT ( 'NONE',  ( 711.7897141272586623, 911.1977274518002332, 1311.407376938643665 ) ) ;
#4886 = EDGE_CURVE ( 'NONE', #5678, #5716, #1255, .T. ) ;
#4887 = CARTESIAN_POINT ( 'NONE',  ( 726.0952402153089906, 912.9154556048841869, 1310.437433300563498 ) ) ;
#4888 = CARTESIAN_POINT ( 'NONE',  ( 725.4179039061490357, 906.0152036191353773, 1314.690989612778594 ) ) ;
#4889 = LINE ( 'NONE', #6574, #2876 ) ;
#4890 = DIRECTION ( 'NONE',  ( 0.4159365729194611783, -0.2110424897462076510, 0.8845664671632853526 ) ) ;
#4891 = VERTEX_POINT ( 'NONE', #5617 ) ;
#4892 = EDGE_CURVE ( 'NONE', #814, #3151, #3436, .T. ) ;
#4893 = CARTESIAN_POINT ( 'NONE',  ( 726.3807283785373556, 909.5736531196929491, 1313.348629850190036 ) ) ;
#4894 = CARTESIAN_POINT ( 'NONE',  ( 719.5202502241693310, 911.7559113455206443, 1318.886411492990192 ) ) ;
#4895 = CARTESIAN_POINT ( 'NONE',  ( 718.7917400848953093, 919.4506485289006150, 1322.044098589542727 ) ) ;
#4896 = CARTESIAN_POINT ( 'NONE',  ( 711.8050991882699918, 911.4400182712072365, 1309.206407535844164 ) ) ;
#4897 = CARTESIAN_POINT ( 'NONE',  ( 725.4080172786582352, 914.0075572447713057, 1309.507323329411292 ) ) ;
#4898 = ORIENTED_EDGE ( 'NONE', *, *, #2951, .T. ) ;
#4899 = ORIENTED_EDGE ( 'NONE', *, *, #3017, .F. ) ;
#4900 = DIRECTION ( 'NONE',  ( 0.7260450249240600895, 0.6701027216903885364, 0.1543404165024655217 ) ) ;
#4901 = CARTESIAN_POINT ( 'NONE',  ( 718.9109227818665886, 918.0972218201443411, 1316.648270912120779 ) ) ;
#4902 = CARTESIAN_POINT ( 'NONE',  ( 718.7917400848953093, 919.4506485289006150, 1322.044098589542727 ) ) ;
#4903 = CARTESIAN_POINT ( 'NONE',  ( 716.2274907188856332, 916.1308604894726386, 1307.464845531995252 ) ) ;
#4904 = CARTESIAN_POINT ( 'NONE',  ( 720.0732537342868227, 908.0400803481887806, 1308.819482336218925 ) ) ;
#4905 = CARTESIAN_POINT ( 'NONE',  ( 714.5208703509900943, 912.4635103290434017, 1314.508631100742832 ) ) ;
#4906 = ORIENTED_EDGE ( 'NONE', *, *, #4361, .T. ) ;
#4907 = ORIENTED_EDGE ( 'NONE', *, *, #586, .F. ) ;
#4908 = B_SPLINE_SURFACE_WITH_KNOTS ( 'NONE', 3, 1, ( 
 ( #436, #6775 ),
 ( #4693, #4145 ),
 ( #984, #3108 ),
 ( #2059, #4177 ),
 ( #3661, #5771 ),
 ( #5254, #2094 ),
 ( #4213, #6323 ),
 ( #3692, #5802 ) ),
 .UNSPECIFIED., .F., .F., .F.,
 ( 4, 1, 1, 1, 1, 4 ),
 ( 2, 2 ),
 ( 0.000000000000000000, 0.3581071372195973046, 0.4566366301078926271, 0.6536956158844833276, 0.7882359431063625799, 1.000000000000000000 ),
 ( 0.000000000000000000, 1.000000000000000000 ),
 .UNSPECIFIED. ) ;
#4909 = EDGE_CURVE ( 'NONE', #5296, #1572, #801, .T. ) ;
#4910 = ORIENTED_EDGE ( 'NONE', *, *, #4571, .F. ) ;
#4911 = DIRECTION ( 'NONE',  ( -0.1162306242541731038, 0.7463955445134947686, -0.6552740900691014225 ) ) ;
#4912 = FACE_OUTER_BOUND ( 'NONE', #3269, .T. ) ;
#4913 = CARTESIAN_POINT ( 'NONE',  ( 718.7917400848953093, 919.4506485289006150, 1322.044098589542727 ) ) ;
#4914 = CARTESIAN_POINT ( 'NONE',  ( 717.5886315942194642, 916.5434258858017529, 1305.668679836057208 ) ) ;
#4915 = VECTOR ( 'NONE', #2339, 1000.000000000000000 ) ;
#4916 = VERTEX_POINT ( 'NONE', #6105 ) ;
#4917 = CARTESIAN_POINT ( 'NONE',  ( 726.8660327125369349, 908.6768124845898456, 1315.043443138194334 ) ) ;
#4918 = EDGE_CURVE ( 'NONE', #282, #955, #3404, .T. ) ;
#4919 = CARTESIAN_POINT ( 'NONE',  ( 718.7917400848953093, 919.4506485289006150, 1322.044098589542727 ) ) ;
#4920 = CARTESIAN_POINT ( 'NONE',  ( 713.9892250142800094, 914.9000467244605943, 1306.737837612320845 ) ) ;
#4921 = CARTESIAN_POINT ( 'NONE',  ( 718.7917400848953093, 919.4506485289006150, 1322.044098589542727 ) ) ;
#4922 = CARTESIAN_POINT ( 'NONE',  ( 720.7913425307970101, 905.0970807841662236, 1317.543475926995143 ) ) ;
#4923 = ORIENTED_EDGE ( 'NONE', *, *, #3179, .F. ) ;
#4924 = DIRECTION ( 'NONE',  ( 0.1162306242541707169, -0.7463955445134997646, 0.6552740900690960935 ) ) ;
#4925 = ORIENTED_EDGE ( 'NONE', *, *, #6521, .F. ) ;
#4926 = EDGE_CURVE ( 'NONE', #4555, #6358, #2839, .T. ) ;
#4927 = AXIS2_PLACEMENT_3D ( 'NONE', #5316, #5461, #2234 ) ;
#4928 = AXIS2_PLACEMENT_3D ( 'NONE', #2490, #5057, #4500 ) ;
#4929 = DIRECTION ( 'NONE',  ( 0.1162306242541809864, -0.7463955445134943245, 0.6552740900691006454 ) ) ;
#4930 = LINE ( 'NONE', #222, #3753 ) ;
#4931 = FACE_OUTER_BOUND ( 'NONE', #197, .T. ) ;
#4932 = CARTESIAN_POINT ( 'NONE',  ( 719.7353845055382635, 911.0484602219646604, 1312.306133372769409 ) ) ;
#4933 = ORIENTED_EDGE ( 'NONE', *, *, #375, .T. ) ;
#4934 = CC_DESIGN_DATE_AND_TIME_ASSIGNMENT ( #826, #5058, ( #3254 ) ) ;
#4935 = EDGE_LOOP ( 'NONE', ( #4164, #4609, #6636, #1658 ) ) ;
#4936 = CARTESIAN_POINT ( 'NONE',  ( 721.9116852666004434, 905.6475842210872997, 1316.568007213571263 ) ) ;
#4937 = CARTESIAN_POINT ( 'NONE',  ( 718.7917400848950820, 919.4506485289003876, 1322.044098589542955 ) ) ;
#4938 = DIRECTION ( 'NONE',  ( -0.3125683575468522490, -0.7976271876933332949, -0.5158409554435235966 ) ) ;
#4939 = CARTESIAN_POINT ( 'NONE',  ( 716.6581065996439293, 915.7176097324932016, 1307.496728632535678 ) ) ;
#4940 = CARTESIAN_POINT ( 'NONE',  ( 718.7917400848953093, 919.4506485289006150, 1322.044098589542727 ) ) ;
#4941 = DIRECTION ( 'NONE',  ( 0.07317157541021193645, -0.6515180314347919222, -0.7550961364404674692 ) ) ;
#4942 = EDGE_LOOP ( 'NONE', ( #5997, #1336, #4490, #2248 ) ) ;
#4943 = ORIENTED_EDGE ( 'NONE', *, *, #1881, .F. ) ;
#4944 = DIRECTION ( 'NONE',  ( -0.1162306242541731038, 0.7463955445134947686, -0.6552740900691014225 ) ) ;
#4945 = DIRECTION ( 'NONE',  ( -0.07317157541021640510, 0.6515180314347921442, 0.7550961364404670251 ) ) ;
#4946 = CARTESIAN_POINT ( 'NONE',  ( -22.48765355008464084, 732.1924741035410307, 1393.753617166750018 ) ) ;
#4947 = CARTESIAN_POINT ( 'NONE',  ( 719.0846875715222950, 914.3112983527618098, 1319.931709839155246 ) ) ;
#4948 = ADVANCED_FACE ( 'NONE', ( #1877, #2293 ), #6042, .F. ) ;
#4949 = ORIENTED_EDGE ( 'NONE', *, *, #1271, .F. ) ;
#4950 = CARTESIAN_POINT ( 'NONE',  ( 715.6429075796379493, 914.8755403575447644, 1306.317111598151996 ) ) ;
#4951 = B_SPLINE_CURVE_WITH_KNOTS ( 'NONE', 3,
 ( #5195, #473, #4218, #3559, #6328, #920, #6297, #3180 ),
 .UNSPECIFIED., .F., .F.,
 ( 4, 2, 2, 4 ),
 ( 0.000000000000000000, 0.0002966949978378551111, 0.0005933899956757102221, 0.001186779991351590881 ),
 .UNSPECIFIED. ) ;
#4952 = CARTESIAN_POINT ( 'NONE',  ( 719.0457272465965843, 915.7425664077250076, 1307.314922737315555 ) ) ;
#4953 = DIRECTION ( 'NONE',  ( -0.1372444610069447346, 0.9721565185376008777, -0.1899359402213401105 ) ) ;
#4954 = CARTESIAN_POINT ( 'NONE',  ( 725.8199933971620794, 913.3440294928600451, 1310.041106564264737 ) ) ;
#4955 = APPLICATION_CONTEXT ( 'configuration controlled 3d designs of mechanical parts and assemblies' ) ;
#4956 = DIRECTION ( 'NONE',  ( -0.9670592738890173568, -0.2314397642216914908, 0.1059811130449862665 ) ) ;
#4957 = ADVANCED_FACE ( 'NONE', ( #5066 ), #3498, .F. ) ;
#4958 = B_SPLINE_CURVE_WITH_KNOTS ( 'NONE', 3,
 ( #960, #3087, #4708, #6857, #3153, #1623, #4641, #5718 ),
 .UNSPECIFIED., .F., .F.,
 ( 4, 2, 2, 4 ),
 ( 0.000000000000000000, 0.0002966949978380513516, 0.0005933899956761027033, 0.001186779991352155533 ),
 .UNSPECIFIED. ) ;
#4959 = VERTEX_POINT ( 'NONE', #5584 ) ;
#4960 = CIRCLE ( 'NONE', #3396, 5.999999999999937828 ) ;
#4961 = FACE_OUTER_BOUND ( 'NONE', #647, .T. ) ;
#4962 = ORIENTED_EDGE ( 'NONE', *, *, #6310, .F. ) ;
#4963 =( BOUNDED_SURFACE ( )  B_SPLINE_SURFACE ( 3, 3, ( 
 ( #2127, #5428, #1192, #6354 ),
 ( #5350, #13, #1577, #45 ),
 ( #4824, #2202, #680, #3800 ),
 ( #3691, #1047, #3173, #4791 ) ),
 .UNSPECIFIED., .F., .F., .F. ) 
 B_SPLINE_SURFACE_WITH_KNOTS ( ( 4, 4 ),
 ( 4, 4 ),
 ( 0.000000000000000000, 1.000000000000000000 ),
 ( 0.000000000000000000, 1.000000000000000000 ),
 .UNSPECIFIED. ) 
 GEOMETRIC_REPRESENTATION_ITEM ( )  RATIONAL_B_SPLINE_SURFACE ( (
 ( 1.000000000000000000, 1.000000000000000000, 1.000000000000000000, 1.000000000000000000),
 ( 0.9991685004514068158, 0.9991685004514069268, 0.9991685004514069268, 0.9991685004514068158),
 ( 0.9991685004514068158, 0.9991685004514069268, 0.9991685004514069268, 0.9991685004514068158),
 ( 1.000000000000000000, 1.000000000000000000, 1.000000000000000000, 1.000000000000000000) ) ) 
 REPRESENTATION_ITEM ( '' )  SURFACE ( )  );
#4964 = VECTOR ( 'NONE', #263, 1000.000000000000000 ) ;
#4965 = CARTESIAN_POINT ( 'NONE',  ( 719.8863584995044675, 909.7041912377968629, 1310.748152983421733 ) ) ;
#4966 = ADVANCED_FACE ( 'NONE', ( #2333 ), #4375, .T. ) ;
#4967 = DIRECTION ( 'NONE',  ( -0.07317157541021195033, 0.6515180314347920332, 0.7550961364404676912 ) ) ;
#4968 = CARTESIAN_POINT ( 'NONE',  ( 715.1749935274909831, 913.9645750074090529, 1306.699538564030718 ) ) ;
#4969 = ORIENTED_EDGE ( 'NONE', *, *, #6469, .F. ) ;
#4970 = AXIS2_PLACEMENT_3D ( 'NONE', #2424, #4530, #6643 ) ;
#4971 = ORIENTED_EDGE ( 'NONE', *, *, #1573, .T. ) ;
#4972 = CARTESIAN_POINT ( 'NONE',  ( 720.7913425307970101, 905.0970807841662236, 1317.543475926995143 ) ) ;
#4973 = CARTESIAN_POINT ( 'NONE',  ( 718.7917400848953093, 919.4506485289006150, 1322.044098589542727 ) ) ;
#4974 = CARTESIAN_POINT ( 'NONE',  ( 718.7917400848953093, 919.4506485289006150, 1322.044098589542727 ) ) ;
#4975 = CLOSED_SHELL ( 'NONE', ( #1419, #5674, #4878, #250, #3566, #1815, #277, #3931, #6340, #5942, #4966, #508, #4819, #5406, #2810, #6691, #5484, #2924, #816, #72, #4645, #6194, #3572, #1557, #1518, #2038, #6034, #6115, #1223, #514, #6183, #888, #4948, #1641, #5062, #5882, #4465, #5013, #4778, #6656, #3263, #3426, #2847, #5598, #6575, #2766, #790, #3271, #1358, #1448, #3211, #1319, #6318, #4298, #5647, #1840, #6737, #4752, #4061, #6683, #2517, #5136, #2492, #3686, #3342, #348, #3086, #6106, #627, #3746, #1780, #2348, #3501, #5184, #2069, #1503, #5099, #5804, #800, #6483, #3465, #2672, #4017, #3866, #3532, #5397, #961, #5440, #3052, #1262, #3632, #32, #5972, #2636, #1735, #6074, #1857, #3905, #2552, #4610, #953, #6124, #3360, #294, #4580, #41, #50, #1232, #1106, #1584, #4957, #4165, #85, #5627, #3549, #5092, #5687, #4590, #1868, #3225, #4239, #2774, #2108, #5261, #3257, #3836, #4327, #726, #453, #549, #2332, #5226, #4473, #3, #1187, #3812, #4623, #1211, #196, #2378, #4287, #4280, #6388, #979, #4540, #5681, #3590, #2719, #1469, #1429, #6620, #304, #5891, #116 ) ) ;
#4976 = CARTESIAN_POINT ( 'NONE',  ( 718.7917400848950820, 919.4506485289003876, 1322.044098589542955 ) ) ;
#4977 = EDGE_CURVE ( 'NONE', #6174, #814, #4148, .T. ) ;
#4978 = CARTESIAN_POINT ( 'NONE',  ( 714.9819697139857908, 914.2344940638041635, 1306.668621723506931 ) ) ;
#4979 = FACE_OUTER_BOUND ( 'NONE', #854, .T. ) ;
#4980 = CARTESIAN_POINT ( 'NONE',  ( 718.7917400848953093, 919.4506485289006150, 1322.044098589542727 ) ) ;
#4981 = VERTEX_POINT ( 'NONE', #2857 ) ;
#4982 = EDGE_LOOP ( 'NONE', ( #6218, #932, #2021, #346 ) ) ;
#4983 = CARTESIAN_POINT ( 'NONE',  ( 717.9235244236613198, 905.5351016938237763, 1316.013470678299882 ) ) ;
#4984 = DIRECTION ( 'NONE',  ( 0.000000000000000000, -0.7571257123220515028, 0.6532692061782998660 ) ) ;
#4985 = CARTESIAN_POINT ( 'NONE',  ( 718.7917400848953093, 919.4506485289006150, 1322.044098589542727 ) ) ;
#4986 = FACE_OUTER_BOUND ( 'NONE', #5613, .T. ) ;
#4987 = ORIENTED_EDGE ( 'NONE', *, *, #4321, .F. ) ;
#4988 = CARTESIAN_POINT ( 'NONE',  ( 727.3075894525306921, 907.9816815845413203, 1313.452736219075177 ) ) ;
#4989 = LINE ( 'NONE', #242, #6241 ) ;
#4990 = CARTESIAN_POINT ( 'NONE',  ( 727.4425298389737691, 910.8536457721131683, 1310.656854468363690 ) ) ;
#4991 = CARTESIAN_POINT ( 'NONE',  ( 722.5515724562968671, 904.1600237647871836, 1316.534099071342780 ) ) ;
#4992 = CARTESIAN_POINT ( 'NONE',  ( 717.5527732388540016, 915.1684562070043967, 1305.957474034853021 ) ) ;
#4993 = ORIENTED_EDGE ( 'NONE', *, *, #2241, .T. ) ;
#4994 = CARTESIAN_POINT ( 'NONE',  ( 721.8617455677792805, 909.1280380009877717, 1318.516187983258760 ) ) ;
#4995 = ORIENTED_EDGE ( 'NONE', *, *, #1046, .T. ) ;
#4996 = EDGE_CURVE ( 'NONE', #5655, #6688, #343, .T. ) ;
#4997 = CARTESIAN_POINT ( 'NONE',  ( 721.3055855580554407, 912.2609404899098990, 1318.623663764086359 ) ) ;
#4998 = DIRECTION ( 'NONE',  ( 0.2187664664086862998, -0.2883809215350622290, 0.9321897217142255387 ) ) ;
#4999 = CARTESIAN_POINT ( 'NONE',  ( 718.7917400848953093, 919.4506485289006150, 1322.044098589542727 ) ) ;
#5000 = VERTEX_POINT ( 'NONE', #2402 ) ;
#5001 = ORIENTED_EDGE ( 'NONE', *, *, #469, .T. ) ;
#5002 = EDGE_CURVE ( 'NONE', #5224, #2802, #2397, .T. ) ;
#5003 = CARTESIAN_POINT ( 'NONE',  ( 721.5925959090674269, 916.2424293721845743, 1305.917705260084176 ) ) ;
#5004 = B_SPLINE_CURVE_WITH_KNOTS ( 'NONE', 3,
 ( #5311, #563, #4783, #4817, #495, #528, #2681, #38 ),
 .UNSPECIFIED., .F., .F.,
 ( 4, 2, 2, 4 ),
 ( 0.000000000000000000, 0.0006560729127577291566, 0.0009841093691362989403, 0.001312145825514868941 ),
 .UNSPECIFIED. ) ;
#5005 = FACE_OUTER_BOUND ( 'NONE', #6500, .T. ) ;
#5006 = DIRECTION ( 'NONE',  ( 0.000000000000000000, 0.7571257123220515028, -0.6532692061782998660 ) ) ;
#5007 = CARTESIAN_POINT ( 'NONE',  ( 727.3083644221995883, 908.6404934769773263, 1312.616553292968774 ) ) ;
#5008 = CARTESIAN_POINT ( 'NONE',  ( 721.6640042048488795, 917.0165113160670671, 1307.343622537751344 ) ) ;
#5009 = CARTESIAN_POINT ( 'NONE',  ( 719.4952054422785750, 913.1870090998544356, 1314.784667990955313 ) ) ;
#5010 = CARTESIAN_POINT ( 'NONE',  ( 716.6563052179427586, 915.9570794289719515, 1318.276364845142552 ) ) ;
#5011 = ORIENTED_EDGE ( 'NONE', *, *, #592, .F. ) ;
#5012 = ORIENTED_EDGE ( 'NONE', *, *, #1129, .T. ) ;
#5013 = ADVANCED_FACE ( 'NONE', ( #1804 ), #3744, .F. ) ;
#5014 = CARTESIAN_POINT ( 'NONE',  ( 718.2928007354538522, 905.4813634342801834, 1316.095697910727949 ) ) ;
#5015 = CARTESIAN_POINT ( 'NONE',  ( 717.1286653168048133, 917.2459801987311039, 1311.053147998645727 ) ) ;
#5016 = CARTESIAN_POINT ( 'NONE',  ( 713.5322748978263689, 907.0784312637669018, 1315.014357979521719 ) ) ;
#5017 = CARTESIAN_POINT ( 'NONE',  ( 718.7917400848953093, 919.4506485289006150, 1322.044098589542727 ) ) ;
#5018 = LINE ( 'NONE', #3947, #5298 ) ;
#5019 = ORIENTED_EDGE ( 'NONE', *, *, #5306, .F. ) ;
#5020 = DIRECTION ( 'NONE',  ( -0.8440176850900437122, 0.05425790651291854255, 0.5335637045715152516 ) ) ;
#5021 = CARTESIAN_POINT ( 'NONE',  ( 724.2404366747065296, 916.1788233402135120, 1306.627853317241716 ) ) ;
#5022 = B_SPLINE_SURFACE_WITH_KNOTS ( 'NONE', 3, 1, ( 
 ( #1297, #842 ),
 ( #2930, #3969 ),
 ( #358, #5564 ),
 ( #811, #5040 ),
 ( #2964, #5629 ),
 ( #5077, #329 ),
 ( #2445, #4551 ),
 ( #3509, #6663 ),
 ( #1919, #6180 ),
 ( #1431, #4033 ),
 ( #5144, #1568 ),
 ( #5761, #4234 ) ),
 .UNSPECIFIED., .F., .F., .F.,
 ( 4, 1, 1, 1, 2, 1, 1, 1, 4 ),
 ( 2, 2 ),
 ( 0.000000000000000000, 0.2143883571535014076, 0.4287767143070028153, 0.6431650714605041674, 0.8575534286140056306, 0.8931650714605041674, 0.9287767143070029263, 0.9643883571535014632, 1.000000000000000000 ),
 ( 0.000000000000000000, 1.000000000000000000 ),
 .UNSPECIFIED. ) ;
#5023 = APPROVAL_ROLE ( '' ) ;
#5024 = CARTESIAN_POINT ( 'NONE',  ( 722.8774384773613519, 904.0896261318291636, 1316.912208361420653 ) ) ;
#5025 = ORIENTED_EDGE ( 'NONE', *, *, #6821, .T. ) ;
#5026 = B_SPLINE_CURVE_WITH_KNOTS ( 'NONE', 3,
 ( #3182, #3115, #4667, #6782, #1093, #5230, #5294, #545 ),
 .UNSPECIFIED., .F., .F.,
 ( 4, 2, 2, 4 ),
 ( 0.000000000000000000, 0.0006560729127572668528, 0.0009841093691359001708, 0.001312145825514533706 ),
 .UNSPECIFIED. ) ;
#5027 = LOCAL_TIME ( 21, 36, 40.00000000000000000, #6648 ) ;
#5028 = ORIENTED_EDGE ( 'NONE', *, *, #4367, .F. ) ;
#5029 = DIRECTION ( 'NONE',  ( -0.07317157541021195033, 0.6515180314347920332, 0.7550961364404676912 ) ) ;
#5030 = DIRECTION ( 'NONE',  ( -0.1162306242541731038, 0.7463955445134947686, -0.6552740900691014225 ) ) ;
#5031 = CARTESIAN_POINT ( 'NONE',  ( 725.3291468564860907, 913.9193326368350654, 1309.497154123396740 ) ) ;
#5032 = EDGE_CURVE ( 'NONE', #1980, #1151, #982, .T. ) ;
#5033 = ORIENTED_EDGE ( 'NONE', *, *, #4073, .T. ) ;
#5034 = ORIENTED_EDGE ( 'NONE', *, *, #3942, .F. ) ;
#5035 = CIRCLE ( 'NONE', #5485, 5.999999999999937828 ) ;
#5036 = CARTESIAN_POINT ( 'NONE',  ( 721.3610782603024063, 915.7374751904866343, 1305.983120737521858 ) ) ;
#5037 = CARTESIAN_POINT ( 'NONE',  ( 723.1846118471610225, 915.2922696204074100, 1306.499428557405054 ) ) ;
#5038 = CARTESIAN_POINT ( 'NONE',  ( 718.7917400848953093, 919.4506485289006150, 1322.044098589542727 ) ) ;
#5039 = CARTESIAN_POINT ( 'NONE',  ( 715.8332046015856349, 904.7476260068788179, 1314.715962589770243 ) ) ;
#5040 = CARTESIAN_POINT ( 'NONE',  ( 723.5483101200936744, 915.8144910416600624, 1306.476458256147225 ) ) ;
#5041 = FACE_OUTER_BOUND ( 'NONE', #3464, .T. ) ;
#5042 = EDGE_CURVE ( 'NONE', #3983, #4320, #4159, .T. ) ;
#5043 = CARTESIAN_POINT ( 'NONE',  ( 724.2621213476685398, 906.2797591406384754, 1316.859359169182198 ) ) ;
#5044 = B_SPLINE_CURVE_WITH_KNOTS ( 'NONE', 1,
 ( #155, #5463 ),
 .UNSPECIFIED., .F., .F.,
 ( 2, 2 ),
 ( 0.000000000000000000, 0.001499999999999957964 ),
 .UNSPECIFIED. ) ;
#5045 = ORIENTED_EDGE ( 'NONE', *, *, #6401, .F. ) ;
#5046 = B_SPLINE_CURVE_WITH_KNOTS ( 'NONE', 3,
 ( #6182, #2998, #3577, #5661, #1500, #3612, #2614, #5213 ),
 .UNSPECIFIED., .F., .F.,
 ( 4, 2, 2, 4 ),
 ( 0.000000000000000000, 0.0006957517735686754657, 0.001043627660353013253, 0.001391503547137350931 ),
 .UNSPECIFIED. ) ;
#5047 = ORIENTED_EDGE ( 'NONE', *, *, #3243, .F. ) ;
#5048 = VECTOR ( 'NONE', #3993, 1000.000000000000227 ) ;
#5049 = CARTESIAN_POINT ( 'NONE',  ( 721.1871766326330544, 917.4238637948502628, 1317.446647277922693 ) ) ;
#5050 = CARTESIAN_POINT ( 'NONE',  ( 718.3736108277187213, 905.2350411245473651, 1316.769832961943166 ) ) ;
#5051 = FACE_OUTER_BOUND ( 'NONE', #2747, .T. ) ;
#5052 = CARTESIAN_POINT ( 'NONE',  ( 715.6941139838339723, 913.7224354012956837, 1316.818873039692562 ) ) ;
#5053 = FACE_OUTER_BOUND ( 'NONE', #4191, .T. ) ;
#5054 = EDGE_CURVE ( 'NONE', #5723, #1151, #1382, .T. ) ;
#5055 = ORIENTED_EDGE ( 'NONE', *, *, #2975, .T. ) ;
#5056 = CARTESIAN_POINT ( 'NONE',  ( 718.7917400848953093, 919.4506485289006150, 1322.044098589542727 ) ) ;
#5057 = DIRECTION ( 'NONE',  ( 0.07317157541021193645, -0.6515180314347919222, -0.7550961364404674692 ) ) ;
#5058 = DATE_TIME_ROLE ( 'classification_date' ) ;
#5059 = AXIS2_PLACEMENT_3D ( 'NONE', #6259, #6293, #3622 ) ;
#5060 = CARTESIAN_POINT ( 'NONE',  ( 716.3770898878275375, 903.9967638803580030, 1316.220569971505711 ) ) ;
#5061 = ORIENTED_EDGE ( 'NONE', *, *, #2123, .F. ) ;
#5062 = ADVANCED_FACE ( 'NONE', ( #4095 ), #484, .F. ) ;
#5063 = CARTESIAN_POINT ( 'NONE',  ( 716.6879768433975642, 915.9846895649437784, 1311.680459872058236 ) ) ;
#5064 = ORIENTED_EDGE ( 'NONE', *, *, #5084, .F. ) ;
#5065 = AXIS2_PLACEMENT_3D ( 'NONE', #2825, #5586, #3895 ) ;
#5066 = FACE_OUTER_BOUND ( 'NONE', #1748, .T. ) ;
#5067 = CARTESIAN_POINT ( 'NONE',  ( 718.7917400848953093, 919.4506485289006150, 1322.044098589542727 ) ) ;
#5068 = CARTESIAN_POINT ( 'NONE',  ( 718.7917400848953093, 919.4506485289006150, 1322.044098589542727 ) ) ;
#5069 = EDGE_LOOP ( 'NONE', ( #2315, #4714, #2861, #634 ) ) ;
#5070 = ORIENTED_EDGE ( 'NONE', *, *, #4865, .F. ) ;
#5071 = CIRCLE ( 'NONE', #4405, 7.997732278218547819 ) ;
#5072 = B_SPLINE_CURVE_WITH_KNOTS ( 'NONE', 3,
 ( #1765, #5921, #3286, #5402, #3215, #3882, #3183, #579 ),
 .UNSPECIFIED., .F., .F.,
 ( 4, 2, 2, 4 ),
 ( 0.000000000000000000, 0.0002966949978379674344, 0.0005933899956759348688, 0.001186779991351869738 ),
 .UNSPECIFIED. ) ;
#5073 = CARTESIAN_POINT ( 'NONE',  ( 722.0069054504426731, 905.6078922256706392, 1316.737993353829552 ) ) ;
#5074 = DIRECTION ( 'NONE',  ( -0.4363922067924346226, -0.8970639535411834009, 0.06955648861098666369 ) ) ;
#5075 = CARTESIAN_POINT ( 'NONE',  ( 712.7483153865618988, 911.7028342253495339, 1308.555813673851617 ) ) ;
#5076 = CARTESIAN_POINT ( 'NONE',  ( 717.5886315942194642, 916.5434258858017529, 1305.668679836057208 ) ) ;
#5077 = CARTESIAN_POINT ( 'NONE',  ( 718.7917400848953093, 919.4506485289006150, 1322.044098589542727 ) ) ;
#5078 = AXIS2_PLACEMENT_3D ( 'NONE', #252, #3994, #4409 ) ;
#5079 = DIRECTION ( 'NONE',  ( -0.1162306242541731038, 0.7463955445134947686, -0.6552740900691014225 ) ) ;
#5080 = CARTESIAN_POINT ( 'NONE',  ( 726.5503221384524295, 911.6830113764033285, 1311.544919696656507 ) ) ;
#5081 = ORIENTED_EDGE ( 'NONE', *, *, #268, .F. ) ;
#5082 = ORIENTED_EDGE ( 'NONE', *, *, #6446, .F. ) ;
#5083 = AXIS2_PLACEMENT_3D ( 'NONE', #907, #298, #1365 ) ;
#5084 = EDGE_CURVE ( 'NONE', #5741, #2488, #5955, .T. ) ;
#5085 = CARTESIAN_POINT ( 'NONE',  ( 723.5826131803710268, 915.3970790608001380, 1312.849195966302887 ) ) ;
#5086 = CARTESIAN_POINT ( 'NONE',  ( 726.4412498948358916, 906.1676034535729514, 1315.479080228309840 ) ) ;
#5087 = CARTESIAN_POINT ( 'NONE',  ( 712.9717231043906622, 907.9512930387184042, 1314.047056531255294 ) ) ;
#5088 = DIRECTION ( 'NONE',  ( 0.5105444433640062840, -0.6480342885958192412, -0.5651512471491568768 ) ) ;
#5089 = DIRECTION ( 'NONE',  ( -0.7143735209067982872, -0.03784322366172564872, -0.6987405548915226472 ) ) ;
#5090 = ORIENTED_EDGE ( 'NONE', *, *, #6015, .F. ) ;
#5091 = DIRECTION ( 'NONE',  ( 0.07317157541021193645, -0.6515180314347919222, -0.7550961364404674692 ) ) ;
#5092 = ADVANCED_FACE ( 'NONE', ( #2606 ), #5965, .F. ) ;
#5093 = CARTESIAN_POINT ( 'NONE',  ( 716.6096679883314664, 905.6219819513813718, 1316.202824308692925 ) ) ;
#5094 = SHAPE_DEFINITION_REPRESENTATION ( #2752, #341 ) ;
#5095 = CARTESIAN_POINT ( 'NONE',  ( 718.7917400848953093, 919.4506485289006150, 1322.044098589542727 ) ) ;
#5096 = ORIENTED_EDGE ( 'NONE', *, *, #2463, .T. ) ;
#5097 = CARTESIAN_POINT ( 'NONE',  ( 726.4394205988385238, 914.6506500252371552, 1309.847709024738833 ) ) ;
#5098 = ORIENTED_EDGE ( 'NONE', *, *, #633, .T. ) ;
#5099 = ADVANCED_FACE ( 'NONE', ( #5719 ), #1188, .F. ) ;
#5100 = CARTESIAN_POINT ( 'NONE',  ( 718.7917400848953093, 919.4506485289006150, 1322.044098589542727 ) ) ;
#5101 = CARTESIAN_POINT ( 'NONE',  ( 727.0968252856267782, 907.3718562011162021, 1314.086855900269711 ) ) ;
#5102 = LINE ( 'NONE', #6724, #5951 ) ;
#5103 = ORIENTED_EDGE ( 'NONE', *, *, #1693, .F. ) ;
#5104 = ORIENTED_EDGE ( 'NONE', *, *, #2710, .F. ) ;
#5105 = CARTESIAN_POINT ( 'NONE',  ( 721.3174750503746964, 915.4106104551295857, 1306.039676206250306 ) ) ;
#5106 = CARTESIAN_POINT ( 'NONE',  ( 718.7917400848950820, 919.4506485289003876, 1322.044098589542955 ) ) ;
#5107 = CARTESIAN_POINT ( 'NONE',  ( 718.7917400848950820, 919.4506485289003876, 1322.044098589542955 ) ) ;
#5108 = CARTESIAN_POINT ( 'NONE',  ( 723.5707005128605260, 904.9518515907908522, 1315.291710357489592 ) ) ;
#5109 = DIRECTION ( 'NONE',  ( -0.2418078266459089964, -0.9597974482736995050, 0.1425406372234852004 ) ) ;
#5110 = CARTESIAN_POINT ( 'NONE',  ( 713.6129258053479134, 912.9903187116331083, 1309.321758765627237 ) ) ;
#5111 = DIRECTION ( 'NONE',  ( -0.1865128475888083726, 0.9643089906894377616, -0.1879391607936766462 ) ) ;
#5112 = EDGE_LOOP ( 'NONE', ( #96, #618, #769, #6445 ) ) ;
#5113 = ORIENTED_EDGE ( 'NONE', *, *, #2031, .T. ) ;
#5114 = B_SPLINE_CURVE_WITH_KNOTS ( 'NONE', 3,
 ( #2915, #1378, #2460, #1871, #6678, #2396, #4018, #1935 ),
 .UNSPECIFIED., .F., .F.,
 ( 4, 2, 2, 4 ),
 ( 0.000000000000000000, 0.0006957517735689093281, 0.001043627660353160704, 0.001391503547137412080 ),
 .UNSPECIFIED. ) ;
#5115 = CARTESIAN_POINT ( 'NONE',  ( 723.4674024580883724, 915.5120664326082078, 1312.745203428002469 ) ) ;
#5116 = CARTESIAN_POINT ( 'NONE',  ( 715.7010005368842940, 915.1415361024181720, 1315.595100660690150 ) ) ;
#5117 = CARTESIAN_POINT ( 'NONE',  ( 713.3931073914002354, 907.8583998203466763, 1313.879180992940519 ) ) ;
#5118 = CARTESIAN_POINT ( 'NONE',  ( 718.7917400848953093, 919.4506485289006150, 1322.044098589542727 ) ) ;
#5119 = CARTESIAN_POINT ( 'NONE',  ( 718.7917400848953093, 919.4506485289006150, 1322.044098589542727 ) ) ;
#5120 = CARTESIAN_POINT ( 'NONE',  ( 716.9183065523636742, 916.7968876870463646, 1314.358452238920790 ) ) ;
#5121 = VERTEX_POINT ( 'NONE', #1593 ) ;
#5122 = CARTESIAN_POINT ( 'NONE',  ( 716.0202943572974164, 914.7709492468363806, 1307.860162498037880 ) ) ;
#5123 = EDGE_CURVE ( 'NONE', #3085, #6069, #6696, .T. ) ;
#5124 = CARTESIAN_POINT ( 'NONE',  ( 716.5882734159225720, 905.4762107296238582, 1316.573247066880185 ) ) ;
#5125 = APPLICATION_PROTOCOL_DEFINITION ( 'international standard', 'config_control_design', 1994, #4955 ) ;
#5126 = B_SPLINE_CURVE_WITH_KNOTS ( 'NONE', 1,
 ( #6475, #2286 ),
 .UNSPECIFIED., .F., .F.,
 ( 2, 2 ),
 ( 0.000000000000000000, 0.001499999999999958181 ),
 .UNSPECIFIED. ) ;
#5127 = CARTESIAN_POINT ( 'NONE',  ( 718.7917400848953093, 919.4506485289006150, 1322.044098589542727 ) ) ;
#5128 = ORIENTED_EDGE ( 'NONE', *, *, #6836, .T. ) ;
#5129 = CARTESIAN_POINT ( 'NONE',  ( 712.5272812294163032, 910.4702988905497705, 1311.541659822260044 ) ) ;
#5130 = EDGE_CURVE ( 'NONE', #4544, #2844, #4882, .T. ) ;
#5131 = ORIENTED_EDGE ( 'NONE', *, *, #168, .F. ) ;
#5132 = DIRECTION ( 'NONE',  ( -0.07317157541021195033, 0.6515180314347920332, 0.7550961364404676912 ) ) ;
#5133 = CARTESIAN_POINT ( 'NONE',  ( 718.7917400848953093, 919.4506485289006150, 1322.044098589542727 ) ) ;
#5134 = AXIS2_PLACEMENT_3D ( 'NONE', #934, #1427, #3024 ) ;
#5135 = CARTESIAN_POINT ( 'NONE',  ( 724.9692786775522109, 905.3362404336839973, 1315.655082516652783 ) ) ;
#5136 = ADVANCED_FACE ( 'NONE', ( #2254 ), #4781, .F. ) ;
#5137 = ORIENTED_EDGE ( 'NONE', *, *, #4455, .T. ) ;
#5138 = ORIENTED_EDGE ( 'NONE', *, *, #3896, .F. ) ;
#5139 = B_SPLINE_CURVE_WITH_KNOTS ( 'NONE', 1,
 ( #1034, #3161 ),
 .UNSPECIFIED., .F., .F.,
 ( 2, 2 ),
 ( 0.000000000000000000, 0.001500000000000184779 ),
 .UNSPECIFIED. ) ;
#5140 = CARTESIAN_POINT ( 'NONE',  ( 718.7917400848953093, 919.4506485289006150, 1322.044098589542727 ) ) ;
#5141 = CARTESIAN_POINT ( 'NONE',  ( 713.9810266707819437, 905.5275137782451793, 1314.221807626179952 ) ) ;
#5142 = B_SPLINE_SURFACE_WITH_KNOTS ( 'NONE', 3, 1, ( 
 ( #2615, #3100 ),
 ( #2051, #73 ),
 ( #2119, #2715 ),
 ( #4719, #6833 ),
 ( #1602, #3722 ),
 ( #5871, #2193 ),
 ( #5730, #4020 ),
 ( #829, #1224 ) ),
 .UNSPECIFIED., .F., .F., .F.,
 ( 4, 1, 1, 1, 1, 4 ),
 ( 2, 2 ),
 ( 0.000000000000000000, 0.3581071372195973046, 0.4566366301078926271, 0.6536956158844833276, 0.7882359431063625799, 1.000000000000000000 ),
 ( 0.000000000000000000, 1.000000000000000000 ),
 .UNSPECIFIED. ) ;
#5143 = CARTESIAN_POINT ( 'NONE',  ( 722.3607181893949019, 916.0959504317427218, 1306.100517703440801 ) ) ;
#5144 = CARTESIAN_POINT ( 'NONE',  ( 718.7917400848953093, 919.4506485289006150, 1322.044098589542727 ) ) ;
#5145 = CARTESIAN_POINT ( 'NONE',  ( 715.2931367847101001, 905.9048294227387714, 1316.178267462631538 ) ) ;
#5146 = LINE ( 'NONE', #2999, #6503 ) ;
#5147 = CC_DESIGN_DATE_AND_TIME_ASSIGNMENT ( #280, #5611, ( #1546 ) ) ;
#5148 = ORIENTED_EDGE ( 'NONE', *, *, #4022, .T. ) ;
#5149 = EDGE_LOOP ( 'NONE', ( #6600, #5104, #2593, #1130 ) ) ;
#5150 = CARTESIAN_POINT ( 'NONE',  ( 716.4503765219878915, 904.3680031043958252, 1315.323999616626452 ) ) ;
#5151 = DIRECTION ( 'NONE',  ( -0.1003146803983626240, 0.2261566297760597144, 0.9689118348461375207 ) ) ;
#5152 = CARTESIAN_POINT ( 'NONE',  ( 726.9551135468244638, 909.7893668374198342, 1313.671812542124144 ) ) ;
#5153 = VECTOR ( 'NONE', #6385, 1000.000000000000000 ) ;
#5154 = CARTESIAN_POINT ( 'NONE',  ( 718.7917400848953093, 919.4506485289006150, 1322.044098589542727 ) ) ;
#5155 = CARTESIAN_POINT ( 'NONE',  ( 718.7917400848953093, 919.4506485289006150, 1322.044098589542727 ) ) ;
#5156 = CARTESIAN_POINT ( 'NONE',  ( 712.7186437462154345, 909.7784265690359007, 1312.048795820471469 ) ) ;
#5157 = ORIENTED_EDGE ( 'NONE', *, *, #989, .T. ) ;
#5158 = PLANE ( 'NONE',  #1964 ) ;
#5159 = CARTESIAN_POINT ( 'NONE',  ( 718.7917400848953093, 919.4506485289006150, 1322.044098589542727 ) ) ;
#5160 = CALENDAR_DATE ( 2026, 16, 4 ) ;
#5161 = EDGE_CURVE ( 'NONE', #3875, #6233, #1697, .T. ) ;
#5162 = DIRECTION ( 'NONE',  ( 0.000000000000000000, -0.7571257123220861418, 0.6532692061782597870 ) ) ;
#5163 = ORIENTED_EDGE ( 'NONE', *, *, #5794, .F. ) ;
#5164 = CARTESIAN_POINT ( 'NONE',  ( 719.7878917439194311, 910.5809369741142518, 1311.764283445192859 ) ) ;
#5165 = ORIENTED_EDGE ( 'NONE', *, *, #5665, .F. ) ;
#5166 = AXIS2_PLACEMENT_3D ( 'NONE', #5740, #985, #1549 ) ;
#5167 = EDGE_CURVE ( 'NONE', #2194, #4359, #3892, .T. ) ;
#5168 = CARTESIAN_POINT ( 'NONE',  ( 712.3184407004196146, 910.9836873541869409, 1309.208556995645722 ) ) ;
#5169 = CARTESIAN_POINT ( 'NONE',  ( 719.7878917439193174, 910.5809369741152750, 1311.764283445193541 ) ) ;
#5170 = CARTESIAN_POINT ( 'NONE',  ( 718.7917400848953093, 919.4506485289006150, 1322.044098589542727 ) ) ;
#5171 = ORIENTED_EDGE ( 'NONE', *, *, #771, .F. ) ;
#5172 = ORIENTED_EDGE ( 'NONE', *, *, #334, .F. ) ;
#5173 = EDGE_CURVE ( 'NONE', #610, #3502, #4264, .T. ) ;
#5174 = CARTESIAN_POINT ( 'NONE',  ( 721.4876455602138776, 917.0196989190820887, 1317.824488555688504 ) ) ;
#5175 = CARTESIAN_POINT ( 'NONE',  ( 724.1218721242007632, 906.8154037854790204, 1315.509632968773758 ) ) ;
#5176 = DIRECTION ( 'NONE',  ( 0.000000000000000000, -0.7571257123220515028, 0.6532692061782998660 ) ) ;
#5177 = CARTESIAN_POINT ( 'NONE',  ( 726.3306882879865043, 912.9646033853840663, 1310.576344333695943 ) ) ;
#5178 = CARTESIAN_POINT ( 'NONE',  ( 718.4914728163810196, 903.5750986374329159, 1316.877987414522977 ) ) ;
#5179 = CARTESIAN_POINT ( 'NONE',  ( 719.4376643918219543, 915.4170921532016791, 1305.859334597626685 ) ) ;
#5180 = VERTEX_POINT ( 'NONE', #63 ) ;
#5181 = VECTOR ( 'NONE', #3798, 1000.000000000000114 ) ;
#5182 = VERTEX_POINT ( 'NONE', #2110 ) ;
#5183 = CARTESIAN_POINT ( 'NONE',  ( 720.0462069719721967, 916.8801415283197684, 1305.616300213677505 ) ) ;
#5184 = ADVANCED_FACE ( 'NONE', ( #3711 ), #1582, .F. ) ;
#5185 = DIRECTION ( 'NONE',  ( 0.1162306242541707169, -0.7463955445134997646, 0.6552740900690960935 ) ) ;
#5186 = CARTESIAN_POINT ( 'NONE',  ( 711.9156041308312979, 909.5784432642678894, 1310.502292986465591 ) ) ;
#5187 = VECTOR ( 'NONE', #6248, 1000.000000000000000 ) ;
#5188 = CARTESIAN_POINT ( 'NONE',  ( 715.8431549222869990, 916.1473144475894514, 1307.529528296865692 ) ) ;
#5189 = CARTESIAN_POINT ( 'NONE',  ( 712.7506431184233406, 911.7058184329985124, 1308.561008925239776 ) ) ;
#5190 = DIRECTION ( 'NONE',  ( -0.07317157541021640510, 0.6515180314347921442, 0.7550961364404670251 ) ) ;
#5191 = VERTEX_POINT ( 'NONE', #5928 ) ;
#5192 = CARTESIAN_POINT ( 'NONE',  ( 716.0807923464127498, 914.8038800535591690, 1307.837666810123892 ) ) ;
#5193 = AXIS2_PLACEMENT_3D ( 'NONE', #1456, #3053, #3568 ) ;
#5194 = EDGE_CURVE ( 'NONE', #2730, #3210, #3521, .T. ) ;
#5195 = CARTESIAN_POINT ( 'NONE',  ( 723.6158059160803759, 915.3222815799289265, 1308.254835473485400 ) ) ;
#5196 = CARTESIAN_POINT ( 'NONE',  ( 716.3283690645039314, 916.1609031895693533, 1314.776356576902572 ) ) ;
#5197 = DIRECTION ( 'NONE',  ( -0.1162306242541731038, 0.7463955445134947686, -0.6552740900691014225 ) ) ;
#5198 = ORIENTED_EDGE ( 'NONE', *, *, #6275, .F. ) ;
#5199 = FACE_OUTER_BOUND ( 'NONE', #1541, .T. ) ;
#5200 = VERTEX_POINT ( 'NONE', #4922 ) ;
#5201 = B_SPLINE_CURVE_WITH_KNOTS ( 'NONE', 3,
 ( #6090, #2971, #5569, #2349, #3516, #1401, #6569, #335 ),
 .UNSPECIFIED., .F., .F.,
 ( 4, 2, 2, 4 ),
 ( 0.000000000000000000, 0.0006560729127574761038, 0.0009841093691363171549, 0.001312145825515158206 ),
 .UNSPECIFIED. ) ;
#5202 = CARTESIAN_POINT ( 'NONE',  ( 718.7917400848953093, 919.4506485289006150, 1322.044098589542727 ) ) ;
#5203 = CARTESIAN_POINT ( 'NONE',  ( 720.0821554743739625, 916.8179045648973897, 1305.605867638364089 ) ) ;
#5204 = CARTESIAN_POINT ( 'NONE',  ( 718.7920299231458330, 903.5611086632858360, 1316.986799343509801 ) ) ;
#5205 = CARTESIAN_POINT ( 'NONE',  ( 724.7554633145347225, 905.5295055384734724, 1315.033591606914797 ) ) ;
#5206 = ORIENTED_EDGE ( 'NONE', *, *, #421, .T. ) ;
#5207 = EDGE_CURVE ( 'NONE', #4539, #4188, #5642, .T. ) ;
#5208 = B_SPLINE_CURVE_WITH_KNOTS ( 'NONE', 3,
 ( #2649, #1706, #2680, #597, #2263, #2154, #527, #3828 ),
 .UNSPECIFIED., .F., .F.,
 ( 4, 2, 2, 4 ),
 ( 0.000000000000000000, 0.0002966949978379397872, 0.0005933899956758795745, 0.001186779991351840247 ),
 .UNSPECIFIED. ) ;
#5209 = CARTESIAN_POINT ( 'NONE',  ( 728.5227162573547730, 911.0900085686786269, 1311.357921750311334 ) ) ;
#5210 = CARTESIAN_POINT ( 'NONE',  ( 727.3024679848369942, 911.0124885352788624, 1310.421575001082147 ) ) ;
#5211 = CARTESIAN_POINT ( 'NONE',  ( 722.1026526416837896, 904.4039803706192515, 1315.620002069711518 ) ) ;
#5212 = CARTESIAN_POINT ( 'NONE',  ( 727.3432520345678540, 914.0028592404036090, 1308.806010051855992 ) ) ;
#5213 = CARTESIAN_POINT ( 'NONE',  ( 722.6716260127963096, 906.0528754352038732, 1316.027029573161371 ) ) ;
#5214 = FACE_OUTER_BOUND ( 'NONE', #4859, .T. ) ;
#5215 = ORIENTED_EDGE ( 'NONE', *, *, #4196, .F. ) ;
#5216 = EDGE_CURVE ( 'NONE', #3371, #6056, #3007, .T. ) ;
#5217 = ORIENTED_EDGE ( 'NONE', *, *, #126, .F. ) ;
#5218 = CARTESIAN_POINT ( 'NONE',  ( 712.5472039523452850, 913.5725816443526810, 1307.743474439564352 ) ) ;
#5219 = FACE_OUTER_BOUND ( 'NONE', #2494, .T. ) ;
#5220 = CARTESIAN_POINT ( 'NONE',  ( 715.8332046015856349, 904.7476260068788179, 1314.715962589770243 ) ) ;
#5221 = CARTESIAN_POINT ( 'NONE',  ( 722.5678328428738268, 904.1671973693967175, 1316.570598716851919 ) ) ;
#5222 = CARTESIAN_POINT ( 'NONE',  ( 713.7429926617141973, 906.1642197532625005, 1313.291136772702430 ) ) ;
#5223 = DIRECTION ( 'NONE',  ( 0.08738503600414197769, -0.9265711146862918302, -0.3658275890519430695 ) ) ;
#5224 = VERTEX_POINT ( 'NONE', #1442 ) ;
#5225 = CARTESIAN_POINT ( 'NONE',  ( 727.3621092246498847, 911.5519144702441281, 1310.109706030752704 ) ) ;
#5226 = ADVANCED_FACE ( 'NONE', ( #1929 ), #6022, .F. ) ;
#5227 =( BOUNDED_SURFACE ( )  B_SPLINE_SURFACE ( 3, 3, ( 
 ( #5856, #5174, #2545, #2703 ),
 ( #6176, #2014, #551, #4131 ),
 ( #355, #4294, #6246, #1495 ),
 ( #3607, #5724, #970, #728 ) ),
 .UNSPECIFIED., .F., .F., .F. ) 
 B_SPLINE_SURFACE_WITH_KNOTS ( ( 4, 4 ),
 ( 4, 4 ),
 ( 0.000000000000000000, 1.000000000000000000 ),
 ( 0.000000000000000000, 1.000000000000000000 ),
 .UNSPECIFIED. ) 
 GEOMETRIC_REPRESENTATION_ITEM ( )  RATIONAL_B_SPLINE_SURFACE ( (
 ( 1.000000000000000000, 1.000000000000000000, 1.000000000000000000, 1.000000000000000000),
 ( 0.9991685004514068158, 0.9991685004514069268, 0.9991685004514069268, 0.9991685004514068158),
 ( 0.9991685004514068158, 0.9991685004514069268, 0.9991685004514069268, 0.9991685004514068158),
 ( 1.000000000000000000, 1.000000000000000000, 1.000000000000000000, 1.000000000000000000) ) ) 
 REPRESENTATION_ITEM ( '' )  SURFACE ( )  );
#5228 = ORIENTED_EDGE ( 'NONE', *, *, #1346, .F. ) ;
#5229 = CARTESIAN_POINT ( 'NONE',  ( 718.7917400848953093, 919.4506485289006150, 1322.044098589542727 ) ) ;
#5230 = CARTESIAN_POINT ( 'NONE',  ( 725.6787596115269707, 914.2194172915525314, 1307.788665491209031 ) ) ;
#5231 = CARTESIAN_POINT ( 'NONE',  ( 720.1999277102324868, 906.9121781678747993, 1307.512266668277789 ) ) ;
#5232 = EDGE_LOOP ( 'NONE', ( #275, #5733, #2889, #3647 ) ) ;
#5233 = CARTESIAN_POINT ( 'NONE',  ( 718.7917400848953093, 919.4506485289006150, 1322.044098589542727 ) ) ;
#5234 = ORIENTED_EDGE ( 'NONE', *, *, #4533, .T. ) ;
#5235 = CARTESIAN_POINT ( 'NONE',  ( 727.3432520345678540, 914.0028592404036090, 1308.806010051855992 ) ) ;
#5236 = CARTESIAN_POINT ( 'NONE',  ( 718.7917400848953093, 919.4506485289006150, 1322.044098589542727 ) ) ;
#5237 = CARTESIAN_POINT ( 'NONE',  ( 713.0470959006501062, 911.7938645237296669, 1308.365984322869281 ) ) ;
#5238 = FACE_OUTER_BOUND ( 'NONE', #5112, .T. ) ;
#5239 = CARTESIAN_POINT ( 'NONE',  ( 725.9753509047419584, 913.3725778078152189, 1308.256924382377747 ) ) ;
#5240 = ORIENTED_EDGE ( 'NONE', *, *, #4996, .T. ) ;
#5241 = DIRECTION ( 'NONE',  ( 0.1865128475888083726, -0.9643089906894374286, 0.1879391607936786446 ) ) ;
#5242 = EDGE_CURVE ( 'NONE', #2089, #3953, #2523, .T. ) ;
#5243 = FACE_BOUND ( 'NONE', #1201, .T. ) ;
#5244 = CARTESIAN_POINT ( 'NONE',  ( 713.3440843171601955, 913.2652760217266632, 1307.555522468956497 ) ) ;
#5245 = DIRECTION ( 'NONE',  ( 0.4565851433392969505, -0.7314340933390421906, -0.5064920275612704303 ) ) ;
#5246 = CARTESIAN_POINT ( 'NONE',  ( 718.7917400848953093, 919.4506485289006150, 1322.044098589542727 ) ) ;
#5247 = ORIENTED_EDGE ( 'NONE', *, *, #2983, .T. ) ;
#5248 = VERTEX_POINT ( 'NONE', #1281 ) ;
#5249 = CYLINDRICAL_SURFACE ( 'NONE', #921, 2.499999999999990674 ) ;
#5250 = CARTESIAN_POINT ( 'NONE',  ( 715.0361365314189470, 906.6564637181935495, 1314.766116283700285 ) ) ;
#5251 = CARTESIAN_POINT ( 'NONE',  ( 725.3381694909103317, 915.6268682769290308, 1308.898685400461545 ) ) ;
#5252 = EDGE_CURVE ( 'NONE', #1260, #4320, #663, .T. ) ;
#5253 = CARTESIAN_POINT ( 'NONE',  ( 718.7917400848953093, 919.4506485289006150, 1322.044098589542727 ) ) ;
#5254 = CARTESIAN_POINT ( 'NONE',  ( 718.7917400848953093, 919.4506485289006150, 1322.044098589542727 ) ) ;
#5255 = CARTESIAN_POINT ( 'NONE',  ( 711.8656899991772207, 909.6846073406693449, 1312.720301561782435 ) ) ;
#5256 = ORIENTED_EDGE ( 'NONE', *, *, #2387, .F. ) ;
#5257 = ORIENTED_EDGE ( 'NONE', *, *, #6438, .F. ) ;
#5258 = ORIENTED_EDGE ( 'NONE', *, *, #2008, .T. ) ;
#5259 = CARTESIAN_POINT ( 'NONE',  ( 716.1602565798475553, 906.0436268793175714, 1315.403958240290649 ) ) ;
#5260 = FACE_OUTER_BOUND ( 'NONE', #863, .T. ) ;
#5261 = ADVANCED_FACE ( 'NONE', ( #367 ), #2191, .F. ) ;
#5262 = CARTESIAN_POINT ( 'NONE',  ( 719.7878917439193174, 910.5809369741152750, 1311.764283445193541 ) ) ;
#5263 = ORIENTED_EDGE ( 'NONE', *, *, #213, .F. ) ;
#5264 = AXIS2_PLACEMENT_3D ( 'NONE', #1322, #317, #4929 ) ;
#5265 = DIRECTION ( 'NONE',  ( 0.000000000000000000, -0.7571257123220515028, 0.6532692061782998660 ) ) ;
#5266 = CARTESIAN_POINT ( 'NONE',  ( 726.6764238513522969, 912.8896555173486149, 1308.889020282148294 ) ) ;
#5267 = EDGE_CURVE ( 'NONE', #1009, #2643, #4244, .T. ) ;
#5268 = CARTESIAN_POINT ( 'NONE',  ( 718.0060395823696808, 916.4459201356323774, 1305.665650753475575 ) ) ;
#5269 = B_SPLINE_CURVE_WITH_KNOTS ( 'NONE', 3,
 ( #1825, #5639, #1860, #6640, #1439, #6092, #753, #3552 ),
 .UNSPECIFIED., .F., .F.,
 ( 4, 2, 2, 4 ),
 ( 0.000000000000000000, 0.0006957517735684865976, 0.001043627660352729842, 0.001391503547136973195 ),
 .UNSPECIFIED. ) ;
#5270 = CARTESIAN_POINT ( 'NONE',  ( 728.6228125081963753, 910.8962321598576182, 1311.596026358557765 ) ) ;
#5271 = CARTESIAN_POINT ( 'NONE',  ( 718.7917400848953093, 919.4506485289006150, 1322.044098589542727 ) ) ;
#5272 = DIRECTION ( 'NONE',  ( -0.8029135110774036077, -0.5201357934743158218, -0.2911849070199210021 ) ) ;
#5273 = ORIENTED_EDGE ( 'NONE', *, *, #5123, .F. ) ;
#5274 = CARTESIAN_POINT ( 'NONE',  ( 726.1573687853464207, 909.0466163761735743, 1313.781651759480610 ) ) ;
#5275 = CARTESIAN_POINT ( 'NONE',  ( 719.7097273520414547, 914.3877082142622612, 1319.926349916203435 ) ) ;
#5276 = CARTESIAN_POINT ( 'NONE',  ( 718.7917400848953093, 919.4506485289006150, 1322.044098589542727 ) ) ;
#5277 = CARTESIAN_POINT ( 'NONE',  ( 718.7917400848953093, 919.4506485289006150, 1322.044098589542727 ) ) ;
#5278 = CARTESIAN_POINT ( 'NONE',  ( 711.4738556142050356, 911.8285723149942896, 1309.144243010819309 ) ) ;
#5279 = EDGE_LOOP ( 'NONE', ( #2591, #6801, #5796, #2479 ) ) ;
#5280 = EDGE_LOOP ( 'NONE', ( #5941, #4272, #1936, #5157, #6637 ) ) ;
#5281 = DIRECTION ( 'NONE',  ( -0.1162306242541731038, 0.7463955445134947686, -0.6552740900691014225 ) ) ;
#5282 = CARTESIAN_POINT ( 'NONE',  ( 715.3525849303405266, 906.4540521438239011, 1314.971641275573575 ) ) ;
#5283 = CARTESIAN_POINT ( 'NONE',  ( 715.4545125180478635, 904.6196884372825480, 1315.204951308509180 ) ) ;
#5284 = CARTESIAN_POINT ( 'NONE',  ( 725.7231139915979838, 915.3382241157170256, 1307.421151059578278 ) ) ;
#5285 = DIRECTION ( 'NONE',  ( -0.07317157541021195033, 0.6515180314347920332, 0.7550961364404676912 ) ) ;
#5286 = CIRCLE ( 'NONE', #5959, 8.788285345454690756 ) ;
#5287 = CARTESIAN_POINT ( 'NONE',  ( 718.3000750699993660, 903.9415136711243122, 1315.941706229464899 ) ) ;
#5288 = DIRECTION ( 'NONE',  ( 0.1162306242541731038, -0.7463955445134947686, 0.6552740900691014225 ) ) ;
#5289 = ORIENTED_EDGE ( 'NONE', *, *, #342, .F. ) ;
#5290 = EDGE_CURVE ( 'NONE', #3151, #4638, #2324, .T. ) ;
#5291 = VECTOR ( 'NONE', #5460, 1000.000000000000114 ) ;
#5292 = CARTESIAN_POINT ( 'NONE',  ( 727.6501969259377347, 907.8721096266596078, 1313.924515388965801 ) ) ;
#5293 = CARTESIAN_POINT ( 'NONE',  ( 727.0363107485051160, 912.2809817368189442, 1309.429251870838470 ) ) ;
#5294 = CARTESIAN_POINT ( 'NONE',  ( 725.6293442226730122, 914.1229839780442035, 1307.796605244065177 ) ) ;
#5295 = CARTESIAN_POINT ( 'NONE',  ( 719.8286610700904475, 910.2179278277214962, 1311.343563233765735 ) ) ;
#5296 = VERTEX_POINT ( 'NONE', #2623 ) ;
#5297 = CARTESIAN_POINT ( 'NONE',  ( 714.2340153340178404, 915.1693030874758961, 1308.217452300532614 ) ) ;
#5298 = VECTOR ( 'NONE', #2940, 1000.000000000000000 ) ;
#5299 = EDGE_CURVE ( 'NONE', #2601, #4147, #5709, .T. ) ;
#5300 = CARTESIAN_POINT ( 'NONE',  ( 720.5383557656583662, 905.0624187339424225, 1317.548867969633648 ) ) ;
#5301 = CARTESIAN_POINT ( 'NONE',  ( 721.6415586041088090, 916.5649325473617637, 1318.231788416357404 ) ) ;
#5302 = CARTESIAN_POINT ( 'NONE',  ( 720.0732537342868227, 908.0400803481887806, 1308.819482336218925 ) ) ;
#5303 = CARTESIAN_POINT ( 'NONE',  ( 714.9549800170645995, 914.2678266672833161, 1306.658568975634580 ) ) ;
#5304 = CARTESIAN_POINT ( 'NONE',  ( 713.0727167304593195, 911.2850087727242681, 1310.582223470519011 ) ) ;
#5305 = VERTEX_POINT ( 'NONE', #4661 ) ;
#5306 = EDGE_CURVE ( 'NONE', #5538, #757, #6856, .T. ) ;
#5307 = FACE_OUTER_BOUND ( 'NONE', #3770, .T. ) ;
#5308 = CARTESIAN_POINT ( 'NONE',  ( 719.7353845055382635, 911.0484602219646604, 1312.306133372769409 ) ) ;
#5309 = CARTESIAN_POINT ( 'NONE',  ( 725.9172335686513406, 907.5182501318469122, 1315.951140982443349 ) ) ;
#5310 = CARTESIAN_POINT ( 'NONE',  ( 722.4214375670898107, 916.2209454200742584, 1312.032205022427888 ) ) ;
#5311 = CARTESIAN_POINT ( 'NONE',  ( 720.7110037533226432, 903.6401831800617401, 1317.104527220171576 ) ) ;
#5312 = ORIENTED_EDGE ( 'NONE', *, *, #1090, .F. ) ;
#5313 = VERTEX_POINT ( 'NONE', #1085 ) ;
#5314 = CARTESIAN_POINT ( 'NONE',  ( 718.7917400848953093, 919.4506485289006150, 1322.044098589542727 ) ) ;
#5315 = CARTESIAN_POINT ( 'NONE',  ( 714.3493296495006462, 906.7899402431911540, 1314.966406181335060 ) ) ;
#5316 = CARTESIAN_POINT ( 'NONE',  ( 719.7878917439194311, 910.5809369741152750, 1311.764283445193541 ) ) ;
#5317 = CARTESIAN_POINT ( 'NONE',  ( 724.7991384676615780, 914.5295727667222536, 1307.272314571125435 ) ) ;
#5318 = CARTESIAN_POINT ( 'NONE',  ( 724.0926510900278572, 914.9142042599271463, 1306.891806070636449 ) ) ;
#5319 = CARTESIAN_POINT ( 'NONE',  ( 712.6707900685619279, 907.7907082860800756, 1311.786024370062023 ) ) ;
#5320 = ORIENTED_EDGE ( 'NONE', *, *, #1062, .T. ) ;
#5321 = EDGE_LOOP ( 'NONE', ( #3948, #115, #1589, #4414 ) ) ;
#5322 = CARTESIAN_POINT ( 'NONE',  ( 712.9387342918830655, 905.7749425266827075, 1314.509435928430776 ) ) ;
#5323 = CARTESIAN_POINT ( 'NONE',  ( 718.7917400848950820, 919.4506485289003876, 1322.044098589542955 ) ) ;
#5324 = CARTESIAN_POINT ( 'NONE',  ( -22.95269592405334436, 733.5705189716098857, 1392.519537269054126 ) ) ;
#5325 = CARTESIAN_POINT ( 'NONE',  ( 725.6690520740487500, 908.2587398080855792, 1314.414085735443450 ) ) ;
#5326 = EDGE_CURVE ( 'NONE', #5313, #2406, #2027, .T. ) ;
#5327 = EDGE_LOOP ( 'NONE', ( #5797, #5680, #2469, #6186 ) ) ;
#5328 = CARTESIAN_POINT ( 'NONE',  ( 714.3867406467946921, 905.5935607773000129, 1313.845898804527906 ) ) ;
#5329 = LINE ( 'NONE', #694, #6710 ) ;
#5330 = CARTESIAN_POINT ( 'NONE',  ( 727.3411956425359222, 910.7935005842839473, 1310.607168069987210 ) ) ;
#5331 = CARTESIAN_POINT ( 'NONE',  ( 713.8340113107927891, 913.8217468549296427, 1308.858866907159381 ) ) ;
#5332 = CARTESIAN_POINT ( 'NONE',  ( 718.7917400848953093, 919.4506485289006150, 1322.044098589542727 ) ) ;
#5333 = EDGE_CURVE ( 'NONE', #5355, #2214, #467, .T. ) ;
#5334 = CARTESIAN_POINT ( 'NONE',  ( 721.9479193361571561, 916.7759037822388564, 1305.890522330305203 ) ) ;
#5335 = CARTESIAN_POINT ( 'NONE',  ( 718.7917400848953093, 919.4506485289006150, 1322.044098589542727 ) ) ;
#5336 = ORIENTED_EDGE ( 'NONE', *, *, #2500, .T. ) ;
#5337 = CARTESIAN_POINT ( 'NONE',  ( 713.2099388699047040, 912.4561085323689440, 1309.786025345413236 ) ) ;
#5338 = EDGE_CURVE ( 'NONE', #4891, #566, #6589, .T. ) ;
#5339 = CARTESIAN_POINT ( 'NONE',  ( 722.1038965242378254, 904.3983274614294032, 1315.617588589606157 ) ) ;
#5340 = DIRECTION ( 'NONE',  ( 0.000000000000000000, -0.6671227630881354509, -0.7449477961371868684 ) ) ;
#5341 = B_SPLINE_SURFACE_WITH_KNOTS ( 'NONE', 3, 1, ( 
 ( #2656, #4277 ),
 ( #639, #5284 ),
 ( #571, #4243 ),
 ( #5837, #536 ),
 ( #1084, #3239 ),
 ( #3206, #120 ),
 ( #4315, #5317 ),
 ( #2688, #6389 ),
 ( #3766, #6425 ),
 ( #1680, #5911 ),
 ( #1156, #3276 ),
 ( #2763, #4866 ) ),
 .UNSPECIFIED., .F., .F., .F.,
 ( 4, 1, 1, 1, 2, 1, 1, 1, 4 ),
 ( 2, 2 ),
 ( 0.000000000000000000, 0.2143883571535014076, 0.4287767143070028153, 0.6431650714605041674, 0.8575534286140056306, 0.8931650714605041674, 0.9287767143070029263, 0.9643883571535014632, 1.000000000000000000 ),
 ( 0.000000000000000000, 1.000000000000000000 ),
 .UNSPECIFIED. ) ;
#5342 = DIRECTION ( 'NONE',  ( 0.000000000000000000, -0.7571257123220861418, 0.6532692061782597870 ) ) ;
#5343 = CARTESIAN_POINT ( 'NONE',  ( 718.7917400848953093, 919.4506485289006150, 1322.044098589542727 ) ) ;
#5344 = ORIENTED_EDGE ( 'NONE', *, *, #400, .T. ) ;
#5345 = ORIENTED_EDGE ( 'NONE', *, *, #3187, .T. ) ;
#5346 = CARTESIAN_POINT ( 'NONE',  ( 718.7917400848953093, 919.4506485289006150, 1322.044098589542727 ) ) ;
#5347 = CARTESIAN_POINT ( 'NONE',  ( 719.7663168054723428, 916.8686081872608611, 1305.599129122294016 ) ) ;
#5348 = CARTESIAN_POINT ( 'NONE',  ( 719.0301054788379815, 916.7437951113881809, 1311.252443234699058 ) ) ;
#5349 = APPROVAL ( #5676, 'UNSPECIFIED' ) ;
#5350 = CARTESIAN_POINT ( 'NONE',  ( 718.7917400848950820, 919.4506485289003876, 1322.044098589542955 ) ) ;
#5351 = CARTESIAN_POINT ( 'NONE',  ( 727.0547730561542039, 908.3820409836171166, 1312.667196056083867 ) ) ;
#5352 = CARTESIAN_POINT ( 'NONE',  ( 716.7266560175210088, 915.6318397771640321, 1318.560614889642466 ) ) ;
#5353 = CARTESIAN_POINT ( 'NONE',  ( 718.7917400848953093, 919.4506485289006150, 1322.044098589542727 ) ) ;
#5354 = VECTOR ( 'NONE', #4469, 1000.000000000000000 ) ;
#5355 = VERTEX_POINT ( 'NONE', #5318 ) ;
#5356 = ORIENTED_EDGE ( 'NONE', *, *, #719, .T. ) ;
#5357 = CARTESIAN_POINT ( 'NONE',  ( 714.2264625208684947, 913.2339682131695326, 1307.237707582801249 ) ) ;
#5358 = CARTESIAN_POINT ( 'NONE',  ( 718.5146574119230536, 903.5763121640566169, 1316.946802928408488 ) ) ;
#5359 = CARTESIAN_POINT ( 'NONE',  ( 713.3101587592456099, 912.1936534339470199, 1308.039418338344376 ) ) ;
#5360 = LINE ( 'NONE', #617, #5963 ) ;
#5361 = VERTEX_POINT ( 'NONE', #6842 ) ;
#5362 = CARTESIAN_POINT ( 'NONE',  ( 712.8404601744583715, 910.3440333360888417, 1311.450471839803640 ) ) ;
#5363 = EDGE_CURVE ( 'NONE', #941, #4479, #2689, .T. ) ;
#5364 = CYLINDRICAL_SURFACE ( 'NONE', #5822, 2.499999999999990674 ) ;
#5365 =( NAMED_UNIT ( * ) PLANE_ANGLE_UNIT ( ) SI_UNIT ( $, .RADIAN. ) );
#5366 = B_SPLINE_CURVE_WITH_KNOTS ( 'NONE', 3,
 ( #3292, #1135, #2180, #3220, #622, #587, #3852, #5410 ),
 .UNSPECIFIED., .F., .F.,
 ( 4, 2, 2, 4 ),
 ( 0.000000000000000000, 0.0003785376244288086523, 0.0007570752488576173046, 0.001514150497715239380 ),
 .UNSPECIFIED. ) ;
#5367 = CARTESIAN_POINT ( 'NONE',  ( 711.0975837951702943, 910.3819496982828241, 1310.355967284765029 ) ) ;
#5368 = CIRCLE ( 'NONE', #4927, 2.499999999999990674 ) ;
#5369 = DIRECTION ( 'NONE',  ( 0.1162306242541707169, -0.7463955445134997646, 0.6552740900690960935 ) ) ;
#5370 = CARTESIAN_POINT ( 'NONE',  ( 721.3427919951335525, 915.6626710530809987, 1306.001356783096298 ) ) ;
#5371 = B_SPLINE_CURVE_WITH_KNOTS ( 'NONE', 3,
 ( #2476, #5145, #5693, #4169, #2512, #4616, #4583, #1985 ),
 .UNSPECIFIED., .F., .F.,
 ( 4, 2, 2, 4 ),
 ( 0.000000000000000000, 0.0006957517735687733691, 0.001043627660352837829, 0.001391503547136902288 ),
 .UNSPECIFIED. ) ;
#5372 = CARTESIAN_POINT ( 'NONE',  ( 718.0078356449231478, 916.4340086136303398, 1305.647393148499305 ) ) ;
#5373 = ORIENTED_EDGE ( 'NONE', *, *, #6538, .T. ) ;
#5374 = VECTOR ( 'NONE', #2558, 1000.000000000000000 ) ;
#5375 = EDGE_CURVE ( 'NONE', #3458, #124, #1994, .T. ) ;
#5376 = DIRECTION ( 'NONE',  ( -0.07317157541021640510, 0.6515180314347921442, 0.7550961364404670251 ) ) ;
#5377 = CARTESIAN_POINT ( 'NONE',  ( 721.3331822071683064, 915.3793434468229862, 1319.224864998135445 ) ) ;
#5378 = CARTESIAN_POINT ( 'NONE',  ( 716.6746370370213981, 916.3602630887658052, 1317.927070086942877 ) ) ;
#5379 = DIRECTION ( 'NONE',  ( -0.3068342495308562512, 0.8644941219551566247, 0.3981239209339458851 ) ) ;
#5380 = DIRECTION ( 'NONE',  ( 0.3669136098865381501, 0.7226274050121479497, 0.5858191157733232401 ) ) ;
#5381 = ORIENTED_EDGE ( 'NONE', *, *, #2577, .F. ) ;
#5382 = ORIENTED_EDGE ( 'NONE', *, *, #2087, .T. ) ;
#5383 = EDGE_CURVE ( 'NONE', #6253, #225, #3621, .T. ) ;
#5384 = B_SPLINE_CURVE_WITH_KNOTS ( 'NONE', 3,
 ( #4691, #6321, #3035, #1576, #5152, #4175, #534, #4111 ),
 .UNSPECIFIED., .F., .F.,
 ( 4, 2, 2, 4 ),
 ( 0.000000000000000000, 0.0002966949978379990931, 0.0005933899956759981862, 0.001186779991352149245 ),
 .UNSPECIFIED. ) ;
#5385 = CIRCLE ( 'NONE', #5166, 8.788285345454690756 ) ;
#5386 = CARTESIAN_POINT ( 'NONE',  ( 723.9349279183621775, 914.9409635665668930, 1308.480357379697125 ) ) ;
#5387 = CARTESIAN_POINT ( 'NONE',  ( 719.4584806953309908, 916.0372400533404971, 1305.741568106788691 ) ) ;
#5388 = CARTESIAN_POINT ( 'NONE',  ( 711.1810696657348672, 908.7192619718155129, 1311.798670769182309 ) ) ;
#5389 = CARTESIAN_POINT ( 'NONE',  ( 718.7917400848953093, 919.4506485289006150, 1322.044098589542727 ) ) ;
#5390 = DIRECTION ( 'NONE',  ( 0.07317157541021193645, -0.6515180314347919222, -0.7550961364404674692 ) ) ;
#5391 = FACE_OUTER_BOUND ( 'NONE', #3496, .T. ) ;
#5392 = CARTESIAN_POINT ( 'NONE',  ( 711.8343080567951802, 907.1536831131435292, 1313.145181205966082 ) ) ;
#5393 = ORIENTED_EDGE ( 'NONE', *, *, #879, .T. ) ;
#5394 = AXIS2_PLACEMENT_3D ( 'NONE', #1110, #3230, #5342 ) ;
#5395 = VERTEX_POINT ( 'NONE', #5189 ) ;
#5396 = EDGE_LOOP ( 'NONE', ( #2698, #6549, #6551, #1485 ) ) ;
#5397 = ADVANCED_FACE ( 'NONE', ( #5739 ), #4908, .F. ) ;
#5398 = DIRECTION ( 'NONE',  ( -0.2638938597118264950, -0.8301477497377413028, -0.4911361770545510930 ) ) ;
#5399 = CARTESIAN_POINT ( 'NONE',  ( 718.7917400848953093, 919.4506485289006150, 1322.044098589542727 ) ) ;
#5400 = CARTESIAN_POINT ( 'NONE',  ( 712.3171181382178929, 909.4186177912581570, 1310.374404187198252 ) ) ;
#5401 = AXIS2_PLACEMENT_3D ( 'NONE', #6740, #4110, #881 ) ;
#5402 = CARTESIAN_POINT ( 'NONE',  ( 726.1872878005218581, 908.4142535204975957, 1314.721680793807764 ) ) ;
#5403 = VERTEX_POINT ( 'NONE', #1048 ) ;
#5404 = DIRECTION ( 'NONE',  ( 0.5027188291999928893, -0.4801359639196797757, -0.7188485479700910119 ) ) ;
#5405 = CONICAL_SURFACE ( 'NONE', #641, 8.788285345454690756, 0.5551083433337287154 ) ;
#5406 = ADVANCED_FACE ( 'NONE', ( #3174 ), #1731, .T. ) ;
#5407 = B_SPLINE_CURVE_WITH_KNOTS ( 'NONE', 1,
 ( #3660, #914 ),
 .UNSPECIFIED., .F., .F.,
 ( 2, 2 ),
 ( 0.000000000000000000, 0.001500000000000205162 ),
 .UNSPECIFIED. ) ;
#5408 = CARTESIAN_POINT ( 'NONE',  ( 726.5452415538005653, 909.0126390536489680, 1314.230428020355475 ) ) ;
#5409 = CARTESIAN_POINT ( 'NONE',  ( 727.7564244209443132, 910.9952353831956771, 1310.814878566963216 ) ) ;
#5410 = CARTESIAN_POINT ( 'NONE',  ( 723.1130569489839672, 904.2063449470559817, 1316.848794772287192 ) ) ;
#5411 = CARTESIAN_POINT ( 'NONE',  ( 712.7434585175243456, 911.1302418664869265, 1310.884816476473588 ) ) ;
#5412 = VECTOR ( 'NONE', #3945, 1000.000000000000000 ) ;
#5413 = CARTESIAN_POINT ( 'NONE',  ( 719.8286610700904475, 910.2179278277214962, 1311.343563233765735 ) ) ;
#5414 = CARTESIAN_POINT ( 'NONE',  ( 718.7917400848953093, 919.4506485289006150, 1322.044098589542727 ) ) ;
#5415 = VERTEX_POINT ( 'NONE', #4349 ) ;
#5416 = CIRCLE ( 'NONE', #6296, 8.788285345454690756 ) ;
#5417 = CARTESIAN_POINT ( 'NONE',  ( 726.3495622579350766, 909.4854851398984010, 1313.421559532157971 ) ) ;
#5418 = CARTESIAN_POINT ( 'NONE',  ( 719.7878917439194311, 910.5809369741142518, 1311.764283445192859 ) ) ;
#5419 = CARTESIAN_POINT ( 'NONE',  ( 720.1530133549132415, 916.6938657313144176, 1305.659765975517530 ) ) ;
#5420 = CARTESIAN_POINT ( 'NONE',  ( 712.5014571632967773, 910.8931241049411938, 1309.174946910260815 ) ) ;
#5421 = EDGE_CURVE ( 'NONE', #1366, #1943, #5785, .T. ) ;
#5422 = CARTESIAN_POINT ( 'NONE',  ( 726.6499569546178918, 912.5530024549476593, 1309.029145871053970 ) ) ;
#5423 = ORIENTED_EDGE ( 'NONE', *, *, #919, .T. ) ;
#5424 = VERTEX_POINT ( 'NONE', #640 ) ;
#5425 = CARTESIAN_POINT ( 'NONE',  ( 723.1660856610062638, 904.6385549873585887, 1315.734490823509532 ) ) ;
#5426 = CARTESIAN_POINT ( 'NONE',  ( 718.7917400848953093, 919.4506485289006150, 1322.044098589542727 ) ) ;
#5427 = CYLINDRICAL_SURFACE ( 'NONE', #5699, 2.499999999999990674 ) ;
#5428 = CARTESIAN_POINT ( 'NONE',  ( 719.6336517400551429, 918.1039691709769386, 1316.709291128445329 ) ) ;
#5429 = CARTESIAN_POINT ( 'NONE',  ( 719.3721651218681927, 903.9885089788600681, 1315.780150409490716 ) ) ;
#5430 = CARTESIAN_POINT ( 'NONE',  ( 714.4542682896474162, 913.6143858856916040, 1308.706261787762060 ) ) ;
#5431 = EDGE_CURVE ( 'NONE', #531, #2791, #2610, .T. ) ;
#5432 = CARTESIAN_POINT ( 'NONE',  ( 718.7917400848950820, 919.4506485289003876, 1322.044098589542955 ) ) ;
#5433 = EDGE_LOOP ( 'NONE', ( #430, #3638, #691, #5113 ) ) ;
#5434 = VERTEX_POINT ( 'NONE', #4278 ) ;
#5435 = ORIENTED_EDGE ( 'NONE', *, *, #1685, .F. ) ;
#5436 = CARTESIAN_POINT ( 'NONE',  ( 711.4738556142050356, 911.8285723149942896, 1309.144243010819309 ) ) ;
#5437 = CARTESIAN_POINT ( 'NONE',  ( 717.9708547989832823, 914.4830205864276422, 1319.675608634276614 ) ) ;
#5438 = CARTESIAN_POINT ( 'NONE',  ( 718.7917400848950820, 919.4506485289003876, 1322.044098589542955 ) ) ;
#5439 = DIRECTION ( 'NONE',  ( 0.8949130824508162441, -0.2115720073083309782, -0.3928967556265923755 ) ) ;
#5440 = ADVANCED_FACE ( 'NONE', ( #6533 ), #3916, .F. ) ;
#5441 = EDGE_LOOP ( 'NONE', ( #4055, #3571, #6667, #5916 ) ) ;
#5442 = CARTESIAN_POINT ( 'NONE',  ( 723.7502974004120233, 916.4731414394447029, 1308.014626675890895 ) ) ;
#5443 = DIRECTION ( 'NONE',  ( 0.07317157541021197809, -0.6515180314347921442, -0.7550961364404673581 ) ) ;
#5444 = CARTESIAN_POINT ( 'NONE',  ( 718.6639149472425743, 917.4815889237930833, 1313.936828726073600 ) ) ;
#5445 = CARTESIAN_POINT ( 'NONE',  ( 714.0887741272211997, 913.6727174878678852, 1308.821463515125515 ) ) ;
#5446 = DIRECTION ( 'NONE',  ( 0.3117432182861684109, -0.2837378697357016977, -0.9068125424421678016 ) ) ;
#5447 = B_SPLINE_CURVE_WITH_KNOTS ( 'NONE', 3,
 ( #1634, #5791, #5868, #595, #4305, #4855, #2226, #6448 ),
 .UNSPECIFIED., .F., .F.,
 ( 4, 2, 2, 4 ),
 ( 0.000000000000000000, 0.0003785376244287698921, 0.0007570752488575397841, 0.001514150497714862945 ),
 .UNSPECIFIED. ) ;
#5448 = DIRECTION ( 'NONE',  ( 0.07317157541021196421, -0.6515180314347921442, -0.7550961364404672471 ) ) ;
#5449 = B_SPLINE_CURVE_WITH_KNOTS ( 'NONE', 3,
 ( #117, #1677, #3867, #3797, #1152, #3272, #5982, #636 ),
 .UNSPECIFIED., .F., .F.,
 ( 4, 2, 2, 4 ),
 ( 0.000000000000000000, 0.0002966949978379686812, 0.0005933899956759373625, 0.001186779991351838729 ),
 .UNSPECIFIED. ) ;
#5450 = EDGE_LOOP ( 'NONE', ( #2933, #4656, #4720, #2784 ) ) ;
#5451 = B_SPLINE_CURVE_WITH_KNOTS ( 'NONE', 3,
 ( #3258, #696, #5894, #2780 ),
 .UNSPECIFIED., .F., .F.,
 ( 4, 4 ),
 ( 0.000000000000000000, 0.0008686782177528528650 ),
 .UNSPECIFIED. ) ;
#5452 = CARTESIAN_POINT ( 'NONE',  ( 727.4892371517327092, 911.6297300561750490, 1310.149407724154798 ) ) ;
#5453 = FACE_OUTER_BOUND ( 'NONE', #1988, .T. ) ;
#5454 = CARTESIAN_POINT ( 'NONE',  ( 722.9628756484518135, 914.0219556362069397, 1317.264808189148425 ) ) ;
#5455 = DIRECTION ( 'NONE',  ( -0.3803501130740060687, -0.5552060646164254099, -0.7396485768915751491 ) ) ;
#5456 = ORIENTED_EDGE ( 'NONE', *, *, #5811, .F. ) ;
#5457 = EDGE_LOOP ( 'NONE', ( #4925, #6793, #1225, #3856 ) ) ;
#5458 = EDGE_CURVE ( 'NONE', #1300, #1491, #2906, .T. ) ;
#5459 = CARTESIAN_POINT ( 'NONE',  ( 718.7917400848953093, 919.4506485289006150, 1322.044098589542727 ) ) ;
#5460 = DIRECTION ( 'NONE',  ( -0.9670592738890179119, -0.2314397642216898809, 0.1059811130449848371 ) ) ;
#5461 = DIRECTION ( 'NONE',  ( -0.07317157541021640510, 0.6515180314347921442, 0.7550961364404670251 ) ) ;
#5462 = CARTESIAN_POINT ( 'NONE',  ( 716.3288343047951230, 904.5458792605195413, 1314.937760842694615 ) ) ;
#5463 = CARTESIAN_POINT ( 'NONE',  ( 712.5425581769187602, 908.0865898303543418, 1314.164706692195068 ) ) ;
#5464 = DIRECTION ( 'NONE',  ( 0.000000000000000000, -0.6671227630881354509, -0.7449477961371868684 ) ) ;
#5465 = CARTESIAN_POINT ( 'NONE',  ( 718.7917400848953093, 919.4506485289006150, 1322.044098589542727 ) ) ;
#5466 = ORIENTED_EDGE ( 'NONE', *, *, #564, .F. ) ;
#5467 = ORIENTED_EDGE ( 'NONE', *, *, #1977, .T. ) ;
#5468 = ORIENTED_EDGE ( 'NONE', *, *, #2305, .T. ) ;
#5469 = EDGE_CURVE ( 'NONE', #1245, #3440, #5044, .T. ) ;
#5470 = CARTESIAN_POINT ( 'NONE',  ( 726.8732847483346404, 907.9587661980142457, 1313.019992736078393 ) ) ;
#5471 = DIRECTION ( 'NONE',  ( 0.2103551940749532334, -0.2510506361663630281, -0.9448408704147769344 ) ) ;
#5472 = CARTESIAN_POINT ( 'NONE',  ( 713.7532519494041026, 907.2349314931540221, 1314.596542045819433 ) ) ;
#5473 = CARTESIAN_POINT ( 'NONE',  ( 718.7917400848953093, 919.4506485289006150, 1322.044098589542727 ) ) ;
#5474 = ORIENTED_EDGE ( 'NONE', *, *, #3483, .T. ) ;
#5475 = CARTESIAN_POINT ( 'NONE',  ( 715.5505351906004989, 915.5193049644143457, 1306.153800270204101 ) ) ;
#5476 = EDGE_CURVE ( 'NONE', #1424, #6064, #2203, .T. ) ;
#5477 = CARTESIAN_POINT ( 'NONE',  ( 718.7917400848953093, 919.4506485289006150, 1322.044098589542727 ) ) ;
#5478 = LINE ( 'NONE', #6001, #3701 ) ;
#5479 = CARTESIAN_POINT ( 'NONE',  ( 726.0667325578991722, 912.9644697931247492, 1310.392345526593090 ) ) ;
#5480 = CARTESIAN_POINT ( 'NONE',  ( 717.5248748219217987, 915.2554692957885436, 1305.941088042422507 ) ) ;
#5481 = ORIENTED_EDGE ( 'NONE', *, *, #380, .F. ) ;
#5482 = CARTESIAN_POINT ( 'NONE',  ( 713.8267834156366689, 909.8989753401764347, 1311.775045801526858 ) ) ;
#5483 = VERTEX_POINT ( 'NONE', #4316 ) ;
#5484 = ADVANCED_FACE ( 'NONE', ( #5878 ), #942, .T. ) ;
#5485 = AXIS2_PLACEMENT_3D ( 'NONE', #6531, #1753, #6456 ) ;
#5486 = CONICAL_SURFACE ( 'NONE', #2272, 8.788285345454690756, 0.5551083433337287154 ) ;
#5487 = CARTESIAN_POINT ( 'NONE',  ( 719.8286610700904475, 910.2179278277214962, 1311.343563233765735 ) ) ;
#5488 = DIRECTION ( 'NONE',  ( 0.000000000000000000, 0.7571257123220861418, -0.6532692061782597870 ) ) ;
#5489 = CARTESIAN_POINT ( 'NONE',  ( 716.0674478511572261, 916.2497197516735241, 1307.462904945561377 ) ) ;
#5490 =( BOUNDED_SURFACE ( )  B_SPLINE_SURFACE ( 3, 3, ( 
 ( #5473, #4011, #723, #1862 ),
 ( #6543, #4947, #1243, #1794 ),
 ( #2320, #3456, #3911, #2453 ),
 ( #5017, #4461, #5605, #5542 ) ),
 .UNSPECIFIED., .F., .F., .F. ) 
 B_SPLINE_SURFACE_WITH_KNOTS ( ( 4, 4 ),
 ( 4, 4 ),
 ( 0.000000000000000000, 1.000000000000000000 ),
 ( 0.000000000000000000, 1.000000000000000000 ),
 .UNSPECIFIED. ) 
 GEOMETRIC_REPRESENTATION_ITEM ( )  RATIONAL_B_SPLINE_SURFACE ( (
 ( 1.000000000000000000, 1.000000000000000000, 1.000000000000000000, 1.000000000000000000),
 ( 0.9991685004514068158, 0.9991685004514069268, 0.9991685004514069268, 0.9991685004514068158),
 ( 0.9991685004514068158, 0.9991685004514069268, 0.9991685004514069268, 0.9991685004514068158),
 ( 1.000000000000000000, 1.000000000000000000, 1.000000000000000000, 1.000000000000000000) ) ) 
 REPRESENTATION_ITEM ( '' )  SURFACE ( )  );
#5491 = AXIS2_PLACEMENT_3D ( 'NONE', #1286, #1776, #6007 ) ;
#5492 = ORIENTED_EDGE ( 'NONE', *, *, #5267, .F. ) ;
#5493 = ORIENTED_EDGE ( 'NONE', *, *, #4812, .T. ) ;
#5494 = CARTESIAN_POINT ( 'NONE',  ( 719.9626181974660994, 918.0532516339637823, 1316.784929687647946 ) ) ;
#5495 = AXIS2_PLACEMENT_3D ( 'NONE', #4383, #5390, #1119 ) ;
#5496 = CARTESIAN_POINT ( 'NONE',  ( 720.1999277102324868, 906.9121781678747993, 1307.512266668277789 ) ) ;
#5497 = CARTESIAN_POINT ( 'NONE',  ( 724.1218721242007632, 906.8154037854790204, 1315.509632968773758 ) ) ;
#5498 = CARTESIAN_POINT ( 'NONE',  ( 719.2477425037694729, 903.8239164049933834, 1316.259143488128984 ) ) ;
#5499 = CARTESIAN_POINT ( 'NONE',  ( 718.7917400848953093, 919.4506485289006150, 1322.044098589542727 ) ) ;
#5500 = CARTESIAN_POINT ( 'NONE',  ( 721.7426770412537280, 916.9027237492111908, 1314.660959315447144 ) ) ;
#5501 = CARTESIAN_POINT ( 'NONE',  ( 724.8028529620557947, 904.9778542203557663, 1316.346862437734217 ) ) ;
#5502 = ORIENTED_EDGE ( 'NONE', *, *, #3996, .T. ) ;
#5503 = ORIENTED_EDGE ( 'NONE', *, *, #186, .T. ) ;
#5504 = CARTESIAN_POINT ( 'NONE',  ( 716.7788798435888111, 914.7904195084723824, 1306.142399314107706 ) ) ;
#5505 = CARTESIAN_POINT ( 'NONE',  ( 711.9248443358941358, 906.9632849799462520, 1313.385851234708980 ) ) ;
#5506 = CARTESIAN_POINT ( 'NONE',  ( 718.7917400848953093, 919.4506485289006150, 1322.044098589542727 ) ) ;
#5507 = CARTESIAN_POINT ( 'NONE',  ( 712.5609321596399468, 911.8063951258375255, 1308.599522971538363 ) ) ;
#5508 = VERTEX_POINT ( 'NONE', #3344 ) ;
#5509 = CARTESIAN_POINT ( 'NONE',  ( 714.6893454039735616, 905.0013098157077138, 1314.816263986313743 ) ) ;
#5510 = EDGE_CURVE ( 'NONE', #2231, #148, #1065, .T. ) ;
#5511 = CARTESIAN_POINT ( 'NONE',  ( 718.1363949350969733, 909.2584804034338504, 1317.624377962681137 ) ) ;
#5512 = CARTESIAN_POINT ( 'NONE',  ( 727.5470309618225428, 910.9159478486899388, 1310.698175540537250 ) ) ;
#5513 = CARTESIAN_POINT ( 'NONE',  ( 718.7917400848953093, 919.4506485289006150, 1322.044098589542727 ) ) ;
#5514 = CARTESIAN_POINT ( 'NONE',  ( 718.7917400848953093, 919.4506485289006150, 1322.044098589542727 ) ) ;
#5515 = ORIENTED_EDGE ( 'NONE', *, *, #5510, .F. ) ;
#5516 = CONICAL_SURFACE ( 'NONE', #4840, 7.422524410953650786, 1.047197551196596965 ) ;
#5517 = PLANE ( 'NONE',  #2968 ) ;
#5518 = AXIS2_PLACEMENT_3D ( 'NONE', #2420, #4390, #3423 ) ;
#5519 = EDGE_CURVE ( 'NONE', #6759, #322, #6690, .T. ) ;
#5520 = ORIENTED_EDGE ( 'NONE', *, *, #5173, .T. ) ;
#5521 = CIRCLE ( 'NONE', #3519, 7.997732278218547819 ) ;
#5522 = DIRECTION ( 'NONE',  ( -0.1162306242541731038, 0.7463955445134947686, -0.6552740900691014225 ) ) ;
#5523 = CARTESIAN_POINT ( 'NONE',  ( 727.4256366342772253, 909.3945145874130276, 1311.896108639987006 ) ) ;
#5524 = B_SPLINE_SURFACE_WITH_KNOTS ( 'NONE', 3, 1, ( 
 ( #2899, #6593 ),
 ( #3442, #2441 ),
 ( #1782, #4416 ),
 ( #4030, #5003 ),
 ( #1293, #260 ),
 ( #2926, #5036 ),
 ( #4481, #807 ),
 ( #4515, #6659 ),
 ( #6142, #3899 ),
 ( #6629, #3999 ),
 ( #3505, #4257 ),
 ( #422, #5105 ) ),
 .UNSPECIFIED., .F., .F., .F.,
 ( 4, 1, 1, 1, 2, 1, 1, 1, 4 ),
 ( 2, 2 ),
 ( 0.000000000000000000, 0.2143883571535014076, 0.4287767143070028153, 0.6431650714605041674, 0.8575534286140056306, 0.8931650714605041674, 0.9287767143070029263, 0.9643883571535014632, 1.000000000000000000 ),
 ( 0.000000000000000000, 1.000000000000000000 ),
 .UNSPECIFIED. ) ;
#5525 = DIRECTION ( 'NONE',  ( 0.4995794874317981971, -0.6501979068846519549, -0.5724185685494481701 ) ) ;
#5526 = EDGE_CURVE ( 'NONE', #76, #2053, #2283, .T. ) ;
#5527 = ORIENTED_EDGE ( 'NONE', *, *, #5326, .T. ) ;
#5528 = CIRCLE ( 'NONE', #1083, 2.210505043370502687 ) ;
#5529 = ORIENTED_EDGE ( 'NONE', *, *, #2440, .T. ) ;
#5530 = FACE_OUTER_BOUND ( 'NONE', #3830, .T. ) ;
#5531 = CARTESIAN_POINT ( 'NONE',  ( 723.1477861131066902, 915.1703102956323619, 1306.516139417335580 ) ) ;
#5532 = CARTESIAN_POINT ( 'NONE',  ( 718.7917400848953093, 919.4506485289006150, 1322.044098589542727 ) ) ;
#5533 = FACE_OUTER_BOUND ( 'NONE', #5672, .T. ) ;
#5534 = CARTESIAN_POINT ( 'NONE',  ( 721.1144946293856037, 916.0097317088551563, 1307.443454355513495 ) ) ;
#5535 = CARTESIAN_POINT ( 'NONE',  ( 718.7917400848953093, 919.4506485289006150, 1322.044098589542727 ) ) ;
#5536 = CARTESIAN_POINT ( 'NONE',  ( 714.5399209151045170, 912.3157561115352792, 1314.631577517696996 ) ) ;
#5537 = VERTEX_POINT ( 'NONE', #3477 ) ;
#5538 = VERTEX_POINT ( 'NONE', #3543 ) ;
#5539 = B_SPLINE_CURVE_WITH_KNOTS ( 'NONE', 3,
 ( #3474, #4160, #2442, #516 ),
 .UNSPECIFIED., .F., .F.,
 ( 4, 4 ),
 ( 0.000000000000000000, 0.0004342962719680670759 ),
 .UNSPECIFIED. ) ;
#5540 = LINE ( 'NONE', #2383, #2746 ) ;
#5541 = CARTESIAN_POINT ( 'NONE',  ( 713.2886783631369099, 907.8791326451421355, 1313.923839576680393 ) ) ;
#5542 = CARTESIAN_POINT ( 'NONE',  ( 720.2487603634434663, 904.0611741621406736, 1315.728724396437428 ) ) ;
#5543 = FACE_OUTER_BOUND ( 'NONE', #1042, .T. ) ;
#5544 = ORIENTED_EDGE ( 'NONE', *, *, #1834, .T. ) ;
#5545 = CARTESIAN_POINT ( 'NONE',  ( 715.7773831930030610, 914.5534106708113313, 1306.377505502252461 ) ) ;
#5546 = CARTESIAN_POINT ( 'NONE',  ( 720.7110037533226432, 903.6401831800617401, 1317.104527220171576 ) ) ;
#5547 = EDGE_CURVE ( 'NONE', #4872, #5191, #2342, .T. ) ;
#5548 = DIRECTION ( 'NONE',  ( -0.07317157541021195033, 0.6515180314347920332, 0.7550961364404676912 ) ) ;
#5549 = ORIENTED_EDGE ( 'NONE', *, *, #6612, .T. ) ;
#5550 = CARTESIAN_POINT ( 'NONE',  ( 723.1052345958025853, 915.0511064519910178, 1306.530518237537535 ) ) ;
#5551 = ORIENTED_EDGE ( 'NONE', *, *, #931, .F. ) ;
#5552 = B_SPLINE_CURVE_WITH_KNOTS ( 'NONE', 1,
 ( #4219, #5358 ),
 .UNSPECIFIED., .F., .F.,
 ( 2, 2 ),
 ( 0.000000000000000000, 0.001499999999999916114 ),
 .UNSPECIFIED. ) ;
#5553 = EDGE_CURVE ( 'NONE', #3146, #4319, #6146, .T. ) ;
#5554 = CARTESIAN_POINT ( 'NONE',  ( 720.1999277102324868, 906.9121781678747993, 1307.512266668277789 ) ) ;
#5555 = CARTESIAN_POINT ( 'NONE',  ( 718.7917400848953093, 919.4506485289006150, 1322.044098589542727 ) ) ;
#5556 = PLANE ( 'NONE',  #6719 ) ;
#5557 = ORIENTED_EDGE ( 'NONE', *, *, #3788, .T. ) ;
#5558 = ORIENTED_EDGE ( 'NONE', *, *, #1369, .T. ) ;
#5559 = EDGE_CURVE ( 'NONE', #1572, #1808, #1981, .T. ) ;
#5560 = CARTESIAN_POINT ( 'NONE',  ( 716.6073689227880550, 916.4257372055014912, 1314.574886498848173 ) ) ;
#5561 = CARTESIAN_POINT ( 'NONE',  ( -23.24538222569418977, 736.1765910973490463, 1395.539921814816125 ) ) ;
#5562 = CARTESIAN_POINT ( 'NONE',  ( 713.5774823049486031, 906.3371321137464065, 1313.128072272021882 ) ) ;
#5563 = CARTESIAN_POINT ( 'NONE',  ( 727.3875558594091899, 909.8070692840072979, 1311.472360190440895 ) ) ;
#5564 = CARTESIAN_POINT ( 'NONE',  ( 723.7762303910650417, 916.0607854089922739, 1306.483695751492633 ) ) ;
#5565 = CARTESIAN_POINT ( 'NONE',  ( 718.7917400848953093, 919.4506485289006150, 1322.044098589542727 ) ) ;
#5566 = CARTESIAN_POINT ( 'NONE',  ( 714.2340153340178404, 915.1693030874758961, 1308.217452300532614 ) ) ;
#5567 = VERTEX_POINT ( 'NONE', #874 ) ;
#5568 = ORIENTED_EDGE ( 'NONE', *, *, #3697, .T. ) ;
#5569 = CARTESIAN_POINT ( 'NONE',  ( 728.2691016798048622, 910.5909160176893238, 1311.580508682285426 ) ) ;
#5570 = CARTESIAN_POINT ( 'NONE',  ( 712.9768930035306767, 909.8032575381632796, 1311.851516107310317 ) ) ;
#5571 = CARTESIAN_POINT ( 'NONE',  ( 718.7917400848953093, 919.4506485289006150, 1322.044098589542727 ) ) ;
#5572 = DIRECTION ( 'NONE',  ( -0.3507662288999645051, -0.4711461245949769006, -0.8093110538862250403 ) ) ;
#5573 = CARTESIAN_POINT ( 'NONE',  ( 714.4922743842389536, 904.6431374153148681, 1315.622070322637001 ) ) ;
#5574 = EDGE_LOOP ( 'NONE', ( #5714, #5607, #6679, #4431, #320 ) ) ;
#5575 = CARTESIAN_POINT ( 'NONE',  ( 712.9583186833888249, 911.7142402780619932, 1310.359361048035453 ) ) ;
#5576 = DIRECTION ( 'NONE',  ( -0.07317157541021195033, 0.6515180314347920332, 0.7550961364404676912 ) ) ;
#5577 = PERSON_AND_ORGANIZATION_ROLE ( 'design_owner' ) ;
#5578 = CARTESIAN_POINT ( 'NONE',  ( 713.1684305829253390, 911.6106243287091502, 1310.310754265903824 ) ) ;
#5579 = ORIENTED_EDGE ( 'NONE', *, *, #4466, .T. ) ;
#5580 = CARTESIAN_POINT ( 'NONE',  ( 715.7302343911311482, 913.4210877404663051, 1317.156058162231830 ) ) ;
#5581 = VECTOR ( 'NONE', #3291, 1000.000000000000227 ) ;
#5582 = ORIENTED_EDGE ( 'NONE', *, *, #6027, .T. ) ;
#5583 = EDGE_CURVE ( 'NONE', #4475, #6718, #4486, .T. ) ;
#5584 = CARTESIAN_POINT ( 'NONE',  ( 711.9112027838834820, 909.4965251783399935, 1312.886994458531717 ) ) ;
#5585 = CARTESIAN_POINT ( 'NONE',  ( 720.5750127249536945, 917.4614591490625344, 1314.139389617306051 ) ) ;
#5586 = DIRECTION ( 'NONE',  ( 0.9670592738890174678, 0.2314397642216899920, -0.1059811130449906241 ) ) ;
#5587 = ORIENTED_EDGE ( 'NONE', *, *, #3739, .T. ) ;
#5588 = EDGE_CURVE ( 'NONE', #933, #5000, #170, .T. ) ;
#5589 = ORIENTED_EDGE ( 'NONE', *, *, #6752, .T. ) ;
#5590 = FACE_OUTER_BOUND ( 'NONE', #2292, .T. ) ;
#5591 = DIRECTION ( 'NONE',  ( 0.1162306242541731038, -0.7463955445134947686, 0.6552740900691014225 ) ) ;
#5592 = CARTESIAN_POINT ( 'NONE',  ( 713.1841469039702588, 905.5857167850474525, 1314.620814969183584 ) ) ;
#5593 = LINE ( 'NONE', #841, #4297 ) ;
#5594 = CARTESIAN_POINT ( 'NONE',  ( 721.2331510179055840, 916.3317640555852677, 1307.400521605218501 ) ) ;
#5595 = CARTESIAN_POINT ( 'NONE',  ( 714.0004728724369443, 907.5740627547928625, 1313.874034278326690 ) ) ;
#5596 = CARTESIAN_POINT ( 'NONE',  ( 721.3165265089282912, 915.4121276941157248, 1306.045686677722642 ) ) ;
#5597 = VERTEX_POINT ( 'NONE', #1949 ) ;
#5598 = ADVANCED_FACE ( 'NONE', ( #6562 ), #5022, .F. ) ;
#5599 = ORIENTED_EDGE ( 'NONE', *, *, #3403, .T. ) ;
#5600 = AXIS2_PLACEMENT_3D ( 'NONE', #3277, #1755, #81 ) ;
#5601 = CARTESIAN_POINT ( 'NONE',  ( 717.0420831527962946, 914.8931741796083088, 1306.078942274207066 ) ) ;
#5602 = CARTESIAN_POINT ( 'NONE',  ( 712.3994488961034222, 906.8136816653662891, 1313.255734601762697 ) ) ;
#5603 = B_SPLINE_CURVE_WITH_KNOTS ( 'NONE', 1,
 ( #2135, #474 ),
 .UNSPECIFIED., .F., .F.,
 ( 2, 2 ),
 ( 0.000000000000000000, 0.001500000000000026703 ),
 .UNSPECIFIED. ) ;
#5604 = CARTESIAN_POINT ( 'NONE',  ( 713.6864337435505377, 907.8444379746346158, 1313.689170445854188 ) ) ;
#5605 = CARTESIAN_POINT ( 'NONE',  ( 719.7630869372607094, 909.1909989510606920, 1317.833849127472604 ) ) ;
#5606 = DIRECTION ( 'NONE',  ( -0.1372444610069447624, 0.9721565185376013218, -0.1899359402213380843 ) ) ;
#5607 = ORIENTED_EDGE ( 'NONE', *, *, #5123, .T. ) ;
#5608 = CARTESIAN_POINT ( 'NONE',  ( 713.0648161630141431, 911.6642042445447487, 1310.333132431504282 ) ) ;
#5609 = EDGE_CURVE ( 'NONE', #5000, #3875, #2817, .T. ) ;
#5610 = CARTESIAN_POINT ( 'NONE',  ( 716.2664179869109375, 912.8049383401994419, 1317.665973473322993 ) ) ;
#5611 = DATE_TIME_ROLE ( 'creation_date' ) ;
#5612 = DIRECTION ( 'NONE',  ( 0.000000000000000000, -0.6671227630881352288, -0.7449477961371867574 ) ) ;
#5613 = EDGE_LOOP ( 'NONE', ( #4446, #5256, #4797, #6716 ) ) ;
#5614 = DIRECTION ( 'NONE',  ( 0.4843354003972347721, -0.4367345084596725435, -0.7580779571010745066 ) ) ;
#5615 = EDGE_CURVE ( 'NONE', #5403, #3407, #390, .T. ) ;
#5616 = ORIENTED_EDGE ( 'NONE', *, *, #459, .T. ) ;
#5617 = CARTESIAN_POINT ( 'NONE',  ( 718.5395824739100590, 905.0042932559606470, 1317.405331817846445 ) ) ;
#5618 = AXIS2_PLACEMENT_3D ( 'NONE', #1802, #6583, #4924 ) ;
#5619 = CARTESIAN_POINT ( 'NONE',  ( 727.7026396509942288, 907.6034994436450916, 1314.347919977682523 ) ) ;
#5620 = DIRECTION ( 'NONE',  ( 0.06407288559673256223, -0.3206384871028061800, 0.9450320766618092172 ) ) ;
#5621 = ORIENTED_EDGE ( 'NONE', *, *, #844, .F. ) ;
#5622 = VERTEX_POINT ( 'NONE', #5212 ) ;
#5623 = CIRCLE ( 'NONE', #3628, 7.997732278218547819 ) ;
#5624 = CARTESIAN_POINT ( 'NONE',  ( 728.0774247815875242, 911.0549118458249040, 1311.022043854430876 ) ) ;
#5625 = CARTESIAN_POINT ( 'NONE',  ( 720.7913425307970101, 905.0970807841662236, 1317.543475926995143 ) ) ;
#5626 = CARTESIAN_POINT ( 'NONE',  ( 717.0536541582465588, 915.0794763905158788, 1319.072089817035931 ) ) ;
#5627 = ADVANCED_FACE ( 'NONE', ( #5792 ), #2132, .F. ) ;
#5628 = CARTESIAN_POINT ( 'NONE',  ( 718.7917400848953093, 919.4506485289006150, 1322.044098589542727 ) ) ;
#5629 = CARTESIAN_POINT ( 'NONE',  ( 723.3357446245947813, 915.5552653219631338, 1306.476089944650084 ) ) ;
#5630 = VECTOR ( 'NONE', #368, 1000.000000000000000 ) ;
#5631 = CARTESIAN_POINT ( 'NONE',  ( 726.3753816192111117, 913.7542409456252699, 1308.324616001727918 ) ) ;
#5632 = CARTESIAN_POINT ( 'NONE',  ( 719.0027737742674390, 915.6227111040043383, 1307.338019141255700 ) ) ;
#5633 = VERTEX_POINT ( 'NONE', #3163 ) ;
#5634 = B_SPLINE_CURVE_WITH_KNOTS ( 'NONE', 3,
 ( #4626, #2556, #2025, #5186, #4659, #6840, #945, #981 ),
 .UNSPECIFIED., .F., .F.,
 ( 4, 2, 2, 4 ),
 ( 0.000000000000000000, 0.0003785376244288411783, 0.0007570752488576823567, 0.001514150497715188639 ),
 .UNSPECIFIED. ) ;
#5635 = ORIENTED_EDGE ( 'NONE', *, *, #6646, .T. ) ;
#5636 = CIRCLE ( 'NONE', #542, 2.210505043370490252 ) ;
#5637 = CARTESIAN_POINT ( 'NONE',  ( 717.7848728030792245, 905.5593866238757528, 1315.979150048765177 ) ) ;
#5638 = DIRECTION ( 'NONE',  ( 0.1162306242541731038, -0.7463955445134947686, 0.6552740900691014225 ) ) ;
#5639 = CARTESIAN_POINT ( 'NONE',  ( 723.3545414298508831, 916.4036695058126725, 1307.900754648390830 ) ) ;
#5640 = EDGE_CURVE ( 'NONE', #4404, #3480, #4050, .T. ) ;
#5641 = CARTESIAN_POINT ( 'NONE',  ( 712.4210253512096642, 913.3043929477137226, 1307.886976376130406 ) ) ;
#5642 = LINE ( 'NONE', #884, #3050 ) ;
#5643 = CARTESIAN_POINT ( 'NONE',  ( 723.9954560898142972, 914.7144066242252620, 1306.907297967192335 ) ) ;
#5644 = ORIENTED_EDGE ( 'NONE', *, *, #6853, .T. ) ;
#5645 = DIRECTION ( 'NONE',  ( -0.07317157541021195033, 0.6515180314347920332, 0.7550961364404673581 ) ) ;
#5646 = CARTESIAN_POINT ( 'NONE',  ( 716.6610404514802894, 905.7247990133263329, 1315.928411516680626 ) ) ;
#5647 = ADVANCED_FACE ( 'NONE', ( #1537 ), #4682, .F. ) ;
#5648 = CARTESIAN_POINT ( 'NONE',  ( 722.4385392047821597, 904.1933553765748002, 1316.377950219765580 ) ) ;
#5649 = VERTEX_POINT ( 'NONE', #6796 ) ;
#5650 = DIRECTION ( 'NONE',  ( 0.1162306242541731038, -0.7463955445134947686, 0.6552740900691014225 ) ) ;
#5651 = ORIENTED_EDGE ( 'NONE', *, *, #5519, .T. ) ;
#5652 = CARTESIAN_POINT ( 'NONE',  ( 711.4448505688276327, 911.8378033512198044, 1309.119005147312464 ) ) ;
#5653 = CARTESIAN_POINT ( 'NONE',  ( 711.9112027838834820, 909.4965251783399935, 1312.886994458531717 ) ) ;
#5654 = DIRECTION ( 'NONE',  ( 0.07317157541021193645, -0.6515180314347919222, -0.7550961364404674692 ) ) ;
#5655 = VERTEX_POINT ( 'NONE', #3652 ) ;
#5656 = ORIENTED_EDGE ( 'NONE', *, *, #5720, .F. ) ;
#5657 = CARTESIAN_POINT ( 'NONE',  ( 718.7917400848953093, 919.4506485289006150, 1322.044098589542727 ) ) ;
#5658 = CARTESIAN_POINT ( 'NONE',  ( 724.6487405021185850, 905.5664458134302777, 1314.863719644903540 ) ) ;
#5659 = CARTESIAN_POINT ( 'NONE',  ( 718.7917400848953093, 919.4506485289006150, 1322.044098589542727 ) ) ;
#5660 = CARTESIAN_POINT ( 'NONE',  ( 714.7347362492879483, 914.4479772596247358, 1306.669814070655548 ) ) ;
#5661 = CARTESIAN_POINT ( 'NONE',  ( 722.7963877885584907, 905.8823923306802044, 1316.568014668844398 ) ) ;
#5662 = DIRECTION ( 'NONE',  ( 0.4284049234125024697, -0.7658444604006291456, -0.4795325683095955638 ) ) ;
#5663 = ORIENTED_EDGE ( 'NONE', *, *, #1654, .F. ) ;
#5664 = ORIENTED_EDGE ( 'NONE', *, *, #2604, .T. ) ;
#5665 = EDGE_CURVE ( 'NONE', #6376, #4156, #6040, .T. ) ;
#5666 = FACE_OUTER_BOUND ( 'NONE', #2708, .T. ) ;
#5667 = DIRECTION ( 'NONE',  ( -0.3701797881304045301, -0.5161050616807397740, -0.7724004724022691670 ) ) ;
#5668 = CARTESIAN_POINT ( 'NONE',  ( 723.1622065774962493, 906.2678655013550042, 1315.888875762403813 ) ) ;
#5669 = CARTESIAN_POINT ( 'NONE',  ( 725.5689445292479149, 915.2558028633848153, 1307.403230658996335 ) ) ;
#5670 = CARTESIAN_POINT ( 'NONE',  ( 718.7917400848953093, 919.4506485289006150, 1322.044098589542727 ) ) ;
#5671 = CARTESIAN_POINT ( 'NONE',  ( 718.7917400848953093, 919.4506485289006150, 1322.044098589542727 ) ) ;
#5672 = EDGE_LOOP ( 'NONE', ( #3441, #1477, #160, #361 ) ) ;
#5673 = DIRECTION ( 'NONE',  ( 0.3068342495308562512, -0.8644941219551567357, -0.3981239209339458296 ) ) ;
#5674 = ADVANCED_FACE ( 'NONE', ( #2083 ), #1599, .F. ) ;
#5675 = CARTESIAN_POINT ( 'NONE',  ( 718.7917400848953093, 919.4506485289006150, 1322.044098589542727 ) ) ;
#5676 = APPROVAL_STATUS ( 'not_yet_approved' ) ;
#5677 = DIRECTION ( 'NONE',  ( 0.2137206548752990376, -0.2383992483146277486, -0.9473591083019646808 ) ) ;
#5678 = VERTEX_POINT ( 'NONE', #2227 ) ;
#5679 = DIRECTION ( 'NONE',  ( 0.07317157541021196421, -0.6515180314347921442, -0.7550961364404672471 ) ) ;
#5680 = ORIENTED_EDGE ( 'NONE', *, *, #4231, .F. ) ;
#5681 = ADVANCED_FACE ( 'NONE', ( #3229 ), #1074, .T. ) ;
#5682 = CARTESIAN_POINT ( 'NONE',  ( 711.6581687032095260, 911.5843515789541698, 1309.171803390004243 ) ) ;
#5683 = CARTESIAN_POINT ( 'NONE',  ( 720.0732537342868227, 908.0400803481887806, 1308.819482336218925 ) ) ;
#5684 = CONICAL_SURFACE ( 'NONE', #3379, 8.788285345454690756, 0.5551083433337287154 ) ;
#5685 = CARTESIAN_POINT ( 'NONE',  ( 726.5739979951758869, 914.4929168981130942, 1309.996846612849822 ) ) ;
#5686 = ORIENTED_EDGE ( 'NONE', *, *, #6528, .F. ) ;
#5687 = ADVANCED_FACE ( 'NONE', ( #4371 ), #5932, .F. ) ;
#5688 = ORIENTED_EDGE ( 'NONE', *, *, #2158, .T. ) ;
#5689 = CARTESIAN_POINT ( 'NONE',  ( 719.0062891430318359, 915.3671897972571969, 1305.860361288036302 ) ) ;
#5690 = CARTESIAN_POINT ( 'NONE',  ( 714.1609642221205831, 905.5377374367113816, 1314.086021917795961 ) ) ;
#5691 = CARTESIAN_POINT ( 'NONE',  ( 723.3162597404329972, 904.8356817563615095, 1315.367288693701767 ) ) ;
#5692 = CARTESIAN_POINT ( 'NONE',  ( 726.5201740236757360, 913.0740070813882312, 1310.651070144772120 ) ) ;
#5693 = CARTESIAN_POINT ( 'NONE',  ( 715.4833121284103754, 905.9185475789214479, 1316.044348231297135 ) ) ;
#5694 = CARTESIAN_POINT ( 'NONE',  ( 722.1048219955221157, 912.7329260740178825, 1318.367544101160547 ) ) ;
#5695 = VERTEX_POINT ( 'NONE', #1744 ) ;
#5696 = EDGE_CURVE ( 'NONE', #6004, #1426, #6780, .T. ) ;
#5697 = VERTEX_POINT ( 'NONE', #2713 ) ;
#5698 = CARTESIAN_POINT ( 'NONE',  ( 719.8286610700904475, 910.2179278277214962, 1311.343563233765735 ) ) ;
#5699 = AXIS2_PLACEMENT_3D ( 'NONE', #2795, #5836, #5006 ) ;
#5700 = DIRECTION ( 'NONE',  ( 0.07317157541021196421, -0.6515180314347921442, -0.7550961364404672471 ) ) ;
#5701 = CARTESIAN_POINT ( 'NONE',  ( 724.5128904101035232, 915.2763883035410117, 1308.628948008021553 ) ) ;
#5702 = CARTESIAN_POINT ( 'NONE',  ( 712.3728925818854805, 913.4015207592190109, 1307.859716766206475 ) ) ;
#5703 = CARTESIAN_POINT ( 'NONE',  ( 718.7917400848953093, 919.4506485289006150, 1322.044098589542727 ) ) ;
#5704 = B_SPLINE_CURVE_WITH_KNOTS ( 'NONE', 3,
 ( #1976, #6274, #1423, #4575, #6209, #4163, #6757, #2011 ),
 .UNSPECIFIED., .F., .F.,
 ( 4, 2, 2, 4 ),
 ( 0.000000000000000000, 0.0006560729127573336397, 0.0009841093691360003511, 0.001312145825514667279 ),
 .UNSPECIFIED. ) ;
#5705 = CARTESIAN_POINT ( 'NONE',  ( 719.3824117802817000, 904.0312770432814204, 1315.677979626077558 ) ) ;
#5706 = EDGE_LOOP ( 'NONE', ( #1691, #17, #700, #3297 ) ) ;
#5707 = CARTESIAN_POINT ( 'NONE',  ( 719.7353845055382635, 911.0484602219646604, 1312.306133372769409 ) ) ;
#5708 =( BOUNDED_SURFACE ( )  B_SPLINE_SURFACE ( 3, 3, ( 
 ( #4980, #3381, #1758, #1196 ),
 ( #2238, #3346, #2905, #2799 ),
 ( #5432, #5010, #4905, #3874 ),
 ( #2835, #683, #5536, #3449 ) ),
 .UNSPECIFIED., .F., .F., .T. ) 
 B_SPLINE_SURFACE_WITH_KNOTS ( ( 4, 4 ),
 ( 4, 4 ),
 ( 0.000000000000000000, 1.000000000000000000 ),
 ( 0.000000000000000000, 1.000000000000000000 ),
 .UNSPECIFIED. ) 
 GEOMETRIC_REPRESENTATION_ITEM ( )  RATIONAL_B_SPLINE_SURFACE ( (
 ( 1.000000000000000000, 1.000000000000000000, 1.000000000000000000, 1.000000000000000000),
 ( 0.9991685004514068158, 0.9991685004514069268, 0.9991685004514069268, 0.9991685004514068158),
 ( 0.9991685004514068158, 0.9991685004514069268, 0.9991685004514069268, 0.9991685004514068158),
 ( 1.000000000000000000, 1.000000000000000000, 1.000000000000000000, 1.000000000000000000) ) ) 
 REPRESENTATION_ITEM ( '' )  SURFACE ( )  );
#5709 = CIRCLE ( 'NONE', #2722, 8.788285345454690756 ) ;
#5710 = CARTESIAN_POINT ( 'NONE',  ( 718.7917400848953093, 919.4506485289006150, 1322.044098589542727 ) ) ;
#5711 = CARTESIAN_POINT ( 'NONE',  ( 722.3883117453257228, 915.6865175802719250, 1306.203953971110423 ) ) ;
#5712 = CARTESIAN_POINT ( 'NONE',  ( 713.5897426448706256, 913.1290328925163067, 1307.508855552441219 ) ) ;
#5713 = EDGE_CURVE ( 'NONE', #6688, #3605, #1321, .T. ) ;
#5714 = ORIENTED_EDGE ( 'NONE', *, *, #1775, .F. ) ;
#5715 = CARTESIAN_POINT ( 'NONE',  ( 721.4975002138744458, 914.4108749426806071, 1313.922712048691892 ) ) ;
#5716 = VERTEX_POINT ( 'NONE', #2190 ) ;
#5717 = B_SPLINE_CURVE_WITH_KNOTS ( 'NONE', 3,
 ( #5900, #6414, #1669, #1144 ),
 .UNSPECIFIED., .F., .F.,
 ( 4, 4 ),
 ( 0.000000000000000000, 0.0008686782177528524313 ),
 .UNSPECIFIED. ) ;
#5718 = CARTESIAN_POINT ( 'NONE',  ( 727.7059169770795961, 911.6605797933457325, 1312.550353241938637 ) ) ;
#5719 = FACE_OUTER_BOUND ( 'NONE', #3031, .T. ) ;
#5720 = EDGE_CURVE ( 'NONE', #2838, #2131, #396, .T. ) ;
#5721 = CARTESIAN_POINT ( 'NONE',  ( 718.5577321491192606, 911.7295382419397356, 1318.889569170440609 ) ) ;
#5722 = CARTESIAN_POINT ( 'NONE',  ( 718.7917400848953093, 919.4506485289006150, 1322.044098589542727 ) ) ;
#5723 = VERTEX_POINT ( 'NONE', #1705 ) ;
#5724 = CARTESIAN_POINT ( 'NONE',  ( 721.3670326189510433, 917.2130612204878162, 1317.645962327851748 ) ) ;
#5725 = CARTESIAN_POINT ( 'NONE',  ( 718.5811638307119438, 911.7658028318554670, 1318.786875938597404 ) ) ;
#5726 = EDGE_CURVE ( 'NONE', #411, #1630, #6160, .T. ) ;
#5727 = FACE_OUTER_BOUND ( 'NONE', #2362, .T. ) ;
#5728 = CARTESIAN_POINT ( 'NONE',  ( 720.3085780383505607, 915.8182136094059160, 1307.372235128816328 ) ) ;
#5729 = LINE ( 'NONE', #458, #2524 ) ;
#5730 = CARTESIAN_POINT ( 'NONE',  ( 718.7917400848953093, 919.4506485289006150, 1322.044098589542727 ) ) ;
#5731 = ORIENTED_EDGE ( 'NONE', *, *, #1003, .F. ) ;
#5732 = VECTOR ( 'NONE', #3476, 1000.000000000000000 ) ;
#5733 = ORIENTED_EDGE ( 'NONE', *, *, #4112, .F. ) ;
#5734 = CARTESIAN_POINT ( 'NONE',  ( 719.8286610700904475, 910.2179278277214962, 1311.343563233765735 ) ) ;
#5735 = DIRECTION ( 'NONE',  ( 0.6928414107261240407, 0.5778048929599983730, -0.4314073310161977148 ) ) ;
#5736 = CARTESIAN_POINT ( 'NONE',  ( 723.2646276987792362, 906.3178204288929010, 1315.855767663182860 ) ) ;
#5737 = VECTOR ( 'NONE', #5606, 1000.000000000000000 ) ;
#5738 = CARTESIAN_POINT ( 'NONE',  ( 713.2660338670693818, 912.2274781569971083, 1308.042794432777782 ) ) ;
#5739 = FACE_OUTER_BOUND ( 'NONE', #6173, .T. ) ;
#5740 = CARTESIAN_POINT ( 'NONE',  ( 719.8286610700904475, 910.2179278277214962, 1311.343563233765735 ) ) ;
#5741 = VERTEX_POINT ( 'NONE', #3792 ) ;
#5742 = DIRECTION ( 'NONE',  ( 0.1162306242541561591, -0.7463955445135177502, 0.6552740900690781078 ) ) ;
#5743 = VECTOR ( 'NONE', #5404, 1000.000000000000114 ) ;
#5744 = CARTESIAN_POINT ( 'NONE',  ( 718.7917400848953093, 919.4506485289006150, 1322.044098589542727 ) ) ;
#5745 = CARTESIAN_POINT ( 'NONE',  ( 725.7829308965468726, 915.3860260426627065, 1307.461374290964841 ) ) ;
#5746 = CARTESIAN_POINT ( 'NONE',  ( 716.6601976537406244, 903.8622182814697226, 1316.520411218405570 ) ) ;
#5747 = ORIENTED_EDGE ( 'NONE', *, *, #5252, .T. ) ;
#5748 = CARTESIAN_POINT ( 'NONE',  ( 714.1143218607929839, 913.8006532567510476, 1307.072316090234153 ) ) ;
#5749 = VERTEX_POINT ( 'NONE', #5902 ) ;
#5750 = EDGE_CURVE ( 'NONE', #470, #4640, #3266, .T. ) ;
#5751 = B_SPLINE_SURFACE_WITH_KNOTS ( 'NONE', 3, 1, ( 
 ( #574, #1159 ),
 ( #2728, #2625 ),
 ( #2658, #1550 ),
 ( #1649, #3769 ),
 ( #643, #4728 ),
 ( #5880, #3694 ),
 ( #5353, #2061 ),
 ( #5805, #3209 ),
 ( #2130, #6357 ),
 ( #1121, #539 ),
 ( #4180, #1683 ),
 ( #1614, #609 ) ),
 .UNSPECIFIED., .F., .F., .F.,
 ( 4, 1, 1, 1, 2, 1, 1, 1, 4 ),
 ( 2, 2 ),
 ( 0.000000000000000000, 0.2143883571535014076, 0.4287767143070028153, 0.6431650714605041674, 0.8575534286140056306, 0.8931650714605041674, 0.9287767143070029263, 0.9643883571535014632, 1.000000000000000000 ),
 ( 0.000000000000000000, 1.000000000000000000 ),
 .UNSPECIFIED. ) ;
#5752 = CARTESIAN_POINT ( 'NONE',  ( 714.9116722027983997, 906.0857943648326227, 1316.004501454191313 ) ) ;
#5753 = CARTESIAN_POINT ( 'NONE',  ( 719.8286610700904475, 910.2179278277214962, 1311.343563233765735 ) ) ;
#5754 = CARTESIAN_POINT ( 'NONE',  ( 711.4547005736028495, 908.3871783922941177, 1311.961949823338273 ) ) ;
#5755 = CARTESIAN_POINT ( 'NONE',  ( 714.1850383194367851, 914.7924525953103512, 1306.693330486344848 ) ) ;
#5756 = CARTESIAN_POINT ( 'NONE',  ( 725.7531357513607873, 907.3624840945350343, 1316.069638590711747 ) ) ;
#5757 = ORIENTED_EDGE ( 'NONE', *, *, #4150, .F. ) ;
#5758 = EDGE_CURVE ( 'NONE', #3992, #5537, #5864, .T. ) ;
#5759 = CARTESIAN_POINT ( 'NONE',  ( 726.2785773906738314, 909.3106990791517319, 1313.565409167605821 ) ) ;
#5760 = CARTESIAN_POINT ( 'NONE',  ( 721.6350756390286278, 909.6322246650507850, 1317.634549807987014 ) ) ;
#5761 = CARTESIAN_POINT ( 'NONE',  ( 718.7917400848953093, 919.4506485289006150, 1322.044098589542727 ) ) ;
#5762 = CARTESIAN_POINT ( 'NONE',  ( 727.1351064849521890, 914.1406787797476454, 1308.591253848364659 ) ) ;
#5763 = CARTESIAN_POINT ( 'NONE',  ( 718.7917400848953093, 919.4506485289006150, 1322.044098589542727 ) ) ;
#5764 = EDGE_LOOP ( 'NONE', ( #2266, #5047, #6566, #1493 ) ) ;
#5765 = EDGE_LOOP ( 'NONE', ( #4785, #908, #6499, #1912 ) ) ;
#5766 = EDGE_CURVE ( 'NONE', #2912, #4544, #4958, .T. ) ;
#5767 = CARTESIAN_POINT ( 'NONE',  ( 719.9990632139672471, 905.4408178177282025, 1316.296024871223835 ) ) ;
#5768 = CARTESIAN_POINT ( 'NONE',  ( 718.7917400848953093, 919.4506485289006150, 1322.044098589542727 ) ) ;
#5769 = CARTESIAN_POINT ( 'NONE',  ( 727.3035659014886960, 913.3233007365009826, 1311.076721893453623 ) ) ;
#5770 = FACE_OUTER_BOUND ( 'NONE', #479, .T. ) ;
#5771 = CARTESIAN_POINT ( 'NONE',  ( 720.4879647591109233, 903.7399296763788925, 1316.696596853206756 ) ) ;
#5772 = CARTESIAN_POINT ( 'NONE',  ( 718.9869893126941633, 915.7345186558816295, 1307.316174641851831 ) ) ;
#5773 = VERTEX_POINT ( 'NONE', #6303 ) ;
#5774 = CARTESIAN_POINT ( 'NONE',  ( 715.5926260539566783, 914.5185996224694236, 1308.036461380985884 ) ) ;
#5775 = ORIENTED_EDGE ( 'NONE', *, *, #4406, .F. ) ;
#5776 = EDGE_CURVE ( 'NONE', #75, #575, #3497, .T. ) ;
#5777 = CARTESIAN_POINT ( 'NONE',  ( 715.5129246411421491, 904.6198443454911740, 1315.153416670289744 ) ) ;
#5778 = CARTESIAN_POINT ( 'NONE',  ( 713.7046722733583692, 913.0262882109609563, 1307.514119640678018 ) ) ;
#5779 = DIRECTION ( 'NONE',  ( -0.9440914051104508653, 0.1987912039571371192, -0.2630085094171795701 ) ) ;
#5780 = ORIENTED_EDGE ( 'NONE', *, *, #2943, .F. ) ;
#5781 = CARTESIAN_POINT ( 'NONE',  ( 713.9149978253416293, 914.2643524537362509, 1306.973950027279216 ) ) ;
#5782 = CARTESIAN_POINT ( 'NONE',  ( 724.3042926677981086, 904.9578944083342549, 1315.899082924250479 ) ) ;
#5783 = CARTESIAN_POINT ( 'NONE',  ( 712.8590700442018715, 907.3840872001194384, 1312.152945744334829 ) ) ;
#5784 = CARTESIAN_POINT ( 'NONE',  ( 718.7917400848953093, 919.4506485289006150, 1322.044098589542727 ) ) ;
#5785 = B_SPLINE_CURVE_WITH_KNOTS ( 'NONE', 3,
 ( #6426, #5351, #1786, #6496 ),
 .UNSPECIFIED., .F., .F.,
 ( 4, 4 ),
 ( 0.000000000000000000, 0.0008686782177528525398 ),
 .UNSPECIFIED. ) ;
#5786 = CARTESIAN_POINT ( 'NONE',  ( 727.7111982616219166, 912.6106787990735256, 1309.737688078643259 ) ) ;
#5787 = LINE ( 'NONE', #5897, #1071 ) ;
#5788 = ORIENTED_EDGE ( 'NONE', *, *, #95, .F. ) ;
#5789 = AXIS2_PLACEMENT_3D ( 'NONE', #2141, #26, #6692 ) ;
#5790 = CARTESIAN_POINT ( 'NONE',  ( 727.1832811482867100, 911.4360677668179278, 1310.044852175300093 ) ) ;
#5791 = CARTESIAN_POINT ( 'NONE',  ( 717.4950070290650501, 904.1762316881728339, 1315.454362479319116 ) ) ;
#5792 = FACE_OUTER_BOUND ( 'NONE', #6047, .T. ) ;
#5793 = CARTESIAN_POINT ( 'NONE',  ( 726.2007014006346708, 913.6183631216239291, 1308.280526974087479 ) ) ;
#5794 = EDGE_CURVE ( 'NONE', #4013, #6269, #4618, .T. ) ;
#5795 = CARTESIAN_POINT ( 'NONE',  ( 718.7917400848953093, 919.4506485289006150, 1322.044098589542727 ) ) ;
#5796 = ORIENTED_EDGE ( 'NONE', *, *, #879, .F. ) ;
#5797 = ORIENTED_EDGE ( 'NONE', *, *, #4495, .F. ) ;
#5798 = DIRECTION ( 'NONE',  ( -0.07317157541021195033, 0.6515180314347920332, 0.7550961364404676912 ) ) ;
#5799 = CARTESIAN_POINT ( 'NONE',  ( 726.1009922610592184, 913.6252477253073039, 1310.090615537175154 ) ) ;
#5800 = CARTESIAN_POINT ( 'NONE',  ( 718.5591765237545587, 915.8681645021177928, 1307.293826575755929 ) ) ;
#5801 = CARTESIAN_POINT ( 'NONE',  ( 715.7485730739766723, 915.3066885854145767, 1312.174426390675535 ) ) ;
#5802 = CARTESIAN_POINT ( 'NONE',  ( 720.7286138971588798, 903.6080876910427833, 1317.119464218834310 ) ) ;
#5803 = CARTESIAN_POINT ( 'NONE',  ( 718.3890944246159052, 903.7191771778343536, 1316.552228022881309 ) ) ;
#5804 = ADVANCED_FACE ( 'NONE', ( #6788 ), #5844, .F. ) ;
#5805 = CARTESIAN_POINT ( 'NONE',  ( 718.7917400848953093, 919.4506485289006150, 1322.044098589542727 ) ) ;
#5806 = VERTEX_POINT ( 'NONE', #5300 ) ;
#5807 = CARTESIAN_POINT ( 'NONE',  ( 720.7110037533226432, 903.6401831800617401, 1317.104527220171576 ) ) ;
#5808 = FACE_OUTER_BOUND ( 'NONE', #6347, .T. ) ;
#5809 = CARTESIAN_POINT ( 'NONE',  ( 719.9597430365818127, 904.0425805184660248, 1315.723869377854271 ) ) ;
#5810 = CARTESIAN_POINT ( 'NONE',  ( 718.7917400848953093, 919.4506485289006150, 1322.044098589542727 ) ) ;
#5811 = EDGE_CURVE ( 'NONE', #2312, #2079, #3715, .T. ) ;
#5812 = ORIENTED_EDGE ( 'NONE', *, *, #24, .T. ) ;
#5813 = AXIS2_PLACEMENT_3D ( 'NONE', #4965, #5029, #2435 ) ;
#5814 = DIRECTION ( 'NONE',  ( 0.1162306242541707169, -0.7463955445134997646, 0.6552740900690960935 ) ) ;
#5815 = B_SPLINE_CURVE_WITH_KNOTS ( 'NONE', 3,
 ( #192, #2306, #3902, #6016, #5498, #2444, #3097, #4550 ),
 .UNSPECIFIED., .F., .F.,
 ( 4, 2, 2, 4 ),
 ( 0.000000000000000000, 0.0003785376244286338789, 0.0007570752488572677578, 0.001514150497714943609 ),
 .UNSPECIFIED. ) ;
#5816 = CARTESIAN_POINT ( 'NONE',  ( 720.4678097669163890, 915.7866675346807597, 1305.860961061985108 ) ) ;
#5817 = DIRECTION ( 'NONE',  ( 0.000000000000000000, -0.7571257123220861418, 0.6532692061782597870 ) ) ;
#5818 = CARTESIAN_POINT ( 'NONE',  ( 725.0833919157385026, 905.8770280933676986, 1314.640027562567184 ) ) ;
#5819 = EDGE_CURVE ( 'NONE', #3940, #706, #3599, .T. ) ;
#5820 = CARTESIAN_POINT ( 'NONE',  ( 718.7917400848953093, 919.4506485289006150, 1322.044098589542727 ) ) ;
#5821 = CARTESIAN_POINT ( 'NONE',  ( 713.0501776349947249, 911.1957923039803973, 1310.657030349393381 ) ) ;
#5822 = AXIS2_PLACEMENT_3D ( 'NONE', #2216, #5443, #3290 ) ;
#5823 = ORIENTED_EDGE ( 'NONE', *, *, #6237, .F. ) ;
#5824 = CARTESIAN_POINT ( 'NONE',  ( 718.7917400848953093, 919.4506485289006150, 1322.044098589542727 ) ) ;
#5825 = VECTOR ( 'NONE', #2624, 999.9999999999998863 ) ;
#5826 = CARTESIAN_POINT ( 'NONE',  ( 723.7767371988970808, 911.1804429726911394, 1316.512624770198954 ) ) ;
#5827 = CARTESIAN_POINT ( 'NONE',  ( 712.7503765453830056, 913.5144098723634443, 1307.685746709475779 ) ) ;
#5828 = CARTESIAN_POINT ( 'NONE',  ( 722.5762780757007704, 916.1413618491125135, 1312.115876560912284 ) ) ;
#5829 = CARTESIAN_POINT ( 'NONE',  ( 631.1046698601255684, 1178.065514284599885, 1077.674731432075305 ) ) ;
#5830 = ORIENTED_EDGE ( 'NONE', *, *, #5553, .T. ) ;
#5831 = ORIENTED_EDGE ( 'NONE', *, *, #5547, .F. ) ;
#5832 = VECTOR ( 'NONE', #5525, 1000.000000000000114 ) ;
#5833 = EDGE_CURVE ( 'NONE', #5622, #5313, #1239, .T. ) ;
#5834 = CARTESIAN_POINT ( 'NONE',  ( 723.0933358434712090, 904.6949721153777091, 1315.531189331764381 ) ) ;
#5835 = CARTESIAN_POINT ( 'NONE',  ( 713.2756835149599510, 908.7181042549644872, 1312.816688588594616 ) ) ;
#5836 = DIRECTION ( 'NONE',  ( 0.07317157541021197809, -0.6515180314347921442, -0.7550961364404673581 ) ) ;
#5837 = CARTESIAN_POINT ( 'NONE',  ( 718.7917400848953093, 919.4506485289006150, 1322.044098589542727 ) ) ;
#5838 = CARTESIAN_POINT ( 'NONE',  ( 713.2855465934590029, 906.7003754342290449, 1312.784198483904220 ) ) ;
#5839 = AXIS2_PLACEMENT_3D ( 'NONE', #2030, #2592, #5673 ) ;
#5840 = AXIS2_PLACEMENT_3D ( 'NONE', #6639, #1824, #4984 ) ;
#5841 = CARTESIAN_POINT ( 'NONE',  ( 718.3707457406331969, 904.0867292326374809, 1315.532099791918654 ) ) ;
#5842 = CARTESIAN_POINT ( 'NONE',  ( 718.7917400848953093, 919.4506485289006150, 1322.044098589542727 ) ) ;
#5843 = ORIENTED_EDGE ( 'NONE', *, *, #2731, .T. ) ;
#5844 = B_SPLINE_SURFACE_WITH_KNOTS ( 'NONE', 3, 1, ( 
 ( #2570, #2006 ),
 ( #515, #4158 ),
 ( #1060, #6754 ),
 ( #4125, #5782 ),
 ( #5202, #6238 ),
 ( #3188, #25 ),
 ( #6822, #3219 ),
 ( #3743, #4674 ) ),
 .UNSPECIFIED., .F., .F., .F.,
 ( 4, 1, 1, 1, 1, 4 ),
 ( 2, 2 ),
 ( 0.000000000000000000, 0.3581071372195973046, 0.4566366301078926271, 0.6536956158844833276, 0.7882359431063625799, 1.000000000000000000 ),
 ( 0.000000000000000000, 1.000000000000000000 ),
 .UNSPECIFIED. ) ;
#5845 = AXIS2_PLACEMENT_3D ( 'NONE', #3968, #1331, #4938 ) ;
#5846 = EDGE_CURVE ( 'NONE', #1290, #3627, #6198, .T. ) ;
#5847 = DIRECTION ( 'NONE',  ( -0.1162306242541731038, 0.7463955445134947686, -0.6552740900691014225 ) ) ;
#5848 = CARTESIAN_POINT ( 'NONE',  ( 721.2999483196995243, 904.1275465131664077, 1315.950032628247072 ) ) ;
#5849 = CARTESIAN_POINT ( 'NONE',  ( 718.7917400848953093, 919.4506485289006150, 1322.044098589542727 ) ) ;
#5850 = DIRECTION ( 'NONE',  ( 0.8350990874197188329, -0.5373891360285609764, -0.1175688337495513630 ) ) ;
#5851 = ORIENTED_EDGE ( 'NONE', *, *, #3093, .F. ) ;
#5852 = CARTESIAN_POINT ( 'NONE',  ( 719.7353845055382635, 911.0484602219646604, 1312.306133372769409 ) ) ;
#5853 = AXIS2_PLACEMENT_3D ( 'NONE', #789, #2384, #1371 ) ;
#5854 = EDGE_CURVE ( 'NONE', #6413, #1021, #1809, .T. ) ;
#5855 = CARTESIAN_POINT ( 'NONE',  ( 713.1152332857611782, 905.6184827165732258, 1314.661537219086313 ) ) ;
#5856 = CARTESIAN_POINT ( 'NONE',  ( 718.7917400848953093, 919.4506485289006150, 1322.044098589542727 ) ) ;
#5857 = CIRCLE ( 'NONE', #2883, 8.788285345454690756 ) ;
#5858 = CARTESIAN_POINT ( 'NONE',  ( 726.5628901481138655, 910.2739953335826613, 1312.762007173304482 ) ) ;
#5859 = CARTESIAN_POINT ( 'NONE',  ( 719.7353845055382635, 911.0484602219646604, 1312.306133372769409 ) ) ;
#5860 = CARTESIAN_POINT ( 'NONE',  ( 718.7917400848953093, 919.4506485289006150, 1322.044098589542727 ) ) ;
#5861 = CARTESIAN_POINT ( 'NONE',  ( 713.1332596682844951, 911.5024671509434029, 1310.400535904634125 ) ) ;
#5862 = ORIENTED_EDGE ( 'NONE', *, *, #4502, .F. ) ;
#5863 = B_SPLINE_CURVE_WITH_KNOTS ( 'NONE', 3,
 ( #4417, #5531, #5037, #778, #2866, #2900, #6013, #2410 ),
 .UNSPECIFIED., .F., .F.,
 ( 4, 2, 2, 4 ),
 ( 0.000000000000000000, 0.0003785376244287583995, 0.0007570752488575167990, 0.001514150497715278411 ),
 .UNSPECIFIED. ) ;
#5864 = B_SPLINE_CURVE_WITH_KNOTS ( 'NONE', 3,
 ( #111, #5419, #5937, #1181, #4769, #2537, #5816, #4741 ),
 .UNSPECIFIED., .F., .F.,
 ( 4, 2, 2, 4 ),
 ( 0.000000000000000000, 0.0006560729127573639973, 0.0009841093691360721252, 0.001312145825514780253 ),
 .UNSPECIFIED. ) ;
#5865 = CC_DESIGN_PERSON_AND_ORGANIZATION_ASSIGNMENT ( #3492, #6130, ( #3254 ) ) ;
#5866 = CARTESIAN_POINT ( 'NONE',  ( 718.7917400848953093, 919.4506485289006150, 1322.044098589542727 ) ) ;
#5867 = B_SPLINE_SURFACE_WITH_KNOTS ( 'NONE', 3, 1, ( 
 ( #4639, #892 ),
 ( #2036, #1451 ),
 ( #6234, #4705 ),
 ( #2068, #1970 ),
 ( #2004, #4155 ),
 ( #5233, #3596 ),
 ( #4738, #6205 ),
 ( #1520, #3563 ) ),
 .UNSPECIFIED., .F., .F., .F.,
 ( 4, 1, 1, 1, 1, 4 ),
 ( 2, 2 ),
 ( 0.000000000000000000, 0.3581071372195973046, 0.4566366301078926271, 0.6536956158844833276, 0.7882359431063625799, 1.000000000000000000 ),
 ( 0.000000000000000000, 1.000000000000000000 ),
 .UNSPECIFIED. ) ;
#5868 = CARTESIAN_POINT ( 'NONE',  ( 717.4620280108451880, 904.1351569066746379, 1315.571557663136673 ) ) ;
#5869 = CARTESIAN_POINT ( 'NONE',  ( 716.6892387174449368, 916.4347758963342585, 1317.867386370623308 ) ) ;
#5870 = CARTESIAN_POINT ( 'NONE',  ( 718.7917400848953093, 919.4506485289006150, 1322.044098589542727 ) ) ;
#5871 = CARTESIAN_POINT ( 'NONE',  ( 718.7917400848953093, 919.4506485289006150, 1322.044098589542727 ) ) ;
#5872 = VERTEX_POINT ( 'NONE', #620 ) ;
#5873 = ORIENTED_EDGE ( 'NONE', *, *, #6763, .T. ) ;
#5874 = CARTESIAN_POINT ( 'NONE',  ( 718.7917400848953093, 919.4506485289006150, 1322.044098589542727 ) ) ;
#5875 = B_SPLINE_CURVE_WITH_KNOTS ( 'NONE', 3,
 ( #5948, #2765, #3733, #3768, #2727, #2237, #1120, #1682 ),
 .UNSPECIFIED., .F., .F.,
 ( 4, 2, 2, 4 ),
 ( 0.000000000000000000, 0.0002966949978381455688, 0.0005933899956762911376, 0.001186779991351972520 ),
 .UNSPECIFIED. ) ;
#5876 = CARTESIAN_POINT ( 'NONE',  ( 715.0886426481675926, 906.6213083791558347, 1314.801544986249837 ) ) ;
#5877 = CARTESIAN_POINT ( 'NONE',  ( 714.2269895685171832, 913.2347086136715006, 1307.239590291241939 ) ) ;
#5878 = FACE_OUTER_BOUND ( 'NONE', #3058, .T. ) ;
#5879 = CARTESIAN_POINT ( 'NONE',  ( 723.0516930497415160, 914.0434883396013674, 1317.328509648810495 ) ) ;
#5880 = CARTESIAN_POINT ( 'NONE',  ( 718.7917400848953093, 919.4506485289006150, 1322.044098589542727 ) ) ;
#5881 = ORIENTED_EDGE ( 'NONE', *, *, #3825, .F. ) ;
#5882 = ADVANCED_FACE ( 'NONE', ( #5964 ), #2875, .F. ) ;
#5883 = ORIENTED_EDGE ( 'NONE', *, *, #4397, .T. ) ;
#5884 = ORIENTED_EDGE ( 'NONE', *, *, #5032, .T. ) ;
#5885 = LINE ( 'NONE', #1240, #4042 ) ;
#5886 = LINE ( 'NONE', #128, #6505 ) ;
#5887 = CARTESIAN_POINT ( 'NONE',  ( 716.9645463096787807, 917.0316501639160833, 1317.375871839143201 ) ) ;
#5888 = DIRECTION ( 'NONE',  ( 0.1162306242541731038, -0.7463955445134947686, 0.6552740900691014225 ) ) ;
#5889 = VERTEX_POINT ( 'NONE', #1279 ) ;
#5890 = CARTESIAN_POINT ( 'NONE',  ( 712.7320238379371631, 910.3742082259692552, 1311.493649323337422 ) ) ;
#5891 = ADVANCED_FACE ( 'NONE', ( #1170 ), #5364, .F. ) ;
#5892 = FACE_OUTER_BOUND ( 'NONE', #6419, .T. ) ;
#5893 = CARTESIAN_POINT ( 'NONE',  ( 726.5723112300493085, 907.2497488192794890, 1313.745200373556145 ) ) ;
#5894 = CARTESIAN_POINT ( 'NONE',  ( 726.1131270868678484, 906.8520265226893571, 1313.896086320216909 ) ) ;
#5895 = CARTESIAN_POINT ( 'NONE',  ( 720.9570169039330949, 914.9796350310499520, 1319.533292787791197 ) ) ;
#5896 = CARTESIAN_POINT ( 'NONE',  ( 718.7917400848953093, 919.4506485289006150, 1322.044098589542727 ) ) ;
#5897 = CARTESIAN_POINT ( 'NONE',  ( 718.6846944202445684, 917.3741801645167016, 1313.957843863067637 ) ) ;
#5898 = EDGE_CURVE ( 'NONE', #814, #3282, #5329, .T. ) ;
#5899 = ORIENTED_EDGE ( 'NONE', *, *, #5252, .F. ) ;
#5900 = CARTESIAN_POINT ( 'NONE',  ( 727.3930622673461812, 910.0255016328859483, 1311.282256580738249 ) ) ;
#5901 = CARTESIAN_POINT ( 'NONE',  ( 718.7917400848953093, 919.4506485289006150, 1322.044098589542727 ) ) ;
#5902 = CARTESIAN_POINT ( 'NONE',  ( 718.5969805803090367, 915.6727099149870810, 1307.331919729955871 ) ) ;
#5903 = CARTESIAN_POINT ( 'NONE',  ( 722.2621874169788043, 916.2919676810901137, 1311.949106993833311 ) ) ;
#5904 = CARTESIAN_POINT ( 'NONE',  ( 715.4008264366395906, 914.1130694696901173, 1306.595465100534284 ) ) ;
#5905 = EDGE_CURVE ( 'NONE', #5806, #685, #3725, .T. ) ;
#5906 = ORIENTED_EDGE ( 'NONE', *, *, #6752, .F. ) ;
#5907 = ORIENTED_EDGE ( 'NONE', *, *, #342, .T. ) ;
#5908 = CARTESIAN_POINT ( 'NONE',  ( 718.7917400848953093, 919.4506485289006150, 1322.044098589542727 ) ) ;
#5909 = CARTESIAN_POINT ( 'NONE',  ( 726.5739979951758869, 914.4929168981130942, 1309.996846612849822 ) ) ;
#5910 = CARTESIAN_POINT ( 'NONE',  ( 723.3167674470573729, 904.8338275523093444, 1315.366467277536231 ) ) ;
#5911 = CARTESIAN_POINT ( 'NONE',  ( 724.7223933985346775, 914.4024645505763829, 1307.276318549471853 ) ) ;
#5912 = CARTESIAN_POINT ( 'NONE',  ( 717.3541545632383531, 915.3531142330642751, 1307.487027798070585 ) ) ;
#5913 = CARTESIAN_POINT ( 'NONE',  ( 714.8351408209474585, 911.4032521046327702, 1315.447519343013255 ) ) ;
#5914 = ORIENTED_EDGE ( 'NONE', *, *, #926, .T. ) ;
#5915 = EDGE_CURVE ( 'NONE', #2952, #5723, #3548, .T. ) ;
#5916 = ORIENTED_EDGE ( 'NONE', *, *, #5713, .F. ) ;
#5917 = ORIENTED_EDGE ( 'NONE', *, *, #5990, .T. ) ;
#5918 = CARTESIAN_POINT ( 'NONE',  ( 712.9529100808292696, 905.7804732705830020, 1314.438421627418620 ) ) ;
#5919 = CARTESIAN_POINT ( 'NONE',  ( 722.1513771752989896, 904.3397510299163287, 1315.827623055583445 ) ) ;
#5920 = CARTESIAN_POINT ( 'NONE',  ( 721.8491599278819422, 905.6990567302816544, 1316.386828134571033 ) ) ;
#5921 = CARTESIAN_POINT ( 'NONE',  ( 725.9444715667650598, 908.3514690770781499, 1314.561645644838563 ) ) ;
#5922 = ORIENTED_EDGE ( 'NONE', *, *, #4918, .F. ) ;
#5923 = LINE ( 'NONE', #582, #5743 ) ;
#5924 = CARTESIAN_POINT ( 'NONE',  ( 719.7306147445558508, 916.7907382675093686, 1305.587186211227390 ) ) ;
#5925 = CARTESIAN_POINT ( 'NONE',  ( 712.1134652695899376, 909.3830924692811095, 1312.869003189709247 ) ) ;
#5926 = EDGE_CURVE ( 'NONE', #1542, #2478, #4328, .T. ) ;
#5927 = CARTESIAN_POINT ( 'NONE',  ( 727.4344293041722267, 910.3647754173905469, 1313.506637141377496 ) ) ;
#5928 = CARTESIAN_POINT ( 'NONE',  ( 720.1467571970865720, 912.4712426161074745, 1310.168050327389210 ) ) ;
#5929 = DIRECTION ( 'NONE',  ( -0.1162306242541731038, 0.7463955445134947686, -0.6552740900691014225 ) ) ;
#5930 = LINE ( 'NONE', #1562, #6722 ) ;
#5931 = ORIENTED_EDGE ( 'NONE', *, *, #6747, .T. ) ;
#5932 =( BOUNDED_SURFACE ( )  B_SPLINE_SURFACE ( 3, 3, ( 
 ( #4895, #4815, #144, #6380 ),
 ( #1671, #3302, #36, #2262 ),
 ( #3827, #5869, #2153, #1635 ),
 ( #596, #5378, #670, #561 ) ),
 .UNSPECIFIED., .F., .F., .T. ) 
 B_SPLINE_SURFACE_WITH_KNOTS ( ( 4, 4 ),
 ( 4, 4 ),
 ( 0.000000000000000000, 1.000000000000000000 ),
 ( 0.000000000000000000, 1.000000000000000000 ),
 .UNSPECIFIED. ) 
 GEOMETRIC_REPRESENTATION_ITEM ( )  RATIONAL_B_SPLINE_SURFACE ( (
 ( 1.000000000000000000, 1.000000000000000000, 1.000000000000000000, 1.000000000000000000),
 ( 0.9991685004514068158, 0.9991685004514069268, 0.9991685004514069268, 0.9991685004514068158),
 ( 0.9991685004514068158, 0.9991685004514069268, 0.9991685004514069268, 0.9991685004514068158),
 ( 1.000000000000000000, 1.000000000000000000, 1.000000000000000000, 1.000000000000000000) ) ) 
 REPRESENTATION_ITEM ( '' )  SURFACE ( )  );
#5933 = VECTOR ( 'NONE', #1016, 1000.000000000000114 ) ;
#5934 = EDGE_CURVE ( 'NONE', #1270, #540, #4047, .T. ) ;
#5935 = CARTESIAN_POINT ( 'NONE',  ( 726.3154891987491055, 909.3977773100538116, 1313.493865066702938 ) ) ;
#5936 = FACE_BOUND ( 'NONE', #2632, .T. ) ;
#5937 = CARTESIAN_POINT ( 'NONE',  ( 720.2450429832578038, 916.4999381437404509, 1305.704478776748374 ) ) ;
#5938 = CARTESIAN_POINT ( 'NONE',  ( 725.9780497281087719, 913.3702943267498995, 1308.251744654682852 ) ) ;
#5939 = CARTESIAN_POINT ( 'NONE',  ( 722.8355982978730481, 915.8042241141728255, 1315.714683538761165 ) ) ;
#5940 = EDGE_LOOP ( 'NONE', ( #893, #140, #5481, #3907 ) ) ;
#5941 = ORIENTED_EDGE ( 'NONE', *, *, #1369, .F. ) ;
#5942 = ADVANCED_FACE ( 'NONE', ( #5892 ), #1811, .T. ) ;
#5943 = LINE ( 'NONE', #2232, #5153 ) ;
#5944 = DIRECTION ( 'NONE',  ( 0.1162306242541707169, -0.7463955445134997646, 0.6552740900690960935 ) ) ;
#5945 = CARTESIAN_POINT ( 'NONE',  ( 713.6258653015460141, 906.8627596920708811, 1315.325637928844571 ) ) ;
#5946 = CARTESIAN_POINT ( 'NONE',  ( 713.8649980441124399, 912.8711578502379780, 1307.508614564262643 ) ) ;
#5947 = CARTESIAN_POINT ( 'NONE',  ( 718.7917400848953093, 919.4506485289006150, 1322.044098589542727 ) ) ;
#5948 = CARTESIAN_POINT ( 'NONE',  ( 724.8195225824166528, 907.2285028261743491, 1315.355018333129692 ) ) ;
#5949 = LINE ( 'NONE', #233, #1653 ) ;
#5950 = ORIENTED_EDGE ( 'NONE', *, *, #5758, .T. ) ;
#5951 = VECTOR ( 'NONE', #4543, 1000.000000000000114 ) ;
#5952 = B_SPLINE_CURVE_WITH_KNOTS ( 'NONE', 3,
 ( #3774, #3248, #5357, #649 ),
 .UNSPECIFIED., .F., .F.,
 ( 4, 4 ),
 ( 0.000000000000000000, 0.0008686782177528527566 ),
 .UNSPECIFIED. ) ;
#5953 = ORIENTED_EDGE ( 'NONE', *, *, #1410, .F. ) ;
#5954 = EDGE_LOOP ( 'NONE', ( #6159, #5953, #4309, #3419 ) ) ;
#5955 = B_SPLINE_CURVE_WITH_KNOTS ( 'NONE', 3,
 ( #6207, #5237, #1421, #1455 ),
 .UNSPECIFIED., .F., .F.,
 ( 4, 4 ),
 ( 0.000000000000000000, 0.0008686782177528523229 ),
 .UNSPECIFIED. ) ;
#5956 = CARTESIAN_POINT ( 'NONE',  ( 726.8590687959333536, 907.9565366985981427, 1313.008259874915211 ) ) ;
#5957 = CARTESIAN_POINT ( 'NONE',  ( 718.7917400848953093, 919.4506485289006150, 1322.044098589542727 ) ) ;
#5958 = LINE ( 'NONE', #2806, #1867 ) ;
#5959 = AXIS2_PLACEMENT_3D ( 'NONE', #4174, #364, #5638 ) ;
#5960 = CARTESIAN_POINT ( 'NONE',  ( 725.7276119431766119, 908.3396143260031295, 1314.350103610394854 ) ) ;
#5961 = ORIENTED_EDGE ( 'NONE', *, *, #1292, .F. ) ;
#5962 = CARTESIAN_POINT ( 'NONE',  ( 719.5309633628115762, 912.2308480896106175, 1310.315796764305105 ) ) ;
#5963 = VECTOR ( 'NONE', #4836, 999.9999999999998863 ) ;
#5964 = FACE_OUTER_BOUND ( 'NONE', #6854, .T. ) ;
#5965 = B_SPLINE_SURFACE_WITH_KNOTS ( 'NONE', 3, 1, ( 
 ( #2007, #5652 ),
 ( #3567, #4605 ),
 ( #6824, #5682 ),
 ( #1488, #2465 ),
 ( #5100, #928 ),
 ( #4161, #5168 ),
 ( #415, #895 ),
 ( #1526, #2074 ),
 ( #2539, #4642 ),
 ( #4570, #4195 ),
 ( #6755, #4126 ),
 ( #6306, #1560 ) ),
 .UNSPECIFIED., .F., .F., .F.,
 ( 4, 1, 1, 1, 2, 1, 1, 1, 4 ),
 ( 2, 2 ),
 ( 0.000000000000000000, 0.2143883571535014076, 0.4287767143070028153, 0.6431650714605041674, 0.8575534286140056306, 0.8931650714605041674, 0.9287767143070029263, 0.9643883571535014632, 1.000000000000000000 ),
 ( 0.000000000000000000, 1.000000000000000000 ),
 .UNSPECIFIED. ) ;
#5966 = FACE_OUTER_BOUND ( 'NONE', #4608, .T. ) ;
#5967 = CARTESIAN_POINT ( 'NONE',  ( 717.5806716557862046, 915.0814431182201361, 1305.973860027283536 ) ) ;
#5968 = CONICAL_SURFACE ( 'NONE', #864, 8.788285345454690756, 0.5551083433337287154 ) ;
#5969 = CARTESIAN_POINT ( 'NONE',  ( 723.9101819189784237, 905.0296284312430544, 1315.402812177829674 ) ) ;
#5970 = B_SPLINE_CURVE_WITH_KNOTS ( 'NONE', 3,
 ( #1461, #5274, #455, #2046, #1534, #3649, #5759, #5935, #5417, #4893 ),
 .UNSPECIFIED., .F., .F.,
 ( 4, 3, 3, 4 ),
 ( 0.000000000000000000, 0.0002173289232324029929, 0.0004346578008313178951, 0.0007905002888285350606 ),
 .UNSPECIFIED. ) ;
#5971 = VERTEX_POINT ( 'NONE', #2849 ) ;
#5972 = ADVANCED_FACE ( 'NONE', ( #6439 ), #2355, .F. ) ;
#5973 = CONICAL_SURFACE ( 'NONE', #4637, 8.788285345454690756, 0.5551083433337287154 ) ;
#5974 = FACE_OUTER_BOUND ( 'NONE', #2553, .T. ) ;
#5975 = DIRECTION ( 'NONE',  ( 0.1162306242541707169, -0.7463955445134997646, 0.6552740900690960935 ) ) ;
#5976 = DIRECTION ( 'NONE',  ( -0.07317157541021195033, 0.6515180314347920332, 0.7550961364404676912 ) ) ;
#5977 = CYLINDRICAL_SURFACE ( 'NONE', #1960, 2.499999999999990674 ) ;
#5978 = CARTESIAN_POINT ( 'NONE',  ( 715.6360952226485779, 914.2517100829653600, 1306.498640513316104 ) ) ;
#5979 = ORIENTED_EDGE ( 'NONE', *, *, #835, .T. ) ;
#5980 = EDGE_CURVE ( 'NONE', #2464, #234, #3156, .T. ) ;
#5981 = VERTEX_POINT ( 'NONE', #2914 ) ;
#5982 = CARTESIAN_POINT ( 'NONE',  ( 714.5990876016458060, 915.2225666604448406, 1308.090748596721141 ) ) ;
#5983 = FACE_OUTER_BOUND ( 'NONE', #6104, .T. ) ;
#5984 = CARTESIAN_POINT ( 'NONE',  ( 718.1205345994599156, 917.8966552522157372, 1316.741540785287270 ) ) ;
#5985 = CARTESIAN_POINT ( 'NONE',  ( 727.3962937131851731, 910.0219606828934502, 1311.278213445410756 ) ) ;
#5986 = CARTESIAN_POINT ( 'NONE',  ( 718.7754151960725721, 903.5276032067838514, 1316.999636386409065 ) ) ;
#5987 = CARTESIAN_POINT ( 'NONE',  ( 718.3239044779298865, 904.0143757992285600, 1315.737469796884852 ) ) ;
#5988 = CARTESIAN_POINT ( 'NONE',  ( 711.7816050394510512, 907.1222206094599869, 1313.220374351398277 ) ) ;
#5989 = ORIENTED_EDGE ( 'NONE', *, *, #1352, .F. ) ;
#5990 = EDGE_CURVE ( 'NONE', #5806, #6096, #6851, .T. ) ;
#5991 = ORIENTED_EDGE ( 'NONE', *, *, #6408, .T. ) ;
#5992 = ORIENTED_EDGE ( 'NONE', *, *, #3991, .T. ) ;
#5993 = CARTESIAN_POINT ( 'NONE',  ( 713.9991394879556310, 911.1270025978458307, 1316.029510244984294 ) ) ;
#5994 = DIRECTION ( 'NONE',  ( 0.1162306242541707169, -0.7463955445134997646, 0.6552740900690960935 ) ) ;
#5995 = CARTESIAN_POINT ( 'NONE',  ( 713.9723983169138819, 907.3330015715966965, 1314.280270193272827 ) ) ;
#5996 = CARTESIAN_POINT ( 'NONE',  ( 717.5035095191027494, 915.3035349466251773, 1305.939188940016038 ) ) ;
#5997 = ORIENTED_EDGE ( 'NONE', *, *, #5333, .F. ) ;
#5998 = CARTESIAN_POINT ( 'NONE',  ( 727.2287931993754455, 907.9957315379701868, 1313.351804847416133 ) ) ;
#5999 = EDGE_CURVE ( 'NONE', #4425, #5355, #2565, .T. ) ;
#6000 = CARTESIAN_POINT ( 'NONE',  ( 726.1306124634314756, 908.9944215857988183, 1313.824169845477172 ) ) ;
#6001 = CARTESIAN_POINT ( 'NONE',  ( -22.95269592405334436, 733.5705189716098857, 1392.519537269054126 ) ) ;
#6002 = CARTESIAN_POINT ( 'NONE',  ( 711.8079155078518170, 907.1507409327823552, 1313.212778173380457 ) ) ;
#6003 = CARTESIAN_POINT ( 'NONE',  ( 727.4354895337552307, 909.4028616136944265, 1311.907949319887166 ) ) ;
#6004 = VERTEX_POINT ( 'NONE', #3012 ) ;
#6005 = LINE ( 'NONE', #4994, #6828 ) ;
#6006 = ORIENTED_EDGE ( 'NONE', *, *, #6431, .T. ) ;
#6007 = DIRECTION ( 'NONE',  ( -0.3941294114190401210, -0.6385052728051209270, -0.6610393510635649283 ) ) ;
#6008 = DIRECTION ( 'NONE',  ( -0.1162306242541745471, 0.7463955445134942135, -0.6552740900691018666 ) ) ;
#6009 = CARTESIAN_POINT ( 'NONE',  ( 726.9181928822416694, 907.3233016295184825, 1313.997804626928200 ) ) ;
#6010 = ORIENTED_EDGE ( 'NONE', *, *, #2078, .F. ) ;
#6011 = ORIENTED_EDGE ( 'NONE', *, *, #3950, .F. ) ;
#6012 = CARTESIAN_POINT ( 'NONE',  ( 722.4866754200116929, 905.4966692137376185, 1317.362983825270931 ) ) ;
#6013 = CARTESIAN_POINT ( 'NONE',  ( 723.8043906083714774, 916.1014494489904791, 1306.502591447365148 ) ) ;
#6014 = CARTESIAN_POINT ( 'NONE',  ( 712.4399283677064432, 911.8474479191094133, 1308.626562210974271 ) ) ;
#6015 = EDGE_CURVE ( 'NONE', #1021, #5749, #3383, .T. ) ;
#6016 = CARTESIAN_POINT ( 'NONE',  ( 719.2991221124441381, 903.8642750281322833, 1316.148126778403821 ) ) ;
#6017 = CARTESIAN_POINT ( 'NONE',  ( 718.7917400848953093, 919.4506485289006150, 1322.044098589542727 ) ) ;
#6018 = CARTESIAN_POINT ( 'NONE',  ( -22.78033985172548981, 734.7985462292801913, 1396.774001712511790 ) ) ;
#6019 = CARTESIAN_POINT ( 'NONE',  ( -112.3256874514700883, 1000.145348212957174, 1159.148100093826770 ) ) ;
#6020 = ORIENTED_EDGE ( 'NONE', *, *, #853, .F. ) ;
#6021 = VERTEX_POINT ( 'NONE', #1314 ) ;
#6022 = B_SPLINE_SURFACE_WITH_KNOTS ( 'NONE', 3, 1, ( 
 ( #1959, #4044 ),
 ( #215, #3330 ),
 ( #5670, #6157 ),
 ( #2288, #915 ),
 ( #3037, #3362 ),
 ( #1405, #6515 ),
 ( #3888, #5480 ),
 ( #5155, #697 ),
 ( #6036, #4992 ),
 ( #5119, #402 ),
 ( #176, #5967 ),
 ( #6743, #4080 ) ),
 .UNSPECIFIED., .F., .F., .F.,
 ( 4, 1, 1, 1, 2, 1, 1, 1, 4 ),
 ( 2, 2 ),
 ( 0.000000000000000000, 0.2143883571535014076, 0.4287767143070028153, 0.6431650714605041674, 0.8575534286140056306, 0.8931650714605041674, 0.9287767143070029263, 0.9643883571535014632, 1.000000000000000000 ),
 ( 0.000000000000000000, 1.000000000000000000 ),
 .UNSPECIFIED. ) ;
#6023 = CARTESIAN_POINT ( 'NONE',  ( 723.3459280917452361, 915.6197490026661399, 1312.640520589610560 ) ) ;
#6024 = CARTESIAN_POINT ( 'NONE',  ( 712.5401265450209394, 910.6197983327722341, 1309.329874232912744 ) ) ;
#6025 = B_SPLINE_CURVE_WITH_KNOTS ( 'NONE', 3,
 ( #2678, #6379, #4233, #3228 ),
 .UNSPECIFIED., .F., .F.,
 ( 4, 4 ),
 ( 0.000000000000000000, 0.0008686782177528514556 ),
 .UNSPECIFIED. ) ;
#6026 = CARTESIAN_POINT ( 'NONE',  ( 718.7917400848953093, 919.4506485289006150, 1322.044098589542727 ) ) ;
#6027 = EDGE_CURVE ( 'NONE', #1856, #3623, #1651, .T. ) ;
#6028 = CARTESIAN_POINT ( 'NONE',  ( 716.6159458216609437, 905.3259450173438836, 1316.941394274215099 ) ) ;
#6029 = CONICAL_SURFACE ( 'NONE', #4928, 8.788285345454690756, 0.5551083433337287154 ) ;
#6030 = ORIENTED_EDGE ( 'NONE', *, *, #5290, .F. ) ;
#6031 = CARTESIAN_POINT ( 'NONE',  ( 722.1788198277253059, 916.7414782001875437, 1314.916024054359241 ) ) ;
#6032 = CARTESIAN_POINT ( 'NONE',  ( 719.4379070602593629, 915.4155767793218956, 1305.853254115214213 ) ) ;
#6033 = CARTESIAN_POINT ( 'NONE',  ( 713.1559011482698907, 909.0287042630051246, 1312.537292846782066 ) ) ;
#6034 = ADVANCED_FACE ( 'NONE', ( #2393 ), #6029, .T. ) ;
#6035 = CARTESIAN_POINT ( 'NONE',  ( 724.9912713965818511, 915.2470156018963507, 1313.539825736895637 ) ) ;
#6036 = CARTESIAN_POINT ( 'NONE',  ( 718.7917400848953093, 919.4506485289006150, 1322.044098589542727 ) ) ;
#6037 = ORIENTED_EDGE ( 'NONE', *, *, #4445, .F. ) ;
#6038 = LINE ( 'NONE', #1215, #4726 ) ;
#6039 = ORIENTED_EDGE ( 'NONE', *, *, #6101, .T. ) ;
#6040 = B_SPLINE_CURVE_WITH_KNOTS ( 'NONE', 3,
 ( #1006, #5827, #2117, #6344, #5244, #2613, #2511, #4717 ),
 .UNSPECIFIED., .F., .F.,
 ( 4, 2, 2, 4 ),
 ( 0.000000000000000000, 0.0006560729127575502632, 0.0009841093691363045782, 0.001312145825515058893 ),
 .UNSPECIFIED. ) ;
#6041 = EDGE_CURVE ( 'NONE', #5424, #6109, #2884, .T. ) ;
#6042 = PLANE ( 'NONE',  #3160 ) ;
#6043 = CARTESIAN_POINT ( 'NONE',  ( 727.5017885333720642, 909.4206759834128206, 1311.942310043197040 ) ) ;
#6044 = CARTESIAN_POINT ( 'NONE',  ( 725.9849659312462791, 915.1764548601591969, 1307.594160185965848 ) ) ;
#6045 = AXIS2_PLACEMENT_3D ( 'NONE', #5859, #3155, #5369 ) ;
#6046 = ORIENTED_EDGE ( 'NONE', *, *, #2158, .F. ) ;
#6047 = EDGE_LOOP ( 'NONE', ( #4037, #1766, #5906, #4456 ) ) ;
#6048 = LINE ( 'NONE', #1884, #1924 ) ;
#6049 = CARTESIAN_POINT ( 'NONE',  ( 726.5461277798256106, 906.4269698846709389, 1315.064433976184773 ) ) ;
#6050 = CARTESIAN_POINT ( 'NONE',  ( 724.2327250991418168, 906.8910393868154642, 1315.454983314161382 ) ) ;
#6051 = CARTESIAN_POINT ( 'NONE',  ( 721.6599246276585973, 916.3077525802315222, 1318.455470208165480 ) ) ;
#6052 = CARTESIAN_POINT ( 'NONE',  ( 713.9892250142800094, 914.9000467244605943, 1306.737837612320845 ) ) ;
#6053 = FACE_OUTER_BOUND ( 'NONE', #180, .T. ) ;
#6054 = CARTESIAN_POINT ( 'NONE',  ( 719.0505792241261815, 905.1212866231170437, 1317.077928465791047 ) ) ;
#6055 = ORIENTED_EDGE ( 'NONE', *, *, #3179, .T. ) ;
#6056 = VERTEX_POINT ( 'NONE', #6712 ) ;
#6057 = AXIS2_PLACEMENT_3D ( 'NONE', #4350, #1231, #3278 ) ;
#6058 = EDGE_CURVE ( 'NONE', #6785, #3953, #4989, .T. ) ;
#6059 = CARTESIAN_POINT ( 'NONE',  ( 727.3930622673461812, 910.0255016328859483, 1311.282256580738249 ) ) ;
#6060 = CARTESIAN_POINT ( 'NONE',  ( 719.7878917439194311, 910.5809369741152750, 1311.764283445193541 ) ) ;
#6061 = CARTESIAN_POINT ( 'NONE',  ( 713.6128184344105421, 907.1455181481615000, 1314.844589550636101 ) ) ;
#6062 = CARTESIAN_POINT ( 'NONE',  ( 719.7663168054723428, 916.8686081872608611, 1305.599129122294016 ) ) ;
#6063 = CARTESIAN_POINT ( 'NONE',  ( 712.7569140229003324, 907.5841171436035211, 1311.970152228715278 ) ) ;
#6064 = VERTEX_POINT ( 'NONE', #2358 ) ;
#6065 = DIRECTION ( 'NONE',  ( -0.3819322596564710959, -0.6409128597781404979, -0.6658516765802332538 ) ) ;
#6066 = EDGE_CURVE ( 'NONE', #49, #3151, #1376, .T. ) ;
#6067 = CARTESIAN_POINT ( 'NONE',  ( 724.0926510900278572, 914.9142042599271463, 1306.891806070636449 ) ) ;
#6068 = CARTESIAN_POINT ( 'NONE',  ( 718.7917400848953093, 919.4506485289006150, 1322.044098589542727 ) ) ;
#6069 = VERTEX_POINT ( 'NONE', #6676 ) ;
#6070 = VECTOR ( 'NONE', #471, 1000.000000000000114 ) ;
#6071 = CARTESIAN_POINT ( 'NONE',  ( 718.5777291577347796, 915.2992714382837676, 1305.877662733275656 ) ) ;
#6072 = VECTOR ( 'NONE', #5074, 1000.000000000000114 ) ;
#6073 = ORIENTED_EDGE ( 'NONE', *, *, #141, .F. ) ;
#6074 = ADVANCED_FACE ( 'NONE', ( #1934 ), #1200, .F. ) ;
#6075 = CARTESIAN_POINT ( 'NONE',  ( 720.4218920564562723, 916.0144270806846407, 1305.804657688391217 ) ) ;
#6076 = CARTESIAN_POINT ( 'NONE',  ( 727.3799454948200491, 909.3788177498132654, 1311.868387798061121 ) ) ;
#6077 = CARTESIAN_POINT ( 'NONE',  ( 719.4952054422785750, 913.1870090998544356, 1314.784667990955313 ) ) ;
#6078 = ORIENTED_EDGE ( 'NONE', *, *, #6813, .T. ) ;
#6079 = VECTOR ( 'NONE', #2662, 1000.000000000000227 ) ;
#6080 = VERTEX_POINT ( 'NONE', #3700 ) ;
#6081 = CARTESIAN_POINT ( 'NONE',  ( 722.5759297192435042, 915.2025447846839370, 1306.350729109069789 ) ) ;
#6082 = LINE ( 'NONE', #5496, #1971 ) ;
#6083 = CARTESIAN_POINT ( 'NONE',  ( 719.4952054422785750, 913.1870090998544356, 1314.784667990955313 ) ) ;
#6084 = CARTESIAN_POINT ( 'NONE',  ( 721.6570120097333074, 916.2361221139361760, 1318.520185789842117 ) ) ;
#6085 = CARTESIAN_POINT ( 'NONE',  ( 714.3739046995385706, 914.6955326196359692, 1306.692435490206890 ) ) ;
#6086 = CARTESIAN_POINT ( 'NONE',  ( 712.0988234723264441, 908.0967824153726724, 1311.822578533972319 ) ) ;
#6087 = CARTESIAN_POINT ( 'NONE',  ( 714.3529084689070032, 914.7336674514273227, 1308.328876410350404 ) ) ;
#6088 = ORIENTED_EDGE ( 'NONE', *, *, #3558, .T. ) ;
#6089 = ORIENTED_EDGE ( 'NONE', *, *, #2892, .F. ) ;
#6090 = CARTESIAN_POINT ( 'NONE',  ( 728.5870579854120024, 910.8905536761121766, 1311.611923541741362 ) ) ;
#6091 = CARTESIAN_POINT ( 'NONE',  ( 718.3590807392791930, 905.2689530601287515, 1316.676951983331264 ) ) ;
#6092 = CARTESIAN_POINT ( 'NONE',  ( 722.7919409084656763, 915.6723145759375484, 1307.897137954971868 ) ) ;
#6093 = CARTESIAN_POINT ( 'NONE',  ( 726.5628901481138655, 910.2739953335826613, 1312.762007173304482 ) ) ;
#6094 = EDGE_CURVE ( 'NONE', #740, #5424, #1563, .T. ) ;
#6095 = LINE ( 'NONE', #822, #2080 ) ;
#6096 = VERTEX_POINT ( 'NONE', #5807 ) ;
#6097 = LINE ( 'NONE', #3949, #2186 ) ;
#6098 = CARTESIAN_POINT ( 'NONE',  ( 718.7134922307452598, 915.6936978651048094, 1307.324977143340448 ) ) ;
#6099 = APPROVAL_DATE_TIME ( #2946, #5349 ) ;
#6100 = CARTESIAN_POINT ( 'NONE',  ( 718.7917400848953093, 919.4506485289006150, 1322.044098589542727 ) ) ;
#6101 = EDGE_CURVE ( 'NONE', #2214, #610, #4951, .T. ) ;
#6102 = ORIENTED_EDGE ( 'NONE', *, *, #6348, .T. ) ;
#6103 = CARTESIAN_POINT ( 'NONE',  ( 727.6641535523565381, 907.6118494632687543, 1314.351448276750943 ) ) ;
#6104 = EDGE_LOOP ( 'NONE', ( #1252, #5289, #2717, #6252 ) ) ;
#6105 = CARTESIAN_POINT ( 'NONE',  ( 712.2441738875947976, 910.2667317696078726, 1309.753614363171209 ) ) ;
#6106 = ADVANCED_FACE ( 'NONE', ( #2660 ), #6568, .F. ) ;
#6107 = CARTESIAN_POINT ( 'NONE',  ( 719.4290262907830993, 908.6906313321210291, 1313.360516563002420 ) ) ;
#6108 = FACE_OUTER_BOUND ( 'NONE', #5232, .T. ) ;
#6109 = VERTEX_POINT ( 'NONE', #2277 ) ;
#6110 = VERTEX_POINT ( 'NONE', #5993 ) ;
#6111 = CARTESIAN_POINT ( 'NONE',  ( 722.3043744226077933, 915.2584578440901169, 1306.266591883858609 ) ) ;
#6112 = CARTESIAN_POINT ( 'NONE',  ( 727.5808287844610049, 910.3321758410680786, 1313.684415762581239 ) ) ;
#6113 = CARTESIAN_POINT ( 'NONE',  ( 716.9556527105817167, 915.1989607731785554, 1318.956305598284644 ) ) ;
#6114 = PLANE ( 'NONE',  #5845 ) ;
#6115 = ADVANCED_FACE ( 'NONE', ( #1687 ), #5486, .T. ) ;
#6116 = CARTESIAN_POINT ( 'NONE',  ( 722.1118048454620748, 916.6525557499364822, 1314.912581084130352 ) ) ;
#6117 = DIRECTION ( 'NONE',  ( 0.07317157541021197809, -0.6515180314347921442, -0.7550961364404673581 ) ) ;
#6118 = DIRECTION ( 'NONE',  ( -0.07317157541021640510, 0.6515180314347921442, 0.7550961364404670251 ) ) ;
#6119 = ORIENTED_EDGE ( 'NONE', *, *, #5640, .T. ) ;
#6120 = ORIENTED_EDGE ( 'NONE', *, *, #541, .T. ) ;
#6121 = CARTESIAN_POINT ( 'NONE',  ( 720.1183209222732557, 905.3844932531573022, 1316.490517660681689 ) ) ;
#6122 = CARTESIAN_POINT ( 'NONE',  ( 720.1999277102324868, 906.9121781678747993, 1307.512266668277789 ) ) ;
#6123 = CARTESIAN_POINT ( 'NONE',  ( 727.3303081108552988, 913.9317962503541821, 1308.798454963983204 ) ) ;
#6124 = ADVANCED_FACE ( 'NONE', ( #4389 ), #1806, .F. ) ;
#6125 = LINE ( 'NONE', #1372, #862 ) ;
#6126 = LINE ( 'NONE', #1373, #5737 ) ;
#6127 = VERTEX_POINT ( 'NONE', #614 ) ;
#6128 = CARTESIAN_POINT ( 'NONE',  ( 714.7673264220494502, 905.0711088032064708, 1314.624723751500824 ) ) ;
#6129 = CARTESIAN_POINT ( 'NONE',  ( 724.1687251608656197, 915.1172310196629951, 1306.867678879238611 ) ) ;
#6130 = PERSON_AND_ORGANIZATION_ROLE ( 'classification_officer' ) ;
#6131 = PLANE ( 'NONE',  #759 ) ;
#6132 = VERTEX_POINT ( 'NONE', #1616 ) ;
#6133 = CARTESIAN_POINT ( 'NONE',  ( 726.5147162285899185, 912.7404075858687520, 1308.854644973466293 ) ) ;
#6134 = VERTEX_POINT ( 'NONE', #3736 ) ;
#6135 = EDGE_CURVE ( 'NONE', #6056, #4754, #5885, .T. ) ;
#6136 = CARTESIAN_POINT ( 'NONE',  ( 720.4695288736309067, 915.8282635596245882, 1305.846560391329831 ) ) ;
#6137 = CARTESIAN_POINT ( 'NONE',  ( 711.2310812596409733, 908.5125884231844111, 1311.981840784222413 ) ) ;
#6138 = DIRECTION ( 'NONE',  ( -0.1162306242541731038, 0.7463955445134947686, -0.6552740900691014225 ) ) ;
#6139 = ORIENTED_EDGE ( 'NONE', *, *, #179, .F. ) ;
#6140 = ORIENTED_EDGE ( 'NONE', *, *, #1708, .T. ) ;
#6141 = EDGE_CURVE ( 'NONE', #3992, #2992, #1027, .T. ) ;
#6142 = CARTESIAN_POINT ( 'NONE',  ( 718.7917400848953093, 919.4506485289006150, 1322.044098589542727 ) ) ;
#6143 = DIRECTION ( 'NONE',  ( -0.07317157541021195033, 0.6515180314347920332, 0.7550961364404676912 ) ) ;
#6144 = DIRECTION ( 'NONE',  ( -0.02973095184961551188, -0.9826919764584619577, 0.1828456997204953027 ) ) ;
#6145 = CARTESIAN_POINT ( 'NONE',  ( 712.5425581769187602, 908.0865898303543418, 1314.164706692195068 ) ) ;
#6146 = LINE ( 'NONE', #6116, #1052 ) ;
#6147 = CARTESIAN_POINT ( 'NONE',  ( 718.7917400848953093, 919.4506485289006150, 1322.044098589542727 ) ) ;
#6148 = CARTESIAN_POINT ( 'NONE',  ( -112.3256874514700883, 1000.145348212957174, 1159.148100093826770 ) ) ;
#6149 = ORIENTED_EDGE ( 'NONE', *, *, #3403, .F. ) ;
#6150 = VERTEX_POINT ( 'NONE', #2209 ) ;
#6151 = EDGE_CURVE ( 'NONE', #314, #4981, #4612, .T. ) ;
#6152 =( BOUNDED_SURFACE ( )  B_SPLINE_SURFACE ( 3, 3, ( 
 ( #315, #6617, #2433, #1380 ),
 ( #1906, #861, #5063, #5978 ),
 ( #1149, #4858, #4568, #5904 ),
 ( #113, #2229, #4342, #704 ) ),
 .UNSPECIFIED., .F., .F., .T. ) 
 B_SPLINE_SURFACE_WITH_KNOTS ( ( 4, 4 ),
 ( 4, 4 ),
 ( 0.000000000000000000, 1.000000000000000000 ),
 ( 0.000000000000000000, 1.000000000000000000 ),
 .UNSPECIFIED. ) 
 GEOMETRIC_REPRESENTATION_ITEM ( )  RATIONAL_B_SPLINE_SURFACE ( (
 ( 1.000000000000000000, 1.000000000000000000, 1.000000000000000000, 1.000000000000000000),
 ( 0.9991685004514068158, 0.9991685004514069268, 0.9991685004514069268, 0.9991685004514068158),
 ( 0.9991685004514068158, 0.9991685004514069268, 0.9991685004514069268, 0.9991685004514068158),
 ( 1.000000000000000000, 1.000000000000000000, 1.000000000000000000, 1.000000000000000000) ) ) 
 REPRESENTATION_ITEM ( '' )  SURFACE ( )  );
#6153 = CARTESIAN_POINT ( 'NONE',  ( 718.7917400848953093, 919.4506485289006150, 1322.044098589542727 ) ) ;
#6154 = LINE ( 'NONE', #5116, #1632 ) ;
#6155 = CARTESIAN_POINT ( 'NONE',  ( 727.3676274692057859, 914.0194013175736245, 1308.779636781685440 ) ) ;
#6156 = CARTESIAN_POINT ( 'NONE',  ( 722.8519092589052661, 904.1173580835320536, 1316.900268957325579 ) ) ;
#6157 = CARTESIAN_POINT ( 'NONE',  ( 717.5216834740475633, 916.2474506932718441, 1305.716547275966150 ) ) ;
#6158 = DIRECTION ( 'NONE',  ( 0.07317157541021193645, -0.6515180314347919222, -0.7550961364404674692 ) ) ;
#6159 = ORIENTED_EDGE ( 'NONE', *, *, #6773, .F. ) ;
#6160 = CIRCLE ( 'NONE', #4713, 7.997732278218547819 ) ;
#6161 = CARTESIAN_POINT ( 'NONE',  ( 713.5776449839586348, 906.1450662096719952, 1313.439120722461666 ) ) ;
#6162 = CARTESIAN_POINT ( 'NONE',  ( 717.6895653760133200, 911.9535409357048366, 1318.538491111344911 ) ) ;
#6163 = CARTESIAN_POINT ( 'NONE',  ( 718.7917400848953093, 919.4506485289006150, 1322.044098589542727 ) ) ;
#6164 = ORIENTED_EDGE ( 'NONE', *, *, #1278, .T. ) ;
#6165 = CARTESIAN_POINT ( 'NONE',  ( 716.4008747529334187, 903.9297582863533762, 1316.437006479356796 ) ) ;
#6166 = EDGE_LOOP ( 'NONE', ( #1390, #419, #462, #5979 ) ) ;
#6167 = CONICAL_SURFACE ( 'NONE', #1089, 8.788285345454690756, 0.5551083433337287154 ) ;
#6168 = CARTESIAN_POINT ( 'NONE',  ( 711.2310812596409733, 908.5125884231844111, 1311.981840784222413 ) ) ;
#6169 = AXIS2_PLACEMENT_3D ( 'NONE', #6060, #4945, #3389 ) ;
#6170 = CARTESIAN_POINT ( 'NONE',  ( 713.7834972176216297, 914.7461042790041574, 1306.850727677462146 ) ) ;
#6171 = CARTESIAN_POINT ( 'NONE',  ( 724.8989167080343350, 905.4491733805944023, 1315.347385357046051 ) ) ;
#6172 = EDGE_CURVE ( 'NONE', #5180, #1856, #1163, .T. ) ;
#6173 = EDGE_LOOP ( 'NONE', ( #4753, #5172, #6526, #1583 ) ) ;
#6174 = VERTEX_POINT ( 'NONE', #5322 ) ;
#6175 = VECTOR ( 'NONE', #5572, 1000.000000000000227 ) ;
#6176 = CARTESIAN_POINT ( 'NONE',  ( 718.7917400848950820, 919.4506485289003876, 1322.044098589542955 ) ) ;
#6177 = CARTESIAN_POINT ( 'NONE',  ( 714.3106044824273795, 905.5713981732149023, 1313.923905687441220 ) ) ;
#6178 = B_SPLINE_CURVE_WITH_KNOTS ( 'NONE', 1,
 ( #1445, #2979 ),
 .UNSPECIFIED., .F., .F.,
 ( 2, 2 ),
 ( 0.000000000000000000, 0.001499999999999843039 ),
 .UNSPECIFIED. ) ;
#6179 = CARTESIAN_POINT ( 'NONE',  ( 722.3582853650121933, 915.4722697692244537, 1306.234680645069602 ) ) ;
#6180 = CARTESIAN_POINT ( 'NONE',  ( 723.1440894393721237, 915.1536824456617296, 1306.512040224119119 ) ) ;
#6181 = VECTOR ( 'NONE', #1910, 1000.000000000000114 ) ;
#6182 = CARTESIAN_POINT ( 'NONE',  ( 722.7243314846734847, 905.5776512350041685, 1317.316140017293264 ) ) ;
#6183 = ADVANCED_FACE ( 'NONE', ( #4355 ), #593, .T. ) ;
#6184 = CARTESIAN_POINT ( 'NONE',  ( 717.5793138521396486, 905.5109204424232985, 1316.159549941574369 ) ) ;
#6185 = VERTEX_POINT ( 'NONE', #4283 ) ;
#6186 = ORIENTED_EDGE ( 'NONE', *, *, #3017, .T. ) ;
#6187 = AXIS2_PLACEMENT_3D ( 'NONE', #2600, #3152, #5265 ) ;
#6188 = CARTESIAN_POINT ( 'NONE',  ( 716.4957307102757795, 904.3993224922581931, 1315.228170321237030 ) ) ;
#6189 = CARTESIAN_POINT ( 'NONE',  ( 719.7353845055382635, 911.0484602219646604, 1312.306133372769409 ) ) ;
#6190 = CARTESIAN_POINT ( 'NONE',  ( 727.2654941489334988, 913.7896688022722174, 1308.826104321626872 ) ) ;
#6191 = CARTESIAN_POINT ( 'NONE',  ( 724.6913975449382406, 914.3567127192136468, 1307.283365527083106 ) ) ;
#6192 = CARTESIAN_POINT ( 'NONE',  ( 727.3310462084461960, 909.3669092899201587, 1311.844498861672264 ) ) ;
#6193 = FACE_OUTER_BOUND ( 'NONE', #5574, .T. ) ;
#6194 = ADVANCED_FACE ( 'NONE', ( #3283 ), #1041, .T. ) ;
#6195 = ORIENTED_EDGE ( 'NONE', *, *, #5363, .T. ) ;
#6196 = CARTESIAN_POINT ( 'NONE',  ( 715.6868160257699856, 914.5774819670810984, 1307.994713976192315 ) ) ;
#6197 =( BOUNDED_SURFACE ( )  B_SPLINE_SURFACE ( 3, 3, ( 
 ( #6153, #5049, #5085, #2450 ),
 ( #4556, #880, #5115, #4427 ),
 ( #6540, #3908, #6023, #2877 ),
 ( #3170, #6838, #432, #6770 ) ),
 .UNSPECIFIED., .F., .F., .F. ) 
 B_SPLINE_SURFACE_WITH_KNOTS ( ( 4, 4 ),
 ( 4, 4 ),
 ( 0.000000000000000000, 1.000000000000000000 ),
 ( 0.000000000000000000, 1.000000000000000000 ),
 .UNSPECIFIED. ) 
 GEOMETRIC_REPRESENTATION_ITEM ( )  RATIONAL_B_SPLINE_SURFACE ( (
 ( 1.000000000000000000, 1.000000000000000000, 1.000000000000000000, 1.000000000000000000),
 ( 0.9991685004514068158, 0.9991685004514069268, 0.9991685004514069268, 0.9991685004514068158),
 ( 0.9991685004514068158, 0.9991685004514069268, 0.9991685004514069268, 0.9991685004514068158),
 ( 1.000000000000000000, 1.000000000000000000, 1.000000000000000000, 1.000000000000000000) ) ) 
 REPRESENTATION_ITEM ( '' )  SURFACE ( )  );
#6198 = B_SPLINE_CURVE_WITH_KNOTS ( 'NONE', 3,
 ( #550, #2637, #1591, #3708, #2668, #4256, #6369, #5855 ),
 .UNSPECIFIED., .F., .F.,
 ( 4, 2, 2, 4 ),
 ( 0.000000000000000000, 0.0003785376244287888656, 0.0007570752488575777312, 0.001514150497715750473 ),
 .UNSPECIFIED. ) ;
#6199 = CARTESIAN_POINT ( 'NONE',  ( 718.7917400848950820, 919.4506485289003876, 1322.044098589542955 ) ) ;
#6200 = PERSON_AND_ORGANIZATION ( #902, #2259 ) ;
#6201 = DIRECTION ( 'NONE',  ( -0.07317157541021195033, 0.6515180314347920332, 0.7550961364404676912 ) ) ;
#6202 = EDGE_CURVE ( 'NONE', #6325, #1290, #1125, .T. ) ;
#6203 = VERTEX_POINT ( 'NONE', #2694 ) ;
#6204 = EDGE_CURVE ( 'NONE', #4546, #3372, #5952, .T. ) ;
#6205 = CARTESIAN_POINT ( 'NONE',  ( 715.8494888126203932, 915.8873730675335310, 1305.998595328538386 ) ) ;
#6206 = ORIENTED_EDGE ( 'NONE', *, *, #5476, .T. ) ;
#6207 = CARTESIAN_POINT ( 'NONE',  ( 712.9366396937898571, 911.5861289968032679, 1308.534823529067580 ) ) ;
#6208 = PLANE ( 'NONE',  #5193 ) ;
#6209 = CARTESIAN_POINT ( 'NONE',  ( 716.4472993180577305, 915.3484957689765906, 1306.058775175758001 ) ) ;
#6210 = ORIENTED_EDGE ( 'NONE', *, *, #766, .F. ) ;
#6211 = EDGE_LOOP ( 'NONE', ( #3233, #5823, #1564, #4116 ) ) ;
#6212 = DIRECTION ( 'NONE',  ( 0.1162306242541707169, -0.7463955445134997646, 0.6552740900690960935 ) ) ;
#6213 = CARTESIAN_POINT ( 'NONE',  ( 714.3850857248182820, 905.5883547836626803, 1313.842818808450602 ) ) ;
#6214 = CARTESIAN_POINT ( 'NONE',  ( 720.2999133034079478, 914.5789929380541707, 1319.818495290928922 ) ) ;
#6215 = CARTESIAN_POINT ( 'NONE',  ( 727.1085425058900000, 913.2841020920824349, 1310.956180946853237 ) ) ;
#6216 = CARTESIAN_POINT ( 'NONE',  ( 713.3831961927736529, 913.2480071302650231, 1309.300583876385872 ) ) ;
#6217 = LINE ( 'NONE', #4522, #3977 ) ;
#6218 = ORIENTED_EDGE ( 'NONE', *, *, #1062, .F. ) ;
#6219 = ORIENTED_EDGE ( 'NONE', *, *, #2289, .T. ) ;
#6220 = EDGE_CURVE ( 'NONE', #6134, #6284, #2733, .T. ) ;
#6221 = CARTESIAN_POINT ( 'NONE',  ( 719.3795600606616745, 915.7799320291653657, 1307.315240307711520 ) ) ;
#6222 = CARTESIAN_POINT ( 'NONE',  ( 712.9705470034158452, 913.9323640147222250, 1309.162283173085143 ) ) ;
#6223 = CARTESIAN_POINT ( 'NONE',  ( 722.9949561627618095, 906.1905714063957475, 1315.939339890498786 ) ) ;
#6224 = CARTESIAN_POINT ( 'NONE',  ( 713.1777840827170394, 912.2951276030975123, 1308.049546621644140 ) ) ;
#6225 = CARTESIAN_POINT ( 'NONE',  ( 720.0732537342868227, 908.0400803481887806, 1308.819482336218925 ) ) ;
#6226 = DIRECTION ( 'NONE',  ( 0.9961317702084643289, 0.08468162418237812350, 0.02346313932929171980 ) ) ;
#6227 = ORIENTED_EDGE ( 'NONE', *, *, #412, .T. ) ;
#6228 = CARTESIAN_POINT ( 'NONE',  ( 715.8413140938854440, 914.6695123332473258, 1307.930258835041286 ) ) ;
#6229 = EDGE_CURVE ( 'NONE', #3308, #255, #1140, .T. ) ;
#6230 = CARTESIAN_POINT ( 'NONE',  ( 714.7938863987120612, 904.5419743155481456, 1315.677374757244479 ) ) ;
#6231 = CARTESIAN_POINT ( 'NONE',  ( 722.3569116470463314, 915.4738021121356724, 1306.240769921878154 ) ) ;
#6232 = CARTESIAN_POINT ( 'NONE',  ( 724.0946936163288683, 914.9124562949597248, 1306.885967648531050 ) ) ;
#6233 = VERTEX_POINT ( 'NONE', #4458 ) ;
#6234 = CARTESIAN_POINT ( 'NONE',  ( 718.7917400848953093, 919.4506485289006150, 1322.044098589542727 ) ) ;
#6235 = ORIENTED_EDGE ( 'NONE', *, *, #2338, .F. ) ;
#6236 = UNCERTAINTY_MEASURE_WITH_UNIT (LENGTH_MEASURE( 1.000000000000000082E-05 ), #1734, 'distance_accuracy_value', 'NONE');
#6237 = EDGE_CURVE ( 'NONE', #2844, #6750, #5201, .T. ) ;
#6238 = CARTESIAN_POINT ( 'NONE',  ( 724.4451319931642956, 904.9514769506778293, 1316.034704002290937 ) ) ;
#6239 = DIRECTION ( 'NONE',  ( -0.01531951509544172280, -0.2359867464115217306, -0.9716355118949413505 ) ) ;
#6240 = CARTESIAN_POINT ( 'NONE',  ( 726.4394205988385238, 914.6506500252371552, 1309.847709024738833 ) ) ;
#6241 = VECTOR ( 'NONE', #4015, 1000.000000000000114 ) ;
#6242 = FACE_OUTER_BOUND ( 'NONE', #646, .T. ) ;
#6243 = ORIENTED_EDGE ( 'NONE', *, *, #6860, .F. ) ;
#6244 = ORIENTED_EDGE ( 'NONE', *, *, #5469, .T. ) ;
#6245 = APPROVAL_PERSON_ORGANIZATION ( #3528, #2687, #5023 ) ;
#6246 = CARTESIAN_POINT ( 'NONE',  ( 724.0299156087253323, 914.8527654958162429, 1313.368576266461787 ) ) ;
#6247 = CARTESIAN_POINT ( 'NONE',  ( 724.4322607311789852, 906.5759802849026983, 1316.344282761745944 ) ) ;
#6248 = DIRECTION ( 'NONE',  ( 0.5115711100240906140, -0.6040947122684486859, -0.6110356601688807787 ) ) ;
#6249 = CARTESIAN_POINT ( 'NONE',  ( 712.2416510049897624, 910.2631930587128863, 1309.748878641846886 ) ) ;
#6250 = CARTESIAN_POINT ( 'NONE',  ( 711.9248443358941358, 906.9632849799462520, 1313.385851234708980 ) ) ;
#6251 = CARTESIAN_POINT ( 'NONE',  ( 723.7447249891602041, 906.2743009100582867, 1316.393611192297612 ) ) ;
#6252 = ORIENTED_EDGE ( 'NONE', *, *, #2701, .F. ) ;
#6253 = VERTEX_POINT ( 'NONE', #1858 ) ;
#6254 = DIRECTION ( 'NONE',  ( 0.3933361784615723167, -0.9058035615703907695, 0.1575009795513707955 ) ) ;
#6255 = CARTESIAN_POINT ( 'NONE',  ( 712.9301012266907946, 912.5276265443297916, 1308.055963777416764 ) ) ;
#6256 = CARTESIAN_POINT ( 'NONE',  ( 716.9826874152597611, 916.7065812318560347, 1314.368936164432398 ) ) ;
#6257 = CARTESIAN_POINT ( 'NONE',  ( 718.7917400848953093, 919.4506485289006150, 1322.044098589542727 ) ) ;
#6258 = CARTESIAN_POINT ( 'NONE',  ( 724.4695139072730399, 906.4019727347209709, 1316.774006964600403 ) ) ;
#6259 = CARTESIAN_POINT ( 'NONE',  ( 719.7353845055382635, 911.0484602219646604, 1312.306133372769409 ) ) ;
#6260 = ORIENTED_EDGE ( 'NONE', *, *, #1834, .F. ) ;
#6261 = DIRECTION ( 'NONE',  ( 0.1162306242541731038, -0.7463955445134947686, 0.6552740900691014225 ) ) ;
#6262 = EDGE_CURVE ( 'NONE', #3961, #5806, #657, .T. ) ;
#6263 = CARTESIAN_POINT ( 'NONE',  ( 718.7917400848953093, 919.4506485289006150, 1322.044098589542727 ) ) ;
#6264 = LINE ( 'NONE', #1055, #1316 ) ;
#6265 = CARTESIAN_POINT ( 'NONE',  ( 718.7917400848953093, 919.4506485289006150, 1322.044098589542727 ) ) ;
#6266 = ORIENTED_EDGE ( 'NONE', *, *, #1035, .F. ) ;
#6267 = CARTESIAN_POINT ( 'NONE',  ( 720.1999277102324868, 906.9121781678747993, 1307.512266668277789 ) ) ;
#6268 = EDGE_CURVE ( 'NONE', #2836, #2837, #68, .T. ) ;
#6269 = VERTEX_POINT ( 'NONE', #1337 ) ;
#6270 = CARTESIAN_POINT ( 'NONE',  ( 715.2316991512021787, 906.4134375056904673, 1315.129184318233911 ) ) ;
#6271 = CARTESIAN_POINT ( 'NONE',  ( 718.4737874168812368, 915.7193178797831479, 1305.796321242233034 ) ) ;
#6272 = CARTESIAN_POINT ( 'NONE',  ( 720.0345847080773183, 916.8996138409850118, 1305.583910345944105 ) ) ;
#6273 = CARTESIAN_POINT ( 'NONE',  ( 714.4001669057678328, 914.6686735427050507, 1306.677041614562540 ) ) ;
#6274 = CARTESIAN_POINT ( 'NONE',  ( 715.9740308330067364, 915.8027023098153450, 1306.023727979902560 ) ) ;
#6275 = EDGE_CURVE ( 'NONE', #5633, #3706, #2225, .T. ) ;
#6276 = ORIENTED_EDGE ( 'NONE', *, *, #1986, .F. ) ;
#6277 = VECTOR ( 'NONE', #2291, 999.9999999999998863 ) ;
#6278 = FACE_OUTER_BOUND ( 'NONE', #3735, .T. ) ;
#6279 = CARTESIAN_POINT ( 'NONE',  ( 718.7917400848953093, 919.4506485289006150, 1322.044098589542727 ) ) ;
#6280 = CARTESIAN_POINT ( 'NONE',  ( 726.9113583726426668, 913.2266006031503593, 1310.846175464953603 ) ) ;
#6281 = CARTESIAN_POINT ( 'NONE',  ( 718.7917400848953093, 919.4506485289006150, 1322.044098589542727 ) ) ;
#6282 = CARTESIAN_POINT ( 'NONE',  ( 713.2391821950636768, 906.6941981123688947, 1312.814460938575849 ) ) ;
#6283 = EDGE_CURVE ( 'NONE', #2079, #6300, #2392, .T. ) ;
#6284 = VERTEX_POINT ( 'NONE', #6059 ) ;
#6285 = VECTOR ( 'NONE', #4186, 1000.000000000000000 ) ;
#6286 = ORIENTED_EDGE ( 'NONE', *, *, #6726, .F. ) ;
#6287 = FACE_OUTER_BOUND ( 'NONE', #6403, .T. ) ;
#6288 = LINE ( 'NONE', #3004, #1749 ) ;
#6289 = CARTESIAN_POINT ( 'NONE',  ( 720.1171956675559613, 905.4507989633467560, 1316.298984328549977 ) ) ;
#6290 = AXIS2_PLACEMENT_3D ( 'NONE', #5418, #1878, #6008 ) ;
#6291 = DIRECTION ( 'NONE',  ( -0.8949130824508152449, 0.2115720073083323105, 0.3928967556265936523 ) ) ;
#6292 = CARTESIAN_POINT ( 'NONE',  ( 713.5768667155233516, 906.3354510636759187, 1313.126992602329892 ) ) ;
#6293 = DIRECTION ( 'NONE',  ( -0.07317157541021195033, 0.6515180314347920332, 0.7550961364404676912 ) ) ;
#6294 = FACE_OUTER_BOUND ( 'NONE', #3355, .T. ) ;
#6295 = CARTESIAN_POINT ( 'NONE',  ( 727.6846557442602261, 911.8346450134623637, 1310.179564635505358 ) ) ;
#6296 = AXIS2_PLACEMENT_3D ( 'NONE', #123, #1397, #4553 ) ;
#6297 = CARTESIAN_POINT ( 'NONE',  ( 723.7621847076163704, 916.2807812249689050, 1308.065629121044140 ) ) ;
#6298 = LINE ( 'NONE', #1553, #90 ) ;
#6299 = CARTESIAN_POINT ( 'NONE',  ( 713.1089332316079208, 914.1013450631921842, 1309.029891737223124 ) ) ;
#6300 = VERTEX_POINT ( 'NONE', #1791 ) ;
#6301 = DIRECTION ( 'NONE',  ( -0.07317157541021195033, 0.6515180314347920332, 0.7550961364404673581 ) ) ;
#6302 = VERTEX_POINT ( 'NONE', #4492 ) ;
#6303 = CARTESIAN_POINT ( 'NONE',  ( 725.8199933971620794, 913.3440294928600451, 1310.041106564264737 ) ) ;
#6304 = EDGE_CURVE ( 'NONE', #6413, #198, #787, .T. ) ;
#6305 = CARTESIAN_POINT ( 'NONE',  ( 718.7917400848950820, 919.4506485289003876, 1322.044098589542955 ) ) ;
#6306 = CARTESIAN_POINT ( 'NONE',  ( 718.7917400848953093, 919.4506485289006150, 1322.044098589542727 ) ) ;
#6307 = DIRECTION ( 'NONE',  ( 0.1259162098304095201, 0.2672719358401655643, 0.9553590008024180902 ) ) ;
#6308 = CARTESIAN_POINT ( 'NONE',  ( 713.0139356949621288, 911.0166506748387292, 1310.808280200971467 ) ) ;
#6309 = ORIENTED_EDGE ( 'NONE', *, *, #3093, .T. ) ;
#6310 = EDGE_CURVE ( 'NONE', #2096, #4747, #1235, .T. ) ;
#6311 = CARTESIAN_POINT ( 'NONE',  ( 715.7981593195448795, 915.9333170546575502, 1306.021595464546635 ) ) ;
#6312 = CARTESIAN_POINT ( 'NONE',  ( 721.5457018863332905, 904.2618275849850988, 1315.690852569525532 ) ) ;
#6313 = CARTESIAN_POINT ( 'NONE',  ( 721.0184752378025905, 915.7823792982377427, 1307.471869857544789 ) ) ;
#6314 = CARTESIAN_POINT ( 'NONE',  ( 726.9401470039450714, 914.0611354270099582, 1308.515644676676629 ) ) ;
#6315 = CARTESIAN_POINT ( 'NONE',  ( 712.5114323380373662, 906.7769796985849098, 1313.204761606150441 ) ) ;
#6316 = VERTEX_POINT ( 'NONE', #3422 ) ;
#6317 = ORIENTED_EDGE ( 'NONE', *, *, #3432, .F. ) ;
#6318 = ADVANCED_FACE ( 'NONE', ( #3484 ), #6197, .F. ) ;
#6319 = CARTESIAN_POINT ( 'NONE',  ( 716.3704656261830905, 904.0948886368997819, 1316.032441176402699 ) ) ;
#6320 = CARTESIAN_POINT ( 'NONE',  ( 714.7829938042738149, 906.8400796139527529, 1314.583370533209290 ) ) ;
#6321 = CARTESIAN_POINT ( 'NONE',  ( 726.6224756362109929, 909.6328106487796958, 1313.521769429611140 ) ) ;
#6322 = CARTESIAN_POINT ( 'NONE',  ( 715.6244699452659006, 915.1888866260576378, 1312.264043163895394 ) ) ;
#6323 = CARTESIAN_POINT ( 'NONE',  ( 720.6777428972919779, 903.6323567694047370, 1317.040441060815965 ) ) ;
#6324 = CARTESIAN_POINT ( 'NONE',  ( 718.5146574119230536, 903.5763121640566169, 1316.946802928408488 ) ) ;
#6325 = VERTEX_POINT ( 'NONE', #4657 ) ;
#6326 = ORIENTED_EDGE ( 'NONE', *, *, #5173, .F. ) ;
#6327 = ORIENTED_EDGE ( 'NONE', *, *, #5615, .T. ) ;
#6328 = CARTESIAN_POINT ( 'NONE',  ( 723.7328710201430795, 915.7963052205425356, 1308.176611292765301 ) ) ;
#6329 = CARTESIAN_POINT ( 'NONE',  ( 717.1499695130712553, 909.5153926439545558, 1317.307118679010273 ) ) ;
#6330 = CARTESIAN_POINT ( 'NONE',  ( 718.7917400848953093, 919.4506485289006150, 1322.044098589542727 ) ) ;
#6331 = CARTESIAN_POINT ( 'NONE',  ( 718.7917400848953093, 919.4506485289006150, 1322.044098589542727 ) ) ;
#6332 = ORIENTED_EDGE ( 'NONE', *, *, #2201, .T. ) ;
#6333 = CARTESIAN_POINT ( 'NONE',  ( 713.0622315340211799, 908.4772190881969891, 1313.268974826549993 ) ) ;
#6334 = CARTESIAN_POINT ( 'NONE',  ( 726.7563983480619072, 912.9641313497000965, 1308.905711315004510 ) ) ;
#6335 = CARTESIAN_POINT ( 'NONE',  ( 718.3741668874919242, 915.9102486599634858, 1305.760799605273633 ) ) ;
#6336 = CARTESIAN_POINT ( 'NONE',  ( 718.7917400848953093, 919.4506485289006150, 1322.044098589542727 ) ) ;
#6337 = CARTESIAN_POINT ( 'NONE',  ( 726.8764191635668794, 912.1605385336741847, 1309.390022520045250 ) ) ;
#6338 = CARTESIAN_POINT ( 'NONE',  ( 724.9895277210140421, 905.3045790860708166, 1315.777855099996714 ) ) ;
#6339 = ORIENTED_EDGE ( 'NONE', *, *, #5054, .F. ) ;
#6340 = ADVANCED_FACE ( 'NONE', ( #5666 ), #5684, .T. ) ;
#6341 = VECTOR ( 'NONE', #5398, 1000.000000000000114 ) ;
#6342 = CARTESIAN_POINT ( 'NONE',  ( 727.9555101224746068, 912.1301646477531904, 1310.180900274048554 ) ) ;
#6343 = CARTESIAN_POINT ( 'NONE',  ( 721.1763255967821351, 915.1878086201451197, 1319.374926616073481 ) ) ;
#6344 = CARTESIAN_POINT ( 'NONE',  ( 713.2462032037465178, 913.3114696498166722, 1307.574596046526040 ) ) ;
#6345 = CARTESIAN_POINT ( 'NONE',  ( 725.9903848786212848, 913.3840811305939269, 1308.253323294288293 ) ) ;
#6346 = CARTESIAN_POINT ( 'NONE',  ( 718.7917400848953093, 919.4506485289006150, 1322.044098589542727 ) ) ;
#6347 = EDGE_LOOP ( 'NONE', ( #3546, #3234, #6567, #2120 ) ) ;
#6348 = EDGE_CURVE ( 'NONE', #6203, #5121, #1899, .T. ) ;
#6349 = EDGE_LOOP ( 'NONE', ( #1638, #5544, #868, #4207 ) ) ;
#6350 = CC_DESIGN_SECURITY_CLASSIFICATION ( #3254, ( #1930 ) ) ;
#6351 = CARTESIAN_POINT ( 'NONE',  ( 724.0488536643647421, 914.8789840737498480, 1308.544943772979877 ) ) ;
#6352 = CARTESIAN_POINT ( 'NONE',  ( 713.1926057817955780, 908.9242881494815265, 1312.630811594134912 ) ) ;
#6353 = CARTESIAN_POINT ( 'NONE',  ( 719.2225180684713450, 916.7606006958480975, 1311.250202273323566 ) ) ;
#6354 = CARTESIAN_POINT ( 'NONE',  ( 721.3174750503746964, 915.4106104551295857, 1306.039676206250306 ) ) ;
#6355 = CARTESIAN_POINT ( 'NONE',  ( 720.0171639065570162, 908.6865867308420093, 1318.718337761292105 ) ) ;
#6356 = DIRECTION ( 'NONE',  ( -0.5105444433640062840, 0.6480342885958192412, 0.5651512471491568768 ) ) ;
#6357 = CARTESIAN_POINT ( 'NONE',  ( 717.4994265379839362, 904.1753889854277304, 1315.437429908062086 ) ) ;
#6358 = VERTEX_POINT ( 'NONE', #978 ) ;
#6359 = EDGE_CURVE ( 'NONE', #4172, #2096, #3136, .T. ) ;
#6360 = CONICAL_SURFACE ( 'NONE', #2390, 8.788285345454690756, 0.5551083433337287154 ) ;
#6361 = CARTESIAN_POINT ( 'NONE',  ( 719.8286610700904475, 910.2179278277214962, 1311.343563233765735 ) ) ;
#6362 = CARTESIAN_POINT ( 'NONE',  ( 726.9222349393019158, 912.1913948005469592, 1309.397263956032020 ) ) ;
#6363 = CARTESIAN_POINT ( 'NONE',  ( 719.7353845055382635, 911.0484602219646604, 1312.306133372769409 ) ) ;
#6364 = CARTESIAN_POINT ( 'NONE',  ( 725.9428100225301250, 906.6669315397244873, 1314.039589897065071 ) ) ;
#6365 = ORIENTED_EDGE ( 'NONE', *, *, #3773, .T. ) ;
#6366 = CIRCLE ( 'NONE', #6477, 5.999999999999937828 ) ;
#6367 = CARTESIAN_POINT ( 'NONE',  ( 724.2385782705378006, 911.9308561145670637, 1315.909901445057585 ) ) ;
#6368 = CC_DESIGN_PERSON_AND_ORGANIZATION_ASSIGNMENT ( #3043, #1345, ( #1930 ) ) ;
#6369 = CARTESIAN_POINT ( 'NONE',  ( 713.3515931842806594, 905.5801163026465019, 1314.567777204133790 ) ) ;
#6370 = AXIS2_PLACEMENT_3D ( 'NONE', #3719, #3027, #4615 ) ;
#6371 = CARTESIAN_POINT ( 'NONE',  ( 718.7917400848953093, 919.4506485289006150, 1322.044098589542727 ) ) ;
#6372 = CARTESIAN_POINT ( 'NONE',  ( 712.6710870834485831, 907.3961717358947681, 1312.271783165288980 ) ) ;
#6373 = CARTESIAN_POINT ( 'NONE',  ( 727.8665746061569735, 910.2649807313978272, 1311.486857491642468 ) ) ;
#6374 = CARTESIAN_POINT ( 'NONE',  ( 718.7917400848953093, 919.4506485289006150, 1322.044098589542727 ) ) ;
#6375 = CARTESIAN_POINT ( 'NONE',  ( 724.6487405021185850, 905.5664458134302777, 1314.863719644903540 ) ) ;
#6376 = VERTEX_POINT ( 'NONE', #5218 ) ;
#6377 = CARTESIAN_POINT ( 'NONE',  ( 715.7472831329627070, 914.5965632498752029, 1306.378999105462299 ) ) ;
#6378 = EDGE_CURVE ( 'NONE', #6269, #3308, #52, .T. ) ;
#6379 = CARTESIAN_POINT ( 'NONE',  ( 725.6238338194388007, 913.7036140352496432, 1307.936930988326594 ) ) ;
#6380 = CARTESIAN_POINT ( 'NONE',  ( 712.6102609888732786, 910.8324236759358428, 1309.146102731837345 ) ) ;
#6381 = CARTESIAN_POINT ( 'NONE',  ( 723.9974110830205518, 914.7126272571848631, 1306.901611195978830 ) ) ;
#6382 = FACE_OUTER_BOUND ( 'NONE', #3159, .T. ) ;
#6383 = ORIENTED_EDGE ( 'NONE', *, *, #3317, .F. ) ;
#6384 = ORIENTED_EDGE ( 'NONE', *, *, #4525, .T. ) ;
#6385 = DIRECTION ( 'NONE',  ( -0.07317157541021193645, 0.6515180314347920332, 0.7550961364404673581 ) ) ;
#6386 = CARTESIAN_POINT ( 'NONE',  ( 713.8396515785406109, 906.8280574737744928, 1315.240832491656420 ) ) ;
#6387 = CARTESIAN_POINT ( 'NONE',  ( 718.7917400848953093, 919.4506485289006150, 1322.044098589542727 ) ) ;
#6388 = ADVANCED_FACE ( 'NONE', ( #6287 ), #5249, .F. ) ;
#6389 = CARTESIAN_POINT ( 'NONE',  ( 724.7799522003798529, 914.4977957126857291, 1307.273315565711982 ) ) ;
#6390 = CARTESIAN_POINT ( 'NONE',  ( 719.3634413144513928, 903.9576963674734316, 1315.867285811014426 ) ) ;
#6391 = AXIS2_PLACEMENT_3D ( 'NONE', #6778, #4149, #6261 ) ;
#6392 = AXIS2_PLACEMENT_3D ( 'NONE', #4644, #351, #6138 ) ;
#6393 = CARTESIAN_POINT ( 'NONE',  ( 717.5340518078302239, 904.2157243157216726, 1315.339720532133242 ) ) ;
#6394 = DIRECTION ( 'NONE',  ( -0.07317157541021195033, 0.6515180314347920332, 0.7550961364404676912 ) ) ;
#6395 = ORIENTED_EDGE ( 'NONE', *, *, #4707, .T. ) ;
#6396 = B_SPLINE_SURFACE_WITH_KNOTS ( 'NONE', 3, 1, ( 
 ( #2910, #3980 ),
 ( #337, #6670 ),
 ( #272, #2452 ),
 ( #3454, #1927 ),
 ( #5571, #2879 ),
 ( #238, #6190 ),
 ( #2483, #6123 ),
 ( #4985, #6155 ) ),
 .UNSPECIFIED., .F., .F., .F.,
 ( 4, 1, 1, 1, 1, 4 ),
 ( 2, 2 ),
 ( 0.000000000000000000, 0.3581071372195973046, 0.4566366301078926271, 0.6536956158844833276, 0.7882359431063625799, 1.000000000000000000 ),
 ( 0.000000000000000000, 1.000000000000000000 ),
 .UNSPECIFIED. ) ;
#6397 = CIRCLE ( 'NONE', #2535, 7.997732278218547819 ) ;
#6398 = CARTESIAN_POINT ( 'NONE',  ( 713.2051254658794051, 905.9899852411754182, 1313.933016266064897 ) ) ;
#6399 = CARTESIAN_POINT ( 'NONE',  ( 721.2777026459326635, 904.1662367888906147, 1315.829543388101001 ) ) ;
#6400 = DIRECTION ( 'NONE',  ( 0.07317157541021196421, -0.6515180314347921442, -0.7550961364404672471 ) ) ;
#6401 = EDGE_CURVE ( 'NONE', #531, #5180, #3624, .T. ) ;
#6402 = LINE ( 'NONE', #1657, #1756 ) ;
#6403 = EDGE_LOOP ( 'NONE', ( #4910, #4199, #4686, #804 ) ) ;
#6404 = CARTESIAN_POINT ( 'NONE',  ( 720.6649659208534331, 905.0789884832904590, 1317.546840113995586 ) ) ;
#6405 = VECTOR ( 'NONE', #4096, 1000.000000000000114 ) ;
#6406 = CARTESIAN_POINT ( 'NONE',  ( 726.7475889590239149, 908.9633342480340161, 1314.508770866654231 ) ) ;
#6407 = CARTESIAN_POINT ( 'NONE',  ( 720.2482131785086494, 904.0669536894763496, 1315.731096139416877 ) ) ;
#6408 = EDGE_CURVE ( 'NONE', #3803, #3992, #2811, .T. ) ;
#6409 = DIRECTION ( 'NONE',  ( -0.2345083664723419670, -0.8587921086729121134, -0.4555018552493578787 ) ) ;
#6410 = CARTESIAN_POINT ( 'NONE',  ( 712.3881727714070848, 911.1899059526559768, 1311.051798483944822 ) ) ;
#6411 = FACE_OUTER_BOUND ( 'NONE', #3144, .T. ) ;
#6412 = CARTESIAN_POINT ( 'NONE',  ( 718.5064490621921323, 915.6612179502594699, 1305.800462399027083 ) ) ;
#6413 = VERTEX_POINT ( 'NONE', #6221 ) ;
#6414 = CARTESIAN_POINT ( 'NONE',  ( 727.3886334535196738, 909.8059109995110703, 1311.470993539686560 ) ) ;
#6415 = CARTESIAN_POINT ( 'NONE',  ( 718.7917400848950820, 919.4506485289003876, 1322.044098589542955 ) ) ;
#6416 = DIRECTION ( 'NONE',  ( 0.1162306242541707169, -0.7463955445134997646, 0.6552740900690960935 ) ) ;
#6417 = CARTESIAN_POINT ( 'NONE',  ( 726.0520606311836218, 913.4530151498136092, 1308.261216492315953 ) ) ;
#6418 = CARTESIAN_POINT ( 'NONE',  ( 713.1505906612819672, 906.6914238136375843, 1312.881943584190594 ) ) ;
#6419 = EDGE_LOOP ( 'NONE', ( #4437, #5589, #1898, #1504 ) ) ;
#6420 = ORIENTED_EDGE ( 'NONE', *, *, #1486, .F. ) ;
#6421 = B_SPLINE_CURVE_WITH_KNOTS ( 'NONE', 3,
 ( #956, #3635, #925, #5748, #994, #5781, #3118, #1026 ),
 .UNSPECIFIED., .F., .F.,
 ( 4, 2, 2, 4 ),
 ( 0.000000000000000000, 0.0003785376244286748075, 0.0007570752488573496150, 0.001514150497714826949 ),
 .UNSPECIFIED. ) ;
#6422 = LINE ( 'NONE', #1606, #3581 ) ;
#6423 = CARTESIAN_POINT ( 'NONE',  ( 713.3927453077156997, 908.4695386499173537, 1313.042707616293910 ) ) ;
#6424 = CARTESIAN_POINT ( 'NONE',  ( 718.3899105029877319, 917.9884458527548077, 1316.688444801618289 ) ) ;
#6425 = CARTESIAN_POINT ( 'NONE',  ( 724.7511727994572084, 914.4501301316311128, 1307.274817057591918 ) ) ;
#6426 = CARTESIAN_POINT ( 'NONE',  ( 727.1308782665372519, 908.5973402419673448, 1312.489107520132393 ) ) ;
#6427 = CARTESIAN_POINT ( 'NONE',  ( 714.7690111784538658, 911.5406483885751641, 1315.328947905605219 ) ) ;
#6428 = ORIENTED_EDGE ( 'NONE', *, *, #5519, .F. ) ;
#6429 = VERTEX_POINT ( 'NONE', #3657 ) ;
#6430 = ORIENTED_EDGE ( 'NONE', *, *, #6378, .F. ) ;
#6431 = EDGE_CURVE ( 'NONE', #6759, #3687, #385, .T. ) ;
#6432 = CARTESIAN_POINT ( 'NONE',  ( 713.1149180571121633, 905.9272258745348836, 1314.094861443452373 ) ) ;
#6433 = CARTESIAN_POINT ( 'NONE',  ( 716.7022689805024811, 905.7532694223488079, 1315.841299365955365 ) ) ;
#6434 = CARTESIAN_POINT ( 'NONE',  ( 712.9344399808393291, 911.5831743616462290, 1308.529748205790838 ) ) ;
#6435 = CARTESIAN_POINT ( 'NONE',  ( 725.3838458763593735, 907.9099743415112016, 1314.687365593563072 ) ) ;
#6436 = ORIENTED_EDGE ( 'NONE', *, *, #735, .F. ) ;
#6437 = CARTESIAN_POINT ( 'NONE',  ( 718.7917400848950820, 919.4506485289003876, 1322.044098589542955 ) ) ;
#6438 = EDGE_CURVE ( 'NONE', #1722, #4108, #3135, .T. ) ;
#6439 = FACE_OUTER_BOUND ( 'NONE', #6527, .T. ) ;
#6440 = CARTESIAN_POINT ( 'NONE',  ( 727.3379848888141623, 910.7967517819532759, 1310.611463216851462 ) ) ;
#6441 = CARTESIAN_POINT ( 'NONE',  ( 726.9411116680798841, 910.3793259950386982, 1313.016906627177832 ) ) ;
#6442 = CARTESIAN_POINT ( 'NONE',  ( 728.5526979592723364, 910.8291410768046035, 1311.593966528665305 ) ) ;
#6443 = CARTESIAN_POINT ( 'NONE',  ( 714.6274411332484533, 904.9196948007307810, 1314.994320330884875 ) ) ;
#6444 = CARTESIAN_POINT ( 'NONE',  ( 725.0307456857583475, 905.1121482802876699, 1316.253073410715160 ) ) ;
#6445 = ORIENTED_EDGE ( 'NONE', *, *, #2428, .F. ) ;
#6446 = EDGE_CURVE ( 'NONE', #282, #4368, #324, .T. ) ;
#6447 = CARTESIAN_POINT ( 'NONE',  ( 715.0126342341238797, 905.1693755907170953, 1314.272549004420171 ) ) ;
#6448 = CARTESIAN_POINT ( 'NONE',  ( 716.6601976537406244, 903.8622182814697226, 1316.520411218405570 ) ) ;
#6449 = CARTESIAN_POINT ( 'NONE',  ( 726.9565278851988523, 911.7576778975036405, 1311.829120005128971 ) ) ;
#6450 = DIRECTION ( 'NONE',  ( -0.07317157541021195033, 0.6515180314347920332, 0.7550961364404676912 ) ) ;
#6451 = CARTESIAN_POINT ( 'NONE',  ( 726.7707397190675920, 912.3593679046545049, 1309.207923459263839 ) ) ;
#6452 = ORIENTED_EDGE ( 'NONE', *, *, #3143, .F. ) ;
#6453 = ORIENTED_EDGE ( 'NONE', *, *, #431, .F. ) ;
#6454 = CARTESIAN_POINT ( 'NONE',  ( 718.7917400848953093, 919.4506485289006150, 1322.044098589542727 ) ) ;
#6455 = CARTESIAN_POINT ( 'NONE',  ( 718.7920038506514402, 904.9904573910475847, 1317.441730342416349 ) ) ;
#6456 = DIRECTION ( 'NONE',  ( 0.000000000000000000, -0.7571257123220861418, 0.6532692061782597870 ) ) ;
#6457 = CARTESIAN_POINT ( 'NONE',  ( 717.1494927379676483, 917.2574849693463648, 1317.198937247782851 ) ) ;
#6458 = CARTESIAN_POINT ( 'NONE',  ( 718.9694627505724611, 903.6281361660899165, 1316.745139328591904 ) ) ;
#6459 = CARTESIAN_POINT ( 'NONE',  ( 718.7917400848950820, 919.4506485289003876, 1322.044098589542955 ) ) ;
#6460 = CARTESIAN_POINT ( 'NONE',  ( 719.3181135422762509, 905.3789894156610671, 1316.362158662082948 ) ) ;
#6461 = ORIENTED_EDGE ( 'NONE', *, *, #499, .T. ) ;
#6462 = ORIENTED_EDGE ( 'NONE', *, *, #4926, .T. ) ;
#6463 = ORIENTED_EDGE ( 'NONE', *, *, #499, .F. ) ;
#6464 = CARTESIAN_POINT ( 'NONE',  ( 719.8286610700904475, 910.2179278277214962, 1311.343563233765735 ) ) ;
#6465 = CARTESIAN_POINT ( 'NONE',  ( 728.1836087141233520, 912.7112497231478301, 1309.987418070454169 ) ) ;
#6466 = LINE ( 'NONE', #4946, #3526 ) ;
#6467 = MANIFOLD_SOLID_BREP ( 'Boss-Extrude1', #4975 ) ;
#6468 = CARTESIAN_POINT ( 'NONE',  ( 722.6546788859790240, 916.0942675662814736, 1315.446894197006486 ) ) ;
#6469 = EDGE_CURVE ( 'NONE', #5773, #2406, #532, .T. ) ;
#6470 = ORIENTED_EDGE ( 'NONE', *, *, #5242, .F. ) ;
#6471 = CARTESIAN_POINT ( 'NONE',  ( 724.1699592255872631, 911.7879073086988910, 1316.020206113124459 ) ) ;
#6472 = AXIS2_PLACEMENT_3D ( 'NONE', #4649, #1428, #3541 ) ;
#6473 = B_SPLINE_SURFACE_WITH_KNOTS ( 'NONE', 3, 1, ( 
 ( #6581, #3918 ),
 ( #1835, #763 ),
 ( #2887, #3952 ),
 ( #6163, #5648 ),
 ( #6100, #4991 ),
 ( #6068, #827 ),
 ( #245, #2984 ),
 ( #3013, #5024 ) ),
 .UNSPECIFIED., .F., .F., .F.,
 ( 4, 1, 1, 1, 1, 4 ),
 ( 2, 2 ),
 ( 0.000000000000000000, 0.3581071372195973046, 0.4566366301078926271, 0.6536956158844833276, 0.7882359431063625799, 1.000000000000000000 ),
 ( 0.000000000000000000, 1.000000000000000000 ),
 .UNSPECIFIED. ) ;
#6474 = CARTESIAN_POINT ( 'NONE',  ( 718.7917400848953093, 919.4506485289006150, 1322.044098589542727 ) ) ;
#6475 = CARTESIAN_POINT ( 'NONE',  ( 714.4212368198011518, 915.3093975901707609, 1308.114717297926063 ) ) ;
#6476 = CARTESIAN_POINT ( 'NONE',  ( 726.1491592269549074, 912.8163227498973811, 1310.528324049473213 ) ) ;
#6477 = AXIS2_PLACEMENT_3D ( 'NONE', #2188, #5376, #4853 ) ;
#6478 = CARTESIAN_POINT ( 'NONE',  ( 718.7917400848953093, 919.4506485289006150, 1322.044098589542727 ) ) ;
#6479 = EDGE_CURVE ( 'NONE', #4762, #6064, #2472, .T. ) ;
#6480 = LINE ( 'NONE', #1283, #6277 ) ;
#6481 = ORIENTED_EDGE ( 'NONE', *, *, #220, .T. ) ;
#6482 = CARTESIAN_POINT ( 'NONE',  ( 728.2600835252125080, 912.5307002651053381, 1310.150611873124262 ) ) ;
#6483 = ADVANCED_FACE ( 'NONE', ( #3832 ), #2314, .F. ) ;
#6484 = B_SPLINE_CURVE_WITH_KNOTS ( 'NONE', 3,
 ( #6133, #5422, #6451, #672 ),
 .UNSPECIFIED., .F., .F.,
 ( 4, 4 ),
 ( 0.000000000000000000, 0.0008686782177528521061 ),
 .UNSPECIFIED. ) ;
#6485 = CARTESIAN_POINT ( 'NONE',  ( 727.6086369986389855, 909.4569254718705906, 1312.007565685415557 ) ) ;
#6486 = CARTESIAN_POINT ( 'NONE',  ( 726.6215683142012267, 906.3387665202280914, 1315.348869468810335 ) ) ;
#6487 = VECTOR ( 'NONE', #4856, 1000.000000000000227 ) ;
#6488 = CARTESIAN_POINT ( 'NONE',  ( 725.0644504686617893, 914.1671039711744697, 1309.257514082793705 ) ) ;
#6489 = CARTESIAN_POINT ( 'NONE',  ( 712.5472039523452850, 913.5725816443526810, 1307.743474439564352 ) ) ;
#6490 = ORIENTED_EDGE ( 'NONE', *, *, #1312, .T. ) ;
#6491 = ORIENTED_EDGE ( 'NONE', *, *, #5476, .F. ) ;
#6492 = CARTESIAN_POINT ( 'NONE',  ( 723.9918907875148761, 914.9099738222521410, 1308.512650574156623 ) ) ;
#6493 = CARTESIAN_POINT ( 'NONE',  ( 726.6118614523018095, 906.3488910078410754, 1315.263521555753414 ) ) ;
#6494 = CARTESIAN_POINT ( 'NONE',  ( 711.3354096892483085, 908.7619699233630399, 1311.649169142249093 ) ) ;
#6495 = EDGE_CURVE ( 'NONE', #4622, #4539, #6523, .T. ) ;
#6496 = CARTESIAN_POINT ( 'NONE',  ( 726.8560391052693603, 907.9608533199418616, 1313.011653290155209 ) ) ;
#6497 = CARTESIAN_POINT ( 'NONE',  ( 715.1749935274909831, 913.9645750074090529, 1306.699538564030718 ) ) ;
#6498 = FACE_OUTER_BOUND ( 'NONE', #4830, .T. ) ;
#6499 = ORIENTED_EDGE ( 'NONE', *, *, #5553, .F. ) ;
#6500 = EDGE_LOOP ( 'NONE', ( #5831, #6286, #4802, #1291 ) ) ;
#6501 = CARTESIAN_POINT ( 'NONE',  ( 718.7917400848953093, 919.4506485289006150, 1322.044098589542727 ) ) ;
#6502 = CARTESIAN_POINT ( 'NONE',  ( 712.7508385739265577, 906.7340543253234273, 1313.118621493047385 ) ) ;
#6503 = VECTOR ( 'NONE', #5111, 1000.000000000000114 ) ;
#6504 = CARTESIAN_POINT ( 'NONE',  ( 719.1363399891422432, 911.2967034578601897, 1316.380901108764419 ) ) ;
#6505 = VECTOR ( 'NONE', #2244, 1000.000000000000114 ) ;
#6506 = CARTESIAN_POINT ( 'NONE',  ( 715.8799481622053236, 914.3799949385685295, 1306.409415328086652 ) ) ;
#6507 = ORIENTED_EDGE ( 'NONE', *, *, #6220, .T. ) ;
#6508 = CARTESIAN_POINT ( 'NONE',  ( 714.6572471294522302, 904.9633837692085763, 1314.914292965550658 ) ) ;
#6509 = B_SPLINE_CURVE_WITH_KNOTS ( 'NONE', 3,
 ( #3285, #5995, #2772, #1242, #5472, #6061, #5016, #365 ),
 .UNSPECIFIED., .F., .F.,
 ( 4, 2, 2, 4 ),
 ( 0.000000000000000000, 0.0002966949978379843480, 0.0005933899956759686959, 0.001186779991351993770 ),
 .UNSPECIFIED. ) ;
#6510 = VECTOR ( 'NONE', #4144, 1000.000000000000000 ) ;
#6511 = CARTESIAN_POINT ( 'NONE',  ( 726.8698864427168473, 908.9165519437357261, 1314.701498527275589 ) ) ;
#6512 = B_SPLINE_SURFACE_WITH_KNOTS ( 'NONE', 3, 1, ( 
 ( #6694, #6179 ),
 ( #2474, #2510 ),
 ( #1430, #456 ),
 ( #903, #5143 ),
 ( #4032, #2578 ),
 ( #1918, #3651 ),
 ( #5659, #6731 ),
 ( #6279, #4614 ) ),
 .UNSPECIFIED., .F., .F., .F.,
 ( 4, 1, 1, 1, 1, 4 ),
 ( 2, 2 ),
 ( 0.000000000000000000, 0.3581071372195973046, 0.4566366301078926271, 0.6536956158844833276, 0.7882359431063625799, 1.000000000000000000 ),
 ( 0.000000000000000000, 1.000000000000000000 ),
 .UNSPECIFIED. ) ;
#6513 = APPLICATION_PROTOCOL_DEFINITION ( 'international standard', 'config_control_design', 1994, #440 ) ;
#6514 = CARTESIAN_POINT ( 'NONE',  ( 716.4314883387353348, 904.3496614388599255, 1315.359317937271044 ) ) ;
#6515 = CARTESIAN_POINT ( 'NONE',  ( 717.4862942357954125, 915.3778055270357754, 1305.917973032514055 ) ) ;
#6516 = VECTOR ( 'NONE', #2173, 1000.000000000000227 ) ;
#6517 = ORIENTED_EDGE ( 'NONE', *, *, #6564, .F. ) ;
#6518 = CARTESIAN_POINT ( 'NONE',  ( 723.4497508186731238, 906.3268759855426424, 1316.000231257524092 ) ) ;
#6519 = ORIENTED_EDGE ( 'NONE', *, *, #4771, .F. ) ;
#6520 = AXIS2_PLACEMENT_3D ( 'NONE', #4932, #2297, #4411 ) ;
#6521 = EDGE_CURVE ( 'NONE', #2053, #591, #5943, .T. ) ;
#6522 = DIRECTION ( 'NONE',  ( -0.07317157541021195033, 0.6515180314347920332, 0.7550961364404675802 ) ) ;
#6523 = B_SPLINE_CURVE_WITH_KNOTS ( 'NONE', 3,
 ( #78, #2124, #6351, #6492, #5386, #4274, #568, #1751, #2197, #4312 ),
 .UNSPECIFIED., .F., .F.,
 ( 4, 3, 3, 4 ),
 ( 0.000000000000000000, 0.0002173289232321988106, 0.0004346578008311690884, 0.0007905002888283816460 ),
 .UNSPECIFIED. ) ;
#6524 = CARTESIAN_POINT ( 'NONE',  ( 728.4111449111313732, 909.4285685225205498, 1312.780646944099772 ) ) ;
#6525 = CARTESIAN_POINT ( 'NONE',  ( 727.0105860369098991, 907.3536107362477878, 1314.049022085086563 ) ) ;
#6526 = ORIENTED_EDGE ( 'NONE', *, *, #5990, .F. ) ;
#6527 = EDGE_LOOP ( 'NONE', ( #3194, #2544, #4388, #6536 ) ) ;
#6528 = EDGE_CURVE ( 'NONE', #750, #447, #2045, .T. ) ;
#6529 = CARTESIAN_POINT ( 'NONE',  ( 718.7917400848950820, 919.4506485289003876, 1322.044098589542955 ) ) ;
#6530 = CARTESIAN_POINT ( 'NONE',  ( 726.4237533141046015, 906.5272322418406930, 1314.768405436154580 ) ) ;
#6531 = CARTESIAN_POINT ( 'NONE',  ( 719.4952054422785750, 913.1870090998544356, 1314.784667990955313 ) ) ;
#6532 = CARTESIAN_POINT ( 'NONE',  ( 712.4428161796474797, 910.1829739974197082, 1309.697651540121797 ) ) ;
#6533 = FACE_OUTER_BOUND ( 'NONE', #3615, .T. ) ;
#6534 = CARTESIAN_POINT ( 'NONE',  ( 717.6094864027925269, 916.3592243816092378, 1307.241874803987457 ) ) ;
#6535 = FACE_OUTER_BOUND ( 'NONE', #2329, .T. ) ;
#6536 = ORIENTED_EDGE ( 'NONE', *, *, #6268, .F. ) ;
#6537 = ORIENTED_EDGE ( 'NONE', *, *, #6041, .F. ) ;
#6538 = EDGE_CURVE ( 'NONE', #5182, #2194, #6422, .T. ) ;
#6539 = ORIENTED_EDGE ( 'NONE', *, *, #556, .F. ) ;
#6540 = CARTESIAN_POINT ( 'NONE',  ( 718.7917400848950820, 919.4506485289003876, 1322.044098589542955 ) ) ;
#6541 = DIRECTION ( 'NONE',  ( -0.07317157541021195033, 0.6515180314347920332, 0.7550961364404676912 ) ) ;
#6542 = DIRECTION ( 'NONE',  ( 0.2438078779228505244, -0.7224679164172854717, 0.6469913665655999679 ) ) ;
#6543 = CARTESIAN_POINT ( 'NONE',  ( 718.7917400848950820, 919.4506485289003876, 1322.044098589542955 ) ) ;
#6544 = ORIENTED_EDGE ( 'NONE', *, *, #2212, .F. ) ;
#6545 = CARTESIAN_POINT ( 'NONE',  ( 718.7917400848953093, 919.4506485289006150, 1322.044098589542727 ) ) ;
#6546 = CARTESIAN_POINT ( 'NONE',  ( 719.4092126741849142, 915.7427508858492047, 1305.789425811109140 ) ) ;
#6547 = CARTESIAN_POINT ( 'NONE',  ( 725.8575268711084618, 907.5980966971935686, 1315.740997187309176 ) ) ;
#6548 = CARTESIAN_POINT ( 'NONE',  ( 713.7935291084324945, 914.6601972155553995, 1306.850151225477020 ) ) ;
#6549 = ORIENTED_EDGE ( 'NONE', *, *, #4495, .T. ) ;
#6550 = LINE ( 'NONE', #2783, #2528 ) ;
#6551 = ORIENTED_EDGE ( 'NONE', *, *, #4196, .T. ) ;
#6552 = DIRECTION ( 'NONE',  ( 0.1162306242541731038, -0.7463955445134947686, 0.6552740900691014225 ) ) ;
#6553 = FACE_OUTER_BOUND ( 'NONE', #418, .T. ) ;
#6554 = CARTESIAN_POINT ( 'NONE',  ( 715.6357550331684934, 914.2510879916114845, 1306.496673831678208 ) ) ;
#6555 = EDGE_CURVE ( 'NONE', #5697, #3983, #150, .T. ) ;
#6556 = ORIENTED_EDGE ( 'NONE', *, *, #2468, .T. ) ;
#6557 = EDGE_LOOP ( 'NONE', ( #2398, #206, #5527, #4969 ) ) ;
#6558 = CARTESIAN_POINT ( 'NONE',  ( 721.3145331744608484, 916.6185793660896479, 1311.581852269227511 ) ) ;
#6559 = CARTESIAN_POINT ( 'NONE',  ( 726.0558875250095525, 906.6573245480830110, 1314.161935816145387 ) ) ;
#6560 = DIRECTION ( 'NONE',  ( -0.07317157541021640510, 0.6515180314347921442, 0.7550961364404670251 ) ) ;
#6561 = LINE ( 'NONE', #4002, #3858 ) ;
#6562 = FACE_OUTER_BOUND ( 'NONE', #3929, .T. ) ;
#6563 = CARTESIAN_POINT ( 'NONE',  ( 712.4361477196424630, 908.2571831219703427, 1314.007202474401765 ) ) ;
#6564 = EDGE_CURVE ( 'NONE', #2159, #2891, #5449, .T. ) ;
#6565 = CARTESIAN_POINT ( 'NONE',  ( 714.4836346070229638, 914.4188337804085904, 1308.396998453400556 ) ) ;
#6566 = ORIENTED_EDGE ( 'NONE', *, *, #3298, .F. ) ;
#6567 = ORIENTED_EDGE ( 'NONE', *, *, #4367, .T. ) ;
#6568 = B_SPLINE_SURFACE_WITH_KNOTS ( 'NONE', 3, 1, ( 
 ( #3042, #18 ),
 ( #1585, #1053 ),
 ( #3630, #5292 ),
 ( #1446, #3114 ),
 ( #2032, #2594 ),
 ( #406, #2530 ),
 ( #6781, #441 ),
 ( #4634, #2563 ),
 ( #4151, #1552 ),
 ( #3666, #91 ),
 ( #161, #5470 ),
 ( #3842, #5956 ) ),
 .UNSPECIFIED., .F., .F., .F.,
 ( 4, 1, 1, 1, 2, 1, 1, 1, 4 ),
 ( 2, 2 ),
 ( 0.000000000000000000, 0.2143883571535014076, 0.4287767143070028153, 0.6431650714605041674, 0.8575534286140056306, 0.8931650714605041674, 0.9287767143070029263, 0.9643883571535014632, 1.000000000000000000 ),
 ( 0.000000000000000000, 1.000000000000000000 ),
 .UNSPECIFIED. ) ;
#6569 = CARTESIAN_POINT ( 'NONE',  ( 727.6686975449442798, 910.1452642696780231, 1311.426313670760010 ) ) ;
#6570 = CARTESIAN_POINT ( 'NONE',  ( 718.4253217654226091, 905.1342977885524306, 1317.046275799101750 ) ) ;
#6571 = CARTESIAN_POINT ( 'NONE',  ( 720.4722058912105922, 911.8922885434393493, 1318.934663168540283 ) ) ;
#6572 = DIRECTION ( 'NONE',  ( 0.2615469362038095880, 0.7431620418990775301, -0.6158761073810171682 ) ) ;
#6573 = VECTOR ( 'NONE', #1725, 1000.000000000000114 ) ;
#6574 = CARTESIAN_POINT ( 'NONE',  ( 720.1999277102324868, 906.9121781678747993, 1307.512266668277789 ) ) ;
#6575 = ADVANCED_FACE ( 'NONE', ( #2759 ), #1676, .F. ) ;
#6576 = ORIENTED_EDGE ( 'NONE', *, *, #3385, .T. ) ;
#6577 = B_SPLINE_CURVE_WITH_KNOTS ( 'NONE', 3,
 ( #2513, #6735, #6767, #4136, #6251, #1501, #3613, #5043 ),
 .UNSPECIFIED., .F., .F.,
 ( 4, 2, 2, 4 ),
 ( 0.000000000000000000, 0.0002966949978380648500, 0.0005933899956761296999, 0.001186779991352268290 ),
 .UNSPECIFIED. ) ;
#6578 = CARTESIAN_POINT ( 'NONE',  ( 728.1449356514381179, 912.7176298509556318, 1309.992627929688069 ) ) ;
#6579 = CARTESIAN_POINT ( 'NONE',  ( 718.3225515624300215, 909.2297801957854517, 1317.667180560819588 ) ) ;
#6580 = APPROVAL_DATE_TIME ( #2982, #1155 ) ;
#6581 = CARTESIAN_POINT ( 'NONE',  ( 718.7917400848953093, 919.4506485289006150, 1322.044098589542727 ) ) ;
#6582 = ORIENTED_EDGE ( 'NONE', *, *, #6202, .F. ) ;
#6583 = DIRECTION ( 'NONE',  ( -0.07317157541021195033, 0.6515180314347920332, 0.7550961364404676912 ) ) ;
#6584 = ORIENTED_EDGE ( 'NONE', *, *, #6172, .F. ) ;
#6585 = VECTOR ( 'NONE', #5241, 1000.000000000000114 ) ;
#6586 = CARTESIAN_POINT ( 'NONE',  ( 718.7917400848953093, 919.4506485289006150, 1322.044098589542727 ) ) ;
#6587 = CARTESIAN_POINT ( 'NONE',  ( 728.2635080840823321, 909.4584318864953048, 1312.615224340342820 ) ) ;
#6588 = PLANE ( 'NONE',  #5065 ) ;
#6589 = CIRCLE ( 'NONE', #3600, 7.997732278218547819 ) ;
#6590 = ORIENTED_EDGE ( 'NONE', *, *, #860, .F. ) ;
#6591 = VERTEX_POINT ( 'NONE', #1847 ) ;
#6592 = EDGE_CURVE ( 'NONE', #2802, #5200, #4200, .T. ) ;
#6593 = CARTESIAN_POINT ( 'NONE',  ( 721.9702140314509506, 916.7935166907831217, 1305.863023485676649 ) ) ;
#6594 = CARTESIAN_POINT ( 'NONE',  ( 718.7917400848953093, 919.4506485289006150, 1322.044098589542727 ) ) ;
#6595 = CARTESIAN_POINT ( 'NONE',  ( 712.1703153954806567, 911.9201786378072256, 1308.716002933865184 ) ) ;
#6596 = CARTESIAN_POINT ( 'NONE',  ( 718.7917400848953093, 919.4506485289006150, 1322.044098589542727 ) ) ;
#6597 = CARTESIAN_POINT ( 'NONE',  ( 721.5216616889591705, 916.8327898022083673, 1307.352884928271578 ) ) ;
#6598 = CARTESIAN_POINT ( 'NONE',  ( 711.7942884877123788, 908.2191173257830314, 1311.890951131724250 ) ) ;
#6599 = CARTESIAN_POINT ( 'NONE',  ( 719.7663168054723428, 916.8686081872608611, 1305.599129122294016 ) ) ;
#6600 = ORIENTED_EDGE ( 'NONE', *, *, #4093, .T. ) ;
#6601 = ORIENTED_EDGE ( 'NONE', *, *, #477, .T. ) ;
#6602 = AXIS2_PLACEMENT_3D ( 'NONE', #4630, #6226, #5223 ) ;
#6603 = EDGE_CURVE ( 'NONE', #4539, #2214, #1812, .T. ) ;
#6604 = CARTESIAN_POINT ( 'NONE',  ( 720.1966469067828029, 905.2641560128506626, 1316.859157887395440 ) ) ;
#6605 = CARTESIAN_POINT ( 'NONE',  ( 712.9473915270483531, 910.3099711432088270, 1311.411574660733550 ) ) ;
#6606 = DIRECTION ( 'NONE',  ( 0.9670592738890174678, 0.2314397642216899920, -0.1059811130449906241 ) ) ;
#6607 = CARTESIAN_POINT ( 'NONE',  ( 728.3947244002912385, 909.2198449610890520, 1313.034819845713855 ) ) ;
#6608 = CARTESIAN_POINT ( 'NONE',  ( 714.7143746319317188, 905.0239975078557109, 1314.734427916145705 ) ) ;
#6609 = ORIENTED_EDGE ( 'NONE', *, *, #1479, .T. ) ;
#6610 = CARTESIAN_POINT ( 'NONE',  ( 712.2746915420258347, 912.3336306652745407, 1310.338819859965724 ) ) ;
#6611 = B_SPLINE_CURVE_WITH_KNOTS ( 'NONE', 3,
 ( #4857, #5420, #3759, #2788, #3165, #4896, #3793, #37 ),
 .UNSPECIFIED., .F., .F.,
 ( 4, 2, 2, 4 ),
 ( 0.000000000000000000, 0.0003785376244287307524, 0.0007570752488574615047, 0.001514150497715147656 ),
 .UNSPECIFIED. ) ;
#6612 = EDGE_CURVE ( 'NONE', #4171, #2967, #480, .T. ) ;
#6613 = CARTESIAN_POINT ( 'NONE',  ( 718.5969805803090367, 915.6727099149870810, 1307.331919729955871 ) ) ;
#6614 = PERSON_AND_ORGANIZATION_ROLE ( 'design_supplier' ) ;
#6615 = CARTESIAN_POINT ( 'NONE',  ( 717.5340518078302239, 904.2157243157216726, 1315.339720532133242 ) ) ;
#6616 = VERTEX_POINT ( 'NONE', #1263 ) ;
#6617 = CARTESIAN_POINT ( 'NONE',  ( 717.8207781319247260, 917.7597956645386148, 1316.830579561851891 ) ) ;
#6618 = VECTOR ( 'NONE', #4807, 1000.000000000000114 ) ;
#6619 = ORIENTED_EDGE ( 'NONE', *, *, #5167, .T. ) ;
#6620 = ADVANCED_FACE ( 'NONE', ( #5590 ), #227, .T. ) ;
#6621 = AXIS2_PLACEMENT_3D ( 'NONE', #882, #3424, #2421 ) ;
#6622 = CARTESIAN_POINT ( 'NONE',  ( 718.7917400848953093, 919.4506485289006150, 1322.044098589542727 ) ) ;
#6623 = DIRECTION ( 'NONE',  ( 0.1162306242541707169, -0.7463955445134997646, 0.6552740900690960935 ) ) ;
#6624 = CARTESIAN_POINT ( 'NONE',  ( 725.1994582527422608, 914.0448699289804608, 1309.376104070885049 ) ) ;
#6625 = EDGE_LOOP ( 'NONE', ( #2626, #4248, #3513, #2206 ) ) ;
#6626 = AXIS2_PLACEMENT_3D ( 'NONE', #2176, #3217, #548 ) ;
#6627 = EDGE_LOOP ( 'NONE', ( #2448, #6539, #4512, #2449 ) ) ;
#6628 = EDGE_CURVE ( 'NONE', #1388, #3372, #838, .T. ) ;
#6629 = CARTESIAN_POINT ( 'NONE',  ( 718.7917400848953093, 919.4506485289006150, 1322.044098589542727 ) ) ;
#6630 = CARTESIAN_POINT ( 'NONE',  ( 720.1999277102324868, 906.9121781678747993, 1307.512266668277789 ) ) ;
#6631 = CARTESIAN_POINT ( 'NONE',  ( 724.2870538280524215, 906.9297840225711980, 1315.426783545428634 ) ) ;
#6632 = CARTESIAN_POINT ( 'NONE',  ( 723.0785758053351628, 915.4997597449112163, 1316.074603053410101 ) ) ;
#6633 = DIRECTION ( 'NONE',  ( 0.3976462107383767486, -0.3351293035198448789, -0.8541462644112624014 ) ) ;
#6634 = CARTESIAN_POINT ( 'NONE',  ( 713.9619583515901695, 907.6186180522269069, 1313.831850865973820 ) ) ;
#6635 = FACE_OUTER_BOUND ( 'NONE', #1335, .T. ) ;
#6636 = ORIENTED_EDGE ( 'NONE', *, *, #2087, .F. ) ;
#6637 = ORIENTED_EDGE ( 'NONE', *, *, #1876, .F. ) ;
#6638 = CARTESIAN_POINT ( 'NONE',  ( 714.8883149744131060, 906.0071634549718738, 1316.186206240848605 ) ) ;
#6639 = CARTESIAN_POINT ( 'NONE',  ( 719.4952054422785750, 913.1870090998544356, 1314.784667990955313 ) ) ;
#6640 = CARTESIAN_POINT ( 'NONE',  ( 722.9739106468008458, 915.9661823183577098, 1307.884641706729781 ) ) ;
#6641 = CARTESIAN_POINT ( 'NONE',  ( 719.8286610700904475, 910.2179278277214962, 1311.343563233765735 ) ) ;
#6642 = B_SPLINE_CURVE_WITH_KNOTS ( 'NONE', 3,
 ( #281, #6547, #2431, #3397, #214, #4503, #3988, #1347 ),
 .UNSPECIFIED., .F., .F.,
 ( 4, 2, 2, 4 ),
 ( 0.000000000000000000, 0.0006957517735686609374, 0.001043627660353033419, 0.001391503547137406009 ),
 .UNSPECIFIED. ) ;
#6643 = DIRECTION ( 'NONE',  ( 0.2013995193743809142, -0.9058500700280318618, -0.3726578648384844539 ) ) ;
#6644 = ORIENTED_EDGE ( 'NONE', *, *, #1020, .F. ) ;
#6645 = CARTESIAN_POINT ( 'NONE',  ( 718.7917400848953093, 919.4506485289006150, 1322.044098589542727 ) ) ;
#6646 = EDGE_CURVE ( 'NONE', #1989, #5981, #4447, .T. ) ;
#6647 = CARTESIAN_POINT ( 'NONE',  ( 716.5945642324934397, 905.4013904604961454, 1316.758102642246968 ) ) ;
#6648 = COORDINATED_UNIVERSAL_TIME_OFFSET ( 5, 0, .BEHIND. ) ;
#6649 = FACE_OUTER_BOUND ( 'NONE', #6627, .T. ) ;
#6650 = ORIENTED_EDGE ( 'NONE', *, *, #3956, .F. ) ;
#6651 = EDGE_CURVE ( 'NONE', #6253, #1684, #6048, .T. ) ;
#6652 = ORIENTED_EDGE ( 'NONE', *, *, #2519, .T. ) ;
#6653 = CARTESIAN_POINT ( 'NONE',  ( 712.9387342918830655, 905.7749425266827075, 1314.509435928430776 ) ) ;
#6654 = CARTESIAN_POINT ( 'NONE',  ( 727.1953720457260033, 914.1761838380988365, 1308.642130637735136 ) ) ;
#6655 = CARTESIAN_POINT ( 'NONE',  ( 718.7917400848953093, 919.4506485289006150, 1322.044098589542727 ) ) ;
#6656 = ADVANCED_FACE ( 'NONE', ( #5530 ), #5524, .F. ) ;
#6657 = ORIENTED_EDGE ( 'NONE', *, *, #1945, .T. ) ;
#6658 = VERTEX_POINT ( 'NONE', #6407 ) ;
#6659 = CARTESIAN_POINT ( 'NONE',  ( 721.3389467381350642, 915.5738927412307930, 1306.011382995337499 ) ) ;
#6660 = FACE_OUTER_BOUND ( 'NONE', #1873, .T. ) ;
#6661 = CARTESIAN_POINT ( 'NONE',  ( 711.9899513368268344, 911.9606518339531931, 1308.780039664581409 ) ) ;
#6662 = CARTESIAN_POINT ( 'NONE',  ( 720.4676370670019878, 914.6575098362400240, 1319.763808705905149 ) ) ;
#6663 = CARTESIAN_POINT ( 'NONE',  ( 723.1627065889921369, 915.2057968783423121, 1306.505715379535786 ) ) ;
#6664 = LINE ( 'NONE', #5500, #1406 ) ;
#6665 = CARTESIAN_POINT ( 'NONE',  ( 717.0262150380440289, 905.3006072011504557, 1316.867548884354846 ) ) ;
#6666 = ORIENTED_EDGE ( 'NONE', *, *, #4406, .T. ) ;
#6667 = ORIENTED_EDGE ( 'NONE', *, *, #4224, .F. ) ;
#6668 = CARTESIAN_POINT ( 'NONE',  ( 720.3455048346344256, 905.1567040969298432, 1317.213015768026025 ) ) ;
#6669 = CARTESIAN_POINT ( 'NONE',  ( 715.3832370166668397, 914.6224270762925244, 1308.060923466156737 ) ) ;
#6670 = CARTESIAN_POINT ( 'NONE',  ( 726.7912138655533454, 912.9910824682855264, 1308.907153841660147 ) ) ;
#6671 = CARTESIAN_POINT ( 'NONE',  ( 716.4008747529334187, 903.9297582863533762, 1316.437006479356796 ) ) ;
#6672 = CARTESIAN_POINT ( 'NONE',  ( 714.2011842777465063, 913.6507966033603907, 1307.089745394333022 ) ) ;
#6673 = CARTESIAN_POINT ( 'NONE',  ( 718.7917400848953093, 919.4506485289006150, 1322.044098589542727 ) ) ;
#6674 = ORIENTED_EDGE ( 'NONE', *, *, #5915, .F. ) ;
#6675 = CARTESIAN_POINT ( 'NONE',  ( 727.5311181740593156, 911.6809580244660083, 1310.158419344341155 ) ) ;
#6676 = CARTESIAN_POINT ( 'NONE',  ( 717.1286653168048133, 917.2459801987311039, 1311.053147998645727 ) ) ;
#6677 = EDGE_CURVE ( 'NONE', #6316, #718, #4795, .T. ) ;
#6678 = CARTESIAN_POINT ( 'NONE',  ( 719.3734120061823205, 916.2396274038277397, 1307.227137175343159 ) ) ;
#6679 = ORIENTED_EDGE ( 'NONE', *, *, #353, .T. ) ;
#6680 = CARTESIAN_POINT ( 'NONE',  ( 726.0408183469808137, 914.4748766206591881, 1309.684769550623741 ) ) ;
#6681 = ORIENTED_EDGE ( 'NONE', *, *, #2754, .F. ) ;
#6682 =( BOUNDED_SURFACE ( )  B_SPLINE_SURFACE ( 3, 3, ( 
 ( #2375, #1887, #295, #3871 ),
 ( #4976, #3445, #2412, #3933 ),
 ( #1816, #6084, #4518, #5563 ),
 ( #6596, #6051, #2902, #5985 ) ),
 .UNSPECIFIED., .F., .F., .T. ) 
 B_SPLINE_SURFACE_WITH_KNOTS ( ( 4, 4 ),
 ( 4, 4 ),
 ( 0.000000000000000000, 1.000000000000000000 ),
 ( 0.000000000000000000, 1.000000000000000000 ),
 .UNSPECIFIED. ) 
 GEOMETRIC_REPRESENTATION_ITEM ( )  RATIONAL_B_SPLINE_SURFACE ( (
 ( 1.000000000000000000, 1.000000000000000000, 1.000000000000000000, 1.000000000000000000),
 ( 0.9991685004514068158, 0.9991685004514069268, 0.9991685004514069268, 0.9991685004514068158),
 ( 0.9991685004514068158, 0.9991685004514069268, 0.9991685004514069268, 0.9991685004514068158),
 ( 1.000000000000000000, 1.000000000000000000, 1.000000000000000000, 1.000000000000000000) ) ) 
 REPRESENTATION_ITEM ( '' )  SURFACE ( )  );
#6683 = ADVANCED_FACE ( 'NONE', ( #1100 ), #4468, .F. ) ;
#6684 = CARTESIAN_POINT ( 'NONE',  ( 724.8710054454460305, 905.7181031465380556, 1314.756571419210331 ) ) ;
#6685 = LINE ( 'NONE', #2573, #4847 ) ;
#6686 = CARTESIAN_POINT ( 'NONE',  ( 725.0418948306278253, 905.0778503609473091, 1316.269284633344569 ) ) ;
#6687 = ORIENTED_EDGE ( 'NONE', *, *, #6783, .F. ) ;
#6688 = VERTEX_POINT ( 'NONE', #61 ) ;
#6689 = AXIS2_PLACEMENT_3D ( 'NONE', #3212, #3350, #4911 ) ;
#6690 = B_SPLINE_CURVE_WITH_KNOTS ( 'NONE', 3,
 ( #6052, #2997, #6085, #4003, #5660, #3447, #4978, #905 ),
 .UNSPECIFIED., .F., .F.,
 ( 4, 2, 2, 4 ),
 ( 0.000000000000000000, 0.0006560729127575008236, 0.0009841093691362330208, 0.001312145825514965218 ),
 .UNSPECIFIED. ) ;
#6691 = ADVANCED_FACE ( 'NONE', ( #870 ), #2139, .T. ) ;
#6692 = DIRECTION ( 'NONE',  ( -0.1162306242541731038, 0.7463955445134947686, -0.6552740900691014225 ) ) ;
#6693 = CYLINDRICAL_SURFACE ( 'NONE', #6472, 5.999999999999937828 ) ;
#6694 = CARTESIAN_POINT ( 'NONE',  ( 718.7917400848953093, 919.4506485289006150, 1322.044098589542727 ) ) ;
#6695 = CARTESIAN_POINT ( 'NONE',  ( 716.9599473414149315, 915.2096319260605242, 1307.572841845535777 ) ) ;
#6696 = CIRCLE ( 'NONE', #2499, 5.999999999999937828 ) ;
#6697 = FACE_OUTER_BOUND ( 'NONE', #2907, .T. ) ;
#6698 = CARTESIAN_POINT ( 'NONE',  ( 717.4710314914983655, 905.4481702789735209, 1316.353960092881607 ) ) ;
#6699 = VERTEX_POINT ( 'NONE', #1982 ) ;
#6700 = ORIENTED_EDGE ( 'NONE', *, *, #3820, .F. ) ;
#6701 = VECTOR ( 'NONE', #972, 1000.000000000000114 ) ;
#6702 = DIRECTION ( 'NONE',  ( 0.1162306242541731038, -0.7463955445134947686, 0.6552740900691014225 ) ) ;
#6703 = EDGE_CURVE ( 'NONE', #2891, #673, #2820, .T. ) ;
#6704 = CARTESIAN_POINT ( 'NONE',  ( 720.1999277102324868, 906.9121781678747993, 1307.512266668277789 ) ) ;
#6705 = DIRECTION ( 'NONE',  ( -0.2327505822333558738, 0.9725364602265735847, 0.000000000000000000 ) ) ;
#6706 = CARTESIAN_POINT ( 'NONE',  ( 718.7917400848953093, 919.4506485289006150, 1322.044098589542727 ) ) ;
#6707 = CARTESIAN_POINT ( 'NONE',  ( 728.2877474285870676, 909.4668825296281511, 1312.661534707636065 ) ) ;
#6708 = CARTESIAN_POINT ( 'NONE',  ( 717.3228552982029669, 914.8298839471545989, 1319.310338662512095 ) ) ;
#6709 = ORIENTED_EDGE ( 'NONE', *, *, #3113, .F. ) ;
#6710 = VECTOR ( 'NONE', #2702, 1000.000000000000114 ) ;
#6711 = CARTESIAN_POINT ( 'NONE',  ( 715.9005624030496620, 914.7037694104518550, 1307.906455737768511 ) ) ;
#6712 = CARTESIAN_POINT ( 'NONE',  ( 721.9625425878614351, 913.0328300746174364, 1315.156791946384146 ) ) ;
#6713 = APPROVAL_ROLE ( '' ) ;
#6714 = AXIS2_PLACEMENT_3D ( 'NONE', #4826, #156, #84 ) ;
#6715 = CARTESIAN_POINT ( 'NONE',  ( 725.2839576982225935, 912.6409434761563944, 1310.519441191132728 ) ) ;
#6716 = ORIENTED_EDGE ( 'NONE', *, *, #1129, .F. ) ;
#6717 = DIRECTION ( 'NONE',  ( 0.1162306242541707169, -0.7463955445134997646, 0.6552740900690960935 ) ) ;
#6718 = VERTEX_POINT ( 'NONE', #4064 ) ;
#6719 = AXIS2_PLACEMENT_3D ( 'NONE', #803, #2922, #223 ) ;
#6720 = VECTOR ( 'NONE', #5020, 1000.000000000000227 ) ;
#6721 = CARTESIAN_POINT ( 'NONE',  ( 712.5988145138582013, 907.9985247421917620, 1311.597572163704626 ) ) ;
#6722 = VECTOR ( 'NONE', #1595, 1000.000000000000114 ) ;
#6723 = CARTESIAN_POINT ( 'NONE',  ( 718.7917400848953093, 919.4506485289006150, 1322.044098589542727 ) ) ;
#6724 = CARTESIAN_POINT ( 'NONE',  ( 716.9014772700520552, 912.3073293815511988, 1318.156863943424469 ) ) ;
#6725 = ORIENTED_EDGE ( 'NONE', *, *, #3730, .F. ) ;
#6726 = EDGE_CURVE ( 'NONE', #3085, #4872, #585, .T. ) ;
#6727 = ORIENTED_EDGE ( 'NONE', *, *, #2628, .T. ) ;
#6728 = CIRCLE ( 'NONE', #4627, 5.999999999999937828 ) ;
#6729 = CARTESIAN_POINT ( 'NONE',  ( 727.3564408406336952, 910.8017864418767431, 1310.613775073870556 ) ) ;
#6730 = DIRECTION ( 'NONE',  ( -0.02522084826237431729, -0.9204187243074853919, -0.3901195723840416019 ) ) ;
#6731 = CARTESIAN_POINT ( 'NONE',  ( 722.2433395395405569, 916.6663157365244388, 1305.946089347165071 ) ) ;
#6732 = CARTESIAN_POINT ( 'NONE',  ( 718.7917400848953093, 919.4506485289006150, 1322.044098589542727 ) ) ;
#6733 = VECTOR ( 'NONE', #4460, 1000.000000000000000 ) ;
#6734 = CARTESIAN_POINT ( 'NONE',  ( 722.6039032683048617, 913.3436909057842286, 1317.815248202431803 ) ) ;
#6735 = CARTESIAN_POINT ( 'NONE',  ( 723.4920241256274949, 906.3059126397973841, 1316.088957737526471 ) ) ;
#6736 = VERTEX_POINT ( 'NONE', #5689 ) ;
#6737 = ADVANCED_FACE ( 'NONE', ( #3059 ), #5227, .F. ) ;
#6738 = ORIENTED_EDGE ( 'NONE', *, *, #3523, .T. ) ;
#6739 = CARTESIAN_POINT ( 'NONE',  ( 721.9662550212989345, 916.7936106379162311, 1307.449113433049888 ) ) ;
#6740 = CARTESIAN_POINT ( 'NONE',  ( 719.8286610700904475, 910.2179278277214962, 1311.343563233765735 ) ) ;
#6741 = CARTESIAN_POINT ( 'NONE',  ( 723.0583802798706756, 906.2198826026536835, 1315.920203060403765 ) ) ;
#6742 = CARTESIAN_POINT ( 'NONE',  ( 713.2954504618536475, 912.2049283416303069, 1308.040543703155436 ) ) ;
#6743 = CARTESIAN_POINT ( 'NONE',  ( 718.7917400848953093, 919.4506485289006150, 1322.044098589542727 ) ) ;
#6744 = CARTESIAN_POINT ( 'NONE',  ( 712.0061392367045983, 909.7234715256975051, 1312.584255259380143 ) ) ;
#6745 = ORIENTED_EDGE ( 'NONE', *, *, #5926, .F. ) ;
#6746 = CARTESIAN_POINT ( 'NONE',  ( 720.0732537342868227, 908.0400803481887806, 1308.819482336218925 ) ) ;
#6747 = EDGE_CURVE ( 'NONE', #234, #2464, #3695, .T. ) ;
#6748 = CARTESIAN_POINT ( 'NONE',  ( 715.7761463134064570, 904.7143060982789393, 1314.805445022499725 ) ) ;
#6749 = CARTESIAN_POINT ( 'NONE',  ( 713.1570294333311040, 913.3461935395957880, 1307.581213653892974 ) ) ;
#6750 = VERTEX_POINT ( 'NONE', #1695 ) ;
#6751 = DIRECTION ( 'NONE',  ( 0.07317157541021193645, -0.6515180314347919222, -0.7550961364404674692 ) ) ;
#6752 = EDGE_CURVE ( 'NONE', #4359, #2575, #2738, .T. ) ;
#6753 = VERTEX_POINT ( 'NONE', #3817 ) ;
#6754 = CARTESIAN_POINT ( 'NONE',  ( 724.1020234175582573, 904.9738523947265776, 1315.687391998078510 ) ) ;
#6755 = CARTESIAN_POINT ( 'NONE',  ( 718.7917400848953093, 919.4506485289006150, 1322.044098589542727 ) ) ;
#6756 = DIRECTION ( 'NONE',  ( 0.000000000000000000, -0.7571257123220861418, 0.6532692061782597870 ) ) ;
#6757 = CARTESIAN_POINT ( 'NONE',  ( 716.6472331815341477, 915.0920788968057877, 1306.090043699188300 ) ) ;
#6758 = ORIENTED_EDGE ( 'NONE', *, *, #3011, .T. ) ;
#6759 = VERTEX_POINT ( 'NONE', #4920 ) ;
#6760 = B_SPLINE_CURVE_WITH_KNOTS ( 'NONE', 3,
 ( #2454, #5809, #1481, #4765 ),
 .UNSPECIFIED., .F., .F.,
 ( 4, 4 ),
 ( 0.000000000000000000, 0.0008686782177528522145 ),
 .UNSPECIFIED. ) ;
#6761 = CARTESIAN_POINT ( 'NONE',  ( 718.7917400848953093, 919.4506485289006150, 1322.044098589542727 ) ) ;
#6762 = CARTESIAN_POINT ( 'NONE',  ( 720.1999277102324868, 906.9121781678747993, 1307.512266668277789 ) ) ;
#6763 = EDGE_CURVE ( 'NONE', #2418, #4424, #135, .T. ) ;
#6764 = CARTESIAN_POINT ( 'NONE',  ( 720.0732537342868227, 908.0400803481887806, 1308.819482336218925 ) ) ;
#6765 = CARTESIAN_POINT ( 'NONE',  ( 711.0618675262287525, 910.3653802815517793, 1310.352340430415779 ) ) ;
#6766 = CARTESIAN_POINT ( 'NONE',  ( 727.3310462084461960, 909.3669092899201587, 1311.844498861672264 ) ) ;
#6767 = CARTESIAN_POINT ( 'NONE',  ( 723.5491063867384582, 906.2940790064382099, 1316.168865551509271 ) ) ;
#6768 = ORIENTED_EDGE ( 'NONE', *, *, #4829, .T. ) ;
#6769 = ORIENTED_EDGE ( 'NONE', *, *, #2934, .T. ) ;
#6770 = CARTESIAN_POINT ( 'NONE',  ( 725.4318696060288403, 913.8544629709721221, 1307.781063578718431 ) ) ;
#6771 = CARTESIAN_POINT ( 'NONE',  ( 713.3122173707588445, 912.1963788032823004, 1308.044677805328774 ) ) ;
#6772 = CARTESIAN_POINT ( 'NONE',  ( 725.3054988680695487, 915.4355962876579724, 1308.944431068244739 ) ) ;
#6773 = EDGE_CURVE ( 'NONE', #5649, #4754, #2252, .T. ) ;
#6774 = CARTESIAN_POINT ( 'NONE',  ( 712.5236836996011789, 913.1121295656163284, 1307.937465448737157 ) ) ;
#6775 = CARTESIAN_POINT ( 'NONE',  ( 720.2500113404053081, 903.9881381893864045, 1315.939210590621769 ) ) ;
#6776 = CARTESIAN_POINT ( 'NONE',  ( 717.4929106706514403, 911.9631432570588458, 1315.646623933189403 ) ) ;
#6777 = ORIENTED_EDGE ( 'NONE', *, *, #2860, .T. ) ;
#6778 = CARTESIAN_POINT ( 'NONE',  ( 719.8286610700904475, 910.2179278277214962, 1311.343563233765735 ) ) ;
#6779 = VERTEX_POINT ( 'NONE', #3917 ) ;
#6780 = B_SPLINE_CURVE_WITH_KNOTS ( 'NONE', 1,
 ( #6486, #5309 ),
 .UNSPECIFIED., .F., .F.,
 ( 2, 2 ),
 ( 0.000000000000000000, 0.001500000000000240941 ),
 .UNSPECIFIED. ) ;
#6781 = CARTESIAN_POINT ( 'NONE',  ( 718.7917400848953093, 919.4506485289006150, 1322.044098589542727 ) ) ;
#6782 = CARTESIAN_POINT ( 'NONE',  ( 725.7989954791773926, 914.5216810165759398, 1307.746803336465064 ) ) ;
#6783 = EDGE_CURVE ( 'NONE', #6750, #6284, #1663, .T. ) ;
#6784 = DIRECTION ( 'NONE',  ( -0.07317157541021640510, 0.6515180314347921442, 0.7550961364404670251 ) ) ;
#6785 = VERTEX_POINT ( 'NONE', #5893 ) ;
#6786 = FACE_OUTER_BOUND ( 'NONE', #4074, .T. ) ;
#6787 = ORIENTED_EDGE ( 'NONE', *, *, #6564, .T. ) ;
#6788 = FACE_OUTER_BOUND ( 'NONE', #1730, .T. ) ;
#6789 = CARTESIAN_POINT ( 'NONE',  ( 719.8286610700904475, 910.2179278277214962, 1311.343563233765735 ) ) ;
#6790 = CARTESIAN_POINT ( 'NONE',  ( 720.8181618717455876, 914.8731334014464665, 1319.614922866098595 ) ) ;
#6791 = CARTESIAN_POINT ( 'NONE',  ( 713.6382665901729752, 912.5976169220792826, 1309.504464695338811 ) ) ;
#6792 = CARTESIAN_POINT ( 'NONE',  ( 711.5230318386904855, 908.7849614900351298, 1311.474867763742168 ) ) ;
#6793 = ORIENTED_EDGE ( 'NONE', *, *, #3641, .T. ) ;
#6794 = LINE ( 'NONE', #6762, #6585 ) ;
#6795 = DIRECTION ( 'NONE',  ( 0.2418078266459085246, 0.9597974482736998381, -0.1425406372234833130 ) ) ;
#6796 = CARTESIAN_POINT ( 'NONE',  ( 725.7490000721978731, 911.2628986080904951, 1311.753521088826574 ) ) ;
#6797 = CARTESIAN_POINT ( 'NONE',  ( 726.9765249181440367, 908.8563436121393124, 1314.899245766769809 ) ) ;
#6798 = CARTESIAN_POINT ( 'NONE',  ( 726.4690417731870866, 906.5040471460678191, 1314.886290883614720 ) ) ;
#6799 = VECTOR ( 'NONE', #6730, 1000.000000000000114 ) ;
#6800 = ORIENTED_EDGE ( 'NONE', *, *, #6651, .T. ) ;
#6801 = ORIENTED_EDGE ( 'NONE', *, *, #4977, .F. ) ;
#6802 = EDGE_CURVE ( 'NONE', #2756, #521, #5478, .T. ) ;
#6803 = CARTESIAN_POINT ( 'NONE',  ( 719.3292777157672617, 905.4183316214665638, 1316.250645928448193 ) ) ;
#6804 = VECTOR ( 'NONE', #1578, 1000.000000000000227 ) ;
#6805 = PLANE ( 'NONE',  #2417 ) ;
#6806 = CARTESIAN_POINT ( 'NONE',  ( 725.2589760707172672, 915.2456730355992249, 1308.984104969537157 ) ) ;
#6807 = CARTESIAN_POINT ( 'NONE',  ( 724.8183112424546835, 914.5785758796639584, 1307.273534888120139 ) ) ;
#6808 = CARTESIAN_POINT ( 'NONE',  ( 725.0307456857583475, 905.1121482802876699, 1316.253073410715160 ) ) ;
#6809 = CARTESIAN_POINT ( 'NONE',  ( 719.7878917439194311, 910.5809369741152750, 1311.764283445193541 ) ) ;
#6810 = CARTESIAN_POINT ( 'NONE',  ( 712.0748536411441592, 907.2680587684609463, 1312.837167338626386 ) ) ;
#6811 = FACE_OUTER_BOUND ( 'NONE', #3795, .T. ) ;
#6812 = ORIENTED_EDGE ( 'NONE', *, *, #6378, .T. ) ;
#6813 = EDGE_CURVE ( 'NONE', #4959, #5597, #166, .T. ) ;
#6814 = CARTESIAN_POINT ( 'NONE',  ( 718.7917400848953093, 919.4506485289006150, 1322.044098589542727 ) ) ;
#6815 = LINE ( 'NONE', #5324, #1973 ) ;
#6816 = B_SPLINE_CURVE_WITH_KNOTS ( 'NONE', 3,
 ( #1746, #4538, #3495, #1349, #3463, #2950, #2986, #1183 ),
 .UNSPECIFIED., .F., .F.,
 ( 4, 2, 2, 4 ),
 ( 0.000000000000000000, 0.0006560729127573998844, 0.0009841093691359305284, 0.001312145825514461281 ),
 .UNSPECIFIED. ) ;
#6817 = CARTESIAN_POINT ( 'NONE',  ( 719.8286610700904475, 910.2179278277214962, 1311.343563233765735 ) ) ;
#6818 = EDGE_LOOP ( 'NONE', ( #3906, #3696, #2257, #438 ) ) ;
#6819 = DIRECTION ( 'NONE',  ( -0.07317157541021193645, 0.6515180314347919222, 0.7550961364404674692 ) ) ;
#6820 = ORIENTED_EDGE ( 'NONE', *, *, #5819, .F. ) ;
#6821 = EDGE_CURVE ( 'NONE', #5889, #5655, #2242, .T. ) ;
#6822 = CARTESIAN_POINT ( 'NONE',  ( 718.7917400848953093, 919.4506485289006150, 1322.044098589542727 ) ) ;
#6823 = DIRECTION ( 'NONE',  ( -0.07317157541021640510, 0.6515180314347921442, 0.7550961364404670251 ) ) ;
#6824 = CARTESIAN_POINT ( 'NONE',  ( 718.7917400848953093, 919.4506485289006150, 1322.044098589542727 ) ) ;
#6825 = CARTESIAN_POINT ( 'NONE',  ( 715.0448730198320391, 914.1431268451921142, 1306.672805888299081 ) ) ;
#6826 = CARTESIAN_POINT ( 'NONE',  ( 717.3352971554393207, 916.9143692323575578, 1314.223820048006246 ) ) ;
#6827 = ORIENTED_EDGE ( 'NONE', *, *, #3298, .T. ) ;
#6828 = VECTOR ( 'NONE', #5448, 1000.000000000000114 ) ;
#6829 = CARTESIAN_POINT ( 'NONE',  ( 716.0674478511572261, 916.2497197516735241, 1307.462904945561377 ) ) ;
#6830 = CARTESIAN_POINT ( 'NONE',  ( 720.4392956115913194, 909.2836470788325869, 1317.819436827779782 ) ) ;
#6831 = CARTESIAN_POINT ( 'NONE',  ( 718.7917400848953093, 919.4506485289006150, 1322.044098589542727 ) ) ;
#6832 = CARTESIAN_POINT ( 'NONE',  ( 718.7917400848953093, 919.4506485289006150, 1322.044098589542727 ) ) ;
#6833 = CARTESIAN_POINT ( 'NONE',  ( 727.8481393458448565, 908.8696008647674489, 1312.867365060625161 ) ) ;
#6834 = ORIENTED_EDGE ( 'NONE', *, *, #3717, .T. ) ;
#6835 = VECTOR ( 'NONE', #21, 1000.000000000000000 ) ;
#6836 = EDGE_CURVE ( 'NONE', #2455, #6616, #3038, .T. ) ;
#6837 = EDGE_LOOP ( 'NONE', ( #5215, #4899, #2693, #2105 ) ) ;
#6838 = CARTESIAN_POINT ( 'NONE',  ( 721.0051165919397818, 917.5852533429243749, 1317.289753585934704 ) ) ;
#6839 = DIRECTION ( 'NONE',  ( -0.9082683884616920000, -0.3562611698603396770, 0.2193775589501881507 ) ) ;
#6840 = CARTESIAN_POINT ( 'NONE',  ( 711.4819392464620478, 909.8513144742211125, 1310.545870154553086 ) ) ;
#6841 = CARTESIAN_POINT ( 'NONE',  ( 719.5208757126503087, 911.7193933591435098, 1318.991654590082135 ) ) ;
#6842 = CARTESIAN_POINT ( 'NONE',  ( 720.4585131518164189, 915.4591577586666062, 1305.921963194541149 ) ) ;
#6843 = PLANE ( 'NONE',  #6602 ) ;
#6844 = ORIENTED_EDGE ( 'NONE', *, *, #6151, .F. ) ;
#6845 = ORIENTED_EDGE ( 'NONE', *, *, #353, .F. ) ;
#6846 = ORIENTED_EDGE ( 'NONE', *, *, #5002, .F. ) ;
#6847 = CIRCLE ( 'NONE', #3758, 8.788285345454690756 ) ;
#6848 = CARTESIAN_POINT ( 'NONE',  ( 716.7864370119542627, 905.8103673886669185, 1315.665975963515166 ) ) ;
#6849 = CARTESIAN_POINT ( 'NONE',  ( 718.7917400848953093, 919.4506485289006150, 1322.044098589542727 ) ) ;
#6850 = FACE_OUTER_BOUND ( 'NONE', #3420, .T. ) ;
#6851 = B_SPLINE_CURVE_WITH_KNOTS ( 'NONE', 1,
 ( #371, #5546 ),
 .UNSPECIFIED., .F., .F.,
 ( 2, 2 ),
 ( 0.000000000000000000, 0.001499999999999769096 ),
 .UNSPECIFIED. ) ;
#6852 = CARTESIAN_POINT ( 'NONE',  ( 718.7917400848953093, 919.4506485289006150, 1322.044098589542727 ) ) ;
#6853 = EDGE_CURVE ( 'NONE', #4555, #6736, #100, .T. ) ;
#6854 = EDGE_LOOP ( 'NONE', ( #5217, #3588, #957, #899 ) ) ;
#6855 = CARTESIAN_POINT ( 'NONE',  ( 726.6126969693220872, 910.6933823759818551, 1312.404781357243110 ) ) ;
#6856 = B_SPLINE_CURVE_WITH_KNOTS ( 'NONE', 1,
 ( #6808, #6258 ),
 .UNSPECIFIED., .F., .F.,
 ( 2, 2 ),
 ( 0.000000000000000000, 0.001500000000000146399 ),
 .UNSPECIFIED. ) ;
#6857 = CARTESIAN_POINT ( 'NONE',  ( 727.1089452541874607, 911.1428849288619176, 1312.456653397590117 ) ) ;
#6858 = CARTESIAN_POINT ( 'NONE',  ( 713.6258653015460141, 906.8627596920708811, 1315.325637928844571 ) ) ;
#6859 = CARTESIAN_POINT ( 'NONE',  ( 712.8331623349129131, 911.0928739893818147, 1310.859208870067960 ) ) ;
#6860 = EDGE_CURVE ( 'NONE', #2891, #6759, #5126, .T. ) ;
#6861 = CARTESIAN_POINT ( 'NONE',  ( 721.2880390435861955, 904.1364601724243357, 1315.899543962530515 ) ) ;
#6862 = CARTESIAN_POINT ( 'NONE',  ( 718.4183467453931371, 915.8337311539834218, 1305.766416316239884 ) ) ;
#6863 = ORIENTED_EDGE ( 'NONE', *, *, #564, .T. ) ;
ENDSEC;
END-ISO-10303-21;
