ISO-10303-21;
HEADER;
FILE_DESCRIPTION (( 'STEP AP203' ),
    '1' );
FILE_NAME ('GearFace.STEP',
    '2026-04-03T18:55:21',
    ( '' ),
    ( '' ),
    'SwSTEP 2.0',
    'SolidWorks 2025',
    '' );
FILE_SCHEMA (( 'CONFIG_CONTROL_DESIGN' ));
ENDSEC;

DATA;
#1 = B_SPLINE_CURVE_WITH_KNOTS ( 'NONE', 3,
 ( #7835, #9341, #101, #4708, #5430, #3244, #6391, #4858, #5, #7983 ),
 .UNSPECIFIED., .F., .F.,
 ( 4, 3, 3, 4 ),
 ( 0.000000000000000000, 0.0001770958401173269945, 0.0003541916793411421620, 0.0006316937728062618123 ),
 .UNSPECIFIED. ) ;
#2 = CARTESIAN_POINT ( 'NONE',  ( 717.1800848525040237, 879.2510169669742481, 1212.380460436409521 ) ) ;
#3 = CARTESIAN_POINT ( 'NONE',  ( 730.8385563412491592, 892.1468746530962335, 1194.179760309004905 ) ) ;
#4 = EDGE_CURVE ( 'NONE', #1426, #7441, #8268, .T. ) ;
#5 = CARTESIAN_POINT ( 'NONE',  ( 731.2053585950969818, 889.6895204801584214, 1227.825864350872507 ) ) ;
#6 = ORIENTED_EDGE ( 'NONE', *, *, #9472, .F. ) ;
#7 = CARTESIAN_POINT ( 'NONE',  ( 712.1222080642104402, 899.9356623812412863, 1221.765825139253593 ) ) ;
#8 = CARTESIAN_POINT ( 'NONE',  ( 722.3390101981399312, 894.8085419119552171, 1228.981069283162924 ) ) ;
#9 = CARTESIAN_POINT ( 'NONE',  ( 738.8635743099280262, 885.1102202621240167, 1218.629281773175762 ) ) ;
#10 = ORIENTED_EDGE ( 'NONE', *, *, #10074, .T. ) ;
#11 = EDGE_LOOP ( 'NONE', ( #8733, #157, #6198, #8735 ) ) ;
#12 = CARTESIAN_POINT ( 'NONE',  ( 710.0335289056524744, 903.3695917375154067, 1211.801875105727959 ) ) ;
#13 = B_SPLINE_CURVE_WITH_KNOTS ( 'NONE', 3,
 ( #7199, #144, #1033, #2405 ),
 .UNSPECIFIED., .F., .F.,
 ( 4, 4 ),
 ( 0.0009352727177711840818, 0.002387895279818792391 ),
 .UNSPECIFIED. ) ;
#14 = B_SPLINE_CURVE_WITH_KNOTS ( 'NONE', 3,
 ( #566, #6910, #3767, #9848, #4390, #9180, #8404, #1351, #4495, #7626 ),
 .UNSPECIFIED., .F., .F.,
 ( 4, 3, 3, 4 ),
 ( 0.000000000000000000, 0.0001770953904237274979, 0.0003541907790577192641, 0.0006813326750118606310 ),
 .UNSPECIFIED. ) ;
#15 = CARTESIAN_POINT ( 'NONE',  ( 713.8479372516605963, 901.1673420521486833, 1226.207079573075362 ) ) ;
#16 = CARTESIAN_POINT ( 'NONE',  ( 740.0482367655289409, 882.7685929742859798, 1210.176699117073440 ) ) ;
#17 = VECTOR ( 'NONE', #2864, 1000.000000000000114 ) ;
#18 = CARTESIAN_POINT ( 'NONE',  ( 722.2819406089276981, 894.0698400022154146, 1229.582060516869660 ) ) ;
#19 = APPROVAL_STATUS ( 'not_yet_approved' ) ;
#20 = ORIENTED_EDGE ( 'NONE', *, *, #5787, .T. ) ;
#21 = EDGE_LOOP ( 'NONE', ( #8413, #8955, #3409, #4237 ) ) ;
#22 = CARTESIAN_POINT ( 'NONE',  ( 732.3395518049040902, 890.4912034120827684, 1229.022688366493185 ) ) ;
#23 = CARTESIAN_POINT ( 'NONE',  ( 733.7458302673654771, 886.9976203009669007, 1198.021157734274539 ) ) ;
#24 = CARTESIAN_POINT ( 'NONE',  ( 719.1538314438439556, 897.4454648080668449, 1193.712962025598472 ) ) ;
#25 = CARTESIAN_POINT ( 'NONE',  ( 716.2539824658083489, 898.3216432489333556, 1198.976136751985678 ) ) ;
#26 = EDGE_CURVE ( 'NONE', #6575, #6082, #4959, .T. ) ;
#27 = VECTOR ( 'NONE', #6327, 1000.000000000000000 ) ;
#28 = CARTESIAN_POINT ( 'NONE',  ( 726.4252469341686265, 892.4492609701269430, 1229.249238672268348 ) ) ;
#29 = DIRECTION ( 'NONE',  ( 0.2278839715562382129, 0.6629906727066563477, 0.7131004581485913540 ) ) ;
#30 = B_SPLINE_CURVE_WITH_KNOTS ( 'NONE', 3,
 ( #7990, #262, #4810, #6350 ),
 .UNSPECIFIED., .F., .F.,
 ( 4, 4 ),
 ( 0.0009352727177709583509, 0.002387895279818521774 ),
 .UNSPECIFIED. ) ;
#31 = CARTESIAN_POINT ( 'NONE',  ( 734.2726525729131026, 888.1894308761976617, 1194.735525516721736 ) ) ;
#32 = CARTESIAN_POINT ( 'NONE',  ( 717.1800848525040237, 879.2510169669742481, 1212.380460436409521 ) ) ;
#33 = CIRCLE ( 'NONE', #10083, 15.92264581449838801 ) ;
#34 = ORIENTED_EDGE ( 'NONE', *, *, #4625, .T. ) ;
#35 = CARTESIAN_POINT ( 'NONE',  ( 717.1800848525040237, 879.2510169669742481, 1212.380460436409521 ) ) ;
#36 = ORIENTED_EDGE ( 'NONE', *, *, #6916, .T. ) ;
#37 = LINE ( 'NONE', #7188, #4848 ) ;
#38 = CARTESIAN_POINT ( 'NONE',  ( 736.7220443022956715, 885.7328422477150980, 1223.225701583101682 ) ) ;
#39 = EDGE_CURVE ( 'NONE', #5594, #1399, #5862, .T. ) ;
#40 = CARTESIAN_POINT ( 'NONE',  ( 726.8849989109787657, 892.8418042018878396, 1192.283734245448613 ) ) ;
#41 = CARTESIAN_POINT ( 'NONE',  ( 728.6409837720536871, 891.1700047103205407, 1228.836701592378859 ) ) ;
#42 = CARTESIAN_POINT ( 'NONE',  ( 734.6090264188204628, 889.7252271168921425, 1228.817009186357154 ) ) ;
#43 = CARTESIAN_POINT ( 'NONE',  ( 709.8225461848921896, 902.3057063810379077, 1222.266954435049001 ) ) ;
#44 = ORIENTED_EDGE ( 'NONE', *, *, #5810, .T. ) ;
#45 = CARTESIAN_POINT ( 'NONE',  ( 710.5541961451949646, 901.6124164154629170, 1211.844028337187638 ) ) ;
#46 = CARTESIAN_POINT ( 'NONE',  ( 723.1410753975831085, 896.5935316883515043, 1231.033747280966054 ) ) ;
#47 = CIRCLE ( 'NONE', #1370, 18.17967805303275597 ) ;
#48 = CARTESIAN_POINT ( 'NONE',  ( 717.1800848525040237, 879.2510169669742481, 1212.380460436409521 ) ) ;
#49 = EDGE_CURVE ( 'NONE', #1875, #3611, #2600, .T. ) ;
#50 = EDGE_CURVE ( 'NONE', #260, #8490, #4347, .T. ) ;
#51 = ORIENTED_EDGE ( 'NONE', *, *, #10110, .T. ) ;
#52 = B_SPLINE_CURVE_WITH_KNOTS ( 'NONE', 3,
 ( #6111, #5448, #9262, #7808, #7655, #8481, #1434, #6264 ),
 .UNSPECIFIED., .F., .F.,
 ( 4, 2, 2, 4 ),
 ( 0.000000000000000000, 0.001064839483337605332, 0.001597259225006407999, 0.002129678966675210665 ),
 .UNSPECIFIED. ) ;
#53 = CARTESIAN_POINT ( 'NONE',  ( 742.6008242353202604, 885.3584404585211587, 1211.527980072495666 ) ) ;
#54 = CARTESIAN_POINT ( 'NONE',  ( 717.1800848525040237, 879.2510169669742481, 1212.380460436409521 ) ) ;
#55 = CARTESIAN_POINT ( 'NONE',  ( 728.7208571364907357, 882.9799960907658942, 1207.484990735272959 ) ) ;
#56 = AXIS2_PLACEMENT_3D ( 'NONE', #4238, #5929, #5219 ) ;
#57 = DIRECTION ( 'NONE',  ( -0.4999999999999988343, -0.8660254037844394848, 2.975261781898571487E-15 ) ) ;
#58 = CARTESIAN_POINT ( 'NONE',  ( 712.4260385583103243, 901.9882756455147046, 1200.421362592463765 ) ) ;
#59 = CARTESIAN_POINT ( 'NONE',  ( 719.8640432246636465, 896.2374108816939042, 1228.143860620134774 ) ) ;
#60 = ADVANCED_FACE ( 'NONE', ( #3387 ), #109, .F. ) ;
#61 = VERTEX_POINT ( 'NONE', #7197 ) ;
#62 = VECTOR ( 'NONE', #6582, 1000.000000000000000 ) ;
#63 = FACE_OUTER_BOUND ( 'NONE', #9346, .T. ) ;
#64 = ORIENTED_EDGE ( 'NONE', *, *, #6961, .F. ) ;
#65 = CARTESIAN_POINT ( 'NONE',  ( 712.9827637419891744, 900.2103194433850604, 1221.724770540388590 ) ) ;
#66 = CARTESIAN_POINT ( 'NONE',  ( 717.1800848525040237, 879.2510169669742481, 1212.380460436409521 ) ) ;
#67 = CARTESIAN_POINT ( 'NONE',  ( 717.1800848525040237, 879.2510169669742481, 1212.380460436409521 ) ) ;
#68 = EDGE_LOOP ( 'NONE', ( #10069, #1816, #4675, #7371, #7183 ) ) ;
#69 = ORIENTED_EDGE ( 'NONE', *, *, #9430, .F. ) ;
#70 = DIRECTION ( 'NONE',  ( 0.5000000000000009992, 0.8660254037844381525, -5.726519994466740890E-15 ) ) ;
#71 = EDGE_CURVE ( 'NONE', #1422, #2066, #8883, .T. ) ;
#72 = CARTESIAN_POINT ( 'NONE',  ( 717.6455621726723848, 899.5190877657943247, 1228.891846028010605 ) ) ;
#73 = DIRECTION ( 'NONE',  ( 0.3164550439412285310, 0.6118541402227535286, -0.7249073846060820614 ) ) ;
#74 = CARTESIAN_POINT ( 'NONE',  ( 710.8672267856688904, 902.0896692502644783, 1201.366058816145824 ) ) ;
#75 = CARTESIAN_POINT ( 'NONE',  ( 734.6323574818119369, 888.7650365773400836, 1195.427978855352194 ) ) ;
#76 = ADVANCED_FACE ( 'NONE', ( #142 ), #8744, .F. ) ;
#77 = VERTEX_POINT ( 'NONE', #4170 ) ;
#78 = CARTESIAN_POINT ( 'NONE',  ( 717.1800848525040237, 879.2510169669742481, 1212.380460436409521 ) ) ;
#79 = VERTEX_POINT ( 'NONE', #4900 ) ;
#80 = CARTESIAN_POINT ( 'NONE',  ( 735.1016014348257386, 887.4400649920995647, 1199.891204048415602 ) ) ;
#81 = ORIENTED_EDGE ( 'NONE', *, *, #5147, .F. ) ;
#82 = LINE ( 'NONE', #8596, #2851 ) ;
#83 = CIRCLE ( 'NONE', #8973, 20.44804870789273821 ) ;
#84 = CARTESIAN_POINT ( 'NONE',  ( 712.9546568741661758, 900.2265097674124945, 1221.675448657608968 ) ) ;
#85 = CARTESIAN_POINT ( 'NONE',  ( 710.7938114394737568, 902.9306424119536132, 1221.385723358879204 ) ) ;
#86 = B_SPLINE_CURVE_WITH_KNOTS ( 'NONE', 3,
 ( #447, #5961, #9104, #2036, #8335, #4419, #5255, #8385, #1327, #4473 ),
 .UNSPECIFIED., .F., .F.,
 ( 4, 3, 3, 4 ),
 ( 0.000000000000000000, 0.0001770958401171123767, 0.0003541916793408854229, 0.0006316937728061999043 ),
 .UNSPECIFIED. ) ;
#87 = CARTESIAN_POINT ( 'NONE',  ( 732.9028489462873495, 888.0900117758188799, 1197.662944025060824 ) ) ;
#88 = AXIS2_PLACEMENT_3D ( 'NONE', #950, #225, #7953 ) ;
#89 = CARTESIAN_POINT ( 'NONE',  ( 739.1863087731254609, 887.3298118797714551, 1200.774405260017602 ) ) ;
#90 = EDGE_CURVE ( 'NONE', #7267, #2772, #154, .T. ) ;
#91 = CYLINDRICAL_SURFACE ( 'NONE', #8334, 1.200000000000046141 ) ;
#92 = ORIENTED_EDGE ( 'NONE', *, *, #3778, .F. ) ;
#93 = FACE_OUTER_BOUND ( 'NONE', #11, .T. ) ;
#94 = ORIENTED_EDGE ( 'NONE', *, *, #9161, .T. ) ;
#95 = CARTESIAN_POINT ( 'NONE',  ( 717.1800848525040237, 879.2510169669742481, 1212.380460436409521 ) ) ;
#96 = FACE_OUTER_BOUND ( 'NONE', #6705, .T. ) ;
#97 = VERTEX_POINT ( 'NONE', #7305 ) ;
#98 = CARTESIAN_POINT ( 'NONE',  ( 738.0918702631497581, 887.1701008017500953, 1223.917315033978412 ) ) ;
#99 = CARTESIAN_POINT ( 'NONE',  ( 710.3317194072428720, 903.1974313711525610, 1220.271787164835814 ) ) ;
#100 = CARTESIAN_POINT ( 'NONE',  ( 710.1975683045593541, 903.2748835463988826, 1209.694949483121945 ) ) ;
#101 = CARTESIAN_POINT ( 'NONE',  ( 730.8707072933241307, 889.8827372377977554, 1227.993259569131169 ) ) ;
#102 = EDGE_CURVE ( 'NONE', #9795, #3400, #9778, .T. ) ;
#103 = CARTESIAN_POINT ( 'NONE',  ( 734.5061999168379998, 889.2402885414184084, 1227.649182126125652 ) ) ;
#104 = ADVANCED_FACE ( 'NONE', ( #965 ), #6194, .T. ) ;
#105 = AXIS2_PLACEMENT_3D ( 'NONE', #4898, #4117, #8126 ) ;
#106 = ORIENTED_EDGE ( 'NONE', *, *, #9552, .T. ) ;
#107 = ORIENTED_EDGE ( 'NONE', *, *, #3446, .T. ) ;
#108 = CARTESIAN_POINT ( 'NONE',  ( 719.9117018348625834, 896.2099219892912743, 1228.165260865891014 ) ) ;
#109 = B_SPLINE_SURFACE_WITH_KNOTS ( 'NONE', 3, 1, ( 
 ( #8747, #1639 ),
 ( #3439, #4060 ),
 ( #7148, #7971 ),
 ( #2403, #8699 ),
 ( #4793, #7924 ),
 ( #1793, #1739 ) ),
 .UNSPECIFIED., .F., .F., .F.,
 ( 4, 1, 1, 4 ),
 ( 2, 2 ),
 ( 0.000000000000000000, 0.2890654569501156512, 0.6604379133667447332, 1.000000000000000000 ),
 ( 0.000000000000000000, 1.000000000000000000 ),
 .UNSPECIFIED. ) ;
#110 = EDGE_LOOP ( 'NONE', ( #4152, #4186, #4748, #2767 ) ) ;
#111 = DIRECTION ( 'NONE',  ( 0.9567146640586927653, 0.2422000761966937032, 0.1613572888511034809 ) ) ;
#112 = AXIS2_PLACEMENT_3D ( 'NONE', #6830, #3737, #6881 ) ;
#113 = CARTESIAN_POINT ( 'NONE',  ( 714.5608507092518948, 900.7557412754991901, 1199.582131058940149 ) ) ;
#114 = EDGE_CURVE ( 'NONE', #7898, #4685, #7039, .T. ) ;
#115 = DIRECTION ( 'NONE',  ( -0.4999999999999988343, -0.8660254037844394848, 2.975261781898571487E-15 ) ) ;
#116 = CIRCLE ( 'NONE', #614, 1.200000000000046141 ) ;
#117 = VERTEX_POINT ( 'NONE', #8069 ) ;
#118 = ORIENTED_EDGE ( 'NONE', *, *, #2352, .T. ) ;
#119 = CARTESIAN_POINT ( 'NONE',  ( 732.0990468682801975, 890.6639327858471233, 1230.550762589666647 ) ) ;
#120 = CARTESIAN_POINT ( 'NONE',  ( 732.3131321735978645, 887.8247889310207484, 1227.811101108195317 ) ) ;
#121 = FACE_BOUND ( 'NONE', #7866, .T. ) ;
#122 = CARTESIAN_POINT ( 'NONE',  ( 717.1800848525040237, 879.2510169669742481, 1212.380460436409521 ) ) ;
#123 = B_SPLINE_CURVE_WITH_KNOTS ( 'NONE', 3,
 ( #9802, #8046, #8199, #990, #4975, #2736, #1958, #8094 ),
 .UNSPECIFIED., .F., .F.,
 ( 4, 2, 2, 4 ),
 ( 0.000000000000000000, 0.001064839483358457576, 0.001597259225037587918, 0.002129678966716718261 ),
 .UNSPECIFIED. ) ;
#124 = PLANE ( 'NONE',  #4718 ) ;
#125 = ORIENTED_EDGE ( 'NONE', *, *, #6048, .F. ) ;
#126 = CARTESIAN_POINT ( 'NONE',  ( 717.1800848525040237, 879.2510169669742481, 1212.380460436409521 ) ) ;
#127 = EDGE_CURVE ( 'NONE', #7202, #4013, #9253, .T. ) ;
#128 = DIRECTION ( 'NONE',  ( 0.8660254037844280495, -0.5000000000000182077, 0.000000000000000000 ) ) ;
#129 = ORIENTED_EDGE ( 'NONE', *, *, #1501, .T. ) ;
#130 = DIRECTION ( 'NONE',  ( 0.8660254037844280495, -0.5000000000000182077, 0.000000000000000000 ) ) ;
#131 = ORIENTED_EDGE ( 'NONE', *, *, #5680, .T. ) ;
#132 = CARTESIAN_POINT ( 'NONE',  ( 736.3488299865078943, 885.9483176333973233, 1201.012660851248484 ) ) ;
#133 = EDGE_LOOP ( 'NONE', ( #1299, #3587 ) ) ;
#134 = CARTESIAN_POINT ( 'NONE',  ( 725.3236735400701036, 893.3561263297817732, 1212.380460436409521 ) ) ;
#135 = DIRECTION ( 'NONE',  ( 0.4999999999999988343, 0.8660254037844394848, -2.975261781898571487E-15 ) ) ;
#136 = CARTESIAN_POINT ( 'NONE',  ( 717.1800848525040237, 879.2510169669742481, 1212.380460436409521 ) ) ;
#137 = B_SPLINE_CURVE_WITH_KNOTS ( 'NONE', 1,
 ( #8559, #7979 ),
 .UNSPECIFIED., .F., .F.,
 ( 2, 2 ),
 ( 0.000000000000000000, 0.002900000000005000574 ),
 .UNSPECIFIED. ) ;
#138 = CARTESIAN_POINT ( 'NONE',  ( 717.7986177701345696, 897.4298476401810376, 1226.987646278941838 ) ) ;
#139 = CARTESIAN_POINT ( 'NONE',  ( 731.7959347365230087, 887.8254984479116274, 1196.469345555632572 ) ) ;
#140 = CARTESIAN_POINT ( 'NONE',  ( 726.9408233877230714, 891.9938237165416695, 1229.289056055006313 ) ) ;
#141 = ORIENTED_EDGE ( 'NONE', *, *, #9971, .T. ) ;
#142 = FACE_OUTER_BOUND ( 'NONE', #9307, .T. ) ;
#143 = DIRECTION ( 'NONE',  ( -0.4999999999999988343, -0.8660254037844394848, 2.975261781898571487E-15 ) ) ;
#144 = CARTESIAN_POINT ( 'NONE',  ( 716.6644421731991770, 899.1385428671843556, 1229.312841427749163 ) ) ;
#145 = ORIENTED_EDGE ( 'NONE', *, *, #90, .F. ) ;
#146 = DIRECTION ( 'NONE',  ( 0.5845683251975080097, -0.3375006799125091494, -0.7378164841167310639 ) ) ;
#147 = ORIENTED_EDGE ( 'NONE', *, *, #2623, .T. ) ;
#148 = ADVANCED_FACE ( 'NONE', ( #9410 ), #4058, .F. ) ;
#149 = CARTESIAN_POINT ( 'NONE',  ( 716.2828701546833372, 898.1471958846487951, 1226.006948410212317 ) ) ;
#150 = CARTESIAN_POINT ( 'NONE',  ( 737.0039848736050772, 884.5261926235797318, 1223.306017016384658 ) ) ;
#151 = CARTESIAN_POINT ( 'NONE',  ( 735.4121707058269521, 885.4452269618461742, 1225.396031296475940 ) ) ;
#152 = DIRECTION ( 'NONE',  ( 0.4999999999999988343, 0.8660254037844394848, -2.975261781898571487E-15 ) ) ;
#153 = ORIENTED_EDGE ( 'NONE', *, *, #7681, .T. ) ;
#154 = B_SPLINE_CURVE_WITH_KNOTS ( 'NONE', 3,
 ( #249, #9680, #2610, #5764 ),
 .UNSPECIFIED., .F., .F.,
 ( 4, 4 ),
 ( 0.000000000000000000, 0.001331005199732092749 ),
 .UNSPECIFIED. ) ;
#155 = CARTESIAN_POINT ( 'NONE',  ( 736.9628506605085931, 885.5939106914089507, 1201.895632335240407 ) ) ;
#156 = LINE ( 'NONE', #3296, #1091 ) ;
#157 = ORIENTED_EDGE ( 'NONE', *, *, #8808, .T. ) ;
#158 = CARTESIAN_POINT ( 'NONE',  ( 717.1800848525040237, 879.2510169669742481, 1212.380460436409521 ) ) ;
#159 = EDGE_CURVE ( 'NONE', #7023, #6407, #6314, .T. ) ;
#160 = EDGE_CURVE ( 'NONE', #5647, #9094, #1866, .T. ) ;
#161 = ORIENTED_EDGE ( 'NONE', *, *, #6605, .T. ) ;
#162 = CARTESIAN_POINT ( 'NONE',  ( 741.2661078146828686, 888.8015555120373392, 1190.196798703381319 ) ) ;
#163 = CARTESIAN_POINT ( 'NONE',  ( 717.1800848525040237, 879.2510169669742481, 1212.380460436409521 ) ) ;
#164 = FACE_OUTER_BOUND ( 'NONE', #4982, .T. ) ;
#165 = EDGE_LOOP ( 'NONE', ( #2467, #7330, #9883, #8690, #9576 ) ) ;
#166 = ORIENTED_EDGE ( 'NONE', *, *, #3806, .T. ) ;
#167 = DIRECTION ( 'NONE',  ( 0.5845683251975072325, -0.3375006799125115364, -0.7378164841167307308 ) ) ;
#168 = B_SPLINE_SURFACE_WITH_KNOTS ( 'NONE', 3, 1, ( 
 ( #195, #1941 ),
 ( #1990, #6544 ),
 ( #6642, #6590 ),
 ( #5109, #4273 ) ),
 .UNSPECIFIED., .F., .F., .F.,
 ( 4, 4 ),
 ( 2, 2 ),
 ( 0.000000000000000000, 1.000000000000000000 ),
 ( 0.000000000000000000, 1.000000000000000000 ),
 .UNSPECIFIED. ) ;
#169 = CARTESIAN_POINT ( 'NONE',  ( 712.1630993286605644, 900.6836184153432896, 1204.653899812061354 ) ) ;
#170 = CARTESIAN_POINT ( 'NONE',  ( 717.1800848525040237, 879.2510169669742481, 1212.380460436409521 ) ) ;
#171 = EDGE_CURVE ( 'NONE', #3561, #2903, #5690, .T. ) ;
#172 = ADVANCED_FACE ( 'NONE', ( #121, #5590 ), #8006, .F. ) ;
#173 = VERTEX_POINT ( 'NONE', #9076 ) ;
#174 = CARTESIAN_POINT ( 'NONE',  ( 715.8057308003266144, 900.8285948661763314, 1227.103252908904324 ) ) ;
#175 = VECTOR ( 'NONE', #10089, 1000.000000000000227 ) ;
#176 = CARTESIAN_POINT ( 'NONE',  ( 734.1680156380427889, 889.4355393258165350, 1227.898358318349437 ) ) ;
#177 = CARTESIAN_POINT ( 'NONE',  ( 728.8741313465878875, 882.8915031843065435, 1207.791727440595196 ) ) ;
#178 = ORIENTED_EDGE ( 'NONE', *, *, #10074, .F. ) ;
#179 = DIRECTION ( 'NONE',  ( -0.4999999999999988343, -0.8660254037844394848, 2.975261781898571487E-15 ) ) ;
#180 = ORIENTED_EDGE ( 'NONE', *, *, #2563, .F. ) ;
#181 = CARTESIAN_POINT ( 'NONE',  ( 741.6326469781813557, 885.1258324121861278, 1211.560447739469055 ) ) ;
#182 = VERTEX_POINT ( 'NONE', #4443 ) ;
#183 = CARTESIAN_POINT ( 'NONE',  ( 716.1054855712994822, 898.2496089216178916, 1198.910104593717733 ) ) ;
#184 = CIRCLE ( 'NONE', #9248, 2.200000000000022382 ) ;
#185 = CARTESIAN_POINT ( 'NONE',  ( 735.6726974285622873, 888.5668108890150734, 1196.448003835585268 ) ) ;
#186 = EDGE_CURVE ( 'NONE', #6522, #2027, #1024, .T. ) ;
#187 = DIRECTION ( 'NONE',  ( -0.8660254037844383745, 0.5000000000000004441, 0.000000000000000000 ) ) ;
#188 = CARTESIAN_POINT ( 'NONE',  ( 734.5207040997933063, 889.2319145474846209, 1196.597849403626924 ) ) ;
#189 = CARTESIAN_POINT ( 'NONE',  ( 720.8263059808645039, 897.1383789878379957, 1193.689519822279863 ) ) ;
#190 = CARTESIAN_POINT ( 'NONE',  ( 731.6598990662818096, 888.8077383530575162, 1196.858128065525761 ) ) ;
#191 = CONICAL_SURFACE ( 'NONE', #9082, 20.44804870789273821, 0.7096869864122512528 ) ;
#192 = CARTESIAN_POINT ( 'NONE',  ( 736.8059612556195361, 886.4559527622561745, 1202.029797585698361 ) ) ;
#193 = B_SPLINE_SURFACE_WITH_KNOTS ( 'NONE', 3, 1, ( 
 ( #1308, #2894 ),
 ( #9081, #9962 ),
 ( #5180, #6045 ),
 ( #4398, #1357 ),
 ( #4448, #7531 ),
 ( #575, #6762 ) ),
 .UNSPECIFIED., .F., .F., .F.,
 ( 4, 1, 1, 4 ),
 ( 2, 2 ),
 ( 0.000000000000000000, 0.2890654569501156512, 0.6604379133667447332, 1.000000000000000000 ),
 ( 0.000000000000000000, 1.000000000000000000 ),
 .UNSPECIFIED. ) ;
#194 = ORIENTED_EDGE ( 'NONE', *, *, #7727, .T. ) ;
#195 = CARTESIAN_POINT ( 'NONE',  ( 717.1800848525040237, 879.2510169669742481, 1212.380460436409521 ) ) ;
#196 = VERTEX_POINT ( 'NONE', #6133 ) ;
#197 = CARTESIAN_POINT ( 'NONE',  ( 713.4977615032540825, 900.2679557890045317, 1197.239146101435836 ) ) ;
#198 = CARTESIAN_POINT ( 'NONE',  ( 709.8511381385271761, 900.2028959953812546, 1219.271583862930129 ) ) ;
#199 = VERTEX_POINT ( 'NONE', #8507 ) ;
#200 = EDGE_CURVE ( 'NONE', #414, #6458, #3065, .T. ) ;
#201 = CARTESIAN_POINT ( 'NONE',  ( 711.5982351133387738, 901.2805119002016454, 1199.459967052419415 ) ) ;
#202 = CARTESIAN_POINT ( 'NONE',  ( 736.2148108099288493, 886.7972536312075817, 1223.558826407637525 ) ) ;
#203 = DIRECTION ( 'NONE',  ( 0.5845683251975080097, -0.3375006799125091494, -0.7378164841167310639 ) ) ;
#204 = DIRECTION ( 'NONE',  ( 0.5845683251975072325, -0.3375006799125115364, -0.7378164841167307308 ) ) ;
#205 = ORIENTED_EDGE ( 'NONE', *, *, #4631, .F. ) ;
#206 = VECTOR ( 'NONE', #8111, 1000.000000000000000 ) ;
#207 = CARTESIAN_POINT ( 'NONE',  ( 735.1016014348257386, 887.4400649920995647, 1199.891204048415602 ) ) ;
#208 = ORIENTED_EDGE ( 'NONE', *, *, #1541, .F. ) ;
#209 = CARTESIAN_POINT ( 'NONE',  ( 742.2015940293905487, 885.3416561630888282, 1207.856589318676924 ) ) ;
#210 = ORIENTED_EDGE ( 'NONE', *, *, #2912, .T. ) ;
#211 = CARTESIAN_POINT ( 'NONE',  ( 725.3236735400701036, 893.3561263297817732, 1212.380460436409521 ) ) ;
#212 = CIRCLE ( 'NONE', #1212, 20.44804870789273821 ) ;
#213 = CARTESIAN_POINT ( 'NONE',  ( 732.0722712493848121, 890.6455179127609654, 1230.573647131991265 ) ) ;
#214 = ORIENTED_EDGE ( 'NONE', *, *, #543, .T. ) ;
#215 = DIRECTION ( 'NONE',  ( 0.4999999999999988343, 0.8660254037844394848, -2.975261781898571487E-15 ) ) ;
#216 = CARTESIAN_POINT ( 'NONE',  ( 740.5535118751224672, 885.7827451382923982, 1222.076304482796104 ) ) ;
#217 = EDGE_CURVE ( 'NONE', #891, #6131, #2854, .T. ) ;
#218 = CARTESIAN_POINT ( 'NONE',  ( 735.4121707058269521, 885.4452269618461742, 1225.396031296475940 ) ) ;
#219 = CIRCLE ( 'NONE', #1546, 19.56600634797363725 ) ;
#220 = VERTEX_POINT ( 'NONE', #7574 ) ;
#221 = ORIENTED_EDGE ( 'NONE', *, *, #1140, .F. ) ;
#222 = CARTESIAN_POINT ( 'NONE',  ( 737.6724367481988338, 885.9557896569946251, 1221.287524948669898 ) ) ;
#223 = CARTESIAN_POINT ( 'NONE',  ( 717.5706988061056109, 897.8323083794583681, 1230.764634962155696 ) ) ;
#224 = APPLICATION_CONTEXT ( 'configuration controlled 3d designs of mechanical parts and assemblies' ) ;
#225 = DIRECTION ( 'NONE',  ( -0.4999999999999988343, -0.8660254037844394848, 2.975261781898571487E-15 ) ) ;
#226 = VECTOR ( 'NONE', #2083, 1000.000000000000114 ) ;
#227 = ORIENTED_EDGE ( 'NONE', *, *, #8249, .F. ) ;
#228 = CARTESIAN_POINT ( 'NONE',  ( 732.8000972033812559, 891.0143785083182593, 1229.751730205869308 ) ) ;
#229 = CARTESIAN_POINT ( 'NONE',  ( 714.6806505722398697, 898.0049069300591782, 1225.895925577752450 ) ) ;
#230 = EDGE_CURVE ( 'NONE', #6209, #8368, #9868, .T. ) ;
#231 = ORIENTED_EDGE ( 'NONE', *, *, #621, .F. ) ;
#232 = CARTESIAN_POINT ( 'NONE',  ( 712.5977885195420640, 898.6171166585469336, 1200.374669338364583 ) ) ;
#233 = EDGE_CURVE ( 'NONE', #2259, #4401, #9956, .T. ) ;
#234 = ORIENTED_EDGE ( 'NONE', *, *, #5050, .F. ) ;
#235 = VERTEX_POINT ( 'NONE', #10055 ) ;
#236 = CARTESIAN_POINT ( 'NONE',  ( 717.1800848525040237, 879.2510169669742481, 1212.380460436409521 ) ) ;
#237 = ORIENTED_EDGE ( 'NONE', *, *, #4012, .T. ) ;
#238 = CARTESIAN_POINT ( 'NONE',  ( 717.1800848525040237, 879.2510169669742481, 1212.380460436409521 ) ) ;
#239 = B_SPLINE_CURVE_WITH_KNOTS ( 'NONE', 3,
 ( #5461, #663, #4642, #2256 ),
 .UNSPECIFIED., .F., .F.,
 ( 4, 4 ),
 ( 0.000000000000000000, 0.001331005199731949635 ),
 .UNSPECIFIED. ) ;
#240 = CARTESIAN_POINT ( 'NONE',  ( 729.9410654078927791, 891.8759701790445433, 1194.748625492009296 ) ) ;
#241 = CARTESIAN_POINT ( 'NONE',  ( 725.3236735400701036, 893.3561263297817732, 1212.380460436409521 ) ) ;
#242 = CARTESIAN_POINT ( 'NONE',  ( 717.1800848525040237, 879.2510169669742481, 1212.380460436409521 ) ) ;
#243 = CARTESIAN_POINT ( 'NONE',  ( 731.6240488125132515, 889.4477313062006942, 1197.161351800889406 ) ) ;
#244 = CARTESIAN_POINT ( 'NONE',  ( 711.2743165876245257, 899.6736602103459290, 1221.779711545082364 ) ) ;
#245 = CARTESIAN_POINT ( 'NONE',  ( 717.1800848525040237, 879.2510169669742481, 1212.380460436409521 ) ) ;
#246 = EDGE_CURVE ( 'NONE', #4881, #5609, #515, .T. ) ;
#247 = AXIS2_PLACEMENT_3D ( 'NONE', #6966, #10119, #9238 ) ;
#248 = VERTEX_POINT ( 'NONE', #1303 ) ;
#249 = CARTESIAN_POINT ( 'NONE',  ( 715.8580746097075007, 900.0067887073721522, 1226.542518910620856 ) ) ;
#250 = CARTESIAN_POINT ( 'NONE',  ( 739.4544379727025216, 883.4038595428407916, 1217.568472470429469 ) ) ;
#251 = CARTESIAN_POINT ( 'NONE',  ( 717.1800848525040237, 879.2510169669742481, 1212.380460436409521 ) ) ;
#252 = CARTESIAN_POINT ( 'NONE',  ( 724.9400748205345053, 892.0816255786065767, 1194.610221360726200 ) ) ;
#253 = ORIENTED_EDGE ( 'NONE', *, *, #8449, .T. ) ;
#254 = CARTESIAN_POINT ( 'NONE',  ( 735.8343676318239659, 887.8149527497092777, 1196.191394908558323 ) ) ;
#255 = CARTESIAN_POINT ( 'NONE',  ( 716.1858085731255414, 906.7457746456450423, 1234.086781508788363 ) ) ;
#256 = CARTESIAN_POINT ( 'NONE',  ( 711.6351292828046553, 901.3433470028822967, 1199.507502586620149 ) ) ;
#257 = CARTESIAN_POINT ( 'NONE',  ( 738.5641795101621483, 886.0988261390333491, 1199.016282071956766 ) ) ;
#258 = B_SPLINE_SURFACE_WITH_KNOTS ( 'NONE', 3, 1, ( 
 ( #7518, #5167 ),
 ( #2000, #5368 ),
 ( #8396, #4487 ),
 ( #2880, #3659 ),
 ( #9889, #5975 ),
 ( #6025, #7467 ) ),
 .UNSPECIFIED., .F., .F., .F.,
 ( 4, 1, 1, 4 ),
 ( 2, 2 ),
 ( 0.000000000000000000, 0.2890654569501156512, 0.6604379133667447332, 1.000000000000000000 ),
 ( 0.000000000000000000, 1.000000000000000000 ),
 .UNSPECIFIED. ) ;
#259 = ADVANCED_FACE ( 'NONE', ( #6861 ), #2572, .F. ) ;
#260 = VERTEX_POINT ( 'NONE', #10008 ) ;
#261 = CARTESIAN_POINT ( 'NONE',  ( 708.8617948188368700, 902.8603964408537195, 1204.844009376155782 ) ) ;
#262 = CARTESIAN_POINT ( 'NONE',  ( 741.2618006353329747, 884.9372513377180667, 1220.760365177883841 ) ) ;
#263 = ORIENTED_EDGE ( 'NONE', *, *, #1667, .F. ) ;
#264 = CARTESIAN_POINT ( 'NONE',  ( 722.8176403926755711, 894.3742025977794583, 1195.556121059027191 ) ) ;
#265 = CARTESIAN_POINT ( 'NONE',  ( 717.1800848525040237, 879.2510169669742481, 1212.380460436409521 ) ) ;
#266 = B_SPLINE_CURVE_WITH_KNOTS ( 'NONE', 3,
 ( #3493, #8954, #1938, #1890 ),
 .UNSPECIFIED., .F., .F.,
 ( 4, 4 ),
 ( 2.719479911021036457E-16, 0.001453450272820906719 ),
 .UNSPECIFIED. ) ;
#267 = FACE_OUTER_BOUND ( 'NONE', #10125, .T. ) ;
#268 = CONICAL_SURFACE ( 'NONE', #2728, 20.44804870789273821, 0.7096869864122512528 ) ;
#269 = DIRECTION ( 'NONE',  ( 8.876546560471774392E-16, -7.370867579099568370E-15, -1.000000000000000000 ) ) ;
#270 = B_SPLINE_CURVE_WITH_KNOTS ( 'NONE', 3,
 ( #2209, #5376, #1245, #8506, #3615, #9901, #5982, #1301, #6187, #2264 ),
 .UNSPECIFIED., .F., .F.,
 ( 4, 3, 3, 4 ),
 ( 0.000000000000000000, 0.0001770958401171812235, 0.0003541916793410265860, 0.0006316937728061450437 ),
 .UNSPECIFIED. ) ;
#271 = CARTESIAN_POINT ( 'NONE',  ( 680.5717232886125885, 923.8434747564629106, 1223.564226620482486 ) ) ;
#272 = CARTESIAN_POINT ( 'NONE',  ( 743.1713637030086375, 887.7015555120373165, 1190.196798703381319 ) ) ;
#273 = VERTEX_POINT ( 'NONE', #5932 ) ;
#274 = VERTEX_POINT ( 'NONE', #2936 ) ;
#275 = CIRCLE ( 'NONE', #1597, 1.200000000000046141 ) ;
#276 = CARTESIAN_POINT ( 'NONE',  ( 739.8614292386386069, 884.3793291262736602, 1210.893631415953678 ) ) ;
#277 = ORIENTED_EDGE ( 'NONE', *, *, #4281, .F. ) ;
#278 = EDGE_CURVE ( 'NONE', #6469, #7267, #6557, .T. ) ;
#279 = FACE_OUTER_BOUND ( 'NONE', #4593, .T. ) ;
#280 = ORIENTED_EDGE ( 'NONE', *, *, #3985, .F. ) ;
#281 = CARTESIAN_POINT ( 'NONE',  ( 717.1800848525040237, 879.2510169669742481, 1212.380460436409521 ) ) ;
#282 = CIRCLE ( 'NONE', #10166, 19.56600634797369054 ) ;
#283 = CARTESIAN_POINT ( 'NONE',  ( 711.4521488794541710, 902.5505511137633903, 1219.959123239291785 ) ) ;
#284 = EDGE_LOOP ( 'NONE', ( #2871, #7587, #548, #427 ) ) ;
#285 = CARTESIAN_POINT ( 'NONE',  ( 710.0116735412127582, 900.1102108374354884, 1205.053101622780105 ) ) ;
#286 = EDGE_LOOP ( 'NONE', ( #4821, #2841, #7290, #764, #9456 ) ) ;
#287 = ORIENTED_EDGE ( 'NONE', *, *, #8359, .T. ) ;
#288 = DIRECTION ( 'NONE',  ( -0.4999999999999988343, -0.8660254037844394848, 2.975261781898571487E-15 ) ) ;
#289 = ORIENTED_EDGE ( 'NONE', *, *, #5531, .F. ) ;
#290 = CARTESIAN_POINT ( 'NONE',  ( 717.1800848525040237, 879.2510169669742481, 1212.380460436409521 ) ) ;
#291 = CARTESIAN_POINT ( 'NONE',  ( 717.1800848525040237, 879.2510169669742481, 1212.380460436409521 ) ) ;
#292 = AXIS2_PLACEMENT_3D ( 'NONE', #4233, #8966, #5067 ) ;
#293 = EDGE_CURVE ( 'NONE', #4130, #8465, #4216, .T. ) ;
#294 = ADVANCED_FACE ( 'NONE', ( #1701 ), #7266, .F. ) ;
#295 = CARTESIAN_POINT ( 'NONE',  ( 717.1800848525040237, 879.2510169669742481, 1212.380460436409521 ) ) ;
#296 = B_SPLINE_CURVE_WITH_KNOTS ( 'NONE', 3,
 ( #4681, #1623, #753, #5404 ),
 .UNSPECIFIED., .F., .F.,
 ( 4, 4 ),
 ( 1.005213304773910569E-05, 0.001341057332773964951 ),
 .UNSPECIFIED. ) ;
#297 = CARTESIAN_POINT ( 'NONE',  ( 737.1850084265437317, 888.4852631735998330, 1226.479150625120838 ) ) ;
#298 = CARTESIAN_POINT ( 'NONE',  ( 717.1800848525040237, 879.2510169669742481, 1212.380460436409521 ) ) ;
#299 = CARTESIAN_POINT ( 'NONE',  ( 739.2488492909615161, 883.8204507862778883, 1206.660908951671672 ) ) ;
#300 = DIRECTION ( 'NONE',  ( 0.5845683251975080097, -0.3375006799125091494, -0.7378164841167310639 ) ) ;
#301 = ORIENTED_EDGE ( 'NONE', *, *, #4440, .F. ) ;
#302 = CARTESIAN_POINT ( 'NONE',  ( 730.7762164711151627, 889.9372275367350085, 1228.038444167456646 ) ) ;
#303 = CARTESIAN_POINT ( 'NONE',  ( 733.0458921232310558, 890.1172714230203837, 1230.077653129097143 ) ) ;
#304 = CARTESIAN_POINT ( 'NONE',  ( 711.5920039393195111, 903.2588768633227119, 1203.632975717801401 ) ) ;
#305 = ORIENTED_EDGE ( 'NONE', *, *, #3966, .F. ) ;
#306 = EDGE_CURVE ( 'NONE', #9765, #3402, #156, .T. ) ;
#307 = CARTESIAN_POINT ( 'NONE',  ( 713.1991689914004837, 901.5419085818513167, 1201.408581300675223 ) ) ;
#308 = CARTESIAN_POINT ( 'NONE',  ( 729.5940918578151013, 892.0762954515838601, 1231.459469097437022 ) ) ;
#309 = CARTESIAN_POINT ( 'NONE',  ( 711.1832895834679675, 901.2493073072571406, 1217.313659332929092 ) ) ;
#310 = CARTESIAN_POINT ( 'NONE',  ( 710.7305931901224767, 901.5106645963993515, 1209.707736745273905 ) ) ;
#311 = EDGE_LOOP ( 'NONE', ( #9603, #8051, #7211, #9503 ) ) ;
#312 = CARTESIAN_POINT ( 'NONE',  ( 713.8479372516605963, 901.1673420521486833, 1226.207079573075362 ) ) ;
#313 = EDGE_LOOP ( 'NONE', ( #7232, #208, #9915, #2539 ) ) ;
#314 = CARTESIAN_POINT ( 'NONE',  ( 739.7855355908704951, 884.7357319014050745, 1214.151758018721239 ) ) ;
#315 = EDGE_CURVE ( 'NONE', #5681, #4288, #30, .T. ) ;
#316 = CARTESIAN_POINT ( 'NONE',  ( 720.5453023648100270, 895.8441289282289972, 1196.331577293164401 ) ) ;
#317 = CARTESIAN_POINT ( 'NONE',  ( 726.9694412043194234, 892.1350702617638717, 1229.184984195439029 ) ) ;
#318 = ORIENTED_EDGE ( 'NONE', *, *, #1642, .F. ) ;
#319 = CARTESIAN_POINT ( 'NONE',  ( 715.6139853104673421, 898.9620174428907831, 1195.280207944932044 ) ) ;
#320 = CARTESIAN_POINT ( 'NONE',  ( 713.8106860500814719, 899.8960895384004743, 1196.643361671400726 ) ) ;
#321 = CARTESIAN_POINT ( 'NONE',  ( 735.6156416508650864, 885.6201896326907672, 1199.736400078395718 ) ) ;
#322 = ORIENTED_EDGE ( 'NONE', *, *, #6719, .F. ) ;
#323 = ORIENTED_EDGE ( 'NONE', *, *, #9173, .T. ) ;
#324 = ORIENTED_EDGE ( 'NONE', *, *, #7172, .F. ) ;
#325 = CARTESIAN_POINT ( 'NONE',  ( 724.4202779218370551, 891.7913992196671416, 1212.380460436409521 ) ) ;
#326 = B_SPLINE_CURVE_WITH_KNOTS ( 'NONE', 3,
 ( #3646, #4529, #6010, #7555 ),
 .UNSPECIFIED., .F., .F.,
 ( 4, 4 ),
 ( 0.000000000000000000, 0.001331005199731876342 ),
 .UNSPECIFIED. ) ;
#327 = EDGE_CURVE ( 'NONE', #3536, #1963, #5085, .T. ) ;
#328 = ORIENTED_EDGE ( 'NONE', *, *, #3307, .T. ) ;
#329 = DIRECTION ( 'NONE',  ( -0.4999999999999988343, -0.8660254037844394848, 2.975261781898571487E-15 ) ) ;
#330 = CARTESIAN_POINT ( 'NONE',  ( 717.1800848525040237, 879.2510169669742481, 1212.380460436409521 ) ) ;
#331 = CARTESIAN_POINT ( 'NONE',  ( 715.9543905734924465, 898.4946127086092247, 1225.510732418380030 ) ) ;
#332 = CIRCLE ( 'NONE', #3466, 1.200000000000046141 ) ;
#333 = FACE_OUTER_BOUND ( 'NONE', #3429, .T. ) ;
#334 = EDGE_LOOP ( 'NONE', ( #3524, #5504, #6419, #4929 ) ) ;
#335 = CARTESIAN_POINT ( 'NONE',  ( 721.5688189712913072, 895.9111021211267598, 1192.734752670271291 ) ) ;
#336 = EDGE_CURVE ( 'NONE', #6770, #2650, #4044, .T. ) ;
#337 = ORIENTED_EDGE ( 'NONE', *, *, #5577, .F. ) ;
#338 = CARTESIAN_POINT ( 'NONE',  ( 714.2723532598618021, 901.7138908019326209, 1199.295899637325874 ) ) ;
#339 = CARTESIAN_POINT ( 'NONE',  ( 723.1933447504653714, 894.5860722299228200, 1192.080912946593571 ) ) ;
#340 = ORIENTED_EDGE ( 'NONE', *, *, #6110, .F. ) ;
#341 = B_SPLINE_SURFACE_WITH_KNOTS ( 'NONE', 3, 1, ( 
 ( #9792, #3608 ),
 ( #6849, #5213 ),
 ( #457, #9995 ),
 ( #7565, #9275 ),
 ( #3757, #5923 ),
 ( #8348, #2926 ) ),
 .UNSPECIFIED., .F., .F., .F.,
 ( 4, 1, 1, 4 ),
 ( 2, 2 ),
 ( 0.000000000000000000, 0.2890654569501156512, 0.6604379133667447332, 1.000000000000000000 ),
 ( 0.000000000000000000, 1.000000000000000000 ),
 .UNSPECIFIED. ) ;
#342 = CARTESIAN_POINT ( 'NONE',  ( 717.1800848525040237, 879.2510169669742481, 1212.380460436409521 ) ) ;
#343 = CARTESIAN_POINT ( 'NONE',  ( 739.7501516958237744, 885.0269952831023375, 1200.521919211228806 ) ) ;
#344 = CARTESIAN_POINT ( 'NONE',  ( 733.4850738787479258, 886.8502819179494736, 1227.101428120600076 ) ) ;
#345 = CARTESIAN_POINT ( 'NONE',  ( 712.7917373999273423, 900.1626603895086873, 1221.707665139956589 ) ) ;
#346 = B_SPLINE_CURVE_WITH_KNOTS ( 'NONE', 3,
 ( #4537, #4433, #5922, #8237 ),
 .UNSPECIFIED., .F., .F.,
 ( 4, 4 ),
 ( 1.005213304771465016E-05, 0.001341057332774345289 ),
 .UNSPECIFIED. ) ;
#347 = CARTESIAN_POINT ( 'NONE',  ( 738.0269994961039401, 887.2075539565664712, 1224.008574427751455 ) ) ;
#348 = VERTEX_POINT ( 'NONE', #937 ) ;
#349 = DIRECTION ( 'NONE',  ( 0.5845683251975080097, -0.3375006799125091494, -0.7378164841167310639 ) ) ;
#350 = EDGE_CURVE ( 'NONE', #4013, #4872, #6757, .T. ) ;
#351 = VECTOR ( 'NONE', #29, 1000.000000000000114 ) ;
#352 = ORIENTED_EDGE ( 'NONE', *, *, #7780, .F. ) ;
#353 = CARTESIAN_POINT ( 'NONE',  ( 725.3236735400701036, 893.3561263297817732, 1212.380460436409521 ) ) ;
#354 = FACE_OUTER_BOUND ( 'NONE', #497, .T. ) ;
#355 = VERTEX_POINT ( 'NONE', #8093 ) ;
#356 = CARTESIAN_POINT ( 'NONE',  ( 710.1422520891634349, 903.3068203782482897, 1214.594259000401507 ) ) ;
#357 = CIRCLE ( 'NONE', #6116, 18.17967805303275597 ) ;
#358 = CARTESIAN_POINT ( 'NONE',  ( 717.7396067946634730, 898.2619677899662065, 1230.315894324908641 ) ) ;
#359 = CARTESIAN_POINT ( 'NONE',  ( 711.9359395156261598, 901.6127166558051158, 1199.895972802592041 ) ) ;
#360 = FACE_OUTER_BOUND ( 'NONE', #2380, .T. ) ;
#361 = ORIENTED_EDGE ( 'NONE', *, *, #8296, .T. ) ;
#362 = ADVANCED_FACE ( 'NONE', ( #267 ), #268, .T. ) ;
#363 = VECTOR ( 'NONE', #2993, 1000.000000000000114 ) ;
#364 = CARTESIAN_POINT ( 'NONE',  ( 740.8908889236856794, 885.1513973142831446, 1203.135549301342508 ) ) ;
#365 = ADVANCED_FACE ( 'NONE', ( #1956 ), #1030, .F. ) ;
#366 = VECTOR ( 'NONE', #1469, 1000.000000000000114 ) ;
#367 = ORIENTED_EDGE ( 'NONE', *, *, #4669, .F. ) ;
#368 = CARTESIAN_POINT ( 'NONE',  ( 727.3370950929722767, 896.8434747564629106, 1212.380460436409066 ) ) ;
#369 = DIRECTION ( 'NONE',  ( 0.5845683251975072325, -0.3375006799125115364, -0.7378164841167307308 ) ) ;
#370 = CARTESIAN_POINT ( 'NONE',  ( 713.2607374427198010, 900.0498851310736654, 1202.568370639006844 ) ) ;
#371 = CARTESIAN_POINT ( 'NONE',  ( 710.8418764276881348, 899.6308929774564831, 1203.178827722709684 ) ) ;
#372 = FACE_OUTER_BOUND ( 'NONE', #4200, .T. ) ;
#373 = CARTESIAN_POINT ( 'NONE',  ( 718.5959319758044330, 897.2403897329492111, 1193.465580388688977 ) ) ;
#374 = EDGE_CURVE ( 'NONE', #79, #3294, #9958, .T. ) ;
#375 = EDGE_LOOP ( 'NONE', ( #8581, #6170, #8295, #4571, #1455 ) ) ;
#376 = ORIENTED_EDGE ( 'NONE', *, *, #6940, .F. ) ;
#377 = AXIS2_PLACEMENT_3D ( 'NONE', #4530, #398, #598 ) ;
#378 = EDGE_LOOP ( 'NONE', ( #8985, #4739, #2765, #9692 ) ) ;
#379 = CARTESIAN_POINT ( 'NONE',  ( 729.2693057121380207, 888.9918117195579725, 1229.676411795959211 ) ) ;
#380 = B_SPLINE_CURVE_WITH_KNOTS ( 'NONE', 3,
 ( #4915, #4967, #3349, #155, #4185, #6558, #8088, #4763 ),
 .UNSPECIFIED., .F., .F.,
 ( 4, 2, 2, 4 ),
 ( 0.000000000000000000, 0.001064839483365602035, 0.001597259225048600160, 0.002129678966731598285 ),
 .UNSPECIFIED. ) ;
#381 = CARTESIAN_POINT ( 'NONE',  ( 724.6547001335585492, 894.9280545932163022, 1231.028967643959049 ) ) ;
#382 = ORIENTED_EDGE ( 'NONE', *, *, #6263, .F. ) ;
#383 = FACE_OUTER_BOUND ( 'NONE', #9687, .T. ) ;
#384 = B_SPLINE_CURVE_WITH_KNOTS ( 'NONE', 1,
 ( #4191, #1911 ),
 .UNSPECIFIED., .F., .F.,
 ( 2, 2 ),
 ( 0.000000000000000000, 0.002900000000001159896 ),
 .UNSPECIFIED. ) ;
#385 = AXIS2_PLACEMENT_3D ( 'NONE', #10164, #779, #7930 ) ;
#386 = CARTESIAN_POINT ( 'NONE',  ( 720.8263059808645039, 897.1383789878379957, 1193.689519822279863 ) ) ;
#387 = CARTESIAN_POINT ( 'NONE',  ( 745.7105941875499866, 889.6996317233906666, 1190.196798703381319 ) ) ;
#388 = EDGE_CURVE ( 'NONE', #7070, #6323, #5292, .T. ) ;
#389 = EDGE_LOOP ( 'NONE', ( #8326, #1082, #8087, #5222, #994 ) ) ;
#390 = CARTESIAN_POINT ( 'NONE',  ( 737.6870805477662998, 886.2181099657899495, 1227.020050099713217 ) ) ;
#391 = VERTEX_POINT ( 'NONE', #2524 ) ;
#392 = CARTESIAN_POINT ( 'NONE',  ( 726.0093731335697385, 894.6902392560687076, 1193.215093214415674 ) ) ;
#393 = CARTESIAN_POINT ( 'NONE',  ( 717.1800848525040237, 879.2510169669742481, 1212.380460436409521 ) ) ;
#394 = B_SPLINE_CURVE_WITH_KNOTS ( 'NONE', 3,
 ( #7863, #8639, #3900, #4632 ),
 .UNSPECIFIED., .F., .F.,
 ( 4, 4 ),
 ( 1.005213304251117938E-05, 0.001341057332774201307 ),
 .UNSPECIFIED. ) ;
#395 = CARTESIAN_POINT ( 'NONE',  ( 725.3236735400701036, 893.3561263297817732, 1212.380460436409521 ) ) ;
#396 = DIRECTION ( 'NONE',  ( -0.4999999999999988343, -0.8660254037844394848, 2.975261781898571487E-15 ) ) ;
#397 = CARTESIAN_POINT ( 'NONE',  ( 738.7076906866979016, 886.8145567144418919, 1199.654150556504646 ) ) ;
#398 = DIRECTION ( 'NONE',  ( 0.5000000000000004441, 0.8660254037844383745, -9.910297435075217688E-15 ) ) ;
#399 = DIRECTION ( 'NONE',  ( -0.8660254037844368202, 0.5000000000000029976, 0.000000000000000000 ) ) ;
#400 = ORIENTED_EDGE ( 'NONE', *, *, #790, .T. ) ;
#401 = CARTESIAN_POINT ( 'NONE',  ( 738.0134021789206145, 886.0297080841979778, 1198.118024504091636 ) ) ;
#402 = ORIENTED_EDGE ( 'NONE', *, *, #7276, .T. ) ;
#403 = ORIENTED_EDGE ( 'NONE', *, *, #6399, .F. ) ;
#404 = CARTESIAN_POINT ( 'NONE',  ( 727.5355273524986615, 893.2648082228724888, 1230.532312579528252 ) ) ;
#405 = CARTESIAN_POINT ( 'NONE',  ( 738.0383576732319852, 885.7444283587993823, 1204.195693531592269 ) ) ;
#406 = VERTEX_POINT ( 'NONE', #5026 ) ;
#407 = CARTESIAN_POINT ( 'NONE',  ( 714.3270222299431680, 899.4341742598280689, 1223.726056111263233 ) ) ;
#408 = EDGE_CURVE ( 'NONE', #9627, #8595, #10150, .T. ) ;
#409 = CYLINDRICAL_SURFACE ( 'NONE', #7914, 2.200000000000022382 ) ;
#410 = CARTESIAN_POINT ( 'NONE',  ( 711.4521488794541710, 902.5505511137633903, 1219.959123239291785 ) ) ;
#411 = CARTESIAN_POINT ( 'NONE',  ( 722.4130511478915651, 894.7657615516000078, 1195.763001982858441 ) ) ;
#412 = ORIENTED_EDGE ( 'NONE', *, *, #9188, .T. ) ;
#413 = CARTESIAN_POINT ( 'NONE',  ( 740.4586517518970368, 885.8036388721086496, 1219.329038725460578 ) ) ;
#414 = VERTEX_POINT ( 'NONE', #5124 ) ;
#415 = AXIS2_PLACEMENT_3D ( 'NONE', #4576, #3845, #7707 ) ;
#416 = CARTESIAN_POINT ( 'NONE',  ( 710.2952279190908484, 903.2184997416601391, 1209.023052760819610 ) ) ;
#417 = CARTESIAN_POINT ( 'NONE',  ( 720.5937622689160662, 895.8161342140865600, 1196.312796867024417 ) ) ;
#418 = CARTESIAN_POINT ( 'NONE',  ( 738.9304363443930015, 887.4750255550310385, 1200.405053690911018 ) ) ;
#419 = EDGE_CURVE ( 'NONE', #3867, #4771, #4928, .T. ) ;
#420 = EDGE_CURVE ( 'NONE', #61, #3246, #6688, .T. ) ;
#421 = CARTESIAN_POINT ( 'NONE',  ( 709.7147348363162109, 902.2608880742557176, 1222.382586613925696 ) ) ;
#422 = CARTESIAN_POINT ( 'NONE',  ( 729.7378830156570757, 882.3928159256564641, 1210.512001604112356 ) ) ;
#423 = CARTESIAN_POINT ( 'NONE',  ( 725.8370950929722767, 894.2453985451096514, 1212.380460436409066 ) ) ;
#424 = B_SPLINE_CURVE_WITH_KNOTS ( 'NONE', 3,
 ( #3860, #9378, #2297, #2498, #1071, #9623, #911, #1735 ),
 .UNSPECIFIED., .F., .F.,
 ( 4, 2, 2, 4 ),
 ( 0.000000000000000000, 0.0005319171944572539251, 0.001063834388914507850, 0.002127668777828712558 ),
 .UNSPECIFIED. ) ;
#425 = CARTESIAN_POINT ( 'NONE',  ( 686.5717232886129295, 923.8434747564629106, 1223.564226620482486 ) ) ;
#426 = ORIENTED_EDGE ( 'NONE', *, *, #462, .F. ) ;
#427 = ORIENTED_EDGE ( 'NONE', *, *, #750, .F. ) ;
#428 = B_SPLINE_SURFACE_WITH_KNOTS ( 'NONE', 3, 1, ( 
 ( #5712, #7300 ),
 ( #242, #1834 ),
 ( #4948, #1026 ),
 ( #8951, #3381 ),
 ( #5758, #8123 ),
 ( #7352, #297 ) ),
 .UNSPECIFIED., .F., .F., .F.,
 ( 4, 1, 1, 4 ),
 ( 2, 2 ),
 ( 0.000000000000000000, 0.2890654569501156512, 0.6604379133667447332, 1.000000000000000000 ),
 ( 0.000000000000000000, 1.000000000000000000 ),
 .UNSPECIFIED. ) ;
#429 = VERTEX_POINT ( 'NONE', #8250 ) ;
#430 = CARTESIAN_POINT ( 'NONE',  ( 724.5863182208405533, 892.7394069676604431, 1229.837050484880365 ) ) ;
#431 = AXIS2_PLACEMENT_3D ( 'NONE', #1174, #6537, #4113 ) ;
#432 = AXIS2_PLACEMENT_3D ( 'NONE', #9293, #5382, #1464 ) ;
#433 = EDGE_CURVE ( 'NONE', #8876, #1055, #6633, .T. ) ;
#434 = CARTESIAN_POINT ( 'NONE',  ( 721.1267364081882079, 896.1664678219563029, 1231.901336261099686 ) ) ;
#435 = CYLINDRICAL_SURFACE ( 'NONE', #9921, 1.200000000000046141 ) ;
#436 = CARTESIAN_POINT ( 'NONE',  ( 731.0512085568281009, 891.2350287331677237, 1193.763820063067897 ) ) ;
#437 = AXIS2_PLACEMENT_3D ( 'NONE', #6103, #3586, #5093 ) ;
#438 = ORIENTED_EDGE ( 'NONE', *, *, #738, .F. ) ;
#439 = CARTESIAN_POINT ( 'NONE',  ( 709.0108625683299124, 903.5573391123201645, 1217.375619180492095 ) ) ;
#440 = ORIENTED_EDGE ( 'NONE', *, *, #230, .F. ) ;
#441 = CARTESIAN_POINT ( 'NONE',  ( 739.8229493280131237, 884.7141521507428479, 1211.081998447004480 ) ) ;
#442 = CARTESIAN_POINT ( 'NONE',  ( 710.1533801793758585, 902.1146992852657149, 1222.929028827162028 ) ) ;
#443 = EDGE_CURVE ( 'NONE', #6370, #7173, #8967, .T. ) ;
#444 = CIRCLE ( 'NONE', #6704, 18.17967805303275597 ) ;
#445 = CARTESIAN_POINT ( 'NONE',  ( 737.5786711571363412, 884.1943973430721826, 1202.398329197706516 ) ) ;
#446 = CARTESIAN_POINT ( 'NONE',  ( 725.3236735400701036, 893.3561263297817732, 1212.380460436409521 ) ) ;
#447 = CARTESIAN_POINT ( 'NONE',  ( 736.2148108099288493, 886.7972536312075817, 1223.558826407637525 ) ) ;
#448 = CARTESIAN_POINT ( 'NONE',  ( 709.9458462200771010, 902.1274558546283515, 1201.913250562838357 ) ) ;
#449 = LINE ( 'NONE', #2919, #4052 ) ;
#450 = CARTESIAN_POINT ( 'NONE',  ( 741.5838889504547069, 885.1539828726192809, 1214.028711309982782 ) ) ;
#451 = ORIENTED_EDGE ( 'NONE', *, *, #8858, .T. ) ;
#452 = CARTESIAN_POINT ( 'NONE',  ( 727.1517386144275861, 893.4863887541098393, 1230.574799753430170 ) ) ;
#453 = AXIS2_PLACEMENT_3D ( 'NONE', #7782, #874, #5473 ) ;
#454 = CARTESIAN_POINT ( 'NONE',  ( 733.2082870959065986, 889.9896388579676341, 1195.245270054533194 ) ) ;
#455 = EDGE_CURVE ( 'NONE', #976, #6417, #2217, .T. ) ;
#456 = CARTESIAN_POINT ( 'NONE',  ( 710.1863788146172283, 903.2813438014292160, 1214.977046275917473 ) ) ;
#457 = CARTESIAN_POINT ( 'NONE',  ( 717.1800848525040237, 879.2510169669742481, 1212.380460436409521 ) ) ;
#458 = DIRECTION ( 'NONE',  ( 0.5000000000000004441, 0.8660254037844383745, -9.910297435075217688E-15 ) ) ;
#459 = CARTESIAN_POINT ( 'NONE',  ( 734.7571320806996482, 889.0954127890645395, 1227.986276180570258 ) ) ;
#460 = ORIENTED_EDGE ( 'NONE', *, *, #4916, .F. ) ;
#461 = CARTESIAN_POINT ( 'NONE',  ( 741.4456866627477893, 884.8313591406308660, 1204.473161855869876 ) ) ;
#462 = EDGE_CURVE ( 'NONE', #906, #9370, #2062, .T. ) ;
#463 = ORIENTED_EDGE ( 'NONE', *, *, #10137, .F. ) ;
#464 = CARTESIAN_POINT ( 'NONE',  ( 733.5607746130558553, 888.3295621439110619, 1198.470918161680629 ) ) ;
#465 = CARTESIAN_POINT ( 'NONE',  ( 736.8744580363199930, 887.8729740786247930, 1197.534672142002137 ) ) ;
#466 = CARTESIAN_POINT ( 'NONE',  ( 720.3343139108336572, 894.1504316412608659, 1229.937241412661933 ) ) ;
#467 = CARTESIAN_POINT ( 'NONE',  ( 712.5969065143671060, 899.2079571228130135, 1201.365090520112290 ) ) ;
#468 = DIRECTION ( 'NONE',  ( -0.5000000000000008882, -0.8660254037844380415, -0.000000000000000000 ) ) ;
#469 = CARTESIAN_POINT ( 'NONE',  ( 712.1436811550171342, 900.5368158369592493, 1204.311967650260613 ) ) ;
#470 = CARTESIAN_POINT ( 'NONE',  ( 709.2118729402785675, 900.5719759296797520, 1207.678696440902286 ) ) ;
#471 = LINE ( 'NONE', #6345, #2235 ) ;
#472 = ORIENTED_EDGE ( 'NONE', *, *, #7041, .F. ) ;
#473 = CARTESIAN_POINT ( 'NONE',  ( 717.1800848525040237, 879.2510169669742481, 1212.380460436409521 ) ) ;
#474 = ORIENTED_EDGE ( 'NONE', *, *, #2518, .F. ) ;
#475 = ADVANCED_FACE ( 'NONE', ( #8516 ), #9660, .F. ) ;
#476 = ORIENTED_EDGE ( 'NONE', *, *, #7965, .F. ) ;
#477 = ORIENTED_EDGE ( 'NONE', *, *, #7992, .F. ) ;
#478 = CARTESIAN_POINT ( 'NONE',  ( 733.2856100194856026, 888.7593001601230753, 1230.645165542820450 ) ) ;
#479 = VERTEX_POINT ( 'NONE', #2118 ) ;
#480 = CARTESIAN_POINT ( 'NONE',  ( 717.1800848525040237, 879.2510169669742481, 1212.380460436409521 ) ) ;
#481 = LINE ( 'NONE', #5190, #1853 ) ;
#482 = LINE ( 'NONE', #1367, #4236 ) ;
#483 = ORIENTED_EDGE ( 'NONE', *, *, #1553, .T. ) ;
#484 = DIRECTION ( 'NONE',  ( 0.5000000000000009992, 0.8660254037844381525, -5.726519994466740890E-15 ) ) ;
#485 = EDGE_CURVE ( 'NONE', #6220, #820, #6135, .T. ) ;
#486 = VERTEX_POINT ( 'NONE', #8410 ) ;
#487 = DIRECTION ( 'NONE',  ( 0.7594972098640200286, 0.3560636264648746052, -0.5444103986125272687 ) ) ;
#488 = EDGE_CURVE ( 'NONE', #7939, #6915, #4795, .T. ) ;
#489 = CARTESIAN_POINT ( 'NONE',  ( 709.4368644476612644, 900.7345136979779454, 1216.717542775881839 ) ) ;
#490 = CARTESIAN_POINT ( 'NONE',  ( 738.7440797273860653, 883.5215483913262915, 1204.834669342918232 ) ) ;
#491 = CARTESIAN_POINT ( 'NONE',  ( 717.1800848525040237, 879.2510169669742481, 1212.380460436409521 ) ) ;
#492 = CARTESIAN_POINT ( 'NONE',  ( 734.5782184567157174, 887.5842296866736660, 1225.472965331801106 ) ) ;
#493 = CARTESIAN_POINT ( 'NONE',  ( 739.9655736584975330, 883.1087552170533854, 1214.880006938107954 ) ) ;
#494 = DIRECTION ( 'NONE',  ( 0.6885894241899774837, 0.3970022556114350953, 0.6068227203501430633 ) ) ;
#495 = COORDINATED_UNIVERSAL_TIME_OFFSET ( 5, 0, .BEHIND. ) ;
#496 = CARTESIAN_POINT ( 'NONE',  ( 717.7986177701345696, 897.4298476401810376, 1226.987646278941838 ) ) ;
#497 = EDGE_LOOP ( 'NONE', ( #5409, #460, #5453, #4226 ) ) ;
#498 = CARTESIAN_POINT ( 'NONE',  ( 725.0841291841319389, 885.0796619530299267, 1221.018360334037652 ) ) ;
#499 = EDGE_CURVE ( 'NONE', #4093, #1255, #7018, .T. ) ;
#500 = CARTESIAN_POINT ( 'NONE',  ( 730.6291211850075342, 891.4787209909102330, 1231.147734763100743 ) ) ;
#501 = CARTESIAN_POINT ( 'NONE',  ( 717.1800848525040237, 879.2510169669742481, 1212.380460436409521 ) ) ;
#502 = DIRECTION ( 'NONE',  ( 0.5000000000000004441, 0.8660254037844383745, -9.910297435075217688E-15 ) ) ;
#503 = CARTESIAN_POINT ( 'NONE',  ( 727.3303507288798073, 890.1112679011554292, 1194.514030207559699 ) ) ;
#504 = CARTESIAN_POINT ( 'NONE',  ( 738.7801969932858128, 885.1583581783320369, 1205.892762715245908 ) ) ;
#505 = B_SPLINE_SURFACE_WITH_KNOTS ( 'NONE', 3, 1, ( 
 ( #1878, #3320 ),
 ( #2646, #5700 ),
 ( #7341, #8840 ),
 ( #1063, #8942 ) ),
 .UNSPECIFIED., .F., .F., .F.,
 ( 4, 4 ),
 ( 2, 2 ),
 ( 0.000000000000000000, 1.000000000000000000 ),
 ( 0.000000000000000000, 1.000000000000000000 ),
 .UNSPECIFIED. ) ;
#506 = VERTEX_POINT ( 'NONE', #3047 ) ;
#507 = CARTESIAN_POINT ( 'NONE',  ( 717.1800848525040237, 879.2510169669742481, 1212.380460436409521 ) ) ;
#508 = ADVANCED_FACE ( 'NONE', ( #1254 ), #193, .F. ) ;
#509 = CARTESIAN_POINT ( 'NONE',  ( 717.9920998239564369, 897.1603716749899604, 1197.475850678634288 ) ) ;
#510 = VERTEX_POINT ( 'NONE', #9189 ) ;
#511 = CARTESIAN_POINT ( 'NONE',  ( 708.9539802833621707, 902.7001099201906982, 1204.152496496416916 ) ) ;
#512 = DIRECTION ( 'NONE',  ( 0.5845683251975080097, -0.3375006799125091494, -0.7378164841167310639 ) ) ;
#513 = CARTESIAN_POINT ( 'NONE',  ( 723.1117586843718072, 892.5468731536450377, 1194.263680075299590 ) ) ;
#514 = CARTESIAN_POINT ( 'NONE',  ( 715.7877179875707725, 896.7754100214959863, 1197.177196332246467 ) ) ;
#515 = B_SPLINE_CURVE_WITH_KNOTS ( 'NONE', 1,
 ( #8356, #2782 ),
 .UNSPECIFIED., .F., .F.,
 ( 2, 2 ),
 ( 0.000000000000000000, 0.002900000000002202032 ),
 .UNSPECIFIED. ) ;
#516 = EDGE_CURVE ( 'NONE', #3685, #9283, #8098, .T. ) ;
#517 = CARTESIAN_POINT ( 'NONE',  ( 717.1800848525040237, 879.2510169669742481, 1212.380460436409521 ) ) ;
#518 = CARTESIAN_POINT ( 'NONE',  ( 714.4305951102224981, 904.2950459957991143, 1190.196798703381546 ) ) ;
#519 = CARTESIAN_POINT ( 'NONE',  ( 717.1800848525040237, 879.2510169669742481, 1212.380460436409521 ) ) ;
#520 = APPROVAL_PERSON_ORGANIZATION ( #9267, #3418, #5964 ) ;
#521 = ORIENTED_EDGE ( 'NONE', *, *, #9917, .F. ) ;
#522 = B_SPLINE_CURVE_WITH_KNOTS ( 'NONE', 3,
 ( #6845, #605, #7818, #761, #8492, #2251, #7665, #3803, #6897, #9215 ),
 .UNSPECIFIED., .F., .F.,
 ( 4, 3, 3, 4 ),
 ( 0.000000000000000000, 0.0001770958401173507385, 0.0003541916793411153822, 0.0006316937728062764490 ),
 .UNSPECIFIED. ) ;
#523 = CARTESIAN_POINT ( 'NONE',  ( 710.8901149179055210, 902.8750415727570271, 1204.123478158220223 ) ) ;
#524 = ORIENTED_EDGE ( 'NONE', *, *, #1267, .T. ) ;
#525 = ORIENTED_EDGE ( 'NONE', *, *, #3432, .F. ) ;
#526 = CARTESIAN_POINT ( 'NONE',  ( 724.4202779218370551, 891.7913992196671416, 1212.380460436409521 ) ) ;
#527 = EDGE_LOOP ( 'NONE', ( #2328, #8839, #10155, #5329, #2063 ) ) ;
#528 = EDGE_CURVE ( 'NONE', #7809, #3727, #471, .T. ) ;
#529 = CARTESIAN_POINT ( 'NONE',  ( 718.2471748318026812, 897.5258807252746465, 1231.073274458902688 ) ) ;
#530 = DIRECTION ( 'NONE',  ( -0.5000000000000008882, -0.8660254037844380415, -0.000000000000000000 ) ) ;
#531 = CARTESIAN_POINT ( 'NONE',  ( 731.1372716659002435, 890.3868825961847051, 1193.302657574538898 ) ) ;
#532 = CIRCLE ( 'NONE', #6303, 15.92264581449838801 ) ;
#533 = ORIENTED_EDGE ( 'NONE', *, *, #6664, .T. ) ;
#534 = CARTESIAN_POINT ( 'NONE',  ( 720.4476896162510684, 897.3569732478679271, 1230.472810282652063 ) ) ;
#535 = VERTEX_POINT ( 'NONE', #7068 ) ;
#536 = CARTESIAN_POINT ( 'NONE',  ( 741.3815514801405016, 886.0598735715925613, 1219.595095479599195 ) ) ;
#537 = FACE_OUTER_BOUND ( 'NONE', #7483, .T. ) ;
#538 = B_SPLINE_CURVE_WITH_KNOTS ( 'NONE', 1,
 ( #8105, #6463 ),
 .UNSPECIFIED., .F., .F.,
 ( 2, 2 ),
 ( 0.000000000000000000, 0.002900000000000310749 ),
 .UNSPECIFIED. ) ;
#539 = CARTESIAN_POINT ( 'NONE',  ( 713.2635149629707030, 900.0481904666996797, 1222.196793793438019 ) ) ;
#540 = CIRCLE ( 'NONE', #6645, 19.56600634797370475 ) ;
#541 = ADVANCED_FACE ( 'NONE', ( #8710 ), #6245, .F. ) ;
#542 = CARTESIAN_POINT ( 'NONE',  ( 713.9267428239608080, 891.5213819715272621, 1209.231771485177433 ) ) ;
#543 = EDGE_CURVE ( 'NONE', #1104, #5966, #3928, .T. ) ;
#544 = CARTESIAN_POINT ( 'NONE',  ( 742.7076179491936045, 884.5390714165642976, 1210.544298789631284 ) ) ;
#545 = DIRECTION ( 'NONE',  ( -0.5000000000000004441, -0.8660254037844383745, 9.910297435075217688E-15 ) ) ;
#546 = CARTESIAN_POINT ( 'NONE',  ( 733.1102666647859678, 889.6438161202586343, 1230.288672352101685 ) ) ;
#547 = B_SPLINE_CURVE_WITH_KNOTS ( 'NONE', 3,
 ( #4217, #9521, #2605, #1680, #3331, #5603, #4166, #3434, #8023, #5656 ),
 .UNSPECIFIED., .F., .F.,
 ( 4, 3, 3, 4 ),
 ( 0.000000000000000000, 0.0001770958401172510461, 0.0003541916793410291881, 0.0006316937728062153000 ),
 .UNSPECIFIED. ) ;
#548 = ORIENTED_EDGE ( 'NONE', *, *, #6110, .T. ) ;
#549 = PERSON_AND_ORGANIZATION ( #3082, #3976 ) ;
#550 = CARTESIAN_POINT ( 'NONE',  ( 741.5885022181529393, 885.1513194012717349, 1213.969920352592453 ) ) ;
#551 = ORIENTED_EDGE ( 'NONE', *, *, #9780, .F. ) ;
#552 = CARTESIAN_POINT ( 'NONE',  ( 708.6972365326929548, 902.9554042116565142, 1219.418794937319717 ) ) ;
#553 = AXIS2_PLACEMENT_3D ( 'NONE', #2443, #1583, #5599 ) ;
#554 = CARTESIAN_POINT ( 'NONE',  ( 742.4047446042471847, 884.6800616399364117, 1216.484839070385078 ) ) ;
#555 = CARTESIAN_POINT ( 'NONE',  ( 713.5123620142354639, 899.1330566239779500, 1223.903222795493775 ) ) ;
#556 = CARTESIAN_POINT ( 'NONE',  ( 742.4047446042471847, 884.6800616399364117, 1216.484839070385078 ) ) ;
#557 = ADVANCED_FACE ( 'NONE', ( #7146 ), #91, .F. ) ;
#558 = DIRECTION ( 'NONE',  ( 0.4999999999999988343, 0.8660254037844394848, -2.975261781898571487E-15 ) ) ;
#559 = AXIS2_PLACEMENT_3D ( 'NONE', #819, #5564, #146 ) ;
#560 = LINE ( 'NONE', #2202, #9650 ) ;
#561 = VERTEX_POINT ( 'NONE', #2257 ) ;
#562 = CARTESIAN_POINT ( 'NONE',  ( 725.7324772062105467, 894.3057997101940373, 1194.123303663481693 ) ) ;
#563 = CARTESIAN_POINT ( 'NONE',  ( 718.2051976022549979, 897.1951669288840776, 1227.252843810472996 ) ) ;
#564 = DIRECTION ( 'NONE',  ( -0.4999999999999988343, -0.8660254037844394848, 2.975261781898571487E-15 ) ) ;
#565 = ORIENTED_EDGE ( 'NONE', *, *, #1615, .T. ) ;
#566 = CARTESIAN_POINT ( 'NONE',  ( 741.5951543824403416, 885.1474787724298494, 1210.880530480134894 ) ) ;
#567 = DIRECTION ( 'NONE',  ( 0.4358671734143988452, 0.5429115151269113815, -0.7178209344135512149 ) ) ;
#568 = CARTESIAN_POINT ( 'NONE',  ( 716.2006334434638575, 899.8090122724895537, 1226.855208713764796 ) ) ;
#569 = CARTESIAN_POINT ( 'NONE',  ( 712.1605915195642638, 902.1415315647905118, 1223.931778012714631 ) ) ;
#570 = CARTESIAN_POINT ( 'NONE',  ( 730.4463249831070470, 892.3758438736515473, 1194.050508807669075 ) ) ;
#571 = EDGE_CURVE ( 'NONE', #4031, #3221, #4431, .T. ) ;
#572 = CARTESIAN_POINT ( 'NONE',  ( 710.0270491037377951, 900.3937704279314858, 1205.889972556869225 ) ) ;
#573 = CARTESIAN_POINT ( 'NONE',  ( 717.1800848525040237, 879.2510169669742481, 1212.380460436409521 ) ) ;
#574 = DIRECTION ( 'NONE',  ( 0.5845683251975080097, -0.3375006799125091494, -0.7378164841167310639 ) ) ;
#575 = CARTESIAN_POINT ( 'NONE',  ( 717.1800848525040237, 879.2510169669742481, 1212.380460436409521 ) ) ;
#576 = ORIENTED_EDGE ( 'NONE', *, *, #2295, .F. ) ;
#577 = LINE ( 'NONE', #3107, #8940 ) ;
#578 = CONICAL_SURFACE ( 'NONE', #6013, 20.44804870789273821, 0.7096869864122512528 ) ;
#579 = VERTEX_POINT ( 'NONE', #9476 ) ;
#580 = ORIENTED_EDGE ( 'NONE', *, *, #4926, .T. ) ;
#581 = CARTESIAN_POINT ( 'NONE',  ( 710.7977947353226682, 902.9283426550230161, 1206.744691448735466 ) ) ;
#582 = ORIENTED_EDGE ( 'NONE', *, *, #7740, .F. ) ;
#583 = ORIENTED_EDGE ( 'NONE', *, *, #1870, .F. ) ;
#584 = CARTESIAN_POINT ( 'NONE',  ( 711.1491996166666922, 899.4534598515668904, 1202.599253884872041 ) ) ;
#585 = CARTESIAN_POINT ( 'NONE',  ( 717.1800848525040237, 879.2510169669742481, 1212.380460436409521 ) ) ;
#586 = CARTESIAN_POINT ( 'NONE',  ( 725.8370950929727314, 894.2453985451099925, 1212.380460436409521 ) ) ;
#587 = VERTEX_POINT ( 'NONE', #7969 ) ;
#588 = CARTESIAN_POINT ( 'NONE',  ( 737.6636697524168085, 887.4173224818886183, 1198.368390157238991 ) ) ;
#589 = ORIENTED_EDGE ( 'NONE', *, *, #2457, .F. ) ;
#590 = CARTESIAN_POINT ( 'NONE',  ( 713.4530342036356387, 901.3953394332296511, 1225.091640266289687 ) ) ;
#591 = CARTESIAN_POINT ( 'NONE',  ( 717.1800848525040237, 879.2510169669742481, 1212.380460436409521 ) ) ;
#592 = EDGE_CURVE ( 'NONE', #8703, #8016, #8987, .T. ) ;
#593 = ORIENTED_EDGE ( 'NONE', *, *, #8869, .F. ) ;
#594 = FACE_OUTER_BOUND ( 'NONE', #4913, .T. ) ;
#595 = DIRECTION ( 'NONE',  ( -0.5845683251975072325, 0.3375006799125115364, 0.7378164841167307308 ) ) ;
#596 = CIRCLE ( 'NONE', #1910, 20.44804870789273821 ) ;
#597 = CARTESIAN_POINT ( 'NONE',  ( 734.5400358423185025, 887.4515267703008021, 1225.584132648181367 ) ) ;
#598 = DIRECTION ( 'NONE',  ( -0.8660254037844373753, 0.5000000000000023315, 0.000000000000000000 ) ) ;
#599 = CARTESIAN_POINT ( 'NONE',  ( 710.6549982265338485, 901.5542183066670532, 1214.432971186272653 ) ) ;
#600 = B_SPLINE_CURVE_WITH_KNOTS ( 'NONE', 3,
 ( #2709, #139, #5056, #1836, #190, #4218, #3435, #243 ),
 .UNSPECIFIED., .F., .F.,
 ( 4, 2, 2, 4 ),
 ( 0.000000000000000000, 0.001064839483313879519, 0.001597259224970828603, 0.002129678966627777687 ),
 .UNSPECIFIED. ) ;
#601 = APPROVAL_ROLE ( '' ) ;
#602 = CARTESIAN_POINT ( 'NONE',  ( 741.5970280080538259, 885.1463970341775394, 1213.852266992633758 ) ) ;
#603 = EDGE_LOOP ( 'NONE', ( #5163, #1865, #1995, #6288, #8154 ) ) ;
#604 = CARTESIAN_POINT ( 'NONE',  ( 725.8370950929727314, 894.2453985451099925, 1212.380460436409521 ) ) ;
#605 = CARTESIAN_POINT ( 'NONE',  ( 714.9347411809865207, 899.0833447435276184, 1200.303076494432844 ) ) ;
#606 = B_SPLINE_CURVE_WITH_KNOTS ( 'NONE', 3,
 ( #3863, #913, #3135, #2401, #1683, #6280, #8550, #9329 ),
 .UNSPECIFIED., .F., .F.,
 ( 4, 2, 2, 4 ),
 ( 0.000000000000000000, 0.0005319171944592250047, 0.001063834388918450009, 0.002127668777836900019 ),
 .UNSPECIFIED. ) ;
#607 = EDGE_CURVE ( 'NONE', #9703, #6028, #6033, .T. ) ;
#608 = EDGE_CURVE ( 'NONE', #10071, #2442, #606, .T. ) ;
#609 = CIRCLE ( 'NONE', #4568, 22.98482582222963089 ) ;
#610 = DIRECTION ( 'NONE',  ( -0.5000000000000009992, -0.8660254037844382635, -0.000000000000000000 ) ) ;
#611 = DIRECTION ( 'NONE',  ( 0.4999999999999988343, 0.8660254037844394848, -2.975261781898571487E-15 ) ) ;
#612 = DIRECTION ( 'NONE',  ( 0.9510745352220054682, 0.2454564060988193575, 0.1876389649227949430 ) ) ;
#613 = CARTESIAN_POINT ( 'NONE',  ( 712.4421708688512354, 902.7705470980490645, 1222.802802243412089 ) ) ;
#614 = AXIS2_PLACEMENT_3D ( 'NONE', #4127, #1038, #6444 ) ;
#615 = ORIENTED_EDGE ( 'NONE', *, *, #9050, .T. ) ;
#616 = CARTESIAN_POINT ( 'NONE',  ( 717.1800848525040237, 879.2510169669742481, 1212.380460436409521 ) ) ;
#617 = B_SPLINE_CURVE_WITH_KNOTS ( 'NONE', 3,
 ( #7140, #183, #3273, #808, #854, #9469, #4892, #7091 ),
 .UNSPECIFIED., .F., .F.,
 ( 4, 2, 2, 4 ),
 ( 0.000000000000000000, 0.0005319171944550890986, 0.001063834388910178197, 0.002127668777820112666 ),
 .UNSPECIFIED. ) ;
#618 = CARTESIAN_POINT ( 'NONE',  ( 720.1362345851963482, 898.3283773402550878, 1230.031433077907195 ) ) ;
#619 = DIRECTION ( 'NONE',  ( 0.8660254037844441477, -0.4999999999999902855, 0.000000000000000000 ) ) ;
#620 = ADVANCED_FACE ( 'NONE', ( #5560 ), #7839, .T. ) ;
#621 = EDGE_CURVE ( 'NONE', #2170, #4354, #5773, .T. ) ;
#622 = ORIENTED_EDGE ( 'NONE', *, *, #3889, .F. ) ;
#623 = CARTESIAN_POINT ( 'NONE',  ( 737.7171319365510271, 885.1583281342055898, 1203.168790366416943 ) ) ;
#624 = B_SPLINE_CURVE_WITH_KNOTS ( 'NONE', 3,
 ( #7379, #6564, #6665, #9030, #5835, #6713, #7478, #5078, #1860, #1810 ),
 .UNSPECIFIED., .F., .F.,
 ( 4, 3, 3, 4 ),
 ( 0.000000000000000000, 0.0001770953904238839211, 0.0003541907790580275570, 0.0006813326750120545948 ),
 .UNSPECIFIED. ) ;
#625 = CARTESIAN_POINT ( 'NONE',  ( 741.9714955014906081, 884.9301981260391585, 1210.787016744040102 ) ) ;
#626 = CARTESIAN_POINT ( 'NONE',  ( 713.4892013493174545, 899.9178903707896779, 1202.207945087187227 ) ) ;
#627 = DIRECTION ( 'NONE',  ( -0.2775052013272040763, 0.9547772477164281346, -0.1067298949657044943 ) ) ;
#628 = CARTESIAN_POINT ( 'NONE',  ( 718.5593564028431501, 898.4472029369479742, 1196.171712893094082 ) ) ;
#629 = B_SPLINE_SURFACE_WITH_KNOTS ( 'NONE', 3, 1, ( 
 ( #9605, #948 ),
 ( #1572, #5692 ),
 ( #8679, #9459 ),
 ( #2333, #8054 ),
 ( #122, #1002 ),
 ( #4775, #2532 ) ),
 .UNSPECIFIED., .F., .F., .F.,
 ( 4, 1, 1, 4 ),
 ( 2, 2 ),
 ( 0.000000000000000000, 0.3395620866332510479, 0.7109345430498769103, 1.000000000000000000 ),
 ( 0.000000000000000000, 1.000000000000000000 ),
 .UNSPECIFIED. ) ;
#630 = EDGE_LOOP ( 'NONE', ( #9009, #6909 ) ) ;
#631 = CARTESIAN_POINT ( 'NONE',  ( 711.1058722405725803, 901.1361370239557118, 1217.643274098273423 ) ) ;
#632 = DIRECTION ( 'NONE',  ( 0.5000000000000009992, 0.8660254037844381525, -5.726519994466740890E-15 ) ) ;
#633 = DIRECTION ( 'NONE',  ( 0.8265984477949739340, 0.3173227086824816356, -0.4648024361568607321 ) ) ;
#634 = VERTEX_POINT ( 'NONE', #7195 ) ;
#635 = DIRECTION ( 'NONE',  ( -0.2764265589189280337, 0.9541544932316530225, 0.1147935563090885513 ) ) ;
#636 = ORIENTED_EDGE ( 'NONE', *, *, #2489, .T. ) ;
#637 = VERTEX_POINT ( 'NONE', #1637 ) ;
#638 = EDGE_CURVE ( 'NONE', #199, #7472, #3911, .T. ) ;
#639 = ORIENTED_EDGE ( 'NONE', *, *, #4492, .T. ) ;
#640 = CARTESIAN_POINT ( 'NONE',  ( 710.0272369792356812, 903.3732243829258550, 1212.128928012508368 ) ) ;
#641 = B_SPLINE_CURVE_WITH_KNOTS ( 'NONE', 3,
 ( #9664, #3317, #8941, #1877 ),
 .UNSPECIFIED., .F., .F.,
 ( 4, 4 ),
 ( 5.438959822042072914E-16, 0.001453450272863220961 ),
 .UNSPECIFIED. ) ;
#642 = B_SPLINE_CURVE_WITH_KNOTS ( 'NONE', 1,
 ( #2900, #478 ),
 .UNSPECIFIED., .F., .F.,
 ( 2, 2 ),
 ( 0.000000000000000000, 0.002900000000001597047 ),
 .UNSPECIFIED. ) ;
#643 = CARTESIAN_POINT ( 'NONE',  ( 717.9777969363441343, 898.7829664514810020, 1196.031980134859396 ) ) ;
#644 = CARTESIAN_POINT ( 'NONE',  ( 717.1800848525040237, 879.2510169669742481, 1212.380460436409521 ) ) ;
#645 = DIRECTION ( 'NONE',  ( -0.4999999999999988343, -0.8660254037844394848, 2.975261781898571487E-15 ) ) ;
#646 = ORIENTED_EDGE ( 'NONE', *, *, #3071, .T. ) ;
#647 = EDGE_LOOP ( 'NONE', ( #5830, #9148, #8826 ) ) ;
#648 = CARTESIAN_POINT ( 'NONE',  ( 725.3236735400701036, 893.3561263297817732, 1212.380460436409521 ) ) ;
#649 = ADVANCED_FACE ( 'NONE', ( #6379 ), #9813, .T. ) ;
#650 = CARTESIAN_POINT ( 'NONE',  ( 717.1800848525040237, 879.2510169669742481, 1212.380460436409521 ) ) ;
#651 = CARTESIAN_POINT ( 'NONE',  ( 726.9694412043194234, 892.1350702617638717, 1229.184984195439029 ) ) ;
#652 = CARTESIAN_POINT ( 'NONE',  ( 714.1641811639022990, 900.9847585442860236, 1198.197628856821211 ) ) ;
#653 = CARTESIAN_POINT ( 'NONE',  ( 710.2779558097204244, 903.2284717986545957, 1209.130257901211962 ) ) ;
#654 = CARTESIAN_POINT ( 'NONE',  ( 730.0889530928637896, 891.7905871843166778, 1194.795548345231964 ) ) ;
#655 = EDGE_CURVE ( 'NONE', #9537, #1017, #7766, .T. ) ;
#656 = CARTESIAN_POINT ( 'NONE',  ( 734.6136628162348643, 889.1782448075235834, 1197.194022451781848 ) ) ;
#657 = ORIENTED_EDGE ( 'NONE', *, *, #5172, .F. ) ;
#658 = CARTESIAN_POINT ( 'NONE',  ( 731.6240488125132515, 889.4477313062006942, 1197.161351800889406 ) ) ;
#659 = CARTESIAN_POINT ( 'NONE',  ( 713.1991689914004837, 901.5419085818513167, 1201.408581300675223 ) ) ;
#660 = CARTESIAN_POINT ( 'NONE',  ( 723.9220134004224292, 894.2495111500737721, 1192.030467950362663 ) ) ;
#661 = CARTESIAN_POINT ( 'NONE',  ( 709.0077772796001909, 900.9822472899713830, 1211.251126636735080 ) ) ;
#662 = CARTESIAN_POINT ( 'NONE',  ( 732.5238520274127723, 887.4052436126363546, 1196.940713638179432 ) ) ;
#663 = CARTESIAN_POINT ( 'NONE',  ( 710.2379376472183594, 903.2515762955478067, 1217.399020737947467 ) ) ;
#664 = EDGE_CURVE ( 'NONE', #9606, #7674, #885, .T. ) ;
#665 = DIRECTION ( 'NONE',  ( 0.4999999999999988343, 0.8660254037844394848, -2.975261781898571487E-15 ) ) ;
#666 = ORIENTED_EDGE ( 'NONE', *, *, #7387, .T. ) ;
#667 = DIRECTION ( 'NONE',  ( 0.5845683251975072325, -0.3375006799125115364, -0.7378164841167307308 ) ) ;
#668 = CARTESIAN_POINT ( 'NONE',  ( 714.5000197526874217, 899.3343967794568243, 1223.943392332824260 ) ) ;
#669 = ORIENTED_EDGE ( 'NONE', *, *, #3207, .F. ) ;
#670 = CARTESIAN_POINT ( 'NONE',  ( 734.6080373063917932, 887.7249247460015340, 1225.368212592620466 ) ) ;
#671 = B_SPLINE_CURVE_WITH_KNOTS ( 'NONE', 1,
 ( #490, #6835 ),
 .UNSPECIFIED., .F., .F.,
 ( 2, 2 ),
 ( 0.000000000000000000, 0.002900000000002736760 ),
 .UNSPECIFIED. ) ;
#672 = CARTESIAN_POINT ( 'NONE',  ( 725.3469979529907050, 894.5283562608075272, 1194.131742523349430 ) ) ;
#673 = CARTESIAN_POINT ( 'NONE',  ( 708.9366682778645554, 902.8171682291294928, 1220.131424291031408 ) ) ;
#674 = CIRCLE ( 'NONE', #3300, 20.44804870789273821 ) ;
#675 = CARTESIAN_POINT ( 'NONE',  ( 711.6281445235418914, 902.4489399812729289, 1204.371340743530709 ) ) ;
#676 = DIRECTION ( 'NONE',  ( -0.4999999999999988343, -0.8660254037844394848, 2.975261781898571487E-15 ) ) ;
#677 = VERTEX_POINT ( 'NONE', #4644 ) ;
#678 = EDGE_CURVE ( 'NONE', #2259, #8212, #9119, .T. ) ;
#679 = CARTESIAN_POINT ( 'NONE',  ( 717.1800848525040237, 879.2510169669742481, 1212.380460436409521 ) ) ;
#680 = DIRECTION ( 'NONE',  ( -0.5000000000000004441, -0.8660254037844383745, 9.910297435075217688E-15 ) ) ;
#681 = EDGE_CURVE ( 'NONE', #7288, #685, #4082, .T. ) ;
#682 = ORIENTED_EDGE ( 'NONE', *, *, #5117, .F. ) ;
#683 = CARTESIAN_POINT ( 'NONE',  ( 738.6226596948849874, 885.4070814293100966, 1219.202571569926249 ) ) ;
#684 = CONICAL_SURFACE ( 'NONE', #8742, 18.17967805303275597, 0.8981840042400328628 ) ;
#685 = VERTEX_POINT ( 'NONE', #4323 ) ;
#686 = ORIENTED_EDGE ( 'NONE', *, *, #9114, .T. ) ;
#687 = CARTESIAN_POINT ( 'NONE',  ( 780.5717232886125885, 871.8434747564627969, 1212.380460436409294 ) ) ;
#688 = APPROVAL_PERSON_ORGANIZATION ( #8434, #9530, #6068 ) ;
#689 = VERTEX_POINT ( 'NONE', #2608 ) ;
#690 = DIRECTION ( 'NONE',  ( -0.8660254037844380415, 0.5000000000000008882, 0.000000000000000000 ) ) ;
#691 = ADVANCED_FACE ( 'NONE', ( #7457 ), #4272, .T. ) ;
#692 = DIRECTION ( 'NONE',  ( 0.5845683251975051231, -0.3375006799125179757, -0.7378164841167293986 ) ) ;
#693 = CARTESIAN_POINT ( 'NONE',  ( 735.5475258493152069, 889.4306641803558477, 1196.783882956565549 ) ) ;
#694 = ORIENTED_EDGE ( 'NONE', *, *, #8309, .F. ) ;
#695 = B_SPLINE_CURVE_WITH_KNOTS ( 'NONE', 3,
 ( #5369, #6178, #459, #3810 ),
 .UNSPECIFIED., .F., .F.,
 ( 4, 4 ),
 ( 1.005213304785257253E-05, 0.001341057332774132785 ),
 .UNSPECIFIED. ) ;
#696 = ORIENTED_EDGE ( 'NONE', *, *, #336, .T. ) ;
#697 = AXIS2_PLACEMENT_3D ( 'NONE', #8524, #4514, #2278 ) ;
#698 = CARTESIAN_POINT ( 'NONE',  ( 739.0994408838968184, 886.6222534164974149, 1224.554065483057457 ) ) ;
#699 = CARTESIAN_POINT ( 'NONE',  ( 741.6679874778607200, 885.1054285651830469, 1219.357021155924258 ) ) ;
#700 = CARTESIAN_POINT ( 'NONE',  ( 725.3236735400701036, 893.3561263297817732, 1212.380460436409521 ) ) ;
#701 = ORIENTED_EDGE ( 'NONE', *, *, #3252, .T. ) ;
#702 = CARTESIAN_POINT ( 'NONE',  ( 724.4202779218370551, 891.7913992196671416, 1212.380460436409521 ) ) ;
#703 = EDGE_CURVE ( 'NONE', #9630, #3511, #4452, .T. ) ;
#704 = CARTESIAN_POINT ( 'NONE',  ( 730.5079059094376817, 891.5487046628900316, 1194.937704488548661 ) ) ;
#705 = CARTESIAN_POINT ( 'NONE',  ( 717.1800848525040237, 879.2510169669742481, 1212.380460436409521 ) ) ;
#706 = ORIENTED_EDGE ( 'NONE', *, *, #7543, .T. ) ;
#707 = ORIENTED_EDGE ( 'NONE', *, *, #3183, .F. ) ;
#708 = CARTESIAN_POINT ( 'NONE',  ( 727.5465572979970830, 894.0500255272376080, 1231.295188293693400 ) ) ;
#709 = EDGE_LOOP ( 'NONE', ( #5249, #2002, #682, #1205, #3005 ) ) ;
#710 = CARTESIAN_POINT ( 'NONE',  ( 729.5415896932689748, 892.1066075904176387, 1230.129845204415687 ) ) ;
#711 = VECTOR ( 'NONE', #8337, 999.9999999999998863 ) ;
#712 = B_SPLINE_SURFACE_WITH_KNOTS ( 'NONE', 3, 1, ( 
 ( #1882, #5706 ),
 ( #7498, #392 ),
 ( #9774, #5805 ),
 ( #8117, #6530 ),
 ( #8946, #4314 ),
 ( #8997, #3590 ) ),
 .UNSPECIFIED., .F., .F., .F.,
 ( 4, 1, 1, 4 ),
 ( 2, 2 ),
 ( 0.000000000000000000, 0.3395620866332510479, 0.7109345430498769103, 1.000000000000000000 ),
 ( 0.000000000000000000, 1.000000000000000000 ),
 .UNSPECIFIED. ) ;
#713 = CARTESIAN_POINT ( 'NONE',  ( 736.7683254275736999, 887.5318349088742025, 1197.207658908132316 ) ) ;
#714 = B_SPLINE_CURVE_WITH_KNOTS ( 'NONE', 3,
 ( #2773, #3607, #6799, #9994 ),
 .UNSPECIFIED., .F., .F.,
 ( 4, 4 ),
 ( 1.616509124176106050E-15, 0.001453450272823012890 ),
 .UNSPECIFIED. ) ;
#715 = CARTESIAN_POINT ( 'NONE',  ( 729.8257486393080171, 888.6705492457704167, 1229.455057821902528 ) ) ;
#716 = FACE_OUTER_BOUND ( 'NONE', #9420, .T. ) ;
#717 = CARTESIAN_POINT ( 'NONE',  ( 710.4505152989926273, 902.7264296710692406, 1221.659625960694939 ) ) ;
#718 = ORIENTED_EDGE ( 'NONE', *, *, #8680, .T. ) ;
#719 = CONICAL_SURFACE ( 'NONE', #5011, 20.44804870789273821, 0.7096869864122512528 ) ;
#720 = CARTESIAN_POINT ( 'NONE',  ( 727.9066135001585280, 889.7785624350298121, 1194.652103309309041 ) ) ;
#721 = CARTESIAN_POINT ( 'NONE',  ( 718.2757444291349884, 897.1543784351696331, 1227.296610210559265 ) ) ;
#722 = ORIENTED_EDGE ( 'NONE', *, *, #6287, .T. ) ;
#723 = LINE ( 'NONE', #2263, #2995 ) ;
#724 = DIRECTION ( 'NONE',  ( -0.1062603910700225945, 0.8559090104171236391, 0.5060913901425573291 ) ) ;
#725 = EDGE_CURVE ( 'NONE', #4336, #4423, #2501, .T. ) ;
#726 = CARTESIAN_POINT ( 'NONE',  ( 742.5883606548333091, 885.3631219697231245, 1211.292265975195505 ) ) ;
#727 = AXIS2_PLACEMENT_3D ( 'NONE', #8676, #2430, #2330 ) ;
#728 = CARTESIAN_POINT ( 'NONE',  ( 718.1471973958119861, 898.0266452466736382, 1194.215946107701711 ) ) ;
#729 = CARTESIAN_POINT ( 'NONE',  ( 730.2094112812469575, 888.4490415162320005, 1195.474388330756710 ) ) ;
#730 = ORIENTED_EDGE ( 'NONE', *, *, #10110, .F. ) ;
#731 = DIRECTION ( 'NONE',  ( -0.5000000000000009992, -0.8660254037844382635, -0.000000000000000000 ) ) ;
#732 = CARTESIAN_POINT ( 'NONE',  ( 741.3391256358565897, 885.2952970381902560, 1208.785867455616881 ) ) ;
#733 = CARTESIAN_POINT ( 'NONE',  ( 717.1800848525040237, 879.2510169669742481, 1212.380460436409521 ) ) ;
#734 = ORIENTED_EDGE ( 'NONE', *, *, #7780, .T. ) ;
#735 = VERTEX_POINT ( 'NONE', #7303 ) ;
#736 = EDGE_LOOP ( 'NONE', ( #1488, #686, #7247, #9968 ) ) ;
#737 = CARTESIAN_POINT ( 'NONE',  ( 725.3236735400701036, 893.3561263297817732, 1212.380460436409521 ) ) ;
#738 = EDGE_CURVE ( 'NONE', #1418, #1852, #266, .T. ) ;
#739 = EDGE_CURVE ( 'NONE', #1699, #579, #5925, .T. ) ;
#740 = CARTESIAN_POINT ( 'NONE',  ( 725.4553316353103583, 894.0633949201599080, 1232.244970772328998 ) ) ;
#741 = CONICAL_SURFACE ( 'NONE', #4045, 18.17967805303275597, 0.8981840042400328628 ) ;
#742 = CARTESIAN_POINT ( 'NONE',  ( 738.1522928124654754, 885.9495195395356859, 1226.476254113215191 ) ) ;
#743 = CARTESIAN_POINT ( 'NONE',  ( 714.8111278606777432, 891.0107820325116563, 1217.591631339910691 ) ) ;
#744 = B_SPLINE_CURVE_WITH_KNOTS ( 'NONE', 3,
 ( #1202, #5935, #1912, #319 ),
 .UNSPECIFIED., .F., .F.,
 ( 4, 4 ),
 ( 0.0009352727177710772879, 0.002387895279818572081 ),
 .UNSPECIFIED. ) ;
#745 = VERTEX_POINT ( 'NONE', #8179 ) ;
#746 = B_SPLINE_CURVE_WITH_KNOTS ( 'NONE', 3,
 ( #670, #4945, #5425, #1550, #6426, #3816, #6186, #7832, #8558, #2306 ),
 .UNSPECIFIED., .F., .F.,
 ( 4, 3, 3, 4 ),
 ( 0.000000000000000000, 0.0001770958401171909000, 0.0003541916793410754835, 0.0006316937728062223473 ),
 .UNSPECIFIED. ) ;
#747 = ORIENTED_EDGE ( 'NONE', *, *, #2352, .F. ) ;
#748 = CARTESIAN_POINT ( 'NONE',  ( 738.3481771517513153, 887.0221219506206580, 1201.216434836642520 ) ) ;
#749 = CARTESIAN_POINT ( 'NONE',  ( 715.8593797830121730, 898.9044748394633189, 1229.600447493942056 ) ) ;
#750 = EDGE_CURVE ( 'NONE', #3662, #4024, #2662, .T. ) ;
#751 = CONICAL_SURFACE ( 'NONE', #9142, 18.17967805303275597, 0.8981840042400328628 ) ;
#752 = CARTESIAN_POINT ( 'NONE',  ( 717.8987314418965298, 895.5566158353793753, 1195.833760781823457 ) ) ;
#753 = CARTESIAN_POINT ( 'NONE',  ( 741.9930574871572162, 884.9177493078101406, 1213.649608581496977 ) ) ;
#754 = CARTESIAN_POINT ( 'NONE',  ( 728.1831968128146855, 883.2904144233729085, 1206.577432848213448 ) ) ;
#755 = CARTESIAN_POINT ( 'NONE',  ( 725.8370950929727314, 894.2453985451099925, 1212.380460436409521 ) ) ;
#756 = ORIENTED_EDGE ( 'NONE', *, *, #8711, .F. ) ;
#757 = VERTEX_POINT ( 'NONE', #8903 ) ;
#758 = CARTESIAN_POINT ( 'NONE',  ( 780.5717232886125885, 869.8434747564627969, 1201.196694252335647 ) ) ;
#759 = ORIENTED_EDGE ( 'NONE', *, *, #9064, .F. ) ;
#760 = CARTESIAN_POINT ( 'NONE',  ( 736.5355274422854563, 888.0686557483273873, 1227.553462713431600 ) ) ;
#761 = CARTESIAN_POINT ( 'NONE',  ( 714.8621397729092450, 899.1253043805113521, 1200.386189553129270 ) ) ;
#762 = B_SPLINE_CURVE_WITH_KNOTS ( 'NONE', 3,
 ( #8281, #5963, #546, #1439 ),
 .UNSPECIFIED., .F., .F.,
 ( 4, 4 ),
 ( 1.624116267953978144E-15, 0.001453450272822975594 ),
 .UNSPECIFIED. ) ;
#763 = ADVANCED_FACE ( 'NONE', ( #6541 ), #8992, .T. ) ;
#764 = ORIENTED_EDGE ( 'NONE', *, *, #9610, .T. ) ;
#765 = AXIS2_PLACEMENT_3D ( 'NONE', #5514, #8743, #5605 ) ;
#766 = B_SPLINE_CURVE_WITH_KNOTS ( 'NONE', 3,
 ( #4550, #10056, #2160, #8251, #2783, #7575, #4444, #513 ),
 .UNSPECIFIED., .F., .F.,
 ( 4, 2, 2, 4 ),
 ( 0.000000000000000000, 0.0005319171944509882123, 0.001063834388901976425, 0.002127668777804104204 ),
 .UNSPECIFIED. ) ;
#767 = DIRECTION ( 'NONE',  ( -0.5000000000000008882, -0.8660254037844380415, -0.000000000000000000 ) ) ;
#768 = AXIS2_PLACEMENT_3D ( 'NONE', #7245, #6482, #2552 ) ;
#769 = CARTESIAN_POINT ( 'NONE',  ( 746.2425381565836915, 883.6190110377791598, 1212.380460436409294 ) ) ;
#770 = CARTESIAN_POINT ( 'NONE',  ( 719.2652952411044680, 895.9637662080024256, 1228.451386233968606 ) ) ;
#771 = DIRECTION ( 'NONE',  ( 0.4999999999999988343, 0.8660254037844394848, -2.975261781898571487E-15 ) ) ;
#772 = EDGE_LOOP ( 'NONE', ( #1377, #8567, #7275, #2080 ) ) ;
#773 = CARTESIAN_POINT ( 'NONE',  ( 717.1800848525040237, 879.2510169669742481, 1212.380460436409521 ) ) ;
#774 = CARTESIAN_POINT ( 'NONE',  ( 725.3236735400701036, 893.3561263297817732, 1212.380460436409521 ) ) ;
#775 = DIRECTION ( 'NONE',  ( -0.4999999999999988343, -0.8660254037844394848, 2.975261781898571487E-15 ) ) ;
#776 = ORIENTED_EDGE ( 'NONE', *, *, #6330, .T. ) ;
#777 = ADVANCED_FACE ( 'NONE', ( #4168 ), #8834, .F. ) ;
#778 = CARTESIAN_POINT ( 'NONE',  ( 717.1800848525040237, 879.2510169669742481, 1212.380460436409521 ) ) ;
#779 = DIRECTION ( 'NONE',  ( -0.4999999999999988343, -0.8660254037844394848, 2.975261781898571487E-15 ) ) ;
#780 = CARTESIAN_POINT ( 'NONE',  ( 717.1800848525040237, 879.2510169669742481, 1212.380460436409521 ) ) ;
#781 = CARTESIAN_POINT ( 'NONE',  ( 731.0055045809302783, 889.4922996113394902, 1196.666532587750908 ) ) ;
#782 = CARTESIAN_POINT ( 'NONE',  ( 717.1800848525040237, 879.2510169669742481, 1212.380460436409521 ) ) ;
#783 = CARTESIAN_POINT ( 'NONE',  ( 741.3204394948695608, 885.3060854867192120, 1208.678978974840447 ) ) ;
#784 = ADVANCED_FACE ( 'NONE', ( #1178 ), #8503, .T. ) ;
#785 = CARTESIAN_POINT ( 'NONE',  ( 717.1800848525040237, 879.2510169669742481, 1212.380460436409521 ) ) ;
#786 = VECTOR ( 'NONE', #3193, 1000.000000000000227 ) ;
#787 = CARTESIAN_POINT ( 'NONE',  ( 739.7501516958237744, 885.0269952831023375, 1200.521919211228806 ) ) ;
#788 = CARTESIAN_POINT ( 'NONE',  ( 717.3358509985482669, 904.9270968033680447, 1191.396798703381592 ) ) ;
#789 = DIRECTION ( 'NONE',  ( -0.5000000000000009992, -0.8660254037844381525, 5.726519994466740890E-15 ) ) ;
#790 = EDGE_CURVE ( 'NONE', #7909, #976, #3593, .T. ) ;
#791 = CARTESIAN_POINT ( 'NONE',  ( 722.1194485186746306, 893.1197836948815620, 1230.364961342942024 ) ) ;
#792 = PERSON_AND_ORGANIZATION_ROLE ( 'design_owner' ) ;
#793 = B_SPLINE_SURFACE_WITH_KNOTS ( 'NONE', 3, 1, ( 
 ( #1376, #1323 ),
 ( #4522, #2181 ),
 ( #5351, #4573 ),
 ( #650, #6937 ),
 ( #6159, #9310 ),
 ( #2238, #7856 ) ),
 .UNSPECIFIED., .F., .F., .F.,
 ( 4, 1, 1, 4 ),
 ( 2, 2 ),
 ( 0.000000000000000000, 0.2890654569501156512, 0.6604379133667447332, 1.000000000000000000 ),
 ( 0.000000000000000000, 1.000000000000000000 ),
 .UNSPECIFIED. ) ;
#794 = ORIENTED_EDGE ( 'NONE', *, *, #829, .T. ) ;
#795 = EDGE_LOOP ( 'NONE', ( #2329, #6511, #8563, #8504, #1515, #145, #8307, #7640, #7282, #1107, #1702, #3828, #5598, #7136, #6358, #7777, #8593, #8031, #7340, #6250, #1474, #9682, #5444, #669, #5038, #6628, #2221, #5552, #2521, #7647, #8258, #2456, #1262, #6542, #756, #2402, #6578, #1961, #9121, #6372, #3414, #440, #7450, #1942, #833, #6450, #9937, #5031, #5661, #7488, #5526, #3361, #5944, #6922, #9722, #4077, #7357, #8982, #7596, #382, #2069, #6808, #3580, #4399, #9952, #9240, #6394, #6978, #1711, #337, #5752, #2732, #8962, #8945, #2584, #9785, #412, #525, #8470, #3247, #8205, #6984, #7435, #7568, #3753, #7414, #9789, #8246, #7535, #7046, #4374, #9922, #6568, #1897, #9323, #4563, #9651, #5086, #8513, #10173, #3108, #5206, #9732, #2530, #5474, #2570, #5464, #8908, #1717, #1653, #2156, #289, #3840, #4622, #3917, #10093, #8752, #8519, #747, #6895, #8603, #6050, #5493, #4991, #328, #4520, #1156, #4107, #8116, #3125, #10144, #934, #6488, #3549, #6232, #6462, #7485, #4812, #2594, #4085, #7813, #6527, #2104, #10172, #1260, #2537, #1427, #2933, #4451, #7346, #5187, #6309, #8467, #4062, #832, #1109, #718, #3053, #1669, #8630, #2359, #4820, #2601, #463 ) ) ;
#796 = LINE ( 'NONE', #2381, #1052 ) ;
#797 = CARTESIAN_POINT ( 'NONE',  ( 732.5678999025133180, 888.2835038258098166, 1227.332653408697752 ) ) ;
#798 = B_SPLINE_CURVE_WITH_KNOTS ( 'NONE', 3,
 ( #436, #2953, #531, #6828 ),
 .UNSPECIFIED., .F., .F.,
 ( 4, 4 ),
 ( 0.0009352727177708544844, 0.002387895279818241616 ),
 .UNSPECIFIED. ) ;
#799 = CARTESIAN_POINT ( 'NONE',  ( 739.2160303355872202, 886.5210666813160287, 1222.111083533925239 ) ) ;
#800 = CARTESIAN_POINT ( 'NONE',  ( 745.0766195913344063, 886.6015555120376348, 1234.086781508788363 ) ) ;
#801 = CARTESIAN_POINT ( 'NONE',  ( 743.1713637030086375, 887.7015555120373165, 1190.196798703381319 ) ) ;
#802 = EDGE_CURVE ( 'NONE', #1171, #2428, #2723, .T. ) ;
#803 = DIRECTION ( 'NONE',  ( 0.5845683251975072325, -0.3375006799125115364, -0.7378164841167307308 ) ) ;
#804 = EDGE_CURVE ( 'NONE', #5966, #9771, #1436, .T. ) ;
#805 = EDGE_LOOP ( 'NONE', ( #701, #3724 ) ) ;
#806 = CARTESIAN_POINT ( 'NONE',  ( 717.1800848525040237, 879.2510169669742481, 1212.380460436409521 ) ) ;
#807 = VERTEX_POINT ( 'NONE', #10038 ) ;
#808 = CARTESIAN_POINT ( 'NONE',  ( 715.6348385688511371, 898.0597022155913010, 1198.750199894544266 ) ) ;
#809 = CARTESIAN_POINT ( 'NONE',  ( 736.8332638192678132, 885.2149736382807532, 1223.280321432030405 ) ) ;
#810 = CARTESIAN_POINT ( 'NONE',  ( 709.9220485870611128, 901.3580921788271780, 1211.647739005125686 ) ) ;
#811 = CARTESIAN_POINT ( 'NONE',  ( 728.9384412340751851, 890.9983657222765032, 1228.750055274767647 ) ) ;
#812 = CARTESIAN_POINT ( 'NONE',  ( 739.7467657489467001, 885.1130861217941401, 1200.509837831418736 ) ) ;
#813 = CARTESIAN_POINT ( 'NONE',  ( 728.4830133869020301, 890.9485503154248818, 1229.064726659031521 ) ) ;
#814 = EDGE_CURVE ( 'NONE', #3415, #6602, #6115, .T. ) ;
#815 = ORIENTED_EDGE ( 'NONE', *, *, #4841, .T. ) ;
#816 = CARTESIAN_POINT ( 'NONE',  ( 722.7031737830142220, 892.7827697563844822, 1230.451692601063314 ) ) ;
#817 = DIRECTION ( 'NONE',  ( -0.5000000000000009992, -0.8660254037844382635, -0.000000000000000000 ) ) ;
#818 = CARTESIAN_POINT ( 'NONE',  ( 717.1800848525040237, 879.2510169669742481, 1212.380460436409521 ) ) ;
#819 = CARTESIAN_POINT ( 'NONE',  ( 725.3236735400701036, 893.3561263297817732, 1212.380460436409521 ) ) ;
#820 = VERTEX_POINT ( 'NONE', #2867 ) ;
#821 = FACE_OUTER_BOUND ( 'NONE', #6336, .T. ) ;
#822 = CARTESIAN_POINT ( 'NONE',  ( 717.1800848525040237, 879.2510169669742481, 1212.380460436409521 ) ) ;
#823 = CARTESIAN_POINT ( 'NONE',  ( 711.8968179180299103, 902.2938213246411578, 1203.764781143287792 ) ) ;
#824 = DIRECTION ( 'NONE',  ( -0.2175146161092099961, 0.9201416671919802059, 0.3256174197981828722 ) ) ;
#825 = ORIENTED_EDGE ( 'NONE', *, *, #1801, .T. ) ;
#826 = AXIS2_PLACEMENT_3D ( 'NONE', #10059, #2990, #9038 ) ;
#827 = FACE_OUTER_BOUND ( 'NONE', #3830, .T. ) ;
#828 = CARTESIAN_POINT ( 'NONE',  ( 710.0116735412127582, 900.1102108374354884, 1205.053101622780105 ) ) ;
#829 = EDGE_CURVE ( 'NONE', #6852, #2745, #2230, .T. ) ;
#830 = VERTEX_POINT ( 'NONE', #3748 ) ;
#831 = CARTESIAN_POINT ( 'NONE',  ( 732.4809067170259596, 890.4095921155176256, 1194.381155990187608 ) ) ;
#832 = ORIENTED_EDGE ( 'NONE', *, *, #4432, .F. ) ;
#833 = ORIENTED_EDGE ( 'NONE', *, *, #8637, .T. ) ;
#834 = CARTESIAN_POINT ( 'NONE',  ( 740.2392474849571045, 885.9303119846877053, 1202.071922888352674 ) ) ;
#835 = APPROVAL ( #4424, 'UNSPECIFIED' ) ;
#836 = CARTESIAN_POINT ( 'NONE',  ( 712.9546568741661758, 900.2265097674124945, 1221.675448657608968 ) ) ;
#837 = CARTESIAN_POINT ( 'NONE',  ( 717.1800848525040237, 879.2510169669742481, 1212.380460436409521 ) ) ;
#838 = CARTESIAN_POINT ( 'NONE',  ( 728.7934815541570970, 891.3528317388145297, 1232.432142138641666 ) ) ;
#839 = VERTEX_POINT ( 'NONE', #4421 ) ;
#840 = ORIENTED_EDGE ( 'NONE', *, *, #7879, .T. ) ;
#841 = CARTESIAN_POINT ( 'NONE',  ( 742.4917796973538771, 884.6298119055021516, 1208.776215895075438 ) ) ;
#842 = CARTESIAN_POINT ( 'NONE',  ( 712.0678320745411156, 900.7385765684246053, 1204.871744491678328 ) ) ;
#843 = CARTESIAN_POINT ( 'NONE',  ( 734.4043033965383529, 889.2991185248429247, 1229.261392290231015 ) ) ;
#844 = AXIS2_PLACEMENT_3D ( 'NONE', #5943, #5744, #1818 ) ;
#845 = EDGE_CURVE ( 'NONE', #2319, #2027, #4531, .T. ) ;
#846 = DIRECTION ( 'NONE',  ( 0.1349748724202559369, 0.7166317661029814046, 0.6842665384389750027 ) ) ;
#847 = B_SPLINE_CURVE_WITH_KNOTS ( 'NONE', 3,
 ( #2923, #8437, #5363, #6996, #6071, #3024, #4535, #1390 ),
 .UNSPECIFIED., .F., .F.,
 ( 4, 2, 2, 4 ),
 ( 0.000000000000000000, 0.0005319171944725194917, 0.001063834388945038983, 0.002127668777890397156 ),
 .UNSPECIFIED. ) ;
#848 = CARTESIAN_POINT ( 'NONE',  ( 711.3358949149599084, 902.2152555114780625, 1201.381632640901444 ) ) ;
#849 = DIRECTION ( 'NONE',  ( 0.8660254037844441477, -0.4999999999999902855, 0.000000000000000000 ) ) ;
#850 = CARTESIAN_POINT ( 'NONE',  ( 734.6922159540848725, 889.1328921322402721, 1197.254547233383391 ) ) ;
#851 = ORIENTED_EDGE ( 'NONE', *, *, #3002, .F. ) ;
#852 = CARTESIAN_POINT ( 'NONE',  ( 732.3638161060582661, 890.4771944112793562, 1195.751086457035399 ) ) ;
#853 = ORIENTED_EDGE ( 'NONE', *, *, #1252, .T. ) ;
#854 = CARTESIAN_POINT ( 'NONE',  ( 715.4742914249081878, 898.0002380911730597, 1198.702797271394502 ) ) ;
#855 = CARTESIAN_POINT ( 'NONE',  ( 722.7317856660831694, 894.7454902736346867, 1232.735510481411893 ) ) ;
#856 = EDGE_CURVE ( 'NONE', #273, #3441, #449, .T. ) ;
#857 = EDGE_CURVE ( 'NONE', #8464, #3370, #3648, .T. ) ;
#858 = CARTESIAN_POINT ( 'NONE',  ( 717.1800848525040237, 879.2510169669742481, 1212.380460436409521 ) ) ;
#859 = CARTESIAN_POINT ( 'NONE',  ( 732.6588697368341627, 887.6250611855324451, 1197.184875737850916 ) ) ;
#860 = CARTESIAN_POINT ( 'NONE',  ( 734.1391636345564393, 888.7936792338633722, 1229.837159680279456 ) ) ;
#861 = DIRECTION ( 'NONE',  ( -0.5845683251975072325, 0.3375006799125115364, 0.7378164841167307308 ) ) ;
#862 = EDGE_LOOP ( 'NONE', ( #4324, #9912, #4290, #9061, #6947 ) ) ;
#863 = CARTESIAN_POINT ( 'NONE',  ( 735.4121707058269521, 885.4452269618461742, 1225.396031296475940 ) ) ;
#864 = DIRECTION ( 'NONE',  ( -0.5845683251975072325, 0.3375006799125115364, 0.7378164841167307308 ) ) ;
#865 = CARTESIAN_POINT ( 'NONE',  ( 732.0722712493848121, 890.6455179127609654, 1230.573647131991265 ) ) ;
#866 = VECTOR ( 'NONE', #6912, 1000.000000000000000 ) ;
#867 = DIRECTION ( 'NONE',  ( 0.5845683251975080097, -0.3375006799125091494, -0.7378164841167310639 ) ) ;
#868 = ORIENTED_EDGE ( 'NONE', *, *, #7029, .T. ) ;
#869 = CARTESIAN_POINT ( 'NONE',  ( 741.3391256358565897, 885.2952970381902560, 1208.785867455616881 ) ) ;
#870 = EDGE_CURVE ( 'NONE', #7100, #4861, #3215, .T. ) ;
#871 = ORIENTED_EDGE ( 'NONE', *, *, #8601, .F. ) ;
#872 = CARTESIAN_POINT ( 'NONE',  ( 735.8257754129784871, 885.2064321728381628, 1224.912560423469131 ) ) ;
#873 = CARTESIAN_POINT ( 'NONE',  ( 718.6512311181730865, 898.9384645293935137, 1195.237609030120211 ) ) ;
#874 = DIRECTION ( 'NONE',  ( -0.4999999999999988343, -0.8660254037844394848, 2.975261781898571487E-15 ) ) ;
#875 = VECTOR ( 'NONE', #9492, 1000.000000000000227 ) ;
#876 = B_SPLINE_SURFACE_WITH_KNOTS ( 'NONE', 3, 1, ( 
 ( #4063, #46 ),
 ( #1596, #7878 ),
 ( #6334, #8803 ),
 ( #818, #918 ) ),
 .UNSPECIFIED., .F., .F., .F.,
 ( 4, 4 ),
 ( 2, 2 ),
 ( 0.000000000000000000, 1.000000000000000000 ),
 ( 0.000000000000000000, 1.000000000000000000 ),
 .UNSPECIFIED. ) ;
#877 = CARTESIAN_POINT ( 'NONE',  ( 735.4894095194298416, 887.8740454208817710, 1228.908777612266704 ) ) ;
#878 = DIRECTION ( 'NONE',  ( 0.5000000000000004441, 0.8660254037844383745, -9.910297435075217688E-15 ) ) ;
#879 = ORIENTED_EDGE ( 'NONE', *, *, #159, .F. ) ;
#880 = ORIENTED_EDGE ( 'NONE', *, *, #6728, .F. ) ;
#881 = CARTESIAN_POINT ( 'NONE',  ( 714.5868739019804252, 899.2841488270278205, 1200.711217500494968 ) ) ;
#882 = ORIENTED_EDGE ( 'NONE', *, *, #4326, .T. ) ;
#883 = CIRCLE ( 'NONE', #7954, 19.56600634797364435 ) ;
#884 = CARTESIAN_POINT ( 'NONE',  ( 740.1239062509229143, 884.8112079901050038, 1201.152808044508674 ) ) ;
#885 = B_SPLINE_CURVE_WITH_KNOTS ( 'NONE', 3,
 ( #9426, #3955, #2299, #8602 ),
 .UNSPECIFIED., .F., .F.,
 ( 4, 4 ),
 ( 1.005213304235769362E-05, 0.001341057332774295632 ),
 .UNSPECIFIED. ) ;
#886 = EDGE_CURVE ( 'NONE', #3781, #274, #762, .T. ) ;
#887 = EDGE_LOOP ( 'NONE', ( #9882, #6395, #8269, #6668, #9759 ) ) ;
#888 = CARTESIAN_POINT ( 'NONE',  ( 714.4894459040644961, 900.7969668589955745, 1199.666635715393795 ) ) ;
#889 = CARTESIAN_POINT ( 'NONE',  ( 738.0088857446497741, 886.1164516100942592, 1198.113103181322913 ) ) ;
#890 = CARTESIAN_POINT ( 'NONE',  ( 742.3060487463958452, 884.3346288600369007, 1207.347782287173231 ) ) ;
#891 = VERTEX_POINT ( 'NONE', #3695 ) ;
#892 = ORIENTED_EDGE ( 'NONE', *, *, #6663, .F. ) ;
#893 = CARTESIAN_POINT ( 'NONE',  ( 731.7307816276475023, 890.1841592338637383, 1231.146193257071900 ) ) ;
#894 = CARTESIAN_POINT ( 'NONE',  ( 712.2101450016516537, 900.6564342755865482, 1204.549080524001283 ) ) ;
#895 = CARTESIAN_POINT ( 'NONE',  ( 737.9796317907079128, 885.1589298339447396, 1221.006806245585267 ) ) ;
#896 = ORIENTED_EDGE ( 'NONE', *, *, #5203, .T. ) ;
#897 = CARTESIAN_POINT ( 'NONE',  ( 738.1522928124654754, 885.9495195395356859, 1226.476254113215191 ) ) ;
#898 = CARTESIAN_POINT ( 'NONE',  ( 717.1800848525040237, 879.2510169669742481, 1212.380460436409521 ) ) ;
#899 = FACE_OUTER_BOUND ( 'NONE', #9085, .T. ) ;
#900 = VERTEX_POINT ( 'NONE', #6737 ) ;
#901 = DIRECTION ( 'NONE',  ( -0.5000000000000009992, -0.8660254037844382635, -0.000000000000000000 ) ) ;
#902 = VERTEX_POINT ( 'NONE', #9106 ) ;
#903 = CARTESIAN_POINT ( 'NONE',  ( 725.3236735400701036, 893.3561263297817732, 1212.380460436409521 ) ) ;
#904 = B_SPLINE_CURVE_WITH_KNOTS ( 'NONE', 3,
 ( #2878, #6024, #2101, #556 ),
 .UNSPECIFIED., .F., .F.,
 ( 4, 4 ),
 ( 1.546361736124892606E-15, 0.001453450272831167175 ),
 .UNSPECIFIED. ) ;
#905 = EDGE_CURVE ( 'NONE', #4951, #9301, #9609, .T. ) ;
#906 = VERTEX_POINT ( 'NONE', #4371 ) ;
#907 = DIRECTION ( 'NONE',  ( -0.4999999999999988343, -0.8660254037844394848, 2.975261781898571487E-15 ) ) ;
#908 = CONICAL_SURFACE ( 'NONE', #7487, 20.44804870789273821, 0.7096869864122512528 ) ;
#909 = CARTESIAN_POINT ( 'NONE',  ( 732.7808969866262032, 888.7798247014654862, 1226.873176874970113 ) ) ;
#910 = CARTESIAN_POINT ( 'NONE',  ( 720.8607343270693946, 885.6260888617734963, 1212.380460436409294 ) ) ;
#911 = CARTESIAN_POINT ( 'NONE',  ( 709.0825135219835147, 900.9391067088829459, 1210.291325114294523 ) ) ;
#912 = CARTESIAN_POINT ( 'NONE',  ( 733.3359662744592242, 887.6877953085838726, 1226.848693235598603 ) ) ;
#913 = CARTESIAN_POINT ( 'NONE',  ( 710.3846620058494636, 901.5525279471158910, 1212.509234427309138 ) ) ;
#914 = VERTEX_POINT ( 'NONE', #6067 ) ;
#915 = CARTESIAN_POINT ( 'NONE',  ( 723.7289700093292595, 893.3866623789913319, 1229.678852776083886 ) ) ;
#916 = CARTESIAN_POINT ( 'NONE',  ( 714.9713095402975114, 899.0621948077592833, 1200.261842939575445 ) ) ;
#917 = EDGE_CURVE ( 'NONE', #2005, #561, #3098, .T. ) ;
#918 = CARTESIAN_POINT ( 'NONE',  ( 722.5404894033455321, 896.9402801737961681, 1230.889846312124519 ) ) ;
#919 = EDGE_CURVE ( 'NONE', #274, #9260, #394, .T. ) ;
#920 = ORIENTED_EDGE ( 'NONE', *, *, #10190, .F. ) ;
#921 = CARTESIAN_POINT ( 'NONE',  ( 714.8775508905193874, 900.1704794806122436, 1196.902752391461718 ) ) ;
#922 = ORIENTED_EDGE ( 'NONE', *, *, #420, .F. ) ;
#923 = CONICAL_SURFACE ( 'NONE', #2237, 18.17967805303275597, 0.8981840042400328628 ) ;
#924 = EDGE_LOOP ( 'NONE', ( #2169, #9435, #1742, #9493 ) ) ;
#925 = CARTESIAN_POINT ( 'NONE',  ( 733.2856100194856026, 888.7593001601230753, 1230.645165542820450 ) ) ;
#926 = CARTESIAN_POINT ( 'NONE',  ( 717.1800848525040237, 879.2510169669742481, 1212.380460436409521 ) ) ;
#927 = CARTESIAN_POINT ( 'NONE',  ( 738.6806678354115547, 886.8301583649064241, 1200.992407465436827 ) ) ;
#928 = DIRECTION ( 'NONE',  ( 0.4999999999999988343, 0.8660254037844394848, -2.975261781898571487E-15 ) ) ;
#929 = AXIS2_PLACEMENT_3D ( 'NONE', #6640, #7246, #300 ) ;
#930 = ORIENTED_EDGE ( 'NONE', *, *, #9261, .T. ) ;
#931 = EDGE_CURVE ( 'NONE', #2930, #8885, #5226, .T. ) ;
#932 = CARTESIAN_POINT ( 'NONE',  ( 730.6682402755347994, 891.4561355734635981, 1194.533585458136258 ) ) ;
#933 = ADVANCED_FACE ( 'NONE', ( #6369 ), #1270, .T. ) ;
#934 = ORIENTED_EDGE ( 'NONE', *, *, #9229, .F. ) ;
#935 = MANIFOLD_SOLID_BREP ( 'Imported4', #7669 ) ;
#936 = CARTESIAN_POINT ( 'NONE',  ( 717.1800848525040237, 879.2510169669742481, 1212.380460436409521 ) ) ;
#937 = CARTESIAN_POINT ( 'NONE',  ( 740.6822498365183947, 885.6745444577622948, 1206.095541384598846 ) ) ;
#938 = ORIENTED_EDGE ( 'NONE', *, *, #8745, .F. ) ;
#939 = CARTESIAN_POINT ( 'NONE',  ( 742.2368682901483226, 883.5912887879704840, 1218.439708499365906 ) ) ;
#940 = CARTESIAN_POINT ( 'NONE',  ( 734.3571345916451492, 886.0543523464556301, 1198.279188621063440 ) ) ;
#941 = CARTESIAN_POINT ( 'NONE',  ( 717.1800848525040237, 879.2510169669742481, 1212.380460436409521 ) ) ;
#942 = EDGE_CURVE ( 'NONE', #5766, #9555, #5481, .T. ) ;
#943 = ORIENTED_EDGE ( 'NONE', *, *, #8347, .T. ) ;
#944 = VERTEX_POINT ( 'NONE', #3990 ) ;
#945 = CARTESIAN_POINT ( 'NONE',  ( 717.1800848525040237, 879.2510169669742481, 1212.380460436409521 ) ) ;
#946 = CARTESIAN_POINT ( 'NONE',  ( 727.1517386144275861, 893.4863887541098393, 1230.574799753430170 ) ) ;
#947 = CARTESIAN_POINT ( 'NONE',  ( 725.8370950929726177, 894.2453985451101062, 1212.380460436409521 ) ) ;
#948 = CARTESIAN_POINT ( 'NONE',  ( 738.5234599498962780, 887.7125078262951092, 1224.914607680425206 ) ) ;
#949 = ORIENTED_EDGE ( 'NONE', *, *, #3762, .T. ) ;
#950 = CARTESIAN_POINT ( 'NONE',  ( 725.3236735400701036, 893.3561263297817732, 1212.380460436409521 ) ) ;
#951 = CARTESIAN_POINT ( 'NONE',  ( 741.3391256358565897, 885.2952970381902560, 1208.785867455616881 ) ) ;
#952 = CARTESIAN_POINT ( 'NONE',  ( 715.6482628175065202, 898.3586970116498378, 1225.628226430815857 ) ) ;
#953 = ORIENTED_EDGE ( 'NONE', *, *, #2285, .T. ) ;
#954 = CARTESIAN_POINT ( 'NONE',  ( 722.7693999458912231, 895.2179463722591208, 1232.295027474007838 ) ) ;
#955 = EDGE_CURVE ( 'NONE', #1779, #1746, #10194, .T. ) ;
#956 = ORIENTED_EDGE ( 'NONE', *, *, #6287, .F. ) ;
#957 = CARTESIAN_POINT ( 'NONE',  ( 717.1800848525040237, 879.2510169669742481, 1212.380460436409521 ) ) ;
#958 = EDGE_LOOP ( 'NONE', ( #221, #4604, #9527, #5636 ) ) ;
#959 = CARTESIAN_POINT ( 'NONE',  ( 743.6321332184672883, 890.8996317233910531, 1234.086781508788363 ) ) ;
#960 = CARTESIAN_POINT ( 'NONE',  ( 710.7968288973556810, 901.4723323306888005, 1209.267659001849324 ) ) ;
#961 = FACE_OUTER_BOUND ( 'NONE', #8936, .T. ) ;
#962 = B_SPLINE_SURFACE_WITH_KNOTS ( 'NONE', 3, 1, ( 
 ( #1122, #1219 ),
 ( #9046, #4942 ),
 ( #4264, #7397 ),
 ( #8171, #2701 ),
 ( #5854, #1975 ),
 ( #290, #5904 ) ),
 .UNSPECIFIED., .F., .F., .F.,
 ( 4, 1, 1, 4 ),
 ( 2, 2 ),
 ( 0.000000000000000000, 0.2890654569501156512, 0.6604379133667447332, 1.000000000000000000 ),
 ( 0.000000000000000000, 1.000000000000000000 ),
 .UNSPECIFIED. ) ;
#963 = CARTESIAN_POINT ( 'NONE',  ( 725.3236735400701036, 893.3561263297817732, 1212.380460436409521 ) ) ;
#964 = ADVANCED_FACE ( 'NONE', ( #1578 ), #5715, .F. ) ;
#965 = FACE_OUTER_BOUND ( 'NONE', #7845, .T. ) ;
#966 = CARTESIAN_POINT ( 'NONE',  ( 713.4124610495582601, 901.4187643546579238, 1199.076329639599635 ) ) ;
#967 = CARTESIAN_POINT ( 'NONE',  ( 738.5688470227305515, 883.6227190405376177, 1220.354878950782449 ) ) ;
#968 = B_SPLINE_CURVE_WITH_KNOTS ( 'NONE', 3,
 ( #9221, #504, #4542, #3759, #3708, #8499, #3610, #1450 ),
 .UNSPECIFIED., .F., .F.,
 ( 4, 2, 2, 4 ),
 ( 0.000000000000000000, 0.0005319171944737644811, 0.001063834388947528962, 0.002127668777895333745 ),
 .UNSPECIFIED. ) ;
#969 = CARTESIAN_POINT ( 'NONE',  ( 713.6166872764216578, 900.1151580005002870, 1227.722711231433323 ) ) ;
#970 = VERTEX_POINT ( 'NONE', #4684 ) ;
#971 = CARTESIAN_POINT ( 'NONE',  ( 720.5280957388695242, 897.3105507513291741, 1229.578106864775464 ) ) ;
#972 = CARTESIAN_POINT ( 'NONE',  ( 717.1800848525040237, 879.2510169669742481, 1212.380460436409521 ) ) ;
#973 = ORIENTED_EDGE ( 'NONE', *, *, #2113, .F. ) ;
#974 = DIRECTION ( 'NONE',  ( 0.8310942309475191081, 0.3147270670691507677, 0.4585076362938811378 ) ) ;
#975 = DIRECTION ( 'NONE',  ( 0.8660254037844280495, -0.5000000000000182077, 0.000000000000000000 ) ) ;
#976 = VERTEX_POINT ( 'NONE', #1671 ) ;
#977 = CARTESIAN_POINT ( 'NONE',  ( 712.1275582888039253, 901.7579139991222519, 1200.116828790459294 ) ) ;
#978 = EDGE_CURVE ( 'NONE', #3956, #9795, #3798, .T. ) ;
#979 = CARTESIAN_POINT ( 'NONE',  ( 717.1800848525040237, 879.2510169669742481, 1212.380460436409521 ) ) ;
#980 = CARTESIAN_POINT ( 'NONE',  ( 711.0968724260218323, 901.2991021186447824, 1216.973804923008402 ) ) ;
#981 = CARTESIAN_POINT ( 'NONE',  ( 733.0418533547407378, 888.6292596298142143, 1226.686950127632826 ) ) ;
#982 = ORIENTED_EDGE ( 'NONE', *, *, #2145, .F. ) ;
#983 = CARTESIAN_POINT ( 'NONE',  ( 732.4100939428185484, 890.4504758897684269, 1194.817574578947188 ) ) ;
#984 = B_SPLINE_CURVE_WITH_KNOTS ( 'NONE', 3,
 ( #5327, #7576, #5178, #9234, #6137, #1461, #2891, #628, #1354, #5934 ),
 .UNSPECIFIED., .F., .F.,
 ( 4, 3, 3, 4 ),
 ( 0.000000000000000000, 0.0001770953904237864784, 0.0003541907790578926280, 0.0006813326750119526798 ),
 .UNSPECIFIED. ) ;
#985 = ORIENTED_EDGE ( 'NONE', *, *, #1398, .F. ) ;
#986 = CARTESIAN_POINT ( 'NONE',  ( 741.2058825547353536, 885.3722249669432358, 1216.670347189321092 ) ) ;
#987 = CARTESIAN_POINT ( 'NONE',  ( 716.5018818473660076, 899.6350864254035287, 1197.644477411036632 ) ) ;
#988 = ADVANCED_FACE ( 'NONE', ( #6166 ), #3399, .T. ) ;
#989 = EDGE_CURVE ( 'NONE', #3054, #3021, #8670, .T. ) ;
#990 = CARTESIAN_POINT ( 'NONE',  ( 730.4241101595965802, 889.3690542797770604, 1228.620622342213437 ) ) ;
#991 = CARTESIAN_POINT ( 'NONE',  ( 725.7624982874060606, 891.3089130145099261, 1194.456797109976378 ) ) ;
#992 = CARTESIAN_POINT ( 'NONE',  ( 724.8538458711211661, 893.3566124828362263, 1195.457935369361621 ) ) ;
#993 = CARTESIAN_POINT ( 'NONE',  ( 709.6382673602494151, 900.3257969965201255, 1218.638008874627531 ) ) ;
#994 = ORIENTED_EDGE ( 'NONE', *, *, #3985, .T. ) ;
#995 = CIRCLE ( 'NONE', #826, 2.200000000000022382 ) ;
#996 = CIRCLE ( 'NONE', #4460, 19.56600634797374028 ) ;
#997 = EDGE_LOOP ( 'NONE', ( #2792, #305, #7715, #3038 ) ) ;
#998 = CARTESIAN_POINT ( 'NONE',  ( 731.9319277962890737, 890.7265452431847734, 1229.227327284346302 ) ) ;
#999 = B_SPLINE_SURFACE_WITH_KNOTS ( 'NONE', 3, 1, ( 
 ( #5151, #4527 ),
 ( #2915, #8223 ),
 ( #1175, #4319 ),
 ( #6064, #7601 ),
 ( #5960, #5861 ),
 ( #8278, #1223 ) ),
 .UNSPECIFIED., .F., .F., .F.,
 ( 4, 1, 1, 4 ),
 ( 2, 2 ),
 ( 0.000000000000000000, 0.2890654569501156512, 0.6604379133667447332, 1.000000000000000000 ),
 ( 0.000000000000000000, 1.000000000000000000 ),
 .UNSPECIFIED. ) ;
#1000 = CARTESIAN_POINT ( 'NONE',  ( 739.9812240680374771, 883.3974979412474795, 1210.499519606780950 ) ) ;
#1001 = CARTESIAN_POINT ( 'NONE',  ( 736.6929102179980191, 887.9777907604039910, 1197.926081096252346 ) ) ;
#1002 = CARTESIAN_POINT ( 'NONE',  ( 738.1914151807505959, 886.0110681910266521, 1226.428817200578351 ) ) ;
#1003 = B_SPLINE_CURVE_WITH_KNOTS ( 'NONE', 3,
 ( #4225, #2614, #8909, #5210 ),
 .UNSPECIFIED., .F., .F.,
 ( 4, 4 ),
 ( 0.000000000000000000, 0.001331005199731732360 ),
 .UNSPECIFIED. ) ;
#1004 = B_SPLINE_CURVE_WITH_KNOTS ( 'NONE', 1,
 ( #379, #1964 ),
 .UNSPECIFIED., .F., .F.,
 ( 2, 2 ),
 ( 0.000000000000000000, 0.002900000000001549776 ),
 .UNSPECIFIED. ) ;
#1005 = ORIENTED_EDGE ( 'NONE', *, *, #1487, .F. ) ;
#1006 = EDGE_CURVE ( 'NONE', #6602, #6301, #3500, .T. ) ;
#1007 = CARTESIAN_POINT ( 'NONE',  ( 717.1800848525040237, 879.2510169669742481, 1212.380460436409521 ) ) ;
#1008 = VERTEX_POINT ( 'NONE', #7042 ) ;
#1009 = VECTOR ( 'NONE', #7132, 1000.000000000000000 ) ;
#1010 = VERTEX_POINT ( 'NONE', #8786 ) ;
#1011 = DIRECTION ( 'NONE',  ( 0.5845683251975072325, -0.3375006799125115364, -0.7378164841167307308 ) ) ;
#1012 = DIRECTION ( 'NONE',  ( 0.000000000000000000, -0.7071067811865474617, 0.7071067811865474617 ) ) ;
#1013 = ORIENTED_EDGE ( 'NONE', *, *, #2408, .T. ) ;
#1014 = CARTESIAN_POINT ( 'NONE',  ( 780.5717232886125885, 879.1658052267993071, 1230.058129966072784 ) ) ;
#1015 = ORIENTED_EDGE ( 'NONE', *, *, #3049, .T. ) ;
#1016 = CARTESIAN_POINT ( 'NONE',  ( 731.4858217733334413, 889.5276171026436032, 1197.084706633050246 ) ) ;
#1017 = VERTEX_POINT ( 'NONE', #9715 ) ;
#1018 = CARTESIAN_POINT ( 'NONE',  ( 739.8288708194021410, 884.7107661741802076, 1211.174251483319040 ) ) ;
#1019 = VECTOR ( 'NONE', #5037, 1000.000000000000000 ) ;
#1020 = CARTESIAN_POINT ( 'NONE',  ( 718.8584432444674803, 888.6740634061851551, 1203.467007529490957 ) ) ;
#1021 = APPLICATION_PROTOCOL_DEFINITION ( 'international standard', 'config_control_design', 1994, #7989 ) ;
#1022 = ADVANCED_FACE ( 'NONE', ( #9769 ), #4150, .F. ) ;
#1023 = FACE_OUTER_BOUND ( 'NONE', #9069, .T. ) ;
#1024 = B_SPLINE_CURVE_WITH_KNOTS ( 'NONE', 3,
 ( #4549, #7682, #625, #9230 ),
 .UNSPECIFIED., .F., .F.,
 ( 4, 4 ),
 ( 1.005213304774691703E-05, 0.001341057332774062746 ),
 .UNSPECIFIED. ) ;
#1025 = CARTESIAN_POINT ( 'NONE',  ( 774.1024668973318512, 869.8434747564627969, 1212.380460436409066 ) ) ;
#1026 = CARTESIAN_POINT ( 'NONE',  ( 737.5295418918046835, 886.8362434343863470, 1226.932884372318995 ) ) ;
#1027 = CARTESIAN_POINT ( 'NONE',  ( 742.0289270075948025, 883.7113437434281877, 1219.165397533259465 ) ) ;
#1028 = CC_DESIGN_APPROVAL ( #9530, ( #5153 ) ) ;
#1029 = CARTESIAN_POINT ( 'NONE',  ( 737.8956346639208732, 887.2833974777894355, 1224.189535388190279 ) ) ;
#1030 = B_SPLINE_SURFACE_WITH_KNOTS ( 'NONE', 3, 1, ( 
 ( #9751, #3513 ),
 ( #3406, #9801 ),
 ( #5679, #4343 ),
 ( #1199, #6609 ),
 ( #9699, #3355 ),
 ( #6504, #7377 ) ),
 .UNSPECIFIED., .F., .F., .F.,
 ( 4, 1, 1, 4 ),
 ( 2, 2 ),
 ( 0.000000000000000000, 0.2890654569501156512, 0.6604379133667447332, 1.000000000000000000 ),
 ( 0.000000000000000000, 1.000000000000000000 ),
 .UNSPECIFIED. ) ;
#1031 = VERTEX_POINT ( 'NONE', #8015 ) ;
#1032 = CARTESIAN_POINT ( 'NONE',  ( 716.6608719501998621, 889.9428317844939329, 1204.865419007301853 ) ) ;
#1033 = CARTESIAN_POINT ( 'NONE',  ( 716.2293832622685841, 898.9939559790697103, 1229.470974025628266 ) ) ;
#1034 = DIRECTION ( 'NONE',  ( 0.8660254037844441477, -0.4999999999999902855, 0.000000000000000000 ) ) ;
#1035 = ORIENTED_EDGE ( 'NONE', *, *, #9812, .F. ) ;
#1036 = CARTESIAN_POINT ( 'NONE',  ( 741.2876029170525953, 885.3250436937614722, 1219.292029634954361 ) ) ;
#1037 = CARTESIAN_POINT ( 'NONE',  ( 736.5447133571694849, 886.9617919321459567, 1196.566361195521495 ) ) ;
#1038 = DIRECTION ( 'NONE',  ( -0.5000000000000009992, -0.8660254037844381525, 5.977335943528133221E-15 ) ) ;
#1039 = CARTESIAN_POINT ( 'NONE',  ( 710.7606384610342047, 901.4933236424659526, 1209.500050214268413 ) ) ;
#1040 = ORIENTED_EDGE ( 'NONE', *, *, #6790, .T. ) ;
#1041 = CONICAL_SURFACE ( 'NONE', #3988, 18.17967805303275597, 0.8981840042400328628 ) ;
#1042 = CARTESIAN_POINT ( 'NONE',  ( 732.3325037751687887, 890.4952725939474476, 1195.252205429190099 ) ) ;
#1043 = ADVANCED_FACE ( 'NONE', ( #333 ), #1117, .F. ) ;
#1044 = EDGE_LOOP ( 'NONE', ( #7701, #7741, #7139, #10018 ) ) ;
#1045 = CARTESIAN_POINT ( 'NONE',  ( 726.2373967444698337, 892.2450576884309612, 1229.470610415269448 ) ) ;
#1046 = CARTESIAN_POINT ( 'NONE',  ( 716.5782439149031688, 899.5909987651550637, 1197.580309424212828 ) ) ;
#1047 = CIRCLE ( 'NONE', #6805, 1.200000000000046141 ) ;
#1048 = CARTESIAN_POINT ( 'NONE',  ( 711.2609215703914742, 903.2052617362002138, 1221.028863801876014 ) ) ;
#1049 = VERTEX_POINT ( 'NONE', #285 ) ;
#1050 = CARTESIAN_POINT ( 'NONE',  ( 717.1800848525040237, 879.2510169669742481, 1212.380460436409521 ) ) ;
#1051 = CARTESIAN_POINT ( 'NONE',  ( 742.3679217908222654, 883.5156250140782959, 1206.832412907514254 ) ) ;
#1052 = VECTOR ( 'NONE', #9457, 1000.000000000000000 ) ;
#1053 = EDGE_LOOP ( 'NONE', ( #2247, #5083, #2753, #3523 ) ) ;
#1054 = EDGE_CURVE ( 'NONE', #9716, #8339, #2633, .T. ) ;
#1055 = VERTEX_POINT ( 'NONE', #1925 ) ;
#1056 = EDGE_CURVE ( 'NONE', #2903, #1104, #8665, .T. ) ;
#1057 = CARTESIAN_POINT ( 'NONE',  ( 714.2946981231140171, 900.9094045427516448, 1224.858288088523295 ) ) ;
#1058 = ORIENTED_EDGE ( 'NONE', *, *, #5844, .F. ) ;
#1059 = PLANE ( 'NONE',  #6022 ) ;
#1060 = CARTESIAN_POINT ( 'NONE',  ( 722.6158889404242700, 896.1051627843991128, 1194.055722891557480 ) ) ;
#1061 = CARTESIAN_POINT ( 'NONE',  ( 710.4226264398946569, 901.3758298467573695, 1215.170270490552639 ) ) ;
#1062 = ORIENTED_EDGE ( 'NONE', *, *, #1939, .F. ) ;
#1063 = CARTESIAN_POINT ( 'NONE',  ( 717.1800848525040237, 879.2510169669742481, 1212.380460436409521 ) ) ;
#1064 = VERTEX_POINT ( 'NONE', #8060 ) ;
#1065 = CARTESIAN_POINT ( 'NONE',  ( 717.1800848525040237, 879.2510169669742481, 1212.380460436409521 ) ) ;
#1066 = ORIENTED_EDGE ( 'NONE', *, *, #4266, .T. ) ;
#1067 = CARTESIAN_POINT ( 'NONE',  ( 717.1800848525040237, 879.2510169669742481, 1212.380460436409521 ) ) ;
#1068 = ADVANCED_FACE ( 'NONE', ( #9666 ), #8890, .T. ) ;
#1069 = CARTESIAN_POINT ( 'NONE',  ( 727.4681042133296387, 893.3037349904211624, 1192.905304893819675 ) ) ;
#1070 = FACE_OUTER_BOUND ( 'NONE', #9291, .T. ) ;
#1071 = CARTESIAN_POINT ( 'NONE',  ( 709.8869790920333571, 901.2260743706019639, 1210.050448824602654 ) ) ;
#1072 = CARTESIAN_POINT ( 'NONE',  ( 714.3234865537295946, 897.6207844339699022, 1198.431490359555937 ) ) ;
#1073 = CARTESIAN_POINT ( 'NONE',  ( 740.1564168977961344, 882.7061351458015679, 1212.957176095810382 ) ) ;
#1074 = CARTESIAN_POINT ( 'NONE',  ( 736.7432257800999196, 886.4922371086365729, 1201.936593173759320 ) ) ;
#1075 = ORIENTED_EDGE ( 'NONE', *, *, #7043, .T. ) ;
#1076 = CARTESIAN_POINT ( 'NONE',  ( 742.7528116583648625, 884.5129788164085767, 1213.536901816426507 ) ) ;
#1077 = EDGE_LOOP ( 'NONE', ( #853, #636, #5778, #4261, #1769 ) ) ;
#1078 = ORIENTED_EDGE ( 'NONE', *, *, #5521, .T. ) ;
#1079 = LINE ( 'NONE', #7410, #3680 ) ;
#1080 = ADVANCED_FACE ( 'NONE', ( #2697 ), #505, .F. ) ;
#1081 = CARTESIAN_POINT ( 'NONE',  ( 737.8470438877915285, 885.8549744866327273, 1203.807487992108008 ) ) ;
#1082 = ORIENTED_EDGE ( 'NONE', *, *, #6570, .T. ) ;
#1083 = CARTESIAN_POINT ( 'NONE',  ( 715.5698182599500115, 897.1936595720860623, 1227.069810399773587 ) ) ;
#1084 = CARTESIAN_POINT ( 'NONE',  ( 721.2559480226727828, 896.2318072354124752, 1231.834231434446792 ) ) ;
#1085 = DIRECTION ( 'NONE',  ( 0.5000000000000011102, 0.8660254037844380415, -0.000000000000000000 ) ) ;
#1086 = DIRECTION ( 'NONE',  ( 0.5000000000000009992, 0.8660254037844381525, -5.726519994466740890E-15 ) ) ;
#1087 = B_SPLINE_SURFACE_WITH_KNOTS ( 'NONE', 3, 1, ( 
 ( #8084, #8138 ),
 ( #4178, #9689 ),
 ( #5876, #5771 ),
 ( #5015, #1084 ),
 ( #4232, #8965 ),
 ( #1900, #5066 ) ),
 .UNSPECIFIED., .F., .F., .F.,
 ( 4, 1, 1, 4 ),
 ( 2, 2 ),
 ( 0.000000000000000000, 0.3395620866332510479, 0.7109345430498769103, 1.000000000000000000 ),
 ( 0.000000000000000000, 1.000000000000000000 ),
 .UNSPECIFIED. ) ;
#1088 = ORIENTED_EDGE ( 'NONE', *, *, #5577, .T. ) ;
#1089 = CARTESIAN_POINT ( 'NONE',  ( 737.0470182576736988, 888.5649318347423105, 1198.139769366256132 ) ) ;
#1090 = ADVANCED_FACE ( 'NONE', ( #1780 ), #4104, .F. ) ;
#1091 = VECTOR ( 'NONE', #7319, 1000.000000000000114 ) ;
#1092 = EDGE_LOOP ( 'NONE', ( #237, #6258 ) ) ;
#1093 = CARTESIAN_POINT ( 'NONE',  ( 725.8370950929727314, 894.2453985451099925, 1212.380460436409521 ) ) ;
#1094 = B_SPLINE_CURVE_WITH_KNOTS ( 'NONE', 3,
 ( #9940, #8233, #6646, #9736 ),
 .UNSPECIFIED., .F., .F.,
 ( 4, 4 ),
 ( 0.0009352727177709765655, 0.002387895279818820146 ),
 .UNSPECIFIED. ) ;
#1095 = DIRECTION ( 'NONE',  ( -0.5000000000000009992, -0.8660254037844382635, -0.000000000000000000 ) ) ;
#1096 = AXIS2_PLACEMENT_3D ( 'NONE', #7030, #1425, #10182 ) ;
#1097 = CARTESIAN_POINT ( 'NONE',  ( 710.8123459104822359, 902.9538153139908445, 1221.359280333502284 ) ) ;
#1098 = CIRCLE ( 'NONE', #4705, 17.83733333518745923 ) ;
#1099 = EDGE_CURVE ( 'NONE', #1399, #5594, #275, .T. ) ;
#1100 = CARTESIAN_POINT ( 'NONE',  ( 720.6352932762681576, 896.5901424203225361, 1193.123633905848919 ) ) ;
#1101 = B_SPLINE_CURVE_WITH_KNOTS ( 'NONE', 3,
 ( #10204, #6378, #5604, #8741, #770, #3910, #7052, #6278 ),
 .UNSPECIFIED., .F., .F.,
 ( 4, 2, 2, 4 ),
 ( 0.000000000000000000, 0.001064839483349714136, 0.001597259225024432643, 0.002129678966699151584 ),
 .UNSPECIFIED. ) ;
#1102 = CARTESIAN_POINT ( 'NONE',  ( 739.9931698977549104, 882.8003858452270833, 1215.053924130028918 ) ) ;
#1103 = CARTESIAN_POINT ( 'NONE',  ( 739.4035063158463572, 883.1408282729732946, 1206.797344522939966 ) ) ;
#1104 = VERTEX_POINT ( 'NONE', #4260 ) ;
#1105 = ORIENTED_EDGE ( 'NONE', *, *, #7215, .T. ) ;
#1106 = CONICAL_SURFACE ( 'NONE', #1755, 18.17967805303275597, 0.8981840042400328628 ) ;
#1107 = ORIENTED_EDGE ( 'NONE', *, *, #703, .F. ) ;
#1108 = CARTESIAN_POINT ( 'NONE',  ( 717.7131683246722105, 889.3352881894250004, 1204.068804179380550 ) ) ;
#1109 = ORIENTED_EDGE ( 'NONE', *, *, #26, .F. ) ;
#1110 = CARTESIAN_POINT ( 'NONE',  ( 730.0310323859951041, 892.6156131663868791, 1230.832616168548839 ) ) ;
#1111 = EDGE_CURVE ( 'NONE', #944, #8063, #3134, .T. ) ;
#1112 = ORIENTED_EDGE ( 'NONE', *, *, #5390, .F. ) ;
#1113 = CARTESIAN_POINT ( 'NONE',  ( 717.1800848525040237, 879.2510169669742481, 1212.380460436409521 ) ) ;
#1114 = AXIS2_PLACEMENT_3D ( 'NONE', #2649, #288, #9718 ) ;
#1115 = CARTESIAN_POINT ( 'NONE',  ( 709.5400764538819658, 900.9727027107538788, 1215.608746749335751 ) ) ;
#1116 = B_SPLINE_CURVE_WITH_KNOTS ( 'NONE', 3,
 ( #552, #10096, #6896, #9373 ),
 .UNSPECIFIED., .F., .F.,
 ( 4, 4 ),
 ( 7.447602459741819353E-16, 0.001453450272863957785 ),
 .UNSPECIFIED. ) ;
#1117 = CYLINDRICAL_SURFACE ( 'NONE', #2243, 1.200000000000046141 ) ;
#1118 = VERTEX_POINT ( 'NONE', #5044 ) ;
#1119 = ORIENTED_EDGE ( 'NONE', *, *, #8236, .F. ) ;
#1120 = CARTESIAN_POINT ( 'NONE',  ( 721.1752905570103849, 895.7511963617532729, 1192.501394710672002 ) ) ;
#1121 = ORIENTED_EDGE ( 'NONE', *, *, #750, .T. ) ;
#1122 = CARTESIAN_POINT ( 'NONE',  ( 717.1800848525040237, 879.2510169669742481, 1212.380460436409521 ) ) ;
#1123 = FACE_OUTER_BOUND ( 'NONE', #3743, .T. ) ;
#1124 = CARTESIAN_POINT ( 'NONE',  ( 736.1385088714447420, 887.1121782399735594, 1228.572283834887457 ) ) ;
#1125 = EDGE_CURVE ( 'NONE', #6972, #970, #8172, .T. ) ;
#1126 = CARTESIAN_POINT ( 'NONE',  ( 719.8369919027107926, 897.7095597371733220, 1229.747937142358978 ) ) ;
#1127 = EDGE_CURVE ( 'NONE', #9396, #8698, #8166, .T. ) ;
#1128 = CARTESIAN_POINT ( 'NONE',  ( 717.1800848525040237, 879.2510169669742481, 1212.380460436409521 ) ) ;
#1129 = CARTESIAN_POINT ( 'NONE',  ( 739.1029637211952377, 884.5104829709174510, 1206.578379343308825 ) ) ;
#1130 = CARTESIAN_POINT ( 'NONE',  ( 737.9287000314365059, 887.2643071789533451, 1224.144513227527341 ) ) ;
#1131 = CARTESIAN_POINT ( 'NONE',  ( 739.4572352274979039, 883.1098078713687300, 1217.767535780502385 ) ) ;
#1132 = EDGE_LOOP ( 'NONE', ( #4508, #4523, #2715, #6002, #9015 ) ) ;
#1133 = FACE_BOUND ( 'NONE', #1825, .T. ) ;
#1134 = CARTESIAN_POINT ( 'NONE',  ( 737.8062854576104428, 885.8784735791848561, 1203.727840678121765 ) ) ;
#1135 = VERTEX_POINT ( 'NONE', #232 ) ;
#1136 = B_SPLINE_CURVE_WITH_KNOTS ( 'NONE', 3,
 ( #9367, #9315, #2288, #1483, #5451, #3123, #3989, #8638, #6318, #9463 ),
 .UNSPECIFIED., .F., .F.,
 ( 4, 3, 3, 4 ),
 ( 0.000000000000000000, 0.0001770953904238345086, 0.0003541907790579174563, 0.0006813326750120275981 ),
 .UNSPECIFIED. ) ;
#1137 = B_SPLINE_CURVE_WITH_KNOTS ( 'NONE', 1,
 ( #4859, #1103 ),
 .UNSPECIFIED., .F., .F.,
 ( 2, 2 ),
 ( 0.000000000000000000, 0.002900000000005178383 ),
 .UNSPECIFIED. ) ;
#1138 = CARTESIAN_POINT ( 'NONE',  ( 735.5475258493152069, 889.4306641803558477, 1196.783882956565549 ) ) ;
#1139 = CARTESIAN_POINT ( 'NONE',  ( 709.4291676170224719, 903.7185198901944432, 1209.715765443053897 ) ) ;
#1140 = EDGE_CURVE ( 'NONE', #689, #5218, #4997, .T. ) ;
#1141 = CARTESIAN_POINT ( 'NONE',  ( 735.1178084063466258, 886.8112043352809906, 1225.148391747305368 ) ) ;
#1142 = CARTESIAN_POINT ( 'NONE',  ( 737.9787484906262307, 887.2354116875675345, 1200.685217657289058 ) ) ;
#1143 = ORIENTED_EDGE ( 'NONE', *, *, #7580, .F. ) ;
#1144 = CARTESIAN_POINT ( 'NONE',  ( 725.3236735400701036, 893.3561263297817732, 1212.380460436409521 ) ) ;
#1145 = ORIENTED_EDGE ( 'NONE', *, *, #5638, .T. ) ;
#1146 = CARTESIAN_POINT ( 'NONE',  ( 742.8090994540642669, 883.2609109714451279, 1209.144845589812576 ) ) ;
#1147 = CARTESIAN_POINT ( 'NONE',  ( 716.4259987656478188, 899.6788975430605433, 1197.709385451277740 ) ) ;
#1148 = EDGE_CURVE ( 'NONE', #3495, #5192, #7844, .T. ) ;
#1149 = CARTESIAN_POINT ( 'NONE',  ( 709.8711487811399365, 900.7815580134966922, 1207.518521713071550 ) ) ;
#1150 = CARTESIAN_POINT ( 'NONE',  ( 709.9475651372247285, 903.4530967262210197, 1205.676733909121822 ) ) ;
#1151 = B_SPLINE_CURVE_WITH_KNOTS ( 'NONE', 3,
 ( #5589, #8723, #6460, #894, #6313, #169, #5634, #9458, #842, #3894 ),
 .UNSPECIFIED., .F., .F.,
 ( 4, 3, 3, 4 ),
 ( 0.000000000000000000, 0.0001770958401173799036, 0.0003541916793412848430, 0.0006316937728063782556 ),
 .UNSPECIFIED. ) ;
#1152 = DIRECTION ( 'NONE',  ( -0.1457317297950635471, 0.8035530166977378208, 0.5771176762904631774 ) ) ;
#1153 = CARTESIAN_POINT ( 'NONE',  ( 735.4350799184197740, 886.4759695406510218, 1199.887383970762585 ) ) ;
#1154 = VERTEX_POINT ( 'NONE', #5949 ) ;
#1155 = ORIENTED_EDGE ( 'NONE', *, *, #3649, .T. ) ;
#1156 = ORIENTED_EDGE ( 'NONE', *, *, #5972, .F. ) ;
#1157 = CARTESIAN_POINT ( 'NONE',  ( 724.5239311566796232, 891.7315549965620676, 1230.559744492434220 ) ) ;
#1158 = PRODUCT_RELATED_PRODUCT_CATEGORY ( 'detail', '', ( #4758 ) ) ;
#1159 = LINE ( 'NONE', #8456, #1336 ) ;
#1160 = CARTESIAN_POINT ( 'NONE',  ( 742.9016120881738061, 883.2074987772383565, 1209.901724637794132 ) ) ;
#1161 = CARTESIAN_POINT ( 'NONE',  ( 725.8370950929727314, 894.2453985451099925, 1212.380460436409521 ) ) ;
#1162 = CARTESIAN_POINT ( 'NONE',  ( 717.1800848525040237, 879.2510169669742481, 1212.380460436409521 ) ) ;
#1163 = ORIENTED_EDGE ( 'NONE', *, *, #8414, .T. ) ;
#1164 = FACE_OUTER_BOUND ( 'NONE', #1988, .T. ) ;
#1165 = ORIENTED_EDGE ( 'NONE', *, *, #2242, .T. ) ;
#1166 = DIRECTION ( 'NONE',  ( -0.4999999999999988343, -0.8660254037844394848, 2.975261781898571487E-15 ) ) ;
#1167 = B_SPLINE_CURVE_WITH_KNOTS ( 'NONE', 3,
 ( #6725, #9866, #2799, #7546, #18, #2174, #2377, #791 ),
 .UNSPECIFIED., .F., .F.,
 ( 4, 2, 2, 4 ),
 ( 0.000000000000000000, 0.0005319171944654802007, 0.001063834388930960401, 0.002127668777861613323 ),
 .UNSPECIFIED. ) ;
#1168 = CARTESIAN_POINT ( 'NONE',  ( 717.1800848525040237, 879.2510169669742481, 1212.380460436409521 ) ) ;
#1169 = ADVANCED_FACE ( 'NONE', ( #8374 ), #6513, .F. ) ;
#1170 = AXIS2_PLACEMENT_3D ( 'NONE', #3745, #2387, #9313 ) ;
#1171 = VERTEX_POINT ( 'NONE', #3635 ) ;
#1172 = B_SPLINE_SURFACE_WITH_KNOTS ( 'NONE', 3, 1, ( 
 ( #6597, #9740 ),
 ( #2670, #8863 ),
 ( #4071, #358 ),
 ( #979, #9587 ),
 ( #7205, #3290 ),
 ( #6553, #4126 ) ),
 .UNSPECIFIED., .F., .F., .F.,
 ( 4, 1, 1, 4 ),
 ( 2, 2 ),
 ( 0.000000000000000000, 0.2890654569501156512, 0.6604379133667447332, 1.000000000000000000 ),
 ( 0.000000000000000000, 1.000000000000000000 ),
 .UNSPECIFIED. ) ;
#1173 = CARTESIAN_POINT ( 'NONE',  ( 707.9662438421859179, 908.0272409405364442, 1185.380460436409066 ) ) ;
#1174 = CARTESIAN_POINT ( 'NONE',  ( 724.4202779218370551, 891.7913992196671416, 1212.380460436409521 ) ) ;
#1175 = CARTESIAN_POINT ( 'NONE',  ( 717.1800848525040237, 879.2510169669742481, 1212.380460436409521 ) ) ;
#1176 = DIRECTION ( 'NONE',  ( 0.7021727966224553530, 0.3891598918810288410, -0.5962448676798366431 ) ) ;
#1177 = CARTESIAN_POINT ( 'NONE',  ( 717.1800848525040237, 879.2510169669742481, 1212.380460436409521 ) ) ;
#1178 = FACE_OUTER_BOUND ( 'NONE', #7409, .T. ) ;
#1179 = CARTESIAN_POINT ( 'NONE',  ( 724.4202779218370551, 891.7913992196671416, 1212.380460436409521 ) ) ;
#1180 = ORIENTED_EDGE ( 'NONE', *, *, #8914, .T. ) ;
#1181 = VERTEX_POINT ( 'NONE', #8421 ) ;
#1182 = CARTESIAN_POINT ( 'NONE',  ( 727.7386960731755607, 893.1475087072986980, 1230.505496112245964 ) ) ;
#1183 = CARTESIAN_POINT ( 'NONE',  ( 709.3745825384318096, 903.7500346000117588, 1214.550318804462904 ) ) ;
#1184 = ADVANCED_FACE ( 'NONE', ( #7493 ), #4301, .F. ) ;
#1185 = EDGE_CURVE ( 'NONE', #8911, #1616, #482, .T. ) ;
#1186 = ORIENTED_EDGE ( 'NONE', *, *, #4753, .T. ) ;
#1187 = FACE_OUTER_BOUND ( 'NONE', #6246, .T. ) ;
#1188 = CARTESIAN_POINT ( 'NONE',  ( 717.1800848525040237, 879.2510169669742481, 1212.380460436409521 ) ) ;
#1189 = CARTESIAN_POINT ( 'NONE',  ( 711.2305699091508586, 901.2219701049950800, 1217.490416539551916 ) ) ;
#1190 = CARTESIAN_POINT ( 'NONE',  ( 722.3032798904334868, 896.2856477035622902, 1193.244678824603625 ) ) ;
#1191 = ORIENTED_EDGE ( 'NONE', *, *, #8321, .F. ) ;
#1192 = B_SPLINE_CURVE_WITH_KNOTS ( 'NONE', 1,
 ( #7419, #9794 ),
 .UNSPECIFIED., .F., .F.,
 ( 2, 2 ),
 ( 0.000000000000000000, 0.002900000000002229787 ),
 .UNSPECIFIED. ) ;
#1193 = AXIS2_PLACEMENT_3D ( 'NONE', #2581, #215, #7997 ) ;
#1194 = CARTESIAN_POINT ( 'NONE',  ( 719.8264765479135576, 894.7360767636745322, 1229.512825088936552 ) ) ;
#1195 = CONICAL_SURFACE ( 'NONE', #1837, 18.17967805303275597, 0.8981840042400328628 ) ;
#1196 = EDGE_CURVE ( 'NONE', #5561, #689, #798, .T. ) ;
#1197 = EDGE_LOOP ( 'NONE', ( #9564, #896, #5632, #7947, #8841 ) ) ;
#1198 = CARTESIAN_POINT ( 'NONE',  ( 717.1800848525040237, 879.2510169669742481, 1212.380460436409521 ) ) ;
#1199 = CARTESIAN_POINT ( 'NONE',  ( 717.1800848525040237, 879.2510169669742481, 1212.380460436409521 ) ) ;
#1200 = DIRECTION ( 'NONE',  ( 0.5845683251975080097, -0.3375006799125091494, -0.7378164841167310639 ) ) ;
#1201 = CARTESIAN_POINT ( 'NONE',  ( 717.1800848525040237, 879.2510169669742481, 1212.380460436409521 ) ) ;
#1202 = CARTESIAN_POINT ( 'NONE',  ( 716.1759269784886328, 899.8232765566935996, 1196.306328672593509 ) ) ;
#1203 = CARTESIAN_POINT ( 'NONE',  ( 724.4202779218370551, 891.7913992196671416, 1212.380460436409521 ) ) ;
#1204 = ORIENTED_EDGE ( 'NONE', *, *, #9742, .F. ) ;
#1205 = ORIENTED_EDGE ( 'NONE', *, *, #5761, .T. ) ;
#1206 = EDGE_CURVE ( 'NONE', #8243, #260, #10023, .T. ) ;
#1207 = VECTOR ( 'NONE', #1720, 1000.000000000000114 ) ;
#1208 = ORIENTED_EDGE ( 'NONE', *, *, #5531, .T. ) ;
#1209 = CARTESIAN_POINT ( 'NONE',  ( 710.9328761062288322, 899.5783542885350244, 1221.758840740748383 ) ) ;
#1210 = CARTESIAN_POINT ( 'NONE',  ( 724.5475586817792646, 894.9899127392426408, 1231.455142765111987 ) ) ;
#1211 = DIRECTION ( 'NONE',  ( -0.5000000000000008882, -0.8660254037844380415, -0.000000000000000000 ) ) ;
#1212 = AXIS2_PLACEMENT_3D ( 'NONE', #1144, #9070, #2004 ) ;
#1213 = DIRECTION ( 'NONE',  ( -0.4999999999999988343, -0.8660254037844394848, 2.975261781898571487E-15 ) ) ;
#1214 = CARTESIAN_POINT ( 'NONE',  ( 723.1922147857604841, 894.4796613974458523, 1191.955700222767746 ) ) ;
#1215 = DIRECTION ( 'NONE',  ( -0.5000000000000008882, -0.8660254037844380415, -0.000000000000000000 ) ) ;
#1216 = ORIENTED_EDGE ( 'NONE', *, *, #7020, .F. ) ;
#1217 = CARTESIAN_POINT ( 'NONE',  ( 725.8370950929727314, 894.2453985451099925, 1212.380460436409521 ) ) ;
#1218 = ORIENTED_EDGE ( 'NONE', *, *, #6616, .T. ) ;
#1219 = CARTESIAN_POINT ( 'NONE',  ( 720.0707180551382862, 896.2818583751454753, 1232.048272412488814 ) ) ;
#1220 = CARTESIAN_POINT ( 'NONE',  ( 727.5146267447781838, 893.2768751943659709, 1193.346055755447878 ) ) ;
#1221 = B_SPLINE_CURVE_WITH_KNOTS ( 'NONE', 3,
 ( #8827, #5742, #8155, #3416, #222, #3363, #6512, #9656, #8882, #9705 ),
 .UNSPECIFIED., .F., .F.,
 ( 4, 3, 3, 4 ),
 ( 0.000000000000000000, 0.0001770958401172213932, 0.0003541916793410863256, 0.0006316937728061420079 ),
 .UNSPECIFIED. ) ;
#1222 = DIRECTION ( 'NONE',  ( 0.2049240422302488207, 0.6762465940835908906, 0.7075992374970156984 ) ) ;
#1223 = CARTESIAN_POINT ( 'NONE',  ( 709.7425713179965214, 904.3291616254389282, 1212.487175749981589 ) ) ;
#1224 = CARTESIAN_POINT ( 'NONE',  ( 717.1800848525040237, 879.2510169669742481, 1212.380460436409521 ) ) ;
#1225 = CARTESIAN_POINT ( 'NONE',  ( 710.3317194072428720, 903.1974313711525610, 1220.271787164835814 ) ) ;
#1226 = EDGE_CURVE ( 'NONE', #4993, #3284, #3898, .T. ) ;
#1227 = CARTESIAN_POINT ( 'NONE',  ( 736.5147598382470733, 886.6241362431894686, 1201.608338242304853 ) ) ;
#1228 = ORIENTED_EDGE ( 'NONE', *, *, #804, .F. ) ;
#1229 = CARTESIAN_POINT ( 'NONE',  ( 741.5753672444516269, 885.1589028818740417, 1214.137310959361002 ) ) ;
#1230 = B_SPLINE_CURVE_WITH_KNOTS ( 'NONE', 3,
 ( #6405, #6566, #6456, #9547, #8719, #9702, #4248, #4819 ),
 .UNSPECIFIED., .F., .F.,
 ( 4, 2, 2, 4 ),
 ( 0.000000000000000000, 0.0005319171944633185184, 0.001063834388926637037, 0.002127668777853532981 ),
 .UNSPECIFIED. ) ;
#1231 = ORIENTED_EDGE ( 'NONE', *, *, #10001, .F. ) ;
#1232 = CARTESIAN_POINT ( 'NONE',  ( 727.3398753744733085, 893.3777679450529376, 1230.555525940538701 ) ) ;
#1233 = CARTESIAN_POINT ( 'NONE',  ( 731.2822864410272814, 889.3324995298937665, 1227.951113890645274 ) ) ;
#1234 = CARTESIAN_POINT ( 'NONE',  ( 721.2486357081287451, 895.7929864803651299, 1192.522445403654729 ) ) ;
#1235 = CARTESIAN_POINT ( 'NONE',  ( 738.5688470227305515, 883.6227190405376177, 1220.354878950782449 ) ) ;
#1236 = DIRECTION ( 'NONE',  ( 0.5845683251975080097, -0.3375006799125091494, -0.7378164841167310639 ) ) ;
#1237 = EDGE_CURVE ( 'NONE', #4489, #2066, #2396, .T. ) ;
#1238 = DIRECTION ( 'NONE',  ( -0.5000000000000008882, -0.8660254037844380415, -0.000000000000000000 ) ) ;
#1239 = ORIENTED_EDGE ( 'NONE', *, *, #3185, .F. ) ;
#1240 = B_SPLINE_CURVE_WITH_KNOTS ( 'NONE', 3,
 ( #464, #3039, #9336, #8066, #10112, #10162, #8792, #3095, #7239, #9620 ),
 .UNSPECIFIED., .F., .F.,
 ( 4, 3, 3, 4 ),
 ( 0.000000000000000000, 0.0001770958401172185743, 0.0003541916793409900484, 0.0006316937728061583794 ),
 .UNSPECIFIED. ) ;
#1241 = CARTESIAN_POINT ( 'NONE',  ( 741.1487567920686388, 884.2195102542954146, 1203.203768073853325 ) ) ;
#1242 = ORIENTED_EDGE ( 'NONE', *, *, #9432, .T. ) ;
#1243 = CIRCLE ( 'NONE', #6337, 2.200000000000022382 ) ;
#1244 = CARTESIAN_POINT ( 'NONE',  ( 711.4083204277327468, 903.3674409285304137, 1204.054226835528425 ) ) ;
#1245 = CARTESIAN_POINT ( 'NONE',  ( 710.5512891523825374, 901.6141587712470482, 1211.962044732976210 ) ) ;
#1246 = B_SPLINE_CURVE_WITH_KNOTS ( 'NONE', 3,
 ( #9108, #6739, #2039, #2870 ),
 .UNSPECIFIED., .F., .F.,
 ( 4, 4 ),
 ( 0.0009352727177710852026, 0.002387895279818838361 ),
 .UNSPECIFIED. ) ;
#1247 = CARTESIAN_POINT ( 'NONE',  ( 715.8580746097075007, 900.0067887073721522, 1226.542518910620856 ) ) ;
#1248 = DIRECTION ( 'NONE',  ( -0.4999999999999988343, -0.8660254037844394848, 2.975261781898571487E-15 ) ) ;
#1249 = LINE ( 'NONE', #4396, #7693 ) ;
#1250 = ADVANCED_FACE ( 'NONE', ( #1269 ), #6534, .F. ) ;
#1251 = FACE_OUTER_BOUND ( 'NONE', #1389, .T. ) ;
#1252 = EDGE_CURVE ( 'NONE', #7497, #1055, #8211, .T. ) ;
#1253 = VECTOR ( 'NONE', #7336, 1000.000000000000000 ) ;
#1254 = FACE_OUTER_BOUND ( 'NONE', #7105, .T. ) ;
#1255 = VERTEX_POINT ( 'NONE', #387 ) ;
#1256 = CARTESIAN_POINT ( 'NONE',  ( 742.0162203967784080, 884.9043761957051402, 1211.598089640832541 ) ) ;
#1257 = ORIENTED_EDGE ( 'NONE', *, *, #5370, .F. ) ;
#1258 = ORIENTED_EDGE ( 'NONE', *, *, #7516, .F. ) ;
#1259 = B_SPLINE_SURFACE_WITH_KNOTS ( 'NONE', 3, 1, ( 
 ( #501, #6848 ),
 ( #5164, #3704 ),
 ( #2720, #6073 ),
 ( #7465, #1393 ) ),
 .UNSPECIFIED., .F., .F., .F.,
 ( 4, 4 ),
 ( 2, 2 ),
 ( 0.000000000000000000, 1.000000000000000000 ),
 ( 0.000000000000000000, 1.000000000000000000 ),
 .UNSPECIFIED. ) ;
#1260 = ORIENTED_EDGE ( 'NONE', *, *, #8360, .T. ) ;
#1261 = CARTESIAN_POINT ( 'NONE',  ( 732.2238647168476291, 890.5579953835136848, 1195.678646213707907 ) ) ;
#1262 = ORIENTED_EDGE ( 'NONE', *, *, #592, .T. ) ;
#1263 = VECTOR ( 'NONE', #3775, 1000.000000000000227 ) ;
#1264 = B_SPLINE_CURVE_WITH_KNOTS ( 'NONE', 1,
 ( #16, #8627 ),
 .UNSPECIFIED., .F., .F.,
 ( 2, 2 ),
 ( 0.000000000000000000, 0.002900000000002512547 ),
 .UNSPECIFIED. ) ;
#1265 = ORIENTED_EDGE ( 'NONE', *, *, #3649, .F. ) ;
#1266 = CARTESIAN_POINT ( 'NONE',  ( 729.1610123018895138, 890.0982061085055648, 1229.123141190031220 ) ) ;
#1267 = EDGE_CURVE ( 'NONE', #7070, #117, #3530, .T. ) ;
#1268 = CARTESIAN_POINT ( 'NONE',  ( 725.3236735400701036, 893.3561263297817732, 1212.380460436409521 ) ) ;
#1269 = FACE_OUTER_BOUND ( 'NONE', #1644, .T. ) ;
#1270 = CONICAL_SURFACE ( 'NONE', #2907, 18.17967805303275597, 0.8981840042400328628 ) ;
#1271 = CARTESIAN_POINT ( 'NONE',  ( 715.6858085731254278, 905.8797492418605088, 1234.086781508788363 ) ) ;
#1272 = EDGE_LOOP ( 'NONE', ( #3136, #9669, #7836, #3453, #6945 ) ) ;
#1273 = CARTESIAN_POINT ( 'NONE',  ( 717.1800848525040237, 879.2510169669742481, 1212.380460436409521 ) ) ;
#1274 = ORIENTED_EDGE ( 'NONE', *, *, #3088, .T. ) ;
#1275 = CARTESIAN_POINT ( 'NONE',  ( 735.3871404549146291, 888.7316772846197637, 1196.745364564352030 ) ) ;
#1276 = DIRECTION ( 'NONE',  ( -0.5845683251975072325, 0.3375006799125115364, 0.7378164841167307308 ) ) ;
#1277 = AXIS2_PLACEMENT_3D ( 'NONE', #4647, #7774, #667 ) ;
#1278 = CARTESIAN_POINT ( 'NONE',  ( 715.9543905734924465, 898.4946127086092247, 1225.510732418380030 ) ) ;
#1279 = CARTESIAN_POINT ( 'NONE',  ( 733.5736973947414299, 889.1201513196378983, 1194.568701407308026 ) ) ;
#1280 = ADVANCED_FACE ( 'NONE', ( #1969 ), #1106, .T. ) ;
#1281 = CARTESIAN_POINT ( 'NONE',  ( 734.4088941728791724, 887.0684381570433743, 1225.929548946864315 ) ) ;
#1282 = CARTESIAN_POINT ( 'NONE',  ( 715.7821054889640209, 898.8649532125808719, 1229.606429246955486 ) ) ;
#1283 = CARTESIAN_POINT ( 'NONE',  ( 710.6677271773787652, 901.5469332461715339, 1214.550121763692459 ) ) ;
#1284 = EDGE_LOOP ( 'NONE', ( #4313, #2272, #9786, #8687, #2082 ) ) ;
#1285 = APPROVAL_STATUS ( 'not_yet_approved' ) ;
#1286 = CARTESIAN_POINT ( 'NONE',  ( 718.4328867154791851, 897.0637490474724700, 1197.368354501934164 ) ) ;
#1287 = EDGE_LOOP ( 'NONE', ( #851, #8674, #3011, #8131 ) ) ;
#1288 = DIRECTION ( 'NONE',  ( -0.5000000000000008882, -0.8660254037844380415, -0.000000000000000000 ) ) ;
#1289 = VECTOR ( 'NONE', #7873, 1000.000000000000114 ) ;
#1290 = CARTESIAN_POINT ( 'NONE',  ( 711.1996795909477669, 900.6204515748050881, 1219.417559483465993 ) ) ;
#1291 = EDGE_CURVE ( 'NONE', #486, #9035, #1167, .T. ) ;
#1292 = B_SPLINE_CURVE_WITH_KNOTS ( 'NONE', 3,
 ( #1634, #3030, #7769, #10152 ),
 .UNSPECIFIED., .F., .F.,
 ( 4, 4 ),
 ( 1.605030807683256553E-15, 0.001453450272831119253 ),
 .UNSPECIFIED. ) ;
#1293 = CARTESIAN_POINT ( 'NONE',  ( 740.9361923299431965, 884.3422344037231824, 1222.030419262314808 ) ) ;
#1294 = CARTESIAN_POINT ( 'NONE',  ( 742.6604331815243540, 884.5663135548797982, 1214.723412990752195 ) ) ;
#1295 = CARTESIAN_POINT ( 'NONE',  ( 711.6389801676682509, 902.4426840192198824, 1220.414859726122131 ) ) ;
#1296 = CARTESIAN_POINT ( 'NONE',  ( 739.4988732998757541, 884.9011992686010899, 1216.144695824034216 ) ) ;
#1297 = ORIENTED_EDGE ( 'NONE', *, *, #9706, .T. ) ;
#1298 = DIRECTION ( 'NONE',  ( 0.4999999999999988343, 0.8660254037844394848, -2.975261781898571487E-15 ) ) ;
#1299 = ORIENTED_EDGE ( 'NONE', *, *, #1835, .T. ) ;
#1300 = CARTESIAN_POINT ( 'NONE',  ( 714.1028264570362580, 901.0201817008114631, 1224.617601418155346 ) ) ;
#1301 = CARTESIAN_POINT ( 'NONE',  ( 710.5469146215563114, 901.6167114674053664, 1212.290630490907461 ) ) ;
#1302 = ADVANCED_FACE ( 'NONE', ( #6206 ), #6864, .T. ) ;
#1303 = CARTESIAN_POINT ( 'NONE',  ( 735.6068598695956098, 887.4191259343056117, 1229.027706490242053 ) ) ;
#1304 = DIRECTION ( 'NONE',  ( -0.4999999999999988343, -0.8660254037844394848, 2.975261781898571487E-15 ) ) ;
#1305 = CARTESIAN_POINT ( 'NONE',  ( 717.1800848525040237, 879.2510169669742481, 1212.380460436409521 ) ) ;
#1306 = CARTESIAN_POINT ( 'NONE',  ( 722.3363324078690084, 896.2665648237237974, 1230.184895674040717 ) ) ;
#1307 = DIRECTION ( 'NONE',  ( 0.5000000000000011102, 0.8660254037844380415, -0.000000000000000000 ) ) ;
#1308 = CARTESIAN_POINT ( 'NONE',  ( 717.1800848525040237, 879.2510169669742481, 1212.380460436409521 ) ) ;
#1309 = VERTEX_POINT ( 'NONE', #6356 ) ;
#1310 = CARTESIAN_POINT ( 'NONE',  ( 739.8957552697958135, 882.8566282069004956, 1215.724135348292293 ) ) ;
#1311 = ORIENTED_EDGE ( 'NONE', *, *, #4279, .F. ) ;
#1312 = PLANE ( 'NONE',  #6289 ) ;
#1313 = ADVANCED_FACE ( 'NONE', ( #8628 ), #6601, .F. ) ;
#1314 = VERTEX_POINT ( 'NONE', #9356 ) ;
#1315 = EDGE_CURVE ( 'NONE', #6446, #8569, #7806, .T. ) ;
#1316 = CARTESIAN_POINT ( 'NONE',  ( 721.5081869050784462, 896.3420055423487156, 1231.658705739835796 ) ) ;
#1317 = CARTESIAN_POINT ( 'NONE',  ( 743.0319199950596385, 883.1322654721203662, 1212.264820421596141 ) ) ;
#1318 = CARTESIAN_POINT ( 'NONE',  ( 723.2015632147334827, 894.6654632587191145, 1192.115533435800899 ) ) ;
#1319 = EDGE_LOOP ( 'NONE', ( #3354, #5725, #1274, #4494, #6406 ) ) ;
#1320 = LINE ( 'NONE', #4412, #9998 ) ;
#1321 = ORIENTED_EDGE ( 'NONE', *, *, #8995, .T. ) ;
#1322 = CARTESIAN_POINT ( 'NONE',  ( 744.2846788970157377, 890.5228843002226995, 1212.380460436409066 ) ) ;
#1323 = CARTESIAN_POINT ( 'NONE',  ( 708.5748590099534567, 902.9189956894490479, 1219.522240235594154 ) ) ;
#1324 = ADVANCED_FACE ( 'NONE', ( #7699 ), #4395, .T. ) ;
#1325 = DIRECTION ( 'NONE',  ( 0.5845683251975080097, -0.3375006799125091494, -0.7378164841167310639 ) ) ;
#1326 = LINE ( 'NONE', #542, #2806 ) ;
#1327 = CARTESIAN_POINT ( 'NONE',  ( 736.5177072103085720, 886.6224345771366870, 1223.148455848456024 ) ) ;
#1328 = CARTESIAN_POINT ( 'NONE',  ( 739.8802666858036901, 883.9095397638658369, 1214.506878601043127 ) ) ;
#1329 = CARTESIAN_POINT ( 'NONE',  ( 723.3201407877544398, 895.6985627907657772, 1194.355710193068489 ) ) ;
#1330 = ORIENTED_EDGE ( 'NONE', *, *, #4827, .F. ) ;
#1331 = APPROVAL_DATE_TIME ( #5259, #9530 ) ;
#1332 = DIRECTION ( 'NONE',  ( -0.5845683251975072325, 0.3375006799125115364, 0.7378164841167307308 ) ) ;
#1333 = VERTEX_POINT ( 'NONE', #5345 ) ;
#1334 = DIRECTION ( 'NONE',  ( 0.5000000000000009992, 0.8660254037844381525, -5.726519994466740890E-15 ) ) ;
#1335 = FACE_OUTER_BOUND ( 'NONE', #2417, .T. ) ;
#1336 = VECTOR ( 'NONE', #627, 1000.000000000000114 ) ;
#1337 = ADVANCED_FACE ( 'NONE', ( #2231 ), #1473, .F. ) ;
#1338 = CARTESIAN_POINT ( 'NONE',  ( 717.1800848525040237, 879.2510169669742481, 1212.380460436409521 ) ) ;
#1339 = B_SPLINE_CURVE_WITH_KNOTS ( 'NONE', 3,
 ( #4960, #2512, #7366, #2668, #5615, #8912, #5670, #2564 ),
 .UNSPECIFIED., .F., .F.,
 ( 4, 2, 2, 4 ),
 ( 0.000000000000000000, 0.001064839483335779753, 0.001597259225003682531, 0.002129678966671585093 ),
 .UNSPECIFIED. ) ;
#1340 = DIRECTION ( 'NONE',  ( 0.5845683251975072325, -0.3375006799125115364, -0.7378164841167307308 ) ) ;
#1341 = FACE_OUTER_BOUND ( 'NONE', #5780, .T. ) ;
#1342 = VECTOR ( 'NONE', #8939, 1000.000000000000227 ) ;
#1343 = CARTESIAN_POINT ( 'NONE',  ( 720.7320889826208941, 893.9207760965286980, 1194.706646174132175 ) ) ;
#1344 = B_SPLINE_SURFACE_WITH_KNOTS ( 'NONE', 3, 1, ( 
 ( #2362, #7834 ),
 ( #1647, #4803 ),
 ( #7108, #3042 ),
 ( #6189, #5522 ),
 ( #2310, #7014 ),
 ( #780, #5428 ) ),
 .UNSPECIFIED., .F., .F., .F.,
 ( 4, 1, 1, 4 ),
 ( 2, 2 ),
 ( 0.000000000000000000, 0.3395620866332510479, 0.7109345430498769103, 1.000000000000000000 ),
 ( 0.000000000000000000, 1.000000000000000000 ),
 .UNSPECIFIED. ) ;
#1345 = ORIENTED_EDGE ( 'NONE', *, *, #7378, .T. ) ;
#1346 = CARTESIAN_POINT ( 'NONE',  ( 717.1800848525040237, 879.2510169669742481, 1212.380460436409521 ) ) ;
#1347 = CARTESIAN_POINT ( 'NONE',  ( 717.8427608995157243, 897.4043987762262304, 1227.017454166886409 ) ) ;
#1348 = CARTESIAN_POINT ( 'NONE',  ( 716.9284835366577227, 896.7070038926472080, 1197.023103579535473 ) ) ;
#1349 = ORIENTED_EDGE ( 'NONE', *, *, #293, .F. ) ;
#1350 = AXIS2_PLACEMENT_3D ( 'NONE', #3377, #1976, #1276 ) ;
#1351 = CARTESIAN_POINT ( 'NONE',  ( 741.6231737674276019, 885.1313017729648891, 1211.342627297648960 ) ) ;
#1352 = CARTESIAN_POINT ( 'NONE',  ( 716.2411493749161764, 899.7856203885590958, 1226.891209159583013 ) ) ;
#1353 = CARTESIAN_POINT ( 'NONE',  ( 711.3111891241501326, 901.4462379793301352, 1224.883382892854115 ) ) ;
#1354 = CARTESIAN_POINT ( 'NONE',  ( 718.6433064289706181, 898.3987343667648702, 1196.121756827442368 ) ) ;
#1355 = CARTESIAN_POINT ( 'NONE',  ( 717.1800848525040237, 879.2510169669742481, 1212.380460436409521 ) ) ;
#1356 = DIRECTION ( 'NONE',  ( -0.4999999999999988343, -0.8660254037844394848, 2.975261781898571487E-15 ) ) ;
#1357 = CARTESIAN_POINT ( 'NONE',  ( 730.0527606524996145, 891.8453566833667310, 1193.441960487527240 ) ) ;
#1358 = LOCAL_TIME ( 14, 55, 21.00000000000000000, #2869 ) ;
#1359 = ORIENTED_EDGE ( 'NONE', *, *, #9188, .F. ) ;
#1360 = EDGE_CURVE ( 'NONE', #9244, #7383, #7896, .T. ) ;
#1361 = CARTESIAN_POINT ( 'NONE',  ( 722.8924113092326706, 895.9455125203307944, 1230.767122669550417 ) ) ;
#1362 = VERTEX_POINT ( 'NONE', #4621 ) ;
#1363 = CARTESIAN_POINT ( 'NONE',  ( 710.7821475978918215, 902.9373765340307045, 1206.800890284218440 ) ) ;
#1364 = CARTESIAN_POINT ( 'NONE',  ( 717.1800848525040237, 879.2510169669742481, 1212.380460436409521 ) ) ;
#1365 = DIRECTION ( 'NONE',  ( 0.5845683251976293571, -0.3375006799125861434, -0.7378164841165998356 ) ) ;
#1366 = ADVANCED_FACE ( 'NONE', ( #2280 ), #3468, .F. ) ;
#1367 = CARTESIAN_POINT ( 'NONE',  ( 714.2942026401184421, 891.3092289477523309, 1208.217343635968973 ) ) ;
#1368 = EDGE_CURVE ( 'NONE', #414, #6876, #2201, .T. ) ;
#1369 = B_SPLINE_CURVE_WITH_KNOTS ( 'NONE', 3,
 ( #8419, #3006, #6979, #15 ),
 .UNSPECIFIED., .F., .F.,
 ( 4, 4 ),
 ( 9.742167503148516193E-16, 0.001453450272830542891 ),
 .UNSPECIFIED. ) ;
#1370 = AXIS2_PLACEMENT_3D ( 'NONE', #8303, #1304, #9903 ) ;
#1371 = ORIENTED_EDGE ( 'NONE', *, *, #2547, .F. ) ;
#1372 = CARTESIAN_POINT ( 'NONE',  ( 742.9355312668902798, 883.7150940134442862, 1212.008841161394685 ) ) ;
#1373 = B_SPLINE_CURVE_WITH_KNOTS ( 'NONE', 3,
 ( #5439, #2322, #3403, #9593, #986, #8974, #7475, #8044, #9697, #6560 ),
 .UNSPECIFIED., .F., .F.,
 ( 4, 3, 3, 4 ),
 ( 0.000000000000000000, 0.0001770953904237166829, 0.0003541907790578101745, 0.0006813326750119665575 ),
 .UNSPECIFIED. ) ;
#1374 = VERTEX_POINT ( 'NONE', #4671 ) ;
#1375 = CARTESIAN_POINT ( 'NONE',  ( 725.8370950929727314, 894.2453985451099925, 1212.380460436409521 ) ) ;
#1376 = CARTESIAN_POINT ( 'NONE',  ( 717.1800848525040237, 879.2510169669742481, 1212.380460436409521 ) ) ;
#1377 = ORIENTED_EDGE ( 'NONE', *, *, #499, .F. ) ;
#1378 = B_SPLINE_CURVE_WITH_KNOTS ( 'NONE', 3,
 ( #9149, #8875, #5737, #3356, #5886, #1149, #3459, #2682 ),
 .UNSPECIFIED., .F., .F.,
 ( 4, 2, 2, 4 ),
 ( 0.000000000000000000, 0.0005319171944577705475, 0.001063834388915541095, 0.002127668777830979841 ),
 .UNSPECIFIED. ) ;
#1379 = CARTESIAN_POINT ( 'NONE',  ( 726.6289521977034838, 892.3317484350146742, 1229.228001248683313 ) ) ;
#1380 = CIRCLE ( 'NONE', #4672, 18.17967805303275597 ) ;
#1381 = CARTESIAN_POINT ( 'NONE',  ( 733.3759019806956303, 890.6844518054820128, 1195.315484298459751 ) ) ;
#1382 = CARTESIAN_POINT ( 'NONE',  ( 734.2635293091277617, 886.6987266197926374, 1226.284089634589691 ) ) ;
#1383 = CARTESIAN_POINT ( 'NONE',  ( 717.1800848525040237, 879.2510169669742481, 1212.380460436409521 ) ) ;
#1384 = EDGE_CURVE ( 'NONE', #4853, #7652, #2694, .T. ) ;
#1385 = CARTESIAN_POINT ( 'NONE',  ( 736.4634475732096917, 886.6537031289967672, 1201.537282598621459 ) ) ;
#1386 = EDGE_CURVE ( 'NONE', #10066, #5816, #7742, .T. ) ;
#1387 = COORDINATED_UNIVERSAL_TIME_OFFSET ( 5, 0, .BEHIND. ) ;
#1388 = CARTESIAN_POINT ( 'NONE',  ( 716.2643437394227703, 896.7926666909853566, 1227.604136747415623 ) ) ;
#1389 = EDGE_LOOP ( 'NONE', ( #8213, #2617, #6928, #3074, #9696 ) ) ;
#1390 = CARTESIAN_POINT ( 'NONE',  ( 739.8957552697958135, 882.8566282069004956, 1215.724135348292293 ) ) ;
#1391 = AXIS2_PLACEMENT_3D ( 'NONE', #7448, #1166, #7293 ) ;
#1392 = CARTESIAN_POINT ( 'NONE',  ( 717.1800848525040237, 879.2510169669742481, 1212.380460436409521 ) ) ;
#1393 = CARTESIAN_POINT ( 'NONE',  ( 736.7218070309496625, 888.7526926240352623, 1226.943447398344233 ) ) ;
#1394 = B_SPLINE_CURVE_WITH_KNOTS ( 'NONE', 3,
 ( #3520, #9757, #5838, #2120, #6615, #6764, #9965, #4450 ),
 .UNSPECIFIED., .F., .F.,
 ( 4, 2, 2, 4 ),
 ( 0.000000000000000000, 0.0005319171944551594634, 0.001063834388910318927, 0.002127668777820738467 ),
 .UNSPECIFIED. ) ;
#1395 = CARTESIAN_POINT ( 'NONE',  ( 710.6549982265338485, 901.5542183066670532, 1214.432971186272653 ) ) ;
#1396 = LINE ( 'NONE', #4381, #3243 ) ;
#1397 = CARTESIAN_POINT ( 'NONE',  ( 717.5910644614513103, 904.7797492418605998, 1234.086781508788363 ) ) ;
#1398 = EDGE_CURVE ( 'NONE', #745, #9795, #9452, .T. ) ;
#1399 = VERTEX_POINT ( 'NONE', #6982 ) ;
#1400 = CARTESIAN_POINT ( 'NONE',  ( 717.1800848525040237, 879.2510169669742481, 1212.380460436409521 ) ) ;
#1401 = CARTESIAN_POINT ( 'NONE',  ( 714.7011814994754104, 899.2181533048437814, 1224.186850675803726 ) ) ;
#1402 = DIRECTION ( 'NONE',  ( 0.5845683251975080097, -0.3375006799125091494, -0.7378164841167310639 ) ) ;
#1403 = ORIENTED_EDGE ( 'NONE', *, *, #738, .T. ) ;
#1404 = CARTESIAN_POINT ( 'NONE',  ( 717.1800848525040237, 879.2510169669742481, 1212.380460436409521 ) ) ;
#1405 = CARTESIAN_POINT ( 'NONE',  ( 717.1800848525040237, 879.2510169669742481, 1212.380460436409521 ) ) ;
#1406 = FACE_OUTER_BOUND ( 'NONE', #5322, .T. ) ;
#1407 = CARTESIAN_POINT ( 'NONE',  ( 717.1800848525040237, 879.2510169669742481, 1212.380460436409521 ) ) ;
#1408 = CARTESIAN_POINT ( 'NONE',  ( 717.1800848525040237, 879.2510169669742481, 1212.380460436409521 ) ) ;
#1409 = CARTESIAN_POINT ( 'NONE',  ( 717.1800848525040237, 879.2510169669742481, 1212.380460436409521 ) ) ;
#1410 = CARTESIAN_POINT ( 'NONE',  ( 740.0357893865457299, 886.8393640189420921, 1222.591978174556971 ) ) ;
#1411 = EDGE_CURVE ( 'NONE', #4211, #4366, #5489, .T. ) ;
#1412 = ORIENTED_EDGE ( 'NONE', *, *, #8570, .F. ) ;
#1413 = B_SPLINE_CURVE_WITH_KNOTS ( 'NONE', 1,
 ( #8291, #1235 ),
 .UNSPECIFIED., .F., .F.,
 ( 2, 2 ),
 ( 0.000000000000000000, 0.002900000000004591180 ),
 .UNSPECIFIED. ) ;
#1414 = CARTESIAN_POINT ( 'NONE',  ( 741.2577048188271647, 884.0495458638125683, 1221.461786578135161 ) ) ;
#1415 = AXIS2_PLACEMENT_3D ( 'NONE', #2197, #4693, #7820 ) ;
#1416 = ORIENTED_EDGE ( 'NONE', *, *, #9552, .F. ) ;
#1417 = ORIENTED_EDGE ( 'NONE', *, *, #6229, .F. ) ;
#1418 = VERTEX_POINT ( 'NONE', #4722 ) ;
#1419 = DIRECTION ( 'NONE',  ( 0.5000000000000009992, 0.8660254037844381525, -5.726519994466740890E-15 ) ) ;
#1420 = ORIENTED_EDGE ( 'NONE', *, *, #1513, .T. ) ;
#1421 = ADVANCED_FACE ( 'NONE', ( #7075 ), #9154, .F. ) ;
#1422 = VERTEX_POINT ( 'NONE', #218 ) ;
#1423 = CARTESIAN_POINT ( 'NONE',  ( 734.3230397025433831, 888.2444758146958748, 1194.780249657793092 ) ) ;
#1424 = FACE_OUTER_BOUND ( 'NONE', #3467, .T. ) ;
#1425 = DIRECTION ( 'NONE',  ( 0.4999999999999988343, 0.8660254037844394848, -2.975261781898571487E-15 ) ) ;
#1426 = VERTEX_POINT ( 'NONE', #3305 ) ;
#1427 = ORIENTED_EDGE ( 'NONE', *, *, #9811, .F. ) ;
#1428 = DIRECTION ( 'NONE',  ( 0.5000000000000009992, 0.8660254037844381525, -5.726519994466740890E-15 ) ) ;
#1429 = AXIS2_PLACEMENT_3D ( 'NONE', #1762, #1095, #2734 ) ;
#1430 = VECTOR ( 'NONE', #1176, 1000.000000000000000 ) ;
#1431 = CARTESIAN_POINT ( 'NONE',  ( 739.4035063158463572, 883.1408282729732946, 1206.797344522939966 ) ) ;
#1432 = VERTEX_POINT ( 'NONE', #1102 ) ;
#1433 = ADVANCED_FACE ( 'NONE', ( #164 ), #4141, .F. ) ;
#1434 = CARTESIAN_POINT ( 'NONE',  ( 710.4895155565651521, 901.4918487905083566, 1214.413402607536455 ) ) ;
#1435 = CARTESIAN_POINT ( 'NONE',  ( 714.7977423411824702, 900.6189718280354555, 1199.309553005670296 ) ) ;
#1436 = CIRCLE ( 'NONE', #7349, 20.44804870789273821 ) ;
#1437 = CARTESIAN_POINT ( 'NONE',  ( 725.3236735400701036, 893.3561263297817732, 1212.380460436409521 ) ) ;
#1438 = DIRECTION ( 'NONE',  ( 0.8412806006087342192, 0.3088459638031738064, -0.4436903443640575762 ) ) ;
#1439 = CARTESIAN_POINT ( 'NONE',  ( 733.0539597667020644, 890.0787397830274585, 1230.083127564567803 ) ) ;
#1440 = DIRECTION ( 'NONE',  ( -0.5000000000000009992, -0.8660254037844381525, 5.977335943528133221E-15 ) ) ;
#1441 = ORIENTED_EDGE ( 'NONE', *, *, #5073, .F. ) ;
#1442 = CARTESIAN_POINT ( 'NONE',  ( 717.1800848525040237, 879.2510169669742481, 1212.380460436409521 ) ) ;
#1443 = CARTESIAN_POINT ( 'NONE',  ( 729.8163683615823629, 891.9479640522993122, 1230.050187815948675 ) ) ;
#1444 = CIRCLE ( 'NONE', #5238, 2.200000000000022382 ) ;
#1445 = ADVANCED_FACE ( 'NONE', ( #1766 ), #7329, .F. ) ;
#1446 = EDGE_CURVE ( 'NONE', #5090, #7331, #596, .T. ) ;
#1447 = FACE_OUTER_BOUND ( 'NONE', #284, .T. ) ;
#1448 = DIRECTION ( 'NONE',  ( -0.4999999999999988343, -0.8660254037844394848, 2.975261781898571487E-15 ) ) ;
#1449 = CARTESIAN_POINT ( 'NONE',  ( 727.1517386144275861, 893.4863887541098393, 1230.574799753430170 ) ) ;
#1450 = CARTESIAN_POINT ( 'NONE',  ( 738.7440797273860653, 883.5215483913262915, 1204.834669342918232 ) ) ;
#1451 = CONICAL_SURFACE ( 'NONE', #4910, 18.17967805303275597, 0.8981840042400328628 ) ;
#1452 = ORIENTED_EDGE ( 'NONE', *, *, #725, .T. ) ;
#1453 = CARTESIAN_POINT ( 'NONE',  ( 718.2757444291349884, 897.1543784351696331, 1227.296610210559265 ) ) ;
#1454 = DIRECTION ( 'NONE',  ( -0.1222990600461223432, 0.8651689402679176855, 0.4863390223984944694 ) ) ;
#1455 = ORIENTED_EDGE ( 'NONE', *, *, #4526, .T. ) ;
#1456 = CARTESIAN_POINT ( 'NONE',  ( 709.8225461848921896, 902.3057063810379077, 1222.266954435049001 ) ) ;
#1457 = EDGE_CURVE ( 'NONE', #6829, #220, #1230, .T. ) ;
#1458 = CARTESIAN_POINT ( 'NONE',  ( 725.4525182991571910, 893.1746745555363987, 1232.945643429420670 ) ) ;
#1459 = CARTESIAN_POINT ( 'NONE',  ( 724.4202779218370551, 891.7913992196671416, 1212.380460436409521 ) ) ;
#1460 = CARTESIAN_POINT ( 'NONE',  ( 726.1020214887698785, 892.9067469320789314, 1232.808747897382091 ) ) ;
#1461 = CARTESIAN_POINT ( 'NONE',  ( 718.4305384530979381, 898.5215760149098969, 1196.249970372253756 ) ) ;
#1462 = ORIENTED_EDGE ( 'NONE', *, *, #8891, .F. ) ;
#1463 = CARTESIAN_POINT ( 'NONE',  ( 742.2661078146828686, 890.5336063196061787, 1190.196798703381319 ) ) ;
#1464 = DIRECTION ( 'NONE',  ( 0.5845683251975072325, -0.3375006799125115364, -0.7378164841167307308 ) ) ;
#1465 = CARTESIAN_POINT ( 'NONE',  ( 717.1800848525040237, 879.2510169669742481, 1212.380460436409521 ) ) ;
#1466 = ORIENTED_EDGE ( 'NONE', *, *, #1411, .F. ) ;
#1467 = CARTESIAN_POINT ( 'NONE',  ( 709.9211018269537590, 904.2260869880340124, 1209.588619086519429 ) ) ;
#1468 = ORIENTED_EDGE ( 'NONE', *, *, #3833, .F. ) ;
#1469 = DIRECTION ( 'NONE',  ( -0.7745966692414824051, 0.4472135954999555407, -0.4472135954999619245 ) ) ;
#1470 = ADVANCED_FACE ( 'NONE', ( #2634 ), #4403, .T. ) ;
#1471 = CARTESIAN_POINT ( 'NONE',  ( 709.2230139030494911, 903.8375427924504493, 1208.534465199568558 ) ) ;
#1472 = CARTESIAN_POINT ( 'NONE',  ( 740.2616294204774476, 886.7089752145576540, 1202.589521034136396 ) ) ;
#1473 = PLANE ( 'NONE',  #9657 ) ;
#1474 = ORIENTED_EDGE ( 'NONE', *, *, #5035, .T. ) ;
#1475 = EDGE_LOOP ( 'NONE', ( #6118, #6780, #9858, #3736 ) ) ;
#1476 = LINE ( 'NONE', #1322, #226 ) ;
#1477 = CARTESIAN_POINT ( 'NONE',  ( 729.5237076875887396, 890.5024528398583925, 1196.114196646552500 ) ) ;
#1478 = B_SPLINE_SURFACE_WITH_KNOTS ( 'NONE', 3, 1, ( 
 ( #1605, #7508 ),
 ( #2037, #2763 ),
 ( #3747, #5202 ),
 ( #9830, #5911 ) ),
 .UNSPECIFIED., .F., .F., .F.,
 ( 4, 4 ),
 ( 2, 2 ),
 ( 0.000000000000000000, 1.000000000000000000 ),
 ( 0.000000000000000000, 1.000000000000000000 ),
 .UNSPECIFIED. ) ;
#1479 = CARTESIAN_POINT ( 'NONE',  ( 710.7584455580376925, 902.9510609131208412, 1217.874441847227217 ) ) ;
#1480 = B_SPLINE_CURVE_WITH_KNOTS ( 'NONE', 3,
 ( #2804, #5954, #1275, #3640 ),
 .UNSPECIFIED., .F., .F.,
 ( 4, 4 ),
 ( 0.000000000000000000, 0.001331005199731674464 ),
 .UNSPECIFIED. ) ;
#1481 = CARTESIAN_POINT ( 'NONE',  ( 739.8653847907748968, 884.9604654247123108, 1224.049830934799502 ) ) ;
#1482 = FACE_OUTER_BOUND ( 'NONE', #2741, .T. ) ;
#1483 = CARTESIAN_POINT ( 'NONE',  ( 740.5261791597173442, 885.7646519050259712, 1205.624627828242865 ) ) ;
#1484 = CARTESIAN_POINT ( 'NONE',  ( 739.5480079827061672, 884.8729117244054123, 1208.874320423926520 ) ) ;
#1485 = ORIENTED_EDGE ( 'NONE', *, *, #6788, .F. ) ;
#1486 = CARTESIAN_POINT ( 'NONE',  ( 736.4492039862257116, 886.5041576184368068, 1201.442236407643350 ) ) ;
#1487 = EDGE_CURVE ( 'NONE', #7692, #8522, #3227, .T. ) ;
#1488 = ORIENTED_EDGE ( 'NONE', *, *, #5117, .T. ) ;
#1489 = CARTESIAN_POINT ( 'NONE',  ( 737.4425645573920747, 887.1425627657571340, 1226.859425936227808 ) ) ;
#1490 = B_SPLINE_CURVE_WITH_KNOTS ( 'NONE', 1,
 ( #3684, #6058 ),
 .UNSPECIFIED., .F., .F.,
 ( 2, 2 ),
 ( 0.000000000000000000, 0.002900000000005459409 ),
 .UNSPECIFIED. ) ;
#1491 = CARTESIAN_POINT ( 'NONE',  ( 724.3297812433881973, 894.4571287979880481, 1192.353850407061373 ) ) ;
#1492 = CARTESIAN_POINT ( 'NONE',  ( 727.1866380301329400, 893.0638247070545503, 1192.592578875487334 ) ) ;
#1493 = CARTESIAN_POINT ( 'NONE',  ( 745.2624014099552596, 886.4942943290462836, 1212.380460436409066 ) ) ;
#1494 = CARTESIAN_POINT ( 'NONE',  ( 711.5982351133387738, 901.2805119002016454, 1199.459967052419415 ) ) ;
#1495 = CARTESIAN_POINT ( 'NONE',  ( 728.5490534925692145, 891.8811910552785776, 1192.531067910374531 ) ) ;
#1496 = EDGE_LOOP ( 'NONE', ( #982, #10011, #277, #6795 ) ) ;
#1497 = CARTESIAN_POINT ( 'NONE',  ( 742.8728299708744771, 883.1170529225029213, 1209.192238113252643 ) ) ;
#1498 = EDGE_CURVE ( 'NONE', #2475, #4872, #5583, .T. ) ;
#1499 = CIRCLE ( 'NONE', #2798, 18.17967805303275597 ) ;
#1500 = LINE ( 'NONE', #6031, #3521 ) ;
#1501 = EDGE_CURVE ( 'NONE', #8097, #5916, #2565, .T. ) ;
#1502 = B_SPLINE_CURVE_WITH_KNOTS ( 'NONE', 3,
 ( #3057, #7847, #740, #7027 ),
 .UNSPECIFIED., .F., .F.,
 ( 4, 4 ),
 ( 1.421779191586669218E-15, 0.001453450272830770357 ),
 .UNSPECIFIED. ) ;
#1503 = ORIENTED_EDGE ( 'NONE', *, *, #1870, .T. ) ;
#1504 = FACE_BOUND ( 'NONE', #4702, .T. ) ;
#1505 = CARTESIAN_POINT ( 'NONE',  ( 709.6234860331182972, 903.6402038842154525, 1206.807729395328352 ) ) ;
#1506 = DIRECTION ( 'NONE',  ( 0.5845683251975805073, -0.3375006799125558343, -0.7378164841166523491 ) ) ;
#1507 = AXIS2_PLACEMENT_3D ( 'NONE', #9424, #8648, #4641 ) ;
#1508 = CARTESIAN_POINT ( 'NONE',  ( 718.4182349491549076, 898.5625532300864506, 1194.815680137351819 ) ) ;
#1509 = CARTESIAN_POINT ( 'NONE',  ( 716.6550687629446657, 899.5466439184577894, 1197.516895702454576 ) ) ;
#1510 = CARTESIAN_POINT ( 'NONE',  ( 740.0387868523503130, 886.5903534689583694, 1222.736671123189808 ) ) ;
#1511 = CARTESIAN_POINT ( 'NONE',  ( 711.5566546971042499, 902.4902146518111294, 1222.912346966166524 ) ) ;
#1512 = CARTESIAN_POINT ( 'NONE',  ( 742.5399045437827681, 885.3910981184820912, 1214.197442185356749 ) ) ;
#1513 = EDGE_CURVE ( 'NONE', #4951, #6004, #9653, .T. ) ;
#1514 = VECTOR ( 'NONE', #2746, 999.9999999999998863 ) ;
#1515 = ORIENTED_EDGE ( 'NONE', *, *, #5843, .T. ) ;
#1516 = ORIENTED_EDGE ( 'NONE', *, *, #3504, .T. ) ;
#1517 = CARTESIAN_POINT ( 'NONE',  ( 711.5930837805168494, 902.5030560945598381, 1222.921715147702116 ) ) ;
#1518 = CONICAL_SURFACE ( 'NONE', #4321, 18.17967805303275597, 0.8981840042400328628 ) ;
#1519 = CARTESIAN_POINT ( 'NONE',  ( 709.1418282144579734, 903.8844153716133860, 1215.725011659299525 ) ) ;
#1520 = CARTESIAN_POINT ( 'NONE',  ( 713.4592807256369724, 900.0989734970635254, 1227.767028360344284 ) ) ;
#1521 = CARTESIAN_POINT ( 'NONE',  ( 717.1800848525040237, 879.2510169669742481, 1212.380460436409521 ) ) ;
#1522 = ADVANCED_FACE ( 'NONE', ( #2426 ), #9826, .T. ) ;
#1523 = ORIENTED_EDGE ( 'NONE', *, *, #6312, .F. ) ;
#1524 = VERTEX_POINT ( 'NONE', #4871 ) ;
#1525 = CARTESIAN_POINT ( 'NONE',  ( 717.1800848525040237, 879.2510169669742481, 1212.380460436409521 ) ) ;
#1526 = CARTESIAN_POINT ( 'NONE',  ( 729.5375550264726598, 889.8809071245672158, 1195.772627637938285 ) ) ;
#1527 = DIRECTION ( 'NONE',  ( 0.5845683251975080097, -0.3375006799125091494, -0.7378164841167310639 ) ) ;
#1528 = CARTESIAN_POINT ( 'NONE',  ( 714.4005247888491112, 901.6398909351697739, 1225.618802611085812 ) ) ;
#1529 = CIRCLE ( 'NONE', #4666, 19.56600634797359106 ) ;
#1530 = PLANE ( 'NONE',  #2019 ) ;
#1531 = DIRECTION ( 'NONE',  ( 0.5828102419031205850, 0.4580738949794114223, 0.6711933616114041934 ) ) ;
#1532 = EDGE_CURVE ( 'NONE', #2791, #4853, #282, .T. ) ;
#1533 = ORIENTED_EDGE ( 'NONE', *, *, #1360, .T. ) ;
#1534 = CARTESIAN_POINT ( 'NONE',  ( 726.5393828264762988, 893.1814147291905783, 1232.424328934968798 ) ) ;
#1535 = EDGE_LOOP ( 'NONE', ( #5839, #5857, #1962, #10021, #6559 ) ) ;
#1536 = LINE ( 'NONE', #4688, #6486 ) ;
#1537 = CARTESIAN_POINT ( 'NONE',  ( 734.6080373063917932, 887.7249247460015340, 1225.368212592620466 ) ) ;
#1538 = CIRCLE ( 'NONE', #8287, 20.44804870789273821 ) ;
#1539 = B_SPLINE_SURFACE_WITH_KNOTS ( 'NONE', 3, 1, ( 
 ( #1832, #4365 ),
 ( #9873, #7499 ),
 ( #3484, #8118 ),
 ( #291, #3431 ) ),
 .UNSPECIFIED., .F., .F., .F.,
 ( 4, 4 ),
 ( 2, 2 ),
 ( 0.000000000000000000, 1.000000000000000000 ),
 ( 0.000000000000000000, 1.000000000000000000 ),
 .UNSPECIFIED. ) ;
#1540 = DIRECTION ( 'NONE',  ( 0.8660254037844441477, -0.4999999999999902855, 0.000000000000000000 ) ) ;
#1541 = EDGE_CURVE ( 'NONE', #182, #4993, #3191, .T. ) ;
#1542 = CARTESIAN_POINT ( 'NONE',  ( 728.8394946389455527, 891.0554911615084848, 1228.779814499597705 ) ) ;
#1543 = CARTESIAN_POINT ( 'NONE',  ( 712.2174484343115637, 898.8367061091423693, 1200.893280737107943 ) ) ;
#1544 = CARTESIAN_POINT ( 'NONE',  ( 726.8973987077720267, 891.4051040264099584, 1229.682872777673765 ) ) ;
#1545 = EDGE_LOOP ( 'NONE', ( #868, #2207, #6983, #3336, #7639 ) ) ;
#1546 = AXIS2_PLACEMENT_3D ( 'NONE', #1661, #70, #1617 ) ;
#1547 = CARTESIAN_POINT ( 'NONE',  ( 717.1800848525040237, 879.2510169669742481, 1212.380460436409521 ) ) ;
#1548 = CARTESIAN_POINT ( 'NONE',  ( 714.3958078295311225, 899.3945248780908059, 1223.813439312755236 ) ) ;
#1549 = ORIENTED_EDGE ( 'NONE', *, *, #1803, .F. ) ;
#1550 = CARTESIAN_POINT ( 'NONE',  ( 734.7251996397463927, 887.6573614194635411, 1225.253883588702593 ) ) ;
#1551 = CARTESIAN_POINT ( 'NONE',  ( 738.1699344962414671, 885.0491676451065359, 1204.149639930784815 ) ) ;
#1552 = AXIS2_PLACEMENT_3D ( 'NONE', #6459, #8401, #4197 ) ;
#1553 = EDGE_CURVE ( 'NONE', #2391, #7674, #4980, .T. ) ;
#1554 = CARTESIAN_POINT ( 'NONE',  ( 711.7655018225352705, 902.3696367077239984, 1204.054650939983276 ) ) ;
#1555 = DIRECTION ( 'NONE',  ( -0.5845683251975072325, 0.3375006799125115364, 0.7378164841167307308 ) ) ;
#1556 = CARTESIAN_POINT ( 'NONE',  ( 739.8698868201807954, 884.8508029589172565, 1224.172128292184198 ) ) ;
#1557 = CARTESIAN_POINT ( 'NONE',  ( 741.2807157107378089, 885.3290200241807497, 1208.465762114912422 ) ) ;
#1558 = CARTESIAN_POINT ( 'NONE',  ( 738.7721251985116169, 885.3207874805565325, 1205.964540746885859 ) ) ;
#1559 = ORIENTED_EDGE ( 'NONE', *, *, #2912, .F. ) ;
#1560 = CARTESIAN_POINT ( 'NONE',  ( 729.9920565762765818, 891.8465304142517880, 1194.308033234926370 ) ) ;
#1561 = EDGE_CURVE ( 'NONE', #2391, #4608, #9586, .T. ) ;
#1562 = EDGE_CURVE ( 'NONE', #8713, #587, #6029, .T. ) ;
#1563 = CARTESIAN_POINT ( 'NONE',  ( 718.2056456377405311, 898.6514179423953692, 1196.390265349506763 ) ) ;
#1564 = AXIS2_PLACEMENT_3D ( 'NONE', #9344, #2117, #574 ) ;
#1565 = CARTESIAN_POINT ( 'NONE',  ( 712.8092591486004039, 901.7670231345517777, 1222.726287559686398 ) ) ;
#1566 = DIRECTION ( 'NONE',  ( 0.5000000000000011102, 0.8660254037844379305, -0.000000000000000000 ) ) ;
#1567 = VERTEX_POINT ( 'NONE', #5837 ) ;
#1568 = ORIENTED_EDGE ( 'NONE', *, *, #8949, .F. ) ;
#1569 = CARTESIAN_POINT ( 'NONE',  ( 717.1800848525040237, 879.2510169669742481, 1212.380460436409521 ) ) ;
#1570 = CARTESIAN_POINT ( 'NONE',  ( 717.8736372630088454, 899.6346885132876423, 1228.759296005243868 ) ) ;
#1571 = CARTESIAN_POINT ( 'NONE',  ( 718.4571400372847165, 897.2134580781113300, 1193.381829256958326 ) ) ;
#1572 = CARTESIAN_POINT ( 'NONE',  ( 717.1800848525040237, 879.2510169669742481, 1212.380460436409521 ) ) ;
#1573 = B_SPLINE_CURVE_WITH_KNOTS ( 'NONE', 3,
 ( #10104, #5976, #3033, #8294 ),
 .UNSPECIFIED., .F., .F.,
 ( 4, 4 ),
 ( 0.0009352727177710188494, 0.002387895279818283249 ),
 .UNSPECIFIED. ) ;
#1574 = ADVANCED_FACE ( 'NONE', ( #10107 ), #4965, .F. ) ;
#1575 = CARTESIAN_POINT ( 'NONE',  ( 739.4213542330461451, 886.4025228738470332, 1221.723653981769303 ) ) ;
#1576 = CARTESIAN_POINT ( 'NONE',  ( 720.1605801250435661, 887.9222743276628762, 1221.707103858687788 ) ) ;
#1577 = CARTESIAN_POINT ( 'NONE',  ( 730.0397198599052899, 891.8190120046184575, 1194.779646414606077 ) ) ;
#1578 = FACE_OUTER_BOUND ( 'NONE', #6772, .T. ) ;
#1579 = ORIENTED_EDGE ( 'NONE', *, *, #9039, .F. ) ;
#1580 = VERTEX_POINT ( 'NONE', #3710 ) ;
#1581 = CARTESIAN_POINT ( 'NONE',  ( 711.7256708995179224, 901.2069368147474506, 1225.479383860764528 ) ) ;
#1582 = ORIENTED_EDGE ( 'NONE', *, *, #7606, .F. ) ;
#1583 = DIRECTION ( 'NONE',  ( 0.5000000000000009992, 0.8660254037844381525, -5.726519994466740890E-15 ) ) ;
#1584 = FACE_OUTER_BOUND ( 'NONE', #4559, .T. ) ;
#1585 = B_SPLINE_CURVE_WITH_KNOTS ( 'NONE', 3,
 ( #198, #3340, #9060, #5211, #1290, #3497, #9112, #2873 ),
 .UNSPECIFIED., .F., .F.,
 ( 4, 2, 2, 4 ),
 ( 0.000000000000000000, 0.001064839483341999170, 0.001597259225012867892, 0.002129678966683736397 ),
 .UNSPECIFIED. ) ;
#1586 = EDGE_CURVE ( 'NONE', #7889, #6082, #9950, .T. ) ;
#1587 = AXIS2_PLACEMENT_3D ( 'NONE', #2421, #3111, #6253 ) ;
#1588 = FACE_OUTER_BOUND ( 'NONE', #5420, .T. ) ;
#1589 = CIRCLE ( 'NONE', #3365, 18.17967805303275597 ) ;
#1590 = CARTESIAN_POINT ( 'NONE',  ( 723.8132049178055922, 885.8134304203128977, 1203.215484622039412 ) ) ;
#1591 = B_SPLINE_CURVE_WITH_KNOTS ( 'NONE', 3,
 ( #2363, #9535, #781, #4073, #10167, #9439, #7206, #729 ),
 .UNSPECIFIED., .F., .F.,
 ( 4, 2, 2, 4 ),
 ( 0.000000000000000000, 0.0005319171944486514314, 0.001063834388897302863, 0.002127668777795106627 ),
 .UNSPECIFIED. ) ;
#1592 = CARTESIAN_POINT ( 'NONE',  ( 739.5853354426267288, 885.6493304744207080, 1200.528227101677203 ) ) ;
#1593 = CARTESIAN_POINT ( 'NONE',  ( 727.5051684902269926, 890.0103368195198072, 1230.207741805746764 ) ) ;
#1594 = VERTEX_POINT ( 'NONE', #8201 ) ;
#1595 = CARTESIAN_POINT ( 'NONE',  ( 733.1900446853048834, 890.7892422246593469, 1195.214417850761038 ) ) ;
#1596 = CARTESIAN_POINT ( 'NONE',  ( 717.1800848525040237, 879.2510169669742481, 1212.380460436409521 ) ) ;
#1597 = AXIS2_PLACEMENT_3D ( 'NONE', #2595, #901, #1826 ) ;
#1598 = CARTESIAN_POINT ( 'NONE',  ( 724.9290296419022752, 891.7901079527831598, 1194.407329681060901 ) ) ;
#1599 = ORIENTED_EDGE ( 'NONE', *, *, #7654, .T. ) ;
#1600 = CARTESIAN_POINT ( 'NONE',  ( 725.3236735400701036, 893.3561263297817732, 1212.380460436409521 ) ) ;
#1601 = CARTESIAN_POINT ( 'NONE',  ( 717.1800848525040237, 879.2510169669742481, 1212.380460436409521 ) ) ;
#1602 = CARTESIAN_POINT ( 'NONE',  ( 717.1800848525040237, 879.2510169669742481, 1212.380460436409521 ) ) ;
#1603 = AXIS2_PLACEMENT_3D ( 'NONE', #2528, #1709, #1863 ) ;
#1604 = LINE ( 'NONE', #4757, #9836 ) ;
#1605 = CARTESIAN_POINT ( 'NONE',  ( 717.1800848525040237, 879.2510169669742481, 1212.380460436409521 ) ) ;
#1606 = DIRECTION ( 'NONE',  ( 0.8660254037844280495, -0.5000000000000182077, 0.000000000000000000 ) ) ;
#1607 = CARTESIAN_POINT ( 'NONE',  ( 748.4506273993276864, 888.1176728109828673, 1259.290028565962530 ) ) ;
#1608 = EDGE_CURVE ( 'NONE', #2667, #1797, #8012, .T. ) ;
#1609 = ORIENTED_EDGE ( 'NONE', *, *, #9767, .F. ) ;
#1610 = CARTESIAN_POINT ( 'NONE',  ( 708.6707233685488063, 903.3578210894032736, 1206.974350903691629 ) ) ;
#1611 = EDGE_LOOP ( 'NONE', ( #5796, #4555, #5437, #4634 ) ) ;
#1612 = CARTESIAN_POINT ( 'NONE',  ( 713.0681505245401013, 900.1610809314425978, 1221.871903021798744 ) ) ;
#1613 = CARTESIAN_POINT ( 'NONE',  ( 729.0812726401245527, 891.5739141871692937, 1232.110667288760851 ) ) ;
#1614 = ORIENTED_EDGE ( 'NONE', *, *, #9261, .F. ) ;
#1615 = EDGE_CURVE ( 'NONE', #6131, #7958, #6389, .T. ) ;
#1616 = VERTEX_POINT ( 'NONE', #7675 ) ;
#1617 = DIRECTION ( 'NONE',  ( 0.5845683251973953221, -0.3375006799124491974, -0.7378164841168477484 ) ) ;
#1618 = EDGE_CURVE ( 'NONE', #1686, #8876, #9220, .T. ) ;
#1619 = CARTESIAN_POINT ( 'NONE',  ( 780.5717232886125885, 885.6597085723892633, 1239.380460436408839 ) ) ;
#1620 = CARTESIAN_POINT ( 'NONE',  ( 727.5620725131203699, 893.2494823672416260, 1194.231880037356859 ) ) ;
#1621 = CARTESIAN_POINT ( 'NONE',  ( 737.8766345065381529, 885.6800302232852573, 1220.975364006038035 ) ) ;
#1622 = CARTESIAN_POINT ( 'NONE',  ( 735.1449694894671438, 888.8714947567107174, 1200.632469883719978 ) ) ;
#1623 = CARTESIAN_POINT ( 'NONE',  ( 742.3735306651514065, 884.6980830160762252, 1213.587015962879150 ) ) ;
#1624 = DIRECTION ( 'NONE',  ( 0.5845683251974691519, -0.3375006799124946055, -0.7378164841167684784 ) ) ;
#1625 = CARTESIAN_POINT ( 'NONE',  ( 724.4202779218370551, 891.7913992196671416, 1212.380460436409521 ) ) ;
#1626 = VERTEX_POINT ( 'NONE', #720 ) ;
#1627 = ORIENTED_EDGE ( 'NONE', *, *, #3432, .T. ) ;
#1628 = CARTESIAN_POINT ( 'NONE',  ( 745.7425381565838052, 882.7529856339947401, 1212.380460436409294 ) ) ;
#1629 = EDGE_LOOP ( 'NONE', ( #4937, #8892, #4202, #4209 ) ) ;
#1630 = CARTESIAN_POINT ( 'NONE',  ( 775.6024668973318512, 872.4415509678161698, 1201.427045165728259 ) ) ;
#1631 = ADVANCED_FACE ( 'NONE', ( #372 ), #9892, .F. ) ;
#1632 = DIRECTION ( 'NONE',  ( 0.5000000000000009992, 0.8660254037844381525, -5.726519994466740890E-15 ) ) ;
#1633 = DIRECTION ( 'NONE',  ( -0.5845683251975072325, 0.3375006799125115364, 0.7378164841167307308 ) ) ;
#1634 = CARTESIAN_POINT ( 'NONE',  ( 728.1420295588644649, 891.7289477236608946, 1232.567878673904943 ) ) ;
#1635 = CARTESIAN_POINT ( 'NONE',  ( 717.1800848525040237, 879.2510169669742481, 1212.380460436409521 ) ) ;
#1636 = B_SPLINE_CURVE_WITH_KNOTS ( 'NONE', 3,
 ( #3995, #7141, #1729, #6476 ),
 .UNSPECIFIED., .F., .F.,
 ( 4, 4 ),
 ( 1.005213310419173066E-05, 0.001341057332774119775 ),
 .UNSPECIFIED. ) ;
#1637 = CARTESIAN_POINT ( 'NONE',  ( 708.7158463808052602, 900.8583569973205840, 1211.091351928926088 ) ) ;
#1638 = ORIENTED_EDGE ( 'NONE', *, *, #4867, .F. ) ;
#1639 = CARTESIAN_POINT ( 'NONE',  ( 711.8646545990125105, 901.0196313205266279, 1198.848949890448921 ) ) ;
#1640 = CARTESIAN_POINT ( 'NONE',  ( 724.8654722198034506, 895.3506707565584293, 1231.495197841516529 ) ) ;
#1641 = CARTESIAN_POINT ( 'NONE',  ( 740.1044278753030312, 883.0285961061680382, 1213.096545152217232 ) ) ;
#1642 = EDGE_CURVE ( 'NONE', #8134, #7070, #9090, .T. ) ;
#1643 = CARTESIAN_POINT ( 'NONE',  ( 724.9343367424689859, 891.4946072211918136, 1194.210475512071753 ) ) ;
#1644 = EDGE_LOOP ( 'NONE', ( #5336, #5841, #8215, #5867, #6268, #7521, #6059, #1311, #4612, #2597, #6200, #3475, #2300, #7320, #3094, #5449, #5148, #3888, #2438, #4986, #2940, #7316, #4569, #4907, #5023, #280, #3826, #2585, #6474, #3853, #1904, #6634, #2529, #5132, #1075, #1907, #4059, #125, #4020, #3238, #9797, #8469, #7537, #2451, #6774, #1971, #1297, #694, #10185, #3628, #3023, #1675, #9832, #3063, #9021, #1559, #4687, #318, #580, #1609, #6618, #7978, #1078, #3351, #707, #6529, #1015, #3139, #3873, #3879, #1775, #7134, #7008, #5387, #7187, #8894, #3180, #5285, #3791, #9455, #9360, #5997, #5851, #9975, #9963, #4222 ) ) ;
#1645 = CARTESIAN_POINT ( 'NONE',  ( 708.0575611577664858, 903.2176577436600837, 1207.126144245970409 ) ) ;
#1646 = CARTESIAN_POINT ( 'NONE',  ( 709.4005286620906645, 902.9365970207394412, 1220.206374574013807 ) ) ;
#1647 = CARTESIAN_POINT ( 'NONE',  ( 717.1800848525040237, 879.2510169669742481, 1212.380460436409521 ) ) ;
#1648 = CARTESIAN_POINT ( 'NONE',  ( 739.3774371899936568, 886.4278783904753709, 1200.617207530156293 ) ) ;
#1649 = CARTESIAN_POINT ( 'NONE',  ( 712.6257854234909246, 900.1037251487064168, 1221.727980828342425 ) ) ;
#1650 = CARTESIAN_POINT ( 'NONE',  ( 707.6750527934783577, 903.5455622686533843, 1214.061018959944249 ) ) ;
#1651 = CARTESIAN_POINT ( 'NONE',  ( 728.7934815541570970, 891.3528317388145297, 1232.432142138641666 ) ) ;
#1652 = CARTESIAN_POINT ( 'NONE',  ( 721.9606704525139094, 895.0268854036279436, 1228.887741322247848 ) ) ;
#1653 = ORIENTED_EDGE ( 'NONE', *, *, #3220, .F. ) ;
#1654 = PLANE ( 'NONE',  #2823 ) ;
#1655 = ADVANCED_FACE ( 'NONE', ( #2505 ), #4875, .F. ) ;
#1656 = CARTESIAN_POINT ( 'NONE',  ( 714.4538278026672060, 900.8175309794253280, 1199.708982153711304 ) ) ;
#1657 = CONICAL_SURFACE ( 'NONE', #4469, 20.44804870789273821, 0.7096869864122512528 ) ;
#1658 = CARTESIAN_POINT ( 'NONE',  ( 725.3236735400701036, 893.3561263297817732, 1212.380460436409521 ) ) ;
#1659 = VERTEX_POINT ( 'NONE', #3137 ) ;
#1660 = EDGE_LOOP ( 'NONE', ( #3102, #4766 ) ) ;
#1661 = CARTESIAN_POINT ( 'NONE',  ( 725.8370950929727314, 894.2453985451099925, 1212.380460436409521 ) ) ;
#1662 = CARTESIAN_POINT ( 'NONE',  ( 717.1800848525040237, 879.2510169669742481, 1212.380460436409521 ) ) ;
#1663 = CIRCLE ( 'NONE', #10076, 19.56600634797374383 ) ;
#1664 = FACE_OUTER_BOUND ( 'NONE', #7815, .T. ) ;
#1665 = EDGE_CURVE ( 'NONE', #8203, #1314, #4061, .T. ) ;
#1666 = LINE ( 'NONE', #8836, #5458 ) ;
#1667 = EDGE_CURVE ( 'NONE', #4685, #5845, #444, .T. ) ;
#1668 = CARTESIAN_POINT ( 'NONE',  ( 708.9842698825544858, 900.7033826163160484, 1215.959133634995851 ) ) ;
#1669 = ORIENTED_EDGE ( 'NONE', *, *, #2758, .F. ) ;
#1670 = CIRCLE ( 'NONE', #5150, 18.17967805303275597 ) ;
#1671 = CARTESIAN_POINT ( 'NONE',  ( 736.4634475732096917, 886.6537031289967672, 1201.537282598621459 ) ) ;
#1672 = VECTOR ( 'NONE', #111, 1000.000000000000000 ) ;
#1673 = ORIENTED_EDGE ( 'NONE', *, *, #3581, .T. ) ;
#1674 = CARTESIAN_POINT ( 'NONE',  ( 730.6220437013345190, 891.5166809618771140, 1231.138317044454880 ) ) ;
#1675 = ORIENTED_EDGE ( 'NONE', *, *, #8729, .F. ) ;
#1676 = DIRECTION ( 'NONE',  ( 0.000000000000000000, -0.7071067811865475727, 0.7071067811865475727 ) ) ;
#1677 = CARTESIAN_POINT ( 'NONE',  ( 736.6864043929532500, 885.9055750201641786, 1223.204451585720335 ) ) ;
#1678 = CARTESIAN_POINT ( 'NONE',  ( 711.0889102953178735, 902.7602670080939333, 1221.101055124539926 ) ) ;
#1679 = EDGE_CURVE ( 'NONE', #6740, #2849, #10085, .T. ) ;
#1680 = CARTESIAN_POINT ( 'NONE',  ( 727.1964335392598286, 892.0040965542448248, 1195.609818718351562 ) ) ;
#1681 = ADVANCED_FACE ( 'NONE', ( #9478 ), #3378, .F. ) ;
#1682 = CARTESIAN_POINT ( 'NONE',  ( 719.0494936601380687, 895.4824381269055493, 1195.837502108478702 ) ) ;
#1683 = CARTESIAN_POINT ( 'NONE',  ( 709.7545773116310102, 901.3025165741551064, 1212.719129112603014 ) ) ;
#1684 = ORIENTED_EDGE ( 'NONE', *, *, #114, .F. ) ;
#1685 = CARTESIAN_POINT ( 'NONE',  ( 714.7544242799312997, 898.8747549319359678, 1200.052512580080929 ) ) ;
#1686 = VERTEX_POINT ( 'NONE', #9429 ) ;
#1687 = CARTESIAN_POINT ( 'NONE',  ( 717.1800848525040237, 879.2510169669742481, 1212.380460436409521 ) ) ;
#1688 = VERTEX_POINT ( 'NONE', #45 ) ;
#1689 = CIRCLE ( 'NONE', #3838, 20.44804870789273821 ) ;
#1690 = CARTESIAN_POINT ( 'NONE',  ( 725.1093867901549856, 893.2089731784886908, 1195.453441353517064 ) ) ;
#1691 = VERTEX_POINT ( 'NONE', #3234 ) ;
#1692 = CARTESIAN_POINT ( 'NONE',  ( 736.0406394869610267, 887.0616199375450606, 1195.994426522565846 ) ) ;
#1693 = CARTESIAN_POINT ( 'NONE',  ( 718.0069801908459795, 897.6645571658884819, 1193.811981663761571 ) ) ;
#1694 = EDGE_CURVE ( 'NONE', #173, #839, #1444, .T. ) ;
#1695 = CARTESIAN_POINT ( 'NONE',  ( 739.0274885261347890, 886.6299213457569977, 1200.801223000960363 ) ) ;
#1696 = CIRCLE ( 'NONE', #9111, 19.56600634797374028 ) ;
#1697 = B_SPLINE_SURFACE_WITH_KNOTS ( 'NONE', 3, 1, ( 
 ( #10186, #8582 ),
 ( #945, #5446 ),
 ( #5633, #119 ),
 ( #6408, #893 ),
 ( #1525, #2476 ),
 ( #1569, #6260 ) ),
 .UNSPECIFIED., .F., .F., .F.,
 ( 4, 1, 1, 4 ),
 ( 2, 2 ),
 ( 0.000000000000000000, 0.3395620866332510479, 0.7109345430498769103, 1.000000000000000000 ),
 ( 0.000000000000000000, 1.000000000000000000 ),
 .UNSPECIFIED. ) ;
#1698 = DIRECTION ( 'NONE',  ( -0.5000000000000009992, -0.8660254037844382635, -0.000000000000000000 ) ) ;
#1699 = VERTEX_POINT ( 'NONE', #5562 ) ;
#1700 = CARTESIAN_POINT ( 'NONE',  ( 740.4779786005007054, 885.7924805108648343, 1219.274387861910554 ) ) ;
#1701 = FACE_OUTER_BOUND ( 'NONE', #8192, .T. ) ;
#1702 = ORIENTED_EDGE ( 'NONE', *, *, #7165, .F. ) ;
#1703 = AXIS2_PLACEMENT_3D ( 'NONE', #1727, #907, #6271 ) ;
#1704 = ORIENTED_EDGE ( 'NONE', *, *, #6048, .T. ) ;
#1705 = CARTESIAN_POINT ( 'NONE',  ( 740.1776906286389703, 885.1672650604423325, 1201.477185918928399 ) ) ;
#1706 = ADVANCED_FACE ( 'NONE', ( #93 ), #3735, .T. ) ;
#1707 = CARTESIAN_POINT ( 'NONE',  ( 739.3825430109981198, 886.4249305433439758, 1202.962419898821281 ) ) ;
#1708 = LINE ( 'NONE', #4869, #6526 ) ;
#1709 = DIRECTION ( 'NONE',  ( -0.4999999999999988343, -0.8660254037844394848, 2.975261781898571487E-15 ) ) ;
#1710 = ORIENTED_EDGE ( 'NONE', *, *, #7819, .F. ) ;
#1711 = ORIENTED_EDGE ( 'NONE', *, *, #10001, .T. ) ;
#1712 = CARTESIAN_POINT ( 'NONE',  ( 742.7031782568567451, 883.7093033124724570, 1208.993940832670432 ) ) ;
#1713 = CARTESIAN_POINT ( 'NONE',  ( 725.3236735400701036, 893.3561263297817732, 1212.380460436409521 ) ) ;
#1714 = CARTESIAN_POINT ( 'NONE',  ( 728.0538299647550957, 892.9655660701643001, 1194.303006185926279 ) ) ;
#1715 = FACE_OUTER_BOUND ( 'NONE', #4298, .T. ) ;
#1716 = ADVANCED_FACE ( 'NONE', ( #6333 ), #8673, .T. ) ;
#1717 = ORIENTED_EDGE ( 'NONE', *, *, #5231, .T. ) ;
#1718 = CARTESIAN_POINT ( 'NONE',  ( 715.2312063757188980, 899.1830149639091587, 1229.182608255733385 ) ) ;
#1719 = FACE_OUTER_BOUND ( 'NONE', #3460, .T. ) ;
#1720 = DIRECTION ( 'NONE',  ( 0.8941083662127439213, 0.2783458391110130159, -0.3508472934454017200 ) ) ;
#1721 = B_SPLINE_CURVE_WITH_KNOTS ( 'NONE', 3,
 ( #2372, #9494, #1560, #7891 ),
 .UNSPECIFIED., .F., .F.,
 ( 4, 4 ),
 ( 1.005213310394798846E-05, 0.001341057332774001597 ),
 .UNSPECIFIED. ) ;
#1722 = ORIENTED_EDGE ( 'NONE', *, *, #1498, .F. ) ;
#1723 = CARTESIAN_POINT ( 'NONE',  ( 742.7244773159521856, 884.0927745624251202, 1214.935161377887425 ) ) ;
#1724 = ORIENTED_EDGE ( 'NONE', *, *, #1562, .T. ) ;
#1725 = CARTESIAN_POINT ( 'NONE',  ( 717.1800848525040237, 879.2510169669742481, 1212.380460436409521 ) ) ;
#1726 = ORIENTED_EDGE ( 'NONE', *, *, #3120, .F. ) ;
#1727 = CARTESIAN_POINT ( 'NONE',  ( 725.3236735400701036, 893.3561263297817732, 1212.380460436409521 ) ) ;
#1728 = AXIS2_PLACEMENT_3D ( 'NONE', #9115, #2044, #5212 ) ;
#1729 = CARTESIAN_POINT ( 'NONE',  ( 712.5115889054590070, 901.9388831295590307, 1201.756333272954407 ) ) ;
#1730 = EDGE_CURVE ( 'NONE', #1963, #9711, #9842, .T. ) ;
#1731 = B_SPLINE_CURVE_WITH_KNOTS ( 'NONE', 3,
 ( #4373, #2921, #5361, #6794, #1286, #10040, #8390, #5965, #8341, #6069 ),
 .UNSPECIFIED., .F., .F.,
 ( 4, 3, 3, 4 ),
 ( 0.000000000000000000, 0.0001770958401172271124, 0.0003541916793410792783, 0.0006316937728061977359 ),
 .UNSPECIFIED. ) ;
#1732 = FACE_BOUND ( 'NONE', #3000, .T. ) ;
#1733 = B_SPLINE_SURFACE_WITH_KNOTS ( 'NONE', 3, 1, ( 
 ( #5216, #8350 ),
 ( #2150, #3660 ),
 ( #6904, #10048 ),
 ( #6078, #613 ) ),
 .UNSPECIFIED., .F., .F., .F.,
 ( 4, 4 ),
 ( 2, 2 ),
 ( 0.000000000000000000, 1.000000000000000000 ),
 ( 0.000000000000000000, 1.000000000000000000 ),
 .UNSPECIFIED. ) ;
#1734 = DIRECTION ( 'NONE',  ( -1.000000000000000000, -0.000000000000000000, -0.000000000000000000 ) ) ;
#1735 = CARTESIAN_POINT ( 'NONE',  ( 708.7685444620710769, 900.8279317459134745, 1210.414496622048318 ) ) ;
#1736 = CARTESIAN_POINT ( 'NONE',  ( 733.3106103913328297, 887.8545905957283821, 1226.793062420560318 ) ) ;
#1737 = CARTESIAN_POINT ( 'NONE',  ( 738.0918702631497581, 887.1701008017500953, 1223.917315033978412 ) ) ;
#1738 = ORIENTED_EDGE ( 'NONE', *, *, #4587, .T. ) ;
#1739 = CARTESIAN_POINT ( 'NONE',  ( 714.2723532598618021, 901.7138908019326209, 1199.295899637326102 ) ) ;
#1740 = CARTESIAN_POINT ( 'NONE',  ( 717.1800848525040237, 879.2510169669742481, 1212.380460436409521 ) ) ;
#1741 = CARTESIAN_POINT ( 'NONE',  ( 714.1750274202466926, 901.0123702391290408, 1198.224080636092594 ) ) ;
#1742 = ORIENTED_EDGE ( 'NONE', *, *, #4526, .F. ) ;
#1743 = CARTESIAN_POINT ( 'NONE',  ( 717.1800848525040237, 879.2510169669742481, 1212.380460436409521 ) ) ;
#1744 = ADVANCED_FACE ( 'NONE', ( #3388 ), #168, .F. ) ;
#1745 = EDGE_CURVE ( 'NONE', #3021, #9758, #4811, .T. ) ;
#1746 = VERTEX_POINT ( 'NONE', #3335 ) ;
#1747 = B_SPLINE_CURVE_WITH_KNOTS ( 'NONE', 1,
 ( #7491, #4459 ),
 .UNSPECIFIED., .F., .F.,
 ( 2, 2 ),
 ( 0.000000000000000000, 0.002900000000001009843 ),
 .UNSPECIFIED. ) ;
#1748 = VECTOR ( 'NONE', #9158, 1000.000000000000114 ) ;
#1749 = B_SPLINE_CURVE_WITH_KNOTS ( 'NONE', 3,
 ( #7382, #7581, #9134, #2685, #8979, #3673, #6667, #2738, #5889, #2896 ),
 .UNSPECIFIED., .F., .F.,
 ( 4, 3, 3, 4 ),
 ( 0.000000000000000000, 0.0001770953904237645234, 0.0003541907790579256962, 0.0006813326750120239118 ),
 .UNSPECIFIED. ) ;
#1750 = ORIENTED_EDGE ( 'NONE', *, *, #7618, .T. ) ;
#1751 = DIRECTION ( 'NONE',  ( -0.4999999999999988343, -0.8660254037844394848, 2.975261781898571487E-15 ) ) ;
#1752 = DIRECTION ( 'NONE',  ( -0.5000000000000009992, -0.8660254037844381525, 5.977335943528133221E-15 ) ) ;
#1753 = DIRECTION ( 'NONE',  ( -0.5845683251975072325, 0.3375006799125115364, 0.7378164841167307308 ) ) ;
#1754 = CARTESIAN_POINT ( 'NONE',  ( 741.2121886281705656, 885.3685841537478609, 1208.120527141220691 ) ) ;
#1755 = AXIS2_PLACEMENT_3D ( 'NONE', #4410, #5140, #8267 ) ;
#1756 = EDGE_LOOP ( 'NONE', ( #2979, #3164, #7174, #8996 ) ) ;
#1757 = CARTESIAN_POINT ( 'NONE',  ( 720.0071956497046131, 896.1548213605100273, 1228.207497519604203 ) ) ;
#1758 = CARTESIAN_POINT ( 'NONE',  ( 709.7505674352328242, 904.3245450650002795, 1211.778966538699251 ) ) ;
#1759 = EDGE_CURVE ( 'NONE', #1594, #8876, #4224, .T. ) ;
#1760 = EDGE_LOOP ( 'NONE', ( #1403, #1599, #2318, #7151, #7078 ) ) ;
#1761 = CARTESIAN_POINT ( 'NONE',  ( 717.1800848525040237, 879.2510169669742481, 1212.380460436409521 ) ) ;
#1762 = CARTESIAN_POINT ( 'NONE',  ( 716.3358509985482669, 903.1950459957990915, 1190.196798703381546 ) ) ;
#1763 = CARTESIAN_POINT ( 'NONE',  ( 713.4280281235475059, 899.9532727518563888, 1202.302524575686448 ) ) ;
#1764 = CARTESIAN_POINT ( 'NONE',  ( 731.1250041629409679, 890.5339050161805972, 1193.363500441153064 ) ) ;
#1765 = CARTESIAN_POINT ( 'NONE',  ( 717.1800848525040237, 879.2510169669742481, 1212.380460436409521 ) ) ;
#1766 = FACE_OUTER_BOUND ( 'NONE', #8629, .T. ) ;
#1767 = AXIS2_PLACEMENT_3D ( 'NONE', #6555, #9690, #2620 ) ;
#1768 = ORIENTED_EDGE ( 'NONE', *, *, #978, .F. ) ;
#1769 = ORIENTED_EDGE ( 'NONE', *, *, #2368, .T. ) ;
#1770 = CARTESIAN_POINT ( 'NONE',  ( 713.7930139697458571, 897.9270529231562250, 1225.793726579872100 ) ) ;
#1771 = EDGE_CURVE ( 'NONE', #7538, #3582, #7991, .T. ) ;
#1772 = CARTESIAN_POINT ( 'NONE',  ( 714.4353155397097908, 900.8282190394273812, 1225.029727536285009 ) ) ;
#1773 = DIRECTION ( 'NONE',  ( 0.5845683251975041239, -0.3375006799125134238, -0.7378164841167321741 ) ) ;
#1774 = DIRECTION ( 'NONE',  ( 0.5000000000000004441, 0.8660254037844383745, -9.910297435075217688E-15 ) ) ;
#1775 = ORIENTED_EDGE ( 'NONE', *, *, #2434, .T. ) ;
#1776 = CARTESIAN_POINT ( 'NONE',  ( 710.8418764276881348, 899.6308929774564831, 1203.178827722709684 ) ) ;
#1777 = LINE ( 'NONE', #177, #1207 ) ;
#1778 = ADVANCED_FACE ( 'NONE', ( #7307 ), #2898, .F. ) ;
#1779 = VERTEX_POINT ( 'NONE', #302 ) ;
#1780 = FACE_OUTER_BOUND ( 'NONE', #3850, .T. ) ;
#1781 = ORIENTED_EDGE ( 'NONE', *, *, #7029, .F. ) ;
#1782 = CARTESIAN_POINT ( 'NONE',  ( 717.1800848525040237, 879.2510169669742481, 1212.380460436409521 ) ) ;
#1783 = ORIENTED_EDGE ( 'NONE', *, *, #9856, .T. ) ;
#1784 = CARTESIAN_POINT ( 'NONE',  ( 739.8462688564038672, 884.7006943532254581, 1211.502260812186478 ) ) ;
#1785 = CARTESIAN_POINT ( 'NONE',  ( 736.9150782554521584, 884.8699679677370113, 1223.301349115296944 ) ) ;
#1786 = B_SPLINE_SURFACE_WITH_KNOTS ( 'NONE', 3, 1, ( 
 ( #2032, #9671 ),
 ( #1168, #4316 ),
 ( #6682, #5146 ),
 ( #4265, #5098 ),
 ( #393, #9824 ),
 ( #5806, #7398 ) ),
 .UNSPECIFIED., .F., .F., .F.,
 ( 4, 1, 1, 4 ),
 ( 2, 2 ),
 ( 0.000000000000000000, 0.3395620866332510479, 0.7109345430498769103, 1.000000000000000000 ),
 ( 0.000000000000000000, 1.000000000000000000 ),
 .UNSPECIFIED. ) ;
#1787 = DIRECTION ( 'NONE',  ( 0.5845683251975080097, -0.3375006799125091494, -0.7378164841167310639 ) ) ;
#1788 = CARTESIAN_POINT ( 'NONE',  ( 723.3559382263169937, 895.6778951299753544, 1193.025346937740778 ) ) ;
#1789 = CARTESIAN_POINT ( 'NONE',  ( 741.3909412238356254, 886.0569667408897203, 1205.186378376361063 ) ) ;
#1790 = EDGE_CURVE ( 'NONE', #9627, #4770, #2222, .T. ) ;
#1791 = CARTESIAN_POINT ( 'NONE',  ( 737.9942932030390921, 887.2264369436716152, 1224.053944949308061 ) ) ;
#1792 = EDGE_LOOP ( 'NONE', ( #2122, #6168, #4355, #1549 ) ) ;
#1793 = CARTESIAN_POINT ( 'NONE',  ( 717.1800848525040237, 879.2510169669742481, 1212.380460436409521 ) ) ;
#1794 = CARTESIAN_POINT ( 'NONE',  ( 739.3672971392387581, 884.9771648003637665, 1216.757809838402864 ) ) ;
#1795 = CARTESIAN_POINT ( 'NONE',  ( 743.0319199950596385, 883.1322654721203662, 1212.264820421596141 ) ) ;
#1796 = CARTESIAN_POINT ( 'NONE',  ( 725.3236735400701036, 893.3561263297817732, 1212.380460436409521 ) ) ;
#1797 = VERTEX_POINT ( 'NONE', #3494 ) ;
#1798 = CARTESIAN_POINT ( 'NONE',  ( 715.9408033471643193, 897.7308973072670142, 1226.468742716243469 ) ) ;
#1799 = CARTESIAN_POINT ( 'NONE',  ( 716.1742659546955565, 898.6385392621239134, 1194.873114823515834 ) ) ;
#1800 = CARTESIAN_POINT ( 'NONE',  ( 735.0211355904259563, 887.4864223405126040, 1224.954137414683828 ) ) ;
#1801 = EDGE_CURVE ( 'NONE', #902, #2393, #3405, .T. ) ;
#1802 = DIRECTION ( 'NONE',  ( -0.5845683251975072325, 0.3375006799125115364, 0.7378164841167307308 ) ) ;
#1803 = EDGE_CURVE ( 'NONE', #5609, #8799, #2252, .T. ) ;
#1804 = ORIENTED_EDGE ( 'NONE', *, *, #4692, .T. ) ;
#1805 = CARTESIAN_POINT ( 'NONE',  ( 735.0178472962790011, 887.4884119003329488, 1199.803065518152835 ) ) ;
#1806 = CARTESIAN_POINT ( 'NONE',  ( 709.7451938215510836, 904.3251331819585630, 1212.014994442656189 ) ) ;
#1807 = ORIENTED_EDGE ( 'NONE', *, *, #1532, .F. ) ;
#1808 = CARTESIAN_POINT ( 'NONE',  ( 727.9066135001585280, 889.7785624350298121, 1194.652103309309041 ) ) ;
#1809 = CARTESIAN_POINT ( 'NONE',  ( 716.3031797529397409, 899.7498071331091296, 1197.815451926003561 ) ) ;
#1810 = CARTESIAN_POINT ( 'NONE',  ( 739.6774161921612176, 886.2546854328226118, 1203.552528489304677 ) ) ;
#1811 = ORIENTED_EDGE ( 'NONE', *, *, #10086, .F. ) ;
#1812 = CARTESIAN_POINT ( 'NONE',  ( 742.2173448172753751, 883.9897993795962066, 1218.164289945874543 ) ) ;
#1813 = ADVANCED_FACE ( 'NONE', ( #5157 ), #2085, .T. ) ;
#1814 = DIRECTION ( 'NONE',  ( -0.5000000000000008882, -0.8660254037844380415, -0.000000000000000000 ) ) ;
#1815 = ORIENTED_EDGE ( 'NONE', *, *, #3252, .F. ) ;
#1816 = ORIENTED_EDGE ( 'NONE', *, *, #50, .T. ) ;
#1817 = B_SPLINE_SURFACE_WITH_KNOTS ( 'NONE', 3, 1, ( 
 ( #1305, #8407 ),
 ( #3720, #6865 ),
 ( #2162, #9079 ),
 ( #7733, #8304 ) ),
 .UNSPECIFIED., .F., .F., .F.,
 ( 4, 4 ),
 ( 2, 2 ),
 ( 0.000000000000000000, 1.000000000000000000 ),
 ( 0.000000000000000000, 1.000000000000000000 ),
 .UNSPECIFIED. ) ;
#1818 = DIRECTION ( 'NONE',  ( 0.5845683251975080097, -0.3375006799125091494, -0.7378164841167310639 ) ) ;
#1819 = ORIENTED_EDGE ( 'NONE', *, *, #5455, .T. ) ;
#1820 = B_SPLINE_CURVE_WITH_KNOTS ( 'NONE', 1,
 ( #1998, #1293 ),
 .UNSPECIFIED., .F., .F.,
 ( 2, 2 ),
 ( 0.000000000000000000, 0.002900000000001958737 ),
 .UNSPECIFIED. ) ;
#1821 = DIRECTION ( 'NONE',  ( -0.8660254037844389297, 0.4999999999999993894, 0.000000000000000000 ) ) ;
#1822 = CARTESIAN_POINT ( 'NONE',  ( 717.1800848525040237, 879.2510169669742481, 1212.380460436409521 ) ) ;
#1823 = ADVANCED_FACE ( 'NONE', ( #4953 ), #8906, .F. ) ;
#1824 = CARTESIAN_POINT ( 'NONE',  ( 710.7314475298843490, 901.5100802807983200, 1215.058430362693343 ) ) ;
#1825 = EDGE_LOOP ( 'NONE', ( #7937, #340 ) ) ;
#1826 = DIRECTION ( 'NONE',  ( 0.8660254037844280495, -0.5000000000000182077, 0.000000000000000000 ) ) ;
#1827 = VERTEX_POINT ( 'NONE', #8282 ) ;
#1828 = CARTESIAN_POINT ( 'NONE',  ( 740.1640891790669912, 882.7017055521537259, 1212.277648756496774 ) ) ;
#1829 = ORIENTED_EDGE ( 'NONE', *, *, #4338, .T. ) ;
#1830 = CARTESIAN_POINT ( 'NONE',  ( 712.2817339574475000, 900.6150219945235449, 1204.392482372760242 ) ) ;
#1831 = AXIS2_PLACEMENT_3D ( 'NONE', #4839, #135, #6424 ) ;
#1832 = CARTESIAN_POINT ( 'NONE',  ( 717.1800848525040237, 879.2510169669742481, 1212.380460436409521 ) ) ;
#1833 = CARTESIAN_POINT ( 'NONE',  ( 715.6139853104673421, 898.9620174428907831, 1195.280207944932044 ) ) ;
#1834 = CARTESIAN_POINT ( 'NONE',  ( 737.6824669205378768, 886.3049096060641432, 1227.023737073161101 ) ) ;
#1835 = EDGE_CURVE ( 'NONE', #1426, #9541, #9663, .T. ) ;
#1836 = CARTESIAN_POINT ( 'NONE',  ( 731.6784054688620245, 888.6448865453610324, 1196.789576632899070 ) ) ;
#1837 = AXIS2_PLACEMENT_3D ( 'NONE', #2070, #2171, #7642 ) ;
#1838 = CARTESIAN_POINT ( 'NONE',  ( 711.6149052046280303, 899.7749158433214234, 1221.783742249481293 ) ) ;
#1839 = CARTESIAN_POINT ( 'NONE',  ( 717.8472225446809034, 898.8583536116572077, 1228.135489755655044 ) ) ;
#1840 = B_SPLINE_CURVE_WITH_KNOTS ( 'NONE', 3,
 ( #1800, #9588, #3451, #1141, #9019, #7314, #1949, #151 ),
 .UNSPECIFIED., .F., .F.,
 ( 4, 2, 2, 4 ),
 ( 0.000000000000000000, 0.0005319171944715966188, 0.001063834388943193238, 0.002127668777886386475 ),
 .UNSPECIFIED. ) ;
#1841 = ORIENTED_EDGE ( 'NONE', *, *, #455, .F. ) ;
#1842 = CARTESIAN_POINT ( 'NONE',  ( 714.6858085731254278, 904.1476984342916694, 1234.086781508788363 ) ) ;
#1843 = VERTEX_POINT ( 'NONE', #2191 ) ;
#1844 = CARTESIAN_POINT ( 'NONE',  ( 713.1163114063049306, 901.5897464309108500, 1225.306048273652550 ) ) ;
#1845 = DIRECTION ( 'NONE',  ( 0.5000000000000009992, 0.8660254037844381525, -5.726519994466740890E-15 ) ) ;
#1846 = ORIENTED_EDGE ( 'NONE', *, *, #516, .F. ) ;
#1847 = EDGE_CURVE ( 'NONE', #9381, #1991, #1731, .T. ) ;
#1848 = CARTESIAN_POINT ( 'NONE',  ( 717.1800848525040237, 879.2510169669742481, 1212.380460436409521 ) ) ;
#1849 = CARTESIAN_POINT ( 'NONE',  ( 737.0110355456047273, 888.3384265009469800, 1197.965551495809677 ) ) ;
#1850 = CARTESIAN_POINT ( 'NONE',  ( 711.1249396142970909, 901.2829615226399937, 1217.087343771817132 ) ) ;
#1851 = CARTESIAN_POINT ( 'NONE',  ( 733.1095562186588950, 888.5901642676892607, 1226.637514020823573 ) ) ;
#1852 = VERTEX_POINT ( 'NONE', #9165 ) ;
#1853 = VECTOR ( 'NONE', #4409, 1000.000000000000114 ) ;
#1854 = CARTESIAN_POINT ( 'NONE',  ( 725.2692197760164845, 894.5732615122210518, 1230.626273609941563 ) ) ;
#1855 = ORIENTED_EDGE ( 'NONE', *, *, #9971, .F. ) ;
#1856 = CARTESIAN_POINT ( 'NONE',  ( 722.8728027975085979, 894.5002655487082848, 1195.668915745846107 ) ) ;
#1857 = CARTESIAN_POINT ( 'NONE',  ( 728.1150174635226904, 893.4745449353531512, 1231.400337358233628 ) ) ;
#1858 = EDGE_CURVE ( 'NONE', #4455, #7390, #8351, .T. ) ;
#1859 = CARTESIAN_POINT ( 'NONE',  ( 720.3244771471782997, 895.9716331112189209, 1196.419097710361484 ) ) ;
#1860 = CARTESIAN_POINT ( 'NONE',  ( 739.6316711782343418, 886.2810963289273332, 1203.457131591676443 ) ) ;
#1861 = VERTEX_POINT ( 'NONE', #2970 ) ;
#1862 = CARTESIAN_POINT ( 'NONE',  ( 709.3083267163159462, 903.1297696128131065, 1205.221570809456125 ) ) ;
#1863 = DIRECTION ( 'NONE',  ( 0.5845683251975080097, -0.3375006799125091494, -0.7378164841167310639 ) ) ;
#1864 = EDGE_LOOP ( 'NONE', ( #476, #593 ) ) ;
#1865 = ORIENTED_EDGE ( 'NONE', *, *, #5927, .T. ) ;
#1866 = B_SPLINE_CURVE_WITH_KNOTS ( 'NONE', 1,
 ( #4035, #8678 ),
 .UNSPECIFIED., .F., .F.,
 ( 2, 2 ),
 ( 0.000000000000000000, 0.002899999999998941185 ),
 .UNSPECIFIED. ) ;
#1867 = VERTEX_POINT ( 'NONE', #2092 ) ;
#1868 = CARTESIAN_POINT ( 'NONE',  ( 714.3234865537295946, 897.6207844339699022, 1198.431490359555937 ) ) ;
#1869 = ADVANCED_FACE ( 'NONE', ( #4582 ), #4743, .T. ) ;
#1870 = EDGE_CURVE ( 'NONE', #8656, #7610, #7628, .T. ) ;
#1871 = B_SPLINE_CURVE_WITH_KNOTS ( 'NONE', 1,
 ( #6862, #3667 ),
 .UNSPECIFIED., .F., .F.,
 ( 2, 2 ),
 ( 0.000000000000000000, 0.002900000000004569495 ),
 .UNSPECIFIED. ) ;
#1872 = ORIENTED_EDGE ( 'NONE', *, *, #8583, .T. ) ;
#1873 = CYLINDRICAL_SURFACE ( 'NONE', #7240, 17.83733333518745923 ) ;
#1874 = CONICAL_SURFACE ( 'NONE', #1552, 20.44804870789273821, 0.7096869864122512528 ) ;
#1875 = VERTEX_POINT ( 'NONE', #3652 ) ;
#1876 = CARTESIAN_POINT ( 'NONE',  ( 720.1362345851963482, 898.3283773402550878, 1230.031433077907195 ) ) ;
#1877 = CARTESIAN_POINT ( 'NONE',  ( 724.8744097880899062, 894.8012051650289322, 1192.846056928454345 ) ) ;
#1878 = CARTESIAN_POINT ( 'NONE',  ( 717.1800848525040237, 879.2510169669742481, 1212.380460436409521 ) ) ;
#1879 = VERTEX_POINT ( 'NONE', #658 ) ;
#1880 = CARTESIAN_POINT ( 'NONE',  ( 739.8782843301859202, 884.5242352279026363, 1211.648284759672606 ) ) ;
#1881 = EDGE_LOOP ( 'NONE', ( #4169, #4611, #6414, #8730, #5719 ) ) ;
#1882 = CARTESIAN_POINT ( 'NONE',  ( 717.1800848525040237, 879.2510169669742481, 1212.380460436409521 ) ) ;
#1883 = CARTESIAN_POINT ( 'NONE',  ( 736.1086845406089196, 887.0223341075047756, 1228.706601776531443 ) ) ;
#1884 = EDGE_CURVE ( 'NONE', #3158, #6458, #8119, .T. ) ;
#1885 = CARTESIAN_POINT ( 'NONE',  ( 717.1800848525040237, 879.2510169669742481, 1212.380460436409521 ) ) ;
#1886 = CARTESIAN_POINT ( 'NONE',  ( 729.5940918578151013, 892.0762954515838601, 1231.459469097437022 ) ) ;
#1887 = CARTESIAN_POINT ( 'NONE',  ( 741.4145238088470933, 885.7960713667907839, 1205.066675604269449 ) ) ;
#1888 = CARTESIAN_POINT ( 'NONE',  ( 742.0202262299337690, 884.9020634268540562, 1216.487657406860535 ) ) ;
#1889 = B_SPLINE_CURVE_WITH_KNOTS ( 'NONE', 1,
 ( #7821, #715 ),
 .UNSPECIFIED., .F., .F.,
 ( 2, 2 ),
 ( 0.000000000000000000, 0.002900000000004036502 ),
 .UNSPECIFIED. ) ;
#1890 = CARTESIAN_POINT ( 'NONE',  ( 732.4809067170259596, 890.4095921155176256, 1194.381155990187608 ) ) ;
#1891 = AXIS2_PLACEMENT_3D ( 'NONE', #7050, #4744, #2349 ) ;
#1892 = CARTESIAN_POINT ( 'NONE',  ( 742.6320105292417111, 885.0931550810361159, 1213.686645261833291 ) ) ;
#1893 = ORIENTED_EDGE ( 'NONE', *, *, #7469, .T. ) ;
#1894 = VERTEX_POINT ( 'NONE', #7510 ) ;
#1895 = DIRECTION ( 'NONE',  ( 0.3235160064970165061, 0.6077774915904460284, 0.7252199075151258834 ) ) ;
#1896 = CARTESIAN_POINT ( 'NONE',  ( 713.4124610495582601, 901.4187643546579238, 1199.076329639599635 ) ) ;
#1897 = ORIENTED_EDGE ( 'NONE', *, *, #9050, .F. ) ;
#1898 = EDGE_CURVE ( 'NONE', #8311, #5261, #6281, .T. ) ;
#1899 = CARTESIAN_POINT ( 'NONE',  ( 717.1800848525040237, 879.2510169669742481, 1212.380460436409521 ) ) ;
#1900 = CARTESIAN_POINT ( 'NONE',  ( 717.1800848525040237, 879.2510169669742481, 1212.380460436409521 ) ) ;
#1901 = CARTESIAN_POINT ( 'NONE',  ( 710.7062843410831192, 901.5246082546262869, 1209.890604227198310 ) ) ;
#1902 = CARTESIAN_POINT ( 'NONE',  ( 741.2527002179169813, 885.3451947765025807, 1216.440492227330424 ) ) ;
#1903 = B_SPLINE_SURFACE_WITH_KNOTS ( 'NONE', 3, 1, ( 
 ( #2965, #2762 ),
 ( #5910, #6889 ),
 ( #5305, #5152 ),
 ( #1224, #544 ),
 ( #5201, #5104 ),
 ( #1984, #3693 ) ),
 .UNSPECIFIED., .F., .F., .F.,
 ( 4, 1, 1, 4 ),
 ( 2, 2 ),
 ( 0.000000000000000000, 0.2890654569501156512, 0.6604379133667447332, 1.000000000000000000 ),
 ( 0.000000000000000000, 1.000000000000000000 ),
 .UNSPECIFIED. ) ;
#1904 = ORIENTED_EDGE ( 'NONE', *, *, #7471, .T. ) ;
#1905 = EDGE_CURVE ( 'NONE', #3402, #6407, #5919, .T. ) ;
#1906 = FACE_OUTER_BOUND ( 'NONE', #8352, .T. ) ;
#1907 = ORIENTED_EDGE ( 'NONE', *, *, #3325, .F. ) ;
#1908 = CARTESIAN_POINT ( 'NONE',  ( 742.3455690510012346, 884.0557088575994840, 1207.182148627942070 ) ) ;
#1909 = CARTESIAN_POINT ( 'NONE',  ( 742.1474624049437807, 884.8286035869618900, 1217.683713709046060 ) ) ;
#1910 = AXIS2_PLACEMENT_3D ( 'NONE', #4925, #115, #3463 ) ;
#1911 = CARTESIAN_POINT ( 'NONE',  ( 722.7357579803444878, 894.8502600748313398, 1232.608978755062708 ) ) ;
#1912 = CARTESIAN_POINT ( 'NONE',  ( 715.7743332820625710, 899.2566792076368074, 1195.630222529830235 ) ) ;
#1913 = EDGE_CURVE ( 'NONE', #5928, #7790, #1246, .T. ) ;
#1914 = CARTESIAN_POINT ( 'NONE',  ( 713.7930139697458571, 897.9270529231562250, 1225.793726579872100 ) ) ;
#1915 = CARTESIAN_POINT ( 'NONE',  ( 712.6226196156864034, 901.8747795191211480, 1222.405855712797347 ) ) ;
#1916 = EDGE_LOOP ( 'NONE', ( #5716, #7484, #2182, #2192 ) ) ;
#1917 = VERTEX_POINT ( 'NONE', #6842 ) ;
#1918 = EDGE_LOOP ( 'NONE', ( #4183, #5840, #6509, #9300, #1165 ) ) ;
#1919 = CARTESIAN_POINT ( 'NONE',  ( 718.0195390871372183, 898.7588666094843575, 1229.739695112409436 ) ) ;
#1920 = DIRECTION ( 'NONE',  ( 0.5845683251975072325, -0.3375006799125115364, -0.7378164841167307308 ) ) ;
#1921 = CARTESIAN_POINT ( 'NONE',  ( 717.1800848525040237, 879.2510169669742481, 1212.380460436409521 ) ) ;
#1922 = CONICAL_SURFACE ( 'NONE', #5401, 20.44804870789273821, 0.7096869864122512528 ) ;
#1923 = CARTESIAN_POINT ( 'NONE',  ( 729.5368983569275088, 890.6527481835723847, 1196.208508447396298 ) ) ;
#1924 = EDGE_CURVE ( 'NONE', #2342, #820, #9175, .T. ) ;
#1925 = CARTESIAN_POINT ( 'NONE',  ( 716.6550687629446657, 899.5466439184577894, 1197.516895702454576 ) ) ;
#1926 = ADVANCED_FACE ( 'NONE', ( #9418 ), #8330, .F. ) ;
#1927 = ORIENTED_EDGE ( 'NONE', *, *, #3579, .T. ) ;
#1928 = CARTESIAN_POINT ( 'NONE',  ( 731.5780912904860998, 889.4743020775905507, 1197.135531827830846 ) ) ;
#1929 = B_SPLINE_CURVE_WITH_KNOTS ( 'NONE', 3,
 ( #8363, #2061, #2840, #2271 ),
 .UNSPECIFIED., .F., .F.,
 ( 4, 4 ),
 ( 0.0009352727177709183439, 0.002387895279818491850 ),
 .UNSPECIFIED. ) ;
#1930 = EDGE_LOOP ( 'NONE', ( #3613, #2094, #2654, #9397 ) ) ;
#1931 = CARTESIAN_POINT ( 'NONE',  ( 739.8375045476273044, 884.7057931125099230, 1211.325454448772234 ) ) ;
#1932 = CARTESIAN_POINT ( 'NONE',  ( 717.1800848525040237, 879.2510169669742481, 1212.380460436409521 ) ) ;
#1933 = VERTEX_POINT ( 'NONE', #8734 ) ;
#1934 = CARTESIAN_POINT ( 'NONE',  ( 729.5254154980103749, 891.3173589746033940, 1192.764919150236437 ) ) ;
#1935 = FACE_BOUND ( 'NONE', #1660, .T. ) ;
#1936 = CARTESIAN_POINT ( 'NONE',  ( 734.4551356582179551, 887.1939077542280074, 1225.812580565065218 ) ) ;
#1937 = CARTESIAN_POINT ( 'NONE',  ( 709.4117887759892938, 907.1926551838795376, 1212.380460436409066 ) ) ;
#1938 = CARTESIAN_POINT ( 'NONE',  ( 732.2861517503689583, 890.1196190879400092, 1194.045650602555497 ) ) ;
#1939 = EDGE_CURVE ( 'NONE', #8104, #9703, #4944, .T. ) ;
#1940 = ORIENTED_EDGE ( 'NONE', *, *, #543, .F. ) ;
#1941 = CARTESIAN_POINT ( 'NONE',  ( 709.9493169627237421, 904.2097969718020067, 1215.383231096941017 ) ) ;
#1942 = ORIENTED_EDGE ( 'NONE', *, *, #8359, .F. ) ;
#1943 = CARTESIAN_POINT ( 'NONE',  ( 717.1800848525040237, 879.2510169669742481, 1212.380460436409521 ) ) ;
#1944 = CARTESIAN_POINT ( 'NONE',  ( 717.1800848525040237, 879.2510169669742481, 1212.380460436409521 ) ) ;
#1945 = VERTEX_POINT ( 'NONE', #1628 ) ;
#1946 = B_SPLINE_CURVE_WITH_KNOTS ( 'NONE', 3,
 ( #1027, #4897, #9781, #6638 ),
 .UNSPECIFIED., .F., .F.,
 ( 4, 4 ),
 ( 1.737773907273091182E-15, 0.001453450272831194713 ),
 .UNSPECIFIED. ) ;
#1947 = CARTESIAN_POINT ( 'NONE',  ( 741.1107847051757744, 885.4271297359857726, 1217.101785194815875 ) ) ;
#1948 = DIRECTION ( 'NONE',  ( 0.8660254037844280495, -0.5000000000000182077, 0.000000000000000000 ) ) ;
#1949 = CARTESIAN_POINT ( 'NONE',  ( 735.3264072019740070, 885.7871876281162713, 1225.353426279947143 ) ) ;
#1950 = DIRECTION ( 'NONE',  ( -0.4999999999999988343, -0.8660254037844394848, 2.975261781898571487E-15 ) ) ;
#1951 = EDGE_CURVE ( 'NONE', #906, #3400, #3076, .T. ) ;
#1952 = EDGE_LOOP ( 'NONE', ( #5668, #3782, #4427, #3698, #7960 ) ) ;
#1953 = CARTESIAN_POINT ( 'NONE',  ( 720.1957316186478693, 895.7333249409822429, 1228.572836041413666 ) ) ;
#1954 = ORIENTED_EDGE ( 'NONE', *, *, #6580, .T. ) ;
#1955 = CARTESIAN_POINT ( 'NONE',  ( 725.9218601607914252, 891.9684295285496773, 1229.797995460718312 ) ) ;
#1956 = FACE_OUTER_BOUND ( 'NONE', #1132, .T. ) ;
#1957 = CARTESIAN_POINT ( 'NONE',  ( 725.3236735400701036, 893.3561263297817732, 1212.380460436409521 ) ) ;
#1958 = CARTESIAN_POINT ( 'NONE',  ( 730.7172290009166318, 889.8133729883181786, 1228.151748752875619 ) ) ;
#1959 = CARTESIAN_POINT ( 'NONE',  ( 717.1800848525040237, 879.2510169669742481, 1212.380460436409521 ) ) ;
#1960 = CARTESIAN_POINT ( 'NONE',  ( 718.3750814830896161, 904.3270968033680219, 1190.196798703381546 ) ) ;
#1961 = ORIENTED_EDGE ( 'NONE', *, *, #7337, .F. ) ;
#1962 = ORIENTED_EDGE ( 'NONE', *, *, #5900, .T. ) ;
#1963 = VERTEX_POINT ( 'NONE', #6324 ) ;
#1964 = CARTESIAN_POINT ( 'NONE',  ( 730.7777391265223059, 890.2072200952679850, 1231.834515388151203 ) ) ;
#1965 = ADVANCED_FACE ( 'NONE', ( #3947 ), #9495, .T. ) ;
#1966 = CARTESIAN_POINT ( 'NONE',  ( 717.1800848525040237, 879.2510169669742481, 1212.380460436409521 ) ) ;
#1967 = CARTESIAN_POINT ( 'NONE',  ( 742.8425673239647722, 883.6286977830393425, 1210.134093988976019 ) ) ;
#1968 = CARTESIAN_POINT ( 'NONE',  ( 741.2661078146828686, 888.8015555120373392, 1190.196798703381319 ) ) ;
#1969 = FACE_OUTER_BOUND ( 'NONE', #3258, .T. ) ;
#1970 = ORIENTED_EDGE ( 'NONE', *, *, #3731, .F. ) ;
#1971 = ORIENTED_EDGE ( 'NONE', *, *, #1730, .F. ) ;
#1972 = CARTESIAN_POINT ( 'NONE',  ( 721.9450957431163260, 896.0900305574322147, 1192.983880497076370 ) ) ;
#1973 = B_SPLINE_CURVE_WITH_KNOTS ( 'NONE', 3,
 ( #4813, #1610, #7213, #6349 ),
 .UNSPECIFIED., .F., .F.,
 ( 4, 4 ),
 ( 7.364386412590295383E-16, 0.001453450272821678454 ),
 .UNSPECIFIED. ) ;
#1974 = ORIENTED_EDGE ( 'NONE', *, *, #9454, .F. ) ;
#1975 = CARTESIAN_POINT ( 'NONE',  ( 720.5941449853381755, 897.8167226851738860, 1230.471783820582232 ) ) ;
#1976 = DIRECTION ( 'NONE',  ( 0.4999999999999988343, 0.8660254037844394848, -2.975261781898571487E-15 ) ) ;
#1977 = EDGE_CURVE ( 'NONE', #976, #6370, #3087, .T. ) ;
#1978 = CONICAL_SURFACE ( 'NONE', #4639, 18.17967805303275597, 0.8981840042400328628 ) ;
#1979 = ORIENTED_EDGE ( 'NONE', *, *, #5655, .F. ) ;
#1980 = B_SPLINE_SURFACE_WITH_KNOTS ( 'NONE', 3, 1, ( 
 ( #3177, #4694 ),
 ( #3807, #6329 ),
 ( #5366, #7000 ),
 ( #8496, #6952 ),
 ( #10102, #8547 ),
 ( #8695, #9473 ) ),
 .UNSPECIFIED., .F., .F., .F.,
 ( 4, 1, 1, 4 ),
 ( 2, 2 ),
 ( 0.000000000000000000, 0.2890654569501156512, 0.6604379133667447332, 1.000000000000000000 ),
 ( 0.000000000000000000, 1.000000000000000000 ),
 .UNSPECIFIED. ) ;
#1981 = EDGE_CURVE ( 'NONE', #6156, #4674, #8511, .T. ) ;
#1982 = CARTESIAN_POINT ( 'NONE',  ( 742.1780618967110286, 883.7093766364027942, 1206.075320053896803 ) ) ;
#1983 = FACE_OUTER_BOUND ( 'NONE', #2956, .T. ) ;
#1984 = CARTESIAN_POINT ( 'NONE',  ( 717.1800848525040237, 879.2510169669742481, 1212.380460436409521 ) ) ;
#1985 = CARTESIAN_POINT ( 'NONE',  ( 711.2785709893254307, 901.1942965619365395, 1207.099608470413841 ) ) ;
#1986 = CARTESIAN_POINT ( 'NONE',  ( 710.7188340233841473, 901.5174209563966770, 1214.967089967936317 ) ) ;
#1987 = VERTEX_POINT ( 'NONE', #80 ) ;
#1988 = EDGE_LOOP ( 'NONE', ( #5518, #3077, #7116, #7458, #4976 ) ) ;
#1989 = CIRCLE ( 'NONE', #6442, 19.56600634797367988 ) ;
#1990 = CARTESIAN_POINT ( 'NONE',  ( 717.1800848525040237, 879.2510169669742481, 1212.380460436409521 ) ) ;
#1991 = VERTEX_POINT ( 'NONE', #7865 ) ;
#1992 = ORIENTED_EDGE ( 'NONE', *, *, #3198, .F. ) ;
#1993 = DIRECTION ( 'NONE',  ( 0.7647724652901184417, 0.3530179563245835483, 0.5389818168050654057 ) ) ;
#1994 = DIRECTION ( 'NONE',  ( 0.5845683251975080097, -0.3375006799125091494, -0.7378164841167310639 ) ) ;
#1995 = ORIENTED_EDGE ( 'NONE', *, *, #2419, .F. ) ;
#1996 = ADVANCED_FACE ( 'NONE', ( #9467 ), #4214, .F. ) ;
#1997 = EDGE_CURVE ( 'NONE', #6017, #5064, #609, .T. ) ;
#1998 = CARTESIAN_POINT ( 'NONE',  ( 738.3008476158918256, 883.7774485702134371, 1220.959916950134129 ) ) ;
#1999 = CARTESIAN_POINT ( 'NONE',  ( 717.1800848525040237, 879.2510169669742481, 1212.380460436409521 ) ) ;
#2000 = CARTESIAN_POINT ( 'NONE',  ( 717.1800848525040237, 879.2510169669742481, 1212.380460436409521 ) ) ;
#2001 = CARTESIAN_POINT ( 'NONE',  ( 712.7805526847996589, 905.2476984342916921, 1234.086781508788363 ) ) ;
#2002 = ORIENTED_EDGE ( 'NONE', *, *, #3171, .T. ) ;
#2003 = CONICAL_SURFACE ( 'NONE', #1193, 18.17967805303275597, 0.8981840042400328628 ) ;
#2004 = DIRECTION ( 'NONE',  ( 0.5845683251975080097, -0.3375006799125091494, -0.7378164841167310639 ) ) ;
#2005 = VERTEX_POINT ( 'NONE', #10196 ) ;
#2006 = CARTESIAN_POINT ( 'NONE',  ( 709.1905426985890699, 902.7547297253365741, 1204.117693028870463 ) ) ;
#2007 = EDGE_CURVE ( 'NONE', #9704, #9613, #2096, .T. ) ;
#2008 = CARTESIAN_POINT ( 'NONE',  ( 716.2818087506811935, 899.7621456870160728, 1226.926995376158402 ) ) ;
#2009 = CARTESIAN_POINT ( 'NONE',  ( 725.3236735400701036, 893.3561263297817732, 1212.380460436409521 ) ) ;
#2010 = CARTESIAN_POINT ( 'NONE',  ( 709.7845706435631428, 900.2413287565320843, 1205.680053180175946 ) ) ;
#2011 = VECTOR ( 'NONE', #1438, 1000.000000000000114 ) ;
#2012 = CARTESIAN_POINT ( 'NONE',  ( 722.6131897420971200, 896.1067211672800568, 1230.254296036164305 ) ) ;
#2013 = CARTESIAN_POINT ( 'NONE',  ( 740.1311521485881713, 884.6999613512310816, 1201.032083355224813 ) ) ;
#2014 = ORIENTED_EDGE ( 'NONE', *, *, #3220, .T. ) ;
#2015 = B_SPLINE_CURVE_WITH_KNOTS ( 'NONE', 1,
 ( #1460, #8938 ),
 .UNSPECIFIED., .F., .F.,
 ( 2, 2 ),
 ( 0.000000000000000000, 0.002900000000003847851 ),
 .UNSPECIFIED. ) ;
#2016 = FACE_OUTER_BOUND ( 'NONE', #3254, .T. ) ;
#2017 = VERTEX_POINT ( 'NONE', #181 ) ;
#2018 = ORIENTED_EDGE ( 'NONE', *, *, #2065, .T. ) ;
#2019 = AXIS2_PLACEMENT_3D ( 'NONE', #4683, #7133, #1012 ) ;
#2020 = ORIENTED_EDGE ( 'NONE', *, *, #3822, .F. ) ;
#2021 = DIRECTION ( 'NONE',  ( -0.4999999999999988343, -0.8660254037844394848, 2.975261781898571487E-15 ) ) ;
#2022 = ORIENTED_EDGE ( 'NONE', *, *, #8625, .F. ) ;
#2023 = CARTESIAN_POINT ( 'NONE',  ( 735.2117820669785715, 889.3772259811723870, 1228.379054242191387 ) ) ;
#2024 = CIRCLE ( 'NONE', #3345, 18.17967805303275597 ) ;
#2025 = DIRECTION ( 'NONE',  ( 0.4999999999999988343, 0.8660254037844394848, -2.975261781898571487E-15 ) ) ;
#2026 = CARTESIAN_POINT ( 'NONE',  ( 740.6769075252389030, 885.2752139826192206, 1222.080635457148219 ) ) ;
#2027 = VERTEX_POINT ( 'NONE', #8788 ) ;
#2028 = ORIENTED_EDGE ( 'NONE', *, *, #3445, .F. ) ;
#2029 = FACE_BOUND ( 'NONE', #2223, .T. ) ;
#2030 = ORIENTED_EDGE ( 'NONE', *, *, #6516, .T. ) ;
#2031 = CARTESIAN_POINT ( 'NONE',  ( 714.1028264570362580, 901.0201817008114631, 1224.617601418155346 ) ) ;
#2032 = CARTESIAN_POINT ( 'NONE',  ( 717.1800848525040237, 879.2510169669742481, 1212.380460436409521 ) ) ;
#2033 = CIRCLE ( 'NONE', #7799, 18.17967805303275597 ) ;
#2034 = CARTESIAN_POINT ( 'NONE',  ( 717.1800848525040237, 879.2510169669742481, 1212.380460436409521 ) ) ;
#2035 = CARTESIAN_POINT ( 'NONE',  ( 712.0698875920078308, 900.7373898148620128, 1219.893970071107560 ) ) ;
#2036 = CARTESIAN_POINT ( 'NONE',  ( 736.3154863745603507, 886.7392089450298727, 1223.425191899820675 ) ) ;
#2037 = CARTESIAN_POINT ( 'NONE',  ( 717.1800848525040237, 879.2510169669742481, 1212.380460436409521 ) ) ;
#2038 = CARTESIAN_POINT ( 'NONE',  ( 720.0919143931396320, 896.3766838815992060, 1231.915752199398639 ) ) ;
#2039 = CARTESIAN_POINT ( 'NONE',  ( 723.7585116895247666, 894.6470116548298392, 1232.441885535683014 ) ) ;
#2040 = ADVANCED_FACE ( 'NONE', ( #1164 ), #8242, .F. ) ;
#2041 = ORIENTED_EDGE ( 'NONE', *, *, #6884, .T. ) ;
#2042 = FACE_OUTER_BOUND ( 'NONE', #6515, .T. ) ;
#2043 = CARTESIAN_POINT ( 'NONE',  ( 725.3236735400701036, 893.3561263297817732, 1212.380460436409521 ) ) ;
#2044 = DIRECTION ( 'NONE',  ( -0.4999999999999988343, -0.8660254037844394848, 2.975261781898571487E-15 ) ) ;
#2045 = CARTESIAN_POINT ( 'NONE',  ( 739.4625915811468531, 884.9222375909855600, 1216.324881527043772 ) ) ;
#2046 = CARTESIAN_POINT ( 'NONE',  ( 711.6841410309534695, 902.4166103826453309, 1220.520783727823755 ) ) ;
#2047 = FACE_OUTER_BOUND ( 'NONE', #6722, .T. ) ;
#2048 = ORIENTED_EDGE ( 'NONE', *, *, #4281, .T. ) ;
#2049 = EDGE_CURVE ( 'NONE', #1843, #2442, #9340, .T. ) ;
#2050 = CARTESIAN_POINT ( 'NONE',  ( 724.8252840396892225, 894.8295679290922635, 1230.600812281455319 ) ) ;
#2051 = EDGE_CURVE ( 'NONE', #3209, #355, #8738, .T. ) ;
#2052 = CARTESIAN_POINT ( 'NONE',  ( 717.5457650413817419, 896.9564283022757536, 1197.270095889350159 ) ) ;
#2053 = B_SPLINE_CURVE_WITH_KNOTS ( 'NONE', 3,
 ( #7517, #8441, #9791, #6745, #9840, #456, #3656, #7614, #9016, #356 ),
 .UNSPECIFIED., .F., .F.,
 ( 4, 3, 3, 4 ),
 ( 0.000000000000000000, 0.0001770953904238297652, 0.0003541907790578403695, 0.0006813326750119055170 ),
 .UNSPECIFIED. ) ;
#2054 = VERTEX_POINT ( 'NONE', #8017 ) ;
#2055 = CARTESIAN_POINT ( 'NONE',  ( 710.6387426368480646, 899.7481723262548030, 1221.170212482522174 ) ) ;
#2056 = CARTESIAN_POINT ( 'NONE',  ( 740.0016125415177157, 886.0675105832515328, 1223.119044995935838 ) ) ;
#2057 = CARTESIAN_POINT ( 'NONE',  ( 721.3217863640919632, 894.6242833733670068, 1229.351928631939700 ) ) ;
#2058 = CARTESIAN_POINT ( 'NONE',  ( 712.3996764311189054, 899.0239334017850297, 1201.133778782022546 ) ) ;
#2059 = CARTESIAN_POINT ( 'NONE',  ( 716.0381219967218840, 897.2211704377415344, 1197.670162562850010 ) ) ;
#2060 = DIRECTION ( 'NONE',  ( 0.9601494576378297729, 0.2402169971991647557, -0.1428594178008499027 ) ) ;
#2061 = CARTESIAN_POINT ( 'NONE',  ( 713.9074142266820218, 900.7303136942693982, 1197.874787790308801 ) ) ;
#2062 = LINE ( 'NONE', #3723, #1263 ) ;
#2063 = ORIENTED_EDGE ( 'NONE', *, *, #6987, .T. ) ;
#2064 = CARTESIAN_POINT ( 'NONE',  ( 711.2632681494898179, 902.6596014540527904, 1204.229653370944106 ) ) ;
#2065 = EDGE_CURVE ( 'NONE', #1879, #2091, #6652, .T. ) ;
#2066 = VERTEX_POINT ( 'NONE', #390 ) ;
#2067 = ORIENTED_EDGE ( 'NONE', *, *, #6751, .T. ) ;
#2068 = B_SPLINE_SURFACE_WITH_KNOTS ( 'NONE', 3, 1, ( 
 ( #6758, #3771 ),
 ( #6914, #8457 ),
 ( #1408, #9959 ),
 ( #4603, #4554 ),
 ( #2991, #2939 ),
 ( #9184, #5987 ) ),
 .UNSPECIFIED., .F., .F., .F.,
 ( 4, 1, 1, 4 ),
 ( 2, 2 ),
 ( 0.000000000000000000, 0.2890654569501156512, 0.6604379133667447332, 1.000000000000000000 ),
 ( 0.000000000000000000, 1.000000000000000000 ),
 .UNSPECIFIED. ) ;
#2069 = ORIENTED_EDGE ( 'NONE', *, *, #7593, .T. ) ;
#2070 = CARTESIAN_POINT ( 'NONE',  ( 724.4202779218370551, 891.7913992196671416, 1212.380460436409521 ) ) ;
#2071 = ORIENTED_EDGE ( 'NONE', *, *, #455, .T. ) ;
#2072 = AXIS2_PLACEMENT_3D ( 'NONE', #9394, #4761, #2315 ) ;
#2073 = AXIS2_PLACEMENT_3D ( 'NONE', #7689, #632, #2994 ) ;
#2074 = CARTESIAN_POINT ( 'NONE',  ( 720.7278830716803668, 896.0095071938477531, 1232.127890039304930 ) ) ;
#2075 = CARTESIAN_POINT ( 'NONE',  ( 720.6039801445165267, 896.4682812915082195, 1193.025464200276019 ) ) ;
#2076 = DIRECTION ( 'NONE',  ( 0.5000000000000009992, 0.8660254037844381525, -5.726519994466740890E-15 ) ) ;
#2077 = ADVANCED_FACE ( 'NONE', ( #3532 ), #2807, .F. ) ;
#2078 = VECTOR ( 'NONE', #1566, 1000.000000000000114 ) ;
#2079 = VERTEX_POINT ( 'NONE', #5753 ) ;
#2080 = ORIENTED_EDGE ( 'NONE', *, *, #5638, .F. ) ;
#2081 = FACE_BOUND ( 'NONE', #3152, .T. ) ;
#2082 = ORIENTED_EDGE ( 'NONE', *, *, #6240, .T. ) ;
#2083 = DIRECTION ( 'NONE',  ( 0.5000000000000011102, 0.8660254037844379305, -0.000000000000000000 ) ) ;
#2084 = CARTESIAN_POINT ( 'NONE',  ( 710.2640355005373749, 901.0084788110799536, 1216.886329896166217 ) ) ;
#2085 = CONICAL_SURFACE ( 'NONE', #7181, 20.44804870789273821, 0.7096869864122512528 ) ;
#2086 = CARTESIAN_POINT ( 'NONE',  ( 725.6426188461883839, 895.1492649049097281, 1231.350767923498097 ) ) ;
#2087 = CARTESIAN_POINT ( 'NONE',  ( 780.5717232886125885, 885.6597085723892633, 1185.380460436409066 ) ) ;
#2088 = FACE_OUTER_BOUND ( 'NONE', #286, .T. ) ;
#2089 = CARTESIAN_POINT ( 'NONE',  ( 711.3436017389007020, 901.1567168861383834, 1206.875745056937149 ) ) ;
#2090 = CARTESIAN_POINT ( 'NONE',  ( 736.6158682611710447, 886.5658011614985980, 1201.751865128201644 ) ) ;
#2091 = VERTEX_POINT ( 'NONE', #8893 ) ;
#2092 = CARTESIAN_POINT ( 'NONE',  ( 745.0766195913344063, 886.6015555120372937, 1190.196798703381319 ) ) ;
#2093 = ORIENTED_EDGE ( 'NONE', *, *, #8669, .F. ) ;
#2094 = ORIENTED_EDGE ( 'NONE', *, *, #7750, .T. ) ;
#2095 = CARTESIAN_POINT ( 'NONE',  ( 717.1800848525040237, 879.2510169669742481, 1212.380460436409521 ) ) ;
#2096 = B_SPLINE_CURVE_WITH_KNOTS ( 'NONE', 3,
 ( #3126, #4783, #7910, #852, #7137, #3222, #7446, #7235, #6579, #4311 ),
 .UNSPECIFIED., .F., .F.,
 ( 4, 3, 3, 4 ),
 ( 0.000000000000000000, 0.0001770953904237158156, 0.0003541907790579123605, 0.0006813326750120514506 ),
 .UNSPECIFIED. ) ;
#2097 = VECTOR ( 'NONE', #4963, 1000.000000000000114 ) ;
#2098 = DIRECTION ( 'NONE',  ( -0.5000000000000008882, -0.8660254037844380415, -0.000000000000000000 ) ) ;
#2099 = CARTESIAN_POINT ( 'NONE',  ( 717.1800848525040237, 879.2510169669742481, 1212.380460436409521 ) ) ;
#2100 = EDGE_CURVE ( 'NONE', #7851, #506, #3818, .T. ) ;
#2101 = CARTESIAN_POINT ( 'NONE',  ( 742.5118314650591174, 884.2158201520217062, 1216.397718670738413 ) ) ;
#2102 = DIRECTION ( 'NONE',  ( 0.5845683251975080097, -0.3375006799125091494, -0.7378164841167310639 ) ) ;
#2103 = DIRECTION ( 'NONE',  ( -0.4999999999999988343, -0.8660254037844394848, 2.975261781898571487E-15 ) ) ;
#2104 = ORIENTED_EDGE ( 'NONE', *, *, #3142, .F. ) ;
#2105 = CARTESIAN_POINT ( 'NONE',  ( 728.5456832303600549, 892.0230766509326941, 1192.604040899259189 ) ) ;
#2106 = DIRECTION ( 'NONE',  ( -0.7745966692414847365, 0.4472135954999567620, -0.4472135954999567620 ) ) ;
#2107 = B_SPLINE_CURVE_WITH_KNOTS ( 'NONE', 3,
 ( #99, #7731, #1646, #673 ),
 .UNSPECIFIED., .F., .F.,
 ( 4, 4 ),
 ( 0.0009352727177711068866, 0.002387895279818724736 ),
 .UNSPECIFIED. ) ;
#2108 = EDGE_LOOP ( 'NONE', ( #10022, #131, #6497, #7221, #9582 ) ) ;
#2109 = CARTESIAN_POINT ( 'NONE',  ( 742.2616524062676717, 884.7626759589587664, 1207.570003719492206 ) ) ;
#2110 = CARTESIAN_POINT ( 'NONE',  ( 717.9287619574462269, 898.8112768097475964, 1228.190497106956400 ) ) ;
#2111 = CARTESIAN_POINT ( 'NONE',  ( 725.1426476096426086, 894.6463379865485877, 1194.140521925234680 ) ) ;
#2112 = CARTESIAN_POINT ( 'NONE',  ( 712.7271600598219266, 901.8144230655582305, 1222.587497653321407 ) ) ;
#2113 = EDGE_CURVE ( 'NONE', #7946, #3495, #5790, .T. ) ;
#2114 = ADVANCED_FACE ( 'NONE', ( #5046, #9976, #9820, #8270, #2081, #10029, #2029 ), #9923, .F. ) ;
#2115 = CARTESIAN_POINT ( 'NONE',  ( 725.3236735400701036, 893.3561263297817732, 1212.380460436409521 ) ) ;
#2116 = DIRECTION ( 'NONE',  ( 0.000000000000000000, 0.7071067811865476838, -0.7071067811865474617 ) ) ;
#2117 = DIRECTION ( 'NONE',  ( -0.4999999999999988343, -0.8660254037844394848, 2.975261781898571487E-15 ) ) ;
#2118 = CARTESIAN_POINT ( 'NONE',  ( 720.5762888721899344, 897.2827264328335559, 1229.597804129443375 ) ) ;
#2119 = ORIENTED_EDGE ( 'NONE', *, *, #608, .T. ) ;
#2120 = CARTESIAN_POINT ( 'NONE',  ( 712.5068517406130013, 899.8656462528958855, 1202.626672403868042 ) ) ;
#2121 = ORIENTED_EDGE ( 'NONE', *, *, #9865, .T. ) ;
#2122 = ORIENTED_EDGE ( 'NONE', *, *, #246, .F. ) ;
#2123 = CARTESIAN_POINT ( 'NONE',  ( 721.3023807744079932, 894.1817331450264419, 1195.039653559465251 ) ) ;
#2124 = EDGE_CURVE ( 'NONE', #406, #479, #5660, .T. ) ;
#2125 = DIRECTION ( 'NONE',  ( 0.8660254037844380415, -0.5000000000000009992, -1.551108497285264517E-16 ) ) ;
#2126 = DIRECTION ( 'NONE',  ( -0.5845683251975072325, 0.3375006799125115364, 0.7378164841167307308 ) ) ;
#2127 = CARTESIAN_POINT ( 'NONE',  ( 717.1800848525040237, 879.2510169669742481, 1212.380460436409521 ) ) ;
#2128 = ORIENTED_EDGE ( 'NONE', *, *, #2177, .F. ) ;
#2129 = FACE_OUTER_BOUND ( 'NONE', #6589, .T. ) ;
#2130 = ORIENTED_EDGE ( 'NONE', *, *, #8414, .F. ) ;
#2131 = CARTESIAN_POINT ( 'NONE',  ( 717.1800848525040237, 879.2510169669742481, 1212.380460436409521 ) ) ;
#2132 = LINE ( 'NONE', #5298, #9899 ) ;
#2133 = ADVANCED_FACE ( 'NONE', ( #2129 ), #5053, .F. ) ;
#2134 = CARTESIAN_POINT ( 'NONE',  ( 710.6710549507453152, 903.0015159037657213, 1217.544351674400787 ) ) ;
#2135 = CARTESIAN_POINT ( 'NONE',  ( 711.9122097911310902, 900.8284308741198174, 1219.514240423928641 ) ) ;
#2136 = FACE_OUTER_BOUND ( 'NONE', #6464, .T. ) ;
#2137 = CARTESIAN_POINT ( 'NONE',  ( 717.1800848525040237, 879.2510169669742481, 1212.380460436409521 ) ) ;
#2138 = CARTESIAN_POINT ( 'NONE',  ( 714.4338582783553875, 891.2285987274224226, 1207.902055744281370 ) ) ;
#2139 = APPROVAL_DATE_TIME ( #6306, #3418 ) ;
#2140 = CARTESIAN_POINT ( 'NONE',  ( 736.5004022255160407, 886.9032390145799809, 1196.519701401937027 ) ) ;
#2141 = EDGE_LOOP ( 'NONE', ( #64, #2321, #1638, #6820 ) ) ;
#2142 = CARTESIAN_POINT ( 'NONE',  ( 717.1800848525040237, 879.2510169669742481, 1212.380460436409521 ) ) ;
#2143 = CARTESIAN_POINT ( 'NONE',  ( 715.9940760049208848, 898.4717374977673217, 1225.547968986335945 ) ) ;
#2144 = CIRCLE ( 'NONE', #4796, 18.17967805303275597 ) ;
#2145 = EDGE_CURVE ( 'NONE', #3357, #9213, #1490, .T. ) ;
#2146 = CARTESIAN_POINT ( 'NONE',  ( 725.3236735400701036, 893.3561263297817732, 1212.380460436409521 ) ) ;
#2147 = CARTESIAN_POINT ( 'NONE',  ( 739.3805120080241977, 884.9695723759895145, 1216.700779205695881 ) ) ;
#2148 = CARTESIAN_POINT ( 'NONE',  ( 727.2861716631491618, 890.7271059349784537, 1194.865045801582710 ) ) ;
#2149 = AXIS2_PLACEMENT_3D ( 'NONE', #446, #396, #9779 ) ;
#2150 = CARTESIAN_POINT ( 'NONE',  ( 717.1800848525040237, 879.2510169669742481, 1212.380460436409521 ) ) ;
#2151 = ORIENTED_EDGE ( 'NONE', *, *, #8693, .F. ) ;
#2152 = CARTESIAN_POINT ( 'NONE',  ( 713.8582888354783336, 891.5609039002049485, 1215.294682240528800 ) ) ;
#2153 = DIRECTION ( 'NONE',  ( -0.5000000000000008882, -0.8660254037844380415, -0.000000000000000000 ) ) ;
#2154 = DIRECTION ( 'NONE',  ( 0.5845683251975072325, -0.3375006799125115364, -0.7378164841167307308 ) ) ;
#2155 = EDGE_CURVE ( 'NONE', #4872, #3021, #6777, .T. ) ;
#2156 = ORIENTED_EDGE ( 'NONE', *, *, #829, .F. ) ;
#2157 = CONICAL_SURFACE ( 'NONE', #5788, 18.17967805303275597, 0.8981840042400328628 ) ;
#2158 = CARTESIAN_POINT ( 'NONE',  ( 717.1800848525040237, 879.2510169669742481, 1212.380460436409521 ) ) ;
#2159 = CARTESIAN_POINT ( 'NONE',  ( 725.6380446181680099, 894.3603203903206804, 1194.124135266431040 ) ) ;
#2160 = CARTESIAN_POINT ( 'NONE',  ( 724.3508705780016044, 893.3343543442877035, 1195.257578970443546 ) ) ;
#2161 = CARTESIAN_POINT ( 'NONE',  ( 724.5671849617482394, 893.5221046123845099, 1229.291939278056816 ) ) ;
#2162 = CARTESIAN_POINT ( 'NONE',  ( 717.1800848525040237, 879.2510169669742481, 1212.380460436409521 ) ) ;
#2163 = CARTESIAN_POINT ( 'NONE',  ( 725.8370950929727314, 894.2453985451099925, 1212.380460436409521 ) ) ;
#2164 = CARTESIAN_POINT ( 'NONE',  ( 717.1800848525040237, 879.2510169669742481, 1212.380460436409521 ) ) ;
#2165 = CARTESIAN_POINT ( 'NONE',  ( 711.5566546971042499, 902.4902146518111294, 1222.912346966166524 ) ) ;
#2166 = ORIENTED_EDGE ( 'NONE', *, *, #3806, .F. ) ;
#2167 = CARTESIAN_POINT ( 'NONE',  ( 731.2782597776362081, 889.6473726985701660, 1227.787588563873214 ) ) ;
#2168 = EDGE_CURVE ( 'NONE', #4423, #5891, #1320, .T. ) ;
#2169 = ORIENTED_EDGE ( 'NONE', *, *, #9387, .F. ) ;
#2170 = VERTEX_POINT ( 'NONE', #9044 ) ;
#2171 = DIRECTION ( 'NONE',  ( 0.4999999999999988343, 0.8660254037844394848, -2.975261781898571487E-15 ) ) ;
#2172 = CARTESIAN_POINT ( 'NONE',  ( 710.3966954715854172, 901.9742211358097848, 1201.378803124090837 ) ) ;
#2173 = CARTESIAN_POINT ( 'NONE',  ( 717.1800848525040237, 879.2510169669742481, 1212.380460436409521 ) ) ;
#2174 = CARTESIAN_POINT ( 'NONE',  ( 722.1909207391069003, 893.6687343571920792, 1229.920247817505697 ) ) ;
#2175 = CONICAL_SURFACE ( 'NONE', #7941, 20.44804870789273821, 0.7096869864122512528 ) ;
#2176 = EDGE_LOOP ( 'NONE', ( #4956, #7549 ) ) ;
#2177 = EDGE_CURVE ( 'NONE', #7652, #9537, #3450, .T. ) ;
#2178 = VERTEX_POINT ( 'NONE', #7548 ) ;
#2179 = CARTESIAN_POINT ( 'NONE',  ( 716.5292206964782054, 899.6193023335092676, 1224.128450989098837 ) ) ;
#2180 = EDGE_CURVE ( 'NONE', #1852, #5561, #5555, .T. ) ;
#2181 = CARTESIAN_POINT ( 'NONE',  ( 708.7475452912642595, 903.0104943977061112, 1219.374038294312186 ) ) ;
#2182 = ORIENTED_EDGE ( 'NONE', *, *, #4762, .T. ) ;
#2183 = B_SPLINE_CURVE_WITH_KNOTS ( 'NONE', 3,
 ( #8137, #149, #9635, #3240, #1798, #7415, #1083, #6388 ),
 .UNSPECIFIED., .F., .F.,
 ( 4, 2, 2, 4 ),
 ( 0.000000000000000000, 0.0005319171944634316007, 0.001063834388926863201, 0.002127668777853280145 ),
 .UNSPECIFIED. ) ;
#2184 = CARTESIAN_POINT ( 'NONE',  ( 739.3687040536301538, 886.4329204691057384, 1221.824861475846774 ) ) ;
#2185 = VECTOR ( 'NONE', #9285, 1000.000000000000114 ) ;
#2186 = CARTESIAN_POINT ( 'NONE',  ( 733.8712343564862977, 888.4211897915116651, 1230.288790939652472 ) ) ;
#2187 = CARTESIAN_POINT ( 'NONE',  ( 710.2457739395392764, 903.2470520100666818, 1209.345163704687593 ) ) ;
#2188 = CARTESIAN_POINT ( 'NONE',  ( 718.5959319758044330, 897.2403897329492111, 1193.465580388688977 ) ) ;
#2189 = DIRECTION ( 'NONE',  ( -0.2276445769195387658, 0.9259902027927034984, 0.3011977605013888004 ) ) ;
#2190 = COORDINATED_UNIVERSAL_TIME_OFFSET ( 5, 0, .BEHIND. ) ;
#2191 = CARTESIAN_POINT ( 'NONE',  ( 708.7294778930777284, 900.8504868400376608, 1213.874588963945371 ) ) ;
#2192 = ORIENTED_EDGE ( 'NONE', *, *, #6533, .F. ) ;
#2193 = CARTESIAN_POINT ( 'NONE',  ( 742.7531700681779512, 884.4788981045434184, 1213.516453828375688 ) ) ;
#2194 = EDGE_CURVE ( 'NONE', #9226, #1309, #3206, .T. ) ;
#2195 = AXIS2_PLACEMENT_3D ( 'NONE', #9421, #1676, #2345 ) ;
#2196 = CARTESIAN_POINT ( 'NONE',  ( 717.1800848525040237, 879.2510169669742481, 1212.380460436409521 ) ) ;
#2197 = CARTESIAN_POINT ( 'NONE',  ( 724.4202779218370551, 891.7913992196671416, 1212.380460436409521 ) ) ;
#2198 = CARTESIAN_POINT ( 'NONE',  ( 732.8436017725642841, 887.9720620863266731, 1197.544049032078874 ) ) ;
#2199 = B_SPLINE_CURVE_WITH_KNOTS ( 'NONE', 1,
 ( #2311, #8707 ),
 .UNSPECIFIED., .F., .F.,
 ( 2, 2 ),
 ( 0.000000000000000000, 0.002900000000003420675 ),
 .UNSPECIFIED. ) ;
#2200 = CARTESIAN_POINT ( 'NONE',  ( 739.4779786955423333, 884.7554937246982263, 1208.373415117074501 ) ) ;
#2201 = B_SPLINE_CURVE_WITH_KNOTS ( 'NONE', 1,
 ( #7849, #3932 ),
 .UNSPECIFIED., .F., .F.,
 ( 2, 2 ),
 ( 0.000000000000000000, 0.002900000000000635143 ),
 .UNSPECIFIED. ) ;
#2202 = CARTESIAN_POINT ( 'NONE',  ( 729.8904545439122558, 882.3047287127477603, 1211.954220254452594 ) ) ;
#2203 = EDGE_LOOP ( 'NONE', ( #2071, #9871, #9034, #400 ) ) ;
#2204 = CARTESIAN_POINT ( 'NONE',  ( 717.1800848525040237, 879.2510169669742481, 1212.380460436409521 ) ) ;
#2205 = CARTESIAN_POINT ( 'NONE',  ( 715.2312063757188980, 899.1830149639091587, 1229.182608255733385 ) ) ;
#2206 = EDGE_CURVE ( 'NONE', #6995, #9226, #4064, .T. ) ;
#2207 = ORIENTED_EDGE ( 'NONE', *, *, #230, .T. ) ;
#2208 = DIRECTION ( 'NONE',  ( -0.4999999999999988343, -0.8660254037844394848, 2.975261781898571487E-15 ) ) ;
#2209 = CARTESIAN_POINT ( 'NONE',  ( 710.5541961451949646, 901.6124164154629170, 1211.844028337187638 ) ) ;
#2210 = CARTESIAN_POINT ( 'NONE',  ( 725.1937235544880878, 894.6168492760430127, 1194.137988775962185 ) ) ;
#2211 = FACE_OUTER_BOUND ( 'NONE', #6146, .T. ) ;
#2212 = CARTESIAN_POINT ( 'NONE',  ( 717.5706988061056109, 897.8323083794583681, 1230.764634962155696 ) ) ;
#2213 = DIRECTION ( 'NONE',  ( 0.5845683251975080097, -0.3375006799125091494, -0.7378164841167310639 ) ) ;
#2214 = B_SPLINE_CURVE_WITH_KNOTS ( 'NONE', 3,
 ( #7425, #9645, #4342, #2574, #5735, #5832, #8873, #1808 ),
 .UNSPECIFIED., .F., .F.,
 ( 4, 2, 2, 4 ),
 ( 0.000000000000000000, 0.0005319171944492763655, 0.001063834388898552731, 0.002127668777797895195 ),
 .UNSPECIFIED. ) ;
#2215 = CARTESIAN_POINT ( 'NONE',  ( 717.5268610577564914, 889.4428527401310021, 1220.569878220826695 ) ) ;
#2216 = FACE_OUTER_BOUND ( 'NONE', #21, .T. ) ;
#2217 = LINE ( 'NONE', #8461, #5701 ) ;
#2218 = EDGE_LOOP ( 'NONE', ( #759, #8112, #8943, #6104 ) ) ;
#2219 = CARTESIAN_POINT ( 'NONE',  ( 717.1800848525040237, 879.2510169669742481, 1212.380460436409521 ) ) ;
#2220 = AXIS2_PLACEMENT_3D ( 'NONE', #2863, #4268, #9155 ) ;
#2221 = ORIENTED_EDGE ( 'NONE', *, *, #8142, .F. ) ;
#2222 = B_SPLINE_CURVE_WITH_KNOTS ( 'NONE', 3,
 ( #1131, #250, #2714, #9733, #9057, #7408, #9681, #1794 ),
 .UNSPECIFIED., .F., .F.,
 ( 4, 2, 2, 4 ),
 ( 0.000000000000000000, 0.001064839483366730255, 0.001597259225050088336, 0.002129678966733446633 ),
 .UNSPECIFIED. ) ;
#2223 = EDGE_LOOP ( 'NONE', ( #8204, #1191, #4251, #3391 ) ) ;
#2224 = CARTESIAN_POINT ( 'NONE',  ( 722.2196679583047398, 894.7195840746070417, 1195.680826303909498 ) ) ;
#2225 = VERTEX_POINT ( 'NONE', #6003 ) ;
#2226 = ORIENTED_EDGE ( 'NONE', *, *, #5022, .F. ) ;
#2227 = EDGE_CURVE ( 'NONE', #97, #3259, #1378, .T. ) ;
#2228 = FACE_OUTER_BOUND ( 'NONE', #9773, .T. ) ;
#2229 = CARTESIAN_POINT ( 'NONE',  ( 714.7011814994754104, 899.2181533048437814, 1224.186850675803726 ) ) ;
#2230 = B_SPLINE_CURVE_WITH_KNOTS ( 'NONE', 3,
 ( #7604, #5358, #7557, #2764, #3542, #9933, #5204, #9878, #6692, #1329 ),
 .UNSPECIFIED., .F., .F.,
 ( 4, 3, 3, 4 ),
 ( 0.000000000000000000, 0.0001770953904236916650, 0.0003541907790578351653, 0.0006813326750119738217 ),
 .UNSPECIFIED. ) ;
#2231 = FACE_OUTER_BOUND ( 'NONE', #6332, .T. ) ;
#2232 = EDGE_LOOP ( 'NONE', ( #9045, #5801, #5890, #5872, #8257 ) ) ;
#2233 = VERTEX_POINT ( 'NONE', #6610 ) ;
#2234 = CARTESIAN_POINT ( 'NONE',  ( 739.7501516958237744, 885.0269952831023375, 1200.521919211228806 ) ) ;
#2235 = VECTOR ( 'NONE', #3106, 1000.000000000000114 ) ;
#2236 = B_SPLINE_CURVE_WITH_KNOTS ( 'NONE', 3,
 ( #1824, #5043, #1061, #7339, #8162, #1115, #3477, #1668 ),
 .UNSPECIFIED., .F., .F.,
 ( 4, 2, 2, 4 ),
 ( 0.000000000000000000, 0.0005319171944605501166, 0.001063834388921100233, 0.002127668777842486696 ),
 .UNSPECIFIED. ) ;
#2237 = AXIS2_PLACEMENT_3D ( 'NONE', #5575, #152, #6296 ) ;
#2238 = CARTESIAN_POINT ( 'NONE',  ( 717.1800848525040237, 879.2510169669742481, 1212.380460436409521 ) ) ;
#2239 = CARTESIAN_POINT ( 'NONE',  ( 713.3895112889291568, 908.3602176354103221, 1212.380460436409066 ) ) ;
#2240 = EDGE_CURVE ( 'NONE', #3829, #7112, #624, .T. ) ;
#2241 = CARTESIAN_POINT ( 'NONE',  ( 713.0535397628578949, 900.3332281511452493, 1227.338406302001886 ) ) ;
#2242 = EDGE_CURVE ( 'NONE', #830, #1779, #123, .T. ) ;
#2243 = AXIS2_PLACEMENT_3D ( 'NONE', #6625, #6523, #130 ) ;
#2244 = CARTESIAN_POINT ( 'NONE',  ( 724.8027400580389212, 893.3861139095486124, 1195.459557836716613 ) ) ;
#2245 = CARTESIAN_POINT ( 'NONE',  ( 736.5004022255160407, 886.9032390145799809, 1196.519701401937027 ) ) ;
#2246 = DIRECTION ( 'NONE',  ( 0.5000000000000009992, 0.8660254037844381525, -5.726519994466740890E-15 ) ) ;
#2247 = ORIENTED_EDGE ( 'NONE', *, *, #5810, .F. ) ;
#2248 = CARTESIAN_POINT ( 'NONE',  ( 717.5100235370118753, 897.2838089590774189, 1227.133859119871431 ) ) ;
#2249 = ORIENTED_EDGE ( 'NONE', *, *, #8937, .T. ) ;
#2250 = CARTESIAN_POINT ( 'NONE',  ( 740.7674218614650954, 885.6592441500948780, 1203.130481374124201 ) ) ;
#2251 = CARTESIAN_POINT ( 'NONE',  ( 714.7898980089638599, 899.1670354901632436, 1200.469729950424153 ) ) ;
#2252 = CIRCLE ( 'NONE', #6207, 18.17967805303275597 ) ;
#2253 = FACE_OUTER_BOUND ( 'NONE', #7234, .T. ) ;
#2254 = DIRECTION ( 'NONE',  ( 0.5139714647588111696, 0.4978179814943640147, 0.6985775481036871071 ) ) ;
#2255 = ADVANCED_FACE ( 'NONE', ( #6506 ), #6768, .F. ) ;
#2256 = CARTESIAN_POINT ( 'NONE',  ( 709.4702169817077220, 903.6948200284426775, 1217.446261353369437 ) ) ;
#2257 = CARTESIAN_POINT ( 'NONE',  ( 739.4613132098110100, 884.9228845967106736, 1208.430887505840474 ) ) ;
#2258 = VECTOR ( 'NONE', #3490, 1000.000000000000000 ) ;
#2259 = VERTEX_POINT ( 'NONE', #317 ) ;
#2260 = CARTESIAN_POINT ( 'NONE',  ( 742.2956811788100140, 885.5346148843386800, 1208.643542771815419 ) ) ;
#2261 = CARTESIAN_POINT ( 'NONE',  ( 717.9314276471922085, 897.3532502000739441, 1227.076287721347398 ) ) ;
#2262 = ORIENTED_EDGE ( 'NONE', *, *, #7353, .T. ) ;
#2263 = CARTESIAN_POINT ( 'NONE',  ( 728.7680845489721833, 882.9527293314567942, 1217.184200897399023 ) ) ;
#2264 = CARTESIAN_POINT ( 'NONE',  ( 710.5470649440788975, 901.6165336163469419, 1212.475632673229256 ) ) ;
#2265 = CARTESIAN_POINT ( 'NONE',  ( 728.1750288204414119, 893.6846629842286802, 1193.541576610986340 ) ) ;
#2266 = CARTESIAN_POINT ( 'NONE',  ( 725.9437266857926261, 894.1838347662911701, 1192.814841508976997 ) ) ;
#2267 = EDGE_CURVE ( 'NONE', #9035, #9716, #384, .T. ) ;
#2268 = CARTESIAN_POINT ( 'NONE',  ( 725.8370950929727314, 894.2453985451099925, 1212.380460436409521 ) ) ;
#2269 = B_SPLINE_SURFACE_WITH_KNOTS ( 'NONE', 3, 1, ( 
 ( #507, #1089 ),
 ( #7372, #7473 ),
 ( #6706, #9846 ),
 ( #8297, #7522 ) ),
 .UNSPECIFIED., .F., .F., .F.,
 ( 4, 4 ),
 ( 2, 2 ),
 ( 0.000000000000000000, 1.000000000000000000 ),
 ( 0.000000000000000000, 1.000000000000000000 ),
 .UNSPECIFIED. ) ;
#2270 = CARTESIAN_POINT ( 'NONE',  ( 716.1416590478957005, 900.6346466020135040, 1197.350377578194411 ) ) ;
#2271 = CARTESIAN_POINT ( 'NONE',  ( 713.4671568609830956, 900.2014894261045583, 1197.192086189031215 ) ) ;
#2272 = ORIENTED_EDGE ( 'NONE', *, *, #5468, .T. ) ;
#2273 = CARTESIAN_POINT ( 'NONE',  ( 717.1800848525040237, 879.2510169669742481, 1212.380460436409521 ) ) ;
#2274 = ORIENTED_EDGE ( 'NONE', *, *, #8449, .F. ) ;
#2275 = ORIENTED_EDGE ( 'NONE', *, *, #327, .F. ) ;
#2276 = CARTESIAN_POINT ( 'NONE',  ( 709.9895688469407560, 902.1022125842391688, 1222.932592246811055 ) ) ;
#2277 = EDGE_CURVE ( 'NONE', #4561, #9924, #7500, .T. ) ;
#2278 = DIRECTION ( 'NONE',  ( 0.5845683251975080097, -0.3375006799125091494, -0.7378164841167310639 ) ) ;
#2279 = CARTESIAN_POINT ( 'NONE',  ( 710.0116735412127582, 900.1102108374354884, 1205.053101622780105 ) ) ;
#2280 = FACE_OUTER_BOUND ( 'NONE', #8106, .T. ) ;
#2281 = ORIENTED_EDGE ( 'NONE', *, *, #6439, .F. ) ;
#2282 = ORIENTED_EDGE ( 'NONE', *, *, #5288, .F. ) ;
#2283 = CARTESIAN_POINT ( 'NONE',  ( 738.0439849811850763, 887.1977473821824560, 1200.776128781878015 ) ) ;
#2284 = CARTESIAN_POINT ( 'NONE',  ( 717.8736372630088454, 899.6346885132877560, 1228.759296005243868 ) ) ;
#2285 = EDGE_CURVE ( 'NONE', #4462, #10161, #5127, .T. ) ;
#2286 = CARTESIAN_POINT ( 'NONE',  ( 726.5780471321747882, 892.3611221128388706, 1229.233535872770062 ) ) ;
#2287 = CARTESIAN_POINT ( 'NONE',  ( 717.1800848525040237, 879.2510169669742481, 1212.380460436409521 ) ) ;
#2288 = CARTESIAN_POINT ( 'NONE',  ( 740.5072850794368833, 885.7755604073619224, 1205.569775559907612 ) ) ;
#2289 = CARTESIAN_POINT ( 'NONE',  ( 708.7737623508839988, 902.8041587920200755, 1220.114243435491971 ) ) ;
#2290 = ORIENTED_EDGE ( 'NONE', *, *, #9484, .T. ) ;
#2291 = CARTESIAN_POINT ( 'NONE',  ( 744.1713637030086375, 889.4336063196062696, 1190.196798703381319 ) ) ;
#2292 = VERTEX_POINT ( 'NONE', #3408 ) ;
#2293 = LINE ( 'NONE', #5456, #8948 ) ;
#2294 = CARTESIAN_POINT ( 'NONE',  ( 733.4511869222316136, 889.8494005778527480, 1194.901060792931048 ) ) ;
#2295 = EDGE_CURVE ( 'NONE', #77, #8539, #8227, .T. ) ;
#2296 = CARTESIAN_POINT ( 'NONE',  ( 711.2908112416108679, 902.6436994424024078, 1203.218862342402645 ) ) ;
#2297 = CARTESIAN_POINT ( 'NONE',  ( 710.3763246477000166, 901.4025621989467254, 1209.936791020723376 ) ) ;
#2298 = DIRECTION ( 'NONE',  ( 0.5845683251975080097, -0.3375006799125091494, -0.7378164841167310639 ) ) ;
#2299 = CARTESIAN_POINT ( 'NONE',  ( 718.2252515862539894, 898.6400984427435787, 1228.884319058852952 ) ) ;
#2300 = ORIENTED_EDGE ( 'NONE', *, *, #5287, .F. ) ;
#2301 = CARTESIAN_POINT ( 'NONE',  ( 729.0113554092527011, 890.9561705458831966, 1196.033204930950433 ) ) ;
#2302 = CARTESIAN_POINT ( 'NONE',  ( 708.6920793503545610, 900.8720788987409378, 1213.196377328729113 ) ) ;
#2303 = EDGE_CURVE ( 'NONE', #1746, #8016, #3688, .T. ) ;
#2304 = EDGE_CURVE ( 'NONE', #2379, #3246, #8147, .T. ) ;
#2305 = ORIENTED_EDGE ( 'NONE', *, *, #2626, .T. ) ;
#2306 = CARTESIAN_POINT ( 'NONE',  ( 735.0211355904259563, 887.4864223405126040, 1224.954137414683828 ) ) ;
#2307 = CARTESIAN_POINT ( 'NONE',  ( 737.9643415001551148, 887.2437295673945528, 1224.771482359401489 ) ) ;
#2308 = CARTESIAN_POINT ( 'NONE',  ( 728.5815014676800274, 893.4525002322744740, 1193.603695340216518 ) ) ;
#2309 = CIRCLE ( 'NONE', #8076, 20.69836085483313681 ) ;
#2310 = CARTESIAN_POINT ( 'NONE',  ( 717.1800848525040237, 879.2510169669742481, 1212.380460436409521 ) ) ;
#2311 = CARTESIAN_POINT ( 'NONE',  ( 720.7278830716803668, 896.0095071938477531, 1232.127890039304930 ) ) ;
#2312 = ORIENTED_EDGE ( 'NONE', *, *, #4291, .F. ) ;
#2313 = CARTESIAN_POINT ( 'NONE',  ( 711.2551103269636315, 901.2077434239400873, 1217.578458706827405 ) ) ;
#2314 = CARTESIAN_POINT ( 'NONE',  ( 711.8968179180299103, 902.2938213246411578, 1203.764781143287792 ) ) ;
#2315 = DIRECTION ( 'NONE',  ( 0.8660254037844441477, -0.4999999999999902855, 0.000000000000000000 ) ) ;
#2316 = CARTESIAN_POINT ( 'NONE',  ( 717.1800848525040237, 879.2510169669742481, 1212.380460436409521 ) ) ;
#2317 = AXIS2_PLACEMENT_3D ( 'NONE', #6272, #1632, #3226 ) ;
#2318 = ORIENTED_EDGE ( 'NONE', *, *, #6930, .F. ) ;
#2319 = VERTEX_POINT ( 'NONE', #5380 ) ;
#2320 = EDGE_CURVE ( 'NONE', #5374, #757, #9709, .T. ) ;
#2321 = ORIENTED_EDGE ( 'NONE', *, *, #3120, .T. ) ;
#2322 = CARTESIAN_POINT ( 'NONE',  ( 741.2412813892801751, 885.3517874402898542, 1216.498032649392826 ) ) ;
#2323 = CC_DESIGN_APPROVAL ( #3418, ( #5693 ) ) ;
#2324 = CARTESIAN_POINT ( 'NONE',  ( 731.0356090257090500, 892.0356205730261081, 1194.247074217424597 ) ) ;
#2325 = B_SPLINE_CURVE_WITH_KNOTS ( 'NONE', 3,
 ( #8512, #4499, #2836, #10117 ),
 .UNSPECIFIED., .F., .F.,
 ( 4, 4 ),
 ( 1.005213304147867163E-05, 0.001341057332774097223 ),
 .UNSPECIFIED. ) ;
#2326 = CARTESIAN_POINT ( 'NONE',  ( 717.1800848525040237, 879.2510169669742481, 1212.380460436409521 ) ) ;
#2327 = CARTESIAN_POINT ( 'NONE',  ( 735.0370666593061060, 889.7253779311179187, 1196.391173448260588 ) ) ;
#2328 = ORIENTED_EDGE ( 'NONE', *, *, #3492, .T. ) ;
#2329 = ORIENTED_EDGE ( 'NONE', *, *, #7481, .T. ) ;
#2330 = DIRECTION ( 'NONE',  ( 0.5845683251975072325, -0.3375006799125115364, -0.7378164841167307308 ) ) ;
#2331 = ADVANCED_FACE ( 'NONE', ( #9290 ), #2068, .F. ) ;
#2332 = DIRECTION ( 'NONE',  ( -0.4999999999999988343, -0.8660254037844394848, 2.975261781898571487E-15 ) ) ;
#2333 = CARTESIAN_POINT ( 'NONE',  ( 717.1800848525040237, 879.2510169669742481, 1212.380460436409521 ) ) ;
#2334 = CARTESIAN_POINT ( 'NONE',  ( 725.3236735400701036, 893.3561263297817732, 1212.380460436409521 ) ) ;
#2335 = CARTESIAN_POINT ( 'NONE',  ( 731.8351464365830452, 889.5967257001590269, 1193.364931950870869 ) ) ;
#2336 = AXIS2_PLACEMENT_3D ( 'NONE', #6266, #5406, #7040 ) ;
#2337 = CARTESIAN_POINT ( 'NONE',  ( 734.4629069006600730, 888.4666969841623541, 1195.084548722536510 ) ) ;
#2338 = B_SPLINE_CURVE_WITH_KNOTS ( 'NONE', 3,
 ( #4131, #932, #3401, #9591 ),
 .UNSPECIFIED., .F., .F.,
 ( 4, 4 ),
 ( 0.000000000000000000, 0.001331005199731588162 ),
 .UNSPECIFIED. ) ;
#2339 = B_SPLINE_CURVE_WITH_KNOTS ( 'NONE', 3,
 ( #6607, #4918, #2677, #1955, #8248, #1045, #6660, #8818 ),
 .UNSPECIFIED., .F., .F.,
 ( 4, 2, 2, 4 ),
 ( 0.000000000000000000, 0.001064839483353934718, 0.001597259225031005727, 0.002129678966708076736 ),
 .UNSPECIFIED. ) ;
#2340 = ADVANCED_FACE ( 'NONE', ( #9904 ), #1922, .T. ) ;
#2341 = CARTESIAN_POINT ( 'NONE',  ( 717.1800848525040237, 879.2510169669742481, 1212.380460436409521 ) ) ;
#2342 = VERTEX_POINT ( 'NONE', #3668 ) ;
#2343 = CARTESIAN_POINT ( 'NONE',  ( 736.2574035298573563, 885.5474467313823652, 1200.674304931492543 ) ) ;
#2344 = ORIENTED_EDGE ( 'NONE', *, *, #6387, .T. ) ;
#2345 = DIRECTION ( 'NONE',  ( 0.000000000000000000, -0.7071067811865474617, -0.7071067811865474617 ) ) ;
#2346 = CARTESIAN_POINT ( 'NONE',  ( 738.4898315889872720, 883.6683386224781316, 1204.221769349254373 ) ) ;
#2347 = CIRCLE ( 'NONE', #8446, 18.17967805303275597 ) ;
#2348 = B_SPLINE_SURFACE_WITH_KNOTS ( 'NONE', 3, 1, ( 
 ( #3793, #5447 ),
 ( #7551, #7706 ),
 ( #8381, #6885 ),
 ( #8532, #10138 ) ),
 .UNSPECIFIED., .F., .F., .F.,
 ( 4, 4 ),
 ( 2, 2 ),
 ( 0.000000000000000000, 1.000000000000000000 ),
 ( 0.000000000000000000, 1.000000000000000000 ),
 .UNSPECIFIED. ) ;
#2349 = DIRECTION ( 'NONE',  ( 0.5845683251975080097, -0.3375006799125091494, -0.7378164841167310639 ) ) ;
#2350 = CARTESIAN_POINT ( 'NONE',  ( 724.4202779218370551, 891.7913992196671416, 1212.380460436409521 ) ) ;
#2351 = DIRECTION ( 'NONE',  ( -0.4999999999999988343, -0.8660254037844394848, 2.975261781898571487E-15 ) ) ;
#2352 = EDGE_CURVE ( 'NONE', #4007, #3209, #984, .T. ) ;
#2353 = CARTESIAN_POINT ( 'NONE',  ( 710.1251786143037634, 902.5180909617420184, 1221.953590741263952 ) ) ;
#2354 = VERTEX_POINT ( 'NONE', #7529 ) ;
#2355 = CARTESIAN_POINT ( 'NONE',  ( 710.4415325954470291, 903.1340306973822862, 1218.176991471111023 ) ) ;
#2356 = VECTOR ( 'NONE', #6907, 1000.000000000000114 ) ;
#2357 = CARTESIAN_POINT ( 'NONE',  ( 717.1800848525040237, 879.2510169669742481, 1212.380460436409521 ) ) ;
#2358 = CARTESIAN_POINT ( 'NONE',  ( 717.1800848525040237, 879.2510169669742481, 1212.380460436409521 ) ) ;
#2359 = ORIENTED_EDGE ( 'NONE', *, *, #6447, .T. ) ;
#2360 = CARTESIAN_POINT ( 'NONE',  ( 717.1800848525040237, 879.2510169669742481, 1212.380460436409521 ) ) ;
#2361 = CARTESIAN_POINT ( 'NONE',  ( 780.5717232886125885, 923.8434747564629106, 1212.380460436409066 ) ) ;
#2362 = CARTESIAN_POINT ( 'NONE',  ( 717.1800848525040237, 879.2510169669742481, 1212.380460436409521 ) ) ;
#2363 = CARTESIAN_POINT ( 'NONE',  ( 731.1278398074360894, 889.7342177088562494, 1196.895468354520517 ) ) ;
#2364 = EDGE_LOOP ( 'NONE', ( #3637, #2777 ) ) ;
#2365 = EDGE_CURVE ( 'NONE', #9894, #8009, #2325, .T. ) ;
#2366 = CARTESIAN_POINT ( 'NONE',  ( 710.9328761062288322, 899.5783542885350244, 1221.758840740748383 ) ) ;
#2367 = CARTESIAN_POINT ( 'NONE',  ( 741.2471379459768741, 885.3484061557044242, 1208.292963131922079 ) ) ;
#2368 = EDGE_CURVE ( 'NONE', #677, #7497, #3926, .T. ) ;
#2369 = DIRECTION ( 'NONE',  ( -0.4999999999999988343, -0.8660254037844394848, 2.975261781898571487E-15 ) ) ;
#2370 = VERTEX_POINT ( 'NONE', #6815 ) ;
#2371 = ORIENTED_EDGE ( 'NONE', *, *, #7456, .F. ) ;
#2372 = CARTESIAN_POINT ( 'NONE',  ( 730.0235691671803124, 891.8283366114108048, 1193.421033998849452 ) ) ;
#2373 = B_SPLINE_CURVE_WITH_KNOTS ( 'NONE', 3,
 ( #675, #6292, #2459, #8706, #10165, #3145, #1554, #4016, #9389, #823 ),
 .UNSPECIFIED., .F., .F.,
 ( 4, 3, 3, 4 ),
 ( 0.000000000000000000, 0.0001770953904237427851, 0.0003541907790578219923, 0.0006813326750120193582 ),
 .UNSPECIFIED. ) ;
#2374 = CARTESIAN_POINT ( 'NONE',  ( 707.5155181233127450, 903.5306064355144144, 1210.855392410051763 ) ) ;
#2375 = ADVANCED_FACE ( 'NONE', ( #7632 ), #1817, .F. ) ;
#2376 = CONICAL_SURFACE ( 'NONE', #5205, 20.44804870789273821, 0.7096869864122512528 ) ;
#2377 = CARTESIAN_POINT ( 'NONE',  ( 722.1466650810398278, 893.3965152895049187, 1230.144084575105126 ) ) ;
#2378 = PERSON_AND_ORGANIZATION ( #3082, #3976 ) ;
#2379 = VERTEX_POINT ( 'NONE', #6964 ) ;
#2380 = EDGE_LOOP ( 'NONE', ( #2028, #2067, #4723, #9335 ) ) ;
#2381 = CARTESIAN_POINT ( 'NONE',  ( 780.1024668973318512, 869.8434747564627969, 1212.380460436409066 ) ) ;
#2382 = CARTESIAN_POINT ( 'NONE',  ( 732.7367781272095044, 888.6473857566110155, 1226.983498459488146 ) ) ;
#2383 = CARTESIAN_POINT ( 'NONE',  ( 729.8505793495002081, 882.3277506669754757, 1213.406429613393357 ) ) ;
#2384 = CARTESIAN_POINT ( 'NONE',  ( 716.6933191705675199, 898.0679920841756712, 1198.599790914825917 ) ) ;
#2385 = DIRECTION ( 'NONE',  ( 0.000000000000000000, -0.7071067811865424657, 0.7071067811865526798 ) ) ;
#2386 = AXIS2_PLACEMENT_3D ( 'NONE', #2413, #57, #8953 ) ;
#2387 = DIRECTION ( 'NONE',  ( 0.4999999999999988343, 0.8660254037844394848, -2.975261781898571487E-15 ) ) ;
#2388 = EDGE_CURVE ( 'NONE', #9579, #2615, #1249, .T. ) ;
#2389 = DIRECTION ( 'NONE',  ( 0.5000000000000004441, 0.8660254037844383745, -9.910297435075217688E-15 ) ) ;
#2390 = CARTESIAN_POINT ( 'NONE',  ( 739.4799953734213886, 884.9121567087460107, 1208.520842733378913 ) ) ;
#2391 = VERTEX_POINT ( 'NONE', #7109 ) ;
#2392 = CARTESIAN_POINT ( 'NONE',  ( 717.1800848525040237, 879.2510169669742481, 1212.380460436409521 ) ) ;
#2393 = VERTEX_POINT ( 'NONE', #4804 ) ;
#2394 = LINE ( 'NONE', #9565, #4515 ) ;
#2395 = CARTESIAN_POINT ( 'NONE',  ( 717.1800848525040237, 879.2510169669742481, 1212.380460436409521 ) ) ;
#2396 = CIRCLE ( 'NONE', #2735, 20.44804870789273821 ) ;
#2397 = CARTESIAN_POINT ( 'NONE',  ( 709.7674613824513017, 901.2951760118334050, 1211.586855105571203 ) ) ;
#2398 = CIRCLE ( 'NONE', #8167, 18.17967805303275597 ) ;
#2399 = DIRECTION ( 'NONE',  ( 0.5000000000000009992, 0.8660254037844381525, -5.726519994466740890E-15 ) ) ;
#2400 = CARTESIAN_POINT ( 'NONE',  ( 717.1800848525040237, 879.2510169669742481, 1212.380460436409521 ) ) ;
#2401 = CARTESIAN_POINT ( 'NONE',  ( 709.9104973726748540, 901.3646521461323573, 1212.660935629614414 ) ) ;
#2402 = ORIENTED_EDGE ( 'NONE', *, *, #919, .F. ) ;
#2403 = CARTESIAN_POINT ( 'NONE',  ( 717.1800848525040237, 879.2510169669742481, 1212.380460436409521 ) ) ;
#2404 = CARTESIAN_POINT ( 'NONE',  ( 717.1800848525040237, 879.2510169669742481, 1212.380460436409521 ) ) ;
#2405 = CARTESIAN_POINT ( 'NONE',  ( 715.7821054889640209, 898.8649532125808719, 1229.606429246955486 ) ) ;
#2406 = CARTESIAN_POINT ( 'NONE',  ( 709.5918739322386273, 904.1688868393780467, 1214.651150474180668 ) ) ;
#2407 = ORIENTED_EDGE ( 'NONE', *, *, #6471, .T. ) ;
#2408 = EDGE_CURVE ( 'NONE', #7753, #7898, #8854, .T. ) ;
#2409 = CARTESIAN_POINT ( 'NONE',  ( 709.8556713379689427, 903.4722778520950897, 1215.395371912387873 ) ) ;
#2410 = CARTESIAN_POINT ( 'NONE',  ( 718.7888871315642518, 899.1062687553011301, 1195.426933756274366 ) ) ;
#2411 = AXIS2_PLACEMENT_3D ( 'NONE', #3957, #8700, #3182 ) ;
#2412 = CARTESIAN_POINT ( 'NONE',  ( 708.4310073423057474, 903.4963504157022953, 1208.092036743162680 ) ) ;
#2413 = CARTESIAN_POINT ( 'NONE',  ( 725.8370950929726177, 894.2453985451099925, 1212.380460436409521 ) ) ;
#2414 = CARTESIAN_POINT ( 'NONE',  ( 744.1713637030086375, 889.4336063196062696, 1190.196798703381319 ) ) ;
#2415 = VERTEX_POINT ( 'NONE', #6241 ) ;
#2416 = CARTESIAN_POINT ( 'NONE',  ( 724.4202779218370551, 891.7913992196671416, 1212.380460436409521 ) ) ;
#2417 = EDGE_LOOP ( 'NONE', ( #477, #696, #5033, #7712 ) ) ;
#2418 = CARTESIAN_POINT ( 'NONE',  ( 725.8370950929727314, 894.2453985451099925, 1212.380460436409521 ) ) ;
#2419 = EDGE_CURVE ( 'NONE', #3522, #3829, #4657, .T. ) ;
#2420 = EDGE_CURVE ( 'NONE', #5816, #944, #2825, .T. ) ;
#2421 = CARTESIAN_POINT ( 'NONE',  ( 725.3236735400701036, 893.3561263297817732, 1212.380460436409521 ) ) ;
#2422 = ORIENTED_EDGE ( 'NONE', *, *, #10086, .T. ) ;
#2423 = CARTESIAN_POINT ( 'NONE',  ( 713.2171141768415055, 900.0750382372868899, 1222.121413304981388 ) ) ;
#2424 = CARTESIAN_POINT ( 'NONE',  ( 740.4106615957491613, 886.3756514857522006, 1222.035360971689443 ) ) ;
#2425 = B_SPLINE_CURVE_WITH_KNOTS ( 'NONE', 3,
 ( #1643, #1598, #252, #7880, #9684, #3287, #7154, #1690 ),
 .UNSPECIFIED., .F., .F.,
 ( 4, 2, 2, 4 ),
 ( 0.000000000000000000, 0.001064839483319253693, 0.001597259224978880539, 0.002129678966638507386 ),
 .UNSPECIFIED. ) ;
#2426 = FACE_OUTER_BOUND ( 'NONE', #2954, .T. ) ;
#2427 = B_SPLINE_SURFACE_WITH_KNOTS ( 'NONE', 3, 1, ( 
 ( #4414, #8327 ),
 ( #9978, #6985 ),
 ( #7550, #3012 ),
 ( #2911, #5349 ),
 ( #2131, #5398 ),
 ( #6060, #4572 ) ),
 .UNSPECIFIED., .F., .F., .F.,
 ( 4, 1, 1, 4 ),
 ( 2, 2 ),
 ( 0.000000000000000000, 0.2890654569501156512, 0.6604379133667447332, 1.000000000000000000 ),
 ( 0.000000000000000000, 1.000000000000000000 ),
 .UNSPECIFIED. ) ;
#2428 = VERTEX_POINT ( 'NONE', #3043 ) ;
#2429 = EDGE_LOOP ( 'NONE', ( #4476, #2770 ) ) ;
#2430 = DIRECTION ( 'NONE',  ( -0.4999999999999988343, -0.8660254037844394848, 2.975261781898571487E-15 ) ) ;
#2431 = CARTESIAN_POINT ( 'NONE',  ( 714.9311171142821877, 890.9415062046431331, 1206.964286574019070 ) ) ;
#2432 = CARTESIAN_POINT ( 'NONE',  ( 727.8666199998170896, 893.0736517938162251, 1194.274104511883706 ) ) ;
#2433 = EDGE_CURVE ( 'NONE', #2170, #9094, #6554, .T. ) ;
#2434 = EDGE_CURVE ( 'NONE', #9633, #1626, #3089, .T. ) ;
#2435 = FACE_OUTER_BOUND ( 'NONE', #2429, .T. ) ;
#2436 = DIRECTION ( 'NONE',  ( 0.9340433324764132461, 0.2552893755886058158, -0.2497806793327624064 ) ) ;
#2437 = CARTESIAN_POINT ( 'NONE',  ( 730.3271689939832640, 891.6530531696801063, 1194.874372371682512 ) ) ;
#2438 = ORIENTED_EDGE ( 'NONE', *, *, #5873, .T. ) ;
#2439 = CARTESIAN_POINT ( 'NONE',  ( 734.5284819589444396, 889.2274239984099040, 1197.128716551180787 ) ) ;
#2440 = EDGE_LOOP ( 'NONE', ( #1954, #1627, #8476, #5236, #10146 ) ) ;
#2441 = CARTESIAN_POINT ( 'NONE',  ( 730.6245540749109750, 892.2729432595214121, 1230.653856896954039 ) ) ;
#2442 = VERTEX_POINT ( 'NONE', #7159 ) ;
#2443 = CARTESIAN_POINT ( 'NONE',  ( 725.8370950929727314, 894.2453985451099925, 1212.380460436409521 ) ) ;
#2444 = FACE_OUTER_BOUND ( 'NONE', #110, .T. ) ;
#2445 = EDGE_CURVE ( 'NONE', #5184, #807, #4689, .T. ) ;
#2446 = B_SPLINE_CURVE_WITH_KNOTS ( 'NONE', 3,
 ( #1182, #4328, #6593, #7461, #404, #3547, #6696, #1232, #7512, #452 ),
 .UNSPECIFIED., .F., .F.,
 ( 4, 3, 3, 4 ),
 ( 0.000000000000000000, 0.0001770953904237501306, 0.0003541907790578593430, 0.0006813326750120401749 ),
 .UNSPECIFIED. ) ;
#2447 = DIRECTION ( 'NONE',  ( -0.5000000000000008882, -0.8660254037844380415, -0.000000000000000000 ) ) ;
#2448 = CARTESIAN_POINT ( 'NONE',  ( 715.2966205140069178, 903.7950459957992280, 1190.196798703381546 ) ) ;
#2449 = CARTESIAN_POINT ( 'NONE',  ( 717.1800848525040237, 879.2510169669742481, 1212.380460436409521 ) ) ;
#2450 = CARTESIAN_POINT ( 'NONE',  ( 728.6409837720536871, 891.1700047103205407, 1228.836701592378859 ) ) ;
#2451 = ORIENTED_EDGE ( 'NONE', *, *, #7696, .F. ) ;
#2452 = CARTESIAN_POINT ( 'NONE',  ( 714.4655298892295150, 898.5827448947778748, 1199.714078521999681 ) ) ;
#2453 = ORIENTED_EDGE ( 'NONE', *, *, #8570, .T. ) ;
#2454 = FACE_OUTER_BOUND ( 'NONE', #1881, .T. ) ;
#2455 = CARTESIAN_POINT ( 'NONE',  ( 717.1800848525040237, 879.2510169669742481, 1212.380460436409521 ) ) ;
#2456 = ORIENTED_EDGE ( 'NONE', *, *, #3171, .F. ) ;
#2457 = EDGE_CURVE ( 'NONE', #4480, #8368, #5884, .T. ) ;
#2458 = CARTESIAN_POINT ( 'NONE',  ( 717.1800848525040237, 879.2510169669742481, 1212.380460436409521 ) ) ;
#2459 = CARTESIAN_POINT ( 'NONE',  ( 711.6733009568199577, 902.4228689023643710, 1204.265414223939615 ) ) ;
#2460 = CARTESIAN_POINT ( 'NONE',  ( 733.5931542867391499, 888.9689781039454601, 1194.521414768189288 ) ) ;
#2461 = CARTESIAN_POINT ( 'NONE',  ( 708.7294778930777284, 900.8504868400376608, 1213.874588963945371 ) ) ;
#2462 = B_SPLINE_CURVE_WITH_KNOTS ( 'NONE', 3,
 ( #836, #65, #5534, #7895, #1612, #4767, #3978, #9499, #2423, #5581 ),
 .UNSPECIFIED., .F., .F.,
 ( 4, 3, 3, 4 ),
 ( 0.000000000000000000, 0.0001770958401172969892, 0.0003541916793410777604, 0.0006316937728062313462 ),
 .UNSPECIFIED. ) ;
#2463 = ORIENTED_EDGE ( 'NONE', *, *, #917, .F. ) ;
#2464 = B_SPLINE_CURVE_WITH_KNOTS ( 'NONE', 3,
 ( #6134, #9437, #3819, #5427, #1551, #4655, #7157, #7779 ),
 .UNSPECIFIED., .F., .F.,
 ( 4, 2, 2, 4 ),
 ( 0.000000000000000000, 0.001064839483366437304, 0.001597259225049662027, 0.002129678966732886751 ),
 .UNSPECIFIED. ) ;
#2465 = EDGE_CURVE ( 'NONE', #2818, #4130, #2199, .T. ) ;
#2466 = CARTESIAN_POINT ( 'NONE',  ( 720.0236463202843424, 897.6017947589418782, 1229.359176066789814 ) ) ;
#2467 = ORIENTED_EDGE ( 'NONE', *, *, #6468, .T. ) ;
#2468 = CARTESIAN_POINT ( 'NONE',  ( 712.4421708688512354, 902.7705470980489508, 1222.802802243412089 ) ) ;
#2469 = CONICAL_SURFACE ( 'NONE', #697, 20.44804870789273821, 0.7096869864122512528 ) ;
#2470 = CARTESIAN_POINT ( 'NONE',  ( 717.1800848525040237, 879.2510169669742481, 1212.380460436409521 ) ) ;
#2471 = CARTESIAN_POINT ( 'NONE',  ( 730.2636623631128714, 891.6897187401086740, 1230.366702432109378 ) ) ;
#2472 = EDGE_CURVE ( 'NONE', #1779, #7494, #1, .T. ) ;
#2473 = DIRECTION ( 'NONE',  ( 0.8660254037844441477, -0.4999999999999902855, 0.000000000000000000 ) ) ;
#2474 = EDGE_LOOP ( 'NONE', ( #322, #7464, #4155, #6627 ) ) ;
#2475 = VERTEX_POINT ( 'NONE', #3146 ) ;
#2476 = CARTESIAN_POINT ( 'NONE',  ( 731.4606839779352185, 889.8970576628153140, 1231.544409105958493 ) ) ;
#2477 = LINE ( 'NONE', #1619, #2652 ) ;
#2478 = CARTESIAN_POINT ( 'NONE',  ( 717.1800848525040237, 879.2510169669742481, 1212.380460436409521 ) ) ;
#2479 = CARTESIAN_POINT ( 'NONE',  ( 716.3813259750604630, 898.2482125018967736, 1198.863809472428329 ) ) ;
#2480 = VERTEX_POINT ( 'NONE', #8612 ) ;
#2481 = B_SPLINE_CURVE_WITH_KNOTS ( 'NONE', 3,
 ( #3548, #6594, #1233, #2666, #6697, #9837, #2771, #5969 ),
 .UNSPECIFIED., .F., .F.,
 ( 4, 2, 2, 4 ),
 ( 0.000000000000000000, 0.0005319171944697030597, 0.001063834388939406119, 0.002127668777878285750 ),
 .UNSPECIFIED. ) ;
#2482 = CARTESIAN_POINT ( 'NONE',  ( 718.9454216877932140, 888.6238463785175554, 1221.329984920500010 ) ) ;
#2483 = EDGE_LOOP ( 'NONE', ( #5237, #2922, #9667, #6970 ) ) ;
#2484 = CARTESIAN_POINT ( 'NONE',  ( 714.3270222299431680, 899.4341742598280689, 1223.726056111263233 ) ) ;
#2485 = DIRECTION ( 'NONE',  ( 0.4999999999999988343, 0.8660254037844394848, -2.975261781898571487E-15 ) ) ;
#2486 = EDGE_CURVE ( 'NONE', #2091, #3115, #1591, .T. ) ;
#2487 = ORIENTED_EDGE ( 'NONE', *, *, #6903, .T. ) ;
#2488 = CARTESIAN_POINT ( 'NONE',  ( 709.0703134333920161, 900.6537053490909557, 1208.338330504725036 ) ) ;
#2489 = EDGE_CURVE ( 'NONE', #1055, #2886, #6517, .T. ) ;
#2490 = LOCAL_TIME ( 14, 55, 21.00000000000000000, #2969 ) ;
#2491 = ORIENTED_EDGE ( 'NONE', *, *, #2434, .F. ) ;
#2492 = CARTESIAN_POINT ( 'NONE',  ( 711.3491563648846068, 901.5084535440246327, 1224.835877429779202 ) ) ;
#2493 = AXIS2_PLACEMENT_3D ( 'NONE', #7110, #2607, #7302 ) ;
#2494 = ORIENTED_EDGE ( 'NONE', *, *, #681, .T. ) ;
#2495 = CARTESIAN_POINT ( 'NONE',  ( 718.4564782743123033, 896.7373730617267711, 1197.032776909588392 ) ) ;
#2496 = CARTESIAN_POINT ( 'NONE',  ( 720.8263059808645039, 897.1383789878379957, 1193.689519822279863 ) ) ;
#2497 = DIRECTION ( 'NONE',  ( -0.8660254037844385966, 0.5000000000000000000, 0.000000000000000000 ) ) ;
#2498 = CARTESIAN_POINT ( 'NONE',  ( 710.0495370575180232, 901.2843775466624265, 1210.008807214146373 ) ) ;
#2499 = FACE_OUTER_BOUND ( 'NONE', #5438, .T. ) ;
#2500 = B_SPLINE_CURVE_WITH_KNOTS ( 'NONE', 3,
 ( #4318, #4367, #1575, #5402, #2184, #7083, #3940, #9413, #799, #5353 ),
 .UNSPECIFIED., .F., .F.,
 ( 4, 3, 3, 4 ),
 ( 0.000000000000000000, 0.0001770953904238083251, 0.0003541907790579200042, 0.0006813326750120089498 ),
 .UNSPECIFIED. ) ;
#2501 = LINE ( 'NONE', #6483, #3392 ) ;
#2502 = ADVANCED_FACE ( 'NONE', ( #8562 ), #9350, .T. ) ;
#2503 = VERTEX_POINT ( 'NONE', #3921 ) ;
#2504 = CARTESIAN_POINT ( 'NONE',  ( 723.6069940631992949, 893.3049180931337787, 1229.778863962554396 ) ) ;
#2505 = FACE_OUTER_BOUND ( 'NONE', #4317, .T. ) ;
#2506 = CARTESIAN_POINT ( 'NONE',  ( 722.5766114258688049, 886.5273780057607382, 1202.946881858401184 ) ) ;
#2507 = ORIENTED_EDGE ( 'NONE', *, *, #9306, .T. ) ;
#2508 = CIRCLE ( 'NONE', #4337, 22.98482582222978365 ) ;
#2509 = CARTESIAN_POINT ( 'NONE',  ( 714.7977423411824702, 900.6189718280354555, 1199.309553005670296 ) ) ;
#2510 = EDGE_LOOP ( 'NONE', ( #6926, #6105, #7582, #2151 ) ) ;
#2511 = FACE_OUTER_BOUND ( 'NONE', #6368, .T. ) ;
#2512 = CARTESIAN_POINT ( 'NONE',  ( 709.3391851395150525, 900.7909088728379174, 1208.525369565505343 ) ) ;
#2513 = CARTESIAN_POINT ( 'NONE',  ( 709.8126739009406947, 903.4971024339376982, 1209.686987064633740 ) ) ;
#2514 = CARTESIAN_POINT ( 'NONE',  ( 711.5092703877363647, 901.2248124905726172, 1199.333532794158828 ) ) ;
#2515 = AXIS2_PLACEMENT_3D ( 'NONE', #9395, #7788, #8568 ) ;
#2516 = B_SPLINE_SURFACE_WITH_KNOTS ( 'NONE', 3, 1, ( 
 ( #251, #9011 ),
 ( #1943, #5112 ),
 ( #3389, #6546 ),
 ( #8232, #303 ),
 ( #5010, #3442 ),
 ( #8286, #2819 ) ),
 .UNSPECIFIED., .F., .F., .F.,
 ( 4, 1, 1, 4 ),
 ( 2, 2 ),
 ( 0.000000000000000000, 0.2890654569501156512, 0.6604379133667447332, 1.000000000000000000 ),
 ( 0.000000000000000000, 1.000000000000000000 ),
 .UNSPECIFIED. ) ;
#2517 = CARTESIAN_POINT ( 'NONE',  ( 722.0604751164759136, 894.9693271567243755, 1228.913537317104556 ) ) ;
#2518 = EDGE_CURVE ( 'NONE', #199, #4423, #1604, .T. ) ;
#2519 = ORIENTED_EDGE ( 'NONE', *, *, #8668, .F. ) ;
#2520 = LINE ( 'NONE', #1607, #7286 ) ;
#2521 = ORIENTED_EDGE ( 'NONE', *, *, #1532, .T. ) ;
#2522 = CIRCLE ( 'NONE', #553, 19.56600634797369764 ) ;
#2523 = CARTESIAN_POINT ( 'NONE',  ( 739.8289963510918597, 884.7106026361157092, 1213.581326000922445 ) ) ;
#2524 = CARTESIAN_POINT ( 'NONE',  ( 734.8980714059997581, 887.5574734805184107, 1199.680142387937849 ) ) ;
#2525 = VERTEX_POINT ( 'NONE', #3503 ) ;
#2526 = CARTESIAN_POINT ( 'NONE',  ( 731.2129514847893006, 890.0400860844197268, 1193.113772497187711 ) ) ;
#2527 = CARTESIAN_POINT ( 'NONE',  ( 730.4432849073515399, 891.5860136158396472, 1230.759018559238257 ) ) ;
#2528 = CARTESIAN_POINT ( 'NONE',  ( 725.3236735400701036, 893.3561263297817732, 1212.380460436409521 ) ) ;
#2529 = ORIENTED_EDGE ( 'NONE', *, *, #6344, .F. ) ;
#2530 = ORIENTED_EDGE ( 'NONE', *, *, #9318, .F. ) ;
#2531 = CARTESIAN_POINT ( 'NONE',  ( 727.5051684902269926, 890.0103368195198072, 1230.207741805746764 ) ) ;
#2532 = CARTESIAN_POINT ( 'NONE',  ( 738.1400312781926232, 885.8495355217434053, 1226.606083305848188 ) ) ;
#2533 = EDGE_CURVE ( 'NONE', #4366, #634, #6213, .T. ) ;
#2534 = DIRECTION ( 'NONE',  ( 0.8660254037844280495, -0.5000000000000182077, 0.000000000000000000 ) ) ;
#2535 = CARTESIAN_POINT ( 'NONE',  ( 717.1800848525040237, 879.2510169669742481, 1212.380460436409521 ) ) ;
#2536 = CARTESIAN_POINT ( 'NONE',  ( 709.9861023353631708, 904.1860445866590226, 1209.122625703661242 ) ) ;
#2537 = ORIENTED_EDGE ( 'NONE', *, *, #6570, .F. ) ;
#2538 = CARTESIAN_POINT ( 'NONE',  ( 728.3873770625474435, 892.7729925634663459, 1193.475731028590417 ) ) ;
#2539 = ORIENTED_EDGE ( 'NONE', *, *, #4753, .F. ) ;
#2540 = CARTESIAN_POINT ( 'NONE',  ( 717.1800848525040237, 879.2510169669742481, 1212.380460436409521 ) ) ;
#2541 = ORIENTED_EDGE ( 'NONE', *, *, #638, .T. ) ;
#2542 = DIRECTION ( 'NONE',  ( -0.1111602876300279430, 0.8587379670150336874, -0.5002124493261802529 ) ) ;
#2543 = CONICAL_SURFACE ( 'NONE', #1891, 20.44804870789273821, 0.7096869864122512528 ) ;
#2544 = CARTESIAN_POINT ( 'NONE',  ( 736.6207219641494248, 886.2503523435671013, 1223.151930265593364 ) ) ;
#2545 = ADVANCED_FACE ( 'NONE', ( #2567 ), #5076, .T. ) ;
#2546 = B_SPLINE_SURFACE_WITH_KNOTS ( 'NONE', 3, 1, ( 
 ( #7631, #570 ),
 ( #5570, #7781 ),
 ( #54, #3 ),
 ( #8660, #6239 ) ),
 .UNSPECIFIED., .F., .F., .F.,
 ( 4, 4 ),
 ( 2, 2 ),
 ( 0.000000000000000000, 1.000000000000000000 ),
 ( 0.000000000000000000, 1.000000000000000000 ),
 .UNSPECIFIED. ) ;
#2547 = EDGE_CURVE ( 'NONE', #5741, #8310, #116, .T. ) ;
#2548 = CARTESIAN_POINT ( 'NONE',  ( 735.0189479542831350, 889.7333244299933313, 1228.381043784650046 ) ) ;
#2549 = CARTESIAN_POINT ( 'NONE',  ( 733.6952732889484423, 888.5227809612190413, 1194.361642879390274 ) ) ;
#2550 = CARTESIAN_POINT ( 'NONE',  ( 719.4041168091503096, 897.9594802889661196, 1230.481592765873756 ) ) ;
#2551 = AXIS2_PLACEMENT_3D ( 'NONE', #2642, #6088, #1920 ) ;
#2552 = DIRECTION ( 'NONE',  ( 0.5845683251975072325, -0.3375006799125115364, -0.7378164841167307308 ) ) ;
#2553 = CARTESIAN_POINT ( 'NONE',  ( 737.9615869101855878, 887.2453199306547731, 1224.099315470571582 ) ) ;
#2554 = EDGE_LOOP ( 'NONE', ( #106, #3048, #6592, #8144 ) ) ;
#2555 = CARTESIAN_POINT ( 'NONE',  ( 724.1809409509684201, 893.7450116336714245, 1229.266385887622846 ) ) ;
#2556 = CARTESIAN_POINT ( 'NONE',  ( 720.1115019962056749, 897.5510712607989490, 1229.399166275015205 ) ) ;
#2557 = DIRECTION ( 'NONE',  ( -0.03969820027914416904, 0.8174793116461473996, -0.5745882246662717963 ) ) ;
#2558 = EDGE_LOOP ( 'NONE', ( #8275, #472, #6567, #1062 ) ) ;
#2559 = CARTESIAN_POINT ( 'NONE',  ( 739.9680906722194322, 883.8587365022334552, 1213.379061999733494 ) ) ;
#2560 = CARTESIAN_POINT ( 'NONE',  ( 717.1800848525040237, 879.2510169669742481, 1212.380460436409521 ) ) ;
#2561 = EDGE_LOOP ( 'NONE', ( #6235, #7744, #6824, #9297 ) ) ;
#2562 = AXIS2_PLACEMENT_3D ( 'NONE', #9020, #1950, #7370 ) ;
#2563 = EDGE_CURVE ( 'NONE', #2225, #1422, #1840, .T. ) ;
#2564 = CARTESIAN_POINT ( 'NONE',  ( 710.7968288973556810, 901.4723323306888005, 1209.267659001849324 ) ) ;
#2565 = B_SPLINE_CURVE_WITH_KNOTS ( 'NONE', 1,
 ( #993, #9501 ),
 .UNSPECIFIED., .F., .F.,
 ( 2, 2 ),
 ( 0.000000000000000000, 0.002900000000000410062 ),
 .UNSPECIFIED. ) ;
#2566 = CARTESIAN_POINT ( 'NONE',  ( 709.0459643337312627, 903.9397624089563124, 1209.752563651832588 ) ) ;
#2567 = FACE_OUTER_BOUND ( 'NONE', #4873, .T. ) ;
#2568 = CARTESIAN_POINT ( 'NONE',  ( 724.4202779218370551, 891.7913992196671416, 1212.380460436409521 ) ) ;
#2569 = VECTOR ( 'NONE', #4567, 999.9999999999998863 ) ;
#2570 = ORIENTED_EDGE ( 'NONE', *, *, #1615, .F. ) ;
#2571 = CARTESIAN_POINT ( 'NONE',  ( 713.7762700787662880, 898.9805911724575935, 1200.519624028561566 ) ) ;
#2572 = B_SPLINE_SURFACE_WITH_KNOTS ( 'NONE', 3, 1, ( 
 ( #7629, #1458 ),
 ( #8453, #4600 ),
 ( #3666, #2988 ),
 ( #7730, #8405 ),
 ( #2889, #2833 ),
 ( #1405, #6038 ) ),
 .UNSPECIFIED., .F., .F., .F.,
 ( 4, 1, 1, 4 ),
 ( 2, 2 ),
 ( 0.000000000000000000, 0.2890654569501156512, 0.6604379133667447332, 1.000000000000000000 ),
 ( 0.000000000000000000, 1.000000000000000000 ),
 .UNSPECIFIED. ) ;
#2573 = ORIENTED_EDGE ( 'NONE', *, *, #7204, .T. ) ;
#2574 = CARTESIAN_POINT ( 'NONE',  ( 728.6860130709084160, 890.5246031035937904, 1195.573964646061768 ) ) ;
#2575 = ADVANCED_FACE ( 'NONE', ( #5673 ), #1451, .T. ) ;
#2576 = AXIS2_PLACEMENT_3D ( 'NONE', #7609, #1440, #6016 ) ;
#2577 = B_SPLINE_CURVE_WITH_KNOTS ( 'NONE', 3,
 ( #5682, #6507, #3302, #8822, #4922, #8095, #991, #4139 ),
 .UNSPECIFIED., .F., .F.,
 ( 4, 2, 2, 4 ),
 ( 0.000000000000000000, 0.0005319171944489771257, 0.001063834388897954251, 0.002127668777796115802 ),
 .UNSPECIFIED. ) ;
#2578 = DIRECTION ( 'NONE',  ( -0.4999999999999988343, -0.8660254037844394848, 2.975261781898571487E-15 ) ) ;
#2579 = B_SPLINE_CURVE_WITH_KNOTS ( 'NONE', 3,
 ( #5576, #8712, #4863, #1700, #413, #8194, #7422, #5779, #5829, #8970 ),
 .UNSPECIFIED., .F., .F.,
 ( 4, 3, 3, 4 ),
 ( 0.000000000000000000, 0.0001770953904237766664, 0.0003541907790579402245, 0.0006813326750121072870 ),
 .UNSPECIFIED. ) ;
#2580 = CARTESIAN_POINT ( 'NONE',  ( 714.4305951102224981, 904.2950459957991143, 1190.196798703381546 ) ) ;
#2581 = CARTESIAN_POINT ( 'NONE',  ( 724.4202779218370551, 891.7913992196671416, 1212.380460436409521 ) ) ;
#2582 = DIRECTION ( 'NONE',  ( -0.4999999999999988343, -0.8660254037844394848, 2.975261781898571487E-15 ) ) ;
#2583 = AXIS2_PLACEMENT_3D ( 'NONE', #2722, #1085, #8916 ) ;
#2584 = ORIENTED_EDGE ( 'NONE', *, *, #6484, .F. ) ;
#2585 = ORIENTED_EDGE ( 'NONE', *, *, #5161, .F. ) ;
#2586 = AXIS2_PLACEMENT_3D ( 'NONE', #2163, #8617, #3773 ) ;
#2587 = CARTESIAN_POINT ( 'NONE',  ( 724.7272518183722241, 893.4295989073146984, 1229.298806419511948 ) ) ;
#2588 = ADVANCED_FACE ( 'NONE', ( #7369 ), #2725, .F. ) ;
#2589 = FACE_OUTER_BOUND ( 'NONE', #3912, .T. ) ;
#2590 = ORIENTED_EDGE ( 'NONE', *, *, #3738, .F. ) ;
#2591 = ORIENTED_EDGE ( 'NONE', *, *, #2743, .F. ) ;
#2592 = LINE ( 'NONE', #9712, #6109 ) ;
#2593 = LINE ( 'NONE', #6521, #5970 ) ;
#2594 = ORIENTED_EDGE ( 'NONE', *, *, #9800, .F. ) ;
#2595 = CARTESIAN_POINT ( 'NONE',  ( 715.6858085731254278, 905.8797492418605088, 1234.086781508788363 ) ) ;
#2596 = B_SPLINE_CURVE_WITH_KNOTS ( 'NONE', 3,
 ( #2696, #8318, #4516, #7590 ),
 .UNSPECIFIED., .F., .F.,
 ( 4, 4 ),
 ( 0.0009352727177709631214, 0.002387895279818663587 ),
 .UNSPECIFIED. ) ;
#2597 = ORIENTED_EDGE ( 'NONE', *, *, #6273, .F. ) ;
#2598 = CARTESIAN_POINT ( 'NONE',  ( 732.8195096824426855, 891.0056850486533904, 1195.017352865376324 ) ) ;
#2599 = EDGE_CURVE ( 'NONE', #7809, #7889, #4050, .T. ) ;
#2600 = B_SPLINE_CURVE_WITH_KNOTS ( 'NONE', 3,
 ( #816, #7101, #7358, #2504, #915, #8128, #9628, #2555 ),
 .UNSPECIFIED., .F., .F.,
 ( 4, 2, 2, 4 ),
 ( 0.000000000000000000, 0.001064839483352349615, 0.001597259225028751671, 0.002129678966705153727 ),
 .UNSPECIFIED. ) ;
#2601 = ORIENTED_EDGE ( 'NONE', *, *, #6916, .F. ) ;
#2602 = CARTESIAN_POINT ( 'NONE',  ( 717.1800848525040237, 879.2510169669742481, 1212.380460436409521 ) ) ;
#2603 = FACE_OUTER_BOUND ( 'NONE', #2554, .T. ) ;
#2604 = CARTESIAN_POINT ( 'NONE',  ( 780.5717232886125885, 923.8434747564629106, 1223.564226620482486 ) ) ;
#2605 = CARTESIAN_POINT ( 'NONE',  ( 727.2470777040995245, 891.9748407565797379, 1195.617821068164403 ) ) ;
#2606 = CARTESIAN_POINT ( 'NONE',  ( 716.1759269784886328, 899.8232765566935996, 1196.306328672593509 ) ) ;
#2607 = DIRECTION ( 'NONE',  ( 0.5000000000000009992, 0.8660254037844381525, -5.726519994466740890E-15 ) ) ;
#2608 = CARTESIAN_POINT ( 'NONE',  ( 731.2151071971799183, 889.9547055219366030, 1193.097202363350334 ) ) ;
#2609 = ORIENTED_EDGE ( 'NONE', *, *, #1111, .T. ) ;
#2610 = CARTESIAN_POINT ( 'NONE',  ( 715.2785647086927838, 900.3413689047210937, 1227.125537342988764 ) ) ;
#2611 = CARTESIAN_POINT ( 'NONE',  ( 724.4202779218370551, 891.7913992196671416, 1212.380460436409521 ) ) ;
#2612 = ADVANCED_FACE ( 'NONE', ( #2671 ), #7190, .T. ) ;
#2613 = ORIENTED_EDGE ( 'NONE', *, *, #2563, .T. ) ;
#2614 = CARTESIAN_POINT ( 'NONE',  ( 741.0577830922684370, 885.4577302314653480, 1205.997793233150333 ) ) ;
#2615 = VERTEX_POINT ( 'NONE', #8139 ) ;
#2616 = FACE_OUTER_BOUND ( 'NONE', #9490, .T. ) ;
#2617 = ORIENTED_EDGE ( 'NONE', *, *, #485, .T. ) ;
#2618 = FACE_OUTER_BOUND ( 'NONE', #4196, .T. ) ;
#2619 = CARTESIAN_POINT ( 'NONE',  ( 728.0919615732233297, 892.9435507757508503, 1231.772452957824044 ) ) ;
#2620 = DIRECTION ( 'NONE',  ( 0.8660254037844280495, -0.5000000000000182077, 0.000000000000000000 ) ) ;
#2621 = CARTESIAN_POINT ( 'NONE',  ( 738.7076906866979016, 886.8145567144418919, 1199.654150556504646 ) ) ;
#2622 = ORIENTED_EDGE ( 'NONE', *, *, #4406, .F. ) ;
#2623 = EDGE_CURVE ( 'NONE', #8203, #8767, #9638, .T. ) ;
#2624 = B_SPLINE_CURVE_WITH_KNOTS ( 'NONE', 3,
 ( #9003, #8430, #2135, #9875, #3538, #9982, #6836, #4472, #2035, #5304 ),
 .UNSPECIFIED., .F., .F.,
 ( 4, 3, 3, 4 ),
 ( 0.000000000000000000, 0.0001770958401172609666, 0.0003541916793411242726, 0.0006316937728063501747 ),
 .UNSPECIFIED. ) ;
#2625 = CARTESIAN_POINT ( 'NONE',  ( 741.4332300378305263, 885.2409658363785638, 1204.731318603193131 ) ) ;
#2626 = EDGE_CURVE ( 'NONE', #6545, #1181, #7373, .T. ) ;
#2627 = ORIENTED_EDGE ( 'NONE', *, *, #3469, .T. ) ;
#2628 = CARTESIAN_POINT ( 'NONE',  ( 739.7800147506435451, 884.7388821763198621, 1214.210446746966227 ) ) ;
#2629 = CARTESIAN_POINT ( 'NONE',  ( 708.8953461561879976, 904.0267218543057197, 1212.743036898028777 ) ) ;
#2630 = CARTESIAN_POINT ( 'NONE',  ( 713.3977498065019063, 899.9707703218152801, 1202.350083268838034 ) ) ;
#2631 = VERTEX_POINT ( 'NONE', #1901 ) ;
#2632 = CARTESIAN_POINT ( 'NONE',  ( 717.1800848525040237, 879.2510169669742481, 1212.380460436409521 ) ) ;
#2633 = B_SPLINE_CURVE_WITH_KNOTS ( 'NONE', 3,
 ( #4043, #954, #5644, #3269 ),
 .UNSPECIFIED., .F., .F.,
 ( 4, 4 ),
 ( 1.115760330918745818E-15, 0.001453450272830834758 ),
 .UNSPECIFIED. ) ;
#2634 = FACE_OUTER_BOUND ( 'NONE', #6491, .T. ) ;
#2635 = EDGE_CURVE ( 'NONE', #9468, #2178, #7859, .T. ) ;
#2636 = ORIENTED_EDGE ( 'NONE', *, *, #5530, .T. ) ;
#2637 = EDGE_LOOP ( 'NONE', ( #524, #9058, #8230, #6679, #5977 ) ) ;
#2638 = B_SPLINE_SURFACE_WITH_KNOTS ( 'NONE', 3, 1, ( 
 ( #858, #3433 ),
 ( #8022, #2548 ),
 ( #3999, #9520 ),
 ( #295, #8122 ) ),
 .UNSPECIFIED., .F., .F., .F.,
 ( 4, 4 ),
 ( 2, 2 ),
 ( 0.000000000000000000, 1.000000000000000000 ),
 ( 0.000000000000000000, 1.000000000000000000 ),
 .UNSPECIFIED. ) ;
#2639 = CARTESIAN_POINT ( 'NONE',  ( 714.1661925444213921, 900.9835972732022356, 1224.698453310126524 ) ) ;
#2640 = VERTEX_POINT ( 'NONE', #5772 ) ;
#2641 = EDGE_LOOP ( 'NONE', ( #8127, #2407, #5041, #9821 ) ) ;
#2642 = CARTESIAN_POINT ( 'NONE',  ( 724.4202779218370551, 891.7913992196671416, 1212.380460436409521 ) ) ;
#2643 = ORIENTED_EDGE ( 'NONE', *, *, #9893, .F. ) ;
#2644 = LINE ( 'NONE', #9611, #1009 ) ;
#2645 = CARTESIAN_POINT ( 'NONE',  ( 715.3303780100166023, 898.2355917306111905, 1225.725993441486708 ) ) ;
#2646 = CARTESIAN_POINT ( 'NONE',  ( 717.1800848525040237, 879.2510169669742481, 1212.380460436409521 ) ) ;
#2647 = EDGE_CURVE ( 'NONE', #7441, #4402, #2749, .T. ) ;
#2648 = ORIENTED_EDGE ( 'NONE', *, *, #1694, .F. ) ;
#2649 = CARTESIAN_POINT ( 'NONE',  ( 724.4202779218370551, 891.7913992196671416, 1212.380460436409521 ) ) ;
#2650 = VERTEX_POINT ( 'NONE', #8443 ) ;
#2651 = CARTESIAN_POINT ( 'NONE',  ( 714.5574976673599394, 901.5467482611583137, 1198.958654428605087 ) ) ;
#2652 = VECTOR ( 'NONE', #8776, 1000.000000000000000 ) ;
#2653 = CARTESIAN_POINT ( 'NONE',  ( 717.1800848525040237, 879.2510169669742481, 1212.380460436409521 ) ) ;
#2654 = ORIENTED_EDGE ( 'NONE', *, *, #4781, .F. ) ;
#2655 = DIRECTION ( 'NONE',  ( 0.5845683251975080097, -0.3375006799125091494, -0.7378164841167310639 ) ) ;
#2656 = CC_DESIGN_PERSON_AND_ORGANIZATION_ASSIGNMENT ( #2378, #792, ( #4758 ) ) ;
#2657 = B_SPLINE_CURVE_WITH_KNOTS ( 'NONE', 3,
 ( #6343, #3245, #9488, #8709 ),
 .UNSPECIFIED., .F., .F.,
 ( 4, 4 ),
 ( 0.000000000000000000, 0.001331005199731726072 ),
 .UNSPECIFIED. ) ;
#2658 = CARTESIAN_POINT ( 'NONE',  ( 738.7860406440523775, 875.2769084343568693, 1212.380460436409294 ) ) ;
#2659 = CARTESIAN_POINT ( 'NONE',  ( 733.4185757624643429, 887.1864447070755659, 1227.007954820257282 ) ) ;
#2660 = AXIS2_PLACEMENT_3D ( 'NONE', #4547, #7678, #7524 ) ;
#2661 = CARTESIAN_POINT ( 'NONE',  ( 735.3904186596763566, 888.3273697522198518, 1228.766081681248352 ) ) ;
#2662 = LINE ( 'NONE', #4950, #2901 ) ;
#2663 = ORIENTED_EDGE ( 'NONE', *, *, #664, .T. ) ;
#2664 = CARTESIAN_POINT ( 'NONE',  ( 717.1800848525040237, 879.2510169669742481, 1212.380460436409521 ) ) ;
#2665 = DIRECTION ( 'NONE',  ( -0.5000000000000008882, -0.8660254037844380415, -0.000000000000000000 ) ) ;
#2666 = CARTESIAN_POINT ( 'NONE',  ( 731.3071695376748949, 889.0112777118954455, 1228.099913918859784 ) ) ;
#2667 = VERTEX_POINT ( 'NONE', #5267 ) ;
#2668 = CARTESIAN_POINT ( 'NONE',  ( 710.0493972027090877, 901.1324002901135373, 1208.933708105321557 ) ) ;
#2669 = ADVANCED_FACE ( 'NONE', ( #1341 ), #4575, .T. ) ;
#2670 = CARTESIAN_POINT ( 'NONE',  ( 717.1800848525040237, 879.2510169669742481, 1212.380460436409521 ) ) ;
#2671 = FACE_OUTER_BOUND ( 'NONE', #4752, .T. ) ;
#2672 = CARTESIAN_POINT ( 'NONE',  ( 722.4917542247562778, 894.7203551070708727, 1195.745645943735099 ) ) ;
#2673 = ORIENTED_EDGE ( 'NONE', *, *, #9207, .F. ) ;
#2674 = CIRCLE ( 'NONE', #8440, 2.200000000000022382 ) ;
#2675 = CARTESIAN_POINT ( 'NONE',  ( 712.2174484343115637, 898.8367061091423693, 1200.893280737107943 ) ) ;
#2676 = EDGE_LOOP ( 'NONE', ( #402, #7897, #7663, #3481 ) ) ;
#2677 = CARTESIAN_POINT ( 'NONE',  ( 725.5905510954677311, 891.7060729261339702, 1230.121908998629351 ) ) ;
#2678 = CARTESIAN_POINT ( 'NONE',  ( 720.2489907069826813, 896.0151824297014400, 1196.450120376480072 ) ) ;
#2679 = VECTOR ( 'NONE', #3454, 1000.000000000000227 ) ;
#2680 = EDGE_CURVE ( 'NONE', #4770, #3867, #1396, .T. ) ;
#2681 = EDGE_CURVE ( 'NONE', #6871, #9627, #7012, .T. ) ;
#2682 = CARTESIAN_POINT ( 'NONE',  ( 709.2118729402785675, 900.5719759296797520, 1207.678696440902286 ) ) ;
#2683 = CARTESIAN_POINT ( 'NONE',  ( 722.7634799757453266, 896.0199510604267061, 1230.289602850391020 ) ) ;
#2684 = CARTESIAN_POINT ( 'NONE',  ( 717.1800848525040237, 879.2510169669742481, 1212.380460436409521 ) ) ;
#2685 = CARTESIAN_POINT ( 'NONE',  ( 720.5532978769005013, 897.2960002901526195, 1195.172646964171918 ) ) ;
#2686 = CIRCLE ( 'NONE', #3181, 19.56600634797364435 ) ;
#2687 = ORIENTED_EDGE ( 'NONE', *, *, #3834, .T. ) ;
#2688 = B_SPLINE_CURVE_WITH_KNOTS ( 'NONE', 3,
 ( #3949, #5553, #6373, #7047 ),
 .UNSPECIFIED., .F., .F.,
 ( 4, 4 ),
 ( 1.005213304762522381E-05, 0.001341057332774136688 ),
 .UNSPECIFIED. ) ;
#2689 = ORIENTED_EDGE ( 'NONE', *, *, #739, .T. ) ;
#2690 = CARTESIAN_POINT ( 'NONE',  ( 740.0482367655289409, 882.7685929742859798, 1210.176699117073440 ) ) ;
#2691 = ORIENTED_EDGE ( 'NONE', *, *, #7525, .T. ) ;
#2692 = EDGE_CURVE ( 'NONE', #8310, #5741, #9013, .T. ) ;
#2693 = CARTESIAN_POINT ( 'NONE',  ( 717.1800848525040237, 879.2510169669742481, 1212.380460436409521 ) ) ;
#2694 = B_SPLINE_CURVE_WITH_KNOTS ( 'NONE', 3,
 ( #7801, #3837, #1613, #838 ),
 .UNSPECIFIED., .F., .F.,
 ( 4, 4 ),
 ( 0.0009352727177709256080, 0.002387895279818844432 ),
 .UNSPECIFIED. ) ;
#2695 = CARTESIAN_POINT ( 'NONE',  ( 717.1800848525040237, 879.2510169669742481, 1212.380460436409521 ) ) ;
#2696 = CARTESIAN_POINT ( 'NONE',  ( 714.9741325034848387, 900.5171329203478763, 1227.396784757454043 ) ) ;
#2697 = FACE_OUTER_BOUND ( 'NONE', #7088, .T. ) ;
#2698 = VERTEX_POINT ( 'NONE', #3758 ) ;
#2699 = CARTESIAN_POINT ( 'NONE',  ( 739.9053169320280858, 884.3538802888778037, 1211.689206410115503 ) ) ;
#2700 = ORIENTED_EDGE ( 'NONE', *, *, #4440, .T. ) ;
#2701 = CARTESIAN_POINT ( 'NONE',  ( 720.4075903588053507, 897.4139983488113330, 1230.892058719306078 ) ) ;
#2702 = CARTESIAN_POINT ( 'NONE',  ( 718.4086327903830806, 899.3258087015429965, 1229.105732990931301 ) ) ;
#2703 = ORIENTED_EDGE ( 'NONE', *, *, #4692, .F. ) ;
#2704 = ADVANCED_FACE ( 'NONE', ( #5316 ), #258, .F. ) ;
#2705 = B_SPLINE_CURVE_WITH_KNOTS ( 'NONE', 3,
 ( #371, #9804, #5836, #9855, #9032, #5179, #469, #3620 ),
 .UNSPECIFIED., .F., .F.,
 ( 4, 2, 2, 4 ),
 ( 0.000000000000000000, 0.001064839483330231240, 0.001597259224995459075, 0.002129678966660686693 ),
 .UNSPECIFIED. ) ;
#2706 = CARTESIAN_POINT ( 'NONE',  ( 717.1800848525040237, 879.2510169669742481, 1212.380460436409521 ) ) ;
#2707 = B_SPLINE_CURVE_WITH_KNOTS ( 'NONE', 1,
 ( #1795, #8077 ),
 .UNSPECIFIED., .F., .F.,
 ( 2, 2 ),
 ( 0.000000000000000000, 0.002900000000005071264 ),
 .UNSPECIFIED. ) ;
#2708 = CARTESIAN_POINT ( 'NONE',  ( 733.3806840867154051, 890.4344108929897175, 1195.172627860976036 ) ) ;
#2709 = CARTESIAN_POINT ( 'NONE',  ( 731.8631880203769242, 887.4942330707254996, 1196.360530771603862 ) ) ;
#2710 = CARTESIAN_POINT ( 'NONE',  ( 746.7079463437580671, 885.6597085723892633, 1185.380460436409066 ) ) ;
#2711 = CARTESIAN_POINT ( 'NONE',  ( 717.1800848525040237, 879.2510169669742481, 1212.380460436409521 ) ) ;
#2712 = CONICAL_SURFACE ( 'NONE', #7822, 20.44804870789273821, 0.7096869864122512528 ) ;
#2713 = CARTESIAN_POINT ( 'NONE',  ( 745.0766195913344063, 886.6015555120372937, 1190.196798703381319 ) ) ;
#2714 = CARTESIAN_POINT ( 'NONE',  ( 739.4452555086079428, 883.7070556036501330, 1217.383384958996203 ) ) ;
#2715 = ORIENTED_EDGE ( 'NONE', *, *, #7977, .F. ) ;
#2716 = CARTESIAN_POINT ( 'NONE',  ( 721.4113518493462607, 887.2001409359420450, 1221.865614179953809 ) ) ;
#2717 = EDGE_LOOP ( 'NONE', ( #3790, #4969, #2992, #9391, #8445 ) ) ;
#2718 = DIRECTION ( 'NONE',  ( -0.4999999999999988343, -0.8660254037844394848, 2.975261781898571487E-15 ) ) ;
#2719 = EDGE_LOOP ( 'NONE', ( #5194, #5995, #1143, #5940, #6550 ) ) ;
#2720 = CARTESIAN_POINT ( 'NONE',  ( 717.1800848525040237, 879.2510169669742481, 1212.380460436409521 ) ) ;
#2721 = CARTESIAN_POINT ( 'NONE',  ( 717.1800848525040237, 879.2510169669742481, 1212.380460436409521 ) ) ;
#2722 = CARTESIAN_POINT ( 'NONE',  ( 728.8370950929725041, 899.4415509678165108, 1212.380460436409066 ) ) ;
#2723 = B_SPLINE_CURVE_WITH_KNOTS ( 'NONE', 1,
 ( #9162, #2038 ),
 .UNSPECIFIED., .F., .F.,
 ( 2, 2 ),
 ( 0.000000000000000000, 0.002900000000000922673 ),
 .UNSPECIFIED. ) ;
#2724 = CARTESIAN_POINT ( 'NONE',  ( 722.5705589210780317, 894.6748642898529624, 1195.729018882498849 ) ) ;
#2725 = B_SPLINE_SURFACE_WITH_KNOTS ( 'NONE', 3, 1, ( 
 ( #6653, #5016 ),
 ( #9793, #4284 ),
 ( #6598, #3291 ),
 ( #4911, #359 ),
 ( #5118, #256 ),
 ( #6494, #2514 ) ),
 .UNSPECIFIED., .F., .F., .F.,
 ( 4, 1, 1, 4 ),
 ( 2, 2 ),
 ( 0.000000000000000000, 0.3395620866332510479, 0.7109345430498769103, 1.000000000000000000 ),
 ( 0.000000000000000000, 1.000000000000000000 ),
 .UNSPECIFIED. ) ;
#2726 = ORIENTED_EDGE ( 'NONE', *, *, #6263, .T. ) ;
#2727 = CARTESIAN_POINT ( 'NONE',  ( 720.3288560968777574, 895.9690138611218799, 1228.343422735164268 ) ) ;
#2728 = AXIS2_PLACEMENT_3D ( 'NONE', #211, #2578, #5885 ) ;
#2729 = CIRCLE ( 'NONE', #2073, 19.56600634797375093 ) ;
#2730 = B_SPLINE_CURVE_WITH_KNOTS ( 'NONE', 1,
 ( #8202, #8366 ),
 .UNSPECIFIED., .F., .F.,
 ( 2, 2 ),
 ( 0.000000000000000000, 0.002900000000000783895 ),
 .UNSPECIFIED. ) ;
#2731 = EDGE_CURVE ( 'NONE', #1135, #5901, #7605, .T. ) ;
#2732 = ORIENTED_EDGE ( 'NONE', *, *, #10057, .F. ) ;
#2733 = CARTESIAN_POINT ( 'NONE',  ( 739.8055043689420245, 884.7242684242879704, 1213.916753983558920 ) ) ;
#2734 = DIRECTION ( 'NONE',  ( 0.8660254037844441477, -0.4999999999999902855, 0.000000000000000000 ) ) ;
#2735 = AXIS2_PLACEMENT_3D ( 'NONE', #5293, #6879, #10026 ) ;
#2736 = CARTESIAN_POINT ( 'NONE',  ( 730.6486552689955261, 889.6982163918293054, 1228.267777843463136 ) ) ;
#2737 = CARTESIAN_POINT ( 'NONE',  ( 708.7417786583014276, 902.8226245855420302, 1204.738310859358762 ) ) ;
#2738 = CARTESIAN_POINT ( 'NONE',  ( 720.7874149848917114, 897.1608327148319404, 1195.078867679669202 ) ) ;
#2739 = ORIENTED_EDGE ( 'NONE', *, *, #1586, .F. ) ;
#2740 = ADVANCED_FACE ( 'NONE', ( #10047 ), #9502, .T. ) ;
#2741 = EDGE_LOOP ( 'NONE', ( #6485, #9538, #3051, #3961, #666 ) ) ;
#2742 = ORIENTED_EDGE ( 'NONE', *, *, #2420, .T. ) ;
#2743 = EDGE_CURVE ( 'NONE', #9665, #6191, #6747, .T. ) ;
#2744 = AXIS2_PLACEMENT_3D ( 'NONE', #1842, #3440, #5207 ) ;
#2745 = VERTEX_POINT ( 'NONE', #9117 ) ;
#2746 = DIRECTION ( 'NONE',  ( 0.04075872219222475418, 0.7710274857991327169, -0.6354961390185823733 ) ) ;
#2747 = DIRECTION ( 'NONE',  ( 0.5000000000000009992, 0.8660254037844381525, -5.726519994466740890E-15 ) ) ;
#2748 = FACE_OUTER_BOUND ( 'NONE', #3626, .T. ) ;
#2749 = CIRCLE ( 'NONE', #292, 1.200000000000046141 ) ;
#2750 = DIRECTION ( 'NONE',  ( 0.5845683251975080097, -0.3375006799125091494, -0.7378164841167310639 ) ) ;
#2751 = CARTESIAN_POINT ( 'NONE',  ( 717.1800848525040237, 879.2510169669742481, 1212.380460436409521 ) ) ;
#2752 = ORIENTED_EDGE ( 'NONE', *, *, #102, .T. ) ;
#2753 = ORIENTED_EDGE ( 'NONE', *, *, #71, .F. ) ;
#2754 = CARTESIAN_POINT ( 'NONE',  ( 742.6008242353202604, 885.3584404585211587, 1211.527980072495666 ) ) ;
#2755 = EDGE_CURVE ( 'NONE', #561, #8698, #6752, .T. ) ;
#2756 = VERTEX_POINT ( 'NONE', #1449 ) ;
#2757 = FACE_OUTER_BOUND ( 'NONE', #7761, .T. ) ;
#2758 = EDGE_CURVE ( 'NONE', #2615, #6602, #4924, .T. ) ;
#2759 = CARTESIAN_POINT ( 'NONE',  ( 735.9792161780419519, 887.2041459193870878, 1196.048429206925448 ) ) ;
#2760 = CARTESIAN_POINT ( 'NONE',  ( 717.1800848525040237, 879.2510169669742481, 1212.380460436409521 ) ) ;
#2761 = PLANE ( 'NONE',  #4299 ) ;
#2762 = CARTESIAN_POINT ( 'NONE',  ( 742.9496830714920179, 883.0726817641734669, 1209.821000899975616 ) ) ;
#2763 = CARTESIAN_POINT ( 'NONE',  ( 711.3994663531144624, 903.3700384905475858, 1220.685863768409718 ) ) ;
#2764 = CARTESIAN_POINT ( 'NONE',  ( 722.8900629853933424, 895.9468683257313160, 1194.442970900098089 ) ) ;
#2765 = ORIENTED_EDGE ( 'NONE', *, *, #5100, .T. ) ;
#2766 = CARTESIAN_POINT ( 'NONE',  ( 717.1800848525040237, 879.2510169669742481, 1212.380460436409521 ) ) ;
#2767 = ORIENTED_EDGE ( 'NONE', *, *, #8998, .F. ) ;
#2768 = DIRECTION ( 'NONE',  ( 0.5000000000000009992, 0.8660254037844381525, -5.726519994466740890E-15 ) ) ;
#2769 = EDGE_CURVE ( 'NONE', #4881, #2698, #6375, .T. ) ;
#2770 = ORIENTED_EDGE ( 'NONE', *, *, #1981, .T. ) ;
#2771 = CARTESIAN_POINT ( 'NONE',  ( 731.4342375782277941, 888.0343328081239633, 1228.504382955647998 ) ) ;
#2772 = VERTEX_POINT ( 'NONE', #4435 ) ;
#2773 = CARTESIAN_POINT ( 'NONE',  ( 739.4775134444145124, 885.1844030509444110, 1224.669254135417077 ) ) ;
#2774 = DIRECTION ( 'NONE',  ( -0.8660254037844373753, 0.5000000000000023315, 0.000000000000000000 ) ) ;
#2775 = CARTESIAN_POINT ( 'NONE',  ( 711.5721877594652369, 902.4812466340756600, 1220.255440543317263 ) ) ;
#2776 = CARTESIAN_POINT ( 'NONE',  ( 738.4765269890822310, 886.9480191374874494, 1200.008971980804063 ) ) ;
#2777 = ORIENTED_EDGE ( 'NONE', *, *, #3350, .F. ) ;
#2778 = LINE ( 'NONE', #8919, #2679 ) ;
#2779 = EDGE_CURVE ( 'NONE', #9633, #9166, #4422, .T. ) ;
#2780 = ORIENTED_EDGE ( 'NONE', *, *, #2304, .T. ) ;
#2781 = DIRECTION ( 'NONE',  ( 0.4999999999999988343, 0.8660254037844394848, -2.975261781898571487E-15 ) ) ;
#2782 = CARTESIAN_POINT ( 'NONE',  ( 710.8418764276881348, 899.6308929774564831, 1203.178827722709684 ) ) ;
#2783 = CARTESIAN_POINT ( 'NONE',  ( 724.0001573186031010, 893.0778271223792899, 1194.949814260181029 ) ) ;
#2784 = CARTESIAN_POINT ( 'NONE',  ( 713.3373986852624284, 900.0056363656998428, 1202.445379948212803 ) ) ;
#2785 = EDGE_CURVE ( 'NONE', #3727, #9226, #239, .T. ) ;
#2786 = B_SPLINE_CURVE_WITH_KNOTS ( 'NONE', 3,
 ( #5525, #9393, #2517, #3149, #4075, #7066, #5618, #8, #9536, #4711 ),
 .UNSPECIFIED., .F., .F.,
 ( 4, 3, 3, 4 ),
 ( 0.000000000000000000, 0.0001770958401172538109, 0.0003541916793410005652, 0.0006316937728061793045 ),
 .UNSPECIFIED. ) ;
#2787 = CARTESIAN_POINT ( 'NONE',  ( 711.7256708995179224, 901.2069368147474506, 1225.479383860764528 ) ) ;
#2788 = ORIENTED_EDGE ( 'NONE', *, *, #6940, .T. ) ;
#2789 = DIRECTION ( 'NONE',  ( -0.4999999999999988343, -0.8660254037844394848, 2.975261781898571487E-15 ) ) ;
#2790 = VERTEX_POINT ( 'NONE', #7770 ) ;
#2791 = VERTEX_POINT ( 'NONE', #5418 ) ;
#2792 = ORIENTED_EDGE ( 'NONE', *, *, #9465, .F. ) ;
#2793 = CARTESIAN_POINT ( 'NONE',  ( 740.0167654433731741, 883.0792080348398940, 1210.345919397604803 ) ) ;
#2794 = VERTEX_POINT ( 'NONE', #8548 ) ;
#2795 = EDGE_CURVE ( 'NONE', #5391, #7789, #4295, .T. ) ;
#2796 = CARTESIAN_POINT ( 'NONE',  ( 717.1800848525040237, 879.2510169669742481, 1212.380460436409521 ) ) ;
#2797 = DIRECTION ( 'NONE',  ( 0.5845683251975080097, -0.3375006799125091494, -0.7378164841167310639 ) ) ;
#2798 = AXIS2_PLACEMENT_3D ( 'NONE', #9485, #9438, #8757 ) ;
#2799 = CARTESIAN_POINT ( 'NONE',  ( 722.3934704570589247, 894.4644598310169386, 1229.242411570914783 ) ) ;
#2800 = ORIENTED_EDGE ( 'NONE', *, *, #8261, .F. ) ;
#2801 = ORIENTED_EDGE ( 'NONE', *, *, #9865, .F. ) ;
#2802 = CARTESIAN_POINT ( 'NONE',  ( 708.5545348685633371, 903.4250317651650448, 1217.278421757578144 ) ) ;
#2803 = ORIENTED_EDGE ( 'NONE', *, *, #9549, .F. ) ;
#2804 = CARTESIAN_POINT ( 'NONE',  ( 734.8479813405124332, 889.0429609444557855, 1197.377896032967101 ) ) ;
#2805 = DIRECTION ( 'NONE',  ( 0.000000000000000000, -1.000000000000000000, -1.551108497285260326E-16 ) ) ;
#2806 = VECTOR ( 'NONE', #3692, 1000.000000000000227 ) ;
#2807 = B_SPLINE_SURFACE_WITH_KNOTS ( 'NONE', 3, 1, ( 
 ( #2540, #5704 ),
 ( #236, #8842 ),
 ( #8214, #4158 ),
 ( #7395, #4210 ),
 ( #957, #9772 ),
 ( #1782, #2598 ) ),
 .UNSPECIFIED., .F., .F., .F.,
 ( 4, 1, 1, 4 ),
 ( 2, 2 ),
 ( 0.000000000000000000, 0.2890654569501156512, 0.6604379133667447332, 1.000000000000000000 ),
 ( 0.000000000000000000, 1.000000000000000000 ),
 .UNSPECIFIED. ) ;
#2808 = CARTESIAN_POINT ( 'NONE',  ( 712.7863399836876397, 899.7042836405128128, 1222.593066259932357 ) ) ;
#2809 = EDGE_CURVE ( 'NONE', #10175, #1524, #6710, .T. ) ;
#2810 = DIRECTION ( 'NONE',  ( -0.4999999999999988343, -0.8660254037844394848, 2.975261781898571487E-15 ) ) ;
#2811 = ADVANCED_FACE ( 'NONE', ( #716 ), #3293, .F. ) ;
#2812 = CARTESIAN_POINT ( 'NONE',  ( 726.1020214887698785, 892.9067469320789314, 1232.808747897382091 ) ) ;
#2813 = DIRECTION ( 'NONE',  ( 0.7745966692414847365, -0.4472135954999567620, 0.4472135954999567620 ) ) ;
#2814 = CARTESIAN_POINT ( 'NONE',  ( 729.8709660031977364, 882.3159804269753295, 1211.600801267873976 ) ) ;
#2815 = CIRCLE ( 'NONE', #8586, 2.200000000000022382 ) ;
#2816 = CARTESIAN_POINT ( 'NONE',  ( 717.0526488409811918, 897.0890710715461864, 1227.323998503087751 ) ) ;
#2817 = ORIENTED_EDGE ( 'NONE', *, *, #5103, .T. ) ;
#2818 = VERTEX_POINT ( 'NONE', #6177 ) ;
#2819 = CARTESIAN_POINT ( 'NONE',  ( 732.9881735157597404, 890.9083069390856053, 1229.656260231665783 ) ) ;
#2820 = CARTESIAN_POINT ( 'NONE',  ( 737.9383043705256569, 885.8022909136751650, 1203.989787436923962 ) ) ;
#2821 = B_SPLINE_CURVE_WITH_KNOTS ( 'NONE', 3,
 ( #5049, #8845, #1784, #4364, #4161, #1931, #8216, #1018, #441, #7347 ),
 .UNSPECIFIED., .F., .F.,
 ( 4, 3, 3, 4 ),
 ( 0.000000000000000000, 0.0001770958401172750612, 0.0003541916793410657257, 0.0006316937728061247691 ),
 .UNSPECIFIED. ) ;
#2822 = CARTESIAN_POINT ( 'NONE',  ( 722.9596200198069482, 896.6982949995560830, 1193.767808885684190 ) ) ;
#2823 = AXIS2_PLACEMENT_3D ( 'NONE', #8573, #5484, #7940 ) ;
#2824 = CARTESIAN_POINT ( 'NONE',  ( 739.4061706399376135, 884.9548015524341054, 1216.586486539717953 ) ) ;
#2825 = B_SPLINE_CURVE_WITH_KNOTS ( 'NONE', 3,
 ( #7933, #9486, #2412, #5617 ),
 .UNSPECIFIED., .F., .F.,
 ( 4, 4 ),
 ( 0.0009352727177710999477, 0.002387895279818535652 ),
 .UNSPECIFIED. ) ;
#2826 = EDGE_CURVE ( 'NONE', #2428, #406, #9823, .T. ) ;
#2827 = CARTESIAN_POINT ( 'NONE',  ( 739.5152064847507063, 884.2723653709786049, 1208.153542980850716 ) ) ;
#2828 = LINE ( 'NONE', #8444, #7840 ) ;
#2829 = ORIENTED_EDGE ( 'NONE', *, *, #1457, .T. ) ;
#2830 = CARTESIAN_POINT ( 'NONE',  ( 725.0138606893186761, 894.7206931496659763, 1230.613081389464696 ) ) ;
#2831 = ORIENTED_EDGE ( 'NONE', *, *, #9185, .F. ) ;
#2832 = CARTESIAN_POINT ( 'NONE',  ( 712.9557480017465423, 901.6824477557545379, 1222.968168535333916 ) ) ;
#2833 = CARTESIAN_POINT ( 'NONE',  ( 725.5766906850143414, 894.9400485842162425, 1231.537404728304182 ) ) ;
#2834 = CARTESIAN_POINT ( 'NONE',  ( 724.9997972674734683, 885.1283510078138761, 1203.698906650892695 ) ) ;
#2835 = EDGE_CURVE ( 'NONE', #510, #7185, #1101, .T. ) ;
#2836 = CARTESIAN_POINT ( 'NONE',  ( 710.3565455448554076, 903.1830979939189774, 1206.894021478241029 ) ) ;
#2837 = AXIS2_PLACEMENT_3D ( 'NONE', #6878, #5948, #2750 ) ;
#2838 = B_SPLINE_CURVE_WITH_KNOTS ( 'NONE', 3,
 ( #2727, #5881, #1953, #9895, #3558, #8245, #1194, #5171 ),
 .UNSPECIFIED., .F., .F.,
 ( 4, 2, 2, 4 ),
 ( 0.000000000000000000, 0.0005319171944660116766, 0.001063834388932023353, 0.002127668777864195025 ),
 .UNSPECIFIED. ) ;
#2839 = CARTESIAN_POINT ( 'NONE',  ( 721.0044619784071074, 897.5798260587720279, 1194.130361421023053 ) ) ;
#2840 = CARTESIAN_POINT ( 'NONE',  ( 713.6738620358009939, 900.4693868470909592, 1197.539290998576917 ) ) ;
#2841 = ORIENTED_EDGE ( 'NONE', *, *, #186, .T. ) ;
#2842 = CARTESIAN_POINT ( 'NONE',  ( 741.2441832208579626, 885.8944175511203412, 1220.153594655813549 ) ) ;
#2843 = EDGE_LOOP ( 'NONE', ( #5258, #10198, #880, #2855 ) ) ;
#2844 = ORIENTED_EDGE ( 'NONE', *, *, #8869, .T. ) ;
#2845 = VECTOR ( 'NONE', #1454, 1000.000000000000000 ) ;
#2846 = ORIENTED_EDGE ( 'NONE', *, *, #6961, .T. ) ;
#2847 = CARTESIAN_POINT ( 'NONE',  ( 742.3679217908222654, 883.5156250140782959, 1206.832412907514254 ) ) ;
#2848 = EDGE_CURVE ( 'NONE', #3582, #2480, #5513, .T. ) ;
#2849 = VERTEX_POINT ( 'NONE', #9522 ) ;
#2850 = CARTESIAN_POINT ( 'NONE',  ( 729.1890024462934434, 889.6283899997300750, 1229.372200181514017 ) ) ;
#2851 = VECTOR ( 'NONE', #4049, 1000.000000000000000 ) ;
#2852 = DIRECTION ( 'NONE',  ( -0.4999999999999988343, -0.8660254037844394848, 2.975261781898571487E-15 ) ) ;
#2853 = CARTESIAN_POINT ( 'NONE',  ( 723.5632507933037232, 896.3497886099866037, 1193.642036380012541 ) ) ;
#2854 = B_SPLINE_CURVE_WITH_KNOTS ( 'NONE', 3,
 ( #2111, #2210, #5275, #7527, #672, #6711, #4391, #9902, #2159, #6811 ),
 .UNSPECIFIED., .F., .F.,
 ( 4, 3, 3, 4 ),
 ( 0.000000000000000000, 0.0001770953904237246247, 0.0003541907790578861228, 0.0006813326750119754480 ),
 .UNSPECIFIED. ) ;
#2855 = ORIENTED_EDGE ( 'NONE', *, *, #4393, .T. ) ;
#2856 = CARTESIAN_POINT ( 'NONE',  ( 717.1800848525040237, 879.2510169669742481, 1212.380460436409521 ) ) ;
#2857 = ORIENTED_EDGE ( 'NONE', *, *, #3367, .F. ) ;
#2858 = CARTESIAN_POINT ( 'NONE',  ( 738.9198536432428455, 887.4836498207363320, 1224.374106440248170 ) ) ;
#2859 = CARTESIAN_POINT ( 'NONE',  ( 729.5368983569275088, 890.6527481835723847, 1196.208508447396298 ) ) ;
#2860 = ADVANCED_FACE ( 'NONE', ( #3954 ), #8814, .F. ) ;
#2861 = UNCERTAINTY_MEASURE_WITH_UNIT (LENGTH_MEASURE( 1.000000000000000082E-05 ), #9385, 'distance_accuracy_value', 'NONE');
#2862 = CIRCLE ( 'NONE', #8956, 18.17967805303275597 ) ;
#2863 = CARTESIAN_POINT ( 'NONE',  ( 743.1713637030086375, 887.7015555120373165, 1190.196798703381319 ) ) ;
#2864 = DIRECTION ( 'NONE',  ( 0.1130112749729068472, 0.7293124550015807062, 0.6747827759424251948 ) ) ;
#2865 = FACE_OUTER_BOUND ( 'NONE', #6606, .T. ) ;
#2866 = CARTESIAN_POINT ( 'NONE',  ( 725.8370950929722767, 894.2453985451096514, 1212.380460436409066 ) ) ;
#2867 = CARTESIAN_POINT ( 'NONE',  ( 709.9261573798731888, 903.4315827168273927, 1205.651070726925809 ) ) ;
#2868 = ORIENTED_EDGE ( 'NONE', *, *, #4704, .T. ) ;
#2869 = COORDINATED_UNIVERSAL_TIME_OFFSET ( 5, 0, .BEHIND. ) ;
#2870 = CARTESIAN_POINT ( 'NONE',  ( 723.3923176071619991, 894.4711951975493776, 1232.706531912250739 ) ) ;
#2871 = ORIENTED_EDGE ( 'NONE', *, *, #9672, .F. ) ;
#2872 = CARTESIAN_POINT ( 'NONE',  ( 741.2197402635507615, 884.0714647100209049, 1203.210596828724192 ) ) ;
#2873 = CARTESIAN_POINT ( 'NONE',  ( 711.8694615869377458, 900.8530475586170496, 1219.406974558116417 ) ) ;
#2874 = EDGE_CURVE ( 'NONE', #273, #7292, #7114, .T. ) ;
#2875 = EDGE_CURVE ( 'NONE', #1945, #5064, #8901, .T. ) ;
#2876 = CARTESIAN_POINT ( 'NONE',  ( 742.7301047026840024, 883.3065186124188131, 1216.141342629299743 ) ) ;
#2877 = CIRCLE ( 'NONE', #9964, 22.98482582222978365 ) ;
#2878 = CARTESIAN_POINT ( 'NONE',  ( 742.7301047026840024, 883.3065186124188131, 1216.141342629299743 ) ) ;
#2879 = AXIS2_PLACEMENT_3D ( 'NONE', #241, #4164, #1787 ) ;
#2880 = CARTESIAN_POINT ( 'NONE',  ( 717.1800848525040237, 879.2510169669742481, 1212.380460436409521 ) ) ;
#2881 = CARTESIAN_POINT ( 'NONE',  ( 725.3236735400701036, 893.3561263297817732, 1212.380460436409521 ) ) ;
#2882 = VERTEX_POINT ( 'NONE', #8072 ) ;
#2883 = CARTESIAN_POINT ( 'NONE',  ( 728.5231483660735421, 892.7284787486905770, 1193.075463945681804 ) ) ;
#2884 = DIRECTION ( 'NONE',  ( 0.5845683251975080097, -0.3375006799125091494, -0.7378164841167310639 ) ) ;
#2885 = EDGE_CURVE ( 'NONE', #8763, #9401, #1946, .T. ) ;
#2886 = VERTEX_POINT ( 'NONE', #2606 ) ;
#2887 = CARTESIAN_POINT ( 'NONE',  ( 741.2121886281705656, 885.3685841537478609, 1208.120527141220691 ) ) ;
#2888 = CARTESIAN_POINT ( 'NONE',  ( 718.0107081201797428, 898.7639651706343784, 1228.244708294874272 ) ) ;
#2889 = CARTESIAN_POINT ( 'NONE',  ( 717.1800848525040237, 879.2510169669742481, 1212.380460436409521 ) ) ;
#2890 = CARTESIAN_POINT ( 'NONE',  ( 709.5538871329697486, 903.2438237337485134, 1205.403969080795832 ) ) ;
#2891 = CARTESIAN_POINT ( 'NONE',  ( 718.4757819153255696, 898.4954546898137551, 1196.222484767107971 ) ) ;
#2892 = CARTESIAN_POINT ( 'NONE',  ( 740.0147816706772801, 886.0937811668493396, 1223.092283567161985 ) ) ;
#2893 = CYLINDRICAL_SURFACE ( 'NONE', #3393, 17.83733333518745923 ) ;
#2894 = CARTESIAN_POINT ( 'NONE',  ( 729.1647823586378081, 891.0313979014919141, 1192.310139112798879 ) ) ;
#2895 = ORIENTED_EDGE ( 'NONE', *, *, #3142, .T. ) ;
#2896 = CARTESIAN_POINT ( 'NONE',  ( 720.9667996449409202, 897.0572649330641752, 1195.010601591288832 ) ) ;
#2897 = ORIENTED_EDGE ( 'NONE', *, *, #9024, .F. ) ;
#2898 = B_SPLINE_SURFACE_WITH_KNOTS ( 'NONE', 3, 1, ( 
 ( #5718, #8229 ),
 ( #8957, #5059 ),
 ( #6694, #5008 ),
 ( #972, #1076 ),
 ( #2766, #1892 ),
 ( #2664, #8857 ) ),
 .UNSPECIFIED., .F., .F., .F.,
 ( 4, 1, 1, 4 ),
 ( 2, 2 ),
 ( 0.000000000000000000, 0.2890654569501156512, 0.6604379133667447332, 1.000000000000000000 ),
 ( 0.000000000000000000, 1.000000000000000000 ),
 .UNSPECIFIED. ) ;
#2899 = EDGE_CURVE ( 'NONE', #4685, #1879, #600, .T. ) ;
#2900 = CARTESIAN_POINT ( 'NONE',  ( 731.4989700720016117, 887.7045144011852926, 1228.619000519729070 ) ) ;
#2901 = VECTOR ( 'NONE', #8853, 1000.000000000000227 ) ;
#2902 = VECTOR ( 'NONE', #2929, 1000.000000000000114 ) ;
#2903 = VERTEX_POINT ( 'NONE', #4055 ) ;
#2904 = CARTESIAN_POINT ( 'NONE',  ( 708.2176387178778896, 903.2323001391424668, 1207.092033495469650 ) ) ;
#2905 = CARTESIAN_POINT ( 'NONE',  ( 720.4089573278954504, 897.3793353449756296, 1195.232512245094313 ) ) ;
#2906 = CARTESIAN_POINT ( 'NONE',  ( 717.1800848525040237, 879.2510169669742481, 1212.380460436409521 ) ) ;
#2907 = AXIS2_PLACEMENT_3D ( 'NONE', #5595, #5407, #4736 ) ;
#2908 = ORIENTED_EDGE ( 'NONE', *, *, #3382, .T. ) ;
#2909 = CARTESIAN_POINT ( 'NONE',  ( 743.0880950964910880, 882.9927695442810318, 1212.331062495776905 ) ) ;
#2910 = ORIENTED_EDGE ( 'NONE', *, *, #528, .F. ) ;
#2911 = CARTESIAN_POINT ( 'NONE',  ( 717.1800848525040237, 879.2510169669742481, 1212.380460436409521 ) ) ;
#2912 = EDGE_CURVE ( 'NONE', #6323, #5613, #8963, .T. ) ;
#2913 = CARTESIAN_POINT ( 'NONE',  ( 711.0968724260218323, 901.2991021186447824, 1216.973804923008402 ) ) ;
#2914 = CARTESIAN_POINT ( 'NONE',  ( 736.2902942218792077, 887.4117836363492415, 1228.222648237308249 ) ) ;
#2915 = CARTESIAN_POINT ( 'NONE',  ( 717.1800848525040237, 879.2510169669742481, 1212.380460436409521 ) ) ;
#2916 = CARTESIAN_POINT ( 'NONE',  ( 735.1449694894671438, 888.8714947567107174, 1200.632469883719978 ) ) ;
#2917 = CARTESIAN_POINT ( 'NONE',  ( 711.2945245207870357, 901.1850903144804761, 1207.043523708215162 ) ) ;
#2918 = EDGE_CURVE ( 'NONE', #4674, #6156, #8021, .T. ) ;
#2919 = CARTESIAN_POINT ( 'NONE',  ( 726.1861483746699832, 884.4434108767205771, 1220.317096948937660 ) ) ;
#2920 = PERSON_AND_ORGANIZATION ( #3082, #3976 ) ;
#2921 = CARTESIAN_POINT ( 'NONE',  ( 718.5692301692561159, 896.9849715477832888, 1197.287312112201789 ) ) ;
#2922 = ORIENTED_EDGE ( 'NONE', *, *, #2885, .F. ) ;
#2923 = CARTESIAN_POINT ( 'NONE',  ( 739.4988732998757541, 884.9011992686010899, 1216.144695824034216 ) ) ;
#2924 = CARTESIAN_POINT ( 'NONE',  ( 724.4202779218370551, 891.7913992196671416, 1212.380460436409521 ) ) ;
#2925 = CARTESIAN_POINT ( 'NONE',  ( 714.0073630127795923, 899.3060709556225447, 1223.812077335137928 ) ) ;
#2926 = CARTESIAN_POINT ( 'NONE',  ( 712.6821493760601243, 902.6319954423120180, 1201.548112711628846 ) ) ;
#2927 = CARTESIAN_POINT ( 'NONE',  ( 739.5255040695133175, 884.1142639964476757, 1208.073191930304120 ) ) ;
#2928 = ADVANCED_FACE ( 'NONE', ( #2499 ), #4129, .F. ) ;
#2929 = DIRECTION ( 'NONE',  ( -0.2736239286075475285, 0.9525363938669356711, -0.1334329946165706826 ) ) ;
#2930 = VERTEX_POINT ( 'NONE', #967 ) ;
#2931 = CARTESIAN_POINT ( 'NONE',  ( 717.1800848525040237, 879.2510169669742481, 1212.380460436409521 ) ) ;
#2932 = CARTESIAN_POINT ( 'NONE',  ( 714.3613201479361123, 899.4144095313184835, 1223.769848565638085 ) ) ;
#2933 = ORIENTED_EDGE ( 'NONE', *, *, #374, .F. ) ;
#2934 = CARTESIAN_POINT ( 'NONE',  ( 737.5786711571363412, 884.1943973430721826, 1202.398329197706516 ) ) ;
#2935 = CARTESIAN_POINT ( 'NONE',  ( 707.6597204082628423, 903.5544144253835839, 1210.930503320910702 ) ) ;
#2936 = CARTESIAN_POINT ( 'NONE',  ( 733.0539597667020644, 890.0787397830274585, 1230.083127564567803 ) ) ;
#2937 = CARTESIAN_POINT ( 'NONE',  ( 724.4202779218370551, 891.7913992196671416, 1212.380460436409521 ) ) ;
#2938 = CARTESIAN_POINT ( 'NONE',  ( 725.8370950929727314, 894.2453985451099925, 1212.380460436409521 ) ) ;
#2939 = CARTESIAN_POINT ( 'NONE',  ( 718.0212104660899968, 899.3022071224687579, 1195.621000473556023 ) ) ;
#2940 = ORIENTED_EDGE ( 'NONE', *, *, #905, .F. ) ;
#2941 = EDGE_CURVE ( 'NONE', #1626, #9771, #6351, .T. ) ;
#2942 = DIRECTION ( 'NONE',  ( 0.8660254037844441477, -0.4999999999999902855, 0.000000000000000000 ) ) ;
#2943 = CARTESIAN_POINT ( 'NONE',  ( 740.1428391576787362, 886.7750444644144636, 1222.391624151743599 ) ) ;
#2944 = EDGE_CURVE ( 'NONE', #4130, #1171, #6500, .T. ) ;
#2945 = CARTESIAN_POINT ( 'NONE',  ( 711.0921229673543849, 902.3557228606899798, 1222.944284814447656 ) ) ;
#2946 = ORIENTED_EDGE ( 'NONE', *, *, #1315, .T. ) ;
#2947 = CARTESIAN_POINT ( 'NONE',  ( 725.8370950929727314, 894.2453985451099925, 1212.380460436409521 ) ) ;
#2948 = B_SPLINE_CURVE_WITH_KNOTS ( 'NONE', 3,
 ( #5356, #493, #3540, #1328, #5306, #9932, #8386, #3694 ),
 .UNSPECIFIED., .F., .F.,
 ( 4, 2, 2, 4 ),
 ( 0.000000000000000000, 0.001064839483367198197, 0.001597259225050662312, 0.002129678966734126645 ),
 .UNSPECIFIED. ) ;
#2949 = CARTESIAN_POINT ( 'NONE',  ( 710.0258336028164194, 903.3740346226793463, 1212.306015987679984 ) ) ;
#2950 = CARTESIAN_POINT ( 'NONE',  ( 729.2219681650913117, 889.3115871493206441, 1229.529406712847276 ) ) ;
#2951 = EDGE_CURVE ( 'NONE', #391, #3158, #8193, .T. ) ;
#2952 = CARTESIAN_POINT ( 'NONE',  ( 715.0119953159016859, 900.5291465992700068, 1227.398134776000234 ) ) ;
#2953 = CARTESIAN_POINT ( 'NONE',  ( 731.0830981025576421, 890.8139279850167895, 1193.526007084539970 ) ) ;
#2954 = EDGE_LOOP ( 'NONE', ( #1359, #9602, #2622, #4143 ) ) ;
#2955 = CARTESIAN_POINT ( 'NONE',  ( 727.5051684902269926, 890.0103368195198072, 1230.207741805746764 ) ) ;
#2956 = EDGE_LOOP ( 'NONE', ( #3982, #6472, #2093, #2119, #4437 ) ) ;
#2957 = CARTESIAN_POINT ( 'NONE',  ( 779.6400035302493734, 879.4347695534494278, 1230.327094292722904 ) ) ;
#2958 = DIRECTION ( 'NONE',  ( -0.1678872423995126928, 0.8914892896215130813, 0.4207858366552005847 ) ) ;
#2959 = ORIENTED_EDGE ( 'NONE', *, *, #2944, .T. ) ;
#2960 = CARTESIAN_POINT ( 'NONE',  ( 744.1713637030086375, 889.4336063196064970, 1234.086781508788363 ) ) ;
#2961 = CIRCLE ( 'NONE', #6599, 19.56600634797374383 ) ;
#2962 = LINE ( 'NONE', #6888, #7583 ) ;
#2963 = EDGE_CURVE ( 'NONE', #9560, #5408, #4011, .T. ) ;
#2964 = B_SPLINE_CURVE_WITH_KNOTS ( 'NONE', 3,
 ( #7028, #5393, #9355, #4566 ),
 .UNSPECIFIED., .F., .F.,
 ( 4, 4 ),
 ( 0.0009352727177711324738, 0.002387895279818685271 ),
 .UNSPECIFIED. ) ;
#2965 = CARTESIAN_POINT ( 'NONE',  ( 717.1800848525040237, 879.2510169669742481, 1212.380460436409521 ) ) ;
#2966 = LINE ( 'NONE', #9265, #8765 ) ;
#2967 = B_SPLINE_CURVE_WITH_KNOTS ( 'NONE', 3,
 ( #3097, #6238, #5471, #3040, #7573, #9181, #9954, #2888, #2110, #9075 ),
 .UNSPECIFIED., .F., .F.,
 ( 4, 3, 3, 4 ),
 ( 0.000000000000000000, 0.0001770953904237692125, 0.0003541907790578563073, 0.0006813326750119918195 ),
 .UNSPECIFIED. ) ;
#2968 = DIRECTION ( 'NONE',  ( -0.4999999999999988343, -0.8660254037844394848, 2.975261781898571487E-15 ) ) ;
#2969 = COORDINATED_UNIVERSAL_TIME_OFFSET ( 5, 0, .BEHIND. ) ;
#2970 = CARTESIAN_POINT ( 'NONE',  ( 738.0383576732319852, 885.7444283587993823, 1204.195693531592269 ) ) ;
#2971 = VERTEX_POINT ( 'NONE', #8431 ) ;
#2972 = CARTESIAN_POINT ( 'NONE',  ( 712.9416913343558235, 901.6905633764563390, 1201.815820780506328 ) ) ;
#2973 = CARTESIAN_POINT ( 'NONE',  ( 724.9083924597068744, 894.8154590442861718, 1192.860948152339461 ) ) ;
#2974 = CC_DESIGN_PERSON_AND_ORGANIZATION_ASSIGNMENT ( #9935, #7076, ( #5153 ) ) ;
#2975 = DIRECTION ( 'NONE',  ( 0.5845683251974943540, -0.3375006799125097601, -0.7378164841167416110 ) ) ;
#2976 = CARTESIAN_POINT ( 'NONE',  ( 717.1800848525040237, 879.2510169669742481, 1212.380460436409521 ) ) ;
#2977 = DIRECTION ( 'NONE',  ( -0.5845683251975072325, 0.3375006799125115364, 0.7378164841167307308 ) ) ;
#2978 = CARTESIAN_POINT ( 'NONE',  ( 713.6013565194004968, 891.7092438420557983, 1210.635289826385360 ) ) ;
#2979 = ORIENTED_EDGE ( 'NONE', *, *, #7242, .F. ) ;
#2980 = CARTESIAN_POINT ( 'NONE',  ( 720.4597061902283031, 895.2741727250172517, 1195.814190216967063 ) ) ;
#2981 = CARTESIAN_POINT ( 'NONE',  ( 717.8358509985482669, 905.7931222071525781, 1190.196798703381546 ) ) ;
#2982 = ORIENTED_EDGE ( 'NONE', *, *, #8984, .F. ) ;
#2983 = CIRCLE ( 'NONE', #7588, 19.56600634797364435 ) ;
#2984 = CARTESIAN_POINT ( 'NONE',  ( 709.0459643337312627, 903.9397624089563124, 1209.752563651832588 ) ) ;
#2985 = CARTESIAN_POINT ( 'NONE',  ( 739.7333419580867258, 886.2223966768109449, 1222.800943897700563 ) ) ;
#2986 = B_SPLINE_CURVE_WITH_KNOTS ( 'NONE', 1,
 ( #339, #8896 ),
 .UNSPECIFIED., .F., .F.,
 ( 2, 2 ),
 ( 0.000000000000000000, 0.002900000000001511612 ),
 .UNSPECIFIED. ) ;
#2987 = ADVANCED_FACE ( 'NONE', ( #2136 ), #9814, .T. ) ;
#2988 = CARTESIAN_POINT ( 'NONE',  ( 725.4428936872126314, 893.8144730289080826, 1232.456337564442720 ) ) ;
#2989 = CARTESIAN_POINT ( 'NONE',  ( 712.6745546081909879, 901.8447948372182736, 1222.496929228234421 ) ) ;
#2990 = DIRECTION ( 'NONE',  ( -0.5000000000000009992, -0.8660254037844382635, -0.000000000000000000 ) ) ;
#2991 = CARTESIAN_POINT ( 'NONE',  ( 717.1800848525040237, 879.2510169669742481, 1212.380460436409521 ) ) ;
#2992 = ORIENTED_EDGE ( 'NONE', *, *, #3661, .T. ) ;
#2993 = DIRECTION ( 'NONE',  ( 0.02651396216669144046, 0.7792517018344284896, 0.6261499780391037717 ) ) ;
#2994 = DIRECTION ( 'NONE',  ( 0.5845683251975167805, -0.3375006799125209733, -0.7378164841167186294 ) ) ;
#2995 = VECTOR ( 'NONE', #4703, 1000.000000000000000 ) ;
#2996 = ORIENTED_EDGE ( 'NONE', *, *, #4023, .T. ) ;
#2997 = CARTESIAN_POINT ( 'NONE',  ( 717.1800848525040237, 879.2510169669742481, 1212.380460436409521 ) ) ;
#2998 = ORIENTED_EDGE ( 'NONE', *, *, #9624, .T. ) ;
#2999 = VERTEX_POINT ( 'NONE', #6837 ) ;
#3000 = EDGE_LOOP ( 'NONE', ( #7571, #1992 ) ) ;
#3001 = CARTESIAN_POINT ( 'NONE',  ( 709.1172344971188295, 902.7129182738358395, 1204.138829892445983 ) ) ;
#3002 = EDGE_CURVE ( 'NONE', #4455, #4426, #9803, .T. ) ;
#3003 = ORIENTED_EDGE ( 'NONE', *, *, #127, .T. ) ;
#3004 = EDGE_CURVE ( 'NONE', #735, #9107, #6977, .T. ) ;
#3005 = ORIENTED_EDGE ( 'NONE', *, *, #9686, .T. ) ;
#3006 = CARTESIAN_POINT ( 'NONE',  ( 713.3427321264291550, 900.6604355753867139, 1226.860956872891393 ) ) ;
#3007 = CARTESIAN_POINT ( 'NONE',  ( 712.8382879356006470, 901.7502633565628685, 1222.774881170302251 ) ) ;
#3008 = CARTESIAN_POINT ( 'NONE',  ( 717.1800848525040237, 879.2510169669742481, 1212.380460436409521 ) ) ;
#3009 = VECTOR ( 'NONE', #9128, 1000.000000000000000 ) ;
#3010 = ORIENTED_EDGE ( 'NONE', *, *, #8843, .T. ) ;
#3011 = ORIENTED_EDGE ( 'NONE', *, *, #6387, .F. ) ;
#3012 = CARTESIAN_POINT ( 'NONE',  ( 738.6042437532062195, 886.2157640254072248, 1199.117473646993858 ) ) ;
#3013 = CARTESIAN_POINT ( 'NONE',  ( 729.6581550751552641, 888.7673094352165890, 1195.236358884728816 ) ) ;
#3014 = ADVANCED_FACE ( 'NONE', ( #2865 ), #8336, .T. ) ;
#3015 = CARTESIAN_POINT ( 'NONE',  ( 726.6798289190402329, 892.3023806785846546, 1229.222166276685357 ) ) ;
#3016 = AXIS2_PLACEMENT_3D ( 'NONE', #9241, #6143, #4609 ) ;
#3017 = CARTESIAN_POINT ( 'NONE',  ( 717.4678326440728142, 899.0773944729010054, 1195.367645683352521 ) ) ;
#3018 = DIRECTION ( 'NONE',  ( -0.4999999999999988343, -0.8660254037844394848, 2.975261781898571487E-15 ) ) ;
#3019 = CARTESIAN_POINT ( 'NONE',  ( 721.1167312194919532, 897.7622873445045570, 1194.322857615540215 ) ) ;
#3020 = DIRECTION ( 'NONE',  ( 0.7745966692414802957, -0.4472135954999605367, -0.4472135954999607033 ) ) ;
#3021 = VERTEX_POINT ( 'NONE', #6065 ) ;
#3022 = CARTESIAN_POINT ( 'NONE',  ( 734.3571345916451492, 886.0543523464556301, 1198.279188621063440 ) ) ;
#3023 = ORIENTED_EDGE ( 'NONE', *, *, #3943, .T. ) ;
#3024 = CARTESIAN_POINT ( 'NONE',  ( 739.7594238683287813, 883.5255543462609467, 1215.919524182974783 ) ) ;
#3025 = CIRCLE ( 'NONE', #10115, 19.56600634797369764 ) ;
#3026 = CARTESIAN_POINT ( 'NONE',  ( 723.7392834334326608, 894.1638111664472035, 1191.891106360475987 ) ) ;
#3027 = EDGE_CURVE ( 'NONE', #2525, #5681, #326, .T. ) ;
#3028 = B_SPLINE_CURVE_WITH_KNOTS ( 'NONE', 3,
 ( #6495, #5775, #8968, #7470, #8917, #4128, #981, #1851, #5827, #3555 ),
 .UNSPECIFIED., .F., .F.,
 ( 4, 3, 3, 4 ),
 ( 0.000000000000000000, 0.0001770958401173372673, 0.0003541916793411827654, 0.0006316937728062445735 ),
 .UNSPECIFIED. ) ;
#3029 = LINE ( 'NONE', #3131, #4713 ) ;
#3030 = CARTESIAN_POINT ( 'NONE',  ( 728.0998807906560160, 892.1403918216238935, 1232.315237351814858 ) ) ;
#3031 = CARTESIAN_POINT ( 'NONE',  ( 733.2511460234795777, 888.3505572441129061, 1226.609694638798373 ) ) ;
#3032 = B_SPLINE_SURFACE_WITH_KNOTS ( 'NONE', 3, 1, ( 
 ( #3899, #10193 ),
 ( #5501, #10091 ),
 ( #10141, #8589 ),
 ( #6163, #3019 ) ),
 .UNSPECIFIED., .F., .F., .F.,
 ( 4, 4 ),
 ( 2, 2 ),
 ( 0.000000000000000000, 1.000000000000000000 ),
 ( 0.000000000000000000, 1.000000000000000000 ),
 .UNSPECIFIED. ) ;
#3033 = CARTESIAN_POINT ( 'NONE',  ( 718.1025632305265844, 897.9124750201558527, 1194.113765440770749 ) ) ;
#3034 = ORIENTED_EDGE ( 'NONE', *, *, #10203, .T. ) ;
#3035 = CARTESIAN_POINT ( 'NONE',  ( 716.1812086546993896, 899.8202271795114484, 1197.922815074094842 ) ) ;
#3036 = CARTESIAN_POINT ( 'NONE',  ( 735.1016014348257386, 887.4400649920995647, 1199.891204048415602 ) ) ;
#3037 = CARTESIAN_POINT ( 'NONE',  ( 752.7079463437587492, 885.6597085723892633, 1239.380460436408839 ) ) ;
#3038 = ORIENTED_EDGE ( 'NONE', *, *, #4731, .F. ) ;
#3039 = CARTESIAN_POINT ( 'NONE',  ( 733.5187692352859585, 888.3538511437501484, 1198.437297283388943 ) ) ;
#3040 = CARTESIAN_POINT ( 'NONE',  ( 718.2271037500773900, 898.6390290954615239, 1228.384134104377608 ) ) ;
#3041 = DIRECTION ( 'NONE',  ( 0.4999999999999988343, 0.8660254037844394848, -2.975261781898571487E-15 ) ) ;
#3042 = CARTESIAN_POINT ( 'NONE',  ( 709.5031840254871440, 903.7096602807055206, 1217.462774515775664 ) ) ;
#3043 = CARTESIAN_POINT ( 'NONE',  ( 720.0919143931396320, 896.3766838815992060, 1231.915752199398639 ) ) ;
#3044 = ORIENTED_EDGE ( 'NONE', *, *, #6355, .F. ) ;
#3045 = CARTESIAN_POINT ( 'NONE',  ( 709.7666178183172860, 904.0679984097112083, 1208.803428734007412 ) ) ;
#3046 = CARTESIAN_POINT ( 'NONE',  ( 740.1239062509229143, 884.8112079901050038, 1201.152808044508674 ) ) ;
#3047 = CARTESIAN_POINT ( 'NONE',  ( 739.8511387780915811, 884.6978186999268701, 1211.620190327434557 ) ) ;
#3048 = ORIENTED_EDGE ( 'NONE', *, *, #8191, .T. ) ;
#3049 = EDGE_CURVE ( 'NONE', #4354, #5647, #1589, .T. ) ;
#3050 = CARTESIAN_POINT ( 'NONE',  ( 717.1800848525040237, 879.2510169669742481, 1212.380460436409521 ) ) ;
#3051 = ORIENTED_EDGE ( 'NONE', *, *, #1745, .T. ) ;
#3052 = CARTESIAN_POINT ( 'NONE',  ( 721.8435203990421769, 894.9366110383219848, 1228.986654434728962 ) ) ;
#3053 = ORIENTED_EDGE ( 'NONE', *, *, #1006, .F. ) ;
#3054 = VERTEX_POINT ( 'NONE', #397 ) ;
#3055 = CARTESIAN_POINT ( 'NONE',  ( 710.5151550027735539, 903.0915247806939306, 1204.025054587316163 ) ) ;
#3056 = VECTOR ( 'NONE', #846, 1000.000000000000114 ) ;
#3057 = CARTESIAN_POINT ( 'NONE',  ( 725.4402601148537997, 893.2888150394486502, 1232.828065986234378 ) ) ;
#3058 = CARTESIAN_POINT ( 'NONE',  ( 717.1800848525040237, 879.2510169669742481, 1212.380460436409521 ) ) ;
#3059 = B_SPLINE_CURVE_WITH_KNOTS ( 'NONE', 3,
 ( #4439, #509, #9896, #2052, #5034, #1348, #5221, #4930 ),
 .UNSPECIFIED., .F., .F.,
 ( 4, 2, 2, 4 ),
 ( 0.000000000000000000, 0.0005319171944532755537, 0.001063834388906551107, 0.002127668777813102215 ),
 .UNSPECIFIED. ) ;
#3060 = EDGE_CURVE ( 'NONE', #6767, #9555, #3746, .T. ) ;
#3061 = CARTESIAN_POINT ( 'NONE',  ( 717.1800848525040237, 879.2510169669742481, 1212.380460436409521 ) ) ;
#3062 = VERTEX_POINT ( 'NONE', #3596 ) ;
#3063 = ORIENTED_EDGE ( 'NONE', *, *, #8284, .F. ) ;
#3064 = FACE_OUTER_BOUND ( 'NONE', #1918, .T. ) ;
#3065 = CIRCLE ( 'NONE', #4229, 20.44804870789273821 ) ;
#3066 = CIRCLE ( 'NONE', #3869, 1.200000000000046141 ) ;
#3067 = CARTESIAN_POINT ( 'NONE',  ( 729.6075591211140363, 889.0889576985520080, 1195.378072877204431 ) ) ;
#3068 = LINE ( 'NONE', #6938, #8315 ) ;
#3069 = CARTESIAN_POINT ( 'NONE',  ( 734.5061999168379998, 889.2402885414184084, 1227.649182126125652 ) ) ;
#3070 = CARTESIAN_POINT ( 'NONE',  ( 730.4176569247648558, 891.6008099384849857, 1194.905597311313159 ) ) ;
#3071 = EDGE_CURVE ( 'NONE', #4457, #1987, #9983, .T. ) ;
#3072 = CARTESIAN_POINT ( 'NONE',  ( 711.4521488794541710, 902.5505511137633903, 1219.959123239291785 ) ) ;
#3073 = ADVANCED_FACE ( 'NONE', ( #2088 ), #1903, .F. ) ;
#3074 = ORIENTED_EDGE ( 'NONE', *, *, #6505, .T. ) ;
#3075 = ORIENTED_EDGE ( 'NONE', *, *, #4255, .F. ) ;
#3076 = LINE ( 'NONE', #758, #9001 ) ;
#3077 = ORIENTED_EDGE ( 'NONE', *, *, #10137, .T. ) ;
#3078 = CARTESIAN_POINT ( 'NONE',  ( 740.9361923299431965, 884.3422344037231824, 1222.030419262314808 ) ) ;
#3079 = CARTESIAN_POINT ( 'NONE',  ( 712.4946982953377983, 901.1500481360477579, 1198.917442765493433 ) ) ;
#3080 = VECTOR ( 'NONE', #269, 1000.000000000000000 ) ;
#3081 = B_SPLINE_CURVE_WITH_KNOTS ( 'NONE', 3,
 ( #6723, #7589, #6674, #6776 ),
 .UNSPECIFIED., .F., .F.,
 ( 4, 4 ),
 ( 0.000000000000000000, 0.001331005199731810857 ),
 .UNSPECIFIED. ) ;
#3082 = PERSON ( 'UNSPECIFIED', 'UNSPECIFIED', 'UNSPECIFIED', ('UNSPECIFIED'), ('UNSPECIFIED'), ('UNSPECIFIED') ) ;
#3083 = CARTESIAN_POINT ( 'NONE',  ( 717.3358509985482669, 904.9270968033680447, 1190.196798703381546 ) ) ;
#3084 = LINE ( 'NONE', #1590, #8240 ) ;
#3085 = CARTESIAN_POINT ( 'NONE',  ( 717.1800848525040237, 879.2510169669742481, 1212.380460436409521 ) ) ;
#3086 = CARTESIAN_POINT ( 'NONE',  ( 726.9028942244037808, 891.5540872495988651, 1229.586269595999966 ) ) ;
#3087 = B_SPLINE_CURVE_WITH_KNOTS ( 'NONE', 3,
 ( #7045, #1486, #8689, #6371, #132, #2343, #3271, #5410 ),
 .UNSPECIFIED., .F., .F.,
 ( 4, 2, 2, 4 ),
 ( 0.000000000000000000, 0.0005319171944736311242, 0.001063834388947262248, 0.002127668777894524497 ),
 .UNSPECIFIED. ) ;
#3088 = EDGE_CURVE ( 'NONE', #10189, #3159, #7703, .T. ) ;
#3089 = CIRCLE ( 'NONE', #7036, 18.17967805303275597 ) ;
#3090 = ORIENTED_EDGE ( 'NONE', *, *, #1997, .F. ) ;
#3091 = CARTESIAN_POINT ( 'NONE',  ( 729.4880662734016141, 890.6809785838174776, 1196.191094577855438 ) ) ;
#3092 = CARTESIAN_POINT ( 'NONE',  ( 744.2105941875499866, 887.1015555120376348, 1234.086781508788363 ) ) ;
#3093 = CARTESIAN_POINT ( 'NONE',  ( 736.2318054361059012, 888.2440097303541506, 1226.137960714410610 ) ) ;
#3094 = ORIENTED_EDGE ( 'NONE', *, *, #4742, .T. ) ;
#3095 = CARTESIAN_POINT ( 'NONE',  ( 733.2401531101983210, 888.5147641172032991, 1198.221064138781685 ) ) ;
#3096 = LINE ( 'NONE', #4654, #9279 ) ;
#3097 = CARTESIAN_POINT ( 'NONE',  ( 718.3618421697465237, 898.5612378325953387, 1228.468732301734690 ) ) ;
#3098 = B_SPLINE_CURVE_WITH_KNOTS ( 'NONE', 3,
 ( #9210, #9464, #5452, #1484, #5549, #3219, #9369, #3168, #2390, #9416 ),
 .UNSPECIFIED., .F., .F.,
 ( 4, 3, 3, 4 ),
 ( 0.000000000000000000, 0.0001770958401172821898, 0.0003541916793410689783, 0.0006316937728062133484 ),
 .UNSPECIFIED. ) ;
#3099 = CARTESIAN_POINT ( 'NONE',  ( 717.1800848525040237, 879.2510169669742481, 1212.380460436409521 ) ) ;
#3100 = CARTESIAN_POINT ( 'NONE',  ( 724.4202779218370551, 891.7913992196671416, 1212.380460436409521 ) ) ;
#3101 = B_SPLINE_SURFACE_WITH_KNOTS ( 'NONE', 3, 1, ( 
 ( #6188, #9338 ),
 ( #9287, #2265 ),
 ( #4755, #4706 ),
 ( #2, #2308 ) ),
 .UNSPECIFIED., .F., .F., .F.,
 ( 4, 4 ),
 ( 2, 2 ),
 ( 0.000000000000000000, 1.000000000000000000 ),
 ( 0.000000000000000000, 1.000000000000000000 ),
 .UNSPECIFIED. ) ;
#3102 = ORIENTED_EDGE ( 'NONE', *, *, #39, .F. ) ;
#3103 = CARTESIAN_POINT ( 'NONE',  ( 708.5523030580905015, 903.5662600754033065, 1208.168639137650189 ) ) ;
#3104 = CARTESIAN_POINT ( 'NONE',  ( 741.6087645828768018, 885.1396209195440861, 1213.675690905942247 ) ) ;
#3105 = EDGE_CURVE ( 'NONE', #4861, #8425, #86, .T. ) ;
#3106 = DIRECTION ( 'NONE',  ( -0.2607622966059821024, 0.9451107271686173261, 0.1968977858168572126 ) ) ;
#3107 = CARTESIAN_POINT ( 'NONE',  ( 713.5647009076138829, 891.7304069693882411, 1213.881845766675269 ) ) ;
#3108 = ORIENTED_EDGE ( 'NONE', *, *, #3550, .T. ) ;
#3109 = EDGE_LOOP ( 'NONE', ( #6872, #2573, #9719, #2846, #1503 ) ) ;
#3110 = CARTESIAN_POINT ( 'NONE',  ( 717.1800848525040237, 879.2510169669742481, 1212.380460436409521 ) ) ;
#3111 = DIRECTION ( 'NONE',  ( -0.4999999999999988343, -0.8660254037844394848, 2.975261781898571487E-15 ) ) ;
#3112 = CARTESIAN_POINT ( 'NONE',  ( 724.4202779218370551, 891.7913992196671416, 1212.380460436409521 ) ) ;
#3113 = CARTESIAN_POINT ( 'NONE',  ( 742.2368682901483226, 883.5912887879704840, 1218.439708499365906 ) ) ;
#3114 = CARTESIAN_POINT ( 'NONE',  ( 723.8518837193328181, 894.2058645789753655, 1192.003157484551366 ) ) ;
#3115 = VERTEX_POINT ( 'NONE', #7602 ) ;
#3116 = ORIENTED_EDGE ( 'NONE', *, *, #5723, .T. ) ;
#3117 = CARTESIAN_POINT ( 'NONE',  ( 738.2903569558561685, 887.0555044562853482, 1201.130219158998898 ) ) ;
#3118 = CARTESIAN_POINT ( 'NONE',  ( 732.7808969866262032, 888.7798247014654862, 1226.873176874970113 ) ) ;
#3119 = CARTESIAN_POINT ( 'NONE',  ( 736.8744580363199930, 887.8729740786247930, 1197.534672142002137 ) ) ;
#3120 = EDGE_CURVE ( 'NONE', #5991, #8107, #7817, .T. ) ;
#3121 = CARTESIAN_POINT ( 'NONE',  ( 726.8899372804471568, 892.1810301378379791, 1229.196068854162149 ) ) ;
#3122 = CARTESIAN_POINT ( 'NONE',  ( 712.3307473410912962, 898.7712929547892600, 1224.026276332979933 ) ) ;
#3123 = CARTESIAN_POINT ( 'NONE',  ( 740.5637496090815830, 885.7429605959719083, 1205.734433020956430 ) ) ;
#3124 = CARTESIAN_POINT ( 'NONE',  ( 711.0841975895566520, 902.7629878900344238, 1220.089778512284965 ) ) ;
#3125 = ORIENTED_EDGE ( 'NONE', *, *, #3407, .F. ) ;
#3126 = CARTESIAN_POINT ( 'NONE',  ( 732.2238647168476291, 890.5579953835136848, 1195.678646213707907 ) ) ;
#3127 = PLANE ( 'NONE',  #2195 ) ;
#3128 = CARTESIAN_POINT ( 'NONE',  ( 716.1139300369158036, 898.4025993100804044, 1225.658505056451304 ) ) ;
#3129 = ADVANCED_FACE ( 'NONE', ( #8823 ), #5217, .F. ) ;
#3130 = EDGE_CURVE ( 'NONE', #9606, #2054, #5540, .T. ) ;
#3131 = CARTESIAN_POINT ( 'NONE',  ( 768.7630662397023116, 876.3902807785941604, 1185.380460436409066 ) ) ;
#3132 = CARTESIAN_POINT ( 'NONE',  ( 729.0931994880603497, 890.9089761091771607, 1228.702251071911178 ) ) ;
#3133 = CARTESIAN_POINT ( 'NONE',  ( 717.1800848525040237, 879.2510169669742481, 1212.380460436409521 ) ) ;
#3134 = B_SPLINE_CURVE_WITH_KNOTS ( 'NONE', 1,
 ( #6470, #2488 ),
 .UNSPECIFIED., .F., .F.,
 ( 2, 2 ),
 ( 0.000000000000000000, 0.002900000000002234558 ),
 .UNSPECIFIED. ) ;
#3135 = CARTESIAN_POINT ( 'NONE',  ( 710.2254919503404835, 901.4896454973684286, 1212.555583119267794 ) ) ;
#3136 = ORIENTED_EDGE ( 'NONE', *, *, #6215, .T. ) ;
#3137 = CARTESIAN_POINT ( 'NONE',  ( 724.8744097880899062, 894.8012051650289322, 1192.846056928454345 ) ) ;
#3138 = CARTESIAN_POINT ( 'NONE',  ( 717.1800848525040237, 879.2510169669742481, 1212.380460436409521 ) ) ;
#3139 = ORIENTED_EDGE ( 'NONE', *, *, #5945, .F. ) ;
#3140 = CARTESIAN_POINT ( 'NONE',  ( 716.2858448199477834, 896.4878163607276065, 1196.815263416755897 ) ) ;
#3141 = CARTESIAN_POINT ( 'NONE',  ( 717.1800848525040237, 879.2510169669742481, 1212.380460436409521 ) ) ;
#3142 = EDGE_CURVE ( 'NONE', #4782, #10066, #9544, .T. ) ;
#3143 = CARTESIAN_POINT ( 'NONE',  ( 720.6909159391985895, 895.7599785136949322, 1196.276094581673533 ) ) ;
#3144 = CIRCLE ( 'NONE', #8907, 20.44804870789273821 ) ;
#3145 = CARTESIAN_POINT ( 'NONE',  ( 711.7421903101092084, 902.3830956156983802, 1204.107188394945524 ) ) ;
#3146 = CARTESIAN_POINT ( 'NONE',  ( 735.3016805472828992, 887.3244496341512786, 1200.106512404210207 ) ) ;
#3147 = ORIENTED_EDGE ( 'NONE', *, *, #3060, .T. ) ;
#3148 = CARTESIAN_POINT ( 'NONE',  ( 738.8799729105332972, 885.2586242609437477, 1206.277198968697348 ) ) ;
#3149 = CARTESIAN_POINT ( 'NONE',  ( 722.1104543374691502, 894.9404880154919510, 1228.925993325043009 ) ) ;
#3150 = CARTESIAN_POINT ( 'NONE',  ( 739.1922801367644524, 883.5552248485546443, 1218.483364481187209 ) ) ;
#3151 = AXIS2_PLACEMENT_3D ( 'NONE', #2924, #4483, #7612 ) ;
#3152 = EDGE_LOOP ( 'NONE', ( #6127, #4257 ) ) ;
#3153 = CARTESIAN_POINT ( 'NONE',  ( 740.2153881321407880, 885.5416723284607770, 1201.783881801378584 ) ) ;
#3154 = ADVANCED_FACE ( 'NONE', ( #1482 ), #7332, .F. ) ;
#3155 = CARTESIAN_POINT ( 'NONE',  ( 717.1800848525040237, 879.2510169669742481, 1212.380460436409521 ) ) ;
#3156 = CARTESIAN_POINT ( 'NONE',  ( 713.6942736921180312, 900.1544994238652180, 1227.723998627337096 ) ) ;
#3157 = CARTESIAN_POINT ( 'NONE',  ( 710.2952279190908484, 903.2184997416601391, 1209.023052760819610 ) ) ;
#3158 = VERTEX_POINT ( 'NONE', #940 ) ;
#3159 = VERTEX_POINT ( 'NONE', #4818 ) ;
#3160 = CARTESIAN_POINT ( 'NONE',  ( 735.6068598695956098, 887.4191259343056117, 1229.027706490242053 ) ) ;
#3161 = CARTESIAN_POINT ( 'NONE',  ( 733.5696554970999159, 888.1665237829097350, 1198.400228539961745 ) ) ;
#3162 = CARTESIAN_POINT ( 'NONE',  ( 719.8519531965642955, 897.7347956140025644, 1194.099295212683501 ) ) ;
#3163 = CARTESIAN_POINT ( 'NONE',  ( 727.7386960731755607, 893.1475087072986980, 1230.505496112245964 ) ) ;
#3164 = ORIENTED_EDGE ( 'NONE', *, *, #7265, .T. ) ;
#3165 = CARTESIAN_POINT ( 'NONE',  ( 713.9670542927095767, 899.9128735093299838, 1196.691006600970923 ) ) ;
#3166 = CIRCLE ( 'NONE', #8932, 20.44804870789273821 ) ;
#3167 = CARTESIAN_POINT ( 'NONE',  ( 726.9259842507143503, 890.3447289961085289, 1230.328420631696190 ) ) ;
#3168 = CARTESIAN_POINT ( 'NONE',  ( 739.4980433153530157, 884.9017695226983733, 1208.610973359499440 ) ) ;
#3169 = ORIENTED_EDGE ( 'NONE', *, *, #5147, .T. ) ;
#3170 = DIRECTION ( 'NONE',  ( -1.000000000000000000, -0.000000000000000000, -0.000000000000000000 ) ) ;
#3171 = EDGE_CURVE ( 'NONE', #8703, #9359, #4280, .T. ) ;
#3172 = EDGE_LOOP ( 'NONE', ( #6457, #3470, #1416, #3208, #9990 ) ) ;
#3173 = CARTESIAN_POINT ( 'NONE',  ( 714.6858085731254278, 904.1476984342916694, 1234.086781508788363 ) ) ;
#3174 = CARTESIAN_POINT ( 'NONE',  ( 727.3482442839905389, 891.9163682017456267, 1195.634721941815087 ) ) ;
#3175 = CONICAL_SURFACE ( 'NONE', #6148, 20.44804870789273821, 0.7096869864122512528 ) ;
#3176 = CARTESIAN_POINT ( 'NONE',  ( 724.4202779218370551, 891.7913992196671416, 1212.380460436409521 ) ) ;
#3177 = CARTESIAN_POINT ( 'NONE',  ( 717.1800848525040237, 879.2510169669742481, 1212.380460436409521 ) ) ;
#3178 = CARTESIAN_POINT ( 'NONE',  ( 717.1800848525040237, 879.2510169669742481, 1212.380460436409521 ) ) ;
#3179 = DIRECTION ( 'NONE',  ( 0.5845683251975580808, -0.3375006799125446211, -0.7378164841166753307 ) ) ;
#3180 = ORIENTED_EDGE ( 'NONE', *, *, #2065, .F. ) ;
#3181 = AXIS2_PLACEMENT_3D ( 'NONE', #604, #1334, #3754 ) ;
#3182 = DIRECTION ( 'NONE',  ( -0.5845683251975072325, 0.3375006799125115364, 0.7378164841167307308 ) ) ;
#3183 = EDGE_CURVE ( 'NONE', #1933, #2415, #3277, .T. ) ;
#3184 = CARTESIAN_POINT ( 'NONE',  ( 714.7034156270195808, 901.4650168282165623, 1198.792022153910466 ) ) ;
#3185 = EDGE_CURVE ( 'NONE', #3187, #61, #1708, .T. ) ;
#3186 = CARTESIAN_POINT ( 'NONE',  ( 716.1812086546993896, 899.8202271795114484, 1197.922815074094842 ) ) ;
#3187 = VERTEX_POINT ( 'NONE', #8254 ) ;
#3188 = CARTESIAN_POINT ( 'NONE',  ( 717.1800848525040237, 879.2510169669742481, 1212.380460436409521 ) ) ;
#3189 = CARTESIAN_POINT ( 'NONE',  ( 730.0235691671803124, 891.8283366114108048, 1193.421033998849452 ) ) ;
#3190 = VECTOR ( 'NONE', #8805, 1000.000000000000227 ) ;
#3191 = B_SPLINE_CURVE_WITH_KNOTS ( 'NONE', 3,
 ( #1051, #4194, #890, #3257 ),
 .UNSPECIFIED., .F., .F.,
 ( 4, 4 ),
 ( 1.793620188084544856E-15, 0.001453450272831320481 ),
 .UNSPECIFIED. ) ;
#3192 = CARTESIAN_POINT ( 'NONE',  ( 717.1800848525040237, 879.2510169669742481, 1212.380460436409521 ) ) ;
#3193 = DIRECTION ( 'NONE',  ( 0.8823892616545528922, 0.2851118672823459432, -0.3742998985459476957 ) ) ;
#3194 = CARTESIAN_POINT ( 'NONE',  ( 743.0232904043281223, 883.1372477686521734, 1213.029135834314275 ) ) ;
#3195 = CARTESIAN_POINT ( 'NONE',  ( 712.9239870166630908, 901.7007849690421608, 1201.097741292980800 ) ) ;
#3196 = EDGE_CURVE ( 'NONE', #7383, #3685, #8685, .T. ) ;
#3197 = CARTESIAN_POINT ( 'NONE',  ( 720.0550321019077273, 896.1272089042828384, 1228.228334479355453 ) ) ;
#3198 = EDGE_CURVE ( 'NONE', #235, #4211, #1098, .T. ) ;
#3199 = ORIENTED_EDGE ( 'NONE', *, *, #5998, .T. ) ;
#3200 = CARTESIAN_POINT ( 'NONE',  ( 724.9786535472244395, 894.7410200026308758, 1193.273442119461606 ) ) ;
#3201 = ORIENTED_EDGE ( 'NONE', *, *, #6286, .T. ) ;
#3202 = CARTESIAN_POINT ( 'NONE',  ( 708.9370897884684837, 904.0364949408349275, 1211.530125538231914 ) ) ;
#3203 = CARTESIAN_POINT ( 'NONE',  ( 737.4995796086701603, 888.3036454169196077, 1198.617852171752702 ) ) ;
#3204 = VECTOR ( 'NONE', #1734, 1000.000000000000000 ) ;
#3205 = CARTESIAN_POINT ( 'NONE',  ( 780.5717232886125885, 896.8434747564629106, 1239.380460436408839 ) ) ;
#3206 = B_SPLINE_CURVE_WITH_KNOTS ( 'NONE', 3,
 ( #4362, #439, #2802, #5952 ),
 .UNSPECIFIED., .F., .F.,
 ( 4, 4 ),
 ( 0.0009352727177709713614, 0.002387895279818580754 ),
 .UNSPECIFIED. ) ;
#3207 = EDGE_CURVE ( 'NONE', #5494, #1118, #5860, .T. ) ;
#3208 = ORIENTED_EDGE ( 'NONE', *, *, #7412, .T. ) ;
#3209 = VERTEX_POINT ( 'NONE', #8515 ) ;
#3210 = CARTESIAN_POINT ( 'NONE',  ( 732.1056383772033769, 890.6262533925328171, 1229.141702637409253 ) ) ;
#3211 = CARTESIAN_POINT ( 'NONE',  ( 733.6331475852945232, 887.6684827894276850, 1198.224834650608955 ) ) ;
#3212 = CARTESIAN_POINT ( 'NONE',  ( 717.1800848525040237, 879.2510169669742481, 1212.380460436409521 ) ) ;
#3213 = AXIS2_PLACEMENT_3D ( 'NONE', #2334, #4732, #1527 ) ;
#3214 = CARTESIAN_POINT ( 'NONE',  ( 709.1108884591156993, 900.6302793470581491, 1216.622804892641625 ) ) ;
#3215 = B_SPLINE_CURVE_WITH_KNOTS ( 'NONE', 3,
 ( #6012, #7659, #8338, #5307, #8433, #6793, #7509, #4475 ),
 .UNSPECIFIED., .F., .F.,
 ( 4, 2, 2, 4 ),
 ( 0.000000000000000000, 0.001064839483363659578, 0.001597259225045430820, 0.002129678966727202062 ),
 .UNSPECIFIED. ) ;
#3216 = CARTESIAN_POINT ( 'NONE',  ( 741.7231799265625796, 885.0735631900677163, 1208.755457943984538 ) ) ;
#3217 = LINE ( 'NONE', #8537, #5641 ) ;
#3218 = EDGE_LOOP ( 'NONE', ( #5705, #6436, #8231, #8608, #9406 ) ) ;
#3219 = CARTESIAN_POINT ( 'NONE',  ( 739.5265646724465114, 884.8853143331474485, 1208.758883360154186 ) ) ;
#3220 = EDGE_CURVE ( 'NONE', #2745, #9254, #3410, .T. ) ;
#3221 = VERTEX_POINT ( 'NONE', #6817 ) ;
#3222 = CARTESIAN_POINT ( 'NONE',  ( 732.4568277562199228, 890.4234941100207834, 1195.800120552109547 ) ) ;
#3223 = B_SPLINE_CURVE_WITH_KNOTS ( 'NONE', 3,
 ( #9033, #523, #2064, #5235 ),
 .UNSPECIFIED., .F., .F.,
 ( 4, 4 ),
 ( 1.005213310394041598E-05, 0.001341057332774244458 ),
 .UNSPECIFIED. ) ;
#3224 = ORIENTED_EDGE ( 'NONE', *, *, #1665, .T. ) ;
#3225 = CARTESIAN_POINT ( 'NONE',  ( 719.0176623706281589, 897.3840130712646896, 1193.656384510260523 ) ) ;
#3226 = DIRECTION ( 'NONE',  ( 0.5845683251975216654, -0.3375006799125238044, -0.7378164841167135224 ) ) ;
#3227 = CIRCLE ( 'NONE', #1603, 20.44804870789273821 ) ;
#3228 = CARTESIAN_POINT ( 'NONE',  ( 711.7070364226419770, 902.4033917220907597, 1220.573564605866522 ) ) ;
#3229 = EDGE_CURVE ( 'NONE', #1008, #3536, #1929, .T. ) ;
#3230 = CARTESIAN_POINT ( 'NONE',  ( 728.8890037642236166, 891.0269129870312099, 1228.765080618653656 ) ) ;
#3231 = CARTESIAN_POINT ( 'NONE',  ( 717.1800848525040237, 879.2510169669742481, 1212.380460436409521 ) ) ;
#3232 = CARTESIAN_POINT ( 'NONE',  ( 716.3358509985482669, 903.1950459957990915, 1190.196798703381546 ) ) ;
#3233 = ORIENTED_EDGE ( 'NONE', *, *, #6399, .T. ) ;
#3234 = CARTESIAN_POINT ( 'NONE',  ( 722.3344649619720030, 894.8110750429704012, 1195.781083815212469 ) ) ;
#3235 = CARTESIAN_POINT ( 'NONE',  ( 717.1800848525040237, 879.2510169669742481, 1212.380460436409521 ) ) ;
#3236 = AXIS2_PLACEMENT_3D ( 'NONE', #1179, #5868, #5915 ) ;
#3237 = CARTESIAN_POINT ( 'NONE',  ( 717.1800848525040237, 879.2510169669742481, 1212.380460436409521 ) ) ;
#3238 = ORIENTED_EDGE ( 'NONE', *, *, #7412, .F. ) ;
#3239 = FACE_OUTER_BOUND ( 'NONE', #7161, .T. ) ;
#3240 = CARTESIAN_POINT ( 'NONE',  ( 716.0211896864038863, 897.8366422938614733, 1226.350783356812826 ) ) ;
#3241 = EDGE_CURVE ( 'NONE', #902, #2005, #3785, .T. ) ;
#3242 = CARTESIAN_POINT ( 'NONE',  ( 725.8891654070577033, 893.4168781574630884, 1192.224731183456015 ) ) ;
#3243 = VECTOR ( 'NONE', #612, 999.9999999999998863 ) ;
#3244 = CARTESIAN_POINT ( 'NONE',  ( 731.0118621343850691, 889.8012801355670263, 1227.923953350509919 ) ) ;
#3245 = CARTESIAN_POINT ( 'NONE',  ( 740.0356262317276332, 886.0478727700524360, 1203.389732831861465 ) ) ;
#3246 = VERTEX_POINT ( 'NONE', #518 ) ;
#3247 = ORIENTED_EDGE ( 'NONE', *, *, #5927, .F. ) ;
#3248 = B_SPLINE_CURVE_WITH_KNOTS ( 'NONE', 3,
 ( #6520, #6573, #1060, #5042 ),
 .UNSPECIFIED., .F., .F.,
 ( 4, 4 ),
 ( 1.005213304139439524E-05, 0.001341057332774013523 ),
 .UNSPECIFIED. ) ;
#3249 = CARTESIAN_POINT ( 'NONE',  ( 720.1029543389983019, 896.0995364595706860, 1228.248888449897549 ) ) ;
#3250 = ORIENTED_EDGE ( 'NONE', *, *, #886, .F. ) ;
#3251 = FACE_OUTER_BOUND ( 'NONE', #7396, .T. ) ;
#3252 = EDGE_CURVE ( 'NONE', #1255, #4093, #6195, .T. ) ;
#3253 = EDGE_CURVE ( 'NONE', #6871, #8763, #4887, .T. ) ;
#3254 = EDGE_LOOP ( 'NONE', ( #7126, #6859, #4123, #8160, #7304 ) ) ;
#3255 = CARTESIAN_POINT ( 'NONE',  ( 731.2573966500669940, 889.8232264770251732, 1193.008165117097406 ) ) ;
#3256 = CARTESIAN_POINT ( 'NONE',  ( 741.0072900938798739, 884.1941228726699364, 1222.027125233078323 ) ) ;
#3257 = CARTESIAN_POINT ( 'NONE',  ( 742.2616524062676717, 884.7626759589587664, 1207.570003719492206 ) ) ;
#3258 = EDGE_LOOP ( 'NONE', ( #622, #8090, #920, #5388 ) ) ;
#3259 = VERTEX_POINT ( 'NONE', #470 ) ;
#3260 = CARTESIAN_POINT ( 'NONE',  ( 738.1728244605614009, 887.1233618740822067, 1200.959494571456389 ) ) ;
#3261 = CARTESIAN_POINT ( 'NONE',  ( 733.5607746130558553, 888.3295621439110619, 1198.470918161680629 ) ) ;
#3262 = CARTESIAN_POINT ( 'NONE',  ( 716.5276969562931981, 898.1637108677957713, 1198.738222324057915 ) ) ;
#3263 = ADVANCED_FACE ( 'NONE', ( #9961 ), #6007, .T. ) ;
#3264 = LINE ( 'NONE', #2482, #3056 ) ;
#3265 = EDGE_LOOP ( 'NONE', ( #8099, #5158, #4441, #8640 ) ) ;
#3266 = CARTESIAN_POINT ( 'NONE',  ( 714.1185509628604677, 901.8001742591613947, 1225.275614163761702 ) ) ;
#3267 = CARTESIAN_POINT ( 'NONE',  ( 724.4202779218370551, 891.7913992196671416, 1212.380460436409521 ) ) ;
#3268 = VERTEX_POINT ( 'NONE', #3621 ) ;
#3269 = CARTESIAN_POINT ( 'NONE',  ( 722.9197935529398364, 895.9297033745556291, 1231.654304717584182 ) ) ;
#3270 = EDGE_LOOP ( 'NONE', ( #7090, #4206, #7004, #1568 ) ) ;
#3271 = CARTESIAN_POINT ( 'NONE',  ( 736.1864681420347551, 885.2906312128468471, 1200.439403594046553 ) ) ;
#3272 = ORIENTED_EDGE ( 'NONE', *, *, #5723, .F. ) ;
#3273 = CARTESIAN_POINT ( 'NONE',  ( 715.9506789338764747, 898.1842072512652067, 1198.853579936906272 ) ) ;
#3274 = DIRECTION ( 'NONE',  ( 0.5000000000000009992, 0.8660254037844381525, -5.726519994466740890E-15 ) ) ;
#3275 = ADVANCED_FACE ( 'NONE', ( #2216 ), #2893, .F. ) ;
#3276 = CARTESIAN_POINT ( 'NONE',  ( 741.5189878396402037, 885.7357590304917494, 1219.394955353973728 ) ) ;
#3277 = B_SPLINE_CURVE_WITH_KNOTS ( 'NONE', 3,
 ( #7170, #10090, #5683, #3303, #5629, #992, #2244, #4140, #3979, #8770 ),
 .UNSPECIFIED., .F., .F.,
 ( 4, 3, 3, 4 ),
 ( 0.000000000000000000, 0.0001770958401173003231, 0.0003541916793410968423, 0.0006316937728062328641 ),
 .UNSPECIFIED. ) ;
#3278 = CARTESIAN_POINT ( 'NONE',  ( 738.0134021789206145, 886.0297080841979778, 1198.118024504091636 ) ) ;
#3279 = CARTESIAN_POINT ( 'NONE',  ( 718.4388673036460204, 895.2447682501971258, 1195.563871499649167 ) ) ;
#3280 = CARTESIAN_POINT ( 'NONE',  ( 728.2121261575313156, 890.6461438388132592, 1229.408874700331808 ) ) ;
#3281 = EDGE_LOOP ( 'NONE', ( #8872, #9417, #2673, #3321 ) ) ;
#3282 = CARTESIAN_POINT ( 'NONE',  ( 740.1928327960174556, 885.9571095178416726, 1221.934400539007811 ) ) ;
#3283 = DIRECTION ( 'NONE',  ( 0.8660254037844441477, -0.4999999999999902855, 0.000000000000000000 ) ) ;
#3284 = VERTEX_POINT ( 'NONE', #9187 ) ;
#3285 = CARTESIAN_POINT ( 'NONE',  ( 717.1800848525040237, 879.2510169669742481, 1212.380460436409521 ) ) ;
#3286 = ORIENTED_EDGE ( 'NONE', *, *, #5172, .T. ) ;
#3287 = CARTESIAN_POINT ( 'NONE',  ( 725.0409882419495489, 892.9358044594315515, 1195.237356619793673 ) ) ;
#3288 = ORIENTED_EDGE ( 'NONE', *, *, #4340, .F. ) ;
#3289 = CARTESIAN_POINT ( 'NONE',  ( 717.1800848525040237, 879.2510169669742481, 1212.380460436409521 ) ) ;
#3290 = CARTESIAN_POINT ( 'NONE',  ( 718.2667127123609134, 899.1604663344979826, 1229.294072793688656 ) ) ;
#3291 = CARTESIAN_POINT ( 'NONE',  ( 712.4404264777725757, 902.0138425602031020, 1200.448177965708965 ) ) ;
#3292 = FACE_OUTER_BOUND ( 'NONE', #2641, .T. ) ;
#3293 = B_SPLINE_SURFACE_WITH_KNOTS ( 'NONE', 3, 1, ( 
 ( #3085, #89 ),
 ( #2449, #3808 ),
 ( #3133, #4695 ),
 ( #1635, #1592 ),
 ( #3231, #812 ),
 ( #10153, #6230 ) ),
 .UNSPECIFIED., .F., .F., .F.,
 ( 4, 1, 1, 4 ),
 ( 2, 2 ),
 ( 0.000000000000000000, 0.3395620866332510479, 0.7109345430498769103, 1.000000000000000000 ),
 ( 0.000000000000000000, 1.000000000000000000 ),
 .UNSPECIFIED. ) ;
#3294 = VERTEX_POINT ( 'NONE', #5279 ) ;
#3295 = CARTESIAN_POINT ( 'NONE',  ( 714.4305873638568301, 899.2166118525502725, 1200.660092232810712 ) ) ;
#3296 = CARTESIAN_POINT ( 'NONE',  ( 729.8780405452531568, 882.3118959382152298, 1213.053717415319397 ) ) ;
#3297 = ADVANCED_FACE ( 'NONE', ( #7634 ), #8156, .F. ) ;
#3298 = VERTEX_POINT ( 'NONE', #3046 ) ;
#3299 = CARTESIAN_POINT ( 'NONE',  ( 717.1800848525040237, 879.2510169669742481, 1212.380460436409521 ) ) ;
#3300 = AXIS2_PLACEMENT_3D ( 'NONE', #6687, #2810, #6637 ) ;
#3301 = ORIENTED_EDGE ( 'NONE', *, *, #7916, .T. ) ;
#3302 = CARTESIAN_POINT ( 'NONE',  ( 726.6229241095065845, 892.0225836262617349, 1195.331310864200532 ) ) ;
#3303 = CARTESIAN_POINT ( 'NONE',  ( 724.9560634506449333, 893.2975748279909567, 1195.455594921204920 ) ) ;
#3304 = CIRCLE ( 'NONE', #5946, 20.44804870789273821 ) ;
#3305 = CARTESIAN_POINT ( 'NONE',  ( 718.8750814830896161, 905.1931222071525553, 1190.196798703381546 ) ) ;
#3306 = EDGE_LOOP ( 'NONE', ( #582, #1371, #840, #4816 ) ) ;
#3307 = EDGE_CURVE ( 'NONE', #1686, #1008, #2729, .T. ) ;
#3308 = ORIENTED_EDGE ( 'NONE', *, *, #5100, .F. ) ;
#3309 = EDGE_CURVE ( 'NONE', #9845, #1827, #5384, .T. ) ;
#3310 = CARTESIAN_POINT ( 'NONE',  ( 729.2693057121380207, 888.9918117195579725, 1229.676411795959211 ) ) ;
#3311 = CARTESIAN_POINT ( 'NONE',  ( 717.1800848525040237, 879.2510169669742481, 1212.380460436409521 ) ) ;
#3312 = CARTESIAN_POINT ( 'NONE',  ( 717.1800848525040237, 879.2510169669742481, 1212.380460436409521 ) ) ;
#3313 = CIRCLE ( 'NONE', #4985, 19.56600634797358396 ) ;
#3314 = ORIENTED_EDGE ( 'NONE', *, *, #1185, .F. ) ;
#3315 = CARTESIAN_POINT ( 'NONE',  ( 780.5717232886125885, 871.8434747564629106, 1222.735799495736728 ) ) ;
#3316 = CARTESIAN_POINT ( 'NONE',  ( 734.0068203528809363, 889.5286054670968952, 1228.012025261181407 ) ) ;
#3317 = CARTESIAN_POINT ( 'NONE',  ( 724.2119151293388768, 894.3851098427948045, 1192.273599569398584 ) ) ;
#3318 = ORIENTED_EDGE ( 'NONE', *, *, #2194, .F. ) ;
#3319 = AXIS2_PLACEMENT_3D ( 'NONE', #6929, #3835, #3732 ) ;
#3320 = CARTESIAN_POINT ( 'NONE',  ( 710.4807238857808898, 903.9029890417257320, 1206.755500818043856 ) ) ;
#3321 = ORIENTED_EDGE ( 'NONE', *, *, #9113, .T. ) ;
#3322 = CARTESIAN_POINT ( 'NONE',  ( 712.1755849552946529, 902.1667488844987020, 1223.904963328963504 ) ) ;
#3323 = ORIENTED_EDGE ( 'NONE', *, *, #8729, .T. ) ;
#3324 = CARTESIAN_POINT ( 'NONE',  ( 717.9827695050955754, 895.8005331126213378, 1196.077773849780669 ) ) ;
#3325 = EDGE_CURVE ( 'NONE', #8911, #1049, #6480, .T. ) ;
#3326 = CARTESIAN_POINT ( 'NONE',  ( 716.3211471327805384, 898.2829239746021130, 1225.844482973414415 ) ) ;
#3327 = CARTESIAN_POINT ( 'NONE',  ( 776.6383652821941723, 871.8434747564626832, 1202.025121377081859 ) ) ;
#3328 = CYLINDRICAL_SURFACE ( 'NONE', #7328, 20.69836085483323274 ) ;
#3329 = B_SPLINE_CURVE_WITH_KNOTS ( 'NONE', 3,
 ( #5320, #2932, #1548, #9178, #8605, #668, #3813, #4699, #6181, #1401 ),
 .UNSPECIFIED., .F., .F.,
 ( 4, 3, 3, 4 ),
 ( 0.000000000000000000, 0.0001770958401172651950, 0.0003541916793411518656, 0.0006316937728062096621 ),
 .UNSPECIFIED. ) ;
#3330 = B_SPLINE_CURVE_WITH_KNOTS ( 'NONE', 3,
 ( #4866, #3974, #4715, #787 ),
 .UNSPECIFIED., .F., .F.,
 ( 4, 4 ),
 ( 0.0009352727177708351856, 0.002387895279818447181 ),
 .UNSPECIFIED. ) ;
#3331 = CARTESIAN_POINT ( 'NONE',  ( 727.1457893745848651, 892.0333523518146421, 1195.601816368564414 ) ) ;
#3332 = CARTESIAN_POINT ( 'NONE',  ( 719.9102637165092347, 895.8981399111345354, 1196.306473676606856 ) ) ;
#3333 = CARTESIAN_POINT ( 'NONE',  ( 720.8607343270693946, 885.6260888617734963, 1212.380460436409294 ) ) ;
#3334 = ORIENTED_EDGE ( 'NONE', *, *, #3563, .F. ) ;
#3335 = CARTESIAN_POINT ( 'NONE',  ( 731.8446105584635006, 890.7769578739481631, 1229.268860120119825 ) ) ;
#3336 = ORIENTED_EDGE ( 'NONE', *, *, #4482, .T. ) ;
#3337 = CARTESIAN_POINT ( 'NONE',  ( 714.5177146660870449, 901.3249513657052603, 1198.622174847459519 ) ) ;
#3338 = ADVANCED_FACE ( 'NONE', ( #3292 ), #3924, .T. ) ;
#3339 = CIRCLE ( 'NONE', #7462, 20.44804870789273821 ) ;
#3340 = CARTESIAN_POINT ( 'NONE',  ( 710.1873020361027784, 900.3012483542806876, 1219.330073682617922 ) ) ;
#3341 = VERTEX_POINT ( 'NONE', #1650 ) ;
#3342 = CARTESIAN_POINT ( 'NONE',  ( 717.1800848525040237, 879.2510169669742481, 1212.380460436409521 ) ) ;
#3343 = CARTESIAN_POINT ( 'NONE',  ( 710.0510260092746648, 902.1737934929257108, 1202.030693329826363 ) ) ;
#3344 = DIRECTION ( 'NONE',  ( 0.5845683251975080097, -0.3375006799125091494, -0.7378164841167310639 ) ) ;
#3345 = AXIS2_PLACEMENT_3D ( 'NONE', #1203, #9191, #7482 ) ;
#3346 = B_SPLINE_SURFACE_WITH_KNOTS ( 'NONE', 3, 1, ( 
 ( #7726, #4648 ),
 ( #6854, #7006 ),
 ( #7676, #9224 ),
 ( #8448, #618 ) ),
 .UNSPECIFIED., .F., .F., .F.,
 ( 4, 4 ),
 ( 2, 2 ),
 ( 0.000000000000000000, 1.000000000000000000 ),
 ( 0.000000000000000000, 1.000000000000000000 ),
 .UNSPECIFIED. ) ;
#3347 = CARTESIAN_POINT ( 'NONE',  ( 739.8957552697958135, 882.8566282069004956, 1215.724135348292293 ) ) ;
#3348 = ORIENTED_EDGE ( 'NONE', *, *, #8704, .T. ) ;
#3349 = CARTESIAN_POINT ( 'NONE',  ( 737.0751915553775007, 885.0754126650451781, 1201.850289379429569 ) ) ;
#3350 = EDGE_CURVE ( 'NONE', #2178, #9468, #3066, .T. ) ;
#3351 = ORIENTED_EDGE ( 'NONE', *, *, #6919, .F. ) ;
#3352 = AXIS2_PLACEMENT_3D ( 'NONE', #353, #5061, #9835 ) ;
#3353 = CARTESIAN_POINT ( 'NONE',  ( 722.7750531908041012, 894.2440426711755208, 1195.443556090993980 ) ) ;
#3354 = ORIENTED_EDGE ( 'NONE', *, *, #6728, .T. ) ;
#3355 = CARTESIAN_POINT ( 'NONE',  ( 727.8374089905239543, 893.6348222619679973, 1193.323577043551040 ) ) ;
#3356 = CARTESIAN_POINT ( 'NONE',  ( 710.5375537474870953, 901.0026209793394401, 1207.412268340088076 ) ) ;
#3357 = VERTEX_POINT ( 'NONE', #9589 ) ;
#3358 = ADVANCED_FACE ( 'NONE', ( #9444 ), #741, .T. ) ;
#3359 = CARTESIAN_POINT ( 'NONE',  ( 739.9638861891870647, 886.0892919029249697, 1202.381840069207783 ) ) ;
#3360 = CARTESIAN_POINT ( 'NONE',  ( 715.3547394891068052, 900.3312631586064754, 1197.041578786758237 ) ) ;
#3361 = ORIENTED_EDGE ( 'NONE', *, *, #50, .F. ) ;
#3362 = ORIENTED_EDGE ( 'NONE', *, *, #4987, .T. ) ;
#3363 = CARTESIAN_POINT ( 'NONE',  ( 737.6992617200559152, 885.9403081846011219, 1221.237268628795391 ) ) ;
#3364 = CARTESIAN_POINT ( 'NONE',  ( 724.6539693792865364, 893.1593601697658187, 1229.516757257351401 ) ) ;
#3365 = AXIS2_PLACEMENT_3D ( 'NONE', #8279, #7506, #9053 ) ;
#3366 = CARTESIAN_POINT ( 'NONE',  ( 734.0353872816103831, 886.2401132424399748, 1226.776070535064946 ) ) ;
#3367 = EDGE_CURVE ( 'NONE', #8465, #486, #2786, .T. ) ;
#3368 = CARTESIAN_POINT ( 'NONE',  ( 717.1800848525040237, 879.2510169669742481, 1212.380460436409521 ) ) ;
#3369 = CARTESIAN_POINT ( 'NONE',  ( 715.1687839821621537, 898.1767209549022937, 1225.770536668276463 ) ) ;
#3370 = VERTEX_POINT ( 'NONE', #2314 ) ;
#3371 = CARTESIAN_POINT ( 'NONE',  ( 728.1567548106725098, 893.6977278290354434, 1231.223140637019469 ) ) ;
#3372 = ORIENTED_EDGE ( 'NONE', *, *, #3528, .F. ) ;
#3373 = CARTESIAN_POINT ( 'NONE',  ( 731.3933195320234972, 889.5810456043557224, 1197.034426552418608 ) ) ;
#3374 = ORIENTED_EDGE ( 'NONE', *, *, #3229, .F. ) ;
#3375 = CARTESIAN_POINT ( 'NONE',  ( 739.3129732121560664, 885.8065788815002861, 1224.651115089307723 ) ) ;
#3376 = AXIS2_PLACEMENT_3D ( 'NONE', #3176, #7871, #1633 ) ;
#3377 = CARTESIAN_POINT ( 'NONE',  ( 724.4202779218370551, 891.7913992196671416, 1212.380460436409521 ) ) ;
#3378 = B_SPLINE_SURFACE_WITH_KNOTS ( 'NONE', 3, 1, ( 
 ( #8604, #7102 ),
 ( #1547, #1640 ),
 ( #5607, #8030 ),
 ( #6233, #10207 ),
 ( #9382, #4698 ),
 ( #7005, #7826 ) ),
 .UNSPECIFIED., .F., .F., .F.,
 ( 4, 1, 1, 4 ),
 ( 2, 2 ),
 ( 0.000000000000000000, 0.3395620866332510479, 0.7109345430498769103, 1.000000000000000000 ),
 ( 0.000000000000000000, 1.000000000000000000 ),
 .UNSPECIFIED. ) ;
#3379 = DIRECTION ( 'NONE',  ( -0.4999999999999988343, -0.8660254037844394848, 2.975261781898571487E-15 ) ) ;
#3380 = ADVANCED_FACE ( 'NONE', ( #7208 ), #923, .T. ) ;
#3381 = CARTESIAN_POINT ( 'NONE',  ( 737.3348555482751863, 887.6410372350264879, 1226.746487498895021 ) ) ;
#3382 = EDGE_CURVE ( 'NONE', #8018, #7251, #4650, .T. ) ;
#3383 = CARTESIAN_POINT ( 'NONE',  ( 734.7551348782592413, 887.0205939943782596, 1199.239314416931165 ) ) ;
#3384 = CARTESIAN_POINT ( 'NONE',  ( 738.9523802580865777, 885.2167543570644739, 1206.498018232162394 ) ) ;
#3385 = CARTESIAN_POINT ( 'NONE',  ( 736.7746992886497992, 886.4740390509779218, 1201.983103407117596 ) ) ;
#3386 = VERTEX_POINT ( 'NONE', #3875 ) ;
#3387 = FACE_OUTER_BOUND ( 'NONE', #1197, .T. ) ;
#3388 = FACE_OUTER_BOUND ( 'NONE', #7594, .T. ) ;
#3389 = CARTESIAN_POINT ( 'NONE',  ( 717.1800848525040237, 879.2510169669742481, 1212.380460436409521 ) ) ;
#3390 = CARTESIAN_POINT ( 'NONE',  ( 736.0499342164549716, 888.3490131279774005, 1226.318781457410978 ) ) ;
#3391 = ORIENTED_EDGE ( 'NONE', *, *, #9755, .F. ) ;
#3392 = VECTOR ( 'NONE', #7406, 1000.000000000000227 ) ;
#3393 = AXIS2_PLACEMENT_3D ( 'NONE', #5230, #1307, #6044 ) ;
#3394 = CARTESIAN_POINT ( 'NONE',  ( 739.3825430109981198, 886.4249305433439758, 1202.962419898821281 ) ) ;
#3395 = FACE_OUTER_BOUND ( 'NONE', #887, .T. ) ;
#3396 = EDGE_CURVE ( 'NONE', #2790, #510, #8325, .T. ) ;
#3397 = CARTESIAN_POINT ( 'NONE',  ( 709.8511381385271761, 900.2028959953812546, 1219.271583862930129 ) ) ;
#3398 = CARTESIAN_POINT ( 'NONE',  ( 738.6439903093763633, 886.4489192844329182, 1199.342976568844961 ) ) ;
#3399 = CONICAL_SURFACE ( 'NONE', #6699, 20.44804870789273821, 0.7096869864122512528 ) ;
#3400 = VERTEX_POINT ( 'NONE', #8663 ) ;
#3401 = CARTESIAN_POINT ( 'NONE',  ( 730.8566592438826319, 891.3473518313677459, 1194.146809884151935 ) ) ;
#3402 = VERTEX_POINT ( 'NONE', #3104 ) ;
#3403 = CARTESIAN_POINT ( 'NONE',  ( 741.2296337600797642, 885.3585122021440839, 1216.555513168344305 ) ) ;
#3404 = CARTESIAN_POINT ( 'NONE',  ( 717.1800848525040237, 879.2510169669742481, 1212.380460436409521 ) ) ;
#3405 = CIRCLE ( 'NONE', #3236, 18.17967805303275597 ) ;
#3406 = CARTESIAN_POINT ( 'NONE',  ( 717.1800848525040237, 879.2510169669742481, 1212.380460436409521 ) ) ;
#3407 = EDGE_CURVE ( 'NONE', #3801, #4534, #10178, .T. ) ;
#3408 = CARTESIAN_POINT ( 'NONE',  ( 713.8479372516605963, 901.1673420521486833, 1226.207079573075362 ) ) ;
#3409 = ORIENTED_EDGE ( 'NONE', *, *, #1411, .T. ) ;
#3410 = B_SPLINE_CURVE_WITH_KNOTS ( 'NONE', 3,
 ( #7578, #3774, #8409, #5989 ),
 .UNSPECIFIED., .F., .F.,
 ( 4, 4 ),
 ( 0.000000000000000000, 0.001331005199731931637 ),
 .UNSPECIFIED. ) ;
#3411 = FACE_OUTER_BOUND ( 'NONE', #2218, .T. ) ;
#3412 = CARTESIAN_POINT ( 'NONE',  ( 743.1713637030086375, 887.7015555120376575, 1234.086781508788363 ) ) ;
#3413 = AXIS2_PLACEMENT_3D ( 'NONE', #5877, #4179, #203 ) ;
#3414 = ORIENTED_EDGE ( 'NONE', *, *, #2457, .T. ) ;
#3415 = VERTEX_POINT ( 'NONE', #3969 ) ;
#3416 = CARTESIAN_POINT ( 'NONE',  ( 737.6453859499490591, 885.9713910671840722, 1221.337621066516704 ) ) ;
#3417 = CARTESIAN_POINT ( 'NONE',  ( 717.8472225446809034, 898.8583536116572077, 1228.135489755655044 ) ) ;
#3418 = APPROVAL ( #19, 'UNSPECIFIED' ) ;
#3419 = ORIENTED_EDGE ( 'NONE', *, *, #5346, .T. ) ;
#3420 = CARTESIAN_POINT ( 'NONE',  ( 724.3850669144177346, 893.6272562073503423, 1229.281295920443199 ) ) ;
#3421 = B_SPLINE_CURVE_WITH_KNOTS ( 'NONE', 3,
 ( #6335, #9480, #921, #5667 ),
 .UNSPECIFIED., .F., .F.,
 ( 4, 4 ),
 ( 7.364386412590295383E-16, 0.001453450272863462305 ),
 .UNSPECIFIED. ) ;
#3422 = DIRECTION ( 'NONE',  ( -0.4999999999999988343, -0.8660254037844394848, 2.975261781898571487E-15 ) ) ;
#3423 = CARTESIAN_POINT ( 'NONE',  ( 708.9092904078755737, 904.0186711368403394, 1211.508006540848783 ) ) ;
#3424 = EDGE_LOOP ( 'NONE', ( #657, #5114, #7055, #9222 ) ) ;
#3425 = DIRECTION ( 'NONE',  ( 0.000000000000000000, -0.000000000000000000, 1.000000000000000000 ) ) ;
#3426 = ORIENTED_EDGE ( 'NONE', *, *, #1291, .T. ) ;
#3427 = ORIENTED_EDGE ( 'NONE', *, *, #4416, .T. ) ;
#3428 = CARTESIAN_POINT ( 'NONE',  ( 739.8511387780915811, 884.6978186999268701, 1211.620190327434557 ) ) ;
#3429 = EDGE_LOOP ( 'NONE', ( #6955, #7677, #6581, #7532 ) ) ;
#3430 = CARTESIAN_POINT ( 'NONE',  ( 717.1800848525040237, 879.2510169669742481, 1212.380460436409521 ) ) ;
#3431 = CARTESIAN_POINT ( 'NONE',  ( 713.0415481997838469, 902.4244964346886491, 1200.974159590888803 ) ) ;
#3432 = EDGE_CURVE ( 'NONE', #7112, #1374, #2657, .T. ) ;
#3433 = CARTESIAN_POINT ( 'NONE',  ( 735.1922118968360564, 889.6358047864669061, 1228.253733461465799 ) ) ;
#3434 = CARTESIAN_POINT ( 'NONE',  ( 726.9649063626874295, 892.1377795161101858, 1195.575106342118488 ) ) ;
#3435 = CARTESIAN_POINT ( 'NONE',  ( 731.6226792237218888, 889.2906110584499402, 1197.077872750513507 ) ) ;
#3436 = CARTESIAN_POINT ( 'NONE',  ( 717.1800848525040237, 879.2510169669742481, 1212.380460436409521 ) ) ;
#3437 = CARTESIAN_POINT ( 'NONE',  ( 709.1670919854501562, 903.9037031104934385, 1215.701148118078436 ) ) ;
#3438 = ORIENTED_EDGE ( 'NONE', *, *, #10203, .F. ) ;
#3439 = CARTESIAN_POINT ( 'NONE',  ( 717.1800848525040237, 879.2510169669742481, 1212.380460436409521 ) ) ;
#3440 = DIRECTION ( 'NONE',  ( -0.5000000000000008882, -0.8660254037844380415, -0.000000000000000000 ) ) ;
#3441 = VERTEX_POINT ( 'NONE', #103 ) ;
#3442 = CARTESIAN_POINT ( 'NONE',  ( 732.9896922775336634, 890.6601501192719752, 1229.802435381165424 ) ) ;
#3443 = ORIENTED_EDGE ( 'NONE', *, *, #9152, .T. ) ;
#3444 = CARTESIAN_POINT ( 'NONE',  ( 711.6876317042065239, 903.2061804878704834, 1203.423651052153446 ) ) ;
#3445 = EDGE_CURVE ( 'NONE', #3341, #1843, #5502, .T. ) ;
#3446 = EDGE_CURVE ( 'NONE', #9255, #2631, #7334, .T. ) ;
#3447 = ORIENTED_EDGE ( 'NONE', *, *, #408, .T. ) ;
#3448 = CARTESIAN_POINT ( 'NONE',  ( 717.1800848525040237, 879.2510169669742481, 1212.380460436409521 ) ) ;
#3449 = CARTESIAN_POINT ( 'NONE',  ( 737.0039848736050772, 884.5261926235797318, 1223.306017016384658 ) ) ;
#3450 = B_SPLINE_CURVE_WITH_KNOTS ( 'NONE', 1,
 ( #5142, #2955 ),
 .UNSPECIFIED., .F., .F.,
 ( 2, 2 ),
 ( 0.000000000000000000, 0.002900000000003746803 ),
 .UNSPECIFIED. ) ;
#3451 = CARTESIAN_POINT ( 'NONE',  ( 735.0613961772205585, 887.1506295064046981, 1225.061487852875189 ) ) ;
#3452 = CARTESIAN_POINT ( 'NONE',  ( 710.7062843410831192, 901.5246082546262869, 1209.890604227198310 ) ) ;
#3453 = ORIENTED_EDGE ( 'NONE', *, *, #2874, .T. ) ;
#3454 = DIRECTION ( 'NONE',  ( -0.5000000000000008882, -0.8660254037844380415, -0.000000000000000000 ) ) ;
#3455 = EDGE_CURVE ( 'NONE', #4195, #1691, #5020, .T. ) ;
#3456 = ORIENTED_EDGE ( 'NONE', *, *, #3752, .T. ) ;
#3457 = DIRECTION ( 'NONE',  ( 0.5000000000000009992, 0.8660254037844381525, -5.726519994466740890E-15 ) ) ;
#3458 = CARTESIAN_POINT ( 'NONE',  ( 720.6423013794819781, 895.7880833265101046, 1196.294302129889957 ) ) ;
#3459 = CARTESIAN_POINT ( 'NONE',  ( 709.5399295407935369, 900.6750174472896333, 1207.589989193154224 ) ) ;
#3460 = EDGE_LOOP ( 'NONE', ( #5917, #6322, #7690, #4851 ) ) ;
#3461 = B_SPLINE_CURVE_WITH_KNOTS ( 'NONE', 3,
 ( #6974, #9088, #4564, #5188 ),
 .UNSPECIFIED., .F., .F.,
 ( 4, 4 ),
 ( 1.005213304779138457E-05, 0.001341057332774039977 ),
 .UNSPECIFIED. ) ;
#3462 = CARTESIAN_POINT ( 'NONE',  ( 717.1800848525040237, 879.2510169669742481, 1212.380460436409521 ) ) ;
#3463 = DIRECTION ( 'NONE',  ( 0.5845683251975080097, -0.3375006799125091494, -0.7378164841167310639 ) ) ;
#3464 = CARTESIAN_POINT ( 'NONE',  ( 714.5868739019804252, 899.2841488270278205, 1200.711217500494968 ) ) ;
#3465 = ORIENTED_EDGE ( 'NONE', *, *, #5334, .F. ) ;
#3466 = AXIS2_PLACEMENT_3D ( 'NONE', #255, #1752, #1948 ) ;
#3467 = EDGE_LOOP ( 'NONE', ( #1163, #10209, #9913, #2689, #6049 ) ) ;
#3468 = B_SPLINE_SURFACE_WITH_KNOTS ( 'NONE', 3, 1, ( 
 ( #3008, #2327 ),
 ( #5443, #7749 ),
 ( #3061, #6153 ),
 ( #6305, #693 ) ),
 .UNSPECIFIED., .F., .F., .F.,
 ( 4, 4 ),
 ( 2, 2 ),
 ( 0.000000000000000000, 1.000000000000000000 ),
 ( 0.000000000000000000, 1.000000000000000000 ),
 .UNSPECIFIED. ) ;
#3469 = EDGE_CURVE ( 'NONE', #9179, #273, #3028, .T. ) ;
#3470 = ORIENTED_EDGE ( 'NONE', *, *, #9229, .T. ) ;
#3471 = DIRECTION ( 'NONE',  ( 0.5845683251975072325, -0.3375006799125115364, -0.7378164841167307308 ) ) ;
#3472 = CARTESIAN_POINT ( 'NONE',  ( 724.3340266844739972, 893.6567079223860901, 1229.277794189737506 ) ) ;
#3473 = VERTEX_POINT ( 'NONE', #6703 ) ;
#3474 = CIRCLE ( 'NONE', #6766, 19.56600634797374738 ) ;
#3475 = ORIENTED_EDGE ( 'NONE', *, *, #3996, .F. ) ;
#3476 = CARTESIAN_POINT ( 'NONE',  ( 717.1800848525040237, 879.2510169669742481, 1212.380460436409521 ) ) ;
#3477 = CARTESIAN_POINT ( 'NONE',  ( 709.2573239478200549, 900.8381798624593557, 1215.776434857847789 ) ) ;
#3478 = CARTESIAN_POINT ( 'NONE',  ( 717.1800848525040237, 879.2510169669742481, 1212.380460436409521 ) ) ;
#3479 = ORIENTED_EDGE ( 'NONE', *, *, #6400, .T. ) ;
#3480 = CARTESIAN_POINT ( 'NONE',  ( 718.7276140995583091, 898.3500593104563450, 1196.072627758829640 ) ) ;
#3481 = ORIENTED_EDGE ( 'NONE', *, *, #7842, .T. ) ;
#3482 = CARTESIAN_POINT ( 'NONE',  ( 716.4929078264153759, 890.0398059165752329, 1219.741856672656922 ) ) ;
#3483 = AXIS2_PLACEMENT_3D ( 'NONE', #5413, #6173, #7717 ) ;
#3484 = CARTESIAN_POINT ( 'NONE',  ( 717.1800848525040237, 879.2510169669742481, 1212.380460436409521 ) ) ;
#3485 = B_SPLINE_CURVE_WITH_KNOTS ( 'NONE', 3,
 ( #7964, #5707, #4051, #2496 ),
 .UNSPECIFIED., .F., .F.,
 ( 4, 4 ),
 ( 0.000000000000000000, 0.001331005199731535252 ),
 .UNSPECIFIED. ) ;
#3486 = ORIENTED_EDGE ( 'NONE', *, *, #7094, .F. ) ;
#3487 = DIRECTION ( 'NONE',  ( 0.5845683251975080097, -0.3375006799125091494, -0.7378164841167310639 ) ) ;
#3488 = B_SPLINE_CURVE_WITH_KNOTS ( 'NONE', 1,
 ( #7283, #3366 ),
 .UNSPECIFIED., .F., .F.,
 ( 2, 2 ),
 ( 0.000000000000000000, 0.002900000000004108059 ),
 .UNSPECIFIED. ) ;
#3489 = LINE ( 'NONE', #2448, #9734 ) ;
#3490 = DIRECTION ( 'NONE',  ( 0.5000000000000004441, 0.8660254037844383745, -9.910297435075217688E-15 ) ) ;
#3491 = CARTESIAN_POINT ( 'NONE',  ( 712.9546568741661758, 900.2265097674124945, 1221.675448657608968 ) ) ;
#3492 = EDGE_CURVE ( 'NONE', #4561, #3801, #5068, .T. ) ;
#3493 = CARTESIAN_POINT ( 'NONE',  ( 731.8351464365830452, 889.5967257001590269, 1193.364931950870869 ) ) ;
#3494 = CARTESIAN_POINT ( 'NONE',  ( 731.4989700720016117, 887.7045144011852926, 1228.619000519729070 ) ) ;
#3495 = VERTEX_POINT ( 'NONE', #1190 ) ;
#3496 = CARTESIAN_POINT ( 'NONE',  ( 692.2630662397025390, 917.0934747564629106, 1212.380460436408839 ) ) ;
#3497 = CARTESIAN_POINT ( 'NONE',  ( 711.5359130573615403, 900.7329632526731302, 1219.424786366151466 ) ) ;
#3498 = ORIENTED_EDGE ( 'NONE', *, *, #2267, .T. ) ;
#3499 = FACE_OUTER_BOUND ( 'NONE', #8475, .T. ) ;
#3500 = B_SPLINE_CURVE_WITH_KNOTS ( 'NONE', 3,
 ( #3072, #3124, #3945, #6320 ),
 .UNSPECIFIED., .F., .F.,
 ( 4, 4 ),
 ( 0.000000000000000000, 0.001331005199731983245 ),
 .UNSPECIFIED. ) ;
#3501 = B_SPLINE_CURVE_WITH_KNOTS ( 'NONE', 3,
 ( #9981, #9827, #2914, #1124 ),
 .UNSPECIFIED., .F., .F.,
 ( 4, 4 ),
 ( 0.0009352727177711073203, 0.002387895279818699583 ),
 .UNSPECIFIED. ) ;
#3502 = FACE_OUTER_BOUND ( 'NONE', #3172, .T. ) ;
#3503 = CARTESIAN_POINT ( 'NONE',  ( 740.3076330992146268, 885.8908295318875616, 1219.738658112976736 ) ) ;
#3504 = EDGE_CURVE ( 'NONE', #3054, #6417, #4385, .T. ) ;
#3505 = CARTESIAN_POINT ( 'NONE',  ( 724.4202779218370551, 891.7913992196671416, 1212.380460436409521 ) ) ;
#3506 = EDGE_CURVE ( 'NONE', #830, #9512, #6690, .T. ) ;
#3507 = ORIENTED_EDGE ( 'NONE', *, *, #6468, .F. ) ;
#3508 = VECTOR ( 'NONE', #4497, 1000.000000000000000 ) ;
#3509 = CARTESIAN_POINT ( 'NONE',  ( 741.0161552977773454, 884.6833064720262882, 1203.155217591174733 ) ) ;
#3510 = ORIENTED_EDGE ( 'NONE', *, *, #4717, .T. ) ;
#3511 = VERTEX_POINT ( 'NONE', #4285 ) ;
#3512 = FACE_OUTER_BOUND ( 'NONE', #5550, .T. ) ;
#3513 = CARTESIAN_POINT ( 'NONE',  ( 726.4659633651324384, 892.5895617738863166, 1191.860133197508958 ) ) ;
#3514 = CIRCLE ( 'NONE', #9929, 2.200000000000022382 ) ;
#3515 = CARTESIAN_POINT ( 'NONE',  ( 713.2144490321848025, 900.0765769592716197, 1202.643882763625470 ) ) ;
#3516 = EDGE_CURVE ( 'NONE', #7388, #3901, #6226, .T. ) ;
#3517 = CARTESIAN_POINT ( 'NONE',  ( 714.6632167782059923, 900.6966401980325827, 1199.462640881453808 ) ) ;
#3518 = ADVANCED_FACE ( 'NONE', ( #360 ), #7995, .T. ) ;
#3519 = CARTESIAN_POINT ( 'NONE',  ( 728.5437425529875100, 893.2270203895419627, 1193.428525727922988 ) ) ;
#3520 = CARTESIAN_POINT ( 'NONE',  ( 713.1686776229721545, 900.1029448304767584, 1202.719815413030574 ) ) ;
#3521 = VECTOR ( 'NONE', #2106, 1000.000000000000000 ) ;
#3522 = VERTEX_POINT ( 'NONE', #5018 ) ;
#3523 = ORIENTED_EDGE ( 'NONE', *, *, #6671, .F. ) ;
#3524 = ORIENTED_EDGE ( 'NONE', *, *, #5254, .F. ) ;
#3525 = CARTESIAN_POINT ( 'NONE',  ( 732.0722712493848121, 890.6455179127609654, 1230.573647131991265 ) ) ;
#3526 = CARTESIAN_POINT ( 'NONE',  ( 724.4337011105326383, 895.0556484386511329, 1231.879244625404681 ) ) ;
#3527 = CARTESIAN_POINT ( 'NONE',  ( 721.8724449401915990, 896.5343903780610617, 1231.403359005336370 ) ) ;
#3528 = EDGE_CURVE ( 'NONE', #7173, #3054, #8564, .T. ) ;
#3529 = FACE_OUTER_BOUND ( 'NONE', #2510, .T. ) ;
#3530 = LINE ( 'NONE', #6676, #5547 ) ;
#3531 = VERTEX_POINT ( 'NONE', #1902 ) ;
#3532 = FACE_OUTER_BOUND ( 'NONE', #1760, .T. ) ;
#3533 = ORIENTED_EDGE ( 'NONE', *, *, #4587, .F. ) ;
#3534 = CARTESIAN_POINT ( 'NONE',  ( 721.9606704525139094, 895.0268854036279436, 1228.887741322247848 ) ) ;
#3535 = DIRECTION ( 'NONE',  ( 0.4999999999999988343, 0.8660254037844394848, -2.975261781898571487E-15 ) ) ;
#3536 = VERTEX_POINT ( 'NONE', #8140 ) ;
#3537 = CARTESIAN_POINT ( 'NONE',  ( 712.1498897332224942, 899.1681562276013437, 1223.257642297295433 ) ) ;
#3538 = CARTESIAN_POINT ( 'NONE',  ( 711.9556547257461716, 900.8033806803485959, 1219.621124044424960 ) ) ;
#3539 = CARTESIAN_POINT ( 'NONE',  ( 725.3236735400701036, 893.3561263297817732, 1212.380460436409521 ) ) ;
#3540 = CARTESIAN_POINT ( 'NONE',  ( 739.9335423140040575, 883.4251430851124951, 1214.721443809542052 ) ) ;
#3541 = B_SPLINE_CURVE_WITH_KNOTS ( 'NONE', 3,
 ( #8494, #5416, #713, #6276 ),
 .UNSPECIFIED., .F., .F.,
 ( 4, 4 ),
 ( 0.000000000000000000, 0.001453450272862592124 ),
 .UNSPECIFIED. ) ;
#3542 = CARTESIAN_POINT ( 'NONE',  ( 722.9402947897539207, 895.9178669799619001, 1194.431996349373776 ) ) ;
#3543 = AXIS2_PLACEMENT_3D ( 'NONE', #8739, #3379, #9674 ) ;
#3544 = EDGE_LOOP ( 'NONE', ( #6270, #9869, #1186, #1345, #722 ) ) ;
#3545 = CARTESIAN_POINT ( 'NONE',  ( 738.8337463820240600, 885.2852104736680303, 1218.619835160077855 ) ) ;
#3546 = ORIENTED_EDGE ( 'NONE', *, *, #7904, .F. ) ;
#3547 = CARTESIAN_POINT ( 'NONE',  ( 727.4846890299299957, 893.2941597420926882, 1230.538545789255750 ) ) ;
#3548 = CARTESIAN_POINT ( 'NONE',  ( 731.2782597776362081, 889.6473726985701660, 1227.787588563873214 ) ) ;
#3549 = ORIENTED_EDGE ( 'NONE', *, *, #3975, .F. ) ;
#3550 = EDGE_CURVE ( 'NONE', #7162, #1104, #5702, .T. ) ;
#3551 = CARTESIAN_POINT ( 'NONE',  ( 715.7877179875707725, 896.7754100214959863, 1197.177196332246467 ) ) ;
#3552 = CARTESIAN_POINT ( 'NONE',  ( 717.1800848525040237, 879.2510169669742481, 1212.380460436409521 ) ) ;
#3553 = DIRECTION ( 'NONE',  ( -0.4999999999999988343, -0.8660254037844394848, 2.975261781898571487E-15 ) ) ;
#3554 = B_SPLINE_CURVE_WITH_KNOTS ( 'NONE', 1,
 ( #5311, #7611 ),
 .UNSPECIFIED., .F., .F.,
 ( 2, 2 ),
 ( 0.000000000000000000, 0.002899999999999976381 ),
 .UNSPECIFIED. ) ;
#3555 = CARTESIAN_POINT ( 'NONE',  ( 733.2438939096324475, 888.5125133033337761, 1226.536768925606566 ) ) ;
#3556 = B_SPLINE_SURFACE_WITH_KNOTS ( 'NONE', 3, 1, ( 
 ( #10046, #7466 ),
 ( #2976, #8238 ),
 ( #3552, #1294 ),
 ( #1188, #6901 ),
 ( #4538, #7671 ),
 ( #1999, #9171 ) ),
 .UNSPECIFIED., .F., .F., .F.,
 ( 4, 1, 1, 4 ),
 ( 2, 2 ),
 ( 0.000000000000000000, 0.3395620866332510479, 0.7109345430498769103, 1.000000000000000000 ),
 ( 0.000000000000000000, 1.000000000000000000 ),
 .UNSPECIFIED. ) ;
#3557 = ORIENTED_EDGE ( 'NONE', *, *, #7714, .F. ) ;
#3558 = CARTESIAN_POINT ( 'NONE',  ( 720.0382785301563899, 895.3652189073645786, 1228.923879622376944 ) ) ;
#3559 = CLOSED_SHELL ( 'NONE', ( #1445, #8165, #1433, #8103, #4076, #9052, #4974, #557, #4643, #8533, #691, #8102, #2114, #8371, #9907, #1090, #6532, #9316, #7138, #1337, #6087, #9790, #4586, #7118, #1068, #3338, #10158, #4135, #10179, #3275, #6801, #5821, #541, #1043, #5299, #1823, #6591, #8793, #8760, #9124, #4513, #4312 ) ) ;
#3560 = AXIS2_PLACEMENT_3D ( 'NONE', #3505, #8865, #1802 ) ;
#3561 = VERTEX_POINT ( 'NONE', #4234 ) ;
#3562 = CARTESIAN_POINT ( 'NONE',  ( 710.5470649440788975, 901.6165336163469419, 1212.475632673229256 ) ) ;
#3563 = EDGE_CURVE ( 'NONE', #8595, #8763, #1192, .T. ) ;
#3564 = CARTESIAN_POINT ( 'NONE',  ( 720.4001602549939207, 895.9279445439653955, 1196.388775605197907 ) ) ;
#3565 = CARTESIAN_POINT ( 'NONE',  ( 717.1800848525040237, 879.2510169669742481, 1212.380460436409521 ) ) ;
#3566 = VECTOR ( 'NONE', #2189, 1000.000000000000227 ) ;
#3567 = CARTESIAN_POINT ( 'NONE',  ( 709.8667755672656767, 902.3643064965715439, 1222.220276334450091 ) ) ;
#3568 = CARTESIAN_POINT ( 'NONE',  ( 722.4284450843654213, 896.2133835451527375, 1230.208931402603412 ) ) ;
#3569 = CARTESIAN_POINT ( 'NONE',  ( 712.6226196156864034, 901.8747795191211480, 1222.405855712797347 ) ) ;
#3570 = FACE_OUTER_BOUND ( 'NONE', #1044, .T. ) ;
#3571 = EDGE_LOOP ( 'NONE', ( #9714, #4633, #6144, #6804, #10 ) ) ;
#3572 = ORIENTED_EDGE ( 'NONE', *, *, #4393, .F. ) ;
#3573 = ORIENTED_EDGE ( 'NONE', *, *, #917, .T. ) ;
#3574 = VECTOR ( 'NONE', #1152, 1000.000000000000000 ) ;
#3575 = ORIENTED_EDGE ( 'NONE', *, *, #7294, .T. ) ;
#3576 = CARTESIAN_POINT ( 'NONE',  ( 714.3647517213755691, 900.8689590789375643, 1224.944287447507577 ) ) ;
#3577 = B_SPLINE_CURVE_WITH_KNOTS ( 'NONE', 3,
 ( #8400, #1347, #4491, #2261, #5423, #7623, #8553, #4545, #563, #721 ),
 .UNSPECIFIED., .F., .F.,
 ( 4, 3, 3, 4 ),
 ( 0.000000000000000000, 0.0001770958401171615453, 0.0003541916793410360728, 0.0006316937728061617404 ),
 .UNSPECIFIED. ) ;
#3578 = B_SPLINE_CURVE_WITH_KNOTS ( 'NONE', 3,
 ( #5223, #4442, #6860, #2984 ),
 .UNSPECIFIED., .F., .F.,
 ( 4, 4 ),
 ( 7.364386412590295383E-16, 0.001453450272821557457 ),
 .UNSPECIFIED. ) ;
#3579 = EDGE_CURVE ( 'NONE', #6310, #6548, #7019, .T. ) ;
#3580 = ORIENTED_EDGE ( 'NONE', *, *, #1905, .F. ) ;
#3581 = EDGE_CURVE ( 'NONE', #506, #2017, #560, .T. ) ;
#3582 = VERTEX_POINT ( 'NONE', #9277 ) ;
#3583 = DIRECTION ( 'NONE',  ( 0.5845683251975080097, -0.3375006799125091494, -0.7378164841167310639 ) ) ;
#3584 = AXIS2_PLACEMENT_3D ( 'NONE', #4270, #4844, #9571 ) ;
#3585 = CARTESIAN_POINT ( 'NONE',  ( 716.3358509985482669, 903.1950459957990915, 1190.196798703381546 ) ) ;
#3586 = DIRECTION ( 'NONE',  ( -0.4999999999999988343, -0.8660254037844394848, 2.975261781898571487E-15 ) ) ;
#3587 = ORIENTED_EDGE ( 'NONE', *, *, #7855, .T. ) ;
#3588 = CARTESIAN_POINT ( 'NONE',  ( 720.4060163790846900, 897.3810333025634236, 1230.914207577242905 ) ) ;
#3589 = ORIENTED_EDGE ( 'NONE', *, *, #7916, .F. ) ;
#3590 = CARTESIAN_POINT ( 'NONE',  ( 725.9167669405607057, 892.9066404774507646, 1191.827541423743469 ) ) ;
#3591 = CARTESIAN_POINT ( 'NONE',  ( 727.5542206018025126, 893.2540156703546472, 1193.787463416745368 ) ) ;
#3592 = EDGE_CURVE ( 'NONE', #4480, #3441, #695, .T. ) ;
#3593 = B_SPLINE_CURVE_WITH_KNOTS ( 'NONE', 3,
 ( #192, #3385, #1074, #6588, #9731, #7711, #2090, #5257, #1227, #1385 ),
 .UNSPECIFIED., .F., .F.,
 ( 4, 3, 3, 4 ),
 ( 0.000000000000000000, 0.0001770958401172651950, 0.0003541916793410750499, 0.0006316937728063182992 ),
 .UNSPECIFIED. ) ;
#3594 = DIRECTION ( 'NONE',  ( -0.4999999999999988343, -0.8660254037844394848, 2.975261781898571487E-15 ) ) ;
#3595 = FACE_OUTER_BOUND ( 'NONE', #3631, .T. ) ;
#3596 = CARTESIAN_POINT ( 'NONE',  ( 709.0459643337312627, 903.9397624089563124, 1209.752563651832588 ) ) ;
#3597 = LINE ( 'NONE', #6691, #7783 ) ;
#3598 = B_SPLINE_CURVE_WITH_KNOTS ( 'NONE', 3,
 ( #1353, #5325, #8454, #569 ),
 .UNSPECIFIED., .F., .F.,
 ( 4, 4 ),
 ( 1.355199909595506077E-15, 0.001453450272864113260 ),
 .UNSPECIFIED. ) ;
#3599 = DIRECTION ( 'NONE',  ( -0.2099721560628667605, 0.9157870258538649555, -0.3424117652126507094 ) ) ;
#3600 = VERTEX_POINT ( 'NONE', #1296 ) ;
#3601 = CARTESIAN_POINT ( 'NONE',  ( 725.8370950929727314, 894.2453985451099925, 1212.380460436409521 ) ) ;
#3602 = ORIENTED_EDGE ( 'NONE', *, *, #2168, .F. ) ;
#3603 = FACE_OUTER_BOUND ( 'NONE', #3779, .T. ) ;
#3604 = CIRCLE ( 'NONE', #5896, 19.56600634797370475 ) ;
#3605 = CARTESIAN_POINT ( 'NONE',  ( 710.1422520891634349, 903.3068203782482897, 1214.594259000401507 ) ) ;
#3606 = EDGE_CURVE ( 'NONE', #6548, #9516, #7846, .T. ) ;
#3607 = CARTESIAN_POINT ( 'NONE',  ( 739.3422727135415471, 885.6495938186081958, 1224.655186568887530 ) ) ;
#3608 = CARTESIAN_POINT ( 'NONE',  ( 710.2330045117316786, 901.9616649376415580, 1201.371705247918044 ) ) ;
#3609 = CARTESIAN_POINT ( 'NONE',  ( 742.2368682901483226, 883.5912887879704840, 1218.439708499365906 ) ) ;
#3610 = CARTESIAN_POINT ( 'NONE',  ( 738.7641934814379283, 883.8023807942453232, 1205.051086213038388 ) ) ;
#3611 = VERTEX_POINT ( 'NONE', #5168 ) ;
#3612 = CARTESIAN_POINT ( 'NONE',  ( 733.4511869222316136, 889.8494005778527480, 1194.901060792931048 ) ) ;
#3613 = ORIENTED_EDGE ( 'NONE', *, *, #8120, .T. ) ;
#3614 = CARTESIAN_POINT ( 'NONE',  ( 712.1605915195642638, 902.1415315647905118, 1223.931778012714631 ) ) ;
#3615 = CARTESIAN_POINT ( 'NONE',  ( 710.5491520266665475, 901.6154253922782118, 1212.080082486457741 ) ) ;
#3616 = B_SPLINE_CURVE_WITH_KNOTS ( 'NONE', 1,
 ( #4876, #8829 ),
 .UNSPECIFIED., .F., .F.,
 ( 2, 2 ),
 ( 7.447602459741819353E-16, 0.002899999999998484086 ),
 .UNSPECIFIED. ) ;
#3617 = CARTESIAN_POINT ( 'NONE',  ( 716.1601175122732457, 899.8324041562688080, 1226.819208268178954 ) ) ;
#3618 = CARTESIAN_POINT ( 'NONE',  ( 712.9130208169699472, 899.4790864255662655, 1201.696869531662287 ) ) ;
#3619 = CARTESIAN_POINT ( 'NONE',  ( 711.3772093769511002, 901.1372495045618507, 1206.764251093849225 ) ) ;
#3620 = CARTESIAN_POINT ( 'NONE',  ( 712.2817339574475000, 900.6150219945235449, 1204.392482372760242 ) ) ;
#3621 = CARTESIAN_POINT ( 'NONE',  ( 775.2571674357113807, 871.8434747564629106, 1222.735799495736728 ) ) ;
#3622 = CARTESIAN_POINT ( 'NONE',  ( 710.1533801793758585, 902.1146992852657149, 1222.929028827162028 ) ) ;
#3623 = ORIENTED_EDGE ( 'NONE', *, *, #3506, .T. ) ;
#3624 = ADVANCED_FACE ( 'NONE', ( #6851 ), #9159, .T. ) ;
#3625 = CARTESIAN_POINT ( 'NONE',  ( 741.2233476206936302, 886.1537269527783565, 1220.029999347787680 ) ) ;
#3626 = EDGE_LOOP ( 'NONE', ( #7542, #8079, #6753, #6905 ) ) ;
#3627 = ORIENTED_EDGE ( 'NONE', *, *, #4597, .T. ) ;
#3628 = ORIENTED_EDGE ( 'NONE', *, *, #2368, .F. ) ;
#3629 = CARTESIAN_POINT ( 'NONE',  ( 722.0956973304940902, 894.6363792258048306, 1195.585192905567965 ) ) ;
#3630 = ORIENTED_EDGE ( 'NONE', *, *, #678, .F. ) ;
#3631 = EDGE_LOOP ( 'NONE', ( #3010, #615, #1013, #9655, #7255 ) ) ;
#3632 = CARTESIAN_POINT ( 'NONE',  ( 717.1800848525040237, 879.2510169669742481, 1212.380460436409521 ) ) ;
#3633 = FACE_OUTER_BOUND ( 'NONE', #5606, .T. ) ;
#3634 = EDGE_CURVE ( 'NONE', #7585, #1333, #968, .T. ) ;
#3635 = CARTESIAN_POINT ( 'NONE',  ( 719.7688953717831737, 894.4768761869826221, 1229.748636735166656 ) ) ;
#3636 = ADVANCED_FACE ( 'NONE', ( #7673 ), #6034, .T. ) ;
#3637 = ORIENTED_EDGE ( 'NONE', *, *, #2635, .F. ) ;
#3638 = CARTESIAN_POINT ( 'NONE',  ( 717.1800848525040237, 879.2510169669742481, 1212.380460436409521 ) ) ;
#3639 = ORIENTED_EDGE ( 'NONE', *, *, #7725, .T. ) ;
#3640 = CARTESIAN_POINT ( 'NONE',  ( 735.6726974285622873, 888.5668108890150734, 1196.448003835585268 ) ) ;
#3641 = CARTESIAN_POINT ( 'NONE',  ( 710.4303979325244427, 901.0645965473785282, 1216.913474656605331 ) ) ;
#3642 = VECTOR ( 'NONE', #7402, 1000.000000000000227 ) ;
#3643 = B_SPLINE_SURFACE_WITH_KNOTS ( 'NONE', 3, 1, ( 
 ( #480, #9972 ),
 ( #7489, #5091 ),
 ( #1921, #4306 ),
 ( #3632, #8372 ) ),
 .UNSPECIFIED., .F., .F., .F.,
 ( 4, 4 ),
 ( 2, 2 ),
 ( 0.000000000000000000, 1.000000000000000000 ),
 ( 0.000000000000000000, 1.000000000000000000 ),
 .UNSPECIFIED. ) ;
#3644 = CARTESIAN_POINT ( 'NONE',  ( 717.1800848525040237, 879.2510169669742481, 1212.380460436409521 ) ) ;
#3645 = CARTESIAN_POINT ( 'NONE',  ( 733.7482943708899938, 888.3851060073842518, 1194.289274790753325 ) ) ;
#3646 = CARTESIAN_POINT ( 'NONE',  ( 740.3076330992146268, 885.8908295318875616, 1219.738658112976736 ) ) ;
#3647 = DIRECTION ( 'NONE',  ( 0.8660254037844370423, -0.5000000000000026645, 0.000000000000000000 ) ) ;
#3648 = LINE ( 'NONE', #2138, #8345 ) ;
#3649 = EDGE_CURVE ( 'NONE', #6740, #9909, #2828, .T. ) ;
#3650 = PERSON_AND_ORGANIZATION_ROLE ( 'classification_officer' ) ;
#3651 = CONICAL_SURFACE ( 'NONE', #8913, 20.44804870789273821, 0.7096869864122512528 ) ;
#3652 = CARTESIAN_POINT ( 'NONE',  ( 722.7031737830142220, 892.7827697563844822, 1230.451692601063314 ) ) ;
#3653 = EDGE_LOOP ( 'NONE', ( #69, #4149, #8043, #4080 ) ) ;
#3654 = CARTESIAN_POINT ( 'NONE',  ( 713.0864579462039501, 901.6069823341362053, 1201.583587093603228 ) ) ;
#3655 = CARTESIAN_POINT ( 'NONE',  ( 730.6555534029117780, 891.0610454827849480, 1231.391509713946334 ) ) ;
#3656 = CARTESIAN_POINT ( 'NONE',  ( 710.1792696933038087, 903.2854482545332075, 1214.918588027156147 ) ) ;
#3657 = LOCAL_TIME ( 14, 55, 21.00000000000000000, #2190 ) ;
#3658 = CARTESIAN_POINT ( 'NONE',  ( 739.4988732998757541, 884.9011992686010899, 1216.144695824034216 ) ) ;
#3659 = CARTESIAN_POINT ( 'NONE',  ( 715.8242703257698167, 900.0601794036665524, 1228.132618419046366 ) ) ;
#3660 = CARTESIAN_POINT ( 'NONE',  ( 712.6706325846809023, 902.6361303245679437, 1223.193590764579767 ) ) ;
#3661 = EDGE_CURVE ( 'NONE', #355, #4455, #1573, .T. ) ;
#3662 = VERTEX_POINT ( 'NONE', #1397 ) ;
#3663 = CARTESIAN_POINT ( 'NONE',  ( 725.0649144906983565, 894.6912172236964125, 1230.616152568763709 ) ) ;
#3664 = ORIENTED_EDGE ( 'NONE', *, *, #4010, .T. ) ;
#3665 = CARTESIAN_POINT ( 'NONE',  ( 709.7315711727213738, 902.8854093119743993, 1204.053141107154033 ) ) ;
#3666 = CARTESIAN_POINT ( 'NONE',  ( 717.1800848525040237, 879.2510169669742481, 1212.380460436409521 ) ) ;
#3667 = CARTESIAN_POINT ( 'NONE',  ( 737.3488283500071248, 884.3270971496548327, 1222.755308509889119 ) ) ;
#3668 = CARTESIAN_POINT ( 'NONE',  ( 710.5151550027735539, 903.0915247806939306, 1204.025054587316163 ) ) ;
#3669 = CONICAL_SURFACE ( 'NONE', #7613, 20.44804870789273821, 0.7096869864122512528 ) ;
#3670 = CARTESIAN_POINT ( 'NONE',  ( 717.1800848525040237, 879.2510169669742481, 1212.380460436409521 ) ) ;
#3671 = CARTESIAN_POINT ( 'NONE',  ( 725.5019498023029882, 894.4388947688960343, 1231.942639283727885 ) ) ;
#3672 = ORIENTED_EDGE ( 'NONE', *, *, #5511, .F. ) ;
#3673 = CARTESIAN_POINT ( 'NONE',  ( 720.6497612323320254, 897.2403071459273178, 1195.133502020105198 ) ) ;
#3674 = VERTEX_POINT ( 'NONE', #6954 ) ;
#3675 = ORIENTED_EDGE ( 'NONE', *, *, #3196, .T. ) ;
#3676 = FACE_OUTER_BOUND ( 'NONE', #1792, .T. ) ;
#3677 = ORIENTED_EDGE ( 'NONE', *, *, #171, .T. ) ;
#3678 = ADVANCED_FACE ( 'NONE', ( #2047 ), #1733, .F. ) ;
#3679 = CARTESIAN_POINT ( 'NONE',  ( 718.7345426357804854, 897.6875413142709021, 1230.849010345870511 ) ) ;
#3680 = VECTOR ( 'NONE', #5159, 1000.000000000000227 ) ;
#3681 = CARTESIAN_POINT ( 'NONE',  ( 725.3236735400701036, 893.3561263297817732, 1212.380460436409521 ) ) ;
#3682 = DIRECTION ( 'NONE',  ( 0.5845683251975030137, -0.3375006799125114809, -0.7378164841167340615 ) ) ;
#3683 = ORIENTED_EDGE ( 'NONE', *, *, #3309, .F. ) ;
#3684 = CARTESIAN_POINT ( 'NONE',  ( 741.1487567920686388, 884.2195102542954146, 1203.203768073853325 ) ) ;
#3685 = VERTEX_POINT ( 'NONE', #9174 ) ;
#3686 = CARTESIAN_POINT ( 'NONE',  ( 741.3026436215234298, 886.1054310450064122, 1219.812932439677070 ) ) ;
#3687 = CARTESIAN_POINT ( 'NONE',  ( 715.7821054889640209, 898.8649532125808719, 1229.606429246955486 ) ) ;
#3688 = B_SPLINE_CURVE_WITH_KNOTS ( 'NONE', 3,
 ( #8252, #4921, #7270, #213 ),
 .UNSPECIFIED., .F., .F.,
 ( 4, 4 ),
 ( 0.000000000000000000, 0.001331005199731734312 ),
 .UNSPECIFIED. ) ;
#3689 = AXIS2_PLACEMENT_3D ( 'NONE', #6285, #8607, #619 ) ;
#3690 = EDGE_CURVE ( 'NONE', #9255, #10066, #9997, .T. ) ;
#3691 = CARTESIAN_POINT ( 'NONE',  ( 712.3522330653190693, 899.3491033341312004, 1223.028557163055666 ) ) ;
#3692 = DIRECTION ( 'NONE',  ( -0.2487454045392814561, 0.9381727712990804990, -0.2407437951715314661 ) ) ;
#3693 = CARTESIAN_POINT ( 'NONE',  ( 742.5618471538914491, 885.3809438869764108, 1210.821142099338431 ) ) ;
#3694 = CARTESIAN_POINT ( 'NONE',  ( 739.7800147506435451, 884.7388821763198621, 1214.210446746966227 ) ) ;
#3695 = CARTESIAN_POINT ( 'NONE',  ( 725.1426476096426086, 894.6463379865485877, 1194.140521925234680 ) ) ;
#3696 = MECHANICAL_CONTEXT ( 'NONE', #7989, 'mechanical' ) ;
#3697 = CARTESIAN_POINT ( 'NONE',  ( 741.5660483871358792, 885.1642831266539133, 1214.245831139706297 ) ) ;
#3698 = ORIENTED_EDGE ( 'NONE', *, *, #2227, .T. ) ;
#3699 = CARTESIAN_POINT ( 'NONE',  ( 726.9259842507143503, 890.3447289961085289, 1230.328420631696190 ) ) ;
#3700 = CARTESIAN_POINT ( 'NONE',  ( 715.9543905734924465, 898.4946127086092247, 1225.510732418380030 ) ) ;
#3701 = B_SPLINE_CURVE_WITH_KNOTS ( 'NONE', 3,
 ( #207, #7938, #7210, #6396, #1805, #7164, #8816 ),
 .UNSPECIFIED., .F., .F.,
 ( 4, 3, 4 ),
 ( 0.0003158452762232256440, 0.0003541916793410674605, 0.0006316937728061795213 ),
 .UNSPECIFIED. ) ;
#3702 = EDGE_CURVE ( 'NONE', #9097, #7342, #6126, .T. ) ;
#3703 = EDGE_CURVE ( 'NONE', #637, #8312, #2398, .T. ) ;
#3704 = CARTESIAN_POINT ( 'NONE',  ( 737.0305924946047753, 888.5719009131247503, 1226.635317251213564 ) ) ;
#3705 = FACE_OUTER_BOUND ( 'NONE', #5631, .T. ) ;
#3706 = CONICAL_SURFACE ( 'NONE', #1415, 18.17967805303275597, 0.8981840042400328628 ) ;
#3707 = CARTESIAN_POINT ( 'NONE',  ( 702.9354280100864116, 895.9752692891901233, 1212.380460436409294 ) ) ;
#3708 = CARTESIAN_POINT ( 'NONE',  ( 738.7843616172774546, 884.5421627907523998, 1205.540833620578269 ) ) ;
#3709 = EDGE_LOOP ( 'NONE', ( #4880, #6880, #2742, #2609, #9481 ) ) ;
#3710 = CARTESIAN_POINT ( 'NONE',  ( 714.5063874389458078, 900.7871856592714721, 1225.114605560688005 ) ) ;
#3711 = FACE_OUTER_BOUND ( 'NONE', #6643, .T. ) ;
#3712 = CARTESIAN_POINT ( 'NONE',  ( 739.1072514833073228, 886.5838701809619806, 1224.547322682295089 ) ) ;
#3713 = ORIENTED_EDGE ( 'NONE', *, *, #6891, .T. ) ;
#3714 = FACE_OUTER_BOUND ( 'NONE', #1756, .T. ) ;
#3715 = CARTESIAN_POINT ( 'NONE',  ( 739.4602855855467851, 886.3800458470009289, 1222.488665317963978 ) ) ;
#3716 = ADVANCED_FACE ( 'NONE', ( #9948 ), #2712, .T. ) ;
#3717 = CARTESIAN_POINT ( 'NONE',  ( 725.3236735400701036, 893.3561263297817732, 1212.380460436409521 ) ) ;
#3718 = CARTESIAN_POINT ( 'NONE',  ( 739.0584738894998509, 887.4011030438971375, 1200.589164320973850 ) ) ;
#3719 = CARTESIAN_POINT ( 'NONE',  ( 724.6472145710051791, 893.4758666978520978, 1229.295743027349545 ) ) ;
#3720 = CARTESIAN_POINT ( 'NONE',  ( 717.1800848525040237, 879.2510169669742481, 1212.380460436409521 ) ) ;
#3721 = DIRECTION ( 'NONE',  ( 0.000000000000000000, 0.7071067811865474617, 0.7071067811865476838 ) ) ;
#3722 = CARTESIAN_POINT ( 'NONE',  ( 717.1800848525040237, 879.2510169669742481, 1212.380460436409521 ) ) ;
#3723 = CARTESIAN_POINT ( 'NONE',  ( 774.9051166213855595, 872.8441663373531583, 1198.196002671445058 ) ) ;
#3724 = ORIENTED_EDGE ( 'NONE', *, *, #499, .T. ) ;
#3725 = B_SPLINE_CURVE_WITH_KNOTS ( 'NONE', 3,
 ( #9957, #2890, #6039, #10009 ),
 .UNSPECIFIED., .F., .F.,
 ( 4, 4 ),
 ( 0.0009352727177710467134, 0.002387895279818624990 ),
 .UNSPECIFIED. ) ;
#3726 = CARTESIAN_POINT ( 'NONE',  ( 741.2648803791016690, 885.3720363410269556, 1220.470312210203701 ) ) ;
#3727 = VERTEX_POINT ( 'NONE', #8397 ) ;
#3728 = ORIENTED_EDGE ( 'NONE', *, *, #8120, .F. ) ;
#3729 = CARTESIAN_POINT ( 'NONE',  ( 710.8136652964810764, 902.9191797822659282, 1206.688574903251947 ) ) ;
#3730 = ORIENTED_EDGE ( 'NONE', *, *, #2180, .F. ) ;
#3731 = EDGE_CURVE ( 'NONE', #4341, #7946, #5165, .T. ) ;
#3732 = DIRECTION ( 'NONE',  ( 0.5845683251974943540, -0.3375006799125097601, -0.7378164841167416110 ) ) ;
#3733 = DIRECTION ( 'NONE',  ( -0.5000000000000008882, -0.8660254037844380415, -0.000000000000000000 ) ) ;
#3734 = CARTESIAN_POINT ( 'NONE',  ( 717.1800848525040237, 879.2510169669742481, 1212.380460436409521 ) ) ;
#3735 = CONICAL_SURFACE ( 'NONE', #2411, 18.17967805303275597, 0.8981840042400328628 ) ;
#3736 = ORIENTED_EDGE ( 'NONE', *, *, #9012, .T. ) ;
#3737 = DIRECTION ( 'NONE',  ( 0.5000000000000009992, 0.8660254037844381525, -5.726519994466740890E-15 ) ) ;
#3738 = EDGE_CURVE ( 'NONE', #4674, #1867, #7617, .T. ) ;
#3739 = ORIENTED_EDGE ( 'NONE', *, *, #2769, .F. ) ;
#3740 = CARTESIAN_POINT ( 'NONE',  ( 717.1800848525040237, 879.2510169669742481, 1212.380460436409521 ) ) ;
#3741 = CARTESIAN_POINT ( 'NONE',  ( 730.1125064456340397, 891.7769886497547986, 1229.957894179372943 ) ) ;
#3742 = B_SPLINE_CURVE_WITH_KNOTS ( 'NONE', 3,
 ( #7144, #4590, #7918, #87, #2198, #859, #662, #5460 ),
 .UNSPECIFIED., .F., .F.,
 ( 4, 2, 2, 4 ),
 ( 0.000000000000000000, 0.0005319171944468709546, 0.001063834388893741909, 0.002127668777787932678 ),
 .UNSPECIFIED. ) ;
#3743 = EDGE_LOOP ( 'NONE', ( #483, #7743, #8234, #3301 ) ) ;
#3744 = DIRECTION ( 'NONE',  ( -0.5000000000000009992, -0.8660254037844382635, -0.000000000000000000 ) ) ;
#3745 = CARTESIAN_POINT ( 'NONE',  ( 724.4202779218370551, 891.7913992196671416, 1212.380460436409521 ) ) ;
#3746 = LINE ( 'NONE', #8224, #1430 ) ;
#3747 = CARTESIAN_POINT ( 'NONE',  ( 717.1800848525040237, 879.2510169669742481, 1212.380460436409521 ) ) ;
#3748 = CARTESIAN_POINT ( 'NONE',  ( 729.8257486393080171, 888.6705492457704167, 1229.455057821902528 ) ) ;
#3749 = B_SPLINE_CURVE_WITH_KNOTS ( 'NONE', 3,
 ( #3847, #10035, #6161, #1481 ),
 .UNSPECIFIED., .F., .F.,
 ( 4, 4 ),
 ( 0.0009352727177709496773, 0.002387895279818719532 ),
 .UNSPECIFIED. ) ;
#3750 = CARTESIAN_POINT ( 'NONE',  ( 0.000000000000000000, 0.000000000000000000, 0.000000000000000000 ) ) ;
#3751 = CARTESIAN_POINT ( 'NONE',  ( 741.5559339720058460, 885.1701226869519132, 1214.354248425927153 ) ) ;
#3752 = EDGE_CURVE ( 'NONE', #479, #7620, #3908, .T. ) ;
#3753 = ORIENTED_EDGE ( 'NONE', *, *, #989, .T. ) ;
#3754 = DIRECTION ( 'NONE',  ( 0.5845683251975030137, -0.3375006799125114809, -0.7378164841167340615 ) ) ;
#3755 = CARTESIAN_POINT ( 'NONE',  ( 729.9646207356536252, 891.8623705042213032, 1230.004825331295706 ) ) ;
#3756 = CARTESIAN_POINT ( 'NONE',  ( 726.5629743876221482, 892.6406156518407897, 1191.982546968620909 ) ) ;
#3757 = CARTESIAN_POINT ( 'NONE',  ( 717.1800848525040237, 879.2510169669742481, 1212.380460436409521 ) ) ;
#3758 = CARTESIAN_POINT ( 'NONE',  ( 710.3966954715854172, 901.9742211358097848, 1201.378803124090837 ) ) ;
#3759 = CARTESIAN_POINT ( 'NONE',  ( 738.7855791269431620, 884.6936159224159155, 1205.633671343430478 ) ) ;
#3760 = ORIENTED_EDGE ( 'NONE', *, *, #4266, .F. ) ;
#3761 = CARTESIAN_POINT ( 'NONE',  ( 715.6150587550395130, 900.1470939764823243, 1197.322549704104176 ) ) ;
#3762 = EDGE_CURVE ( 'NONE', #9401, #2480, #8081, .T. ) ;
#3763 = LINE ( 'NONE', #6234, #2356 ) ;
#3764 = ADVANCED_FACE ( 'NONE', ( #2618 ), #8897, .F. ) ;
#3765 = CARTESIAN_POINT ( 'NONE',  ( 725.3236735400701036, 893.3561263297817732, 1212.380460436409521 ) ) ;
#3766 = VERTEX_POINT ( 'NONE', #5822 ) ;
#3767 = CARTESIAN_POINT ( 'NONE',  ( 741.6032176124708712, 885.1428234644012036, 1210.998227313580855 ) ) ;
#3768 = CARTESIAN_POINT ( 'NONE',  ( 735.9775387115440708, 888.3908106922258412, 1226.388799771450749 ) ) ;
#3769 = LINE ( 'NONE', #9850, #866 ) ;
#3770 = CARTESIAN_POINT ( 'NONE',  ( 729.1775730096182997, 891.6582549167801517, 1232.015373961645764 ) ) ;
#3771 = CARTESIAN_POINT ( 'NONE',  ( 716.0254855371050553, 898.6173744583662710, 1194.806637709258212 ) ) ;
#3772 = ORIENTED_EDGE ( 'NONE', *, *, #7643, .F. ) ;
#3773 = DIRECTION ( 'NONE',  ( 0.5845683251975030137, -0.3375006799125114809, -0.7378164841167340615 ) ) ;
#3774 = CARTESIAN_POINT ( 'NONE',  ( 723.3085350328062759, 895.7052633765092651, 1193.911403154396567 ) ) ;
#3775 = DIRECTION ( 'NONE',  ( -0.7745966692414846255, 0.4472135954999568175, -0.4472135954999568175 ) ) ;
#3776 = ORIENTED_EDGE ( 'NONE', *, *, #10100, .F. ) ;
#3777 = CARTESIAN_POINT ( 'NONE',  ( 725.3236735400701036, 893.3561263297817732, 1212.380460436409521 ) ) ;
#3778 = EDGE_CURVE ( 'NONE', #3473, #3811, #2183, .T. ) ;
#3779 = EDGE_LOOP ( 'NONE', ( #5005, #8028, #6843, #1768, #3272, #403, #3602, #4105 ) ) ;
#3780 = VERTEX_POINT ( 'NONE', #4177 ) ;
#3781 = VERTEX_POINT ( 'NONE', #925 ) ;
#3782 = ORIENTED_EDGE ( 'NONE', *, *, #2365, .T. ) ;
#3783 = CARTESIAN_POINT ( 'NONE',  ( 710.0285342194040368, 903.3724754209654293, 1212.019893770027920 ) ) ;
#3784 = ORIENTED_EDGE ( 'NONE', *, *, #2408, .F. ) ;
#3785 = B_SPLINE_CURVE_WITH_KNOTS ( 'NONE', 3,
 ( #7736, #6141, #6918, #8460, #6193, #4503, #4660, #6761 ),
 .UNSPECIFIED., .F., .F.,
 ( 4, 2, 2, 4 ),
 ( 0.000000000000000000, 0.001064839483366278577, 0.001597259225049374931, 0.002129678966732471285 ),
 .UNSPECIFIED. ) ;
#3786 = CARTESIAN_POINT ( 'NONE',  ( 717.1800848525040237, 879.2510169669742481, 1212.380460436409521 ) ) ;
#3787 = FACE_OUTER_BOUND ( 'NONE', #1475, .T. ) ;
#3788 = DIRECTION ( 'NONE',  ( 0.5845683251975080097, -0.3375006799125091494, -0.7378164841167310639 ) ) ;
#3789 = ADVANCED_FACE ( 'NONE', ( #4856 ), #6427, .F. ) ;
#3790 = ORIENTED_EDGE ( 'NONE', *, *, #5415, .T. ) ;
#3791 = ORIENTED_EDGE ( 'NONE', *, *, #1667, .T. ) ;
#3792 = CARTESIAN_POINT ( 'NONE',  ( 709.1172344971188295, 902.7129182738358395, 1204.138829892445983 ) ) ;
#3793 = CARTESIAN_POINT ( 'NONE',  ( 717.1800848525040237, 879.2510169669742481, 1212.380460436409521 ) ) ;
#3794 = CARTESIAN_POINT ( 'NONE',  ( 775.6024668973317375, 872.4415509678161698, 1201.196694252335419 ) ) ;
#3795 = DIRECTION ( 'NONE',  ( 0.9191549906597957786, 0.2638851637442225506, 0.2924358451026064509 ) ) ;
#3796 = CARTESIAN_POINT ( 'NONE',  ( 737.8540266798868288, 886.6489020546389384, 1198.193546384565707 ) ) ;
#3797 = DIRECTION ( 'NONE',  ( -0.8660254037844381525, 0.5000000000000008882, 0.000000000000000000 ) ) ;
#3798 = LINE ( 'NONE', #6943, #6202 ) ;
#3799 = ORIENTED_EDGE ( 'NONE', *, *, #5588, .T. ) ;
#3800 = CARTESIAN_POINT ( 'NONE',  ( 741.5928820054504058, 885.1487907298967457, 1213.911104343632587 ) ) ;
#3801 = VERTEX_POINT ( 'NONE', #307 ) ;
#3802 = CARTESIAN_POINT ( 'NONE',  ( 717.1800848525040237, 879.2510169669742481, 1212.380460436409521 ) ) ;
#3803 = CARTESIAN_POINT ( 'NONE',  ( 714.6978760019350148, 899.2201527970479447, 1200.577767496208025 ) ) ;
#3804 = CIRCLE ( 'NONE', #9890, 19.56600634797362304 ) ;
#3805 = CARTESIAN_POINT ( 'NONE',  ( 710.3924384371973701, 901.5478962915076409, 1211.807572920749635 ) ) ;
#3806 = EDGE_CURVE ( 'NONE', #7802, #6770, #8833, .T. ) ;
#3807 = CARTESIAN_POINT ( 'NONE',  ( 717.1800848525040237, 879.2510169669742481, 1212.380460436409521 ) ) ;
#3808 = CARTESIAN_POINT ( 'NONE',  ( 739.2343720430361600, 887.0547825756557359, 1200.703693930291365 ) ) ;
#3809 = AXIS2_PLACEMENT_3D ( 'NONE', #8274, #6531, #2805 ) ;
#3810 = CARTESIAN_POINT ( 'NONE',  ( 734.5061999168379998, 889.2402885414184084, 1227.649182126125652 ) ) ;
#3811 = VERTEX_POINT ( 'NONE', #9585 ) ;
#3812 = CARTESIAN_POINT ( 'NONE',  ( 725.9437266857926261, 894.1838347662911701, 1192.814841508976997 ) ) ;
#3813 = CARTESIAN_POINT ( 'NONE',  ( 714.5350674786196805, 899.3141574372275500, 1223.986366704748662 ) ) ;
#3814 = ORIENTED_EDGE ( 'NONE', *, *, #4326, .F. ) ;
#3815 = CONICAL_SURFACE ( 'NONE', #1831, 18.17967805303275597, 0.8981840042400328628 ) ;
#3816 = CARTESIAN_POINT ( 'NONE',  ( 734.8027869162456227, 887.6125886922820882, 1225.176974724603042 ) ) ;
#3817 = CARTESIAN_POINT ( 'NONE',  ( 708.4816759531732941, 903.8628651470321529, 1211.341368707071297 ) ) ;
#3818 = B_SPLINE_CURVE_WITH_KNOTS ( 'NONE', 3,
 ( #1828, #4994, #8169, #7345, #5646, #2699, #1880, #3428 ),
 .UNSPECIFIED., .F., .F.,
 ( 4, 2, 2, 4 ),
 ( 0.000000000000000000, 0.001064839483365913417, 0.001597259225048870126, 0.002129678966731826835 ),
 .UNSPECIFIED. ) ;
#3819 = CARTESIAN_POINT ( 'NONE',  ( 738.3219463165946763, 884.3555984680424444, 1204.159250063973559 ) ) ;
#3820 = EDGE_CURVE ( 'NONE', #8063, #9255, #1339, .T. ) ;
#3821 = CARTESIAN_POINT ( 'NONE',  ( 741.8201193623616518, 885.0175951807140109, 1205.882831277930563 ) ) ;
#3822 = EDGE_CURVE ( 'NONE', #4534, #5391, #4667, .T. ) ;
#3823 = CARTESIAN_POINT ( 'NONE',  ( 716.5050621447535377, 897.8640236894279951, 1198.378548267955011 ) ) ;
#3824 = CARTESIAN_POINT ( 'NONE',  ( 710.0226281862968563, 904.1674707171374621, 1208.890119216361654 ) ) ;
#3825 = CARTESIAN_POINT ( 'NONE',  ( 725.3203137854634406, 894.5437623721128375, 1230.628262570945253 ) ) ;
#3826 = ORIENTED_EDGE ( 'NONE', *, *, #3703, .T. ) ;
#3827 = CARTESIAN_POINT ( 'NONE',  ( 722.9197935529398364, 895.9297033745556291, 1231.654304717584182 ) ) ;
#3828 = ORIENTED_EDGE ( 'NONE', *, *, #664, .F. ) ;
#3829 = VERTEX_POINT ( 'NONE', #3394 ) ;
#3830 = EDGE_LOOP ( 'NONE', ( #4981, #2643, #646, #8641, #5515, #8061, #5828, #10088, #10105, #7277, #3776, #7986, #3486, #10049, #5036, #8861, #956, #9617, #8365, #2463, #8721, #825, #6248, #2274, #7511, #7209, #4941, #1855, #1523, #1893, #8422, #2226, #5246, #3447, #7147, #7120, #7625, #4021, #8285, #938, #583, #4518, #8931, #6823, #4615, #6695, #180, #3438, #5953, #5070, #7560, #5740, #2803, #4327, #1579, #5233, #7893, #3623, #4092, #5096, #5340, #2817, #3630, #3572, #4286, #1927, #7261, #367, #8001, #5566, #9194, #2857, #1349, #2959, #1710, #3557, #6503, #7384, #9819, #3589, #8746, #3627, #92, #5130, #6079, #6386 ) ) ;
#3831 = CARTESIAN_POINT ( 'NONE',  ( 710.7358765321170040, 902.9640911463114890, 1206.969733688804126 ) ) ;
#3832 = B_SPLINE_CURVE_WITH_KNOTS ( 'NONE', 3,
 ( #7943, #8877, #1812, #939 ),
 .UNSPECIFIED., .F., .F.,
 ( 4, 4 ),
 ( 0.0009352727177710075737, 0.002387895279818655781 ),
 .UNSPECIFIED. ) ;
#3833 = EDGE_CURVE ( 'NONE', #9283, #4031, #83, .T. ) ;
#3834 = EDGE_CURVE ( 'NONE', #5411, #5578, #7719, .T. ) ;
#3835 = DIRECTION ( 'NONE',  ( 0.5000000000000009992, 0.8660254037844381525, -5.726519994466740890E-15 ) ) ;
#3836 = CARTESIAN_POINT ( 'NONE',  ( 733.8937654612071810, 886.3218786386516967, 1197.860196231956479 ) ) ;
#3837 = CARTESIAN_POINT ( 'NONE',  ( 729.3476735508081674, 891.8158758171281306, 1231.785593962999201 ) ) ;
#3838 = AXIS2_PLACEMENT_3D ( 'NONE', #8266, #6054, #9092 ) ;
#3839 = B_SPLINE_SURFACE_WITH_KNOTS ( 'NONE', 3, 1, ( 
 ( #3802, #6948 ),
 ( #7664, #8491 ),
 ( #9214, #2250 ),
 ( #1442, #9938 ),
 ( #2142, #7716 ),
 ( #2095, #2872 ) ),
 .UNSPECIFIED., .F., .F., .F.,
 ( 4, 1, 1, 4 ),
 ( 2, 2 ),
 ( 0.000000000000000000, 0.3395620866332510479, 0.7109345430498769103, 1.000000000000000000 ),
 ( 0.000000000000000000, 1.000000000000000000 ),
 .UNSPECIFIED. ) ;
#3840 = ORIENTED_EDGE ( 'NONE', *, *, #1148, .T. ) ;
#3841 = ORIENTED_EDGE ( 'NONE', *, *, #6425, .F. ) ;
#3842 = DIRECTION ( 'NONE',  ( 0.5845683251975080097, -0.3375006799125091494, -0.7378164841167310639 ) ) ;
#3843 = CARTESIAN_POINT ( 'NONE',  ( 729.5291000906105410, 890.0379557152493817, 1195.855251795096819 ) ) ;
#3844 = ADVANCED_FACE ( 'NONE', ( #6700 ), #1259, .F. ) ;
#3845 = DIRECTION ( 'NONE',  ( -0.4999999999999988343, -0.8660254037844394848, 2.975261781898571487E-15 ) ) ;
#3846 = AXIS2_PLACEMENT_3D ( 'NONE', #3919, #7061, #8610 ) ;
#3847 = CARTESIAN_POINT ( 'NONE',  ( 740.0016125415177157, 886.0675105832515328, 1223.119044995935838 ) ) ;
#3848 = DIRECTION ( 'NONE',  ( 0.5000000000000009992, 0.8660254037844381525, -5.726519994466740890E-15 ) ) ;
#3849 = DIRECTION ( 'NONE',  ( -0.4999999999999988343, -0.8660254037844394848, 2.975261781898571487E-15 ) ) ;
#3850 = EDGE_LOOP ( 'NONE', ( #9806, #9498, #2752, #8195 ) ) ;
#3851 = CARTESIAN_POINT ( 'NONE',  ( 712.6594023786248044, 901.4508536706980522, 1225.388757025069708 ) ) ;
#3852 = B_SPLINE_CURVE_WITH_KNOTS ( 'NONE', 3,
 ( #7035, #7949, #120, #6409, #797, #7080, #2382, #3118 ),
 .UNSPECIFIED., .F., .F.,
 ( 4, 2, 2, 4 ),
 ( 0.000000000000000000, 0.001064839483359002930, 0.001597259225038279639, 0.002129678966717556566 ),
 .UNSPECIFIED. ) ;
#3853 = ORIENTED_EDGE ( 'NONE', *, *, #3820, .F. ) ;
#3854 = CARTESIAN_POINT ( 'NONE',  ( 712.9120887831561504, 901.7076544173601178, 1201.863949133040705 ) ) ;
#3855 = CONICAL_SURFACE ( 'NONE', #4352, 20.44804870789273821, 0.7096869864122512528 ) ;
#3856 = CYLINDRICAL_SURFACE ( 'NONE', #4478, 1.200000000000046141 ) ;
#3857 = B_SPLINE_CURVE_WITH_KNOTS ( 'NONE', 3,
 ( #4602, #7732, #5894, #3472, #3420, #4552, #7684, #2161, #3719, #5136 ),
 .UNSPECIFIED., .F., .F.,
 ( 4, 3, 3, 4 ),
 ( 0.000000000000000000, 0.0001770958401172695589, 0.0003541916793411015044, 0.0006316937728062591018 ),
 .UNSPECIFIED. ) ;
#3858 = EDGE_CURVE ( 'NONE', #2503, #6004, #2053, .T. ) ;
#3859 = CARTESIAN_POINT ( 'NONE',  ( 708.7158463808052602, 900.8583569973205840, 1211.091351928926088 ) ) ;
#3860 = CARTESIAN_POINT ( 'NONE',  ( 710.7062843410831192, 901.5246082546262869, 1209.890604227198310 ) ) ;
#3861 = CARTESIAN_POINT ( 'NONE',  ( 725.3236735400701036, 893.3561263297817732, 1212.380460436409521 ) ) ;
#3862 = B_SPLINE_SURFACE_WITH_KNOTS ( 'NONE', 3, 1, ( 
 ( #1409, #2270 ),
 ( #9960, #6816 ),
 ( #573, #7837 ),
 ( #782, #6140 ) ),
 .UNSPECIFIED., .F., .F., .F.,
 ( 4, 4 ),
 ( 2, 2 ),
 ( 0.000000000000000000, 1.000000000000000000 ),
 ( 0.000000000000000000, 1.000000000000000000 ),
 .UNSPECIFIED. ) ;
#3863 = CARTESIAN_POINT ( 'NONE',  ( 710.5470649440788975, 901.6165336163469419, 1212.475632673229256 ) ) ;
#3864 = ORIENTED_EDGE ( 'NONE', *, *, #8794, .F. ) ;
#3865 = CARTESIAN_POINT ( 'NONE',  ( 729.1659345281950664, 890.8670153122601505, 1196.082015810847679 ) ) ;
#3866 = CARTESIAN_POINT ( 'NONE',  ( 736.3086028430884653, 888.1996707267596776, 1226.060015586648888 ) ) ;
#3867 = VERTEX_POINT ( 'NONE', #1947 ) ;
#3868 = CARTESIAN_POINT ( 'NONE',  ( 717.1800848525040237, 879.2510169669742481, 1212.380460436409521 ) ) ;
#3869 = AXIS2_PLACEMENT_3D ( 'NONE', #2414, #1698, #1606 ) ;
#3870 = DIRECTION ( 'NONE',  ( -0.5000000000000009992, -0.8660254037844382635, -0.000000000000000000 ) ) ;
#3871 = DIRECTION ( 'NONE',  ( -0.8660254037844380415, 0.5000000000000009992, 7.755542486426317654E-17 ) ) ;
#3872 = CARTESIAN_POINT ( 'NONE',  ( 716.4739330411533729, 899.6512226761939246, 1197.124669403321150 ) ) ;
#3873 = ORIENTED_EDGE ( 'NONE', *, *, #5196, .F. ) ;
#3874 = CARTESIAN_POINT ( 'NONE',  ( 709.2477352961220731, 903.8571436733685687, 1208.558639603123311 ) ) ;
#3875 = CARTESIAN_POINT ( 'NONE',  ( 711.0022397512065027, 902.8103062700679402, 1202.925407445507062 ) ) ;
#3876 = B_SPLINE_CURVE_WITH_KNOTS ( 'NONE', 3,
 ( #5809, #8796, #8851, #1886 ),
 .UNSPECIFIED., .F., .F.,
 ( 4, 4 ),
 ( 0.000000000000000000, 0.001331005199731695931 ),
 .UNSPECIFIED. ) ;
#3877 = CARTESIAN_POINT ( 'NONE',  ( 707.7850605171971665, 903.5661852411045629, 1210.136193957669093 ) ) ;
#3878 = AXIS2_PLACEMENT_3D ( 'NONE', #8647, #10044, #2975 ) ;
#3879 = ORIENTED_EDGE ( 'NONE', *, *, #2779, .F. ) ;
#3880 = EDGE_CURVE ( 'NONE', #8107, #8802, #714, .T. ) ;
#3881 = ORIENTED_EDGE ( 'NONE', *, *, #7563, .T. ) ;
#3882 = ORIENTED_EDGE ( 'NONE', *, *, #7399, .T. ) ;
#3883 = CARTESIAN_POINT ( 'NONE',  ( 725.1426476096426086, 894.6463379865485877, 1194.140521925234680 ) ) ;
#3884 = ORIENTED_EDGE ( 'NONE', *, *, #5490, .F. ) ;
#3885 = CARTESIAN_POINT ( 'NONE',  ( 734.8055655381782572, 889.1013235032143029, 1195.788177676085752 ) ) ;
#3886 = CARTESIAN_POINT ( 'NONE',  ( 715.5615509066453797, 900.7222922312292894, 1227.212921580427746 ) ) ;
#3887 = CARTESIAN_POINT ( 'NONE',  ( 709.5748160114112579, 903.6344297504867882, 1208.713706615953470 ) ) ;
#3888 = ORIENTED_EDGE ( 'NONE', *, *, #9419, .F. ) ;
#3889 = EDGE_CURVE ( 'NONE', #4118, #677, #10197, .T. ) ;
#3890 = ORIENTED_EDGE ( 'NONE', *, *, #1252, .F. ) ;
#3891 = CARTESIAN_POINT ( 'NONE',  ( 725.8370950929727314, 894.2453985451099925, 1212.380460436409521 ) ) ;
#3892 = ADVANCED_FACE ( 'NONE', ( #3499 ), #2376, .T. ) ;
#3893 = AXIS2_PLACEMENT_3D ( 'NONE', #5232, #6868, #6967 ) ;
#3894 = CARTESIAN_POINT ( 'NONE',  ( 712.0326349475562893, 900.7588393749391571, 1204.954850656931058 ) ) ;
#3895 = DESIGN_CONTEXT ( 'detailed design', #224, 'design' ) ;
#3896 = CARTESIAN_POINT ( 'NONE',  ( 726.4762073265154640, 892.4198761575637491, 1229.244304917677255 ) ) ;
#3897 = DIRECTION ( 'NONE',  ( 0.5845683251975072325, -0.3375006799125115364, -0.7378164841167307308 ) ) ;
#3898 = CIRCLE ( 'NONE', #7025, 19.56600634797373672 ) ;
#3899 = CARTESIAN_POINT ( 'NONE',  ( 717.1800848525040237, 879.2510169669742481, 1212.380460436409521 ) ) ;
#3900 = CARTESIAN_POINT ( 'NONE',  ( 732.5895329318277618, 890.3468767411610543, 1229.375665912283466 ) ) ;
#3901 = VERTEX_POINT ( 'NONE', #2876 ) ;
#3902 = DIRECTION ( 'NONE',  ( -0.8660254037844389297, 0.4999999999999993894, 0.000000000000000000 ) ) ;
#3903 = ORIENTED_EDGE ( 'NONE', *, *, #8402, .T. ) ;
#3904 = CARTESIAN_POINT ( 'NONE',  ( 718.5296165272070539, 896.8498943307984064, 1197.148603971431612 ) ) ;
#3905 = EDGE_CURVE ( 'NONE', #8885, #8243, #1820, .T. ) ;
#3906 = CARTESIAN_POINT ( 'NONE',  ( 730.0632738904295138, 891.8054130787548957, 1229.973798907551100 ) ) ;
#3907 = DIRECTION ( 'NONE',  ( 0.8660254037844441477, -0.4999999999999902855, 0.000000000000000000 ) ) ;
#3908 = B_SPLINE_CURVE_WITH_KNOTS ( 'NONE', 3,
 ( #8029, #971, #4119, #7407, #5007, #4223, #7359, #6641, #2556, #8748 ),
 .UNSPECIFIED., .F., .F.,
 ( 4, 3, 3, 4 ),
 ( 0.000000000000000000, 0.0001770953904238259434, 0.0003541907790579310088, 0.0006813326750120963365 ),
 .UNSPECIFIED. ) ;
#3909 = CARTESIAN_POINT ( 'NONE',  ( 728.6906948856260442, 891.1413411691941064, 1228.822846003999075 ) ) ;
#3910 = CARTESIAN_POINT ( 'NONE',  ( 719.5490070779821963, 896.1066012628230055, 1228.293684648187082 ) ) ;
#3911 = LINE ( 'NONE', #4790, #6524 ) ;
#3912 = EDGE_LOOP ( 'NONE', ( #4413, #4714, #6749, #1614 ) ) ;
#3913 = CARTESIAN_POINT ( 'NONE',  ( 724.4202779218370551, 891.7913992196671416, 1212.380460436409521 ) ) ;
#3914 = LINE ( 'NONE', #9383, #2845 ) ;
#3915 = EDGE_CURVE ( 'NONE', #6915, #6469, #346, .T. ) ;
#3916 = CARTESIAN_POINT ( 'NONE',  ( 743.1321332184672883, 890.0336063196066334, 1234.086781508788363 ) ) ;
#3917 = ORIENTED_EDGE ( 'NONE', *, *, #7423, .F. ) ;
#3918 =( NAMED_UNIT ( * ) SI_UNIT ( $, .STERADIAN. ) SOLID_ANGLE_UNIT ( ) );
#3919 = CARTESIAN_POINT ( 'NONE',  ( 775.6024668973317375, 872.4415509678161698, 1201.196694252335419 ) ) ;
#3920 = CARTESIAN_POINT ( 'NONE',  ( 742.1764353496048443, 883.6261797624614474, 1206.100710827652847 ) ) ;
#3921 = CARTESIAN_POINT ( 'NONE',  ( 710.2247088353641402, 903.2592139536328659, 1215.268867221911705 ) ) ;
#3922 = B_SPLINE_SURFACE_WITH_KNOTS ( 'NONE', 3, 1, ( 
 ( #7913, #855 ),
 ( #4741, #7869 ),
 ( #3950, #6374 ),
 ( #9470, #4943 ),
 ( #8846, #8065 ),
 ( #2395, #5554 ) ),
 .UNSPECIFIED., .F., .F., .F.,
 ( 4, 1, 1, 4 ),
 ( 2, 2 ),
 ( 0.000000000000000000, 0.2890654569501156512, 0.6604379133667447332, 1.000000000000000000 ),
 ( 0.000000000000000000, 1.000000000000000000 ),
 .UNSPECIFIED. ) ;
#3923 = CARTESIAN_POINT ( 'NONE',  ( 710.9212151264090380, 902.8570858590056787, 1206.322925206220361 ) ) ;
#3924 = CYLINDRICAL_SURFACE ( 'NONE', #7507, 22.98482582222968773 ) ;
#3925 = CARTESIAN_POINT ( 'NONE',  ( 742.5759962380021761, 885.3727749094562114, 1213.726974394229273 ) ) ;
#3926 = B_SPLINE_CURVE_WITH_KNOTS ( 'NONE', 3,
 ( #514, #5277, #2059, #5227, #6090, #3823, #8361, #10010 ),
 .UNSPECIFIED., .F., .F.,
 ( 4, 2, 2, 4 ),
 ( 0.000000000000000000, 0.001064839483326355868, 0.001597259224989208649, 0.002129678966652061214 ),
 .UNSPECIFIED. ) ;
#3927 = CARTESIAN_POINT ( 'NONE',  ( 710.9328761062288322, 899.5783542885350244, 1221.758840740748383 ) ) ;
#3928 = B_SPLINE_CURVE_WITH_KNOTS ( 'NONE', 3,
 ( #7824, #9380, #1495, #6231 ),
 .UNSPECIFIED., .F., .F.,
 ( 4, 4 ),
 ( 0.0009352727177708740000, 0.002387895279818222534 ),
 .UNSPECIFIED. ) ;
#3929 = ADVANCED_FACE ( 'NONE', ( #9062 ), #751, .T. ) ;
#3930 = CARTESIAN_POINT ( 'NONE',  ( 717.7254847512070910, 898.9286389594897173, 1195.697242870086257 ) ) ;
#3931 = CARTESIAN_POINT ( 'NONE',  ( 725.8370950929727314, 894.2453985451099925, 1212.380460436409521 ) ) ;
#3932 = CARTESIAN_POINT ( 'NONE',  ( 733.8937654612071810, 886.3218786386516967, 1197.860196231956479 ) ) ;
#3933 = B_SPLINE_CURVE_WITH_KNOTS ( 'NONE', 1,
 ( #3167, #8486 ),
 .UNSPECIFIED., .F., .F.,
 ( 2, 2 ),
 ( 0.000000000000000000, 0.002900000000001410564 ),
 .UNSPECIFIED. ) ;
#3934 = EDGE_LOOP ( 'NONE', ( #4157, #5619, #3090, #8889 ) ) ;
#3935 = B_SPLINE_CURVE_WITH_KNOTS ( 'NONE', 3,
 ( #9746, #1854, #5021, #5121, #6604, #3663, #2830, #8143, #2050, #4339 ),
 .UNSPECIFIED., .F., .F.,
 ( 4, 3, 3, 4 ),
 ( 0.000000000000000000, 0.0001770953904237871832, 0.0003541907790578372253, 0.0006813326750119836879 ),
 .UNSPECIFIED. ) ;
#3936 = ORIENTED_EDGE ( 'NONE', *, *, #814, .F. ) ;
#3937 = DIRECTION ( 'NONE',  ( 0.5000000000000009992, 0.8660254037844381525, -5.726519994466740890E-15 ) ) ;
#3938 = CARTESIAN_POINT ( 'NONE',  ( 717.1243416831581499, 899.3095828555126445, 1229.132797069003118 ) ) ;
#3939 = CARTESIAN_POINT ( 'NONE',  ( 736.2903639054018186, 888.2102009823424851, 1198.682141994071344 ) ) ;
#3940 = CARTESIAN_POINT ( 'NONE',  ( 739.3154516466669293, 886.4636657606009749, 1221.925649074894181 ) ) ;
#3941 = ADVANCED_FACE ( 'NONE', ( #1187 ), #7241, .F. ) ;
#3942 = CARTESIAN_POINT ( 'NONE',  ( 740.1239062509229143, 884.8112079901050038, 1201.152808044508674 ) ) ;
#3943 = EDGE_CURVE ( 'NONE', #677, #914, #9798, .T. ) ;
#3944 = CARTESIAN_POINT ( 'NONE',  ( 725.8370950929727314, 894.2453985451099925, 1212.380460436409521 ) ) ;
#3945 = CARTESIAN_POINT ( 'NONE',  ( 710.7087740272182828, 902.9797387848104790, 1220.184684535611041 ) ) ;
#3946 = ORIENTED_EDGE ( 'NONE', *, *, #5585, .T. ) ;
#3947 = FACE_OUTER_BOUND ( 'NONE', #7022, .T. ) ;
#3948 = ORIENTED_EDGE ( 'NONE', *, *, #7819, .T. ) ;
#3949 = CARTESIAN_POINT ( 'NONE',  ( 737.3432940964423778, 887.6022914531075685, 1226.743785854490397 ) ) ;
#3950 = CARTESIAN_POINT ( 'NONE',  ( 717.1800848525040237, 879.2510169669742481, 1212.380460436409521 ) ) ;
#3951 = CARTESIAN_POINT ( 'NONE',  ( 714.6858085731254278, 904.1476984342916694, 1234.086781508788363 ) ) ;
#3952 = DIRECTION ( 'NONE',  ( 0.5845683251975055672, -0.3375006799125153667, -0.7378164841167301757 ) ) ;
#3953 = ADVANCED_FACE ( 'NONE', ( #2253 ), #5684, .T. ) ;
#3954 = FACE_OUTER_BOUND ( 'NONE', #3218, .T. ) ;
#3955 = CARTESIAN_POINT ( 'NONE',  ( 718.1190758408928332, 898.7013990379091410, 1229.310816307300684 ) ) ;
#3956 = VERTEX_POINT ( 'NONE', #5557 ) ;
#3957 = CARTESIAN_POINT ( 'NONE',  ( 724.4202779218370551, 891.7913992196671416, 1212.380460436409521 ) ) ;
#3958 = CIRCLE ( 'NONE', #9723, 20.44804870789273821 ) ;
#3959 = CARTESIAN_POINT ( 'NONE',  ( 715.5600431125179739, 898.8860977674939932, 1195.144822530412966 ) ) ;
#3960 = CARTESIAN_POINT ( 'NONE',  ( 744.1713637030086375, 889.4336063196064970, 1234.086781508788363 ) ) ;
#3961 = ORIENTED_EDGE ( 'NONE', *, *, #5274, .T. ) ;
#3962 = CARTESIAN_POINT ( 'NONE',  ( 717.1800848525040237, 879.2510169669742481, 1212.380460436409521 ) ) ;
#3963 = CARTESIAN_POINT ( 'NONE',  ( 742.5618471538914491, 885.3809438869764108, 1210.821142099338431 ) ) ;
#3964 = AXIS2_PLACEMENT_3D ( 'NONE', #7442, #6053, #7391 ) ;
#3965 = CARTESIAN_POINT ( 'NONE',  ( 767.2630662397024253, 873.7922045672407876, 1185.380460436409066 ) ) ;
#3966 = EDGE_CURVE ( 'NONE', #9094, #1031, #9071, .T. ) ;
#3967 = CARTESIAN_POINT ( 'NONE',  ( 724.4202779218370551, 891.7913992196671416, 1212.380460436409521 ) ) ;
#3968 = CARTESIAN_POINT ( 'NONE',  ( 720.0698524361555428, 887.9746559832651656, 1203.074134661046855 ) ) ;
#3969 = CARTESIAN_POINT ( 'NONE',  ( 711.8694615869377458, 900.8530475586170496, 1219.406974558116417 ) ) ;
#3970 = DIRECTION ( 'NONE',  ( 0.7745966692414846255, -0.4472135954999568175, 0.4472135954999568175 ) ) ;
#3971 = CIRCLE ( 'NONE', #2317, 19.56600634797358751 ) ;
#3972 = B_SPLINE_CURVE_WITH_KNOTS ( 'NONE', 3,
 ( #4034, #7177, #23, #8677, #3211, #7224, #3161, #3261 ),
 .UNSPECIFIED., .F., .F.,
 ( 4, 2, 2, 4 ),
 ( 0.000000000000000000, 0.001064839483313708649, 0.001597259224970814509, 0.002129678966627920368 ),
 .UNSPECIFIED. ) ;
#3973 = CARTESIAN_POINT ( 'NONE',  ( 717.1800848525040237, 879.2510169669742481, 1212.380460436409521 ) ) ;
#3974 = CARTESIAN_POINT ( 'NONE',  ( 739.4902610788770971, 885.9600501775179282, 1200.559715537370039 ) ) ;
#3975 = EDGE_CURVE ( 'NONE', #3370, #3386, #8585, .T. ) ;
#3976 = ORGANIZATION ( 'UNSPECIFIED', 'UNSPECIFIED', '' ) ;
#3977 = ORIENTED_EDGE ( 'NONE', *, *, #3516, .F. ) ;
#3978 = CARTESIAN_POINT ( 'NONE',  ( 713.1258518378497229, 900.1277684667722951, 1221.969371960941544 ) ) ;
#3979 = CARTESIAN_POINT ( 'NONE',  ( 724.6425855034862025, 893.4785392912299358, 1195.465382731083082 ) ) ;
#3980 = CARTESIAN_POINT ( 'NONE',  ( 717.1800848525040237, 879.2510169669742481, 1212.380460436409521 ) ) ;
#3981 = ORIENTED_EDGE ( 'NONE', *, *, #2885, .T. ) ;
#3982 = ORIENTED_EDGE ( 'NONE', *, *, #4916, .T. ) ;
#3983 = CARTESIAN_POINT ( 'NONE',  ( 742.5968756122205150, 884.1664454404235585, 1208.871841015704149 ) ) ;
#3984 = CARTESIAN_POINT ( 'NONE',  ( 727.0278516463603182, 893.5579149284725418, 1231.898095270486237 ) ) ;
#3985 = EDGE_CURVE ( 'NONE', #637, #1688, #9204, .T. ) ;
#3986 = CARTESIAN_POINT ( 'NONE',  ( 717.9884006225040594, 897.5911481233184759, 1193.769145125731484 ) ) ;
#3987 = CARTESIAN_POINT ( 'NONE',  ( 742.1074556451687840, 884.8517015004873656, 1208.761823287238940 ) ) ;
#3988 = AXIS2_PLACEMENT_3D ( 'NONE', #9041, #9817, #2126 ) ;
#3989 = CARTESIAN_POINT ( 'NONE',  ( 740.5822071145610153, 885.7323041502147589, 1205.789483122179263 ) ) ;
#3990 = CARTESIAN_POINT ( 'NONE',  ( 708.0584161131832843, 903.3242273528240958, 1207.833973447737890 ) ) ;
#3991 = ORIENTED_EDGE ( 'NONE', *, *, #1501, .F. ) ;
#3992 = CARTESIAN_POINT ( 'NONE',  ( 727.0600426745659206, 893.5732032135357485, 1231.880495564854527 ) ) ;
#3993 = ORIENTED_EDGE ( 'NONE', *, *, #2963, .T. ) ;
#3994 = LINE ( 'NONE', #9517, #7468 ) ;
#3995 = CARTESIAN_POINT ( 'NONE',  ( 711.7992909101118357, 902.3501285689159204, 1201.422266727067608 ) ) ;
#3996 = EDGE_CURVE ( 'NONE', #9579, #1827, #9694, .T. ) ;
#3997 = AXIS2_PLACEMENT_3D ( 'NONE', #2947, #6096, #5676 ) ;
#3998 = B_SPLINE_SURFACE_WITH_KNOTS ( 'NONE', 3, 1, ( 
 ( #170, #8778 ),
 ( #3312, #4189 ),
 ( #265, #6502 ),
 ( #3404, #6561 ),
 ( #9698, #1857 ),
 ( #7376, #5573 ) ),
 .UNSPECIFIED., .F., .F., .F.,
 ( 4, 1, 1, 4 ),
 ( 2, 2 ),
 ( 0.000000000000000000, 0.2890654569501156512, 0.6604379133667447332, 1.000000000000000000 ),
 ( 0.000000000000000000, 1.000000000000000000 ),
 .UNSPECIFIED. ) ;
#3999 = CARTESIAN_POINT ( 'NONE',  ( 717.1800848525040237, 879.2510169669742481, 1212.380460436409521 ) ) ;
#4000 = CARTESIAN_POINT ( 'NONE',  ( 728.7403408473347781, 891.1127048788623597, 1228.808697003606540 ) ) ;
#4001 = CARTESIAN_POINT ( 'NONE',  ( 733.8234596532691967, 888.3417093113691863, 1230.424449331597771 ) ) ;
#4002 = DIRECTION ( 'NONE',  ( 1.214772235935043662E-14, -1.551108497285261312E-16, 1.000000000000000000 ) ) ;
#4003 = ORIENTED_EDGE ( 'NONE', *, *, #3858, .T. ) ;
#4004 = CARTESIAN_POINT ( 'NONE',  ( 738.9198536432428455, 887.4836498207363320, 1224.374106440248170 ) ) ;
#4005 = AXIS2_PLACEMENT_3D ( 'NONE', #3496, #4276, #5767 ) ;
#4006 = CARTESIAN_POINT ( 'NONE',  ( 713.8790444214836270, 897.8773832186659547, 1198.876983507578188 ) ) ;
#4007 = VERTEX_POINT ( 'NONE', #8546 ) ;
#4008 = CARTESIAN_POINT ( 'NONE',  ( 728.0499692478734914, 883.3673333938553469, 1218.377283438328959 ) ) ;
#4009 = CARTESIAN_POINT ( 'NONE',  ( 743.1713637030086375, 887.7015555120376575, 1234.086781508788363 ) ) ;
#4010 = EDGE_CURVE ( 'NONE', #6458, #7202, #3541, .T. ) ;
#4011 = B_SPLINE_CURVE_WITH_KNOTS ( 'NONE', 1,
 ( #1072, #7354 ),
 .UNSPECIFIED., .F., .F.,
 ( 2, 2 ),
 ( 0.000000000000000000, 0.002899999999999300707 ),
 .UNSPECIFIED. ) ;
#4012 = EDGE_CURVE ( 'NONE', #3187, #2379, #1243, .T. ) ;
#4013 = VERTEX_POINT ( 'NONE', #10201 ) ;
#4014 = CARTESIAN_POINT ( 'NONE',  ( 725.3236735400701036, 893.3561263297817732, 1212.380460436409521 ) ) ;
#4015 = FACE_OUTER_BOUND ( 'NONE', #9679, .T. ) ;
#4016 = CARTESIAN_POINT ( 'NONE',  ( 711.8085632419833928, 902.3447751856139121, 1203.957602865902345 ) ) ;
#4017 = DIRECTION ( 'NONE',  ( 0.5000000000000009992, 0.8660254037844381525, -5.726519994466740890E-15 ) ) ;
#4018 = CARTESIAN_POINT ( 'NONE',  ( 725.3236735400701036, 893.3561263297817732, 1212.380460436409521 ) ) ;
#4019 = CARTESIAN_POINT ( 'NONE',  ( 710.3490964706339810, 900.2078447025294281, 1205.000937857740382 ) ) ;
#4020 = ORIENTED_EDGE ( 'NONE', *, *, #1803, .T. ) ;
#4021 = ORIENTED_EDGE ( 'NONE', *, *, #931, .T. ) ;
#4022 = CARTESIAN_POINT ( 'NONE',  ( 733.8712343564862977, 888.4211897915116651, 1230.288790939652472 ) ) ;
#4023 = EDGE_CURVE ( 'NONE', #9370, #1917, #3029, .T. ) ;
#4024 = VERTEX_POINT ( 'NONE', #9326 ) ;
#4025 = LINE ( 'NONE', #7168, #1672 ) ;
#4026 = CARTESIAN_POINT ( 'NONE',  ( 739.6838721882140817, 886.2509580617635265, 1202.685792643054128 ) ) ;
#4027 = CARTESIAN_POINT ( 'NONE',  ( 730.1125064456340397, 891.7769886497547986, 1229.957894179372943 ) ) ;
#4028 = CIRCLE ( 'NONE', #8645, 2.200000000000022382 ) ;
#4029 = CARTESIAN_POINT ( 'NONE',  ( 717.1800848525040237, 879.2510169669742481, 1212.380460436409521 ) ) ;
#4030 = ORIENTED_EDGE ( 'NONE', *, *, #9622, .T. ) ;
#4031 = VERTEX_POINT ( 'NONE', #6999 ) ;
#4032 = CARTESIAN_POINT ( 'NONE',  ( 737.3488283500071248, 884.3270971496548327, 1222.755308509889119 ) ) ;
#4033 = EDGE_CURVE ( 'NONE', #79, #1567, #7001, .T. ) ;
#4034 = CARTESIAN_POINT ( 'NONE',  ( 733.8937654612071810, 886.3218786386516967, 1197.860196231956479 ) ) ;
#4035 = CARTESIAN_POINT ( 'NONE',  ( 725.5220989679977492, 891.1552625420603135, 1194.245355953064973 ) ) ;
#4036 = CARTESIAN_POINT ( 'NONE',  ( 716.4865519466986825, 898.1874718824903994, 1198.773257380159976 ) ) ;
#4037 = EDGE_LOOP ( 'NONE', ( #10095, #9949, #3233, #8466 ) ) ;
#4038 = CARTESIAN_POINT ( 'NONE',  ( 737.8492056087561650, 885.8536353541425115, 1220.948728840847707 ) ) ;
#4039 = B_SPLINE_CURVE_WITH_KNOTS ( 'NONE', 3,
 ( #7079, #22, #5539, #4772, #7899, #7127, #3210, #4822, #998, #5793 ),
 .UNSPECIFIED., .F., .F.,
 ( 4, 3, 3, 4 ),
 ( 0.000000000000000000, 0.0001770953904238026331, 0.0003541907790579215220, 0.0006813326750120111183 ),
 .UNSPECIFIED. ) ;
#4040 = DIRECTION ( 'NONE',  ( -0.03407854328340603062, 0.8142348011669160446, 0.5795345903881438110 ) ) ;
#4041 = CARTESIAN_POINT ( 'NONE',  ( 717.1800848525040237, 879.2510169669742481, 1212.380460436409521 ) ) ;
#4042 = ORIENTED_EDGE ( 'NONE', *, *, #2944, .F. ) ;
#4043 = CARTESIAN_POINT ( 'NONE',  ( 722.7357579803444878, 894.8502600748313398, 1232.608978755062708 ) ) ;
#4044 = CIRCLE ( 'NONE', #1587, 20.44804870789273821 ) ;
#4045 = AXIS2_PLACEMENT_3D ( 'NONE', #6244, #928, #7838 ) ;
#4046 = ORIENTED_EDGE ( 'NONE', *, *, #9363, .T. ) ;
#4047 = CARTESIAN_POINT ( 'NONE',  ( 713.1163114063049306, 901.5897464309108500, 1225.306048273652550 ) ) ;
#4048 = ORIENTED_EDGE ( 'NONE', *, *, #8092, .F. ) ;
#4049 = DIRECTION ( 'NONE',  ( 0.2440234042801434078, 0.6536725668789272747, -0.7163551866730945017 ) ) ;
#4050 = B_SPLINE_CURVE_WITH_KNOTS ( 'NONE', 3,
 ( #980, #7259, #1850, #8085, #8189, #7417, #309, #8239, #1189, #9741 ),
 .UNSPECIFIED., .F., .F.,
 ( 4, 3, 3, 4 ),
 ( 0.000000000000000000, 0.0001770958401174208593, 0.0003541916793412208751, 0.0006316937728063619925 ),
 .UNSPECIFIED. ) ;
#4051 = CARTESIAN_POINT ( 'NONE',  ( 720.8579994543737257, 897.1200807523755429, 1194.132021590555269 ) ) ;
#4052 = VECTOR ( 'NONE', #494, 1000.000000000000114 ) ;
#4053 = CARTESIAN_POINT ( 'NONE',  ( 741.8779536903670078, 884.3256867119390563, 1219.284959448934615 ) ) ;
#4054 = CARTESIAN_POINT ( 'NONE',  ( 723.2199529316728785, 894.9579486986510801, 1192.390827667022450 ) ) ;
#4055 = CARTESIAN_POINT ( 'NONE',  ( 728.1472657792625114, 892.9116208775064933, 1194.318829414603897 ) ) ;
#4056 = EDGE_CURVE ( 'NONE', #561, #8018, #10151, .T. ) ;
#4057 = CARTESIAN_POINT ( 'NONE',  ( 726.9694412043194234, 892.1350702617638717, 1229.184984195439029 ) ) ;
#4058 = B_SPLINE_SURFACE_WITH_KNOTS ( 'NONE', 3, 1, ( 
 ( #3311, #1571 ),
 ( #4824, #4096 ),
 ( #4729, #24 ),
 ( #7857, #3162 ),
 ( #2478, #6410 ),
 ( #3212, #6461 ) ),
 .UNSPECIFIED., .F., .F., .F.,
 ( 4, 1, 1, 4 ),
 ( 2, 2 ),
 ( 0.000000000000000000, 0.2890654569501156512, 0.6604379133667447332, 1.000000000000000000 ),
 ( 0.000000000000000000, 1.000000000000000000 ),
 .UNSPECIFIED. ) ;
#4059 = ORIENTED_EDGE ( 'NONE', *, *, #9496, .F. ) ;
#4060 = CARTESIAN_POINT ( 'NONE',  ( 712.1031448089993319, 901.0731381128489375, 1198.869341645676286 ) ) ;
#4061 = LINE ( 'NONE', #7198, #7685 ) ;
#4062 = ORIENTED_EDGE ( 'NONE', *, *, #2785, .F. ) ;
#4063 = CARTESIAN_POINT ( 'NONE',  ( 717.1800848525040237, 879.2510169669742481, 1212.380460436409521 ) ) ;
#4064 = CIRCLE ( 'NONE', #7520, 19.56600634797362659 ) ;
#4065 = B_SPLINE_CURVE_WITH_KNOTS ( 'NONE', 3,
 ( #9487, #1888, #9677, #7065 ),
 .UNSPECIFIED., .F., .F.,
 ( 4, 4 ),
 ( 1.005213304777104900E-05, 0.001341057332774120642 ),
 .UNSPECIFIED. ) ;
#4066 = ORIENTED_EDGE ( 'NONE', *, *, #5455, .F. ) ;
#4067 = CARTESIAN_POINT ( 'NONE',  ( 712.0326349475562893, 900.7588393749391571, 1204.954850656931058 ) ) ;
#4068 = B_SPLINE_CURVE_WITH_KNOTS ( 'NONE', 3,
 ( #312, #6658, #5072, #9796 ),
 .UNSPECIFIED., .F., .F.,
 ( 4, 4 ),
 ( 1.005213304779433224E-05, 0.001341057332774218003 ),
 .UNSPECIFIED. ) ;
#4069 = ORIENTED_EDGE ( 'NONE', *, *, #7192, .F. ) ;
#4070 = CARTESIAN_POINT ( 'NONE',  ( 712.3454655308867132, 901.3762767006545573, 1225.438348569600521 ) ) ;
#4071 = CARTESIAN_POINT ( 'NONE',  ( 717.1800848525040237, 879.2510169669742481, 1212.380460436409521 ) ) ;
#4072 = AXIS2_PLACEMENT_3D ( 'NONE', #5924, #9219, #1236 ) ;
#4073 = CARTESIAN_POINT ( 'NONE',  ( 730.8638777583385036, 889.2672123400484452, 1196.431539743884059 ) ) ;
#4074 = ADVANCED_FACE ( 'NONE', ( #9377 ), #3706, .T. ) ;
#4075 = CARTESIAN_POINT ( 'NONE',  ( 722.1604335582995873, 894.9116488743534319, 1228.938449332940763 ) ) ;
#4076 = ADVANCED_FACE ( 'NONE', ( #1447 ), #4589, .F. ) ;
#4077 = ORIENTED_EDGE ( 'NONE', *, *, #3762, .F. ) ;
#4078 = EDGE_LOOP ( 'NONE', ( #9163, #10030, #9384, #4302 ) ) ;
#4079 = CARTESIAN_POINT ( 'NONE',  ( 734.0694271590095923, 888.6940018329313489, 1229.940451392194973 ) ) ;
#4080 = ORIENTED_EDGE ( 'NONE', *, *, #5724, .F. ) ;
#4081 = DIRECTION ( 'NONE',  ( 0.5845683251975080097, -0.3375006799125091494, -0.7378164841167310639 ) ) ;
#4082 = B_SPLINE_CURVE_WITH_KNOTS ( 'NONE', 3,
 ( #1737, #9626, #347, #1791, #2553, #1130, #1029, #6431, #5813, #8073 ),
 .UNSPECIFIED., .F., .F.,
 ( 4, 3, 3, 4 ),
 ( 2.482534153247273118E-16, 0.0001770953904237637373, 0.0003541907790578002540, 0.0006813326750120028783 ),
 .UNSPECIFIED. ) ;
#4083 = CARTESIAN_POINT ( 'NONE',  ( 736.4428750360758613, 888.1221486399933838, 1198.839440971690919 ) ) ;
#4084 = B_SPLINE_CURVE_WITH_KNOTS ( 'NONE', 3,
 ( #31, #2337, #75, #4735 ),
 .UNSPECIFIED., .F., .F.,
 ( 4, 4 ),
 ( 1.110223024625156540E-16, 0.001453450272862877053 ),
 .UNSPECIFIED. ) ;
#4085 = ORIENTED_EDGE ( 'NONE', *, *, #2365, .F. ) ;
#4086 = B_SPLINE_CURVE_WITH_KNOTS ( 'NONE', 3,
 ( #6362, #1621, #7951, #895, #5497, #8634, #4145, #4730 ),
 .UNSPECIFIED., .F., .F.,
 ( 4, 2, 2, 4 ),
 ( 0.000000000000000000, 0.0005319171944732995752, 0.001063834388946599150, 0.002127668777893198301 ),
 .UNSPECIFIED. ) ;
#4087 = CARTESIAN_POINT ( 'NONE',  ( 717.1800848525040237, 879.2510169669742481, 1212.380460436409521 ) ) ;
#4088 = CARTESIAN_POINT ( 'NONE',  ( 740.7738577770142001, 884.9631367847243837, 1222.081732061357570 ) ) ;
#4089 = ADVANCED_FACE ( 'NONE', ( #1588 ), #2543, .T. ) ;
#4090 = CARTESIAN_POINT ( 'NONE',  ( 725.8370950929727314, 894.2453985451099925, 1212.380460436409521 ) ) ;
#4091 = B_SPLINE_SURFACE_WITH_KNOTS ( 'NONE', 3, 1, ( 
 ( #9271, #3026 ),
 ( #10043, #660 ),
 ( #10097, #1491 ),
 ( #1392, #2973 ),
 ( #8597, #4536 ),
 ( #2196, #5364 ) ),
 .UNSPECIFIED., .F., .F., .F.,
 ( 4, 1, 1, 4 ),
 ( 2, 2 ),
 ( 0.000000000000000000, 0.2890654569501156512, 0.6604379133667447332, 1.000000000000000000 ),
 ( 0.000000000000000000, 1.000000000000000000 ),
 .UNSPECIFIED. ) ;
#4092 = ORIENTED_EDGE ( 'NONE', *, *, #5761, .F. ) ;
#4093 = VERTEX_POINT ( 'NONE', #5510 ) ;
#4094 = DIRECTION ( 'NONE',  ( -0.2843302820109364082, 0.9587177098864232416, 0.004079642351175582181 ) ) ;
#4095 = CARTESIAN_POINT ( 'NONE',  ( 745.2105941875499866, 888.8336063196061332, 1190.196798703381319 ) ) ;
#4096 = CARTESIAN_POINT ( 'NONE',  ( 718.6716273825680901, 897.2808229308315049, 1193.479877898441373 ) ) ;
#4097 = CARTESIAN_POINT ( 'NONE',  ( 734.2861260922666133, 889.3673482232759397, 1228.838868977717311 ) ) ;
#4098 = EDGE_LOOP ( 'NONE', ( #5347, #953, #6222, #3799 ) ) ;
#4099 = CARTESIAN_POINT ( 'NONE',  ( 744.1713637030086375, 889.4336063196062696, 1191.396798703381364 ) ) ;
#4100 = CARTESIAN_POINT ( 'NONE',  ( 734.2479790512129512, 889.3893724276974808, 1227.840348147848090 ) ) ;
#4101 = EDGE_CURVE ( 'NONE', #3221, #2615, #9337, .T. ) ;
#4102 = CARTESIAN_POINT ( 'NONE',  ( 715.8042951910528018, 898.4233593378520482, 1225.574385644584481 ) ) ;
#4103 = ORIENTED_EDGE ( 'NONE', *, *, #3105, .T. ) ;
#4104 = PLANE ( 'NONE',  #7176 ) ;
#4105 = ORIENTED_EDGE ( 'NONE', *, *, #725, .F. ) ;
#4106 = CARTESIAN_POINT ( 'NONE',  ( 717.1800848525040237, 879.2510169669742481, 1212.380460436409521 ) ) ;
#4107 = ORIENTED_EDGE ( 'NONE', *, *, #5203, .F. ) ;
#4108 = CARTESIAN_POINT ( 'NONE',  ( 718.0840273634401001, 896.0399664235301316, 1196.320030101643397 ) ) ;
#4109 = CARTESIAN_POINT ( 'NONE',  ( 732.3861047996566640, 890.4643260280307686, 1228.998292097506919 ) ) ;
#4110 = B_SPLINE_CURVE_WITH_KNOTS ( 'NONE', 1,
 ( #3687, #6006 ),
 .UNSPECIFIED., .F., .F.,
 ( 2, 2 ),
 ( 0.000000000000000000, 0.002900000000003376439 ),
 .UNSPECIFIED. ) ;
#4111 = CARTESIAN_POINT ( 'NONE',  ( 744.2624014099551459, 884.7622435214773304, 1212.380460436409294 ) ) ;
#4112 = CARTESIAN_POINT ( 'NONE',  ( 717.1800848525040237, 879.2510169669742481, 1212.380460436409521 ) ) ;
#4113 = DIRECTION ( 'NONE',  ( -0.5845683251975072325, 0.3375006799125115364, 0.7378164841167307308 ) ) ;
#4114 = CARTESIAN_POINT ( 'NONE',  ( 713.7442286268055796, 901.2272182546255408, 1199.300801203171659 ) ) ;
#4115 = ADVANCED_FACE ( 'NONE', ( #7096 ), #908, .T. ) ;
#4116 = CARTESIAN_POINT ( 'NONE',  ( 727.9066135001585280, 889.7785624350298121, 1194.652103309309041 ) ) ;
#4117 = DIRECTION ( 'NONE',  ( 0.4999999999999988343, 0.8660254037844394848, -2.975261781898571487E-15 ) ) ;
#4118 = VERTEX_POINT ( 'NONE', #1833 ) ;
#4119 = CARTESIAN_POINT ( 'NONE',  ( 720.4799803805135525, 897.3383301664281362, 1229.558154017010111 ) ) ;
#4120 = CARTESIAN_POINT ( 'NONE',  ( 725.3236735400701036, 893.3561263297817732, 1212.380460436409521 ) ) ;
#4121 = CARTESIAN_POINT ( 'NONE',  ( 713.7459396397565570, 900.5677125969051531, 1197.642270627435437 ) ) ;
#4122 = CARTESIAN_POINT ( 'NONE',  ( 709.8635954156422940, 904.2592883300848143, 1214.681912368196890 ) ) ;
#4123 = ORIENTED_EDGE ( 'NONE', *, *, #315, .T. ) ;
#4124 = ADVANCED_FACE ( 'NONE', ( #1070 ), #578, .T. ) ;
#4125 = CARTESIAN_POINT ( 'NONE',  ( 711.8503827574771776, 901.5221730992928997, 1199.796223900154246 ) ) ;
#4126 = CARTESIAN_POINT ( 'NONE',  ( 718.4086327903830806, 899.3258087015429965, 1229.105732990931301 ) ) ;
#4127 = CARTESIAN_POINT ( 'NONE',  ( 744.6713637030086375, 890.2996317233910304, 1234.086781508788363 ) ) ;
#4128 = CARTESIAN_POINT ( 'NONE',  ( 732.9986460285790599, 888.6542099194324464, 1226.718499782513618 ) ) ;
#4129 = B_SPLINE_SURFACE_WITH_KNOTS ( 'NONE', 3, 1, ( 
 ( #298, #8952 ),
 ( #5002, #6586 ),
 ( #8024, #8177 ),
 ( #1128, #6539 ),
 ( #5658, #1887 ),
 ( #8797, #1789 ) ),
 .UNSPECIFIED., .F., .F., .F.,
 ( 4, 1, 1, 4 ),
 ( 2, 2 ),
 ( 0.000000000000000000, 0.2890654569501156512, 0.6604379133667447332, 1.000000000000000000 ),
 ( 0.000000000000000000, 1.000000000000000000 ),
 .UNSPECIFIED. ) ;
#4130 = VERTEX_POINT ( 'NONE', #7191 ) ;
#4131 = CARTESIAN_POINT ( 'NONE',  ( 730.5079059094376817, 891.5487046628900316, 1194.937704488548661 ) ) ;
#4132 = CARTESIAN_POINT ( 'NONE',  ( 717.1800848525040237, 879.2510169669742481, 1212.380460436409521 ) ) ;
#4133 = ORIENTED_EDGE ( 'NONE', *, *, #2168, .T. ) ;
#4134 = CARTESIAN_POINT ( 'NONE',  ( 717.1800848525040237, 879.2510169669742481, 1212.380460436409521 ) ) ;
#4135 = ADVANCED_FACE ( 'NONE', ( #4787 ), #3328, .T. ) ;
#4136 = CARTESIAN_POINT ( 'NONE',  ( 720.6909159391985895, 895.7599785136949322, 1196.276094581673533 ) ) ;
#4137 = CARTESIAN_POINT ( 'NONE',  ( 707.9616364720327510, 903.3801031046946264, 1216.405662844304516 ) ) ;
#4138 = ORIENTED_EDGE ( 'NONE', *, *, #3253, .T. ) ;
#4139 = CARTESIAN_POINT ( 'NONE',  ( 725.5220989679977492, 891.1552625420603135, 1194.245355953064973 ) ) ;
#4140 = CARTESIAN_POINT ( 'NONE',  ( 724.7226608164864956, 893.4323405857984426, 1195.462100129802138 ) ) ;
#4141 = CYLINDRICAL_SURFACE ( 'NONE', #9489, 2.200000000000022382 ) ;
#4142 = VERTEX_POINT ( 'NONE', #8898 ) ;
#4143 = ORIENTED_EDGE ( 'NONE', *, *, #7807, .F. ) ;
#4144 = CARTESIAN_POINT ( 'NONE',  ( 724.5387706239595218, 892.3132025941511074, 1230.152692787998376 ) ) ;
#4145 = CARTESIAN_POINT ( 'NONE',  ( 738.2138499361863069, 884.1201217882444325, 1220.993295576129412 ) ) ;
#4146 = ADVANCED_FACE ( 'NONE', ( #1023 ), #9808, .F. ) ;
#4147 = ADVANCED_FACE ( 'NONE', ( #5711 ), #2638, .F. ) ;
#4148 = AXIS2_PLACEMENT_3D ( 'NONE', #4188, #5075, #8196 ) ;
#4149 = ORIENTED_EDGE ( 'NONE', *, *, #2826, .F. ) ;
#4150 = B_SPLINE_SURFACE_WITH_KNOTS ( 'NONE', 3, 1, ( 
 ( #7393, #3371 ),
 ( #8164, #5800 ),
 ( #3478, #8991 ),
 ( #9614, #4156 ) ),
 .UNSPECIFIED., .F., .F., .F.,
 ( 4, 4 ),
 ( 2, 2 ),
 ( 0.000000000000000000, 1.000000000000000000 ),
 ( 0.000000000000000000, 1.000000000000000000 ),
 .UNSPECIFIED. ) ;
#4151 = CARTESIAN_POINT ( 'NONE',  ( 717.1800848525040237, 879.2510169669742481, 1212.380460436409521 ) ) ;
#4152 = ORIENTED_EDGE ( 'NONE', *, *, #5998, .F. ) ;
#4153 = CARTESIAN_POINT ( 'NONE',  ( 744.2105941875499866, 887.1015555120372937, 1190.196798703381319 ) ) ;
#4154 = LINE ( 'NONE', #9713, #206 ) ;
#4155 = ORIENTED_EDGE ( 'NONE', *, *, #3738, .T. ) ;
#4156 = CARTESIAN_POINT ( 'NONE',  ( 727.5465572979970830, 894.0500255272376080, 1231.295188293693400 ) ) ;
#4157 = ORIENTED_EDGE ( 'NONE', *, *, #6203, .T. ) ;
#4158 = CARTESIAN_POINT ( 'NONE',  ( 732.1523628434571265, 889.9407592054303677, 1193.807108358669439 ) ) ;
#4159 = CIRCLE ( 'NONE', #2493, 19.56600634797369764 ) ;
#4160 = EDGE_LOOP ( 'NONE', ( #6577, #3814, #1228, #1940 ) ) ;
#4161 = CARTESIAN_POINT ( 'NONE',  ( 739.8406028855578143, 884.7039983539424384, 1211.384379247742345 ) ) ;
#4162 = CARTESIAN_POINT ( 'NONE',  ( 716.2575863336381872, 898.3196536171815296, 1225.788197009132318 ) ) ;
#4163 = EDGE_CURVE ( 'NONE', #4093, #2178, #6535, .T. ) ;
#4164 = DIRECTION ( 'NONE',  ( -0.4999999999999988343, -0.8660254037844394848, 2.975261781898571487E-15 ) ) ;
#4165 = CIRCLE ( 'NONE', #8100, 20.44804870789273821 ) ;
#4166 = CARTESIAN_POINT ( 'NONE',  ( 727.0443832319350577, 892.0919006196725149, 1195.586708406378875 ) ) ;
#4167 = CARTESIAN_POINT ( 'NONE',  ( 734.5741404189278683, 886.5192791416551472, 1198.770082472772174 ) ) ;
#4168 = FACE_OUTER_BOUND ( 'NONE', #2719, .T. ) ;
#4169 = ORIENTED_EDGE ( 'NONE', *, *, #9207, .T. ) ;
#4170 = CARTESIAN_POINT ( 'NONE',  ( 708.9842698825544858, 900.7033826163160484, 1215.959133634995851 ) ) ;
#4171 = CARTESIAN_POINT ( 'NONE',  ( 738.6837266470357690, 885.3719047862103935, 1219.040101979780502 ) ) ;
#4172 = CARTESIAN_POINT ( 'NONE',  ( 720.1626044183038857, 894.2495681630406352, 1194.878165846971797 ) ) ;
#4173 = AXIS2_PLACEMENT_3D ( 'NONE', #4287, #1298, #6750 ) ;
#4174 = CARTESIAN_POINT ( 'NONE',  ( 713.1282728216859823, 900.3971442174178037, 1227.206753445266031 ) ) ;
#4175 = ORIENTED_EDGE ( 'NONE', *, *, #1541, .T. ) ;
#4176 = ADVANCED_FACE ( 'NONE', ( #9621 ), #9966, .T. ) ;
#4177 = CARTESIAN_POINT ( 'NONE',  ( 742.1764353496048443, 883.6261797624614474, 1206.100710827652847 ) ) ;
#4178 = CARTESIAN_POINT ( 'NONE',  ( 717.1800848525040237, 879.2510169669742481, 1212.380460436409521 ) ) ;
#4179 = DIRECTION ( 'NONE',  ( -0.4999999999999988343, -0.8660254037844394848, 2.975261781898571487E-15 ) ) ;
#4180 = AXIS2_PLACEMENT_3D ( 'NONE', #9309, #4521, #9925 ) ;
#4181 = B_SPLINE_SURFACE_WITH_KNOTS ( 'NONE', 3, 1, ( 
 ( #5614, #8755 ),
 ( #3962, #7011 ),
 ( #3188, #5669 ),
 ( #9584, #6440 ) ),
 .UNSPECIFIED., .F., .F., .F.,
 ( 4, 4 ),
 ( 2, 2 ),
 ( 0.000000000000000000, 1.000000000000000000 ),
 ( 0.000000000000000000, 1.000000000000000000 ),
 .UNSPECIFIED. ) ;
#4182 = CARTESIAN_POINT ( 'NONE',  ( 722.8728027975085979, 894.5002655487082848, 1195.668915745846107 ) ) ;
#4183 = ORIENTED_EDGE ( 'NONE', *, *, #955, .T. ) ;
#4184 = EDGE_CURVE ( 'NONE', #7472, #5891, #9569, .T. ) ;
#4185 = CARTESIAN_POINT ( 'NONE',  ( 736.9267651018004699, 885.7669118296360011, 1201.913823974793104 ) ) ;
#4186 = ORIENTED_EDGE ( 'NONE', *, *, #607, .T. ) ;
#4187 = AXIS2_PLACEMENT_3D ( 'NONE', #3765, #5321, #9282 ) ;
#4188 = CARTESIAN_POINT ( 'NONE',  ( 725.3236735400701036, 893.3561263297817732, 1212.380460436409521 ) ) ;
#4189 = CARTESIAN_POINT ( 'NONE',  ( 728.1430521245194996, 891.8124933064569859, 1232.543626935082557 ) ) ;
#4190 = CARTESIAN_POINT ( 'NONE',  ( 716.6550687629446657, 899.5466439184577894, 1197.516895702454576 ) ) ;
#4191 = CARTESIAN_POINT ( 'NONE',  ( 722.1194485186746306, 893.1197836948815620, 1230.364961342942024 ) ) ;
#4192 = CARTESIAN_POINT ( 'NONE',  ( 717.1800848525040237, 879.2510169669742481, 1212.380460436409521 ) ) ;
#4193 = EDGE_CURVE ( 'NONE', #5763, #7946, #7321, .T. ) ;
#4194 = CARTESIAN_POINT ( 'NONE',  ( 742.3422522808042459, 883.9175548078877682, 1207.102012460816695 ) ) ;
#4195 = VERTEX_POINT ( 'NONE', #4215 ) ;
#4196 = EDGE_LOOP ( 'NONE', ( #3147, #1872, #930, #7166, #2290 ) ) ;
#4197 = DIRECTION ( 'NONE',  ( 0.5845683251975080097, -0.3375006799125091494, -0.7378164841167310639 ) ) ;
#4198 = B_SPLINE_CURVE_WITH_KNOTS ( 'NONE', 3,
 ( #7746, #8576, #6877, #1519 ),
 .UNSPECIFIED., .F., .F.,
 ( 4, 4 ),
 ( 9.550499576785472430E-16, 0.001453450272821975092 ),
 .UNSPECIFIED. ) ;
#4199 = CARTESIAN_POINT ( 'NONE',  ( 732.7590661928705913, 890.2489966672610535, 1195.965422978117203 ) ) ;
#4200 = EDGE_LOOP ( 'NONE', ( #7923, #7738, #214, #1040, #9294 ) ) ;
#4201 = CARTESIAN_POINT ( 'NONE',  ( 780.5717232886125885, 879.1658052267990797, 1194.702790906745349 ) ) ;
#4202 = ORIENTED_EDGE ( 'NONE', *, *, #5672, .F. ) ;
#4203 = CARTESIAN_POINT ( 'NONE',  ( 732.9881735157597404, 890.9083069390856053, 1229.656260231665783 ) ) ;
#4204 = CARTESIAN_POINT ( 'NONE',  ( 724.5239311566796232, 891.7315549965620676, 1230.559744492434220 ) ) ;
#4205 = EDGE_CURVE ( 'NONE', #2079, #5766, #10067, .T. ) ;
#4206 = ORIENTED_EDGE ( 'NONE', *, *, #6814, .T. ) ;
#4207 = CARTESIAN_POINT ( 'NONE',  ( 724.4202779218370551, 891.7913992196671416, 1212.380460436409521 ) ) ;
#4208 = ADVANCED_FACE ( 'NONE', ( #7299 ), #8480, .T. ) ;
#4209 = ORIENTED_EDGE ( 'NONE', *, *, #1913, .F. ) ;
#4210 = CARTESIAN_POINT ( 'NONE',  ( 732.5071615473914335, 890.4283076660017286, 1194.404397239035461 ) ) ;
#4211 = VERTEX_POINT ( 'NONE', #5757 ) ;
#4212 = CARTESIAN_POINT ( 'NONE',  ( 714.7034156270195808, 901.4650168282166760, 1198.792022153910466 ) ) ;
#4213 = CARTESIAN_POINT ( 'NONE',  ( 717.1800848525040237, 879.2510169669742481, 1212.380460436409521 ) ) ;
#4214 = B_SPLINE_SURFACE_WITH_KNOTS ( 'NONE', 3, 1, ( 
 ( #6420, #708 ),
 ( #6994, #9563 ),
 ( #5454, #3992 ),
 ( #806, #1534 ),
 ( #10145, #7089 ),
 ( #2392, #7814 ) ),
 .UNSPECIFIED., .F., .F., .F.,
 ( 4, 1, 1, 4 ),
 ( 2, 2 ),
 ( 0.000000000000000000, 0.3395620866332510479, 0.7109345430498769103, 1.000000000000000000 ),
 ( 0.000000000000000000, 1.000000000000000000 ),
 .UNSPECIFIED. ) ;
#4215 = CARTESIAN_POINT ( 'NONE',  ( 722.8728027975085979, 894.5002655487082848, 1195.668915745846107 ) ) ;
#4216 = B_SPLINE_CURVE_WITH_KNOTS ( 'NONE', 3,
 ( #466, #6755, #9127, #2057, #5224, #6971, #3052, #1652 ),
 .UNSPECIFIED., .F., .F.,
 ( 4, 2, 2, 4 ),
 ( 0.000000000000000000, 0.001064839483352585754, 0.001597259225028586655, 0.002129678966704587773 ),
 .UNSPECIFIED. ) ;
#4217 = CARTESIAN_POINT ( 'NONE',  ( 727.3482442839905389, 891.9163682017456267, 1195.634721941815087 ) ) ;
#4218 = CARTESIAN_POINT ( 'NONE',  ( 731.6317302001881444, 889.1306378156835990, 1197.002025603511584 ) ) ;
#4219 = CARTESIAN_POINT ( 'NONE',  ( 739.4035063158463572, 883.1408282729732946, 1206.797344522939966 ) ) ;
#4220 = CARTESIAN_POINT ( 'NONE',  ( 709.6913999703234595, 904.1114254544984306, 1215.465408696097256 ) ) ;
#4221 = ADVANCED_FACE ( 'NONE', ( #5959 ), #7584, .F. ) ;
#4222 = ORIENTED_EDGE ( 'NONE', *, *, #3071, .F. ) ;
#4223 = CARTESIAN_POINT ( 'NONE',  ( 720.3359564217835214, 897.4214824377706918, 1229.497278164884619 ) ) ;
#4224 = LINE ( 'NONE', #1032, #6547 ) ;
#4225 = CARTESIAN_POINT ( 'NONE',  ( 740.6822498365183947, 885.6745444577622948, 1206.095541384598846 ) ) ;
#4226 = ORIENTED_EDGE ( 'NONE', *, *, #6884, .F. ) ;
#4227 = CARTESIAN_POINT ( 'NONE',  ( 717.1800848525040237, 879.2510169669742481, 1212.380460436409521 ) ) ;
#4228 = EDGE_LOOP ( 'NONE', ( #5696, #5664, #6397, #8168, #3993 ) ) ;
#4229 = AXIS2_PLACEMENT_3D ( 'NONE', #3717, #9286, #512 ) ;
#4230 = AXIS2_PLACEMENT_3D ( 'NONE', #6162, #5582, #6113 ) ;
#4231 = CARTESIAN_POINT ( 'NONE',  ( 713.9809851719586504, 901.8821122459170283, 1225.102120035469852 ) ) ;
#4232 = CARTESIAN_POINT ( 'NONE',  ( 717.1800848525040237, 879.2510169669742481, 1212.380460436409521 ) ) ;
#4233 = CARTESIAN_POINT ( 'NONE',  ( 717.3358509985482669, 904.9270968033680447, 1190.196798703381546 ) ) ;
#4234 = CARTESIAN_POINT ( 'NONE',  ( 727.5620725131203699, 893.2494823672416260, 1194.231880037356859 ) ) ;
#4235 = EDGE_CURVE ( 'NONE', #3662, #9097, #4028, .T. ) ;
#4236 = VECTOR ( 'NONE', #9252, 1000.000000000000114 ) ;
#4237 = ORIENTED_EDGE ( 'NONE', *, *, #2533, .T. ) ;
#4238 = CARTESIAN_POINT ( 'NONE',  ( 725.3236735400701036, 893.3561263297817732, 1212.380460436409521 ) ) ;
#4239 = B_SPLINE_CURVE_WITH_KNOTS ( 'NONE', 1,
 ( #4934, #1718 ),
 .UNSPECIFIED., .F., .F.,
 ( 2, 2 ),
 ( 0.000000000000000000, 0.002900000000000740961 ),
 .UNSPECIFIED. ) ;
#4240 = EDGE_LOOP ( 'NONE', ( #8557, #973, #5938, #1485 ) ) ;
#4241 = CARTESIAN_POINT ( 'NONE',  ( 717.1800848525040237, 879.2510169669742481, 1212.380460436409521 ) ) ;
#4242 = AXIS2_PLACEMENT_3D ( 'NONE', #903, #4738, #7186 ) ;
#4243 = CARTESIAN_POINT ( 'NONE',  ( 736.5880555537730743, 888.0383286290199294, 1198.992657415036092 ) ) ;
#4244 = CONICAL_SURFACE ( 'NONE', #10177, 18.17967805303275597, 0.8981840042400328628 ) ;
#4245 = CARTESIAN_POINT ( 'NONE',  ( 717.1800848525040237, 879.2510169669742481, 1212.380460436409521 ) ) ;
#4246 = EDGE_LOOP ( 'NONE', ( #5108, #2663, #6765, #5173, #3882 ) ) ;
#4247 = CARTESIAN_POINT ( 'NONE',  ( 717.1800848525040237, 879.2510169669742481, 1212.380460436409521 ) ) ;
#4248 = CARTESIAN_POINT ( 'NONE',  ( 713.7331209676034405, 898.2540772482420834, 1225.315317390498649 ) ) ;
#4249 = CARTESIAN_POINT ( 'NONE',  ( 735.3443260869984215, 886.9871695810423944, 1200.004455330312339 ) ) ;
#4250 = VERTEX_POINT ( 'NONE', #445 ) ;
#4251 = ORIENTED_EDGE ( 'NONE', *, *, #4340, .T. ) ;
#4252 = FACE_OUTER_BOUND ( 'NONE', #8220, .T. ) ;
#4253 = ORIENTED_EDGE ( 'NONE', *, *, #4539, .F. ) ;
#4254 = CARTESIAN_POINT ( 'NONE',  ( 714.2301544614219893, 900.9466688432039518, 1224.778687853243810 ) ) ;
#4255 = EDGE_CURVE ( 'NONE', #8367, #3781, #7156, .T. ) ;
#4256 = CARTESIAN_POINT ( 'NONE',  ( 729.9163743927614405, 892.4345310273505447, 1231.025006635303953 ) ) ;
#4257 = ORIENTED_EDGE ( 'NONE', *, *, #7504, .F. ) ;
#4258 = CARTESIAN_POINT ( 'NONE',  ( 717.1800848525040237, 879.2510169669742481, 1212.380460436409521 ) ) ;
#4259 = CARTESIAN_POINT ( 'NONE',  ( 743.1713637030086375, 887.7015555120376575, 1234.086781508788363 ) ) ;
#4260 = CARTESIAN_POINT ( 'NONE',  ( 728.5290157911094866, 892.6912174054035631, 1193.062937604822764 ) ) ;
#4261 = ORIENTED_EDGE ( 'NONE', *, *, #3889, .T. ) ;
#4262 = CARTESIAN_POINT ( 'NONE',  ( 711.2193843235170334, 901.3921782877843043, 1225.008491632065443 ) ) ;
#4263 = ORIENTED_EDGE ( 'NONE', *, *, #5414, .F. ) ;
#4264 = CARTESIAN_POINT ( 'NONE',  ( 717.1800848525040237, 879.2510169669742481, 1212.380460436409521 ) ) ;
#4265 = CARTESIAN_POINT ( 'NONE',  ( 717.1800848525040237, 879.2510169669742481, 1212.380460436409521 ) ) ;
#4266 = EDGE_CURVE ( 'NONE', #9758, #7173, #8809, .T. ) ;
#4267 = ADVANCED_FACE ( 'NONE', ( #9049 ), #6683, .F. ) ;
#4268 = DIRECTION ( 'NONE',  ( -0.5000000000000008882, -0.8660254037844380415, -0.000000000000000000 ) ) ;
#4269 = CARTESIAN_POINT ( 'NONE',  ( 729.6581550751552641, 888.7673094352165890, 1195.236358884728816 ) ) ;
#4270 = CARTESIAN_POINT ( 'NONE',  ( 744.1713637030086375, 889.4336063196062696, 1190.196798703381319 ) ) ;
#4271 = CARTESIAN_POINT ( 'NONE',  ( 739.0333610359851946, 884.8573042601794896, 1206.553189882050219 ) ) ;
#4272 = CYLINDRICAL_SURFACE ( 'NONE', #4726, 22.98482582222968773 ) ;
#4273 = CARTESIAN_POINT ( 'NONE',  ( 709.8635954156422940, 904.2592883300849280, 1214.681912368196890 ) ) ;
#4274 = VERTEX_POINT ( 'NONE', #9874 ) ;
#4275 = ORIENTED_EDGE ( 'NONE', *, *, #9685, .F. ) ;
#4276 = DIRECTION ( 'NONE',  ( 0.5000000000000009992, 0.8660254037844380415, -6.143007653609039462E-15 ) ) ;
#4277 = FACE_OUTER_BOUND ( 'NONE', #8904, .T. ) ;
#4278 = ORIENTED_EDGE ( 'NONE', *, *, #6533, .T. ) ;
#4279 = EDGE_CURVE ( 'NONE', #9348, #5994, #7217, .T. ) ;
#4280 = B_SPLINE_CURVE_WITH_KNOTS ( 'NONE', 3,
 ( #6941, #2527, #2471, #4027 ),
 .UNSPECIFIED., .F., .F.,
 ( 4, 4 ),
 ( 1.005213304260006702E-05, 0.001341057332774258336 ),
 .UNSPECIFIED. ) ;
#4281 = EDGE_CURVE ( 'NONE', #1333, #8403, #671, .T. ) ;
#4282 = CARTESIAN_POINT ( 'NONE',  ( 717.1800848525040237, 879.2510169669742481, 1212.380460436409521 ) ) ;
#4283 = CARTESIAN_POINT ( 'NONE',  ( 717.1800848525040237, 879.2510169669742481, 1212.380460436409521 ) ) ;
#4284 = CARTESIAN_POINT ( 'NONE',  ( 712.8343151964656954, 902.2968625026448990, 1200.820161701567713 ) ) ;
#4285 = CARTESIAN_POINT ( 'NONE',  ( 717.0865722367420858, 899.2975152717049241, 1229.135551326416362 ) ) ;
#4286 = ORIENTED_EDGE ( 'NONE', *, *, #10002, .F. ) ;
#4287 = CARTESIAN_POINT ( 'NONE',  ( 724.4202779218370551, 891.7913992196671416, 1212.380460436409521 ) ) ;
#4288 = VERTEX_POINT ( 'NONE', #9101 ) ;
#4289 = CARTESIAN_POINT ( 'NONE',  ( 739.8099673457588779, 884.7216871951935673, 1213.857947608024688 ) ) ;
#4290 = ORIENTED_EDGE ( 'NONE', *, *, #7942, .T. ) ;
#4291 = EDGE_CURVE ( 'NONE', #8368, #5296, #3501, .T. ) ;
#4292 = CARTESIAN_POINT ( 'NONE',  ( 736.1048410019844823, 885.0453135798928770, 1200.195961748275067 ) ) ;
#4293 = CARTESIAN_POINT ( 'NONE',  ( 713.3674714895548732, 899.9882678917171006, 1202.397641961835006 ) ) ;
#4294 = CARTESIAN_POINT ( 'NONE',  ( 722.8638121412678856, 895.9620242576538658, 1230.312344317261932 ) ) ;
#4295 = B_SPLINE_CURVE_WITH_KNOTS ( 'NONE', 1,
 ( #1494, #1543 ),
 .UNSPECIFIED., .F., .F.,
 ( 2, 2 ),
 ( 0.000000000000000000, 0.002900000000002035064 ),
 .UNSPECIFIED. ) ;
#4296 = CARTESIAN_POINT ( 'NONE',  ( 725.8583184333630243, 894.2331452438223778, 1193.247763007441790 ) ) ;
#4297 = CARTESIAN_POINT ( 'NONE',  ( 735.4025943748089276, 886.6468922091848981, 1199.923337106358758 ) ) ;
#4298 = EDGE_LOOP ( 'NONE', ( #5348, #3575, #2487, #44, #8785 ) ) ;
#4299 = AXIS2_PLACEMENT_3D ( 'NONE', #9051, #6009, #7453 ) ;
#4300 = VERTEX_POINT ( 'NONE', #1278 ) ;
#4301 = B_SPLINE_SURFACE_WITH_KNOTS ( 'NONE', 3, 1, ( 
 ( #9093, #2853 ),
 ( #9146, #6779 ),
 ( #2751, #6055 ),
 ( #2127, #7592 ),
 ( #9818, #1318 ),
 ( #4461, #1214 ) ),
 .UNSPECIFIED., .F., .F., .F.,
 ( 4, 1, 1, 4 ),
 ( 2, 2 ),
 ( 0.000000000000000000, 0.3395620866332510479, 0.7109345430498769103, 1.000000000000000000 ),
 ( 0.000000000000000000, 1.000000000000000000 ),
 .UNSPECIFIED. ) ;
#4302 = ORIENTED_EDGE ( 'NONE', *, *, #3367, .T. ) ;
#4303 = DIRECTION ( 'NONE',  ( -0.5000000000000009992, -0.8660254037844382635, -0.000000000000000000 ) ) ;
#4304 = EDGE_CURVE ( 'NONE', #8465, #6620, #6685, .T. ) ;
#4305 = CARTESIAN_POINT ( 'NONE',  ( 742.8396742479635577, 883.2432586059567257, 1215.387505757315466 ) ) ;
#4306 = CARTESIAN_POINT ( 'NONE',  ( 742.1079573741614013, 885.6404829331387418, 1217.060029883325342 ) ) ;
#4307 = DIRECTION ( 'NONE',  ( 0.8737555751087413558, 0.2900965285336767896, 0.3903782769303414391 ) ) ;
#4308 = ADVANCED_BREP_SHAPE_REPRESENTATION ( 'GearFace', ( #4507, #935, #7598 ), #6951 ) ;
#4309 = CARTESIAN_POINT ( 'NONE',  ( 716.9071830372286058, 889.8006240120936354, 1204.654423314828591 ) ) ;
#4310 = ORIENTED_EDGE ( 'NONE', *, *, #9755, .T. ) ;
#4311 = CARTESIAN_POINT ( 'NONE',  ( 732.7590661928705913, 890.2489966672610535, 1195.965422978117203 ) ) ;
#4312 = ADVANCED_FACE ( 'NONE', ( #4417 ), #6787, .F. ) ;
#4313 = ORIENTED_EDGE ( 'NONE', *, *, #8219, .T. ) ;
#4314 = CARTESIAN_POINT ( 'NONE',  ( 725.9058464368816885, 893.1041446124468166, 1191.972556043779605 ) ) ;
#4315 = AXIS2_PLACEMENT_3D ( 'NONE', #6786, #9926, #9153 ) ;
#4316 = CARTESIAN_POINT ( 'NONE',  ( 742.0939749037818274, 885.4037900942290662, 1217.388322510537591 ) ) ;
#4317 = EDGE_LOOP ( 'NONE', ( #7936, #5930, #9654, #2018 ) ) ;
#4318 = CARTESIAN_POINT ( 'NONE',  ( 739.4734004184357445, 886.3724739947020907, 1221.622029714868631 ) ) ;
#4319 = CARTESIAN_POINT ( 'NONE',  ( 708.1743101625135068, 903.7844943754164433, 1213.023588144788619 ) ) ;
#4320 = DIRECTION ( 'NONE',  ( 0.5845683251975080097, -0.3375006799125091494, -0.7378164841167310639 ) ) ;
#4321 = AXIS2_PLACEMENT_3D ( 'NONE', #9284, #2781, #5375 ) ;
#4322 = CARTESIAN_POINT ( 'NONE',  ( 715.1465780885841923, 907.3457746456450650, 1234.086781508788363 ) ) ;
#4323 = CARTESIAN_POINT ( 'NONE',  ( 737.7105736664293545, 887.3902424945076746, 1224.437230680624452 ) ) ;
#4324 = ORIENTED_EDGE ( 'NONE', *, *, #6099, .T. ) ;
#4325 = CARTESIAN_POINT ( 'NONE',  ( 738.7038378899920872, 885.3603099301376460, 1218.985826129454836 ) ) ;
#4326 = EDGE_CURVE ( 'NONE', #9771, #7162, #5350, .T. ) ;
#4327 = ORIENTED_EDGE ( 'NONE', *, *, #1608, .T. ) ;
#4328 = CARTESIAN_POINT ( 'NONE',  ( 727.6879379268855246, 893.1768139367228514, 1230.512536506267452 ) ) ;
#4329 = CARTESIAN_POINT ( 'NONE',  ( 737.7649676801098622, 885.9022701449222268, 1203.648577707572031 ) ) ;
#4330 = ORIENTED_EDGE ( 'NONE', *, *, #886, .T. ) ;
#4331 = B_SPLINE_CURVE_WITH_KNOTS ( 'NONE', 3,
 ( #6037, #3715, #2985, #2056 ),
 .UNSPECIFIED., .F., .F.,
 ( 4, 4 ),
 ( 0.000000000000000000, 0.001331005199731858995 ),
 .UNSPECIFIED. ) ;
#4332 = CARTESIAN_POINT ( 'NONE',  ( 717.1800848525040237, 879.2510169669742481, 1212.380460436409521 ) ) ;
#4333 = CARTESIAN_POINT ( 'NONE',  ( 716.3358509985482669, 903.1950459957990915, 1190.196798703381546 ) ) ;
#4334 = DIRECTION ( 'NONE',  ( -0.4999999999999988343, -0.8660254037844394848, 2.975261781898571487E-15 ) ) ;
#4335 = CARTESIAN_POINT ( 'NONE',  ( 722.7719360773481867, 894.5585649794463734, 1195.688058295977271 ) ) ;
#4336 = VERTEX_POINT ( 'NONE', #1173 ) ;
#4337 = AXIS2_PLACEMENT_3D ( 'NONE', #4630, #2389, #3797 ) ;
#4338 = EDGE_CURVE ( 'NONE', #8490, #5289, #2500, .T. ) ;
#4339 = CARTESIAN_POINT ( 'NONE',  ( 724.7310734056835599, 894.8839604639961181, 1230.593294409660757 ) ) ;
#4340 = EDGE_CURVE ( 'NONE', #2794, #8289, #9312, .T. ) ;
#4341 = VERTEX_POINT ( 'NONE', #4627 ) ;
#4342 = CARTESIAN_POINT ( 'NONE',  ( 728.8586029159315558, 890.7318138655494977, 1195.804660373738443 ) ) ;
#4343 = CARTESIAN_POINT ( 'NONE',  ( 726.9915854828584543, 892.9203354037996405, 1192.373129439499507 ) ) ;
#4344 = CARTESIAN_POINT ( 'NONE',  ( 713.3626090103776960, 899.8330675115438453, 1202.116092693912833 ) ) ;
#4345 = CONICAL_SURFACE ( 'NONE', #56, 20.44804870789273821, 0.7096869864122512528 ) ;
#4346 = CARTESIAN_POINT ( 'NONE',  ( 713.4892013493174545, 899.9178903707896779, 1202.207945087187227 ) ) ;
#4347 = B_SPLINE_CURVE_WITH_KNOTS ( 'NONE', 3,
 ( #5006, #3282, #4847, #7248 ),
 .UNSPECIFIED., .F., .F.,
 ( 4, 4 ),
 ( 1.005213304772250385E-05, 0.001341057332774159023 ),
 .UNSPECIFIED. ) ;
#4348 = CARTESIAN_POINT ( 'NONE',  ( 722.7133370070145020, 896.0489011169214564, 1230.278099376777845 ) ) ;
#4349 = B_SPLINE_CURVE_WITH_KNOTS ( 'NONE', 3,
 ( #3013, #3067, #7755, #1526, #3843, #5399, #1477, #2859 ),
 .UNSPECIFIED., .F., .F.,
 ( 4, 2, 2, 4 ),
 ( 0.000000000000000000, 0.001064839483316576798, 0.001597259224975013407, 0.002129678966633449799 ),
 .UNSPECIFIED. ) ;
#4350 = CARTESIAN_POINT ( 'NONE',  ( 735.7022923834699668, 885.2777251332469177, 1199.700204378455737 ) ) ;
#4351 = EDGE_CURVE ( 'NONE', #1843, #4951, #52, .T. ) ;
#4352 = AXIS2_PLACEMENT_3D ( 'NONE', #648, #6106, #3842 ) ;
#4353 = ORIENTED_EDGE ( 'NONE', *, *, #9419, .T. ) ;
#4354 = VERTEX_POINT ( 'NONE', #10034 ) ;
#4355 = ORIENTED_EDGE ( 'NONE', *, *, #5777, .F. ) ;
#4356 = CARTESIAN_POINT ( 'NONE',  ( 739.8163777311516469, 884.7178879997350123, 1210.989808906785129 ) ) ;
#4357 = CARTESIAN_POINT ( 'NONE',  ( 725.3236735400701036, 893.3561263297817732, 1212.380460436409521 ) ) ;
#4358 = CARTESIAN_POINT ( 'NONE',  ( 720.5347485146390909, 896.1210134823437556, 1192.694315763193799 ) ) ;
#4359 = CARTESIAN_POINT ( 'NONE',  ( 740.5601676516145062, 885.7450286400799087, 1222.065678571256740 ) ) ;
#4360 = EDGE_CURVE ( 'NONE', #8656, #4829, #4870, .T. ) ;
#4361 = VERTEX_POINT ( 'NONE', #10087 ) ;
#4362 = CARTESIAN_POINT ( 'NONE',  ( 709.4702169817077220, 903.6948200284426775, 1217.446261353369437 ) ) ;
#4363 = VERTEX_POINT ( 'NONE', #7757 ) ;
#4364 = CARTESIAN_POINT ( 'NONE',  ( 739.8434358709762364, 884.7023463535866767, 1211.443320029868346 ) ) ;
#4365 = CARTESIAN_POINT ( 'NONE',  ( 712.6821493760601243, 902.6319954423120180, 1201.548112711628846 ) ) ;
#4366 = VERTEX_POINT ( 'NONE', #2239 ) ;
#4367 = CARTESIAN_POINT ( 'NONE',  ( 739.4474785682841684, 886.3874399818651000, 1221.672910260731442 ) ) ;
#4368 = LINE ( 'NONE', #7503, #17 ) ;
#4369 = CARTESIAN_POINT ( 'NONE',  ( 717.9884006225040594, 897.5911481233184759, 1193.769145125731484 ) ) ;
#4370 = CARTESIAN_POINT ( 'NONE',  ( 711.3772093769511002, 901.1372495045618507, 1206.764251093849225 ) ) ;
#4371 = CARTESIAN_POINT ( 'NONE',  ( 780.1024668973317375, 869.8434747564627969, 1201.196694252335647 ) ) ;
#4372 = VECTOR ( 'NONE', #1222, 1000.000000000000227 ) ;
#4373 = CARTESIAN_POINT ( 'NONE',  ( 718.6148677939017944, 896.9585854692327302, 1197.260746103708243 ) ) ;
#4374 = ORIENTED_EDGE ( 'NONE', *, *, #942, .F. ) ;
#4375 = ORIENTED_EDGE ( 'NONE', *, *, #857, .F. ) ;
#4376 = FACE_OUTER_BOUND ( 'NONE', #8571, .T. ) ;
#4377 = CARTESIAN_POINT ( 'NONE',  ( 732.7590661928705913, 890.2489966672610535, 1195.965422978117203 ) ) ;
#4378 = CARTESIAN_POINT ( 'NONE',  ( 714.1694697076668490, 899.3672262707634673, 1223.774559403570493 ) ) ;
#4379 = ADVANCED_FACE ( 'NONE', ( #594 ), #9634, .T. ) ;
#4380 = CARTESIAN_POINT ( 'NONE',  ( 739.3672971392387581, 884.9771648003637665, 1216.757809838402864 ) ) ;
#4381 = CARTESIAN_POINT ( 'NONE',  ( 729.6191920731818072, 882.4613421732450433, 1214.834591124396638 ) ) ;
#4382 = CARTESIAN_POINT ( 'NONE',  ( 724.5239311566796232, 891.7315549965620676, 1230.559744492434220 ) ) ;
#4383 = B_SPLINE_SURFACE_WITH_KNOTS ( 'NONE', 3, 1, ( 
 ( #7480, #6612 ),
 ( #9080, #8200 ),
 ( #3670, #1150 ),
 ( #4446, #1862 ),
 ( #517, #9701 ),
 ( #8149, #2737 ) ),
 .UNSPECIFIED., .F., .F., .F.,
 ( 4, 1, 1, 4 ),
 ( 2, 2 ),
 ( 0.000000000000000000, 0.3395620866332510479, 0.7109345430498769103, 1.000000000000000000 ),
 ( 0.000000000000000000, 1.000000000000000000 ),
 .UNSPECIFIED. ) ;
#4384 = ORIENTED_EDGE ( 'NONE', *, *, #8544, .T. ) ;
#4385 = B_SPLINE_CURVE_WITH_KNOTS ( 'NONE', 3,
 ( #9844, #2776, #7315, #1142 ),
 .UNSPECIFIED., .F., .F.,
 ( 4, 4 ),
 ( 1.005213304141580992E-05, 0.001341057332773977961 ),
 .UNSPECIFIED. ) ;
#4386 = CARTESIAN_POINT ( 'NONE',  ( 711.0968724260218323, 901.2991021186447824, 1216.973804923008402 ) ) ;
#4387 = VECTOR ( 'NONE', #5542, 1000.000000000000000 ) ;
#4388 = VECTOR ( 'NONE', #9067, 1000.000000000000227 ) ;
#4389 = ORIENTED_EDGE ( 'NONE', *, *, #4351, .T. ) ;
#4390 = CARTESIAN_POINT ( 'NONE',  ( 741.6105791649224557, 885.1385732701115785, 1211.115984502072479 ) ) ;
#4391 = CARTESIAN_POINT ( 'NONE',  ( 725.4492079266116207, 894.4693453050238077, 1194.128570724459678 ) ) ;
#4392 = CARTESIAN_POINT ( 'NONE',  ( 712.6226196156864034, 901.8747795191211480, 1222.405855712797347 ) ) ;
#4393 = EDGE_CURVE ( 'NONE', #9095, #2259, #7680, .T. ) ;
#4394 = EDGE_CURVE ( 'NONE', #7585, #10111, #3068, .T. ) ;
#4395 = CONICAL_SURFACE ( 'NONE', #10159, 20.44804870789273821, 0.7096869864122512528 ) ;
#4396 = CARTESIAN_POINT ( 'NONE',  ( 714.3352104166477829, 891.2855530969343363, 1216.639211825273605 ) ) ;
#4397 = CARTESIAN_POINT ( 'NONE',  ( 706.4316520293607482, 906.6038368600088688, 1212.380460436409294 ) ) ;
#4398 = CARTESIAN_POINT ( 'NONE',  ( 717.1800848525040237, 879.2510169669742481, 1212.380460436409521 ) ) ;
#4399 = ORIENTED_EDGE ( 'NONE', *, *, #5468, .F. ) ;
#4400 = CARTESIAN_POINT ( 'NONE',  ( 742.3951510801581435, 884.6856004636516673, 1211.672114441180838 ) ) ;
#4401 = VERTEX_POINT ( 'NONE', #3163 ) ;
#4402 = VERTEX_POINT ( 'NONE', #10188 ) ;
#4403 = CONICAL_SURFACE ( 'NONE', #5879, 20.44804870789273821, 0.7096869864122512528 ) ;
#4404 = CARTESIAN_POINT ( 'NONE',  ( 774.1024668973319649, 869.8434747564627969, 1223.564226620482486 ) ) ;
#4405 = ORIENTED_EDGE ( 'NONE', *, *, #4235, .T. ) ;
#4406 = EDGE_CURVE ( 'NONE', #3357, #8403, #5051, .T. ) ;
#4407 = CARTESIAN_POINT ( 'NONE',  ( 717.1800848525040237, 879.2510169669742481, 1212.380460436409521 ) ) ;
#4408 = AXIS2_PLACEMENT_3D ( 'NONE', #3861, #2351, #2298 ) ;
#4409 = DIRECTION ( 'NONE',  ( 0.3963020732950885416, 0.5657544363313243840, 0.7230951420618448866 ) ) ;
#4410 = CARTESIAN_POINT ( 'NONE',  ( 724.4202779218370551, 891.7913992196671416, 1212.380460436409521 ) ) ;
#4411 = ORIENTED_EDGE ( 'NONE', *, *, #7043, .F. ) ;
#4412 = CARTESIAN_POINT ( 'NONE',  ( 680.5717232886125885, 923.8434747564629106, 1212.380460436409066 ) ) ;
#4413 = ORIENTED_EDGE ( 'NONE', *, *, #8971, .F. ) ;
#4414 = CARTESIAN_POINT ( 'NONE',  ( 717.1800848525040237, 879.2510169669742481, 1212.380460436409521 ) ) ;
#4415 = PLANE ( 'NONE',  #3809 ) ;
#4416 = EDGE_CURVE ( 'NONE', #839, #173, #7831, .T. ) ;
#4417 = FACE_OUTER_BOUND ( 'NONE', #2474, .T. ) ;
#4418 = CARTESIAN_POINT ( 'NONE',  ( 717.1800848525040237, 879.2510169669742481, 1212.380460436409521 ) ) ;
#4419 = CARTESIAN_POINT ( 'NONE',  ( 736.3819972640969809, 886.7008311728430954, 1223.335510217600131 ) ) ;
#4420 = CARTESIAN_POINT ( 'NONE',  ( 741.5559339720058460, 885.1701226869519132, 1214.354248425927153 ) ) ;
#4421 = CARTESIAN_POINT ( 'NONE',  ( 742.2661078146828686, 890.5336063196065197, 1234.086781508788363 ) ) ;
#4422 = B_SPLINE_CURVE_WITH_KNOTS ( 'NONE', 3,
 ( #503, #9945, #2148, #9425, #8696, #8600, #7920, #7002 ),
 .UNSPECIFIED., .F., .F.,
 ( 4, 2, 2, 4 ),
 ( 0.000000000000000000, 0.001064839483319083039, 0.001597259224978765831, 0.002129678966638448839 ),
 .UNSPECIFIED. ) ;
#4423 = VERTEX_POINT ( 'NONE', #10139 ) ;
#4424 = APPROVAL_STATUS ( 'not_yet_approved' ) ;
#4425 = DIRECTION ( 'NONE',  ( 0.5845683251975080097, -0.3375006799125091494, -0.7378164841167310639 ) ) ;
#4426 = VERTEX_POINT ( 'NONE', #752 ) ;
#4427 = ORIENTED_EDGE ( 'NONE', *, *, #5242, .F. ) ;
#4428 = FACE_OUTER_BOUND ( 'NONE', #2440, .T. ) ;
#4429 = CIRCLE ( 'NONE', #2586, 19.56600634797364435 ) ;
#4430 = CARTESIAN_POINT ( 'NONE',  ( 724.4202779218370551, 891.7913992196671416, 1212.380460436409521 ) ) ;
#4431 = B_SPLINE_CURVE_WITH_KNOTS ( 'NONE', 3,
 ( #43, #2353, #717, #7099 ),
 .UNSPECIFIED., .F., .F.,
 ( 4, 4 ),
 ( 1.041481514324133990E-15, 0.001453450272821891391 ),
 .UNSPECIFIED. ) ;
#4432 = EDGE_CURVE ( 'NONE', #6082, #3727, #6571, .T. ) ;
#4433 = CARTESIAN_POINT ( 'NONE',  ( 715.9713658953155573, 899.9413799531292852, 1227.751989139833313 ) ) ;
#4434 = DIRECTION ( 'NONE',  ( 0.8660254037844441477, -0.4999999999999902855, 0.000000000000000000 ) ) ;
#4435 = CARTESIAN_POINT ( 'NONE',  ( 714.9741325034848387, 900.5171329203478763, 1227.396784757454043 ) ) ;
#4436 = CARTESIAN_POINT ( 'NONE',  ( 724.4202779218370551, 891.7913992196671416, 1212.380460436409521 ) ) ;
#4437 = ORIENTED_EDGE ( 'NONE', *, *, #7894, .T. ) ;
#4438 = CARTESIAN_POINT ( 'NONE',  ( 740.7738304850781788, 885.6216703456636878, 1203.141745581125406 ) ) ;
#4439 = CARTESIAN_POINT ( 'NONE',  ( 718.1309277026955442, 897.2379884111622914, 1197.555241989661681 ) ) ;
#4440 = EDGE_CURVE ( 'NONE', #1309, #6357, #6074, .T. ) ;
#4441 = ORIENTED_EDGE ( 'NONE', *, *, #8879, .F. ) ;
#4442 = CARTESIAN_POINT ( 'NONE',  ( 708.1531756395523871, 903.6566274100576948, 1210.002573327419668 ) ) ;
#4443 = CARTESIAN_POINT ( 'NONE',  ( 742.3679217908222654, 883.5156250140782959, 1206.832412907514254 ) ) ;
#4444 = CARTESIAN_POINT ( 'NONE',  ( 723.3787768355879280, 892.6851552363849578, 1194.452590201568682 ) ) ;
#4445 = CARTESIAN_POINT ( 'NONE',  ( 710.6787700009783748, 900.7690317356141350, 1206.361350058381731 ) ) ;
#4446 = CARTESIAN_POINT ( 'NONE',  ( 717.1800848525040237, 879.2510169669742481, 1212.380460436409521 ) ) ;
#4447 = CARTESIAN_POINT ( 'NONE',  ( 725.3236735400701036, 893.3561263297817732, 1212.380460436409521 ) ) ;
#4448 = CARTESIAN_POINT ( 'NONE',  ( 717.1800848525040237, 879.2510169669742481, 1212.380460436409521 ) ) ;
#4449 = ORIENTED_EDGE ( 'NONE', *, *, #9780, .T. ) ;
#4450 = CARTESIAN_POINT ( 'NONE',  ( 711.1491996166666922, 899.4534598515668904, 1202.599253884872041 ) ) ;
#4451 = ORIENTED_EDGE ( 'NONE', *, *, #4033, .T. ) ;
#4452 = B_SPLINE_CURVE_WITH_KNOTS ( 'NONE', 3,
 ( #1839, #5762, #9573, #5058 ),
 .UNSPECIFIED., .F., .F.,
 ( 4, 4 ),
 ( 0.000000000000000000, 0.001331005199731964380 ),
 .UNSPECIFIED. ) ;
#4453 = ADVANCED_FACE ( 'NONE', ( #1664 ), #9980, .F. ) ;
#4454 = CARTESIAN_POINT ( 'NONE',  ( 722.7357579803444878, 894.8502600748313398, 1232.608978755062708 ) ) ;
#4455 = VERTEX_POINT ( 'NONE', #3986 ) ;
#4456 = B_SPLINE_CURVE_WITH_KNOTS ( 'NONE', 3,
 ( #8058, #9559, #6624, #5799, #9768, #4936, #7957, #5749 ),
 .UNSPECIFIED., .F., .F.,
 ( 4, 2, 2, 4 ),
 ( 0.000000000000000000, 0.001064839483366122452, 0.001597259225048866657, 0.002129678966731610862 ),
 .UNSPECIFIED. ) ;
#4457 = VERTEX_POINT ( 'NONE', #1622 ) ;
#4458 = LINE ( 'NONE', #8989, #6932 ) ;
#4459 = CARTESIAN_POINT ( 'NONE',  ( 727.3303507288798073, 890.1112679011554292, 1194.514030207559699 ) ) ;
#4460 = AXIS2_PLACEMENT_3D ( 'NONE', #2938, #2747, #6136 ) ;
#4461 = CARTESIAN_POINT ( 'NONE',  ( 717.1800848525040237, 879.2510169669742481, 1212.380460436409521 ) ) ;
#4462 = VERTEX_POINT ( 'NONE', #9661 ) ;
#4463 = CARTESIAN_POINT ( 'NONE',  ( 717.1800848525040237, 879.2510169669742481, 1212.380460436409521 ) ) ;
#4464 = EDGE_CURVE ( 'NONE', #6869, #6348, #6185, .T. ) ;
#4465 = EDGE_LOOP ( 'NONE', ( #7641, #8804, #9357, #51 ) ) ;
#4466 = DIRECTION ( 'NONE',  ( 0.3779644730092379112, 0.6546536707079787520, 0.6546536707079694262 ) ) ;
#4467 = ADVANCED_FACE ( 'NONE', ( #2589 ), #6840, .T. ) ;
#4468 = CARTESIAN_POINT ( 'NONE',  ( 723.6055586192495639, 885.9333150666806205, 1221.606538302479294 ) ) ;
#4469 = AXIS2_PLACEMENT_3D ( 'NONE', #5558, #1448, #6175 ) ;
#4470 = B_SPLINE_SURFACE_WITH_KNOTS ( 'NONE', 3, 1, ( 
 ( #9905, #8977 ),
 ( #1959, #2839 ),
 ( #2632, #5786 ),
 ( #8928, #1100 ),
 ( #4247, #7380 ),
 ( #3462, #9754 ) ),
 .UNSPECIFIED., .F., .F., .F.,
 ( 4, 1, 1, 4 ),
 ( 2, 2 ),
 ( 0.000000000000000000, 0.3395620866332510479, 0.7109345430498769103, 1.000000000000000000 ),
 ( 0.000000000000000000, 1.000000000000000000 ),
 .UNSPECIFIED. ) ;
#4471 = CARTESIAN_POINT ( 'NONE',  ( 717.1800848525040237, 879.2510169669742481, 1212.380460436409521 ) ) ;
#4472 = CARTESIAN_POINT ( 'NONE',  ( 712.0345572244505092, 900.7578206101665046, 1219.810955016218259 ) ) ;
#4473 = CARTESIAN_POINT ( 'NONE',  ( 736.5683277813391214, 886.5931505126008005, 1223.076789572344751 ) ) ;
#4474 = CARTESIAN_POINT ( 'NONE',  ( 711.4612142686647758, 903.0896226929352224, 1203.289112159965953 ) ) ;
#4475 = CARTESIAN_POINT ( 'NONE',  ( 736.2148108099288493, 886.7972536312075817, 1223.558826407637525 ) ) ;
#4476 = ORIENTED_EDGE ( 'NONE', *, *, #2918, .T. ) ;
#4477 = PERSON_AND_ORGANIZATION_ROLE ( 'creator' ) ;
#4478 = AXIS2_PLACEMENT_3D ( 'NONE', #9168, #2098, #8393 ) ;
#4479 = CARTESIAN_POINT ( 'NONE',  ( 741.6011740106840762, 885.1440033384428716, 1213.793429641254761 ) ) ;
#4480 = VERTEX_POINT ( 'NONE', #8781 ) ;
#4481 = CARTESIAN_POINT ( 'NONE',  ( 712.9712938853641617, 901.6734723356629502, 1201.767692428282771 ) ) ;
#4482 = EDGE_CURVE ( 'NONE', #5296, #735, #3488, .T. ) ;
#4483 = DIRECTION ( 'NONE',  ( 0.4999999999999988343, 0.8660254037844394848, -2.975261781898571487E-15 ) ) ;
#4484 = CARTESIAN_POINT ( 'NONE',  ( 722.3390047920809138, 896.2988957058424830, 1193.255991005353735 ) ) ;
#4485 = CIRCLE ( 'NONE', #4148, 20.44804870789273821 ) ;
#4486 = CARTESIAN_POINT ( 'NONE',  ( 726.3370950929721630, 895.1114239488939575, 1212.380460436409294 ) ) ;
#4487 = CARTESIAN_POINT ( 'NONE',  ( 715.4601328059158050, 899.5780227109804628, 1228.728662392810747 ) ) ;
#4488 = CARTESIAN_POINT ( 'NONE',  ( 721.1752905570103849, 895.7511963617532729, 1192.501394710672002 ) ) ;
#4489 = VERTEX_POINT ( 'NONE', #897 ) ;
#4490 = CARTESIAN_POINT ( 'NONE',  ( 728.6263308558814060, 891.3422730215538650, 1192.181125626529820 ) ) ;
#4491 = CARTESIAN_POINT ( 'NONE',  ( 717.8870320340292892, 897.3788656438225644, 1227.047002071187308 ) ) ;
#4492 = EDGE_CURVE ( 'NONE', #5064, #6017, #8150, .T. ) ;
#4493 = CARTESIAN_POINT ( 'NONE',  ( 709.2118729402785675, 900.5719759296797520, 1207.678696440902286 ) ) ;
#4494 = ORIENTED_EDGE ( 'NONE', *, *, #4613, .T. ) ;
#4495 = CARTESIAN_POINT ( 'NONE',  ( 741.6283102911182823, 885.1283361996294161, 1211.451518248498360 ) ) ;
#4496 = CARTESIAN_POINT ( 'NONE',  ( 716.1197441726359330, 899.8557137147766980, 1226.782992835635014 ) ) ;
#4497 = DIRECTION ( 'NONE',  ( 0.7470646409176213698, 0.3632415734928072792, 0.5567315166012204442 ) ) ;
#4498 = CARTESIAN_POINT ( 'NONE',  ( 717.1800848525040237, 879.2510169669742481, 1212.380460436409521 ) ) ;
#4499 = CARTESIAN_POINT ( 'NONE',  ( 709.9737293434448020, 903.4041170308535129, 1206.854864153839117 ) ) ;
#4500 = AXIS2_PLACEMENT_3D ( 'NONE', #4259, #6574, #128 ) ;
#4501 = CC_DESIGN_PERSON_AND_ORGANIZATION_ASSIGNMENT ( #549, #3650, ( #8089 ) ) ;
#4502 = FACE_OUTER_BOUND ( 'NONE', #4663, .T. ) ;
#4503 = CARTESIAN_POINT ( 'NONE',  ( 739.6400824858691294, 884.5070134677657734, 1209.082548010035907 ) ) ;
#4504 = CARTESIAN_POINT ( 'NONE',  ( 740.1556580869148547, 884.8770120203987517, 1201.200038409627496 ) ) ;
#4505 = VERTEX_POINT ( 'NONE', #4038 ) ;
#4506 = CARTESIAN_POINT ( 'NONE',  ( 722.9140444135958887, 895.9330226417033600, 1230.323316013730846 ) ) ;
#4507 = MANIFOLD_SOLID_BREP ( 'CBORE for M2 Hex Head Machine Screw1', #3559 ) ;
#4508 = ORIENTED_EDGE ( 'NONE', *, *, #3966, .T. ) ;
#4509 = ORIENTED_EDGE ( 'NONE', *, *, #5611, .F. ) ;
#4510 = CIRCLE ( 'NONE', #3997, 19.56600634797369409 ) ;
#4511 = DIRECTION ( 'NONE',  ( 0.5845683251975072325, -0.3375006799125115364, -0.7378164841167307308 ) ) ;
#4512 = EDGE_LOOP ( 'NONE', ( #6, #5785, #1970, #6693 ) ) ;
#4513 = ADVANCED_FACE ( 'NONE', ( #8724, #2435 ), #124, .F. ) ;
#4514 = DIRECTION ( 'NONE',  ( -0.4999999999999988343, -0.8660254037844394848, 2.975261781898571487E-15 ) ) ;
#4515 = VECTOR ( 'NONE', #5648, 1000.000000000000000 ) ;
#4516 = CARTESIAN_POINT ( 'NONE',  ( 714.0785952046219336, 900.2357140431222433, 1227.638126695659594 ) ) ;
#4517 = CARTESIAN_POINT ( 'NONE',  ( 740.9361923299431965, 884.3422344037231824, 1222.030419262314808 ) ) ;
#4518 = ORIENTED_EDGE ( 'NONE', *, *, #4360, .T. ) ;
#4519 = CARTESIAN_POINT ( 'NONE',  ( 736.7256889517851732, 887.9588659496281480, 1199.142016481850078 ) ) ;
#4520 = ORIENTED_EDGE ( 'NONE', *, *, #5479, .F. ) ;
#4521 = DIRECTION ( 'NONE',  ( 0.5000000000000004441, 0.8660254037844383745, -9.910297435075217688E-15 ) ) ;
#4522 = CARTESIAN_POINT ( 'NONE',  ( 717.1800848525040237, 879.2510169669742481, 1212.380460436409521 ) ) ;
#4523 = ORIENTED_EDGE ( 'NONE', *, *, #9318, .T. ) ;
#4524 = AXIS2_PLACEMENT_3D ( 'NONE', #10109, #564, #2154 ) ;
#4525 = CARTESIAN_POINT ( 'NONE',  ( 710.6188490903517732, 903.0316569713172612, 1217.334753333063418 ) ) ;
#4526 = EDGE_CURVE ( 'NONE', #3811, #7939, #4239, .T. ) ;
#4527 = CARTESIAN_POINT ( 'NONE',  ( 707.4871230065359669, 903.5470003638292837, 1213.370323427540370 ) ) ;
#4528 = EDGE_CURVE ( 'NONE', #4462, #3268, #8010, .T. ) ;
#4529 = CARTESIAN_POINT ( 'NONE',  ( 740.6369136322732629, 885.7007193274872634, 1219.968920521420159 ) ) ;
#4530 = CARTESIAN_POINT ( 'NONE',  ( 726.3370950929721630, 895.1114239488939575, 1212.380460436409294 ) ) ;
#4531 = LINE ( 'NONE', #2814, #5710 ) ;
#4532 = SECURITY_CLASSIFICATION_LEVEL ( 'unclassified' ) ;
#4533 = CARTESIAN_POINT ( 'NONE',  ( 717.2072327291764395, 897.1519891532749398, 1227.263108162098206 ) ) ;
#4534 = VERTEX_POINT ( 'NONE', #4988 ) ;
#4535 = CARTESIAN_POINT ( 'NONE',  ( 739.8274352825638971, 883.1885178541551795, 1215.830386488017666 ) ) ;
#4536 = CARTESIAN_POINT ( 'NONE',  ( 725.2974434783691322, 895.1012720341428803, 1193.235875812007180 ) ) ;
#4537 = CARTESIAN_POINT ( 'NONE',  ( 715.8162986820684637, 900.0309080504401891, 1228.158296899748848 ) ) ;
#4538 = CARTESIAN_POINT ( 'NONE',  ( 717.1800848525040237, 879.2510169669742481, 1212.380460436409521 ) ) ;
#4539 = EDGE_CURVE ( 'NONE', #9592, #479, #3264, .T. ) ;
#4540 = AXIS2_PLACEMENT_3D ( 'NONE', #7350, #5602, #6428 ) ;
#4541 = CARTESIAN_POINT ( 'NONE',  ( 712.5977885195420640, 898.6171166585469336, 1200.374669338364583 ) ) ;
#4542 = CARTESIAN_POINT ( 'NONE',  ( 738.7836389738888556, 885.0015916257567596, 1205.809998525716765 ) ) ;
#4543 = ORIENTED_EDGE ( 'NONE', *, *, #8637, .F. ) ;
#4544 = CARTESIAN_POINT ( 'NONE',  ( 742.6826756602755495, 883.8610802659893579, 1208.949092890205520 ) ) ;
#4545 = CARTESIAN_POINT ( 'NONE',  ( 718.1349409743845627, 897.2357624099822715, 1227.208423491231770 ) ) ;
#4546 = ORIENTED_EDGE ( 'NONE', *, *, #4999, .F. ) ;
#4547 = CARTESIAN_POINT ( 'NONE',  ( 743.1713637030086375, 887.7015555120376575, 1234.086781508788363 ) ) ;
#4548 = LINE ( 'NONE', #10113, #2185 ) ;
#4549 = CARTESIAN_POINT ( 'NONE',  ( 742.7050970720903251, 884.5066530617752960, 1210.521441864081680 ) ) ;
#4550 = CARTESIAN_POINT ( 'NONE',  ( 724.5625296337567534, 893.5247013049435054, 1195.469405166990100 ) ) ;
#4551 = B_SPLINE_CURVE_WITH_KNOTS ( 'NONE', 3,
 ( #2031, #5250, #590, #8426 ),
 .UNSPECIFIED., .F., .F.,
 ( 4, 4 ),
 ( 0.000000000000000000, 0.001331005199732052200 ),
 .UNSPECIFIED. ) ;
#4552 = CARTESIAN_POINT ( 'NONE',  ( 724.4361187847961219, 893.5977873285740998, 1229.284496624188932 ) ) ;
#4553 = EDGE_CURVE ( 'NONE', #5994, #6028, #538, .T. ) ;
#4554 = CARTESIAN_POINT ( 'NONE',  ( 717.5055320546287021, 899.0895024919312846, 1195.371094438459977 ) ) ;
#4555 = ORIENTED_EDGE ( 'NONE', *, *, #9519, .T. ) ;
#4556 = CARTESIAN_POINT ( 'NONE',  ( 714.6858085731254278, 904.1476984342916694, 1234.086781508788363 ) ) ;
#4557 = CARTESIAN_POINT ( 'NONE',  ( 717.1800848525040237, 879.2510169669742481, 1212.380460436409521 ) ) ;
#4558 = AXIS2_PLACEMENT_3D ( 'NONE', #4747, #8697, #861 ) ;
#4559 = EDGE_LOOP ( 'NONE', ( #7541, #3881, #6347, #3426, #3498 ) ) ;
#4560 = CARTESIAN_POINT ( 'NONE',  ( 738.8337463820240600, 885.2852104736680303, 1218.619835160077855 ) ) ;
#4561 = VERTEX_POINT ( 'NONE', #9607 ) ;
#4562 = ORIENTED_EDGE ( 'NONE', *, *, #814, .T. ) ;
#4563 = ORIENTED_EDGE ( 'NONE', *, *, #7654, .F. ) ;
#4564 = CARTESIAN_POINT ( 'NONE',  ( 740.8032110533828245, 885.6047074666440722, 1205.240101276208634 ) ) ;
#4565 = CARTESIAN_POINT ( 'NONE',  ( 717.1800848525040237, 879.2510169669742481, 1212.380460436409521 ) ) ;
#4566 = CARTESIAN_POINT ( 'NONE',  ( 707.6750527934783577, 903.5455622686533843, 1214.061018959944249 ) ) ;
#4567 = DIRECTION ( 'NONE',  ( -0.1811267183401211456, 0.8991331046197525989, 0.3984379149631514516 ) ) ;
#4568 = AXIS2_PLACEMENT_3D ( 'NONE', #5551, #6221, #3902 ) ;
#4569 = ORIENTED_EDGE ( 'NONE', *, *, #2049, .T. ) ;
#4570 = B_SPLINE_CURVE_WITH_KNOTS ( 'NONE', 3,
 ( #9528, #5665, #7926, #8751 ),
 .UNSPECIFIED., .F., .F.,
 ( 4, 4 ),
 ( 1.005213304260610128E-05, 0.001341057332774224942 ),
 .UNSPECIFIED. ) ;
#4571 = ORIENTED_EDGE ( 'NONE', *, *, #3778, .T. ) ;
#4572 = CARTESIAN_POINT ( 'NONE',  ( 738.8022529156355631, 887.5515466324770841, 1200.222155013085739 ) ) ;
#4573 = CARTESIAN_POINT ( 'NONE',  ( 709.1522186005935282, 903.2198986754482348, 1219.047932060144831 ) ) ;
#4574 = ADVANCED_FACE ( 'NONE', ( #6413 ), #5689, .F. ) ;
#4575 = CONICAL_SURFACE ( 'NONE', #8521, 20.44804870789273821, 0.7096869864122512528 ) ;
#4576 = CARTESIAN_POINT ( 'NONE',  ( 724.4202779218370551, 891.7913992196671416, 1212.380460436409521 ) ) ;
#4577 = CARTESIAN_POINT ( 'NONE',  ( 714.5668778590230659, 900.7522614989565000, 1198.953851177570641 ) ) ;
#4578 = CARTESIAN_POINT ( 'NONE',  ( 710.2290106830531613, 903.2567302807115084, 1209.461630679524205 ) ) ;
#4579 = CARTESIAN_POINT ( 'NONE',  ( 729.9904229355161078, 891.8474735971847167, 1194.764005099403221 ) ) ;
#4580 = CARTESIAN_POINT ( 'NONE',  ( 710.6612352545444082, 901.5506545405424959, 1214.491564443431571 ) ) ;
#4581 = ORIENTED_EDGE ( 'NONE', *, *, #7082, .F. ) ;
#4582 = FACE_OUTER_BOUND ( 'NONE', #958, .T. ) ;
#4583 = ORIENTED_EDGE ( 'NONE', *, *, #4255, .T. ) ;
#4584 = DIRECTION ( 'NONE',  ( 0.8660254037844280495, -0.5000000000000182077, 0.000000000000000000 ) ) ;
#4585 = CARTESIAN_POINT ( 'NONE',  ( 729.7249736076536237, 892.0007308380825179, 1230.077635494935521 ) ) ;
#4586 = ADVANCED_FACE ( 'NONE', ( #279 ), #1059, .T. ) ;
#4587 = EDGE_CURVE ( 'NONE', #2415, #891, #8681, .T. ) ;
#4588 = B_SPLINE_SURFACE_WITH_KNOTS ( 'NONE', 3, 1, ( 
 ( #48, #4122 ),
 ( #6437, #2406 ),
 ( #3237, #6385 ),
 ( #1743, #9529 ),
 ( #2455, #5612 ),
 ( #4906, #8033 ) ),
 .UNSPECIFIED., .F., .F., .F.,
 ( 4, 1, 1, 4 ),
 ( 2, 2 ),
 ( 0.000000000000000000, 0.3395620866332510479, 0.7109345430498769103, 1.000000000000000000 ),
 ( 0.000000000000000000, 1.000000000000000000 ),
 .UNSPECIFIED. ) ;
#4589 = CYLINDRICAL_SURFACE ( 'NONE', #7980, 2.200000000000022382 ) ;
#4590 = CARTESIAN_POINT ( 'NONE',  ( 733.0639313610574845, 888.4586456798658674, 1198.011231508550736 ) ) ;
#4591 = CARTESIAN_POINT ( 'NONE',  ( 720.4060163790846900, 897.3810333025634236, 1230.914207577242905 ) ) ;
#4592 = CARTESIAN_POINT ( 'NONE',  ( 725.4402601148537997, 893.2888150394486502, 1232.828065986234378 ) ) ;
#4593 = EDGE_LOOP ( 'NONE', ( #9109, #4310, #3479 ) ) ;
#4594 = CARTESIAN_POINT ( 'NONE',  ( 717.1800848525040237, 879.2510169669742481, 1212.380460436409521 ) ) ;
#4595 = CARTESIAN_POINT ( 'NONE',  ( 707.6329878448669888, 903.5698484780575654, 1213.298183418451799 ) ) ;
#4596 = EDGE_CURVE ( 'NONE', #196, #4250, #9319, .T. ) ;
#4597 = EDGE_CURVE ( 'NONE', #8311, #3811, #8328, .T. ) ;
#4598 = ORIENTED_EDGE ( 'NONE', *, *, #2599, .T. ) ;
#4599 = CARTESIAN_POINT ( 'NONE',  ( 737.6692048090025082, 884.7323428828226497, 1202.852909753617041 ) ) ;
#4600 = CARTESIAN_POINT ( 'NONE',  ( 725.4449036985705561, 893.3702700264921077, 1232.797857062102821 ) ) ;
#4601 = CARTESIAN_POINT ( 'NONE',  ( 725.8370950929727314, 894.2453985451099925, 1212.380460436409521 ) ) ;
#4602 = CARTESIAN_POINT ( 'NONE',  ( 724.1809409509684201, 893.7450116336714245, 1229.266385887622846 ) ) ;
#4603 = CARTESIAN_POINT ( 'NONE',  ( 717.1800848525040237, 879.2510169669742481, 1212.380460436409521 ) ) ;
#4604 = ORIENTED_EDGE ( 'NONE', *, *, #7904, .T. ) ;
#4605 = FACE_OUTER_BOUND ( 'NONE', #5169, .T. ) ;
#4606 = CARTESIAN_POINT ( 'NONE',  ( 712.0326349475562893, 900.7588393749391571, 1204.954850656931058 ) ) ;
#4607 = CARTESIAN_POINT ( 'NONE',  ( 715.3994031127575681, 899.4730160277957793, 1228.832608766259227 ) ) ;
#4608 = VERTEX_POINT ( 'NONE', #6863 ) ;
#4609 = DIRECTION ( 'NONE',  ( -0.8660254037844373753, 0.5000000000000023315, 0.000000000000000000 ) ) ;
#4610 = B_SPLINE_SURFACE_WITH_KNOTS ( 'NONE', 3, 1, ( 
 ( #2137, #9054 ),
 ( #6838, #4474 ),
 ( #1383, #9985 ),
 ( #5154, #8280 ),
 ( #1177, #6011 ),
 ( #6066, #448 ) ),
 .UNSPECIFIED., .F., .F., .F.,
 ( 4, 1, 1, 4 ),
 ( 2, 2 ),
 ( 0.000000000000000000, 0.3395620866332510479, 0.7109345430498769103, 1.000000000000000000 ),
 ( 0.000000000000000000, 1.000000000000000000 ),
 .UNSPECIFIED. ) ;
#4611 = ORIENTED_EDGE ( 'NONE', *, *, #5479, .T. ) ;
#4612 = ORIENTED_EDGE ( 'NONE', *, *, #5971, .F. ) ;
#4613 = EDGE_CURVE ( 'NONE', #3159, #6310, #2015, .T. ) ;
#4614 = ORIENTED_EDGE ( 'NONE', *, *, #6814, .F. ) ;
#4615 = ORIENTED_EDGE ( 'NONE', *, *, #870, .F. ) ;
#4616 = DIRECTION ( 'NONE',  ( 0.5845683251974943540, -0.3375006799125097601, -0.7378164841167416110 ) ) ;
#4617 = B_SPLINE_CURVE_WITH_KNOTS ( 'NONE', 1,
 ( #6112, #3942 ),
 .UNSPECIFIED., .F., .F.,
 ( 2, 2 ),
 ( 0.000000000000000000, 0.002900000000002678647 ),
 .UNSPECIFIED. ) ;
#4618 = ORIENTED_EDGE ( 'NONE', *, *, #1513, .F. ) ;
#4619 = DIRECTION ( 'NONE',  ( 0.5000000000000009992, 0.8660254037844381525, 0.000000000000000000 ) ) ;
#4620 = CARTESIAN_POINT ( 'NONE',  ( 717.2250390576668906, 906.1457746456449058, 1234.086781508788363 ) ) ;
#4621 = CARTESIAN_POINT ( 'NONE',  ( 728.1420295588644649, 891.7289477236608946, 1232.567878673904943 ) ) ;
#4622 = ORIENTED_EDGE ( 'NONE', *, *, #9196, .F. ) ;
#4623 = ORIENTED_EDGE ( 'NONE', *, *, #6891, .F. ) ;
#4624 = LINE ( 'NONE', #2957, #8455 ) ;
#4625 = EDGE_CURVE ( 'NONE', #3246, #61, #995, .T. ) ;
#4626 = CARTESIAN_POINT ( 'NONE',  ( 709.7665386911155565, 900.8420707474608662, 1216.795105203184676 ) ) ;
#4627 = CARTESIAN_POINT ( 'NONE',  ( 720.7320889826208941, 893.9207760965286980, 1194.706646174132175 ) ) ;
#4628 = LINE ( 'NONE', #6265, #7748 ) ;
#4629 = CARTESIAN_POINT ( 'NONE',  ( 737.5364768119894734, 888.0350628443563892, 1198.520624159888939 ) ) ;
#4630 = CARTESIAN_POINT ( 'NONE',  ( 725.8370950929722767, 894.2453985451096514, 1212.380460436409294 ) ) ;
#4631 = EDGE_CURVE ( 'NONE', #4724, #807, #996, .T. ) ;
#4632 = CARTESIAN_POINT ( 'NONE',  ( 732.3861047996566640, 890.4643260280307686, 1228.998292097506919 ) ) ;
#4633 = ORIENTED_EDGE ( 'NONE', *, *, #4101, .T. ) ;
#4634 = ORIENTED_EDGE ( 'NONE', *, *, #3579, .F. ) ;
#4635 = CARTESIAN_POINT ( 'NONE',  ( 730.8179882202329054, 890.0769190522744339, 1231.926190995302477 ) ) ;
#4636 = VERTEX_POINT ( 'NONE', #9289 ) ;
#4637 = CARTESIAN_POINT ( 'NONE',  ( 737.3432940964423778, 887.6022914531075685, 1226.743785854490397 ) ) ;
#4638 = CARTESIAN_POINT ( 'NONE',  ( 730.1125064456340397, 891.7769886497547986, 1229.957894179372943 ) ) ;
#4639 = AXIS2_PLACEMENT_3D ( 'NONE', #5253, #5200, #595 ) ;
#4640 = CARTESIAN_POINT ( 'NONE',  ( 711.5837684829688214, 902.4745605002434559, 1203.506088782324014 ) ) ;
#4641 = DIRECTION ( 'NONE',  ( 0.8660254037844280495, -0.5000000000000182077, 0.000000000000000000 ) ) ;
#4642 = CARTESIAN_POINT ( 'NONE',  ( 709.8543674884663233, 903.4730306299561562, 1217.426640765016373 ) ) ;
#4643 = ADVANCED_FACE ( 'NONE', ( #7440 ), #1873, .F. ) ;
#4644 = CARTESIAN_POINT ( 'NONE',  ( 715.7877179875707725, 896.7754100214959863, 1197.177196332246467 ) ) ;
#4645 = EDGE_LOOP ( 'NONE', ( #7394, #3308 ) ) ;
#4646 = DIRECTION ( 'NONE',  ( -0.5000000000000009992, -0.8660254037844382635, -0.000000000000000000 ) ) ;
#4647 = CARTESIAN_POINT ( 'NONE',  ( 724.4202779218370551, 891.7913992196671416, 1212.380460436409521 ) ) ;
#4648 = CARTESIAN_POINT ( 'NONE',  ( 720.7107585230822906, 897.9966757900607490, 1230.279509404590726 ) ) ;
#4649 = FACE_OUTER_BOUND ( 'NONE', #8789, .T. ) ;
#4650 = B_SPLINE_CURVE_WITH_KNOTS ( 'NONE', 3,
 ( #1754, #5476, #8813, #2367, #8618, #7786, #1557, #7160, #783, #732 ),
 .UNSPECIFIED., .F., .F.,
 ( 4, 3, 3, 4 ),
 ( 0.000000000000000000, 0.0001770953904237163848, 0.0003541907790579269430, 0.0006813326750119617871 ),
 .UNSPECIFIED. ) ;
#4651 = VERTEX_POINT ( 'NONE', #2212 ) ;
#4652 = CONICAL_SURFACE ( 'NONE', #6122, 20.44804870789273821, 0.7096869864122512528 ) ;
#4653 = DIRECTION ( 'NONE',  ( 0.5000000000000004441, 0.8660254037844383745, -9.910297435075217688E-15 ) ) ;
#4654 = CARTESIAN_POINT ( 'NONE',  ( 715.7903048206766243, 890.4454539510719542, 1218.999631523747667 ) ) ;
#4655 = CARTESIAN_POINT ( 'NONE',  ( 738.0993736189257106, 885.3965421468383283, 1204.160418036892906 ) ) ;
#4656 = CARTESIAN_POINT ( 'NONE',  ( 739.3672971392387581, 884.9771648003637665, 1216.757809838402864 ) ) ;
#4657 = LINE ( 'NONE', #55, #786 ) ;
#4658 = EDGE_CURVE ( 'NONE', #2370, #355, #2961, .T. ) ;
#4659 = CARTESIAN_POINT ( 'NONE',  ( 739.8982045559079097, 885.0256528858295724, 1224.002475736449242 ) ) ;
#4660 = CARTESIAN_POINT ( 'NONE',  ( 739.6087422297235889, 884.6798554321617303, 1209.058681883916734 ) ) ;
#4661 = EDGE_CURVE ( 'NONE', #970, #1432, #9523, .T. ) ;
#4662 = CARTESIAN_POINT ( 'NONE',  ( 739.2723615691717214, 883.2165447277619705, 1218.412721694807260 ) ) ;
#4663 = EDGE_LOOP ( 'NONE', ( #7928, #4888, #6958, #985 ) ) ;
#4664 = EDGE_LOOP ( 'NONE', ( #5584, #2908, #5310, #3573 ) ) ;
#4665 = CARTESIAN_POINT ( 'NONE',  ( 719.4041168091503096, 897.9594802889661196, 1230.481592765873756 ) ) ;
#4666 = AXIS2_PLACEMENT_3D ( 'NONE', #1161, #7645, #1365 ) ;
#4667 = B_SPLINE_CURVE_WITH_KNOTS ( 'NONE', 3,
 ( #8035, #977, #4125, #201 ),
 .UNSPECIFIED., .F., .F.,
 ( 4, 4 ),
 ( 0.0009352727177708781200, 0.002387895279818494452 ),
 .UNSPECIFIED. ) ;
#4668 = CARTESIAN_POINT ( 'NONE',  ( 734.9772194899129545, 889.5126507481827502, 1196.206466247143226 ) ) ;
#4669 = EDGE_CURVE ( 'NONE', #3611, #7495, #3857, .T. ) ;
#4670 = CARTESIAN_POINT ( 'NONE',  ( 738.4159893013354576, 886.9829705878040613, 1225.489890823299220 ) ) ;
#4671 = CARTESIAN_POINT ( 'NONE',  ( 740.7738304850781788, 885.6216703456636878, 1203.141745581125406 ) ) ;
#4672 = AXIS2_PLACEMENT_3D ( 'NONE', #2416, #8870, #6498 ) ;
#4673 = B_SPLINE_SURFACE_WITH_KNOTS ( 'NONE', 3, 1, ( 
 ( #9775, #9099 ),
 ( #8947, #5052 ),
 ( #6583, #9721 ),
 ( #4213, #8217 ),
 ( #1932, #7348 ),
 ( #2653, #1883 ) ),
 .UNSPECIFIED., .F., .F., .F.,
 ( 4, 1, 1, 4 ),
 ( 2, 2 ),
 ( 0.000000000000000000, 0.3395620866332510479, 0.7109345430498769103, 1.000000000000000000 ),
 ( 0.000000000000000000, 1.000000000000000000 ),
 .UNSPECIFIED. ) ;
#4674 = VERTEX_POINT ( 'NONE', #8159 ) ;
#4675 = ORIENTED_EDGE ( 'NONE', *, *, #10192, .F. ) ;
#4676 = CARTESIAN_POINT ( 'NONE',  ( 739.5737505236045308, 883.0425377337930968, 1207.447876435843227 ) ) ;
#4677 = CARTESIAN_POINT ( 'NONE',  ( 717.1800848525040237, 879.2510169669742481, 1212.380460436409521 ) ) ;
#4678 = DIRECTION ( 'NONE',  ( 0.8660254037844441477, -0.4999999999999902855, 0.000000000000000000 ) ) ;
#4679 = VECTOR ( 'NONE', #487, 1000.000000000000000 ) ;
#4680 = B_SPLINE_CURVE_WITH_KNOTS ( 'NONE', 3,
 ( #8019, #3324, #4108, #6423, #7867, #2495, #3904, #9618 ),
 .UNSPECIFIED., .F., .F.,
 ( 4, 2, 2, 4 ),
 ( 0.000000000000000000, 0.001064839483325568303, 0.001597259224988072839, 0.002129678966650577591 ),
 .UNSPECIFIED. ) ;
#4681 = CARTESIAN_POINT ( 'NONE',  ( 742.7531700681779512, 884.4788981045434184, 1213.516453828375688 ) ) ;
#4682 = ADVANCED_FACE ( 'NONE', ( #6572 ), #8067, .F. ) ;
#4683 = CARTESIAN_POINT ( 'NONE',  ( 780.5717232886125885, 877.7515916644260869, 1193.288577344372243 ) ) ;
#4684 = CARTESIAN_POINT ( 'NONE',  ( 742.8396742479635577, 883.2432586059567257, 1215.387505757315466 ) ) ;
#4685 = VERTEX_POINT ( 'NONE', #9763 ) ;
#4686 = CARTESIAN_POINT ( 'NONE',  ( 730.6054760740342999, 892.0366779861686837, 1230.817460193615716 ) ) ;
#4687 = ORIENTED_EDGE ( 'NONE', *, *, #388, .F. ) ;
#4688 = CARTESIAN_POINT ( 'NONE',  ( 726.1085757559050080, 884.4881974490461971, 1204.385816942335168 ) ) ;
#4689 = B_SPLINE_CURVE_WITH_KNOTS ( 'NONE', 3,
 ( #7063, #927, #1695, #1648 ),
 .UNSPECIFIED., .F., .F.,
 ( 4, 4 ),
 ( 0.000000000000000000, 0.001331005199731660153 ),
 .UNSPECIFIED. ) ;
#4690 = CIRCLE ( 'NONE', #6316, 19.56600634797358396 ) ;
#4691 = FACE_OUTER_BOUND ( 'NONE', #9531, .T. ) ;
#4692 = EDGE_CURVE ( 'NONE', #2631, #4782, #1159, .T. ) ;
#4693 = DIRECTION ( 'NONE',  ( 0.4999999999999988343, 0.8660254037844394848, -2.975261781898571487E-15 ) ) ;
#4694 = CARTESIAN_POINT ( 'NONE',  ( 742.7948678011968013, 883.1620644021530779, 1216.097280281384656 ) ) ;
#4695 = CARTESIAN_POINT ( 'NONE',  ( 739.3697864654666319, 886.4661693222035410, 1200.609790350300273 ) ) ;
#4696 = CARTESIAN_POINT ( 'NONE',  ( 726.8898335000707220, 890.9558158097433989, 1229.968571695214678 ) ) ;
#4697 = ORIENTED_EDGE ( 'NONE', *, *, #5215, .T. ) ;
#4698 = CARTESIAN_POINT ( 'NONE',  ( 723.4630524340274178, 894.5144923875699305, 1232.680245138279361 ) ) ;
#4699 = CARTESIAN_POINT ( 'NONE',  ( 714.5899848185762266, 899.2824438008035486, 1224.053704545638539 ) ) ;
#4700 = CARTESIAN_POINT ( 'NONE',  ( 742.0289270075948025, 883.7113437434281877, 1219.165397533259465 ) ) ;
#4701 = B_SPLINE_CURVE_WITH_KNOTS ( 'NONE', 3,
 ( #3831, #5339, #8416, #1363, #581, #3729, #7539, #6875, #10129, #5996 ),
 .UNSPECIFIED., .F., .F.,
 ( 4, 3, 3, 4 ),
 ( 0.000000000000000000, 0.0001770953904237206674, 0.0003541907790579310088, 0.0006813326750119514871 ),
 .UNSPECIFIED. ) ;
#4702 = EDGE_LOOP ( 'NONE', ( #5537, #5814 ) ) ;
#4703 = DIRECTION ( 'NONE',  ( 0.8860001951868919923, 0.2830270938354316757, 0.3672864254010199114 ) ) ;
#4704 = EDGE_CURVE ( 'NONE', #2354, #5928, #6686, .T. ) ;
#4705 = AXIS2_PLACEMENT_3D ( 'NONE', #423, #680, #9131 ) ;
#4706 = CARTESIAN_POINT ( 'NONE',  ( 728.3778466228872048, 893.5675660713900470, 1193.571711752037345 ) ) ;
#4707 = CARTESIAN_POINT ( 'NONE',  ( 725.9018740875374078, 893.0223020880562217, 1191.943314318056309 ) ) ;
#4708 = CARTESIAN_POINT ( 'NONE',  ( 730.9177941451838478, 889.8555680066632476, 1227.970250179887216 ) ) ;
#4709 = EDGE_LOOP ( 'NONE', ( #3730, #438, #3546, #10195 ) ) ;
#4710 = DIRECTION ( 'NONE',  ( -0.5845683251975072325, 0.3375006799125115364, 0.7378164841167307308 ) ) ;
#4711 = CARTESIAN_POINT ( 'NONE',  ( 722.4962928534703224, 894.7176436662517744, 1229.016076953065749 ) ) ;
#4712 = CARTESIAN_POINT ( 'NONE',  ( 725.3236735400701036, 893.3561263297817732, 1212.380460436409521 ) ) ;
#4713 = VECTOR ( 'NONE', #6900, 1000.000000000000114 ) ;
#4714 = ORIENTED_EDGE ( 'NONE', *, *, #4010, .F. ) ;
#4715 = CARTESIAN_POINT ( 'NONE',  ( 739.6146510805717753, 885.4924653091004529, 1200.526866473256860 ) ) ;
#4716 = ADVANCED_FACE ( 'NONE', ( #5846 ), #2546, .F. ) ;
#4717 = EDGE_CURVE ( 'NONE', #1616, #3370, #2373, .T. ) ;
#4718 = AXIS2_PLACEMENT_3D ( 'NONE', #4099, #8886, #7229 ) ;
#4719 = B_SPLINE_CURVE_WITH_KNOTS ( 'NONE', 3,
 ( #9374, #3079, #6224, #8543 ),
 .UNSPECIFIED., .F., .F.,
 ( 4, 4 ),
 ( 4.577566798522237452E-16, 0.001453450272821308958 ),
 .UNSPECIFIED. ) ;
#4720 = CARTESIAN_POINT ( 'NONE',  ( 717.1800848525040237, 879.2510169669742481, 1212.380460436409521 ) ) ;
#4721 = CARTESIAN_POINT ( 'NONE',  ( 712.7804242926706593, 901.7836709463848592, 1222.677541745158123 ) ) ;
#4722 = CARTESIAN_POINT ( 'NONE',  ( 731.8351464365830452, 889.5967257001590269, 1193.364931950870869 ) ) ;
#4723 = ORIENTED_EDGE ( 'NONE', *, *, #7894, .F. ) ;
#4724 = VERTEX_POINT ( 'NONE', #4756 ) ;
#4725 = DIRECTION ( 'NONE',  ( 0.5845683251975072325, -0.3375006799125115364, -0.7378164841167307308 ) ) ;
#4726 = AXIS2_PLACEMENT_3D ( 'NONE', #3333, #5659, #399 ) ;
#4727 = AXIS2_PLACEMENT_3D ( 'NONE', #7722, #7519, #9120 ) ;
#4728 = CARTESIAN_POINT ( 'NONE',  ( 727.0843093703865634, 893.5253190463084820, 1231.458894689345470 ) ) ;
#4729 = CARTESIAN_POINT ( 'NONE',  ( 717.1800848525040237, 879.2510169669742481, 1212.380460436409521 ) ) ;
#4730 = CARTESIAN_POINT ( 'NONE',  ( 738.3008476158918256, 883.7774485702134371, 1220.959916950134129 ) ) ;
#4731 = EDGE_CURVE ( 'NONE', #7958, #2170, #9887, .T. ) ;
#4732 = DIRECTION ( 'NONE',  ( -0.4999999999999988343, -0.8660254037844394848, 2.975261781898571487E-15 ) ) ;
#4733 = CARTESIAN_POINT ( 'NONE',  ( 717.1800848525040237, 879.2510169669742481, 1212.380460436409521 ) ) ;
#4734 = AXIS2_PLACEMENT_3D ( 'NONE', #4207, #179, #4938 ) ;
#4735 = CARTESIAN_POINT ( 'NONE',  ( 734.7825189534174797, 889.0807556712668429, 1195.763166422363838 ) ) ;
#4736 = DIRECTION ( 'NONE',  ( -0.5845683251975072325, 0.3375006799125115364, 0.7378164841167307308 ) ) ;
#4737 = ORIENTED_EDGE ( 'NONE', *, *, #9941, .T. ) ;
#4738 = DIRECTION ( 'NONE',  ( -0.4999999999999988343, -0.8660254037844394848, 2.975261781898571487E-15 ) ) ;
#4739 = ORIENTED_EDGE ( 'NONE', *, *, #5254, .T. ) ;
#4740 = CARTESIAN_POINT ( 'NONE',  ( 718.5959319758044330, 897.2403897329492111, 1193.465580388688977 ) ) ;
#4741 = CARTESIAN_POINT ( 'NONE',  ( 717.1800848525040237, 879.2510169669742481, 1212.380460436409521 ) ) ;
#4742 = EDGE_CURVE ( 'NONE', #1181, #8097, #1499, .T. ) ;
#4743 = CONICAL_SURFACE ( 'NONE', #7850, 18.17967805303275597, 0.8981840042400328628 ) ;
#4744 = DIRECTION ( 'NONE',  ( -0.4999999999999988343, -0.8660254037844394848, 2.975261781898571487E-15 ) ) ;
#4745 = CARTESIAN_POINT ( 'NONE',  ( 728.7899177432209399, 891.0840980201388675, 1228.794255751578476 ) ) ;
#4746 = CARTESIAN_POINT ( 'NONE',  ( 734.6730598471157236, 889.9355373621232275, 1228.630943044890728 ) ) ;
#4747 = CARTESIAN_POINT ( 'NONE',  ( 724.4202779218370551, 891.7913992196671416, 1212.380460436409521 ) ) ;
#4748 = ORIENTED_EDGE ( 'NONE', *, *, #4553, .F. ) ;
#4749 = CARTESIAN_POINT ( 'NONE',  ( 720.6909159391985895, 895.7599785136949322, 1196.276094581673533 ) ) ;
#4750 = CARTESIAN_POINT ( 'NONE',  ( 715.8326626057177009, 899.3629425307833571, 1195.734019129890839 ) ) ;
#4751 = CARTESIAN_POINT ( 'NONE',  ( 725.3236735400701036, 893.3561263297817732, 1212.380460436409521 ) ) ;
#4752 = EDGE_LOOP ( 'NONE', ( #4509, #6698, #3739, #2897 ) ) ;
#4753 = EDGE_CURVE ( 'NONE', #3284, #3780, #5234, .T. ) ;
#4754 = CARTESIAN_POINT ( 'NONE',  ( 708.2877204907603073, 903.2759743700570425, 1207.064644381848666 ) ) ;
#4755 = CARTESIAN_POINT ( 'NONE',  ( 717.1800848525040237, 879.2510169669742481, 1212.380460436409521 ) ) ;
#4756 = CARTESIAN_POINT ( 'NONE',  ( 740.2392474849571045, 885.9303119846877053, 1202.071922888352674 ) ) ;
#4757 = CARTESIAN_POINT ( 'NONE',  ( 780.5717232886125885, 923.8434747564629106, 1201.196694252335647 ) ) ;
#4758 = PRODUCT ( 'GearFace', 'GearFace', '', ( #3696 ) ) ;
#4759 = CARTESIAN_POINT ( 'NONE',  ( 739.3250923266049313, 883.4785372864326973, 1206.720505209651037 ) ) ;
#4760 = CARTESIAN_POINT ( 'NONE',  ( 720.8607343270693946, 885.6260888617734963, 1212.380460436409294 ) ) ;
#4761 = DIRECTION ( 'NONE',  ( -0.5000000000000008882, -0.8660254037844380415, -0.000000000000000000 ) ) ;
#4762 = EDGE_CURVE ( 'NONE', #6179, #4336, #7885, .T. ) ;
#4763 = CARTESIAN_POINT ( 'NONE',  ( 736.8059612556195361, 886.4559527622561745, 1202.029797585698361 ) ) ;
#4764 = ORIENTED_EDGE ( 'NONE', *, *, #8745, .T. ) ;
#4765 = CARTESIAN_POINT ( 'NONE',  ( 725.0761366607703167, 894.6847381007841022, 1193.702697690053355 ) ) ;
#4766 = ORIENTED_EDGE ( 'NONE', *, *, #1099, .F. ) ;
#4767 = CARTESIAN_POINT ( 'NONE',  ( 713.0968960122020235, 900.1444906487323578, 1221.920723225081929 ) ) ;
#4768 = ADVANCED_FACE ( 'NONE', ( #10116 ), #1344, .F. ) ;
#4769 = CARTESIAN_POINT ( 'NONE',  ( 709.2230139030494911, 903.8375427924504493, 1208.534465199568558 ) ) ;
#4770 = VERTEX_POINT ( 'NONE', #4656 ) ;
#4771 = VERTEX_POINT ( 'NONE', #7062 ) ;
#4772 = CARTESIAN_POINT ( 'NONE',  ( 732.2461564593633057, 890.5451252399717532, 1229.070740194156770 ) ) ;
#4773 = CARTESIAN_POINT ( 'NONE',  ( 720.1626044183038857, 894.2495681630406352, 1194.878165846971797 ) ) ;
#4774 = CARTESIAN_POINT ( 'NONE',  ( 727.6128847472048164, 893.2201459102147965, 1194.238379436622608 ) ) ;
#4775 = CARTESIAN_POINT ( 'NONE',  ( 717.1800848525040237, 879.2510169669742481, 1212.380460436409521 ) ) ;
#4776 = CARTESIAN_POINT ( 'NONE',  ( 716.2886580754684474, 900.5497766738741348, 1227.539930364277780 ) ) ;
#4777 = CARTESIAN_POINT ( 'NONE',  ( 717.1800848525040237, 879.2510169669742481, 1212.380460436409521 ) ) ;
#4778 = CARTESIAN_POINT ( 'NONE',  ( 708.8617948188368700, 902.8603964408537195, 1204.844009376155782 ) ) ;
#4779 = ADVANCED_FACE ( 'NONE', ( #7931 ), #5776, .F. ) ;
#4780 = DIRECTION ( 'NONE',  ( -0.4999999999999988343, -0.8660254037844394848, 2.975261781898571487E-15 ) ) ;
#4781 = EDGE_CURVE ( 'NONE', #3611, #2354, #5616, .T. ) ;
#4782 = VERTEX_POINT ( 'NONE', #100 ) ;
#4783 = CARTESIAN_POINT ( 'NONE',  ( 732.2706106393956134, 890.5310066125471167, 1195.702545544268105 ) ) ;
#4784 = ORIENTED_EDGE ( 'NONE', *, *, #845, .T. ) ;
#4785 = DIRECTION ( 'NONE',  ( 0.8660254037844441477, -0.4999999999999902855, 0.000000000000000000 ) ) ;
#4786 = DIRECTION ( 'NONE',  ( 0.5845683251974429506, -0.3375006799124755652, -0.7378164841167981214 ) ) ;
#4787 = FACE_OUTER_BOUND ( 'NONE', #3424, .T. ) ;
#4788 = DIRECTION ( 'NONE',  ( -0.4999999999999988343, -0.8660254037844394848, 2.975261781898571487E-15 ) ) ;
#4789 = CARTESIAN_POINT ( 'NONE',  ( 717.1800848525040237, 879.2510169669742481, 1212.380460436409521 ) ) ;
#4790 = CARTESIAN_POINT ( 'NONE',  ( 686.5717232886128158, 923.8434747564629106, 1212.380460436410203 ) ) ;
#4791 = EDGE_CURVE ( 'NONE', #5090, #637, #7667, .T. ) ;
#4792 = ORIENTED_EDGE ( 'NONE', *, *, #1185, .T. ) ;
#4793 = CARTESIAN_POINT ( 'NONE',  ( 717.1800848525040237, 879.2510169669742481, 1212.380460436409521 ) ) ;
#4794 = CARTESIAN_POINT ( 'NONE',  ( 724.4202779218370551, 891.7913992196671416, 1212.380460436409521 ) ) ;
#4795 = B_SPLINE_CURVE_WITH_KNOTS ( 'NONE', 3,
 ( #9908, #4607, #7737, #6819 ),
 .UNSPECIFIED., .F., .F.,
 ( 4, 4 ),
 ( 9.288792252416250979E-16, 0.001453450272830522725 ),
 .UNSPECIFIED. ) ;
#4796 = AXIS2_PLACEMENT_3D ( 'NONE', #6076, #5116, #1340 ) ;
#4797 = CARTESIAN_POINT ( 'NONE',  ( 740.1564168977961344, 882.7061351458015679, 1212.957176095810382 ) ) ;
#4798 = DIRECTION ( 'NONE',  ( -0.4999999999999988343, -0.8660254037844394848, 2.975261781898571487E-15 ) ) ;
#4799 = ORIENTED_EDGE ( 'NONE', *, *, #571, .F. ) ;
#4800 = CARTESIAN_POINT ( 'NONE',  ( 708.8161230144291949, 903.4139435525935369, 1206.939300086272624 ) ) ;
#4801 = DIRECTION ( 'NONE',  ( -0.5845683251975072325, 0.3375006799125115364, 0.7378164841167307308 ) ) ;
#4802 = VECTOR ( 'NONE', #2254, 1000.000000000000114 ) ;
#4803 = CARTESIAN_POINT ( 'NONE',  ( 710.0852042810720377, 903.8840624296797159, 1217.529533955550278 ) ) ;
#4804 = CARTESIAN_POINT ( 'NONE',  ( 740.0482367655289409, 882.7685929742859798, 1210.176699117073440 ) ) ;
#4805 = DIRECTION ( 'NONE',  ( 0.2209470754422179217, 0.6669956915454121615, -0.7115470028841301975 ) ) ;
#4806 = CARTESIAN_POINT ( 'NONE',  ( 711.3631087449964525, 900.5259865792968412, 1204.932179677923614 ) ) ;
#4807 = ADVANCED_FACE ( 'NONE', ( #9018 ), #5133, .F. ) ;
#4808 = CARTESIAN_POINT ( 'NONE',  ( 734.2464584982013776, 888.9875610090485907, 1229.597420114074566 ) ) ;
#4809 = AXIS2_PLACEMENT_3D ( 'NONE', #4009, #8078, #1034 ) ;
#4810 = CARTESIAN_POINT ( 'NONE',  ( 741.2567116718573743, 884.5444211846959206, 1221.044699692205313 ) ) ;
#4811 = B_SPLINE_CURVE_WITH_KNOTS ( 'NONE', 3,
 ( #9008, #8075, #8130, #401 ),
 .UNSPECIFIED., .F., .F.,
 ( 4, 4 ),
 ( 0.0009352727177709722287, 0.002387895279818340495 ),
 .UNSPECIFIED. ) ;
#4812 = ORIENTED_EDGE ( 'NONE', *, *, #485, .F. ) ;
#4813 = CARTESIAN_POINT ( 'NONE',  ( 708.2176387178778896, 903.2323001391424668, 1207.092033495469650 ) ) ;
#4814 = CC_DESIGN_PERSON_AND_ORGANIZATION_ASSIGNMENT ( #7608, #4477, ( #5153 ) ) ;
#4815 = CONICAL_SURFACE ( 'NONE', #5625, 18.17967805303275597, 0.8981840042400328628 ) ;
#4816 = ORIENTED_EDGE ( 'NONE', *, *, #7965, .T. ) ;
#4817 = CARTESIAN_POINT ( 'NONE',  ( 717.1800848525040237, 879.2510169669742481, 1212.380460436409521 ) ) ;
#4818 = CARTESIAN_POINT ( 'NONE',  ( 726.1020214887698785, 892.9067469320789314, 1232.808747897382091 ) ) ;
#4819 = CARTESIAN_POINT ( 'NONE',  ( 713.5777539257443323, 898.0513333674524574, 1225.562023013468661 ) ) ;
#4820 = ORIENTED_EDGE ( 'NONE', *, *, #3196, .F. ) ;
#4821 = ORIENTED_EDGE ( 'NONE', *, *, #5655, .T. ) ;
#4822 = CARTESIAN_POINT ( 'NONE',  ( 732.0189432636628908, 890.6763068396727476, 1229.184938265390883 ) ) ;
#4823 = CARTESIAN_POINT ( 'NONE',  ( 717.1800848525040237, 879.2510169669742481, 1212.380460436409521 ) ) ;
#4824 = CARTESIAN_POINT ( 'NONE',  ( 717.1800848525040237, 879.2510169669742481, 1212.380460436409521 ) ) ;
#4825 = CARTESIAN_POINT ( 'NONE',  ( 712.7805526847996589, 905.2476984342916921, 1234.086781508788363 ) ) ;
#4826 = B_SPLINE_CURVE_WITH_KNOTS ( 'NONE', 3,
 ( #10005, #10054, #6132, #8355, #623, #4599, #5931, #2934 ),
 .UNSPECIFIED., .F., .F.,
 ( 4, 2, 2, 4 ),
 ( 0.000000000000000000, 0.0005319171944751557293, 0.001063834388950311459, 0.002127668777900622917 ),
 .UNSPECIFIED. ) ;
#4827 = EDGE_CURVE ( 'NONE', #6348, #6869, #332, .T. ) ;
#4828 = CARTESIAN_POINT ( 'NONE',  ( 715.9646072230545997, 900.7343531803991254, 1227.250273927860235 ) ) ;
#4829 = VERTEX_POINT ( 'NONE', #150 ) ;
#4830 = CARTESIAN_POINT ( 'NONE',  ( 732.4252392959458575, 891.2333171624311490, 1229.937541152365156 ) ) ;
#4831 = CONICAL_SURFACE ( 'NONE', #8277, 18.17967805303275597, 0.8981840042400328628 ) ;
#4832 = CARTESIAN_POINT ( 'NONE',  ( 740.1564168977961344, 882.7061351458015679, 1212.957176095810382 ) ) ;
#4833 = ORIENTED_EDGE ( 'NONE', *, *, #2623, .F. ) ;
#4834 = CARTESIAN_POINT ( 'NONE',  ( 717.1800848525040237, 879.2510169669742481, 1212.380460436409521 ) ) ;
#4835 = EDGE_LOOP ( 'NONE', ( #8774, #8114, #1265, #7447 ) ) ;
#4836 = CARTESIAN_POINT ( 'NONE',  ( 730.6937566197109390, 890.7828859013521878, 1231.558723627199925 ) ) ;
#4837 = ORIENTED_EDGE ( 'NONE', *, *, #7265, .F. ) ;
#4838 = DIRECTION ( 'NONE',  ( 0.5000000000000004441, 0.8660254037844383745, -9.910297435075217688E-15 ) ) ;
#4839 = CARTESIAN_POINT ( 'NONE',  ( 724.4202779218370551, 891.7913992196671416, 1212.380460436409521 ) ) ;
#4840 = ADVANCED_FACE ( 'NONE', ( #8188 ), #1172, .F. ) ;
#4841 = EDGE_CURVE ( 'NONE', #2818, #2428, #3958, .T. ) ;
#4842 = CARTESIAN_POINT ( 'NONE',  ( 725.3236735400701036, 893.3561263297817732, 1212.380460436409521 ) ) ;
#4843 = LINE ( 'NONE', #7193, #3642 ) ;
#4844 = DIRECTION ( 'NONE',  ( -0.5000000000000009992, -0.8660254037844382635, -0.000000000000000000 ) ) ;
#4845 = CARTESIAN_POINT ( 'NONE',  ( 725.8370950929727314, 894.2453985451099925, 1212.380460436409521 ) ) ;
#4846 = EDGE_LOOP ( 'NONE', ( #7791, #5914, #4623, #4411 ) ) ;
#4847 = CARTESIAN_POINT ( 'NONE',  ( 739.8278132070149695, 886.1678536758116707, 1221.795553305227486 ) ) ;
#4848 = VECTOR ( 'NONE', #4838, 1000.000000000000000 ) ;
#4849 = CARTESIAN_POINT ( 'NONE',  ( 729.3901593379578117, 890.7375483738383082, 1196.157132143232730 ) ) ;
#4850 = CARTESIAN_POINT ( 'NONE',  ( 740.0505084665001050, 883.3574965751456602, 1213.219353364488370 ) ) ;
#4851 = ORIENTED_EDGE ( 'NONE', *, *, #2472, .T. ) ;
#4852 = CARTESIAN_POINT ( 'NONE',  ( 710.5364928184524160, 903.8707908334354215, 1218.208904044648079 ) ) ;
#4853 = VERTEX_POINT ( 'NONE', #308 ) ;
#4854 = DIRECTION ( 'NONE',  ( -0.4999999999999988343, -0.8660254037844394848, 2.975261781898571487E-15 ) ) ;
#4855 = EDGE_CURVE ( 'NONE', #3062, #4782, #9022, .T. ) ;
#4856 = FACE_OUTER_BOUND ( 'NONE', #8323, .T. ) ;
#4857 = CARTESIAN_POINT ( 'NONE',  ( 707.6597204082628423, 903.5544144253835839, 1210.930503320910702 ) ) ;
#4858 = CARTESIAN_POINT ( 'NONE',  ( 731.1321786135719094, 889.7318037602759659, 1227.863467091907296 ) ) ;
#4859 = CARTESIAN_POINT ( 'NONE',  ( 742.1764353496048443, 883.6261797624614474, 1206.100710827652847 ) ) ;
#4860 = CARTESIAN_POINT ( 'NONE',  ( 711.6996768514335372, 900.6385244478886989, 1204.931079173687749 ) ) ;
#4861 = VERTEX_POINT ( 'NONE', #202 ) ;
#4862 = VERTEX_POINT ( 'NONE', #1799 ) ;
#4863 = CARTESIAN_POINT ( 'NONE',  ( 740.4973054492292022, 885.7813221495488278, 1219.219736998007647 ) ) ;
#4864 = CARTESIAN_POINT ( 'NONE',  ( 717.1800848525040237, 879.2510169669742481, 1212.380460436409521 ) ) ;
#4865 = ORIENTED_EDGE ( 'NONE', *, *, #2304, .F. ) ;
#4866 = CARTESIAN_POINT ( 'NONE',  ( 739.3774371899936568, 886.4278783904753709, 1200.617207530156293 ) ) ;
#4867 = EDGE_CURVE ( 'NONE', #4829, #8107, #8531, .T. ) ;
#4868 = DIRECTION ( 'NONE',  ( 0.4999999999999988343, 0.8660254037844394848, -2.975261781898571487E-15 ) ) ;
#4869 = CARTESIAN_POINT ( 'NONE',  ( 718.2411068868740358, 902.0950459957991825, 1190.196798703381546 ) ) ;
#4870 = CIRCLE ( 'NONE', #415, 18.17967805303275597 ) ;
#4871 = CARTESIAN_POINT ( 'NONE',  ( 730.7777391265223059, 890.2072200952679850, 1231.834515388151203 ) ) ;
#4872 = VERTEX_POINT ( 'NONE', #5727 ) ;
#4873 = EDGE_LOOP ( 'NONE', ( #589, #7728, #9644, #2312 ) ) ;
#4874 = CARTESIAN_POINT ( 'NONE',  ( 738.0763313008884552, 887.1790722257943571, 1200.821842096895580 ) ) ;
#4875 = B_SPLINE_SURFACE_WITH_KNOTS ( 'NONE', 3, 1, ( 
 ( #2357, #9575 ),
 ( #1740, #10156 ),
 ( #2404, #1595 ),
 ( #773, #6283 ) ),
 .UNSPECIFIED., .F., .F., .F.,
 ( 4, 4 ),
 ( 2, 2 ),
 ( 0.000000000000000000, 1.000000000000000000 ),
 ( 0.000000000000000000, 1.000000000000000000 ),
 .UNSPECIFIED. ) ;
#4876 = CARTESIAN_POINT ( 'NONE',  ( 732.3765166830303315, 887.1978626291552246, 1196.692937353444449 ) ) ;
#4877 = CARTESIAN_POINT ( 'NONE',  ( 728.1472657792625114, 892.9116208775064933, 1194.318829414603897 ) ) ;
#4878 = ORIENTED_EDGE ( 'NONE', *, *, #9497, .F. ) ;
#4879 = DIRECTION ( 'NONE',  ( -0.5000000000000009992, -0.8660254037844381525, 5.977335943528133221E-15 ) ) ;
#4880 = ORIENTED_EDGE ( 'NONE', *, *, #3690, .T. ) ;
#4881 = VERTEX_POINT ( 'NONE', #3343 ) ;
#4882 = CARTESIAN_POINT ( 'NONE',  ( 710.3966954715854172, 901.9742211358097848, 1201.378803124090837 ) ) ;
#4883 = CYLINDRICAL_SURFACE ( 'NONE', #4500, 1.200000000000046141 ) ;
#4884 = ORIENTED_EDGE ( 'NONE', *, *, #2433, .T. ) ;
#4885 = DIRECTION ( 'NONE',  ( -0.000000000000000000, 1.000000000000000000, 0.000000000000000000 ) ) ;
#4886 = AXIS2_PLACEMENT_3D ( 'NONE', #1271, #4646, #7773 ) ;
#4887 = CIRCLE ( 'NONE', #8495, 20.44804870789273821 ) ;
#4888 = ORIENTED_EDGE ( 'NONE', *, *, #9497, .T. ) ;
#4889 = CARTESIAN_POINT ( 'NONE',  ( 731.1278398074360894, 889.7342177088562494, 1196.895468354520517 ) ) ;
#4890 = EDGE_CURVE ( 'NONE', #2791, #4401, #8768, .T. ) ;
#4891 = ORIENTED_EDGE ( 'NONE', *, *, #4539, .T. ) ;
#4892 = CARTESIAN_POINT ( 'NONE',  ( 714.6590672779930173, 897.7194818967063838, 1198.492744352461614 ) ) ;
#4893 = DIRECTION ( 'NONE',  ( 0.8660254037844441477, -0.4999999999999902855, 0.000000000000000000 ) ) ;
#4894 = CARTESIAN_POINT ( 'NONE',  ( 716.1742659546955565, 898.6385392621239134, 1194.873114823515834 ) ) ;
#4895 = CARTESIAN_POINT ( 'NONE',  ( 734.7825189534174797, 889.0807556712668429, 1195.763166422363838 ) ) ;
#4896 = DIRECTION ( 'NONE',  ( 0.5000000000000004441, 0.8660254037844383745, -9.910297435075217688E-15 ) ) ;
#4897 = CARTESIAN_POINT ( 'NONE',  ( 741.9041250117797972, 884.1705077045983217, 1219.257502476885520 ) ) ;
#4898 = CARTESIAN_POINT ( 'NONE',  ( 724.4202779218370551, 891.7913992196671416, 1212.380460436409521 ) ) ;
#4899 = ORIENTED_EDGE ( 'NONE', *, *, #9039, .T. ) ;
#4900 = CARTESIAN_POINT ( 'NONE',  ( 708.8953461561879976, 904.0267218543057197, 1212.743036898028777 ) ) ;
#4901 = CARTESIAN_POINT ( 'NONE',  ( 729.0887326156487234, 890.9115550591660622, 1196.057252385164702 ) ) ;
#4902 = ADVANCED_FACE ( 'NONE', ( #3395 ), #1087, .F. ) ;
#4903 = ORIENTED_EDGE ( 'NONE', *, *, #2848, .F. ) ;
#4904 = LINE ( 'NONE', #4008, #5342 ) ;
#4905 = VECTOR ( 'NONE', #7220, 1000.000000000000114 ) ;
#4906 = CARTESIAN_POINT ( 'NONE',  ( 717.1800848525040237, 879.2510169669742481, 1212.380460436409521 ) ) ;
#4907 = ORIENTED_EDGE ( 'NONE', *, *, #608, .F. ) ;
#4908 = CARTESIAN_POINT ( 'NONE',  ( 743.0319199950596385, 883.1322654721203662, 1212.264820421596141 ) ) ;
#4909 = CARTESIAN_POINT ( 'NONE',  ( 717.1800848525040237, 879.2510169669742481, 1212.380460436409521 ) ) ;
#4910 = AXIS2_PLACEMENT_3D ( 'NONE', #8037, #8812, #1753 ) ;
#4911 = CARTESIAN_POINT ( 'NONE',  ( 717.1800848525040237, 879.2510169669742481, 1212.380460436409521 ) ) ;
#4912 = CARTESIAN_POINT ( 'NONE',  ( 710.7181268806258458, 901.5178292254581720, 1209.799117327592057 ) ) ;
#4913 = EDGE_LOOP ( 'NONE', ( #9087, #1058, #352, #730, #892 ) ) ;
#4914 = ADVANCED_FACE ( 'NONE', ( #3502 ), #341, .F. ) ;
#4915 = CARTESIAN_POINT ( 'NONE',  ( 737.2463784489699492, 884.3862466275928682, 1201.837426979665906 ) ) ;
#4916 = EDGE_CURVE ( 'NONE', #6019, #79, #9762, .T. ) ;
#4917 = ORIENTED_EDGE ( 'NONE', *, *, #8590, .F. ) ;
#4918 = CARTESIAN_POINT ( 'NONE',  ( 725.3574085143322918, 891.5427832954223959, 1230.334630857370257 ) ) ;
#4919 = B_SPLINE_CURVE_WITH_KNOTS ( 'NONE', 1,
 ( #4493, #7624 ),
 .UNSPECIFIED., .F., .F.,
 ( 2, 2 ),
 ( 0.000000000000000000, 0.002899999999999841073 ),
 .UNSPECIFIED. ) ;
#4920 = CARTESIAN_POINT ( 'NONE',  ( 720.4968424608618989, 895.8721236422801439, 1196.350357719243448 ) ) ;
#4921 = CARTESIAN_POINT ( 'NONE',  ( 731.9435847715554928, 890.7198150853766947, 1229.698426346524457 ) ) ;
#4922 = CARTESIAN_POINT ( 'NONE',  ( 726.3146776307860364, 891.7415381970986346, 1195.000368727442492 ) ) ;
#4923 = CARTESIAN_POINT ( 'NONE',  ( 710.2209763059747729, 903.2613689304804439, 1209.519928918799906 ) ) ;
#4924 = B_SPLINE_CURVE_WITH_KNOTS ( 'NONE', 3,
 ( #8292, #2046, #6124, #1295, #8498, #9843, #2775, #9172, #5214, #410 ),
 .UNSPECIFIED., .F., .F.,
 ( 4, 3, 3, 4 ),
 ( 0.000000000000000000, 0.0001770953904238344002, 0.0003541907790580166608, 0.0006813326750121369941 ),
 .UNSPECIFIED. ) ;
#4925 = CARTESIAN_POINT ( 'NONE',  ( 725.3236735400701036, 893.3561263297817732, 1212.380460436409521 ) ) ;
#4926 = EDGE_CURVE ( 'NONE', #8134, #4341, #2144, .T. ) ;
#4927 = VERTEX_POINT ( 'NONE', #9063 ) ;
#4928 = B_SPLINE_CURVE_WITH_KNOTS ( 'NONE', 3,
 ( #8146, #5834, #8975, #1909 ),
 .UNSPECIFIED., .F., .F.,
 ( 4, 4 ),
 ( 0.000000000000000000, 0.001331005199731772476 ),
 .UNSPECIFIED. ) ;
#4929 = ORIENTED_EDGE ( 'NONE', *, *, #2647, .T. ) ;
#4930 = CARTESIAN_POINT ( 'NONE',  ( 716.2858448199477834, 896.4878163607276065, 1196.815263416755897 ) ) ;
#4931 = CARTESIAN_POINT ( 'NONE',  ( 739.4572352274979039, 883.1098078713687300, 1217.767535780502385 ) ) ;
#4932 = DIRECTION ( 'NONE',  ( -0.4999999999999988343, -0.8660254037844394848, 2.975261781898571487E-15 ) ) ;
#4933 = ORIENTED_EDGE ( 'NONE', *, *, #5103, .F. ) ;
#4934 = CARTESIAN_POINT ( 'NONE',  ( 715.4474020044192457, 896.9718915459396840, 1227.318689619998395 ) ) ;
#4935 = CARTESIAN_POINT ( 'NONE',  ( 725.8370950929727314, 894.2453985451099925, 1212.380460436409521 ) ) ;
#4936 = CARTESIAN_POINT ( 'NONE',  ( 738.6306336543674433, 885.0898190223663278, 1219.361546736974333 ) ) ;
#4937 = ORIENTED_EDGE ( 'NONE', *, *, #5035, .F. ) ;
#4938 = DIRECTION ( 'NONE',  ( 0.5845683251975072325, -0.3375006799125115364, -0.7378164841167307308 ) ) ;
#4939 = ORIENTED_EDGE ( 'NONE', *, *, #7591, .T. ) ;
#4940 = CARTESIAN_POINT ( 'NONE',  ( 717.1800848525040237, 879.2510169669742481, 1212.380460436409521 ) ) ;
#4941 = ORIENTED_EDGE ( 'NONE', *, *, #7976, .F. ) ;
#4942 = CARTESIAN_POINT ( 'NONE',  ( 720.1059329514401952, 896.4527262245434258, 1231.875876154159187 ) ) ;
#4943 = CARTESIAN_POINT ( 'NONE',  ( 722.9185929482139272, 895.9642703278803992, 1231.634723403013368 ) ) ;
#4944 = B_SPLINE_CURVE_WITH_KNOTS ( 'NONE', 3,
 ( #4047, #3851, #8642, #1581 ),
 .UNSPECIFIED., .F., .F.,
 ( 4, 4 ),
 ( 0.0009352727177711451590, 0.002387895279818809738 ),
 .UNSPECIFIED. ) ;
#4945 = CARTESIAN_POINT ( 'NONE',  ( 734.6472640423240819, 887.7023143631278117, 1225.330333779198099 ) ) ;
#4946 = CARTESIAN_POINT ( 'NONE',  ( 734.6548423413676119, 889.1544697976030420, 1196.181988612437863 ) ) ;
#4947 = CARTESIAN_POINT ( 'NONE',  ( 731.8631880203769242, 887.4942330707254996, 1196.360530771603862 ) ) ;
#4948 = CARTESIAN_POINT ( 'NONE',  ( 717.1800848525040237, 879.2510169669742481, 1212.380460436409521 ) ) ;
#4949 = CARTESIAN_POINT ( 'NONE',  ( 729.2450168944274083, 891.0921376885585232, 1192.440046255905827 ) ) ;
#4950 = CARTESIAN_POINT ( 'NONE',  ( 716.5910644614513103, 903.0476984342916467, 1234.086781508788363 ) ) ;
#4951 = VERTEX_POINT ( 'NONE', #1395 ) ;
#4952 = CARTESIAN_POINT ( 'NONE',  ( 738.5234599498962780, 887.7125078262951092, 1224.914607680425206 ) ) ;
#4953 = FACE_OUTER_BOUND ( 'NONE', #5480, .T. ) ;
#4954 = CARTESIAN_POINT ( 'NONE',  ( 710.7358765321170040, 902.9640911463114890, 1206.969733688804126 ) ) ;
#4955 = CARTESIAN_POINT ( 'NONE',  ( 710.3590628474624964, 903.9732300749487877, 1217.530914115033511 ) ) ;
#4956 = ORIENTED_EDGE ( 'NONE', *, *, #2547, .T. ) ;
#4957 = B_SPLINE_CURVE_WITH_KNOTS ( 'NONE', 3,
 ( #4670, #7800, #8473, #742 ),
 .UNSPECIFIED., .F., .F.,
 ( 4, 4 ),
 ( 0.0009352727177709639888, 0.002387895279818716930 ),
 .UNSPECIFIED. ) ;
#4958 = B_SPLINE_CURVE_WITH_KNOTS ( 'NONE', 3,
 ( #3827, #8412, #1361, #4506 ),
 .UNSPECIFIED., .F., .F.,
 ( 4, 4 ),
 ( 1.005213304779266867E-05, 0.001341057332774435494 ),
 .UNSPECIFIED. ) ;
#4959 = B_SPLINE_CURVE_WITH_KNOTS ( 'NONE', 3,
 ( #5421, #9428, #2355, #7876 ),
 .UNSPECIFIED., .F., .F.,
 ( 4, 4 ),
 ( 1.005213310408295807E-05, 0.001341057332774249445 ),
 .UNSPECIFIED. ) ;
#4960 = CARTESIAN_POINT ( 'NONE',  ( 709.0703134333920161, 900.6537053490909557, 1208.338330504725036 ) ) ;
#4961 = ADVANCED_FACE ( 'NONE', ( #5315 ), #3556, .F. ) ;
#4962 = CARTESIAN_POINT ( 'NONE',  ( 727.7386960731755607, 893.1475087072986980, 1230.505496112245964 ) ) ;
#4963 = DIRECTION ( 'NONE',  ( 0.8660254037844379305, -0.5000000000000011102, -1.551108497285264517E-16 ) ) ;
#4964 = CARTESIAN_POINT ( 'NONE',  ( 738.4661788306920016, 885.7682973624183660, 1198.675640035961578 ) ) ;
#4965 = B_SPLINE_SURFACE_WITH_KNOTS ( 'NONE', 3, 1, ( 
 ( #616, #2260 ),
 ( #8978, #6614 ),
 ( #1400, #5422 ),
 ( #8447, #4544 ),
 ( #4594, #7724 ),
 ( #2204, #1497 ) ),
 .UNSPECIFIED., .F., .F., .F.,
 ( 4, 1, 1, 4 ),
 ( 2, 2 ),
 ( 0.000000000000000000, 0.3395620866332510479, 0.7109345430498769103, 1.000000000000000000 ),
 ( 0.000000000000000000, 1.000000000000000000 ),
 .UNSPECIFIED. ) ;
#4966 = ORIENTED_EDGE ( 'NONE', *, *, #6873, .T. ) ;
#4967 = CARTESIAN_POINT ( 'NONE',  ( 737.1574422571800369, 884.7300306375258288, 1201.835604933743525 ) ) ;
#4968 = CARTESIAN_POINT ( 'NONE',  ( 713.4671568609830956, 900.2014894261045583, 1197.192086189031215 ) ) ;
#4969 = ORIENTED_EDGE ( 'NONE', *, *, #2051, .T. ) ;
#4970 = CARTESIAN_POINT ( 'NONE',  ( 739.8007766156756588, 884.7269920615798355, 1213.975534787728975 ) ) ;
#4971 = CIRCLE ( 'NONE', #5782, 19.56600634797374383 ) ;
#4972 = CARTESIAN_POINT ( 'NONE',  ( 716.3849190839961238, 899.7026149083203563, 1197.744523739936767 ) ) ;
#4973 = ADVANCED_FACE ( 'NONE', ( #3705 ), #8578, .T. ) ;
#4974 = ADVANCED_FACE ( 'NONE', ( #6701 ), #409, .F. ) ;
#4975 = CARTESIAN_POINT ( 'NONE',  ( 730.5018309201329885, 889.4763493089510575, 1228.502259521951373 ) ) ;
#4976 = ORIENTED_EDGE ( 'NONE', *, *, #4553, .T. ) ;
#4977 = CARTESIAN_POINT ( 'NONE',  ( 740.2392474849571045, 885.9303119846877053, 1202.071922888352674 ) ) ;
#4978 = CIRCLE ( 'NONE', #7756, 19.56600634797375093 ) ;
#4979 = B_SPLINE_CURVE_WITH_KNOTS ( 'NONE', 1,
 ( #9325, #10200 ),
 .UNSPECIFIED., .F., .F.,
 ( 2, 2 ),
 ( 0.000000000000000000, 0.002900000000003742032 ),
 .UNSPECIFIED. ) ;
#4980 = LINE ( 'NONE', #8552, #5721 ) ;
#4981 = ORIENTED_EDGE ( 'NONE', *, *, #8510, .F. ) ;
#4982 = EDGE_LOOP ( 'NONE', ( #6659, #5395, #5703, #3884 ) ) ;
#4983 = CARTESIAN_POINT ( 'NONE',  ( 739.9031605302552634, 884.0483799983713880, 1210.772489980859973 ) ) ;
#4984 = B_SPLINE_CURVE_WITH_KNOTS ( 'NONE', 1,
 ( #7758, #2335 ),
 .UNSPECIFIED., .F., .F.,
 ( 2, 2 ),
 ( 2.989366980140908751E-15, 0.002899999999998460667 ),
 .UNSPECIFIED. ) ;
#4985 = AXIS2_PLACEMENT_3D ( 'NONE', #1093, #3457, #5678 ) ;
#4986 = ORIENTED_EDGE ( 'NONE', *, *, #6626, .F. ) ;
#4987 = EDGE_CURVE ( 'NONE', #9665, #8688, #2309, .T. ) ;
#4988 = CARTESIAN_POINT ( 'NONE',  ( 712.4260385583103243, 901.9882756455147046, 1200.421362592463765 ) ) ;
#4989 = CARTESIAN_POINT ( 'NONE',  ( 719.9271004292212410, 898.2018410392095120, 1230.183757591727954 ) ) ;
#4990 = FACE_OUTER_BOUND ( 'NONE', #4512, .T. ) ;
#4991 = ORIENTED_EDGE ( 'NONE', *, *, #1618, .F. ) ;
#4992 = CARTESIAN_POINT ( 'NONE',  ( 731.2151071971799183, 889.9547055219366030, 1193.097202363350334 ) ) ;
#4993 = VERTEX_POINT ( 'NONE', #5166 ) ;
#4994 = CARTESIAN_POINT ( 'NONE',  ( 740.1153088594375049, 883.0223055584851863, 1212.132954154302752 ) ) ;
#4995 = ORIENTED_EDGE ( 'NONE', *, *, #804, .T. ) ;
#4996 = LINE ( 'NONE', #3482, #62 ) ;
#4997 = B_SPLINE_CURVE_WITH_KNOTS ( 'NONE', 1,
 ( #4992, #8113 ),
 .UNSPECIFIED., .F., .F.,
 ( 2, 2 ),
 ( 0.000000000000000000, 0.002900000000000952597 ),
 .UNSPECIFIED. ) ;
#4998 = FACE_OUTER_BOUND ( 'NONE', #1916, .T. ) ;
#4999 = EDGE_CURVE ( 'NONE', #4288, #2930, #1413, .T. ) ;
#5000 = CARTESIAN_POINT ( 'NONE',  ( 717.1800848525040237, 879.2510169669742481, 1212.380460436409521 ) ) ;
#5001 = CARTESIAN_POINT ( 'NONE',  ( 738.3481771517513153, 887.0221219506206580, 1201.216434836642520 ) ) ;
#5002 = CARTESIAN_POINT ( 'NONE',  ( 717.1800848525040237, 879.2510169669742481, 1212.380460436409521 ) ) ;
#5003 = CARTESIAN_POINT ( 'NONE',  ( 738.8024806261399817, 885.3033200304688535, 1206.050153187452679 ) ) ;
#5004 = CARTESIAN_POINT ( 'NONE',  ( 708.4629890181637393, 903.6178255603974776, 1216.079106668898021 ) ) ;
#5005 = ORIENTED_EDGE ( 'NONE', *, *, #4762, .F. ) ;
#5006 = CARTESIAN_POINT ( 'NONE',  ( 740.5601676516145062, 885.7450286400799087, 1222.065678571256740 ) ) ;
#5007 = CARTESIAN_POINT ( 'NONE',  ( 720.3839112274741865, 897.3937957177963654, 1229.517739879716601 ) ) ;
#5008 = CARTESIAN_POINT ( 'NONE',  ( 742.9212326799884067, 883.7233493064410368, 1213.275254678487727 ) ) ;
#5009 = ORIENTED_EDGE ( 'NONE', *, *, #8332, .F. ) ;
#5010 = CARTESIAN_POINT ( 'NONE',  ( 717.1800848525040237, 879.2510169669742481, 1212.380460436409521 ) ) ;
#5011 = AXIS2_PLACEMENT_3D ( 'NONE', #1600, #7883, #9386 ) ;
#5012 = CARTESIAN_POINT ( 'NONE',  ( 737.9128848247612495, 885.8169728275943271, 1203.938569853158924 ) ) ;
#5013 = ORIENTED_EDGE ( 'NONE', *, *, #9695, .T. ) ;
#5014 = CARTESIAN_POINT ( 'NONE',  ( 735.9745290515587612, 887.2909879944780869, 1196.050783292834694 ) ) ;
#5015 = CARTESIAN_POINT ( 'NONE',  ( 717.1800848525040237, 879.2510169669742481, 1212.380460436409521 ) ) ;
#5016 = CARTESIAN_POINT ( 'NONE',  ( 713.0415481997838469, 902.4244964346886491, 1200.974159590888803 ) ) ;
#5017 = CIRCLE ( 'NONE', #9776, 20.44804870789273821 ) ;
#5018 = CARTESIAN_POINT ( 'NONE',  ( 737.7649676801098622, 885.9022701449222268, 1203.648577707572031 ) ) ;
#5019 = ORIENTED_EDGE ( 'NONE', *, *, #6707, .F. ) ;
#5020 = B_SPLINE_CURVE_WITH_KNOTS ( 'NONE', 3,
 ( #4182, #8241, #4335, #9743, #7260, #5119, #2724, #2672, #411, #5926 ),
 .UNSPECIFIED., .F., .F.,
 ( 4, 3, 3, 4 ),
 ( 0.000000000000000000, 0.0001770958401172701552, 0.0003541916793410723394, 0.0006316937728061890623 ),
 .UNSPECIFIED. ) ;
#5021 = CARTESIAN_POINT ( 'NONE',  ( 725.2181331336634003, 894.6027563989355258, 1230.624013880375287 ) ) ;
#5022 = EDGE_CURVE ( 'NONE', #4770, #3600, #5106, .T. ) ;
#5023 = ORIENTED_EDGE ( 'NONE', *, *, #7215, .F. ) ;
#5024 = CONICAL_SURFACE ( 'NONE', #559, 20.44804870789273821, 0.7096869864122512528 ) ;
#5025 = CARTESIAN_POINT ( 'NONE',  ( 722.7022228839753097, 893.9794551082217140, 1195.218938154579291 ) ) ;
#5026 = CARTESIAN_POINT ( 'NONE',  ( 720.4060163790846900, 897.3810333025634236, 1230.914207577242905 ) ) ;
#5027 = CARTESIAN_POINT ( 'NONE',  ( 717.1800848525040237, 879.2510169669742481, 1212.380460436409521 ) ) ;
#5028 = ORIENTED_EDGE ( 'NONE', *, *, #9767, .T. ) ;
#5029 = CARTESIAN_POINT ( 'NONE',  ( 739.8653847907748968, 884.9604654247123108, 1224.049830934799502 ) ) ;
#5030 = CARTESIAN_POINT ( 'NONE',  ( 717.1800848525040237, 879.2510169669742481, 1212.380460436409521 ) ) ;
#5031 = ORIENTED_EDGE ( 'NONE', *, *, #8003, .F. ) ;
#5032 = EDGE_CURVE ( 'NONE', #3901, #9147, #904, .T. ) ;
#5033 = ORIENTED_EDGE ( 'NONE', *, *, #6240, .F. ) ;
#5034 = CARTESIAN_POINT ( 'NONE',  ( 717.3925938311713253, 896.8927056805320035, 1197.206563346168423 ) ) ;
#5035 = EDGE_CURVE ( 'NONE', #8339, #5928, #3804, .T. ) ;
#5036 = ORIENTED_EDGE ( 'NONE', *, *, #3634, .F. ) ;
#5037 = DIRECTION ( 'NONE',  ( -0.1719525291013782875, 0.8938363839931597887, -0.4141121181342951041 ) ) ;
#5038 = ORIENTED_EDGE ( 'NONE', *, *, #7067, .T. ) ;
#5039 = VECTOR ( 'NONE', #6227, 1000.000000000000000 ) ;
#5040 = DIRECTION ( 'NONE',  ( -0.8660254037844370423, 0.5000000000000026645, 0.000000000000000000 ) ) ;
#5041 = ORIENTED_EDGE ( 'NONE', *, *, #8382, .T. ) ;
#5042 = CARTESIAN_POINT ( 'NONE',  ( 722.7394999665878004, 896.0337959251687607, 1194.476692512359705 ) ) ;
#5043 = CARTESIAN_POINT ( 'NONE',  ( 710.5745893406657387, 901.4428733492324000, 1215.108222477945901 ) ) ;
#5044 = CARTESIAN_POINT ( 'NONE',  ( 725.3203137854634406, 894.5437623721128375, 1230.628262570945253 ) ) ;
#5045 = ORIENTED_EDGE ( 'NONE', *, *, #3563, .T. ) ;
#5046 = FACE_BOUND ( 'NONE', #805, .T. ) ;
#5047 = ADVANCED_FACE ( 'NONE', ( #9328 ), #1657, .T. ) ;
#5048 = EDGE_LOOP ( 'NONE', ( #5677, #6184, #5622, #5111 ) ) ;
#5049 = CARTESIAN_POINT ( 'NONE',  ( 739.8511387780915811, 884.6978186999268701, 1211.620190327434557 ) ) ;
#5050 = EDGE_CURVE ( 'NONE', #10175, #830, #1889, .T. ) ;
#5051 = CIRCLE ( 'NONE', #3213, 20.44804870789273821 ) ;
#5052 = CARTESIAN_POINT ( 'NONE',  ( 736.6818667705697408, 888.5284721818225080, 1227.119746170555572 ) ) ;
#5053 = B_SPLINE_SURFACE_WITH_KNOTS ( 'NONE', 3, 1, ( 
 ( #2856, #2754 ),
 ( #9096, #5248 ),
 ( #3638, #7595 ),
 ( #4463, #1372 ),
 ( #6782, #5902 ),
 ( #1273, #2909 ) ),
 .UNSPECIFIED., .F., .F., .F.,
 ( 4, 1, 1, 4 ),
 ( 2, 2 ),
 ( 0.000000000000000000, 0.3395620866332510479, 0.7109345430498769103, 1.000000000000000000 ),
 ( 0.000000000000000000, 1.000000000000000000 ),
 .UNSPECIFIED. ) ;
#5054 = CARTESIAN_POINT ( 'NONE',  ( 715.6858085731254278, 905.8797492418605088, 1234.086781508788363 ) ) ;
#5055 = CARTESIAN_POINT ( 'NONE',  ( 719.6234850488147003, 897.8328279767442837, 1230.116923211555559 ) ) ;
#5056 = CARTESIAN_POINT ( 'NONE',  ( 731.7412611473399693, 888.1549588220234455, 1196.590738373991826 ) ) ;
#5057 = CARTESIAN_POINT ( 'NONE',  ( 738.9164253682740764, 885.2375561168632885, 1206.387501768210768 ) ) ;
#5058 = CARTESIAN_POINT ( 'NONE',  ( 717.0865722367420858, 899.2975152717049241, 1229.135551326416362 ) ) ;
#5059 = CARTESIAN_POINT ( 'NONE',  ( 743.0323622655644158, 883.2161460884765347, 1213.064657846414775 ) ) ;
#5060 = ORIENTED_EDGE ( 'NONE', *, *, #9659, .F. ) ;
#5061 = DIRECTION ( 'NONE',  ( -0.4999999999999988343, -0.8660254037844394848, 2.975261781898571487E-15 ) ) ;
#5062 = EDGE_CURVE ( 'NONE', #10053, #5845, #3742, .T. ) ;
#5063 = CARTESIAN_POINT ( 'NONE',  ( 737.9886792072715025, 885.7731742371958035, 1204.092518531806036 ) ) ;
#5064 = VERTEX_POINT ( 'NONE', #769 ) ;
#5065 = CARTESIAN_POINT ( 'NONE',  ( 735.6641487347477550, 888.6056202635533054, 1196.448708021239554 ) ) ;
#5066 = CARTESIAN_POINT ( 'NONE',  ( 720.5990368659894330, 895.9768333674826408, 1232.224501863871637 ) ) ;
#5067 = DIRECTION ( 'NONE',  ( 0.8660254037844280495, -0.5000000000000182077, 0.000000000000000000 ) ) ;
#5068 = LINE ( 'NONE', #5730, #4388 ) ;
#5069 = AXIS2_PLACEMENT_3D ( 'NONE', #2291, #5505, #7762 ) ;
#5070 = ORIENTED_EDGE ( 'NONE', *, *, #7606, .T. ) ;
#5071 = B_SPLINE_CURVE_WITH_KNOTS ( 'NONE', 3,
 ( #831, #983, #1042, #5732 ),
 .UNSPECIFIED., .F., .F.,
 ( 4, 4 ),
 ( 1.005213304151976628E-05, 0.001341057332774003548 ),
 .UNSPECIFIED. ) ;
#5072 = CARTESIAN_POINT ( 'NONE',  ( 714.2675706043289665, 900.9250666230244633, 1225.463236734510019 ) ) ;
#5073 = EDGE_CURVE ( 'NONE', #2849, #9308, #3084, .T. ) ;
#5074 = ORIENTED_EDGE ( 'NONE', *, *, #26, .T. ) ;
#5075 = DIRECTION ( 'NONE',  ( -0.4999999999999988343, -0.8660254037844394848, 2.975261781898571487E-15 ) ) ;
#5076 = CONICAL_SURFACE ( 'NONE', #3413, 20.44804870789273821, 0.7096869864122512528 ) ;
#5077 = CARTESIAN_POINT ( 'NONE',  ( 716.1812086546993896, 899.8202271795114484, 1197.922815074094842 ) ) ;
#5078 = CARTESIAN_POINT ( 'NONE',  ( 739.5852241881850659, 886.3079125111354415, 1203.362179039499551 ) ) ;
#5079 = EDGE_CURVE ( 'NONE', #1017, #5853, #8417, .T. ) ;
#5080 = CARTESIAN_POINT ( 'NONE',  ( 714.5968037374072992, 900.7349837850155154, 1199.540163698472497 ) ) ;
#5081 = CARTESIAN_POINT ( 'NONE',  ( 717.5273666895369615, 895.7710233750771067, 1228.725216795527103 ) ) ;
#5082 = CARTESIAN_POINT ( 'NONE',  ( 725.3236735400701036, 893.3561263297817732, 1212.380460436409521 ) ) ;
#5083 = ORIENTED_EDGE ( 'NONE', *, *, #1237, .T. ) ;
#5084 = ORIENTED_EDGE ( 'NONE', *, *, #8601, .T. ) ;
#5085 = B_SPLINE_CURVE_WITH_KNOTS ( 'NONE', 1,
 ( #4968, #8575 ),
 .UNSPECIFIED., .F., .F.,
 ( 2, 2 ),
 ( 0.000000000000000000, 0.002900000000001643017 ),
 .UNSPECIFIED. ) ;
#5086 = ORIENTED_EDGE ( 'NONE', *, *, #7618, .F. ) ;
#5087 = CARTESIAN_POINT ( 'NONE',  ( 708.4117887759892938, 905.4606043763105845, 1212.380460436409294 ) ) ;
#5088 = DIRECTION ( 'NONE',  ( 0.5000000000000011102, 0.8660254037844380415, -0.000000000000000000 ) ) ;
#5089 = EDGE_CURVE ( 'NONE', #2882, #7802, #3474, .T. ) ;
#5090 = VERTEX_POINT ( 'NONE', #7720 ) ;
#5091 = CARTESIAN_POINT ( 'NONE',  ( 742.1571428212477031, 885.6120857020232506, 1216.830837248689477 ) ) ;
#5092 = CARTESIAN_POINT ( 'NONE',  ( 724.4202779218370551, 891.7913992196671416, 1212.380460436409521 ) ) ;
#5093 = DIRECTION ( 'NONE',  ( 0.5845683251975050121, -0.3375006799125069845, -0.7378164841167346166 ) ) ;
#5094 = ORIENTED_EDGE ( 'NONE', *, *, #7580, .T. ) ;
#5095 = CARTESIAN_POINT ( 'NONE',  ( 731.2741550783155162, 889.6498336101371933, 1196.970947007678888 ) ) ;
#5096 = ORIENTED_EDGE ( 'NONE', *, *, #5079, .F. ) ;
#5097 = CARTESIAN_POINT ( 'NONE',  ( 714.4137889692567569, 901.6297185166931740, 1199.126638420394102 ) ) ;
#5098 = CARTESIAN_POINT ( 'NONE',  ( 742.2224968548845254, 884.1267646231573281, 1218.082546954777854 ) ) ;
#5099 = CARTESIAN_POINT ( 'NONE',  ( 729.7847013070737603, 891.5638321747640020, 1193.093074752439179 ) ) ;
#5100 = EDGE_CURVE ( 'NONE', #4402, #7441, #9557, .T. ) ;
#5101 = DIRECTION ( 'NONE',  ( -1.228601530721805368E-14, 0.000000000000000000, -1.000000000000000000 ) ) ;
#5102 = CARTESIAN_POINT ( 'NONE',  ( 739.1653043470466855, 886.5503533444548339, 1222.203061114118100 ) ) ;
#5103 = EDGE_CURVE ( 'NONE', #9537, #8212, #7250, .T. ) ;
#5104 = CARTESIAN_POINT ( 'NONE',  ( 742.6106186664619599, 885.1055056787704416, 1210.752538737829127 ) ) ;
#5105 = LINE ( 'NONE', #3968, #8319 ) ;
#5106 = B_SPLINE_CURVE_WITH_KNOTS ( 'NONE', 3,
 ( #4380, #2147, #9888, #2824, #7615, #5974, #9116, #2045, #9944, #3658 ),
 .UNSPECIFIED., .F., .F.,
 ( 4, 3, 3, 4 ),
 ( 0.000000000000000000, 0.0001770958401171815217, 0.0003541916793411020465, 0.0006316937728061154450 ),
 .UNSPECIFIED. ) ;
#5107 = CARTESIAN_POINT ( 'NONE',  ( 708.0176993459341475, 903.4318711507092985, 1216.363876716666709 ) ) ;
#5108 = ORIENTED_EDGE ( 'NONE', *, *, #9659, .T. ) ;
#5109 = CARTESIAN_POINT ( 'NONE',  ( 717.1800848525040237, 879.2510169669742481, 1212.380460436409521 ) ) ;
#5110 = EDGE_LOOP ( 'NONE', ( #10004, #9083, #7687, #210, #2344 ) ) ;
#5111 = ORIENTED_EDGE ( 'NONE', *, *, #5627, .F. ) ;
#5112 = CARTESIAN_POINT ( 'NONE',  ( 733.2819458660841292, 888.8455516214276031, 1230.634380540094526 ) ) ;
#5113 = DIRECTION ( 'NONE',  ( 0.5845683251975072325, -0.3375006799125115364, -0.7378164841167307308 ) ) ;
#5114 = ORIENTED_EDGE ( 'NONE', *, *, #6365, .T. ) ;
#5115 = DIRECTION ( 'NONE',  ( -0.4999999999999988343, -0.8660254037844394848, 2.975261781898571487E-15 ) ) ;
#5116 = DIRECTION ( 'NONE',  ( -0.4999999999999988343, -0.8660254037844394848, 2.975261781898571487E-15 ) ) ;
#5117 = EDGE_CURVE ( 'NONE', #5853, #9359, #5417, .T. ) ;
#5118 = CARTESIAN_POINT ( 'NONE',  ( 717.1800848525040237, 879.2510169669742481, 1212.380460436409521 ) ) ;
#5119 = CARTESIAN_POINT ( 'NONE',  ( 722.6208513314724087, 894.6458324814013849, 1195.718407649585743 ) ) ;
#5120 = ORIENTED_EDGE ( 'NONE', *, *, #7932, .F. ) ;
#5121 = CARTESIAN_POINT ( 'NONE',  ( 725.1670570809243372, 894.6322451717335298, 1230.621483633385424 ) ) ;
#5122 = EDGE_LOOP ( 'NONE', ( #2998, #118, #9235, #5731 ) ) ;
#5123 = CARTESIAN_POINT ( 'NONE',  ( 739.7907922918603845, 884.7327237626983560, 1214.093036037774937 ) ) ;
#5124 = CARTESIAN_POINT ( 'NONE',  ( 735.9792161780419519, 887.2041459193870878, 1196.048429206925448 ) ) ;
#5125 = CARTESIAN_POINT ( 'NONE',  ( 713.2455981476244915, 899.7458761055835339, 1202.015433541274433 ) ) ;
#5126 = ADVANCED_FACE ( 'NONE', ( #8599 ), #1980, .F. ) ;
#5127 = LINE ( 'NONE', #7324, #3080 ) ;
#5128 = LINE ( 'NONE', #422, #9089 ) ;
#5129 = DIRECTION ( 'NONE',  ( 0.5845683251975080097, -0.3375006799125091494, -0.7378164841167310639 ) ) ;
#5130 = ORIENTED_EDGE ( 'NONE', *, *, #9152, .F. ) ;
#5131 = CIRCLE ( 'NONE', #7093, 19.56600634797364435 ) ;
#5132 = ORIENTED_EDGE ( 'NONE', *, *, #2320, .F. ) ;
#5133 = B_SPLINE_SURFACE_WITH_KNOTS ( 'NONE', 3, 1, ( 
 ( #2721, #7982 ),
 ( #6443, #1037 ),
 ( #926, #6651 ),
 ( #4283, #7416 ),
 ( #4909, #1849 ),
 ( #8036, #8915 ) ),
 .UNSPECIFIED., .F., .F., .F.,
 ( 4, 1, 1, 4 ),
 ( 2, 2 ),
 ( 0.000000000000000000, 0.2890654569501156512, 0.6604379133667447332, 1.000000000000000000 ),
 ( 0.000000000000000000, 1.000000000000000000 ),
 .UNSPECIFIED. ) ;
#5134 = EDGE_LOOP ( 'NONE', ( #8074, #3288, #6831, #9590 ) ) ;
#5135 = CARTESIAN_POINT ( 'NONE',  ( 714.1028264570362580, 901.0201817008114631, 1224.617601418155346 ) ) ;
#5136 = CARTESIAN_POINT ( 'NONE',  ( 724.7272518183722241, 893.4295989073146984, 1229.298806419511948 ) ) ;
#5137 = VECTOR ( 'NONE', #7599, 1000.000000000000000 ) ;
#5138 = CARTESIAN_POINT ( 'NONE',  ( 735.1922118968360564, 889.6358047864669061, 1228.253733461465799 ) ) ;
#5139 = CARTESIAN_POINT ( 'NONE',  ( 728.6079371195248768, 883.0451904929582270, 1217.486219305483246 ) ) ;
#5140 = DIRECTION ( 'NONE',  ( 0.4999999999999988343, 0.8660254037844394848, -2.975261781898571487E-15 ) ) ;
#5141 = VERTEX_POINT ( 'NONE', #1493 ) ;
#5142 = CARTESIAN_POINT ( 'NONE',  ( 728.7934815541570970, 891.3528317388145297, 1232.432142138641666 ) ) ;
#5143 = ORIENTED_EDGE ( 'NONE', *, *, #3702, .F. ) ;
#5144 = CARTESIAN_POINT ( 'NONE',  ( 717.1800848525040237, 879.2510169669742481, 1212.380460436409521 ) ) ;
#5145 = AXIS2_PLACEMENT_3D ( 'NONE', #6709, #2208, #7572 ) ;
#5146 = CARTESIAN_POINT ( 'NONE',  ( 742.1537086767039000, 884.8588710841428338, 1217.658721584308068 ) ) ;
#5147 = EDGE_CURVE ( 'NONE', #1362, #2791, #1292, .T. ) ;
#5148 = ORIENTED_EDGE ( 'NONE', *, *, #2599, .F. ) ;
#5149 = CARTESIAN_POINT ( 'NONE',  ( 725.4372717839570441, 895.2653077462190367, 1231.340519213061953 ) ) ;
#5150 = AXIS2_PLACEMENT_3D ( 'NONE', #3112, #10077, #6255 ) ;
#5151 = CARTESIAN_POINT ( 'NONE',  ( 717.1800848525040237, 879.2510169669742481, 1212.380460436409521 ) ) ;
#5152 = CARTESIAN_POINT ( 'NONE',  ( 742.8359621809827331, 883.7725802519959188, 1210.203184906693195 ) ) ;
#5153 = PRODUCT_DEFINITION_FORMATION_WITH_SPECIFIED_SOURCE ( 'ANY', '', #4758, .NOT_KNOWN. ) ;
#5154 = CARTESIAN_POINT ( 'NONE',  ( 717.1800848525040237, 879.2510169669742481, 1212.380460436409521 ) ) ;
#5155 = CARTESIAN_POINT ( 'NONE',  ( 710.7314475298843490, 901.5100802807983200, 1215.058430362693343 ) ) ;
#5156 = ORIENTED_EDGE ( 'NONE', *, *, #9839, .T. ) ;
#5157 = FACE_OUTER_BOUND ( 'NONE', #1629, .T. ) ;
#5158 = ORIENTED_EDGE ( 'NONE', *, *, #5032, .F. ) ;
#5159 = DIRECTION ( 'NONE',  ( -0.5000000000000008882, -0.8660254037844380415, -0.000000000000000000 ) ) ;
#5160 = CARTESIAN_POINT ( 'NONE',  ( 737.8872351451745999, 885.8317771487804748, 1203.887504241241459 ) ) ;
#5161 = EDGE_CURVE ( 'NONE', #2631, #8312, #424, .T. ) ;
#5162 = EDGE_CURVE ( 'NONE', #9254, #9967, #7917, .T. ) ;
#5163 = ORIENTED_EDGE ( 'NONE', *, *, #9812, .T. ) ;
#5164 = CARTESIAN_POINT ( 'NONE',  ( 717.1800848525040237, 879.2510169669742481, 1212.380460436409521 ) ) ;
#5165 = B_SPLINE_CURVE_WITH_KNOTS ( 'NONE', 1,
 ( #1343, #4488 ),
 .UNSPECIFIED., .F., .F.,
 ( 2, 2 ),
 ( 0.000000000000000000, 0.002899999999998933813 ),
 .UNSPECIFIED. ) ;
#5166 = CARTESIAN_POINT ( 'NONE',  ( 742.2616524062676717, 884.7626759589587664, 1207.570003719492206 ) ) ;
#5167 = CARTESIAN_POINT ( 'NONE',  ( 715.1742101053986289, 899.1088585580168910, 1229.317719398615964 ) ) ;
#5168 = CARTESIAN_POINT ( 'NONE',  ( 724.1809409509684201, 893.7450116336714245, 1229.266385887622846 ) ) ;
#5169 = EDGE_LOOP ( 'NONE', ( #8725, #5734, #3890, #2262 ) ) ;
#5170 = CONICAL_SURFACE ( 'NONE', #5485, 20.44804870789273821, 0.7096869864122512528 ) ;
#5171 = CARTESIAN_POINT ( 'NONE',  ( 719.7688953717831737, 894.4768761869826221, 1229.748636735166656 ) ) ;
#5172 = EDGE_CURVE ( 'NONE', #8688, #5141, #8070, .T. ) ;
#5173 = ORIENTED_EDGE ( 'NONE', *, *, #1561, .T. ) ;
#5174 = CARTESIAN_POINT ( 'NONE',  ( 717.1800848525040237, 879.2510169669742481, 1212.380460436409521 ) ) ;
#5175 = CARTESIAN_POINT ( 'NONE',  ( 716.0052057138390182, 899.9218425247955793, 1226.679274110766073 ) ) ;
#5176 = LINE ( 'NONE', #9183, #3508 ) ;
#5177 = B_SPLINE_CURVE_WITH_KNOTS ( 'NONE', 3,
 ( #9991, #7764, #3854, #2972, #4481, #9167, #10147, #3654, #6223, #659 ),
 .UNSPECIFIED., .F., .F.,
 ( 4, 3, 3, 4 ),
 ( 0.000000000000000000, 0.0001770953904238027957, 0.0003541907790577460439, 0.0006813326750119003128 ),
 .UNSPECIFIED. ) ;
#5178 = CARTESIAN_POINT ( 'NONE',  ( 718.2953573003771908, 898.5996228898225127, 1196.333623295425696 ) ) ;
#5179 = CARTESIAN_POINT ( 'NONE',  ( 712.0139493535530164, 900.4569688683875484, 1204.221301947900884 ) ) ;
#5180 = CARTESIAN_POINT ( 'NONE',  ( 717.1800848525040237, 879.2510169669742481, 1212.380460436409521 ) ) ;
#5181 = EDGE_LOOP ( 'NONE', ( #426, #5362, #10128, #9809 ) ) ;
#5182 = CARTESIAN_POINT ( 'NONE',  ( 725.8370950929727314, 894.2453985451099925, 1212.380460436409521 ) ) ;
#5183 = CIRCLE ( 'NONE', #727, 18.17967805303275597 ) ;
#5184 = VERTEX_POINT ( 'NONE', #5001 ) ;
#5185 = ORIENTED_EDGE ( 'NONE', *, *, #8891, .T. ) ;
#5186 = EDGE_CURVE ( 'NONE', #10133, #4853, #3876, .T. ) ;
#5187 = ORIENTED_EDGE ( 'NONE', *, *, #3858, .F. ) ;
#5188 = CARTESIAN_POINT ( 'NONE',  ( 740.4688437127607585, 885.7977545407604794, 1205.460373028193771 ) ) ;
#5189 = CARTESIAN_POINT ( 'NONE',  ( 729.1544448009429971, 890.2541539181396502, 1229.038314750722066 ) ) ;
#5190 = CARTESIAN_POINT ( 'NONE',  ( 722.3633210752506102, 886.6505212471058712, 1221.837824365051347 ) ) ;
#5191 = DIRECTION ( 'NONE',  ( 0.5845683251973867733, -0.3375006799124474766, -0.7378164841168554089 ) ) ;
#5192 = VERTEX_POINT ( 'NONE', #189 ) ;
#5193 = DIRECTION ( 'NONE',  ( 0.5845683251974467254, -0.3375006799124833923, -0.7378164841167914600 ) ) ;
#5194 = ORIENTED_EDGE ( 'NONE', *, *, #5798, .T. ) ;
#5195 = CARTESIAN_POINT ( 'NONE',  ( 717.1800848525040237, 879.2510169669742481, 1212.380460436409521 ) ) ;
#5196 = EDGE_CURVE ( 'NONE', #9166, #4363, #547, .T. ) ;
#5197 = CARTESIAN_POINT ( 'NONE',  ( 710.7314475298843490, 901.5100802807983200, 1215.058430362693343 ) ) ;
#5198 = AXIS2_PLACEMENT_3D ( 'NONE', #2568, #9639, #204 ) ;
#5199 = CARTESIAN_POINT ( 'NONE',  ( 742.0282903288110674, 884.2388898132641089, 1205.969772966006985 ) ) ;
#5200 = DIRECTION ( 'NONE',  ( 0.4999999999999988343, 0.8660254037844394848, -2.975261781898571487E-15 ) ) ;
#5201 = CARTESIAN_POINT ( 'NONE',  ( 717.1800848525040237, 879.2510169669742481, 1212.380460436409521 ) ) ;
#5202 = CARTESIAN_POINT ( 'NONE',  ( 711.3111267662272894, 903.4210413748169231, 1220.472909083332752 ) ) ;
#5203 = EDGE_CURVE ( 'NONE', #9000, #1154, #9411, .T. ) ;
#5204 = CARTESIAN_POINT ( 'NONE',  ( 723.0408875998276699, 895.8597896939872953, 1194.410845762299459 ) ) ;
#5205 = AXIS2_PLACEMENT_3D ( 'NONE', #2146, #5115, #9943 ) ;
#5206 = ORIENTED_EDGE ( 'NONE', *, *, #1056, .F. ) ;
#5207 = DIRECTION ( 'NONE',  ( 0.8660254037844441477, -0.4999999999999902855, 0.000000000000000000 ) ) ;
#5208 = VERTEX_POINT ( 'NONE', #8900 ) ;
#5209 = VERTEX_POINT ( 'NONE', #7244 ) ;
#5210 = CARTESIAN_POINT ( 'NONE',  ( 741.8201193623616518, 885.0175951807140109, 1205.882831277930563 ) ) ;
#5211 = CARTESIAN_POINT ( 'NONE',  ( 711.0309061624324158, 900.5657258280009501, 1219.408442489045910 ) ) ;
#5212 = DIRECTION ( 'NONE',  ( 0.5845683251975072325, -0.3375006799125115364, -0.7378164841167307308 ) ) ;
#5213 = CARTESIAN_POINT ( 'NONE',  ( 710.4723657533288588, 902.0146688396290529, 1201.364413940728127 ) ) ;
#5214 = CARTESIAN_POINT ( 'NONE',  ( 711.4914354648718700, 902.5278689930969449, 1220.058283692183068 ) ) ;
#5215 = EDGE_CURVE ( 'NONE', #7620, #2054, #6818, .T. ) ;
#5216 = CARTESIAN_POINT ( 'NONE',  ( 717.1800848525040237, 879.2510169669742481, 1212.380460436409521 ) ) ;
#5217 = B_SPLINE_SURFACE_WITH_KNOTS ( 'NONE', 3, 1, ( 
 ( #7122, #3256 ),
 ( #66, #5355 ),
 ( #6454, #4088 ),
 ( #1765, #216 ),
 ( #837, #2424 ),
 ( #5405, #6404 ) ),
 .UNSPECIFIED., .F., .F., .F.,
 ( 4, 1, 1, 4 ),
 ( 2, 2 ),
 ( 0.000000000000000000, 0.2890654569501156512, 0.6604379133667447332, 1.000000000000000000 ),
 ( 0.000000000000000000, 1.000000000000000000 ),
 .UNSPECIFIED. ) ;
#5218 = VERTEX_POINT ( 'NONE', #4269 ) ;
#5219 = DIRECTION ( 'NONE',  ( 0.5845683251975080097, -0.3375006799125091494, -0.7378164841167310639 ) ) ;
#5220 = VECTOR ( 'NONE', #6911, 1000.000000000000114 ) ;
#5221 = CARTESIAN_POINT ( 'NONE',  ( 716.6108790937881849, 896.5926028194545552, 1196.912629643910577 ) ) ;
#5222 = ORIENTED_EDGE ( 'NONE', *, *, #4791, .T. ) ;
#5223 = CARTESIAN_POINT ( 'NONE',  ( 707.7189938964665998, 903.5201928610144932, 1210.169193343725965 ) ) ;
#5224 = CARTESIAN_POINT ( 'NONE',  ( 721.4563263048562476, 894.6987738335417362, 1229.262975426229559 ) ) ;
#5225 = CARTESIAN_POINT ( 'NONE',  ( 713.0211240904475289, 899.5688401027116470, 1201.805591455969079 ) ) ;
#5226 = CIRCLE ( 'NONE', #5874, 18.17967805303275597 ) ;
#5227 = CARTESIAN_POINT ( 'NONE',  ( 716.2619655322679364, 897.5455722926906219, 1198.028176768885260 ) ) ;
#5228 = ADVANCED_FACE ( 'NONE', ( #6481 ), #428, .F. ) ;
#5229 = CARTESIAN_POINT ( 'NONE',  ( 722.9140444135958887, 895.9330226417033600, 1230.323316013730846 ) ) ;
#5230 = CARTESIAN_POINT ( 'NONE',  ( 728.8370950929725041, 899.4415509678165108, 1212.380460436409066 ) ) ;
#5231 = EDGE_CURVE ( 'NONE', #1659, #9254, #5131, .T. ) ;
#5232 = CARTESIAN_POINT ( 'NONE',  ( 744.6713637030086375, 890.2996317233906893, 1190.196798703381319 ) ) ;
#5233 = ORIENTED_EDGE ( 'NONE', *, *, #2472, .F. ) ;
#5234 = B_SPLINE_CURVE_WITH_KNOTS ( 'NONE', 3,
 ( #3821, #9534, #9339, #3920 ),
 .UNSPECIFIED., .F., .F.,
 ( 4, 4 ),
 ( 0.0009352727177708551349, 0.002387895279818386465 ),
 .UNSPECIFIED. ) ;
#5235 = CARTESIAN_POINT ( 'NONE',  ( 711.6281445235418914, 902.4489399812729289, 1204.371340743530709 ) ) ;
#5236 = ORIENTED_EDGE ( 'NONE', *, *, #2145, .T. ) ;
#5237 = ORIENTED_EDGE ( 'NONE', *, *, #8180, .F. ) ;
#5238 = AXIS2_PLACEMENT_3D ( 'NONE', #8653, #817, #3283 ) ;
#5239 = CARTESIAN_POINT ( 'NONE',  ( 721.0224354434702718, 894.0455895734227170, 1194.868597376509342 ) ) ;
#5240 = ORIENTED_EDGE ( 'NONE', *, *, #408, .F. ) ;
#5241 = CARTESIAN_POINT ( 'NONE',  ( 729.1703059924968784, 890.8644003838595609, 1228.677278177308381 ) ) ;
#5242 = EDGE_CURVE ( 'NONE', #97, #8009, #4843, .T. ) ;
#5243 = AXIS2_PLACEMENT_3D ( 'NONE', #2268, #4017, #5571 ) ;
#5244 = CARTESIAN_POINT ( 'NONE',  ( 721.8724449401915990, 896.5343903780610617, 1231.403359005336370 ) ) ;
#5245 = CARTESIAN_POINT ( 'NONE',  ( 741.5392719473990155, 885.9688136173641624, 1205.625929643142399 ) ) ;
#5246 = ORIENTED_EDGE ( 'NONE', *, *, #1790, .F. ) ;
#5247 = VERTEX_POINT ( 'NONE', #343 ) ;
#5248 = CARTESIAN_POINT ( 'NONE',  ( 742.6558725684596993, 885.0793783262701027, 1211.573205016393786 ) ) ;
#5249 = ORIENTED_EDGE ( 'NONE', *, *, #8984, .T. ) ;
#5250 = CARTESIAN_POINT ( 'NONE',  ( 713.7861629475438576, 901.2030074632593823, 1224.870360786630272 ) ) ;
#5251 = FACE_OUTER_BOUND ( 'NONE', #9834, .T. ) ;
#5252 = CARTESIAN_POINT ( 'NONE',  ( 741.8154468526685150, 885.0541666393061178, 1205.867984067249154 ) ) ;
#5253 = CARTESIAN_POINT ( 'NONE',  ( 724.4202779218370551, 891.7913992196671416, 1212.380460436409521 ) ) ;
#5254 = EDGE_CURVE ( 'NONE', #9541, #4402, #3489, .T. ) ;
#5255 = CARTESIAN_POINT ( 'NONE',  ( 736.4149470292325077, 886.6818030888446174, 1223.290376907218160 ) ) ;
#5256 = CARTESIAN_POINT ( 'NONE',  ( 711.3271618084170314, 901.1662248598904625, 1206.931638686741508 ) ) ;
#5257 = CARTESIAN_POINT ( 'NONE',  ( 736.5655699915391779, 886.5948337855934369, 1201.679870374302027 ) ) ;
#5258 = ORIENTED_EDGE ( 'NONE', *, *, #233, .T. ) ;
#5259 = DATE_AND_TIME ( #9880, #8920 ) ;
#5260 = CARTESIAN_POINT ( 'NONE',  ( 737.3488283500071248, 884.3270971496548327, 1222.755308509889119 ) ) ;
#5261 = VERTEX_POINT ( 'NONE', #138 ) ;
#5262 = ORIENTED_EDGE ( 'NONE', *, *, #3241, .T. ) ;
#5263 = CARTESIAN_POINT ( 'NONE',  ( 742.9361832939052874, 883.5746485775939618, 1213.218828442730910 ) ) ;
#5264 = CARTESIAN_POINT ( 'NONE',  ( 729.6333741744564350, 892.0536157954966257, 1230.104190019879979 ) ) ;
#5265 = CARTESIAN_POINT ( 'NONE',  ( 717.1800848525040237, 879.2510169669742481, 1212.380460436409521 ) ) ;
#5266 = CARTESIAN_POINT ( 'NONE',  ( 708.4643494709595188, 903.8731430465620633, 1212.901886279640166 ) ) ;
#5267 = CARTESIAN_POINT ( 'NONE',  ( 732.0196291362375405, 887.4039117502975387, 1228.302159747099950 ) ) ;
#5268 = DIRECTION ( 'NONE',  ( 0.5845683251975080097, -0.3375006799125091494, -0.7378164841167310639 ) ) ;
#5269 = ORIENTED_EDGE ( 'NONE', *, *, #7469, .F. ) ;
#5270 = CARTESIAN_POINT ( 'NONE',  ( 718.1122659997090523, 896.9362143769246813, 1227.523724951751547 ) ) ;
#5271 = CARTESIAN_POINT ( 'NONE',  ( 735.1311535944829529, 887.4230030447661193, 1199.922422753606497 ) ) ;
#5272 = ORIENTED_EDGE ( 'NONE', *, *, #49, .T. ) ;
#5273 = CARTESIAN_POINT ( 'NONE',  ( 741.5717568451315174, 885.1609873468934211, 1207.961773876191273 ) ) ;
#5274 = EDGE_CURVE ( 'NONE', #9758, #429, #9897, .T. ) ;
#5275 = CARTESIAN_POINT ( 'NONE',  ( 725.2448101040780557, 894.5873544428852711, 1194.135726251951610 ) ) ;
#5276 = DIRECTION ( 'NONE',  ( -0.4999999999999988343, -0.8660254037844394848, 2.975261781898571487E-15 ) ) ;
#5277 = CARTESIAN_POINT ( 'NONE',  ( 715.9045132742107853, 897.0004149069668529, 1197.425856892188222 ) ) ;
#5278 = CARTESIAN_POINT ( 'NONE',  ( 710.6841287950780952, 900.9179958361532954, 1217.883460607256893 ) ) ;
#5279 = CARTESIAN_POINT ( 'NONE',  ( 710.0258373294739158, 903.3740324710927325, 1212.483111378051490 ) ) ;
#5280 = CARTESIAN_POINT ( 'NONE',  ( 740.2678562637113373, 886.4581001826458078, 1202.448190807450374 ) ) ;
#5281 = ORIENTED_EDGE ( 'NONE', *, *, #462, .T. ) ;
#5282 = CARTESIAN_POINT ( 'NONE',  ( 742.7730683410756001, 884.4674098313295190, 1211.754080949453282 ) ) ;
#5283 = EDGE_LOOP ( 'NONE', ( #8259, #287, #9466, #2613, #7803 ) ) ;
#5284 = B_SPLINE_CURVE_WITH_KNOTS ( 'NONE', 3,
 ( #405, #5871, #5063, #9885, #2820, #5012, #5160, #1081, #1134, #4329 ),
 .UNSPECIFIED., .F., .F.,
 ( 4, 3, 3, 4 ),
 ( 0.000000000000000000, 0.0001770958401172535127, 0.0003541916793410402470, 0.0006316937728060693664 ),
 .UNSPECIFIED. ) ;
#5285 = ORIENTED_EDGE ( 'NONE', *, *, #2899, .F. ) ;
#5286 = DIRECTION ( 'NONE',  ( 0.000000000000000000, 7.370867579099568370E-15, 1.000000000000000000 ) ) ;
#5287 = EDGE_CURVE ( 'NONE', #3415, #9579, #2624, .T. ) ;
#5288 = EDGE_CURVE ( 'NONE', #3536, #5408, #674, .T. ) ;
#5289 = VERTEX_POINT ( 'NONE', #5102 ) ;
#5290 = CARTESIAN_POINT ( 'NONE',  ( 717.1800848525040237, 879.2510169669742481, 1212.380460436409521 ) ) ;
#5291 = DIRECTION ( 'NONE',  ( 0.5845683251975080097, -0.3375006799125091494, -0.7378164841167310639 ) ) ;
#5292 = B_SPLINE_CURVE_WITH_KNOTS ( 'NONE', 3,
 ( #4136, #3458, #417, #316, #4920, #8923, #3564, #1859, #2678, #9646 ),
 .UNSPECIFIED., .F., .F.,
 ( 4, 3, 3, 4 ),
 ( 0.000000000000000000, 0.0001770958401172055910, 0.0003541916793410777062, 0.0006316937728061604394 ),
 .UNSPECIFIED. ) ;
#5293 = CARTESIAN_POINT ( 'NONE',  ( 725.3236735400701036, 893.3561263297817732, 1212.380460436409521 ) ) ;
#5294 = ORIENTED_EDGE ( 'NONE', *, *, #621, .T. ) ;
#5295 = DIRECTION ( 'NONE',  ( 0.000000000000000000, -1.551108497285261312E-16, 1.000000000000000000 ) ) ;
#5296 = VERTEX_POINT ( 'NONE', #7656 ) ;
#5297 = FACE_OUTER_BOUND ( 'NONE', #5892, .T. ) ;
#5298 = CARTESIAN_POINT ( 'NONE',  ( 714.9842870134798432, 890.9108085490286157, 1217.883919887013690 ) ) ;
#5299 = ADVANCED_FACE ( 'NONE', ( #1935, #9828 ), #2761, .F. ) ;
#5300 = AXIS2_PLACEMENT_3D ( 'NONE', #9218, #611, #6123 ) ;
#5301 = B_SPLINE_CURVE_WITH_KNOTS ( 'NONE', 3,
 ( #5760, #3384, #6540, #5057, #8178, #3148, #7355, #9443, #5003, #8125 ),
 .UNSPECIFIED., .F., .F.,
 ( 4, 3, 3, 4 ),
 ( 0.000000000000000000, 0.0001770958401173601711, 0.0003541916793410493543, 0.0006316937728063191666 ),
 .UNSPECIFIED. ) ;
#5302 = CARTESIAN_POINT ( 'NONE',  ( 726.7306733025012591, 892.2730211318788633, 1229.216031425678693 ) ) ;
#5303 = B_SPLINE_CURVE_WITH_KNOTS ( 'NONE', 3,
 ( #5412, #8542, #1489, #4637 ),
 .UNSPECIFIED., .F., .F.,
 ( 4, 4 ),
 ( 1.497772746187569132E-15, 0.001453450272831001725 ),
 .UNSPECIFIED. ) ;
#5304 = CARTESIAN_POINT ( 'NONE',  ( 712.1057791231891088, 900.7166095654480387, 1219.976650377121814 ) ) ;
#5305 = CARTESIAN_POINT ( 'NONE',  ( 717.1800848525040237, 879.2510169669742481, 1212.380460436409521 ) ) ;
#5306 = CARTESIAN_POINT ( 'NONE',  ( 739.8617565495122790, 884.0723937272299509, 1214.438333297805229 ) ) ;
#5307 = CARTESIAN_POINT ( 'NONE',  ( 736.0882942241720457, 886.0988360853508539, 1224.089804389170467 ) ) ;
#5308 = CALENDAR_DATE ( 2026, 3, 4 ) ;
#5309 = CARTESIAN_POINT ( 'NONE',  ( 724.4202779218370551, 891.7913992196671416, 1212.380460436409521 ) ) ;
#5310 = ORIENTED_EDGE ( 'NONE', *, *, #6030, .F. ) ;
#5311 = CARTESIAN_POINT ( 'NONE',  ( 708.7685444620710769, 900.8279317459134745, 1210.414496622048318 ) ) ;
#5312 = CARTESIAN_POINT ( 'NONE',  ( 716.0339222580769274, 898.4487590718065348, 1225.584971971348295 ) ) ;
#5313 = ADVANCED_FACE ( 'NONE', ( #1983 ), #999, .F. ) ;
#5314 = CARTESIAN_POINT ( 'NONE',  ( 717.1800848525040237, 879.2510169669742481, 1212.380460436409521 ) ) ;
#5315 = FACE_OUTER_BOUND ( 'NONE', #2108, .T. ) ;
#5316 = FACE_OUTER_BOUND ( 'NONE', #375, .T. ) ;
#5317 = DIRECTION ( 'NONE',  ( 0.9718148362497353032, 0.2334819877173832658, -0.03258965259771334083 ) ) ;
#5318 = ORIENTED_EDGE ( 'NONE', *, *, #5162, .T. ) ;
#5319 = CARTESIAN_POINT ( 'NONE',  ( 717.7236211844782474, 896.2479309576090145, 1228.237089190705092 ) ) ;
#5320 = CARTESIAN_POINT ( 'NONE',  ( 714.3270222299431680, 899.4341742598280689, 1223.726056111263233 ) ) ;
#5321 = DIRECTION ( 'NONE',  ( -0.4999999999999988343, -0.8660254037844394848, 2.975261781898571487E-15 ) ) ;
#5322 = EDGE_LOOP ( 'NONE', ( #2519, #1724, #734, #9342 ) ) ;
#5323 = CARTESIAN_POINT ( 'NONE',  ( 717.1800848525040237, 879.2510169669742481, 1212.380460436409521 ) ) ;
#5324 = CARTESIAN_POINT ( 'NONE',  ( 736.1841450375566183, 888.2715264742862473, 1226.763864349107280 ) ) ;
#5325 = CARTESIAN_POINT ( 'NONE',  ( 711.5708132010169038, 901.6834534439645950, 1224.549894416144980 ) ) ;
#5326 = CARTESIAN_POINT ( 'NONE',  ( 717.1800848525040237, 879.2510169669742481, 1212.380460436409521 ) ) ;
#5327 = CARTESIAN_POINT ( 'NONE',  ( 718.2056456377405311, 898.6514179423953692, 1196.390265349506763 ) ) ;
#5328 = CIRCLE ( 'NONE', #9433, 19.56600634797363369 ) ;
#5329 = ORIENTED_EDGE ( 'NONE', *, *, #2795, .T. ) ;
#5330 = FACE_OUTER_BOUND ( 'NONE', #10122, .T. ) ;
#5331 = CARTESIAN_POINT ( 'NONE',  ( 717.1800848525040237, 879.2510169669742481, 1212.380460436409521 ) ) ;
#5332 = CARTESIAN_POINT ( 'NONE',  ( 710.6236777359260941, 902.2304115737015309, 1222.950894596001490 ) ) ;
#5333 = ORIENTED_EDGE ( 'NONE', *, *, #9811, .T. ) ;
#5334 = EDGE_CURVE ( 'NONE', #944, #5687, #9243, .T. ) ;
#5335 = DIRECTION ( 'NONE',  ( 0.5845683251975080097, -0.3375006799125091494, -0.7378164841167310639 ) ) ;
#5336 = ORIENTED_EDGE ( 'NONE', *, *, #6873, .F. ) ;
#5337 = ORIENTED_EDGE ( 'NONE', *, *, #6484, .T. ) ;
#5338 = CIRCLE ( 'NONE', #9608, 20.44804870789273821 ) ;
#5339 = CARTESIAN_POINT ( 'NONE',  ( 710.7510764172262725, 902.9553154885520598, 1206.913371428754317 ) ) ;
#5340 = ORIENTED_EDGE ( 'NONE', *, *, #655, .F. ) ;
#5341 = FACE_OUTER_BOUND ( 'NONE', #165, .T. ) ;
#5342 = VECTOR ( 'NONE', #974, 1000.000000000000000 ) ;
#5343 = CARTESIAN_POINT ( 'NONE',  ( 722.7394999665878004, 896.0337959251687607, 1194.476692512359705 ) ) ;
#5344 = ADVANCED_FACE ( 'NONE', ( #9206 ), #1978, .T. ) ;
#5345 = CARTESIAN_POINT ( 'NONE',  ( 738.7440797273860653, 883.5215483913262915, 1204.834669342918232 ) ) ;
#5346 = EDGE_CURVE ( 'NONE', #7185, #7620, #4368, .T. ) ;
#5347 = ORIENTED_EDGE ( 'NONE', *, *, #4528, .F. ) ;
#5348 = ORIENTED_EDGE ( 'NONE', *, *, #6355, .T. ) ;
#5349 = CARTESIAN_POINT ( 'NONE',  ( 738.7238114056796121, 886.8391231968613511, 1199.680915345995800 ) ) ;
#5350 = B_SPLINE_CURVE_WITH_KNOTS ( 'NONE', 3,
 ( #9002, #1934, #5099, #8222 ),
 .UNSPECIFIED., .F., .F.,
 ( 4, 4 ),
 ( 0.000000000000000000, 0.001453450272863015614 ),
 .UNSPECIFIED. ) ;
#5351 = CARTESIAN_POINT ( 'NONE',  ( 717.1800848525040237, 879.2510169669742481, 1212.380460436409521 ) ) ;
#5352 = ORIENTED_EDGE ( 'NONE', *, *, #3307, .F. ) ;
#5353 = CARTESIAN_POINT ( 'NONE',  ( 739.1653043470466855, 886.5503533444548339, 1222.203061114118100 ) ) ;
#5354 = CARTESIAN_POINT ( 'NONE',  ( 717.1800848525040237, 879.2510169669742481, 1212.380460436409521 ) ) ;
#5355 = CARTESIAN_POINT ( 'NONE',  ( 740.9344549719291990, 884.4273734291919027, 1222.048234559406865 ) ) ;
#5356 = CARTESIAN_POINT ( 'NONE',  ( 739.9931698977549104, 882.8003858452270833, 1215.053924130028918 ) ) ;
#5357 = ADVANCED_FACE ( 'NONE', ( #3595 ), #9724, .F. ) ;
#5358 = CARTESIAN_POINT ( 'NONE',  ( 722.7896424453368809, 896.0048461515651752, 1194.465186189420820 ) ) ;
#5359 = EDGE_CURVE ( 'NONE', #9370, #6179, #9930, .T. ) ;
#5360 = CALENDAR_DATE ( 2026, 3, 4 ) ;
#5361 = CARTESIAN_POINT ( 'NONE',  ( 718.5237050227773352, 897.0112823223827263, 1197.314147853817985 ) ) ;
#5362 = ORIENTED_EDGE ( 'NONE', *, *, #1951, .T. ) ;
#5363 = CARTESIAN_POINT ( 'NONE',  ( 739.5606489901663281, 884.5529846836974457, 1216.115847499692336 ) ) ;
#5364 = CARTESIAN_POINT ( 'NONE',  ( 725.4579181375480630, 895.2559019087623255, 1193.418327925793392 ) ) ;
#5365 = CARTESIAN_POINT ( 'NONE',  ( 711.4544574282157328, 900.3210903312515256, 1220.429727027812760 ) ) ;
#5366 = CARTESIAN_POINT ( 'NONE',  ( 717.1800848525040237, 879.2510169669742481, 1212.380460436409521 ) ) ;
#5367 = AXIS2_PLACEMENT_3D ( 'NONE', #9928, #3594, #1325 ) ;
#5368 = CARTESIAN_POINT ( 'NONE',  ( 715.2566889975054210, 899.2524385267137177, 1229.136781824543505 ) ) ;
#5369 = CARTESIAN_POINT ( 'NONE',  ( 735.3096411571539193, 888.7764215250440429, 1228.603584852652375 ) ) ;
#5370 = EDGE_CURVE ( 'NONE', #757, #6220, #1326, .T. ) ;
#5371 = ORIENTED_EDGE ( 'NONE', *, *, #2826, .T. ) ;
#5372 = DIRECTION ( 'NONE',  ( 0.04696641962671621595, 0.7674434700142940269, 0.6393939910257733228 ) ) ;
#5373 = CARTESIAN_POINT ( 'NONE',  ( 721.1752905570103849, 895.7511963617532729, 1192.501394710672002 ) ) ;
#5374 = VERTEX_POINT ( 'NONE', #7905 ) ;
#5375 = DIRECTION ( 'NONE',  ( -0.5845683251975072325, 0.3375006799125115364, 0.7378164841167307308 ) ) ;
#5376 = CARTESIAN_POINT ( 'NONE',  ( 710.5526143459094328, 901.6133668513824659, 1211.903031432991384 ) ) ;
#5377 = CARTESIAN_POINT ( 'NONE',  ( 736.3628783223108485, 888.1683347642197077, 1227.156721624339298 ) ) ;
#5378 = CARTESIAN_POINT ( 'NONE',  ( 743.1713637030086375, 887.7015555120373165, 1190.196798703381319 ) ) ;
#5379 = CARTESIAN_POINT ( 'NONE',  ( 725.8370950929727314, 894.2453985451099925, 1212.380460436409521 ) ) ;
#5380 = CARTESIAN_POINT ( 'NONE',  ( 739.8163777311516469, 884.7178879997350123, 1210.989808906785129 ) ) ;
#5381 = CARTESIAN_POINT ( 'NONE',  ( 724.4202779218370551, 891.7913992196671416, 1212.380460436409521 ) ) ;
#5382 = DIRECTION ( 'NONE',  ( -0.4999999999999988343, -0.8660254037844394848, 2.975261781898571487E-15 ) ) ;
#5383 = EDGE_CURVE ( 'NONE', #3115, #1418, #4984, .T. ) ;
#5384 = CIRCLE ( 'NONE', #432, 18.17967805303275597 ) ;
#5385 = ORIENTED_EDGE ( 'NONE', *, *, #2445, .T. ) ;
#5386 = CARTESIAN_POINT ( 'NONE',  ( 717.1800848525040237, 879.2510169669742481, 1212.380460436409521 ) ) ;
#5387 = ORIENTED_EDGE ( 'NONE', *, *, #9363, .F. ) ;
#5388 = ORIENTED_EDGE ( 'NONE', *, *, #3943, .F. ) ;
#5389 = CARTESIAN_POINT ( 'NONE',  ( 709.5825310839417170, 902.8313886594831956, 1204.072843105402626 ) ) ;
#5390 = EDGE_CURVE ( 'NONE', #4250, #3298, #4617, .T. ) ;
#5391 = VERTEX_POINT ( 'NONE', #9263 ) ;
#5392 = CARTESIAN_POINT ( 'NONE',  ( 717.1800848525040237, 879.2510169669742481, 1212.380460436409521 ) ) ;
#5393 = CARTESIAN_POINT ( 'NONE',  ( 708.5456645603346715, 903.8259213074626359, 1214.381950559835786 ) ) ;
#5394 = CARTESIAN_POINT ( 'NONE',  ( 742.2521899371395193, 885.5572102240772665, 1208.412596120894023 ) ) ;
#5395 = ORIENTED_EDGE ( 'NONE', *, *, #5743, .T. ) ;
#5396 = ORIENTED_EDGE ( 'NONE', *, *, #802, .T. ) ;
#5397 = EDGE_LOOP ( 'NONE', ( #706, #5791 ) ) ;
#5398 = CARTESIAN_POINT ( 'NONE',  ( 738.7884683093709555, 887.3122252163201438, 1200.062509992533023 ) ) ;
#5399 = CARTESIAN_POINT ( 'NONE',  ( 729.5218404354527593, 890.3487832393146846, 1196.025831973051936 ) ) ;
#5400 = EDGE_CURVE ( 'NONE', #486, #4636, #7085, .T. ) ;
#5401 = AXIS2_PLACEMENT_3D ( 'NONE', #2115, #676, #2213 ) ;
#5402 = CARTESIAN_POINT ( 'NONE',  ( 739.3950291432531685, 886.4177216715254417, 1221.774257728971406 ) ) ;
#5403 = EDGE_LOOP ( 'NONE', ( #6383, #7579, #178, #3683 ) ) ;
#5404 = CARTESIAN_POINT ( 'NONE',  ( 741.6087645828768018, 885.1396209195440861, 1213.675690905942247 ) ) ;
#5405 = CARTESIAN_POINT ( 'NONE',  ( 717.1800848525040237, 879.2510169669742481, 1212.380460436409521 ) ) ;
#5406 = DIRECTION ( 'NONE',  ( 0.4999999999999988343, 0.8660254037844394848, -2.975261781898571487E-15 ) ) ;
#5407 = DIRECTION ( 'NONE',  ( 0.4999999999999988343, 0.8660254037844394848, -2.975261781898571487E-15 ) ) ;
#5408 = VERTEX_POINT ( 'NONE', #3165 ) ;
#5409 = ORIENTED_EDGE ( 'NONE', *, *, #4033, .F. ) ;
#5410 = CARTESIAN_POINT ( 'NONE',  ( 736.1048410019844823, 885.0453135798928770, 1200.195961748275067 ) ) ;
#5411 = VERTEX_POINT ( 'NONE', #3122 ) ;
#5412 = CARTESIAN_POINT ( 'NONE',  ( 737.6870805477662998, 886.2181099657899495, 1227.020050099713217 ) ) ;
#5413 = CARTESIAN_POINT ( 'NONE',  ( 714.6858085731254278, 904.1476984342916694, 1234.086781508788363 ) ) ;
#5414 = EDGE_CURVE ( 'NONE', #8367, #2667, #6212, .T. ) ;
#5415 = EDGE_CURVE ( 'NONE', #9381, #3209, #4628, .T. ) ;
#5416 = CARTESIAN_POINT ( 'NONE',  ( 736.6442511026332340, 887.2072973219579808, 1196.868623238909549 ) ) ;
#5417 = LINE ( 'NONE', #7097, #4802 ) ;
#5418 = CARTESIAN_POINT ( 'NONE',  ( 728.0919615732233297, 892.9435507757508503, 1231.772452957824044 ) ) ;
#5419 = DIRECTION ( 'NONE',  ( -0.5845683251975072325, 0.3375006799125115364, 0.7378164841167307308 ) ) ;
#5420 = EDGE_LOOP ( 'NONE', ( #9447, #8779, #7445, #4581 ) ) ;
#5421 = CARTESIAN_POINT ( 'NONE',  ( 709.7796331782075185, 903.5161785041020721, 1218.628592974568846 ) ) ;
#5422 = CARTESIAN_POINT ( 'NONE',  ( 742.4892966215479646, 884.6651192938502390, 1208.758133686748124 ) ) ;
#5423 = CARTESIAN_POINT ( 'NONE',  ( 717.9758232602107455, 897.3276347564087700, 1227.105573371412447 ) ) ;
#5424 = ORIENTED_EDGE ( 'NONE', *, *, #8163, .F. ) ;
#5425 = CARTESIAN_POINT ( 'NONE',  ( 734.6863191751760951, 887.6797926906874636, 1225.292223101974741 ) ) ;
#5426 = ADVANCED_FACE ( 'NONE', ( #6317 ), #9404, .T. ) ;
#5427 = CARTESIAN_POINT ( 'NONE',  ( 738.2072298423339589, 884.8754680358077849, 1204.149636183889925 ) ) ;
#5428 = CARTESIAN_POINT ( 'NONE',  ( 707.9447851131925518, 903.2827690233531257, 1217.114621305524679 ) ) ;
#5429 = B_SPLINE_CURVE_WITH_KNOTS ( 'NONE', 3,
 ( #4977, #3359, #4026, #1707 ),
 .UNSPECIFIED., .F., .F.,
 ( 4, 4 ),
 ( 1.005213304761332977E-05, 0.001341057332773822270 ),
 .UNSPECIFIED. ) ;
#5430 = CARTESIAN_POINT ( 'NONE',  ( 730.9648809968903151, 889.8283987756171882, 1227.947240790718297 ) ) ;
#5431 = ORIENTED_EDGE ( 'NONE', *, *, #7868, .T. ) ;
#5432 = LINE ( 'NONE', #2215, #363 ) ;
#5433 = CARTESIAN_POINT ( 'NONE',  ( 725.3576046343242751, 894.5222324904848392, 1231.070681142900185 ) ) ;
#5434 = EDGE_LOOP ( 'NONE', ( #231, #4884, #7227, #7222 ) ) ;
#5435 = CARTESIAN_POINT ( 'NONE',  ( 739.1147930497967309, 883.8977321228642268, 1218.536742346811934 ) ) ;
#5436 = B_SPLINE_SURFACE_WITH_KNOTS ( 'NONE', 3, 1, ( 
 ( #6931, #1472 ),
 ( #10131, #7848 ),
 ( #5488, #6102 ),
 ( #3058, #6205 ) ),
 .UNSPECIFIED., .F., .F., .F.,
 ( 4, 4 ),
 ( 2, 2 ),
 ( 0.000000000000000000, 1.000000000000000000 ),
 ( 0.000000000000000000, 1.000000000000000000 ),
 .UNSPECIFIED. ) ;
#5437 = ORIENTED_EDGE ( 'NONE', *, *, #3606, .F. ) ;
#5438 = EDGE_LOOP ( 'NONE', ( #194, #9137, #6882, #8148, #2048 ) ) ;
#5439 = CARTESIAN_POINT ( 'NONE',  ( 741.2527002179169813, 885.3451947765025807, 1216.440492227330424 ) ) ;
#5440 = EDGE_CURVE ( 'NONE', #7538, #2525, #2962, .T. ) ;
#5441 = CARTESIAN_POINT ( 'NONE',  ( 717.4678326440728142, 899.0773944729010054, 1195.367645683352521 ) ) ;
#5442 = CARTESIAN_POINT ( 'NONE',  ( 715.8057308003266144, 900.8285948661763314, 1227.103252908904324 ) ) ;
#5443 = CARTESIAN_POINT ( 'NONE',  ( 717.1800848525040237, 879.2510169669742481, 1212.380460436409521 ) ) ;
#5444 = ORIENTED_EDGE ( 'NONE', *, *, #7750, .F. ) ;
#5445 = ORIENTED_EDGE ( 'NONE', *, *, #592, .F. ) ;
#5446 = CARTESIAN_POINT ( 'NONE',  ( 732.3361038332287762, 891.0374995835305754, 1230.129013430432451 ) ) ;
#5447 = CARTESIAN_POINT ( 'NONE',  ( 722.9596200198069482, 896.6982949995560830, 1193.767808885684190 ) ) ;
#5448 = CARTESIAN_POINT ( 'NONE',  ( 709.0405934433370021, 900.9633008690017277, 1214.003354335051426 ) ) ;
#5449 = ORIENTED_EDGE ( 'NONE', *, *, #6100, .F. ) ;
#5450 = CARTESIAN_POINT ( 'NONE',  ( 713.8593820190753831, 901.1946081964641735, 1226.180521744339330 ) ) ;
#5451 = CARTESIAN_POINT ( 'NONE',  ( 740.5450732398757054, 885.7537434027605059, 1205.679480096223642 ) ) ;
#5452 = CARTESIAN_POINT ( 'NONE',  ( 739.5585995464978168, 884.8667803067372688, 1208.932069841461953 ) ) ;
#5453 = ORIENTED_EDGE ( 'NONE', *, *, #6751, .F. ) ;
#5454 = CARTESIAN_POINT ( 'NONE',  ( 717.1800848525040237, 879.2510169669742481, 1212.380460436409521 ) ) ;
#5455 = EDGE_CURVE ( 'NONE', #4862, #1010, #6448, .T. ) ;
#5456 = CARTESIAN_POINT ( 'NONE',  ( 725.9265723498099305, 884.5932771645486810, 1220.505701740650238 ) ) ;
#5457 = CARTESIAN_POINT ( 'NONE',  ( 713.1282728216859823, 900.3971442174178037, 1227.206753445266031 ) ) ;
#5458 = VECTOR ( 'NONE', #4040, 1000.000000000000000 ) ;
#5459 = CARTESIAN_POINT ( 'NONE',  ( 710.5541961451949646, 901.6124164154629170, 1211.844028337187638 ) ) ;
#5460 = CARTESIAN_POINT ( 'NONE',  ( 732.3765166830303315, 887.1978626291552246, 1196.692937353444449 ) ) ;
#5461 = CARTESIAN_POINT ( 'NONE',  ( 710.6188490903517732, 903.0316569713172612, 1217.334753333063418 ) ) ;
#5462 = B_SPLINE_CURVE_WITH_KNOTS ( 'NONE', 3,
 ( #2587, #5794, #3364, #9658, #430, #4144, #6721, #1157 ),
 .UNSPECIFIED., .F., .F.,
 ( 4, 2, 2, 4 ),
 ( 0.000000000000000000, 0.0005319171944673868786, 0.001063834388934773757, 0.002127668777869577438 ),
 .UNSPECIFIED. ) ;
#5463 = CARTESIAN_POINT ( 'NONE',  ( 727.9252185789479199, 890.3581520260743218, 1229.752766283228766 ) ) ;
#5464 = ORIENTED_EDGE ( 'NONE', *, *, #217, .F. ) ;
#5465 = CARTESIAN_POINT ( 'NONE',  ( 720.6206874096864112, 895.6426139939040922, 1196.162292459480341 ) ) ;
#5466 = ADVANCED_FACE ( 'NONE', ( #9414 ), #8983, .F. ) ;
#5467 = CARTESIAN_POINT ( 'NONE',  ( 711.2551103269636315, 901.2077434239400873, 1217.578458706827405 ) ) ;
#5468 = EDGE_CURVE ( 'NONE', #2882, #3402, #296, .T. ) ;
#5469 = EDGE_LOOP ( 'NONE', ( #1330, #161, #8299, #8927 ) ) ;
#5470 = CARTESIAN_POINT ( 'NONE',  ( 738.1929151146997583, 887.1117625295075868, 1225.128231232495637 ) ) ;
#5471 = CARTESIAN_POINT ( 'NONE',  ( 718.2719040446072540, 898.6131636333549295, 1228.412571131550067 ) ) ;
#5472 = CARTESIAN_POINT ( 'NONE',  ( 717.1800848525040237, 879.2510169669742481, 1212.380460436409521 ) ) ;
#5473 = DIRECTION ( 'NONE',  ( 0.5845683251975080097, -0.3375006799125091494, -0.7378164841167310639 ) ) ;
#5474 = ORIENTED_EDGE ( 'NONE', *, *, #9465, .T. ) ;
#5475 = CARTESIAN_POINT ( 'NONE',  ( 717.1800848525040237, 879.2510169669742481, 1212.380460436409521 ) ) ;
#5476 = CARTESIAN_POINT ( 'NONE',  ( 741.2240666778144487, 885.3617263585886121, 1208.177943477019653 ) ) ;
#5477 = AXIS2_PLACEMENT_3D ( 'NONE', #4018, #9005, #6342 ) ;
#5478 = CARTESIAN_POINT ( 'NONE',  ( 742.5582147141464020, 885.3805267366938097, 1213.962265957264435 ) ) ;
#5479 = EDGE_CURVE ( 'NONE', #8867, #1008, #6321, .T. ) ;
#5480 = EDGE_LOOP ( 'NONE', ( #5143, #8620, #1121, #3903 ) ) ;
#5481 = B_SPLINE_CURVE_WITH_KNOTS ( 'NONE', 3,
 ( #10142, #9513, #6219, #5503, #2439, #8686, #656, #850, #7908, #8591 ),
 .UNSPECIFIED., .F., .F.,
 ( 4, 3, 3, 4 ),
 ( 0.000000000000000000, 0.0001770953904237851232, 0.0003541907790578699140, 0.0006813326750119347904 ),
 .UNSPECIFIED. ) ;
#5482 = ORIENTED_EDGE ( 'NONE', *, *, #9893, .T. ) ;
#5483 = ORIENTED_EDGE ( 'NONE', *, *, #8071, .T. ) ;
#5484 = DIRECTION ( 'NONE',  ( 0.000000000000000000, -0.7071067811865475727, -0.7071067811865475727 ) ) ;
#5485 = AXIS2_PLACEMENT_3D ( 'NONE', #1268, #1213, #5291 ) ;
#5486 = EDGE_LOOP ( 'NONE', ( #2422, #9249, #2703, #9574, #8935 ) ) ;
#5487 = CARTESIAN_POINT ( 'NONE',  ( 717.1800848525040237, 879.2510169669742481, 1212.380460436409521 ) ) ;
#5488 = CARTESIAN_POINT ( 'NONE',  ( 717.1800848525040237, 879.2510169669742481, 1212.380460436409521 ) ) ;
#5489 = LINE ( 'NONE', #9405, #2078 ) ;
#5490 = EDGE_CURVE ( 'NONE', #173, #2233, #6939, .T. ) ;
#5491 = CIRCLE ( 'NONE', #5818, 20.44804870789273821 ) ;
#5492 = B_SPLINE_SURFACE_WITH_KNOTS ( 'NONE', 3, 1, ( 
 ( #5567, #1645 ),
 ( #3141, #4754 ),
 ( #778, #4800 ),
 ( #6290, #1505 ),
 ( #2360, #5519 ),
 ( #3868, #7778 ) ),
 .UNSPECIFIED., .F., .F., .F.,
 ( 4, 1, 1, 4 ),
 ( 2, 2 ),
 ( 0.000000000000000000, 0.2890654569501156512, 0.6604379133667447332, 1.000000000000000000 ),
 ( 0.000000000000000000, 1.000000000000000000 ),
 .UNSPECIFIED. ) ;
#5493 = ORIENTED_EDGE ( 'NONE', *, *, #433, .F. ) ;
#5494 = VERTEX_POINT ( 'NONE', #8535 ) ;
#5495 = CARTESIAN_POINT ( 'NONE',  ( 739.2723615691717214, 883.2165447277619705, 1218.412721694807260 ) ) ;
#5496 = CARTESIAN_POINT ( 'NONE',  ( 716.7966205140069178, 906.3931222071526008, 1190.196798703381546 ) ) ;
#5497 = CARTESIAN_POINT ( 'NONE',  ( 738.0168910757047342, 884.9852621145250851, 1221.009911904597857 ) ) ;
#5498 = CARTESIAN_POINT ( 'NONE',  ( 710.7130624420132108, 902.9772628673741792, 1217.705276541496687 ) ) ;
#5499 = AXIS2_PLACEMENT_3D ( 'NONE', #7854, #6210, #9361 ) ;
#5500 = CARTESIAN_POINT ( 'NONE',  ( 717.1800848525040237, 879.2510169669742481, 1212.380460436409521 ) ) ;
#5501 = CARTESIAN_POINT ( 'NONE',  ( 717.1800848525040237, 879.2510169669742481, 1212.380460436409521 ) ) ;
#5502 = B_SPLINE_CURVE_WITH_KNOTS ( 'NONE', 1,
 ( #6393, #2461 ),
 .UNSPECIFIED., .F., .F.,
 ( 2, 2 ),
 ( 0.000000000000000000, 0.002900000000002619233 ),
 .UNSPECIFIED. ) ;
#5503 = CARTESIAN_POINT ( 'NONE',  ( 734.4856983104982646, 889.2521251493571981, 1197.096403000511373 ) ) ;
#5504 = ORIENTED_EDGE ( 'NONE', *, *, #1835, .F. ) ;
#5505 = DIRECTION ( 'NONE',  ( -0.5000000000000009992, -0.8660254037844382635, -0.000000000000000000 ) ) ;
#5506 = ORIENTED_EDGE ( 'NONE', *, *, #6130, .F. ) ;
#5507 = CARTESIAN_POINT ( 'NONE',  ( 708.7685444620710769, 900.8279317459134745, 1210.414496622048318 ) ) ;
#5508 = CIRCLE ( 'NONE', #4524, 18.17967805303275597 ) ;
#5509 = CARTESIAN_POINT ( 'NONE',  ( 737.0039848736050772, 884.5261926235797318, 1223.306017016384658 ) ) ;
#5510 = CARTESIAN_POINT ( 'NONE',  ( 743.6321332184672883, 890.8996317233907121, 1190.196798703381319 ) ) ;
#5511 = EDGE_CURVE ( 'NONE', #4142, #5991, #3749, .T. ) ;
#5512 = DIRECTION ( 'NONE',  ( 0.5845683251975072325, -0.3375006799125115364, -0.7378164841167307308 ) ) ;
#5513 = LINE ( 'NONE', #8650, #1289 ) ;
#5514 = CARTESIAN_POINT ( 'NONE',  ( 725.3236735400701036, 893.3561263297817732, 1212.380460436409521 ) ) ;
#5515 = ORIENTED_EDGE ( 'NONE', *, *, #7387, .F. ) ;
#5516 = CARTESIAN_POINT ( 'NONE',  ( 729.5368983569275088, 890.6527481835723847, 1196.208508447396298 ) ) ;
#5517 = DIRECTION ( 'NONE',  ( -0.5000000000000009992, -0.8660254037844382635, -0.000000000000000000 ) ) ;
#5518 = ORIENTED_EDGE ( 'NONE', *, *, #7041, .T. ) ;
#5519 = CARTESIAN_POINT ( 'NONE',  ( 710.2068908458479655, 903.8138066587493995, 1206.751859802213403 ) ) ;
#5520 = DIRECTION ( 'NONE',  ( 0.000000000000000000, -1.000000000000000000, -1.551108497285261312E-16 ) ) ;
#5521 = EDGE_CURVE ( 'NONE', #4361, #6446, #10058, .T. ) ;
#5522 = CARTESIAN_POINT ( 'NONE',  ( 708.6989640372339636, 903.4815853196153057, 1217.315969710180980 ) ) ;
#5523 = DIRECTION ( 'NONE',  ( 0.5845683251975072325, -0.3375006799125115364, -0.7378164841167307308 ) ) ;
#5524 = CARTESIAN_POINT ( 'NONE',  ( 738.9699834726219478, 885.2065539527376359, 1206.553433476648479 ) ) ;
#5525 = CARTESIAN_POINT ( 'NONE',  ( 721.9606704525139094, 895.0268854036279436, 1228.887741322247848 ) ) ;
#5526 = ORIENTED_EDGE ( 'NONE', *, *, #4338, .F. ) ;
#5527 = CARTESIAN_POINT ( 'NONE',  ( 712.9390181234484771, 898.7125527391021933, 1200.398375355341386 ) ) ;
#5528 = AXIS2_PLACEMENT_3D ( 'NONE', #2960, #3744, #4678 ) ;
#5529 = CARTESIAN_POINT ( 'NONE',  ( 730.5079059094376817, 891.5487046628900316, 1194.937704488548661 ) ) ;
#5530 = EDGE_CURVE ( 'NONE', #3441, #6035, #7431, .T. ) ;
#5531 = EDGE_CURVE ( 'NONE', #3495, #6852, #3248, .T. ) ;
#5532 = AXIS2_PLACEMENT_3D ( 'NONE', #5736, #7427, #369 ) ;
#5533 = ORIENTED_EDGE ( 'NONE', *, *, #4464, .T. ) ;
#5534 = CARTESIAN_POINT ( 'NONE',  ( 713.0110847621953098, 900.1939951137701428, 1221.773927319444510 ) ) ;
#5535 = DIRECTION ( 'NONE',  ( 0.000000000000000000, 1.000000000000000000, 3.102216994570522624E-16 ) ) ;
#5536 = APPLICATION_PROTOCOL_DEFINITION ( 'international standard', 'config_control_design', 1994, #224 ) ;
#5537 = ORIENTED_EDGE ( 'NONE', *, *, #4987, .F. ) ;
#5538 = ORIENTED_EDGE ( 'NONE', *, *, #1140, .T. ) ;
#5539 = CARTESIAN_POINT ( 'NONE',  ( 732.2929013633340674, 890.5181370570810486, 1229.046838207389783 ) ) ;
#5540 = CIRCLE ( 'NONE', #4230, 19.56600634797375449 ) ;
#5541 = CARTESIAN_POINT ( 'NONE',  ( 717.1800848525040237, 879.2510169669742481, 1212.380460436409521 ) ) ;
#5542 = DIRECTION ( 'NONE',  ( 0.9687660417245835820, 0.2352422100571845975, 0.07844398644060494863 ) ) ;
#5543 = FACE_OUTER_BOUND ( 'NONE', #9086, .T. ) ;
#5544 = ADVANCED_FACE ( 'NONE', ( #1719 ), #7420, .F. ) ;
#5545 = CARTESIAN_POINT ( 'NONE',  ( 716.1256067796773550, 900.6414000430435181, 1227.395854598742289 ) ) ;
#5546 = CARTESIAN_POINT ( 'NONE',  ( 716.6182422758116672, 898.7693189089169437, 1195.016892820171051 ) ) ;
#5547 = VECTOR ( 'NONE', #5899, 1000.000000000000000 ) ;
#5548 = CARTESIAN_POINT ( 'NONE',  ( 729.9410654078927791, 891.8759701790445433, 1194.748625492009296 ) ) ;
#5549 = CARTESIAN_POINT ( 'NONE',  ( 739.5374164189489647, 884.8790431420535469, 1208.816571006579125 ) ) ;
#5550 = EDGE_LOOP ( 'NONE', ( #4175, #9010, #6380, #9461, #4449 ) ) ;
#5551 = CARTESIAN_POINT ( 'NONE',  ( 726.3370950929722767, 895.1114239488939575, 1212.380460436409294 ) ) ;
#5552 = ORIENTED_EDGE ( 'NONE', *, *, #4890, .F. ) ;
#5553 = CARTESIAN_POINT ( 'NONE',  ( 737.0273810187511572, 887.7846839535534400, 1226.490647513410750 ) ) ;
#5554 = CARTESIAN_POINT ( 'NONE',  ( 723.1410753975831085, 896.5935316883515043, 1231.033747280966054 ) ) ;
#5555 = CIRCLE ( 'NONE', #112, 19.56600634797374738 ) ;
#5556 = EDGE_CURVE ( 'NONE', #5209, #348, #2592, .T. ) ;
#5557 = CARTESIAN_POINT ( 'NONE',  ( 746.7079463437587492, 885.6597085723892633, 1239.380460436408839 ) ) ;
#5558 = CARTESIAN_POINT ( 'NONE',  ( 725.3236735400701036, 893.3561263297817732, 1212.380460436409521 ) ) ;
#5559 = CARTESIAN_POINT ( 'NONE',  ( 734.4279118223353180, 889.3193619777171079, 1229.236641766144658 ) ) ;
#5560 = FACE_OUTER_BOUND ( 'NONE', #924, .T. ) ;
#5561 = VERTEX_POINT ( 'NONE', #9558 ) ;
#5562 = CARTESIAN_POINT ( 'NONE',  ( 713.6166872764216578, 900.1151580005002870, 1227.722711231433323 ) ) ;
#5563 = CARTESIAN_POINT ( 'NONE',  ( 716.6342812219529605, 900.3502310572127953, 1196.928386193248116 ) ) ;
#5564 = DIRECTION ( 'NONE',  ( -0.4999999999999988343, -0.8660254037844394848, 2.975261781898571487E-15 ) ) ;
#5565 = EDGE_CURVE ( 'NONE', #2698, #2971, #5955, .T. ) ;
#5566 = ORIENTED_EDGE ( 'NONE', *, *, #9578, .T. ) ;
#5567 = CARTESIAN_POINT ( 'NONE',  ( 717.1800848525040237, 879.2510169669742481, 1212.380460436409521 ) ) ;
#5568 = B_SPLINE_CURVE_WITH_KNOTS ( 'NONE', 3,
 ( #2384, #7226, #7858, #7281, #3262, #4036, #7081, #2479, #5635, #25 ),
 .UNSPECIFIED., .F., .F.,
 ( 4, 3, 3, 4 ),
 ( 0.000000000000000000, 0.0001770958401173004858, 0.0003541916793410768930, 0.0006316937728062649565 ),
 .UNSPECIFIED. ) ;
#5569 = CARTESIAN_POINT ( 'NONE',  ( 710.2247088353641402, 903.2592139536328659, 1215.268867221911705 ) ) ;
#5570 = CARTESIAN_POINT ( 'NONE',  ( 717.1800848525040237, 879.2510169669742481, 1212.380460436409521 ) ) ;
#5571 = DIRECTION ( 'NONE',  ( 0.5845683251976468986, -0.3375006799125945811, -0.7378164841165820720 ) ) ;
#5572 = B_SPLINE_SURFACE_WITH_KNOTS ( 'NONE', 3, 1, ( 
 ( #822, #3963 ),
 ( #1601, #8560 ),
 ( #7884, #726 ),
 ( #7107, #53 ) ),
 .UNSPECIFIED., .F., .F., .F.,
 ( 4, 4 ),
 ( 2, 2 ),
 ( 0.000000000000000000, 1.000000000000000000 ),
 ( 0.000000000000000000, 1.000000000000000000 ),
 .UNSPECIFIED. ) ;
#5573 = CARTESIAN_POINT ( 'NONE',  ( 728.1567548106725098, 893.6977278290354434, 1231.223140637019469 ) ) ;
#5574 = CARTESIAN_POINT ( 'NONE',  ( 705.9316520293608619, 905.7378114562244491, 1212.380460436409294 ) ) ;
#5575 = CARTESIAN_POINT ( 'NONE',  ( 724.4202779218370551, 891.7913992196671416, 1212.380460436409521 ) ) ;
#5576 = CARTESIAN_POINT ( 'NONE',  ( 740.5353071344895852, 885.7593818663340244, 1219.110129844662424 ) ) ;
#5577 = EDGE_CURVE ( 'NONE', #7251, #4274, #7795, .T. ) ;
#5578 = VERTEX_POINT ( 'NONE', #2484 ) ;
#5579 = DIRECTION ( 'NONE',  ( -0.5000000000000009992, -0.8660254037844381525, 5.726519994466740890E-15 ) ) ;
#5580 = ORIENTED_EDGE ( 'NONE', *, *, #3661, .F. ) ;
#5581 = CARTESIAN_POINT ( 'NONE',  ( 713.2635149629707030, 900.0481904666996797, 1222.196793793438019 ) ) ;
#5582 = DIRECTION ( 'NONE',  ( 0.5000000000000009992, 0.8660254037844381525, -5.726519994466740890E-15 ) ) ;
#5583 = LINE ( 'NONE', #7381, #6366 ) ;
#5584 = ORIENTED_EDGE ( 'NONE', *, *, #4056, .T. ) ;
#5585 = EDGE_CURVE ( 'NONE', #3473, #6469, #1666, .T. ) ;
#5586 = ORIENTED_EDGE ( 'NONE', *, *, #3207, .T. ) ;
#5587 = DIRECTION ( 'NONE',  ( -0.4999999999999988343, -0.8660254037844394848, 2.975261781898571487E-15 ) ) ;
#5588 = EDGE_CURVE ( 'NONE', #535, #3268, #2644, .T. ) ;
#5589 = CARTESIAN_POINT ( 'NONE',  ( 712.2817339574475000, 900.6150219945235449, 1204.392482372760242 ) ) ;
#5590 = FACE_OUTER_BOUND ( 'NONE', #795, .T. ) ;
#5591 = CARTESIAN_POINT ( 'NONE',  ( 730.6245540749109750, 892.2729432595214121, 1230.653856896954039 ) ) ;
#5592 = DIRECTION ( 'NONE',  ( 0.5845683251974943540, -0.3375006799125097601, -0.7378164841167416110 ) ) ;
#5593 = CARTESIAN_POINT ( 'NONE',  ( 722.3363324078690084, 896.2665648237237974, 1230.184895674040717 ) ) ;
#5594 = VERTEX_POINT ( 'NONE', #7180 ) ;
#5595 = CARTESIAN_POINT ( 'NONE',  ( 724.4202779218370551, 891.7913992196671416, 1212.380460436409521 ) ) ;
#5596 = EDGE_LOOP ( 'NONE', ( #8314, #4278, #1452, #474 ) ) ;
#5597 = DIRECTION ( 'NONE',  ( 0.5845683251975279937, -0.3375006799125265800, -0.7378164841167071941 ) ) ;
#5598 = ORIENTED_EDGE ( 'NONE', *, *, #3130, .T. ) ;
#5599 = DIRECTION ( 'NONE',  ( 0.5845683251975580808, -0.3375006799125446211, -0.7378164841166753307 ) ) ;
#5600 = ADVANCED_FACE ( 'NONE', ( #6465 ), #9068, .F. ) ;
#5601 = CARTESIAN_POINT ( 'NONE',  ( 716.1540926078437224, 898.3794173712731208, 1225.695036117201425 ) ) ;
#5602 = DIRECTION ( 'NONE',  ( -0.4999999999999988343, -0.8660254037844394848, 2.975261781898571487E-15 ) ) ;
#5603 = CARTESIAN_POINT ( 'NONE',  ( 727.0951046167208460, 892.0626211427404542, 1195.594112733842167 ) ) ;
#5604 = CARTESIAN_POINT ( 'NONE',  ( 718.6780252036149932, 895.6970216105804639, 1228.748370028740283 ) ) ;
#5605 = DIRECTION ( 'NONE',  ( 0.5845683251975080097, -0.3375006799125091494, -0.7378164841167310639 ) ) ;
#5606 = EDGE_LOOP ( 'NONE', ( #4917, #4030, #1112, #6968 ) ) ;
#5607 = CARTESIAN_POINT ( 'NONE',  ( 717.1800848525040237, 879.2510169669742481, 1212.380460436409521 ) ) ;
#5608 = VECTOR ( 'NONE', #8384, 1000.000000000000000 ) ;
#5609 = VERTEX_POINT ( 'NONE', #1776 ) ;
#5610 = CARTESIAN_POINT ( 'NONE',  ( 739.8567187960549063, 884.5368280257138167, 1213.556139323026400 ) ) ;
#5611 = EDGE_CURVE ( 'NONE', #2971, #3386, #4971, .T. ) ;
#5612 = CARTESIAN_POINT ( 'NONE',  ( 707.7403643018070625, 903.5919906130917525, 1214.094899228446138 ) ) ;
#5613 = VERTEX_POINT ( 'NONE', #6415 ) ;
#5614 = CARTESIAN_POINT ( 'NONE',  ( 717.1800848525040237, 879.2510169669742481, 1212.380460436409521 ) ) ;
#5615 = CARTESIAN_POINT ( 'NONE',  ( 710.1948961778183502, 901.2005635488555981, 1209.009512561144902 ) ) ;
#5616 = LINE ( 'NONE', #8611, #7084 ) ;
#5617 = CARTESIAN_POINT ( 'NONE',  ( 708.0584161131832843, 903.3242273528240958, 1207.833973447737890 ) ) ;
#5618 = CARTESIAN_POINT ( 'NONE',  ( 722.2605418082035840, 894.8538527534248033, 1228.962476456455988 ) ) ;
#5619 = ORIENTED_EDGE ( 'NONE', *, *, #2875, .T. ) ;
#5620 = CARTESIAN_POINT ( 'NONE',  ( 720.3288560968777574, 895.9690138611218799, 1228.343422735164268 ) ) ;
#5621 = AXIS2_PLACEMENT_3D ( 'NONE', #4430, #2718, #8961 ) ;
#5622 = ORIENTED_EDGE ( 'NONE', *, *, #1884, .F. ) ;
#5623 = CARTESIAN_POINT ( 'NONE',  ( 717.1800848525040237, 879.2510169669742481, 1212.380460436409521 ) ) ;
#5624 = CARTESIAN_POINT ( 'NONE',  ( 736.4048645857355950, 888.1440939837293627, 1198.799964896118581 ) ) ;
#5625 = AXIS2_PLACEMENT_3D ( 'NONE', #7218, #4868, #9597 ) ;
#5626 = EDGE_LOOP ( 'NONE', ( #6352, #1088, #5084, #7335, #5262 ) ) ;
#5627 = EDGE_CURVE ( 'NONE', #6876, #3158, #7426, .T. ) ;
#5628 = CARTESIAN_POINT ( 'NONE',  ( 708.6972365326929548, 902.9554042116565142, 1219.418794937319717 ) ) ;
#5629 = CARTESIAN_POINT ( 'NONE',  ( 724.9049550013173757, 893.3270986804299127, 1195.456614359128935 ) ) ;
#5630 = CARTESIAN_POINT ( 'NONE',  ( 715.9000017863294261, 900.5268875247360256, 1197.236618897712106 ) ) ;
#5631 = EDGE_LOOP ( 'NONE', ( #8354, #4138, #3334, #5240 ) ) ;
#5632 = ORIENTED_EDGE ( 'NONE', *, *, #8298, .F. ) ;
#5633 = CARTESIAN_POINT ( 'NONE',  ( 717.1800848525040237, 879.2510169669742481, 1212.380460436409521 ) ) ;
#5634 = CARTESIAN_POINT ( 'NONE',  ( 712.1399184405927372, 900.6969973790814947, 1204.706515593599534 ) ) ;
#5635 = CARTESIAN_POINT ( 'NONE',  ( 716.3174629648697191, 898.2850510299368807, 1198.919680667046578 ) ) ;
#5636 = ORIENTED_EDGE ( 'NONE', *, *, #6975, .F. ) ;
#5637 = CARTESIAN_POINT ( 'NONE',  ( 717.1800848525040237, 879.2510169669742481, 1212.380460436409521 ) ) ;
#5638 = EDGE_CURVE ( 'NONE', #1255, #9468, #5797, .T. ) ;
#5639 = CARTESIAN_POINT ( 'NONE',  ( 714.4005247888491112, 901.6398909351697739, 1225.618802611085812 ) ) ;
#5640 = ADVANCED_FACE ( 'NONE', ( #9662 ), #7501, .F. ) ;
#5641 = VECTOR ( 'NONE', #6218, 1000.000000000000000 ) ;
#5642 = DIRECTION ( 'NONE',  ( -0.5845683251975072325, 0.3375006799125115364, 0.7378164841167307308 ) ) ;
#5643 = ORIENTED_EDGE ( 'NONE', *, *, #9941, .F. ) ;
#5644 = CARTESIAN_POINT ( 'NONE',  ( 722.8317119203121592, 895.5781424688657353, 1231.975590065022516 ) ) ;
#5645 = EDGE_LOOP ( 'NONE', ( #205, #1035, #7155, #2801 ) ) ;
#5646 = CARTESIAN_POINT ( 'NONE',  ( 739.9589060289451936, 884.0163044491279152, 1211.783730536882103 ) ) ;
#5647 = VERTEX_POINT ( 'NONE', #7544 ) ;
#5648 = DIRECTION ( 'NONE',  ( 0.7745966692414826271, -0.4472135954999618690, -0.4472135954999554852 ) ) ;
#5649 = DIRECTION ( 'NONE',  ( -0.5000000000000009992, -0.8660254037844382635, -0.000000000000000000 ) ) ;
#5650 =( NAMED_UNIT ( * ) PLANE_ANGLE_UNIT ( ) SI_UNIT ( $, .RADIAN. ) );
#5651 = CIRCLE ( 'NONE', #2515, 17.83733333518755515 ) ;
#5652 = B_SPLINE_SURFACE_WITH_KNOTS ( 'NONE', 3, 1, ( 
 ( #8633, #1570 ),
 ( #4677, #72 ),
 ( #9553, #3938 ),
 ( #5541, #7805 ),
 ( #4823, #749 ),
 ( #1662, #6261 ) ),
 .UNSPECIFIED., .F., .F., .F.,
 ( 4, 1, 1, 4 ),
 ( 2, 2 ),
 ( 0.000000000000000000, 0.3395620866332510479, 0.7109345430498769103, 1.000000000000000000 ),
 ( 0.000000000000000000, 1.000000000000000000 ),
 .UNSPECIFIED. ) ;
#5653 = B_SPLINE_CURVE_WITH_KNOTS ( 'NONE', 3,
 ( #4740, #3225, #7963, #8790 ),
 .UNSPECIFIED., .F., .F.,
 ( 4, 4 ),
 ( 3.330669073875469621E-16, 0.001453450272821195551 ),
 .UNSPECIFIED. ) ;
#5654 = CARTESIAN_POINT ( 'NONE',  ( 717.1800848525040237, 879.2510169669742481, 1212.380460436409521 ) ) ;
#5655 = EDGE_CURVE ( 'NONE', #8451, #6522, #7514, .T. ) ;
#5656 = CARTESIAN_POINT ( 'NONE',  ( 726.8056856749822146, 892.2296145607076596, 1195.554107321137053 ) ) ;
#5657 = ADVANCED_FACE ( 'NONE', ( #2748 ), #3643, .F. ) ;
#5658 = CARTESIAN_POINT ( 'NONE',  ( 717.1800848525040237, 879.2510169669742481, 1212.380460436409521 ) ) ;
#5659 = DIRECTION ( 'NONE',  ( 0.5000000000000004441, 0.8660254037844383745, -9.910297435075217688E-15 ) ) ;
#5660 = B_SPLINE_CURVE_WITH_KNOTS ( 'NONE', 3,
 ( #3588, #534, #7496, #8376 ),
 .UNSPECIFIED., .F., .F.,
 ( 4, 4 ),
 ( 1.005213304774606830E-05, 0.001341057332774331628 ),
 .UNSPECIFIED. ) ;
#5661 = ORIENTED_EDGE ( 'NONE', *, *, #6707, .T. ) ;
#5662 = CIRCLE ( 'NONE', #7297, 1.200000000000046141 ) ;
#5663 = DIRECTION ( 'NONE',  ( 0.5845683251975072325, -0.3375006799125115364, -0.7378164841167307308 ) ) ;
#5664 = ORIENTED_EDGE ( 'NONE', *, *, #1618, .T. ) ;
#5665 = CARTESIAN_POINT ( 'NONE',  ( 738.7615763505848463, 886.7834458118915109, 1224.352835184602554 ) ) ;
#5666 = ORIENTED_EDGE ( 'NONE', *, *, #8026, .F. ) ;
#5667 = CARTESIAN_POINT ( 'NONE',  ( 715.3168540804432496, 900.3192625256336896, 1197.042230102013264 ) ) ;
#5668 = ORIENTED_EDGE ( 'NONE', *, *, #9879, .T. ) ;
#5669 = CARTESIAN_POINT ( 'NONE',  ( 725.8655924804163533, 895.0180166768183199, 1193.404524322675115 ) ) ;
#5670 = CARTESIAN_POINT ( 'NONE',  ( 710.6409849051922265, 901.4043979213054172, 1209.215171231772729 ) ) ;
#5671 = CARTESIAN_POINT ( 'NONE',  ( 710.1975683045593541, 903.2748835463988826, 1209.694949483121945 ) ) ;
#5672 = EDGE_CURVE ( 'NONE', #7790, #9716, #3144, .T. ) ;
#5673 = FACE_OUTER_BOUND ( 'NONE', #8041, .T. ) ;
#5674 = CARTESIAN_POINT ( 'NONE',  ( 711.1941752076871808, 900.4713643413458612, 1204.938200250660202 ) ) ;
#5675 = ORIENTED_EDGE ( 'NONE', *, *, #2518, .T. ) ;
#5676 = DIRECTION ( 'NONE',  ( 0.5845683251975468675, -0.3375006799125389589, -0.7378164841166867660 ) ) ;
#5677 = ORIENTED_EDGE ( 'NONE', *, *, #1368, .F. ) ;
#5678 = DIRECTION ( 'NONE',  ( 0.5845683251974367334, -0.3375006799124727896, -0.7378164841168044497 ) ) ;
#5679 = CARTESIAN_POINT ( 'NONE',  ( 717.1800848525040237, 879.2510169669742481, 1212.380460436409521 ) ) ;
#5680 = EDGE_CURVE ( 'NONE', #6407, #6972, #3081, .T. ) ;
#5681 = VERTEX_POINT ( 'NONE', #9144 ) ;
#5682 = CARTESIAN_POINT ( 'NONE',  ( 726.8056856749822146, 892.2296145607076596, 1195.554107321137053 ) ) ;
#5683 = CARTESIAN_POINT ( 'NONE',  ( 725.0071719001388146, 893.2680509754559353, 1195.454575483277495 ) ) ;
#5684 = CONICAL_SURFACE ( 'NONE', #3376, 18.17967805303275597, 0.8981840042400328628 ) ;
#5685 = CARTESIAN_POINT ( 'NONE',  ( 714.0446557867196589, 899.9522062272274070, 1196.690958523586005 ) ) ;
#5686 = ORIENTED_EDGE ( 'NONE', *, *, #1694, .T. ) ;
#5687 = VERTEX_POINT ( 'NONE', #2904 ) ;
#5688 = DIRECTION ( 'NONE',  ( -0.4999999999999988343, -0.8660254037844394848, 2.975261781898571487E-15 ) ) ;
#5689 = B_SPLINE_SURFACE_WITH_KNOTS ( 'NONE', 3, 1, ( 
 ( #5637, #5591 ),
 ( #1007, #6315 ),
 ( #5695, #8055 ),
 ( #4151, #5746 ) ),
 .UNSPECIFIED., .F., .F., .F.,
 ( 4, 4 ),
 ( 2, 2 ),
 ( 0.000000000000000000, 1.000000000000000000 ),
 ( 0.000000000000000000, 1.000000000000000000 ),
 .UNSPECIFIED. ) ;
#5690 = B_SPLINE_CURVE_WITH_KNOTS ( 'NONE', 3,
 ( #1620, #4774, #8777, #7901, #7950, #9507, #2432, #7178, #1714, #4877 ),
 .UNSPECIFIED., .F., .F.,
 ( 4, 3, 3, 4 ),
 ( 0.000000000000000000, 0.0001770953904237425141, 0.0003541907790579503618, 0.0006813326750119905184 ),
 .UNSPECIFIED. ) ;
#5691 = DIRECTION ( 'NONE',  ( 0.5000000000000009992, 0.8660254037844381525, -5.726519994466740890E-15 ) ) ;
#5692 = CARTESIAN_POINT ( 'NONE',  ( 738.5060392674901095, 887.4752856996771015, 1225.077006789585084 ) ) ;
#5693 = PRODUCT_DEFINITION ( 'UNKNOWN', '', #5153, #3895 ) ;
#5694 = B_SPLINE_CURVE_WITH_KNOTS ( 'NONE', 3,
 ( #3700, #2143, #5312, #8439, #3128, #5601, #7092, #4162, #3326, #7295 ),
 .UNSPECIFIED., .F., .F.,
 ( 4, 3, 3, 4 ),
 ( 0.000000000000000000, 0.0001770958401171441980, 0.0003541916793409934094, 0.0006316937728061173965 ),
 .UNSPECIFIED. ) ;
#5695 = CARTESIAN_POINT ( 'NONE',  ( 717.1800848525040237, 879.2510169669742481, 1212.380460436409521 ) ) ;
#5696 = ORIENTED_EDGE ( 'NONE', *, *, #8924, .T. ) ;
#5697 = CARTESIAN_POINT ( 'NONE',  ( 717.1800848525040237, 879.2510169669742481, 1212.380460436409521 ) ) ;
#5698 = CARTESIAN_POINT ( 'NONE',  ( 709.2806649296981050, 903.8042579566965742, 1211.623137202850103 ) ) ;
#5699 = ORIENTED_EDGE ( 'NONE', *, *, #9624, .F. ) ;
#5700 = CARTESIAN_POINT ( 'NONE',  ( 710.5423181915479063, 903.8649132123632626, 1206.530790413818522 ) ) ;
#5701 = VECTOR ( 'NONE', #633, 1000.000000000000114 ) ;
#5702 = CIRCLE ( 'NONE', #6856, 19.56600634797364080 ) ;
#5703 = ORIENTED_EDGE ( 'NONE', *, *, #10134, .T. ) ;
#5704 = CARTESIAN_POINT ( 'NONE',  ( 731.7724823841540456, 889.5258415897942541, 1193.230576349098556 ) ) ;
#5705 = ORIENTED_EDGE ( 'NONE', *, *, #8249, .T. ) ;
#5706 = CARTESIAN_POINT ( 'NONE',  ( 726.0711015077635011, 894.9018803249059602, 1193.400427922415474 ) ) ;
#5707 = CARTESIAN_POINT ( 'NONE',  ( 720.8965933324224125, 897.0977985664954986, 1194.573547322056811 ) ) ;
#5708 = ADVANCED_FACE ( 'NONE', ( #383 ), #8415, .T. ) ;
#5709 = PLANE ( 'NONE',  #8592 ) ;
#5710 = VECTOR ( 'NONE', #8487, 1000.000000000000114 ) ;
#5711 = FACE_OUTER_BOUND ( 'NONE', #5792, .T. ) ;
#5712 = CARTESIAN_POINT ( 'NONE',  ( 717.1800848525040237, 879.2510169669742481, 1212.380460436409521 ) ) ;
#5713 = CARTESIAN_POINT ( 'NONE',  ( 733.2679050320630267, 888.1861021018503379, 1226.673812905456543 ) ) ;
#5714 = CARTESIAN_POINT ( 'NONE',  ( 714.0119869261582153, 897.8006288277764497, 1226.020743871130662 ) ) ;
#5715 = B_SPLINE_SURFACE_WITH_KNOTS ( 'NONE', 3, 1, ( 
 ( #78, #6267 ),
 ( #2341, #7760 ),
 ( #4834, #8538 ),
 ( #10092, #7087 ),
 ( #705, #8731 ),
 ( #32, #2289 ) ),
 .UNSPECIFIED., .F., .F., .F.,
 ( 4, 1, 1, 4 ),
 ( 2, 2 ),
 ( 0.000000000000000000, 0.3395620866332510479, 0.7109345430498769103, 1.000000000000000000 ),
 ( 0.000000000000000000, 1.000000000000000000 ),
 .UNSPECIFIED. ) ;
#5716 = ORIENTED_EDGE ( 'NONE', *, *, #4023, .F. ) ;
#5717 = CARTESIAN_POINT ( 'NONE',  ( 717.1800848525040237, 879.2510169669742481, 1212.380460436409521 ) ) ;
#5718 = CARTESIAN_POINT ( 'NONE',  ( 717.1800848525040237, 879.2510169669742481, 1212.380460436409521 ) ) ;
#5719 = ORIENTED_EDGE ( 'NONE', *, *, #1730, .T. ) ;
#5720 = DIRECTION ( 'NONE',  ( 0.4126099173776907603, 0.5563390981603171248, -0.7212765516358760065 ) ) ;
#5721 = VECTOR ( 'NONE', #5372, 1000.000000000000000 ) ;
#5722 = CARTESIAN_POINT ( 'NONE',  ( 710.4747145407550306, 903.9039441983468350, 1217.983465157471073 ) ) ;
#5723 = EDGE_CURVE ( 'NONE', #1314, #3956, #5999, .T. ) ;
#5724 = EDGE_CURVE ( 'NONE', #8921, #2818, #9233, .T. ) ;
#5725 = ORIENTED_EDGE ( 'NONE', *, *, #9508, .T. ) ;
#5726 = DIRECTION ( 'NONE',  ( 0.5845683251975080097, -0.3375006799125091494, -0.7378164841167310639 ) ) ;
#5727 = CARTESIAN_POINT ( 'NONE',  ( 736.7256889517851732, 887.9588659496281480, 1199.142016481850078 ) ) ;
#5728 = AXIS2_PLACEMENT_3D ( 'NONE', #7616, #558, #2977 ) ;
#5729 = CARTESIAN_POINT ( 'NONE',  ( 768.7630662397025390, 876.3902807785943878, 1239.380460436408839 ) ) ;
#5730 = CARTESIAN_POINT ( 'NONE',  ( 715.1108165261439353, 890.8377567008315054, 1206.677310013649048 ) ) ;
#5731 = ORIENTED_EDGE ( 'NONE', *, *, #1847, .T. ) ;
#5732 = CARTESIAN_POINT ( 'NONE',  ( 732.2238647168476291, 890.5579953835136848, 1195.678646213707907 ) ) ;
#5733 = ADVANCED_FACE ( 'NONE', ( #9863 ), #5941, .F. ) ;
#5734 = ORIENTED_EDGE ( 'NONE', *, *, #433, .T. ) ;
#5735 = CARTESIAN_POINT ( 'NONE',  ( 728.5953895383041754, 890.4247685633478113, 1195.458297813676381 ) ) ;
#5736 = CARTESIAN_POINT ( 'NONE',  ( 724.4202779218370551, 891.7913992196671416, 1212.380460436409521 ) ) ;
#5737 = CARTESIAN_POINT ( 'NONE',  ( 710.8715891413853569, 901.1166211101974568, 1207.375276462124930 ) ) ;
#5738 = CARTESIAN_POINT ( 'NONE',  ( 708.1947366812479459, 903.7727011193264843, 1211.214428987313340 ) ) ;
#5739 = DIRECTION ( 'NONE',  ( 0.5000000000000009992, 0.8660254037844381525, -5.726519994466740890E-15 ) ) ;
#5740 = ORIENTED_EDGE ( 'NONE', *, *, #3469, .F. ) ;
#5741 = VERTEX_POINT ( 'NONE', #5847 ) ;
#5742 = CARTESIAN_POINT ( 'NONE',  ( 737.5910578200790724, 886.0027142331022105, 1221.437654409448896 ) ) ;
#5743 = EDGE_CURVE ( 'NONE', #839, #4927, #4458, .T. ) ;
#5744 = DIRECTION ( 'NONE',  ( -0.4999999999999988343, -0.8660254037844394848, 2.975261781898571487E-15 ) ) ;
#5745 = ORIENTED_EDGE ( 'NONE', *, *, #8003, .T. ) ;
#5746 = CARTESIAN_POINT ( 'NONE',  ( 730.0310323859951041, 892.6156131663868791, 1230.832616168548839 ) ) ;
#5747 = EDGE_LOOP ( 'NONE', ( #8388, #4799, #1468, #1846 ) ) ;
#5748 = CARTESIAN_POINT ( 'NONE',  ( 717.1800848525040237, 879.2510169669742481, 1212.380460436409521 ) ) ;
#5749 = CARTESIAN_POINT ( 'NONE',  ( 738.6226596948849874, 885.4070814293100966, 1219.202571569926249 ) ) ;
#5750 = ORIENTED_EDGE ( 'NONE', *, *, #2124, .T. ) ;
#5751 = DIRECTION ( 'NONE',  ( 0.000000000000000000, 0.7071067811865526798, 0.7071067811865424657 ) ) ;
#5752 = ORIENTED_EDGE ( 'NONE', *, *, #3382, .F. ) ;
#5753 = CARTESIAN_POINT ( 'NONE',  ( 734.7825189534174797, 889.0807556712668429, 1195.763166422363838 ) ) ;
#5754 = ORIENTED_EDGE ( 'NONE', *, *, #7214, .F. ) ;
#5755 = CARTESIAN_POINT ( 'NONE',  ( 712.8534582733660727, 901.7415047579702332, 1201.960674775643611 ) ) ;
#5756 = FACE_OUTER_BOUND ( 'NONE', #2141, .T. ) ;
#5757 = CARTESIAN_POINT ( 'NONE',  ( 710.3895112889289294, 903.1640652127033491, 1212.380460436409066 ) ) ;
#5758 = CARTESIAN_POINT ( 'NONE',  ( 717.1800848525040237, 879.2510169669742481, 1212.380460436409521 ) ) ;
#5759 = CARTESIAN_POINT ( 'NONE',  ( 734.8349506206114938, 887.2813679094832651, 1199.466405776775218 ) ) ;
#5760 = CARTESIAN_POINT ( 'NONE',  ( 738.9699834726219478, 885.2065539527376359, 1206.553433476648479 ) ) ;
#5761 = EDGE_CURVE ( 'NONE', #5853, #9512, #9366, .T. ) ;
#5762 = CARTESIAN_POINT ( 'NONE',  ( 717.6113621396872304, 898.9945276799714975, 1228.486794222585786 ) ) ;
#5763 = VERTEX_POINT ( 'NONE', #7644 ) ;
#5764 = CARTESIAN_POINT ( 'NONE',  ( 714.9741325034848387, 900.5171329203478763, 1227.396784757454043 ) ) ;
#5765 = DIRECTION ( 'NONE',  ( 0.5845683251975072325, -0.3375006799125115364, -0.7378164841167307308 ) ) ;
#5766 = VERTEX_POINT ( 'NONE', #6151 ) ;
#5767 = DIRECTION ( 'NONE',  ( -0.8660254037844380415, 0.5000000000000009992, 0.000000000000000000 ) ) ;
#5768 = CARTESIAN_POINT ( 'NONE',  ( 717.1800848525040237, 879.2510169669742481, 1212.380460436409521 ) ) ;
#5769 = ORIENTED_EDGE ( 'NONE', *, *, #7436, .T. ) ;
#5770 = CARTESIAN_POINT ( 'NONE',  ( 717.1800848525040237, 879.2510169669742481, 1212.380460436409521 ) ) ;
#5771 = CARTESIAN_POINT ( 'NONE',  ( 721.9084180844051843, 896.5474950574289323, 1231.392684555960159 ) ) ;
#5772 = CARTESIAN_POINT ( 'NONE',  ( 745.2105941875499866, 888.8336063196064742, 1234.086781508788363 ) ) ;
#5773 = B_SPLINE_CURVE_WITH_KNOTS ( 'NONE', 1,
 ( #8651, #7003 ),
 .UNSPECIFIED., .F., .F.,
 ( 2, 2 ),
 ( 0.000000000000000000, 0.002900000000001262679 ),
 .UNSPECIFIED. ) ;
#5774 = ADVANCED_FACE ( 'NONE', ( #9302 ), #2469, .T. ) ;
#5775 = CARTESIAN_POINT ( 'NONE',  ( 732.8246716998954753, 888.7545885426519590, 1226.842653416804296 ) ) ;
#5776 = B_SPLINE_SURFACE_WITH_KNOTS ( 'NONE', 3, 1, ( 
 ( #1602, #2410 ),
 ( #3099, #873 ),
 ( #8561, #1508 ),
 ( #3192, #728 ),
 ( #5472, #1693 ),
 ( #6339, #6390 ) ),
 .UNSPECIFIED., .F., .F., .F.,
 ( 4, 1, 1, 4 ),
 ( 2, 2 ),
 ( 0.000000000000000000, 0.3395620866332510479, 0.7109345430498769103, 1.000000000000000000 ),
 ( 0.000000000000000000, 1.000000000000000000 ),
 .UNSPECIFIED. ) ;
#5777 = EDGE_CURVE ( 'NONE', #8799, #2698, #7253, .T. ) ;
#5778 = ORIENTED_EDGE ( 'NONE', *, *, #5983, .T. ) ;
#5779 = CARTESIAN_POINT ( 'NONE',  ( 740.3828459728083544, 885.8474053590717858, 1219.538601207659440 ) ) ;
#5780 = EDGE_LOOP ( 'NONE', ( #4543, #1119, #7875, #9331 ) ) ;
#5781 = CARTESIAN_POINT ( 'NONE',  ( 739.8233039398938899, 884.7139474154780601, 1213.673589009136094 ) ) ;
#5782 = AXIS2_PLACEMENT_3D ( 'NONE', #4935, #8056, #5592 ) ;
#5783 = CARTESIAN_POINT ( 'NONE',  ( 710.0258373294739158, 903.3740324710927325, 1212.483111378051490 ) ) ;
#5784 = CARTESIAN_POINT ( 'NONE',  ( 708.9842698825544858, 900.7033826163160484, 1215.959133634995851 ) ) ;
#5785 = ORIENTED_EDGE ( 'NONE', *, *, #4193, .T. ) ;
#5786 = CARTESIAN_POINT ( 'NONE',  ( 720.8273843474872820, 897.1716301764412265, 1193.711266987090767 ) ) ;
#5787 = EDGE_CURVE ( 'NONE', #1010, #4007, #6769, .T. ) ;
#5788 = AXIS2_PLACEMENT_3D ( 'NONE', #9047, #3535, #8329 ) ;
#5789 = CARTESIAN_POINT ( 'NONE',  ( 725.3236735400701036, 893.3561263297817732, 1212.380460436409521 ) ) ;
#5790 = B_SPLINE_CURVE_WITH_KNOTS ( 'NONE', 3,
 ( #1120, #335, #1972, #6727 ),
 .UNSPECIFIED., .F., .F.,
 ( 4, 4 ),
 ( 5.438959822042072914E-16, 0.001453450272821210512 ),
 .UNSPECIFIED. ) ;
#5791 = ORIENTED_EDGE ( 'NONE', *, *, #10045, .T. ) ;
#5792 = EDGE_LOOP ( 'NONE', ( #7125, #2636, #227, #2627 ) ) ;
#5793 = CARTESIAN_POINT ( 'NONE',  ( 731.8446105584635006, 890.7769578739481631, 1229.268860120119825 ) ) ;
#5794 = CARTESIAN_POINT ( 'NONE',  ( 724.6844106477278729, 893.2965642193811391, 1229.408655970360769 ) ) ;
#5795 = LOCAL_TIME ( 14, 55, 21.00000000000000000, #495 ) ;
#5796 = ORIENTED_EDGE ( 'NONE', *, *, #4613, .F. ) ;
#5797 = LINE ( 'NONE', #4153, #1342 ) ;
#5798 = EDGE_CURVE ( 'NONE', #8539, #6995, #4198, .T. ) ;
#5799 = CARTESIAN_POINT ( 'NONE',  ( 738.6252144991044588, 884.6341444817045385, 1219.636499075056918 ) ) ;
#5800 = CARTESIAN_POINT ( 'NONE',  ( 727.9524467087602488, 893.8131708263249493, 1231.249015468837115 ) ) ;
#5801 = ORIENTED_EDGE ( 'NONE', *, *, #5186, .T. ) ;
#5802 = CARTESIAN_POINT ( 'NONE',  ( 731.3468965891493099, 889.6078433746929477, 1197.009696801327209 ) ) ;
#5803 = B_SPLINE_CURVE_WITH_KNOTS ( 'NONE', 3,
 ( #10163, #2307, #5470, #8609 ),
 .UNSPECIFIED., .F., .F.,
 ( 4, 4 ),
 ( 0.000000000000000000, 0.001331005199731772042 ),
 .UNSPECIFIED. ) ;
#5804 = ORIENTED_EDGE ( 'NONE', *, *, #5089, .F. ) ;
#5805 = CARTESIAN_POINT ( 'NONE',  ( 725.9397558838300029, 894.2200010937363004, 1192.830840667902521 ) ) ;
#5806 = CARTESIAN_POINT ( 'NONE',  ( 717.1800848525040237, 879.2510169669742481, 1212.380460436409521 ) ) ;
#5807 = CARTESIAN_POINT ( 'NONE',  ( 711.3882527891614700, 902.5874415386939518, 1220.822745255310338 ) ) ;
#5808 = CIRCLE ( 'NONE', #7279, 18.17967805303275597 ) ;
#5809 = CARTESIAN_POINT ( 'NONE',  ( 729.5415896932689748, 892.1066075904176387, 1230.129845204415687 ) ) ;
#5810 = EDGE_CURVE ( 'NONE', #4489, #7100, #8866, .T. ) ;
#5811 = CARTESIAN_POINT ( 'NONE',  ( 740.7661773906808094, 874.1336759506585850, 1212.380460436409294 ) ) ;
#5812 = CARTESIAN_POINT ( 'NONE',  ( 735.3096411571539193, 888.7764215250440429, 1228.603584852652375 ) ) ;
#5813 = CARTESIAN_POINT ( 'NONE',  ( 737.7728644345598923, 887.3542789027594608, 1224.355272215023660 ) ) ;
#5814 = ORIENTED_EDGE ( 'NONE', *, *, #6365, .F. ) ;
#5815 = CARTESIAN_POINT ( 'NONE',  ( 738.7740701137429369, 885.3197556455339736, 1218.791507044195669 ) ) ;
#5816 = VERTEX_POINT ( 'NONE', #1471 ) ;
#5817 = DIRECTION ( 'NONE',  ( 0.8660254037844280495, -0.5000000000000182077, 0.000000000000000000 ) ) ;
#5818 = AXIS2_PLACEMENT_3D ( 'NONE', #5082, #6047, #5129 ) ;
#5819 = CARTESIAN_POINT ( 'NONE',  ( 725.8370950929727314, 894.2453985451099925, 1212.380460436409521 ) ) ;
#5820 = ORIENTED_EDGE ( 'NONE', *, *, #7668, .T. ) ;
#5821 = ADVANCED_FACE ( 'NONE', ( #8472, #9402 ), #7798, .F. ) ;
#5822 = CARTESIAN_POINT ( 'NONE',  ( 741.4332300378305263, 885.2409658363785638, 1204.731318603193131 ) ) ;
#5823 = B_SPLINE_CURVE_WITH_KNOTS ( 'NONE', 3,
 ( #8692, #9619, #2544, #1677, #38, #809, #1785, #5509 ),
 .UNSPECIFIED., .F., .F.,
 ( 4, 2, 2, 4 ),
 ( 0.000000000000000000, 0.0005319171944714117624, 0.001063834388942823525, 0.002127668777885901186 ),
 .UNSPECIFIED. ) ;
#5824 = CARTESIAN_POINT ( 'NONE',  ( 708.7158463808052602, 900.8583569973205840, 1211.091351928926088 ) ) ;
#5825 = CARTESIAN_POINT ( 'NONE',  ( 725.3236735400701036, 893.3561263297817732, 1212.380460436409521 ) ) ;
#5826 = CIRCLE ( 'NONE', #1391, 18.17967805303275597 ) ;
#5827 = CARTESIAN_POINT ( 'NONE',  ( 733.1769073822707696, 888.5512462571630294, 1226.587450452996336 ) ) ;
#5828 = ORIENTED_EDGE ( 'NONE', *, *, #1977, .F. ) ;
#5829 = CARTESIAN_POINT ( 'NONE',  ( 740.3456053339871232, 885.8689062519199524, 1219.638817294714954 ) ) ;
#5830 = ORIENTED_EDGE ( 'NONE', *, *, #8482, .T. ) ;
#5831 = AXIS2_PLACEMENT_3D ( 'NONE', #1796, #8860, #8702 ) ;
#5832 = CARTESIAN_POINT ( 'NONE',  ( 728.3162607679726079, 890.1322676426840417, 1195.111784687733916 ) ) ;
#5833 = ADVANCED_FACE ( 'NONE', ( #5341 ), #6027, .F. ) ;
#5834 = CARTESIAN_POINT ( 'NONE',  ( 741.4666464761829729, 885.2216728467004714, 1217.271308652163953 ) ) ;
#5835 = CARTESIAN_POINT ( 'NONE',  ( 739.4868447111588239, 886.3647119286792986, 1203.165522587440364 ) ) ;
#5836 = CARTESIAN_POINT ( 'NONE',  ( 711.2822555730018621, 899.9669711977004454, 1203.623280036529877 ) ) ;
#5837 = CARTESIAN_POINT ( 'NONE',  ( 708.9923403071782104, 903.9707222551218138, 1214.501997461983137 ) ) ;
#5838 = CARTESIAN_POINT ( 'NONE',  ( 712.8411781037752917, 899.9794783925692627, 1202.661489068244236 ) ) ;
#5839 = ORIENTED_EDGE ( 'NONE', *, *, #2680, .T. ) ;
#5840 = ORIENTED_EDGE ( 'NONE', *, *, #2303, .T. ) ;
#5841 = ORIENTED_EDGE ( 'NONE', *, *, #8510, .T. ) ;
#5842 = CARTESIAN_POINT ( 'NONE',  ( 717.8434905395511123, 898.4580934258209481, 1230.076028458618566 ) ) ;
#5843 = EDGE_CURVE ( 'NONE', #2292, #2772, #9581, .T. ) ;
#5844 = EDGE_CURVE ( 'NONE', #9072, #2292, #1369, .T. ) ;
#5845 = VERTEX_POINT ( 'NONE', #9354 ) ;
#5846 = FACE_OUTER_BOUND ( 'NONE', #4835, .T. ) ;
#5847 = CARTESIAN_POINT ( 'NONE',  ( 745.7105941875499866, 889.6996317233908940, 1234.086781508788363 ) ) ;
#5848 = CARTESIAN_POINT ( 'NONE',  ( 733.5607746130558553, 888.3295621439110619, 1198.470918161680629 ) ) ;
#5849 = CARTESIAN_POINT ( 'NONE',  ( 728.2522973031010451, 892.8509808989448402, 1193.891185277486784 ) ) ;
#5850 = ORIENTED_EDGE ( 'NONE', *, *, #443, .T. ) ;
#5851 = ORIENTED_EDGE ( 'NONE', *, *, #5627, .T. ) ;
#5852 = CARTESIAN_POINT ( 'NONE',  ( 717.1800848525040237, 879.2510169669742481, 1212.380460436409521 ) ) ;
#5853 = VERTEX_POINT ( 'NONE', #7697 ) ;
#5854 = CARTESIAN_POINT ( 'NONE',  ( 717.1800848525040237, 879.2510169669742481, 1212.380460436409521 ) ) ;
#5855 = CARTESIAN_POINT ( 'NONE',  ( 717.1800848525040237, 879.2510169669742481, 1212.380460436409521 ) ) ;
#5856 = EDGE_CURVE ( 'NONE', #9516, #5494, #1502, .T. ) ;
#5857 = ORIENTED_EDGE ( 'NONE', *, *, #419, .T. ) ;
#5858 = B_SPLINE_SURFACE_WITH_KNOTS ( 'NONE', 3, 1, ( 
 ( #6101, #2324 ),
 ( #5487, #8624 ),
 ( #4720, #7073 ),
 ( #3155, #1764 ),
 ( #8769, #2526 ),
 ( #4087, #3255 ) ),
 .UNSPECIFIED., .F., .F., .F.,
 ( 4, 1, 1, 4 ),
 ( 2, 2 ),
 ( 0.000000000000000000, 0.3395620866332510479, 0.7109345430498769103, 1.000000000000000000 ),
 ( 0.000000000000000000, 1.000000000000000000 ),
 .UNSPECIFIED. ) ;
#5859 = CARTESIAN_POINT ( 'NONE',  ( 713.1349842505776451, 899.9646286587626491, 1222.286781560068221 ) ) ;
#5860 = B_SPLINE_CURVE_WITH_KNOTS ( 'NONE', 3,
 ( #3671, #8566, #5433, #3825 ),
 .UNSPECIFIED., .F., .F.,
 ( 4, 4 ),
 ( 1.005213304766016053E-05, 0.001341057332774240121 ),
 .UNSPECIFIED. ) ;
#5861 = CARTESIAN_POINT ( 'NONE',  ( 709.4755583983127281, 904.2360416442010091, 1212.541802282039725 ) ) ;
#5862 = CIRCLE ( 'NONE', #4886, 1.200000000000046141 ) ;
#5863 = CARTESIAN_POINT ( 'NONE',  ( 720.1737156071143318, 896.0585842646487436, 1196.481837782456523 ) ) ;
#5864 = AXIS2_PLACEMENT_3D ( 'NONE', #3539, #10036, #4320 ) ;
#5865 = FACE_OUTER_BOUND ( 'NONE', #5747, .T. ) ;
#5866 = CARTESIAN_POINT ( 'NONE',  ( 717.1800848525040237, 879.2510169669742481, 1212.380460436409521 ) ) ;
#5867 = ORIENTED_EDGE ( 'NONE', *, *, #1457, .F. ) ;
#5868 = DIRECTION ( 'NONE',  ( -0.4999999999999988343, -0.8660254037844394848, 2.975261781898571487E-15 ) ) ;
#5869 = ORIENTED_EDGE ( 'NONE', *, *, #420, .T. ) ;
#5870 = CARTESIAN_POINT ( 'NONE',  ( 727.1825466395239346, 883.8681400702871542, 1219.429805530765179 ) ) ;
#5871 = CARTESIAN_POINT ( 'NONE',  ( 738.0136351563617154, 885.7587390942456977, 1204.144033385033708 ) ) ;
#5872 = ORIENTED_EDGE ( 'NONE', *, *, #2177, .T. ) ;
#5873 = EDGE_CURVE ( 'NONE', #6357, #77, #1670, .T. ) ;
#5874 = AXIS2_PLACEMENT_3D ( 'NONE', #1625, #4780, #803 ) ;
#5875 = CARTESIAN_POINT ( 'NONE',  ( 713.0110710499841389, 898.9688391166685051, 1223.975725506391655 ) ) ;
#5876 = CARTESIAN_POINT ( 'NONE',  ( 717.1800848525040237, 879.2510169669742481, 1212.380460436409521 ) ) ;
#5877 = CARTESIAN_POINT ( 'NONE',  ( 725.3236735400701036, 893.3561263297817732, 1212.380460436409521 ) ) ;
#5878 = CARTESIAN_POINT ( 'NONE',  ( 725.8370950929727314, 894.2453985451099925, 1212.380460436409521 ) ) ;
#5879 = AXIS2_PLACEMENT_3D ( 'NONE', #5789, #9599, #8929 ) ;
#5880 = ORIENTED_EDGE ( 'NONE', *, *, #8590, .T. ) ;
#5881 = CARTESIAN_POINT ( 'NONE',  ( 720.2561242718279573, 895.8532365505566304, 1228.457028253957787 ) ) ;
#5882 = ORIENTED_EDGE ( 'NONE', *, *, #1997, .T. ) ;
#5883 = CARTESIAN_POINT ( 'NONE',  ( 717.1800848525040237, 879.2510169669742481, 1212.380460436409521 ) ) ;
#5884 = CIRCLE ( 'NONE', #5243, 19.56600634797376159 ) ;
#5885 = DIRECTION ( 'NONE',  ( 0.5845683251975080097, -0.3375006799125091494, -0.7378164841167310639 ) ) ;
#5886 = CARTESIAN_POINT ( 'NONE',  ( 710.3706237980466085, 900.9468419693921533, 1207.436382033957671 ) ) ;
#5887 = CARTESIAN_POINT ( 'NONE',  ( 722.6632392103138045, 896.0778250933323079, 1230.266330180545310 ) ) ;
#5888 = ADVANCED_FACE ( 'NONE', ( #2228 ), #5858, .F. ) ;
#5889 = CARTESIAN_POINT ( 'NONE',  ( 720.8769852521494386, 897.1091192969194026, 1195.044294463027654 ) ) ;
#5890 = ORIENTED_EDGE ( 'NONE', *, *, #1384, .T. ) ;
#5891 = VERTEX_POINT ( 'NONE', #271 ) ;
#5892 = EDGE_LOOP ( 'NONE', ( #6657, #1516, #1841, #8528, #5850 ) ) ;
#5893 = CARTESIAN_POINT ( 'NONE',  ( 731.6474973040687928, 890.0923036866398661, 1231.246663242236309 ) ) ;
#5894 = CARTESIAN_POINT ( 'NONE',  ( 724.2829864543641634, 893.6861596375176759, 1229.274292459020444 ) ) ;
#5895 = CARTESIAN_POINT ( 'NONE',  ( 717.1800848525040237, 879.2510169669742481, 1212.380460436409521 ) ) ;
#5896 = AXIS2_PLACEMENT_3D ( 'NONE', #6092, #6965, #8459 ) ;
#5897 = LINE ( 'NONE', #1968, #7119 ) ;
#5898 = ADVANCED_FACE ( 'NONE', ( #6453 ), #2003, .T. ) ;
#5899 = DIRECTION ( 'NONE',  ( 0.1504948887164737348, 0.7076712805165187303, -0.6903279272942148825 ) ) ;
#5900 = EDGE_CURVE ( 'NONE', #4771, #6871, #3832, .T. ) ;
#5901 = VERTEX_POINT ( 'NONE', #6353 ) ;
#5902 = CARTESIAN_POINT ( 'NONE',  ( 743.0418031499141307, 883.2106953913558982, 1212.228486857225334 ) ) ;
#5903 = EDGE_LOOP ( 'NONE', ( #301, #533, #576, #8517 ) ) ;
#5904 = CARTESIAN_POINT ( 'NONE',  ( 720.7107585230822906, 897.9966757900607490, 1230.279509404590726 ) ) ;
#5905 = FACE_OUTER_BOUND ( 'NONE', #1611, .T. ) ;
#5906 = CARTESIAN_POINT ( 'NONE',  ( 742.2451408596400597, 883.4794493998414282, 1206.128142959771367 ) ) ;
#5907 = B_SPLINE_CURVE_WITH_KNOTS ( 'NONE', 1,
 ( #2302, #4595 ),
 .UNSPECIFIED., .F., .F.,
 ( 2, 2 ),
 ( 0.000000000000000000, 0.002899999999999957299 ),
 .UNSPECIFIED. ) ;
#5908 = B_SPLINE_CURVE_WITH_KNOTS ( 'NONE', 3,
 ( #10020, #9140, #7586, #2949, #8468, #7695, #640, #3783, #8764, #12 ),
 .UNSPECIFIED., .F., .F.,
 ( 4, 3, 3, 4 ),
 ( 0.000000000000000000, 0.0001770953904237539524, 0.0003541907790578815150, 0.0006813326750120664126 ),
 .UNSPECIFIED. ) ;
#5909 = CARTESIAN_POINT ( 'NONE',  ( 735.7022923834699668, 885.2777251332469177, 1199.700204378455737 ) ) ;
#5910 = CARTESIAN_POINT ( 'NONE',  ( 717.1800848525040237, 879.2510169669742481, 1212.380460436409521 ) ) ;
#5911 = CARTESIAN_POINT ( 'NONE',  ( 711.2253563940306549, 903.4730752626405774, 1220.259193592965403 ) ) ;
#5912 = CARTESIAN_POINT ( 'NONE',  ( 710.6954749826595616, 901.5309471983484855, 1214.784067406724944 ) ) ;
#5913 = ADVANCED_FACE ( 'NONE', ( #3411 ), #4815, .T. ) ;
#5914 = ORIENTED_EDGE ( 'NONE', *, *, #1487, .T. ) ;
#5915 = DIRECTION ( 'NONE',  ( 0.5845683251975072325, -0.3375006799125115364, -0.7378164841167307308 ) ) ;
#5916 = VERTEX_POINT ( 'NONE', #5628 ) ;
#5917 = ORIENTED_EDGE ( 'NONE', *, *, #8163, .T. ) ;
#5918 = FACE_BOUND ( 'NONE', #7882, .T. ) ;
#5919 = B_SPLINE_CURVE_WITH_KNOTS ( 'NONE', 3,
 ( #9936, #9881, #4479, #602, #3800, #550, #450, #1229, #3697, #3751 ),
 .UNSPECIFIED., .F., .F.,
 ( 4, 3, 3, 4 ),
 ( 0.000000000000000000, 0.0001770953904237921163, 0.0003541907790579320388, 0.0006813326750120768209 ),
 .UNSPECIFIED. ) ;
#5920 = FACE_OUTER_BOUND ( 'NONE', #5469, .T. ) ;
#5921 = VERTEX_POINT ( 'NONE', #162 ) ;
#5922 = CARTESIAN_POINT ( 'NONE',  ( 716.1326794565738965, 899.8482455251131569, 1227.349205242346443 ) ) ;
#5923 = CARTESIAN_POINT ( 'NONE',  ( 712.4170392345243954, 902.5377768915981278, 1201.486543516857864 ) ) ;
#5924 = CARTESIAN_POINT ( 'NONE',  ( 725.3236735400701036, 893.3561263297817732, 1212.380460436409521 ) ) ;
#5925 = B_SPLINE_CURVE_WITH_KNOTS ( 'NONE', 1,
 ( #969, #5714 ),
 .UNSPECIFIED., .F., .F.,
 ( 2, 2 ),
 ( 0.000000000000000000, 0.002900000000003172609 ),
 .UNSPECIFIED. ) ;
#5926 = CARTESIAN_POINT ( 'NONE',  ( 722.3344649619720030, 894.8110750429704012, 1195.781083815212469 ) ) ;
#5927 = EDGE_CURVE ( 'NONE', #4724, #3829, #5429, .T. ) ;
#5928 = VERTEX_POINT ( 'NONE', #8047 ) ;
#5929 = DIRECTION ( 'NONE',  ( -0.4999999999999988343, -0.8660254037844394848, 2.975261781898571487E-15 ) ) ;
#5930 = ORIENTED_EDGE ( 'NONE', *, *, #2007, .T. ) ;
#5931 = CARTESIAN_POINT ( 'NONE',  ( 737.6286431765896623, 884.4579910684237802, 1202.630985185231339 ) ) ;
#5932 = CARTESIAN_POINT ( 'NONE',  ( 733.2438939096324475, 888.5125133033337761, 1226.536768925606566 ) ) ;
#5933 = CARTESIAN_POINT ( 'NONE',  ( 738.8022529156355631, 887.5515466324770841, 1200.222155013085739 ) ) ;
#5934 = CARTESIAN_POINT ( 'NONE',  ( 718.7276140995583091, 898.3500593104563450, 1196.072627758829640 ) ) ;
#5935 = CARTESIAN_POINT ( 'NONE',  ( 715.9628046976232554, 899.5436334525815028, 1195.972747462544703 ) ) ;
#5936 = ORIENTED_EDGE ( 'NONE', *, *, #5334, .T. ) ;
#5937 = DIRECTION ( 'NONE',  ( 0.5845683251975080097, -0.3375006799125091494, -0.7378164841167310639 ) ) ;
#5938 = ORIENTED_EDGE ( 'NONE', *, *, #4193, .F. ) ;
#5939 = AXIS2_PLACEMENT_3D ( 'NONE', #702, #10140, #3897 ) ;
#5940 = ORIENTED_EDGE ( 'NONE', *, *, #6626, .T. ) ;
#5941 = B_SPLINE_SURFACE_WITH_KNOTS ( 'NONE', 3, 1, ( 
 ( #1113, #9091 ),
 ( #2796, #9816 ),
 ( #5895, #9040 ),
 ( #3476, #9766 ),
 ( #2695, #2023 ),
 ( #4407, #5138 ) ),
 .UNSPECIFIED., .F., .F., .F.,
 ( 4, 1, 1, 4 ),
 ( 2, 2 ),
 ( 0.000000000000000000, 0.2890654569501156512, 0.6604379133667447332, 1.000000000000000000 ),
 ( 0.000000000000000000, 1.000000000000000000 ),
 .UNSPECIFIED. ) ;
#5942 = ORIENTED_EDGE ( 'NONE', *, *, #9955, .T. ) ;
#5943 = CARTESIAN_POINT ( 'NONE',  ( 725.3236735400701036, 893.3561263297817732, 1212.380460436409521 ) ) ;
#5944 = ORIENTED_EDGE ( 'NONE', *, *, #6182, .T. ) ;
#5945 = EDGE_CURVE ( 'NONE', #4363, #5647, #2577, .T. ) ;
#5946 = AXIS2_PLACEMENT_3D ( 'NONE', #1713, #2332, #8005 ) ;
#5947 = CARTESIAN_POINT ( 'NONE',  ( 742.7763082250509115, 884.0631244234461974, 1210.340364428794601 ) ) ;
#5948 = DIRECTION ( 'NONE',  ( -0.4999999999999988343, -0.8660254037844394848, 2.975261781898571487E-15 ) ) ;
#5949 = CARTESIAN_POINT ( 'NONE',  ( 714.3830974658216064, 900.8583671584430022, 1199.794239752243584 ) ) ;
#5950 = ORIENTED_EDGE ( 'NONE', *, *, #9647, .T. ) ;
#5951 = ORIENTED_EDGE ( 'NONE', *, *, #2809, .T. ) ;
#5952 = CARTESIAN_POINT ( 'NONE',  ( 708.1040538907175232, 903.2978783696797791, 1217.152143731561409 ) ) ;
#5953 = ORIENTED_EDGE ( 'NONE', *, *, #3004, .F. ) ;
#5954 = CARTESIAN_POINT ( 'NONE',  ( 735.1064389211495609, 888.8937403907008274, 1197.048470409557467 ) ) ;
#5955 = B_SPLINE_CURVE_WITH_KNOTS ( 'NONE', 3,
 ( #4882, #74, #848, #8011 ),
 .UNSPECIFIED., .F., .F.,
 ( 4, 4 ),
 ( 5.661048867003675702E-16, 0.001453450272863458835 ),
 .UNSPECIFIED. ) ;
#5956 = AXIS2_PLACEMENT_3D ( 'NONE', #368, #5981, #8505 ) ;
#5957 = FACE_OUTER_BOUND ( 'NONE', #1545, .T. ) ;
#5958 = ADVANCED_FACE ( 'NONE', ( #8671 ), #9640, .F. ) ;
#5959 = FACE_OUTER_BOUND ( 'NONE', #3544, .T. ) ;
#5960 = CARTESIAN_POINT ( 'NONE',  ( 717.1800848525040237, 879.2510169669742481, 1212.380460436409521 ) ) ;
#5961 = CARTESIAN_POINT ( 'NONE',  ( 736.2485705044746283, 886.7777996461500152, 1223.514480086240837 ) ) ;
#5962 = LINE ( 'NONE', #9105, #711 ) ;
#5963 = CARTESIAN_POINT ( 'NONE',  ( 733.1872227906266062, 889.2032135484787432, 1230.477382173946125 ) ) ;
#5964 = APPROVAL_ROLE ( '' ) ;
#5965 = CARTESIAN_POINT ( 'NONE',  ( 718.2716287215520197, 897.1568457023598739, 1197.466670291062883 ) ) ;
#5966 = VERTEX_POINT ( 'NONE', #6403 ) ;
#5967 = ORIENTED_EDGE ( 'NONE', *, *, #1608, .F. ) ;
#5968 = CARTESIAN_POINT ( 'NONE',  ( 709.6382673602494151, 900.3257969965201255, 1218.638008874627531 ) ) ;
#5969 = CARTESIAN_POINT ( 'NONE',  ( 731.4989700720016117, 887.7045144011852926, 1228.619000519729070 ) ) ;
#5970 = VECTOR ( 'NONE', #8888, 1000.000000000000227 ) ;
#5971 = EDGE_CURVE ( 'NONE', #9244, #9348, #2462, .T. ) ;
#5972 = EDGE_CURVE ( 'NONE', #1154, #8867, #7385, .T. ) ;
#5973 = CARTESIAN_POINT ( 'NONE',  ( 722.7756513443647464, 896.5572294015506714, 1193.596907417861757 ) ) ;
#5974 = CARTESIAN_POINT ( 'NONE',  ( 739.4313141934569558, 884.9403072228324163, 1216.472044099702316 ) ) ;
#5975 = CARTESIAN_POINT ( 'NONE',  ( 716.1222481877180144, 900.3985735050681569, 1227.719921028453427 ) ) ;
#5976 = CARTESIAN_POINT ( 'NONE',  ( 718.2455530910573316, 898.2256880531402885, 1194.455290020354823 ) ) ;
#5977 = ORIENTED_EDGE ( 'NONE', *, *, #1642, .T. ) ;
#5978 = FACE_OUTER_BOUND ( 'NONE', #2483, .T. ) ;
#5979 = CONICAL_SURFACE ( 'NONE', #2386, 15.92264581449857808, 0.6726123225548237272 ) ;
#5980 = EDGE_LOOP ( 'NONE', ( #1684, #2788, #1974, #263 ) ) ;
#5981 = DIRECTION ( 'NONE',  ( 0.5000000000000004441, 0.8660254037844383745, -9.910297435075217688E-15 ) ) ;
#5982 = CARTESIAN_POINT ( 'NONE',  ( 710.5477847553898982, 901.6162161908192729, 1212.198136970339419 ) ) ;
#5983 = EDGE_CURVE ( 'NONE', #2886, #4118, #744, .T. ) ;
#5984 = CARTESIAN_POINT ( 'NONE',  ( 716.0795159556487306, 899.8789394866831799, 1226.746564727439136 ) ) ;
#5985 = CARTESIAN_POINT ( 'NONE',  ( 739.1863087731255746, 887.3298118797714551, 1200.774405260017602 ) ) ;
#5986 = VECTOR ( 'NONE', #5720, 999.9999999999998863 ) ;
#5987 = CARTESIAN_POINT ( 'NONE',  ( 718.2462517968403972, 899.4195594118756389, 1195.757147922351578 ) ) ;
#5988 = CARTESIAN_POINT ( 'NONE',  ( 711.9622454198387231, 898.9840476382165662, 1223.496391752306636 ) ) ;
#5989 = CARTESIAN_POINT ( 'NONE',  ( 723.3559382263169937, 895.6778951299753544, 1193.025346937740778 ) ) ;
#5990 = CARTESIAN_POINT ( 'NONE',  ( 710.5776358444537664, 903.0554514499306151, 1206.122444021670162 ) ) ;
#5991 = VERTEX_POINT ( 'NONE', #5029 ) ;
#5992 = CARTESIAN_POINT ( 'NONE',  ( 724.4202779218370551, 891.7913992196671416, 1212.380460436409521 ) ) ;
#5993 = CIRCLE ( 'NONE', #7306, 1.200000000000046141 ) ;
#5994 = VERTEX_POINT ( 'NONE', #5988 ) ;
#5995 = ORIENTED_EDGE ( 'NONE', *, *, #7153, .T. ) ;
#5996 = CARTESIAN_POINT ( 'NONE',  ( 710.9212151264090380, 902.8570858590056787, 1206.322925206220361 ) ) ;
#5997 = ORIENTED_EDGE ( 'NONE', *, *, #9484, .F. ) ;
#5998 = EDGE_CURVE ( 'NONE', #9703, #5411, #9594, .T. ) ;
#5999 = LINE ( 'NONE', #9195, #7418 ) ;
#6000 = CARTESIAN_POINT ( 'NONE',  ( 724.4202779218370551, 891.7913992196671416, 1212.380460436409521 ) ) ;
#6001 = CARTESIAN_POINT ( 'NONE',  ( 741.4653090986220150, 886.0115160880155827, 1205.405791344083582 ) ) ;
#6002 = ORIENTED_EDGE ( 'NONE', *, *, #5945, .T. ) ;
#6003 = CARTESIAN_POINT ( 'NONE',  ( 735.0211355904259563, 887.4864223405126040, 1224.954137414683828 ) ) ;
#6004 = VERTEX_POINT ( 'NONE', #7577 ) ;
#6005 = LINE ( 'NONE', #2179, #8293 ) ;
#6006 = CARTESIAN_POINT ( 'NONE',  ( 715.9371880305085369, 896.6891134519361231, 1227.695494726540574 ) ) ;
#6007 = CONICAL_SURFACE ( 'NONE', #1564, 20.44804870789273821, 0.7096869864122512528 ) ;
#6008 = DIRECTION ( 'NONE',  ( -0.5000000000000009992, -0.8660254037844382635, -0.000000000000000000 ) ) ;
#6009 = DIRECTION ( 'NONE',  ( 0.5000000000000009992, 0.8660254037844381525, 0.000000000000000000 ) ) ;
#6010 = CARTESIAN_POINT ( 'NONE',  ( 740.9480525528681483, 885.5210831879264788, 1220.229409262565468 ) ) ;
#6011 = CARTESIAN_POINT ( 'NONE',  ( 710.0941988716677997, 902.2330035905547447, 1202.077590293190497 ) ) ;
#6012 = CARTESIAN_POINT ( 'NONE',  ( 735.8257754129784871, 885.2064321728381628, 1224.912560423469131 ) ) ;
#6013 = AXIS2_PLACEMENT_3D ( 'NONE', #4842, #8950, #6376 ) ;
#6014 = EDGE_LOOP ( 'NONE', ( #9298, #9242, #7864, #2700, #4353 ) ) ;
#6015 = CALENDAR_DATE ( 2026, 3, 4 ) ;
#6016 = DIRECTION ( 'NONE',  ( 0.8660254037844280495, -0.5000000000000182077, 0.000000000000000000 ) ) ;
#6017 = VERTEX_POINT ( 'NONE', #4397 ) ;
#6018 = ADVANCED_FACE ( 'NONE', ( #1251 ), #4383, .F. ) ;
#6019 = VERTEX_POINT ( 'NONE', #8362 ) ;
#6020 = FACE_OUTER_BOUND ( 'NONE', #9562, .T. ) ;
#6021 = CARTESIAN_POINT ( 'NONE',  ( 713.7805526847996589, 906.9797492418605316, 1234.086781508788363 ) ) ;
#6022 = AXIS2_PLACEMENT_3D ( 'NONE', #4201, #9460, #2385 ) ;
#6023 = CARTESIAN_POINT ( 'NONE',  ( 724.4202779218370551, 891.7913992196671416, 1212.380460436409521 ) ) ;
#6024 = CARTESIAN_POINT ( 'NONE',  ( 742.6209059116356457, 883.7566740591166763, 1216.283912260986199 ) ) ;
#6025 = CARTESIAN_POINT ( 'NONE',  ( 717.1800848525040237, 879.2510169669742481, 1212.380460436409521 ) ) ;
#6026 = DIRECTION ( 'NONE',  ( 0.5296857716357163959, 0.4887453221888402588, -0.6932250668904020863 ) ) ;
#6027 = B_SPLINE_SURFACE_WITH_KNOTS ( 'NONE', 3, 1, ( 
 ( #1364, #10130 ),
 ( #3786, #1423 ),
 ( #5392, #10024 ),
 ( #10180, #3885 ),
 ( #5290, #4668 ),
 ( #4565, #6304 ) ),
 .UNSPECIFIED., .F., .F., .F.,
 ( 4, 1, 1, 4 ),
 ( 2, 2 ),
 ( 0.000000000000000000, 0.2890654569501156512, 0.6604379133667447332, 1.000000000000000000 ),
 ( 0.000000000000000000, 1.000000000000000000 ),
 .UNSPECIFIED. ) ;
#6028 = VERTEX_POINT ( 'NONE', #6666 ) ;
#6029 = LINE ( 'NONE', #1914, #3574 ) ;
#6030 = EDGE_CURVE ( 'NONE', #2005, #7251, #5128, .T. ) ;
#6031 = CARTESIAN_POINT ( 'NONE',  ( 772.5051166213855822, 870.7657053682704600, 1200.274463640527756 ) ) ;
#6032 = EDGE_CURVE ( 'NONE', #4636, #6620, #6898, .T. ) ;
#6033 = CIRCLE ( 'NONE', #765, 20.44804870789273821 ) ;
#6034 = CONICAL_SURFACE ( 'NONE', #7343, 18.17967805303275597, 0.8981840042400328628 ) ;
#6035 = VERTEX_POINT ( 'NONE', #6714 ) ;
#6036 = CARTESIAN_POINT ( 'NONE',  ( 741.9181432928204458, 884.9610010380764606, 1207.769542609364862 ) ) ;
#6037 = CARTESIAN_POINT ( 'NONE',  ( 739.1653043470466855, 886.5503533444548339, 1222.203061114118100 ) ) ;
#6038 = CARTESIAN_POINT ( 'NONE',  ( 725.6426188461883839, 895.1492649049097281, 1231.350767923498097 ) ) ;
#6039 = CARTESIAN_POINT ( 'NONE',  ( 709.1978690744472260, 903.0536025882191780, 1205.135166922126245 ) ) ;
#6040 = B_SPLINE_CURVE_WITH_KNOTS ( 'NONE', 1,
 ( #1073, #3194 ),
 .UNSPECIFIED., .F., .F.,
 ( 2, 2 ),
 ( 0.000000000000000000, 0.002900000000002417571 ),
 .UNSPECIFIED. ) ;
#6041 = CARTESIAN_POINT ( 'NONE',  ( 711.2293292419975614, 901.0647171600745651, 1206.696961238977792 ) ) ;
#6042 = B_SPLINE_CURVE_WITH_KNOTS ( 'NONE', 3,
 ( #6807, #9122, #461, #2625 ),
 .UNSPECIFIED., .F., .F.,
 ( 4, 4 ),
 ( 1.820901148403467265E-15, 0.001453450272831256079 ),
 .UNSPECIFIED. ) ;
#6043 = CARTESIAN_POINT ( 'NONE',  ( 710.1442347931088079, 900.6238917309693761, 1218.238807529664427 ) ) ;
#6044 = DIRECTION ( 'NONE',  ( -0.8660254037844370423, 0.5000000000000026645, 0.000000000000000000 ) ) ;
#6045 = CARTESIAN_POINT ( 'NONE',  ( 729.6196458520861370, 891.4030240421794815, 1192.861363353077650 ) ) ;
#6046 = ORIENTED_EDGE ( 'NONE', *, *, #350, .T. ) ;
#6047 = DIRECTION ( 'NONE',  ( -0.4999999999999988343, -0.8660254037844394848, 2.975261781898571487E-15 ) ) ;
#6048 = EDGE_CURVE ( 'NONE', #5609, #8464, #2705, .T. ) ;
#6049 = ORIENTED_EDGE ( 'NONE', *, *, #6603, .T. ) ;
#6050 = ORIENTED_EDGE ( 'NONE', *, *, #2489, .F. ) ;
#6051 = AXIS2_PLACEMENT_3D ( 'NONE', #8423, #8324, #9200 ) ;
#6052 = LINE ( 'NONE', #9299, #366 ) ;
#6053 = DIRECTION ( 'NONE',  ( 0.4999999999999988343, 0.8660254037844394848, -2.975261781898571487E-15 ) ) ;
#6054 = DIRECTION ( 'NONE',  ( -0.4999999999999988343, -0.8660254037844394848, 2.975261781898571487E-15 ) ) ;
#6055 = CARTESIAN_POINT ( 'NONE',  ( 723.3543009199601101, 895.7127142131042774, 1193.044443908007679 ) ) ;
#6056 = ADVANCED_FACE ( 'NONE', ( #6760 ), #4470, .F. ) ;
#6057 = ORIENTED_EDGE ( 'NONE', *, *, #6919, .T. ) ;
#6058 = CARTESIAN_POINT ( 'NONE',  ( 738.4898315889872720, 883.6683386224781316, 1204.221769349254373 ) ) ;
#6059 = ORIENTED_EDGE ( 'NONE', *, *, #8998, .T. ) ;
#6060 = CARTESIAN_POINT ( 'NONE',  ( 717.1800848525040237, 879.2510169669742481, 1212.380460436409521 ) ) ;
#6061 = CARTESIAN_POINT ( 'NONE',  ( 737.3432940964423778, 887.6022914531075685, 1226.743785854490397 ) ) ;
#6062 = B_SPLINE_CURVE_WITH_KNOTS ( 'NONE', 3,
 ( #4377, #7513, #454, #2294 ),
 .UNSPECIFIED., .F., .F.,
 ( 4, 4 ),
 ( 0.000000000000000000, 0.001331005199731619603 ),
 .UNSPECIFIED. ) ;
#6063 = CARTESIAN_POINT ( 'NONE',  ( 741.6721069294442259, 885.6473556827753555, 1205.833329552462146 ) ) ;
#6064 = CARTESIAN_POINT ( 'NONE',  ( 717.1800848525040237, 879.2510169669742481, 1212.380460436409521 ) ) ;
#6065 = CARTESIAN_POINT ( 'NONE',  ( 737.6636697524168085, 887.4173224818886183, 1198.368390157238991 ) ) ;
#6066 = CARTESIAN_POINT ( 'NONE',  ( 717.1800848525040237, 879.2510169669742481, 1212.380460436409521 ) ) ;
#6067 = CARTESIAN_POINT ( 'NONE',  ( 716.2858448199477834, 896.4878163607276065, 1196.815263416755897 ) ) ;
#6068 = APPROVAL_ROLE ( '' ) ;
#6069 = CARTESIAN_POINT ( 'NONE',  ( 718.1309277026955442, 897.2379884111622914, 1197.555241989661681 ) ) ;
#6070 = EDGE_LOOP ( 'NONE', ( #6294, #4995, #7311, #2491 ) ) ;
#6071 = CARTESIAN_POINT ( 'NONE',  ( 739.6591609678397390, 884.0370971502202337, 1216.028208662059797 ) ) ;
#6072 = CARTESIAN_POINT ( 'NONE',  ( 736.4230985645403962, 888.1335665911582282, 1225.942186259505888 ) ) ;
#6073 = CARTESIAN_POINT ( 'NONE',  ( 736.8761692032389874, 888.6610572419639311, 1226.790105722435101 ) ) ;
#6074 = B_SPLINE_CURVE_WITH_KNOTS ( 'NONE', 1,
 ( #9556, #3214 ),
 .UNSPECIFIED., .F., .F.,
 ( 2, 2 ),
 ( 0.000000000000000000, 0.002900000000002584972 ),
 .UNSPECIFIED. ) ;
#6075 = ADVANCED_FACE ( 'NONE', ( #4605 ), #3862, .F. ) ;
#6076 = CARTESIAN_POINT ( 'NONE',  ( 724.4202779218370551, 891.7913992196671416, 1212.380460436409521 ) ) ;
#6077 = CARTESIAN_POINT ( 'NONE',  ( 739.5531946405201325, 883.6446208464499250, 1207.823773507910801 ) ) ;
#6078 = CARTESIAN_POINT ( 'NONE',  ( 717.1800848525040237, 879.2510169669742481, 1212.380460436409521 ) ) ;
#6079 = ORIENTED_EDGE ( 'NONE', *, *, #6603, .F. ) ;
#6080 = CARTESIAN_POINT ( 'NONE',  ( 720.2148835487184897, 894.5118214686747251, 1195.111811963447963 ) ) ;
#6081 = CARTESIAN_POINT ( 'NONE',  ( 736.8059612556195361, 886.4559527622561745, 1202.029797585698361 ) ) ;
#6082 = VERTEX_POINT ( 'NONE', #7688 ) ;
#6083 = FACE_OUTER_BOUND ( 'NONE', #8272, .T. ) ;
#6084 = CARTESIAN_POINT ( 'NONE',  ( 722.8807931600920256, 886.3517585996243042, 1202.992077888312906 ) ) ;
#6085 = CARTESIAN_POINT ( 'NONE',  ( 722.6684198315883805, 886.4743723980049026, 1221.801800536714609 ) ) ;
#6086 = CARTESIAN_POINT ( 'NONE',  ( 739.7800147506435451, 884.7388821763198621, 1214.210446746966227 ) ) ;
#6087 = ADVANCED_FACE ( 'NONE', ( #4502 ), #9186, .F. ) ;
#6088 = DIRECTION ( 'NONE',  ( -0.4999999999999988343, -0.8660254037844394848, 2.975261781898571487E-15 ) ) ;
#6089 = ADVANCED_FACE ( 'NONE', ( #6192 ), #6988, .F. ) ;
#6090 = CARTESIAN_POINT ( 'NONE',  ( 716.3396927397952823, 897.6528635996879757, 1198.146538729728945 ) ) ;
#6091 = ORIENTED_EDGE ( 'NONE', *, *, #3880, .T. ) ;
#6092 = CARTESIAN_POINT ( 'NONE',  ( 725.8370950929727314, 894.2453985451099925, 1212.380460436409521 ) ) ;
#6093 = CARTESIAN_POINT ( 'NONE',  ( 712.2762529453989373, 902.0747544094498380, 1222.599836405039014 ) ) ;
#6094 = CARTESIAN_POINT ( 'NONE',  ( 717.1800848525040237, 879.2510169669742481, 1212.380460436409521 ) ) ;
#6095 = EDGE_LOOP ( 'NONE', ( #9847, #1811, #7694, #324 ) ) ;
#6096 = DIRECTION ( 'NONE',  ( 0.5000000000000009992, 0.8660254037844381525, -5.726519994466740890E-15 ) ) ;
#6097 = ORIENTED_EDGE ( 'NONE', *, *, #4394, .T. ) ;
#6098 = CARTESIAN_POINT ( 'NONE',  ( 711.7256708995179224, 901.2069368147474506, 1225.479383860764528 ) ) ;
#6099 = EDGE_CURVE ( 'NONE', #5261, #9630, #5432, .T. ) ;
#6100 = EDGE_CURVE ( 'NONE', #7889, #8097, #9851, .T. ) ;
#6101 = CARTESIAN_POINT ( 'NONE',  ( 717.1800848525040237, 879.2510169669742481, 1212.380460436409521 ) ) ;
#6102 = CARTESIAN_POINT ( 'NONE',  ( 740.4663168790498275, 886.5882845149037621, 1202.997583642310019 ) ) ;
#6103 = CARTESIAN_POINT ( 'NONE',  ( 725.8370950929726177, 894.2453985451099925, 1212.380460436409521 ) ) ;
#6104 = ORIENTED_EDGE ( 'NONE', *, *, #9578, .F. ) ;
#6105 = ORIENTED_EDGE ( 'NONE', *, *, #7456, .T. ) ;
#6106 = DIRECTION ( 'NONE',  ( -0.4999999999999988343, -0.8660254037844394848, 2.975261781898571487E-15 ) ) ;
#6107 = CARTESIAN_POINT ( 'NONE',  ( 752.7079463437580671, 885.6597085723892633, 1185.380460436409066 ) ) ;
#6108 = EDGE_LOOP ( 'NONE', ( #8666, #6154, #3936, #8529 ) ) ;
#6109 = VECTOR ( 'NONE', #2436, 1000.000000000000114 ) ;
#6110 = EDGE_CURVE ( 'NONE', #7342, #4024, #8197, .T. ) ;
#6111 = CARTESIAN_POINT ( 'NONE',  ( 708.7294778930777284, 900.8504868400376608, 1213.874588963945371 ) ) ;
#6112 = CARTESIAN_POINT ( 'NONE',  ( 737.5786711571363412, 884.1943973430721826, 1202.398329197706516 ) ) ;
#6113 = DIRECTION ( 'NONE',  ( 0.5845683251976132588, -0.3375006799125776502, -0.7378164841166163779 ) ) ;
#6114 = FACE_OUTER_BOUND ( 'NONE', #9859, .T. ) ;
#6115 = LINE ( 'NONE', #9266, #3566 ) ;
#6116 = AXIS2_PLACEMENT_3D ( 'NONE', #526, #2021, #4511 ) ;
#6117 = CARTESIAN_POINT ( 'NONE',  ( 737.5048015768371670, 885.2810151839810260, 1221.975602733603864 ) ) ;
#6118 = ORIENTED_EDGE ( 'NONE', *, *, #2419, .T. ) ;
#6119 = CARTESIAN_POINT ( 'NONE',  ( 713.9662438421866000, 908.0272409405364442, 1239.380460436408839 ) ) ;
#6120 = CARTESIAN_POINT ( 'NONE',  ( 726.5629743876221482, 892.6406156518407897, 1191.982546968620909 ) ) ;
#6121 = CARTESIAN_POINT ( 'NONE',  ( 729.6719015333519565, 882.4309103522268742, 1210.166159670530760 ) ) ;
#6122 = AXIS2_PLACEMENT_3D ( 'NONE', #6398, #7071, #9449 ) ;
#6123 = DIRECTION ( 'NONE',  ( -0.5845683251975072325, 0.3375006799125115364, 0.7378164841167307308 ) ) ;
#6124 = CARTESIAN_POINT ( 'NONE',  ( 711.6614551631648737, 902.4297080745197945, 1220.467880971589921 ) ) ;
#6125 = B_SPLINE_CURVE_WITH_KNOTS ( 'NONE', 3,
 ( #3605, #8185, #1183, #9788 ),
 .UNSPECIFIED., .F., .F.,
 ( 4, 4 ),
 ( 0.000000000000000000, 0.001331005199731841214 ),
 .UNSPECIFIED. ) ;
#6126 = LINE ( 'NONE', #2001, #9984 ) ;
#6127 = ORIENTED_EDGE ( 'NONE', *, *, #2533, .F. ) ;
#6128 = CARTESIAN_POINT ( 'NONE',  ( 720.5629331284733325, 895.5212107846416529, 1196.046742244995812 ) ) ;
#6129 = CARTESIAN_POINT ( 'NONE',  ( 735.1899242151919225, 887.3890525607306472, 1199.985269174701216 ) ) ;
#6130 = EDGE_CURVE ( 'NONE', #9000, #4534, #3604, .T. ) ;
#6131 = VERTEX_POINT ( 'NONE', #7016 ) ;
#6132 = CARTESIAN_POINT ( 'NONE',  ( 737.7543302247889869, 885.5958633091287311, 1203.469962046465980 ) ) ;
#6133 = CARTESIAN_POINT ( 'NONE',  ( 737.2463784489699492, 884.3862466275928682, 1201.837426979665906 ) ) ;
#6134 = CARTESIAN_POINT ( 'NONE',  ( 738.4898315889872720, 883.6683386224781316, 1204.221769349254373 ) ) ;
#6135 = B_SPLINE_CURVE_WITH_KNOTS ( 'NONE', 3,
 ( #10014, #5990, #7635, #9132 ),
 .UNSPECIFIED., .F., .F.,
 ( 4, 4 ),
 ( 0.000000000000000000, 0.001331005199731841214 ),
 .UNSPECIFIED. ) ;
#6136 = DIRECTION ( 'NONE',  ( 0.5845683251974830297, -0.3375006799125041534, -0.7378164841167531574 ) ) ;
#6137 = CARTESIAN_POINT ( 'NONE',  ( 718.3854036929590166, 898.5476345808258429, 1196.277695887492428 ) ) ;
#6138 = CIRCLE ( 'NONE', #377, 20.69836085483313681 ) ;
#6139 = B_SPLINE_SURFACE_WITH_KNOTS ( 'NONE', 3, 1, ( 
 ( #4227, #8288 ),
 ( #9014, #8133 ),
 ( #7363, #304 ),
 ( #1944, #3444 ) ),
 .UNSPECIFIED., .F., .F., .F.,
 ( 4, 4 ),
 ( 2, 2 ),
 ( 0.000000000000000000, 1.000000000000000000 ),
 ( 0.000000000000000000, 1.000000000000000000 ),
 .UNSPECIFIED. ) ;
#6140 = CARTESIAN_POINT ( 'NONE',  ( 716.6342812219529605, 900.3502310572129090, 1196.928386193248116 ) ) ;
#6141 = CARTESIAN_POINT ( 'NONE',  ( 739.9001339093210845, 883.1465368738578263, 1209.391702707975810 ) ) ;
#6142 = ORIENTED_EDGE ( 'NONE', *, *, #6719, .T. ) ;
#6143 = DIRECTION ( 'NONE',  ( 0.5000000000000004441, 0.8660254037844383745, -9.910297435075217688E-15 ) ) ;
#6144 = ORIENTED_EDGE ( 'NONE', *, *, #2388, .F. ) ;
#6145 = EDGE_CURVE ( 'NONE', #1010, #2886, #4429, .T. ) ;
#6146 = EDGE_LOOP ( 'NONE', ( #6402, #5675, #4133, #8787 ) ) ;
#6147 = ORIENTED_EDGE ( 'NONE', *, *, #5983, .F. ) ;
#6148 = AXIS2_PLACEMENT_3D ( 'NONE', #6715, #2789, #5937 ) ;
#6149 = CARTESIAN_POINT ( 'NONE',  ( 739.8289963510918597, 884.7106026361157092, 1213.581326000922445 ) ) ;
#6150 = ORIENTED_EDGE ( 'NONE', *, *, #3905, .F. ) ;
#6151 = CARTESIAN_POINT ( 'NONE',  ( 734.3569635589935842, 889.3264501927925494, 1197.000143304985386 ) ) ;
#6152 = CARTESIAN_POINT ( 'NONE',  ( 725.3236735400701036, 893.3561263297817732, 1212.380460436409521 ) ) ;
#6153 = CARTESIAN_POINT ( 'NONE',  ( 735.3771947612987105, 889.5264905395262076, 1196.651432881461460 ) ) ;
#6154 = ORIENTED_EDGE ( 'NONE', *, *, #2758, .T. ) ;
#6155 = ADVANCED_FACE ( 'NONE', ( #5330 ), #4244, .T. ) ;
#6156 = VERTEX_POINT ( 'NONE', #1463 ) ;
#6157 = CARTESIAN_POINT ( 'NONE',  ( 727.1135515550888613, 883.9079744008582793, 1205.260114901332827 ) ) ;
#6158 = ADVANCED_FACE ( 'NONE', ( #7735 ), #10124, .F. ) ;
#6159 = CARTESIAN_POINT ( 'NONE',  ( 717.1800848525040237, 879.2510169669742481, 1212.380460436409521 ) ) ;
#6160 = DIRECTION ( 'NONE',  ( 0.9255619620519833779, 0.2601860970862472366, -0.2750240885550004344 ) ) ;
#6161 = CARTESIAN_POINT ( 'NONE',  ( 739.9265518770467907, 885.3123893002954219, 1223.722027013850038 ) ) ;
#6162 = CARTESIAN_POINT ( 'NONE',  ( 725.8370950929727314, 894.2453985451099925, 1212.380460436409521 ) ) ;
#6163 = CARTESIAN_POINT ( 'NONE',  ( 717.1800848525040237, 879.2510169669742481, 1212.380460436409521 ) ) ;
#6164 = B_SPLINE_CURVE_WITH_KNOTS ( 'NONE', 3,
 ( #7902, #8830, #4097, #843 ),
 .UNSPECIFIED., .F., .F.,
 ( 4, 4 ),
 ( 0.000000000000000000, 0.001331005199731951369 ),
 .UNSPECIFIED. ) ;
#6165 = B_SPLINE_CURVE_WITH_KNOTS ( 'NONE', 3,
 ( #884, #1705, #3153, #834 ),
 .UNSPECIFIED., .F., .F.,
 ( 4, 4 ),
 ( 2.370787622225936358E-15, 0.001453450272831493736 ),
 .UNSPECIFIED. ) ;
#6166 = FACE_OUTER_BOUND ( 'NONE', #9190, .T. ) ;
#6167 = ORIENTED_EDGE ( 'NONE', *, *, #8332, .T. ) ;
#6168 = ORIENTED_EDGE ( 'NONE', *, *, #2769, .T. ) ;
#6169 = CARTESIAN_POINT ( 'NONE',  ( 737.4040776018159704, 884.5876356549122193, 1222.520430628854911 ) ) ;
#6170 = ORIENTED_EDGE ( 'NONE', *, *, #3915, .T. ) ;
#6171 = CYLINDRICAL_SURFACE ( 'NONE', #7130, 1.200000000000046141 ) ;
#6172 = ADVANCED_FACE ( 'NONE', ( #5865 ), #9916, .T. ) ;
#6173 = DIRECTION ( 'NONE',  ( -0.5000000000000008882, -0.8660254037844380415, -0.000000000000000000 ) ) ;
#6174 = CARTESIAN_POINT ( 'NONE',  ( 712.1057791231891088, 900.7166095654480387, 1219.976650377121814 ) ) ;
#6175 = DIRECTION ( 'NONE',  ( 0.5845683251975080097, -0.3375006799125091494, -0.7378164841167310639 ) ) ;
#6176 = VECTOR ( 'NONE', #2447, 1000.000000000000227 ) ;
#6177 = CARTESIAN_POINT ( 'NONE',  ( 720.7278830716803668, 896.0095071938477531, 1232.127890039304930 ) ) ;
#6178 = CARTESIAN_POINT ( 'NONE',  ( 735.0308948692661488, 888.9373557693916155, 1228.297729016375342 ) ) ;
#6179 = VERTEX_POINT ( 'NONE', #2710 ) ;
#6180 = CARTESIAN_POINT ( 'NONE',  ( 715.3168540804432496, 900.3192625256336896, 1197.042230102013264 ) ) ;
#6181 = CARTESIAN_POINT ( 'NONE',  ( 714.6453596448475309, 899.2504403318647519, 1224.120536859664753 ) ) ;
#6182 = EDGE_CURVE ( 'NONE', #260, #5681, #4159, .T. ) ;
#6183 = CARTESIAN_POINT ( 'NONE',  ( 744.1713637030086375, 889.4336063196064970, 1235.286781508788408 ) ) ;
#6184 = ORIENTED_EDGE ( 'NONE', *, *, #200, .T. ) ;
#6185 = CIRCLE ( 'NONE', #7988, 1.200000000000046141 ) ;
#6186 = CARTESIAN_POINT ( 'NONE',  ( 734.8413170416148432, 887.5903387858005544, 1225.138178567450950 ) ) ;
#6187 = CARTESIAN_POINT ( 'NONE',  ( 710.5466745901425156, 901.6168172515220931, 1212.383134992427358 ) ) ;
#6188 = CARTESIAN_POINT ( 'NONE',  ( 717.1800848525040237, 879.2510169669742481, 1212.380460436409521 ) ) ;
#6189 = CARTESIAN_POINT ( 'NONE',  ( 717.1800848525040237, 879.2510169669742481, 1212.380460436409521 ) ) ;
#6190 = CARTESIAN_POINT ( 'NONE',  ( 733.5120976360523173, 889.4115444504915331, 1194.702390984831027 ) ) ;
#6191 = VERTEX_POINT ( 'NONE', #1937 ) ;
#6192 = FACE_OUTER_BOUND ( 'NONE', #3109, .T. ) ;
#6193 = CARTESIAN_POINT ( 'NONE',  ( 739.7039833624255607, 884.1634841192646945, 1209.143114619039125 ) ) ;
#6194 = CONICAL_SURFACE ( 'NONE', #431, 18.17967805303275597, 0.8981840042400328628 ) ;
#6195 = CIRCLE ( 'NONE', #247, 1.200000000000046141 ) ;
#6196 = ORIENTED_EDGE ( 'NONE', *, *, #5032, .T. ) ;
#6197 = CARTESIAN_POINT ( 'NONE',  ( 708.2929484213467504, 903.7159985447428880, 1209.952995252284836 ) ) ;
#6198 = ORIENTED_EDGE ( 'NONE', *, *, #1315, .F. ) ;
#6199 = ORIENTED_EDGE ( 'NONE', *, *, #6273, .T. ) ;
#6200 = ORIENTED_EDGE ( 'NONE', *, *, #3309, .T. ) ;
#6201 = CARTESIAN_POINT ( 'NONE',  ( 710.7740111562468428, 902.2835563068720148, 1222.957485354640539 ) ) ;
#6202 = VECTOR ( 'NONE', #3020, 1000.000000000000000 ) ;
#6203 = EDGE_CURVE ( 'NONE', #6251, #1945, #2877, .T. ) ;
#6204 = CARTESIAN_POINT ( 'NONE',  ( 735.8257754129784871, 885.2064321728381628, 1224.912560423469131 ) ) ;
#6205 = CARTESIAN_POINT ( 'NONE',  ( 740.5681778406717513, 886.5319894016388389, 1203.202994444781098 ) ) ;
#6206 = FACE_OUTER_BOUND ( 'NONE', #5903, .T. ) ;
#6207 = AXIS2_PLACEMENT_3D ( 'NONE', #2611, #9629, #5765 ) ;
#6208 = ORIENTED_EDGE ( 'NONE', *, *, #9742, .T. ) ;
#6209 = VERTEX_POINT ( 'NONE', #6295 ) ;
#6210 = DIRECTION ( 'NONE',  ( -0.4999999999999988343, -0.8660254037844394848, 2.975261781898571487E-15 ) ) ;
#6211 = CARTESIAN_POINT ( 'NONE',  ( 718.2284330762772697, 899.4273327146426027, 1228.991893934135760 ) ) ;
#6212 = B_SPLINE_CURVE_WITH_KNOTS ( 'NONE', 1,
 ( #2186, #8483 ),
 .UNSPECIFIED., .F., .F.,
 ( 2, 2 ),
 ( 0.000000000000000000, 0.002900000000004205637 ),
 .UNSPECIFIED. ) ;
#6213 = CIRCLE ( 'NONE', #2583, 17.83733333518755515 ) ;
#6214 = CARTESIAN_POINT ( 'NONE',  ( 710.7432432709496197, 902.9598379576634670, 1217.818080450945899 ) ) ;
#6215 = EDGE_CURVE ( 'NONE', #248, #4480, #7026, .T. ) ;
#6216 = CARTESIAN_POINT ( 'NONE',  ( 734.4634176452777865, 889.2649888974202668, 1227.681498108052665 ) ) ;
#6217 = ADVANCED_FACE ( 'NONE', ( #827 ), #5979, .F. ) ;
#6218 = DIRECTION ( 'NONE',  ( 0.7745966692414802957, -0.4472135954999605367, -0.4472135954999607033 ) ) ;
#6219 = CARTESIAN_POINT ( 'NONE',  ( 734.4429146617757169, 889.2768263004641085, 1197.064089449633229 ) ) ;
#6220 = VERTEX_POINT ( 'NONE', #3923 ) ;
#6221 = DIRECTION ( 'NONE',  ( 0.5000000000000004441, 0.8660254037844383745, -9.910297435075217688E-15 ) ) ;
#6222 = ORIENTED_EDGE ( 'NONE', *, *, #6998, .T. ) ;
#6223 = CARTESIAN_POINT ( 'NONE',  ( 713.1424943183062624, 901.5746297196185424, 1201.495805255998221 ) ) ;
#6224 = CARTESIAN_POINT ( 'NONE',  ( 712.9578254655582441, 901.2788334714600751, 1198.985205808585079 ) ) ;
#6225 = B_SPLINE_SURFACE_WITH_KNOTS ( 'NONE', 3, 1, ( 
 ( #9580, #4852 ),
 ( #9632, #5722 ),
 ( #2560, #7201 ),
 ( #5768, #4955 ) ),
 .UNSPECIFIED., .F., .F., .F.,
 ( 4, 4 ),
 ( 2, 2 ),
 ( 0.000000000000000000, 1.000000000000000000 ),
 ( 0.000000000000000000, 1.000000000000000000 ),
 .UNSPECIFIED. ) ;
#6226 = B_SPLINE_CURVE_WITH_KNOTS ( 'NONE', 1,
 ( #3347, #6556 ),
 .UNSPECIFIED., .F., .F.,
 ( 2, 2 ),
 ( 0.000000000000000000, 0.002900000000002455301 ),
 .UNSPECIFIED. ) ;
#6227 = DIRECTION ( 'NONE',  ( 0.9551046174814333822, 0.2431296370214789393, -0.1693019470279322480 ) ) ;
#6228 = CARTESIAN_POINT ( 'NONE',  ( 729.1703059924968784, 890.8644003838595609, 1228.677278177308381 ) ) ;
#6229 = EDGE_CURVE ( 'NONE', #1691, #6852, #5105, .T. ) ;
#6230 = CARTESIAN_POINT ( 'NONE',  ( 739.8206627034895746, 884.8792225159393183, 1200.507984528624775 ) ) ;
#6231 = CARTESIAN_POINT ( 'NONE',  ( 728.5968508938366313, 891.4663565034794601, 1192.284745072811347 ) ) ;
#6232 = ORIENTED_EDGE ( 'NONE', *, *, #4717, .F. ) ;
#6233 = CARTESIAN_POINT ( 'NONE',  ( 717.1800848525040237, 879.2510169669742481, 1212.380460436409521 ) ) ;
#6234 = CARTESIAN_POINT ( 'NONE',  ( 713.4653261438684240, 891.7877810159873206, 1212.079713487554500 ) ) ;
#6235 = ORIENTED_EDGE ( 'NONE', *, *, #4791, .F. ) ;
#6236 = FACE_OUTER_BOUND ( 'NONE', #630, .T. ) ;
#6237 = CARTESIAN_POINT ( 'NONE',  ( 733.5627158874874567, 886.5130101990702087, 1227.180971627095005 ) ) ;
#6238 = CARTESIAN_POINT ( 'NONE',  ( 718.3168177816321531, 898.5872326751932633, 1228.440771156057053 ) ) ;
#6239 = CARTESIAN_POINT ( 'NONE',  ( 731.0356090257090500, 892.0356205730261081, 1194.247074217424597 ) ) ;
#6240 = EDGE_CURVE ( 'NONE', #6630, #2650, #6040, .T. ) ;
#6241 = CARTESIAN_POINT ( 'NONE',  ( 724.5625296337567534, 893.5247013049435054, 1195.469405166990100 ) ) ;
#6242 = VERTEX_POINT ( 'NONE', #7887 ) ;
#6243 = CARTESIAN_POINT ( 'NONE',  ( 717.1800848525040237, 879.2510169669742481, 1212.380460436409521 ) ) ;
#6244 = CARTESIAN_POINT ( 'NONE',  ( 724.4202779218370551, 891.7913992196671416, 1212.380460436409521 ) ) ;
#6245 = CYLINDRICAL_SURFACE ( 'NONE', #2072, 2.200000000000022382 ) ;
#6246 = EDGE_LOOP ( 'NONE', ( #10081, #1208, #1417, #5028, #8500 ) ) ;
#6247 = CARTESIAN_POINT ( 'NONE',  ( 707.5647584394789646, 903.5021775257209811, 1210.222948713676033 ) ) ;
#6248 = ORIENTED_EDGE ( 'NONE', *, *, #9610, .F. ) ;
#6249 = ORIENTED_EDGE ( 'NONE', *, *, #7794, .T. ) ;
#6250 = ORIENTED_EDGE ( 'NONE', *, *, #7563, .F. ) ;
#6251 = VERTEX_POINT ( 'NONE', #5574 ) ;
#6252 = CARTESIAN_POINT ( 'NONE',  ( 717.1800848525040237, 879.2510169669742481, 1212.380460436409521 ) ) ;
#6253 = DIRECTION ( 'NONE',  ( 0.5845683251975080097, -0.3375006799125091494, -0.7378164841167310639 ) ) ;
#6254 = ORIENTED_EDGE ( 'NONE', *, *, #8669, .T. ) ;
#6255 = DIRECTION ( 'NONE',  ( 0.5845683251975072325, -0.3375006799125115364, -0.7378164841167307308 ) ) ;
#6256 = CARTESIAN_POINT ( 'NONE',  ( 712.8967297535316447, 901.7165219572484602, 1222.871757813187514 ) ) ;
#6257 = DIRECTION ( 'NONE',  ( -1.000000000000000000, -0.000000000000000000, -0.000000000000000000 ) ) ;
#6258 = ORIENTED_EDGE ( 'NONE', *, *, #9247, .T. ) ;
#6259 = ORIENTED_EDGE ( 'NONE', *, *, #5844, .T. ) ;
#6260 = CARTESIAN_POINT ( 'NONE',  ( 731.3379203506659678, 889.7767360968085768, 1231.719361080336512 ) ) ;
#6261 = CARTESIAN_POINT ( 'NONE',  ( 715.6318590026313586, 898.8446348440052134, 1229.669800577534943 ) ) ;
#6262 = CARTESIAN_POINT ( 'NONE',  ( 736.5053679891889260, 888.0860683166911258, 1198.313424403931322 ) ) ;
#6263 = EDGE_CURVE ( 'NONE', #9147, #3531, #4065, .T. ) ;
#6264 = CARTESIAN_POINT ( 'NONE',  ( 710.6549982265338485, 901.5542183066670532, 1214.432971186272653 ) ) ;
#6265 = CARTESIAN_POINT ( 'NONE',  ( 717.9844859920342515, 889.1786428611376323, 1203.903697096341830 ) ) ;
#6266 = CARTESIAN_POINT ( 'NONE',  ( 724.4202779218370551, 891.7913992196671416, 1212.380460436409521 ) ) ;
#6267 = CARTESIAN_POINT ( 'NONE',  ( 711.2253563940306549, 903.4730752626404637, 1220.259193592965403 ) ) ;
#6268 = ORIENTED_EDGE ( 'NONE', *, *, #7842, .F. ) ;
#6269 = CARTESIAN_POINT ( 'NONE',  ( 717.1800848525040237, 879.2510169669742481, 1212.380460436409521 ) ) ;
#6270 = ORIENTED_EDGE ( 'NONE', *, *, #5556, .T. ) ;
#6271 = DIRECTION ( 'NONE',  ( 0.5845683251975080097, -0.3375006799125091494, -0.7378164841167310639 ) ) ;
#6272 = CARTESIAN_POINT ( 'NONE',  ( 725.8370950929727314, 894.2453985451099925, 1212.380460436409521 ) ) ;
#6273 = EDGE_CURVE ( 'NONE', #9845, #9244, #7751, .T. ) ;
#6274 = AXIS2_PLACEMENT_3D ( 'NONE', #8783, #3422, #1011 ) ;
#6275 = B_SPLINE_CURVE_WITH_KNOTS ( 'NONE', 1,
 ( #9877, #2188 ),
 .UNSPECIFIED., .F., .F.,
 ( 2, 2 ),
 ( 0.000000000000000000, 0.002899999999998988890 ),
 .UNSPECIFIED. ) ;
#6276 = CARTESIAN_POINT ( 'NONE',  ( 736.8744580363199930, 887.8729740786247930, 1197.534672142002137 ) ) ;
#6277 = CARTESIAN_POINT ( 'NONE',  ( 725.8370950929727314, 894.2453985451099925, 1212.380460436409521 ) ) ;
#6278 = CARTESIAN_POINT ( 'NONE',  ( 719.8164766974746271, 896.2648362452946458, 1228.122180083831154 ) ) ;
#6279 = AXIS2_PLACEMENT_3D ( 'NONE', #4751, #4798, #867 ) ;
#6280 = CARTESIAN_POINT ( 'NONE',  ( 709.2906877849602552, 901.1166873258916894, 1212.903017673997510 ) ) ;
#6281 = B_SPLINE_CURVE_WITH_KNOTS ( 'NONE', 3,
 ( #7559, #1388, #9322, #2816, #4533, #2248, #7661, #496 ),
 .UNSPECIFIED., .F., .F.,
 ( 4, 2, 2, 4 ),
 ( 0.000000000000000000, 0.001064839483346823219, 0.001597259225020323734, 0.002129678966693824681 ),
 .UNSPECIFIED. ) ;
#6282 = ORIENTED_EDGE ( 'NONE', *, *, #3325, .T. ) ;
#6283 = CARTESIAN_POINT ( 'NONE',  ( 733.3759019806956303, 890.6844518054820128, 1195.315484298459751 ) ) ;
#6284 = CARTESIAN_POINT ( 'NONE',  ( 741.2121886281705656, 885.3685841537478609, 1208.120527141220691 ) ) ;
#6285 = CARTESIAN_POINT ( 'NONE',  ( 743.1713637030086375, 887.7015555120376575, 1234.086781508788363 ) ) ;
#6286 = EDGE_CURVE ( 'NONE', #5209, #7585, #5301, .T. ) ;
#6287 = EDGE_CURVE ( 'NONE', #9396, #5209, #8109, .T. ) ;
#6288 = ORIENTED_EDGE ( 'NONE', *, *, #10100, .T. ) ;
#6289 = AXIS2_PLACEMENT_3D ( 'NONE', #687, #9193, #5286 ) ;
#6290 = CARTESIAN_POINT ( 'NONE',  ( 717.1800848525040237, 879.2510169669742481, 1212.380460436409521 ) ) ;
#6291 = PLANE ( 'NONE',  #6307 ) ;
#6292 = CARTESIAN_POINT ( 'NONE',  ( 711.6506172593984729, 902.4359653411767113, 1204.318318221034588 ) ) ;
#6293 = CARTESIAN_POINT ( 'NONE',  ( 733.6952732889484423, 888.5227809612190413, 1194.361642879390274 ) ) ;
#6294 = ORIENTED_EDGE ( 'NONE', *, *, #6790, .F. ) ;
#6295 = CARTESIAN_POINT ( 'NONE',  ( 735.9775387115440708, 888.3908106922258412, 1226.388799771450749 ) ) ;
#6296 = DIRECTION ( 'NONE',  ( -0.5845683251975072325, 0.3375006799125115364, 0.7378164841167307308 ) ) ;
#6297 = B_SPLINE_CURVE_WITH_KNOTS ( 'NONE', 3,
 ( #7392, #8013, #229, #3369, #2645, #952, #4102, #331 ),
 .UNSPECIFIED., .F., .F.,
 ( 4, 2, 2, 4 ),
 ( 0.000000000000000000, 0.001064839483347266658, 0.001597259225020825936, 0.002129678966694384997 ),
 .UNSPECIFIED. ) ;
#6298 = ORIENTED_EDGE ( 'NONE', *, *, #9686, .F. ) ;
#6299 = CARTESIAN_POINT ( 'NONE',  ( 717.1800848525040237, 879.2510169669742481, 1212.380460436409521 ) ) ;
#6300 = ADVANCED_FACE ( 'NONE', ( #8662 ), #1478, .F. ) ;
#6301 = VERTEX_POINT ( 'NONE', #1225 ) ;
#6302 = FACE_OUTER_BOUND ( 'NONE', #4037, .T. ) ;
#6303 = AXIS2_PLACEMENT_3D ( 'NONE', #3931, #789, #692 ) ;
#6304 = CARTESIAN_POINT ( 'NONE',  ( 735.0370666593059923, 889.7253779311179187, 1196.391173448260588 ) ) ;
#6305 = CARTESIAN_POINT ( 'NONE',  ( 717.1800848525040237, 879.2510169669742481, 1212.380460436409521 ) ) ;
#6306 = DATE_AND_TIME ( #5308, #5795 ) ;
#6307 = AXIS2_PLACEMENT_3D ( 'NONE', #2361, #5520, #8659 ) ;
#6308 = B_SPLINE_SURFACE_WITH_KNOTS ( 'NONE', 3, 1, ( 
 ( #7074, #5442 ),
 ( #8525, #3886 ),
 ( #644, #2952 ),
 ( #6981, #7698 ),
 ( #2326, #3156 ),
 ( #2173, #1520 ) ),
 .UNSPECIFIED., .F., .F., .F.,
 ( 4, 1, 1, 4 ),
 ( 2, 2 ),
 ( 0.000000000000000000, 0.3395620866332510479, 0.7109345430498769103, 1.000000000000000000 ),
 ( 0.000000000000000000, 1.000000000000000000 ),
 .UNSPECIFIED. ) ;
#6309 = ORIENTED_EDGE ( 'NONE', *, *, #7153, .F. ) ;
#6310 = VERTEX_POINT ( 'NONE', #6736 ) ;
#6311 = CARTESIAN_POINT ( 'NONE',  ( 738.2319017523512912, 887.0892535837643891, 1201.044566352533820 ) ) ;
#6312 = EDGE_CURVE ( 'NONE', #1432, #7023, #2948, .T. ) ;
#6313 = CARTESIAN_POINT ( 'NONE',  ( 712.1865087884601735, 900.6700970250971068, 1204.601420082758978 ) ) ;
#6314 = LINE ( 'NONE', #2383, #4387 ) ;
#6315 = CARTESIAN_POINT ( 'NONE',  ( 730.4260482228895626, 892.3850363262744168, 1230.715248786897973 ) ) ;
#6316 = AXIS2_PLACEMENT_3D ( 'NONE', #9683, #2768, #9884 ) ;
#6317 = FACE_OUTER_BOUND ( 'NONE', #5403, .T. ) ;
#6318 = CARTESIAN_POINT ( 'NONE',  ( 740.6496522289146469, 885.6933646952873005, 1205.993199289411450 ) ) ;
#6319 = CC_DESIGN_DATE_AND_TIME_ASSIGNMENT ( #9453, #6841, ( #5693 ) ) ;
#6320 = CARTESIAN_POINT ( 'NONE',  ( 710.3317194072428720, 903.1974313711525610, 1220.271787164835814 ) ) ;
#6321 = B_SPLINE_CURVE_WITH_KNOTS ( 'NONE', 3,
 ( #1435, #4577, #7810, #652 ),
 .UNSPECIFIED., .F., .F.,
 ( 4, 4 ),
 ( 0.000000000000000000, 0.001331005199731624157 ),
 .UNSPECIFIED. ) ;
#6322 = ORIENTED_EDGE ( 'NONE', *, *, #8711, .T. ) ;
#6323 = VERTEX_POINT ( 'NONE', #6792 ) ;
#6324 = CARTESIAN_POINT ( 'NONE',  ( 713.8790444214836270, 897.8773832186659547, 1198.876983507578188 ) ) ;
#6325 = VERTEX_POINT ( 'NONE', #1282 ) ;
#6326 = DIRECTION ( 'NONE',  ( -0.5000000000000009992, -0.8660254037844382635, -0.000000000000000000 ) ) ;
#6327 = DIRECTION ( 'NONE',  ( 0.1283246377134754368, 0.7204712809011017960, -0.6815085624938479469 ) ) ;
#6328 = CARTESIAN_POINT ( 'NONE',  ( 711.0022397512065027, 902.8103062700679402, 1202.925407445507062 ) ) ;
#6329 = CARTESIAN_POINT ( 'NONE',  ( 742.7348012678797886, 883.3879430105901065, 1216.171625735793214 ) ) ;
#6330 = EDGE_CURVE ( 'NONE', #4211, #235, #8726, .T. ) ;
#6331 = DIRECTION ( 'NONE',  ( -0.5000000000000008882, -0.8660254037844380415, -0.000000000000000000 ) ) ;
#6332 = EDGE_LOOP ( 'NONE', ( #4833, #3224, #3116, #4878 ) ) ;
#6333 = FACE_OUTER_BOUND ( 'NONE', #2561, .T. ) ;
#6334 = CARTESIAN_POINT ( 'NONE',  ( 717.1800848525040237, 879.2510169669742481, 1212.380460436409521 ) ) ;
#6335 = CARTESIAN_POINT ( 'NONE',  ( 713.9670542927095767, 899.9128735093299838, 1196.691006600970923 ) ) ;
#6336 = EDGE_LOOP ( 'NONE', ( #6729, #7032, #1005, #1216 ) ) ;
#6337 = AXIS2_PLACEMENT_3D ( 'NONE', #3083, #610, #1540 ) ;
#6338 = CARTESIAN_POINT ( 'NONE',  ( 709.1418282144579734, 903.8844153716133860, 1215.725011659299525 ) ) ;
#6339 = CARTESIAN_POINT ( 'NONE',  ( 717.1800848525040237, 879.2510169669742481, 1212.380460436409521 ) ) ;
#6340 = CARTESIAN_POINT ( 'NONE',  ( 733.4511869222316136, 889.8494005778527480, 1194.901060792931048 ) ) ;
#6341 = ADVANCED_FACE ( 'NONE', ( #6114 ), #4610, .F. ) ;
#6342 = DIRECTION ( 'NONE',  ( 0.5845683251975080097, -0.3375006799125091494, -0.7378164841167310639 ) ) ;
#6343 = CARTESIAN_POINT ( 'NONE',  ( 739.6774161921612176, 886.2546854328226118, 1203.552528489304677 ) ) ;
#6344 = EDGE_CURVE ( 'NONE', #757, #97, #7619, .T. ) ;
#6345 = CARTESIAN_POINT ( 'NONE',  ( 713.7695738499833169, 891.6121235209615179, 1214.955687275721402 ) ) ;
#6346 = CARTESIAN_POINT ( 'NONE',  ( 720.1780451392080522, 896.0561756704389609, 1228.281095086924779 ) ) ;
#6347 = ORIENTED_EDGE ( 'NONE', *, *, #5400, .F. ) ;
#6348 = VERTEX_POINT ( 'NONE', #4322 ) ;
#6349 = CARTESIAN_POINT ( 'NONE',  ( 709.5901523848216357, 903.6255752911696391, 1206.823686078949549 ) ) ;
#6350 = CARTESIAN_POINT ( 'NONE',  ( 741.2376313823505143, 884.1681984856716099, 1221.349887602401168 ) ) ;
#6351 = B_SPLINE_CURVE_WITH_KNOTS ( 'NONE', 1,
 ( #4116, #4949 ),
 .UNSPECIFIED., .F., .F.,
 ( 2, 2 ),
 ( 1.456043846448817982E-15, 0.002899999999998551740 ),
 .UNSPECIFIED. ) ;
#6352 = ORIENTED_EDGE ( 'NONE', *, *, #6030, .T. ) ;
#6353 = CARTESIAN_POINT ( 'NONE',  ( 712.0260321604574756, 901.0335231598887731, 1198.876645878563977 ) ) ;
#6354 = CARTESIAN_POINT ( 'NONE',  ( 717.1800848525040237, 879.2510169669742481, 1212.380460436409521 ) ) ;
#6355 = EDGE_CURVE ( 'NONE', #4861, #685, #3597, .T. ) ;
#6356 = CARTESIAN_POINT ( 'NONE',  ( 708.1040538907175232, 903.2978783696797791, 1217.152143731561409 ) ) ;
#6357 = VERTEX_POINT ( 'NONE', #8432 ) ;
#6358 = ORIENTED_EDGE ( 'NONE', *, *, #3752, .F. ) ;
#6359 = CARTESIAN_POINT ( 'NONE',  ( 742.8090994540642669, 883.2609109714451279, 1209.144845589812576 ) ) ;
#6360 = AXIS2_PLACEMENT_3D ( 'NONE', #272, #1814, #8152 ) ;
#6361 = CARTESIAN_POINT ( 'NONE',  ( 727.1338556037518401, 893.4967135151373441, 1231.018828956579455 ) ) ;
#6362 = CARTESIAN_POINT ( 'NONE',  ( 737.8492056087561650, 885.8536353541425115, 1220.948728840847707 ) ) ;
#6363 = CARTESIAN_POINT ( 'NONE',  ( 717.1800848525040237, 879.2510169669742481, 1212.380460436409521 ) ) ;
#6364 = CARTESIAN_POINT ( 'NONE',  ( 714.2584181763767219, 901.7194218857869146, 1225.447867150641514 ) ) ;
#6365 = EDGE_CURVE ( 'NONE', #8688, #9665, #6138, .T. ) ;
#6366 = VECTOR ( 'NONE', #8050, 1000.000000000000114 ) ;
#6367 = CARTESIAN_POINT ( 'NONE',  ( 723.1117586843718072, 892.5468731536450377, 1194.263680075299590 ) ) ;
#6368 = EDGE_LOOP ( 'NONE', ( #9999, #4066, #1258, #6147 ) ) ;
#6369 = FACE_OUTER_BOUND ( 'NONE', #5980, .T. ) ;
#6370 = VERTEX_POINT ( 'NONE', #10037 ) ;
#6371 = CARTESIAN_POINT ( 'NONE',  ( 736.3773195419304329, 886.0840252421019159, 1201.123702133555753 ) ) ;
#6372 = ORIENTED_EDGE ( 'NONE', *, *, #3592, .F. ) ;
#6373 = CARTESIAN_POINT ( 'NONE',  ( 736.7156531228532685, 887.9646601381637083, 1226.231099354690969 ) ) ;
#6374 = CARTESIAN_POINT ( 'NONE',  ( 722.7901777870093838, 895.3460192679739293, 1232.201834328340510 ) ) ;
#6375 = CIRCLE ( 'NONE', #4072, 20.44804870789273821 ) ;
#6376 = DIRECTION ( 'NONE',  ( 0.5845683251975080097, -0.3375006799125091494, -0.7378164841167310639 ) ) ;
#6377 = DIRECTION ( 'NONE',  ( 0.5845683251973503580, -0.3375006799124267154, -0.7378164841168937116 ) ) ;
#6378 = CARTESIAN_POINT ( 'NONE',  ( 718.3739538338777493, 895.5746827350625381, 1228.885641138099345 ) ) ;
#6379 = FACE_OUTER_BOUND ( 'NONE', #6718, .T. ) ;
#6380 = ORIENTED_EDGE ( 'NONE', *, *, #4056, .F. ) ;
#6381 = CARTESIAN_POINT ( 'NONE',  ( 737.6870805477662998, 886.2181099657899495, 1227.020050099713217 ) ) ;
#6382 = CARTESIAN_POINT ( 'NONE',  ( 714.0288274206674259, 898.0833426394203798, 1199.124463166734813 ) ) ;
#6383 = ORIENTED_EDGE ( 'NONE', *, *, #9647, .F. ) ;
#6384 = CARTESIAN_POINT ( 'NONE',  ( 739.9403479494446856, 884.0269098318921124, 1213.429126445494603 ) ) ;
#6385 = CARTESIAN_POINT ( 'NONE',  ( 709.0229098816724900, 903.9869466869216694, 1214.521542602643422 ) ) ;
#6386 = ORIENTED_EDGE ( 'NONE', *, *, #8732, .T. ) ;
#6387 = EDGE_CURVE ( 'NONE', #5613, #7390, #6275, .T. ) ;
#6388 = CARTESIAN_POINT ( 'NONE',  ( 715.4474020044192457, 896.9718915459396840, 1227.318689619998395 ) ) ;
#6389 = B_SPLINE_CURVE_WITH_KNOTS ( 'NONE', 3,
 ( #562, #6806, #4296, #3812 ),
 .UNSPECIFIED., .F., .F.,
 ( 4, 4 ),
 ( 0.000000000000000000, 0.001331005199731729108 ),
 .UNSPECIFIED. ) ;
#6390 = CARTESIAN_POINT ( 'NONE',  ( 717.9524449902471588, 897.5048438993771924, 1193.634009853742782 ) ) ;
#6391 = CARTESIAN_POINT ( 'NONE',  ( 731.0587338722759796, 889.7742141968504939, 1227.900389695070544 ) ) ;
#6392 = B_SPLINE_SURFACE_WITH_KNOTS ( 'NONE', 3, 1, ( 
 ( #3740, #6883 ),
 ( #9257, #536 ),
 ( #6936, #3686 ),
 ( #5195, #10031 ) ),
 .UNSPECIFIED., .F., .F., .F.,
 ( 4, 4 ),
 ( 2, 2 ),
 ( 0.000000000000000000, 1.000000000000000000 ),
 ( 0.000000000000000000, 1.000000000000000000 ),
 .UNSPECIFIED. ) ;
#6393 = CARTESIAN_POINT ( 'NONE',  ( 707.6750527934783577, 903.5455622686533843, 1214.061018959944249 ) ) ;
#6394 = ORIENTED_EDGE ( 'NONE', *, *, #10060, .F. ) ;
#6395 = ORIENTED_EDGE ( 'NONE', *, *, #6731, .T. ) ;
#6396 = CARTESIAN_POINT ( 'NONE',  ( 735.0770737013647249, 887.4542246148304230, 1199.865351280807090 ) ) ;
#6397 = ORIENTED_EDGE ( 'NONE', *, *, #1759, .F. ) ;
#6398 = CARTESIAN_POINT ( 'NONE',  ( 725.3236735400701036, 893.3561263297817732, 1212.380460436409521 ) ) ;
#6399 = EDGE_CURVE ( 'NONE', #5891, #1314, #2966, .T. ) ;
#6400 = EDGE_CURVE ( 'NONE', #8289, #535, #5962, .T. ) ;
#6401 = B_SPLINE_CURVE_WITH_KNOTS ( 'NONE', 1,
 ( #2055, #1456 ),
 .UNSPECIFIED., .F., .F.,
 ( 2, 2 ),
 ( 0.000000000000000000, 0.002900000000000339372 ),
 .UNSPECIFIED. ) ;
#6402 = ORIENTED_EDGE ( 'NONE', *, *, #638, .F. ) ;
#6403 = CARTESIAN_POINT ( 'NONE',  ( 728.5968508938366313, 891.4663565034794601, 1192.284745072811347 ) ) ;
#6404 = CARTESIAN_POINT ( 'NONE',  ( 740.3560842454402291, 886.6544416959393402, 1221.987941358388525 ) ) ;
#6405 = CARTESIAN_POINT ( 'NONE',  ( 714.7011814994754104, 899.2181533048437814, 1224.186850675803726 ) ) ;
#6406 = ORIENTED_EDGE ( 'NONE', *, *, #10002, .T. ) ;
#6407 = VERTEX_POINT ( 'NONE', #4420 ) ;
#6408 = CARTESIAN_POINT ( 'NONE',  ( 717.1800848525040237, 879.2510169669742481, 1212.380460436409521 ) ) ;
#6409 = CARTESIAN_POINT ( 'NONE',  ( 732.5059651367679407, 888.1670947482930387, 1227.451714353545412 ) ) ;
#6410 = CARTESIAN_POINT ( 'NONE',  ( 720.3311412587596578, 897.9685679575114818, 1194.398209586269786 ) ) ;
#6411 = ADVANCED_FACE ( 'NONE', ( #7556 ), #10098, .T. ) ;
#6412 = ADVANCED_FACE ( 'NONE', ( #9415 ), #3032, .F. ) ;
#6413 = FACE_OUTER_BOUND ( 'NONE', #736, .T. ) ;
#6414 = ORIENTED_EDGE ( 'NONE', *, *, #3229, .T. ) ;
#6415 = CARTESIAN_POINT ( 'NONE',  ( 718.4388673036460204, 895.2447682501971258, 1195.563871499649167 ) ) ;
#6416 = CARTESIAN_POINT ( 'NONE',  ( 710.0335289056524744, 903.3695917375154067, 1211.801875105727959 ) ) ;
#6417 = VERTEX_POINT ( 'NONE', #7862 ) ;
#6418 = CARTESIAN_POINT ( 'NONE',  ( 780.5717232886125885, 869.8434747564627969, 1212.380460436409066 ) ) ;
#6419 = ORIENTED_EDGE ( 'NONE', *, *, #4, .T. ) ;
#6420 = CARTESIAN_POINT ( 'NONE',  ( 717.1800848525040237, 879.2510169669742481, 1212.380460436409521 ) ) ;
#6421 = B_SPLINE_CURVE_WITH_KNOTS ( 'NONE', 3,
 ( #4560, #9, #7637, #7069, #9347, #5435, #3150, #4662 ),
 .UNSPECIFIED., .F., .F.,
 ( 4, 2, 2, 4 ),
 ( 0.000000000000000000, 0.0005319171944742742729, 0.001063834388948548546, 0.002127668777897235436 ),
 .UNSPECIFIED. ) ;
#6422 = EDGE_LOOP ( 'NONE', ( #5506, #10184, #4614, #2020 ) ) ;
#6423 = CARTESIAN_POINT ( 'NONE',  ( 718.2602208171990696, 896.3918790660264904, 1196.678680380504602 ) ) ;
#6424 = DIRECTION ( 'NONE',  ( -0.5845683251975072325, 0.3375006799125115364, 0.7378164841167307308 ) ) ;
#6425 = EDGE_CURVE ( 'NONE', #8212, #1362, #3933, .T. ) ;
#6426 = CARTESIAN_POINT ( 'NONE',  ( 734.7640801041900431, 887.6349301483126055, 1225.215544075555044 ) ) ;
#6427 = B_SPLINE_SURFACE_WITH_KNOTS ( 'NONE', 3, 1, ( 
 ( #1848, #4231 ),
 ( #1899, #8756 ),
 ( #9533, #8187 ),
 ( #3289, #4070 ),
 ( #4282, #7203 ),
 ( #2458, #9738 ) ),
 .UNSPECIFIED., .F., .F., .F.,
 ( 4, 1, 1, 4 ),
 ( 2, 2 ),
 ( 0.000000000000000000, 0.3395620866332510479, 0.7109345430498769103, 1.000000000000000000 ),
 ( 0.000000000000000000, 1.000000000000000000 ),
 .UNSPECIFIED. ) ;
#6428 = DIRECTION ( 'NONE',  ( 0.5845683251975080097, -0.3375006799125091494, -0.7378164841167310639 ) ) ;
#6429 = CARTESIAN_POINT ( 'NONE',  ( 714.0722482322731821, 901.0378360471095220, 1199.532033711071335 ) ) ;
#6430 = CARTESIAN_POINT ( 'NONE',  ( 720.0462094827648798, 895.9744309105323055, 1196.390948183711089 ) ) ;
#6431 = CARTESIAN_POINT ( 'NONE',  ( 737.8345557586238783, 887.3186614002044053, 1224.272701083720222 ) ) ;
#6432 = ORIENTED_EDGE ( 'NONE', *, *, #6344, .T. ) ;
#6433 = CARTESIAN_POINT ( 'NONE',  ( 717.1800848525040237, 879.2510169669742481, 1212.380460436409521 ) ) ;
#6434 = CARTESIAN_POINT ( 'NONE',  ( 729.2429462266990186, 890.8225596828150401, 1196.107490289900852 ) ) ;
#6435 = CARTESIAN_POINT ( 'NONE',  ( 725.9437266857926261, 894.1838347662911701, 1192.814841508976997 ) ) ;
#6436 = ORIENTED_EDGE ( 'NONE', *, *, #7337, .T. ) ;
#6437 = CARTESIAN_POINT ( 'NONE',  ( 717.1800848525040237, 879.2510169669742481, 1212.380460436409521 ) ) ;
#6438 = ORIENTED_EDGE ( 'NONE', *, *, #336, .F. ) ;
#6439 = EDGE_CURVE ( 'NONE', #5921, #1867, #2674, .T. ) ;
#6440 = CARTESIAN_POINT ( 'NONE',  ( 726.0711015077635011, 894.9018803249059602, 1193.400427922415474 ) ) ;
#6441 = CARTESIAN_POINT ( 'NONE',  ( 742.8622475738947060, 884.0132328669155868, 1211.897845150163221 ) ) ;
#6442 = AXIS2_PLACEMENT_3D ( 'NONE', #9409, #5691, #10187 ) ;
#6443 = CARTESIAN_POINT ( 'NONE',  ( 717.1800848525040237, 879.2510169669742481, 1212.380460436409521 ) ) ;
#6444 = DIRECTION ( 'NONE',  ( 0.8660254037844280495, -0.5000000000000182077, 0.000000000000000000 ) ) ;
#6445 = CARTESIAN_POINT ( 'NONE',  ( 710.6873929324680148, 900.3102992330044572, 1204.965962849120388 ) ) ;
#6446 = VERTEX_POINT ( 'NONE', #6367 ) ;
#6447 = EDGE_CURVE ( 'NONE', #3221, #3685, #5328, .T. ) ;
#6448 = B_SPLINE_CURVE_WITH_KNOTS ( 'NONE', 3,
 ( #9365, #5546, #8636, #3017 ),
 .UNSPECIFIED., .F., .F.,
 ( 4, 4 ),
 ( 5.087681048627601209E-16, 0.001453450272863536031 ),
 .UNSPECIFIED. ) ;
#6449 = CARTESIAN_POINT ( 'NONE',  ( 713.2766966256781416, 898.8153640487198572, 1200.437970075666499 ) ) ;
#6450 = ORIENTED_EDGE ( 'NONE', *, *, #7294, .F. ) ;
#6451 = CARTESIAN_POINT ( 'NONE',  ( 722.5262736529970198, 892.8849030941207729, 1194.332809863042257 ) ) ;
#6452 = EDGE_LOOP ( 'NONE', ( #7236, #3639, #7131, #7993 ) ) ;
#6453 = FACE_OUTER_BOUND ( 'NONE', #3270, .T. ) ;
#6454 = CARTESIAN_POINT ( 'NONE',  ( 717.1800848525040237, 879.2510169669742481, 1212.380460436409521 ) ) ;
#6455 = EDGE_CURVE ( 'NONE', #7909, #5184, #7086, .T. ) ;
#6456 = CARTESIAN_POINT ( 'NONE',  ( 714.4796699825792530, 899.0334946652727695, 1224.393576807624868 ) ) ;
#6457 = ORIENTED_EDGE ( 'NONE', *, *, #5565, .T. ) ;
#6458 = VERTEX_POINT ( 'NONE', #2245 ) ;
#6459 = CARTESIAN_POINT ( 'NONE',  ( 725.3236735400701036, 893.3561263297817732, 1212.380460436409521 ) ) ;
#6460 = CARTESIAN_POINT ( 'NONE',  ( 712.2337812149203273, 900.6427715260313107, 1204.496740965073286 ) ) ;
#6461 = CARTESIAN_POINT ( 'NONE',  ( 720.5368016364308232, 898.0971098453959485, 1194.553554622572165 ) ) ;
#6462 = ORIENTED_EDGE ( 'NONE', *, *, #7436, .F. ) ;
#6463 = CARTESIAN_POINT ( 'NONE',  ( 711.3111891241501326, 901.4462379793301352, 1224.883382892854115 ) ) ;
#6464 = EDGE_LOOP ( 'NONE', ( #5019, #8750, #1726, #3672 ) ) ;
#6465 = FACE_OUTER_BOUND ( 'NONE', #2676, .T. ) ;
#6466 = CIRCLE ( 'NONE', #2837, 20.44804870789273821 ) ;
#6467 = CARTESIAN_POINT ( 'NONE',  ( 709.9522552124500407, 904.2055862321841460, 1209.355493415188675 ) ) ;
#6468 = EDGE_CURVE ( 'NONE', #900, #2079, #4084, .T. ) ;
#6469 = VERTEX_POINT ( 'NONE', #9511 ) ;
#6470 = CARTESIAN_POINT ( 'NONE',  ( 708.0584161131832843, 903.3242273528240958, 1207.833973447737890 ) ) ;
#6471 = EDGE_CURVE ( 'NONE', #1945, #6251, #2508, .T. ) ;
#6472 = ORIENTED_EDGE ( 'NONE', *, *, #374, .T. ) ;
#6473 = CARTESIAN_POINT ( 'NONE',  ( 712.5778133424081489, 902.4449539171328070, 1223.538309821283747 ) ) ;
#6474 = ORIENTED_EDGE ( 'NONE', *, *, #3446, .F. ) ;
#6475 = DIRECTION ( 'NONE',  ( 0.5845683251975080097, -0.3375006799125091494, -0.7378164841167310639 ) ) ;
#6476 = CARTESIAN_POINT ( 'NONE',  ( 712.8534582733660727, 901.7415047579702332, 1201.960674775643611 ) ) ;
#6477 = CARTESIAN_POINT ( 'NONE',  ( 731.4036122605673427, 889.8458720728486924, 1231.585541955818371 ) ) ;
#6478 = AXIS2_PLACEMENT_3D ( 'NONE', #1459, #3041, #4801 ) ;
#6479 = CARTESIAN_POINT ( 'NONE',  ( 734.3569635589935842, 889.3264501927925494, 1197.000143304985386 ) ) ;
#6480 = B_SPLINE_CURVE_WITH_KNOTS ( 'NONE', 3,
 ( #4606, #7935, #4860, #4806, #5674, #6445, #4019, #828 ),
 .UNSPECIFIED., .F., .F.,
 ( 4, 2, 2, 4 ),
 ( 0.000000000000000000, 0.0005319171944569908977, 0.001063834388913981795, 0.002127668777827963591 ),
 .UNSPECIFIED. ) ;
#6481 = FACE_OUTER_BOUND ( 'NONE', #5283, .T. ) ;
#6482 = DIRECTION ( 'NONE',  ( -0.4999999999999988343, -0.8660254037844394848, 2.975261781898571487E-15 ) ) ;
#6483 = CARTESIAN_POINT ( 'NONE',  ( 746.0506273993267996, 886.0392118418999416, 1163.392431337772678 ) ) ;
#6484 = EDGE_CURVE ( 'NONE', #10111, #348, #1136, .T. ) ;
#6485 = ORIENTED_EDGE ( 'NONE', *, *, #1498, .T. ) ;
#6486 = VECTOR ( 'NONE', #8644, 1000.000000000000000 ) ;
#6487 = CARTESIAN_POINT ( 'NONE',  ( 738.8042123213562036, 885.3023202357697983, 1218.705806370841401 ) ) ;
#6488 = ORIENTED_EDGE ( 'NONE', *, *, #5611, .T. ) ;
#6489 = CARTESIAN_POINT ( 'NONE',  ( 717.1800848525040237, 879.2510169669742481, 1212.380460436409521 ) ) ;
#6490 = CARTESIAN_POINT ( 'NONE',  ( 735.9775387115440708, 888.3908106922258412, 1226.388799771450749 ) ) ;
#6491 = EDGE_LOOP ( 'NONE', ( #2831, #8520, #3465, #7216 ) ) ;
#6492 = CARTESIAN_POINT ( 'NONE',  ( 742.7730683410756001, 884.4674098313295190, 1211.754080949453282 ) ) ;
#6493 = CARTESIAN_POINT ( 'NONE',  ( 727.9596907841488473, 893.0199173514289441, 1231.355536058338885 ) ) ;
#6494 = CARTESIAN_POINT ( 'NONE',  ( 717.1800848525040237, 879.2510169669742481, 1212.380460436409521 ) ) ;
#6495 = CARTESIAN_POINT ( 'NONE',  ( 732.7808969866262032, 888.7798247014654862, 1226.873176874970113 ) ) ;
#6496 = EDGE_CURVE ( 'NONE', #9308, #9909, #6920, .T. ) ;
#6497 = ORIENTED_EDGE ( 'NONE', *, *, #1125, .T. ) ;
#6498 = DIRECTION ( 'NONE',  ( 0.5845683251975072325, -0.3375006799125115364, -0.7378164841167307308 ) ) ;
#6499 = ORIENTED_EDGE ( 'NONE', *, *, #6775, .F. ) ;
#6500 = CIRCLE ( 'NONE', #768, 18.17967805303275597 ) ;
#6501 = CARTESIAN_POINT ( 'NONE',  ( 742.1637182141998892, 885.6108037374795003, 1207.951858904651772 ) ) ;
#6502 = CARTESIAN_POINT ( 'NONE',  ( 728.0981657402527389, 892.2814509943135590, 1232.240279256188160 ) ) ;
#6503 = ORIENTED_EDGE ( 'NONE', *, *, #2835, .F. ) ;
#6504 = CARTESIAN_POINT ( 'NONE',  ( 717.1800848525040237, 879.2510169669742481, 1212.380460436409521 ) ) ;
#6505 = EDGE_CURVE ( 'NONE', #7692, #5374, #9747, .T. ) ;
#6506 = FACE_OUTER_BOUND ( 'NONE', #3571, .T. ) ;
#6507 = CARTESIAN_POINT ( 'NONE',  ( 726.7192519111137017, 892.1217480682123551, 1195.442328333059777 ) ) ;
#6508 = CARTESIAN_POINT ( 'NONE',  ( 714.5742323238557674, 900.0894975927726591, 1196.812019198640655 ) ) ;
#6509 = ORIENTED_EDGE ( 'NONE', *, *, #9685, .T. ) ;
#6510 = B_SPLINE_CURVE_WITH_KNOTS ( 'NONE', 3,
 ( #7804, #8775, #2283, #4874, #9505, #8631, #3260, #6311, #3117, #748 ),
 .UNSPECIFIED., .F., .F.,
 ( 4, 3, 3, 4 ),
 ( 0.000000000000000000, 0.0001770953904238475732, 0.0003541907790579676548, 0.0006813326750119154916 ),
 .UNSPECIFIED. ) ;
#6511 = ORIENTED_EDGE ( 'NONE', *, *, #8544, .F. ) ;
#6512 = CARTESIAN_POINT ( 'NONE',  ( 737.7258587644309955, 885.9249478456438283, 1221.186856051725499 ) ) ;
#6513 = B_SPLINE_SURFACE_WITH_KNOTS ( 'NONE', 3, 1, ( 
 ( #1162, #9920 ),
 ( #3734, #6001 ),
 ( #2906, #5245 ),
 ( #8320, #9042 ) ),
 .UNSPECIFIED., .F., .F., .F.,
 ( 4, 4 ),
 ( 2, 2 ),
 ( 0.000000000000000000, 1.000000000000000000 ),
 ( 0.000000000000000000, 1.000000000000000000 ),
 .UNSPECIFIED. ) ;
#6514 = CARTESIAN_POINT ( 'NONE',  ( 718.0195390871372183, 898.7588666094843575, 1229.739695112409436 ) ) ;
#6515 = EDGE_LOOP ( 'NONE', ( #8411, #9150, #2844, #7434 ) ) ;
#6516 = EDGE_CURVE ( 'NONE', #8767, #745, #3217, .T. ) ;
#6517 = B_SPLINE_CURVE_WITH_KNOTS ( 'NONE', 3,
 ( #1509, #3872, #7015, #8661 ),
 .UNSPECIFIED., .F., .F.,
 ( 4, 4 ),
 ( 0.000000000000000000, 0.001331005199731744937 ),
 .UNSPECIFIED. ) ;
#6518 = CARTESIAN_POINT ( 'NONE',  ( 717.1800848525040237, 879.2510169669742481, 1212.380460436409521 ) ) ;
#6519 = ORIENTED_EDGE ( 'NONE', *, *, #4867, .T. ) ;
#6520 = CARTESIAN_POINT ( 'NONE',  ( 722.3032798904334868, 896.2856477035622902, 1193.244678824603625 ) ) ;
#6521 = CARTESIAN_POINT ( 'NONE',  ( 713.6465780885840786, 904.7476984342916921, 1234.086781508788363 ) ) ;
#6522 = VERTEX_POINT ( 'NONE', #6942 ) ;
#6523 = DIRECTION ( 'NONE',  ( -0.5000000000000008882, -0.8660254037844380415, -0.000000000000000000 ) ) ;
#6524 = VECTOR ( 'NONE', #4002, 1000.000000000000000 ) ;
#6525 = ORIENTED_EDGE ( 'NONE', *, *, #9800, .T. ) ;
#6526 = VECTOR ( 'NONE', #7430, 1000.000000000000227 ) ;
#6527 = ORIENTED_EDGE ( 'NONE', *, *, #1386, .F. ) ;
#6528 = CARTESIAN_POINT ( 'NONE',  ( 731.6240488125132515, 889.4477313062006942, 1197.161351800889406 ) ) ;
#6529 = ORIENTED_EDGE ( 'NONE', *, *, #8914, .F. ) ;
#6530 = CARTESIAN_POINT ( 'NONE',  ( 725.8961916935271574, 893.5527613029388476, 1192.308123869599967 ) ) ;
#6531 = DIRECTION ( 'NONE',  ( 0.000000000000000000, -1.551108497285260326E-16, 1.000000000000000000 ) ) ;
#6532 = ADVANCED_FACE ( 'NONE', ( #7907 ), #1530, .F. ) ;
#6533 = EDGE_CURVE ( 'NONE', #1917, #4336, #4154, .T. ) ;
#6534 = CONICAL_SURFACE ( 'NONE', #437, 15.92264581449857808, 0.6726123225548237272 ) ;
#6535 = LINE ( 'NONE', #7142, #6176 ) ;
#6536 = B_SPLINE_CURVE_WITH_KNOTS ( 'NONE', 3,
 ( #7103, #5610, #9577, #6384, #2559, #4850, #1641, #4797 ),
 .UNSPECIFIED., .F., .F.,
 ( 4, 2, 2, 4 ),
 ( 0.000000000000000000, 0.0005319171944745621286, 0.001063834388949124257, 0.002127668777898248514 ),
 .UNSPECIFIED. ) ;
#6537 = DIRECTION ( 'NONE',  ( 0.4999999999999988343, 0.8660254037844394848, -2.975261781898571487E-15 ) ) ;
#6538 = CARTESIAN_POINT ( 'NONE',  ( 723.2750259460702864, 895.3219205464167771, 1192.706547479237543 ) ) ;
#6539 = CARTESIAN_POINT ( 'NONE',  ( 741.4422894665214017, 885.2696091566483574, 1204.757342256854827 ) ) ;
#6540 = CARTESIAN_POINT ( 'NONE',  ( 738.9345270869495153, 885.2270887092512339, 1206.442706223563164 ) ) ;
#6541 = FACE_OUTER_BOUND ( 'NONE', #6422, .T. ) ;
#6542 = ORIENTED_EDGE ( 'NONE', *, *, #2303, .F. ) ;
#6543 = CARTESIAN_POINT ( 'NONE',  ( 717.1800848525040237, 879.2510169669742481, 1212.380460436409521 ) ) ;
#6544 = CARTESIAN_POINT ( 'NONE',  ( 709.9180525463009417, 904.2253331506925633, 1215.149736864757415 ) ) ;
#6545 = VERTEX_POINT ( 'NONE', #7287 ) ;
#6546 = CARTESIAN_POINT ( 'NONE',  ( 733.1688278752933456, 889.3539028456781352, 1230.427645763761575 ) ) ;
#6547 = VECTOR ( 'NONE', #2557, 1000.000000000000000 ) ;
#6548 = VERTEX_POINT ( 'NONE', #4204 ) ;
#6549 = DIRECTION ( 'NONE',  ( -0.5000000000000009992, -0.8660254037844382635, -0.000000000000000000 ) ) ;
#6550 = ORIENTED_EDGE ( 'NONE', *, *, #2295, .T. ) ;
#6551 = EDGE_CURVE ( 'NONE', #2930, #7538, #4456, .T. ) ;
#6552 = CARTESIAN_POINT ( 'NONE',  ( 742.9491546104241024, 883.5672887985264197, 1212.067458232140552 ) ) ;
#6553 = CARTESIAN_POINT ( 'NONE',  ( 717.1800848525040237, 879.2510169669742481, 1212.380460436409521 ) ) ;
#6554 = CIRCLE ( 'NONE', #453, 20.44804870789273821 ) ;
#6555 = CARTESIAN_POINT ( 'NONE',  ( 744.1713637030086375, 889.4336063196062696, 1190.196798703381319 ) ) ;
#6556 = CARTESIAN_POINT ( 'NONE',  ( 742.7301047026840024, 883.3065186124188131, 1216.141342629299743 ) ) ;
#6557 = B_SPLINE_CURVE_WITH_KNOTS ( 'NONE', 3,
 ( #9182, #2008, #1352, #568, #3617, #4496, #5984, #5175, #8302, #1247 ),
 .UNSPECIFIED., .F., .F.,
 ( 4, 3, 3, 4 ),
 ( 0.000000000000000000, 0.0001770953904237779946, 0.0003541907790578852013, 0.0006813326750119827122 ),
 .UNSPECIFIED. ) ;
#6558 = CARTESIAN_POINT ( 'NONE',  ( 736.8600121081383350, 886.1120878487151913, 1201.960317018595788 ) ) ;
#6559 = ORIENTED_EDGE ( 'NONE', *, *, #1790, .T. ) ;
#6560 = CARTESIAN_POINT ( 'NONE',  ( 741.1107847051757744, 885.4271297359857726, 1217.101785194815875 ) ) ;
#6561 = CARTESIAN_POINT ( 'NONE',  ( 728.0863839398928121, 892.9806448077189316, 1231.759312699342445 ) ) ;
#6562 = ADVANCED_FACE ( 'NONE', ( #4990 ), #4831, .T. ) ;
#6563 = CARTESIAN_POINT ( 'NONE',  ( 736.5184242900505751, 888.0785302578740357, 1198.918995851386853 ) ) ;
#6564 = CARTESIAN_POINT ( 'NONE',  ( 739.4088702573453702, 886.4097305005783483, 1203.013022150096049 ) ) ;
#6565 = CARTESIAN_POINT ( 'NONE',  ( 709.4848422002935422, 904.2306816386284254, 1211.719543942873088 ) ) ;
#6566 = CARTESIAN_POINT ( 'NONE',  ( 714.5852526949576031, 899.1273157820028246, 1224.286397522284688 ) ) ;
#6567 = ORIENTED_EDGE ( 'NONE', *, *, #607, .F. ) ;
#6568 = ORIENTED_EDGE ( 'NONE', *, *, #9730, .T. ) ;
#6569 = CARTESIAN_POINT ( 'NONE',  ( 727.3303507288798073, 890.1112679011554292, 1194.514030207559699 ) ) ;
#6570 = EDGE_CURVE ( 'NONE', #7077, #5208, #8632, .T. ) ;
#6571 = B_SPLINE_CURVE_WITH_KNOTS ( 'NONE', 3,
 ( #8534, #7037, #1479, #6214, #9364, #5498, #8635, #2134, #8429, #4525 ),
 .UNSPECIFIED., .F., .F.,
 ( 4, 3, 3, 4 ),
 ( 0.000000000000000000, 0.0001770953904237479622, 0.0003541907790578318043, 0.0006813326750119827122 ),
 .UNSPECIFIED. ) ;
#6572 = FACE_OUTER_BOUND ( 'NONE', #2232, .T. ) ;
#6573 = CARTESIAN_POINT ( 'NONE',  ( 722.4628014919048837, 896.1935478640109523, 1193.648680798387431 ) ) ;
#6574 = DIRECTION ( 'NONE',  ( -0.5000000000000008882, -0.8660254037844380415, -0.000000000000000000 ) ) ;
#6575 = VERTEX_POINT ( 'NONE', #8784 ) ;
#6576 = CARTESIAN_POINT ( 'NONE',  ( 742.8396742479635577, 883.2432586059567257, 1215.387505757315466 ) ) ;
#6577 = ORIENTED_EDGE ( 'NONE', *, *, #3550, .F. ) ;
#6578 = ORIENTED_EDGE ( 'NONE', *, *, #8092, .T. ) ;
#6579 = CARTESIAN_POINT ( 'NONE',  ( 732.6741193977414923, 890.2980407222956956, 1195.917784417345274 ) ) ;
#6580 = EDGE_CURVE ( 'NONE', #1861, #7112, #1777, .T. ) ;
#6581 = ORIENTED_EDGE ( 'NONE', *, *, #8080, .T. ) ;
#6582 = DIRECTION ( 'NONE',  ( -0.05254047248794263547, 0.8248938009629149803, 0.5628407553506574734 ) ) ;
#6583 = CARTESIAN_POINT ( 'NONE',  ( 717.1800848525040237, 879.2510169669742481, 1212.380460436409521 ) ) ;
#6584 = CARTESIAN_POINT ( 'NONE',  ( 717.1800848525040237, 879.2510169669742481, 1212.380460436409521 ) ) ;
#6585 = CARTESIAN_POINT ( 'NONE',  ( 714.3830974658216064, 900.8583671584430022, 1199.794239752243584 ) ) ;
#6586 = CARTESIAN_POINT ( 'NONE',  ( 741.4602916780638679, 884.1237814653551368, 1203.938994619429650 ) ) ;
#6587 = CARTESIAN_POINT ( 'NONE',  ( 707.9252900255371515, 903.2940245174587517, 1207.742496664779537 ) ) ;
#6588 = CARTESIAN_POINT ( 'NONE',  ( 736.7115431998892063, 886.5105454303117085, 1201.890270498960717 ) ) ;
#6589 = EDGE_LOOP ( 'NONE', ( #1673, #7460, #166, #8972, #9048 ) ) ;
#6590 = CARTESIAN_POINT ( 'NONE',  ( 709.8894744729893773, 904.2418327090118737, 1214.915929394790282 ) ) ;
#6591 = ADVANCED_FACE ( 'NONE', ( #8728 ), #4883, .F. ) ;
#6592 = ORIENTED_EDGE ( 'NONE', *, *, #3492, .F. ) ;
#6593 = CARTESIAN_POINT ( 'NONE',  ( 727.6371512662452687, 893.2061356289148080, 1230.519308006464144 ) ) ;
#6594 = CARTESIAN_POINT ( 'NONE',  ( 731.2749856202311776, 889.4914939848910080, 1227.872979572959821 ) ) ;
#6595 = ORIENTED_EDGE ( 'NONE', *, *, #278, .T. ) ;
#6596 = CARTESIAN_POINT ( 'NONE',  ( 717.1800848525040237, 879.2510169669742481, 1212.380460436409521 ) ) ;
#6597 = CARTESIAN_POINT ( 'NONE',  ( 717.1800848525040237, 879.2510169669742481, 1212.380460436409521 ) ) ;
#6598 = CARTESIAN_POINT ( 'NONE',  ( 717.1800848525040237, 879.2510169669742481, 1212.380460436409521 ) ) ;
#6599 = AXIS2_PLACEMENT_3D ( 'NONE', #5379, #8509, #9815 ) ;
#6600 = CARTESIAN_POINT ( 'NONE',  ( 710.7520329189683252, 901.4982979868235589, 1209.558240877900062 ) ) ;
#6601 = B_SPLINE_SURFACE_WITH_KNOTS ( 'NONE', 3, 1, ( 
 ( #1521, #8579 ),
 ( #67, #7123 ),
 ( #3980, #5394 ),
 ( #9305, #6933 ) ),
 .UNSPECIFIED., .F., .F., .F.,
 ( 4, 4 ),
 ( 2, 2 ),
 ( 0.000000000000000000, 1.000000000000000000 ),
 ( 0.000000000000000000, 1.000000000000000000 ),
 .UNSPECIFIED. ) ;
#6602 = VERTEX_POINT ( 'NONE', #283 ) ;
#6603 = EDGE_CURVE ( 'NONE', #579, #4300, #6297, .T. ) ;
#6604 = CARTESIAN_POINT ( 'NONE',  ( 725.1159810285151934, 894.6617339443411083, 1230.618953386411931 ) ) ;
#6605 = EDGE_CURVE ( 'NONE', #6348, #1399, #2593, .T. ) ;
#6606 = EDGE_LOOP ( 'NONE', ( #8186, #7853, #3977, #5269 ) ) ;
#6607 = CARTESIAN_POINT ( 'NONE',  ( 725.1122811208576877, 891.3918709863713730, 1230.542569423993427 ) ) ;
#6608 = AXIS2_PLACEMENT_3D ( 'NONE', #2350, #4788, #5512 ) ;
#6609 = CARTESIAN_POINT ( 'NONE',  ( 727.4998919302249760, 893.3192561273776846, 1192.923426123292302 ) ) ;
#6610 = CARTESIAN_POINT ( 'NONE',  ( 745.0766195913344063, 886.6015555120376348, 1234.086781508788363 ) ) ;
#6611 = ORIENTED_EDGE ( 'NONE', *, *, #9064, .T. ) ;
#6612 = CARTESIAN_POINT ( 'NONE',  ( 710.6734007954175922, 903.7917469760802760, 1206.083082533945799 ) ) ;
#6613 = CIRCLE ( 'NONE', #4315, 19.56600634797364435 ) ;
#6614 = CARTESIAN_POINT ( 'NONE',  ( 742.3548081451961025, 885.2531979520847472, 1208.659661092923898 ) ) ;
#6615 = CARTESIAN_POINT ( 'NONE',  ( 712.3383299739216454, 899.8107862790681111, 1202.614458738348958 ) ) ;
#6616 = EDGE_CURVE ( 'NONE', #8569, #1659, #641, .T. ) ;
#6617 = ORIENTED_EDGE ( 'NONE', *, *, #9730, .F. ) ;
#6618 = ORIENTED_EDGE ( 'NONE', *, *, #3455, .F. ) ;
#6619 = CARTESIAN_POINT ( 'NONE',  ( 717.6926195352273226, 898.1490269089705407, 1230.418636246971801 ) ) ;
#6620 = VERTEX_POINT ( 'NONE', #5593 ) ;
#6621 = CARTESIAN_POINT ( 'NONE',  ( 728.7103255674066986, 891.2937786522446686, 1232.560985388874087 ) ) ;
#6622 = B_SPLINE_CURVE_WITH_KNOTS ( 'NONE', 3,
 ( #6857, #7007, #8450, #3866, #10160, #3093, #10003, #9225, #3390, #6490 ),
 .UNSPECIFIED., .F., .F.,
 ( 4, 3, 3, 4 ),
 ( 0.000000000000000000, 0.0001770953904237794582, 0.0003541907790578656314, 0.0006813326750119595102 ),
 .UNSPECIFIED. ) ;
#6623 = CARTESIAN_POINT ( 'NONE',  ( 718.0305185651272950, 897.4597680999039540, 1231.167325315582957 ) ) ;
#6624 = CARTESIAN_POINT ( 'NONE',  ( 738.6107875009753343, 884.1888359324882458, 1219.928061797922282 ) ) ;
#6625 = CARTESIAN_POINT ( 'NONE',  ( 714.6858085731254278, 904.1476984342916694, 1234.086781508788363 ) ) ;
#6626 = EDGE_CURVE ( 'NONE', #9301, #77, #2236, .T. ) ;
#6627 = ORIENTED_EDGE ( 'NONE', *, *, #7163, .T. ) ;
#6628 = ORIENTED_EDGE ( 'NONE', *, *, #9508, .F. ) ;
#6629 = CARTESIAN_POINT ( 'NONE',  ( 718.6004528059306722, 898.4234759175627687, 1195.653070440678221 ) ) ;
#6630 = VERTEX_POINT ( 'NONE', #4832 ) ;
#6631 = CARTESIAN_POINT ( 'NONE',  ( 717.1800848525040237, 879.2510169669742481, 1212.380460436409521 ) ) ;
#6632 = CARTESIAN_POINT ( 'NONE',  ( 717.1800848525040237, 879.2510169669742481, 1212.380460436409521 ) ) ;
#6633 = B_SPLINE_CURVE_WITH_KNOTS ( 'NONE', 3,
 ( #5077, #8874, #8198, #1809, #8045, #4972, #1147, #987, #1046, #4190 ),
 .UNSPECIFIED., .F., .F.,
 ( 4, 3, 3, 4 ),
 ( 0.000000000000000000, 0.0001770953904237509979, 0.0003541907790578305575, 0.0006813326750119549566 ),
 .UNSPECIFIED. ) ;
#6634 = ORIENTED_EDGE ( 'NONE', *, *, #2227, .F. ) ;
#6635 = DIRECTION ( 'NONE',  ( -0.4999999999999988343, -0.8660254037844394848, 2.975261781898571487E-15 ) ) ;
#6636 = CC_DESIGN_PERSON_AND_ORGANIZATION_ASSIGNMENT ( #2920, #10039, ( #5693 ) ) ;
#6637 = DIRECTION ( 'NONE',  ( 0.5845683251975080097, -0.3375006799125091494, -0.7378164841167310639 ) ) ;
#6638 = CARTESIAN_POINT ( 'NONE',  ( 741.6679874778607200, 885.1054285651830469, 1219.357021155924258 ) ) ;
#6639 = CARTESIAN_POINT ( 'NONE',  ( 708.1135288930852312, 903.3765439358652429, 1207.876336326672117 ) ) ;
#6640 = CARTESIAN_POINT ( 'NONE',  ( 725.3236735400701036, 893.3561263297817732, 1212.380460436409521 ) ) ;
#6641 = CARTESIAN_POINT ( 'NONE',  ( 720.1996544038249795, 897.5001764445302115, 1229.438297955092366 ) ) ;
#6642 = CARTESIAN_POINT ( 'NONE',  ( 717.1800848525040237, 879.2510169669742481, 1212.380460436409521 ) ) ;
#6643 = EDGE_LOOP ( 'NONE', ( #4891, #3456, #6763, #8391 ) ) ;
#6644 = CARTESIAN_POINT ( 'NONE',  ( 717.1800848525040237, 879.2510169669742481, 1212.380460436409521 ) ) ;
#6645 = AXIS2_PLACEMENT_3D ( 'NONE', #4601, #8705, #1506 ) ;
#6646 = CARTESIAN_POINT ( 'NONE',  ( 710.3466362558655192, 902.3903615467913824, 1202.348120640237312 ) ) ;
#6647 = B_SPLINE_CURVE_WITH_KNOTS ( 'NONE', 1,
 ( #3140, #4894 ),
 .UNSPECIFIED., .F., .F.,
 ( 2, 2 ),
 ( 0.000000000000000000, 0.002899999999999128102 ),
 .UNSPECIFIED. ) ;
#6648 = ORIENTED_EDGE ( 'NONE', *, *, #2206, .F. ) ;
#6649 = CARTESIAN_POINT ( 'NONE',  ( 713.6787229674968103, 899.1891752140195422, 1223.876070738385124 ) ) ;
#6650 = ADVANCED_FACE ( 'NONE', ( #899 ), #8549, .F. ) ;
#6651 = CARTESIAN_POINT ( 'NONE',  ( 736.6979339611934847, 887.3163724969847408, 1196.972257714752686 ) ) ;
#6652 = B_SPLINE_CURVE_WITH_KNOTS ( 'NONE', 3,
 ( #6528, #1928, #8062, #1016, #9616, #3373, #5802, #5095, #9668, #4889 ),
 .UNSPECIFIED., .F., .F.,
 ( 4, 3, 3, 4 ),
 ( 0.000000000000000000, 0.0001770958401172627555, 0.0003541916793410964629, 0.0006316937728062185526 ),
 .UNSPECIFIED. ) ;
#6653 = CARTESIAN_POINT ( 'NONE',  ( 717.1800848525040237, 879.2510169669742481, 1212.380460436409521 ) ) ;
#6654 = CONICAL_SURFACE ( 'NONE', #1703, 20.44804870789273821, 0.7096869864122512528 ) ;
#6655 = DIRECTION ( 'NONE',  ( 0.5845683251974916894, -0.3375006799125058743, -0.7378164841167454968 ) ) ;
#6656 = AXIS2_PLACEMENT_3D ( 'NONE', #2866, #545, #3647 ) ;
#6657 = ORIENTED_EDGE ( 'NONE', *, *, #3528, .T. ) ;
#6658 = CARTESIAN_POINT ( 'NONE',  ( 714.0549002803270469, 901.0478518918363307, 1225.832866367865336 ) ) ;
#6659 = ORIENTED_EDGE ( 'NONE', *, *, #4416, .F. ) ;
#6660 = CARTESIAN_POINT ( 'NONE',  ( 726.3362156286225400, 892.3427522381366543, 1229.360534298971061 ) ) ;
#6661 = EDGE_LOOP ( 'NONE', ( #6741, #2868, #9351, #6611, #5272 ) ) ;
#6662 = CARTESIAN_POINT ( 'NONE',  ( 736.6571488303072783, 887.9984376072136456, 1199.067002846602463 ) ) ;
#6663 = EDGE_CURVE ( 'NONE', #2772, #1699, #2596, .T. ) ;
#6664 = EDGE_CURVE ( 'NONE', #1309, #8539, #1689, .T. ) ;
#6665 = CARTESIAN_POINT ( 'NONE',  ( 739.4349966743209279, 886.3946464067046236, 1203.063764442071943 ) ) ;
#6666 = CARTESIAN_POINT ( 'NONE',  ( 711.3111891241501326, 901.4462379793301352, 1224.883382892854115 ) ) ;
#6667 = CARTESIAN_POINT ( 'NONE',  ( 720.6981080067274661, 897.2123941227156365, 1195.114313337761359 ) ) ;
#6668 = ORIENTED_EDGE ( 'NONE', *, *, #2465, .T. ) ;
#6669 = ORIENTED_EDGE ( 'NONE', *, *, #3506, .F. ) ;
#6670 = CARTESIAN_POINT ( 'NONE',  ( 714.3296391536429155, 900.8892313293699772, 1224.901380069642755 ) ) ;
#6671 = EDGE_CURVE ( 'NONE', #7100, #1422, #5808, .T. ) ;
#6672 = AXIS2_PLACEMENT_3D ( 'NONE', #395, #6635, #3487 ) ;
#6673 = CARTESIAN_POINT ( 'NONE',  ( 724.4202779218370551, 891.7913992196671416, 1212.380460436409521 ) ) ;
#6674 = CARTESIAN_POINT ( 'NONE',  ( 742.2947397167648660, 884.7435729913365776, 1214.599008624885982 ) ) ;
#6675 = CARTESIAN_POINT ( 'NONE',  ( 720.7021537194100347, 896.8073690190697107, 1193.357983380047926 ) ) ;
#6676 = CARTESIAN_POINT ( 'NONE',  ( 719.1484080359980453, 888.5066521557394026, 1203.351659025974641 ) ) ;
#6677 = ORIENTED_EDGE ( 'NONE', *, *, #7852, .T. ) ;
#6678 = CARTESIAN_POINT ( 'NONE',  ( 717.1800848525040237, 879.2510169669742481, 1212.380460436409521 ) ) ;
#6679 = ORIENTED_EDGE ( 'NONE', *, *, #9472, .T. ) ;
#6680 = CARTESIAN_POINT ( 'NONE',  ( 736.5683277813391214, 886.5931505126008005, 1223.076789572344751 ) ) ;
#6681 = AXIS2_PLACEMENT_3D ( 'NONE', #7903, #1774, #1821 ) ;
#6682 = CARTESIAN_POINT ( 'NONE',  ( 717.1800848525040237, 879.2510169669742481, 1212.380460436409521 ) ) ;
#6683 = B_SPLINE_SURFACE_WITH_KNOTS ( 'NONE', 3, 1, ( 
 ( #7401, #2086 ),
 ( #4471, #5149 ),
 ( #342, #9777 ),
 ( #2706, #7553 ) ),
 .UNSPECIFIED., .F., .F., .F.,
 ( 4, 4 ),
 ( 2, 2 ),
 ( 0.000000000000000000, 1.000000000000000000 ),
 ( 0.000000000000000000, 1.000000000000000000 ),
 .UNSPECIFIED. ) ;
#6684 = EDGE_CURVE ( 'NONE', #2370, #7200, #10120, .T. ) ;
#6685 = LINE ( 'NONE', #6733, #4372 ) ;
#6686 = B_SPLINE_CURVE_WITH_KNOTS ( 'NONE', 3,
 ( #8988, #381, #1210, #3526 ),
 .UNSPECIFIED., .F., .F.,
 ( 4, 4 ),
 ( 0.000000000000000000, 0.001331005199732139370 ),
 .UNSPECIFIED. ) ;
#6687 = CARTESIAN_POINT ( 'NONE',  ( 725.3236735400701036, 893.3561263297817732, 1212.380460436409521 ) ) ;
#6688 = CIRCLE ( 'NONE', #1429, 2.200000000000022382 ) ;
#6689 = CARTESIAN_POINT ( 'NONE',  ( 717.8987314418965298, 895.5566158353793753, 1195.833760781823457 ) ) ;
#6690 = CIRCLE ( 'NONE', #5198, 18.17967805303275597 ) ;
#6691 = CARTESIAN_POINT ( 'NONE',  ( 727.8517724012002645, 883.4817623966346218, 1218.647534058417250 ) ) ;
#6692 = CARTESIAN_POINT ( 'NONE',  ( 723.2269248460031577, 895.7523810398286059, 1194.373177135576498 ) ) ;
#6693 = ORIENTED_EDGE ( 'NONE', *, *, #4926, .F. ) ;
#6694 = CARTESIAN_POINT ( 'NONE',  ( 717.1800848525040237, 879.2510169669742481, 1212.380460436409521 ) ) ;
#6695 = ORIENTED_EDGE ( 'NONE', *, *, #6671, .T. ) ;
#6696 = CARTESIAN_POINT ( 'NONE',  ( 727.4338275532207945, 893.3235246293621685, 1230.544509560878396 ) ) ;
#6697 = CARTESIAN_POINT ( 'NONE',  ( 731.3241018190961995, 888.8493457934634989, 1228.170975355961900 ) ) ;
#6698 = ORIENTED_EDGE ( 'NONE', *, *, #5565, .F. ) ;
#6699 = AXIS2_PLACEMENT_3D ( 'NONE', #7812, #3849, #9317 ) ;
#6700 = FACE_OUTER_BOUND ( 'NONE', #9770, .T. ) ;
#6701 = FACE_OUTER_BOUND ( 'NONE', #7374, .T. ) ;
#6702 = CARTESIAN_POINT ( 'NONE',  ( 739.4572352274979039, 883.1098078713687300, 1217.767535780502385 ) ) ;
#6703 = CARTESIAN_POINT ( 'NONE',  ( 716.3850810475971684, 898.2459534474475049, 1225.900175777590448 ) ) ;
#6704 = AXIS2_PLACEMENT_3D ( 'NONE', #3913, #143, #5663 ) ;
#6705 = EDGE_LOOP ( 'NONE', ( #1420, #1321, #2041, #8370, #4389 ) ) ;
#6706 = CARTESIAN_POINT ( 'NONE',  ( 717.1800848525040237, 879.2510169669742481, 1212.380460436409521 ) ) ;
#6707 = EDGE_CURVE ( 'NONE', #8802, #4142, #1529, .T. ) ;
#6708 = EDGE_LOOP ( 'NONE', ( #5371, #5750, #4253, #3948, #5396 ) ) ;
#6709 = CARTESIAN_POINT ( 'NONE',  ( 725.3236735400701036, 893.3561263297817732, 1212.380460436409521 ) ) ;
#6710 = CIRCLE ( 'NONE', #4408, 20.44804870789273821 ) ;
#6711 = CARTESIAN_POINT ( 'NONE',  ( 725.3981003277110631, 894.4988522910066422, 1194.130021276830576 ) ) ;
#6712 = CARTESIAN_POINT ( 'NONE',  ( 717.1800848525040237, 879.2510169669742481, 1212.380460436409521 ) ) ;
#6713 = CARTESIAN_POINT ( 'NONE',  ( 739.5125668766588660, 886.3498612295036310, 1203.216539511707197 ) ) ;
#6714 = CARTESIAN_POINT ( 'NONE',  ( 734.0068203528809363, 889.5286054670968952, 1228.012025261181407 ) ) ;
#6715 = CARTESIAN_POINT ( 'NONE',  ( 725.3236735400701036, 893.3561263297817732, 1212.380460436409521 ) ) ;
#6716 = ORIENTED_EDGE ( 'NONE', *, *, #5162, .F. ) ;
#6717 = ADVANCED_FACE ( 'NONE', ( #9973 ), #5170, .T. ) ;
#6718 = EDGE_LOOP ( 'NONE', ( #8930, #9477, #8682, #1066 ) ) ;
#6719 = EDGE_CURVE ( 'NONE', #6156, #5921, #5897, .T. ) ;
#6720 = ORIENTED_EDGE ( 'NONE', *, *, #5288, .T. ) ;
#6721 = CARTESIAN_POINT ( 'NONE',  ( 724.5231133291025571, 892.0244722537652251, 1230.358979767218216 ) ) ;
#6722 = EDGE_LOOP ( 'NONE', ( #1242, #36, #9514, #9007 ) ) ;
#6723 = CARTESIAN_POINT ( 'NONE',  ( 741.5559339720058460, 885.1701226869519132, 1214.354248425927153 ) ) ;
#6724 = DIRECTION ( 'NONE',  ( 0.8660254037844280495, -0.5000000000000182077, 0.000000000000000000 ) ) ;
#6725 = CARTESIAN_POINT ( 'NONE',  ( 722.4962928534703224, 894.7176436662517744, 1229.016076953065749 ) ) ;
#6726 = ORIENTED_EDGE ( 'NONE', *, *, #4890, .T. ) ;
#6727 = CARTESIAN_POINT ( 'NONE',  ( 722.3032798904334868, 896.2856477035622902, 1193.244678824603625 ) ) ;
#6728 = EDGE_CURVE ( 'NONE', #9095, #2756, #481, .T. ) ;
#6729 = ORIENTED_EDGE ( 'NONE', *, *, #1924, .F. ) ;
#6730 = FACE_OUTER_BOUND ( 'NONE', #6708, .T. ) ;
#6731 = EDGE_CURVE ( 'NONE', #6620, #8921, #8136, .T. ) ;
#6732 = CARTESIAN_POINT ( 'NONE',  ( 727.5620725131203699, 893.2494823672416260, 1194.231880037356859 ) ) ;
#6733 = CARTESIAN_POINT ( 'NONE',  ( 719.8602871279248347, 888.0956485703852650, 1221.635153374266793 ) ) ;
#6734 = CARTESIAN_POINT ( 'NONE',  ( 717.1800848525040237, 879.2510169669742481, 1212.380460436409521 ) ) ;
#6735 = CARTESIAN_POINT ( 'NONE',  ( 726.7391646133205541, 893.3218991543694756, 1232.207698479942565 ) ) ;
#6736 = CARTESIAN_POINT ( 'NONE',  ( 725.1122811208576877, 891.3918709863713730, 1230.542569423993427 ) ) ;
#6737 = CARTESIAN_POINT ( 'NONE',  ( 734.2726525729131026, 888.1894308761976617, 1194.735525516721736 ) ) ;
#6738 = SHAPE_DEFINITION_REPRESENTATION ( #7700, #4308 ) ;
#6739 = CARTESIAN_POINT ( 'NONE',  ( 724.1054248555217328, 894.8424895125106104, 1232.165069341933986 ) ) ;
#6740 = VERTEX_POINT ( 'NONE', #1923 ) ;
#6741 = ORIENTED_EDGE ( 'NONE', *, *, #4781, .T. ) ;
#6742 = LINE ( 'NONE', #2716, #9448 ) ;
#6743 = ADVANCED_FACE ( 'NONE', ( #3633 ), #1041, .T. ) ;
#6744 = CARTESIAN_POINT ( 'NONE',  ( 730.7777391265223059, 890.2072200952679850, 1231.834515388151203 ) ) ;
#6745 = CARTESIAN_POINT ( 'NONE',  ( 710.2012934679836462, 903.2727328222931646, 1215.093847971342029 ) ) ;
#6746 = CARTESIAN_POINT ( 'NONE',  ( 708.0420187770650955, 903.7208038545481941, 1213.086531409572899 ) ) ;
#6747 = LINE ( 'NONE', #3707, #8847 ) ;
#6748 = CARTESIAN_POINT ( 'NONE',  ( 724.4202779218370551, 891.7913992196671416, 1212.380460436409521 ) ) ;
#6749 = ORIENTED_EDGE ( 'NONE', *, *, #200, .F. ) ;
#6750 = DIRECTION ( 'NONE',  ( -0.5845683251975072325, 0.3375006799125115364, 0.7378164841167307308 ) ) ;
#6751 = EDGE_CURVE ( 'NONE', #3341, #6019, #6466, .T. ) ;
#6752 = B_SPLINE_CURVE_WITH_KNOTS ( 'NONE', 3,
 ( #6850, #2200, #9996, #2827, #2927, #6077, #6802, #6902 ),
 .UNSPECIFIED., .F., .F.,
 ( 4, 2, 2, 4 ),
 ( 0.000000000000000000, 0.0005319171944728900720, 0.001063834388945780144, 0.002127668777891889018 ),
 .UNSPECIFIED. ) ;
#6753 = ORIENTED_EDGE ( 'NONE', *, *, #2680, .F. ) ;
#6754 = CARTESIAN_POINT ( 'NONE',  ( 712.4145993256421434, 901.9948800895750765, 1223.598430602565713 ) ) ;
#6755 = CARTESIAN_POINT ( 'NONE',  ( 720.6282527119566339, 894.2731626709662578, 1229.780278082276482 ) ) ;
#6756 = CARTESIAN_POINT ( 'NONE',  ( 709.1418282144579734, 903.8844153716133860, 1215.725011659299525 ) ) ;
#6757 = B_SPLINE_CURVE_WITH_KNOTS ( 'NONE', 3,
 ( #9543, #9400, #8715, #5624, #4083, #7476, #6563, #4243, #6662, #9028 ),
 .UNSPECIFIED., .F., .F.,
 ( 4, 3, 3, 4 ),
 ( 0.000000000000000000, 0.0001770953904237340031, 0.0003541907790577903878, 0.0006813326750119948552 ),
 .UNSPECIFIED. ) ;
#6758 = CARTESIAN_POINT ( 'NONE',  ( 717.1800848525040237, 879.2510169669742481, 1212.380460436409521 ) ) ;
#6759 = ADVANCED_FACE ( 'NONE', ( #3529 ), #6798, .T. ) ;
#6760 = FACE_OUTER_BOUND ( 'NONE', #2637, .T. ) ;
#6761 = CARTESIAN_POINT ( 'NONE',  ( 739.5790021346610956, 884.8549368642678701, 1209.047753994882214 ) ) ;
#6762 = CARTESIAN_POINT ( 'NONE',  ( 730.4463249831070470, 892.3758438736515473, 1194.050508807669075 ) ) ;
#6763 = ORIENTED_EDGE ( 'NONE', *, *, #5346, .F. ) ;
#6764 = CARTESIAN_POINT ( 'NONE',  ( 711.8315146282619708, 899.6497402639564598, 1202.587193524378108 ) ) ;
#6765 = ORIENTED_EDGE ( 'NONE', *, *, #1553, .F. ) ;
#6766 = AXIS2_PLACEMENT_3D ( 'NONE', #6277, #7872, #3952 ) ;
#6767 = VERTEX_POINT ( 'NONE', #5848 ) ;
#6768 = B_SPLINE_SURFACE_WITH_KNOTS ( 'NONE', 3, 1, ( 
 ( #8821, #421 ),
 ( #5027, #3567 ),
 ( #9752, #8976 ),
 ( #1201, #1097 ),
 ( #4245, #1048 ),
 ( #9700, #8926 ) ),
 .UNSPECIFIED., .F., .F., .F.,
 ( 4, 1, 1, 4 ),
 ( 2, 2 ),
 ( 0.000000000000000000, 0.2890654569501156512, 0.6604379133667447332, 1.000000000000000000 ),
 ( 0.000000000000000000, 1.000000000000000000 ),
 .UNSPECIFIED. ) ;
#6769 = B_SPLINE_CURVE_WITH_KNOTS ( 'NONE', 3,
 ( #5441, #3930, #643, #1563 ),
 .UNSPECIFIED., .F., .F.,
 ( 4, 4 ),
 ( 1.005213310430976300E-05, 0.001341057332774127364 ),
 .UNSPECIFIED. ) ;
#6770 = VERTEX_POINT ( 'NONE', #1317 ) ;
#6771 = CARTESIAN_POINT ( 'NONE',  ( 739.5737505236045308, 883.0425377337930968, 1207.447876435843227 ) ) ;
#6772 = EDGE_LOOP ( 'NONE', ( #4562, #10019, #8933, #2305, #2249 ) ) ;
#6773 = CIRCLE ( 'NONE', #6944, 18.17967805303275597 ) ;
#6774 = ORIENTED_EDGE ( 'NONE', *, *, #9113, .F. ) ;
#6775 = EDGE_CURVE ( 'NONE', #7610, #5289, #8990, .T. ) ;
#6776 = CARTESIAN_POINT ( 'NONE',  ( 742.6573921261268652, 884.5341955251690251, 1214.746627808111043 ) ) ;
#6777 = B_SPLINE_CURVE_WITH_KNOTS ( 'NONE', 3,
 ( #4519, #7648, #9870, #588 ),
 .UNSPECIFIED., .F., .F.,
 ( 4, 4 ),
 ( 0.000000000000000000, 0.001331005199731880246 ),
 .UNSPECIFIED. ) ;
#6778 = CARTESIAN_POINT ( 'NONE',  ( 710.0226281862968563, 904.1674707171374621, 1208.890119216361427 ) ) ;
#6779 = CARTESIAN_POINT ( 'NONE',  ( 723.4764900645880061, 896.1525999777711604, 1193.450880664779561 ) ) ;
#6780 = ORIENTED_EDGE ( 'NONE', *, *, #2240, .T. ) ;
#6781 = EDGE_LOOP ( 'NONE', ( #1819, #20, #5699, #3323, #8652 ) ) ;
#6782 = CARTESIAN_POINT ( 'NONE',  ( 717.1800848525040237, 879.2510169669742481, 1212.380460436409521 ) ) ;
#6783 = ORIENTED_EDGE ( 'NONE', *, *, #1127, .F. ) ;
#6784 = FACE_OUTER_BOUND ( 'NONE', #9407, .T. ) ;
#6785 = CIRCLE ( 'NONE', #2660, 2.200000000000022382 ) ;
#6786 = CARTESIAN_POINT ( 'NONE',  ( 725.8370950929727314, 894.2453985451099925, 1212.380460436409521 ) ) ;
#6787 = CYLINDRICAL_SURFACE ( 'NONE', #2220, 2.200000000000022382 ) ;
#6788 = EDGE_CURVE ( 'NONE', #5192, #5763, #9258, .T. ) ;
#6789 = CARTESIAN_POINT ( 'NONE',  ( 717.1800848525040237, 879.2510169669742481, 1212.380460436409521 ) ) ;
#6790 = EDGE_CURVE ( 'NONE', #5966, #9633, #1747, .T. ) ;
#6791 = CARTESIAN_POINT ( 'NONE',  ( 724.4202779218370551, 891.7913992196671416, 1212.380460436409521 ) ) ;
#6792 = CARTESIAN_POINT ( 'NONE',  ( 720.1737156071143318, 896.0585842646487436, 1196.481837782456523 ) ) ;
#6793 = CARTESIAN_POINT ( 'NONE',  ( 736.1745638710905268, 886.5078315728907228, 1223.760338637293444 ) ) ;
#6794 = CARTESIAN_POINT ( 'NONE',  ( 718.4782958690543637, 897.0375156849702307, 1197.341251177920185 ) ) ;
#6795 = ORIENTED_EDGE ( 'NONE', *, *, #8766, .F. ) ;
#6796 = CARTESIAN_POINT ( 'NONE',  ( 743.0232904043281223, 883.1372477686521734, 1213.029135834314275 ) ) ;
#6797 = CARTESIAN_POINT ( 'NONE',  ( 724.4202779218370551, 891.7913992196671416, 1212.380460436409521 ) ) ;
#6798 = CONICAL_SURFACE ( 'NONE', #7452, 18.17967805303275597, 0.8981840042400328628 ) ;
#6799 = CARTESIAN_POINT ( 'NONE',  ( 739.2186037974094006, 886.1171660324373534, 1224.613395511692715 ) ) ;
#6800 = CARTESIAN_POINT ( 'NONE',  ( 725.8370950929727314, 894.2453985451099925, 1212.380460436409521 ) ) ;
#6801 = ADVANCED_FACE ( 'NONE', ( #7443 ), #435, .F. ) ;
#6802 = CARTESIAN_POINT ( 'NONE',  ( 739.5665027198797361, 883.3391673394600048, 1207.642981560549288 ) ) ;
#6803 = DIRECTION ( 'NONE',  ( 0.5845683251975072325, -0.3375006799125115364, -0.7378164841167307308 ) ) ;
#6804 = ORIENTED_EDGE ( 'NONE', *, *, #3996, .T. ) ;
#6805 = AXIS2_PLACEMENT_3D ( 'NONE', #2981, #10051, #7775 ) ;
#6806 = CARTESIAN_POINT ( 'NONE',  ( 725.7797440378923284, 894.2785101921988371, 1193.682158035779594 ) ) ;
#6807 = CARTESIAN_POINT ( 'NONE',  ( 741.4347287605073689, 884.0544042613365718, 1203.893142709004678 ) ) ;
#6808 = ORIENTED_EDGE ( 'NONE', *, *, #5680, .F. ) ;
#6809 = CARTESIAN_POINT ( 'NONE',  ( 717.1800848525040237, 879.2510169669742481, 1212.380460436409521 ) ) ;
#6810 = B_SPLINE_CURVE_WITH_KNOTS ( 'NONE', 3,
 ( #4638, #3906, #7765, #3755, #7048, #10149, #1443, #4585, #5264, #710 ),
 .UNSPECIFIED., .F., .F.,
 ( 4, 3, 3, 4 ),
 ( 1.110223024625156540E-16, 0.0001770953904237546029, 0.0003541907790578251365, 0.0006813326750120479811 ),
 .UNSPECIFIED. ) ;
#6811 = CARTESIAN_POINT ( 'NONE',  ( 725.7324772062105467, 894.3057997101940373, 1194.123303663481693 ) ) ;
#6812 = CARTESIAN_POINT ( 'NONE',  ( 717.1800848525040237, 879.2510169669742481, 1212.380460436409521 ) ) ;
#6813 = VECTOR ( 'NONE', #10042, 1000.000000000000114 ) ;
#6814 = EDGE_CURVE ( 'NONE', #5391, #5901, #4165, .T. ) ;
#6815 = CARTESIAN_POINT ( 'NONE',  ( 719.8149796260163384, 897.7222685310481438, 1194.091827223057635 ) ) ;
#6816 = CARTESIAN_POINT ( 'NONE',  ( 716.3038004522272786, 900.5385198782286125, 1197.208221990799530 ) ) ;
#6817 = CARTESIAN_POINT ( 'NONE',  ( 710.7938114394737568, 902.9306424119536132, 1221.385723358879204 ) ) ;
#6818 = B_SPLINE_CURVE_WITH_KNOTS ( 'NONE', 3,
 ( #7967, #1126, #5055, #2550 ),
 .UNSPECIFIED., .F., .F.,
 ( 4, 4 ),
 ( 0.000000000000000000, 0.001331005199732198134 ),
 .UNSPECIFIED. ) ;
#6819 = CARTESIAN_POINT ( 'NONE',  ( 715.8162986820684637, 900.0309080504401891, 1228.158296899748848 ) ) ;
#6820 = ORIENTED_EDGE ( 'NONE', *, *, #4360, .F. ) ;
#6821 = CARTESIAN_POINT ( 'NONE',  ( 735.3190010340542813, 887.1565386662437049, 1200.050269115966785 ) ) ;
#6822 = AXIS2_PLACEMENT_3D ( 'NONE', #6183, #8554, #7776 ) ;
#6823 = ORIENTED_EDGE ( 'NONE', *, *, #3105, .F. ) ;
#6824 = ORIENTED_EDGE ( 'NONE', *, *, #8207, .F. ) ;
#6825 = FACE_OUTER_BOUND ( 'NONE', #4098, .T. ) ;
#6826 = CARTESIAN_POINT ( 'NONE',  ( 742.7050970720903251, 884.5066530617752960, 1210.521441864081680 ) ) ;
#6827 = DIRECTION ( 'NONE',  ( 0.5845683251975072325, -0.3375006799125115364, -0.7378164841167307308 ) ) ;
#6828 = CARTESIAN_POINT ( 'NONE',  ( 731.2151071971799183, 889.9547055219366030, 1193.097202363350334 ) ) ;
#6829 = VERTEX_POINT ( 'NONE', #2229 ) ;
#6830 = CARTESIAN_POINT ( 'NONE',  ( 725.8370950929727314, 894.2453985451099925, 1212.380460436409521 ) ) ;
#6831 = ORIENTED_EDGE ( 'NONE', *, *, #8482, .F. ) ;
#6832 = CARTESIAN_POINT ( 'NONE',  ( 717.1800848525040237, 879.2510169669742481, 1212.380460436409521 ) ) ;
#6833 = DIRECTION ( 'NONE',  ( -0.5845683251975072325, 0.3375006799125115364, 0.7378164841167307308 ) ) ;
#6834 = ADVANCED_FACE ( 'NONE', ( #3787 ), #5436, .F. ) ;
#6835 = CARTESIAN_POINT ( 'NONE',  ( 741.4347287605073689, 884.0544042613365718, 1203.893142709004678 ) ) ;
#6836 = CARTESIAN_POINT ( 'NONE',  ( 711.9997945970247883, 900.7778979178854115, 1219.727621258183945 ) ) ;
#6837 = CARTESIAN_POINT ( 'NONE',  ( 734.4043033965383529, 889.2991185248429247, 1229.261392290231015 ) ) ;
#6838 = CARTESIAN_POINT ( 'NONE',  ( 717.1800848525040237, 879.2510169669742481, 1212.380460436409521 ) ) ;
#6839 = CARTESIAN_POINT ( 'NONE',  ( 710.6812196376575912, 901.5391761215213364, 1214.667155363205438 ) ) ;
#6840 = CONICAL_SURFACE ( 'NONE', #88, 20.44804870789273821, 0.7096869864122512528 ) ;
#6841 = DATE_TIME_ROLE ( 'creation_date' ) ;
#6842 = CARTESIAN_POINT ( 'NONE',  ( 713.9662438421860315, 908.0272409405364442, 1185.380460436409066 ) ) ;
#6843 = ORIENTED_EDGE ( 'NONE', *, *, #102, .F. ) ;
#6844 = LINE ( 'NONE', #498, #6813 ) ;
#6845 = CARTESIAN_POINT ( 'NONE',  ( 714.9713095402975114, 899.0621948077592833, 1200.261842939575445 ) ) ;
#6846 = EDGE_CURVE ( 'NONE', #2393, #8451, #1264, .T. ) ;
#6847 = ADVANCED_FACE ( 'NONE', ( #9251 ), #3669, .T. ) ;
#6848 = CARTESIAN_POINT ( 'NONE',  ( 737.1850084265438454, 888.4852631735998330, 1226.479150625120838 ) ) ;
#6849 = CARTESIAN_POINT ( 'NONE',  ( 717.1800848525040237, 879.2510169669742481, 1212.380460436409521 ) ) ;
#6850 = CARTESIAN_POINT ( 'NONE',  ( 739.4613132098110100, 884.9228845967106736, 1208.430887505840474 ) ) ;
#6851 = FACE_OUTER_BOUND ( 'NONE', #7212, .T. ) ;
#6852 = VERTEX_POINT ( 'NONE', #5343 ) ;
#6853 = DIRECTION ( 'NONE',  ( -0.2539792886215704870, 0.9411945556829023340, 0.2228168066016228133 ) ) ;
#6854 = CARTESIAN_POINT ( 'NONE',  ( 717.1800848525040237, 879.2510169669742481, 1212.380460436409521 ) ) ;
#6855 = VECTOR ( 'NONE', #6257, 1000.000000000000000 ) ;
#6856 = AXIS2_PLACEMENT_3D ( 'NONE', #5878, #1086, #6655 ) ;
#6857 = CARTESIAN_POINT ( 'NONE',  ( 736.4230985645403962, 888.1335665911582282, 1225.942186259505888 ) ) ;
#6858 = ADVANCED_FACE ( 'NONE', ( #1424 ), #6308, .F. ) ;
#6859 = ORIENTED_EDGE ( 'NONE', *, *, #3027, .T. ) ;
#6860 = CARTESIAN_POINT ( 'NONE',  ( 708.5969770064888280, 903.7965705031995185, 1209.864296265655412 ) ) ;
#6861 = FACE_OUTER_BOUND ( 'NONE', #7536, .T. ) ;
#6862 = CARTESIAN_POINT ( 'NONE',  ( 739.8653847907748968, 884.9604654247123108, 1224.049830934799502 ) ) ;
#6863 = CARTESIAN_POINT ( 'NONE',  ( 717.5273666895369615, 895.7710233750771067, 1228.725216795527103 ) ) ;
#6864 = CONICAL_SURFACE ( 'NONE', #1096, 18.17967805303275597, 0.8981840042400328628 ) ;
#6865 = CARTESIAN_POINT ( 'NONE',  ( 718.4252729198423140, 899.3136871779726107, 1195.645429970977148 ) ) ;
#6866 = CARTESIAN_POINT ( 'NONE',  ( 710.9631074510123199, 901.0637829894972128, 1217.719567078702084 ) ) ;
#6867 = CARTESIAN_POINT ( 'NONE',  ( 711.9177755895813107, 902.2817214073296554, 1222.759803907874129 ) ) ;
#6868 = DIRECTION ( 'NONE',  ( -0.5000000000000009992, -0.8660254037844381525, 5.977335943528133221E-15 ) ) ;
#6869 = VERTEX_POINT ( 'NONE', #4620 ) ;
#6870 = CARTESIAN_POINT ( 'NONE',  ( 709.6487417807211386, 904.1360541717483557, 1209.614414151867777 ) ) ;
#6871 = VERTEX_POINT ( 'NONE', #3113 ) ;
#6872 = ORIENTED_EDGE ( 'NONE', *, *, #6775, .T. ) ;
#6873 = EDGE_CURVE ( 'NONE', #9442, #4457, #532, .T. ) ;
#6874 = VECTOR ( 'NONE', #6853, 1000.000000000000114 ) ;
#6875 = CARTESIAN_POINT ( 'NONE',  ( 710.8594854343177758, 902.8927255133514791, 1206.529043280771020 ) ) ;
#6876 = VERTEX_POINT ( 'NONE', #3836 ) ;
#6877 = CARTESIAN_POINT ( 'NONE',  ( 708.7348400785119793, 903.7169752214558684, 1215.927254513820571 ) ) ;
#6878 = CARTESIAN_POINT ( 'NONE',  ( 725.3236735400701036, 893.3561263297817732, 1212.380460436409521 ) ) ;
#6879 = DIRECTION ( 'NONE',  ( -0.4999999999999988343, -0.8660254037844394848, 2.975261781898571487E-15 ) ) ;
#6880 = ORIENTED_EDGE ( 'NONE', *, *, #1386, .T. ) ;
#6881 = DIRECTION ( 'NONE',  ( 0.5845683251975055672, -0.3375006799125153667, -0.7378164841167301757 ) ) ;
#6882 = ORIENTED_EDGE ( 'NONE', *, *, #4394, .F. ) ;
#6883 = CARTESIAN_POINT ( 'NONE',  ( 741.4600362051131697, 886.0170747348496434, 1219.376585066640700 ) ) ;
#6884 = EDGE_CURVE ( 'NONE', #1567, #3341, #2964, .T. ) ;
#6885 = CARTESIAN_POINT ( 'NONE',  ( 723.3606790216484796, 896.4642291365346409, 1193.682116752561114 ) ) ;
#6886 = EDGE_LOOP ( 'NONE', ( #3419, #4697, #4737, #7955, #10015 ) ) ;
#6887 = DIRECTION ( 'NONE',  ( -1.302931137719619275E-14, 6.204433989141044263E-16, -1.000000000000000000 ) ) ;
#6888 = CARTESIAN_POINT ( 'NONE',  ( 729.2017162365989407, 882.7023719598763591, 1216.205229892098714 ) ) ;
#6889 = CARTESIAN_POINT ( 'NONE',  ( 742.9157005425062152, 883.2835007656882453, 1209.941652949644777 ) ) ;
#6890 = CARTESIAN_POINT ( 'NONE',  ( 711.2053737531791739, 901.2364588482029149, 1207.363935900407341 ) ) ;
#6891 = EDGE_CURVE ( 'NONE', #1049, #8522, #9123, .T. ) ;
#6892 = CARTESIAN_POINT ( 'NONE',  ( 725.3236735400701036, 893.3561263297817732, 1212.380460436409521 ) ) ;
#6893 = DIRECTION ( 'NONE',  ( 1.000000000000000000, 0.000000000000000000, 0.000000000000000000 ) ) ;
#6894 = DIRECTION ( 'NONE',  ( 0.4999999999999988343, 0.8660254037844394848, -2.975261781898571487E-15 ) ) ;
#6895 = ORIENTED_EDGE ( 'NONE', *, *, #5787, .F. ) ;
#6896 = CARTESIAN_POINT ( 'NONE',  ( 709.4021087586561407, 903.3317274693755508, 1218.869488900924352 ) ) ;
#6897 = CARTESIAN_POINT ( 'NONE',  ( 714.6421473417325387, 899.2522949559325980, 1200.644238163882392 ) ) ;
#6898 = B_SPLINE_CURVE_WITH_KNOTS ( 'NONE', 3,
 ( #5229, #4294, #7429, #2683, #4348, #5887, #2012, #7530, #3568, #1306 ),
 .UNSPECIFIED., .F., .F.,
 ( 4, 3, 3, 4 ),
 ( 0.000000000000000000, 0.0001770953904238238563, 0.0003541907790579063432, 0.0006813326750120096004 ),
 .UNSPECIFIED. ) ;
#6899 = B_SPLINE_CURVE_WITH_KNOTS ( 'NONE', 3,
 ( #223, #6619, #5842, #1919 ),
 .UNSPECIFIED., .F., .F.,
 ( 4, 4 ),
 ( 1.558272272063976227E-15, 0.001453450272822849609 ),
 .UNSPECIFIED. ) ;
#6900 = DIRECTION ( 'NONE',  ( -0.8660254037844379305, 0.5000000000000011102, 7.755542486426317654E-17 ) ) ;
#6901 = CARTESIAN_POINT ( 'NONE',  ( 742.7809304275463091, 883.8043528496564250, 1215.077299873420543 ) ) ;
#6902 = CARTESIAN_POINT ( 'NONE',  ( 739.5737505236045308, 883.0425377337930968, 1207.447876435843227 ) ) ;
#6903 = EDGE_CURVE ( 'NONE', #1064, #4489, #4957, .T. ) ;
#6904 = CARTESIAN_POINT ( 'NONE',  ( 717.1800848525040237, 879.2510169669742481, 1212.380460436409521 ) ) ;
#6905 = ORIENTED_EDGE ( 'NONE', *, *, #5022, .T. ) ;
#6906 = CARTESIAN_POINT ( 'NONE',  ( 720.1626044183038857, 894.2495681630406352, 1194.878165846971797 ) ) ;
#6907 = DIRECTION ( 'NONE',  ( -0.2840245967495635959, 0.9585412224184818308, -0.02299463776035947857 ) ) ;
#6908 = FACE_BOUND ( 'NONE', #1864, .T. ) ;
#6909 = ORIENTED_EDGE ( 'NONE', *, *, #6471, .F. ) ;
#6910 = CARTESIAN_POINT ( 'NONE',  ( 741.5993028925441877, 885.1450836290046027, 1210.939367595855174 ) ) ;
#6911 = DIRECTION ( 'NONE',  ( 0.4196294433975329419, 0.5522863729231920482, 0.7203408169173961539 ) ) ;
#6912 = DIRECTION ( 'NONE',  ( -1.000000000000000000, -0.000000000000000000, -0.000000000000000000 ) ) ;
#6913 = DIRECTION ( 'NONE',  ( 0.5845683251975072325, -0.3375006799125115364, -0.7378164841167307308 ) ) ;
#6914 = CARTESIAN_POINT ( 'NONE',  ( 717.1800848525040237, 879.2510169669742481, 1212.380460436409521 ) ) ;
#6915 = VERTEX_POINT ( 'NONE', #10025 ) ;
#6916 = EDGE_CURVE ( 'NONE', #3674, #7383, #7269, .T. ) ;
#6917 = CARTESIAN_POINT ( 'NONE',  ( 740.0357893865457299, 886.8393640189420921, 1222.591978174556971 ) ) ;
#6918 = CARTESIAN_POINT ( 'NONE',  ( 739.8341746583662371, 883.4825130278446750, 1209.296629278505861 ) ) ;
#6919 = EDGE_CURVE ( 'NONE', #2415, #6446, #766, .T. ) ;
#6920 = B_SPLINE_CURVE_WITH_KNOTS ( 'NONE', 3,
 ( #5548, #4579, #1577, #654, #7759, #8684, #6991, #2437, #3070, #704 ),
 .UNSPECIFIED., .F., .F.,
 ( 4, 3, 3, 4 ),
 ( 0.000000000000000000, 0.0001770953904237169540, 0.0003541907790579032532, 0.0006813326750120499327 ),
 .UNSPECIFIED. ) ;
#6921 = CARTESIAN_POINT ( 'NONE',  ( 717.1800848525040237, 879.2510169669742481, 1212.380460436409521 ) ) ;
#6922 = ORIENTED_EDGE ( 'NONE', *, *, #3027, .F. ) ;
#6923 = CARTESIAN_POINT ( 'NONE',  ( 717.1800848525040237, 879.2510169669742481, 1212.380460436409521 ) ) ;
#6924 = ORIENTED_EDGE ( 'NONE', *, *, #10192, .T. ) ;
#6925 = EDGE_LOOP ( 'NONE', ( #922, #7424 ) ) ;
#6926 = ORIENTED_EDGE ( 'NONE', *, *, #3396, .F. ) ;
#6927 = CARTESIAN_POINT ( 'NONE',  ( 710.0497759160670057, 902.9577966616992626, 1204.035862674565806 ) ) ;
#6928 = ORIENTED_EDGE ( 'NONE', *, *, #7020, .T. ) ;
#6929 = CARTESIAN_POINT ( 'NONE',  ( 725.8370950929727314, 894.2453985451099925, 1212.380460436409521 ) ) ;
#6930 = EDGE_CURVE ( 'NONE', #2091, #9704, #9029, .T. ) ;
#6931 = CARTESIAN_POINT ( 'NONE',  ( 717.1800848525040237, 879.2510169669742481, 1212.380460436409521 ) ) ;
#6932 = VECTOR ( 'NONE', #1211, 1000.000000000000227 ) ;
#6933 = CARTESIAN_POINT ( 'NONE',  ( 742.2956811788100140, 885.5346148843386800, 1208.643542771815419 ) ) ;
#6934 = ORIENTED_EDGE ( 'NONE', *, *, #857, .T. ) ;
#6935 = ORIENTED_EDGE ( 'NONE', *, *, #7163, .F. ) ;
#6936 = CARTESIAN_POINT ( 'NONE',  ( 717.1800848525040237, 879.2510169669742481, 1212.380460436409521 ) ) ;
#6937 = CARTESIAN_POINT ( 'NONE',  ( 709.8016180524208494, 903.5373593149200815, 1218.603141409748105 ) ) ;
#6938 = CARTESIAN_POINT ( 'NONE',  ( 729.2855130381699382, 882.6539918539319842, 1208.783419406385065 ) ) ;
#6939 = LINE ( 'NONE', #800, #175 ) ;
#6940 = EDGE_CURVE ( 'NONE', #7898, #900, #3166, .T. ) ;
#6941 = CARTESIAN_POINT ( 'NONE',  ( 730.6291211850075342, 891.4787209909102330, 1231.147734763100743 ) ) ;
#6942 = CARTESIAN_POINT ( 'NONE',  ( 742.7050970720903251, 884.5066530617752960, 1210.521441864081680 ) ) ;
#6943 = CARTESIAN_POINT ( 'NONE',  ( 772.5051166213856959, 870.7657053682706874, 1224.486457232290377 ) ) ;
#6944 = AXIS2_PLACEMENT_3D ( 'NONE', #6797, #8344, #5113 ) ;
#6945 = ORIENTED_EDGE ( 'NONE', *, *, #8625, .T. ) ;
#6946 = CARTESIAN_POINT ( 'NONE',  ( 737.4496975139410324, 884.8591915490578685, 1222.295829257983542 ) ) ;
#6947 = ORIENTED_EDGE ( 'NONE', *, *, #1898, .T. ) ;
#6948 = CARTESIAN_POINT ( 'NONE',  ( 740.5681778406716376, 886.5319894016388389, 1203.202994444781098 ) ) ;
#6949 = CARTESIAN_POINT ( 'NONE',  ( 726.4252469341686265, 892.4492609701269430, 1229.249238672268348 ) ) ;
#6950 = CARTESIAN_POINT ( 'NONE',  ( 711.9660578846890076, 900.6395086107717134, 1220.054969826921706 ) ) ;
#6951 =( GEOMETRIC_REPRESENTATION_CONTEXT ( 3 ) GLOBAL_UNCERTAINTY_ASSIGNED_CONTEXT ( ( #2861 ) ) GLOBAL_UNIT_ASSIGNED_CONTEXT ( ( #9385, #5650, #3918 ) ) REPRESENTATION_CONTEXT ( 'NONE', 'WORKASPACE' ) );
#6952 = CARTESIAN_POINT ( 'NONE',  ( 742.4018591086399965, 884.7156013654649769, 1216.502398837428700 ) ) ;
#6953 = CARTESIAN_POINT ( 'NONE',  ( 733.9226264974244032, 888.4756544864587795, 1230.244502095286862 ) ) ;
#6954 = CARTESIAN_POINT ( 'NONE',  ( 712.9557480017465423, 901.6824477557545379, 1222.968168535333916 ) ) ;
#6955 = ORIENTED_EDGE ( 'NONE', *, *, #6605, .F. ) ;
#6956 = CARTESIAN_POINT ( 'NONE',  ( 717.6169309824400671, 896.0117584906896582, 1228.479997496027408 ) ) ;
#6957 = CARTESIAN_POINT ( 'NONE',  ( 740.1640891790669912, 882.7017055521537259, 1212.277648756496774 ) ) ;
#6958 = ORIENTED_EDGE ( 'NONE', *, *, #978, .T. ) ;
#6959 = CARTESIAN_POINT ( 'NONE',  ( 727.0278516463603182, 893.5579149284725418, 1231.898095270486237 ) ) ;
#6960 = LINE ( 'NONE', #6084, #7621 ) ;
#6961 = EDGE_CURVE ( 'NONE', #5991, #8656, #1871, .T. ) ;
#6962 = FACE_OUTER_BOUND ( 'NONE', #5134, .T. ) ;
#6963 = CARTESIAN_POINT ( 'NONE',  ( 725.9038638267110173, 893.8041602883729411, 1192.516251423307949 ) ) ;
#6964 = CARTESIAN_POINT ( 'NONE',  ( 715.4305951102224981, 906.0270968033680674, 1190.196798703381546 ) ) ;
#6965 = DIRECTION ( 'NONE',  ( 0.5000000000000009992, 0.8660254037844381525, -5.726519994466740890E-15 ) ) ;
#6966 = CARTESIAN_POINT ( 'NONE',  ( 744.6713637030086375, 890.2996317233906893, 1190.196798703381319 ) ) ;
#6967 = DIRECTION ( 'NONE',  ( 0.8660254037844280495, -0.5000000000000182077, 0.000000000000000000 ) ) ;
#6968 = ORIENTED_EDGE ( 'NONE', *, *, #4596, .F. ) ;
#6969 = CARTESIAN_POINT ( 'NONE',  ( 716.6933191705675199, 898.0679920841756712, 1198.599790914825917 ) ) ;
#6970 = ORIENTED_EDGE ( 'NONE', *, *, #5900, .F. ) ;
#6971 = CARTESIAN_POINT ( 'NONE',  ( 721.7174213943835639, 894.8546666735345525, 1229.080517688403006 ) ) ;
#6972 = VERTEX_POINT ( 'NONE', #7683 ) ;
#6973 = CIRCLE ( 'NONE', #10106, 18.17967805303275597 ) ;
#6974 = CARTESIAN_POINT ( 'NONE',  ( 741.4332300378305263, 885.2409658363785638, 1204.731318603193131 ) ) ;
#6975 = EDGE_CURVE ( 'NONE', #5218, #3115, #47, .T. ) ;
#6976 = ADVANCED_FACE ( 'NONE', ( #9077 ), #2175, .T. ) ;
#6977 = B_SPLINE_CURVE_WITH_KNOTS ( 'NONE', 3,
 ( #7454, #9931, #1382, #1281, #1936, #597, #492, #9829 ),
 .UNSPECIFIED., .F., .F.,
 ( 4, 2, 2, 4 ),
 ( 0.000000000000000000, 0.001064839483362203278, 0.001597259225043143587, 0.002129678966724084330 ),
 .UNSPECIFIED. ) ;
#6978 = ORIENTED_EDGE ( 'NONE', *, *, #186, .F. ) ;
#6979 = CARTESIAN_POINT ( 'NONE',  ( 713.5840893572604955, 900.9172598450074929, 1226.527112223263430 ) ) ;
#6980 = CIRCLE ( 'NONE', #8622, 2.200000000000022382 ) ;
#6981 = CARTESIAN_POINT ( 'NONE',  ( 717.1800848525040237, 879.2510169669742481, 1212.380460436409521 ) ) ;
#6982 = CARTESIAN_POINT ( 'NONE',  ( 714.6465780885840786, 906.4797492418606453, 1234.086781508788363 ) ) ;
#6983 = ORIENTED_EDGE ( 'NONE', *, *, #4291, .T. ) ;
#6984 = ORIENTED_EDGE ( 'NONE', *, *, #2445, .F. ) ;
#6985 = CARTESIAN_POINT ( 'NONE',  ( 738.5042292827890833, 885.8304648850081549, 1198.723141816047018 ) ) ;
#6986 = CARTESIAN_POINT ( 'NONE',  ( 717.1800848525040237, 879.2510169669742481, 1212.380460436409521 ) ) ;
#6987 = EDGE_CURVE ( 'NONE', #7789, #4561, #7892, .T. ) ;
#6988 = B_SPLINE_SURFACE_WITH_KNOTS ( 'NONE', 3, 1, ( 
 ( #8565, #6917 ),
 ( #9237, #1510 ),
 ( #9292, #2892 ),
 ( #5475, #7633 ),
 ( #10063, #4659 ),
 ( #1355, #1556 ) ),
 .UNSPECIFIED., .F., .F., .F.,
 ( 4, 1, 1, 4 ),
 ( 2, 2 ),
 ( 0.000000000000000000, 0.3395620866332510479, 0.7109345430498769103, 1.000000000000000000 ),
 ( 0.000000000000000000, 1.000000000000000000 ),
 .UNSPECIFIED. ) ;
#6989 = CARTESIAN_POINT ( 'NONE',  ( 726.8103429020868589, 892.2270167716950482, 1229.206418542407164 ) ) ;
#6990 = CARTESIAN_POINT ( 'NONE',  ( 713.4172024240668861, 900.7575091168764629, 1226.758242462947919 ) ) ;
#6991 = CARTESIAN_POINT ( 'NONE',  ( 730.2364617293516176, 891.7054230333326359, 1194.844035935942657 ) ) ;
#6992 = DIRECTION ( 'NONE',  ( 0.5845683251975355432, -0.3375006799125333523, -0.7378164841166982013 ) ) ;
#6993 = EDGE_LOOP ( 'NONE', ( #776, #8580, #10168, #1466 ) ) ;
#6994 = CARTESIAN_POINT ( 'NONE',  ( 717.1800848525040237, 879.2510169669742481, 1212.380460436409521 ) ) ;
#6995 = VERTEX_POINT ( 'NONE', #6756 ) ;
#6996 = CARTESIAN_POINT ( 'NONE',  ( 739.6258971007318905, 884.2084581140461523, 1216.061183067685533 ) ) ;
#6997 = CYLINDRICAL_SURFACE ( 'NONE', #3483, 1.200000000000046141 ) ;
#6998 = EDGE_CURVE ( 'NONE', #10161, #535, #3769, .T. ) ;
#6999 = CARTESIAN_POINT ( 'NONE',  ( 709.8225461848921896, 902.3057063810379077, 1222.266954435049001 ) ) ;
#7000 = CARTESIAN_POINT ( 'NONE',  ( 742.5993818797936683, 883.9091699525723698, 1216.326351231640274 ) ) ;
#7001 = CIRCLE ( 'NONE', #3878, 19.56600634797374383 ) ;
#7002 = CARTESIAN_POINT ( 'NONE',  ( 727.3482442839905389, 891.9163682017456267, 1195.634721941815087 ) ) ;
#7003 = CARTESIAN_POINT ( 'NONE',  ( 724.9343367424689859, 891.4946072211918136, 1194.210475512071753 ) ) ;
#7004 = ORIENTED_EDGE ( 'NONE', *, *, #2731, .F. ) ;
#7005 = CARTESIAN_POINT ( 'NONE',  ( 717.1800848525040237, 879.2510169669742481, 1212.380460436409521 ) ) ;
#7006 = CARTESIAN_POINT ( 'NONE',  ( 720.5176086000567466, 898.1056766097661921, 1230.198575347540555 ) ) ;
#7007 = CARTESIAN_POINT ( 'NONE',  ( 736.3850897963573061, 888.1555109637002943, 1225.981664495146788 ) ) ;
#7008 = ORIENTED_EDGE ( 'NONE', *, *, #1679, .F. ) ;
#7009 = ADVANCED_FACE ( 'NONE', ( #7477 ), #8527, .F. ) ;
#7010 = DIRECTION ( 'NONE',  ( 0.8660254037844383745, -0.5000000000000004441, 0.000000000000000000 ) ) ;
#7011 = CARTESIAN_POINT ( 'NONE',  ( 725.6611678065269189, 895.1360413173173356, 1193.410491872564535 ) ) ;
#7012 = B_SPLINE_CURVE_WITH_KNOTS ( 'NONE', 1,
 ( #3609, #6702 ),
 .UNSPECIFIED., .F., .F.,
 ( 2, 2 ),
 ( 0.000000000000000000, 0.002900000000004697865 ),
 .UNSPECIFIED. ) ;
#7013 = DIRECTION ( 'NONE',  ( 0.8660254037844441477, -0.4999999999999902855, 0.000000000000000000 ) ) ;
#7014 = CARTESIAN_POINT ( 'NONE',  ( 708.1735058518320329, 903.3419162225877699, 1217.180536503349913 ) ) ;
#7015 = CARTESIAN_POINT ( 'NONE',  ( 716.3217681175088956, 899.7390751358211674, 1196.717166352831100 ) ) ;
#7016 = CARTESIAN_POINT ( 'NONE',  ( 725.7324772062105467, 894.3057997101940373, 1194.123303663481693 ) ) ;
#7017 = CARTESIAN_POINT ( 'NONE',  ( 718.0612255719730683, 895.4627998055982516, 1229.011274158614242 ) ) ;
#7018 = CIRCLE ( 'NONE', #3893, 1.200000000000046141 ) ;
#7019 = CIRCLE ( 'NONE', #2562, 18.17967805303275597 ) ;
#7020 = EDGE_CURVE ( 'NONE', #820, #7692, #3725, .T. ) ;
#7021 = CARTESIAN_POINT ( 'NONE',  ( 709.0769697817636370, 903.9557351890516657, 1209.733503849005274 ) ) ;
#7022 = EDGE_LOOP ( 'NONE', ( #6648, #7763, #9977, #3318 ) ) ;
#7023 = VERTEX_POINT ( 'NONE', #6086 ) ;
#7024 = CARTESIAN_POINT ( 'NONE',  ( 724.8744097880899062, 894.8012051650289322, 1192.846056928454345 ) ) ;
#7025 = AXIS2_PLACEMENT_3D ( 'NONE', #586, #9974, #5191 ) ;
#7026 = B_SPLINE_CURVE_WITH_KNOTS ( 'NONE', 3,
 ( #8708, #877, #2661, #5812 ),
 .UNSPECIFIED., .F., .F.,
 ( 4, 4 ),
 ( 1.779822904821748267E-15, 0.001453450272831301182 ),
 .UNSPECIFIED. ) ;
#7027 = CARTESIAN_POINT ( 'NONE',  ( 725.5019498023029882, 894.4388947688960343, 1231.942639283727885 ) ) ;
#7028 = CARTESIAN_POINT ( 'NONE',  ( 708.9923403071782104, 903.9707222551218138, 1214.501997461983137 ) ) ;
#7029 = EDGE_CURVE ( 'NONE', #9107, #6209, #5176, .T. ) ;
#7030 = CARTESIAN_POINT ( 'NONE',  ( 724.4202779218370551, 891.7913992196671416, 1212.380460436409521 ) ) ;
#7031 = AXIS2_PLACEMENT_3D ( 'NONE', #1658, #2582, #7944 ) ;
#7032 = ORIENTED_EDGE ( 'NONE', *, *, #9695, .F. ) ;
#7033 = ORIENTED_EDGE ( 'NONE', *, *, #802, .F. ) ;
#7034 = CARTESIAN_POINT ( 'NONE',  ( 730.6291211850075342, 891.4787209909102330, 1231.147734763100743 ) ) ;
#7035 = CARTESIAN_POINT ( 'NONE',  ( 732.0196291362375405, 887.4039117502975387, 1228.302159747099950 ) ) ;
#7036 = AXIS2_PLACEMENT_3D ( 'NONE', #3967, #8758, #5523 ) ;
#7037 = CARTESIAN_POINT ( 'NONE',  ( 710.7738719101420202, 902.9421545045806852, 1217.930723312156260 ) ) ;
#7038 = CARTESIAN_POINT ( 'NONE',  ( 734.4205064915958019, 889.2897636635497065, 1227.713587726309015 ) ) ;
#7039 = B_SPLINE_CURVE_WITH_KNOTS ( 'NONE', 1,
 ( #2549, #4947 ),
 .UNSPECIFIED., .F., .F.,
 ( 2, 2 ),
 ( 0.000000000000000000, 0.002900000000000993363 ),
 .UNSPECIFIED. ) ;
#7040 = DIRECTION ( 'NONE',  ( -0.5845683251975072325, 0.3375006799125115364, 0.7378164841167307308 ) ) ;
#7041 = EDGE_CURVE ( 'NONE', #6028, #6242, #3598, .T. ) ;
#7042 = CARTESIAN_POINT ( 'NONE',  ( 714.1641811639022990, 900.9847585442860236, 1198.197628856821211 ) ) ;
#7043 = EDGE_CURVE ( 'NONE', #5374, #1049, #2347, .T. ) ;
#7044 = ORIENTED_EDGE ( 'NONE', *, *, #3183, .T. ) ;
#7045 = CARTESIAN_POINT ( 'NONE',  ( 736.4634475732096917, 886.6537031289967672, 1201.537282598621459 ) ) ;
#7046 = ORIENTED_EDGE ( 'NONE', *, *, #8583, .F. ) ;
#7047 = CARTESIAN_POINT ( 'NONE',  ( 736.4230985645403962, 888.1335665911582282, 1225.942186259505888 ) ) ;
#7048 = CARTESIAN_POINT ( 'NONE',  ( 729.9152638638435064, 891.8908667074473442, 1230.020207743206129 ) ) ;
#7049 = B_SPLINE_SURFACE_WITH_KNOTS ( 'NONE', 3, 1, ( 
 ( #9720, #338 ),
 ( #6631, #5097 ),
 ( #1067, #2651 ),
 ( #5144, #4212 ) ),
 .UNSPECIFIED., .F., .F., .F.,
 ( 4, 4 ),
 ( 2, 2 ),
 ( 0.000000000000000000, 1.000000000000000000 ),
 ( 0.000000000000000000, 1.000000000000000000 ),
 .UNSPECIFIED. ) ;
#7050 = CARTESIAN_POINT ( 'NONE',  ( 725.3236735400701036, 893.3561263297817732, 1212.380460436409521 ) ) ;
#7051 = DIRECTION ( 'NONE',  ( 0.5071579070153453550, 0.5017517908916789837, -0.7007396076209815305 ) ) ;
#7052 = CARTESIAN_POINT ( 'NONE',  ( 719.6868221068548337, 896.1817813778770869, 1228.211337113895752 ) ) ;
#7053 = CARTESIAN_POINT ( 'NONE',  ( 727.7214180348614718, 890.1779217623733302, 1229.981353129087893 ) ) ;
#7054 = ADVANCED_FACE ( 'NONE', ( #1406 ), #9600, .T. ) ;
#7055 = ORIENTED_EDGE ( 'NONE', *, *, #2743, .T. ) ;
#7056 = DIRECTION ( 'NONE',  ( -1.000000000000000000, -0.000000000000000000, -0.000000000000000000 ) ) ;
#7057 = CARTESIAN_POINT ( 'NONE',  ( 744.1713637030086375, 889.4336063196064970, 1234.086781508788363 ) ) ;
#7058 = CARTESIAN_POINT ( 'NONE',  ( 711.1491996166666922, 899.4534598515668904, 1202.599253884872041 ) ) ;
#7059 = EDGE_LOOP ( 'NONE', ( #6196, #2726, #521, #9125, #7365 ) ) ;
#7060 = PLANE ( 'NONE',  #7263 ) ;
#7061 = DIRECTION ( 'NONE',  ( -0.8660254037844380415, 0.5000000000000009992, 1.159393634592655803E-14 ) ) ;
#7062 = CARTESIAN_POINT ( 'NONE',  ( 742.1474624049437807, 884.8286035869618900, 1217.683713709046060 ) ) ;
#7063 = CARTESIAN_POINT ( 'NONE',  ( 738.3481771517513153, 887.0221219506206580, 1201.216434836642520 ) ) ;
#7064 = EDGE_LOOP ( 'NONE', ( #5686, #3427 ) ) ;
#7065 = CARTESIAN_POINT ( 'NONE',  ( 741.2527002179169813, 885.3451947765025807, 1216.440492227330424 ) ) ;
#7066 = CARTESIAN_POINT ( 'NONE',  ( 722.2104640253572825, 894.8827697030592390, 1228.950610690647864 ) ) ;
#7067 = EDGE_CURVE ( 'NONE', #5494, #10189, #540, .T. ) ;
#7068 = CARTESIAN_POINT ( 'NONE',  ( 775.2571674357109259, 871.8434747564626832, 1202.025121377081859 ) ) ;
#7069 = CARTESIAN_POINT ( 'NONE',  ( 738.9671784454947101, 884.5887695069650363, 1218.606966671033661 ) ) ;
#7070 = VERTEX_POINT ( 'NONE', #3143 ) ;
#7071 = DIRECTION ( 'NONE',  ( -0.4999999999999988343, -0.8660254037844394848, 2.975261781898571487E-15 ) ) ;
#7072 = CC_DESIGN_DATE_AND_TIME_ASSIGNMENT ( #9164, #9211, ( #8089 ) ) ;
#7073 = CARTESIAN_POINT ( 'NONE',  ( 731.0439258364892794, 891.2731071975789519, 1193.772579979047350 ) ) ;
#7074 = CARTESIAN_POINT ( 'NONE',  ( 717.1800848525040237, 879.2510169669742481, 1212.380460436409521 ) ) ;
#7075 = FACE_OUTER_BOUND ( 'NONE', #4228, .T. ) ;
#7076 = PERSON_AND_ORGANIZATION_ROLE ( 'design_supplier' ) ;
#7077 = VERTEX_POINT ( 'NONE', #8508 ) ;
#7078 = ORIENTED_EDGE ( 'NONE', *, *, #5383, .T. ) ;
#7079 = CARTESIAN_POINT ( 'NONE',  ( 732.3861047996566640, 890.4643260280307686, 1228.998292097506919 ) ) ;
#7080 = CARTESIAN_POINT ( 'NONE',  ( 732.6835615805466659, 888.5233626850792916, 1227.098443773338659 ) ) ;
#7081 = CARTESIAN_POINT ( 'NONE',  ( 716.4455590237402021, 898.2111346293675069, 1198.808533794188634 ) ) ;
#7082 = EDGE_CURVE ( 'NONE', #6301, #6545, #2107, .T. ) ;
#7083 = CARTESIAN_POINT ( 'NONE',  ( 739.3421776553788050, 886.4482354922768081, 1221.875326313969026 ) ) ;
#7084 = VECTOR ( 'NONE', #7158, 1000.000000000000114 ) ;
#7085 = LINE ( 'NONE', #1576, #351 ) ;
#7086 = LINE ( 'NONE', #754, #2011 ) ;
#7087 = CARTESIAN_POINT ( 'NONE',  ( 709.5489391082014663, 902.9908519835877314, 1220.228705640267890 ) ) ;
#7088 = EDGE_LOOP ( 'NONE', ( #8773, #6525, #1257, #6432 ) ) ;
#7089 = CARTESIAN_POINT ( 'NONE',  ( 726.1688792372385706, 892.9522825543554063, 1232.776722821976136 ) ) ;
#7090 = ORIENTED_EDGE ( 'NONE', *, *, #2795, .F. ) ;
#7091 = CARTESIAN_POINT ( 'NONE',  ( 714.3234865537295946, 897.6207844339699022, 1198.431490359555937 ) ) ;
#7092 = CARTESIAN_POINT ( 'NONE',  ( 716.1944106991107901, 898.3561351821990684, 1225.731328842335643 ) ) ;
#7093 = AXIS2_PLACEMENT_3D ( 'NONE', #9727, #8176, #9570 ) ;
#7094 = EDGE_CURVE ( 'NONE', #9213, #1861, #2464, .T. ) ;
#7095 = EDGE_CURVE ( 'NONE', #7652, #1362, #8110, .T. ) ;
#7096 = FACE_OUTER_BOUND ( 'NONE', #311, .T. ) ;
#7097 = CARTESIAN_POINT ( 'NONE',  ( 723.9023194637074994, 885.7619801132477733, 1221.517158666681780 ) ) ;
#7098 = CARTESIAN_POINT ( 'NONE',  ( 717.1800848525040237, 879.2510169669742481, 1212.380460436409521 ) ) ;
#7099 = CARTESIAN_POINT ( 'NONE',  ( 710.7938114394737568, 902.9306424119536132, 1221.385723358879204 ) ) ;
#7100 = VERTEX_POINT ( 'NONE', #872 ) ;
#7101 = CARTESIAN_POINT ( 'NONE',  ( 722.9744015186180377, 892.9186130258812000, 1230.267078048235817 ) ) ;
#7102 = CARTESIAN_POINT ( 'NONE',  ( 725.0300480222709893, 895.5029328349961588, 1231.314415229242741 ) ) ;
#7103 = CARTESIAN_POINT ( 'NONE',  ( 739.8289963510918597, 884.7106026361157092, 1213.581326000922445 ) ) ;
#7104 = CARTESIAN_POINT ( 'NONE',  ( 721.8724449401915990, 896.5343903780610617, 1231.403359005336370 ) ) ;
#7105 = EDGE_LOOP ( 'NONE', ( #882, #1783, #1441, #8761, #9139 ) ) ;
#7106 = ADVANCED_FACE ( 'NONE', ( #4015 ), #3101, .F. ) ;
#7107 = CARTESIAN_POINT ( 'NONE',  ( 717.1800848525040237, 879.2510169669742481, 1212.380460436409521 ) ) ;
#7108 = CARTESIAN_POINT ( 'NONE',  ( 717.1800848525040237, 879.2510169669742481, 1212.380460436409521 ) ) ;
#7109 = CARTESIAN_POINT ( 'NONE',  ( 718.2757444291349884, 897.1543784351696331, 1227.296610210559265 ) ) ;
#7110 = CARTESIAN_POINT ( 'NONE',  ( 725.8370950929727314, 894.2453985451099925, 1212.380460436409521 ) ) ;
#7111 = CARTESIAN_POINT ( 'NONE',  ( 712.6724339163115474, 901.8460192192455906, 1200.762243148306425 ) ) ;
#7112 = VERTEX_POINT ( 'NONE', #9388 ) ;
#7113 = CARTESIAN_POINT ( 'NONE',  ( 719.8164766974746271, 896.2648362452946458, 1228.122180083831154 ) ) ;
#7114 = B_SPLINE_CURVE_WITH_KNOTS ( 'NONE', 3,
 ( #7145, #3031, #5713, #1736, #912, #2659, #344, #7194 ),
 .UNSPECIFIED., .F., .F.,
 ( 4, 2, 2, 4 ),
 ( 0.000000000000000000, 0.0005319171944713012821, 0.001063834388942602564, 0.002127668777885518246 ),
 .UNSPECIFIED. ) ;
#7115 = CARTESIAN_POINT ( 'NONE',  ( 717.1800848525040237, 879.2510169669742481, 1212.380460436409521 ) ) ;
#7116 = ORIENTED_EDGE ( 'NONE', *, *, #9432, .F. ) ;
#7117 = DIRECTION ( 'NONE',  ( -0.4999999999999988343, -0.8660254037844394848, 2.975261781898571487E-15 ) ) ;
#7118 = ADVANCED_FACE ( 'NONE', ( #6962 ), #7833, .F. ) ;
#7119 = VECTOR ( 'NONE', #3733, 1000.000000000000227 ) ;
#7120 = ORIENTED_EDGE ( 'NONE', *, *, #1771, .F. ) ;
#7121 = CARTESIAN_POINT ( 'NONE',  ( 717.1800848525040237, 879.2510169669742481, 1212.380460436409521 ) ) ;
#7122 = CARTESIAN_POINT ( 'NONE',  ( 717.1800848525040237, 879.2510169669742481, 1212.380460436409521 ) ) ;
#7123 = CARTESIAN_POINT ( 'NONE',  ( 742.2081957792477169, 885.5826102629789602, 1208.182000746251106 ) ) ;
#7124 = VECTOR ( 'NONE', #2153, 1000.000000000000227 ) ;
#7125 = ORIENTED_EDGE ( 'NONE', *, *, #856, .T. ) ;
#7126 = ORIENTED_EDGE ( 'NONE', *, *, #5440, .T. ) ;
#7127 = CARTESIAN_POINT ( 'NONE',  ( 732.1525712057649571, 890.5991567113289875, 1229.118296816331849 ) ) ;
#7128 = LINE ( 'NONE', #2431, #1019 ) ;
#7129 = CARTESIAN_POINT ( 'NONE',  ( 721.3190014950259865, 887.2534594378684005, 1202.899394181101570 ) ) ;
#7130 = AXIS2_PLACEMENT_3D ( 'NONE', #9324, #1288, #4584 ) ;
#7131 = ORIENTED_EDGE ( 'NONE', *, *, #5440, .F. ) ;
#7132 = DIRECTION ( 'NONE',  ( 1.764309692153041110E-14, 7.370867579099568370E-15, 1.000000000000000000 ) ) ;
#7133 = DIRECTION ( 'NONE',  ( -0.000000000000000000, 0.7071067811865475727, 0.7071067811865475727 ) ) ;
#7134 = ORIENTED_EDGE ( 'NONE', *, *, #10017, .F. ) ;
#7135 = CARTESIAN_POINT ( 'NONE',  ( 724.8026620742249406, 885.2421670647026986, 1221.159000794387339 ) ) ;
#7136 = ORIENTED_EDGE ( 'NONE', *, *, #5215, .F. ) ;
#7137 = CARTESIAN_POINT ( 'NONE',  ( 732.4103701401526223, 890.4503164271631022, 1195.775480080561692 ) ) ;
#7138 = ADVANCED_FACE ( 'NONE', ( #2211 ), #6291, .F. ) ;
#7139 = ORIENTED_EDGE ( 'NONE', *, *, #10027, .F. ) ;
#7140 = CARTESIAN_POINT ( 'NONE',  ( 716.2539824658083489, 898.3216432489333556, 1198.976136751985678 ) ) ;
#7141 = CARTESIAN_POINT ( 'NONE',  ( 712.1568450391616807, 902.1436945962591381, 1201.585628828904419 ) ) ;
#7142 = CARTESIAN_POINT ( 'NONE',  ( 742.1321332184672883, 888.3015555120373392, 1190.196798703381319 ) ) ;
#7143 = B_SPLINE_CURVE_WITH_KNOTS ( 'NONE', 3,
 ( #4350, #321, #8308, #1153, #4297, #4249, #6821, #7433 ),
 .UNSPECIFIED., .F., .F.,
 ( 4, 2, 2, 4 ),
 ( 0.000000000000000000, 0.001064839483313853715, 0.001597259224970780465, 0.002129678966627707431 ),
 .UNSPECIFIED. ) ;
#7144 = CARTESIAN_POINT ( 'NONE',  ( 733.1055302690880353, 888.5923975884478523, 1198.120686868019448 ) ) ;
#7145 = CARTESIAN_POINT ( 'NONE',  ( 733.2438939096324475, 888.5125133033337761, 1226.536768925606566 ) ) ;
#7146 = FACE_OUTER_BOUND ( 'NONE', #378, .T. ) ;
#7147 = ORIENTED_EDGE ( 'NONE', *, *, #7525, .F. ) ;
#7148 = CARTESIAN_POINT ( 'NONE',  ( 717.1800848525040237, 879.2510169669742481, 1212.380460436409521 ) ) ;
#7149 = CARTESIAN_POINT ( 'NONE',  ( 729.4391519956418506, 890.7092460742742333, 1196.173968712489113 ) ) ;
#7150 = ADVANCED_FACE ( 'NONE', ( #10114 ), #5572, .F. ) ;
#7151 = ORIENTED_EDGE ( 'NONE', *, *, #2486, .T. ) ;
#7152 = CARTESIAN_POINT ( 'NONE',  ( 716.4719552207440074, 900.1966700554127101, 1196.746670546574023 ) ) ;
#7153 = EDGE_CURVE ( 'NONE', #6995, #2503, #9986, .T. ) ;
#7154 = CARTESIAN_POINT ( 'NONE',  ( 725.0689807603032477, 893.0743906304920756, 1195.344297913930404 ) ) ;
#7155 = ORIENTED_EDGE ( 'NONE', *, *, #9622, .F. ) ;
#7156 = CIRCLE ( 'NONE', #5367, 20.44804870789273821 ) ;
#7157 = CARTESIAN_POINT ( 'NONE',  ( 738.0663805685226180, 885.5703383524444234, 1204.171928285787999 ) ) ;
#7158 = DIRECTION ( 'NONE',  ( 0.3000979065758540010, 0.6212979378838384692, 0.7238301726579791096 ) ) ;
#7159 = CARTESIAN_POINT ( 'NONE',  ( 708.6920793503545610, 900.8720788987409378, 1213.196377328729113 ) ) ;
#7160 = CARTESIAN_POINT ( 'NONE',  ( 741.3009679859342214, 885.3173273676444524, 1208.572269565082934 ) ) ;
#7161 = EDGE_LOOP ( 'NONE', ( #1738, #9708, #5754, #7044 ) ) ;
#7162 = VERTEX_POINT ( 'NONE', #3189 ) ;
#7163 = EDGE_CURVE ( 'NONE', #1867, #5921, #3514, .T. ) ;
#7164 = CARTESIAN_POINT ( 'NONE',  ( 734.9581760339216316, 887.5228303216330232, 1199.741325220690669 ) ) ;
#7165 = EDGE_CURVE ( 'NONE', #7674, #9630, #2967, .T. ) ;
#7166 = ORIENTED_EDGE ( 'NONE', *, *, #1368, .T. ) ;
#7167 = ORIENTED_EDGE ( 'NONE', *, *, #1745, .F. ) ;
#7168 = CARTESIAN_POINT ( 'NONE',  ( 729.6929593382485564, 882.4187526229013656, 1214.490852989805035 ) ) ;
#7169 = CARTESIAN_POINT ( 'NONE',  ( 714.5250640052317976, 900.7764027386986072, 1199.624289277349817 ) ) ;
#7170 = CARTESIAN_POINT ( 'NONE',  ( 725.1093867901549856, 893.2089731784886908, 1195.453441353517064 ) ) ;
#7171 = DIRECTION ( 'NONE',  ( 0.5845683251974505001, -0.3375006799124822821, -0.7378164841167890176 ) ) ;
#7172 = EDGE_CURVE ( 'NONE', #5208, #5090, #8263, .T. ) ;
#7173 = VERTEX_POINT ( 'NONE', #7679 ) ;
#7174 = ORIENTED_EDGE ( 'NONE', *, *, #6846, .F. ) ;
#7175 = CARTESIAN_POINT ( 'NONE',  ( 713.4613280852503294, 891.7900892962065882, 1212.433818093195441 ) ) ;
#7176 = AXIS2_PLACEMENT_3D ( 'NONE', #6418, #4885, #3425 ) ;
#7177 = CARTESIAN_POINT ( 'NONE',  ( 733.8143992791424353, 886.6601374008805578, 1197.933561281226957 ) ) ;
#7178 = CARTESIAN_POINT ( 'NONE',  ( 727.9602746346723734, 893.0195802651717258, 1194.288096973050187 ) ) ;
#7179 = CARTESIAN_POINT ( 'NONE',  ( 717.1800848525040237, 879.2510169669742481, 1212.380460436409521 ) ) ;
#7180 = CARTESIAN_POINT ( 'NONE',  ( 716.7250390576667769, 905.2797492418604861, 1234.086781508788363 ) ) ;
#7181 = AXIS2_PLACEMENT_3D ( 'NONE', #4120, #7249, #349 ) ;
#7182 = CARTESIAN_POINT ( 'NONE',  ( 717.1800848525040237, 879.2510169669742481, 1212.380460436409521 ) ) ;
#7183 = ORIENTED_EDGE ( 'NONE', *, *, #3905, .T. ) ;
#7184 = CARTESIAN_POINT ( 'NONE',  ( 742.6573921261268652, 884.5341955251690251, 1214.746627808111043 ) ) ;
#7185 = VERTEX_POINT ( 'NONE', #7627 ) ;
#7186 = DIRECTION ( 'NONE',  ( 0.5845683251975080097, -0.3375006799125091494, -0.7378164841167310639 ) ) ;
#7187 = ORIENTED_EDGE ( 'NONE', *, *, #6975, .T. ) ;
#7188 = CARTESIAN_POINT ( 'NONE',  ( 700.9552912634579798, 897.1185017728884077, 1212.380460436409294 ) ) ;
#7189 = CARTESIAN_POINT ( 'NONE',  ( 709.4702169817077220, 903.6948200284426775, 1217.446261353369437 ) ) ;
#7190 = CONICAL_SURFACE ( 'NONE', #10174, 20.44804870789273821, 0.7096869864122512528 ) ;
#7191 = CARTESIAN_POINT ( 'NONE',  ( 720.3343139108336572, 894.1504316412608659, 1229.937241412661933 ) ) ;
#7192 = EDGE_CURVE ( 'NONE', #9166, #2903, #6960, .T. ) ;
#7193 = CARTESIAN_POINT ( 'NONE',  ( 713.8304043691424567, 891.5770030043499901, 1209.567980627226916 ) ) ;
#7194 = CARTESIAN_POINT ( 'NONE',  ( 733.5627158874874567, 886.5130101990702087, 1227.180971627095005 ) ) ;
#7195 = CARTESIAN_POINT ( 'NONE',  ( 744.2846788970157377, 890.5228843002226995, 1212.380460436409066 ) ) ;
#7196 = ORIENTED_EDGE ( 'NONE', *, *, #6439, .T. ) ;
#7197 = CARTESIAN_POINT ( 'NONE',  ( 718.2411068868740358, 902.0950459957991825, 1190.196798703381546 ) ) ;
#7198 = CARTESIAN_POINT ( 'NONE',  ( 780.5717232886125885, 908.0272409405364442, 1239.380460436408839 ) ) ;
#7199 = CARTESIAN_POINT ( 'NONE',  ( 717.0865722367420858, 899.2975152717049241, 1229.135551326416362 ) ) ;
#7200 = VERTEX_POINT ( 'NONE', #9228 ) ;
#7201 = CARTESIAN_POINT ( 'NONE',  ( 710.4155624734947878, 903.9380956603025652, 1217.757435103503667 ) ) ;
#7202 = VERTEX_POINT ( 'NONE', #465 ) ;
#7203 = CARTESIAN_POINT ( 'NONE',  ( 711.8026048108317809, 901.2466549616934799, 1225.487910230116768 ) ) ;
#7204 = EDGE_CURVE ( 'NONE', #5289, #4142, #4331, .T. ) ;
#7205 = CARTESIAN_POINT ( 'NONE',  ( 717.1800848525040237, 879.2510169669742481, 1212.380460436409521 ) ) ;
#7206 = CARTESIAN_POINT ( 'NONE',  ( 730.3892595647544113, 888.6376511455569016, 1195.715611600647435 ) ) ;
#7207 = B_SPLINE_SURFACE_WITH_KNOTS ( 'NONE', 3, 1, ( 
 ( #6489, #5563 ),
 ( #95, #7152 ),
 ( #3285, #8701 ),
 ( #3138, #4750 ),
 ( #2358, #8859 ),
 ( #3235, #3959 ) ),
 .UNSPECIFIED., .F., .F., .F.,
 ( 4, 1, 1, 4 ),
 ( 2, 2 ),
 ( 0.000000000000000000, 0.3395620866332510479, 0.7109345430498769103, 1.000000000000000000 ),
 ( 0.000000000000000000, 1.000000000000000000 ),
 .UNSPECIFIED. ) ;
#7208 = FACE_OUTER_BOUND ( 'NONE', #1496, .T. ) ;
#7209 = ORIENTED_EDGE ( 'NONE', *, *, #9637, .T. ) ;
#7210 = CARTESIAN_POINT ( 'NONE',  ( 735.0852580756394445, 887.4495003446407964, 1199.873958421368798 ) ) ;
#7211 = ORIENTED_EDGE ( 'NONE', *, *, #8057, .F. ) ;
#7212 = EDGE_LOOP ( 'NONE', ( #10206, #5936, #3864, #7325 ) ) ;
#7213 = CARTESIAN_POINT ( 'NONE',  ( 709.1296140081492467, 903.4890523869102026, 1206.885683007220223 ) ) ;
#7214 = EDGE_CURVE ( 'NONE', #1933, #6131, #4548, .T. ) ;
#7215 = EDGE_CURVE ( 'NONE', #1688, #10071, #270, .T. ) ;
#7216 = ORIENTED_EDGE ( 'NONE', *, *, #2420, .F. ) ;
#7217 = B_SPLINE_CURVE_WITH_KNOTS ( 'NONE', 3,
 ( #539, #5859, #8276, #2808, #8175, #3691, #3537, #8383 ),
 .UNSPECIFIED., .F., .F.,
 ( 4, 2, 2, 4 ),
 ( 0.000000000000000000, 0.0005319171944632922807, 0.001063834388926584561, 0.002127668777853002156 ),
 .UNSPECIFIED. ) ;
#7218 = CARTESIAN_POINT ( 'NONE',  ( 724.4202779218370551, 891.7913992196671416, 1212.380460436409521 ) ) ;
#7219 = CARTESIAN_POINT ( 'NONE',  ( 738.0807013716613483, 885.8837896592498282, 1198.083653001160428 ) ) ;
#7220 = DIRECTION ( 'NONE',  ( -0.2797036261192789031, 0.9560465088619275464, 0.08798269391560319119 ) ) ;
#7221 = ORIENTED_EDGE ( 'NONE', *, *, #4661, .T. ) ;
#7222 = ORIENTED_EDGE ( 'NONE', *, *, #3049, .F. ) ;
#7223 = CARTESIAN_POINT ( 'NONE',  ( 724.4202779218370551, 891.7913992196671416, 1212.380460436409521 ) ) ;
#7224 = CARTESIAN_POINT ( 'NONE',  ( 733.5878419512108621, 888.0012761696661983, 1198.338676712297456 ) ) ;
#7225 = DIRECTION ( 'NONE',  ( -0.5000000000000008882, -0.8660254037844381525, 5.717648576819556183E-15 ) ) ;
#7226 = CARTESIAN_POINT ( 'NONE',  ( 716.6517285656276499, 898.0920416148096592, 1198.634092698874156 ) ) ;
#7227 = ORIENTED_EDGE ( 'NONE', *, *, #160, .F. ) ;
#7228 = ADVANCED_FACE ( 'NONE', ( #9436 ), #5492, .F. ) ;
#7229 = DIRECTION ( 'NONE',  ( -0.8660254037844380415, 0.5000000000000008882, 0.000000000000000000 ) ) ;
#7230 = CARTESIAN_POINT ( 'NONE',  ( 742.4917796973538771, 884.6298119055021516, 1208.776215895075438 ) ) ;
#7231 = CARTESIAN_POINT ( 'NONE',  ( 709.9211018269537590, 904.2260869880340124, 1209.588619086519429 ) ) ;
#7232 = ORIENTED_EDGE ( 'NONE', *, *, #1226, .F. ) ;
#7233 = CARTESIAN_POINT ( 'NONE',  ( 742.7859348865672473, 883.6615237500320745, 1215.148312137988796 ) ) ;
#7234 = EDGE_LOOP ( 'NONE', ( #2275, #6720, #8980, #7830 ) ) ;
#7235 = CARTESIAN_POINT ( 'NONE',  ( 732.5888198266646896, 890.3472884526186135, 1195.870975637079937 ) ) ;
#7236 = ORIENTED_EDGE ( 'NONE', *, *, #2848, .T. ) ;
#7237 = CARTESIAN_POINT ( 'NONE',  ( 715.9371880305085369, 896.6891134519361231, 1227.695494726540574 ) ) ;
#7238 = FACE_OUTER_BOUND ( 'NONE', #1535, .T. ) ;
#7239 = CARTESIAN_POINT ( 'NONE',  ( 733.1730190497080457, 888.5534911870145152, 1198.170562816098254 ) ) ;
#7240 = AXIS2_PLACEMENT_3D ( 'NONE', #9232, #5088, #5040 ) ;
#7241 = B_SPLINE_SURFACE_WITH_KNOTS ( 'NONE', 3, 1, ( 
 ( #4332, #8290 ),
 ( #2099, #1234 ),
 ( #5265, #8394 ),
 ( #1338, #4484 ),
 ( #9886, #5973 ),
 ( #5314, #2822 ) ),
 .UNSPECIFIED., .F., .F., .F.,
 ( 4, 1, 1, 4 ),
 ( 2, 2 ),
 ( 0.000000000000000000, 0.2890654569501156512, 0.6604379133667447332, 1.000000000000000000 ),
 ( 0.000000000000000000, 1.000000000000000000 ),
 .UNSPECIFIED. ) ;
#7242 = EDGE_CURVE ( 'NONE', #10028, #902, #137, .T. ) ;
#7243 = CARTESIAN_POINT ( 'NONE',  ( 742.0982127548427343, 883.5642783806978287, 1219.141438555619061 ) ) ;
#7244 = CARTESIAN_POINT ( 'NONE',  ( 738.9699834726219478, 885.2065539527376359, 1206.553433476648479 ) ) ;
#7245 = CARTESIAN_POINT ( 'NONE',  ( 724.4202779218370551, 891.7913992196671416, 1212.380460436409521 ) ) ;
#7246 = DIRECTION ( 'NONE',  ( -0.4999999999999988343, -0.8660254037844394848, 2.975261781898571487E-15 ) ) ;
#7247 = ORIENTED_EDGE ( 'NONE', *, *, #9375, .F. ) ;
#7248 = CARTESIAN_POINT ( 'NONE',  ( 739.4734004184357445, 886.3724739947020907, 1221.622029714868631 ) ) ;
#7249 = DIRECTION ( 'NONE',  ( -0.4999999999999988343, -0.8660254037844394848, 2.975261781898571487E-15 ) ) ;
#7250 = CIRCLE ( 'NONE', #6608, 18.17967805303275597 ) ;
#7251 = VERTEX_POINT ( 'NONE', #869 ) ;
#7252 = CARTESIAN_POINT ( 'NONE',  ( 717.1800848525040237, 879.2510169669742481, 1212.380460436409521 ) ) ;
#7253 = B_SPLINE_CURVE_WITH_KNOTS ( 'NONE', 1,
 ( #584, #2172 ),
 .UNSPECIFIED., .F., .F.,
 ( 2, 2 ),
 ( 0.000000000000000000, 0.002899999999999531425 ),
 .UNSPECIFIED. ) ;
#7254 = CARTESIAN_POINT ( 'NONE',  ( 713.5777539257443323, 898.0513333674524574, 1225.562023013468661 ) ) ;
#7255 = ORIENTED_EDGE ( 'NONE', *, *, #2899, .T. ) ;
#7256 = CARTESIAN_POINT ( 'NONE',  ( 740.5353071344895852, 885.7593818663340244, 1219.110129844662424 ) ) ;
#7257 = VECTOR ( 'NONE', #8737, 1000.000000000000000 ) ;
#7258 = CARTESIAN_POINT ( 'NONE',  ( 725.3236735400701036, 893.3561263297817732, 1212.380460436409521 ) ) ;
#7259 = CARTESIAN_POINT ( 'NONE',  ( 711.1107824680718750, 901.2911083357990947, 1217.030614965235372 ) ) ;
#7260 = CARTESIAN_POINT ( 'NONE',  ( 722.6711868190973291, 894.6167653417419388, 1195.708092957758254 ) ) ;
#7261 = ORIENTED_EDGE ( 'NONE', *, *, #9566, .F. ) ;
#7262 = CARTESIAN_POINT ( 'NONE',  ( 714.2693370765462078, 899.1549304251947206, 1200.619703414253308 ) ) ;
#7263 = AXIS2_PLACEMENT_3D ( 'NONE', #7729, #8848, #7010 ) ;
#7264 = CARTESIAN_POINT ( 'NONE',  ( 709.7425280550971820, 904.3266722629382457, 1212.251099079693176 ) ) ;
#7265 = EDGE_CURVE ( 'NONE', #10028, #8451, #1538, .T. ) ;
#7266 = B_SPLINE_SURFACE_WITH_KNOTS ( 'NONE', 3, 1, ( 
 ( #3973, #9643 ),
 ( #4132, #7264 ),
 ( #7115, #1806 ),
 ( #4864, #1758 ) ),
 .UNSPECIFIED., .F., .F., .F.,
 ( 4, 4 ),
 ( 2, 2 ),
 ( 0.000000000000000000, 1.000000000000000000 ),
 ( 0.000000000000000000, 1.000000000000000000 ),
 .UNSPECIFIED. ) ;
#7267 = VERTEX_POINT ( 'NONE', #8657 ) ;
#7268 = CARTESIAN_POINT ( 'NONE',  ( 723.1933447504653714, 894.5860722299228200, 1192.080912946593571 ) ) ;
#7269 = B_SPLINE_CURVE_WITH_KNOTS ( 'NONE', 3,
 ( #10078, #10181, #6256, #9403, #3007, #1565, #4721, #2112, #2989, #4392 ),
 .UNSPECIFIED., .F., .F.,
 ( 4, 3, 3, 4 ),
 ( 0.000000000000000000, 0.0001770953904238550813, 0.0003541907790579362672, 0.0006813326750120723757 ),
 .UNSPECIFIED. ) ;
#7270 = CARTESIAN_POINT ( 'NONE',  ( 732.0113357366658420, 890.6806990474323129, 1230.135245184386349 ) ) ;
#7271 = ORIENTED_EDGE ( 'NONE', *, *, #7276, .F. ) ;
#7272 = CARTESIAN_POINT ( 'NONE',  ( 709.7505674352328242, 904.3245450650002795, 1211.778966538699251 ) ) ;
#7273 = DIRECTION ( 'NONE',  ( 0.5845683251975080097, -0.3375006799125091494, -0.7378164841167310639 ) ) ;
#7274 = CARTESIAN_POINT ( 'NONE',  ( 717.1800848525040237, 879.2510169669742481, 1212.380460436409521 ) ) ;
#7275 = ORIENTED_EDGE ( 'NONE', *, *, #3350, .T. ) ;
#7276 = EDGE_CURVE ( 'NONE', #6829, #1580, #3096, .T. ) ;
#7277 = ORIENTED_EDGE ( 'NONE', *, *, #4596, .T. ) ;
#7278 = ADVANCED_FACE ( 'NONE', ( #821 ), #719, .T. ) ;
#7279 = AXIS2_PLACEMENT_3D ( 'NONE', #5092, #2852, #6827 ) ;
#7280 = DIRECTION ( 'NONE',  ( 0.8660254037844441477, -0.4999999999999902855, 0.000000000000000000 ) ) ;
#7281 = CARTESIAN_POINT ( 'NONE',  ( 716.5689908412205114, 898.1398534567553043, 1198.703431381052042 ) ) ;
#7282 = ORIENTED_EDGE ( 'NONE', *, *, #8484, .T. ) ;
#7283 = CARTESIAN_POINT ( 'NONE',  ( 736.1385088714447420, 887.1121782399735594, 1228.572283834887457 ) ) ;
#7284 = ORIENTED_EDGE ( 'NONE', *, *, #7666, .T. ) ;
#7285 = CARTESIAN_POINT ( 'NONE',  ( 734.2912676404799868, 889.3643797490312863, 1227.808944055093889 ) ) ;
#7286 = VECTOR ( 'NONE', #3970, 1000.000000000000227 ) ;
#7287 = CARTESIAN_POINT ( 'NONE',  ( 708.9366682778645554, 902.8171682291294928, 1220.131424291031408 ) ) ;
#7288 = VERTEX_POINT ( 'NONE', #98 ) ;
#7289 = CARTESIAN_POINT ( 'NONE',  ( 728.5290157911094866, 892.6912174054035631, 1193.062937604822764 ) ) ;
#7290 = ORIENTED_EDGE ( 'NONE', *, *, #845, .F. ) ;
#7291 = CARTESIAN_POINT ( 'NONE',  ( 718.5039423433621550, 898.4791962591065158, 1195.223521923090857 ) ) ;
#7292 = VERTEX_POINT ( 'NONE', #6237 ) ;
#7293 = DIRECTION ( 'NONE',  ( 0.5845683251975072325, -0.3375006799125115364, -0.7378164841167307308 ) ) ;
#7294 = EDGE_CURVE ( 'NONE', #685, #1064, #5803, .T. ) ;
#7295 = CARTESIAN_POINT ( 'NONE',  ( 716.3850810475971684, 898.2459534474475049, 1225.900175777590448 ) ) ;
#7296 = B_SPLINE_CURVE_WITH_KNOTS ( 'NONE', 3,
 ( #9979, #489, #4626, #2084, #3641, #8428, #10032, #2913 ),
 .UNSPECIFIED., .F., .F.,
 ( 4, 2, 2, 4 ),
 ( 0.000000000000000000, 0.001064839483340995199, 0.001597259225011602194, 0.002129678966682208973 ),
 .UNSPECIFIED. ) ;
#7297 = AXIS2_PLACEMENT_3D ( 'NONE', #7057, #5517, #9631 ) ;
#7298 = B_SPLINE_SURFACE_WITH_KNOTS ( 'NONE', 3, 1, ( 
 ( #473, #3625 ),
 ( #9910, #2842 ),
 ( #2316, #3726 ),
 ( #2273, #10068 ),
 ( #3050, #9296 ),
 ( #2219, #1414 ) ),
 .UNSPECIFIED., .F., .F., .F.,
 ( 4, 1, 1, 4 ),
 ( 2, 2 ),
 ( 0.000000000000000000, 0.3395620866332510479, 0.7109345430498769103, 1.000000000000000000 ),
 ( 0.000000000000000000, 1.000000000000000000 ),
 .UNSPECIFIED. ) ;
#7299 = FACE_OUTER_BOUND ( 'NONE', #7974, .T. ) ;
#7300 = CARTESIAN_POINT ( 'NONE',  ( 737.7535650908274647, 886.0726618790513385, 1227.057831416449062 ) ) ;
#7301 = CARTESIAN_POINT ( 'NONE',  ( 734.3571345916451492, 886.0543523464556301, 1198.279188621063440 ) ) ;
#7302 = DIRECTION ( 'NONE',  ( 0.5845683251975580808, -0.3375006799125446211, -0.7378164841166753307 ) ) ;
#7303 = CARTESIAN_POINT ( 'NONE',  ( 734.0353872816103831, 886.2401132424399748, 1226.776070535064946 ) ) ;
#7304 = ORIENTED_EDGE ( 'NONE', *, *, #6551, .T. ) ;
#7305 = CARTESIAN_POINT ( 'NONE',  ( 711.2053737531791739, 901.2364588482029149, 1207.363935900407341 ) ) ;
#7306 = AXIS2_PLACEMENT_3D ( 'NONE', #3960, #6549, #975 ) ;
#7307 = FACE_OUTER_BOUND ( 'NONE', #1284, .T. ) ;
#7308 = CARTESIAN_POINT ( 'NONE',  ( 709.0703134333920161, 900.6537053490909557, 1208.338330504725036 ) ) ;
#7309 = ADVANCED_FACE ( 'NONE', ( #3239 ), #4181, .F. ) ;
#7310 = CARTESIAN_POINT ( 'NONE',  ( 738.3008476158918256, 883.7774485702134371, 1220.959916950134129 ) ) ;
#7311 = ORIENTED_EDGE ( 'NONE', *, *, #2941, .F. ) ;
#7312 = CARTESIAN_POINT ( 'NONE',  ( 725.3236735400701036, 893.3561263297817732, 1212.380460436409521 ) ) ;
#7313 = CARTESIAN_POINT ( 'NONE',  ( 739.4775134444145124, 885.1844030509444110, 1224.669254135417077 ) ) ;
#7314 = CARTESIAN_POINT ( 'NONE',  ( 735.2498425187020530, 886.1291623524030001, 1225.295496880126166 ) ) ;
#7315 = CARTESIAN_POINT ( 'NONE',  ( 738.2399766039180804, 887.0845915660387391, 1200.358718806154457 ) ) ;
#7316 = ORIENTED_EDGE ( 'NONE', *, *, #4351, .F. ) ;
#7317 = CARTESIAN_POINT ( 'NONE',  ( 748.4506273993268906, 888.1176728109826399, 1165.470892306855148 ) ) ;
#7318 = ADVANCED_FACE ( 'NONE', ( #2511 ), #7945, .T. ) ;
#7319 = DIRECTION ( 'NONE',  ( 0.9708656814755699527, 0.2340299824817513030, 0.05147616761733584539 ) ) ;
#7320 = ORIENTED_EDGE ( 'NONE', *, *, #8937, .F. ) ;
#7321 = CIRCLE ( 'NONE', #2879, 20.44804870789273821 ) ;
#7322 = CARTESIAN_POINT ( 'NONE',  ( 742.2673372833648955, 884.7932675774993641, 1207.594733835578154 ) ) ;
#7323 = CARTESIAN_POINT ( 'NONE',  ( 738.4661788306920016, 885.7682973624183660, 1198.675640035961578 ) ) ;
#7324 = CARTESIAN_POINT ( 'NONE',  ( 776.6383652821941723, 871.8434747564627969, 1212.380460436409294 ) ) ;
#7325 = ORIENTED_EDGE ( 'NONE', *, *, #7471, .F. ) ;
#7326 = ADVANCED_FACE ( 'NONE', ( #1715 ), #629, .F. ) ;
#7327 = CARTESIAN_POINT ( 'NONE',  ( 707.7202145511994331, 903.6036240770290533, 1210.969076961348037 ) ) ;
#7328 = AXIS2_PLACEMENT_3D ( 'NONE', #910, #8068, #2497 ) ;
#7329 = CYLINDRICAL_SURFACE ( 'NONE', #6360, 2.200000000000022382 ) ;
#7330 = ORIENTED_EDGE ( 'NONE', *, *, #4205, .T. ) ;
#7331 = VERTEX_POINT ( 'NONE', #8007 ) ;
#7332 = B_SPLINE_SURFACE_WITH_KNOTS ( 'NONE', 3, 1, ( 
 ( #163, #3203 ),
 ( #8536, #4629 ),
 ( #6354, #9546 ),
 ( #9500, #3796 ),
 ( #8717, #889 ),
 ( #7998, #7219 ) ),
 .UNSPECIFIED., .F., .F., .F.,
 ( 4, 1, 1, 4 ),
 ( 2, 2 ),
 ( 0.000000000000000000, 0.3395620866332510479, 0.7109345430498769103, 1.000000000000000000 ),
 ( 0.000000000000000000, 1.000000000000000000 ),
 .UNSPECIFIED. ) ;
#7333 = CARTESIAN_POINT ( 'NONE',  ( 739.8396450137876172, 884.5466855785024336, 1210.947989264974922 ) ) ;
#7334 = B_SPLINE_CURVE_WITH_KNOTS ( 'NONE', 3,
 ( #8759, #9691, #8039, #8086, #1039, #6600, #8190, #310, #4912, #3452 ),
 .UNSPECIFIED., .F., .F.,
 ( 4, 3, 3, 4 ),
 ( 0.000000000000000000, 0.0001770958401172422641, 0.0003541916793411162495, 0.0006316937728062092285 ),
 .UNSPECIFIED. ) ;
#7335 = ORIENTED_EDGE ( 'NONE', *, *, #7242, .T. ) ;
#7336 = DIRECTION ( 'NONE',  ( -1.000000000000000000, -0.000000000000000000, -0.000000000000000000 ) ) ;
#7337 = EDGE_CURVE ( 'NONE', #6035, #2999, #6164, .T. ) ;
#7338 = CARTESIAN_POINT ( 'NONE',  ( 732.6124247225274075, 891.1227312656586719, 1229.845504374051870 ) ) ;
#7339 = CARTESIAN_POINT ( 'NONE',  ( 710.1236936653290286, 901.2415632091768884, 1215.306489944274972 ) ) ;
#7340 = ORIENTED_EDGE ( 'NONE', *, *, #6032, .F. ) ;
#7341 = CARTESIAN_POINT ( 'NONE',  ( 717.1800848525040237, 879.2510169669742481, 1212.380460436409521 ) ) ;
#7342 = VERTEX_POINT ( 'NONE', #4825 ) ;
#7343 = AXIS2_PLACEMENT_3D ( 'NONE', #6748, #665, #9891 ) ;
#7344 = ORIENTED_EDGE ( 'NONE', *, *, #10148, .T. ) ;
#7345 = CARTESIAN_POINT ( 'NONE',  ( 739.9854885907112703, 883.8487898687435518, 1211.836595741823203 ) ) ;
#7346 = ORIENTED_EDGE ( 'NONE', *, *, #8995, .F. ) ;
#7347 = CARTESIAN_POINT ( 'NONE',  ( 739.8163777311516469, 884.7178879997350123, 1210.989808906785129 ) ) ;
#7348 = CARTESIAN_POINT ( 'NONE',  ( 736.1838707815220459, 887.1701244903315455, 1228.525877088990683 ) ) ;
#7349 = AXIS2_PLACEMENT_3D ( 'NONE', #6892, #2968, #8387 ) ;
#7350 = CARTESIAN_POINT ( 'NONE',  ( 725.3236735400701036, 893.3561263297817732, 1212.380460436409521 ) ) ;
#7351 = EDGE_CURVE ( 'NONE', #4505, #8885, #4086, .T. ) ;
#7352 = CARTESIAN_POINT ( 'NONE',  ( 717.1800848525040237, 879.2510169669742481, 1212.380460436409521 ) ) ;
#7353 = EDGE_CURVE ( 'NONE', #7497, #1594, #5568, .T. ) ;
#7354 = CARTESIAN_POINT ( 'NONE',  ( 713.9670542927095767, 899.9128735093299838, 1196.691006600970923 ) ) ;
#7355 = CARTESIAN_POINT ( 'NONE',  ( 738.8613745911748083, 885.2693574774040144, 1206.222211049200041 ) ) ;
#7356 = CARTESIAN_POINT ( 'NONE',  ( 726.9001193593501284, 890.6521071823318607, 1230.152473704102249 ) ) ;
#7357 = ORIENTED_EDGE ( 'NONE', *, *, #8180, .T. ) ;
#7358 = CARTESIAN_POINT ( 'NONE',  ( 723.2344449384895597, 893.0663714501067716, 1230.075207196687415 ) ) ;
#7359 = CARTESIAN_POINT ( 'NONE',  ( 720.2880844038446639, 897.4491213602143489, 1229.476563125565917 ) ) ;
#7360 = CARTESIAN_POINT ( 'NONE',  ( 738.6636154040139672, 885.3834996423208850, 1219.094377830283065 ) ) ;
#7361 = FACE_BOUND ( 'NONE', #5397, .T. ) ;
#7362 = AXIS2_PLACEMENT_3D ( 'NONE', #4794, #7925, #864 ) ;
#7363 = CARTESIAN_POINT ( 'NONE',  ( 717.1800848525040237, 879.2510169669742481, 1212.380460436409521 ) ) ;
#7364 = ORIENTED_EDGE ( 'NONE', *, *, #9247, .F. ) ;
#7365 = ORIENTED_EDGE ( 'NONE', *, *, #3516, .T. ) ;
#7366 = CARTESIAN_POINT ( 'NONE',  ( 709.6182165478173829, 900.9277045768267271, 1208.697700538836671 ) ) ;
#7367 = DIRECTION ( 'NONE',  ( -0.4999999999999988343, -0.8660254037844394848, 2.975261781898571487E-15 ) ) ;
#7368 = ADVANCED_FACE ( 'NONE', ( #5543 ), #3998, .F. ) ;
#7369 = FACE_OUTER_BOUND ( 'NONE', #527, .T. ) ;
#7370 = DIRECTION ( 'NONE',  ( 0.5845683251975072325, -0.3375006799125115364, -0.7378164841167307308 ) ) ;
#7371 = ORIENTED_EDGE ( 'NONE', *, *, #7351, .T. ) ;
#7372 = CARTESIAN_POINT ( 'NONE',  ( 717.1800848525040237, 879.2510169669742481, 1212.380460436409521 ) ) ;
#7373 = B_SPLINE_CURVE_WITH_KNOTS ( 'NONE', 1,
 ( #8864, #3397 ),
 .UNSPECIFIED., .F., .F.,
 ( 2, 2 ),
 ( 0.000000000000000000, 0.002900000000002813955 ),
 .UNSPECIFIED. ) ;
#7374 = EDGE_LOOP ( 'NONE', ( #7364, #2780, #34, #1239 ) ) ;
#7375 = CARTESIAN_POINT ( 'NONE',  ( 742.3875505506157424, 883.5884283056786899, 1206.875811633327203 ) ) ;
#7376 = CARTESIAN_POINT ( 'NONE',  ( 717.1800848525040237, 879.2510169669742481, 1212.380460436409521 ) ) ;
#7377 = CARTESIAN_POINT ( 'NONE',  ( 727.9731379992335860, 893.8037390445471146, 1193.513303280393302 ) ) ;
#7378 = EDGE_CURVE ( 'NONE', #3780, #9396, #1137, .T. ) ;
#7379 = CARTESIAN_POINT ( 'NONE',  ( 739.3825430109981198, 886.4249305433439758, 1202.962419898821281 ) ) ;
#7380 = CARTESIAN_POINT ( 'NONE',  ( 720.5478743937879926, 896.1975712138374774, 1192.733503540960783 ) ) ;
#7381 = CARTESIAN_POINT ( 'NONE',  ( 727.3398322305871488, 883.7773311919470416, 1205.499156304080998 ) ) ;
#7382 = CARTESIAN_POINT ( 'NONE',  ( 720.4089573278954504, 897.3793353449756296, 1195.232512245094313 ) ) ;
#7383 = VERTEX_POINT ( 'NONE', #1915 ) ;
#7384 = ORIENTED_EDGE ( 'NONE', *, *, #8693, .T. ) ;
#7385 = B_SPLINE_CURVE_WITH_KNOTS ( 'NONE', 3,
 ( #9545, #8716, #1656, #888, #7169, #113, #5080, #3517, #8253, #9130 ),
 .UNSPECIFIED., .F., .F.,
 ( 4, 3, 3, 4 ),
 ( 0.000000000000000000, 0.0001770953904236756459, 0.0003541907790578354364, 0.0006813326750119630881 ),
 .UNSPECIFIED. ) ;
#7386 = CARTESIAN_POINT ( 'NONE',  ( 714.4000336304286520, 900.8485890592482974, 1224.987007491758277 ) ) ;
#7387 = EDGE_CURVE ( 'NONE', #429, #2475, #7143, .T. ) ;
#7388 = VERTEX_POINT ( 'NONE', #1310 ) ;
#7389 = CARTESIAN_POINT ( 'NONE',  ( 728.8557490690653822, 891.4010175336727571, 1232.395129402425709 ) ) ;
#7390 = VERTEX_POINT ( 'NONE', #373 ) ;
#7391 = DIRECTION ( 'NONE',  ( -0.5845683251975072325, 0.3375006799125115364, 0.7378164841167307308 ) ) ;
#7392 = CARTESIAN_POINT ( 'NONE',  ( 714.0119869261582153, 897.8006288277764497, 1226.020743871130662 ) ) ;
#7393 = CARTESIAN_POINT ( 'NONE',  ( 717.1800848525040237, 879.2510169669742481, 1212.380460436409521 ) ) ;
#7394 = ORIENTED_EDGE ( 'NONE', *, *, #2647, .F. ) ;
#7395 = CARTESIAN_POINT ( 'NONE',  ( 717.1800848525040237, 879.2510169669742481, 1212.380460436409521 ) ) ;
#7396 = EDGE_LOOP ( 'NONE', ( #1533, #3675, #9036, #5950, #6199 ) ) ;
#7397 = CARTESIAN_POINT ( 'NONE',  ( 720.2021954520060945, 896.8401915657461814, 1231.482734888028972 ) ) ;
#7398 = CARTESIAN_POINT ( 'NONE',  ( 742.2709559965030621, 883.4645450236246234, 1218.538586276299156 ) ) ;
#7399 = EDGE_CURVE ( 'NONE', #4608, #4651, #2730, .T. ) ;
#7400 = ORIENTED_EDGE ( 'NONE', *, *, #3975, .T. ) ;
#7401 = CARTESIAN_POINT ( 'NONE',  ( 717.1800848525040237, 879.2510169669742481, 1212.380460436409521 ) ) ;
#7402 = DIRECTION ( 'NONE',  ( -0.2561112909742873089, 0.9424254678151517961, -0.2150377740046527375 ) ) ;
#7403 = CARTESIAN_POINT ( 'NONE',  ( 719.6299632886065183, 895.7531158831976654, 1196.144166022187164 ) ) ;
#7404 = CARTESIAN_POINT ( 'NONE',  ( 739.0000183183187801, 885.0313023462739466, 1206.546938682023438 ) ) ;
#7405 = B_SPLINE_CURVE_WITH_KNOTS ( 'NONE', 3,
 ( #9805, #1256, #4400, #5282 ),
 .UNSPECIFIED., .F., .F.,
 ( 4, 4 ),
 ( 0.000000000000000000, 0.001331005199731961778 ),
 .UNSPECIFIED. ) ;
#7406 = DIRECTION ( 'NONE',  ( -0.7745966692414802957, 0.4472135954999605367, 0.4472135954999605367 ) ) ;
#7407 = CARTESIAN_POINT ( 'NONE',  ( 720.4319458038387438, 897.3660629422017792, 1229.537946948298213 ) ) ;
#7408 = CARTESIAN_POINT ( 'NONE',  ( 739.3946072148205531, 884.6487386815852005, 1216.889652801444299 ) ) ;
#7409 = EDGE_LOOP ( 'NONE', ( #9761, #815, #7033, #4042 ) ) ;
#7410 = CARTESIAN_POINT ( 'NONE',  ( 715.7250390576667769, 903.5476984342916467, 1234.086781508788363 ) ) ;
#7411 = DIRECTION ( 'NONE',  ( -0.4999999999999988343, -0.8660254037844394848, 2.975261781898571487E-15 ) ) ;
#7412 = EDGE_CURVE ( 'NONE', #9924, #8799, #1394, .T. ) ;
#7413 = EDGE_CURVE ( 'NONE', #2017, #7802, #7405, .T. ) ;
#7414 = ORIENTED_EDGE ( 'NONE', *, *, #2155, .F. ) ;
#7415 = CARTESIAN_POINT ( 'NONE',  ( 715.7088812299575693, 897.4111416127028633, 1226.825827346023743 ) ) ;
#7416 = CARTESIAN_POINT ( 'NONE',  ( 736.8940999833527030, 887.8955075790811406, 1197.560867158071005 ) ) ;
#7417 = CARTESIAN_POINT ( 'NONE',  ( 711.1683950980910822, 901.2579111706268122, 1217.257188999570189 ) ) ;
#7418 = VECTOR ( 'NONE', #2125, 1000.000000000000000 ) ;
#7419 = CARTESIAN_POINT ( 'NONE',  ( 739.2723615691717214, 883.2165447277619705, 1218.412721694807260 ) ) ;
#7420 = B_SPLINE_SURFACE_WITH_KNOTS ( 'NONE', 3, 1, ( 
 ( #898, #4203 ),
 ( #1822, #228 ),
 ( #2535, #7338 ),
 ( #8727, #4830 ) ),
 .UNSPECIFIED., .F., .F., .F.,
 ( 4, 4 ),
 ( 2, 2 ),
 ( 0.000000000000000000, 1.000000000000000000 ),
 ( 0.000000000000000000, 1.000000000000000000 ),
 .UNSPECIFIED. ) ;
#7421 = VERTEX_POINT ( 'NONE', #3464 ) ;
#7422 = CARTESIAN_POINT ( 'NONE',  ( 740.4193473755196919, 885.8263312643905465, 1219.438031630038722 ) ) ;
#7423 = EDGE_CURVE ( 'NONE', #7200, #117, #1749, .T. ) ;
#7424 = ORIENTED_EDGE ( 'NONE', *, *, #4625, .F. ) ;
#7425 = CARTESIAN_POINT ( 'NONE',  ( 729.0113554092527011, 890.9561705458831966, 1196.033204930950433 ) ) ;
#7426 = CIRCLE ( 'NONE', #6274, 18.17967805303275597 ) ;
#7427 = DIRECTION ( 'NONE',  ( -0.4999999999999988343, -0.8660254037844394848, 2.975261781898571487E-15 ) ) ;
#7428 = CARTESIAN_POINT ( 'NONE',  ( 713.3075337349985148, 900.0228743745462907, 1202.493293479766407 ) ) ;
#7429 = CARTESIAN_POINT ( 'NONE',  ( 722.8136229448000449, 895.9910010037450547, 1230.301106324078773 ) ) ;
#7430 = DIRECTION ( 'NONE',  ( -0.5000000000000008882, -0.8660254037844380415, -0.000000000000000000 ) ) ;
#7431 = B_SPLINE_CURVE_WITH_KNOTS ( 'NONE', 3,
 ( #3069, #6216, #7038, #10191, #7861, #7285, #4100, #176, #7956, #3316 ),
 .UNSPECIFIED., .F., .F.,
 ( 4, 3, 3, 4 ),
 ( 0.000000000000000000, 0.0001770953904237832801, 0.0003541907790577737995, 0.0006813326750119044328 ),
 .UNSPECIFIED. ) ;
#7432 = CARTESIAN_POINT ( 'NONE',  ( 715.9086655981094509, 899.9775799865994941, 1197.608890381832907 ) ) ;
#7433 = CARTESIAN_POINT ( 'NONE',  ( 735.3016805472828992, 887.3244496341512786, 1200.106512404210207 ) ) ;
#7434 = ORIENTED_EDGE ( 'NONE', *, *, #7879, .F. ) ;
#7435 = ORIENTED_EDGE ( 'NONE', *, *, #8616, .F. ) ;
#7436 = EDGE_CURVE ( 'NONE', #2342, #1616, #3223, .T. ) ;
#7437 = ORIENTED_EDGE ( 'NONE', *, *, #3060, .F. ) ;
#7438 = CARTESIAN_POINT ( 'NONE',  ( 724.4202779218370551, 891.7913992196671416, 1212.380460436409521 ) ) ;
#7439 = AXIS2_PLACEMENT_3D ( 'NONE', #9392, #2116, #3721 ) ;
#7440 = FACE_OUTER_BOUND ( 'NONE', #6993, .T. ) ;
#7441 = VERTEX_POINT ( 'NONE', #1960 ) ;
#7442 = CARTESIAN_POINT ( 'NONE',  ( 724.4202779218370551, 891.7913992196671416, 1212.380460436409521 ) ) ;
#7443 = FACE_OUTER_BOUND ( 'NONE', #334, .T. ) ;
#7444 = DIRECTION ( 'NONE',  ( -0.02086564272820334853, 0.8066063294745822176, -0.5907206228032678696 ) ) ;
#7445 = ORIENTED_EDGE ( 'NONE', *, *, #8858, .F. ) ;
#7446 = CARTESIAN_POINT ( 'NONE',  ( 732.5031860336597447, 890.3967291460617162, 1195.825006287108863 ) ) ;
#7447 = ORIENTED_EDGE ( 'NONE', *, *, #1679, .T. ) ;
#7448 = CARTESIAN_POINT ( 'NONE',  ( 724.4202779218370551, 891.7913992196671416, 1212.380460436409521 ) ) ;
#7449 = CARTESIAN_POINT ( 'NONE',  ( 735.8591375479629733, 887.6607120580988521, 1196.158772855677853 ) ) ;
#7450 = ORIENTED_EDGE ( 'NONE', *, *, #8819, .F. ) ;
#7451 = CARTESIAN_POINT ( 'NONE',  ( 717.1800848525040237, 879.2510169669742481, 1212.380460436409521 ) ) ;
#7452 = AXIS2_PLACEMENT_3D ( 'NONE', #6000, #2025, #9145 ) ;
#7453 = DIRECTION ( 'NONE',  ( -0.8660254037844380415, 0.5000000000000008882, 0.000000000000000000 ) ) ;
#7454 = CARTESIAN_POINT ( 'NONE',  ( 734.0353872816103831, 886.2401132424399748, 1226.776070535064946 ) ) ;
#7455 = DIRECTION ( 'NONE',  ( 0.8159404123905986683, 0.3234761282922394843, 0.4791705728161134714 ) ) ;
#7456 = EDGE_CURVE ( 'NONE', #2790, #4651, #5491, .T. ) ;
#7457 = FACE_OUTER_BOUND ( 'NONE', #3934, .T. ) ;
#7458 = ORIENTED_EDGE ( 'NONE', *, *, #4279, .T. ) ;
#7459 = CARTESIAN_POINT ( 'NONE',  ( 738.7433255872144855, 885.3375131016182422, 1218.876920746965197 ) ) ;
#7460 = ORIENTED_EDGE ( 'NONE', *, *, #7413, .T. ) ;
#7461 = CARTESIAN_POINT ( 'NONE',  ( 727.5863393092079150, 893.2354719259883495, 1230.525810293017230 ) ) ;
#7462 = AXIS2_PLACEMENT_3D ( 'NONE', #4712, #10123, #5335 ) ;
#7463 = CARTESIAN_POINT ( 'NONE',  ( 722.1194485186746306, 893.1197836948815620, 1230.364961342942024 ) ) ;
#7464 = ORIENTED_EDGE ( 'NONE', *, *, #2918, .F. ) ;
#7465 = CARTESIAN_POINT ( 'NONE',  ( 717.1800848525040237, 879.2510169669742481, 1212.380460436409521 ) ) ;
#7466 = CARTESIAN_POINT ( 'NONE',  ( 742.5210738464965061, 885.4044843669765896, 1214.432398790377420 ) ) ;
#7467 = CARTESIAN_POINT ( 'NONE',  ( 716.2886580754684474, 900.5497766738740211, 1227.539930364277780 ) ) ;
#7468 = VECTOR ( 'NONE', #2542, 1000.000000000000114 ) ;
#7469 = EDGE_CURVE ( 'NONE', #1432, #7388, #6973, .T. ) ;
#7470 = CARTESIAN_POINT ( 'NONE',  ( 732.9118007187063313, 888.7043277746740841, 1226.780833149902264 ) ) ;
#7471 = EDGE_CURVE ( 'NONE', #8063, #3259, #2024, .T. ) ;
#7472 = VERTEX_POINT ( 'NONE', #425 ) ;
#7473 = CARTESIAN_POINT ( 'NONE',  ( 737.1978655396907243, 888.4753257755160121, 1198.297738492068220 ) ) ;
#7474 = ORIENTED_EDGE ( 'NONE', *, *, #7378, .F. ) ;
#7475 = CARTESIAN_POINT ( 'NONE',  ( 741.1814474702134703, 885.3863325695696176, 1216.784990698124830 ) ) ;
#7476 = CARTESIAN_POINT ( 'NONE',  ( 736.4807290609960546, 888.1002936085158126, 1198.879118799530715 ) ) ;
#7477 = FACE_OUTER_BOUND ( 'NONE', #2203, .T. ) ;
#7478 = CARTESIAN_POINT ( 'NONE',  ( 739.5380855899755943, 886.3351279935009188, 1203.267691051438533 ) ) ;
#7479 = ADVANCED_FACE ( 'NONE', ( #3570 ), #3175, .T. ) ;
#7480 = CARTESIAN_POINT ( 'NONE',  ( 717.1800848525040237, 879.2510169669742481, 1212.380460436409521 ) ) ;
#7481 = EDGE_CURVE ( 'NONE', #6242, #8104, #1696, .T. ) ;
#7482 = DIRECTION ( 'NONE',  ( 0.5845683251975072325, -0.3375006799125115364, -0.7378164841167307308 ) ) ;
#7483 = EDGE_LOOP ( 'NONE', ( #7962, #794, #5009, #9192 ) ) ;
#7484 = ORIENTED_EDGE ( 'NONE', *, *, #5359, .T. ) ;
#7485 = ORIENTED_EDGE ( 'NONE', *, *, #1924, .T. ) ;
#7486 = CARTESIAN_POINT ( 'NONE',  ( 710.1533801793758585, 902.1146992852657149, 1222.929028827162028 ) ) ;
#7487 = AXIS2_PLACEMENT_3D ( 'NONE', #963, #7966, #2655 ) ;
#7488 = ORIENTED_EDGE ( 'NONE', *, *, #7204, .F. ) ;
#7489 = CARTESIAN_POINT ( 'NONE',  ( 717.1800848525040237, 879.2510169669742481, 1212.380460436409521 ) ) ;
#7490 = ADVANCED_FACE ( 'NONE', ( #2016 ), #7298, .F. ) ;
#7491 = CARTESIAN_POINT ( 'NONE',  ( 728.5968508938366313, 891.4663565034794601, 1192.284745072811347 ) ) ;
#7492 = B_SPLINE_CURVE_WITH_KNOTS ( 'NONE', 1,
 ( #2234, #7948 ),
 .UNSPECIFIED., .F., .F.,
 ( 2, 2 ),
 ( 0.000000000000000000, 0.002900000000005314993 ),
 .UNSPECIFIED. ) ;
#7493 = FACE_OUTER_BOUND ( 'NONE', #7636, .T. ) ;
#7494 = VERTEX_POINT ( 'NONE', #2167 ) ;
#7495 = VERTEX_POINT ( 'NONE', #7841 ) ;
#7496 = CARTESIAN_POINT ( 'NONE',  ( 720.4962388762332921, 897.3289433195478750, 1230.032596417268223 ) ) ;
#7497 = VERTEX_POINT ( 'NONE', #6969 ) ;
#7498 = CARTESIAN_POINT ( 'NONE',  ( 717.1800848525040237, 879.2510169669742481, 1212.380460436409521 ) ) ;
#7499 = CARTESIAN_POINT ( 'NONE',  ( 712.7995387381921546, 902.5617063221377521, 1201.355713204625545 ) ) ;
#7500 = B_SPLINE_CURVE_WITH_KNOTS ( 'NONE', 3,
 ( #4346, #9852, #1763, #2630, #4293, #2784, #7428, #370, #3515, #9649 ),
 .UNSPECIFIED., .F., .F.,
 ( 4, 3, 3, 4 ),
 ( 0.000000000000000000, 0.0001770958401172156740, 0.0003541916793409708580, 0.0006316937728062525965 ),
 .UNSPECIFIED. ) ;
#7501 = B_SPLINE_SURFACE_WITH_KNOTS ( 'NONE', 3, 1, ( 
 ( #5748, #1876 ),
 ( #8887, #4989 ),
 ( #8108, #8265 ),
 ( #330, #3679 ),
 ( #4258, #529 ),
 ( #8209, #6623 ) ),
 .UNSPECIFIED., .F., .F., .F.,
 ( 4, 1, 1, 4 ),
 ( 2, 2 ),
 ( 0.000000000000000000, 0.3395620866332510479, 0.7109345430498769103, 1.000000000000000000 ),
 ( 0.000000000000000000, 1.000000000000000000 ),
 .UNSPECIFIED. ) ;
#7502 = CARTESIAN_POINT ( 'NONE',  ( 741.6127969715832933, 885.9288782652064356, 1205.846695653928691 ) ) ;
#7503 = CARTESIAN_POINT ( 'NONE',  ( 718.6581597188502428, 888.7896971536146111, 1221.205946757158245 ) ) ;
#7504 = EDGE_CURVE ( 'NONE', #634, #4366, #5651, .T. ) ;
#7505 = VECTOR ( 'NONE', #5101, 1000.000000000000000 ) ;
#7506 = DIRECTION ( 'NONE',  ( -0.4999999999999988343, -0.8660254037844394848, 2.975261781898571487E-15 ) ) ;
#7507 = AXIS2_PLACEMENT_3D ( 'NONE', #4760, #878, #7985 ) ;
#7508 = CARTESIAN_POINT ( 'NONE',  ( 711.4903359807914285, 903.3200892268943107, 1220.897963214137690 ) ) ;
#7509 = CARTESIAN_POINT ( 'NONE',  ( 736.1983881888431824, 886.6488242556966952, 1223.655554986058632 ) ) ;
#7510 = CARTESIAN_POINT ( 'NONE',  ( 735.6726974285622873, 888.5668108890150734, 1196.448003835585268 ) ) ;
#7511 = ORIENTED_EDGE ( 'NONE', *, *, #2100, .F. ) ;
#7512 = CARTESIAN_POINT ( 'NONE',  ( 727.2458389885307497, 893.4320598777904934, 1230.565623555913589 ) ) ;
#7513 = CARTESIAN_POINT ( 'NONE',  ( 732.9709452995782613, 890.1266682079676684, 1195.594301261967303 ) ) ;
#7514 = B_SPLINE_CURVE_WITH_KNOTS ( 'NONE', 3,
 ( #1160, #1967, #5947, #6826 ),
 .UNSPECIFIED., .F., .F.,
 ( 4, 4 ),
 ( 1.998401444325281773E-15, 0.001453450272831393556 ),
 .UNSPECIFIED. ) ;
#7515 = B_SPLINE_CURVE_WITH_KNOTS ( 'NONE', 3,
 ( #7024, #3200, #4765, #3883 ),
 .UNSPECIFIED., .F., .F.,
 ( 4, 4 ),
 ( 1.005213310423269995E-05, 0.001341057332774075756 ),
 .UNSPECIFIED. ) ;
#7516 = EDGE_CURVE ( 'NONE', #4118, #4862, #3339, .T. ) ;
#7517 = CARTESIAN_POINT ( 'NONE',  ( 710.2247088353641402, 903.2592139536328659, 1215.268867221911705 ) ) ;
#7518 = CARTESIAN_POINT ( 'NONE',  ( 717.1800848525040237, 879.2510169669742481, 1212.380460436409521 ) ) ;
#7519 = DIRECTION ( 'NONE',  ( 0.4999999999999988343, 0.8660254037844394848, -2.975261781898571487E-15 ) ) ;
#7520 = AXIS2_PLACEMENT_3D ( 'NONE', #1217, #484, #5193 ) ;
#7521 = ORIENTED_EDGE ( 'NONE', *, *, #3834, .F. ) ;
#7522 = CARTESIAN_POINT ( 'NONE',  ( 737.4995796086701603, 888.3036454169196077, 1198.617852171752702 ) ) ;
#7523 = ORIENTED_EDGE ( 'NONE', *, *, #1939, .T. ) ;
#7524 = DIRECTION ( 'NONE',  ( 0.8660254037844441477, -0.4999999999999902855, 0.000000000000000000 ) ) ;
#7525 = EDGE_CURVE ( 'NONE', #3582, #8595, #6421, .T. ) ;
#7526 = AXIS2_PLACEMENT_3D ( 'NONE', #9065, #7566, #9276 ) ;
#7527 = CARTESIAN_POINT ( 'NONE',  ( 725.2959040286993968, 894.5578553517511864, 1194.133734387644154 ) ) ;
#7528 = CARTESIAN_POINT ( 'NONE',  ( 712.2174484343115637, 898.8367061091423693, 1200.893280737107943 ) ) ;
#7529 = CARTESIAN_POINT ( 'NONE',  ( 724.7310734056835599, 894.8839604639961181, 1230.593294409660757 ) ) ;
#7530 = CARTESIAN_POINT ( 'NONE',  ( 722.5207375191504298, 896.1600984830855623, 1230.232066361425723 ) ) ;
#7531 = CARTESIAN_POINT ( 'NONE',  ( 730.3360132419988986, 892.1922524247804631, 1193.857955469958142 ) ) ;
#7532 = ORIENTED_EDGE ( 'NONE', *, *, #39, .T. ) ;
#7533 = B_SPLINE_CURVE_WITH_KNOTS ( 'NONE', 3,
 ( #185, #8999, #7449, #2759 ),
 .UNSPECIFIED., .F., .F.,
 ( 4, 4 ),
 ( 0.0009352727177709303785, 0.002387895279818272841 ),
 .UNSPECIFIED. ) ;
#7534 = DIRECTION ( 'NONE',  ( 0.5845683251973241568, -0.3375006799124076751, -0.7378164841169233545 ) ) ;
#7535 = ORIENTED_EDGE ( 'NONE', *, *, #8971, .T. ) ;
#7536 = EDGE_LOOP ( 'NONE', ( #8436, #5586, #3728, #8052, #7547 ) ) ;
#7537 = ORIENTED_EDGE ( 'NONE', *, *, #8949, .T. ) ;
#7538 = VERTEX_POINT ( 'NONE', #683 ) ;
#7539 = CARTESIAN_POINT ( 'NONE',  ( 710.8297582530882437, 902.9098885094366551, 1206.632544179660044 ) ) ;
#7540 = ADVANCED_FACE ( 'NONE', ( #8463 ), #10183, .F. ) ;
#7541 = ORIENTED_EDGE ( 'NONE', *, *, #1054, .T. ) ;
#7542 = ORIENTED_EDGE ( 'NONE', *, *, #9917, .T. ) ;
#7543 = EDGE_CURVE ( 'NONE', #6191, #5141, #9440, .T. ) ;
#7544 = CARTESIAN_POINT ( 'NONE',  ( 725.5220989679977492, 891.1552625420603135, 1194.245355953064973 ) ) ;
#7545 = CARTESIAN_POINT ( 'NONE',  ( 722.2032589990625411, 896.3433947921201934, 1230.602001128135271 ) ) ;
#7546 = CARTESIAN_POINT ( 'NONE',  ( 722.3154927064982758, 894.2026247508462120, 1229.468919704235532 ) ) ;
#7547 = ORIENTED_EDGE ( 'NONE', *, *, #3606, .T. ) ;
#7548 = CARTESIAN_POINT ( 'NONE',  ( 743.1321332184672883, 890.0336063196062923, 1190.196798703381319 ) ) ;
#7549 = ORIENTED_EDGE ( 'NONE', *, *, #2692, .T. ) ;
#7550 = CARTESIAN_POINT ( 'NONE',  ( 717.1800848525040237, 879.2510169669742481, 1212.380460436409521 ) ) ;
#7551 = CARTESIAN_POINT ( 'NONE',  ( 717.1800848525040237, 879.2510169669742481, 1212.380460436409521 ) ) ;
#7552 = ADVANCED_FACE ( 'NONE', ( #7739 ), #9273, .F. ) ;
#7553 = CARTESIAN_POINT ( 'NONE',  ( 725.0300480222709893, 895.5029328349961588, 1231.314415229242741 ) ) ;
#7554 = CARTESIAN_POINT ( 'NONE',  ( 733.6913792663193590, 888.6091651375862739, 1194.371217196199041 ) ) ;
#7555 = CARTESIAN_POINT ( 'NONE',  ( 741.2552314979944867, 885.3437333412684893, 1220.496495848099812 ) ) ;
#7556 = FACE_OUTER_BOUND ( 'NONE', #5434, .T. ) ;
#7557 = CARTESIAN_POINT ( 'NONE',  ( 722.8398311807084156, 895.9758696716880877, 1194.453945450893571 ) ) ;
#7558 = APPROVAL_DATE_TIME ( #8488, #835 ) ;
#7559 = CARTESIAN_POINT ( 'NONE',  ( 715.9371880305085369, 896.6891134519361231, 1227.695494726540574 ) ) ;
#7560 = ORIENTED_EDGE ( 'NONE', *, *, #2874, .F. ) ;
#7561 = DIRECTION ( 'NONE',  ( 0.6687426503967390801, 0.4084607958035069708, 0.6212431455009468362 ) ) ;
#7562 = CARTESIAN_POINT ( 'NONE',  ( 730.7046500809742611, 890.6365275706795046, 1231.621810228336471 ) ) ;
#7563 = EDGE_CURVE ( 'NONE', #8339, #4636, #4958, .T. ) ;
#7564 = DIRECTION ( 'NONE',  ( -0.5845683251975072325, 0.3375006799125115364, 0.7378164841167307308 ) ) ;
#7565 = CARTESIAN_POINT ( 'NONE',  ( 717.1800848525040237, 879.2510169669742481, 1212.380460436409521 ) ) ;
#7566 = DIRECTION ( 'NONE',  ( -0.5000000000000009992, -0.8660254037844381525, 5.977335943528133221E-15 ) ) ;
#7567 = DIRECTION ( 'NONE',  ( -0.4999999999999988343, -0.8660254037844394848, 2.975261781898571487E-15 ) ) ;
#7568 = ORIENTED_EDGE ( 'NONE', *, *, #3504, .F. ) ;
#7569 = FACE_OUTER_BOUND ( 'NONE', #8993, .T. ) ;
#7570 = FACE_OUTER_BOUND ( 'NONE', #4709, .T. ) ;
#7571 = ORIENTED_EDGE ( 'NONE', *, *, #6330, .F. ) ;
#7572 = DIRECTION ( 'NONE',  ( 0.5845683251975080097, -0.3375006799125091494, -0.7378164841167310639 ) ) ;
#7573 = CARTESIAN_POINT ( 'NONE',  ( 718.1823034558367453, 898.6648945574012259, 1228.355697077388641 ) ) ;
#7574 = CARTESIAN_POINT ( 'NONE',  ( 713.5777539257443323, 898.0513333674524574, 1225.562023013468661 ) ) ;
#7575 = CARTESIAN_POINT ( 'NONE',  ( 723.6343391149764557, 892.8353763693629617, 1194.648258826263145 ) ) ;
#7576 = CARTESIAN_POINT ( 'NONE',  ( 718.2504447203119753, 898.6255531800132985, 1196.361825776689102 ) ) ;
#7577 = CARTESIAN_POINT ( 'NONE',  ( 710.1422520891634349, 903.3068203782482897, 1214.594259000401507 ) ) ;
#7578 = CARTESIAN_POINT ( 'NONE',  ( 723.3201407877544398, 895.6985627907657772, 1194.355710193068489 ) ) ;
#7579 = ORIENTED_EDGE ( 'NONE', *, *, #3833, .T. ) ;
#7580 = EDGE_CURVE ( 'NONE', #9301, #2503, #577, .T. ) ;
#7581 = CARTESIAN_POINT ( 'NONE',  ( 720.4569910433450559, 897.3516030664305845, 1195.212302446946296 ) ) ;
#7582 = ORIENTED_EDGE ( 'NONE', *, *, #7399, .F. ) ;
#7583 = VECTOR ( 'NONE', #3795, 1000.000000000000000 ) ;
#7584 = B_SPLINE_SURFACE_WITH_KNOTS ( 'NONE', 3, 1, ( 
 ( #1885, #7502 ),
 ( #3644, #6063 ),
 ( #2760, #5252 ),
 ( #2034, #5199 ),
 ( #7451, #1982 ),
 ( #7600, #5906 ) ),
 .UNSPECIFIED., .F., .F., .F.,
 ( 4, 1, 1, 4 ),
 ( 2, 2 ),
 ( 0.000000000000000000, 0.3395620866332510479, 0.7109345430498769103, 1.000000000000000000 ),
 ( 0.000000000000000000, 1.000000000000000000 ),
 .UNSPECIFIED. ) ;
#7585 = VERTEX_POINT ( 'NONE', #1558 ) ;
#7586 = CARTESIAN_POINT ( 'NONE',  ( 710.0256003050782283, 903.3741693171913312, 1212.365047169812215 ) ) ;
#7587 = ORIENTED_EDGE ( 'NONE', *, *, #3702, .T. ) ;
#7588 = AXIS2_PLACEMENT_3D ( 'NONE', #5819, #1845, #8910 ) ;
#7589 = CARTESIAN_POINT ( 'NONE',  ( 741.9300358826637876, 884.9541348481291152, 1214.459059446021456 ) ) ;
#7590 = CARTESIAN_POINT ( 'NONE',  ( 713.6166872764216578, 900.1151580005002870, 1227.722711231433323 ) ) ;
#7591 = EDGE_CURVE ( 'NONE', #3780, #182, #8772, .T. ) ;
#7592 = CARTESIAN_POINT ( 'NONE',  ( 723.2386313884609308, 895.0871044604564304, 1192.482685396543275 ) ) ;
#7593 = EDGE_CURVE ( 'NONE', #9147, #6972, #4510, .T. ) ;
#7594 = EDGE_LOOP ( 'NONE', ( #5094, #4003, #4618, #7787 ) ) ;
#7595 = CARTESIAN_POINT ( 'NONE',  ( 742.7731767006494010, 884.5012210537635156, 1211.733187575117427 ) ) ;
#7596 = ORIENTED_EDGE ( 'NONE', *, *, #9942, .F. ) ;
#7597 = FACE_OUTER_BOUND ( 'NONE', #6452, .T. ) ;
#7598 = AXIS2_PLACEMENT_3D ( 'NONE', #3750, #8340, #6893 ) ;
#7599 = DIRECTION ( 'NONE',  ( 0.4912815982589241459, 0.5109179820259505123, 0.7054113742028034206 ) ) ;
#7600 = CARTESIAN_POINT ( 'NONE',  ( 717.1800848525040237, 879.2510169669742481, 1212.380460436409521 ) ) ;
#7601 = CARTESIAN_POINT ( 'NONE',  ( 708.9236404627805541, 904.0442599126412233, 1212.721320721635038 ) ) ;
#7602 = CARTESIAN_POINT ( 'NONE',  ( 730.2094112812469575, 888.4490415162320005, 1195.474388330756710 ) ) ;
#7603 = CARTESIAN_POINT ( 'NONE',  ( 711.3107218779869072, 901.1757328336116188, 1206.987532316363740 ) ) ;
#7604 = CARTESIAN_POINT ( 'NONE',  ( 722.7394999665878004, 896.0337959251687607, 1194.476692512359705 ) ) ;
#7605 = B_SPLINE_CURVE_WITH_KNOTS ( 'NONE', 1,
 ( #4541, #7672 ),
 .UNSPECIFIED., .F., .F.,
 ( 2, 2 ),
 ( 0.000000000000000000, 0.002899999999999501067 ),
 .UNSPECIFIED. ) ;
#7606 = EDGE_CURVE ( 'NONE', #735, #7292, #1380, .T. ) ;
#7607 = EDGE_LOOP ( 'NONE', ( #8153, #9043, #879, #141 ) ) ;
#7608 = PERSON_AND_ORGANIZATION ( #3082, #3976 ) ;
#7609 = CARTESIAN_POINT ( 'NONE',  ( 717.8358509985482669, 905.7931222071525781, 1190.196798703381546 ) ) ;
#7610 = VERTEX_POINT ( 'NONE', #7987 ) ;
#7611 = CARTESIAN_POINT ( 'NONE',  ( 707.7189938964665998, 903.5201928610144932, 1210.169193343725965 ) ) ;
#7612 = DIRECTION ( 'NONE',  ( -0.5845683251975072325, 0.3375006799125115364, 0.7378164841167307308 ) ) ;
#7613 = AXIS2_PLACEMENT_3D ( 'NONE', #6152, #7747, #9303 ) ;
#7614 = CARTESIAN_POINT ( 'NONE',  ( 710.1661376043518885, 903.2930300696245922, 1214.810602962776784 ) ) ;
#7615 = CARTESIAN_POINT ( 'NONE',  ( 739.4188711033132222, 884.9474853119473892, 1216.529303136842827 ) ) ;
#7616 = CARTESIAN_POINT ( 'NONE',  ( 724.4202779218370551, 891.7913992196671416, 1212.380460436409521 ) ) ;
#7617 = LINE ( 'NONE', #2713, #7653 ) ;
#7618 = EDGE_CURVE ( 'NONE', #9909, #5561, #2338, .T. ) ;
#7619 = B_SPLINE_CURVE_WITH_KNOTS ( 'NONE', 3,
 ( #4370, #9160, #2089, #5256, #7603, #2917, #1985, #9209, #7658, #6890 ),
 .UNSPECIFIED., .F., .F.,
 ( 4, 3, 3, 4 ),
 ( 0.000000000000000000, 0.0001770958401173221427, 0.0003541916793412301992, 0.0006316937728063967954 ),
 .UNSPECIFIED. ) ;
#7620 = VERTEX_POINT ( 'NONE', #2466 ) ;
#7621 = VECTOR ( 'NONE', #567, 1000.000000000000114 ) ;
#7622 = CARTESIAN_POINT ( 'NONE',  ( 717.1800848525040237, 879.2510169669742481, 1212.380460436409521 ) ) ;
#7623 = CARTESIAN_POINT ( 'NONE',  ( 718.0203445118733043, 897.3019363321059245, 1227.134597532531643 ) ) ;
#7624 = CARTESIAN_POINT ( 'NONE',  ( 708.2176387178778896, 903.2323001391424668, 1207.092033495469650 ) ) ;
#7625 = ORIENTED_EDGE ( 'NONE', *, *, #6551, .F. ) ;
#7626 = CARTESIAN_POINT ( 'NONE',  ( 741.6326469781813557, 885.1258324121861278, 1211.560447739469055 ) ) ;
#7627 = CARTESIAN_POINT ( 'NONE',  ( 719.8164766974746271, 896.2648362452946458, 1228.122180083831154 ) ) ;
#7628 = B_SPLINE_CURVE_WITH_KNOTS ( 'NONE', 3,
 ( #5260, #6169, #6946, #6117, #9268, #8489, #8435, #7713 ),
 .UNSPECIFIED., .F., .F.,
 ( 4, 2, 2, 4 ),
 ( 0.000000000000000000, 0.001064839483363431679, 0.001597259225045147626, 0.002129678966726863357 ),
 .UNSPECIFIED. ) ;
#7629 = CARTESIAN_POINT ( 'NONE',  ( 717.1800848525040237, 879.2510169669742481, 1212.380460436409521 ) ) ;
#7630 = DIRECTION ( 'NONE',  ( 0.5845683251975080097, -0.3375006799125091494, -0.7378164841167310639 ) ) ;
#7631 = CARTESIAN_POINT ( 'NONE',  ( 717.1800848525040237, 879.2510169669742481, 1212.380460436409521 ) ) ;
#7632 = FACE_OUTER_BOUND ( 'NONE', #5122, .T. ) ;
#7633 = CARTESIAN_POINT ( 'NONE',  ( 739.9556470451707355, 885.4355309710081201, 1223.624777139018988 ) ) ;
#7634 = FACE_OUTER_BOUND ( 'NONE', #7704, .T. ) ;
#7635 = CARTESIAN_POINT ( 'NONE',  ( 710.2501411315278119, 903.2445306105968257, 1205.890221630811993 ) ) ;
#7636 = EDGE_LOOP ( 'NONE', ( #6167, #2014, #5318, #2507, #5942 ) ) ;
#7637 = CARTESIAN_POINT ( 'NONE',  ( 738.8970256855847083, 884.9361277772369476, 1218.626068911907623 ) ) ;
#7638 = AXIS2_PLACEMENT_3D ( 'NONE', #7828, #775, #1402 ) ;
#7639 = ORIENTED_EDGE ( 'NONE', *, *, #3004, .T. ) ;
#7640 = ORIENTED_EDGE ( 'NONE', *, *, #3915, .F. ) ;
#7641 = ORIENTED_EDGE ( 'NONE', *, *, #1562, .F. ) ;
#7642 = DIRECTION ( 'NONE',  ( -0.5845683251975072325, 0.3375006799125115364, 0.7378164841167307308 ) ) ;
#7643 = EDGE_CURVE ( 'NONE', #2999, #8367, #7881, .T. ) ;
#7644 = CARTESIAN_POINT ( 'NONE',  ( 720.5347485146390909, 896.1210134823437556, 1192.694315763193799 ) ) ;
#7645 = DIRECTION ( 'NONE',  ( 0.5000000000000009992, 0.8660254037844381525, -5.726519994466740890E-15 ) ) ;
#7646 = CARTESIAN_POINT ( 'NONE',  ( 740.8026413311148417, 884.8064496041383791, 1222.069900656066693 ) ) ;
#7647 = ORIENTED_EDGE ( 'NONE', *, *, #5186, .F. ) ;
#7648 = CARTESIAN_POINT ( 'NONE',  ( 737.0246669797203367, 887.7862509047179174, 1198.862008408585780 ) ) ;
#7649 = ORIENTED_EDGE ( 'NONE', *, *, #6616, .F. ) ;
#7650 = DIRECTION ( 'NONE',  ( -0.7553028463835851358, -0.4671287384623251104, 0.4596828819386807874 ) ) ;
#7651 = CARTESIAN_POINT ( 'NONE',  ( 718.0500748696980509, 899.5303078732231370, 1228.876397866788693 ) ) ;
#7652 = VERTEX_POINT ( 'NONE', #1651 ) ;
#7653 = VECTOR ( 'NONE', #8228, 1000.000000000000227 ) ;
#7654 = EDGE_CURVE ( 'NONE', #1852, #9704, #5071, .T. ) ;
#7655 = CARTESIAN_POINT ( 'NONE',  ( 710.0011673307269575, 901.3124129508724991, 1214.303139818428690 ) ) ;
#7656 = CARTESIAN_POINT ( 'NONE',  ( 736.1385088714447420, 887.1121782399735594, 1228.572283834887457 ) ) ;
#7657 = DIRECTION ( 'NONE',  ( -0.5845683251975072325, 0.3375006799125115364, 0.7378164841167307308 ) ) ;
#7658 = CARTESIAN_POINT ( 'NONE',  ( 711.2291721984614696, 901.2227770736377579, 1207.275604157382986 ) ) ;
#7659 = CARTESIAN_POINT ( 'NONE',  ( 735.9129116260131696, 885.4485607324481862, 1224.667853552814904 ) ) ;
#7660 = PERSON_AND_ORGANIZATION ( #3082, #3976 ) ;
#7661 = CARTESIAN_POINT ( 'NONE',  ( 717.6578949263683853, 897.3531830316981086, 1227.064957461371478 ) ) ;
#7662 = B_SPLINE_CURVE_WITH_KNOTS ( 'NONE', 3,
 ( #4356, #7333, #276, #4983, #9861, #1000, #2793, #2690 ),
 .UNSPECIFIED., .F., .F.,
 ( 4, 2, 2, 4 ),
 ( 0.000000000000000000, 0.0005319171944749816064, 0.001063834388949963213, 0.002127668777899667518 ),
 .UNSPECIFIED. ) ;
#7663 = ORIENTED_EDGE ( 'NONE', *, *, #7852, .F. ) ;
#7664 = CARTESIAN_POINT ( 'NONE',  ( 717.1800848525040237, 879.2510169669742481, 1212.380460436409521 ) ) ;
#7665 = CARTESIAN_POINT ( 'NONE',  ( 714.7540489596665338, 899.1877284201973453, 1200.511818179423017 ) ) ;
#7666 = EDGE_CURVE ( 'NONE', #1987, #391, #3701, .T. ) ;
#7667 = B_SPLINE_CURVE_WITH_KNOTS ( 'NONE', 1,
 ( #4857, #5824 ),
 .UNSPECIFIED., .F., .F.,
 ( 2, 2 ),
 ( 0.000000000000000000, 0.002900000000000724481 ),
 .UNSPECIFIED. ) ;
#7668 = EDGE_CURVE ( 'NONE', #196, #7909, #380, .T. ) ;
#7669 = CLOSED_SHELL ( 'NONE', ( #1250, #7054, #4467, #9825, #8718, #5774, #9867, #4176, #2340, #8555, #7318, #362, #763, #2612, #7278, #1470, #3716, #8981, #1965, #4089, #6172, #8871, #4379, #7479, #8780, #3263, #1813, #8271, #3892, #4124, #1324, #2545, #2669, #2987, #4115, #7768, #6976, #5047, #4208, #6847, #1522, #6717, #649, #6743, #3380, #2575, #10075, #9138, #3014, #4973, #2740, #9295, #4074, #7796, #104, #6155, #5708, #9304, #5913, #784, #6759, #620, #9399, #9246, #5426, #3929, #1302, #3518, #1716, #3624, #3636, #9753, #5898, #3953, #1280, #3358, #6562, #1706, #6411, #2502, #1869, #933, #988, #5344, #6217, #4807, #3154, #7829, #5833, #3764, #1366, #2077, #5357, #1655, #508, #5888, #4716, #365, #1631, #7106, #9100, #8438, #7309, #3941, #1184, #9376, #148, #6056, #6412, #2331, #4779, #2375, #1421, #7952, #6075, #60, #8040, #8427, #4914, #2588, #9330, #10126, #6341, #9031, #7228, #6018, #1080, #7540, #6158, #6650, #5313, #5958, #294, #777, #8925, #1744, #9446, #4768, #8831, #2255, #964, #6300, #2040, #9927, #3678, #5466, #3789, #5600, #2704, #6858, #4453, #4840, #9540, #9353, #8424, #5640, #7919, #9216, #4902, #8038, #259, #1681, #4267, #7368, #1996, #1022, #1926, #4682, #4574, #8135, #8619, #5544, #5733, #2860, #4147, #5228, #9345, #3844, #8471, #7326, #76, #3129, #6089, #3297, #4146, #7490, #8545, #5126, #9272, #5657, #1778, #4961, #7552, #3073, #2133, #7150, #9989, #1574, #1313, #2928, #4221, #1169, #475, #8235, #6834, #8556, #2811, #7009, #172 ) ) ;
#7670 = CARTESIAN_POINT ( 'NONE',  ( 711.8968179180299103, 902.2938213246411578, 1203.764781143287792 ) ) ;
#7671 = CARTESIAN_POINT ( 'NONE',  ( 742.8546717736121536, 883.3187357418375996, 1215.346918406272152 ) ) ;
#7672 = CARTESIAN_POINT ( 'NONE',  ( 712.0260321604574756, 901.0335231598887731, 1198.876645878563977 ) ) ;
#7673 = FACE_OUTER_BOUND ( 'NONE', #4846, .T. ) ;
#7674 = VERTEX_POINT ( 'NONE', #9642 ) ;
#7675 = CARTESIAN_POINT ( 'NONE',  ( 711.6281445235418914, 902.4489399812729289, 1204.371340743530709 ) ) ;
#7676 = CARTESIAN_POINT ( 'NONE',  ( 717.1800848525040237, 879.2510169669742481, 1212.380460436409521 ) ) ;
#7677 = ORIENTED_EDGE ( 'NONE', *, *, #4464, .F. ) ;
#7678 = DIRECTION ( 'NONE',  ( -0.5000000000000009992, -0.8660254037844382635, -0.000000000000000000 ) ) ;
#7679 = CARTESIAN_POINT ( 'NONE',  ( 738.4661788306920016, 885.7682973624183660, 1198.675640035961578 ) ) ;
#7680 = B_SPLINE_CURVE_WITH_KNOTS ( 'NONE', 3,
 ( #28, #3896, #9205, #2286, #1379, #3015, #5302, #6989, #3121, #651 ),
 .UNSPECIFIED., .F., .F.,
 ( 4, 3, 3, 4 ),
 ( 0.000000000000000000, 0.0001770958401172352168, 0.0003541916793410492459, 0.0006316937728061597888 ),
 .UNSPECIFIED. ) ;
#7681 = EDGE_CURVE ( 'NONE', #1917, #199, #8042, .T. ) ;
#7682 = CARTESIAN_POINT ( 'NONE',  ( 742.3392350661895307, 884.7178835893686255, 1210.658093879986382 ) ) ;
#7683 = CARTESIAN_POINT ( 'NONE',  ( 742.6573921261268652, 884.5341955251690251, 1214.746627808111043 ) ) ;
#7684 = CARTESIAN_POINT ( 'NONE',  ( 724.4871782866530339, 893.5683035832045107, 1229.287396061769414 ) ) ;
#7685 = VECTOR ( 'NONE', #7056, 1000.000000000000000 ) ;
#7686 = CARTESIAN_POINT ( 'NONE',  ( 711.0883467015523820, 900.9913658086823034, 1206.618414114115922 ) ) ;
#7687 = ORIENTED_EDGE ( 'NONE', *, *, #9173, .F. ) ;
#7688 = CARTESIAN_POINT ( 'NONE',  ( 710.7895214426877146, 902.9331192427529231, 1217.986921258819621 ) ) ;
#7689 = CARTESIAN_POINT ( 'NONE',  ( 725.8370950929727314, 894.2453985451099925, 1212.380460436409521 ) ) ;
#7690 = ORIENTED_EDGE ( 'NONE', *, *, #955, .F. ) ;
#7691 = CARTESIAN_POINT ( 'NONE',  ( 717.1800848525040237, 879.2510169669742481, 1212.380460436409521 ) ) ;
#7692 = VERTEX_POINT ( 'NONE', #261 ) ;
#7693 = VECTOR ( 'NONE', #824, 1000.000000000000114 ) ;
#7694 = ORIENTED_EDGE ( 'NONE', *, *, #1446, .F. ) ;
#7695 = CARTESIAN_POINT ( 'NONE',  ( 710.0265347118535146, 903.3736298371879911, 1212.187954239024293 ) ) ;
#7696 = EDGE_CURVE ( 'NONE', #7421, #1135, #9726, .T. ) ;
#7697 = CARTESIAN_POINT ( 'NONE',  ( 729.1703059924968784, 890.8644003838595609, 1228.677278177308381 ) ) ;
#7698 = CARTESIAN_POINT ( 'NONE',  ( 714.2264686734824863, 900.2902790299302751, 1227.613145954071115 ) ) ;
#7699 = FACE_OUTER_BOUND ( 'NONE', #8014, .T. ) ;
#7700 = PRODUCT_DEFINITION_SHAPE ( 'NONE', 'NONE',  #5693 ) ;
#7701 = ORIENTED_EDGE ( 'NONE', *, *, #8484, .F. ) ;
#7702 = EDGE_CURVE ( 'NONE', #7472, #8203, #2520, .T. ) ;
#7703 = B_SPLINE_CURVE_WITH_KNOTS ( 'NONE', 3,
 ( #9208, #6735, #9876, #2812 ),
 .UNSPECIFIED., .F., .F.,
 ( 4, 4 ),
 ( 0.0009352727177712606265, 0.002387895279818916423 ),
 .UNSPECIFIED. ) ;
#7704 = EDGE_LOOP ( 'NONE', ( #6924, #1829, #6499, #4764 ) ) ;
#7705 = CARTESIAN_POINT ( 'NONE',  ( 723.8518837193328181, 894.2058645789753655, 1192.003157484551366 ) ) ;
#7706 = CARTESIAN_POINT ( 'NONE',  ( 723.1594390174091131, 896.5804151071541810, 1193.724047119079842 ) ) ;
#7707 = DIRECTION ( 'NONE',  ( 0.5845683251975072325, -0.3375006799125115364, -0.7378164841167307308 ) ) ;
#7708 = CARTESIAN_POINT ( 'NONE',  ( 717.1800848525040237, 879.2510169669742481, 1212.380460436409521 ) ) ;
#7709 = CARTESIAN_POINT ( 'NONE',  ( 710.2614701026177499, 903.2379898260880964, 1209.237635954336838 ) ) ;
#7710 = CARTESIAN_POINT ( 'NONE',  ( 709.7845706435631428, 900.2413287565320843, 1205.680053180175946 ) ) ;
#7711 = CARTESIAN_POINT ( 'NONE',  ( 736.6479681401950756, 886.5472728159309099, 1201.797811497877092 ) ) ;
#7712 = ORIENTED_EDGE ( 'NONE', *, *, #9637, .F. ) ;
#7713 = CARTESIAN_POINT ( 'NONE',  ( 737.5635560881526089, 886.0185551817568239, 1221.487428798632891 ) ) ;
#7714 = EDGE_CURVE ( 'NONE', #7185, #9592, #8377, .T. ) ;
#7715 = ORIENTED_EDGE ( 'NONE', *, *, #2433, .F. ) ;
#7716 = CARTESIAN_POINT ( 'NONE',  ( 741.1474346301080232, 884.3044095662100972, 1203.184809814302753 ) ) ;
#7717 = DIRECTION ( 'NONE',  ( 0.8660254037844280495, -0.5000000000000182077, 0.000000000000000000 ) ) ;
#7718 = CARTESIAN_POINT ( 'NONE',  ( 727.4681042133296387, 893.3037349904211624, 1192.905304893819675 ) ) ;
#7719 = B_SPLINE_CURVE_WITH_KNOTS ( 'NONE', 3,
 ( #8082, #9217, #5875, #555, #6649, #2925, #4378, #407 ),
 .UNSPECIFIED., .F., .F.,
 ( 4, 2, 2, 4 ),
 ( 0.000000000000000000, 0.001064839483345812092, 0.001597259225018718247, 0.002129678966691624185 ),
 .UNSPECIFIED. ) ;
#7720 = CARTESIAN_POINT ( 'NONE',  ( 707.6597204082628423, 903.5544144253835839, 1210.930503320910702 ) ) ;
#7721 = CARTESIAN_POINT ( 'NONE',  ( 717.1800848525040237, 879.2510169669742481, 1212.380460436409521 ) ) ;
#7722 = CARTESIAN_POINT ( 'NONE',  ( 724.4202779218370551, 891.7913992196671416, 1212.380460436409521 ) ) ;
#7723 = ORIENTED_EDGE ( 'NONE', *, *, #8808, .F. ) ;
#7724 = CARTESIAN_POINT ( 'NONE',  ( 742.8144905191456928, 883.3419343999200919, 1209.113617440067856 ) ) ;
#7725 = EDGE_CURVE ( 'NONE', #2480, #2525, #2579, .T. ) ;
#7726 = CARTESIAN_POINT ( 'NONE',  ( 717.1800848525040237, 879.2510169669742481, 1212.380460436409521 ) ) ;
#7727 = EDGE_CURVE ( 'NONE', #8403, #3766, #6042, .T. ) ;
#7728 = ORIENTED_EDGE ( 'NONE', *, *, #6215, .F. ) ;
#7729 = CARTESIAN_POINT ( 'NONE',  ( 745.7425381565838052, 882.7529856339947401, 1212.380460436409294 ) ) ;
#7730 = CARTESIAN_POINT ( 'NONE',  ( 717.1800848525040237, 879.2510169669742481, 1212.380460436409521 ) ) ;
#7731 = CARTESIAN_POINT ( 'NONE',  ( 709.8663661301358161, 903.0634139006185706, 1220.252205513887020 ) ) ;
#7732 = CARTESIAN_POINT ( 'NONE',  ( 724.2319565310787084, 893.7155949584380323, 1229.270489609846436 ) ) ;
#7733 = CARTESIAN_POINT ( 'NONE',  ( 717.1800848525040237, 879.2510169669742481, 1212.380460436409521 ) ) ;
#7734 = ORIENTED_EDGE ( 'NONE', *, *, #7095, .F. ) ;
#7735 = FACE_OUTER_BOUND ( 'NONE', #3709, .T. ) ;
#7736 = CARTESIAN_POINT ( 'NONE',  ( 739.9659868683438617, 882.8160799745763825, 1209.503783201605302 ) ) ;
#7737 = CARTESIAN_POINT ( 'NONE',  ( 715.5958085551361592, 899.7557932245796337, 1228.490371673574145 ) ) ;
#7738 = ORIENTED_EDGE ( 'NONE', *, *, #1056, .T. ) ;
#7739 = FACE_OUTER_BOUND ( 'NONE', #7607, .T. ) ;
#7740 = EDGE_CURVE ( 'NONE', #8310, #8817, #2778, .T. ) ;
#7741 = ORIENTED_EDGE ( 'NONE', *, *, #488, .F. ) ;
#7742 = B_SPLINE_CURVE_WITH_KNOTS ( 'NONE', 3,
 ( #3157, #10132, #3887, #4769 ),
 .UNSPECIFIED., .F., .F.,
 ( 4, 4 ),
 ( 0.000000000000000000, 0.001331005199731900629 ),
 .UNSPECIFIED. ) ;
#7743 = ORIENTED_EDGE ( 'NONE', *, *, #7165, .T. ) ;
#7744 = ORIENTED_EDGE ( 'NONE', *, *, #1446, .T. ) ;
#7745 = CARTESIAN_POINT ( 'NONE',  ( 722.3344649619720030, 894.8110750429704012, 1195.781083815212469 ) ) ;
#7746 = CARTESIAN_POINT ( 'NONE',  ( 707.9616364720327510, 903.3801031046946264, 1216.405662844304516 ) ) ;
#7747 = DIRECTION ( 'NONE',  ( -0.4999999999999988343, -0.8660254037844394848, 2.975261781898571487E-15 ) ) ;
#7748 = VECTOR ( 'NONE', #8588, 1000.000000000000114 ) ;
#7749 = CARTESIAN_POINT ( 'NONE',  ( 735.2070165429709050, 889.6247429796881079, 1196.520510359638592 ) ) ;
#7750 = EDGE_CURVE ( 'NONE', #1118, #2354, #3935, .T. ) ;
#7751 = B_SPLINE_CURVE_WITH_KNOTS ( 'NONE', 3,
 ( #2366, #244, #1838, #7, #8225, #1649, #345, #3491 ),
 .UNSPECIFIED., .F., .F.,
 ( 4, 2, 2, 4 ),
 ( 0.000000000000000000, 0.001064839483342544524, 0.001597259225013827628, 0.002129678966685111165 ),
 .UNSPECIFIED. ) ;
#7752 = EDGE_LOOP ( 'NONE', ( #5533, #9199 ) ) ;
#7753 = VERTEX_POINT ( 'NONE', #3612 ) ;
#7754 = CARTESIAN_POINT ( 'NONE',  ( 739.4734004184357445, 886.3724739947020907, 1221.622029714868631 ) ) ;
#7755 = CARTESIAN_POINT ( 'NONE',  ( 729.5710859233022347, 889.4079100718067821, 1195.530416716102764 ) ) ;
#7756 = AXIS2_PLACEMENT_3D ( 'NONE', #8646, #3274, #4786 ) ;
#7757 = CARTESIAN_POINT ( 'NONE',  ( 726.8056856749822146, 892.2296145607076596, 1195.554107321137053 ) ) ;
#7758 = CARTESIAN_POINT ( 'NONE',  ( 730.2094112812469575, 888.4490415162320005, 1195.474388330756710 ) ) ;
#7759 = CARTESIAN_POINT ( 'NONE',  ( 730.1381863255045346, 891.7621623641985025, 1194.811450275755078 ) ) ;
#7760 = CARTESIAN_POINT ( 'NONE',  ( 710.9532700015441833, 903.3828844522909094, 1220.287227517783549 ) ) ;
#7761 = EDGE_LOOP ( 'NONE', ( #6091, #5745, #5666, #94, #6519 ) ) ;
#7762 = DIRECTION ( 'NONE',  ( 0.8660254037844441477, -0.4999999999999902855, 0.000000000000000000 ) ) ;
#7763 = ORIENTED_EDGE ( 'NONE', *, *, #5798, .F. ) ;
#7764 = CARTESIAN_POINT ( 'NONE',  ( 712.8826771180887363, 901.7246352501042566, 1201.912234793688413 ) ) ;
#7765 = CARTESIAN_POINT ( 'NONE',  ( 730.0139776077825218, 891.8338743008114307, 1229.989442919285693 ) ) ;
#7766 = B_SPLINE_CURVE_WITH_KNOTS ( 'NONE', 3,
 ( #1593, #7053, #5463, #3280, #7874, #813, #10154, #2450 ),
 .UNSPECIFIED., .F., .F.,
 ( 4, 2, 2, 4 ),
 ( 0.000000000000000000, 0.001064839483357605393, 0.001597259225036318318, 0.002129678966715031242 ),
 .UNSPECIFIED. ) ;
#7767 = CARTESIAN_POINT ( 'NONE',  ( 711.5786666374810920, 900.4015341720402148, 1220.331445610361470 ) ) ;
#7768 = ADVANCED_FACE ( 'NONE', ( #5978 ), #4345, .T. ) ;
#7769 = CARTESIAN_POINT ( 'NONE',  ( 728.0838152723945313, 892.5458391847287203, 1232.048744193739367 ) ) ;
#7770 = CARTESIAN_POINT ( 'NONE',  ( 718.1711699695663356, 897.4856261915937239, 1231.086385153612355 ) ) ;
#7771 = CARTESIAN_POINT ( 'NONE',  ( 726.9242442065030900, 891.8486163871368717, 1229.389442670356175 ) ) ;
#7772 = ORIENTED_EDGE ( 'NONE', *, *, #8819, .T. ) ;
#7773 = DIRECTION ( 'NONE',  ( 0.8660254037844280495, -0.5000000000000182077, 0.000000000000000000 ) ) ;
#7774 = DIRECTION ( 'NONE',  ( -0.4999999999999988343, -0.8660254037844394848, 2.975261781898571487E-15 ) ) ;
#7775 = DIRECTION ( 'NONE',  ( 0.8660254037844280495, -0.5000000000000182077, 0.000000000000000000 ) ) ;
#7776 = DIRECTION ( 'NONE',  ( -0.8660254037844380415, 0.5000000000000008882, 0.000000000000000000 ) ) ;
#7777 = ORIENTED_EDGE ( 'NONE', *, *, #2124, .F. ) ;
#7778 = CARTESIAN_POINT ( 'NONE',  ( 710.4807238857808898, 903.9029890417256183, 1206.755500818043856 ) ) ;
#7779 = CARTESIAN_POINT ( 'NONE',  ( 738.0383576732319852, 885.7444283587993823, 1204.195693531592269 ) ) ;
#7780 = EDGE_CURVE ( 'NONE', #587, #9072, #212, .T. ) ;
#7781 = CARTESIAN_POINT ( 'NONE',  ( 730.6420992876359151, 892.2602991858840369, 1194.114228819178379 ) ) ;
#7782 = CARTESIAN_POINT ( 'NONE',  ( 725.3236735400701036, 893.3561263297817732, 1212.380460436409521 ) ) ;
#7783 = VECTOR ( 'NONE', #7455, 1000.000000000000114 ) ;
#7784 = B_SPLINE_SURFACE_WITH_KNOTS ( 'NONE', 3, 1, ( 
 ( #2602, #8273 ),
 ( #3430, #9670 ),
 ( #238, #3375 ),
 ( #8895, #698 ),
 ( #8477, #9098 ),
 ( #6832, #2858 ) ),
 .UNSPECIFIED., .F., .F., .F.,
 ( 4, 1, 1, 4 ),
 ( 2, 2 ),
 ( 0.000000000000000000, 0.2890654569501156512, 0.6604379133667447332, 1.000000000000000000 ),
 ( 0.000000000000000000, 1.000000000000000000 ),
 .UNSPECIFIED. ) ;
#7785 = CARTESIAN_POINT ( 'NONE',  ( 709.6382673602494151, 900.3257969965201255, 1218.638008874627531 ) ) ;
#7786 = CARTESIAN_POINT ( 'NONE',  ( 741.2697520413802295, 885.3353499016357091, 1208.408103779912381 ) ) ;
#7787 = ORIENTED_EDGE ( 'NONE', *, *, #905, .T. ) ;
#7788 = DIRECTION ( 'NONE',  ( 0.5000000000000011102, 0.8660254037844380415, -0.000000000000000000 ) ) ;
#7789 = VERTEX_POINT ( 'NONE', #2675 ) ;
#7790 = VERTEX_POINT ( 'NONE', #8353 ) ;
#7791 = ORIENTED_EDGE ( 'NONE', *, *, #6505, .F. ) ;
#7792 = AXIS2_PLACEMENT_3D ( 'NONE', #8807, #4932, #9554 ) ;
#7793 = CARTESIAN_POINT ( 'NONE',  ( 719.0083278182332833, 897.7852998590750531, 1230.700476407309225 ) ) ;
#7794 = EDGE_CURVE ( 'NONE', #2292, #1580, #4068, .T. ) ;
#7795 = B_SPLINE_CURVE_WITH_KNOTS ( 'NONE', 3,
 ( #951, #3216, #3987, #7230 ),
 .UNSPECIFIED., .F., .F.,
 ( 4, 4 ),
 ( 0.000000000000000000, 0.001331005199731831456 ),
 .UNSPECIFIED. ) ;
#7796 = ADVANCED_FACE ( 'NONE', ( #1906 ), #8613, .T. ) ;
#7797 = ORIENTED_EDGE ( 'NONE', *, *, #678, .T. ) ;
#7798 = PLANE ( 'NONE',  #9256 ) ;
#7799 = AXIS2_PLACEMENT_3D ( 'NONE', #8002, #5587, #4725 ) ;
#7800 = CARTESIAN_POINT ( 'NONE',  ( 738.3451775915107191, 886.6211644371935563, 1225.804501387502796 ) ) ;
#7801 = CARTESIAN_POINT ( 'NONE',  ( 729.5940918578151013, 892.0762954515838601, 1231.459469097437022 ) ) ;
#7802 = VERTEX_POINT ( 'NONE', #9023 ) ;
#7803 = ORIENTED_EDGE ( 'NONE', *, *, #71, .T. ) ;
#7804 = CARTESIAN_POINT ( 'NONE',  ( 737.9787484906262307, 887.2354116875675345, 1200.685217657289058 ) ) ;
#7805 = CARTESIAN_POINT ( 'NONE',  ( 716.3729314646361672, 899.0510181596522443, 1229.430902100633375 ) ) ;
#7806 = B_SPLINE_CURVE_WITH_KNOTS ( 'NONE', 1,
 ( #8526, #3114 ),
 .UNSPECIFIED., .F., .F.,
 ( 2, 2 ),
 ( 0.000000000000000000, 0.002899999999998861388 ),
 .UNSPECIFIED. ) ;
#7807 = EDGE_CURVE ( 'NONE', #1374, #3357, #9853, .T. ) ;
#7808 = CARTESIAN_POINT ( 'NONE',  ( 709.8395708768712211, 901.2535435758179574, 1214.258603542148649 ) ) ;
#7809 = VERTEX_POINT ( 'NONE', #4386 ) ;
#7810 = CARTESIAN_POINT ( 'NONE',  ( 714.3626250911436273, 900.8701868894742120, 1198.577945120299091 ) ) ;
#7811 = DIRECTION ( 'NONE',  ( -0.5000000000000009992, -0.8660254037844382635, -0.000000000000000000 ) ) ;
#7812 = CARTESIAN_POINT ( 'NONE',  ( 725.3236735400701036, 893.3561263297817732, 1212.380460436409521 ) ) ;
#7813 = ORIENTED_EDGE ( 'NONE', *, *, #9185, .T. ) ;
#7814 = CARTESIAN_POINT ( 'NONE',  ( 726.0022638981647560, 892.8572787859635582, 1232.929595296745674 ) ) ;
#7815 = EDGE_LOOP ( 'NONE', ( #3946, #6595, #2130, #3443 ) ) ;
#7816 = CARTESIAN_POINT ( 'NONE',  ( 722.9197935529398364, 895.9297033745556291, 1231.654304717584182 ) ) ;
#7817 = CIRCLE ( 'NONE', #9135, 20.44804870789273821 ) ;
#7818 = CARTESIAN_POINT ( 'NONE',  ( 714.8983503294412003, 899.1043818304881370, 1200.344526461212808 ) ) ;
#7819 = EDGE_CURVE ( 'NONE', #9592, #1171, #2838, .T. ) ;
#7820 = DIRECTION ( 'NONE',  ( -0.5845683251975072325, 0.3375006799125115364, 0.7378164841167307308 ) ) ;
#7821 = CARTESIAN_POINT ( 'NONE',  ( 731.4036122605673427, 889.8458720728486924, 1231.585541955818371 ) ) ;
#7822 = AXIS2_PLACEMENT_3D ( 'NONE', #2881, #2103, #5268 ) ;
#7823 = CARTESIAN_POINT ( 'NONE',  ( 720.2744515498426381, 897.0545774321436738, 1231.246916127282020 ) ) ;
#7824 = CARTESIAN_POINT ( 'NONE',  ( 728.5290157911094866, 892.6912174054035631, 1193.062937604822764 ) ) ;
#7825 = ORIENTED_EDGE ( 'NONE', *, *, #233, .F. ) ;
#7826 = CARTESIAN_POINT ( 'NONE',  ( 723.2772100132209516, 894.4305893799920568, 1232.816550900129869 ) ) ;
#7827 = CARTESIAN_POINT ( 'NONE',  ( 735.2273591781702180, 887.3674230993161700, 1200.025463212537716 ) ) ;
#7828 = CARTESIAN_POINT ( 'NONE',  ( 725.3236735400701036, 893.3561263297817732, 1212.380460436409521 ) ) ;
#7829 = ADVANCED_FACE ( 'NONE', ( #7569 ), #2269, .F. ) ;
#7830 = ORIENTED_EDGE ( 'NONE', *, *, #9706, .F. ) ;
#7831 = CIRCLE ( 'NONE', #5528, 2.200000000000022382 ) ;
#7832 = CARTESIAN_POINT ( 'NONE',  ( 734.9016910583927711, 887.5554747355447489, 1225.077387697439690 ) ) ;
#7833 = PLANE ( 'NONE',  #3846 ) ;
#7834 = CARTESIAN_POINT ( 'NONE',  ( 710.3590628474624964, 903.9732300749487877, 1217.530914115033511 ) ) ;
#7835 = CARTESIAN_POINT ( 'NONE',  ( 730.7762164711151627, 889.9372275367350085, 1228.038444167456646 ) ) ;
#7836 = ORIENTED_EDGE ( 'NONE', *, *, #856, .F. ) ;
#7837 = CARTESIAN_POINT ( 'NONE',  ( 716.4680321195781971, 900.4437006808741444, 1197.067537400443598 ) ) ;
#7838 = DIRECTION ( 'NONE',  ( -0.5845683251975072325, 0.3375006799125115364, 0.7378164841167307308 ) ) ;
#7839 = CONICAL_SURFACE ( 'NONE', #4558, 18.17967805303275597, 0.8981840042400328628 ) ;
#7840 = VECTOR ( 'NONE', #6026, 1000.000000000000000 ) ;
#7841 = CARTESIAN_POINT ( 'NONE',  ( 724.7272518183722241, 893.4295989073146984, 1229.298806419511948 ) ) ;
#7842 = EDGE_CURVE ( 'NONE', #5578, #6829, #3329, .T. ) ;
#7843 = FACE_OUTER_BOUND ( 'NONE', #997, .T. ) ;
#7844 = CIRCLE ( 'NONE', #8828, 19.56600634797364435 ) ;
#7845 = EDGE_LOOP ( 'NONE', ( #4263, #4583, #1204, #5967 ) ) ;
#7846 = B_SPLINE_CURVE_WITH_KNOTS ( 'NONE', 1,
 ( #4382, #4592 ),
 .UNSPECIFIED., .F., .F.,
 ( 2, 2 ),
 ( 0.000000000000000000, 0.002900000000001198928 ),
 .UNSPECIFIED. ) ;
#7847 = CARTESIAN_POINT ( 'NONE',  ( 725.4339685041372832, 893.6795569978814910, 1232.541410200330347 ) ) ;
#7848 = CARTESIAN_POINT ( 'NONE',  ( 740.3641189658750363, 886.6472885075859267, 1202.793062273984560 ) ) ;
#7849 = CARTESIAN_POINT ( 'NONE',  ( 735.9792161780419519, 887.2041459193870878, 1196.048429206925448 ) ) ;
#7850 = AXIS2_PLACEMENT_3D ( 'NONE', #5309, #6894, #1332 ) ;
#7851 = VERTEX_POINT ( 'NONE', #6957 ) ;
#7852 = EDGE_CURVE ( 'NONE', #5578, #10062, #3914, .T. ) ;
#7853 = ORIENTED_EDGE ( 'NONE', *, *, #8879, .T. ) ;
#7854 = CARTESIAN_POINT ( 'NONE',  ( 724.4202779218370551, 891.7913992196671416, 1212.380460436409521 ) ) ;
#7855 = EDGE_CURVE ( 'NONE', #9541, #1426, #1047, .T. ) ;
#7856 = CARTESIAN_POINT ( 'NONE',  ( 710.5364928184524160, 903.8707908334354215, 1218.208904044648079 ) ) ;
#7857 = CARTESIAN_POINT ( 'NONE',  ( 717.1800848525040237, 879.2510169669742481, 1212.380460436409521 ) ) ;
#7858 = CARTESIAN_POINT ( 'NONE',  ( 716.6102847262823161, 898.1159960456370754, 1198.668640437932936 ) ) ;
#7859 = CIRCLE ( 'NONE', #1767, 1.200000000000046141 ) ;
#7860 = DIRECTION ( 'NONE',  ( -0.4999999999999988343, -0.8660254037844394848, 2.975261781898571487E-15 ) ) ;
#7861 = CARTESIAN_POINT ( 'NONE',  ( 734.3344319421088358, 889.3394588278664514, 1227.777310364527921 ) ) ;
#7862 = CARTESIAN_POINT ( 'NONE',  ( 737.9787484906262307, 887.2354116875675345, 1200.685217657289058 ) ) ;
#7863 = CARTESIAN_POINT ( 'NONE',  ( 733.0539597667020644, 890.0787397830274585, 1230.083127564567803 ) ) ;
#7864 = ORIENTED_EDGE ( 'NONE', *, *, #2194, .T. ) ;
#7865 = CARTESIAN_POINT ( 'NONE',  ( 718.1309277026955442, 897.2379884111622914, 1197.555241989661681 ) ) ;
#7866 = EDGE_LOOP ( 'NONE', ( #5482, #4966 ) ) ;
#7867 = CARTESIAN_POINT ( 'NONE',  ( 718.3221620679926218, 896.5082843993941424, 1196.797741612381515 ) ) ;
#7868 = EDGE_CURVE ( 'NONE', #2475, #1987, #9970, .T. ) ;
#7869 = CARTESIAN_POINT ( 'NONE',  ( 722.7447676742503972, 894.9291942869818968, 1232.573520717199926 ) ) ;
#7870 = B_SPLINE_SURFACE_WITH_KNOTS ( 'NONE', 3, 1, ( 
 ( #9227, #511 ),
 ( #2158, #2006 ),
 ( #5323, #3665 ),
 ( #5174, #8452 ),
 ( #6809, #8300 ),
 ( #1404, #1244 ) ),
 .UNSPECIFIED., .F., .F., .F.,
 ( 4, 1, 1, 4 ),
 ( 2, 2 ),
 ( 0.000000000000000000, 0.2890654569501156512, 0.6604379133667447332, 1.000000000000000000 ),
 ( 0.000000000000000000, 1.000000000000000000 ),
 .UNSPECIFIED. ) ;
#7871 = DIRECTION ( 'NONE',  ( 0.4999999999999988343, 0.8660254037844394848, -2.975261781898571487E-15 ) ) ;
#7872 = DIRECTION ( 'NONE',  ( 0.5000000000000009992, 0.8660254037844381525, -5.726519994466740890E-15 ) ) ;
#7873 = DIRECTION ( 'NONE',  ( 0.9282034087426035418, 0.2586610571283732285, 0.2674563319942973583 ) ) ;
#7874 = CARTESIAN_POINT ( 'NONE',  ( 728.3053556169054445, 890.7444849165390224, 1229.293984328843408 ) ) ;
#7875 = ORIENTED_EDGE ( 'NONE', *, *, #1237, .F. ) ;
#7876 = CARTESIAN_POINT ( 'NONE',  ( 710.7895214426877146, 902.9331192427529231, 1217.986921258819621 ) ) ;
#7877 = CARTESIAN_POINT ( 'NONE',  ( 729.2920943628776058, 890.7941885213901969, 1196.123747861022139 ) ) ;
#7878 = CARTESIAN_POINT ( 'NONE',  ( 722.9394770169539015, 896.7074102273286371, 1230.987615249362307 ) ) ;
#7879 = EDGE_CURVE ( 'NONE', #5741, #2640, #8502, .T. ) ;
#7880 = CARTESIAN_POINT ( 'NONE',  ( 724.9805501357143385, 892.5118951249432939, 1194.921262402996945 ) ) ;
#7881 = B_SPLINE_CURVE_WITH_KNOTS ( 'NONE', 3,
 ( #7890, #4808, #4079, #4022 ),
 .UNSPECIFIED., .F., .F.,
 ( 4, 4 ),
 ( 0.0009352727177710454124, 0.002387895279818787186 ),
 .UNSPECIFIED. ) ;
#7882 = EDGE_LOOP ( 'NONE', ( #6935, #2281 ) ) ;
#7883 = DIRECTION ( 'NONE',  ( -0.4999999999999988343, -0.8660254037844394848, 2.975261781898571487E-15 ) ) ;
#7884 = CARTESIAN_POINT ( 'NONE',  ( 717.1800848525040237, 879.2510169669742481, 1212.380460436409521 ) ) ;
#7885 = LINE ( 'NONE', #3965, #8574 ) ;
#7886 = DIRECTION ( 'NONE',  ( -1.000000000000000000, -0.000000000000000000, -0.000000000000000000 ) ) ;
#7887 = CARTESIAN_POINT ( 'NONE',  ( 712.1605915195642638, 902.1415315647905118, 1223.931778012714631 ) ) ;
#7888 = CARTESIAN_POINT ( 'NONE',  ( 718.1711699695663356, 897.4856261915937239, 1231.086385153612355 ) ) ;
#7889 = VERTEX_POINT ( 'NONE', #5467 ) ;
#7890 = CARTESIAN_POINT ( 'NONE',  ( 734.4043033965383529, 889.2991185248429247, 1229.261392290231015 ) ) ;
#7891 = CARTESIAN_POINT ( 'NONE',  ( 729.9410654078927791, 891.8759701790445433, 1194.748625492009296 ) ) ;
#7892 = B_SPLINE_CURVE_WITH_KNOTS ( 'NONE', 3,
 ( #7528, #2058, #467, #3618, #5225, #5125, #4344, #626 ),
 .UNSPECIFIED., .F., .F.,
 ( 4, 2, 2, 4 ),
 ( 0.000000000000000000, 0.001064839483330533082, 0.001597259224995799514, 0.002129678966661066163 ),
 .UNSPECIFIED. ) ;
#7893 = ORIENTED_EDGE ( 'NONE', *, *, #2242, .F. ) ;
#7894 = EDGE_CURVE ( 'NONE', #2442, #6019, #5907, .T. ) ;
#7895 = CARTESIAN_POINT ( 'NONE',  ( 713.0396176434142035, 900.1775380225795971, 1221.822915170701435 ) ) ;
#7896 = LINE ( 'NONE', #743, #2569 ) ;
#7897 = ORIENTED_EDGE ( 'NONE', *, *, #9596, .T. ) ;
#7898 = VERTEX_POINT ( 'NONE', #9333 ) ;
#7899 = CARTESIAN_POINT ( 'NONE',  ( 732.1994115556946099, 890.5721134226881759, 1229.094642180769142 ) ) ;
#7900 = CARTESIAN_POINT ( 'NONE',  ( 720.5347485146390909, 896.1210134823437556, 1192.694315763193799 ) ) ;
#7901 = CARTESIAN_POINT ( 'NONE',  ( 727.7144301318596717, 893.1615186550494627, 1194.252185668565517 ) ) ;
#7902 = CARTESIAN_POINT ( 'NONE',  ( 734.0068203528809363, 889.5286054670968952, 1228.012025261181407 ) ) ;
#7903 = CARTESIAN_POINT ( 'NONE',  ( 726.3370950929722767, 895.1114239488939575, 1212.380460436409294 ) ) ;
#7904 = EDGE_CURVE ( 'NONE', #689, #1418, #5338, .T. ) ;
#7905 = CARTESIAN_POINT ( 'NONE',  ( 709.7845706435631428, 900.2413287565320843, 1205.680053180175946 ) ) ;
#7906 = EDGE_CURVE ( 'NONE', #3400, #6179, #1500, .T. ) ;
#7907 = FACE_OUTER_BOUND ( 'NONE', #5181, .T. ) ;
#7908 = CARTESIAN_POINT ( 'NONE',  ( 734.7703278158076046, 889.0877942278476667, 1197.315842696146547 ) ) ;
#7909 = VERTEX_POINT ( 'NONE', #6081 ) ;
#7910 = CARTESIAN_POINT ( 'NONE',  ( 732.3172620716632082, 890.5040723955692101, 1195.726692833351535 ) ) ;
#7911 = ORIENTED_EDGE ( 'NONE', *, *, #9024, .T. ) ;
#7912 = CARTESIAN_POINT ( 'NONE',  ( 741.4347287605073689, 884.0544042613365718, 1203.893142709004678 ) ) ;
#7913 = CARTESIAN_POINT ( 'NONE',  ( 717.1800848525040237, 879.2510169669742481, 1212.380460436409521 ) ) ;
#7914 = AXIS2_PLACEMENT_3D ( 'NONE', #4333, #9841, #4434 ) ;
#7915 = CARTESIAN_POINT ( 'NONE',  ( 717.1800848525040237, 879.2510169669742481, 1212.380460436409521 ) ) ;
#7916 = EDGE_CURVE ( 'NONE', #5261, #2391, #3577, .T. ) ;
#7917 = B_SPLINE_CURVE_WITH_KNOTS ( 'NONE', 3,
 ( #1788, #6538, #4054, #9675 ),
 .UNSPECIFIED., .F., .F.,
 ( 4, 4 ),
 ( 0.0009352727177710416177, 0.002387895279818366516 ),
 .UNSPECIFIED. ) ;
#7918 = CARTESIAN_POINT ( 'NONE',  ( 733.0133075491035015, 888.3330940271862346, 1197.896725952028419 ) ) ;
#7919 = ADVANCED_FACE ( 'NONE', ( #3711 ), #3346, .F. ) ;
#7920 = CARTESIAN_POINT ( 'NONE',  ( 727.3219390025001303, 891.7736445828863907, 1195.531787979178262 ) ) ;
#7921 = AXIS2_PLACEMENT_3D ( 'NONE', #325, #8053, #3471 ) ;
#7922 = DIRECTION ( 'NONE',  ( 0.8660254037844280495, -0.5000000000000182077, 0.000000000000000000 ) ) ;
#7923 = ORIENTED_EDGE ( 'NONE', *, *, #7192, .T. ) ;
#7924 = CARTESIAN_POINT ( 'NONE',  ( 714.0172345530781968, 901.6139036936749562, 1199.207196132210356 ) ) ;
#7925 = DIRECTION ( 'NONE',  ( 0.4999999999999988343, 0.8660254037844394848, -2.975261781898571487E-15 ) ) ;
#7926 = CARTESIAN_POINT ( 'NONE',  ( 738.4191899850258096, 886.9811226722138144, 1224.151275291825414 ) ) ;
#7927 = CARTESIAN_POINT ( 'NONE',  ( 725.2779934165997702, 884.9677343862281305, 1203.847972367434750 ) ) ;
#7928 = ORIENTED_EDGE ( 'NONE', *, *, #6516, .F. ) ;
#7929 = CIRCLE ( 'NONE', #5145, 20.44804870789273821 ) ;
#7930 = DIRECTION ( 'NONE',  ( 0.5845683251975080097, -0.3375006799125091494, -0.7378164841167310639 ) ) ;
#7931 = FACE_OUTER_BOUND ( 'NONE', #2717, .T. ) ;
#7932 = EDGE_CURVE ( 'NONE', #1688, #7077, #3763, .T. ) ;
#7933 = CARTESIAN_POINT ( 'NONE',  ( 709.2230139030494911, 903.8375427924504493, 1208.534465199568558 ) ) ;
#7934 = CARTESIAN_POINT ( 'NONE',  ( 725.8370950929722767, 894.2453985451096514, 1212.380460436409294 ) ) ;
#7935 = CARTESIAN_POINT ( 'NONE',  ( 711.8670892387700633, 900.6966481851357003, 1204.936756676450841 ) ) ;
#7936 = ORIENTED_EDGE ( 'NONE', *, *, #6930, .T. ) ;
#7937 = ORIENTED_EDGE ( 'NONE', *, *, #8402, .F. ) ;
#7938 = CARTESIAN_POINT ( 'NONE',  ( 735.0934339968080167, 887.4447804646374607, 1199.882576021138220 ) ) ;
#7939 = VERTEX_POINT ( 'NONE', #2205 ) ;
#7940 = DIRECTION ( 'NONE',  ( 0.000000000000000000, 0.7071067811865474617, -0.7071067811865474617 ) ) ;
#7941 = AXIS2_PLACEMENT_3D ( 'NONE', #2009, #1248, #7630 ) ;
#7942 = EDGE_CURVE ( 'NONE', #3511, #6325, #13, .T. ) ;
#7943 = CARTESIAN_POINT ( 'NONE',  ( 742.1474624049437807, 884.8286035869618900, 1217.683713709046060 ) ) ;
#7944 = DIRECTION ( 'NONE',  ( 0.5845683251975080097, -0.3375006799125091494, -0.7378164841167310639 ) ) ;
#7945 = CONICAL_SURFACE ( 'NONE', #7792, 20.44804870789273821, 0.7096869864122512528 ) ;
#7946 = VERTEX_POINT ( 'NONE', #5373 ) ;
#7947 = ORIENTED_EDGE ( 'NONE', *, *, #7696, .T. ) ;
#7948 = CARTESIAN_POINT ( 'NONE',  ( 737.2463784489699492, 884.3862466275928682, 1201.837426979665906 ) ) ;
#7949 = CARTESIAN_POINT ( 'NONE',  ( 732.1725471893473696, 887.6080611468314601, 1228.055098004871070 ) ) ;
#7950 = CARTESIAN_POINT ( 'NONE',  ( 727.7651885778017231, 893.1322132526211135, 1194.259223178311458 ) ) ;
#7951 = CARTESIAN_POINT ( 'NONE',  ( 737.9093331180283712, 885.5063723469929755, 1220.989898554989850 ) ) ;
#7952 = ADVANCED_FACE ( 'NONE', ( #9431 ), #7207, .F. ) ;
#7953 = DIRECTION ( 'NONE',  ( 0.5845683251975080097, -0.3375006799125091494, -0.7378164841167310639 ) ) ;
#7954 = AXIS2_PLACEMENT_3D ( 'NONE', #1375, #1428, #8530 ) ;
#7955 = ORIENTED_EDGE ( 'NONE', *, *, #3396, .T. ) ;
#7956 = CARTESIAN_POINT ( 'NONE',  ( 734.0876237052964370, 889.4819536298282401, 1227.955588268639303 ) ) ;
#7957 = CARTESIAN_POINT ( 'NONE',  ( 738.6290907462239375, 885.2454574798725844, 1219.276691340757907 ) ) ;
#7958 = VERTEX_POINT ( 'NONE', #6435 ) ;
#7959 = CARTESIAN_POINT ( 'NONE',  ( 728.1472657792625114, 892.9116208775064933, 1194.318829414603897 ) ) ;
#7960 = ORIENTED_EDGE ( 'NONE', *, *, #8794, .T. ) ;
#7961 = CARTESIAN_POINT ( 'NONE',  ( 717.1800848525040237, 879.2510169669742481, 1212.380460436409521 ) ) ;
#7962 = ORIENTED_EDGE ( 'NONE', *, *, #6229, .T. ) ;
#7963 = CARTESIAN_POINT ( 'NONE',  ( 719.4244740417083221, 897.5453121752653942, 1193.866506217240840 ) ) ;
#7964 = CARTESIAN_POINT ( 'NONE',  ( 720.9667996449409202, 897.0572649330641752, 1195.010601591288832 ) ) ;
#7965 = EDGE_CURVE ( 'NONE', #2640, #8817, #5662, .T. ) ;
#7966 = DIRECTION ( 'NONE',  ( -0.4999999999999988343, -0.8660254037844394848, 2.975261781898571487E-15 ) ) ;
#7967 = CARTESIAN_POINT ( 'NONE',  ( 720.0236463202843424, 897.6017947589418782, 1229.359176066789814 ) ) ;
#7968 = CARTESIAN_POINT ( 'NONE',  ( 718.7487047561448890, 895.3583285978166941, 1195.695067779210603 ) ) ;
#7969 = CARTESIAN_POINT ( 'NONE',  ( 713.3703919533401177, 900.2573566715798279, 1227.467367841114537 ) ) ;
#7970 = ORIENTED_EDGE ( 'NONE', *, *, #3185, .T. ) ;
#7971 = CARTESIAN_POINT ( 'NONE',  ( 712.6447672509158338, 901.2034747720265386, 1198.929453212531143 ) ) ;
#7972 = CARTESIAN_POINT ( 'NONE',  ( 714.8575421722654255, 898.9699674481078091, 1200.160805817774644 ) ) ;
#7973 = CARTESIAN_POINT ( 'NONE',  ( 717.1800848525040237, 879.2510169669742481, 1212.380460436409521 ) ) ;
#7974 = EDGE_LOOP ( 'NONE', ( #1231, #1979, #4837, #871 ) ) ;
#7975 = FACE_OUTER_BOUND ( 'NONE', #2558, .T. ) ;
#7976 = EDGE_CURVE ( 'NONE', #9765, #6630, #6536, .T. ) ;
#7977 = EDGE_CURVE ( 'NONE', #4363, #3561, #10208, .T. ) ;
#7978 = ORIENTED_EDGE ( 'NONE', *, *, #9955, .F. ) ;
#7979 = CARTESIAN_POINT ( 'NONE',  ( 739.9659868683438617, 882.8160799745763825, 1209.503783201605302 ) ) ;
#7980 = AXIS2_PLACEMENT_3D ( 'NONE', #3951, #767, #3907 ) ;
#7981 = CARTESIAN_POINT ( 'NONE',  ( 735.5698823910764759, 889.1704766626573928, 1196.662417204755229 ) ) ;
#7982 = CARTESIAN_POINT ( 'NONE',  ( 736.4736048233444308, 886.8116472840342794, 1196.385926881085197 ) ) ;
#7983 = CARTESIAN_POINT ( 'NONE',  ( 731.2782597776362081, 889.6473726985701660, 1227.787588563873214 ) ) ;
#7984 = B_SPLINE_CURVE_WITH_KNOTS ( 'NONE', 3,
 ( #3614, #6754, #9900, #2832 ),
 .UNSPECIFIED., .F., .F.,
 ( 4, 4 ),
 ( 1.005213310392648907E-05, 0.001341057332774392343 ),
 .UNSPECIFIED. ) ;
#7985 = DIRECTION ( 'NONE',  ( -0.8660254037844368202, 0.5000000000000029976, 0.000000000000000000 ) ) ;
#7986 = ORIENTED_EDGE ( 'NONE', *, *, #9012, .F. ) ;
#7987 = CARTESIAN_POINT ( 'NONE',  ( 737.5635560881526089, 886.0185551817568239, 1221.487428798632891 ) ) ;
#7988 = AXIS2_PLACEMENT_3D ( 'NONE', #9509, #4879, #2534 ) ;
#7989 = APPLICATION_CONTEXT ( 'configuration controlled 3d designs of mechanical parts and assemblies' ) ;
#7990 = CARTESIAN_POINT ( 'NONE',  ( 741.2552314979944867, 885.3437333412684893, 1220.496495848099812 ) ) ;
#7991 = B_SPLINE_CURVE_WITH_KNOTS ( 'NONE', 3,
 ( #8181, #9784, #7360, #4171, #4325, #9833, #7459, #5815, #6487, #3545 ),
 .UNSPECIFIED., .F., .F.,
 ( 4, 3, 3, 4 ),
 ( 0.000000000000000000, 0.0001770958401172909719, 0.0003541916793411466072, 0.0006316937728063372727 ),
 .UNSPECIFIED. ) ;
#7992 = EDGE_CURVE ( 'NONE', #6770, #7851, #2707, .T. ) ;
#7993 = ORIENTED_EDGE ( 'NONE', *, *, #1771, .T. ) ;
#7994 = CARTESIAN_POINT ( 'NONE',  ( 712.1757243689057759, 902.6771000942226237, 1222.859593161094608 ) ) ;
#7995 = CONICAL_SURFACE ( 'NONE', #3560, 18.17967805303275597, 0.8981840042400328628 ) ;
#7996 = ORIENTED_EDGE ( 'NONE', *, *, #8899, .T. ) ;
#7997 = DIRECTION ( 'NONE',  ( -0.5845683251975072325, 0.3375006799125115364, 0.7378164841167307308 ) ) ;
#7998 = CARTESIAN_POINT ( 'NONE',  ( 717.1800848525040237, 879.2510169669742481, 1212.380460436409521 ) ) ;
#7999 = DIRECTION ( 'NONE',  ( -0.5000000000000008882, -0.8660254037844380415, -0.000000000000000000 ) ) ;
#8000 = EDGE_LOOP ( 'NONE', ( #8855, #565, #9136, #5294, #1180 ) ) ;
#8001 = ORIENTED_EDGE ( 'NONE', *, *, #49, .F. ) ;
#8002 = CARTESIAN_POINT ( 'NONE',  ( 724.4202779218370551, 891.7913992196671416, 1212.380460436409521 ) ) ;
#8003 = EDGE_CURVE ( 'NONE', #8802, #7288, #4570, .T. ) ;
#8004 = AXIS2_PLACEMENT_3D ( 'NONE', #1014, #9561, #5751 ) ;
#8005 = DIRECTION ( 'NONE',  ( 0.5845683251975080097, -0.3375006799125091494, -0.7378164841167310639 ) ) ;
#8006 = PLANE ( 'NONE',  #9482 ) ;
#8007 = CARTESIAN_POINT ( 'NONE',  ( 707.7189938964665998, 903.5201928610144932, 1210.169193343725965 ) ) ;
#8008 = B_SPLINE_CURVE_WITH_KNOTS ( 'NONE', 3,
 ( #2628, #314, #5123, #9750, #4970, #2733, #4289, #8091, #5781, #2523 ),
 .UNSPECIFIED., .F., .F.,
 ( 4, 3, 3, 4 ),
 ( 0.000000000000000000, 0.0001770958401174022652, 0.0003541916793411204779, 0.0006316937728063174318 ),
 .UNSPECIFIED. ) ;
#8009 = VERTEX_POINT ( 'NONE', #4954 ) ;
#8010 = LINE ( 'NONE', #3315, #1253 ) ;
#8011 = CARTESIAN_POINT ( 'NONE',  ( 711.7992909101118357, 902.3501285689159204, 1201.422266727067608 ) ) ;
#8012 = CIRCLE ( 'NONE', #1277, 18.17967805303275597 ) ;
#8013 = CARTESIAN_POINT ( 'NONE',  ( 714.3488699011809331, 897.8985660271195002, 1225.965802286994176 ) ) ;
#8014 = EDGE_LOOP ( 'NONE', ( #4048, #3250, #3075, #3772 ) ) ;
#8015 = CARTESIAN_POINT ( 'NONE',  ( 727.4681042133296387, 893.3037349904211624, 1192.905304893819675 ) ) ;
#8016 = VERTEX_POINT ( 'NONE', #865 ) ;
#8017 = CARTESIAN_POINT ( 'NONE',  ( 719.4041168091503096, 897.9594802889661196, 1230.481592765873756 ) ) ;
#8018 = VERTEX_POINT ( 'NONE', #6284 ) ;
#8019 = CARTESIAN_POINT ( 'NONE',  ( 717.8987314418965298, 895.5566158353793753, 1195.833760781823457 ) ) ;
#8020 = CARTESIAN_POINT ( 'NONE',  ( 723.3559382263169937, 895.6778951299753544, 1193.025346937740778 ) ) ;
#8021 = CIRCLE ( 'NONE', #3584, 2.200000000000022382 ) ;
#8022 = CARTESIAN_POINT ( 'NONE',  ( 717.1800848525040237, 879.2510169669742481, 1212.380460436409521 ) ) ;
#8023 = CARTESIAN_POINT ( 'NONE',  ( 726.8853353781369151, 892.1836870473753152, 1195.564238564165635 ) ) ;
#8024 = CARTESIAN_POINT ( 'NONE',  ( 717.1800848525040237, 879.2510169669742481, 1212.380460436409521 ) ) ;
#8025 = B_SPLINE_CURVE_WITH_KNOTS ( 'NONE', 3,
 ( #946, #6361, #4728, #3984 ),
 .UNSPECIFIED., .F., .F.,
 ( 4, 4 ),
 ( 0.000000000000000000, 0.001331005199731995388 ),
 .UNSPECIFIED. ) ;
#8026 = EDGE_CURVE ( 'NONE', #8425, #7288, #4904, .T. ) ;
#8027 = CARTESIAN_POINT ( 'NONE',  ( 717.1800848525040237, 879.2510169669742481, 1212.380460436409521 ) ) ;
#8028 = ORIENTED_EDGE ( 'NONE', *, *, #7906, .F. ) ;
#8029 = CARTESIAN_POINT ( 'NONE',  ( 720.5762888721899344, 897.2827264328335559, 1229.597804129443375 ) ) ;
#8030 = CARTESIAN_POINT ( 'NONE',  ( 724.4680134223456207, 895.0697120000526184, 1231.864939902611923 ) ) ;
#8031 = ORIENTED_EDGE ( 'NONE', *, *, #6731, .F. ) ;
#8032 = CARTESIAN_POINT ( 'NONE',  ( 717.1800848525040237, 879.2510169669742481, 1212.380460436409521 ) ) ;
#8033 = CARTESIAN_POINT ( 'NONE',  ( 707.5220676577094991, 903.5268250600673809, 1214.004034457273974 ) ) ;
#8034 = ORIENTED_EDGE ( 'NONE', *, *, #989, .F. ) ;
#8035 = CARTESIAN_POINT ( 'NONE',  ( 712.4260385583103243, 901.9882756455147046, 1200.421362592463765 ) ) ;
#8036 = CARTESIAN_POINT ( 'NONE',  ( 717.1800848525040237, 879.2510169669742481, 1212.380460436409521 ) ) ;
#8037 = CARTESIAN_POINT ( 'NONE',  ( 724.4202779218370551, 891.7913992196671416, 1212.380460436409521 ) ) ;
#8038 = ADVANCED_FACE ( 'NONE', ( #8654 ), #876, .F. ) ;
#8039 = CARTESIAN_POINT ( 'NONE',  ( 710.7783547479256185, 901.4830623885363821, 1209.383775011715670 ) ) ;
#8040 = ADVANCED_FACE ( 'NONE', ( #2454 ), #9358, .F. ) ;
#8041 = EDGE_LOOP ( 'NONE', ( #7474, #4939, #551, #6783 ) ) ;
#8042 = LINE ( 'NONE', #7317, #875 ) ;
#8043 = ORIENTED_EDGE ( 'NONE', *, *, #4841, .F. ) ;
#8044 = CARTESIAN_POINT ( 'NONE',  ( 741.1586689613857288, 885.3994837477730471, 1216.890815533852447 ) ) ;
#8045 = CARTESIAN_POINT ( 'NONE',  ( 716.3439785461629299, 899.7262519388591500, 1197.779879966755516 ) ) ;
#8046 = CARTESIAN_POINT ( 'NONE',  ( 730.0110197006899853, 888.8560196242690381, 1229.215525393911776 ) ) ;
#8047 = CARTESIAN_POINT ( 'NONE',  ( 724.4337011105326383, 895.0556484386511329, 1231.879244625404681 ) ) ;
#8048 = CARTESIAN_POINT ( 'NONE',  ( 710.2952279190908484, 903.2184997416601391, 1209.023052760819610 ) ) ;
#8049 = EDGE_CURVE ( 'NONE', #348, #3284, #1003, .T. ) ;
#8050 = DIRECTION ( 'NONE',  ( 0.7767982737154108808, 0.3460748525930070207, -0.5261336696653106104 ) ) ;
#8051 = ORIENTED_EDGE ( 'NONE', *, *, #1206, .F. ) ;
#8052 = ORIENTED_EDGE ( 'NONE', *, *, #9566, .T. ) ;
#8053 = DIRECTION ( 'NONE',  ( -0.4999999999999988343, -0.8660254037844394848, 2.975261781898571487E-15 ) ) ;
#8054 = CARTESIAN_POINT ( 'NONE',  ( 738.3003638463657126, 886.3912091714233839, 1226.031855063760759 ) ) ;
#8055 = CARTESIAN_POINT ( 'NONE',  ( 730.2281784116773906, 892.4992765150421974, 1230.774844019866805 ) ) ;
#8056 = DIRECTION ( 'NONE',  ( 0.5000000000000009992, 0.8660254037844381525, -5.726519994466740890E-15 ) ) ;
#8057 = EDGE_CURVE ( 'NONE', #4288, #8243, #9288, .T. ) ;
#8058 = CARTESIAN_POINT ( 'NONE',  ( 738.5688470227305515, 883.6227190405376177, 1220.354878950782449 ) ) ;
#8059 = EDGE_LOOP ( 'NONE', ( #4865, #9133, #7970, #5869 ) ) ;
#8060 = CARTESIAN_POINT ( 'NONE',  ( 738.4159893013354576, 886.9829705878040613, 1225.489890823299220 ) ) ;
#8061 = ORIENTED_EDGE ( 'NONE', *, *, #8658, .T. ) ;
#8062 = CARTESIAN_POINT ( 'NONE',  ( 731.5320144112877188, 889.5009313952242564, 1197.109982786836554 ) ) ;
#8063 = VERTEX_POINT ( 'NONE', #7308 ) ;
#8064 = FACE_OUTER_BOUND ( 'NONE', #8000, .T. ) ;
#8065 = CARTESIAN_POINT ( 'NONE',  ( 723.0499919668113762, 896.3988387693317463, 1231.225449560845391 ) ) ;
#8066 = CARTESIAN_POINT ( 'NONE',  ( 733.4343002941025134, 888.4026625041674379, 1198.370800627938934 ) ) ;
#8067 = B_SPLINE_SURFACE_WITH_KNOTS ( 'NONE', 3, 1, ( 
 ( #2693, #1110 ),
 ( #1966, #4256 ),
 ( #1407, #8264 ),
 ( #5326, #3770 ),
 ( #4498, #7389 ),
 ( #8208, #6621 ) ),
 .UNSPECIFIED., .F., .F., .F.,
 ( 4, 1, 1, 4 ),
 ( 2, 2 ),
 ( 0.000000000000000000, 0.3395620866332510479, 0.7109345430498769103, 1.000000000000000000 ),
 ( 0.000000000000000000, 1.000000000000000000 ),
 .UNSPECIFIED. ) ;
#8068 = DIRECTION ( 'NONE',  ( 0.5000000000000004441, 0.8660254037844383745, -9.910297435075217688E-15 ) ) ;
#8069 = CARTESIAN_POINT ( 'NONE',  ( 720.9667996449409202, 897.0572649330641752, 1195.010601591288832 ) ) ;
#8070 = LINE ( 'NONE', #2658, #9066 ) ;
#8071 = EDGE_CURVE ( 'NONE', #2225, #9141, #9110, .T. ) ;
#8072 = CARTESIAN_POINT ( 'NONE',  ( 742.7531700681779512, 884.4788981045434184, 1213.516453828375688 ) ) ;
#8073 = CARTESIAN_POINT ( 'NONE',  ( 737.7105736664293545, 887.3902424945076746, 1224.437230680624452 ) ) ;
#8074 = ORIENTED_EDGE ( 'NONE', *, *, #6400, .F. ) ;
#8075 = CARTESIAN_POINT ( 'NONE',  ( 737.7655275199321068, 886.9558255620552245, 1198.260950015032677 ) ) ;
#8076 = AXIS2_PLACEMENT_3D ( 'NONE', #4486, #502, #2774 ) ;
#8077 = CARTESIAN_POINT ( 'NONE',  ( 740.1640891790669912, 882.7017055521537259, 1212.277648756496774 ) ) ;
#8078 = DIRECTION ( 'NONE',  ( -0.5000000000000009992, -0.8660254037844382635, -0.000000000000000000 ) ) ;
#8079 = ORIENTED_EDGE ( 'NONE', *, *, #9942, .T. ) ;
#8080 = EDGE_CURVE ( 'NONE', #6869, #5594, #1079, .T. ) ;
#8081 = B_SPLINE_CURVE_WITH_KNOTS ( 'NONE', 3,
 ( #9688, #1036, #8964, #7256 ),
 .UNSPECIFIED., .F., .F.,
 ( 4, 4 ),
 ( 1.005213304767287958E-05, 0.001341057332774097223 ),
 .UNSPECIFIED. ) ;
#8082 = CARTESIAN_POINT ( 'NONE',  ( 712.3307473410912962, 898.7712929547892600, 1224.026276332979933 ) ) ;
#8083 = CIRCLE ( 'NONE', #4809, 2.200000000000022382 ) ;
#8084 = CARTESIAN_POINT ( 'NONE',  ( 717.1800848525040237, 879.2510169669742481, 1212.380460436409521 ) ) ;
#8085 = CARTESIAN_POINT ( 'NONE',  ( 711.1393426777425475, 901.2746622855444230, 1217.143986910491321 ) ) ;
#8086 = CARTESIAN_POINT ( 'NONE',  ( 710.7694966044655303, 901.4881930155095233, 1209.441912613086743 ) ) ;
#8087 = ORIENTED_EDGE ( 'NONE', *, *, #7172, .T. ) ;
#8088 = CARTESIAN_POINT ( 'NONE',  ( 736.8297126578769394, 886.2843289035542966, 1201.989318925934867 ) ) ;
#8089 = SECURITY_CLASSIFICATION ( '', '', #4532 ) ;
#8090 = ORIENTED_EDGE ( 'NONE', *, *, #7516, .T. ) ;
#8091 = CARTESIAN_POINT ( 'NONE',  ( 739.8169605188835476, 884.7176425893908345, 1213.765802122663899 ) ) ;
#8092 = EDGE_CURVE ( 'NONE', #274, #2999, #4690, .T. ) ;
#8093 = CARTESIAN_POINT ( 'NONE',  ( 718.4141223852520852, 898.5310538360997725, 1194.791792513107339 ) ) ;
#8094 = CARTESIAN_POINT ( 'NONE',  ( 730.7762164711151627, 889.9372275367350085, 1228.038444167456646 ) ) ;
#8095 = CARTESIAN_POINT ( 'NONE',  ( 725.9907095548142024, 891.4749252616170452, 1194.672491869687292 ) ) ;
#8096 = CARTESIAN_POINT ( 'NONE',  ( 713.5218401340731589, 891.7551526485295881, 1213.531186402303319 ) ) ;
#8097 = VERTEX_POINT ( 'NONE', #5968 ) ;
#8098 = B_SPLINE_CURVE_WITH_KNOTS ( 'NONE', 3,
 ( #2165, #2945, #5332, #3622 ),
 .UNSPECIFIED., .F., .F.,
 ( 4, 4 ),
 ( 0.0009352727177710878047, 0.002387895279818958057 ),
 .UNSPECIFIED. ) ;
#8099 = ORIENTED_EDGE ( 'NONE', *, *, #7593, .F. ) ;
#8100 = AXIS2_PLACEMENT_3D ( 'NONE', #3681, #9864, #2797 ) ;
#8101 = LINE ( 'NONE', #1108, #1514 ) ;
#8102 = ADVANCED_FACE ( 'NONE', ( #5918, #8183, #8343, #7361, #3603, #1133 ), #9059, .F. ) ;
#8103 = ADVANCED_FACE ( 'NONE', ( #2042 ), #9735, .F. ) ;
#8104 = VERTEX_POINT ( 'NONE', #1844 ) ;
#8105 = CARTESIAN_POINT ( 'NONE',  ( 711.9622454198387231, 898.9840476382165662, 1223.496391752306636 ) ) ;
#8106 = EDGE_LOOP ( 'NONE', ( #943, #8881, #7437, #7344 ) ) ;
#8107 = VERTEX_POINT ( 'NONE', #8960 ) ;
#8108 = CARTESIAN_POINT ( 'NONE',  ( 717.1800848525040237, 879.2510169669742481, 1212.380460436409521 ) ) ;
#8109 = B_SPLINE_CURVE_WITH_KNOTS ( 'NONE', 3,
 ( #4219, #4759, #299, #9729, #1129, #4271, #7404, #5524 ),
 .UNSPECIFIED., .F., .F.,
 ( 4, 2, 2, 4 ),
 ( 0.000000000000000000, 0.001064839483367164153, 0.001597259225050746230, 0.002129678966734328306 ),
 .UNSPECIFIED. ) ;
#8110 = CIRCLE ( 'NONE', #385, 20.44804870789273821 ) ;
#8111 = DIRECTION ( 'NONE',  ( -1.000000000000000000, -0.000000000000000000, -0.000000000000000000 ) ) ;
#8112 = ORIENTED_EDGE ( 'NONE', *, *, #5672, .T. ) ;
#8113 = CARTESIAN_POINT ( 'NONE',  ( 729.6581550751552641, 888.7673094352165890, 1195.236358884728816 ) ) ;
#8114 = ORIENTED_EDGE ( 'NONE', *, *, #6496, .T. ) ;
#8115 = CARTESIAN_POINT ( 'NONE',  ( 711.6587002057600557, 901.7727808459865173, 1224.450819508426321 ) ) ;
#8116 = ORIENTED_EDGE ( 'NONE', *, *, #6130, .T. ) ;
#8117 = CARTESIAN_POINT ( 'NONE',  ( 717.1800848525040237, 879.2510169669742481, 1212.380460436409521 ) ) ;
#8118 = CARTESIAN_POINT ( 'NONE',  ( 712.9193560569660804, 902.4925297608900792, 1201.164367213794094 ) ) ;
#8119 = B_SPLINE_CURVE_WITH_KNOTS ( 'NONE', 1,
 ( #3022, #2140 ),
 .UNSPECIFIED., .F., .F.,
 ( 2, 2 ),
 ( 8.308148362110448669E-16, 0.002899999999998675339 ),
 .UNSPECIFIED. ) ;
#8120 = EDGE_CURVE ( 'NONE', #7495, #1118, #6742, .T. ) ;
#8121 = VECTOR ( 'NONE', #1993, 999.9999999999998863 ) ;
#8122 = CARTESIAN_POINT ( 'NONE',  ( 734.6730598471157236, 889.9355373621232275, 1228.630943044890955 ) ) ;
#8123 = CARTESIAN_POINT ( 'NONE',  ( 737.2196615410605318, 888.2179762263108387, 1226.580679624188633 ) ) ;
#8124 = CARTESIAN_POINT ( 'NONE',  ( 734.7115276051497403, 886.8936146040572339, 1199.122982923484869 ) ) ;
#8125 = CARTESIAN_POINT ( 'NONE',  ( 738.7721251985116169, 885.3207874805565325, 1205.964540746885859 ) ) ;
#8126 = DIRECTION ( 'NONE',  ( -0.5845683251975072325, 0.3375006799125115364, 0.7378164841167307308 ) ) ;
#8127 = ORIENTED_EDGE ( 'NONE', *, *, #2875, .F. ) ;
#8128 = CARTESIAN_POINT ( 'NONE',  ( 723.9644406924999203, 893.5573494768915452, 1229.475915540943561 ) ) ;
#8129 = CONICAL_SURFACE ( 'NONE', #4187, 20.44804870789273821, 0.7096869864122512528 ) ;
#8130 = CARTESIAN_POINT ( 'NONE',  ( 737.8821087224865778, 886.4927491059245312, 1198.176353551193642 ) ) ;
#8131 = ORIENTED_EDGE ( 'NONE', *, *, #8458, .F. ) ;
#8132 = CARTESIAN_POINT ( 'NONE',  ( 713.3954058238863354, 900.1358516887833048, 1197.059623951350204 ) ) ;
#8133 = CARTESIAN_POINT ( 'NONE',  ( 711.4988864162745585, 903.3126382903190006, 1203.843198719827342 ) ) ;
#8134 = VERTEX_POINT ( 'NONE', #4172 ) ;
#8135 = ADVANCED_FACE ( 'NONE', ( #4376 ), #2516, .F. ) ;
#8136 = B_SPLINE_CURVE_WITH_KNOTS ( 'NONE', 3,
 ( #9197, #7545, #9919, #5244 ),
 .UNSPECIFIED., .F., .F.,
 ( 4, 4 ),
 ( 0.000000000000000000, 0.001331005199732001676 ),
 .UNSPECIFIED. ) ;
#8137 = CARTESIAN_POINT ( 'NONE',  ( 716.3850810475971684, 898.2459534474475049, 1225.900175777590448 ) ) ;
#8138 = CARTESIAN_POINT ( 'NONE',  ( 722.5404894033455321, 896.9402801737961681, 1230.889846312124291 ) ) ;
#8139 = CARTESIAN_POINT ( 'NONE',  ( 711.7070364226419770, 902.4033917220907597, 1220.573564605866522 ) ) ;
#8140 = CARTESIAN_POINT ( 'NONE',  ( 713.4671568609830956, 900.2014894261045583, 1197.192086189031215 ) ) ;
#8141 = EDGE_LOOP ( 'NONE', ( #9749, #451, #3991, #9320 ) ) ;
#8142 = EDGE_CURVE ( 'NONE', #4401, #2756, #2446, .T. ) ;
#8143 = CARTESIAN_POINT ( 'NONE',  ( 724.9195532451922190, 894.7751415779190438, 1230.607408255196106 ) ) ;
#8144 = ORIENTED_EDGE ( 'NONE', *, *, #2277, .T. ) ;
#8145 = CARTESIAN_POINT ( 'NONE',  ( 742.4042145567128728, 883.3876081580154960, 1206.735990461973415 ) ) ;
#8146 = CARTESIAN_POINT ( 'NONE',  ( 741.1107847051757744, 885.4271297359857726, 1217.101785194815875 ) ) ;
#8147 = LINE ( 'NONE', #2580, #8837 ) ;
#8148 = ORIENTED_EDGE ( 'NONE', *, *, #3634, .T. ) ;
#8149 = CARTESIAN_POINT ( 'NONE',  ( 717.1800848525040237, 879.2510169669742481, 1212.380460436409521 ) ) ;
#8150 = CIRCLE ( 'NONE', #6681, 22.98482582222963089 ) ;
#8151 = EDGE_CURVE ( 'NONE', #5916, #6575, #1116, .T. ) ;
#8152 = DIRECTION ( 'NONE',  ( 0.8660254037844441477, -0.4999999999999902855, 0.000000000000000000 ) ) ;
#8153 = ORIENTED_EDGE ( 'NONE', *, *, #306, .T. ) ;
#8154 = ORIENTED_EDGE ( 'NONE', *, *, #5390, .T. ) ;
#8155 = CARTESIAN_POINT ( 'NONE',  ( 737.6183351516114044, 885.9869924774242236, 1221.387717184526991 ) ) ;
#8156 = B_SPLINE_SURFACE_WITH_KNOTS ( 'NONE', 3, 1, ( 
 ( #3722, #10064 ),
 ( #4557, #10013 ),
 ( #2164, #2943 ),
 ( #5331, #1410 ) ),
 .UNSPECIFIED., .F., .F., .F.,
 ( 4, 4 ),
 ( 2, 2 ),
 ( 0.000000000000000000, 1.000000000000000000 ),
 ( 0.000000000000000000, 1.000000000000000000 ),
 .UNSPECIFIED. ) ;
#8157 = EDGE_LOOP ( 'NONE', ( #4405, #9025 ) ) ;
#8158 = CARTESIAN_POINT ( 'NONE',  ( 714.4707675329083258, 900.8077508216108527, 1225.072261146343180 ) ) ;
#8159 = CARTESIAN_POINT ( 'NONE',  ( 746.0766195913344063, 888.3336063196062469, 1190.196798703381319 ) ) ;
#8160 = ORIENTED_EDGE ( 'NONE', *, *, #4999, .T. ) ;
#8161 = DIRECTION ( 'NONE',  ( -0.4999999999999988343, -0.8660254037844394848, 2.975261781898571487E-15 ) ) ;
#8162 = CARTESIAN_POINT ( 'NONE',  ( 709.9765218423599435, 901.1743768395915595, 1215.379871293875794 ) ) ;
#8163 = EDGE_CURVE ( 'NONE', #7494, #9260, #6844, .T. ) ;
#8164 = CARTESIAN_POINT ( 'NONE',  ( 717.1800848525040237, 879.2510169669742481, 1212.380460436409521 ) ) ;
#8165 = ADVANCED_FACE ( 'NONE', ( #8392 ), #6171, .F. ) ;
#8166 = CIRCLE ( 'NONE', #4734, 18.17967805303275597 ) ;
#8167 = AXIS2_PLACEMENT_3D ( 'NONE', #4436, #7567, #6803 ) ;
#8168 = ORIENTED_EDGE ( 'NONE', *, *, #8309, .T. ) ;
#8169 = CARTESIAN_POINT ( 'NONE',  ( 740.0642028882956538, 883.3497061673738244, 1212.004631993946077 ) ) ;
#8170 = ORIENTED_EDGE ( 'NONE', *, *, #4163, .F. ) ;
#8171 = CARTESIAN_POINT ( 'NONE',  ( 717.1800848525040237, 879.2510169669742481, 1212.380460436409521 ) ) ;
#8172 = B_SPLINE_CURVE_WITH_KNOTS ( 'NONE', 3,
 ( #7184, #1723, #7233, #6576 ),
 .UNSPECIFIED., .F., .F.,
 ( 4, 4 ),
 ( 0.0009352727177711082961, 0.002387895279818320546 ),
 .UNSPECIFIED. ) ;
#8173 = CARTESIAN_POINT ( 'NONE',  ( 713.2635149629707030, 900.0481904666996797, 1222.196793793438019 ) ) ;
#8174 = AXIS2_PLACEMENT_3D ( 'NONE', #3601, #9988, #5597 ) ;
#8175 = CARTESIAN_POINT ( 'NONE',  ( 712.6758069258473824, 899.6159438700175315, 1222.700476242135892 ) ) ;
#8176 = DIRECTION ( 'NONE',  ( 0.5000000000000009992, 0.8660254037844381525, -5.726519994466740890E-15 ) ) ;
#8177 = CARTESIAN_POINT ( 'NONE',  ( 741.4615476893728783, 884.5660988287049804, 1204.282956372096805 ) ) ;
#8178 = CARTESIAN_POINT ( 'NONE',  ( 738.8983236496575273, 885.2480235244412370, 1206.332297313038453 ) ) ;
#8179 = CARTESIAN_POINT ( 'NONE',  ( 780.1024668973320786, 869.8434747564627969, 1223.564226620482486 ) ) ;
#8180 = EDGE_CURVE ( 'NONE', #9401, #4771, #2686, .T. ) ;
#8181 = CARTESIAN_POINT ( 'NONE',  ( 738.6226596948849874, 885.4070814293100966, 1219.202571569926249 ) ) ;
#8182 = EDGE_LOOP ( 'NONE', ( #8398, #7649, #7723, #6716 ) ) ;
#8183 = FACE_BOUND ( 'NONE', #8615, .T. ) ;
#8184 = AXIS2_PLACEMENT_3D ( 'NONE', #10094, #9212, #4425 ) ;
#8185 = CARTESIAN_POINT ( 'NONE',  ( 709.7573087341754672, 903.5290675278733943, 1214.590632163676219 ) ) ;
#8186 = ORIENTED_EDGE ( 'NONE', *, *, #4661, .F. ) ;
#8187 = CARTESIAN_POINT ( 'NONE',  ( 713.1537239127908379, 901.6020200940832865, 1225.311470924867763 ) ) ;
#8188 = FACE_OUTER_BOUND ( 'NONE', #4246, .T. ) ;
#8189 = CARTESIAN_POINT ( 'NONE',  ( 711.1537457411411651, 901.2663630484759096, 1217.200630048981566 ) ) ;
#8190 = CARTESIAN_POINT ( 'NONE',  ( 710.7436806354099872, 901.5031156517566160, 1209.616480041468321 ) ) ;
#8191 = EDGE_CURVE ( 'NONE', #8462, #3801, #5177, .T. ) ;
#8192 = EDGE_LOOP ( 'NONE', ( #6254, #5333, #5120, #1105 ) ) ;
#8193 = B_SPLINE_CURVE_WITH_KNOTS ( 'NONE', 3,
 ( #9676, #9625, #5759, #3383, #8124, #4167, #9728, #7301 ),
 .UNSPECIFIED., .F., .F.,
 ( 4, 2, 2, 4 ),
 ( 0.000000000000000000, 0.0005319171944465228173, 0.001063834388893045635, 0.002127668777786766077 ),
 .UNSPECIFIED. ) ;
#8194 = CARTESIAN_POINT ( 'NONE',  ( 740.4391075904355830, 885.8149226989896761, 1219.383587791715854 ) ) ;
#8195 = ORIENTED_EDGE ( 'NONE', *, *, #1951, .F. ) ;
#8196 = DIRECTION ( 'NONE',  ( 0.5845683251975080097, -0.3375006799125091494, -0.7378164841167310639 ) ) ;
#8197 = CIRCLE ( 'NONE', #9027, 2.200000000000022382 ) ;
#8198 = CARTESIAN_POINT ( 'NONE',  ( 716.2623809594530258, 899.7733623275112222, 1197.851023885481254 ) ) ;
#8199 = CARTESIAN_POINT ( 'NONE',  ( 730.1837247618944957, 889.0542028733829056, 1228.976431442861895 ) ) ;
#8200 = CARTESIAN_POINT ( 'NONE',  ( 710.4305962046455534, 903.6846503096284096, 1205.971156116494512 ) ) ;
#8201 = CARTESIAN_POINT ( 'NONE',  ( 716.2539824658083489, 898.3216432489333556, 1198.976136751985678 ) ) ;
#8202 = CARTESIAN_POINT ( 'NONE',  ( 717.5273666895369615, 895.7710233750771067, 1228.725216795527103 ) ) ;
#8203 = VERTEX_POINT ( 'NONE', #6119 ) ;
#8204 = ORIENTED_EDGE ( 'NONE', *, *, #2285, .F. ) ;
#8205 = ORIENTED_EDGE ( 'NONE', *, *, #4631, .T. ) ;
#8206 = CARTESIAN_POINT ( 'NONE',  ( 715.6858085731254278, 905.8797492418605088, 1234.086781508788363 ) ) ;
#8207 = EDGE_CURVE ( 'NONE', #8312, #7331, #3554, .T. ) ;
#8208 = CARTESIAN_POINT ( 'NONE',  ( 717.1800848525040237, 879.2510169669742481, 1212.380460436409521 ) ) ;
#8209 = CARTESIAN_POINT ( 'NONE',  ( 717.1800848525040237, 879.2510169669742481, 1212.380460436409521 ) ) ;
#8210 = CARTESIAN_POINT ( 'NONE',  ( 719.8149796260163384, 897.7222685310481438, 1194.091827223057635 ) ) ;
#8211 = LINE ( 'NONE', #4309, #9993 ) ;
#8212 = VERTEX_POINT ( 'NONE', #3699 ) ;
#8213 = ORIENTED_EDGE ( 'NONE', *, *, #5370, .T. ) ;
#8214 = CARTESIAN_POINT ( 'NONE',  ( 717.1800848525040237, 879.2510169669742481, 1212.380460436409521 ) ) ;
#8215 = ORIENTED_EDGE ( 'NONE', *, *, #8668, .T. ) ;
#8216 = CARTESIAN_POINT ( 'NONE',  ( 739.8341411027432741, 884.7077304700914056, 1211.266550250337104 ) ) ;
#8217 = CARTESIAN_POINT ( 'NONE',  ( 736.3462685973534008, 887.5194065894627329, 1228.118955868822923 ) ) ;
#8218 = B_SPLINE_CURVE_WITH_KNOTS ( 'NONE', 3,
 ( #6796, #5263, #9270, #2193 ),
 .UNSPECIFIED., .F., .F.,
 ( 4, 4 ),
 ( 1.926164957854744852E-15, 0.001453450272831210109 ),
 .UNSPECIFIED. ) ;
#8219 = EDGE_CURVE ( 'NONE', #2650, #2882, #8218, .T. ) ;
#8220 = EDGE_LOOP ( 'NONE', ( #9525, #2648, #8316, #5185 ) ) ;
#8221 = EDGE_CURVE ( 'NONE', #3600, #7388, #847, .T. ) ;
#8222 = CARTESIAN_POINT ( 'NONE',  ( 730.0235691671803124, 891.8283366114108048, 1193.421033998849452 ) ) ;
#8223 = CARTESIAN_POINT ( 'NONE',  ( 707.6943447016453774, 903.6185600416331454, 1213.260347237599035 ) ) ;
#8224 = CARTESIAN_POINT ( 'NONE',  ( 726.3638053509096153, 884.3408405736651048, 1204.582171696487421 ) ) ;
#8225 = CARTESIAN_POINT ( 'NONE',  ( 712.2909809959357972, 899.9903884148682209, 1221.756700673032583 ) ) ;
#8226 = CARTESIAN_POINT ( 'NONE',  ( 709.9493169627237421, 904.2097969718020067, 1215.383231096941017 ) ) ;
#8227 = B_SPLINE_CURVE_WITH_KNOTS ( 'NONE', 1,
 ( #5784, #4137 ),
 .UNSPECIFIED., .F., .F.,
 ( 2, 2 ),
 ( 0.000000000000000000, 0.002900000000000115593 ),
 .UNSPECIFIED. ) ;
#8228 = DIRECTION ( 'NONE',  ( -0.5000000000000008882, -0.8660254037844380415, -0.000000000000000000 ) ) ;
#8229 = CARTESIAN_POINT ( 'NONE',  ( 743.0809262291127197, 882.9969084917918281, 1212.966002900214562 ) ) ;
#8230 = ORIENTED_EDGE ( 'NONE', *, *, #6788, .T. ) ;
#8231 = ORIENTED_EDGE ( 'NONE', *, *, #7643, .T. ) ;
#8232 = CARTESIAN_POINT ( 'NONE',  ( 717.1800848525040237, 879.2510169669742481, 1212.380460436409521 ) ) ;
#8233 = CARTESIAN_POINT ( 'NONE',  ( 710.6649551986370170, 902.6023482869479722, 1202.646318922219962 ) ) ;
#8234 = ORIENTED_EDGE ( 'NONE', *, *, #6099, .F. ) ;
#8235 = ADVANCED_FACE ( 'NONE', ( #4428 ), #3839, .F. ) ;
#8236 = EDGE_CURVE ( 'NONE', #2066, #9427, #5303, .T. ) ;
#8237 = CARTESIAN_POINT ( 'NONE',  ( 716.3226090600929865, 899.7385896173941546, 1226.962565017289990 ) ) ;
#8238 = CARTESIAN_POINT ( 'NONE',  ( 742.5682435043241867, 885.1299709900378048, 1214.505670322710785 ) ) ;
#8239 = CARTESIAN_POINT ( 'NONE',  ( 711.2066282023131407, 901.2358256539674812, 1217.402144403273269 ) ) ;
#8240 = VECTOR ( 'NONE', #7051, 1000.000000000000114 ) ;
#8241 = CARTESIAN_POINT ( 'NONE',  ( 722.8223511641909909, 894.5294309964615422, 1195.678338064287118 ) ) ;
#8242 = B_SPLINE_SURFACE_WITH_KNOTS ( 'NONE', 3, 1, ( 
 ( #4106, #4262 ),
 ( #4940, #2492 ),
 ( #5852, #8115 ),
 ( #1065, #3322 ),
 ( #6678, #6473 ),
 ( #1725, #8944 ) ),
 .UNSPECIFIED., .F., .F., .F.,
 ( 4, 1, 1, 4 ),
 ( 2, 2 ),
 ( 0.000000000000000000, 0.2890654569501156512, 0.6604379133667447332, 1.000000000000000000 ),
 ( 0.000000000000000000, 1.000000000000000000 ),
 .UNSPECIFIED. ) ;
#8243 = VERTEX_POINT ( 'NONE', #3078 ) ;
#8244 = B_SPLINE_CURVE_WITH_KNOTS ( 'NONE', 3,
 ( #4665, #7793, #9398, #8623 ),
 .UNSPECIFIED., .F., .F.,
 ( 4, 4 ),
 ( 0.0009352727177711274865, 0.002387895279818878259 ),
 .UNSPECIFIED. ) ;
#8245 = CARTESIAN_POINT ( 'NONE',  ( 719.9013154568671098, 894.9906385832307478, 1229.276685096839628 ) ) ;
#8246 = ORIENTED_EDGE ( 'NONE', *, *, #127, .F. ) ;
#8247 = CONICAL_SURFACE ( 'NONE', #1350, 18.17967805303275597, 0.8981840042400328628 ) ;
#8248 = CARTESIAN_POINT ( 'NONE',  ( 726.0299575122934357, 892.0581866247524658, 1229.689270470934389 ) ) ;
#8249 = EDGE_CURVE ( 'NONE', #9179, #6035, #2293, .T. ) ;
#8250 = CARTESIAN_POINT ( 'NONE',  ( 735.7022923834699668, 885.2777251332469177, 1199.700204378455737 ) ) ;
#8251 = CARTESIAN_POINT ( 'NONE',  ( 724.1198514476106993, 893.1608777459665589, 1195.051471948552262 ) ) ;
#8252 = CARTESIAN_POINT ( 'NONE',  ( 731.8446105584635006, 890.7769578739481631, 1229.268860120119825 ) ) ;
#8253 = CARTESIAN_POINT ( 'NONE',  ( 714.7302010250117519, 900.6579668251080193, 1199.385765016682853 ) ) ;
#8254 = CARTESIAN_POINT ( 'NONE',  ( 719.2411068868740358, 903.8270968033680219, 1190.196798703381546 ) ) ;
#8255 = CONICAL_SURFACE ( 'NONE', #3151, 18.17967805303275597, 0.8981840042400328628 ) ;
#8256 = DIRECTION ( 'NONE',  ( -0.4999999999999988343, -0.8660254037844394848, 2.975261781898571487E-15 ) ) ;
#8257 = ORIENTED_EDGE ( 'NONE', *, *, #655, .T. ) ;
#8258 = ORIENTED_EDGE ( 'NONE', *, *, #9114, .F. ) ;
#8259 = ORIENTED_EDGE ( 'NONE', *, *, #8236, .T. ) ;
#8260 = DIRECTION ( 'NONE',  ( -0.4999999999999988343, -0.8660254037844394848, 2.975261781898571487E-15 ) ) ;
#8261 = EDGE_CURVE ( 'NONE', #7390, #2370, #5653, .T. ) ;
#8262 = APPROVAL_PERSON_ORGANIZATION ( #7660, #835, #601 ) ;
#8263 = B_SPLINE_CURVE_WITH_KNOTS ( 'NONE', 3,
 ( #8301, #3817, #10006, #2935 ),
 .UNSPECIFIED., .F., .F.,
 ( 4, 4 ),
 ( 0.0009352727177709897928, 0.002387895279818622388 ),
 .UNSPECIFIED. ) ;
#8264 = CARTESIAN_POINT ( 'NONE',  ( 729.6237508722962275, 892.0930455954523950, 1231.438986931149884 ) ) ;
#8265 = CARTESIAN_POINT ( 'NONE',  ( 719.4412514060537660, 897.9719144033108478, 1230.474798789960232 ) ) ;
#8266 = CARTESIAN_POINT ( 'NONE',  ( 725.3236735400701036, 893.3561263297817732, 1212.380460436409521 ) ) ;
#8267 = DIRECTION ( 'NONE',  ( -0.5845683251975072325, 0.3375006799125115364, 0.7378164841167307308 ) ) ;
#8268 = LINE ( 'NONE', #8322, #8493 ) ;
#8269 = ORIENTED_EDGE ( 'NONE', *, *, #5724, .T. ) ;
#8270 = FACE_BOUND ( 'NONE', #133, .T. ) ;
#8271 = ADVANCED_FACE ( 'NONE', ( #6020 ), #6654, .T. ) ;
#8272 = EDGE_LOOP ( 'NONE', ( #5013, #5769, #3314, #6282, #3713 ) ) ;
#8273 = CARTESIAN_POINT ( 'NONE',  ( 739.5476701208577879, 885.0368348570087846, 1224.686702263837788 ) ) ;
#8274 = CARTESIAN_POINT ( 'NONE',  ( 780.5717232886125885, 896.8434747564629106, 1185.380460436409066 ) ) ;
#8275 = ORIENTED_EDGE ( 'NONE', *, *, #7481, .F. ) ;
#8276 = CARTESIAN_POINT ( 'NONE',  ( 713.0156845561842829, 899.8787270452916118, 1222.385907772667906 ) ) ;
#8277 = AXIS2_PLACEMENT_3D ( 'NONE', #3267, #2485, #5642 ) ;
#8278 = CARTESIAN_POINT ( 'NONE',  ( 717.1800848525040237, 879.2510169669742481, 1212.380460436409521 ) ) ;
#8279 = CARTESIAN_POINT ( 'NONE',  ( 724.4202779218370551, 891.7913992196671416, 1212.380460436409521 ) ) ;
#8280 = CARTESIAN_POINT ( 'NONE',  ( 710.4450871021513194, 902.4734606980468925, 1202.442300786524129 ) ) ;
#8281 = CARTESIAN_POINT ( 'NONE',  ( 733.2856100194856026, 888.7593001601230753, 1230.645165542820450 ) ) ;
#8282 = CARTESIAN_POINT ( 'NONE',  ( 710.6387426368480646, 899.7481723262548030, 1221.170212482522174 ) ) ;
#8283 = ORIENTED_EDGE ( 'NONE', *, *, #7423, .T. ) ;
#8284 = EDGE_CURVE ( 'NONE', #4426, #9381, #4680, .T. ) ;
#8285 = ORIENTED_EDGE ( 'NONE', *, *, #7351, .F. ) ;
#8286 = CARTESIAN_POINT ( 'NONE',  ( 717.1800848525040237, 879.2510169669742481, 1212.380460436409521 ) ) ;
#8287 = AXIS2_PLACEMENT_3D ( 'NONE', #4014, #4854, #9532 ) ;
#8288 = CARTESIAN_POINT ( 'NONE',  ( 711.4083204277327468, 903.3674409285304137, 1204.054226835528425 ) ) ;
#8289 = VERTEX_POINT ( 'NONE', #1630 ) ;
#8290 = CARTESIAN_POINT ( 'NONE',  ( 721.0486536301108345, 895.7172470076845912, 1192.402332617011780 ) ) ;
#8291 = CARTESIAN_POINT ( 'NONE',  ( 741.2376313823505143, 884.1681984856716099, 1221.349887602401168 ) ) ;
#8292 = CARTESIAN_POINT ( 'NONE',  ( 711.7070364226419770, 902.4033917220907597, 1220.573564605866522 ) ) ;
#8293 = VECTOR ( 'NONE', #7650, 999.9999999999997726 ) ;
#8294 = CARTESIAN_POINT ( 'NONE',  ( 717.9884006225040594, 897.5911481233184759, 1193.769145125731484 ) ) ;
#8295 = ORIENTED_EDGE ( 'NONE', *, *, #5585, .F. ) ;
#8296 = EDGE_CURVE ( 'NONE', #5296, #248, #5017, .T. ) ;
#8297 = CARTESIAN_POINT ( 'NONE',  ( 717.1800848525040237, 879.2510169669742481, 1212.380460436409521 ) ) ;
#8298 = EDGE_CURVE ( 'NONE', #7421, #1154, #3994, .T. ) ;
#8299 = ORIENTED_EDGE ( 'NONE', *, *, #1099, .T. ) ;
#8300 = CARTESIAN_POINT ( 'NONE',  ( 711.1369230526720457, 903.2768523137843886, 1204.021235080844008 ) ) ;
#8301 = CARTESIAN_POINT ( 'NONE',  ( 708.9092904078755737, 904.0186711368403394, 1211.508006540848783 ) ) ;
#8302 = CARTESIAN_POINT ( 'NONE',  ( 715.9313865445914189, 899.9644620420322099, 1226.611254079305809 ) ) ;
#8303 = CARTESIAN_POINT ( 'NONE',  ( 724.4202779218370551, 891.7913992196671416, 1212.380460436409521 ) ) ;
#8304 = CARTESIAN_POINT ( 'NONE',  ( 718.7888871315643655, 899.1062687553011301, 1195.426933756274366 ) ) ;
#8305 = CARTESIAN_POINT ( 'NONE',  ( 712.3307473410912962, 898.7712929547892600, 1224.026276332979933 ) ) ;
#8306 = CARTESIAN_POINT ( 'NONE',  ( 717.1800848525040237, 879.2510169669742481, 1212.380460436409521 ) ) ;
#8307 = ORIENTED_EDGE ( 'NONE', *, *, #278, .F. ) ;
#8308 = CARTESIAN_POINT ( 'NONE',  ( 735.5378078822005818, 885.9630215426600444, 1199.788146979514750 ) ) ;
#8309 = EDGE_CURVE ( 'NONE', #1594, #9560, #617, .T. ) ;
#8310 = VERTEX_POINT ( 'NONE', #959 ) ;
#8311 = VERTEX_POINT ( 'NONE', #7237 ) ;
#8312 = VERTEX_POINT ( 'NONE', #5507 ) ;
#8313 = CARTESIAN_POINT ( 'NONE',  ( 738.0134021789206145, 886.0297080841979778, 1198.118024504091636 ) ) ;
#8314 = ORIENTED_EDGE ( 'NONE', *, *, #7681, .F. ) ;
#8315 = VECTOR ( 'NONE', #6160, 1000.000000000000227 ) ;
#8316 = ORIENTED_EDGE ( 'NONE', *, *, #5490, .T. ) ;
#8317 = CARTESIAN_POINT ( 'NONE',  ( 729.1510816209552104, 890.5629512064616620, 1228.863451955942082 ) ) ;
#8318 = CARTESIAN_POINT ( 'NONE',  ( 714.5314686629109246, 900.3700156975239679, 1227.528325788973689 ) ) ;
#8319 = VECTOR ( 'NONE', #4805, 1000.000000000000000 ) ;
#8320 = CARTESIAN_POINT ( 'NONE',  ( 717.1800848525040237, 879.2510169669742481, 1212.380460436409521 ) ) ;
#8321 = EDGE_CURVE ( 'NONE', #2794, #4462, #2394, .T. ) ;
#8322 = CARTESIAN_POINT ( 'NONE',  ( 717.3750814830896161, 902.5950459957990688, 1190.196798703381546 ) ) ;
#8323 = EDGE_LOOP ( 'NONE', ( #6677, #4384, #7523, #3199, #2687 ) ) ;
#8324 = DIRECTION ( 'NONE',  ( -0.5000000000000009992, -0.8660254037844380415, 5.977335943528133221E-15 ) ) ;
#8325 = B_SPLINE_CURVE_WITH_KNOTS ( 'NONE', 1,
 ( #7888, #7017 ),
 .UNSPECIFIED., .F., .F.,
 ( 2, 2 ),
 ( 0.000000000000000000, 0.002900000000003324398 ),
 .UNSPECIFIED. ) ;
#8326 = ORIENTED_EDGE ( 'NONE', *, *, #7932, .T. ) ;
#8327 = CARTESIAN_POINT ( 'NONE',  ( 738.4568369115306723, 885.6666277040545765, 1198.546881434653415 ) ) ;
#8328 = CIRCLE ( 'NONE', #8572, 18.17967805303275597 ) ;
#8329 = DIRECTION ( 'NONE',  ( -0.5845683251975072325, 0.3375006799125115364, 0.7378164841167307308 ) ) ;
#8330 = B_SPLINE_SURFACE_WITH_KNOTS ( 'NONE', 3, 1, ( 
 ( #35, #4635 ),
 ( #9515, #9371 ),
 ( #8540, #4836 ),
 ( #7961, #1674 ),
 ( #6269, #4686 ),
 ( #8594, #2441 ) ),
 .UNSPECIFIED., .F., .F., .F.,
 ( 4, 1, 1, 4 ),
 ( 2, 2 ),
 ( 0.000000000000000000, 0.2890654569501156512, 0.6604379133667447332, 1.000000000000000000 ),
 ( 0.000000000000000000, 1.000000000000000000 ),
 .UNSPECIFIED. ) ;
#8331 = DIRECTION ( 'NONE',  ( 0.8660254037844441477, -0.4999999999999902855, 0.000000000000000000 ) ) ;
#8332 = EDGE_CURVE ( 'NONE', #4195, #2745, #82, .T. ) ;
#8333 = CARTESIAN_POINT ( 'NONE',  ( 733.4430034076822267, 889.8879991160438294, 1194.905848959025434 ) ) ;
#8334 = AXIS2_PLACEMENT_3D ( 'NONE', #3232, #6331, #7922 ) ;
#8335 = CARTESIAN_POINT ( 'NONE',  ( 736.3488428465216202, 886.7199669524256933, 1223.380449724995287 ) ) ;
#8336 = CONICAL_SURFACE ( 'NONE', #9327, 18.17967805303275597, 0.8981840042400328628 ) ;
#8337 = DIRECTION ( 'NONE',  ( -0.3779644730092182048, -0.6546536707079749773, 0.6546536707079844142 ) ) ;
#8338 = CARTESIAN_POINT ( 'NONE',  ( 735.9892005127088623, 885.7024098858699972, 1224.431188876746319 ) ) ;
#8339 = VERTEX_POINT ( 'NONE', #7816 ) ;
#8340 = DIRECTION ( 'NONE',  ( 0.000000000000000000, 0.000000000000000000, 1.000000000000000000 ) ) ;
#8341 = CARTESIAN_POINT ( 'NONE',  ( 718.2011279233216783, 897.1975165591113637, 1197.510632439176788 ) ) ;
#8342 = ORIENTED_EDGE ( 'NONE', *, *, #246, .T. ) ;
#8343 = FACE_BOUND ( 'NONE', #6925, .T. ) ;
#8344 = DIRECTION ( 'NONE',  ( -0.4999999999999988343, -0.8660254037844394848, 2.975261781898571487E-15 ) ) ;
#8345 = VECTOR ( 'NONE', #3599, 1000.000000000000114 ) ;
#8346 = CARTESIAN_POINT ( 'NONE',  ( 715.6139853104673421, 898.9620174428907831, 1195.280207944932044 ) ) ;
#8347 = EDGE_CURVE ( 'NONE', #10053, #5766, #1536, .T. ) ;
#8348 = CARTESIAN_POINT ( 'NONE',  ( 717.1800848525040237, 879.2510169669742481, 1212.380460436409521 ) ) ;
#8349 = CARTESIAN_POINT ( 'NONE',  ( 725.3236735400701036, 893.3561263297817732, 1212.380460436409521 ) ) ;
#8350 = CARTESIAN_POINT ( 'NONE',  ( 712.7884891744556626, 902.5706001310829834, 1223.387379337618086 ) ) ;
#8351 = CIRCLE ( 'NONE', #8184, 20.44804870789273821 ) ;
#8352 = EDGE_LOOP ( 'NONE', ( #8754, #361, #2022, #1582 ) ) ;
#8353 = CARTESIAN_POINT ( 'NONE',  ( 723.3923176071619991, 894.4711951975493776, 1232.706531912250739 ) ) ;
#8354 = ORIENTED_EDGE ( 'NONE', *, *, #2681, .F. ) ;
#8355 = CARTESIAN_POINT ( 'NONE',  ( 737.7313803036965965, 885.3022578967953677, 1203.271938724035635 ) ) ;
#8356 = CARTESIAN_POINT ( 'NONE',  ( 710.0510260092746648, 902.1737934929257108, 1202.030693329826363 ) ) ;
#8357 = CARTESIAN_POINT ( 'NONE',  ( 717.1800848525040237, 879.2510169669742481, 1212.380460436409521 ) ) ;
#8358 = B_SPLINE_CURVE_WITH_KNOTS ( 'NONE', 1,
 ( #8722, #3160 ),
 .UNSPECIFIED., .F., .F.,
 ( 2, 2 ),
 ( 0.000000000000000000, 0.002900000000001623935 ),
 .UNSPECIFIED. ) ;
#8359 = EDGE_CURVE ( 'NONE', #9427, #9141, #2688, .T. ) ;
#8360 = EDGE_CURVE ( 'NONE', #3062, #5208, #2522, .T. ) ;
#8361 = CARTESIAN_POINT ( 'NONE',  ( 716.5934406744120224, 897.9677459806075603, 1198.491937288998770 ) ) ;
#8362 = CARTESIAN_POINT ( 'NONE',  ( 707.6329878448669888, 903.5698484780575654, 1213.298183418451799 ) ) ;
#8363 = CARTESIAN_POINT ( 'NONE',  ( 714.1641811639022990, 900.9847585442860236, 1198.197628856821211 ) ) ;
#8364 = CARTESIAN_POINT ( 'NONE',  ( 717.1800848525040237, 879.2510169669742481, 1212.380460436409521 ) ) ;
#8365 = ORIENTED_EDGE ( 'NONE', *, *, #2755, .F. ) ;
#8366 = CARTESIAN_POINT ( 'NONE',  ( 717.5706988061056109, 897.8323083794583681, 1230.764634962155696 ) ) ;
#8367 = VERTEX_POINT ( 'NONE', #8736 ) ;
#8368 = VERTEX_POINT ( 'NONE', #760 ) ;
#8369 = CARTESIAN_POINT ( 'NONE',  ( 720.7320889826208941, 893.9207760965286980, 1194.706646174132175 ) ) ;
#8370 = ORIENTED_EDGE ( 'NONE', *, *, #3445, .T. ) ;
#8371 = ADVANCED_FACE ( 'NONE', ( #10199 ), #3127, .F. ) ;
#8372 = CARTESIAN_POINT ( 'NONE',  ( 742.0582992938594771, 885.6716673795157249, 1217.288721812384210 ) ) ;
#8373 = CARTESIAN_POINT ( 'NONE',  ( 720.0260400186845118, 897.6004127565258841, 1194.462976515748778 ) ) ;
#8374 = FACE_OUTER_BOUND ( 'NONE', #8479, .T. ) ;
#8375 = ORIENTED_EDGE ( 'NONE', *, *, #5556, .F. ) ;
#8376 = CARTESIAN_POINT ( 'NONE',  ( 720.5762888721899344, 897.2827264328335559, 1229.597804129443375 ) ) ;
#8377 = B_SPLINE_CURVE_WITH_KNOTS ( 'NONE', 3,
 ( #7113, #59, #108, #9539, #1757, #3197, #3249, #6346, #8762, #5620 ),
 .UNSPECIFIED., .F., .F.,
 ( 4, 3, 3, 4 ),
 ( 0.000000000000000000, 0.0001770958401172339157, 0.0003541916793410425780, 0.0006316937728062329725 ),
 .UNSPECIFIED. ) ;
#8378 = B_SPLINE_CURVE_WITH_KNOTS ( 'NONE', 3,
 ( #6451, #8922, #9026, #9799, #5025, #3353, #264, #1856 ),
 .UNSPECIFIED., .F., .F.,
 ( 4, 2, 2, 4 ),
 ( 0.000000000000000000, 0.001064839483321062142, 0.001597259224981619234, 0.002129678966642176326 ),
 .UNSPECIFIED. ) ;
#8379 = ORIENTED_EDGE ( 'NONE', *, *, #8151, .T. ) ;
#8380 = CYLINDRICAL_SURFACE ( 'NONE', #4180, 20.69836085483323274 ) ;
#8381 = CARTESIAN_POINT ( 'NONE',  ( 717.1800848525040237, 879.2510169669742481, 1212.380460436409521 ) ) ;
#8382 = EDGE_CURVE ( 'NONE', #6251, #6017, #37, .T. ) ;
#8383 = CARTESIAN_POINT ( 'NONE',  ( 711.9622454198387231, 898.9840476382165662, 1223.496391752306636 ) ) ;
#8384 = DIRECTION ( 'NONE',  ( -1.000000000000000000, -0.000000000000000000, -0.000000000000000000 ) ) ;
#8385 = CARTESIAN_POINT ( 'NONE',  ( 736.4665770110730136, 886.6519874095138221, 1223.219656160473960 ) ) ;
#8386 = CARTESIAN_POINT ( 'NONE',  ( 739.8023267813226767, 884.5680893391856898, 1214.255049212727272 ) ) ;
#8387 = DIRECTION ( 'NONE',  ( 0.5845683251975080097, -0.3375006799125091494, -0.7378164841167310639 ) ) ;
#8388 = ORIENTED_EDGE ( 'NONE', *, *, #6447, .F. ) ;
#8389 = CALENDAR_DATE ( 2026, 3, 4 ) ;
#8390 = CARTESIAN_POINT ( 'NONE',  ( 718.3424163649748380, 897.1159835327912333, 1197.423363866416594 ) ) ;
#8391 = ORIENTED_EDGE ( 'NONE', *, *, #7714, .T. ) ;
#8392 = FACE_OUTER_BOUND ( 'NONE', #772, .T. ) ;
#8393 = DIRECTION ( 'NONE',  ( 0.8660254037844280495, -0.5000000000000182077, 0.000000000000000000 ) ) ;
#8394 = CARTESIAN_POINT ( 'NONE',  ( 721.6966235690078975, 895.9773830901102656, 1192.803978139943865 ) ) ;
#8395 = CARTESIAN_POINT ( 'NONE',  ( 708.8953461561879976, 904.0267218543057197, 1212.743036898028777 ) ) ;
#8396 = CARTESIAN_POINT ( 'NONE',  ( 717.1800848525040237, 879.2510169669742481, 1212.380460436409521 ) ) ;
#8397 = CARTESIAN_POINT ( 'NONE',  ( 710.6188490903517732, 903.0316569713172612, 1217.334753333063418 ) ) ;
#8398 = ORIENTED_EDGE ( 'NONE', *, *, #5231, .F. ) ;
#8399 = CARTESIAN_POINT ( 'NONE',  ( 728.5973379535497543, 891.5502112607769050, 1192.307922633783846 ) ) ;
#8400 = CARTESIAN_POINT ( 'NONE',  ( 717.7986177701345696, 897.4298476401810376, 1226.987646278941838 ) ) ;
#8401 = DIRECTION ( 'NONE',  ( -0.4999999999999988343, -0.8660254037844394848, 2.975261781898571487E-15 ) ) ;
#8402 = EDGE_CURVE ( 'NONE', #4024, #7342, #6980, .T. ) ;
#8403 = VERTEX_POINT ( 'NONE', #7912 ) ;
#8404 = CARTESIAN_POINT ( 'NONE',  ( 741.6172389290401270, 885.1347282535055001, 1211.233798318356776 ) ) ;
#8405 = CARTESIAN_POINT ( 'NONE',  ( 725.4983465545883519, 894.4748488887972826, 1231.926084481940279 ) ) ;
#8406 = DIRECTION ( 'NONE',  ( -0.4999999999999988343, -0.8660254037844394848, 2.975261781898571487E-15 ) ) ;
#8407 = CARTESIAN_POINT ( 'NONE',  ( 718.2462517968403972, 899.4195594118756389, 1195.757147922351578 ) ) ;
#8408 = CARTESIAN_POINT ( 'NONE',  ( 709.8854529842614056, 900.4755293941859691, 1218.431642356828888 ) ) ;
#8409 = CARTESIAN_POINT ( 'NONE',  ( 723.3287623470682774, 895.6935851311750412, 1193.468249197907198 ) ) ;
#8410 = CARTESIAN_POINT ( 'NONE',  ( 722.4962928534703224, 894.7176436662517744, 1229.016076953065749 ) ) ;
#8411 = ORIENTED_EDGE ( 'NONE', *, *, #2692, .F. ) ;
#8412 = CARTESIAN_POINT ( 'NONE',  ( 722.9026264881340467, 895.9396147840420781, 1231.210734911975123 ) ) ;
#8413 = ORIENTED_EDGE ( 'NONE', *, *, #8497, .F. ) ;
#8414 = EDGE_CURVE ( 'NONE', #4300, #7267, #4996, .T. ) ;
#8415 = CONICAL_SURFACE ( 'NONE', #3964, 18.17967805303275597, 0.8981840042400328628 ) ;
#8416 = CARTESIAN_POINT ( 'NONE',  ( 710.7665004603599073, 902.9464104130968281, 1206.857089120064529 ) ) ;
#8417 = B_SPLINE_CURVE_WITH_KNOTS ( 'NONE', 3,
 ( #41, #3909, #4000, #4745, #1542, #3230, #811, #10202, #3132, #6228 ),
 .UNSPECIFIED., .F., .F.,
 ( 4, 3, 3, 4 ),
 ( 0.000000000000000000, 0.0001770958401173391918, 0.0003541916793410694120, 0.0006316937728063209013 ),
 .UNSPECIFIED. ) ;
#8418 = CIRCLE ( 'NONE', #7921, 18.17967805303275597 ) ;
#8419 = CARTESIAN_POINT ( 'NONE',  ( 713.1282728216859823, 900.3971442174178037, 1227.206753445266031 ) ) ;
#8420 = CARTESIAN_POINT ( 'NONE',  ( 720.2311435621294322, 897.4819961705062497, 1194.838264409806015 ) ) ;
#8421 = CARTESIAN_POINT ( 'NONE',  ( 709.8511381385271761, 900.2028959953812546, 1219.271583862930129 ) ) ;
#8422 = ORIENTED_EDGE ( 'NONE', *, *, #8221, .F. ) ;
#8423 = CARTESIAN_POINT ( 'NONE',  ( 693.7630662397026526, 919.6915509678161698, 1212.380460436408839 ) ) ;
#8424 = ADVANCED_FACE ( 'NONE', ( #6730 ), #962, .F. ) ;
#8425 = VERTEX_POINT ( 'NONE', #6680 ) ;
#8426 = CARTESIAN_POINT ( 'NONE',  ( 713.1163114063049306, 901.5897464309108500, 1225.306048273652550 ) ) ;
#8427 = ADVANCED_FACE ( 'NONE', ( #9822 ), #7049, .F. ) ;
#8428 = CARTESIAN_POINT ( 'NONE',  ( 710.7632915989210005, 901.1790364596848804, 1216.956478874660888 ) ) ;
#8429 = CARTESIAN_POINT ( 'NONE',  ( 710.6445664244181444, 903.0168090615711662, 1217.439676486437747 ) ) ;
#8430 = CARTESIAN_POINT ( 'NONE',  ( 711.8907189808252269, 900.8408117802101742, 1219.460669806172064 ) ) ;
#8431 = CARTESIAN_POINT ( 'NONE',  ( 711.7992909101118357, 902.3501285689159204, 1201.422266727067608 ) ) ;
#8432 = CARTESIAN_POINT ( 'NONE',  ( 709.1108884591156993, 900.6302793470581491, 1216.622804892641625 ) ) ;
#8433 = CARTESIAN_POINT ( 'NONE',  ( 736.1193029806801178, 886.2331003026263261, 1223.977670210153292 ) ) ;
#8434 = PERSON_AND_ORGANIZATION ( #3082, #3976 ) ;
#8435 = CARTESIAN_POINT ( 'NONE',  ( 737.5593119182634609, 885.8630945741698497, 1221.573865980399432 ) ) ;
#8436 = ORIENTED_EDGE ( 'NONE', *, *, #5856, .T. ) ;
#8437 = CARTESIAN_POINT ( 'NONE',  ( 739.5287998473600055, 884.7261521190165467, 1216.136732464435454 ) ) ;
#8438 = ADVANCED_FACE ( 'NONE', ( #8064 ), #712, .F. ) ;
#8439 = CARTESIAN_POINT ( 'NONE',  ( 716.0739261475614512, 898.4256791909058393, 1225.621738513959599 ) ) ;
#8440 = AXIS2_PLACEMENT_3D ( 'NONE', #801, #7811, #849 ) ;
#8441 = CARTESIAN_POINT ( 'NONE',  ( 710.2166719737405174, 903.2638540378546850, 1215.210569438866059 ) ) ;
#8442 = CARTESIAN_POINT ( 'NONE',  ( 707.6329878448669888, 903.5698484780575654, 1213.298183418451799 ) ) ;
#8443 = CARTESIAN_POINT ( 'NONE',  ( 743.0232904043281223, 883.1372477686521734, 1213.029135834314275 ) ) ;
#8444 = CARTESIAN_POINT ( 'NONE',  ( 724.1078469391065937, 885.6433187700002918, 1203.313767326917059 ) ) ;
#8445 = ORIENTED_EDGE ( 'NONE', *, *, #8284, .T. ) ;
#8446 = AXIS2_PLACEMENT_3D ( 'NONE', #2937, #8406, #9231 ) ;
#8447 = CARTESIAN_POINT ( 'NONE',  ( 717.1800848525040237, 879.2510169669742481, 1212.380460436409521 ) ) ;
#8448 = CARTESIAN_POINT ( 'NONE',  ( 717.1800848525040237, 879.2510169669742481, 1212.380460436409521 ) ) ;
#8449 = EDGE_CURVE ( 'NONE', #506, #2319, #2821, .T. ) ;
#8450 = CARTESIAN_POINT ( 'NONE',  ( 736.3469237316362523, 888.1775461514409926, 1226.020941737308704 ) ) ;
#8451 = VERTEX_POINT ( 'NONE', #9872 ) ;
#8452 = CARTESIAN_POINT ( 'NONE',  ( 710.5503793391183081, 903.1050617844863382, 1204.012575034026440 ) ) ;
#8453 = CARTESIAN_POINT ( 'NONE',  ( 717.1800848525040237, 879.2510169669742481, 1212.380460436409521 ) ) ;
#8454 = CARTESIAN_POINT ( 'NONE',  ( 711.8554859388835894, 901.9152694939479034, 1224.232267245199409 ) ) ;
#8455 = VECTOR ( 'NONE', #4466, 1000.000000000000114 ) ;
#8456 = CARTESIAN_POINT ( 'NONE',  ( 713.5505933397289482, 891.7385519775041303, 1210.984539761464475 ) ) ;
#8457 = CARTESIAN_POINT ( 'NONE',  ( 716.2513913147206495, 898.6781468761056431, 1194.880324028527184 ) ) ;
#8458 = EDGE_CURVE ( 'NONE', #4426, #5613, #5826, .T. ) ;
#8459 = DIRECTION ( 'NONE',  ( 0.5845683251975805073, -0.3375006799125558343, -0.7378164841166523491 ) ) ;
#8460 = CARTESIAN_POINT ( 'NONE',  ( 739.7364708641484867, 883.9925603202067350, 1209.179060610084889 ) ) ;
#8461 = CARTESIAN_POINT ( 'NONE',  ( 727.9911688840697934, 883.4012817997256661, 1206.301307724747630 ) ) ;
#8462 = VERTEX_POINT ( 'NONE', #5755 ) ;
#8463 = FACE_OUTER_BOUND ( 'NONE', #5486, .T. ) ;
#8464 = VERTEX_POINT ( 'NONE', #1830 ) ;
#8465 = VERTEX_POINT ( 'NONE', #3534 ) ;
#8466 = ORIENTED_EDGE ( 'NONE', *, *, #1665, .F. ) ;
#8467 = ORIENTED_EDGE ( 'NONE', *, *, #2206, .T. ) ;
#8468 = CARTESIAN_POINT ( 'NONE',  ( 710.0260669005531327, 903.3738999281681572, 1212.246984805929060 ) ) ;
#8469 = ORIENTED_EDGE ( 'NONE', *, *, #6987, .F. ) ;
#8470 = ORIENTED_EDGE ( 'NONE', *, *, #2240, .F. ) ;
#8471 = ADVANCED_FACE ( 'NONE', ( #2757 ), #7784, .F. ) ;
#8472 = FACE_BOUND ( 'NONE', #4645, .T. ) ;
#8473 = CARTESIAN_POINT ( 'NONE',  ( 738.2580432510441142, 886.2757032046630457, 1226.133517627584069 ) ) ;
#8474 = DIRECTION ( 'NONE',  ( 0.000000000000000000, 3.102216994570522624E-16, -1.000000000000000000 ) ) ;
#8475 = EDGE_LOOP ( 'NONE', ( #1807, #81, #7734, #9860 ) ) ;
#8476 = ORIENTED_EDGE ( 'NONE', *, *, #7807, .T. ) ;
#8477 = CARTESIAN_POINT ( 'NONE',  ( 717.1800848525040237, 879.2510169669742481, 1212.380460436409521 ) ) ;
#8478 = CARTESIAN_POINT ( 'NONE',  ( 718.6148677939017944, 896.9585854692327302, 1197.260746103708243 ) ) ;
#8479 = EDGE_LOOP ( 'NONE', ( #6097, #5337, #8375, #3201 ) ) ;
#8480 = CONICAL_SURFACE ( 'NONE', #3543, 20.44804870789273821, 0.7096869864122512528 ) ;
#8481 = CARTESIAN_POINT ( 'NONE',  ( 710.3260306403127515, 901.4314891918445483, 1214.380913389431271 ) ) ;
#8482 = EDGE_CURVE ( 'NONE', #3268, #2794, #4624, .T. ) ;
#8483 = CARTESIAN_POINT ( 'NONE',  ( 732.0196291362375405, 887.4039117502975387, 1228.302159747099950 ) ) ;
#8484 = EDGE_CURVE ( 'NONE', #6915, #3511, #883, .T. ) ;
#8485 = CARTESIAN_POINT ( 'NONE',  ( 710.2129419288445433, 903.2660075802793926, 1209.578227158452137 ) ) ;
#8486 = CARTESIAN_POINT ( 'NONE',  ( 728.1420295588644649, 891.7289477236608946, 1232.567878673904943 ) ) ;
#8487 = DIRECTION ( 'NONE',  ( 0.9703247731388301434, 0.2343422760555740336, -0.05961151135620584157 ) ) ;
#8488 = DATE_AND_TIME ( #5360, #3657 ) ;
#8489 = CARTESIAN_POINT ( 'NONE',  ( 737.5488337152308986, 885.7143965084374031, 1221.669809926514972 ) ) ;
#8490 = VERTEX_POINT ( 'NONE', #7754 ) ;
#8491 = CARTESIAN_POINT ( 'NONE',  ( 740.6237708590705324, 886.2526127952065735, 1203.160457210829009 ) ) ;
#8492 = CARTESIAN_POINT ( 'NONE',  ( 714.8259292164951830, 899.1462269304663550, 1200.427852644910445 ) ) ;
#8493 = VECTOR ( 'NONE', #1215, 1000.000000000000227 ) ;
#8494 = CARTESIAN_POINT ( 'NONE',  ( 736.5004022255160407, 886.9032390145799809, 1196.519701401937027 ) ) ;
#8495 = AXIS2_PLACEMENT_3D ( 'NONE', #4447, #1356, #9906 ) ;
#8496 = CARTESIAN_POINT ( 'NONE',  ( 717.1800848525040237, 879.2510169669742481, 1212.380460436409521 ) ) ;
#8497 = EDGE_CURVE ( 'NONE', #235, #634, #1476, .T. ) ;
#8498 = CARTESIAN_POINT ( 'NONE',  ( 711.6165051723166926, 902.4556599638361831, 1220.361838480996994 ) ) ;
#8499 = CARTESIAN_POINT ( 'NONE',  ( 738.7764528309486423, 884.0930729392952117, 1205.254832288572970 ) ) ;
#8500 = ORIENTED_EDGE ( 'NONE', *, *, #3731, .T. ) ;
#8501 = CARTESIAN_POINT ( 'NONE',  ( 717.9079215220136803, 896.5951810994869220, 1227.877935003714128 ) ) ;
#8502 = LINE ( 'NONE', #3092, #7124 ) ;
#8503 = CONICAL_SURFACE ( 'NONE', #105, 18.17967805303275597, 0.8981840042400328628 ) ;
#8504 = ORIENTED_EDGE ( 'NONE', *, *, #7794, .F. ) ;
#8505 = DIRECTION ( 'NONE',  ( -0.8660254037844373753, 0.5000000000000023315, 0.000000000000000000 ) ) ;
#8506 = CARTESIAN_POINT ( 'NONE',  ( 710.5502205895227235, 901.6147920817636532, 1212.021063609812927 ) ) ;
#8507 = CARTESIAN_POINT ( 'NONE',  ( 686.5717232886125885, 923.8434747564629106, 1201.196694252335647 ) ) ;
#8508 = CARTESIAN_POINT ( 'NONE',  ( 710.0335289056524744, 903.3695917375154067, 1211.801875105727959 ) ) ;
#8509 = DIRECTION ( 'NONE',  ( 0.5000000000000009992, 0.8660254037844381525, -5.726519994466740890E-15 ) ) ;
#8510 = EDGE_CURVE ( 'NONE', #9442, #8713, #6005, .T. ) ;
#8511 = CIRCLE ( 'NONE', #5069, 2.200000000000022382 ) ;
#8512 = CARTESIAN_POINT ( 'NONE',  ( 709.5901523848216357, 903.6255752911696391, 1206.823686078949549 ) ) ;
#8513 = ORIENTED_EDGE ( 'NONE', *, *, #6496, .F. ) ;
#8514 = DIRECTION ( 'NONE',  ( 0.4999999999999988343, 0.8660254037844394848, -2.975261781898571487E-15 ) ) ;
#8515 = CARTESIAN_POINT ( 'NONE',  ( 718.7276140995583091, 898.3500593104563450, 1196.072627758829640 ) ) ;
#8516 = FACE_OUTER_BOUND ( 'NONE', #603, .T. ) ;
#8517 = ORIENTED_EDGE ( 'NONE', *, *, #5873, .F. ) ;
#8518 = CARTESIAN_POINT ( 'NONE',  ( 717.1800848525040237, 879.2510169669742481, 1212.380460436409521 ) ) ;
#8519 = ORIENTED_EDGE ( 'NONE', *, *, #2051, .F. ) ;
#8520 = ORIENTED_EDGE ( 'NONE', *, *, #9879, .F. ) ;
#8521 = AXIS2_PLACEMENT_3D ( 'NONE', #8349, #3553, #2102 ) ;
#8522 = VERTEX_POINT ( 'NONE', #3792 ) ;
#8523 = CARTESIAN_POINT ( 'NONE',  ( 721.8385814700939136, 894.4779695815788045, 1195.398801134847872 ) ) ;
#8524 = CARTESIAN_POINT ( 'NONE',  ( 725.3236735400701036, 893.3561263297817732, 1212.380460436409521 ) ) ;
#8525 = CARTESIAN_POINT ( 'NONE',  ( 717.1800848525040237, 879.2510169669742481, 1212.380460436409521 ) ) ;
#8526 = CARTESIAN_POINT ( 'NONE',  ( 723.1117586843718072, 892.5468731536450377, 1194.263680075299590 ) ) ;
#8527 = B_SPLINE_SURFACE_WITH_KNOTS ( 'NONE', 3, 1, ( 
 ( #6712, #5933 ),
 ( #8357, #418 ),
 ( #3565, #3718 ),
 ( #6812, #5985 ) ),
 .UNSPECIFIED., .F., .F., .F.,
 ( 4, 4 ),
 ( 2, 2 ),
 ( 0.000000000000000000, 1.000000000000000000 ),
 ( 0.000000000000000000, 1.000000000000000000 ),
 .UNSPECIFIED. ) ;
#8528 = ORIENTED_EDGE ( 'NONE', *, *, #1977, .T. ) ;
#8529 = ORIENTED_EDGE ( 'NONE', *, *, #5287, .T. ) ;
#8530 = DIRECTION ( 'NONE',  ( 0.5845683251975030137, -0.3375006799125114809, -0.7378164841167340615 ) ) ;
#8531 = B_SPLINE_CURVE_WITH_KNOTS ( 'NONE', 1,
 ( #3449, #7313 ),
 .UNSPECIFIED., .F., .F.,
 ( 2, 2 ),
 ( 0.000000000000000000, 0.002900000000001964808 ),
 .UNSPECIFIED. ) ;
#8532 = CARTESIAN_POINT ( 'NONE',  ( 717.1800848525040237, 879.2510169669742481, 1212.380460436409521 ) ) ;
#8533 = ADVANCED_FACE ( 'NONE', ( #6784 ), #8380, .T. ) ;
#8534 = CARTESIAN_POINT ( 'NONE',  ( 710.7895214426877146, 902.9331192427529231, 1217.986921258819621 ) ) ;
#8535 = CARTESIAN_POINT ( 'NONE',  ( 725.5019498023029882, 894.4388947688960343, 1231.942639283727885 ) ) ;
#8536 = CARTESIAN_POINT ( 'NONE',  ( 717.1800848525040237, 879.2510169669742481, 1212.380460436409521 ) ) ;
#8537 = CARTESIAN_POINT ( 'NONE',  ( 774.9051166213855595, 872.8441663373532720, 1226.564918201373075 ) ) ;
#8538 = CARTESIAN_POINT ( 'NONE',  ( 710.3666550010430001, 903.2111350805309939, 1220.284881294456909 ) ) ;
#8539 = VERTEX_POINT ( 'NONE', #9151 ) ;
#8540 = CARTESIAN_POINT ( 'NONE',  ( 717.1800848525040237, 879.2510169669742481, 1212.380460436409521 ) ) ;
#8541 = ORIENTED_EDGE ( 'NONE', *, *, #1884, .T. ) ;
#8542 = CARTESIAN_POINT ( 'NONE',  ( 737.5572489617036354, 886.6801777622440568, 1226.952763304738028 ) ) ;
#8543 = CARTESIAN_POINT ( 'NONE',  ( 713.4124610495582601, 901.4187643546579238, 1199.076329639599635 ) ) ;
#8544 = EDGE_CURVE ( 'NONE', #10062, #8104, #4551, .T. ) ;
#8545 = ADVANCED_FACE ( 'NONE', ( #7597 ), #6392, .F. ) ;
#8546 = CARTESIAN_POINT ( 'NONE',  ( 718.2056456377405311, 898.6514179423953692, 1196.390265349506763 ) ) ;
#8547 = CARTESIAN_POINT ( 'NONE',  ( 742.2652682105967870, 885.3048938574290787, 1216.590135920600460 ) ) ;
#8548 = CARTESIAN_POINT ( 'NONE',  ( 775.6024668973324196, 872.4415509678159424, 1223.333875707089646 ) ) ;
#8549 = B_SPLINE_SURFACE_WITH_KNOTS ( 'NONE', 3, 1, ( 
 ( #4041, #7231 ),
 ( #7182, #6467 ),
 ( #9612, #2536 ),
 ( #585, #6778 ) ),
 .UNSPECIFIED., .F., .F., .F.,
 ( 4, 4 ),
 ( 2, 2 ),
 ( 0.000000000000000000, 1.000000000000000000 ),
 ( 0.000000000000000000, 1.000000000000000000 ),
 .UNSPECIFIED. ) ;
#8550 = CARTESIAN_POINT ( 'NONE',  ( 708.9875698579842265, 900.9939224588449633, 1213.041628596720102 ) ) ;
#8551 = ORIENTED_EDGE ( 'NONE', *, *, #8026, .T. ) ;
#8552 = CARTESIAN_POINT ( 'NONE',  ( 717.7943588214434385, 889.2884128342586791, 1220.743096713670411 ) ) ;
#8553 = CARTESIAN_POINT ( 'NONE',  ( 718.0649879006290348, 897.2761569313624932, 1227.163357940159358 ) ) ;
#8554 = DIRECTION ( 'NONE',  ( 0.5000000000000009992, 0.8660254037844381525, 0.000000000000000000 ) ) ;
#8555 = ADVANCED_FACE ( 'NONE', ( #9202 ), #3855, .T. ) ;
#8556 = ADVANCED_FACE ( 'NONE', ( #5297 ), #2427, .F. ) ;
#8557 = ORIENTED_EDGE ( 'NONE', *, *, #1148, .F. ) ;
#8558 = CARTESIAN_POINT ( 'NONE',  ( 734.9616344170179900, 887.5208336232215061, 1225.016036750417243 ) ) ;
#8559 = CARTESIAN_POINT ( 'NONE',  ( 742.8090994540642669, 883.2609109714451279, 1209.144845589812576 ) ) ;
#8560 = CARTESIAN_POINT ( 'NONE',  ( 742.5753663735998771, 885.3706242214911981, 1211.056618485106810 ) ) ;
#8561 = CARTESIAN_POINT ( 'NONE',  ( 717.1800848525040237, 879.2510169669742481, 1212.380460436409521 ) ) ;
#8562 = FACE_OUTER_BOUND ( 'NONE', #6070, .T. ) ;
#8563 = ORIENTED_EDGE ( 'NONE', *, *, #9596, .F. ) ;
#8564 = B_SPLINE_CURVE_WITH_KNOTS ( 'NONE', 3,
 ( #4964, #257, #3398, #2621 ),
 .UNSPECIFIED., .F., .F.,
 ( 4, 4 ),
 ( 1.992223990768411588E-15, 0.001453450272822855247 ),
 .UNSPECIFIED. ) ;
#8565 = CARTESIAN_POINT ( 'NONE',  ( 717.1800848525040237, 879.2510169669742481, 1212.380460436409521 ) ) ;
#8566 = CARTESIAN_POINT ( 'NONE',  ( 725.4263448169745061, 894.4825453275275322, 1231.507293867392036 ) ) ;
#8567 = ORIENTED_EDGE ( 'NONE', *, *, #4163, .T. ) ;
#8568 = DIRECTION ( 'NONE',  ( -0.8660254037844385966, 0.5000000000000000000, 0.000000000000000000 ) ) ;
#8569 = VERTEX_POINT ( 'NONE', #7705 ) ;
#8570 = EDGE_CURVE ( 'NONE', #391, #4013, #10082, .T. ) ;
#8571 = EDGE_LOOP ( 'NONE', ( #4330, #10135, #5424, #4899, #6208 ) ) ;
#8572 = AXIS2_PLACEMENT_3D ( 'NONE', #6673, #329, #6913 ) ;
#8573 = CARTESIAN_POINT ( 'NONE',  ( 780.5717232886125885, 915.9353578484996206, 1231.472343528445890 ) ) ;
#8574 = VECTOR ( 'NONE', #3871, 1000.000000000000000 ) ;
#8575 = CARTESIAN_POINT ( 'NONE',  ( 713.8790444214836270, 897.8773832186659547, 1198.876983507578188 ) ) ;
#8576 = CARTESIAN_POINT ( 'NONE',  ( 708.3398582036970765, 903.5488461813959020, 1216.153939786565388 ) ) ;
#8577 = CARTESIAN_POINT ( 'NONE',  ( 709.1172344971188295, 902.7129182738358395, 1204.138829892445983 ) ) ;
#8578 = CONICAL_SURFACE ( 'NONE', #5300, 18.17967805303275597, 0.8981840042400328628 ) ;
#8579 = CARTESIAN_POINT ( 'NONE',  ( 742.1637182141998892, 885.6108037374795003, 1207.951858904651772 ) ) ;
#8580 = ORIENTED_EDGE ( 'NONE', *, *, #8497, .T. ) ;
#8581 = ORIENTED_EDGE ( 'NONE', *, *, #488, .T. ) ;
#8582 = CARTESIAN_POINT ( 'NONE',  ( 732.4252392959458575, 891.2333171624311490, 1229.937541152364929 ) ) ;
#8583 = EDGE_CURVE ( 'NONE', #9555, #1894, #1480, .T. ) ;
#8584 = CARTESIAN_POINT ( 'NONE',  ( 724.4202779218370551, 891.7913992196671416, 1212.380460436409521 ) ) ;
#8585 = B_SPLINE_CURVE_WITH_KNOTS ( 'NONE', 3,
 ( #7670, #4640, #2296, #6328 ),
 .UNSPECIFIED., .F., .F.,
 ( 4, 4 ),
 ( 0.000000000000000000, 0.001331005199731737348 ),
 .UNSPECIFIED. ) ;
#8586 = AXIS2_PLACEMENT_3D ( 'NONE', #9568, #5649, #4893 ) ;
#8587 = DIRECTION ( 'NONE',  ( 0.5845683251975080097, -0.3375006799125091494, -0.7378164841167310639 ) ) ;
#8588 = DIRECTION ( 'NONE',  ( 0.06150324346741927600, 0.7590506308566888904, -0.6481199663943781886 ) ) ;
#8589 = CARTESIAN_POINT ( 'NONE',  ( 720.9218192949907689, 897.8723054562362904, 1194.397982510415432 ) ) ;
#8590 = EDGE_CURVE ( 'NONE', #5247, #196, #7492, .T. ) ;
#8591 = CARTESIAN_POINT ( 'NONE',  ( 734.8479813405124332, 889.0429609444557855, 1197.377896032967101 ) ) ;
#8592 = AXIS2_PLACEMENT_3D ( 'NONE', #4111, #4653, #187 ) ;
#8593 = ORIENTED_EDGE ( 'NONE', *, *, #9430, .T. ) ;
#8594 = CARTESIAN_POINT ( 'NONE',  ( 717.1800848525040237, 879.2510169669742481, 1212.380460436409521 ) ) ;
#8595 = VERTEX_POINT ( 'NONE', #5495 ) ;
#8596 = CARTESIAN_POINT ( 'NONE',  ( 720.3716678229039871, 887.8004027884804827, 1203.011248408211259 ) ) ;
#8597 = CARTESIAN_POINT ( 'NONE',  ( 717.1800848525040237, 879.2510169669742481, 1212.380460436409521 ) ) ;
#8598 = CARTESIAN_POINT ( 'NONE',  ( 710.8572341550607234, 899.9144712736276688, 1220.945015280342204 ) ) ;
#8599 = FACE_OUTER_BOUND ( 'NONE', #7059, .T. ) ;
#8600 = CARTESIAN_POINT ( 'NONE',  ( 727.3076266848275964, 891.6271601442794008, 1195.432976972232609 ) ) ;
#8601 = EDGE_CURVE ( 'NONE', #4274, #10028, #8849, .T. ) ;
#8602 = CARTESIAN_POINT ( 'NONE',  ( 718.3618421697465237, 898.5612378325953387, 1228.468732301734690 ) ) ;
#8603 = ORIENTED_EDGE ( 'NONE', *, *, #6145, .T. ) ;
#8604 = CARTESIAN_POINT ( 'NONE',  ( 717.1800848525040237, 879.2510169669742481, 1212.380460436409521 ) ) ;
#8605 = CARTESIAN_POINT ( 'NONE',  ( 714.4651571789069067, 899.3545187634844069, 1223.900210629544972 ) ) ;
#8606 = VECTOR ( 'NONE', #4307, 1000.000000000000000 ) ;
#8607 = DIRECTION ( 'NONE',  ( -0.5000000000000008882, -0.8660254037844380415, -0.000000000000000000 ) ) ;
#8608 = ORIENTED_EDGE ( 'NONE', *, *, #5414, .T. ) ;
#8609 = CARTESIAN_POINT ( 'NONE',  ( 738.4159893013354576, 886.9829705878040613, 1225.489890823299220 ) ) ;
#8610 = DIRECTION ( 'NONE',  ( -0.5000000000000009992, -0.8660254037844380415, 0.000000000000000000 ) ) ;
#8611 = CARTESIAN_POINT ( 'NONE',  ( 721.1050664373875634, 887.3769749009852603, 1221.847437832826017 ) ) ;
#8612 = CARTESIAN_POINT ( 'NONE',  ( 740.5353071344895852, 885.7593818663340244, 1219.110129844662424 ) ) ;
#8613 = CONICAL_SURFACE ( 'NONE', #4173, 18.17967805303275597, 0.8981840042400328628 ) ;
#8614 = B_SPLINE_SURFACE_WITH_KNOTS ( 'NONE', 3, 1, ( 
 ( #6632, #2702 ),
 ( #5855, #6211 ),
 ( #591, #7651 ),
 ( #6986, #2284 ) ),
 .UNSPECIFIED., .F., .F., .F.,
 ( 4, 4 ),
 ( 2, 2 ),
 ( 0.000000000000000000, 1.000000000000000000 ),
 ( 0.000000000000000000, 1.000000000000000000 ),
 .UNSPECIFIED. ) ;
#8615 = EDGE_LOOP ( 'NONE', ( #1462, #8832 ) ) ;
#8616 = EDGE_CURVE ( 'NONE', #6417, #5184, #6510, .T. ) ;
#8617 = DIRECTION ( 'NONE',  ( 0.5000000000000009992, 0.8660254037844381525, -5.726519994466740890E-15 ) ) ;
#8618 = CARTESIAN_POINT ( 'NONE',  ( 741.2585592267333823, 885.3418120761850787, 1208.350502904693030 ) ) ;
#8619 = ADVANCED_FACE ( 'NONE', ( #3064 ), #1697, .F. ) ;
#8620 = ORIENTED_EDGE ( 'NONE', *, *, #4235, .F. ) ;
#8621 = CARTESIAN_POINT ( 'NONE',  ( 717.1800848525040237, 879.2510169669742481, 1212.380460436409521 ) ) ;
#8622 = AXIS2_PLACEMENT_3D ( 'NONE', #3173, #6326, #4785 ) ;
#8623 = CARTESIAN_POINT ( 'NONE',  ( 718.1711699695663356, 897.4856261915937239, 1231.086385153612355 ) ) ;
#8624 = CARTESIAN_POINT ( 'NONE',  ( 731.0201948516819357, 891.7972399882554555, 1194.086175528082322 ) ) ;
#8625 = EDGE_CURVE ( 'NONE', #7292, #248, #8358, .T. ) ;
#8626 = CIRCLE ( 'NONE', #7638, 20.44804870789273821 ) ;
#8627 = CARTESIAN_POINT ( 'NONE',  ( 742.9016120881738061, 883.2074987772383565, 1209.901724637794132 ) ) ;
#8628 = FACE_OUTER_BOUND ( 'NONE', #4664, .T. ) ;
#8629 = EDGE_LOOP ( 'NONE', ( #9807, #6142, #7196, #2590 ) ) ;
#8630 = ORIENTED_EDGE ( 'NONE', *, *, #4101, .F. ) ;
#8631 = CARTESIAN_POINT ( 'NONE',  ( 738.1408426764188562, 887.1418265657661095, 1200.913440541953378 ) ) ;
#8632 = B_SPLINE_CURVE_WITH_KNOTS ( 'NONE', 3,
 ( #6416, #8838, #5698, #3423 ),
 .UNSPECIFIED., .F., .F.,
 ( 4, 4 ),
 ( 0.000000000000000000, 0.001331005199731777897 ),
 .UNSPECIFIED. ) ;
#8633 = CARTESIAN_POINT ( 'NONE',  ( 717.1800848525040237, 879.2510169669742481, 1212.380460436409521 ) ) ;
#8634 = CARTESIAN_POINT ( 'NONE',  ( 738.1317256109235814, 884.4653063733313729, 1221.009662480491897 ) ) ;
#8635 = CARTESIAN_POINT ( 'NONE',  ( 710.6983085637826889, 902.9857810229422057, 1217.648756482294175 ) ) ;
#8636 = CARTESIAN_POINT ( 'NONE',  ( 717.0500744528872019, 898.9161724170581920, 1195.183083332610977 ) ) ;
#8637 = EDGE_CURVE ( 'NONE', #9427, #1064, #3025, .T. ) ;
#8638 = CARTESIAN_POINT ( 'NONE',  ( 740.6163021304008680, 885.7126193836417087, 1205.891172598867797 ) ) ;
#8639 = CARTESIAN_POINT ( 'NONE',  ( 732.8189138453298028, 890.2144436090036379, 1229.731723234679066 ) ) ;
#8640 = ORIENTED_EDGE ( 'NONE', *, *, #1125, .F. ) ;
#8641 = ORIENTED_EDGE ( 'NONE', *, *, #7868, .F. ) ;
#8642 = CARTESIAN_POINT ( 'NONE',  ( 712.1953125124720145, 901.3230278123949120, 1225.447652600373203 ) ) ;
#8643 = ORIENTED_EDGE ( 'NONE', *, *, #6455, .T. ) ;
#8644 = DIRECTION ( 'NONE',  ( 0.6826583440064089014, 0.4004265663519916973, -0.6112578427455810370 ) ) ;
#8645 = AXIS2_PLACEMENT_3D ( 'NONE', #5054, #6008, #8331 ) ;
#8646 = CARTESIAN_POINT ( 'NONE',  ( 725.8370950929727314, 894.2453985451099925, 1212.380460436409521 ) ) ;
#8647 = CARTESIAN_POINT ( 'NONE',  ( 725.8370950929727314, 894.2453985451099925, 1212.380460436409521 ) ) ;
#8648 = DIRECTION ( 'NONE',  ( -0.5000000000000009992, -0.8660254037844382635, -0.000000000000000000 ) ) ;
#8649 = AXIS2_PLACEMENT_3D ( 'NONE', #700, #7860, #8587 ) ;
#8650 = CARTESIAN_POINT ( 'NONE',  ( 729.3200605288086535, 882.6340458509120026, 1215.878522751525225 ) ) ;
#8651 = CARTESIAN_POINT ( 'NONE',  ( 725.9018740875374078, 893.0223020880562217, 1191.943314318056309 ) ) ;
#8652 = ORIENTED_EDGE ( 'NONE', *, *, #10190, .T. ) ;
#8653 = CARTESIAN_POINT ( 'NONE',  ( 744.1713637030086375, 889.4336063196064970, 1234.086781508788363 ) ) ;
#8654 = FACE_OUTER_BOUND ( 'NONE', #4078, .T. ) ;
#8655 = PLANE ( 'NONE',  #6822 ) ;
#8656 = VERTEX_POINT ( 'NONE', #4032 ) ;
#8657 = CARTESIAN_POINT ( 'NONE',  ( 715.8580746097075007, 900.0067887073721522, 1226.542518910620856 ) ) ;
#8658 = EDGE_CURVE ( 'NONE', #429, #6370, #5183, .T. ) ;
#8659 = DIRECTION ( 'NONE',  ( 0.000000000000000000, 1.551108497285261312E-16, -1.000000000000000000 ) ) ;
#8660 = CARTESIAN_POINT ( 'NONE',  ( 717.1800848525040237, 879.2510169669742481, 1212.380460436409521 ) ) ;
#8661 = CARTESIAN_POINT ( 'NONE',  ( 716.1759269784886328, 899.8232765566935996, 1196.306328672593509 ) ) ;
#8662 = FACE_OUTER_BOUND ( 'NONE', #6108, .T. ) ;
#8663 = CARTESIAN_POINT ( 'NONE',  ( 774.1024668973317375, 869.8434747564627969, 1201.196694252335647 ) ) ;
#8664 = CARTESIAN_POINT ( 'NONE',  ( 712.5977885195420640, 898.6171166585469336, 1200.374669338364583 ) ) ;
#8665 = B_SPLINE_CURVE_WITH_KNOTS ( 'NONE', 3,
 ( #7959, #5849, #2538, #7289 ),
 .UNSPECIFIED., .F., .F.,
 ( 4, 4 ),
 ( 0.000000000000000000, 0.001331005199731703087 ),
 .UNSPECIFIED. ) ;
#8666 = ORIENTED_EDGE ( 'NONE', *, *, #2388, .T. ) ;
#8667 = DIRECTION ( 'NONE',  ( 0.5845683251975051231, -0.3375006799125179757, -0.7378164841167293986 ) ) ;
#8668 = EDGE_CURVE ( 'NONE', #8713, #220, #2033, .T. ) ;
#8669 = EDGE_CURVE ( 'NONE', #10071, #3294, #9551, .T. ) ;
#8670 = CIRCLE ( 'NONE', #9169, 19.56600634797369054 ) ;
#8671 = FACE_OUTER_BOUND ( 'NONE', #389, .T. ) ;
#8672 = CARTESIAN_POINT ( 'NONE',  ( 780.5717232886125885, 869.8434747564627969, 1223.564226620482486 ) ) ;
#8673 = CONICAL_SURFACE ( 'NONE', #7362, 18.17967805303275597, 0.8981840042400328628 ) ;
#8674 = ORIENTED_EDGE ( 'NONE', *, *, #1858, .T. ) ;
#8675 = ORIENTED_EDGE ( 'NONE', *, *, #7702, .T. ) ;
#8676 = CARTESIAN_POINT ( 'NONE',  ( 724.4202779218370551, 891.7913992196671416, 1212.380460436409521 ) ) ;
#8677 = CARTESIAN_POINT ( 'NONE',  ( 733.6597272674006263, 887.5009698716236244, 1198.171962729993766 ) ) ;
#8678 = CARTESIAN_POINT ( 'NONE',  ( 726.5629743876221482, 892.6406156518407897, 1191.982546968620909 ) ) ;
#8679 = CARTESIAN_POINT ( 'NONE',  ( 717.1800848525040237, 879.2510169669742481, 1212.380460436409521 ) ) ;
#8680 = EDGE_CURVE ( 'NONE', #6575, #6301, #219, .T. ) ;
#8681 = LINE ( 'NONE', #7129, #9474 ) ;
#8682 = ORIENTED_EDGE ( 'NONE', *, *, #5274, .F. ) ;
#8683 = CARTESIAN_POINT ( 'NONE',  ( 714.2110158423033681, 901.5020240141770955, 1225.786225308064786 ) ) ;
#8684 = CARTESIAN_POINT ( 'NONE',  ( 730.1873569029503415, 891.7337737180740760, 1194.827613156392545 ) ) ;
#8685 = B_SPLINE_CURVE_WITH_KNOTS ( 'NONE', 3,
 ( #3569, #6093, #6867, #1511 ),
 .UNSPECIFIED., .F., .F.,
 ( 4, 4 ),
 ( 0.000000000000000000, 0.001331005199732032684 ),
 .UNSPECIFIED. ) ;
#8686 = CARTESIAN_POINT ( 'NONE',  ( 734.5711376864884414, 889.2027967026300530, 1197.161257061869719 ) ) ;
#8687 = ORIENTED_EDGE ( 'NONE', *, *, #7976, .T. ) ;
#8688 = VERTEX_POINT ( 'NONE', #10136 ) ;
#8689 = CARTESIAN_POINT ( 'NONE',  ( 736.4277360258099634, 886.3617728270153293, 1201.338780097287781 ) ) ;
#8690 = ORIENTED_EDGE ( 'NONE', *, *, #5062, .T. ) ;
#8691 = DIRECTION ( 'NONE',  ( -0.4999999999999988343, -0.8660254037844394848, 2.975261781898571487E-15 ) ) ;
#8692 = CARTESIAN_POINT ( 'NONE',  ( 736.5683277813391214, 886.5931505126008005, 1223.076789572344751 ) ) ;
#8693 = EDGE_CURVE ( 'NONE', #510, #4608, #9939, .T. ) ;
#8694 = CARTESIAN_POINT ( 'NONE',  ( 709.3078321283794594, 901.1069051049413474, 1211.394991409035811 ) ) ;
#8695 = CARTESIAN_POINT ( 'NONE',  ( 717.1800848525040237, 879.2510169669742481, 1212.380460436409521 ) ) ;
#8696 = CARTESIAN_POINT ( 'NONE',  ( 727.2906947802865716, 891.3302996237182469, 1195.239712409102594 ) ) ;
#8697 = DIRECTION ( 'NONE',  ( 0.4999999999999988343, 0.8660254037844394848, -2.975261781898571487E-15 ) ) ;
#8698 = VERTEX_POINT ( 'NONE', #4676 ) ;
#8699 = CARTESIAN_POINT ( 'NONE',  ( 713.4499882548071810, 901.4309717964686115, 1199.071593520291344 ) ) ;
#8700 = DIRECTION ( 'NONE',  ( 0.4999999999999988343, 0.8660254037844394848, -2.975261781898571487E-15 ) ) ;
#8701 = CARTESIAN_POINT ( 'NONE',  ( 716.1833211449596774, 899.8528813165543170, 1196.331796850604860 ) ) ;
#8702 = DIRECTION ( 'NONE',  ( 0.5845683251975080097, -0.3375006799125091494, -0.7378164841167310639 ) ) ;
#8703 = VERTEX_POINT ( 'NONE', #7034 ) ;
#8704 = EDGE_CURVE ( 'NONE', #745, #906, #796, .T. ) ;
#8705 = DIRECTION ( 'NONE',  ( 0.5000000000000009992, 0.8660254037844381525, -5.726519994466740890E-15 ) ) ;
#8706 = CARTESIAN_POINT ( 'NONE',  ( 711.6961940991117217, 902.4096515404995671, 1204.212632044979955 ) ) ;
#8707 = CARTESIAN_POINT ( 'NONE',  ( 720.3343139108336572, 894.1504316412608659, 1229.937241412661933 ) ) ;
#8708 = CARTESIAN_POINT ( 'NONE',  ( 735.6068598695956098, 887.4191259343056117, 1229.027706490242053 ) ) ;
#8709 = CARTESIAN_POINT ( 'NONE',  ( 740.7738304850781788, 885.6216703456636878, 1203.141745581125406 ) ) ;
#8710 = FACE_OUTER_BOUND ( 'NONE', #8059, .T. ) ;
#8711 = EDGE_CURVE ( 'NONE', #9260, #1746, #4039, .T. ) ;
#8712 = CARTESIAN_POINT ( 'NONE',  ( 740.5164153918778993, 885.7702890190164453, 1219.164983186546351 ) ) ;
#8713 = VERTEX_POINT ( 'NONE', #1770 ) ;
#8714 = CARTESIAN_POINT ( 'NONE',  ( 709.5901523848216357, 903.6255752911696391, 1206.823686078949549 ) ) ;
#8715 = CARTESIAN_POINT ( 'NONE',  ( 736.3668541351498789, 888.1660393276071090, 1198.760488820291130 ) ) ;
#8716 = CARTESIAN_POINT ( 'NONE',  ( 714.4183775544545369, 900.8379981897737707, 1199.751517702950878 ) ) ;
#8717 = CARTESIAN_POINT ( 'NONE',  ( 717.1800848525040237, 879.2510169669742481, 1212.380460436409521 ) ) ;
#8718 = ADVANCED_FACE ( 'NONE', ( #7570 ), #1874, .T. ) ;
#8719 = CARTESIAN_POINT ( 'NONE',  ( 714.1830315883727280, 898.7457473053789272, 1224.729333032809336 ) ) ;
#8720 = ORIENTED_EDGE ( 'NONE', *, *, #3690, .F. ) ;
#8721 = ORIENTED_EDGE ( 'NONE', *, *, #3241, .F. ) ;
#8722 = CARTESIAN_POINT ( 'NONE',  ( 733.5627158874874567, 886.5130101990702087, 1227.180971627095005 ) ) ;
#8723 = CARTESIAN_POINT ( 'NONE',  ( 712.2576447991622217, 900.6289670602204751, 1204.444540209131901 ) ) ;
#8724 = FACE_BOUND ( 'NONE', #2364, .T. ) ;
#8725 = ORIENTED_EDGE ( 'NONE', *, *, #1759, .T. ) ;
#8726 = CIRCLE ( 'NONE', #6656, 17.83733333518745923 ) ;
#8727 = CARTESIAN_POINT ( 'NONE',  ( 717.1800848525040237, 879.2510169669742481, 1212.380460436409521 ) ) ;
#8728 = FACE_OUTER_BOUND ( 'NONE', #3306, .T. ) ;
#8729 = EDGE_CURVE ( 'NONE', #1991, #914, #3059, .T. ) ;
#8730 = ORIENTED_EDGE ( 'NONE', *, *, #327, .T. ) ;
#8731 = CARTESIAN_POINT ( 'NONE',  ( 709.0094867304552508, 902.8592624372772661, 1220.153664063600218 ) ) ;
#8732 = EDGE_CURVE ( 'NONE', #579, #8713, #2862, .T. ) ;
#8733 = ORIENTED_EDGE ( 'NONE', *, *, #9306, .F. ) ;
#8734 = CARTESIAN_POINT ( 'NONE',  ( 725.1093867901549856, 893.2089731784886908, 1195.453441353517064 ) ) ;
#8735 = ORIENTED_EDGE ( 'NONE', *, *, #5521, .F. ) ;
#8736 = CARTESIAN_POINT ( 'NONE',  ( 733.8712343564862977, 888.4211897915116651, 1230.288790939652472 ) ) ;
#8737 = DIRECTION ( 'NONE',  ( -0.09468111299059925323, 0.8492237111009363071, -0.5194752884852319452 ) ) ;
#8738 = B_SPLINE_CURVE_WITH_KNOTS ( 'NONE', 3,
 ( #3480, #6629, #7291, #8994 ),
 .UNSPECIFIED., .F., .F.,
 ( 4, 4 ),
 ( 0.000000000000000000, 0.001331005199731761417 ),
 .UNSPECIFIED. ) ;
#8739 = CARTESIAN_POINT ( 'NONE',  ( 725.3236735400701036, 893.3561263297817732, 1212.380460436409521 ) ) ;
#8740 = DIRECTION ( 'NONE',  ( -0.5000000000000008882, -0.8660254037844380415, -0.000000000000000000 ) ) ;
#8741 = CARTESIAN_POINT ( 'NONE',  ( 719.1198003950875091, 895.8956005653255943, 1228.527196471171465 ) ) ;
#8742 = AXIS2_PLACEMENT_3D ( 'NONE', #8584, #9259, #6833 ) ;
#8743 = DIRECTION ( 'NONE',  ( -0.4999999999999988343, -0.8660254037844394848, 2.975261781898571487E-15 ) ) ;
#8744 = B_SPLINE_SURFACE_WITH_KNOTS ( 'NONE', 3, 1, ( 
 ( #6543, #4004 ),
 ( #5717, #8856 ),
 ( #6433, #8800 ),
 ( #8905, #4952 ) ),
 .UNSPECIFIED., .F., .F., .F.,
 ( 4, 4 ),
 ( 2, 2 ),
 ( 0.000000000000000000, 1.000000000000000000 ),
 ( 0.000000000000000000, 1.000000000000000000 ),
 .UNSPECIFIED. ) ;
#8745 = EDGE_CURVE ( 'NONE', #7610, #4505, #1221, .T. ) ;
#8746 = ORIENTED_EDGE ( 'NONE', *, *, #1898, .F. ) ;
#8747 = CARTESIAN_POINT ( 'NONE',  ( 717.1800848525040237, 879.2510169669742481, 1212.380460436409521 ) ) ;
#8748 = CARTESIAN_POINT ( 'NONE',  ( 720.0236463202843424, 897.6017947589418782, 1229.359176066789814 ) ) ;
#8749 = CARTESIAN_POINT ( 'NONE',  ( 714.5587656064257089, 898.6810823595446891, 1199.828966907769654 ) ) ;
#8750 = ORIENTED_EDGE ( 'NONE', *, *, #3880, .F. ) ;
#8751 = CARTESIAN_POINT ( 'NONE',  ( 738.0918702631497581, 887.1701008017500953, 1223.917315033978412 ) ) ;
#8752 = ORIENTED_EDGE ( 'NONE', *, *, #4658, .T. ) ;
#8753 = LINE ( 'NONE', #7927, #3190 ) ;
#8754 = ORIENTED_EDGE ( 'NONE', *, *, #4482, .F. ) ;
#8755 = CARTESIAN_POINT ( 'NONE',  ( 725.4579181375480630, 895.2559019087623255, 1193.418327925793392 ) ) ;
#8756 = CARTESIAN_POINT ( 'NONE',  ( 713.7239140888900693, 901.7832523426329772, 1225.186336815040022 ) ) ;
#8757 = DIRECTION ( 'NONE',  ( 0.5845683251975072325, -0.3375006799125115364, -0.7378164841167307308 ) ) ;
#8758 = DIRECTION ( 'NONE',  ( -0.4999999999999988343, -0.8660254037844394848, 2.975261781898571487E-15 ) ) ;
#8759 = CARTESIAN_POINT ( 'NONE',  ( 710.7968288973556810, 901.4723323306888005, 1209.267659001849324 ) ) ;
#8760 = ADVANCED_FACE ( 'NONE', ( #4252 ), #9434, .F. ) ;
#8761 = ORIENTED_EDGE ( 'NONE', *, *, #10017, .T. ) ;
#8762 = CARTESIAN_POINT ( 'NONE',  ( 720.2533505071135096, 896.0126652979224673, 1228.312608586491024 ) ) ;
#8763 = VERTEX_POINT ( 'NONE', #4700 ) ;
#8764 = CARTESIAN_POINT ( 'NONE',  ( 710.0306315401726351, 903.3712645322551680, 1211.910868302031304 ) ) ;
#8765 = VECTOR ( 'NONE', #2813, 1000.000000000000000 ) ;
#8766 = EDGE_CURVE ( 'NONE', #9213, #1333, #5508, .T. ) ;
#8767 = VERTEX_POINT ( 'NONE', #3037 ) ;
#8768 = B_SPLINE_CURVE_WITH_KNOTS ( 'NONE', 3,
 ( #2619, #6493, #9636, #4962 ),
 .UNSPECIFIED., .F., .F.,
 ( 4, 4 ),
 ( 1.005213304792045037E-05, 0.001341057332774389741 ),
 .UNSPECIFIED. ) ;
#8769 = CARTESIAN_POINT ( 'NONE',  ( 717.1800848525040237, 879.2510169669742481, 1212.380460436409521 ) ) ;
#8770 = CARTESIAN_POINT ( 'NONE',  ( 724.5625296337567534, 893.5247013049435054, 1195.469405166990100 ) ) ;
#8771 = CARTESIAN_POINT ( 'NONE',  ( 717.1800848525040237, 879.2510169669742481, 1212.380460436409521 ) ) ;
#8772 = CIRCLE ( 'NONE', #9102, 20.44804870789273821 ) ;
#8773 = ORIENTED_EDGE ( 'NONE', *, *, #5242, .T. ) ;
#8774 = ORIENTED_EDGE ( 'NONE', *, *, #5073, .T. ) ;
#8775 = CARTESIAN_POINT ( 'NONE',  ( 738.0114567172125817, 887.2165275841432504, 1200.730586320326665 ) ) ;
#8776 = DIRECTION ( 'NONE',  ( -1.000000000000000000, -0.000000000000000000, -0.000000000000000000 ) ) ;
#8777 = CARTESIAN_POINT ( 'NONE',  ( 727.6636716855897475, 893.1908240576669868, 1194.245148158773873 ) ) ;
#8778 = CARTESIAN_POINT ( 'NONE',  ( 728.1691442874268887, 891.6062298099212740, 1232.673745918313671 ) ) ;
#8779 = ORIENTED_EDGE ( 'NONE', *, *, #8151, .F. ) ;
#8780 = ADVANCED_FACE ( 'NONE', ( #4649 ), #8129, .T. ) ;
#8781 = CARTESIAN_POINT ( 'NONE',  ( 735.3096411571539193, 888.7764215250440429, 1228.603584852652375 ) ) ;
#8782 = AXIS2_PLACEMENT_3D ( 'NONE', #9787, #2665, #5817 ) ;
#8783 = CARTESIAN_POINT ( 'NONE',  ( 724.4202779218370551, 891.7913992196671416, 1212.380460436409521 ) ) ;
#8784 = CARTESIAN_POINT ( 'NONE',  ( 709.7796331782075185, 903.5161785041020721, 1218.628592974568846 ) ) ;
#8785 = ORIENTED_EDGE ( 'NONE', *, *, #870, .T. ) ;
#8786 = CARTESIAN_POINT ( 'NONE',  ( 717.4678326440728142, 899.0773944729010054, 1195.367645683352521 ) ) ;
#8787 = ORIENTED_EDGE ( 'NONE', *, *, #4184, .F. ) ;
#8788 = CARTESIAN_POINT ( 'NONE',  ( 741.5951543824403416, 885.1474787724298494, 1210.880530480134894 ) ) ;
#8789 = EDGE_LOOP ( 'NONE', ( #8815, #5060, #2371, #5643 ) ) ;
#8790 = CARTESIAN_POINT ( 'NONE',  ( 719.8149796260163384, 897.7222685310481438, 1194.091827223057635 ) ) ;
#8791 = LINE ( 'NONE', #1020, #27 ) ;
#8792 = CARTESIAN_POINT ( 'NONE',  ( 733.3069195060155607, 888.4762236160222528, 1198.272180984704846 ) ) ;
#8793 = ADVANCED_FACE ( 'NONE', ( #6908, #10052 ), #8655, .F. ) ;
#8794 = EDGE_CURVE ( 'NONE', #3259, #5687, #4919, .T. ) ;
#8795 = CARTESIAN_POINT ( 'NONE',  ( 741.6629863303312504, 885.1421897629186333, 1219.371281115903685 ) ) ;
#8796 = CARTESIAN_POINT ( 'NONE',  ( 729.5826161066560189, 892.0829209796047508, 1230.571822708236141 ) ) ;
#8797 = CARTESIAN_POINT ( 'NONE',  ( 717.1800848525040237, 879.2510169669742481, 1212.380460436409521 ) ) ;
#8798 = CARTESIAN_POINT ( 'NONE',  ( 707.8264745676847269, 903.3510756486500668, 1216.494496591861434 ) ) ;
#8799 = VERTEX_POINT ( 'NONE', #7058 ) ;
#8800 = CARTESIAN_POINT ( 'NONE',  ( 738.6557288162550776, 887.6336280203502156, 1224.735662671391538 ) ) ;
#8801 = CARTESIAN_POINT ( 'NONE',  ( 729.3411666804333890, 890.7658506733102968, 1196.140295574031143 ) ) ;
#8802 = VERTEX_POINT ( 'NONE', #3712 ) ;
#8803 = CARTESIAN_POINT ( 'NONE',  ( 722.7392520891783079, 896.8230101432784522, 1230.939641168432217 ) ) ;
#8804 = ORIENTED_EDGE ( 'NONE', *, *, #8732, .F. ) ;
#8805 = DIRECTION ( 'NONE',  ( 0.6191533272633108487, 0.4370912048635106628, -0.6523805913496628639 ) ) ;
#8806 = ORIENTED_EDGE ( 'NONE', *, *, #8219, .F. ) ;
#8807 = CARTESIAN_POINT ( 'NONE',  ( 725.3236735400701036, 893.3561263297817732, 1212.380460436409521 ) ) ;
#8808 = EDGE_CURVE ( 'NONE', #9967, #8569, #8626, .T. ) ;
#8809 = CIRCLE ( 'NONE', #6672, 20.44804870789273821 ) ;
#8810 = CARTESIAN_POINT ( 'NONE',  ( 717.1800848525040237, 879.2510169669742481, 1212.380460436409521 ) ) ;
#8811 = DIRECTION ( 'NONE',  ( 0.5845683251975080097, -0.3375006799125091494, -0.7378164841167310639 ) ) ;
#8812 = DIRECTION ( 'NONE',  ( 0.4999999999999988343, 0.8660254037844394848, -2.975261781898571487E-15 ) ) ;
#8813 = CARTESIAN_POINT ( 'NONE',  ( 741.2357166651465832, 885.3550002352662887, 1208.235423358779599 ) ) ;
#8814 = B_SPLINE_SURFACE_WITH_KNOTS ( 'NONE', 3, 1, ( 
 ( #2400, #4746 ),
 ( #7098, #42 ),
 ( #3178, #5559 ),
 ( #4789, #860 ),
 ( #7721, #6953 ),
 ( #10103, #4001 ) ),
 .UNSPECIFIED., .F., .F., .F.,
 ( 4, 1, 1, 4 ),
 ( 2, 2 ),
 ( 0.000000000000000000, 0.3395620866332510479, 0.7109345430498769103, 1.000000000000000000 ),
 ( 0.000000000000000000, 1.000000000000000000 ),
 .UNSPECIFIED. ) ;
#8815 = ORIENTED_EDGE ( 'NONE', *, *, #3130, .F. ) ;
#8816 = CARTESIAN_POINT ( 'NONE',  ( 734.8980714059997581, 887.5574734805184107, 1199.680142387937849 ) ) ;
#8817 = VERTEX_POINT ( 'NONE', #3916 ) ;
#8818 = CARTESIAN_POINT ( 'NONE',  ( 726.4252469341686265, 892.4492609701269430, 1229.249238672268348 ) ) ;
#8819 = EDGE_CURVE ( 'NONE', #9141, #6209, #6622, .T. ) ;
#8820 = CARTESIAN_POINT ( 'NONE',  ( 709.2691938039571369, 903.8108808142304724, 1212.639124924412727 ) ) ;
#8821 = CARTESIAN_POINT ( 'NONE',  ( 717.1800848525040237, 879.2510169669742481, 1212.380460436409521 ) ) ;
#8822 = CARTESIAN_POINT ( 'NONE',  ( 726.4203021863987715, 891.8327118926723642, 1195.110319565042118 ) ) ;
#8823 = FACE_OUTER_BOUND ( 'NONE', #68, .T. ) ;
#8824 = CARTESIAN_POINT ( 'NONE',  ( 716.1416590478957005, 900.6346466020135040, 1197.350377578194411 ) ) ;
#8825 = ORIENTED_EDGE ( 'NONE', *, *, #3581, .F. ) ;
#8826 = ORIENTED_EDGE ( 'NONE', *, *, #4528, .T. ) ;
#8827 = CARTESIAN_POINT ( 'NONE',  ( 737.5635560881526089, 886.0185551817568239, 1221.487428798632891 ) ) ;
#8828 = AXIS2_PLACEMENT_3D ( 'NONE', #9198, #2076, #3682 ) ;
#8829 = CARTESIAN_POINT ( 'NONE',  ( 734.2726525729131026, 888.1894308761976617, 1194.735525516721736 ) ) ;
#8830 = CARTESIAN_POINT ( 'NONE',  ( 734.1614224940097984, 889.4393458792987985, 1228.419111541907114 ) ) ;
#8831 = ADVANCED_FACE ( 'NONE', ( #2616 ), #6225, .F. ) ;
#8832 = ORIENTED_EDGE ( 'NONE', *, *, #10134, .F. ) ;
#8833 = B_SPLINE_CURVE_WITH_KNOTS ( 'NONE', 3,
 ( #6492, #6441, #6552, #4908 ),
 .UNSPECIFIED., .F., .F.,
 ( 4, 4 ),
 ( 0.0009352727177710743606, 0.002387895279818642337 ),
 .UNSPECIFIED. ) ;
#8834 = B_SPLINE_SURFACE_WITH_KNOTS ( 'NONE', 3, 1, ( 
 ( #245, #8798 ),
 ( #9783, #5107 ),
 ( #9006, #5004 ),
 ( #2711, #3437 ),
 ( #8027, #4220 ),
 ( #5866, #8226 ) ),
 .UNSPECIFIED., .F., .F., .F.,
 ( 4, 1, 1, 4 ),
 ( 2, 2 ),
 ( 0.000000000000000000, 0.2890654569501156512, 0.6604379133667447332, 1.000000000000000000 ),
 ( 0.000000000000000000, 1.000000000000000000 ),
 .UNSPECIFIED. ) ;
#8835 = CARTESIAN_POINT ( 'NONE',  ( 717.1800848525040237, 879.2510169669742481, 1212.380460436409521 ) ) ;
#8836 = CARTESIAN_POINT ( 'NONE',  ( 716.7343714639863492, 889.9003968204242483, 1219.960195400343537 ) ) ;
#8837 = VECTOR ( 'NONE', #468, 1000.000000000000227 ) ;
#8838 = CARTESIAN_POINT ( 'NONE',  ( 709.6535763847880389, 903.5889574277158545, 1211.730439037371980 ) ) ;
#8839 = ORIENTED_EDGE ( 'NONE', *, *, #3407, .T. ) ;
#8840 = CARTESIAN_POINT ( 'NONE',  ( 710.6065533230464553, 903.8278270419011733, 1206.306617849588974 ) ) ;
#8841 = ORIENTED_EDGE ( 'NONE', *, *, #2731, .T. ) ;
#8842 = CARTESIAN_POINT ( 'NONE',  ( 731.8912824663722176, 889.6484515096030918, 1193.406672143468313 ) ) ;
#8843 = EDGE_CURVE ( 'NONE', #1879, #9613, #8753, .T. ) ;
#8844 = ORIENTED_EDGE ( 'NONE', *, *, #9496, .T. ) ;
#8845 = CARTESIAN_POINT ( 'NONE',  ( 739.8488365633379544, 884.6991850679108893, 1211.561219117699466 ) ) ;
#8846 = CARTESIAN_POINT ( 'NONE',  ( 717.1800848525040237, 879.2510169669742481, 1212.380460436409521 ) ) ;
#8847 = VECTOR ( 'NONE', #458, 1000.000000000000000 ) ;
#8848 = DIRECTION ( 'NONE',  ( -0.5000000000000004441, -0.8660254037844383745, 9.910297435075217688E-15 ) ) ;
#8849 = B_SPLINE_CURVE_WITH_KNOTS ( 'NONE', 3,
 ( #841, #3983, #1712, #6359 ),
 .UNSPECIFIED., .F., .F.,
 ( 4, 4 ),
 ( 0.0009352727177709456658, 0.002387895279818409017 ),
 .UNSPECIFIED. ) ;
#8850 = CARTESIAN_POINT ( 'NONE',  ( 741.4600362051131697, 886.0170747348496434, 1219.376585066640700 ) ) ;
#8851 = CARTESIAN_POINT ( 'NONE',  ( 729.5918264134202218, 892.0776034065148679, 1231.015464284820155 ) ) ;
#8852 = CARTESIAN_POINT ( 'NONE',  ( 719.4862139150286566, 895.6839535615391696, 1196.065992707938221 ) ) ;
#8853 = DIRECTION ( 'NONE',  ( -0.5000000000000008882, -0.8660254037844380415, -0.000000000000000000 ) ) ;
#8854 = B_SPLINE_CURVE_WITH_KNOTS ( 'NONE', 3,
 ( #6340, #6190, #2460, #6293 ),
 .UNSPECIFIED., .F., .F.,
 ( 4, 4 ),
 ( 0.0009352727177707896491, 0.002387895279818441976 ),
 .UNSPECIFIED. ) ;
#8855 = ORIENTED_EDGE ( 'NONE', *, *, #7214, .T. ) ;
#8856 = CARTESIAN_POINT ( 'NONE',  ( 738.7878795813119268, 887.5573307405708192, 1224.555468955894639 ) ) ;
#8857 = CARTESIAN_POINT ( 'NONE',  ( 742.5759962380021761, 885.3727749094562114, 1213.726974394229273 ) ) ;
#8858 = EDGE_CURVE ( 'NONE', #6545, #5916, #9946, .T. ) ;
#8859 = CARTESIAN_POINT ( 'NONE',  ( 715.6384370124621910, 899.0320362075156027, 1195.325689191080301 ) ) ;
#8860 = DIRECTION ( 'NONE',  ( -0.4999999999999988343, -0.8660254037844394848, 2.975261781898571487E-15 ) ) ;
#8861 = ORIENTED_EDGE ( 'NONE', *, *, #6286, .F. ) ;
#8862 = CARTESIAN_POINT ( 'NONE',  ( 717.1800848525040237, 879.2510169669742481, 1212.380460436409521 ) ) ;
#8863 = CARTESIAN_POINT ( 'NONE',  ( 717.5902515794697365, 897.9051555418459429, 1230.721275570242824 ) ) ;
#8864 = CARTESIAN_POINT ( 'NONE',  ( 708.9366682778645554, 902.8171682291294928, 1220.131424291031408 ) ) ;
#8865 = DIRECTION ( 'NONE',  ( 0.4999999999999988343, 0.8660254037844394848, -2.975261781898571487E-15 ) ) ;
#8866 = B_SPLINE_CURVE_WITH_KNOTS ( 'NONE', 1,
 ( #9450, #6204 ),
 .UNSPECIFIED., .F., .F.,
 ( 2, 2 ),
 ( 0.000000000000000000, 0.002900000000004353522 ),
 .UNSPECIFIED. ) ;
#8867 = VERTEX_POINT ( 'NONE', #2509 ) ;
#8868 = B_SPLINE_CURVE_WITH_KNOTS ( 'NONE', 1,
 ( #6771, #2847 ),
 .UNSPECIFIED., .F., .F.,
 ( 2, 2 ),
 ( 0.000000000000000000, 0.002900000000002880742 ),
 .UNSPECIFIED. ) ;
#8869 = EDGE_CURVE ( 'NONE', #8817, #2640, #5993, .T. ) ;
#8870 = DIRECTION ( 'NONE',  ( -0.4999999999999988343, -0.8660254037844394848, 2.975261781898571487E-15 ) ) ;
#8871 = ADVANCED_FACE ( 'NONE', ( #7975 ), #5024, .T. ) ;
#8872 = ORIENTED_EDGE ( 'NONE', *, *, #8298, .T. ) ;
#8873 = CARTESIAN_POINT ( 'NONE',  ( 728.1177273884344459, 889.9491208590266069, 1194.881119495358462 ) ) ;
#8874 = CARTESIAN_POINT ( 'NONE',  ( 716.2217230518671158, 899.7968361814006357, 1197.886812326090421 ) ) ;
#8875 = CARTESIAN_POINT ( 'NONE',  ( 711.0385755444580127, 901.1749907895738261, 1207.363192091173460 ) ) ;
#8876 = VERTEX_POINT ( 'NONE', #3186 ) ;
#8877 = CARTESIAN_POINT ( 'NONE',  ( 742.1867940564709443, 884.4032061370253359, 1217.912597580806278 ) ) ;
#8878 = CARTESIAN_POINT ( 'NONE',  ( 717.1800848525040237, 879.2510169669742481, 1212.380460436409521 ) ) ;
#8879 = EDGE_CURVE ( 'NONE', #970, #3901, #9451, .T. ) ;
#8880 = ORIENTED_EDGE ( 'NONE', *, *, #5856, .F. ) ;
#8881 = ORIENTED_EDGE ( 'NONE', *, *, #942, .T. ) ;
#8882 = CARTESIAN_POINT ( 'NONE',  ( 737.8086527347339825, 885.8771068311004910, 1221.028482260566079 ) ) ;
#8883 = B_SPLINE_CURVE_WITH_KNOTS ( 'NONE', 1,
 ( #863, #6381 ),
 .UNSPECIFIED., .F., .F.,
 ( 2, 2 ),
 ( 0.000000000000000000, 0.002900000000001964808 ),
 .UNSPECIFIED. ) ;
#8884 = CARTESIAN_POINT ( 'NONE',  ( 714.5063874389458078, 900.7871856592714721, 1225.114605560688005 ) ) ;
#8885 = VERTEX_POINT ( 'NONE', #7310 ) ;
#8886 = DIRECTION ( 'NONE',  ( 0.5000000000000009992, 0.8660254037844381525, 0.000000000000000000 ) ) ;
#8887 = CARTESIAN_POINT ( 'NONE',  ( 717.1800848525040237, 879.2510169669742481, 1212.380460436409521 ) ) ;
#8888 = DIRECTION ( 'NONE',  ( -0.5000000000000008882, -0.8660254037844380415, -0.000000000000000000 ) ) ;
#8889 = ORIENTED_EDGE ( 'NONE', *, *, #8382, .F. ) ;
#8890 = PLANE ( 'NONE',  #8004 ) ;
#8891 = EDGE_CURVE ( 'NONE', #2233, #4927, #8083, .T. ) ;
#8892 = ORIENTED_EDGE ( 'NONE', *, *, #1054, .F. ) ;
#8893 = CARTESIAN_POINT ( 'NONE',  ( 731.1278398074360894, 889.7342177088562494, 1196.895468354520517 ) ) ;
#8894 = ORIENTED_EDGE ( 'NONE', *, *, #2486, .F. ) ;
#8895 = CARTESIAN_POINT ( 'NONE',  ( 717.1800848525040237, 879.2510169669742481, 1212.380460436409521 ) ) ;
#8896 = CARTESIAN_POINT ( 'NONE',  ( 722.5262736529970198, 892.8849030941207729, 1194.332809863042257 ) ) ;
#8897 = B_SPLINE_SURFACE_WITH_KNOTS ( 'NONE', 3, 1, ( 
 ( #8862, #1138 ),
 ( #8810, #7981 ),
 ( #3342, #5065 ),
 ( #6596, #254 ),
 ( #5770, #5014 ),
 ( #3448, #1692 ) ),
 .UNSPECIFIED., .F., .F., .F.,
 ( 4, 1, 1, 4 ),
 ( 2, 2 ),
 ( 0.000000000000000000, 0.3395620866332510479, 0.7109345430498769103, 1.000000000000000000 ),
 ( 0.000000000000000000, 1.000000000000000000 ),
 .UNSPECIFIED. ) ;
#8898 = CARTESIAN_POINT ( 'NONE',  ( 740.0016125415177157, 886.0675105832515328, 1223.119044995935838 ) ) ;
#8899 = EDGE_CURVE ( 'NONE', #220, #9072, #8958, .T. ) ;
#8900 = CARTESIAN_POINT ( 'NONE',  ( 708.9092904078755737, 904.0186711368403394, 1211.508006540848783 ) ) ;
#8901 = LINE ( 'NONE', #5811, #2258 ) ;
#8902 = DIRECTION ( 'NONE',  ( 0.5000000000000004441, 0.8660254037844383745, -9.910297435075217688E-15 ) ) ;
#8903 = CARTESIAN_POINT ( 'NONE',  ( 711.3772093769511002, 901.1372495045618507, 1206.764251093849225 ) ) ;
#8904 = EDGE_LOOP ( 'NONE', ( #4792, #3510, #4375, #8844 ) ) ;
#8905 = CARTESIAN_POINT ( 'NONE',  ( 717.1800848525040237, 879.2510169669742481, 1212.380460436409521 ) ) ;
#8906 = CYLINDRICAL_SURFACE ( 'NONE', #2744, 2.200000000000022382 ) ;
#8907 = AXIS2_PLACEMENT_3D ( 'NONE', #4357, #8161, #3583 ) ;
#8908 = ORIENTED_EDGE ( 'NONE', *, *, #9839, .F. ) ;
#8909 = CARTESIAN_POINT ( 'NONE',  ( 741.4383967489543465, 885.2379828343206327, 1205.936349921058081 ) ) ;
#8910 = DIRECTION ( 'NONE',  ( 0.5845683251975030137, -0.3375006799125114809, -0.7378164841167340615 ) ) ;
#8911 = VERTEX_POINT ( 'NONE', #4067 ) ;
#8912 = CARTESIAN_POINT ( 'NONE',  ( 710.4904855332806619, 901.3365411151207809, 1209.150583762441329 ) ) ;
#8913 = AXIS2_PLACEMENT_3D ( 'NONE', #2043, #7411, #1994 ) ;
#8914 = EDGE_CURVE ( 'NONE', #4354, #1933, #2425, .T. ) ;
#8915 = CARTESIAN_POINT ( 'NONE',  ( 737.0470182576735851, 888.5649318347423105, 1198.139769366256132 ) ) ;
#8916 = DIRECTION ( 'NONE',  ( -0.8660254037844385966, 0.5000000000000000000, 0.000000000000000000 ) ) ;
#8917 = CARTESIAN_POINT ( 'NONE',  ( 732.9552940167012594, 888.6792332828307508, 1226.749794944125824 ) ) ;
#8918 = EDGE_LOOP ( 'NONE', ( #4546, #9911, #6150, #9372 ) ) ;
#8919 = CARTESIAN_POINT ( 'NONE',  ( 742.1321332184672883, 888.3015555120376803, 1234.086781508788363 ) ) ;
#8920 = LOCAL_TIME ( 14, 55, 21.00000000000000000, #1387 ) ;
#8921 = VERTEX_POINT ( 'NONE', #7104 ) ;
#8922 = CARTESIAN_POINT ( 'NONE',  ( 722.5485365437506289, 893.1644862838021481, 1194.550612561095477 ) ) ;
#8923 = CARTESIAN_POINT ( 'NONE',  ( 720.4484604971855788, 895.9000629143619108, 1196.369424325031787 ) ) ;
#8924 = EDGE_CURVE ( 'NONE', #5408, #1686, #3421, .T. ) ;
#8925 = ADVANCED_FACE ( 'NONE', ( #96 ), #4588, .F. ) ;
#8926 = CARTESIAN_POINT ( 'NONE',  ( 711.4903359807914285, 903.3200892268943107, 1220.897963214137690 ) ) ;
#8927 = ORIENTED_EDGE ( 'NONE', *, *, #8080, .F. ) ;
#8928 = CARTESIAN_POINT ( 'NONE',  ( 717.1800848525040237, 879.2510169669742481, 1212.380460436409521 ) ) ;
#8929 = DIRECTION ( 'NONE',  ( 0.5845683251975080097, -0.3375006799125091494, -0.7378164841167310639 ) ) ;
#8930 = ORIENTED_EDGE ( 'NONE', *, *, #443, .F. ) ;
#8931 = ORIENTED_EDGE ( 'NONE', *, *, #9161, .F. ) ;
#8932 = AXIS2_PLACEMENT_3D ( 'NONE', #1957, #5276, #1200 ) ;
#8933 = ORIENTED_EDGE ( 'NONE', *, *, #7082, .T. ) ;
#8934 = CARTESIAN_POINT ( 'NONE',  ( 720.3288560968777574, 895.9690138611218799, 1228.343422735164268 ) ) ;
#8935 = ORIENTED_EDGE ( 'NONE', *, *, #8207, .T. ) ;
#8936 = EDGE_LOOP ( 'NONE', ( #5882, #639 ) ) ;
#8937 = EDGE_CURVE ( 'NONE', #1181, #3415, #1585, .T. ) ;
#8938 = CARTESIAN_POINT ( 'NONE',  ( 725.1122811208576877, 891.3918709863713730, 1230.542569423993427 ) ) ;
#8939 = DIRECTION ( 'NONE',  ( -0.5000000000000008882, -0.8660254037844380415, -0.000000000000000000 ) ) ;
#8940 = VECTOR ( 'NONE', #635, 1000.000000000000114 ) ;
#8941 = CARTESIAN_POINT ( 'NONE',  ( 724.5528583208057398, 894.5844381312437008, 1192.555894170929150 ) ) ;
#8942 = CARTESIAN_POINT ( 'NONE',  ( 710.6734007954175922, 903.7917469760803897, 1206.083082533945799 ) ) ;
#8943 = ORIENTED_EDGE ( 'NONE', *, *, #2267, .F. ) ;
#8944 = CARTESIAN_POINT ( 'NONE',  ( 712.7884891744556626, 902.5706001310828697, 1223.387379337618086 ) ) ;
#8945 = ORIENTED_EDGE ( 'NONE', *, *, #8049, .F. ) ;
#8946 = CARTESIAN_POINT ( 'NONE',  ( 717.1800848525040237, 879.2510169669742481, 1212.380460436409521 ) ) ;
#8947 = CARTESIAN_POINT ( 'NONE',  ( 717.1800848525040237, 879.2510169669742481, 1212.380460436409521 ) ) ;
#8948 = VECTOR ( 'NONE', #7561, 1000.000000000000114 ) ;
#8949 = EDGE_CURVE ( 'NONE', #7789, #1135, #9567, .T. ) ;
#8950 = DIRECTION ( 'NONE',  ( -0.4999999999999988343, -0.8660254037844394848, 2.975261781898571487E-15 ) ) ;
#8951 = CARTESIAN_POINT ( 'NONE',  ( 717.1800848525040237, 879.2510169669742481, 1212.380460436409521 ) ) ;
#8952 = CARTESIAN_POINT ( 'NONE',  ( 741.4573060044440354, 883.9343060655659201, 1203.783281616141039 ) ) ;
#8953 = DIRECTION ( 'NONE',  ( 0.5845683251975050121, -0.3375006799125069845, -0.7378164841167346166 ) ) ;
#8954 = CARTESIAN_POINT ( 'NONE',  ( 732.0712757635114940, 889.8475058649861467, 1193.705875717391791 ) ) ;
#8955 = ORIENTED_EDGE ( 'NONE', *, *, #3198, .T. ) ;
#8956 = AXIS2_PLACEMENT_3D ( 'NONE', #7223, #5688, #167 ) ;
#8957 = CARTESIAN_POINT ( 'NONE',  ( 717.1800848525040237, 879.2510169669742481, 1212.380460436409521 ) ) ;
#8958 = B_SPLINE_CURVE_WITH_KNOTS ( 'NONE', 1,
 ( #7254, #4174 ),
 .UNSPECIFIED., .F., .F.,
 ( 2, 2 ),
 ( 0.000000000000000000, 0.002900000000000751803 ),
 .UNSPECIFIED. ) ;
#8959 = ORIENTED_EDGE ( 'NONE', *, *, #7095, .T. ) ;
#8960 = CARTESIAN_POINT ( 'NONE',  ( 739.4775134444145124, 885.1844030509444110, 1224.669254135417077 ) ) ;
#8961 = DIRECTION ( 'NONE',  ( 0.5845683251975072325, -0.3375006799125115364, -0.7378164841167307308 ) ) ;
#8962 = ORIENTED_EDGE ( 'NONE', *, *, #1226, .T. ) ;
#8963 = B_SPLINE_CURVE_WITH_KNOTS ( 'NONE', 3,
 ( #5863, #6430, #3332, #7403, #8852, #1682, #7968, #3279 ),
 .UNSPECIFIED., .F., .F.,
 ( 4, 2, 2, 4 ),
 ( 0.000000000000000000, 0.0005319171944517452023, 0.001063834388903490405, 0.002127668777806993386 ),
 .UNSPECIFIED. ) ;
#8964 = CARTESIAN_POINT ( 'NONE',  ( 740.9085058543952300, 885.5439154849352690, 1219.219149521647751 ) ) ;
#8965 = CARTESIAN_POINT ( 'NONE',  ( 720.8016909463468664, 896.0510301588932407, 1232.107957706470643 ) ) ;
#8966 = DIRECTION ( 'NONE',  ( -0.5000000000000009992, -0.8660254037844382635, -0.000000000000000000 ) ) ;
#8967 = B_SPLINE_CURVE_WITH_KNOTS ( 'NONE', 1,
 ( #4292, #7323 ),
 .UNSPECIFIED., .F., .F.,
 ( 2, 2 ),
 ( 0.000000000000000000, 0.002900000000003811421 ),
 .UNSPECIFIED. ) ;
#8968 = CARTESIAN_POINT ( 'NONE',  ( 732.8683074205697494, 888.7294222665992720, 1226.811871355779658 ) ) ;
#8969 = ORIENTED_EDGE ( 'NONE', *, *, #10060, .T. ) ;
#8970 = CARTESIAN_POINT ( 'NONE',  ( 740.3076330992146268, 885.8908295318875616, 1219.738658112976736 ) ) ;
#8971 = EDGE_CURVE ( 'NONE', #7202, #1894, #2983, .T. ) ;
#8972 = ORIENTED_EDGE ( 'NONE', *, *, #7992, .T. ) ;
#8973 = AXIS2_PLACEMENT_3D ( 'NONE', #7312, #1751, #5726 ) ;
#8974 = CARTESIAN_POINT ( 'NONE',  ( 741.1937787286435650, 885.3792131141955224, 1216.727701899829981 ) ) ;
#8975 = CARTESIAN_POINT ( 'NONE',  ( 741.8085751122429201, 885.0242602566277128, 1217.473901919405534 ) ) ;
#8976 = CARTESIAN_POINT ( 'NONE',  ( 710.2258439525546692, 902.6000407894846376, 1221.860477567618318 ) ) ;
#8977 = CARTESIAN_POINT ( 'NONE',  ( 721.1167312194919532, 897.7622873445045570, 1194.322857615540215 ) ) ;
#8978 = CARTESIAN_POINT ( 'NONE',  ( 717.1800848525040237, 879.2510169669742481, 1212.380460436409521 ) ) ;
#8979 = CARTESIAN_POINT ( 'NONE',  ( 720.6014901704105569, 897.2681764565218145, 1195.152946961185080 ) ) ;
#8980 = ORIENTED_EDGE ( 'NONE', *, *, #2963, .F. ) ;
#8981 = ADVANCED_FACE ( 'NONE', ( #354 ), #3651, .T. ) ;
#8982 = ORIENTED_EDGE ( 'NONE', *, *, #419, .F. ) ;
#8983 = B_SPLINE_SURFACE_WITH_KNOTS ( 'NONE', 3, 1, ( 
 ( #5500, #2241 ),
 ( #2287, #9462 ),
 ( #4733, #6990 ),
 ( #5354, #5450 ),
 ( #4777, #8683 ),
 ( #7708, #1528 ) ),
 .UNSPECIFIED., .F., .F., .F.,
 ( 4, 1, 1, 4 ),
 ( 2, 2 ),
 ( 0.000000000000000000, 0.2890654569501156512, 0.6604379133667447332, 1.000000000000000000 ),
 ( 0.000000000000000000, 1.000000000000000000 ),
 .UNSPECIFIED. ) ;
#8984 = EDGE_CURVE ( 'NONE', #1524, #8703, #9947, .T. ) ;
#8985 = ORIENTED_EDGE ( 'NONE', *, *, #7855, .F. ) ;
#8986 = DIRECTION ( 'NONE',  ( 0.5845683251975072325, -0.3375006799125115364, -0.7378164841167307308 ) ) ;
#8987 = CIRCLE ( 'NONE', #9648, 19.56600634797369764 ) ;
#8988 = CARTESIAN_POINT ( 'NONE',  ( 724.7310734056835599, 894.8839604639961181, 1230.593294409660757 ) ) ;
#8989 = CARTESIAN_POINT ( 'NONE',  ( 741.2661078146828686, 888.8015555120376803, 1234.086781508788363 ) ) ;
#8990 = LINE ( 'NONE', #5139, #8606 ) ;
#8991 = CARTESIAN_POINT ( 'NONE',  ( 727.7490174678579251, 893.9306207533209090, 1231.273034904842007 ) ) ;
#8992 = CONICAL_SURFACE ( 'NONE', #929, 20.44804870789273821, 0.7096869864122512528 ) ;
#8993 = EDGE_LOOP ( 'NONE', ( #2453, #6046, #1722, #5431, #7284 ) ) ;
#8994 = CARTESIAN_POINT ( 'NONE',  ( 718.4141223852520852, 898.5310538360997725, 1194.791792513107339 ) ) ;
#8995 = EDGE_CURVE ( 'NONE', #6004, #1567, #6125, .T. ) ;
#8996 = ORIENTED_EDGE ( 'NONE', *, *, #1801, .F. ) ;
#8997 = CARTESIAN_POINT ( 'NONE',  ( 717.1800848525040237, 879.2510169669742481, 1212.380460436409521 ) ) ;
#8998 = EDGE_CURVE ( 'NONE', #5411, #5994, #6773, .T. ) ;
#8999 = CARTESIAN_POINT ( 'NONE',  ( 735.7571145396551628, 888.1153833368620099, 1196.293133849830156 ) ) ;
#9000 = VERTEX_POINT ( 'NONE', #1896 ) ;
#9001 = VECTOR ( 'NONE', #3170, 1000.000000000000000 ) ;
#9002 = CARTESIAN_POINT ( 'NONE',  ( 729.2450168944274083, 891.0921376885585232, 1192.440046255905827 ) ) ;
#9003 = CARTESIAN_POINT ( 'NONE',  ( 711.8694615869377458, 900.8530475586170496, 1219.406974558116417 ) ) ;
#9004 = DIRECTION ( 'NONE',  ( 0.4999999999999988343, 0.8660254037844394848, -2.975261781898571487E-15 ) ) ;
#9005 = DIRECTION ( 'NONE',  ( -0.4999999999999988343, -0.8660254037844394848, 2.975261781898571487E-15 ) ) ;
#9006 = CARTESIAN_POINT ( 'NONE',  ( 717.1800848525040237, 879.2510169669742481, 1212.380460436409521 ) ) ;
#9007 = ORIENTED_EDGE ( 'NONE', *, *, #5971, .T. ) ;
#9008 = CARTESIAN_POINT ( 'NONE',  ( 737.6636697524168085, 887.4173224818886183, 1198.368390157238991 ) ) ;
#9009 = ORIENTED_EDGE ( 'NONE', *, *, #6203, .F. ) ;
#9010 = ORIENTED_EDGE ( 'NONE', *, *, #10057, .T. ) ;
#9011 = CARTESIAN_POINT ( 'NONE',  ( 733.3369634408462616, 888.6225880305713645, 1230.720500714183800 ) ) ;
#9012 = EDGE_CURVE ( 'NONE', #1861, #3522, #5284, .T. ) ;
#9013 = CIRCLE ( 'NONE', #7526, 1.200000000000046141 ) ;
#9014 = CARTESIAN_POINT ( 'NONE',  ( 717.1800848525040237, 879.2510169669742481, 1212.380460436409521 ) ) ;
#9015 = ORIENTED_EDGE ( 'NONE', *, *, #160, .T. ) ;
#9016 = CARTESIAN_POINT ( 'NONE',  ( 710.1537973793653009, 903.3001547018423025, 1214.702485544472665 ) ) ;
#9017 = B_SPLINE_CURVE_WITH_KNOTS ( 'NONE', 3,
 ( #1069, #1220, #3591, #6732 ),
 .UNSPECIFIED., .F., .F.,
 ( 4, 4 ),
 ( 1.005213304159327010E-05, 0.001341057332773990104 ),
 .UNSPECIFIED. ) ;
#9018 = FACE_OUTER_BOUND ( 'NONE', #9550, .T. ) ;
#9019 = CARTESIAN_POINT ( 'NONE',  ( 735.1494492703211563, 886.6407804127520649, 1225.187288001126717 ) ) ;
#9020 = CARTESIAN_POINT ( 'NONE',  ( 724.4202779218370551, 891.7913992196671416, 1212.380460436409521 ) ) ;
#9021 = ORIENTED_EDGE ( 'NONE', *, *, #8458, .T. ) ;
#9022 = B_SPLINE_CURVE_WITH_KNOTS ( 'NONE', 3,
 ( #2566, #1139, #2513, #5671 ),
 .UNSPECIFIED., .F., .F.,
 ( 4, 4 ),
 ( 1.005213304146882572E-05, 0.001341057332774237736 ),
 .UNSPECIFIED. ) ;
#9023 = CARTESIAN_POINT ( 'NONE',  ( 742.7730683410756001, 884.4674098313295190, 1211.754080949453282 ) ) ;
#9024 = EDGE_CURVE ( 'NONE', #3386, #4881, #1094, .T. ) ;
#9025 = ORIENTED_EDGE ( 'NONE', *, *, #9672, .T. ) ;
#9026 = CARTESIAN_POINT ( 'NONE',  ( 722.5877859169902422, 893.4397202102775282, 1194.771916262446666 ) ) ;
#9027 = AXIS2_PLACEMENT_3D ( 'NONE', #4556, #731, #2942 ) ;
#9028 = CARTESIAN_POINT ( 'NONE',  ( 736.7256889517851732, 887.9588659496281480, 1199.142016481850078 ) ) ;
#9029 = LINE ( 'NONE', #2834, #3009 ) ;
#9030 = CARTESIAN_POINT ( 'NONE',  ( 739.4609206928234926, 886.3796791676436442, 1203.114643514920544 ) ) ;
#9031 = ADVANCED_FACE ( 'NONE', ( #4277 ), #6139, .F. ) ;
#9032 = CARTESIAN_POINT ( 'NONE',  ( 711.7628092057497042, 900.2953285401168841, 1204.030081970227457 ) ) ;
#9033 = CARTESIAN_POINT ( 'NONE',  ( 710.5151550027735539, 903.0915247806939306, 1204.025054587316163 ) ) ;
#9034 = ORIENTED_EDGE ( 'NONE', *, *, #6455, .F. ) ;
#9035 = VERTEX_POINT ( 'NONE', #7463 ) ;
#9036 = ORIENTED_EDGE ( 'NONE', *, *, #516, .T. ) ;
#9037 = CARTESIAN_POINT ( 'NONE',  ( 731.4036122605673427, 889.8458720728486924, 1231.585541955818371 ) ) ;
#9038 = DIRECTION ( 'NONE',  ( 0.8660254037844441477, -0.4999999999999902855, 0.000000000000000000 ) ) ;
#9039 = EDGE_CURVE ( 'NONE', #7494, #1797, #2481, .T. ) ;
#9040 = CARTESIAN_POINT ( 'NONE',  ( 735.4653659345423193, 888.0279959789664872, 1228.873557172335040 ) ) ;
#9041 = CARTESIAN_POINT ( 'NONE',  ( 724.4202779218370551, 891.7913992196671416, 1212.380460436409521 ) ) ;
#9042 = CARTESIAN_POINT ( 'NONE',  ( 741.6127969715834070, 885.9288782652064356, 1205.846695653928691 ) ) ;
#9043 = ORIENTED_EDGE ( 'NONE', *, *, #1905, .T. ) ;
#9044 = CARTESIAN_POINT ( 'NONE',  ( 725.9018740875374078, 893.0223020880562217, 1191.943314318056309 ) ) ;
#9045 = ORIENTED_EDGE ( 'NONE', *, *, #9375, .T. ) ;
#9046 = CARTESIAN_POINT ( 'NONE',  ( 717.1800848525040237, 879.2510169669742481, 1212.380460436409521 ) ) ;
#9047 = CARTESIAN_POINT ( 'NONE',  ( 724.4202779218370551, 891.7913992196671416, 1212.380460436409521 ) ) ;
#9048 = ORIENTED_EDGE ( 'NONE', *, *, #2100, .T. ) ;
#9049 = FACE_OUTER_BOUND ( 'NONE', #1930, .T. ) ;
#9050 = EDGE_CURVE ( 'NONE', #9613, #7753, #6062, .T. ) ;
#9051 = CARTESIAN_POINT ( 'NONE',  ( 715.6858085731254278, 905.8797492418605088, 1235.286781508788408 ) ) ;
#9052 = ADVANCED_FACE ( 'NONE', ( #5920 ), #6997, .F. ) ;
#9053 = DIRECTION ( 'NONE',  ( 0.5845683251975072325, -0.3375006799125115364, -0.7378164841167307308 ) ) ;
#9054 = CARTESIAN_POINT ( 'NONE',  ( 711.6876317042065239, 903.2061804878704834, 1203.423651052153446 ) ) ;
#9055 = CARTESIAN_POINT ( 'NONE',  ( 710.7068424834646976, 901.5243770732816984, 1214.875629774327081 ) ) ;
#9056 = ORIENTED_EDGE ( 'NONE', *, *, #1858, .F. ) ;
#9057 = CARTESIAN_POINT ( 'NONE',  ( 739.4148120255833874, 884.3304372684327745, 1217.044701263028628 ) ) ;
#9058 = ORIENTED_EDGE ( 'NONE', *, *, #9196, .T. ) ;
#9059 = PLANE ( 'NONE',  #4005 ) ;
#9060 = CARTESIAN_POINT ( 'NONE',  ( 710.5248779802457193, 900.4042433547438122, 1219.371354036726188 ) ) ;
#9061 = ORIENTED_EDGE ( 'NONE', *, *, #9387, .T. ) ;
#9062 = FACE_OUTER_BOUND ( 'NONE', #8141, .T. ) ;
#9063 = CARTESIAN_POINT ( 'NONE',  ( 741.2661078146828686, 888.8015555120376803, 1234.086781508788363 ) ) ;
#9064 = EDGE_CURVE ( 'NONE', #7790, #1875, #4979, .T. ) ;
#9065 = CARTESIAN_POINT ( 'NONE',  ( 744.6713637030086375, 890.2996317233910304, 1234.086781508788363 ) ) ;
#9066 = VECTOR ( 'NONE', #4896, 1000.000000000000000 ) ;
#9067 = DIRECTION ( 'NONE',  ( -0.1582129952599091172, 0.8859038604312470255, -0.4360538936919396980 ) ) ;
#9068 = B_SPLINE_SURFACE_WITH_KNOTS ( 'NONE', 3, 1, ( 
 ( #3368, #5639 ),
 ( #126, #6364 ),
 ( #5697, #3266 ),
 ( #281, #9510 ) ),
 .UNSPECIFIED., .F., .F., .F.,
 ( 4, 4 ),
 ( 2, 2 ),
 ( 0.000000000000000000, 1.000000000000000000 ),
 ( 0.000000000000000000, 1.000000000000000000 ),
 .UNSPECIFIED. ) ;
#9069 = EDGE_LOOP ( 'NONE', ( #3981, #949, #4903, #2691, #5045 ) ) ;
#9070 = DIRECTION ( 'NONE',  ( -0.4999999999999988343, -0.8660254037844394848, 2.975261781898571487E-15 ) ) ;
#9071 = B_SPLINE_CURVE_WITH_KNOTS ( 'NONE', 3,
 ( #3756, #40, #1492, #7718 ),
 .UNSPECIFIED., .F., .F.,
 ( 4, 4 ),
 ( 1.110223024625156540E-16, 0.001453450272820937944 ),
 .UNSPECIFIED. ) ;
#9072 = VERTEX_POINT ( 'NONE', #5457 ) ;
#9073 = CIRCLE ( 'NONE', #844, 20.44804870789273821 ) ;
#9074 = CARTESIAN_POINT ( 'NONE',  ( 740.4688437127607585, 885.7977545407604794, 1205.460373028193771 ) ) ;
#9075 = CARTESIAN_POINT ( 'NONE',  ( 717.8472225446809034, 898.8583536116572077, 1228.135489755655044 ) ) ;
#9076 = CARTESIAN_POINT ( 'NONE',  ( 746.0766195913344063, 888.3336063196065879, 1234.086781508788363 ) ) ;
#9077 = FACE_OUTER_BOUND ( 'NONE', #3265, .T. ) ;
#9078 = EDGE_CURVE ( 'NONE', #5901, #9000, #4719, .T. ) ;
#9079 = CARTESIAN_POINT ( 'NONE',  ( 718.6061781053545019, 899.2092415204194822, 1195.535342309613497 ) ) ;
#9080 = CARTESIAN_POINT ( 'NONE',  ( 717.1800848525040237, 879.2510169669742481, 1212.380460436409521 ) ) ;
#9081 = CARTESIAN_POINT ( 'NONE',  ( 717.1800848525040237, 879.2510169669742481, 1212.380460436409521 ) ) ;
#9082 = AXIS2_PLACEMENT_3D ( 'NONE', #737, #7117, #4081 ) ;
#9083 = ORIENTED_EDGE ( 'NONE', *, *, #6684, .T. ) ;
#9084 = DIRECTION ( 'NONE',  ( 0.5000000000000009992, 0.8660254037844381525, -5.726519994466740890E-15 ) ) ;
#9085 = EDGE_LOOP ( 'NONE', ( #1804, #2895, #8720, #107 ) ) ;
#9086 = EDGE_LOOP ( 'NONE', ( #3169, #6726, #7825, #7797, #9176 ) ) ;
#9087 = ORIENTED_EDGE ( 'NONE', *, *, #5843, .F. ) ;
#9088 = CARTESIAN_POINT ( 'NONE',  ( 741.1201253793118440, 885.4217368952589595, 1204.989067344576370 ) ) ;
#9089 = VECTOR ( 'NONE', #2060, 1000.000000000000000 ) ;
#9090 = B_SPLINE_CURVE_WITH_KNOTS ( 'NONE', 3,
 ( #6906, #6080, #9223, #10050, #2980, #6128, #5465, #4749 ),
 .UNSPECIFIED., .F., .F.,
 ( 4, 2, 2, 4 ),
 ( 0.000000000000000000, 0.001064839483324126965, 0.001597259224986568834, 0.002129678966649010702 ),
 .UNSPECIFIED. ) ;
#9091 = CARTESIAN_POINT ( 'NONE',  ( 735.6670273050801825, 887.2773250313268818, 1229.084935433251076 ) ) ;
#9092 = DIRECTION ( 'NONE',  ( 0.5845683251975080097, -0.3375006799125091494, -0.7378164841167310639 ) ) ;
#9093 = CARTESIAN_POINT ( 'NONE',  ( 717.1800848525040237, 879.2510169669742481, 1212.380460436409521 ) ) ;
#9094 = VERTEX_POINT ( 'NONE', #6120 ) ;
#9095 = VERTEX_POINT ( 'NONE', #6949 ) ;
#9096 = CARTESIAN_POINT ( 'NONE',  ( 717.1800848525040237, 879.2510169669742481, 1212.380460436409521 ) ) ;
#9097 = VERTEX_POINT ( 'NONE', #6021 ) ;
#9098 = CARTESIAN_POINT ( 'NONE',  ( 738.9662677067068444, 887.2095726864067728, 1224.449463903972401 ) ) ;
#9099 = CARTESIAN_POINT ( 'NONE',  ( 736.7218070309496625, 888.7526926240351486, 1226.943447398344233 ) ) ;
#9100 = ADVANCED_FACE ( 'NONE', ( #4691 ), #4091, .F. ) ;
#9101 = CARTESIAN_POINT ( 'NONE',  ( 741.2376313823505143, 884.1681984856716099, 1221.349887602401168 ) ) ;
#9102 = AXIS2_PLACEMENT_3D ( 'NONE', #3777, #2369, #10016 ) ;
#9103 = CARTESIAN_POINT ( 'NONE',  ( 717.1800848525040237, 879.2510169669742481, 1212.380460436409521 ) ) ;
#9104 = CARTESIAN_POINT ( 'NONE',  ( 736.2821299024905102, 886.7584509376966935, 1223.469934074791581 ) ) ;
#9105 = CARTESIAN_POINT ( 'NONE',  ( 779.6400035302489187, 879.4347695534493141, 1194.433826580095229 ) ) ;
#9106 = CARTESIAN_POINT ( 'NONE',  ( 739.9659868683438617, 882.8160799745763825, 1209.503783201605302 ) ) ;
#9107 = VERTEX_POINT ( 'NONE', #1537 ) ;
#9108 = CARTESIAN_POINT ( 'NONE',  ( 724.4337011105326383, 895.0556484386511329, 1231.879244625404681 ) ) ;
#9109 = ORIENTED_EDGE ( 'NONE', *, *, #6998, .F. ) ;
#9110 = LINE ( 'NONE', #5870, #8121 ) ;
#9111 = AXIS2_PLACEMENT_3D ( 'NONE', #5182, #9084, #7534 ) ;
#9112 = CARTESIAN_POINT ( 'NONE',  ( 711.7033911454144572, 900.7910173925229174, 1219.422149103463653 ) ) ;
#9113 = EDGE_CURVE ( 'NONE', #9711, #7421, #522, .T. ) ;
#9114 = EDGE_CURVE ( 'NONE', #9359, #10133, #6810, .T. ) ;
#9115 = CARTESIAN_POINT ( 'NONE',  ( 724.4202779218370551, 891.7913992196671416, 1212.380460436409521 ) ) ;
#9116 = CARTESIAN_POINT ( 'NONE',  ( 739.4434989376218255, 884.9332678292810215, 1216.414713918669577 ) ) ;
#9117 = CARTESIAN_POINT ( 'NONE',  ( 723.3201407877544398, 895.6985627907657772, 1194.355710193068489 ) ) ;
#9118 = VECTOR ( 'NONE', #4094, 1000.000000000000000 ) ;
#9119 = B_SPLINE_CURVE_WITH_KNOTS ( 'NONE', 3,
 ( #4057, #140, #7771, #3086, #1544, #4696, #7356, #9678 ),
 .UNSPECIFIED., .F., .F.,
 ( 4, 2, 2, 4 ),
 ( 0.000000000000000000, 0.0005319171944689601644, 0.001063834388937920329, 0.002127668777875564837 ),
 .UNSPECIFIED. ) ;
#9120 = DIRECTION ( 'NONE',  ( -0.5845683251975072325, 0.3375006799125115364, 0.7378164841167307308 ) ) ;
#9121 = ORIENTED_EDGE ( 'NONE', *, *, #5530, .F. ) ;
#9122 = CARTESIAN_POINT ( 'NONE',  ( 741.4469651249880826, 884.4344490883001981, 1204.193653279400451 ) ) ;
#9123 = B_SPLINE_CURVE_WITH_KNOTS ( 'NONE', 1,
 ( #2279, #8577 ),
 .UNSPECIFIED., .F., .F.,
 ( 2, 2 ),
 ( 0.000000000000000000, 0.002899999999999545303 ),
 .UNSPECIFIED. ) ;
#9124 = ADVANCED_FACE ( 'NONE', ( #9992 ), #3856, .F. ) ;
#9125 = ORIENTED_EDGE ( 'NONE', *, *, #8221, .T. ) ;
#9126 = CARTESIAN_POINT ( 'NONE',  ( 733.1055302690880353, 888.5923975884478523, 1198.120686868019448 ) ) ;
#9127 = CARTESIAN_POINT ( 'NONE',  ( 720.9121252393904342, 894.4071633535254477, 1229.613755528056117 ) ) ;
#9128 = DIRECTION ( 'NONE',  ( 0.5978828881122457695, 0.4493716986331599550, -0.6637779211228016507 ) ) ;
#9129 = CARTESIAN_POINT ( 'NONE',  ( 710.8133147867308708, 900.8435193985302476, 1206.450298278279206 ) ) ;
#9130 = CARTESIAN_POINT ( 'NONE',  ( 714.7977423411824702, 900.6189718280354555, 1199.309553005670296 ) ) ;
#9131 = DIRECTION ( 'NONE',  ( 0.8660254037844370423, -0.5000000000000026645, 0.000000000000000000 ) ) ;
#9132 = CARTESIAN_POINT ( 'NONE',  ( 709.9261573798731888, 903.4315827168273927, 1205.651070726925809 ) ) ;
#9133 = ORIENTED_EDGE ( 'NONE', *, *, #4012, .F. ) ;
#9134 = CARTESIAN_POINT ( 'NONE',  ( 720.5051055830792848, 897.3238241239632771, 1195.192346967286085 ) ) ;
#9135 = AXIS2_PLACEMENT_3D ( 'NONE', #1437, #3018, #7273 ) ;
#9136 = ORIENTED_EDGE ( 'NONE', *, *, #4731, .T. ) ;
#9137 = ORIENTED_EDGE ( 'NONE', *, *, #9744, .T. ) ;
#9138 = ADVANCED_FACE ( 'NONE', ( #1335 ), #8255, .T. ) ;
#9139 = ORIENTED_EDGE ( 'NONE', *, *, #2941, .T. ) ;
#9140 = CARTESIAN_POINT ( 'NONE',  ( 710.0256015159967546, 903.3741686180671877, 1212.424080209247450 ) ) ;
#9141 = VERTEX_POINT ( 'NONE', #6072 ) ;
#9142 = AXIS2_PLACEMENT_3D ( 'NONE', #6023, #9170, #7564 ) ;
#9143 = B_SPLINE_CURVE_WITH_KNOTS ( 'NONE', 1,
 ( #7900, #4773 ),
 .UNSPECIFIED., .F., .F.,
 ( 2, 2 ),
 ( 0.000000000000000000, 0.002900000000001374135 ),
 .UNSPECIFIED. ) ;
#9144 = CARTESIAN_POINT ( 'NONE',  ( 741.2552314979944867, 885.3437333412684893, 1220.496495848099812 ) ) ;
#9145 = DIRECTION ( 'NONE',  ( -0.5845683251975072325, 0.3375006799125115364, 0.7378164841167307308 ) ) ;
#9146 = CARTESIAN_POINT ( 'NONE',  ( 717.1800848525040237, 879.2510169669742481, 1212.380460436409521 ) ) ;
#9147 = VERTEX_POINT ( 'NONE', #554 ) ;
#9148 = ORIENTED_EDGE ( 'NONE', *, *, #8321, .T. ) ;
#9149 = CARTESIAN_POINT ( 'NONE',  ( 711.2053737531791739, 901.2364588482029149, 1207.363935900407341 ) ) ;
#9150 = ORIENTED_EDGE ( 'NONE', *, *, #7740, .T. ) ;
#9151 = CARTESIAN_POINT ( 'NONE',  ( 707.9616364720327510, 903.3801031046946264, 1216.405662844304516 ) ) ;
#9152 = EDGE_CURVE ( 'NONE', #4300, #3473, #5694, .T. ) ;
#9153 = DIRECTION ( 'NONE',  ( 0.5845683251975030137, -0.3375006799125114809, -0.7378164841167340615 ) ) ;
#9154 = B_SPLINE_SURFACE_WITH_KNOTS ( 'NONE', 3, 1, ( 
 ( #5030, #320 ),
 ( #941, #5685 ),
 ( #8771, #6508 ),
 ( #4029, #3360 ),
 ( #7274, #5630 ),
 ( #8878, #8824 ) ),
 .UNSPECIFIED., .F., .F., .F.,
 ( 4, 1, 1, 4 ),
 ( 2, 2 ),
 ( 0.000000000000000000, 0.2890654569501156512, 0.6604379133667447332, 1.000000000000000000 ),
 ( 0.000000000000000000, 1.000000000000000000 ),
 .UNSPECIFIED. ) ;
#9155 = DIRECTION ( 'NONE',  ( 0.8660254037844441477, -0.4999999999999902855, 0.000000000000000000 ) ) ;
#9156 = CARTESIAN_POINT ( 'NONE',  ( 717.1800848525040237, 879.2510169669742481, 1212.380460436409521 ) ) ;
#9157 = AXIS2_PLACEMENT_3D ( 'NONE', #9524, #771, #5419 ) ;
#9158 = DIRECTION ( 'NONE',  ( -0.02689393115435667267, -0.8876758217500452242, -0.4596828819386759579 ) ) ;
#9159 = CONICAL_SURFACE ( 'NONE', #4727, 18.17967805303275597, 0.8981840042400328628 ) ;
#9160 = CARTESIAN_POINT ( 'NONE',  ( 711.3602846721672677, 901.1470581711010936, 1206.819947728941088 ) ) ;
#9161 = EDGE_CURVE ( 'NONE', #8425, #4829, #5823, .T. ) ;
#9162 = CARTESIAN_POINT ( 'NONE',  ( 719.7688953717831737, 894.4768761869826221, 1229.748636735166656 ) ) ;
#9163 = ORIENTED_EDGE ( 'NONE', *, *, #5400, .T. ) ;
#9164 = DATE_AND_TIME ( #6015, #1358 ) ;
#9165 = CARTESIAN_POINT ( 'NONE',  ( 732.4809067170259596, 890.4095921155176256, 1194.381155990187608 ) ) ;
#9166 = VERTEX_POINT ( 'NONE', #3174 ) ;
#9167 = CARTESIAN_POINT ( 'NONE',  ( 713.0010879455604709, 901.6562707269883958, 1201.719720371190760 ) ) ;
#9168 = CARTESIAN_POINT ( 'NONE',  ( 743.1713637030086375, 887.7015555120373165, 1190.196798703381319 ) ) ;
#9169 = AXIS2_PLACEMENT_3D ( 'NONE', #755, #2246, #6992 ) ;
#9170 = DIRECTION ( 'NONE',  ( 0.4999999999999988343, 0.8660254037844394848, -2.975261781898571487E-15 ) ) ;
#9171 = CARTESIAN_POINT ( 'NONE',  ( 742.8858906043960815, 883.1095123622235405, 1215.471044724161402 ) ) ;
#9172 = CARTESIAN_POINT ( 'NONE',  ( 711.5314514239331629, 902.5047657683610396, 1220.157063152117644 ) ) ;
#9173 = EDGE_CURVE ( 'NONE', #6323, #7200, #8791, .T. ) ;
#9174 = CARTESIAN_POINT ( 'NONE',  ( 711.5566546971042499, 902.4902146518111294, 1222.912346966166524 ) ) ;
#9175 = CIRCLE ( 'NONE', #8174, 19.56600634797375449 ) ;
#9176 = ORIENTED_EDGE ( 'NONE', *, *, #6425, .T. ) ;
#9177 = CARTESIAN_POINT ( 'NONE',  ( 717.1800848525040237, 879.2510169669742481, 1212.380460436409521 ) ) ;
#9178 = CARTESIAN_POINT ( 'NONE',  ( 714.4304825042754601, 899.3745218207550352, 1223.856824971220703 ) ) ;
#9179 = VERTEX_POINT ( 'NONE', #909 ) ;
#9180 = CARTESIAN_POINT ( 'NONE',  ( 741.6140260749216395, 885.1365831956954935, 1211.174883212082932 ) ) ;
#9181 = CARTESIAN_POINT ( 'NONE',  ( 718.1376156611568149, 898.6906950676890347, 1228.327022449210517 ) ) ;
#9182 = CARTESIAN_POINT ( 'NONE',  ( 716.3226090600929865, 899.7385896173941546, 1226.962565017289990 ) ) ;
#9183 = CARTESIAN_POINT ( 'NONE',  ( 726.9509459417268999, 884.0018547955047552, 1219.661953917376650 ) ) ;
#9184 = CARTESIAN_POINT ( 'NONE',  ( 717.1800848525040237, 879.2510169669742481, 1212.380460436409521 ) ) ;
#9185 = EDGE_CURVE ( 'NONE', #9894, #5816, #4978, .T. ) ;
#9186 = PLANE ( 'NONE',  #7439 ) ;
#9187 = CARTESIAN_POINT ( 'NONE',  ( 741.8201193623616518, 885.0175951807140109, 1205.882831277930563 ) ) ;
#9188 = EDGE_CURVE ( 'NONE', #3766, #1374, #3971, .T. ) ;
#9189 = CARTESIAN_POINT ( 'NONE',  ( 718.0612255719730683, 895.4627998055982516, 1229.011274158614242 ) ) ;
#9190 = EDGE_LOOP ( 'NONE', ( #8034, #3372, #3760, #7167 ) ) ;
#9191 = DIRECTION ( 'NONE',  ( -0.4999999999999988343, -0.8660254037844394848, 2.975261781898571487E-15 ) ) ;
#9192 = ORIENTED_EDGE ( 'NONE', *, *, #3455, .T. ) ;
#9193 = DIRECTION ( 'NONE',  ( 0.000000000000000000, 1.000000000000000000, -7.370867579099568370E-15 ) ) ;
#9194 = ORIENTED_EDGE ( 'NONE', *, *, #1291, .F. ) ;
#9195 = CARTESIAN_POINT ( 'NONE',  ( 767.2630662397025390, 873.7922045672410150, 1239.380460436408839 ) ) ;
#9196 = EDGE_CURVE ( 'NONE', #117, #5192, #3485, .T. ) ;
#9197 = CARTESIAN_POINT ( 'NONE',  ( 722.3363324078690084, 896.2665648237237974, 1230.184895674040717 ) ) ;
#9198 = CARTESIAN_POINT ( 'NONE',  ( 725.8370950929727314, 894.2453985451099925, 1212.380460436409521 ) ) ;
#9199 = ORIENTED_EDGE ( 'NONE', *, *, #4827, .T. ) ;
#9200 = DIRECTION ( 'NONE',  ( 0.8660254037844380415, -0.5000000000000009992, 0.000000000000000000 ) ) ;
#9201 = ORIENTED_EDGE ( 'NONE', *, *, #1267, .F. ) ;
#9202 = FACE_OUTER_BOUND ( 'NONE', #10080, .T. ) ;
#9203 = FACE_OUTER_BOUND ( 'NONE', #4465, .T. ) ;
#9204 = B_SPLINE_CURVE_WITH_KNOTS ( 'NONE', 3,
 ( #3859, #661, #8694, #2397, #810, #9471, #3805, #5459 ),
 .UNSPECIFIED., .F., .F.,
 ( 4, 2, 2, 4 ),
 ( 0.000000000000000000, 0.001064839483336137973, 0.001597259225004002371, 0.002129678966671866552 ),
 .UNSPECIFIED. ) ;
#9205 = CARTESIAN_POINT ( 'NONE',  ( 726.5271420664803372, 892.3904957907587914, 1229.239070496874547 ) ) ;
#9206 = FACE_OUTER_BOUND ( 'NONE', #5048, .T. ) ;
#9207 = EDGE_CURVE ( 'NONE', #9711, #8867, #9518, .T. ) ;
#9208 = CARTESIAN_POINT ( 'NONE',  ( 727.0278516463603182, 893.5579149284725418, 1231.898095270486237 ) ) ;
#9209 = CARTESIAN_POINT ( 'NONE',  ( 711.2535729191946530, 901.2087221090388311, 1207.187489377665543 ) ) ;
#9210 = CARTESIAN_POINT ( 'NONE',  ( 739.5790021346610956, 884.8549368642678701, 1209.047753994882214 ) ) ;
#9211 = DATE_TIME_ROLE ( 'classification_date' ) ;
#9212 = DIRECTION ( 'NONE',  ( -0.4999999999999988343, -0.8660254037844394848, 2.975261781898571487E-15 ) ) ;
#9213 = VERTEX_POINT ( 'NONE', #2346 ) ;
#9214 = CARTESIAN_POINT ( 'NONE',  ( 717.1800848525040237, 879.2510169669742481, 1212.380460436409521 ) ) ;
#9215 = CARTESIAN_POINT ( 'NONE',  ( 714.5868739019804252, 899.2841488270278205, 1200.711217500494968 ) ) ;
#9216 = ADVANCED_FACE ( 'NONE', ( #1584 ), #3922, .F. ) ;
#9217 = CARTESIAN_POINT ( 'NONE',  ( 712.6724294024464825, 898.8664594003458888, 1224.009038927997608 ) ) ;
#9218 = CARTESIAN_POINT ( 'NONE',  ( 724.4202779218370551, 891.7913992196671416, 1212.380460436409521 ) ) ;
#9219 = DIRECTION ( 'NONE',  ( -0.4999999999999988343, -0.8660254037844394848, 2.975261781898571487E-15 ) ) ;
#9220 = B_SPLINE_CURVE_WITH_KNOTS ( 'NONE', 3,
 ( #6180, #3761, #7432, #3035 ),
 .UNSPECIFIED., .F., .F.,
 ( 4, 4 ),
 ( 1.005213310386089314E-05, 0.001341057332774118040 ),
 .UNSPECIFIED. ) ;
#9221 = CARTESIAN_POINT ( 'NONE',  ( 738.7721251985116169, 885.3207874805565325, 1205.964540746885859 ) ) ;
#9222 = ORIENTED_EDGE ( 'NONE', *, *, #10045, .F. ) ;
#9223 = CARTESIAN_POINT ( 'NONE',  ( 720.2844406107071791, 894.7695572428931428, 1195.346340515294287 ) ) ;
#9224 = CARTESIAN_POINT ( 'NONE',  ( 720.3260723087142878, 898.2162601391323733, 1230.115871013657170 ) ) ;
#9225 = CARTESIAN_POINT ( 'NONE',  ( 736.1218182958069747, 888.3075108354130407, 1226.248051997315770 ) ) ;
#9226 = VERTEX_POINT ( 'NONE', #7189 ) ;
#9227 = CARTESIAN_POINT ( 'NONE',  ( 717.1800848525040237, 879.2510169669742481, 1212.380460436409521 ) ) ;
#9228 = CARTESIAN_POINT ( 'NONE',  ( 720.4089573278954504, 897.3793353449756296, 1195.232512245094313 ) ) ;
#9229 = EDGE_CURVE ( 'NONE', #2971, #8462, #1636, .T. ) ;
#9230 = CARTESIAN_POINT ( 'NONE',  ( 741.5951543824403416, 885.1474787724298494, 1210.880530480134894 ) ) ;
#9231 = DIRECTION ( 'NONE',  ( 0.5845683251975072325, -0.3375006799125115364, -0.7378164841167307308 ) ) ;
#9232 = CARTESIAN_POINT ( 'NONE',  ( 728.8370950929725041, 899.4415509678165108, 1212.380460436409066 ) ) ;
#9233 = B_SPLINE_CURVE_WITH_KNOTS ( 'NONE', 3,
 ( #3527, #1316, #434, #2074 ),
 .UNSPECIFIED., .F., .F.,
 ( 4, 4 ),
 ( 0.0009352727177711550252, 0.002387895279818720400 ),
 .UNSPECIFIED. ) ;
#9234 = CARTESIAN_POINT ( 'NONE',  ( 718.3403804968135091, 898.5736287352402769, 1196.305659591368567 ) ) ;
#9235 = ORIENTED_EDGE ( 'NONE', *, *, #5415, .F. ) ;
#9236 = B_SPLINE_CURVE_WITH_KNOTS ( 'NONE', 3,
 ( #2109, #6036, #5273, #2887 ),
 .UNSPECIFIED., .F., .F.,
 ( 4, 4 ),
 ( 1.005213304775688830E-05, 0.001341057332773992706 ),
 .UNSPECIFIED. ) ;
#9237 = CARTESIAN_POINT ( 'NONE',  ( 717.1800848525040237, 879.2510169669742481, 1212.380460436409521 ) ) ;
#9238 = DIRECTION ( 'NONE',  ( 0.8660254037844280495, -0.5000000000000182077, 0.000000000000000000 ) ) ;
#9239 = CARTESIAN_POINT ( 'NONE',  ( 740.2616294204773340, 886.7089752145576540, 1202.589521034136396 ) ) ;
#9240 = ORIENTED_EDGE ( 'NONE', *, *, #7413, .F. ) ;
#9241 = CARTESIAN_POINT ( 'NONE',  ( 727.3370950929722767, 896.8434747564629106, 1212.380460436409066 ) ) ;
#9242 = ORIENTED_EDGE ( 'NONE', *, *, #2785, .T. ) ;
#9243 = CIRCLE ( 'NONE', #2149, 20.44804870789273821 ) ;
#9244 = VERTEX_POINT ( 'NONE', #84 ) ;
#9245 = CARTESIAN_POINT ( 'NONE',  ( 725.8370950929727314, 894.2453985451099925, 1212.380460436409521 ) ) ;
#9246 = ADVANCED_FACE ( 'NONE', ( #2444 ), #3815, .T. ) ;
#9247 = EDGE_CURVE ( 'NONE', #2379, #3187, #2815, .T. ) ;
#9248 = AXIS2_PLACEMENT_3D ( 'NONE', #8206, #4303, #7280 ) ;
#9249 = ORIENTED_EDGE ( 'NONE', *, *, #4855, .T. ) ;
#9250 = CARTESIAN_POINT ( 'NONE',  ( 729.2693057121380207, 888.9918117195579725, 1229.676411795959211 ) ) ;
#9251 = FACE_OUTER_BOUND ( 'NONE', #313, .T. ) ;
#9252 = DIRECTION ( 'NONE',  ( -0.2206500060782213002, 0.9219518854345967185, -0.3183053498784977342 ) ) ;
#9253 = B_SPLINE_CURVE_WITH_KNOTS ( 'NONE', 3,
 ( #3119, #1001, #6262, #3939 ),
 .UNSPECIFIED., .F., .F.,
 ( 4, 4 ),
 ( 1.005213310413031569E-05, 0.001341057332774099392 ),
 .UNSPECIFIED. ) ;
#9254 = VERTEX_POINT ( 'NONE', #8020 ) ;
#9255 = VERTEX_POINT ( 'NONE', #960 ) ;
#9256 = AXIS2_PLACEMENT_3D ( 'NONE', #788, #4619, #690 ) ;
#9257 = CARTESIAN_POINT ( 'NONE',  ( 717.1800848525040237, 879.2510169669742481, 1212.380460436409521 ) ) ;
#9258 = B_SPLINE_CURVE_WITH_KNOTS ( 'NONE', 3,
 ( #386, #6675, #2075, #4358 ),
 .UNSPECIFIED., .F., .F.,
 ( 4, 4 ),
 ( 0.0009352727177709613867, 0.002387895279818398608 ),
 .UNSPECIFIED. ) ;
#9259 = DIRECTION ( 'NONE',  ( 0.4999999999999988343, 0.8660254037844394848, -2.975261781898571487E-15 ) ) ;
#9260 = VERTEX_POINT ( 'NONE', #4109 ) ;
#9261 = EDGE_CURVE ( 'NONE', #1894, #414, #7533, .T. ) ;
#9262 = CARTESIAN_POINT ( 'NONE',  ( 709.3576621674393436, 901.0781357184745275, 1214.115380837991779 ) ) ;
#9263 = CARTESIAN_POINT ( 'NONE',  ( 711.5982351133387738, 901.2805119002016454, 1199.459967052419415 ) ) ;
#9264 = CARTESIAN_POINT ( 'NONE',  ( 710.2051390664970540, 903.2705125649561069, 1209.636568569123710 ) ) ;
#9265 = CARTESIAN_POINT ( 'NONE',  ( 746.0506273993275954, 886.0392118419001690, 1261.368489535045228 ) ) ;
#9266 = CARTESIAN_POINT ( 'NONE',  ( 714.2027206232673961, 891.3620461148074128, 1216.319827014687235 ) ) ;
#9267 = PERSON_AND_ORGANIZATION ( #3082, #3976 ) ;
#9268 = CARTESIAN_POINT ( 'NONE',  ( 737.5213951983457719, 885.4236019833286946, 1221.870931087483314 ) ) ;
#9269 = ORIENTED_EDGE ( 'NONE', *, *, #6100, .T. ) ;
#9270 = CARTESIAN_POINT ( 'NONE',  ( 742.8454426151073449, 884.0232096647363278, 1213.380764691729382 ) ) ;
#9271 = CARTESIAN_POINT ( 'NONE',  ( 717.1800848525040237, 879.2510169669742481, 1212.380460436409521 ) ) ;
#9272 = ADVANCED_FACE ( 'NONE', ( #7238 ), #1786, .F. ) ;
#9273 = B_SPLINE_SURFACE_WITH_KNOTS ( 'NONE', 3, 1, ( 
 ( #6299, #3925 ),
 ( #7691, #5478 ),
 ( #9445, #1512 ),
 ( #785, #10171 ) ),
 .UNSPECIFIED., .F., .F., .F.,
 ( 4, 4 ),
 ( 2, 2 ),
 ( 0.000000000000000000, 1.000000000000000000 ),
 ( 0.000000000000000000, 1.000000000000000000 ),
 .UNSPECIFIED. ) ;
#9274 = CARTESIAN_POINT ( 'NONE',  ( 710.6387426368480646, 899.7481723262548030, 1221.170212482522174 ) ) ;
#9275 = CARTESIAN_POINT ( 'NONE',  ( 711.8359241062696583, 902.3628521671162162, 1201.413556814265576 ) ) ;
#9276 = DIRECTION ( 'NONE',  ( 0.8660254037844280495, -0.5000000000000182077, 0.000000000000000000 ) ) ;
#9277 = CARTESIAN_POINT ( 'NONE',  ( 738.8337463820240600, 885.2852104736680303, 1218.619835160077855 ) ) ;
#9278 = ORIENTED_EDGE ( 'NONE', *, *, #8924, .F. ) ;
#9279 = VECTOR ( 'NONE', #724, 1000.000000000000114 ) ;
#9280 = CARTESIAN_POINT ( 'NONE',  ( 717.9725439076107705, 896.7100274089611958, 1227.758802100268213 ) ) ;
#9281 = CARTESIAN_POINT ( 'NONE',  ( 735.1605949932818476, 887.4059986246012386, 1199.953778296618793 ) ) ;
#9282 = DIRECTION ( 'NONE',  ( 0.5845683251975080097, -0.3375006799125091494, -0.7378164841167310639 ) ) ;
#9283 = VERTEX_POINT ( 'NONE', #442 ) ;
#9284 = CARTESIAN_POINT ( 'NONE',  ( 724.4202779218370551, 891.7913992196671416, 1212.380460436409521 ) ) ;
#9285 = DIRECTION ( 'NONE',  ( 0.3398965610247094427, 0.5983201740243920819, -0.7255916876308582397 ) ) ;
#9286 = DIRECTION ( 'NONE',  ( -0.4999999999999988343, -0.8660254037844394848, 2.975261781898571487E-15 ) ) ;
#9287 = CARTESIAN_POINT ( 'NONE',  ( 717.1800848525040237, 879.2510169669742481, 1212.380460436409521 ) ) ;
#9288 = CIRCLE ( 'NONE', #3352, 20.44804870789273821 ) ;
#9289 = CARTESIAN_POINT ( 'NONE',  ( 722.9140444135958887, 895.9330226417033600, 1230.323316013730846 ) ) ;
#9290 = FACE_OUTER_BOUND ( 'NONE', #6781, .T. ) ;
#9291 = EDGE_LOOP ( 'NONE', ( #5445, #2982, #9745, #4275 ) ) ;
#9292 = CARTESIAN_POINT ( 'NONE',  ( 717.1800848525040237, 879.2510169669742481, 1212.380460436409521 ) ) ;
#9293 = CARTESIAN_POINT ( 'NONE',  ( 724.4202779218370551, 891.7913992196671416, 1212.380460436409521 ) ) ;
#9294 = ORIENTED_EDGE ( 'NONE', *, *, #2779, .T. ) ;
#9295 = ADVANCED_FACE ( 'NONE', ( #5756 ), #2157, .T. ) ;
#9296 = CARTESIAN_POINT ( 'NONE',  ( 741.2642332106478307, 884.2369758742947852, 1221.303724084050600 ) ) ;
#9297 = ORIENTED_EDGE ( 'NONE', *, *, #3703, .F. ) ;
#9298 = ORIENTED_EDGE ( 'NONE', *, *, #528, .T. ) ;
#9299 = CARTESIAN_POINT ( 'NONE',  ( 773.9253207242722965, 873.4098517623023099, 1200.458744371242119 ) ) ;
#9300 = ORIENTED_EDGE ( 'NONE', *, *, #5050, .T. ) ;
#9301 = VERTEX_POINT ( 'NONE', #5197 ) ;
#9302 = FACE_OUTER_BOUND ( 'NONE', #4160, .T. ) ;
#9303 = DIRECTION ( 'NONE',  ( 0.5845683251975080097, -0.3375006799125091494, -0.7378164841167310639 ) ) ;
#9304 = ADVANCED_FACE ( 'NONE', ( #5905 ), #8247, .T. ) ;
#9305 = CARTESIAN_POINT ( 'NONE',  ( 717.1800848525040237, 879.2510169669742481, 1212.380460436409521 ) ) ;
#9306 = EDGE_CURVE ( 'NONE', #9967, #4361, #2986, .T. ) ;
#9307 = EDGE_LOOP ( 'NONE', ( #8551, #2494, #3044, #4103 ) ) ;
#9308 = VERTEX_POINT ( 'NONE', #240 ) ;
#9309 = CARTESIAN_POINT ( 'NONE',  ( 720.8607343270693946, 885.6260888617734963, 1212.380460436409294 ) ) ;
#9310 = CARTESIAN_POINT ( 'NONE',  ( 710.2912073532437489, 903.7651265005074492, 1218.316706537628534 ) ) ;
#9311 = VECTOR ( 'NONE', #6887, 1000.000000000000000 ) ;
#9312 = LINE ( 'NONE', #3794, #9311 ) ;
#9313 = DIRECTION ( 'NONE',  ( -0.5845683251975072325, 0.3375006799125115364, 0.7378164841167307308 ) ) ;
#9314 = CARTESIAN_POINT ( 'NONE',  ( 710.2372767440139114, 903.2519578681905159, 1209.403374384237395 ) ) ;
#9315 = CARTESIAN_POINT ( 'NONE',  ( 740.4881728905284035, 885.7865948347730409, 1205.515022793824528 ) ) ;
#9316 = ADVANCED_FACE ( 'NONE', ( #4998 ), #4415, .F. ) ;
#9317 = DIRECTION ( 'NONE',  ( 0.5845683251975080097, -0.3375006799125091494, -0.7378164841167310639 ) ) ;
#9318 = EDGE_CURVE ( 'NONE', #1031, #3561, #9017, .T. ) ;
#9319 = CIRCLE ( 'NONE', #2551, 18.17967805303275597 ) ;
#9320 = ORIENTED_EDGE ( 'NONE', *, *, #4742, .F. ) ;
#9321 = ORIENTED_EDGE ( 'NONE', *, *, #1586, .T. ) ;
#9322 = CARTESIAN_POINT ( 'NONE',  ( 716.5845102424626702, 896.9057130369571951, 1227.499334601377313 ) ) ;
#9323 = ORIENTED_EDGE ( 'NONE', *, *, #2007, .F. ) ;
#9324 = CARTESIAN_POINT ( 'NONE',  ( 743.1713637030086375, 887.7015555120373165, 1190.196798703381319 ) ) ;
#9325 = CARTESIAN_POINT ( 'NONE',  ( 723.3923176071619991, 894.4711951975493776, 1232.706531912250739 ) ) ;
#9326 = CARTESIAN_POINT ( 'NONE',  ( 716.5910644614513103, 903.0476984342916467, 1234.086781508788363 ) ) ;
#9327 = AXIS2_PLACEMENT_3D ( 'NONE', #6791, #9004, #7657 ) ;
#9328 = FACE_OUTER_BOUND ( 'NONE', #9641, .T. ) ;
#9329 = CARTESIAN_POINT ( 'NONE',  ( 708.6920793503545610, 900.8720788987409378, 1213.196377328729113 ) ) ;
#9330 = ADVANCED_FACE ( 'NONE', ( #2603 ), #1539, .F. ) ;
#9331 = ORIENTED_EDGE ( 'NONE', *, *, #6903, .F. ) ;
#9332 = CARTESIAN_POINT ( 'NONE',  ( 718.1880459153323955, 897.0472421463845194, 1227.408105969310782 ) ) ;
#9333 = CARTESIAN_POINT ( 'NONE',  ( 733.6952732889484423, 888.5227809612190413, 1194.361642879390274 ) ) ;
#9334 = VECTOR ( 'NONE', #1531, 1000.000000000000114 ) ;
#9335 = ORIENTED_EDGE ( 'NONE', *, *, #2049, .F. ) ;
#9336 = CARTESIAN_POINT ( 'NONE',  ( 733.4766100298425044, 888.3782185913867124, 1198.403923914633424 ) ) ;
#9337 = B_SPLINE_CURVE_WITH_KNOTS ( 'NONE', 3,
 ( #85, #1678, #5807, #3228 ),
 .UNSPECIFIED., .F., .F.,
 ( 4, 4 ),
 ( 1.005213304156259396E-05, 0.001341057332774248795 ),
 .UNSPECIFIED. ) ;
#9338 = CARTESIAN_POINT ( 'NONE',  ( 727.9731379992335860, 893.8037390445471146, 1193.513303280393302 ) ) ;
#9339 = CARTESIAN_POINT ( 'NONE',  ( 742.0537713031130806, 884.0842385920300330, 1205.999800582432727 ) ) ;
#9340 = CIRCLE ( 'NONE', #1114, 18.17967805303275597 ) ;
#9341 = CARTESIAN_POINT ( 'NONE',  ( 730.8235134969381761, 889.9099577698204939, 1228.015991508536217 ) ) ;
#9342 = ORIENTED_EDGE ( 'NONE', *, *, #8899, .F. ) ;
#9343 = CARTESIAN_POINT ( 'NONE',  ( 717.1800848525040237, 879.2510169669742481, 1212.380460436409521 ) ) ;
#9344 = CARTESIAN_POINT ( 'NONE',  ( 725.3236735400701036, 893.3561263297817732, 1212.380460436409521 ) ) ;
#9345 = ADVANCED_FACE ( 'NONE', ( #5957 ), #4673, .F. ) ;
#9346 = EDGE_LOOP ( 'NONE', ( #6617, #3507, #376, #3784 ) ) ;
#9347 = CARTESIAN_POINT ( 'NONE',  ( 739.0036394796391050, 884.4155626578899501, 1218.591855197662653 ) ) ;
#9348 = VERTEX_POINT ( 'NONE', #8173 ) ;
#9349 = ORIENTED_EDGE ( 'NONE', *, *, #9519, .F. ) ;
#9350 = CONICAL_SURFACE ( 'NONE', #9673, 18.17967805303275597, 0.8981840042400328628 ) ;
#9351 = ORIENTED_EDGE ( 'NONE', *, *, #1913, .T. ) ;
#9352 = CARTESIAN_POINT ( 'NONE',  ( 710.2287122544266822, 902.1553422528094188, 1222.944594319091266 ) ) ;
#9353 = ADVANCED_FACE ( 'NONE', ( #1123 ), #8614, .F. ) ;
#9354 = CARTESIAN_POINT ( 'NONE',  ( 732.3765166830303315, 887.1978626291552246, 1196.692937353444449 ) ) ;
#9355 = CARTESIAN_POINT ( 'NONE',  ( 708.1055257328334847, 903.6842673105475114, 1214.235664879092610 ) ) ;
#9356 = CARTESIAN_POINT ( 'NONE',  ( 707.9662438421864863, 908.0272409405364442, 1239.380460436408839 ) ) ;
#9357 = ORIENTED_EDGE ( 'NONE', *, *, #739, .F. ) ;
#9358 = B_SPLINE_SURFACE_WITH_KNOTS ( 'NONE', 3, 1, ( 
 ( #9479, #3184 ),
 ( #1687, #3337 ),
 ( #7973, #1741 ),
 ( #8032, #4121 ),
 ( #7252, #197 ),
 ( #6644, #8132 ) ),
 .UNSPECIFIED., .F., .F., .F.,
 ( 4, 1, 1, 4 ),
 ( 2, 2 ),
 ( 0.000000000000000000, 0.3395620866332510479, 0.7109345430498769103, 1.000000000000000000 ),
 ( 0.000000000000000000, 1.000000000000000000 ),
 .UNSPECIFIED. ) ;
#9359 = VERTEX_POINT ( 'NONE', #3741 ) ;
#9360 = ORIENTED_EDGE ( 'NONE', *, *, #10148, .F. ) ;
#9361 = DIRECTION ( 'NONE',  ( 0.5845683251975072325, -0.3375006799125115364, -0.7378164841167307308 ) ) ;
#9362 = LINE ( 'NONE', #4468, #5137 ) ;
#9363 = EDGE_CURVE ( 'NONE', #5218, #6740, #4349, .T. ) ;
#9364 = CARTESIAN_POINT ( 'NONE',  ( 710.7280409839596587, 902.9686150021494768, 1217.761719055028834 ) ) ;
#9365 = CARTESIAN_POINT ( 'NONE',  ( 716.1742659546955565, 898.6385392621239134, 1194.873114823515834 ) ) ;
#9366 = B_SPLINE_CURVE_WITH_KNOTS ( 'NONE', 3,
 ( #5241, #9918, #8317, #5189, #1266, #2850, #2950, #9250 ),
 .UNSPECIFIED., .F., .F.,
 ( 4, 2, 2, 4 ),
 ( 0.000000000000000000, 0.0005319171944685124973, 0.001063834388937024995, 0.002127668777874067337 ),
 .UNSPECIFIED. ) ;
#9367 = CARTESIAN_POINT ( 'NONE',  ( 740.4688437127607585, 885.7977545407604794, 1205.460373028193771 ) ) ;
#9368 = B_SPLINE_CURVE_WITH_KNOTS ( 'NONE', 3,
 ( #3525, #9810, #5893, #9037 ),
 .UNSPECIFIED., .F., .F.,
 ( 4, 4 ),
 ( 0.0009352727177709780834, 0.002387895279818647108 ),
 .UNSPECIFIED. ) ;
#9369 = CARTESIAN_POINT ( 'NONE',  ( 739.5154535961997908, 884.8917247877816408, 1208.701262003304464 ) ) ;
#9370 = VERTEX_POINT ( 'NONE', #6107 ) ;
#9371 = CARTESIAN_POINT ( 'NONE',  ( 730.7759706398376238, 890.2923770928837257, 1231.816789274840858 ) ) ;
#9372 = ORIENTED_EDGE ( 'NONE', *, *, #931, .F. ) ;
#9373 = CARTESIAN_POINT ( 'NONE',  ( 709.7796331782075185, 903.5161785041020721, 1218.628592974568846 ) ) ;
#9374 = CARTESIAN_POINT ( 'NONE',  ( 712.0260321604574756, 901.0335231598887731, 1198.876645878563977 ) ) ;
#9375 = EDGE_CURVE ( 'NONE', #1017, #10133, #9362, .T. ) ;
#9376 = ADVANCED_FACE ( 'NONE', ( #537 ), #2348, .F. ) ;
#9377 = FACE_OUTER_BOUND ( 'NONE', #1053, .T. ) ;
#9378 = CARTESIAN_POINT ( 'NONE',  ( 710.5405419718755411, 901.4625306067699739, 1209.907228023468861 ) ) ;
#9379 = CARTESIAN_POINT ( 'NONE',  ( 720.1686303445394515, 896.7195014016997447, 1231.581864175129112 ) ) ;
#9380 = CARTESIAN_POINT ( 'NONE',  ( 728.5270496295096336, 892.2896632589926185, 1192.791555590523330 ) ) ;
#9381 = VERTEX_POINT ( 'NONE', #8478 ) ;
#9382 = CARTESIAN_POINT ( 'NONE',  ( 717.1800848525040237, 879.2510169669742481, 1212.380460436409521 ) ) ;
#9383 = CARTESIAN_POINT ( 'NONE',  ( 715.5805350122313939, 890.5665646064456951, 1218.741290235939687 ) ) ;
#9384 = ORIENTED_EDGE ( 'NONE', *, *, #4304, .F. ) ;
#9385 =( LENGTH_UNIT ( ) NAMED_UNIT ( * ) SI_UNIT ( .MILLI., .METRE. ) );
#9386 = DIRECTION ( 'NONE',  ( 0.5845683251975080097, -0.3375006799125091494, -0.7378164841167310639 ) ) ;
#9387 = EDGE_CURVE ( 'NONE', #6325, #8311, #4110, .T. ) ;
#9388 = CARTESIAN_POINT ( 'NONE',  ( 739.6774161921612176, 886.2546854328226118, 1203.552528489304677 ) ) ;
#9389 = CARTESIAN_POINT ( 'NONE',  ( 711.8523382943141087, 902.3195016473669057, 1203.860972587336391 ) ) ;
#9390 = DIRECTION ( 'NONE',  ( 0.4999999999999988343, 0.8660254037844394848, -2.975261781898571487E-15 ) ) ;
#9391 = ORIENTED_EDGE ( 'NONE', *, *, #3002, .T. ) ;
#9392 = CARTESIAN_POINT ( 'NONE',  ( 780.5717232886125885, 877.7515916644260869, 1231.472343528445890 ) ) ;
#9393 = CARTESIAN_POINT ( 'NONE',  ( 722.0105458358227679, 894.9981270213248763, 1228.900786333515271 ) ) ;
#9394 = CARTESIAN_POINT ( 'NONE',  ( 716.3358509985482669, 903.1950459957990915, 1190.196798703381546 ) ) ;
#9395 = CARTESIAN_POINT ( 'NONE',  ( 728.8370950929725041, 899.4415509678165108, 1212.380460436409066 ) ) ;
#9396 = VERTEX_POINT ( 'NONE', #1431 ) ;
#9397 = ORIENTED_EDGE ( 'NONE', *, *, #4669, .T. ) ;
#9398 = CARTESIAN_POINT ( 'NONE',  ( 718.5972640362639368, 897.6268593767946413, 1230.903234202312888 ) ) ;
#9399 = ADVANCED_FACE ( 'NONE', ( #9203 ), #684, .T. ) ;
#9400 = CARTESIAN_POINT ( 'NONE',  ( 736.3286864591182166, 888.1880754456382192, 1198.721213665862933 ) ) ;
#9401 = VERTEX_POINT ( 'NONE', #699 ) ;
#9402 = FACE_OUTER_BOUND ( 'NONE', #1092, .T. ) ;
#9403 = CARTESIAN_POINT ( 'NONE',  ( 712.8675088444717858, 901.7333926569601772, 1222.823319491588563 ) ) ;
#9404 = CONICAL_SURFACE ( 'NONE', #1170, 18.17967805303275597, 0.8981840042400328628 ) ;
#9405 = CARTESIAN_POINT ( 'NONE',  ( 713.3895112889291568, 908.3602176354103221, 1212.380460436409066 ) ) ;
#9406 = ORIENTED_EDGE ( 'NONE', *, *, #9549, .T. ) ;
#9407 = EDGE_LOOP ( 'NONE', ( #3362, #3286, #9548, #2591 ) ) ;
#9408 = DIRECTION ( 'NONE',  ( 0.5845683251975580808, -0.3375006799125446211, -0.7378164841166753307 ) ) ;
#9409 = CARTESIAN_POINT ( 'NONE',  ( 725.8370950929727314, 894.2453985451099925, 1212.380460436409521 ) ) ;
#9410 = FACE_OUTER_BOUND ( 'NONE', #5110, .T. ) ;
#9411 = B_SPLINE_CURVE_WITH_KNOTS ( 'NONE', 3,
 ( #966, #4114, #6429, #6585 ),
 .UNSPECIFIED., .F., .F.,
 ( 4, 4 ),
 ( 1.005213304158859448E-05, 0.001341057332774122594 ),
 .UNSPECIFIED. ) ;
#9412 = CIRCLE ( 'NONE', #9739, 18.17967805303275597 ) ;
#9413 = CARTESIAN_POINT ( 'NONE',  ( 739.2660829120140988, 886.4921688128423511, 1222.018606128747251 ) ) ;
#9414 = FACE_OUTER_BOUND ( 'NONE', #10143, .T. ) ;
#9415 = FACE_OUTER_BOUND ( 'NONE', #9898, .T. ) ;
#9416 = CARTESIAN_POINT ( 'NONE',  ( 739.4613132098110100, 884.9228845967106736, 1208.430887505840474 ) ) ;
#9417 = ORIENTED_EDGE ( 'NONE', *, *, #5972, .T. ) ;
#9418 = FACE_OUTER_BOUND ( 'NONE', #709, .T. ) ;
#9419 = EDGE_CURVE ( 'NONE', #6357, #7809, #7296, .T. ) ;
#9420 = EDGE_LOOP ( 'NONE', ( #8643, #5385, #2121, #5880, #5820 ) ) ;
#9421 = CARTESIAN_POINT ( 'NONE',  ( 780.5717232886125885, 915.9353578484996206, 1193.288577344372243 ) ) ;
#9422 = CARTESIAN_POINT ( 'NONE',  ( 715.9417502397618591, 890.3580168975954621, 1205.586241295160107 ) ) ;
#9423 = CARTESIAN_POINT ( 'NONE',  ( 711.8342665668800464, 900.5608190394428902, 1220.143719532372870 ) ) ;
#9424 = CARTESIAN_POINT ( 'NONE',  ( 717.3358509985482669, 904.9270968033680447, 1190.196798703381546 ) ) ;
#9425 = CARTESIAN_POINT ( 'NONE',  ( 727.2873556601008431, 891.1800603344702267, 1195.144952167627025 ) ) ;
#9426 = CARTESIAN_POINT ( 'NONE',  ( 718.0195390871372183, 898.7588666094843575, 1229.739695112409436 ) ) ;
#9427 = VERTEX_POINT ( 'NONE', #6061 ) ;
#9428 = CARTESIAN_POINT ( 'NONE',  ( 710.1089062167250177, 903.3260726266773872, 1218.399276298206132 ) ) ;
#9429 = CARTESIAN_POINT ( 'NONE',  ( 715.3168540804432496, 900.3192625256336896, 1197.042230102013264 ) ) ;
#9430 = EDGE_CURVE ( 'NONE', #406, #8921, #6613, .T. ) ;
#9431 = FACE_OUTER_BOUND ( 'NONE', #1077, .T. ) ;
#9432 = EDGE_CURVE ( 'NONE', #9348, #3674, #2132, .T. ) ;
#9433 = AXIS2_PLACEMENT_3D ( 'NONE', #3944, #3848, #1624 ) ;
#9434 = CYLINDRICAL_SURFACE ( 'NONE', #3689, 2.200000000000022382 ) ;
#9435 = ORIENTED_EDGE ( 'NONE', *, *, #10027, .T. ) ;
#9436 = FACE_OUTER_BOUND ( 'NONE', #1952, .T. ) ;
#9437 = CARTESIAN_POINT ( 'NONE',  ( 738.4036625986061608, 884.0105249879333087, 1204.181972264682372 ) ) ;
#9438 = DIRECTION ( 'NONE',  ( -0.4999999999999988343, -0.8660254037844394848, 2.975261781898571487E-15 ) ) ;
#9439 = CARTESIAN_POINT ( 'NONE',  ( 730.5564838050680692, 888.8388742691743118, 1195.955840629080967 ) ) ;
#9440 = CIRCLE ( 'NONE', #3016, 20.69836085483313681 ) ;
#9441 = B_SPLINE_SURFACE_WITH_KNOTS ( 'NONE', 3, 1, ( 
 ( #4241, #8145 ),
 ( #4134, #7375 ),
 ( #3299, #1908 ),
 ( #5883, #7322 ),
 ( #1761, #209 ),
 ( #1198, #6501 ) ),
 .UNSPECIFIED., .F., .F., .F.,
 ( 4, 1, 1, 4 ),
 ( 2, 2 ),
 ( 0.000000000000000000, 0.2890654569501156512, 0.6604379133667447332, 1.000000000000000000 ),
 ( 0.000000000000000000, 1.000000000000000000 ),
 .UNSPECIFIED. ) ;
#9442 = VERTEX_POINT ( 'NONE', #10084 ) ;
#9443 = CARTESIAN_POINT ( 'NONE',  ( 738.8322323230345319, 885.2861756783427154, 1206.136048817893652 ) ) ;
#9444 = FACE_OUTER_BOUND ( 'NONE', #1287, .T. ) ;
#9445 = CARTESIAN_POINT ( 'NONE',  ( 717.1800848525040237, 879.2510169669742481, 1212.380460436409521 ) ) ;
#9446 = ADVANCED_FACE ( 'NONE', ( #5251 ), #793, .F. ) ;
#9447 = ORIENTED_EDGE ( 'NONE', *, *, #8680, .F. ) ;
#9448 = VECTOR ( 'NONE', #1895, 1000.000000000000114 ) ;
#9449 = DIRECTION ( 'NONE',  ( 0.5845683251975080097, -0.3375006799125091494, -0.7378164841167310639 ) ) ;
#9450 = CARTESIAN_POINT ( 'NONE',  ( 738.1522928124654754, 885.9495195395356859, 1226.476254113215191 ) ) ;
#9451 = CIRCLE ( 'NONE', #6279, 20.44804870789273821 ) ;
#9452 = LINE ( 'NONE', #8672, #6855 ) ;
#9453 = DATE_AND_TIME ( #8389, #2490 ) ;
#9454 = EDGE_CURVE ( 'NONE', #5845, #900, #3616, .T. ) ;
#9455 = ORIENTED_EDGE ( 'NONE', *, *, #5062, .F. ) ;
#9456 = ORIENTED_EDGE ( 'NONE', *, *, #6846, .T. ) ;
#9457 = DIRECTION ( 'NONE',  ( -1.187906248681544795E-14, 0.000000000000000000, -1.000000000000000000 ) ) ;
#9458 = CARTESIAN_POINT ( 'NONE',  ( 712.1035956071806368, 900.7179612813129097, 1204.788960850315789 ) ) ;
#9459 = CARTESIAN_POINT ( 'NONE',  ( 738.4327138056216882, 887.0071884746154183, 1225.463178868855721 ) ) ;
#9460 = DIRECTION ( 'NONE',  ( -0.000000000000000000, 0.7071067811865526798, 0.7071067811865424657 ) ) ;
#9461 = ORIENTED_EDGE ( 'NONE', *, *, #2755, .T. ) ;
#9462 = CARTESIAN_POINT ( 'NONE',  ( 713.1599419346325703, 900.4629960078859767, 1227.159534107505579 ) ) ;
#9463 = CARTESIAN_POINT ( 'NONE',  ( 740.6822498365183947, 885.6745444577622948, 1206.095541384598846 ) ) ;
#9464 = CARTESIAN_POINT ( 'NONE',  ( 739.5689312042835581, 884.8607885023086510, 1208.989882538831353 ) ) ;
#9465 = EDGE_CURVE ( 'NONE', #1031, #7958, #1989, .T. ) ;
#9466 = ORIENTED_EDGE ( 'NONE', *, *, #8071, .F. ) ;
#9467 = FACE_OUTER_BOUND ( 'NONE', #1319, .T. ) ;
#9468 = VERTEX_POINT ( 'NONE', #4095 ) ;
#9469 = CARTESIAN_POINT ( 'NONE',  ( 714.9890650835811812, 897.8267276585985428, 1198.568668479025519 ) ) ;
#9470 = CARTESIAN_POINT ( 'NONE',  ( 717.1800848525040237, 879.2510169669742481, 1212.380460436409521 ) ) ;
#9471 = CARTESIAN_POINT ( 'NONE',  ( 710.2343792078006572, 901.4844041710782676, 1211.758458982488719 ) ) ;
#9472 = EDGE_CURVE ( 'NONE', #5763, #8134, #9143, .T. ) ;
#9473 = CARTESIAN_POINT ( 'NONE',  ( 742.2058338239930890, 885.5864882788283694, 1216.601245543200776 ) ) ;
#9474 = VECTOR ( 'NONE', #73, 1000.000000000000114 ) ;
#9475 = CARTESIAN_POINT ( 'NONE',  ( 720.0919143931396320, 896.3766838815992060, 1231.915752199398639 ) ) ;
#9476 = CARTESIAN_POINT ( 'NONE',  ( 714.0119869261582153, 897.8006288277764497, 1226.020743871130662 ) ) ;
#9477 = ORIENTED_EDGE ( 'NONE', *, *, #8658, .F. ) ;
#9478 = FACE_OUTER_BOUND ( 'NONE', #6661, .T. ) ;
#9479 = CARTESIAN_POINT ( 'NONE',  ( 717.1800848525040237, 879.2510169669742481, 1212.380460436409521 ) ) ;
#9480 = CARTESIAN_POINT ( 'NONE',  ( 714.4267990601842939, 900.0345492393728364, 1196.784388438322821 ) ) ;
#9481 = ORIENTED_EDGE ( 'NONE', *, *, #3820, .T. ) ;
#9482 = AXIS2_PLACEMENT_3D ( 'NONE', #947, #7225, #1773 ) ;
#9483 = CARTESIAN_POINT ( 'NONE',  ( 709.4975575547342714, 903.6790349412460728, 1215.556421529424142 ) ) ;
#9484 = EDGE_CURVE ( 'NONE', #6876, #6767, #3972, .T. ) ;
#9485 = CARTESIAN_POINT ( 'NONE',  ( 724.4202779218370551, 891.7913992196671416, 1212.380460436409521 ) ) ;
#9486 = CARTESIAN_POINT ( 'NONE',  ( 708.8203965855641400, 903.6673046987413045, 1208.325142283748619 ) ) ;
#9487 = CARTESIAN_POINT ( 'NONE',  ( 742.4047446042471847, 884.6800616399364117, 1216.484839070385078 ) ) ;
#9488 = CARTESIAN_POINT ( 'NONE',  ( 740.4036565649743125, 885.8353903580831457, 1203.261921043583698 ) ) ;
#9489 = AXIS2_PLACEMENT_3D ( 'NONE', #3412, #7999, #2473 ) ;
#9490 = EDGE_LOOP ( 'NONE', ( #9321, #9737, #2910, #4598 ) ) ;
#9491 = B_SPLINE_CURVE_WITH_KNOTS ( 'NONE', 3,
 ( #7745, #2224, #3629, #8523, #9969, #2123, #5239, #8369 ),
 .UNSPECIFIED., .F., .F.,
 ( 4, 2, 2, 4 ),
 ( 0.000000000000000000, 0.0005319171944524187087, 0.001063834388904837417, 0.002127668777809674835 ),
 .UNSPECIFIED. ) ;
#9492 = DIRECTION ( 'NONE',  ( -0.7745966692414802957, 0.4472135954999605367, 0.4472135954999605367 ) ) ;
#9493 = ORIENTED_EDGE ( 'NONE', *, *, #4597, .F. ) ;
#9494 = CARTESIAN_POINT ( 'NONE',  ( 730.0112800222295846, 891.8354317525563602, 1193.864819704424690 ) ) ;
#9495 = CONICAL_SURFACE ( 'NONE', #4242, 20.44804870789273821, 0.7096869864122512528 ) ;
#9496 = EDGE_CURVE ( 'NONE', #8464, #8911, #1151, .T. ) ;
#9497 = EDGE_CURVE ( 'NONE', #8767, #3956, #2477, .T. ) ;
#9498 = ORIENTED_EDGE ( 'NONE', *, *, #1398, .T. ) ;
#9499 = CARTESIAN_POINT ( 'NONE',  ( 713.1712235953179970, 900.1015659749675706, 1222.045601134007256 ) ) ;
#9500 = CARTESIAN_POINT ( 'NONE',  ( 717.1800848525040237, 879.2510169669742481, 1212.380460436409521 ) ) ;
#9501 = CARTESIAN_POINT ( 'NONE',  ( 708.6972365326929548, 902.9554042116565142, 1219.418794937319717 ) ) ;
#9502 = CONICAL_SURFACE ( 'NONE', #5728, 18.17967805303275597, 0.8981840042400328628 ) ;
#9503 = ORIENTED_EDGE ( 'NONE', *, *, #315, .F. ) ;
#9504 = ORIENTED_EDGE ( 'NONE', *, *, #3088, .F. ) ;
#9505 = CARTESIAN_POINT ( 'NONE',  ( 738.1086776203828776, 887.1603970695269936, 1200.867555411618241 ) ) ;
#9506 = CARTESIAN_POINT ( 'NONE',  ( 725.4402601148537997, 893.2888150394486502, 1232.828065986234378 ) ) ;
#9507 = CARTESIAN_POINT ( 'NONE',  ( 727.8159195999655822, 893.1029236833184086, 1194.266529623816041 ) ) ;
#9508 = EDGE_CURVE ( 'NONE', #2756, #10189, #8025, .T. ) ;
#9509 = CARTESIAN_POINT ( 'NONE',  ( 716.1858085731255414, 906.7457746456450423, 1234.086781508788363 ) ) ;
#9510 = CARTESIAN_POINT ( 'NONE',  ( 713.9809851719586504, 901.8821122459170283, 1225.102120035469852 ) ) ;
#9511 = CARTESIAN_POINT ( 'NONE',  ( 716.3226090600929865, 899.7385896173941546, 1226.962565017289990 ) ) ;
#9512 = VERTEX_POINT ( 'NONE', #3310 ) ;
#9513 = CARTESIAN_POINT ( 'NONE',  ( 734.4000021916616561, 889.3016018266361016, 1197.032002178659468 ) ) ;
#9514 = ORIENTED_EDGE ( 'NONE', *, *, #1360, .F. ) ;
#9515 = CARTESIAN_POINT ( 'NONE',  ( 717.1800848525040237, 879.2510169669742481, 1212.380460436409521 ) ) ;
#9516 = VERTEX_POINT ( 'NONE', #9506 ) ;
#9517 = CARTESIAN_POINT ( 'NONE',  ( 715.7262190561829129, 890.4824538844534345, 1205.838180036867925 ) ) ;
#9518 = LINE ( 'NONE', #9422, #7257 ) ;
#9519 = EDGE_CURVE ( 'NONE', #3159, #9516, #3304, .T. ) ;
#9520 = CARTESIAN_POINT ( 'NONE',  ( 734.8458716876749577, 889.8332500591100143, 1228.506798901023330 ) ) ;
#9521 = CARTESIAN_POINT ( 'NONE',  ( 727.2976825990093630, 891.9455971878563787, 1195.626122342134295 ) ) ;
#9522 = CARTESIAN_POINT ( 'NONE',  ( 729.0113554092527011, 890.9561705458831966, 1196.033204930950433 ) ) ;
#9523 = B_SPLINE_CURVE_WITH_KNOTS ( 'NONE', 1,
 ( #4305, #9710 ),
 .UNSPECIFIED., .F., .F.,
 ( 2, 2 ),
 ( 0.000000000000000000, 0.002900000000004850087 ),
 .UNSPECIFIED. ) ;
#9524 = CARTESIAN_POINT ( 'NONE',  ( 724.4202779218370551, 891.7913992196671416, 1212.380460436409521 ) ) ;
#9525 = ORIENTED_EDGE ( 'NONE', *, *, #5743, .F. ) ;
#9526 = CARTESIAN_POINT ( 'NONE',  ( 714.1946787983157492, 898.2854828645722591, 1199.365091938340129 ) ) ;
#9527 = ORIENTED_EDGE ( 'NONE', *, *, #5383, .F. ) ;
#9528 = CARTESIAN_POINT ( 'NONE',  ( 739.1072514833073228, 886.5838701809619806, 1224.547322682295089 ) ) ;
#9529 = CARTESIAN_POINT ( 'NONE',  ( 708.2440086386022813, 903.7442539414846578, 1214.287549625860493 ) ) ;
#9530 = APPROVAL ( #1285, 'UNSPECIFIED' ) ;
#9531 = EDGE_LOOP ( 'NONE', ( #1218, #5156, #3533, #6057, #2946 ) ) ;
#9532 = DIRECTION ( 'NONE',  ( 0.5845683251975080097, -0.3375006799125091494, -0.7378164841167310639 ) ) ;
#9533 = CARTESIAN_POINT ( 'NONE',  ( 717.1800848525040237, 879.2510169669742481, 1212.380460436409521 ) ) ;
#9534 = CARTESIAN_POINT ( 'NONE',  ( 741.9345815247925202, 884.5488211100825993, 1205.928075946697390 ) ) ;
#9535 = CARTESIAN_POINT ( 'NONE',  ( 731.0714579894772669, 889.6090007173003187, 1196.782586497942248 ) ) ;
#9536 = CARTESIAN_POINT ( 'NONE',  ( 722.4175988792002272, 894.7631359177050854, 1228.998937313333954 ) ) ;
#9537 = VERTEX_POINT ( 'NONE', #2531 ) ;
#9538 = ORIENTED_EDGE ( 'NONE', *, *, #2155, .T. ) ;
#9539 = CARTESIAN_POINT ( 'NONE',  ( 719.9594487423612463, 896.1823716748558581, 1228.186379192782169 ) ) ;
#9540 = ADVANCED_FACE ( 'NONE', ( #9604 ), #5652, .F. ) ;
#9541 = VERTEX_POINT ( 'NONE', #5496 ) ;
#9542 = CARTESIAN_POINT ( 'NONE',  ( 717.1800848525040237, 879.2510169669742481, 1212.380460436409521 ) ) ;
#9543 = CARTESIAN_POINT ( 'NONE',  ( 736.2903639054018186, 888.2102009823424851, 1198.682141994071344 ) ) ;
#9544 = B_SPLINE_CURVE_WITH_KNOTS ( 'NONE', 3,
 ( #9598, #9264, #8485, #4923, #4578, #9314, #2187, #7709, #653, #8048 ),
 .UNSPECIFIED., .F., .F.,
 ( 4, 3, 3, 4 ),
 ( 0.000000000000000000, 0.0001770953904236289439, 0.0003541907790576762213, 0.0006813326750119712196 ),
 .UNSPECIFIED. ) ;
#9545 = CARTESIAN_POINT ( 'NONE',  ( 714.3830974658216064, 900.8583671584430022, 1199.794239752243584 ) ) ;
#9546 = CARTESIAN_POINT ( 'NONE',  ( 737.6553000537746811, 887.4560285135157756, 1198.364993856938099 ) ) ;
#9547 = CARTESIAN_POINT ( 'NONE',  ( 714.2788419940412723, 898.8425872030687742, 1224.615312084802554 ) ) ;
#9548 = ORIENTED_EDGE ( 'NONE', *, *, #7543, .F. ) ;
#9549 = EDGE_CURVE ( 'NONE', #2667, #9179, #3852, .T. ) ;
#9550 = EDGE_LOOP ( 'NONE', ( #3664, #3003, #1412, #10033, #8541 ) ) ;
#9551 = LINE ( 'NONE', #7175, #9118 ) ;
#9552 = EDGE_CURVE ( 'NONE', #9924, #8462, #7128, .T. ) ;
#9553 = CARTESIAN_POINT ( 'NONE',  ( 717.1800848525040237, 879.2510169669742481, 1212.380460436409521 ) ) ;
#9554 = DIRECTION ( 'NONE',  ( 0.5845683251975080097, -0.3375006799125091494, -0.7378164841167310639 ) ) ;
#9555 = VERTEX_POINT ( 'NONE', #9760 ) ;
#9556 = CARTESIAN_POINT ( 'NONE',  ( 708.1040538907175232, 903.2978783696797791, 1217.152143731561409 ) ) ;
#9557 = CIRCLE ( 'NONE', #1507, 1.200000000000046141 ) ;
#9558 = CARTESIAN_POINT ( 'NONE',  ( 731.0512085568281009, 891.2350287331677237, 1193.763820063067897 ) ) ;
#9559 = CARTESIAN_POINT ( 'NONE',  ( 738.5938823893086465, 883.9007015405665015, 1220.135335397825884 ) ) ;
#9560 = VERTEX_POINT ( 'NONE', #1868 ) ;
#9561 = DIRECTION ( 'NONE',  ( 0.000000000000000000, 0.7071067811865424657, -0.7071067811865526798 ) ) ;
#9562 = EDGE_LOOP ( 'NONE', ( #9615, #8880, #9349, #9504 ) ) ;
#9563 = CARTESIAN_POINT ( 'NONE',  ( 727.4065545046353236, 893.8835762153776159, 1231.483987479657799 ) ) ;
#9564 = ORIENTED_EDGE ( 'NONE', *, *, #9078, .T. ) ;
#9565 = CARTESIAN_POINT ( 'NONE',  ( 773.9253207242722965, 873.4098517623025373, 1224.302176501576241 ) ) ;
#9566 = EDGE_CURVE ( 'NONE', #7495, #6548, #5462, .T. ) ;
#9567 = CIRCLE ( 'NONE', #5621, 18.17967805303275597 ) ;
#9568 = CARTESIAN_POINT ( 'NONE',  ( 717.3358509985482669, 904.9270968033680447, 1190.196798703381546 ) ) ;
#9569 = LINE ( 'NONE', #2604, #3204 ) ;
#9570 = DIRECTION ( 'NONE',  ( 0.5845683251975030137, -0.3375006799125114809, -0.7378164841167340615 ) ) ;
#9571 = DIRECTION ( 'NONE',  ( 0.8660254037844441477, -0.4999999999999902855, 0.000000000000000000 ) ) ;
#9572 = CIRCLE ( 'NONE', #5956, 20.69836085483313681 ) ;
#9573 = CARTESIAN_POINT ( 'NONE',  ( 717.3515782169619115, 899.1445139976883638, 1228.813822314345771 ) ) ;
#9574 = ORIENTED_EDGE ( 'NONE', *, *, #5161, .T. ) ;
#9575 = CARTESIAN_POINT ( 'NONE',  ( 732.8195096824426855, 891.0056850486533904, 1195.017352865376324 ) ) ;
#9576 = ORIENTED_EDGE ( 'NONE', *, *, #9454, .T. ) ;
#9577 = CARTESIAN_POINT ( 'NONE',  ( 739.8846482639739861, 884.3659236157458281, 1213.518071780680430 ) ) ;
#9578 = EDGE_CURVE ( 'NONE', #1875, #9035, #9412, .T. ) ;
#9579 = VERTEX_POINT ( 'NONE', #9707 ) ;
#9580 = CARTESIAN_POINT ( 'NONE',  ( 717.1800848525040237, 879.2510169669742481, 1212.380460436409521 ) ) ;
#9581 = CIRCLE ( 'NONE', #3319, 19.56600634797374383 ) ;
#9582 = ORIENTED_EDGE ( 'NONE', *, *, #6312, .T. ) ;
#9583 = CC_DESIGN_APPROVAL ( #835, ( #8089 ) ) ;
#9584 = CARTESIAN_POINT ( 'NONE',  ( 717.1800848525040237, 879.2510169669742481, 1212.380460436409521 ) ) ;
#9585 = CARTESIAN_POINT ( 'NONE',  ( 715.4474020044192457, 896.9718915459396840, 1227.318689619998395 ) ) ;
#9586 = B_SPLINE_CURVE_WITH_KNOTS ( 'NONE', 3,
 ( #1453, #9332, #5270, #9280, #8501, #5319, #6956, #5081 ),
 .UNSPECIFIED., .F., .F.,
 ( 4, 2, 2, 4 ),
 ( 0.000000000000000000, 0.0005319171944652113185, 0.001063834388930422637, 0.002127668777860628000 ),
 .UNSPECIFIED. ) ;
#9587 = CARTESIAN_POINT ( 'NONE',  ( 718.0241945588309136, 898.7900525555119202, 1229.715497861550830 ) ) ;
#9588 = CARTESIAN_POINT ( 'NONE',  ( 735.0371427229312076, 887.3194115689130967, 1225.012888515070927 ) ) ;
#9589 = CARTESIAN_POINT ( 'NONE',  ( 741.1487567920686388, 884.2195102542954146, 1203.203768073853325 ) ) ;
#9590 = ORIENTED_EDGE ( 'NONE', *, *, #5588, .F. ) ;
#9591 = CARTESIAN_POINT ( 'NONE',  ( 731.0512085568281009, 891.2350287331677237, 1193.763820063067897 ) ) ;
#9592 = VERTEX_POINT ( 'NONE', #8934 ) ;
#9593 = CARTESIAN_POINT ( 'NONE',  ( 741.2177581573691896, 885.3653685845657719, 1216.612930179018122 ) ) ;
#9594 = B_SPLINE_CURVE_WITH_KNOTS ( 'NONE', 1,
 ( #2787, #8305 ),
 .UNSPECIFIED., .F., .F.,
 ( 2, 2 ),
 ( 0.000000000000000000, 0.002900000000002849951 ),
 .UNSPECIFIED. ) ;
#9595 = CARTESIAN_POINT ( 'NONE',  ( 709.6444011081154031, 903.5942547761727610, 1212.543085383975722 ) ) ;
#9596 = EDGE_CURVE ( 'NONE', #1580, #10062, #10007, .T. ) ;
#9597 = DIRECTION ( 'NONE',  ( -0.5845683251975072325, 0.3375006799125115364, 0.7378164841167307308 ) ) ;
#9598 = CARTESIAN_POINT ( 'NONE',  ( 710.1975683045593541, 903.2748835463988826, 1209.694949483121945 ) ) ;
#9599 = DIRECTION ( 'NONE',  ( -0.4999999999999988343, -0.8660254037844394848, 2.975261781898571487E-15 ) ) ;
#9600 = CONICAL_SURFACE ( 'NONE', #6478, 18.17967805303275597, 0.8981840042400328628 ) ;
#9601 = B_SPLINE_SURFACE_WITH_KNOTS ( 'NONE', 3, 1, ( 
 ( #9542, #2468 ),
 ( #5623, #7994 ),
 ( #936, #1517 ),
 ( #158, #6201 ),
 ( #3110, #9352 ),
 ( #6252, #2276 ) ),
 .UNSPECIFIED., .F., .F., .F.,
 ( 4, 1, 1, 4 ),
 ( 2, 2 ),
 ( 0.000000000000000000, 0.3395620866332510479, 0.7109345430498769103, 1.000000000000000000 ),
 ( 0.000000000000000000, 1.000000000000000000 ),
 .UNSPECIFIED. ) ;
#9602 = ORIENTED_EDGE ( 'NONE', *, *, #7727, .F. ) ;
#9603 = ORIENTED_EDGE ( 'NONE', *, *, #6182, .F. ) ;
#9604 = FACE_OUTER_BOUND ( 'NONE', #862, .T. ) ;
#9605 = CARTESIAN_POINT ( 'NONE',  ( 717.1800848525040237, 879.2510169669742481, 1212.380460436409521 ) ) ;
#9606 = VERTEX_POINT ( 'NONE', #6514 ) ;
#9607 = CARTESIAN_POINT ( 'NONE',  ( 713.4892013493174545, 899.9178903707896779, 1202.207945087187227 ) ) ;
#9608 = AXIS2_PLACEMENT_3D ( 'NONE', #774, #10157, #2884 ) ;
#9609 = B_SPLINE_CURVE_WITH_KNOTS ( 'NONE', 3,
 ( #599, #4580, #1283, #9831, #6839, #9987, #5912, #9055, #1986, #5155 ),
 .UNSPECIFIED., .F., .F.,
 ( 4, 3, 3, 4 ),
 ( 0.000000000000000000, 0.0001770958401173328492, 0.0003541916793411584250, 0.0006316937728062551986 ),
 .UNSPECIFIED. ) ;
#9610 = EDGE_CURVE ( 'NONE', #2319, #2393, #7662, .T. ) ;
#9611 = CARTESIAN_POINT ( 'NONE',  ( 775.2571674357111533, 871.8434747564627969, 1212.380460436409294 ) ) ;
#9612 = CARTESIAN_POINT ( 'NONE',  ( 717.1800848525040237, 879.2510169669742481, 1212.380460436409521 ) ) ;
#9613 = VERTEX_POINT ( 'NONE', #4199 ) ;
#9614 = CARTESIAN_POINT ( 'NONE',  ( 717.1800848525040237, 879.2510169669742481, 1212.380460436409521 ) ) ;
#9615 = ORIENTED_EDGE ( 'NONE', *, *, #7067, .F. ) ;
#9616 = CARTESIAN_POINT ( 'NONE',  ( 731.4396291355294579, 889.5543028099762068, 1197.059430479346474 ) ) ;
#9617 = ORIENTED_EDGE ( 'NONE', *, *, #1127, .T. ) ;
#9618 = CARTESIAN_POINT ( 'NONE',  ( 718.6148677939017944, 896.9585854692327302, 1197.260746103708243 ) ) ;
#9619 = CARTESIAN_POINT ( 'NONE',  ( 736.5911134696905265, 886.4222261399589797, 1223.119988983930398 ) ) ;
#9620 = CARTESIAN_POINT ( 'NONE',  ( 733.1055302690880353, 888.5923975884478523, 1198.120686868019448 ) ) ;
#9621 = FACE_OUTER_BOUND ( 'NONE', #8182, .T. ) ;
#9622 = EDGE_CURVE ( 'NONE', #5247, #3298, #9073, .T. ) ;
#9623 = CARTESIAN_POINT ( 'NONE',  ( 709.4019142453694258, 901.0524706990378263, 1210.185040299908678 ) ) ;
#9624 = EDGE_CURVE ( 'NONE', #1991, #4007, #8101, .T. ) ;
#9625 = CARTESIAN_POINT ( 'NONE',  ( 734.8706291818516547, 887.4155482066860259, 1199.576679066434281 ) ) ;
#9626 = CARTESIAN_POINT ( 'NONE',  ( 738.0595258916553121, 887.1887748333391528, 1223.963030186950164 ) ) ;
#9627 = VERTEX_POINT ( 'NONE', #4931 ) ;
#9628 = CARTESIAN_POINT ( 'NONE',  ( 724.0774386228936237, 893.6468577504336963, 1229.372736642998234 ) ) ;
#9629 = DIRECTION ( 'NONE',  ( -0.4999999999999988343, -0.8660254037844394848, 2.975261781898571487E-15 ) ) ;
#9630 = VERTEX_POINT ( 'NONE', #3417 ) ;
#9631 = DIRECTION ( 'NONE',  ( 0.8660254037844280495, -0.5000000000000182077, 0.000000000000000000 ) ) ;
#9632 = CARTESIAN_POINT ( 'NONE',  ( 717.1800848525040237, 879.2510169669742481, 1212.380460436409521 ) ) ;
#9633 = VERTEX_POINT ( 'NONE', #6569 ) ;
#9634 = CONICAL_SURFACE ( 'NONE', #8649, 20.44804870789273821, 0.7096869864122512528 ) ;
#9635 = CARTESIAN_POINT ( 'NONE',  ( 716.1919082684862587, 898.0449334299875090, 1226.119668576685172 ) ) ;
#9636 = CARTESIAN_POINT ( 'NONE',  ( 727.8340368093698771, 893.0924637075921737, 1230.936156683985928 ) ) ;
#9637 = EDGE_CURVE ( 'NONE', #7851, #6630, #8418, .T. ) ;
#9638 = LINE ( 'NONE', #5729, #2097 ) ;
#9639 = DIRECTION ( 'NONE',  ( -0.4999999999999988343, -0.8660254037844394848, 2.975261781898571487E-15 ) ) ;
#9640 = B_SPLINE_SURFACE_WITH_KNOTS ( 'NONE', 3, 1, ( 
 ( #4817, #7272 ),
 ( #9652, #6565 ),
 ( #1050, #3202 ),
 ( #2470, #5738 ),
 ( #7121, #7327 ),
 ( #4192, #2374 ) ),
 .UNSPECIFIED., .F., .F., .F.,
 ( 4, 1, 1, 4 ),
 ( 2, 2 ),
 ( 0.000000000000000000, 0.3395620866332510479, 0.7109345430498769103, 1.000000000000000000 ),
 ( 0.000000000000000000, 1.000000000000000000 ),
 .UNSPECIFIED. ) ;
#9641 = EDGE_LOOP ( 'NONE', ( #5804, #8806, #6438, #2166 ) ) ;
#9642 = CARTESIAN_POINT ( 'NONE',  ( 718.3618421697465237, 898.5612378325953387, 1228.468732301734690 ) ) ;
#9643 = CARTESIAN_POINT ( 'NONE',  ( 709.7425713179965214, 904.3291616254390419, 1212.487175749981589 ) ) ;
#9644 = ORIENTED_EDGE ( 'NONE', *, *, #8296, .F. ) ;
#9645 = CARTESIAN_POINT ( 'NONE',  ( 728.9399109541984672, 890.8396499719085568, 1195.919542432306343 ) ) ;
#9646 = CARTESIAN_POINT ( 'NONE',  ( 720.1737156071143318, 896.0585842646487436, 1196.481837782456523 ) ) ;
#9647 = EDGE_CURVE ( 'NONE', #9283, #9845, #10099, .T. ) ;
#9648 = AXIS2_PLACEMENT_3D ( 'NONE', #4845, #10205, #3179 ) ;
#9649 = CARTESIAN_POINT ( 'NONE',  ( 713.1686776229721545, 900.1029448304767584, 1202.719815413030574 ) ) ;
#9650 = VECTOR ( 'NONE', #5317, 1000.000000000000114 ) ;
#9651 = ORIENTED_EDGE ( 'NONE', *, *, #2180, .T. ) ;
#9652 = CARTESIAN_POINT ( 'NONE',  ( 717.1800848525040237, 879.2510169669742481, 1212.380460436409521 ) ) ;
#9653 = LINE ( 'NONE', #8096, #4905 ) ;
#9654 = ORIENTED_EDGE ( 'NONE', *, *, #8843, .F. ) ;
#9655 = ORIENTED_EDGE ( 'NONE', *, *, #114, .T. ) ;
#9656 = CARTESIAN_POINT ( 'NONE',  ( 737.7675344763046041, 885.9008792667580110, 1221.107863062612068 ) ) ;
#9657 = AXIS2_PLACEMENT_3D ( 'NONE', #3205, #8474, #5535 ) ;
#9658 = CARTESIAN_POINT ( 'NONE',  ( 724.6052922452438452, 892.8806083707589778, 1229.730934857543389 ) ) ;
#9659 = EDGE_CURVE ( 'NONE', #4651, #9606, #6899, .T. ) ;
#9660 = B_SPLINE_SURFACE_WITH_KNOTS ( 'NONE', 3, 1, ( 
 ( #6921, #2013 ),
 ( #1465, #4504 ),
 ( #6094, #10065 ),
 ( #8306, #10121 ),
 ( #519, #5280 ),
 ( #8364, #9239 ) ),
 .UNSPECIFIED., .F., .F., .F.,
 ( 4, 1, 1, 4 ),
 ( 2, 2 ),
 ( 0.000000000000000000, 0.2890654569501156512, 0.6604379133667447332, 1.000000000000000000 ),
 ( 0.000000000000000000, 1.000000000000000000 ),
 .UNSPECIFIED. ) ;
#9661 = CARTESIAN_POINT ( 'NONE',  ( 776.6383652821941723, 871.8434747564629106, 1222.735799495736728 ) ) ;
#9662 = FACE_OUTER_BOUND ( 'NONE', #6886, .T. ) ;
#9663 = CIRCLE ( 'NONE', #2576, 1.200000000000046141 ) ;
#9664 = CARTESIAN_POINT ( 'NONE',  ( 723.8518837193328181, 894.2058645789753655, 1192.003157484551366 ) ) ;
#9665 = VERTEX_POINT ( 'NONE', #5087 ) ;
#9666 = FACE_OUTER_BOUND ( 'NONE', #647, .T. ) ;
#9667 = ORIENTED_EDGE ( 'NONE', *, *, #3253, .F. ) ;
#9668 = CARTESIAN_POINT ( 'NONE',  ( 731.2011314522874272, 889.6919610221968924, 1196.932868367975516 ) ) ;
#9669 = ORIENTED_EDGE ( 'NONE', *, *, #3592, .T. ) ;
#9670 = CARTESIAN_POINT ( 'NONE',  ( 739.4738682649374368, 885.2706435576484409, 1224.680132763599204 ) ) ;
#9671 = CARTESIAN_POINT ( 'NONE',  ( 742.0582992938594771, 885.6716673795157249, 1217.288721812384210 ) ) ;
#9672 = EDGE_CURVE ( 'NONE', #9097, #3662, #184, .T. ) ;
#9673 = AXIS2_PLACEMENT_3D ( 'NONE', #3100, #9390, #1555 ) ;
#9674 = DIRECTION ( 'NONE',  ( 0.5845683251975080097, -0.3375006799125091494, -0.7378164841167310639 ) ) ;
#9675 = CARTESIAN_POINT ( 'NONE',  ( 723.1933447504653714, 894.5860722299228200, 1192.080912946593571 ) ) ;
#9676 = CARTESIAN_POINT ( 'NONE',  ( 734.8980714059997581, 887.5574734805184107, 1199.680142387937849 ) ) ;
#9677 = CARTESIAN_POINT ( 'NONE',  ( 741.6359374074633024, 885.1239326819545568, 1216.482452662114156 ) ) ;
#9678 = CARTESIAN_POINT ( 'NONE',  ( 726.9259842507143503, 890.3447289961085289, 1230.328420631696190 ) ) ;
#9679 = EDGE_LOOP ( 'NONE', ( #9862, #3677, #4069, #9764 ) ) ;
#9680 = CARTESIAN_POINT ( 'NONE',  ( 715.5785365852809718, 900.1681800610235769, 1226.848132489960790 ) ) ;
#9681 = CARTESIAN_POINT ( 'NONE',  ( 739.3826499637010556, 884.8103898628123716, 1216.817874893693215 ) ) ;
#9682 = ORIENTED_EDGE ( 'NONE', *, *, #4704, .F. ) ;
#9683 = CARTESIAN_POINT ( 'NONE',  ( 725.8370950929727314, 894.2453985451099925, 1212.380460436409521 ) ) ;
#9684 = CARTESIAN_POINT ( 'NONE',  ( 724.9971494586017116, 892.6544786325920313, 1195.025937629045302 ) ) ;
#9685 = EDGE_CURVE ( 'NONE', #8016, #10175, #9368, .T. ) ;
#9686 = EDGE_CURVE ( 'NONE', #9512, #1524, #1004, .T. ) ;
#9687 = EDGE_LOOP ( 'NONE', ( #2128, #8959, #3841, #4933 ) ) ;
#9688 = CARTESIAN_POINT ( 'NONE',  ( 741.6679874778607200, 885.1054285651830469, 1219.357021155924258 ) ) ;
#9689 = CARTESIAN_POINT ( 'NONE',  ( 722.3526883533007776, 896.8014271982990522, 1231.058374959499815 ) ) ;
#9690 = DIRECTION ( 'NONE',  ( -0.5000000000000009992, -0.8660254037844382635, -0.000000000000000000 ) ) ;
#9691 = CARTESIAN_POINT ( 'NONE',  ( 710.7874657242025478, 901.4777753449054671, 1209.325688953741519 ) ) ;
#9692 = ORIENTED_EDGE ( 'NONE', *, *, #4, .F. ) ;
#9693 = CARTESIAN_POINT ( 'NONE',  ( 713.9419743679069370, 899.0370778177077682, 1200.549785654368179 ) ) ;
#9694 = B_SPLINE_CURVE_WITH_KNOTS ( 'NONE', 3,
 ( #6174, #6950, #9423, #7767, #5365, #10101, #8598, #9274 ),
 .UNSPECIFIED., .F., .F.,
 ( 4, 2, 2, 4 ),
 ( 0.000000000000000000, 0.0005319171944614837231, 0.001063834388922967446, 0.002127668777845706776 ),
 .UNSPECIFIED. ) ;
#9695 = EDGE_CURVE ( 'NONE', #8522, #2342, #9854, .T. ) ;
#9696 = ORIENTED_EDGE ( 'NONE', *, *, #2320, .T. ) ;
#9697 = CARTESIAN_POINT ( 'NONE',  ( 741.1351131491809383, 885.4130837022905780, 1216.996421322643755 ) ) ;
#9698 = CARTESIAN_POINT ( 'NONE',  ( 717.1800848525040237, 879.2510169669742481, 1212.380460436409521 ) ) ;
#9699 = CARTESIAN_POINT ( 'NONE',  ( 717.1800848525040237, 879.2510169669742481, 1212.380460436409521 ) ) ;
#9700 = CARTESIAN_POINT ( 'NONE',  ( 717.1800848525040237, 879.2510169669742481, 1212.380460436409521 ) ) ;
#9701 = CARTESIAN_POINT ( 'NONE',  ( 708.9110883726482371, 902.9160727556446773, 1204.889168543610140 ) ) ;
#9702 = CARTESIAN_POINT ( 'NONE',  ( 713.9043193902211897, 898.4530058766434877, 1225.075978344308851 ) ) ;
#9703 = VERTEX_POINT ( 'NONE', #6098 ) ;
#9704 = VERTEX_POINT ( 'NONE', #1261 ) ;
#9705 = CARTESIAN_POINT ( 'NONE',  ( 737.8492056087561650, 885.8536353541425115, 1220.948728840847707 ) ) ;
#9706 = EDGE_CURVE ( 'NONE', #1963, #9560, #357, .T. ) ;
#9707 = CARTESIAN_POINT ( 'NONE',  ( 712.1057791231891088, 900.7166095654480387, 1219.976650377121814 ) ) ;
#9708 = ORIENTED_EDGE ( 'NONE', *, *, #217, .T. ) ;
#9709 = B_SPLINE_CURVE_WITH_KNOTS ( 'NONE', 3,
 ( #2010, #572, #10061, #4445, #9129, #7686, #6041, #3619 ),
 .UNSPECIFIED., .F., .F.,
 ( 4, 2, 2, 4 ),
 ( 0.000000000000000000, 0.001064839483333137769, 0.001597259224999824289, 0.002129678966666511027 ),
 .UNSPECIFIED. ) ;
#9710 = CARTESIAN_POINT ( 'NONE',  ( 739.9931698977549104, 882.8003858452270833, 1215.053924130028918 ) ) ;
#9711 = VERTEX_POINT ( 'NONE', #10072 ) ;
#9712 = CARTESIAN_POINT ( 'NONE',  ( 729.3964409120436585, 882.5899476160902850, 1209.113578045168879 ) ) ;
#9713 = CARTESIAN_POINT ( 'NONE',  ( 780.5717232886125885, 908.0272409405364442, 1185.380460436409066 ) ) ;
#9714 = ORIENTED_EDGE ( 'NONE', *, *, #571, .T. ) ;
#9715 = CARTESIAN_POINT ( 'NONE',  ( 728.6409837720536871, 891.1700047103205407, 1228.836701592378859 ) ) ;
#9716 = VERTEX_POINT ( 'NONE', #4454 ) ;
#9717 = EDGE_LOOP ( 'NONE', ( #8170, #1815, #1145, #9934 ) ) ;
#9718 = DIRECTION ( 'NONE',  ( 0.5845683251975072325, -0.3375006799125115364, -0.7378164841167307308 ) ) ;
#9719 = ORIENTED_EDGE ( 'NONE', *, *, #5511, .T. ) ;
#9720 = CARTESIAN_POINT ( 'NONE',  ( 717.1800848525040237, 879.2510169669742481, 1212.380460436409521 ) ) ;
#9721 = CARTESIAN_POINT ( 'NONE',  ( 736.5557591137932150, 888.0908487711994894, 1227.527426338890791 ) ) ;
#9722 = ORIENTED_EDGE ( 'NONE', *, *, #7725, .F. ) ;
#9723 = AXIS2_PLACEMENT_3D ( 'NONE', #7258, #7367, #8811 ) ;
#9724 = B_SPLINE_SURFACE_WITH_KNOTS ( 'NONE', 3, 1, ( 
 ( #6734, #1381 ),
 ( #9103, #2708 ),
 ( #6789, #8333 ),
 ( #9156, #1279 ),
 ( #4418, #7554 ),
 ( #491, #3645 ) ),
 .UNSPECIFIED., .F., .F., .F.,
 ( 4, 1, 1, 4 ),
 ( 2, 2 ),
 ( 0.000000000000000000, 0.3395620866332510479, 0.7109345430498769103, 1.000000000000000000 ),
 ( 0.000000000000000000, 1.000000000000000000 ),
 .UNSPECIFIED. ) ;
#9725 = CARTESIAN_POINT ( 'NONE',  ( 742.0299921270370760, 883.7948647577829888, 1219.189731923796671 ) ) ;
#9726 = B_SPLINE_CURVE_WITH_KNOTS ( 'NONE', 3,
 ( #881, #3295, #7262, #9693, #2571, #6449, #5527, #8664 ),
 .UNSPECIFIED., .F., .F.,
 ( 4, 2, 2, 4 ),
 ( 0.000000000000000000, 0.0005319171944551351772, 0.001063834388910270354, 0.002127668777820437927 ),
 .UNSPECIFIED. ) ;
#9727 = CARTESIAN_POINT ( 'NONE',  ( 725.8370950929727314, 894.2453985451099925, 1212.380460436409521 ) ) ;
#9728 = CARTESIAN_POINT ( 'NONE',  ( 734.4714717382767049, 886.2807848482913187, 1198.527710254535123 ) ) ;
#9729 = CARTESIAN_POINT ( 'NONE',  ( 739.1390502705687595, 884.3374812607293052, 1206.596563576896187 ) ) ;
#9730 = EDGE_CURVE ( 'NONE', #2079, #7753, #1663, .T. ) ;
#9731 = CARTESIAN_POINT ( 'NONE',  ( 736.6798606197816071, 886.5288537519272722, 1201.843947824312863 ) ) ;
#9732 = ORIENTED_EDGE ( 'NONE', *, *, #171, .F. ) ;
#9733 = CARTESIAN_POINT ( 'NONE',  ( 739.4232714616937301, 884.1733860795243345, 1217.127320020752904 ) ) ;
#9734 = VECTOR ( 'NONE', #8740, 1000.000000000000227 ) ;
#9735 = CYLINDRICAL_SURFACE ( 'NONE', #8782, 1.200000000000046141 ) ;
#9736 = CARTESIAN_POINT ( 'NONE',  ( 710.0510260092746648, 902.1737934929257108, 1202.030693329826363 ) ) ;
#9737 = ORIENTED_EDGE ( 'NONE', *, *, #4432, .T. ) ;
#9738 = CARTESIAN_POINT ( 'NONE',  ( 711.5637071275650669, 901.1933834241789327, 1225.503608032066722 ) ) ;
#9739 = AXIS2_PLACEMENT_3D ( 'NONE', #7438, #8260, #8986 ) ;
#9740 = CARTESIAN_POINT ( 'NONE',  ( 717.5316886357068142, 897.7477676939347475, 1230.900037500510734 ) ) ;
#9741 = CARTESIAN_POINT ( 'NONE',  ( 711.2551103269636315, 901.2077434239400873, 1217.578458706827405 ) ) ;
#9742 = EDGE_CURVE ( 'NONE', #1797, #3781, #642, .T. ) ;
#9743 = CARTESIAN_POINT ( 'NONE',  ( 722.7215614481408466, 894.5876651606415635, 1195.698075626884020 ) ) ;
#9744 = EDGE_CURVE ( 'NONE', #3766, #10111, #3461, .T. ) ;
#9745 = ORIENTED_EDGE ( 'NONE', *, *, #2809, .F. ) ;
#9746 = CARTESIAN_POINT ( 'NONE',  ( 725.3203137854634406, 894.5437623721128375, 1230.628262570945253 ) ) ;
#9747 = B_SPLINE_CURVE_WITH_KNOTS ( 'NONE', 1,
 ( #4778, #7710 ),
 .UNSPECIFIED., .F., .F.,
 ( 2, 2 ),
 ( 0.000000000000000000, 0.002900000000002136546 ),
 .UNSPECIFIED. ) ;
#9748 = CC_DESIGN_SECURITY_CLASSIFICATION ( #8089, ( #5153 ) ) ;
#9749 = ORIENTED_EDGE ( 'NONE', *, *, #2626, .F. ) ;
#9750 = CARTESIAN_POINT ( 'NONE',  ( 739.7957844537761503, 884.7298579121344346, 1214.034285412656345 ) ) ;
#9751 = CARTESIAN_POINT ( 'NONE',  ( 717.1800848525040237, 879.2510169669742481, 1212.380460436409521 ) ) ;
#9752 = CARTESIAN_POINT ( 'NONE',  ( 717.1800848525040237, 879.2510169669742481, 1212.380460436409521 ) ) ;
#9753 = ADVANCED_FACE ( 'NONE', ( #3676 ), #1195, .T. ) ;
#9754 = CARTESIAN_POINT ( 'NONE',  ( 720.5165355847657338, 896.0244655044052706, 1192.562598089975609 ) ) ;
#9755 = EDGE_CURVE ( 'NONE', #10161, #8289, #6052, .T. ) ;
#9756 = CARTESIAN_POINT ( 'NONE',  ( 728.5815014676800274, 893.4525002322744740, 1193.603695340216746 ) ) ;
#9757 = CARTESIAN_POINT ( 'NONE',  ( 713.0066633960326499, 900.0387147386792321, 1202.684795368871846 ) ) ;
#9758 = VERTEX_POINT ( 'NONE', #8313 ) ;
#9759 = ORIENTED_EDGE ( 'NONE', *, *, #293, .T. ) ;
#9760 = CARTESIAN_POINT ( 'NONE',  ( 734.8479813405124332, 889.0429609444557855, 1197.377896032967101 ) ) ;
#9761 = ORIENTED_EDGE ( 'NONE', *, *, #2465, .F. ) ;
#9762 = B_SPLINE_CURVE_WITH_KNOTS ( 'NONE', 3,
 ( #8442, #6746, #5266, #8395 ),
 .UNSPECIFIED., .F., .F.,
 ( 4, 4 ),
 ( 1.047382306668854030E-15, 0.001453450272864029776 ),
 .UNSPECIFIED. ) ;
#9763 = CARTESIAN_POINT ( 'NONE',  ( 731.8631880203769242, 887.4942330707254996, 1196.360530771603862 ) ) ;
#9764 = ORIENTED_EDGE ( 'NONE', *, *, #5196, .T. ) ;
#9765 = VERTEX_POINT ( 'NONE', #6149 ) ;
#9766 = CARTESIAN_POINT ( 'NONE',  ( 735.3011162529314788, 888.8152171646548823, 1228.602182016467395 ) ) ;
#9767 = EDGE_CURVE ( 'NONE', #1691, #4341, #9491, .T. ) ;
#9768 = CARTESIAN_POINT ( 'NONE',  ( 738.6285484579884724, 884.7843867508385074, 1219.541743376503064 ) ) ;
#9769 = FACE_OUTER_BOUND ( 'NONE', #2843, .T. ) ;
#9770 = EDGE_LOOP ( 'NONE', ( #5483, #7772, #1781, #3034 ) ) ;
#9771 = VERTEX_POINT ( 'NONE', #9914 ) ;
#9772 = CARTESIAN_POINT ( 'NONE',  ( 732.7346910668585451, 890.8073751368987132, 1194.826485713831516 ) ) ;
#9773 = EDGE_LOOP ( 'NONE', ( #1155, #1750, #10073, #5538, #4046 ) ) ;
#9774 = CARTESIAN_POINT ( 'NONE',  ( 717.1800848525040237, 879.2510169669742481, 1212.380460436409521 ) ) ;
#9775 = CARTESIAN_POINT ( 'NONE',  ( 717.1800848525040237, 879.2510169669742481, 1212.380460436409521 ) ) ;
#9776 = AXIS2_PLACEMENT_3D ( 'NONE', #134, #8691, #6475 ) ;
#9777 = CARTESIAN_POINT ( 'NONE',  ( 725.2330513223527078, 895.3832144847003747, 1231.328399856880651 ) ) ;
#9778 = LINE ( 'NONE', #1025, #7505 ) ;
#9779 = DIRECTION ( 'NONE',  ( 0.5845683251975080097, -0.3375006799125091494, -0.7378164841167310639 ) ) ;
#9780 = EDGE_CURVE ( 'NONE', #8698, #182, #8868, .T. ) ;
#9781 = CARTESIAN_POINT ( 'NONE',  ( 741.7832943375058221, 884.6364412587289507, 1219.320511521604203 ) ) ;
#9782 = DIRECTION ( 'NONE',  ( -0.8660254037844381525, 0.5000000000000008882, 0.000000000000000000 ) ) ;
#9783 = CARTESIAN_POINT ( 'NONE',  ( 717.1800848525040237, 879.2510169669742481, 1212.380460436409521 ) ) ;
#9784 = CARTESIAN_POINT ( 'NONE',  ( 738.6432592242990722, 885.3952254691339476, 1219.148535782450836 ) ) ;
#9785 = ORIENTED_EDGE ( 'NONE', *, *, #9744, .F. ) ;
#9786 = ORIENTED_EDGE ( 'NONE', *, *, #306, .F. ) ;
#9787 = CARTESIAN_POINT ( 'NONE',  ( 743.1713637030086375, 887.7015555120376575, 1234.086781508788363 ) ) ;
#9788 = CARTESIAN_POINT ( 'NONE',  ( 708.9923403071782104, 903.9707222551218138, 1214.501997461983137 ) ) ;
#9789 = ORIENTED_EDGE ( 'NONE', *, *, #350, .F. ) ;
#9790 = ADVANCED_FACE ( 'NONE', ( #6825 ), #1312, .T. ) ;
#9791 = CARTESIAN_POINT ( 'NONE',  ( 710.2088667179386903, 903.2683604043929790, 1215.152228455077420 ) ) ;
#9792 = CARTESIAN_POINT ( 'NONE',  ( 717.1800848525040237, 879.2510169669742481, 1212.380460436409521 ) ) ;
#9793 = CARTESIAN_POINT ( 'NONE',  ( 717.1800848525040237, 879.2510169669742481, 1212.380460436409521 ) ) ;
#9794 = CARTESIAN_POINT ( 'NONE',  ( 742.0289270075948025, 883.7113437434281877, 1219.165397533259465 ) ) ;
#9795 = VERTEX_POINT ( 'NONE', #4404 ) ;
#9796 = CARTESIAN_POINT ( 'NONE',  ( 714.5063874389458078, 900.7871856592714721, 1225.114605560688005 ) ) ;
#9797 = ORIENTED_EDGE ( 'NONE', *, *, #2277, .F. ) ;
#9798 = CIRCLE ( 'NONE', #1728, 18.17967805303275597 ) ;
#9799 = CARTESIAN_POINT ( 'NONE',  ( 722.6712080196454053, 893.8451944173049242, 1195.106801442539336 ) ) ;
#9800 = EDGE_CURVE ( 'NONE', #8009, #6220, #4701, .T. ) ;
#9801 = CARTESIAN_POINT ( 'NONE',  ( 726.6290987521915667, 892.6865746935105790, 1192.015477073089414 ) ) ;
#9802 = CARTESIAN_POINT ( 'NONE',  ( 729.8257486393080171, 888.6705492457704167, 1229.455057821902528 ) ) ;
#9803 = B_SPLINE_CURVE_WITH_KNOTS ( 'NONE', 1,
 ( #4369, #6689 ),
 .UNSPECIFIED., .F., .F.,
 ( 2, 2 ),
 ( 0.000000000000000000, 0.002900000000001649089 ),
 .UNSPECIFIED. ) ;
#9804 = CARTESIAN_POINT ( 'NONE',  ( 711.0552462239537590, 899.8001405437989888, 1203.406707083045831 ) ) ;
#9805 = CARTESIAN_POINT ( 'NONE',  ( 741.6326469781813557, 885.1258324121861278, 1211.560447739469055 ) ) ;
#9806 = ORIENTED_EDGE ( 'NONE', *, *, #8704, .F. ) ;
#9807 = ORIENTED_EDGE ( 'NONE', *, *, #1981, .F. ) ;
#9808 = B_SPLINE_SURFACE_WITH_KNOTS ( 'NONE', 3, 1, ( 
 ( #4112, #7243 ),
 ( #7915, #9725 ),
 ( #6584, #4053 ),
 ( #5000, #8795 ),
 ( #136, #3276 ),
 ( #5654, #8850 ) ),
 .UNSPECIFIED., .F., .F., .F.,
 ( 4, 1, 1, 4 ),
 ( 2, 2 ),
 ( 0.000000000000000000, 0.2890654569501156512, 0.6604379133667447332, 1.000000000000000000 ),
 ( 0.000000000000000000, 1.000000000000000000 ),
 .UNSPECIFIED. ) ;
#9809 = ORIENTED_EDGE ( 'NONE', *, *, #5359, .F. ) ;
#9810 = CARTESIAN_POINT ( 'NONE',  ( 731.8698104293579263, 890.3597194113641535, 1230.908649563220479 ) ) ;
#9811 = EDGE_CURVE ( 'NONE', #3294, #7077, #5908, .T. ) ;
#9812 = EDGE_CURVE ( 'NONE', #3298, #4724, #6165, .T. ) ;
#9813 = CONICAL_SURFACE ( 'NONE', #9157, 18.17967805303275597, 0.8981840042400328628 ) ;
#9814 = CONICAL_SURFACE ( 'NONE', #5864, 20.44804870789273821, 0.7096869864122512528 ) ;
#9815 = DIRECTION ( 'NONE',  ( 0.5845683251974943540, -0.3375006799125097601, -0.7378164841167416110 ) ) ;
#9816 = CARTESIAN_POINT ( 'NONE',  ( 735.6022398679219805, 887.5059292548675103, 1229.024115389423287 ) ) ;
#9817 = DIRECTION ( 'NONE',  ( 0.4999999999999988343, 0.8660254037844394848, -2.975261781898571487E-15 ) ) ;
#9818 = CARTESIAN_POINT ( 'NONE',  ( 717.1800848525040237, 879.2510169669742481, 1212.380460436409521 ) ) ;
#9819 = ORIENTED_EDGE ( 'NONE', *, *, #1561, .F. ) ;
#9820 = FACE_BOUND ( 'NONE', #7752, .T. ) ;
#9821 = ORIENTED_EDGE ( 'NONE', *, *, #4492, .F. ) ;
#9822 = FACE_OUTER_BOUND ( 'NONE', #3281, .T. ) ;
#9823 = B_SPLINE_CURVE_WITH_KNOTS ( 'NONE', 3,
 ( #9475, #9379, #7823, #4591 ),
 .UNSPECIFIED., .F., .F.,
 ( 4, 4 ),
 ( 1.275549143317628834E-15, 0.001453450272830939709 ),
 .UNSPECIFIED. ) ;
#9824 = CARTESIAN_POINT ( 'NONE',  ( 742.2574825910954814, 883.6635230771207716, 1218.395818694758646 ) ) ;
#9825 = ADVANCED_FACE ( 'NONE', ( #63 ), #191, .T. ) ;
#9826 = CONICAL_SURFACE ( 'NONE', #7031, 20.44804870789273821, 0.7096869864122512528 ) ;
#9827 = CARTESIAN_POINT ( 'NONE',  ( 736.4219111409586276, 887.7315628401436243, 1227.882639722503200 ) ) ;
#9828 = FACE_OUTER_BOUND ( 'NONE', #8157, .T. ) ;
#9829 = CARTESIAN_POINT ( 'NONE',  ( 734.6080373063917932, 887.7249247460015340, 1225.368212592620466 ) ) ;
#9830 = CARTESIAN_POINT ( 'NONE',  ( 717.1800848525040237, 879.2510169669742481, 1212.380460436409521 ) ) ;
#9831 = CARTESIAN_POINT ( 'NONE',  ( 710.6744734075291490, 901.5430546838400687, 1214.608638563544218 ) ) ;
#9832 = ORIENTED_EDGE ( 'NONE', *, *, #1847, .F. ) ;
#9833 = CARTESIAN_POINT ( 'NONE',  ( 738.7237047217365671, 885.3488457418113740, 1218.931430962643844 ) ) ;
#9834 = EDGE_LOOP ( 'NONE', ( #8379, #5074, #2739, #9269, #129 ) ) ;
#9835 = DIRECTION ( 'NONE',  ( 0.5845683251975080097, -0.3375006799125091494, -0.7378164841167310639 ) ) ;
#9836 = VECTOR ( 'NONE', #7886, 1000.000000000000000 ) ;
#9837 = CARTESIAN_POINT ( 'NONE',  ( 731.3823868912118087, 888.3620389000185469, 1228.377556689719086 ) ) ;
#9838 = EDGE_LOOP ( 'NONE', ( #4784, #8969, #8825, #253 ) ) ;
#9839 = EDGE_CURVE ( 'NONE', #1659, #891, #7515, .T. ) ;
#9840 = CARTESIAN_POINT ( 'NONE',  ( 710.1937202180776012, 903.2771052401650422, 1215.035467487983624 ) ) ;
#9841 = DIRECTION ( 'NONE',  ( -0.5000000000000008882, -0.8660254037844380415, -0.000000000000000000 ) ) ;
#9842 = B_SPLINE_CURVE_WITH_KNOTS ( 'NONE', 3,
 ( #4006, #6382, #9526, #2452, #8749, #1685, #7972, #916 ),
 .UNSPECIFIED., .F., .F.,
 ( 4, 2, 2, 4 ),
 ( 0.000000000000000000, 0.001064839483329424377, 0.001597259224994136565, 0.002129678966658848753 ),
 .UNSPECIFIED. ) ;
#9843 = CARTESIAN_POINT ( 'NONE',  ( 711.5942405762122007, 902.4685144343904994, 1220.308697630677216 ) ) ;
#9844 = CARTESIAN_POINT ( 'NONE',  ( 738.7076906866979016, 886.8145567144418919, 1199.654150556504646 ) ) ;
#9845 = VERTEX_POINT ( 'NONE', #3927 ) ;
#9846 = CARTESIAN_POINT ( 'NONE',  ( 737.3487416251916784, 888.3882174269377856, 1198.457122986744707 ) ) ;
#9847 = ORIENTED_EDGE ( 'NONE', *, *, #8360, .F. ) ;
#9848 = CARTESIAN_POINT ( 'NONE',  ( 741.6068983887084869, 885.1406983672494562, 1211.057105908016865 ) ) ;
#9849 = CARTESIAN_POINT ( 'NONE',  ( 736.5355274422854563, 888.0686557483273873, 1227.553462713431600 ) ) ;
#9850 = CARTESIAN_POINT ( 'NONE',  ( 780.5717232886125885, 871.8434747564626832, 1202.025121377081859 ) ) ;
#9851 = B_SPLINE_CURVE_WITH_KNOTS ( 'NONE', 3,
 ( #2313, #631, #6866, #5278, #10012, #6043, #8408, #7785 ),
 .UNSPECIFIED., .F., .F.,
 ( 4, 2, 2, 4 ),
 ( 0.000000000000000000, 0.0005319171944601324819, 0.001063834388920264964, 0.002127668777840782330 ),
 .UNSPECIFIED. ) ;
#9852 = CARTESIAN_POINT ( 'NONE',  ( 713.4585127443777992, 899.9356456287890751, 1202.255143933275804 ) ) ;
#9853 = B_SPLINE_CURVE_WITH_KNOTS ( 'NONE', 3,
 ( #4438, #364, #3509, #1241 ),
 .UNSPECIFIED., .F., .F.,
 ( 4, 4 ),
 ( 0.0009352727177709055503, 0.002387895279818534350 ),
 .UNSPECIFIED. ) ;
#9854 = B_SPLINE_CURVE_WITH_KNOTS ( 'NONE', 3,
 ( #3001, #5389, #6927, #3055 ),
 .UNSPECIFIED., .F., .F.,
 ( 4, 4 ),
 ( 9.155133597044474904E-16, 0.001453450272863624068 ),
 .UNSPECIFIED. ) ;
#9855 = CARTESIAN_POINT ( 'NONE',  ( 711.6408278122976299, 900.2135873992749566, 1203.930074857140653 ) ) ;
#9856 = EDGE_CURVE ( 'NONE', #7162, #9308, #1721, .T. ) ;
#9857 = DIRECTION ( 'NONE',  ( 0.5845683251975072325, -0.3375006799125115364, -0.7378164841167307308 ) ) ;
#9858 = ORIENTED_EDGE ( 'NONE', *, *, #6580, .F. ) ;
#9859 = EDGE_LOOP ( 'NONE', ( #6934, #7400, #7911, #8342, #1704 ) ) ;
#9860 = ORIENTED_EDGE ( 'NONE', *, *, #1384, .F. ) ;
#9861 = CARTESIAN_POINT ( 'NONE',  ( 739.9231875423414522, 883.8846613363554070, 1210.706508963138731 ) ) ;
#9862 = ORIENTED_EDGE ( 'NONE', *, *, #7977, .T. ) ;
#9863 = FACE_OUTER_BOUND ( 'NONE', #1272, .T. ) ;
#9864 = DIRECTION ( 'NONE',  ( -0.4999999999999988343, -0.8660254037844394848, 2.975261781898571487E-15 ) ) ;
#9865 = EDGE_CURVE ( 'NONE', #807, #5247, #3330, .T. ) ;
#9866 = CARTESIAN_POINT ( 'NONE',  ( 722.4386312203148464, 894.5931655763390609, 1229.129129414829549 ) ) ;
#9867 = ADVANCED_FACE ( 'NONE', ( #7843 ), #4652, .T. ) ;
#9868 = B_SPLINE_CURVE_WITH_KNOTS ( 'NONE', 3,
 ( #3768, #5324, #5377, #9849 ),
 .UNSPECIFIED., .F., .F.,
 ( 4, 4 ),
 ( 0.000000000000000000, 0.001331005199731958308 ),
 .UNSPECIFIED. ) ;
#9869 = ORIENTED_EDGE ( 'NONE', *, *, #8049, .T. ) ;
#9870 = CARTESIAN_POINT ( 'NONE',  ( 737.3421488448813079, 887.6029526644041425, 1198.611932469718340 ) ) ;
#9871 = ORIENTED_EDGE ( 'NONE', *, *, #8616, .T. ) ;
#9872 = CARTESIAN_POINT ( 'NONE',  ( 742.9016120881738061, 883.2074987772383565, 1209.901724637794132 ) ) ;
#9873 = CARTESIAN_POINT ( 'NONE',  ( 717.1800848525040237, 879.2510169669742481, 1212.380460436409521 ) ) ;
#9874 = CARTESIAN_POINT ( 'NONE',  ( 742.4917796973538771, 884.6298119055021516, 1208.776215895075438 ) ) ;
#9875 = CARTESIAN_POINT ( 'NONE',  ( 711.9339322584739875, 900.8159057772138567, 1219.567682234263884 ) ) ;
#9876 = CARTESIAN_POINT ( 'NONE',  ( 726.4309032982680492, 893.1041056401419382, 1232.512212009214409 ) ) ;
#9877 = CARTESIAN_POINT ( 'NONE',  ( 718.4388673036460204, 895.2447682501971258, 1195.563871499649167 ) ) ;
#9878 = CARTESIAN_POINT ( 'NONE',  ( 723.1338337887632406, 895.8061271867851474, 1194.391557136312485 ) ) ;
#9879 = EDGE_CURVE ( 'NONE', #5687, #9894, #1973, .T. ) ;
#9880 = CALENDAR_DATE ( 2026, 3, 4 ) ;
#9881 = CARTESIAN_POINT ( 'NONE',  ( 741.6050863158798165, 885.1417445679850289, 1213.734569709459038 ) ) ;
#9882 = ORIENTED_EDGE ( 'NONE', *, *, #4304, .T. ) ;
#9883 = ORIENTED_EDGE ( 'NONE', *, *, #8347, .F. ) ;
#9884 = DIRECTION ( 'NONE',  ( 0.5845683251974367334, -0.3375006799124727896, -0.7378164841168044497 ) ) ;
#9885 = CARTESIAN_POINT ( 'NONE',  ( 737.9634917888575956, 885.7877325754591311, 1204.041152984281325 ) ) ;
#9886 = CARTESIAN_POINT ( 'NONE',  ( 717.1800848525040237, 879.2510169669742481, 1212.380460436409521 ) ) ;
#9887 = B_SPLINE_CURVE_WITH_KNOTS ( 'NONE', 3,
 ( #2266, #6963, #3242, #4707 ),
 .UNSPECIFIED., .F., .F.,
 ( 4, 4 ),
 ( 0.0009352727177710186326, 0.002387895279818249422 ),
 .UNSPECIFIED. ) ;
#9888 = CARTESIAN_POINT ( 'NONE',  ( 739.3934701765208501, 884.9621177929448095, 1216.643669942779070 ) ) ;
#9889 = CARTESIAN_POINT ( 'NONE',  ( 717.1800848525040237, 879.2510169669742481, 1212.380460436409521 ) ) ;
#9890 = AXIS2_PLACEMENT_3D ( 'NONE', #6800, #2399, #6377 ) ;
#9891 = DIRECTION ( 'NONE',  ( -0.5845683251975072325, 0.3375006799125115364, 0.7378164841167307308 ) ) ;
#9892 = B_SPLINE_SURFACE_WITH_KNOTS ( 'NONE', 3, 1, ( 
 ( #10000, #9756 ),
 ( #2684, #3519 ),
 ( #2931, #2883 ),
 ( #9177, #2105 ),
 ( #7622, #8399 ),
 ( #1346, #4490 ) ),
 .UNSPECIFIED., .F., .F., .F.,
 ( 4, 1, 1, 4 ),
 ( 2, 2 ),
 ( 0.000000000000000000, 0.3395620866332510479, 0.7109345430498769103, 1.000000000000000000 ),
 ( 0.000000000000000000, 1.000000000000000000 ),
 .UNSPECIFIED. ) ;
#9893 = EDGE_CURVE ( 'NONE', #4457, #9442, #33, .T. ) ;
#9894 = VERTEX_POINT ( 'NONE', #8714 ) ;
#9895 = CARTESIAN_POINT ( 'NONE',  ( 720.0871665686100869, 895.4891494463976187, 1228.806365549198745 ) ) ;
#9896 = CARTESIAN_POINT ( 'NONE',  ( 717.8457944476708690, 897.0900617992316484, 1197.404515073616722 ) ) ;
#9897 = B_SPLINE_CURVE_WITH_KNOTS ( 'NONE', 1,
 ( #3278, #5909 ),
 .UNSPECIFIED., .F., .F.,
 ( 2, 2 ),
 ( 0.000000000000000000, 0.002899999999998531790 ),
 .UNSPECIFIED. ) ;
#9898 = EDGE_LOOP ( 'NONE', ( #323, #8283, #9201, #10070 ) ) ;
#9899 = VECTOR ( 'NONE', #2958, 1000.000000000000114 ) ;
#9900 = CARTESIAN_POINT ( 'NONE',  ( 712.6736416002356691, 901.8453219626069313, 1223.270619038680479 ) ) ;
#9901 = CARTESIAN_POINT ( 'NONE',  ( 710.5483400665566478, 901.6159001099953230, 1212.139108482034089 ) ) ;
#9902 = CARTESIAN_POINT ( 'NONE',  ( 725.5436147464275791, 894.4148395021896931, 1194.125891239622888 ) ) ;
#9903 = DIRECTION ( 'NONE',  ( 0.5845683251975072325, -0.3375006799125115364, -0.7378164841167307308 ) ) ;
#9904 = FACE_OUTER_BOUND ( 'NONE', #4240, .T. ) ;
#9905 = CARTESIAN_POINT ( 'NONE',  ( 717.1800848525040237, 879.2510169669742481, 1212.380460436409521 ) ) ;
#9906 = DIRECTION ( 'NONE',  ( 0.5845683251975080097, -0.3375006799125091494, -0.7378164841167310639 ) ) ;
#9907 = ADVANCED_FACE ( 'NONE', ( #6302 ), #1654, .F. ) ;
#9908 = CARTESIAN_POINT ( 'NONE',  ( 715.2312063757188980, 899.1830149639091587, 1229.182608255733385 ) ) ;
#9909 = VERTEX_POINT ( 'NONE', #5529 ) ;
#9910 = CARTESIAN_POINT ( 'NONE',  ( 717.1800848525040237, 879.2510169669742481, 1212.380460436409521 ) ) ;
#9911 = ORIENTED_EDGE ( 'NONE', *, *, #8057, .T. ) ;
#9912 = ORIENTED_EDGE ( 'NONE', *, *, #703, .T. ) ;
#9913 = ORIENTED_EDGE ( 'NONE', *, *, #6663, .T. ) ;
#9914 = CARTESIAN_POINT ( 'NONE',  ( 729.2450168944274083, 891.0921376885585232, 1192.440046255905827 ) ) ;
#9915 = ORIENTED_EDGE ( 'NONE', *, *, #7591, .F. ) ;
#9916 = CONICAL_SURFACE ( 'NONE', #5477, 20.44804870789273821, 0.7096869864122512528 ) ;
#9917 = EDGE_CURVE ( 'NONE', #3600, #3531, #4025, .T. ) ;
#9918 = CARTESIAN_POINT ( 'NONE',  ( 729.1549810381217185, 890.7154792010558140, 1228.773132989411806 ) ) ;
#9919 = CARTESIAN_POINT ( 'NONE',  ( 722.0410336336900627, 896.4370556504874230, 1231.004296454044834 ) ) ;
#9920 = CARTESIAN_POINT ( 'NONE',  ( 741.3909412238356254, 886.0569667408897203, 1205.186378376361063 ) ) ;
#9921 = AXIS2_PLACEMENT_3D ( 'NONE', #3585, #530, #6724 ) ;
#9922 = ORIENTED_EDGE ( 'NONE', *, *, #4205, .F. ) ;
#9923 = PLANE ( 'NONE',  #6051 ) ;
#9924 = VERTEX_POINT ( 'NONE', #10176 ) ;
#9925 = DIRECTION ( 'NONE',  ( -0.8660254037844385966, 0.5000000000000000000, 0.000000000000000000 ) ) ;
#9926 = DIRECTION ( 'NONE',  ( 0.5000000000000009992, 0.8660254037844381525, -5.726519994466740890E-15 ) ) ;
#9927 = ADVANCED_FACE ( 'NONE', ( #3251 ), #9601, .F. ) ;
#9928 = CARTESIAN_POINT ( 'NONE',  ( 725.3236735400701036, 893.3561263297817732, 1212.380460436409521 ) ) ;
#9929 = AXIS2_PLACEMENT_3D ( 'NONE', #5378, #3870, #7013 ) ;
#9930 = LINE ( 'NONE', #2087, #5608 ) ;
#9931 = CARTESIAN_POINT ( 'NONE',  ( 734.1553361285211849, 886.4632974190485584, 1226.527270396434915 ) ) ;
#9932 = CARTESIAN_POINT ( 'NONE',  ( 739.8228475038464467, 884.4014940354387591, 1214.312067218691027 ) ) ;
#9933 = CARTESIAN_POINT ( 'NONE',  ( 722.9905707206793295, 895.8888401577082732, 1194.421287755390722 ) ) ;
#9934 = ORIENTED_EDGE ( 'NONE', *, *, #2635, .T. ) ;
#9935 = PERSON_AND_ORGANIZATION ( #3082, #3976 ) ;
#9936 = CARTESIAN_POINT ( 'NONE',  ( 741.6087645828768018, 885.1396209195440861, 1213.675690905942247 ) ) ;
#9937 = ORIENTED_EDGE ( 'NONE', *, *, #681, .F. ) ;
#9938 = CARTESIAN_POINT ( 'NONE',  ( 740.9877135100347232, 884.8396671196970829, 1203.140714122667987 ) ) ;
#9939 = CIRCLE ( 'NONE', #5499, 18.17967805303275597 ) ;
#9940 = CARTESIAN_POINT ( 'NONE',  ( 711.0022397512065027, 902.8103062700679402, 1202.925407445507062 ) ) ;
#9941 = EDGE_CURVE ( 'NONE', #2054, #2790, #8244, .T. ) ;
#9942 = EDGE_CURVE ( 'NONE', #3531, #3867, #1373, .T. ) ;
#9943 = DIRECTION ( 'NONE',  ( 0.5845683251975080097, -0.3375006799125091494, -0.7378164841167310639 ) ) ;
#9944 = CARTESIAN_POINT ( 'NONE',  ( 739.4810508972619800, 884.9115473017725435, 1216.234869733528058 ) ) ;
#9945 = CARTESIAN_POINT ( 'NONE',  ( 727.3005661025624704, 890.4209007388282089, 1194.685321752610662 ) ) ;
#9946 = CIRCLE ( 'NONE', #5831, 20.44804870789273821 ) ;
#9947 = B_SPLINE_CURVE_WITH_KNOTS ( 'NONE', 3,
 ( #6744, #7562, #3655, #500 ),
 .UNSPECIFIED., .F., .F.,
 ( 4, 4 ),
 ( 1.408715093514869789E-15, 0.001453450272822883870 ),
 .UNSPECIFIED. ) ;
#9948 = FACE_OUTER_BOUND ( 'NONE', #6095, .T. ) ;
#9949 = ORIENTED_EDGE ( 'NONE', *, *, #4184, .T. ) ;
#9950 = LINE ( 'NONE', #2152, #6874 ) ;
#9951 = CARTESIAN_POINT ( 'NONE',  ( 735.3016805472828992, 887.3244496341512786, 1200.106512404210207 ) ) ;
#9952 = ORIENTED_EDGE ( 'NONE', *, *, #5089, .T. ) ;
#9953 = CARTESIAN_POINT ( 'NONE',  ( 729.5415896932689748, 892.1066075904176387, 1230.129845204415687 ) ) ;
#9954 = CARTESIAN_POINT ( 'NONE',  ( 718.0930431730217833, 898.7164290057122571, 1228.298112057918843 ) ) ;
#9955 = EDGE_CURVE ( 'NONE', #4361, #4195, #8378, .T. ) ;
#9956 = LINE ( 'NONE', #6085, #5220 ) ;
#9957 = CARTESIAN_POINT ( 'NONE',  ( 709.9261573798731888, 903.4315827168273927, 1205.651070726925809 ) ) ;
#9958 = B_SPLINE_CURVE_WITH_KNOTS ( 'NONE', 3,
 ( #2629, #8820, #9595, #5783 ),
 .UNSPECIFIED., .F., .F.,
 ( 4, 4 ),
 ( 1.005213310436122364E-05, 0.001341057332774281755 ),
 .UNSPECIFIED. ) ;
#9959 = CARTESIAN_POINT ( 'NONE',  ( 716.7610057601394828, 898.8269633606774960, 1195.059496252164308 ) ) ;
#9960 = CARTESIAN_POINT ( 'NONE',  ( 717.1800848525040237, 879.2510169669742481, 1212.380460436409521 ) ) ;
#9961 = FACE_OUTER_BOUND ( 'NONE', #3653, .T. ) ;
#9962 = CARTESIAN_POINT ( 'NONE',  ( 729.3064399772100614, 891.1408110165338030, 1192.477824145293425 ) ) ;
#9963 = ORIENTED_EDGE ( 'NONE', *, *, #7666, .F. ) ;
#9964 = AXIS2_PLACEMENT_3D ( 'NONE', #7934, #8902, #9782 ) ;
#9965 = CARTESIAN_POINT ( 'NONE',  ( 711.4910481244862694, 899.5485386077805288, 1202.584856276974961 ) ) ;
#9966 = CONICAL_SURFACE ( 'NONE', #4540, 20.44804870789273821, 0.7096869864122512528 ) ;
#9967 = VERTEX_POINT ( 'NONE', #7268 ) ;
#9968 = ORIENTED_EDGE ( 'NONE', *, *, #5079, .T. ) ;
#9969 = CARTESIAN_POINT ( 'NONE',  ( 721.7060789961813043, 894.4023138593697695, 1195.307819365760906 ) ) ;
#9970 = B_SPLINE_CURVE_WITH_KNOTS ( 'NONE', 3,
 ( #9951, #10108, #7827, #6129, #9281, #5271, #3036 ),
 .UNSPECIFIED., .F., .F.,
 ( 4, 3, 4 ),
 ( 0.000000000000000000, 0.0001770958401171986250, 0.0003158452762232256440 ),
 .UNSPECIFIED. ) ;
#9971 = EDGE_CURVE ( 'NONE', #7023, #9765, #8008, .T. ) ;
#9972 = CARTESIAN_POINT ( 'NONE',  ( 742.2058338239930890, 885.5864882788283694, 1216.601245543200776 ) ) ;
#9973 = FACE_OUTER_BOUND ( 'NONE', #5645, .T. ) ;
#9974 = DIRECTION ( 'NONE',  ( 0.5000000000000009992, 0.8660254037844381525, -5.726519994466740890E-15 ) ) ;
#9975 = ORIENTED_EDGE ( 'NONE', *, *, #2951, .F. ) ;
#9976 = FACE_BOUND ( 'NONE', #2176, .T. ) ;
#9977 = ORIENTED_EDGE ( 'NONE', *, *, #6664, .F. ) ;
#9978 = CARTESIAN_POINT ( 'NONE',  ( 717.1800848525040237, 879.2510169669742481, 1212.380460436409521 ) ) ;
#9979 = CARTESIAN_POINT ( 'NONE',  ( 709.1108884591156993, 900.6302793470581491, 1216.622804892641625 ) ) ;
#9980 = B_SPLINE_SURFACE_WITH_KNOTS ( 'NONE', 3, 1, ( 
 ( #6518, #4776 ),
 ( #6363, #5545 ),
 ( #8835, #4828 ),
 ( #7179, #174 ) ),
 .UNSPECIFIED., .F., .F., .F.,
 ( 4, 4 ),
 ( 2, 2 ),
 ( 0.000000000000000000, 1.000000000000000000 ),
 ( 0.000000000000000000, 1.000000000000000000 ),
 .UNSPECIFIED. ) ;
#9981 = CARTESIAN_POINT ( 'NONE',  ( 736.5355274422854563, 888.0686557483273873, 1227.553462713431600 ) ) ;
#9982 = CARTESIAN_POINT ( 'NONE',  ( 711.9776094176321521, 900.7907110654076632, 1219.674438443524650 ) ) ;
#9983 = LINE ( 'NONE', #2916, #1748 ) ;
#9984 = VECTOR ( 'NONE', #1238, 1000.000000000000227 ) ;
#9985 = CARTESIAN_POINT ( 'NONE',  ( 711.0201758934492773, 902.8338246173789230, 1202.951957883104797 ) ) ;
#9986 = B_SPLINE_CURVE_WITH_KNOTS ( 'NONE', 3,
 ( #6338, #9483, #2409, #5569 ),
 .UNSPECIFIED., .F., .F.,
 ( 4, 4 ),
 ( 1.005213304161180149E-05, 0.001341057332774275466 ),
 .UNSPECIFIED. ) ;
#9987 = CARTESIAN_POINT ( 'NONE',  ( 710.6882203513706600, 901.5351401899038137, 1214.725633171418394 ) ) ;
#9988 = DIRECTION ( 'NONE',  ( 0.5000000000000009992, 0.8660254037844381525, -5.726519994466740890E-15 ) ) ;
#9989 = ADVANCED_FACE ( 'NONE', ( #3512 ), #9441, .F. ) ;
#9990 = ORIENTED_EDGE ( 'NONE', *, *, #5777, .T. ) ;
#9991 = CARTESIAN_POINT ( 'NONE',  ( 712.8534582733660727, 901.7415047579702332, 1201.960674775643611 ) ) ;
#9992 = FACE_OUTER_BOUND ( 'NONE', #9717, .T. ) ;
#9993 = VECTOR ( 'NONE', #7444, 1000.000000000000000 ) ;
#9994 = CARTESIAN_POINT ( 'NONE',  ( 739.1072514833073228, 886.5838701809619806, 1224.547322682295089 ) ) ;
#9995 = CARTESIAN_POINT ( 'NONE',  ( 711.0178355672908310, 902.1427842175206706, 1201.362167435204583 ) ) ;
#9996 = CARTESIAN_POINT ( 'NONE',  ( 739.4915361484343066, 884.5928870014752192, 1208.304041063289333 ) ) ;
#9997 = LINE ( 'NONE', #2978, #2902 ) ;
#9998 = VECTOR ( 'NONE', #5295, 1000.000000000000000 ) ;
#9999 = ORIENTED_EDGE ( 'NONE', *, *, #6145, .F. ) ;
#10000 = CARTESIAN_POINT ( 'NONE',  ( 717.1800848525040237, 879.2510169669742481, 1212.380460436409521 ) ) ;
#10001 = EDGE_CURVE ( 'NONE', #6522, #4274, #3313, .T. ) ;
#10002 = EDGE_CURVE ( 'NONE', #6310, #9095, #2339, .T. ) ;
#10003 = CARTESIAN_POINT ( 'NONE',  ( 736.1931757339759770, 888.2663125992775122, 1226.176626993524451 ) ) ;
#10004 = ORIENTED_EDGE ( 'NONE', *, *, #8261, .T. ) ;
#10005 = CARTESIAN_POINT ( 'NONE',  ( 737.7649676801098622, 885.9022701449222268, 1203.648577707572031 ) ) ;
#10006 = CARTESIAN_POINT ( 'NONE',  ( 708.0640256484795145, 903.7082273954202947, 1211.149423580870689 ) ) ;
#10007 = B_SPLINE_CURVE_WITH_KNOTS ( 'NONE', 3,
 ( #8884, #8158, #1772, #7386, #3576, #6670, #1057, #4254, #2639, #5135 ),
 .UNSPECIFIED., .F., .F.,
 ( 4, 3, 3, 4 ),
 ( 0.000000000000000000, 0.0001770953904238660860, 0.0003541907790578814608, 0.0006813326750119402114 ),
 .UNSPECIFIED. ) ;
#10008 = CARTESIAN_POINT ( 'NONE',  ( 740.5601676516145062, 885.7450286400799087, 1222.065678571256740 ) ) ;
#10009 = CARTESIAN_POINT ( 'NONE',  ( 708.8617948188368700, 902.8603964408537195, 1204.844009376155782 ) ) ;
#10010 = CARTESIAN_POINT ( 'NONE',  ( 716.6933191705675199, 898.0679920841756712, 1198.599790914825917 ) ) ;
#10011 = ORIENTED_EDGE ( 'NONE', *, *, #4406, .T. ) ;
#10012 = CARTESIAN_POINT ( 'NONE',  ( 710.5476104925327263, 900.8446586536842915, 1217.970309826830544 ) ) ;
#10013 = CARTESIAN_POINT ( 'NONE',  ( 740.2496198944998014, 886.7133945772666266, 1222.190248779937519 ) ) ;
#10014 = CARTESIAN_POINT ( 'NONE',  ( 710.9212151264090380, 902.8570858590056787, 1206.322925206220361 ) ) ;
#10015 = ORIENTED_EDGE ( 'NONE', *, *, #2835, .T. ) ;
#10016 = DIRECTION ( 'NONE',  ( 0.5845683251975080097, -0.3375006799125091494, -0.7378164841167310639 ) ) ;
#10017 = EDGE_CURVE ( 'NONE', #2849, #1626, #2214, .T. ) ;
#10018 = ORIENTED_EDGE ( 'NONE', *, *, #7942, .F. ) ;
#10019 = ORIENTED_EDGE ( 'NONE', *, *, #1006, .T. ) ;
#10020 = CARTESIAN_POINT ( 'NONE',  ( 710.0258373294739158, 903.3740324710927325, 1212.483111378051490 ) ) ;
#10021 = ORIENTED_EDGE ( 'NONE', *, *, #2681, .T. ) ;
#10022 = ORIENTED_EDGE ( 'NONE', *, *, #159, .T. ) ;
#10023 = B_SPLINE_CURVE_WITH_KNOTS ( 'NONE', 3,
 ( #4517, #7646, #2026, #4359 ),
 .UNSPECIFIED., .F., .F.,
 ( 4, 4 ),
 ( 1.861072919577845379E-15, 0.001453450272831260633 ),
 .UNSPECIFIED. ) ;
#10024 = CARTESIAN_POINT ( 'NONE',  ( 734.5303717173250106, 888.5678151419673441, 1195.188196994920190 ) ) ;
#10025 = CARTESIAN_POINT ( 'NONE',  ( 715.8162986820684637, 900.0309080504401891, 1228.158296899748848 ) ) ;
#10026 = DIRECTION ( 'NONE',  ( 0.5845683251975080097, -0.3375006799125091494, -0.7378164841167310639 ) ) ;
#10027 = EDGE_CURVE ( 'NONE', #6325, #7939, #4485, .T. ) ;
#10028 = VERTEX_POINT ( 'NONE', #1146 ) ;
#10029 = FACE_OUTER_BOUND ( 'NONE', #10041, .T. ) ;
#10030 = ORIENTED_EDGE ( 'NONE', *, *, #6032, .T. ) ;
#10031 = CARTESIAN_POINT ( 'NONE',  ( 741.2233476206936302, 886.1537269527783565, 1220.029999347787680 ) ) ;
#10032 = CARTESIAN_POINT ( 'NONE',  ( 710.9299408578959856, 901.2375691242268658, 1216.971581852874579 ) ) ;
#10033 = ORIENTED_EDGE ( 'NONE', *, *, #2951, .T. ) ;
#10034 = CARTESIAN_POINT ( 'NONE',  ( 724.9343367424689859, 891.4946072211918136, 1194.210475512071753 ) ) ;
#10035 = CARTESIAN_POINT ( 'NONE',  ( 739.9711781143425924, 885.6823925976337932, 1223.411714910298087 ) ) ;
#10036 = DIRECTION ( 'NONE',  ( -0.4999999999999988343, -0.8660254037844394848, 2.975261781898571487E-15 ) ) ;
#10037 = CARTESIAN_POINT ( 'NONE',  ( 736.1048410019844823, 885.0453135798928770, 1200.195961748275067 ) ) ;
#10038 = CARTESIAN_POINT ( 'NONE',  ( 739.3774371899936568, 886.4278783904753709, 1200.617207530156293 ) ) ;
#10039 = PERSON_AND_ORGANIZATION_ROLE ( 'creator' ) ;
#10040 = CARTESIAN_POINT ( 'NONE',  ( 718.3875923681832774, 897.0899056834057319, 1197.395726116603782 ) ) ;
#10041 = EDGE_LOOP ( 'NONE', ( #2996, #153, #2541, #8675, #147, #2030, #3348, #5281 ) ) ;
#10042 = DIRECTION ( 'NONE',  ( 0.6043307735607319486, 0.4456490102337855030, 0.6604402136493012776 ) ) ;
#10043 = CARTESIAN_POINT ( 'NONE',  ( 717.1800848525040237, 879.2510169669742481, 1212.380460436409521 ) ) ;
#10044 = DIRECTION ( 'NONE',  ( 0.5000000000000009992, 0.8660254037844381525, -5.726519994466740890E-15 ) ) ;
#10045 = EDGE_CURVE ( 'NONE', #5141, #6191, #9572, .T. ) ;
#10046 = CARTESIAN_POINT ( 'NONE',  ( 717.1800848525040237, 879.2510169669742481, 1212.380460436409521 ) ) ;
#10047 = FACE_OUTER_BOUND ( 'NONE', #8918, .T. ) ;
#10048 = CARTESIAN_POINT ( 'NONE',  ( 712.5551760832100854, 902.7027891667718222, 1222.998702925719499 ) ) ;
#10049 = ORIENTED_EDGE ( 'NONE', *, *, #8766, .T. ) ;
#10050 = CARTESIAN_POINT ( 'NONE',  ( 720.4134583337878439, 895.1487068061951504, 1195.697220408422027 ) ) ;
#10051 = DIRECTION ( 'NONE',  ( -0.5000000000000009992, -0.8660254037844381525, 5.977335943528133221E-15 ) ) ;
#10052 = FACE_OUTER_BOUND ( 'NONE', #7064, .T. ) ;
#10053 = VERTEX_POINT ( 'NONE', #9126 ) ;
#10054 = CARTESIAN_POINT ( 'NONE',  ( 737.7626553187052423, 885.7458361380615770, 1203.564176449283195 ) ) ;
#10055 = CARTESIAN_POINT ( 'NONE',  ( 741.2846788970156240, 885.3267318775158401, 1212.380460436409066 ) ) ;
#10056 = CARTESIAN_POINT ( 'NONE',  ( 724.4615312260480096, 893.4252437134894080, 1195.362129694220584 ) ) ;
#10057 = EDGE_CURVE ( 'NONE', #4993, #8018, #9236, .T. ) ;
#10058 = CIRCLE ( 'NONE', #5939, 18.17967805303275597 ) ;
#10059 = CARTESIAN_POINT ( 'NONE',  ( 716.3358509985482669, 903.1950459957990915, 1190.196798703381546 ) ) ;
#10060 = EDGE_CURVE ( 'NONE', #2027, #2017, #14, .T. ) ;
#10061 = CARTESIAN_POINT ( 'NONE',  ( 710.2815402780360046, 900.5447344426286236, 1206.086730439275698 ) ) ;
#10062 = VERTEX_POINT ( 'NONE', #1300 ) ;
#10063 = CARTESIAN_POINT ( 'NONE',  ( 717.1800848525040237, 879.2510169669742481, 1212.380460436409521 ) ) ;
#10064 = CARTESIAN_POINT ( 'NONE',  ( 740.3560842454403428, 886.6544416959393402, 1221.987941358388525 ) ) ;
#10065 = CARTESIAN_POINT ( 'NONE',  ( 740.2046188075523787, 885.2917870569762044, 1201.573562748392533 ) ) ;
#10066 = VERTEX_POINT ( 'NONE', #416 ) ;
#10067 = B_SPLINE_CURVE_WITH_KNOTS ( 'NONE', 3,
 ( #4895, #4946, #188, #6479 ),
 .UNSPECIFIED., .F., .F.,
 ( 4, 4 ),
 ( 1.005213310419890333E-05, 0.001341057332773937412 ),
 .UNSPECIFIED. ) ;
#10068 = CARTESIAN_POINT ( 'NONE',  ( 741.2733197585415610, 884.6747722752396612, 1220.954141961009100 ) ) ;
#10069 = ORIENTED_EDGE ( 'NONE', *, *, #1206, .T. ) ;
#10070 = ORIENTED_EDGE ( 'NONE', *, *, #388, .T. ) ;
#10071 = VERTEX_POINT ( 'NONE', #3562 ) ;
#10072 = CARTESIAN_POINT ( 'NONE',  ( 714.9713095402975114, 899.0621948077592833, 1200.261842939575445 ) ) ;
#10073 = ORIENTED_EDGE ( 'NONE', *, *, #1196, .T. ) ;
#10074 = EDGE_CURVE ( 'NONE', #1827, #4031, #6401, .T. ) ;
#10075 = ADVANCED_FACE ( 'NONE', ( #3714 ), #1518, .T. ) ;
#10076 = AXIS2_PLACEMENT_3D ( 'NONE', #9245, #1419, #4616 ) ;
#10077 = DIRECTION ( 'NONE',  ( -0.4999999999999988343, -0.8660254037844394848, 2.975261781898571487E-15 ) ) ;
#10078 = CARTESIAN_POINT ( 'NONE',  ( 712.9557480017465423, 901.6824477557545379, 1222.968168535333916 ) ) ;
#10079 = CARTESIAN_POINT ( 'NONE',  ( 725.3236735400701036, 893.3561263297817732, 1212.380460436409521 ) ) ;
#10080 = EDGE_LOOP ( 'NONE', ( #10127, #2800, #9056, #5580 ) ) ;
#10081 = ORIENTED_EDGE ( 'NONE', *, *, #2113, .T. ) ;
#10082 = LINE ( 'NONE', #6157, #4679 ) ;
#10083 = AXIS2_PLACEMENT_3D ( 'NONE', #2418, #5579, #8667 ) ;
#10084 = CARTESIAN_POINT ( 'NONE',  ( 716.5292206964783190, 899.6193023335093812, 1224.128450989098837 ) ) ;
#10085 = B_SPLINE_CURVE_WITH_KNOTS ( 'NONE', 3,
 ( #5516, #3091, #7149, #4849, #8801, #7877, #6434, #3865, #4901, #2301 ),
 .UNSPECIFIED., .F., .F.,
 ( 4, 3, 3, 4 ),
 ( 0.000000000000000000, 0.0001770958401172326960, 0.0003541916793410720141, 0.0006316937728062557407 ),
 .UNSPECIFIED. ) ;
#10086 = EDGE_CURVE ( 'NONE', #7331, #3062, #3578, .T. ) ;
#10087 = CARTESIAN_POINT ( 'NONE',  ( 722.5262736529970198, 892.8849030941207729, 1194.332809863042257 ) ) ;
#10088 = ORIENTED_EDGE ( 'NONE', *, *, #790, .F. ) ;
#10089 = DIRECTION ( 'NONE',  ( -0.5000000000000008882, -0.8660254037844380415, -0.000000000000000000 ) ) ;
#10090 = CARTESIAN_POINT ( 'NONE',  ( 725.0582810041544235, 893.2385163014695308, 1195.453857591024416 ) ) ;
#10091 = CARTESIAN_POINT ( 'NONE',  ( 720.7284808555376685, 897.9839294562993928, 1194.474892881310325 ) ) ;
#10092 = CARTESIAN_POINT ( 'NONE',  ( 717.1800848525040237, 879.2510169669742481, 1212.380460436409521 ) ) ;
#10093 = ORIENTED_EDGE ( 'NONE', *, *, #6684, .F. ) ;
#10094 = CARTESIAN_POINT ( 'NONE',  ( 725.3236735400701036, 893.3561263297817732, 1212.380460436409521 ) ) ;
#10095 = ORIENTED_EDGE ( 'NONE', *, *, #7702, .F. ) ;
#10096 = CARTESIAN_POINT ( 'NONE',  ( 709.0397128157692350, 903.1447849327332733, 1219.132901005827762 ) ) ;
#10097 = CARTESIAN_POINT ( 'NONE',  ( 717.1800848525040237, 879.2510169669742481, 1212.380460436409521 ) ) ;
#10098 = CONICAL_SURFACE ( 'NONE', #2336, 18.17967805303275597, 0.8981840042400328628 ) ;
#10099 = B_SPLINE_CURVE_WITH_KNOTS ( 'NONE', 1,
 ( #7486, #1209 ),
 .UNSPECIFIED., .F., .F.,
 ( 2, 2 ),
 ( 0.000000000000000000, 0.002900000000003073296 ),
 .UNSPECIFIED. ) ;
#10100 = EDGE_CURVE ( 'NONE', #3522, #4250, #4826, .T. ) ;
#10101 = CARTESIAN_POINT ( 'NONE',  ( 711.0890018432223769, 900.0784302202613389, 1220.731553619435317 ) ) ;
#10102 = CARTESIAN_POINT ( 'NONE',  ( 717.1800848525040237, 879.2510169669742481, 1212.380460436409521 ) ) ;
#10103 = CARTESIAN_POINT ( 'NONE',  ( 717.1800848525040237, 879.2510169669742481, 1212.380460436409521 ) ) ;
#10104 = CARTESIAN_POINT ( 'NONE',  ( 718.4141223852520852, 898.5310538360997725, 1194.791792513107339 ) ) ;
#10105 = ORIENTED_EDGE ( 'NONE', *, *, #7668, .F. ) ;
#10106 = AXIS2_PLACEMENT_3D ( 'NONE', #5992, #8256, #9857 ) ;
#10107 = FACE_OUTER_BOUND ( 'NONE', #5626, .T. ) ;
#10108 = CARTESIAN_POINT ( 'NONE',  ( 735.2646122616168896, 887.3458882025352068, 1200.065878665577202 ) ) ;
#10109 = CARTESIAN_POINT ( 'NONE',  ( 724.4202779218370551, 891.7913992196671416, 1212.380460436409521 ) ) ;
#10110 = EDGE_CURVE ( 'NONE', #1699, #587, #7929, .T. ) ;
#10111 = VERTEX_POINT ( 'NONE', #9074 ) ;
#10112 = CARTESIAN_POINT ( 'NONE',  ( 733.3919905585001970, 888.4271064168685825, 1198.337677341352219 ) ) ;
#10113 = CARTESIAN_POINT ( 'NONE',  ( 721.6255931801337056, 887.0764486459399905, 1202.890444179412270 ) ) ;
#10114 = FACE_OUTER_BOUND ( 'NONE', #9838, .T. ) ;
#10115 = AXIS2_PLACEMENT_3D ( 'NONE', #3891, #3937, #9408 ) ;
#10116 = FACE_OUTER_BOUND ( 'NONE', #6014, .T. ) ;
#10117 = CARTESIAN_POINT ( 'NONE',  ( 710.7358765321170040, 902.9640911463114890, 1206.969733688804126 ) ) ;
#10118 = CARTESIAN_POINT ( 'NONE',  ( 717.1800848525040237, 879.2510169669742481, 1212.380460436409521 ) ) ;
#10119 = DIRECTION ( 'NONE',  ( -0.5000000000000009992, -0.8660254037844381525, 5.977335943528133221E-15 ) ) ;
#10120 = B_SPLINE_CURVE_WITH_KNOTS ( 'NONE', 3,
 ( #8210, #8373, #8420, #2905 ),
 .UNSPECIFIED., .F., .F.,
 ( 4, 4 ),
 ( 1.005213304160730375E-05, 0.001341057332774187863 ),
 .UNSPECIFIED. ) ;
#10121 = CARTESIAN_POINT ( 'NONE',  ( 740.2518129202114778, 885.9569311111242769, 1202.098630107204599 ) ) ;
#10122 = EDGE_LOOP ( 'NONE', ( #234, #5951, #6298, #6669 ) ) ;
#10123 = DIRECTION ( 'NONE',  ( -0.4999999999999988343, -0.8660254037844394848, 2.975261781898571487E-15 ) ) ;
#10124 = B_SPLINE_SURFACE_WITH_KNOTS ( 'NONE', 3, 1, ( 
 ( #679, #3824 ),
 ( #10118, #3045 ),
 ( #9343, #3874 ),
 ( #10169, #3103 ),
 ( #6243, #6639 ),
 ( #3436, #6587 ) ),
 .UNSPECIFIED., .F., .F., .F.,
 ( 4, 1, 1, 4 ),
 ( 2, 2 ),
 ( 0.000000000000000000, 0.3395620866332510479, 0.7109345430498769103, 1.000000000000000000 ),
 ( 0.000000000000000000, 1.000000000000000000 ),
 .UNSPECIFIED. ) ;
#10125 = EDGE_LOOP ( 'NONE', ( #5352, #9278, #2282, #3374 ) ) ;
#10126 = ADVANCED_FACE ( 'NONE', ( #6083 ), #7870, .F. ) ;
#10127 = ORIENTED_EDGE ( 'NONE', *, *, #4658, .F. ) ;
#10128 = ORIENTED_EDGE ( 'NONE', *, *, #7906, .T. ) ;
#10129 = CARTESIAN_POINT ( 'NONE',  ( 710.8899731167524578, 902.8751234416910165, 1206.425829493073934 ) ) ;
#10130 = CARTESIAN_POINT ( 'NONE',  ( 734.2279411632669053, 888.1081818026895007, 1194.599870637715640 ) ) ;
#10131 = CARTESIAN_POINT ( 'NONE',  ( 717.1800848525040237, 879.2510169669742481, 1212.380460436409521 ) ) ;
#10132 = CARTESIAN_POINT ( 'NONE',  ( 709.9291719974061152, 903.4298422265833324, 1208.885481861728977 ) ) ;
#10133 = VERTEX_POINT ( 'NONE', #9953 ) ;
#10134 = EDGE_CURVE ( 'NONE', #4927, #2233, #6785, .T. ) ;
#10135 = ORIENTED_EDGE ( 'NONE', *, *, #919, .T. ) ;
#10136 = CARTESIAN_POINT ( 'NONE',  ( 744.2624014099551459, 884.7622435214773304, 1212.380460436409294 ) ) ;
#10137 = EDGE_CURVE ( 'NONE', #6242, #3674, #7984, .T. ) ;
#10138 = CARTESIAN_POINT ( 'NONE',  ( 723.5632507933037232, 896.3497886099866037, 1193.642036380012541 ) ) ;
#10139 = CARTESIAN_POINT ( 'NONE',  ( 680.5717232886125885, 923.8434747564629106, 1201.196694252335647 ) ) ;
#10140 = DIRECTION ( 'NONE',  ( -0.4999999999999988343, -0.8660254037844394848, 2.975261781898571487E-15 ) ) ;
#10141 = CARTESIAN_POINT ( 'NONE',  ( 717.1800848525040237, 879.2510169669742481, 1212.380460436409521 ) ) ;
#10142 = CARTESIAN_POINT ( 'NONE',  ( 734.3569635589935842, 889.3264501927925494, 1197.000143304985386 ) ) ;
#10143 = EDGE_LOOP ( 'NONE', ( #6259, #6249, #7271, #2829, #7996 ) ) ;
#10144 = ORIENTED_EDGE ( 'NONE', *, *, #8191, .F. ) ;
#10145 = CARTESIAN_POINT ( 'NONE',  ( 717.1800848525040237, 879.2510169669742481, 1212.380460436409521 ) ) ;
#10146 = ORIENTED_EDGE ( 'NONE', *, *, #7094, .T. ) ;
#10147 = CARTESIAN_POINT ( 'NONE',  ( 713.0310716117119227, 901.6389596492645069, 1201.671907618273508 ) ) ;
#10148 = EDGE_CURVE ( 'NONE', #6767, #10053, #1240, .T. ) ;
#10149 = CARTESIAN_POINT ( 'NONE',  ( 729.8658453637153798, 891.9193984917990292, 1230.035328879156395 ) ) ;
#10150 = CIRCLE ( 'NONE', #5532, 18.17967805303275597 ) ;
#10151 = LINE ( 'NONE', #6121, #5039 ) ;
#10152 = CARTESIAN_POINT ( 'NONE',  ( 728.0919615732233297, 892.9435507757508503, 1231.772452957824044 ) ) ;
#10153 = CARTESIAN_POINT ( 'NONE',  ( 717.1800848525040237, 879.2510169669742481, 1212.380460436409521 ) ) ;
#10154 = CARTESIAN_POINT ( 'NONE',  ( 728.5669075976659315, 891.0548616293298210, 1228.950333415249133 ) ) ;
#10155 = ORIENTED_EDGE ( 'NONE', *, *, #3822, .T. ) ;
#10156 = CARTESIAN_POINT ( 'NONE',  ( 733.0045531673515598, 890.8963358024820991, 1195.115026014738305 ) ) ;
#10157 = DIRECTION ( 'NONE',  ( -0.4999999999999988343, -0.8660254037844394848, 2.975261781898571487E-15 ) ) ;
#10158 = ADVANCED_FACE ( 'NONE', ( #961, #1504 ), #5709, .T. ) ;
#10159 = AXIS2_PLACEMENT_3D ( 'NONE', #10079, #645, #3788 ) ;
#10160 = CARTESIAN_POINT ( 'NONE',  ( 736.2702819547880608, 888.2217953019354582, 1226.099089435736460 ) ) ;
#10161 = VERTEX_POINT ( 'NONE', #3327 ) ;
#10162 = CARTESIAN_POINT ( 'NONE',  ( 733.3495291871097379, 888.4516274334002901, 1198.304803271360470 ) ) ;
#10163 = CARTESIAN_POINT ( 'NONE',  ( 737.7105736664293545, 887.3902424945076746, 1224.437230680624452 ) ) ;
#10164 = CARTESIAN_POINT ( 'NONE',  ( 725.3236735400701036, 893.3561263297817732, 1212.380460436409521 ) ) ;
#10165 = CARTESIAN_POINT ( 'NONE',  ( 711.7190872412555791, 902.3964341787201420, 1204.159849866361355 ) ) ;
#10166 = AXIS2_PLACEMENT_3D ( 'NONE', #4090, #5739, #7171 ) ;
#10167 = CARTESIAN_POINT ( 'NONE',  ( 730.7888350870927070, 889.1583821853034806, 1196.312868049229337 ) ) ;
#10168 = ORIENTED_EDGE ( 'NONE', *, *, #7504, .T. ) ;
#10169 = CARTESIAN_POINT ( 'NONE',  ( 717.1800848525040237, 879.2510169669742481, 1212.380460436409521 ) ) ;
#10170 = CARTESIAN_POINT ( 'NONE',  ( 713.1991689914004837, 901.5419085818513167, 1201.408581300675223 ) ) ;
#10171 = CARTESIAN_POINT ( 'NONE',  ( 742.5210738464965061, 885.4044843669765896, 1214.432398790377420 ) ) ;
#10172 = ORIENTED_EDGE ( 'NONE', *, *, #4855, .F. ) ;
#10173 = ORIENTED_EDGE ( 'NONE', *, *, #9856, .F. ) ;
#10174 = AXIS2_PLACEMENT_3D ( 'NONE', #5825, #4334, #3344 ) ;
#10175 = VERTEX_POINT ( 'NONE', #6477 ) ;
#10176 = CARTESIAN_POINT ( 'NONE',  ( 713.1686776229721545, 900.1029448304767584, 1202.719815413030574 ) ) ;
#10177 = AXIS2_PLACEMENT_3D ( 'NONE', #5381, #8514, #4710 ) ;
#10178 = B_SPLINE_CURVE_WITH_KNOTS ( 'NONE', 3,
 ( #10170, #3195, #7111, #58 ),
 .UNSPECIFIED., .F., .F.,
 ( 4, 4 ),
 ( 0.000000000000000000, 0.001331005199731833408 ),
 .UNSPECIFIED. ) ;
#10179 = ADVANCED_FACE ( 'NONE', ( #1732, #6236 ), #7060, .T. ) ;
#10180 = CARTESIAN_POINT ( 'NONE',  ( 717.1800848525040237, 879.2510169669742481, 1212.380460436409521 ) ) ;
#10181 = CARTESIAN_POINT ( 'NONE',  ( 712.9261433994909112, 901.6995399808361071, 1222.920041864958648 ) ) ;
#10182 = DIRECTION ( 'NONE',  ( -0.5845683251975072325, 0.3375006799125115364, 0.7378164841167307308 ) ) ;
#10183 = B_SPLINE_SURFACE_WITH_KNOTS ( 'NONE', 3, 1, ( 
 ( #8621, #6247 ),
 ( #733, #3877 ),
 ( #5386, #6197 ),
 ( #6923, #7021 ),
 ( #8518, #6870 ),
 ( #2997, #1467 ) ),
 .UNSPECIFIED., .F., .F., .F.,
 ( 4, 1, 1, 4 ),
 ( 2, 2 ),
 ( 0.000000000000000000, 0.2890654569501156512, 0.6604379133667447332, 1.000000000000000000 ),
 ( 0.000000000000000000, 1.000000000000000000 ),
 .UNSPECIFIED. ) ;
#10184 = ORIENTED_EDGE ( 'NONE', *, *, #9078, .F. ) ;
#10185 = ORIENTED_EDGE ( 'NONE', *, *, #7353, .F. ) ;
#10186 = CARTESIAN_POINT ( 'NONE',  ( 717.1800848525040237, 879.2510169669742481, 1212.380460436409521 ) ) ;
#10187 = DIRECTION ( 'NONE',  ( 0.5845683251975019035, -0.3375006799125165324, -0.7378164841167327292 ) ) ;
#10188 = CARTESIAN_POINT ( 'NONE',  ( 716.2966205140069178, 905.5270968033680674, 1190.196798703381546 ) ) ;
#10189 = VERTEX_POINT ( 'NONE', #6959 ) ;
#10190 = EDGE_CURVE ( 'NONE', #914, #4862, #6647, .T. ) ;
#10191 = CARTESIAN_POINT ( 'NONE',  ( 734.3774692167132798, 889.3146112457883419, 1227.745449045521354 ) ) ;
#10192 = EDGE_CURVE ( 'NONE', #4505, #8490, #723, .T. ) ;
#10193 = CARTESIAN_POINT ( 'NONE',  ( 720.5368016364308232, 898.0971098453959485, 1194.553554622572165 ) ) ;
#10194 = LINE ( 'NONE', #7135, #9334 ) ;
#10195 = ORIENTED_EDGE ( 'NONE', *, *, #1196, .F. ) ;
#10196 = CARTESIAN_POINT ( 'NONE',  ( 739.5790021346610956, 884.8549368642678701, 1209.047753994882214 ) ) ;
#10197 = B_SPLINE_CURVE_WITH_KNOTS ( 'NONE', 1,
 ( #8346, #3551 ),
 .UNSPECIFIED., .F., .F.,
 ( 2, 2 ),
 ( 0.000000000000000000, 0.002900000000001883276 ),
 .UNSPECIFIED. ) ;
#10198 = ORIENTED_EDGE ( 'NONE', *, *, #8142, .T. ) ;
#10199 = FACE_OUTER_BOUND ( 'NONE', #5596, .T. ) ;
#10200 = CARTESIAN_POINT ( 'NONE',  ( 722.7031737830142220, 892.7827697563844822, 1230.451692601063314 ) ) ;
#10201 = CARTESIAN_POINT ( 'NONE',  ( 736.2903639054018186, 888.2102009823424851, 1198.682141994071344 ) ) ;
#10202 = CARTESIAN_POINT ( 'NONE',  ( 729.0159062982471596, 890.9536341512070976, 1228.726511609773752 ) ) ;
#10203 = EDGE_CURVE ( 'NONE', #9107, #2225, #746, .T. ) ;
#10204 = CARTESIAN_POINT ( 'NONE',  ( 718.0612255719730683, 895.4627998055982516, 1229.011274158614242 ) ) ;
#10205 = DIRECTION ( 'NONE',  ( 0.5000000000000009992, 0.8660254037844381525, -5.726519994466740890E-15 ) ) ;
#10206 = ORIENTED_EDGE ( 'NONE', *, *, #1111, .F. ) ;
#10207 = CARTESIAN_POINT ( 'NONE',  ( 723.8780480200882721, 894.7179370960625420, 1232.363472619080767 ) ) ;
#10208 = LINE ( 'NONE', #2506, #5986 ) ;
#10209 = ORIENTED_EDGE ( 'NONE', *, *, #90, .T. ) ;
ENDSEC;
END-ISO-10303-21;
