ISO-10303-21;
HEADER;
FILE_DESCRIPTION (( 'STEP AP203' ),
    '1' );
FILE_NAME ('OutFaceNew.STEP',
    '2026-04-27T18:35:02',
    ( '' ),
    ( '' ),
    'SwSTEP 2.0',
    'SolidWorks 2025',
    '' );
FILE_SCHEMA (( 'CONFIG_CONTROL_DESIGN' ));
ENDSEC;

DATA;
#1 = EDGE_CURVE ( 'NONE', #1479, #1510, #1186, .T. ) ;
#2 = VERTEX_POINT ( 'NONE', #830 ) ;
#3 = PERSON_AND_ORGANIZATION_ROLE ( 'creator' ) ;
#4 = CARTESIAN_POINT ( 'NONE',  ( 692.6764911779208660, 929.4993966640814733, 1350.548332624420482 ) ) ;
#5 = CALENDAR_DATE ( 2026, 27, 4 ) ;
#6 = VERTEX_POINT ( 'NONE', #596 ) ;
#7 = CARTESIAN_POINT ( 'NONE',  ( 713.7772951270892463, 934.9600806928513066, 1365.097797822931852 ) ) ;
#8 = ADVANCED_FACE ( 'NONE', ( #211 ), #474, .F. ) ;
#9 = FACE_OUTER_BOUND ( 'NONE', #557, .T. ) ;
#10 = LINE ( 'NONE', #482, #1157 ) ;
#11 = VERTEX_POINT ( 'NONE', #1517 ) ;
#12 = MECHANICAL_CONTEXT ( 'NONE', #880, 'mechanical' ) ;
#13 = AXIS2_PLACEMENT_3D ( 'NONE', #619, #759, #536 ) ;
#14 = AXIS2_PLACEMENT_3D ( 'NONE', #105, #1421, #227 ) ;
#15 = DIRECTION ( 'NONE',  ( -0.9905232771305629846, -0.1357127328062483484, 0.02111140963530827933 ) ) ;
#16 = ADVANCED_FACE ( 'NONE', ( #1525 ), #324, .T. ) ;
#17 = DIRECTION ( 'NONE',  ( -0.6142889209272252016, -0.6259007566953846968, 0.4805178086129691661 ) ) ;
#18 = CARTESIAN_POINT ( 'NONE',  ( 722.5683014065791667, 922.7630009856426341, 1336.743619026677379 ) ) ;
#19 = CARTESIAN_POINT ( 'NONE',  ( 720.7482955461117626, 898.6934726846548074, 1315.635519196917357 ) ) ;
#20 = ORIENTED_EDGE ( 'NONE', *, *, #25, .F. ) ;
#21 = ORIENTED_EDGE ( 'NONE', *, *, #267, .T. ) ;
#22 = DIRECTION ( 'NONE',  ( -0.9912045376621353432, -0.1312203550432170240, 0.01716924402309625772 ) ) ;
#23 = PLANE ( 'NONE',  #984 ) ;
#24 = CARTESIAN_POINT ( 'NONE',  ( 735.1214300925120142, 938.2433278728328787, 1353.738567727197506 ) ) ;
#25 = EDGE_CURVE ( 'NONE', #303, #1048, #814, .T. ) ;
#26 = ORIENTED_EDGE ( 'NONE', *, *, #522, .T. ) ;
#27 = APPROVAL_ROLE ( '' ) ;
#28 = VERTEX_POINT ( 'NONE', #699 ) ;
#29 = CARTESIAN_POINT ( 'NONE',  ( 712.4935715987729736, 942.8801816269198071, 1351.518042679931568 ) ) ;
#30 = VERTEX_POINT ( 'NONE', #1173 ) ;
#31 = LINE ( 'NONE', #476, #1134 ) ;
#32 = LINE ( 'NONE', #1323, #359 ) ;
#33 = CARTESIAN_POINT ( 'NONE',  ( 710.9085819149063354, 953.3820307924885356, 1348.924836076883139 ) ) ;
#34 = EDGE_CURVE ( 'NONE', #1097, #153, #1416, .T. ) ;
#35 = DIRECTION ( 'NONE',  ( -0.6142889209272517359, -0.6259007566953721513, 0.4805178086129517911 ) ) ;
#36 = ORIENTED_EDGE ( 'NONE', *, *, #733, .T. ) ;
#37 = DIRECTION ( 'NONE',  ( -0.07317157541021215850, 0.6515180314347919222, 0.7550961364404674692 ) ) ;
#38 = VECTOR ( 'NONE', #1146, 1000.000000000000000 ) ;
#39 = VECTOR ( 'NONE', #1113, 1000.000000000000000 ) ;
#40 = CARTESIAN_POINT ( 'NONE',  ( 709.8897980171597055, 914.4579455677638862, 1342.680859430397049 ) ) ;
#41 = PLANE ( 'NONE',  #72 ) ;
#42 = VECTOR ( 'NONE', #120, 1000.000000000000000 ) ;
#43 = VECTOR ( 'NONE', #291, 1000.000000000000114 ) ;
#44 = ORIENTED_EDGE ( 'NONE', *, *, #132, .F. ) ;
#45 = EDGE_CURVE ( 'NONE', #1249, #790, #143, .T. ) ;
#46 = ORIENTED_EDGE ( 'NONE', *, *, #190, .T. ) ;
#47 = CARTESIAN_POINT ( 'NONE',  ( -85.77222787328925335, 826.3820950977174107, 1364.086293793889581 ) ) ;
#48 = CARTESIAN_POINT ( 'NONE',  ( -82.81912523595477182, 803.7247131125351416, 1361.408192527529991 ) ) ;
#49 = CARTESIAN_POINT ( 'NONE',  ( 690.5182355009430921, 923.9799037631386227, 1372.317913195720394 ) ) ;
#50 = LINE ( 'NONE', #1252, #855 ) ;
#51 = ORIENTED_EDGE ( 'NONE', *, *, #563, .F. ) ;
#52 = EDGE_LOOP ( 'NONE', ( #51, #954, #1016, #334, #407 ) ) ;
#53 = ORIENTED_EDGE ( 'NONE', *, *, #1399, .F. ) ;
#54 = DIRECTION ( 'NONE',  ( -0.7825931887738231119, 0.4318179573122599701, -0.4484207317101725487 ) ) ;
#55 = CC_DESIGN_PERSON_AND_ORGANIZATION_ASSIGNMENT ( #1072, #3, ( #486 ) ) ;
#56 = CARTESIAN_POINT ( 'NONE',  ( 737.0363547532354005, 945.9402576225639905, 1357.877682450143766 ) ) ;
#57 = DIRECTION ( 'NONE',  ( 0.4186453504567636541, -0.1561217580144841077, -0.8946295698306648836 ) ) ;
#58 = DIRECTION ( 'NONE',  ( 0.1102700551826241160, -0.7471984161771659805, 0.6553892292312680778 ) ) ;
#59 = ADVANCED_FACE ( 'NONE', ( #613 ), #23, .T. ) ;
#60 = ORIENTED_EDGE ( 'NONE', *, *, #895, .T. ) ;
#61 = ORIENTED_EDGE ( 'NONE', *, *, #472, .T. ) ;
#62 = PLANE ( 'NONE',  #13 ) ;
#63 = COORDINATED_UNIVERSAL_TIME_OFFSET ( 5, 0, .BEHIND. ) ;
#64 = ORIENTED_EDGE ( 'NONE', *, *, #522, .F. ) ;
#65 = CARTESIAN_POINT ( 'NONE',  ( 712.6991037233842690, 894.0229371229714843, 1318.885391590668632 ) ) ;
#66 = LINE ( 'NONE', #1371, #852 ) ;
#67 = VECTOR ( 'NONE', #1215, 1000.000000000000000 ) ;
#68 = LINE ( 'NONE', #1469, #916 ) ;
#69 = VECTOR ( 'NONE', #748, 1000.000000000000114 ) ;
#70 = ADVANCED_FACE ( 'NONE', ( #622 ), #1083, .F. ) ;
#71 = ORIENTED_EDGE ( 'NONE', *, *, #863, .F. ) ;
#72 = AXIS2_PLACEMENT_3D ( 'NONE', #516, #996, #358 ) ;
#73 = CARTESIAN_POINT ( 'NONE',  ( 709.8899448529783740, 914.4569505969080865, 1342.681732147959792 ) ) ;
#74 = CIRCLE ( 'NONE', #638, 0.7000000000000098366 ) ;
#75 = ORIENTED_EDGE ( 'NONE', *, *, #1515, .T. ) ;
#76 = ORIENTED_EDGE ( 'NONE', *, *, #674, .F. ) ;
#77 = DIRECTION ( 'NONE',  ( -0.07317157541021059031, 0.6515180314347932544, 0.7550961364404665810 ) ) ;
#78 = FACE_BOUND ( 'NONE', #254, .T. ) ;
#79 = PLANE ( 'NONE',  #1234 ) ;
#80 = ORIENTED_EDGE ( 'NONE', *, *, #1075, .T. ) ;
#81 = EDGE_CURVE ( 'NONE', #704, #223, #333, .T. ) ;
#82 = EDGE_CURVE ( 'NONE', #725, #28, #277, .T. ) ;
#83 = EDGE_LOOP ( 'NONE', ( #1125, #758, #1450, #64, #942, #217 ) ) ;
#84 = ORIENTED_EDGE ( 'NONE', *, *, #1223, .F. ) ;
#85 = DIRECTION ( 'NONE',  ( -0.9912045376621360093, -0.1312203550432131938, 0.01716924402309056089 ) ) ;
#86 = CARTESIAN_POINT ( 'NONE',  ( 735.4872879695629990, 934.9857377156589564, 1349.963087044995518 ) ) ;
#87 = CARTESIAN_POINT ( 'NONE',  ( 713.5446956403375225, 908.8699526698108002, 1327.000050004094646 ) ) ;
#88 = EDGE_CURVE ( 'NONE', #561, #1309, #1468, .T. ) ;
#89 = ORIENTED_EDGE ( 'NONE', *, *, #786, .F. ) ;
#90 = VERTEX_POINT ( 'NONE', #242 ) ;
#91 = PLANE ( 'NONE',  #920 ) ;
#92 = LINE ( 'NONE', #460, #335 ) ;
#93 = DIRECTION ( 'NONE',  ( 0.1102700551827667380, -0.7471984161771478838, 0.6553892292312647472 ) ) ;
#94 = DIRECTION ( 'NONE',  ( 0.07317157541021215850, -0.6515180314347918111, -0.7550961364404675802 ) ) ;
#95 = AXIS2_PLACEMENT_3D ( 'NONE', #1054, #700, #312 ) ;
#96 = CIRCLE ( 'NONE', #727, 5.650000000000031442 ) ;
#97 = CIRCLE ( 'NONE', #513, 5.650000000000031442 ) ;
#98 = DIRECTION ( 'NONE',  ( -0.6142889209272517359, -0.6259007566953721513, 0.4805178086129517911 ) ) ;
#99 = VERTEX_POINT ( 'NONE', #850 ) ;
#100 = ORIENTED_EDGE ( 'NONE', *, *, #1112, .F. ) ;
#101 = APPROVAL_PERSON_ORGANIZATION ( #548, #1366, #922 ) ;
#102 = CARTESIAN_POINT ( 'NONE',  ( 737.9875852335680975, 937.4705232139116333, 1348.061432676417553 ) ) ;
#103 = EDGE_CURVE ( 'NONE', #800, #11, #369, .T. ) ;
#104 = DIRECTION ( 'NONE',  ( 0.07317157541021215850, -0.6515180314347919222, -0.7550961364404674692 ) ) ;
#105 = CARTESIAN_POINT ( 'NONE',  ( 691.8806310562207500, 932.3188562915686362, 1354.660175772651883 ) ) ;
#106 = ORIENTED_EDGE ( 'NONE', *, *, #1052, .F. ) ;
#107 = DIRECTION ( 'NONE',  ( 0.9912045376621344550, 0.1312203550432224641, -0.01716924402309864470 ) ) ;
#108 = LINE ( 'NONE', #608, #1066 ) ;
#109 = CARTESIAN_POINT ( 'NONE',  ( 700.7821705956192773, 951.9945995373223013, 1349.140664238050931 ) ) ;
#110 = EDGE_CURVE ( 'NONE', #11, #1053, #843, .T. ) ;
#111 = CARTESIAN_POINT ( 'NONE',  ( 712.6079684792131275, 941.0939781071300558, 1380.855668164500230 ) ) ;
#112 = LINE ( 'NONE', #1303, #1082 ) ;
#113 = CARTESIAN_POINT ( 'NONE',  ( 709.8900672231898170, 914.4555485634398337, 1342.678081351184346 ) ) ;
#114 = UNCERTAINTY_MEASURE_WITH_UNIT (LENGTH_MEASURE( 1.000000000000000082E-05 ), #817, 'distance_accuracy_value', 'NONE');
#115 = CARTESIAN_POINT ( 'NONE',  ( 695.4131736095688439, 937.1481388182083947, 1344.213978844204803 ) ) ;
#116 = DIRECTION ( 'NONE',  ( 0.07317157541021215850, -0.6515180314347918111, -0.7550961364404675802 ) ) ;
#117 = VERTEX_POINT ( 'NONE', #134 ) ;
#118 = EDGE_CURVE ( 'NONE', #790, #1219, #1200, .T. ) ;
#119 = AXIS2_PLACEMENT_3D ( 'NONE', #503, #364, #17 ) ;
#120 = DIRECTION ( 'NONE',  ( 0.07317157541021215850, -0.6515180314347918111, -0.7550961364404675802 ) ) ;
#121 = AXIS2_PLACEMENT_3D ( 'NONE', #498, #1089, #1096 ) ;
#122 = VECTOR ( 'NONE', #1352, 1000.000000000000114 ) ;
#123 = VECTOR ( 'NONE', #15, 1000.000000000000114 ) ;
#124 = DIRECTION ( 'NONE',  ( 0.07317157541021274136, -0.6515180314347901458, -0.7550961364404689125 ) ) ;
#125 = CARTESIAN_POINT ( 'NONE',  ( 736.6070298975791957, 921.0827956948338624, 1366.490525995643793 ) ) ;
#126 = EDGE_CURVE ( 'NONE', #1017, #1219, #1191, .T. ) ;
#127 = ADVANCED_FACE ( 'NONE', ( #735 ), #1107, .T. ) ;
#128 = DIRECTION ( 'NONE',  ( -0.07317157541021275524, 0.6515180314347902568, 0.7550961364404689125 ) ) ;
#129 = DIRECTION ( 'NONE',  ( -0.1312397000813127212, 0.9913506650638649331, 0.000000000000000000 ) ) ;
#130 = DIRECTION ( 'NONE',  ( -0.07317157541021215850, 0.6515180314347921442, 0.7550961364404673581 ) ) ;
#131 = CARTESIAN_POINT ( 'NONE',  ( 721.3243846246056137, 933.8388075200341518, 1349.580253346165364 ) ) ;
#132 = EDGE_CURVE ( 'NONE', #90, #2, #32, .T. ) ;
#133 = CARTESIAN_POINT ( 'NONE',  ( 721.0349932341933936, 954.7694620476547698, 1348.709007915715119 ) ) ;
#134 = CARTESIAN_POINT ( 'NONE',  ( 706.2989922381865426, 931.8496748549841868, 1349.840517114765134 ) ) ;
#135 = PLANE ( 'NONE',  #539 ) ;
#136 = AXIS2_PLACEMENT_3D ( 'NONE', #1155, #94, #1045 ) ;
#137 = VERTEX_POINT ( 'NONE', #864 ) ;
#138 = AXIS2_PLACEMENT_3D ( 'NONE', #889, #1360, #1335 ) ;
#139 = AXIS2_PLACEMENT_3D ( 'NONE', #1518, #682, #98 ) ;
#140 = EDGE_CURVE ( 'NONE', #373, #28, #743, .T. ) ;
#141 = FACE_OUTER_BOUND ( 'NONE', #1491, .T. ) ;
#142 = CIRCLE ( 'NONE', #1333, 2.083333333333547976 ) ;
#143 = LINE ( 'NONE', #1438, #164 ) ;
#144 = ORIENTED_EDGE ( 'NONE', *, *, #288, .F. ) ;
#145 = PERSON_AND_ORGANIZATION ( #1398, #1137 ) ;
#146 = CARTESIAN_POINT ( 'NONE',  ( 715.7142613434906480, 906.9468927015333293, 1319.865136453859122 ) ) ;
#147 = VERTEX_POINT ( 'NONE', #1221 ) ;
#148 = DIRECTION ( 'NONE',  ( -0.6142889209272252016, -0.6259007566953846968, 0.4805178086129691661 ) ) ;
#149 = CARTESIAN_POINT ( 'NONE',  ( -113.9790128953347477, 1014.866520095275064, 1176.209638648228974 ) ) ;
#150 = ADVANCED_FACE ( 'NONE', ( #9 ), #837, .F. ) ;
#151 = DIRECTION ( 'NONE',  ( -0.1162306242541852330, 0.7463955445134928812, -0.6552740900691015336 ) ) ;
#152 = VERTEX_POINT ( 'NONE', #477 ) ;
#153 = VERTEX_POINT ( 'NONE', #40 ) ;
#154 = DIRECTION ( 'NONE',  ( 0.07317157541021215850, -0.6515180314347918111, -0.7550961364404675802 ) ) ;
#155 = CARTESIAN_POINT ( 'NONE',  ( 690.9502430682806562, 1100.607379227535148, 1138.531022298689777 ) ) ;
#156 = CARTESIAN_POINT ( 'NONE',  ( 735.1214300925120142, 938.2433278728328787, 1353.738567727197506 ) ) ;
#157 = CARTESIAN_POINT ( 'NONE',  ( 691.8164866886227173, 928.6231356047078407, 1351.221057556478627 ) ) ;
#158 = ORIENTED_EDGE ( 'NONE', *, *, #703, .T. ) ;
#159 = PERSON_AND_ORGANIZATION ( #1398, #1137 ) ;
#160 = ORIENTED_EDGE ( 'NONE', *, *, #1299, .T. ) ;
#161 = CARTESIAN_POINT ( 'NONE',  ( 739.3706371247461675, 930.9502498435317648, 1371.037680228448380 ) ) ;
#162 = ORIENTED_EDGE ( 'NONE', *, *, #183, .T. ) ;
#163 = CARTESIAN_POINT ( 'NONE',  ( 718.4443272513003649, 919.2079536085442442, 1339.411385004648082 ) ) ;
#164 = VECTOR ( 'NONE', #1457, 1000.000000000000000 ) ;
#165 = VECTOR ( 'NONE', #247, 1000.000000000000000 ) ;
#166 = CARTESIAN_POINT ( 'NONE',  ( 687.4228162844817689, 1132.200375051687161, 1175.143168055568140 ) ) ;
#167 = DIRECTION ( 'NONE',  ( 0.000000000000000000, 0.6594105371683945949, 0.7517830428197281867 ) ) ;
#168 = VECTOR ( 'NONE', #1117, 1000.000000000000114 ) ;
#169 = AXIS2_PLACEMENT_3D ( 'NONE', #670, #1145, #1088 ) ;
#170 = EDGE_CURVE ( 'NONE', #1510, #1034, #958, .T. ) ;
#171 = ORIENTED_EDGE ( 'NONE', *, *, #1214, .F. ) ;
#172 = ADVANCED_FACE ( 'NONE', ( #515 ), #1431, .F. ) ;
#173 = DIRECTION ( 'NONE',  ( 0.6100511287510040903, 0.6281990783185827931, -0.4829115222370541916 ) ) ;
#174 = VERTEX_POINT ( 'NONE', #1257 ) ;
#175 = LINE ( 'NONE', #1472, #466 ) ;
#176 = CARTESIAN_POINT ( 'NONE',  ( 714.7285256074219433, 926.4903462841990631, 1355.281548049205867 ) ) ;
#177 = DIRECTION ( 'NONE',  ( 0.9912045376621353432, 0.1312203550432170240, -0.01716924402309625772 ) ) ;
#178 = ORIENTED_EDGE ( 'NONE', *, *, #551, .T. ) ;
#179 = ORIENTED_EDGE ( 'NONE', *, *, #126, .F. ) ;
#180 = CARTESIAN_POINT ( 'NONE',  ( 724.3657033060561616, 910.5836668019550189, 1347.426463463147229 ) ) ;
#181 = ORIENTED_EDGE ( 'NONE', *, *, #674, .T. ) ;
#182 = DIRECTION ( 'NONE',  ( 0.1102700551825122333, -0.7471984161771829669, 0.6553892292312675227 ) ) ;
#183 = EDGE_CURVE ( 'NONE', #666, #1481, #66, .T. ) ;
#184 = FACE_OUTER_BOUND ( 'NONE', #1358, .T. ) ;
#185 = VERTEX_POINT ( 'NONE', #671 ) ;
#186 = ORIENTED_EDGE ( 'NONE', *, *, #951, .F. ) ;
#187 = CARTESIAN_POINT ( 'NONE',  ( 723.5276508866680842, 916.2623747649014376, 1342.445505320989696 ) ) ;
#188 = EDGE_CURVE ( 'NONE', #913, #1225, #1026, .T. ) ;
#189 = FACE_BOUND ( 'NONE', #1253, .T. ) ;
#190 = EDGE_CURVE ( 'NONE', #28, #725, #1064, .T. ) ;
#191 = ORIENTED_EDGE ( 'NONE', *, *, #710, .F. ) ;
#192 = VECTOR ( 'NONE', #706, 1000.000000000000000 ) ;
#193 = CIRCLE ( 'NONE', #988, 5.650000000000031442 ) ;
#194 = EDGE_LOOP ( 'NONE', ( #923, #100, #587, #53, #657, #1340, #973, #1298, #945, #447, #1354, #981, #1383 ) ) ;
#195 = ORIENTED_EDGE ( 'NONE', *, *, #395, .T. ) ;
#196 = DIRECTION ( 'NONE',  ( -0.9912045376621345660, -0.1312203550432228805, 0.01716924402309906450 ) ) ;
#197 = FACE_OUTER_BOUND ( 'NONE', #756, .T. ) ;
#198 = ADVANCED_FACE ( 'NONE', ( #1020, #189, #772, #78, #307 ), #549, .F. ) ;
#199 = PLANE ( 'NONE',  #361 ) ;
#200 = ORIENTED_EDGE ( 'NONE', *, *, #1162, .F. ) ;
#201 = EDGE_LOOP ( 'NONE', ( #971, #448, #861, #816 ) ) ;
#202 = LINE ( 'NONE', #564, #985 ) ;
#203 = CARTESIAN_POINT ( 'NONE',  ( 715.9724423893956100, 911.1367794751882911, 1346.135884744626082 ) ) ;
#204 = ORIENTED_EDGE ( 'NONE', *, *, #716, .T. ) ;
#205 = EDGE_CURVE ( 'NONE', #424, #725, #301, .T. ) ;
#206 = DIRECTION ( 'NONE',  ( 0.000000000000000000, 0.7571257123220754837, -0.6532692061782722215 ) ) ;
#207 = ORIENTED_EDGE ( 'NONE', *, *, #1102, .T. ) ;
#208 = ORIENTED_EDGE ( 'NONE', *, *, #326, .F. ) ;
#209 = DIRECTION ( 'NONE',  ( -0.07317157541021215850, 0.6515180314347919222, 0.7550961364404674692 ) ) ;
#210 = DIRECTION ( 'NONE',  ( 0.9912045376621408943, 0.1312203550431796095, -0.01716924402306100814 ) ) ;
#211 = FACE_OUTER_BOUND ( 'NONE', #950, .T. ) ;
#212 = VECTOR ( 'NONE', #327, 1000.000000000000227 ) ;
#213 = AXIS2_PLACEMENT_3D ( 'NONE', #542, #1021, #167 ) ;
#214 = APPROVAL_PERSON_ORGANIZATION ( #159, #858, #518 ) ;
#215 = CARTESIAN_POINT ( 'NONE',  ( 735.9172902142121302, 935.4238682453457159, 1349.626724578966332 ) ) ;
#216 = EDGE_LOOP ( 'NONE', ( #1228, #1316, #651, #80, #1368, #71 ) ) ;
#217 = ORIENTED_EDGE ( 'NONE', *, *, #1488, .T. ) ;
#218 = LINE ( 'NONE', #936, #1489 ) ;
#219 = ADVANCED_FACE ( 'NONE', ( #1499 ), #555, .T. ) ;
#220 = CARTESIAN_POINT ( 'NONE',  ( 717.7848864632205732, 906.6115746787121452, 1320.355109349193754 ) ) ;
#221 = DIRECTION ( 'NONE',  ( -0.6142889209272517359, -0.6259007566953721513, 0.4805178086129517911 ) ) ;
#222 = ORIENTED_EDGE ( 'NONE', *, *, #1278, .F. ) ;
#223 = VERTEX_POINT ( 'NONE', #1131 ) ;
#224 = LINE ( 'NONE', #457, #251 ) ;
#225 = CARTESIAN_POINT ( 'NONE',  ( -85.86044391740527715, 826.9798538306143882, 1363.561982410548353 ) ) ;
#226 = EDGE_CURVE ( 'NONE', #90, #859, #1032, .T. ) ;
#227 = DIRECTION ( 'NONE',  ( -0.6142889209272252016, -0.6259007566953846968, 0.4805178086129691661 ) ) ;
#228 = VERTEX_POINT ( 'NONE', #778 ) ;
#229 = LINE ( 'NONE', #1276, #592 ) ;
#230 = ADVANCED_FACE ( 'NONE', ( #184 ), #654, .F. ) ;
#231 = ORIENTED_EDGE ( 'NONE', *, *, #489, .F. ) ;
#232 = ADVANCED_FACE ( 'NONE', ( #1266 ), #892, .F. ) ;
#233 = VECTOR ( 'NONE', #917, 1000.000000000000000 ) ;
#234 = AXIS2_PLACEMENT_3D ( 'NONE', #1504, #196, #764 ) ;
#235 = VECTOR ( 'NONE', #177, 1000.000000000000114 ) ;
#236 = VECTOR ( 'NONE', #994, 1000.000000000000114 ) ;
#237 = LINE ( 'NONE', #1073, #960 ) ;
#238 = PERSON_AND_ORGANIZATION_ROLE ( 'creator' ) ;
#239 = ORIENTED_EDGE ( 'NONE', *, *, #1245, .F. ) ;
#240 = EDGE_CURVE ( 'NONE', #1034, #868, #272, .T. ) ;
#241 = CARTESIAN_POINT ( 'NONE',  ( 712.6079684792131275, 949.6494986563693601, 1373.473726134685649 ) ) ;
#242 = CARTESIAN_POINT ( 'NONE',  ( 722.1399645339409972, 916.0786662678415269, 1342.469542262622781 ) ) ;
#243 = ADVANCED_FACE ( 'NONE', ( #751 ), #1123, .T. ) ;
#244 = CARTESIAN_POINT ( 'NONE',  ( 735.5514323371610317, 938.6814584025197519, 1353.402205261168774 ) ) ;
#245 = LINE ( 'NONE', #1199, #336 ) ;
#246 = DIRECTION ( 'NONE',  ( -0.9905232771305629846, -0.1357127328062483484, 0.02111140963530827933 ) ) ;
#247 = DIRECTION ( 'NONE',  ( -0.1162306242541852330, 0.7463955445134928812, -0.6552740900691016446 ) ) ;
#248 = AXIS2_PLACEMENT_3D ( 'NONE', #1010, #646, #1351 ) ;
#249 = EDGE_LOOP ( 'NONE', ( #684, #987, #669, #799 ) ) ;
#250 = PERSON_AND_ORGANIZATION ( #1398, #1137 ) ;
#251 = VECTOR ( 'NONE', #107, 1000.000000000000227 ) ;
#252 = ORIENTED_EDGE ( 'NONE', *, *, #103, .F. ) ;
#253 = CARTESIAN_POINT ( 'NONE',  ( 733.1323534300464644, 924.5263881660301877, 1375.975854970165074 ) ) ;
#254 = EDGE_LOOP ( 'NONE', ( #823, #313 ) ) ;
#255 = VECTOR ( 'NONE', #689, 1000.000000000000114 ) ;
#256 = DIRECTION ( 'NONE',  ( 0.1102700551825795960, -0.7471984161771726418, 0.6553892292312679668 ) ) ;
#257 = EDGE_CURVE ( 'NONE', #1511, #1281, #900, .T. ) ;
#258 = AXIS2_PLACEMENT_3D ( 'NONE', #155, #905, #529 ) ;
#259 = DIRECTION ( 'NONE',  ( 0.07317157541021215850, -0.6515180314347918111, -0.7550961364404675802 ) ) ;
#260 = CARTESIAN_POINT ( 'NONE',  ( 709.8899448529783740, 914.4569505969080865, 1342.681732147959792 ) ) ;
#261 = EDGE_LOOP ( 'NONE', ( #972, #1529, #803, #793, #746, #806 ) ) ;
#262 = APPROVAL_STATUS ( 'not_yet_approved' ) ;
#263 = VERTEX_POINT ( 'NONE', #49 ) ;
#264 = LINE ( 'NONE', #768, #1409 ) ;
#265 = ORIENTED_EDGE ( 'NONE', *, *, #456, .F. ) ;
#266 = LINE ( 'NONE', #1437, #857 ) ;
#267 = EDGE_CURVE ( 'NONE', #400, #800, #523, .T. ) ;
#268 = CARTESIAN_POINT ( 'NONE',  ( 713.0789442020546858, 937.6680373754414859, 1345.477273588408025 ) ) ;
#269 = CARTESIAN_POINT ( 'NONE',  ( 700.5427281402562585, 910.7282210969755170, 1367.993339847902462 ) ) ;
#270 = VERTEX_POINT ( 'NONE', #1474 ) ;
#271 = CARTESIAN_POINT ( 'NONE',  ( 713.0789442020546858, 937.6680373754414859, 1345.477273588408025 ) ) ;
#272 = LINE ( 'NONE', #1364, #605 ) ;
#273 = DIRECTION ( 'NONE',  ( 0.07317157541021215850, -0.6515180314347918111, -0.7550961364404675802 ) ) ;
#274 = VERTEX_POINT ( 'NONE', #404 ) ;
#275 = VERTEX_POINT ( 'NONE', #532 ) ;
#276 = PERSON_AND_ORGANIZATION ( #1398, #1137 ) ;
#277 = CIRCLE ( 'NONE', #119, 0.7000000000000098366 ) ;
#278 = EDGE_LOOP ( 'NONE', ( #658, #552, #1024, #26 ) ) ;
#279 = CARTESIAN_POINT ( 'NONE',  ( -92.21892934345436288, 807.6249043247465806, 1315.432527536373527 ) ) ;
#280 = CARTESIAN_POINT ( 'NONE',  ( 721.9862237145260906, 946.2997276390024126, 1338.892758141988907 ) ) ;
#281 = AXIS2_PLACEMENT_3D ( 'NONE', #1242, #1493, #1230 ) ;
#282 = DIRECTION ( 'NONE',  ( -0.1102700551826361342, 0.7471984161771644262, -0.6553892292312678558 ) ) ;
#283 = AXIS2_PLACEMENT_3D ( 'NONE', #741, #1429, #734 ) ;
#284 = DIRECTION ( 'NONE',  ( -0.9897329706043943576, -0.09682212897423107811, 0.1051385858735896517 ) ) ;
#285 = DIRECTION ( 'NONE',  ( 0.6100511287510040903, 0.6281990783185827931, -0.4829115222370541916 ) ) ;
#286 = VECTOR ( 'NONE', #653, 1000.000000000000114 ) ;
#287 = CC_DESIGN_APPROVAL ( #1366, ( #569 ) ) ;
#288 = EDGE_CURVE ( 'NONE', #391, #1151, #1414, .T. ) ;
#289 = ORIENTED_EDGE ( 'NONE', *, *, #895, .F. ) ;
#290 = DIRECTION ( 'NONE',  ( -0.07317157541021215850, 0.6515180314347919222, 0.7550961364404674692 ) ) ;
#291 = DIRECTION ( 'NONE',  ( -0.1102700551826361342, 0.7471984161771644262, -0.6553892292312678558 ) ) ;
#292 = FACE_OUTER_BOUND ( 'NONE', #347, .T. ) ;
#293 = DIRECTION ( 'NONE',  ( 0.07317157541021215850, -0.6515180314347918111, -0.7550961364404675802 ) ) ;
#294 = LINE ( 'NONE', #1378, #661 ) ;
#295 = ORIENTED_EDGE ( 'NONE', *, *, #1288, .F. ) ;
#296 = EDGE_CURVE ( 'NONE', #678, #979, #1514, .T. ) ;
#297 = ORIENTED_EDGE ( 'NONE', *, *, #1424, .F. ) ;
#298 = VERTEX_POINT ( 'NONE', #444 ) ;
#299 = DIRECTION ( 'NONE',  ( -0.6142889209272252016, -0.6259007566953846968, 0.4805178086129691661 ) ) ;
#300 = CARTESIAN_POINT ( 'NONE',  ( 716.6460083392720435, 916.5381305932140776, 1381.270759568981020 ) ) ;
#301 = LINE ( 'NONE', #434, #233 ) ;
#302 = LINE ( 'NONE', #1258, #1312 ) ;
#303 = VERTEX_POINT ( 'NONE', #795 ) ;
#304 = VERTEX_POINT ( 'NONE', #343 ) ;
#305 = EDGE_LOOP ( 'NONE', ( #535, #1238, #732, #1519 ) ) ;
#306 = DIRECTION ( 'NONE',  ( -0.07317157541021059031, 0.6515180314347931434, 0.7550961364404664700 ) ) ;
#307 = FACE_BOUND ( 'NONE', #194, .T. ) ;
#308 = VECTOR ( 'NONE', #724, 1000.000000000000114 ) ;
#309 = CARTESIAN_POINT ( 'NONE',  ( 718.1174348705021657, 921.5643369853054310, 1337.346554562292795 ) ) ;
#310 = VECTOR ( 'NONE', #511, 1000.000000000000114 ) ;
#311 = LOCAL_TIME ( 14, 35, 2.000000000000000000, #867 ) ;
#312 = DIRECTION ( 'NONE',  ( 1.964996503761378430E-14, 0.7571257123220823670, -0.6532692061782641169 ) ) ;
#313 = ORIENTED_EDGE ( 'NONE', *, *, #1440, .F. ) ;
#314 = ORIENTED_EDGE ( 'NONE', *, *, #140, .F. ) ;
#315 = DIRECTION ( 'NONE',  ( -0.002707121293625824876, -0.1343894153454160689, -0.9909248995445714137 ) ) ;
#316 = DIRECTION ( 'NONE',  ( -0.1102700551826361342, 0.7471984161771644262, -0.6553892292312678558 ) ) ;
#317 = LINE ( 'NONE', #1058, #1040 ) ;
#318 = ADVANCED_FACE ( 'NONE', ( #589 ), #135, .F. ) ;
#319 = CARTESIAN_POINT ( 'NONE',  ( 721.0349932341933936, 954.7694620476547698, 1348.709007915715119 ) ) ;
#320 = ORIENTED_EDGE ( 'NONE', *, *, #797, .T. ) ;
#321 = EDGE_LOOP ( 'NONE', ( #1118, #769, #1374, #1302 ) ) ;
#322 = CARTESIAN_POINT ( 'NONE',  ( 734.6914278478628830, 937.8051973431461192, 1354.074930193226692 ) ) ;
#323 = CARTESIAN_POINT ( 'NONE',  ( 710.3951354285728712, 914.5374180468609211, 1342.661257398399357 ) ) ;
#324 = PLANE ( 'NONE',  #937 ) ;
#325 = CC_DESIGN_PERSON_AND_ORGANIZATION_ASSIGNMENT ( #250, #600, ( #1188 ) ) ;
#326 = EDGE_CURVE ( 'NONE', #391, #6, #108, .T. ) ;
#327 = DIRECTION ( 'NONE',  ( 0.9912045376621344550, 0.1312203550432224641, -0.01716924402309864470 ) ) ;
#328 = ORIENTED_EDGE ( 'NONE', *, *, #1424, .T. ) ;
#329 = VERTEX_POINT ( 'NONE', #687 ) ;
#330 = PLANE ( 'NONE',  #1413 ) ;
#331 = DIRECTION ( 'NONE',  ( -0.1102700551825509107, 0.7471984161771764166, -0.6553892292312685219 ) ) ;
#332 = CARTESIAN_POINT ( 'NONE',  ( 712.4935715987729736, 942.8801816269198071, 1351.518042679931568 ) ) ;
#333 = CIRCLE ( 'NONE', #656, 2.083333333333547976 ) ;
#334 = ORIENTED_EDGE ( 'NONE', *, *, #1179, .F. ) ;
#335 = VECTOR ( 'NONE', #938, 1000.000000000000000 ) ;
#336 = VECTOR ( 'NONE', #595, 1000.000000000000227 ) ;
#337 = VECTOR ( 'NONE', #1311, 1000.000000000000114 ) ;
#338 = MANIFOLD_SOLID_BREP ( 'Boss-Extrude6', #707 ) ;
#339 = DIRECTION ( 'NONE',  ( 0.07317157541021215850, -0.6515180314347918111, -0.7550961364404675802 ) ) ;
#340 = ADVANCED_FACE ( 'NONE', ( #1300 ), #1164, .F. ) ;
#341 = ORIENTED_EDGE ( 'NONE', *, *, #1179, .T. ) ;
#342 = CARTESIAN_POINT ( 'NONE',  ( 714.3626677303709585, 929.7479364413729854, 1359.057028731408309 ) ) ;
#343 = CARTESIAN_POINT ( 'NONE',  ( 724.3657033060561616, 910.5836668019550189, 1347.426463463147229 ) ) ;
#344 = CARTESIAN_POINT ( 'NONE',  ( -68.93211321501289035, 771.0987895202108575, 1349.204856919532631 ) ) ;
#345 = ORIENTED_EDGE ( 'NONE', *, *, #1148, .T. ) ;
#346 = LINE ( 'NONE', #440, #755 ) ;
#347 = EDGE_LOOP ( 'NONE', ( #738, #993, #1280, #537 ) ) ;
#348 = DIRECTION ( 'NONE',  ( 0.7438160067201315950, -0.6625888053579418457, 0.08782837332691836862 ) ) ;
#349 = EDGE_CURVE ( 'NONE', #648, #550, #574, .T. ) ;
#350 = LINE ( 'NONE', #919, #761 ) ;
#351 = ADVANCED_FACE ( 'NONE', ( #924 ), #1522, .F. ) ;
#352 = ORIENTED_EDGE ( 'NONE', *, *, #786, .T. ) ;
#353 = COORDINATED_UNIVERSAL_TIME_OFFSET ( 5, 0, .BEHIND. ) ;
#354 = CARTESIAN_POINT ( 'NONE',  ( 691.4694659812757891, 915.5101693544863792, 1362.501663421994408 ) ) ;
#355 = PERSON_AND_ORGANIZATION_ROLE ( 'design_supplier' ) ;
#356 = EDGE_CURVE ( 'NONE', #391, #1262, #1527, .T. ) ;
#357 = ORIENTED_EDGE ( 'NONE', *, *, #349, .F. ) ;
#358 = DIRECTION ( 'NONE',  ( 0.1312397000812178249, -0.9913506650638773676, 0.000000000000000000 ) ) ;
#359 = VECTOR ( 'NONE', #599, 999.9999999999998863 ) ;
#360 = CIRCLE ( 'NONE', #1428, 5.650000000000031442 ) ;
#361 = AXIS2_PLACEMENT_3D ( 'NONE', #559, #1279, #206 ) ;
#362 = AXIS2_PLACEMENT_3D ( 'NONE', #1344, #521, #776 ) ;
#363 = DIRECTION ( 'NONE',  ( 0.07317157541021215850, -0.6515180314347918111, -0.7550961364404675802 ) ) ;
#364 = DIRECTION ( 'NONE',  ( 0.07317157541021215850, -0.6515180314347918111, -0.7550961364404675802 ) ) ;
#365 = DIRECTION ( 'NONE',  ( 0.07317157541021215850, -0.6515180314347918111, -0.7550961364404675802 ) ) ;
#366 = DIRECTION ( 'NONE',  ( 0.07317157541021215850, -0.6515180314347919222, -0.7550961364404674692 ) ) ;
#367 = DIRECTION ( 'NONE',  ( -0.6182182635904626133, -0.6237447446335727674, 0.4782767735372400186 ) ) ;
#368 = DIRECTION ( 'NONE',  ( 0.000000000000000000, -0.6594105371683914862, -0.7517830428197308512 ) ) ;
#369 = LINE ( 'NONE', #394, #308 ) ;
#370 = FACE_OUTER_BOUND ( 'NONE', #52, .T. ) ;
#371 = ORIENTED_EDGE ( 'NONE', *, *, #1039, .F. ) ;
#372 = DIRECTION ( 'NONE',  ( -0.07825501043845395355, 0.7510406724823623925, -0.6556020604135701646 ) ) ;
#373 = VERTEX_POINT ( 'NONE', #322 ) ;
#374 = DIRECTION ( 'NONE',  ( -0.7856812599127084296, 0.4286869457814816986, -0.4460184529125717501 ) ) ;
#375 = DIRECTION ( 'NONE',  ( -0.1162306242541852330, 0.7463955445134928812, -0.6552740900691016446 ) ) ;
#376 = DIRECTION ( 'NONE',  ( 0.07317157541021215850, -0.6515180314347919222, -0.7550961364404674692 ) ) ;
#377 = ORIENTED_EDGE ( 'NONE', *, *, #722, .T. ) ;
#378 = ORIENTED_EDGE ( 'NONE', *, *, #226, .T. ) ;
#379 = DESIGN_CONTEXT ( 'detailed design', #1284, 'design' ) ;
#380 = VECTOR ( 'NONE', #412, 999.9999999999998863 ) ;
#381 = EDGE_CURVE ( 'NONE', #1486, #1053, #453, .T. ) ;
#382 = LINE ( 'NONE', #1105, #310 ) ;
#383 = EDGE_LOOP ( 'NONE', ( #222, #633, #21, #451 ) ) ;
#384 = VECTOR ( 'NONE', #435, 1000.000000000000000 ) ;
#385 = DIRECTION ( 'NONE',  ( 0.07317157541021215850, -0.6515180314347919222, -0.7550961364404674692 ) ) ;
#386 = AXIS2_PLACEMENT_3D ( 'NONE', #473, #363, #621 ) ;
#387 = CARTESIAN_POINT ( 'NONE',  ( 693.2058156466740684, 1121.725473784697897, 1162.227909583843257 ) ) ;
#388 = LINE ( 'NONE', #1078, #1355 ) ;
#389 = EDGE_LOOP ( 'NONE', ( #740, #572, #1497, #774, #44, #1286, #1342, #579, #1255, #909 ) ) ;
#390 = APPROVAL_DATE_TIME ( #1095, #858 ) ;
#391 = VERTEX_POINT ( 'NONE', #1294 ) ;
#392 = EDGE_CURVE ( 'NONE', #329, #1465, #92, .T. ) ;
#393 = FACE_OUTER_BOUND ( 'NONE', #928, .T. ) ;
#394 = CARTESIAN_POINT ( 'NONE',  ( 709.0260713531437204, 908.2717557682162806, 1327.078319786053044 ) ) ;
#395 = EDGE_CURVE ( 'NONE', #949, #30, #931, .T. ) ;
#396 = PLANE ( 'NONE',  #213 ) ;
#397 = EDGE_LOOP ( 'NONE', ( #767, #328, #1324, #1114 ) ) ;
#398 = ORIENTED_EDGE ( 'NONE', *, *, #326, .T. ) ;
#399 = PERSON_AND_ORGANIZATION ( #1398, #1137 ) ;
#400 = VERTEX_POINT ( 'NONE', #801 ) ;
#401 = PLANE ( 'NONE',  #1310 ) ;
#402 = EDGE_LOOP ( 'NONE', ( #160, #673, #856, #577 ) ) ;
#403 = DIRECTION ( 'NONE',  ( 0.07317157541021215850, -0.6515180314347918111, -0.7550961364404675802 ) ) ;
#404 = CARTESIAN_POINT ( 'NONE',  ( 709.8899448529784877, 914.4569505969091097, 1342.681732147959792 ) ) ;
#405 = DIRECTION ( 'NONE',  ( 0.6182182635904626133, 0.6237447446335727674, -0.4782767735372399631 ) ) ;
#406 = EDGE_CURVE ( 'NONE', #1470, #913, #1175, .T. ) ;
#407 = ORIENTED_EDGE ( 'NONE', *, *, #1092, .T. ) ;
#408 = LINE ( 'NONE', #860, #39 ) ;
#409 = ORIENTED_EDGE ( 'NONE', *, *, #1277, .T. ) ;
#410 = DIRECTION ( 'NONE',  ( 0.000000000000000000, -0.3622916893747777922, -0.9320647680338365326 ) ) ;
#411 = VECTOR ( 'NONE', #1050, 1000.000000000000114 ) ;
#412 = DIRECTION ( 'NONE',  ( -0.6182182635904626133, -0.6237447446335727674, 0.4782767735372400186 ) ) ;
#413 = AXIS2_PLACEMENT_3D ( 'NONE', #765, #1027, #655 ) ;
#414 = DIRECTION ( 'NONE',  ( 0.000000000000000000, -0.6594105371683945949, -0.7517830428197281867 ) ) ;
#415 = LINE ( 'NONE', #893, #192 ) ;
#416 = EDGE_CURVE ( 'NONE', #329, #1168, #10, .T. ) ;
#417 = ORIENTED_EDGE ( 'NONE', *, *, #844, .T. ) ;
#418 = EDGE_LOOP ( 'NONE', ( #1006, #61, #642, #1240 ) ) ;
#419 = CARTESIAN_POINT ( 'NONE',  ( 735.1214300925120142, 938.2433278728328787, 1353.738567727197506 ) ) ;
#420 = DIRECTION ( 'NONE',  ( 0.1102700551826308051, -0.7471984161771657584, 0.6553892292312673007 ) ) ;
#421 = LINE ( 'NONE', #1267, #1459 ) ;
#422 = EDGE_LOOP ( 'NONE', ( #1150, #970, #708, #314 ) ) ;
#423 = ADVANCED_FACE ( 'NONE', ( #720 ), #1436, .T. ) ;
#424 = VERTEX_POINT ( 'NONE', #244 ) ;
#425 = ORIENTED_EDGE ( 'NONE', *, *, #1022, .F. ) ;
#426 = DIRECTION ( 'NONE',  ( 0.07317157541021213074, -0.6515180314347919222, -0.7550961364404674692 ) ) ;
#427 = CARTESIAN_POINT ( 'NONE',  ( -82.81912523595477182, 803.7247131125351416, 1361.408192527529991 ) ) ;
#428 = CARTESIAN_POINT ( 'NONE',  ( 694.4619431292360332, 945.6178732268606382, 1354.030228617930788 ) ) ;
#429 = ORIENTED_EDGE ( 'NONE', *, *, #118, .F. ) ;
#430 = ORIENTED_EDGE ( 'NONE', *, *, #665, .F. ) ;
#431 = ORIENTED_EDGE ( 'NONE', *, *, #1268, .T. ) ;
#432 = CARTESIAN_POINT ( 'NONE',  ( 701.7334010759520879, 943.5248651286700579, 1339.324414464324718 ) ) ;
#433 = EDGE_CURVE ( 'NONE', #1151, #1447, #1086, .T. ) ;
#434 = CARTESIAN_POINT ( 'NONE',  ( 735.5514323371610317, 938.6814584025197519, 1353.402205261168774 ) ) ;
#435 = DIRECTION ( 'NONE',  ( -0.03127536946447324190, 0.3583316089349943834, 0.9330703667478240648 ) ) ;
#436 = CARTESIAN_POINT ( 'NONE',  ( 715.8024773876368272, 906.3491339685916728, 1320.389447837244234 ) ) ;
#437 = AXIS2_PLACEMENT_3D ( 'NONE', #279, #372, #650 ) ;
#438 = ORIENTED_EDGE ( 'NONE', *, *, #25, .T. ) ;
#439 = ORIENTED_EDGE ( 'NONE', *, *, #754, .T. ) ;
#440 = CARTESIAN_POINT ( 'NONE',  ( 685.8542670830581756, 1110.339169793360497, 1150.483480015197529 ) ) ;
#441 = ORIENTED_EDGE ( 'NONE', *, *, #132, .T. ) ;
#442 = ORIENTED_EDGE ( 'NONE', *, *, #825, .F. ) ;
#443 = DIRECTION ( 'NONE',  ( -0.6142889209272252016, -0.6259007566953846968, 0.4805178086129691661 ) ) ;
#444 = CARTESIAN_POINT ( 'NONE',  ( 740.3218676050788645, 922.4805154348795213, 1361.221430454722395 ) ) ;
#445 = PLANE ( 'NONE',  #1509 ) ;
#446 = EDGE_CURVE ( 'NONE', #571, #648, #202, .T. ) ;
#447 = ORIENTED_EDGE ( 'NONE', *, *, #257, .T. ) ;
#448 = ORIENTED_EDGE ( 'NONE', *, *, #736, .T. ) ;
#449 = CARTESIAN_POINT ( 'NONE',  ( 714.3587127873198597, 938.9719972852236651, 1344.476194820464116 ) ) ;
#450 = VERTEX_POINT ( 'NONE', #717 ) ;
#451 = ORIENTED_EDGE ( 'NONE', *, *, #863, .T. ) ;
#452 = DIRECTION ( 'NONE',  ( 0.07317157541021215850, -0.6515180314347918111, -0.7550961364404675802 ) ) ;
#453 = LINE ( 'NONE', #1197, #915 ) ;
#454 = CARTESIAN_POINT ( 'NONE',  ( 712.1937663119711033, 893.9434646438745631, 1318.904993622666325 ) ) ;
#455 = DIRECTION ( 'NONE',  ( -0.9912045376621509973, -0.1312203550431114973, 0.01716924402300136140 ) ) ;
#456 = EDGE_CURVE ( 'NONE', #1496, #303, #1133, .T. ) ;
#457 = CARTESIAN_POINT ( 'NONE',  ( 722.1399645339409972, 916.0786662678409584, 1342.469542262622099 ) ) ;
#458 = DIRECTION ( 'NONE',  ( -0.6142889209272517359, -0.6259007566953721513, 0.4805178086129517911 ) ) ;
#459 = CALENDAR_DATE ( 2026, 27, 4 ) ;
#460 = CARTESIAN_POINT ( 'NONE',  ( -84.52831109130775644, 815.3062885633092947, 1351.249659474417740 ) ) ;
#461 = CARTESIAN_POINT ( 'NONE',  ( 701.1879782100429566, 910.1477049746010834, 1368.070306782647776 ) ) ;
#462 = ORIENTED_EDGE ( 'NONE', *, *, #1406, .F. ) ;
#463 = VECTOR ( 'NONE', #209, 1000.000000000000000 ) ;
#464 = CIRCLE ( 'NONE', #386, 0.7000000000000098366 ) ;
#465 = EDGE_CURVE ( 'NONE', #845, #561, #980, .T. ) ;
#466 = VECTOR ( 'NONE', #1466, 1000.000000000000000 ) ;
#467 = CARTESIAN_POINT ( 'NONE',  ( 690.5182355009430921, 923.9799037631386227, 1372.317913195720394 ) ) ;
#468 = CARTESIAN_POINT ( 'NONE',  ( 732.9634903262850685, 915.1702269917520880, 1367.302343475580074 ) ) ;
#469 = DIRECTION ( 'NONE',  ( 0.07317157541021215850, -0.6515180314347918111, -0.7550961364404675802 ) ) ;
#470 = ORIENTED_EDGE ( 'NONE', *, *, #665, .T. ) ;
#471 = ORIENTED_EDGE ( 'NONE', *, *, #1004, .T. ) ;
#472 = EDGE_CURVE ( 'NONE', #400, #275, #1343, .T. ) ;
#473 = CARTESIAN_POINT ( 'NONE',  ( 692.2464889332717348, 929.0612661343947138, 1350.884695090449668 ) ) ;
#474 = CYLINDRICAL_SURFACE ( 'NONE', #136, 0.7000000000000098366 ) ;
#475 = EDGE_CURVE ( 'NONE', #991, #450, #528, .T. ) ;
#476 = CARTESIAN_POINT ( 'NONE',  ( 687.8366761587409428, 1110.601610503322263, 1150.449141527293705 ) ) ;
#477 = CARTESIAN_POINT ( 'NONE',  ( 717.1991619185951095, 911.6391377043368038, 1324.964850970030056 ) ) ;
#478 = CARTESIAN_POINT ( 'NONE',  ( 714.7285256074220570, 926.4903462841989494, 1355.281548049205867 ) ) ;
#479 = AXIS2_PLACEMENT_3D ( 'NONE', #1327, #1000, #1127 ) ;
#480 = LINE ( 'NONE', #606, #165 ) ;
#481 = CIRCLE ( 'NONE', #887, 0.7000000000000098366 ) ;
#482 = CARTESIAN_POINT ( 'NONE',  ( 688.6667330664553219, 1121.124568517295756, 1162.306533736080382 ) ) ;
#483 = CC_DESIGN_APPROVAL ( #839, ( #486 ) ) ;
#484 = FACE_BOUND ( 'NONE', #526, .T. ) ;
#485 = CC_DESIGN_APPROVAL ( #858, ( #1357 ) ) ;
#486 = PRODUCT_DEFINITION ( 'UNKNOWN', '', #569, #379 ) ;
#487 = DIRECTION ( 'NONE',  ( 0.07317157541021215850, -0.6515180314347918111, -0.7550961364404675802 ) ) ;
#488 = CARTESIAN_POINT ( 'NONE',  ( 707.5429090201600957, 920.7738683205926691, 1337.003882795277377 ) ) ;
#489 = EDGE_CURVE ( 'NONE', #888, #853, #264, .T. ) ;
#490 = ORIENTED_EDGE ( 'NONE', *, *, #1376, .F. ) ;
#491 = DIRECTION ( 'NONE',  ( -0.07317157541021059031, 0.6515180314347931434, 0.7550961364404664700 ) ) ;
#492 = ORIENTED_EDGE ( 'NONE', *, *, #1515, .F. ) ;
#493 = ORIENTED_EDGE ( 'NONE', *, *, #736, .F. ) ;
#494 = DIRECTION ( 'NONE',  ( -0.9942444739063250880, -0.1070614916418275719, -0.003970278851909582636 ) ) ;
#495 = CARTESIAN_POINT ( 'NONE',  ( 729.0356739937143402, 950.3548598351093233, 1353.293345182929443 ) ) ;
#496 = EDGE_CURVE ( 'NONE', #1030, #845, #869, .T. ) ;
#497 = ORIENTED_EDGE ( 'NONE', *, *, #188, .F. ) ;
#498 = CARTESIAN_POINT ( 'NONE',  ( 713.7772951270893600, 934.9600806928511929, 1365.097797822932080 ) ) ;
#499 = EDGE_LOOP ( 'NONE', ( #1217, #1193, #507, #439 ) ) ;
#500 = LINE ( 'NONE', #1454, #854 ) ;
#501 = ORIENTED_EDGE ( 'NONE', *, *, #1162, .T. ) ;
#502 = DIRECTION ( 'NONE',  ( 0.000000000000000000, 0.7571257123220629381, -0.6532692061782867654 ) ) ;
#503 = CARTESIAN_POINT ( 'NONE',  ( 735.4872879695629990, 934.9857377156589564, 1349.963087044995518 ) ) ;
#504 = DIRECTION ( 'NONE',  ( 0.1102700551826369529, -0.7471984161771643151, 0.6553892292312678558 ) ) ;
#505 =( BOUNDED_CURVE ( )  B_SPLINE_CURVE ( 3, ( #1297, #586, #1382, #705 ),
 .UNSPECIFIED., .F., .T. ) 
 B_SPLINE_CURVE_WITH_KNOTS ( ( 4, 4 ),
 ( 3.724506242545449819, 4.744635862819908567 ),
 .UNSPECIFIED. ) 
 CURVE ( )  GEOMETRIC_REPRESENTATION_ITEM ( )  RATIONAL_B_SPLINE_CURVE ( ( 1.000000000000000000, 0.9151419113189952492, 0.9151419113189952492, 1.000000000000000000 ) ) 
 REPRESENTATION_ITEM ( '' )  );
#506 = VECTOR ( 'NONE', #259, 1000.000000000000000 ) ;
#507 = ORIENTED_EDGE ( 'NONE', *, *, #797, .F. ) ;
#508 = VECTOR ( 'NONE', #173, 1000.000000000000000 ) ;
#509 = SECURITY_CLASSIFICATION_LEVEL ( 'unclassified' ) ;
#510 = ORIENTED_EDGE ( 'NONE', *, *, #170, .T. ) ;
#511 = DIRECTION ( 'NONE',  ( -0.07317157541021042377, 0.6515180314347922552, 0.7550961364404673581 ) ) ;
#512 = EDGE_LOOP ( 'NONE', ( #753, #668, #1143, #904, #894, #1166 ) ) ;
#513 = AXIS2_PLACEMENT_3D ( 'NONE', #478, #376, #1319 ) ;
#514 = DIRECTION ( 'NONE',  ( 0.07317157541021215850, -0.6515180314347918111, -0.7550961364404675802 ) ) ;
#515 = FACE_OUTER_BOUND ( 'NONE', #827, .T. ) ;
#516 = CARTESIAN_POINT ( 'NONE',  ( 685.0030158423076045, 1099.820057097276504, 1138.634037762827575 ) ) ;
#517 = EDGE_LOOP ( 'NONE', ( #75, #1028, #471, #721, #171, #36 ) ) ;
#518 = APPROVAL_ROLE ( '' ) ;
#519 = LINE ( 'NONE', #1471, #1014 ) ;
#520 = ORIENTED_EDGE ( 'NONE', *, *, #267, .F. ) ;
#521 = DIRECTION ( 'NONE',  ( 0.07317157541020216649, -0.6515180314347237545, -0.7550961364405274212 ) ) ;
#522 = EDGE_CURVE ( 'NONE', #304, #571, #1442, .T. ) ;
#523 = LINE ( 'NONE', #1003, #688 ) ;
#524 = PLANE ( 'NONE',  #413 ) ;
#525 = ORIENTED_EDGE ( 'NONE', *, *, #1420, .T. ) ;
#526 = EDGE_LOOP ( 'NONE', ( #1226, #1392 ) ) ;
#527 = ORIENTED_EDGE ( 'NONE', *, *, #1299, .F. ) ;
#528 = LINE ( 'NONE', #47, #709 ) ;
#529 = DIRECTION ( 'NONE',  ( 0.1312397000812175196, -0.9913506650638773676, 0.000000000000000000 ) ) ;
#530 = LINE ( 'NONE', #1370, #380 ) ;
#531 = ADVANCED_FACE ( 'NONE', ( #877 ), #1007, .F. ) ;
#532 = CARTESIAN_POINT ( 'NONE',  ( 712.8204838936042052, 932.7130208324483647, 1349.727554474490034 ) ) ;
#533 = DIRECTION ( 'NONE',  ( 0.07317157541021215850, -0.6515180314347918111, -0.7550961364404675802 ) ) ;
#534 = CARTESIAN_POINT ( 'NONE',  ( 693.2058156466740684, 1121.725473784697897, 1162.227909583843257 ) ) ;
#535 = ORIENTED_EDGE ( 'NONE', *, *, #1434, .F. ) ;
#536 = DIRECTION ( 'NONE',  ( -0.1312397000813210202, 0.9913506650638637119, 0.000000000000000000 ) ) ;
#537 = ORIENTED_EDGE ( 'NONE', *, *, #496, .F. ) ;
#538 = CARTESIAN_POINT ( 'NONE',  ( 718.2764106842067804, 894.9000588259191318, 1318.669047921988977 ) ) ;
#539 = AXIS2_PLACEMENT_3D ( 'NONE', #697, #331, #819 ) ;
#540 = VECTOR ( 'NONE', #1475, 1000.000000000000227 ) ;
#541 = CARTESIAN_POINT ( 'NONE',  ( 690.2812060622308081, 923.1407909311166122, 1355.802603323039421 ) ) ;
#542 = CARTESIAN_POINT ( 'NONE',  ( -84.61652713543166726, 815.9040472962228705, 1350.725348091060368 ) ) ;
#543 = AXIS2_PLACEMENT_3D ( 'NONE', #946, #1174, #458 ) ;
#544 = EDGE_CURVE ( 'NONE', #137, #263, #408, .T. ) ;
#545 = EDGE_LOOP ( 'NONE', ( #295, #341, #181, #162, #1035, #1263, #846 ) ) ;
#546 = EDGE_LOOP ( 'NONE', ( #1361, #618, #60, #1210 ) ) ;
#547 = CARTESIAN_POINT ( 'NONE',  ( 714.7748521910319823, 898.0837930713468040, 1315.582719298305165 ) ) ;
#548 = PERSON_AND_ORGANIZATION ( #1398, #1137 ) ;
#549 = PLANE ( 'NONE',  #911 ) ;
#550 = VERTEX_POINT ( 'NONE', #1480 ) ;
#551 = EDGE_CURVE ( 'NONE', #1017, #1249, #660, .T. ) ;
#552 = ORIENTED_EDGE ( 'NONE', *, *, #1075, .F. ) ;
#553 = ORIENTED_EDGE ( 'NONE', *, *, #496, .T. ) ;
#554 = CARTESIAN_POINT ( 'NONE',  ( 688.6667330664553219, 1121.124568517295756, 1162.306533736080382 ) ) ;
#555 = PLANE ( 'NONE',  #784 ) ;
#556 = DIRECTION ( 'NONE',  ( 0.9912045376621408943, 0.1312203550431791099, -0.01716924402306157019 ) ) ;
#557 = EDGE_LOOP ( 'NONE', ( #898, #609, #848, #46 ) ) ;
#558 = ADVANCED_FACE ( 'NONE', ( #1349 ), #1227, .F. ) ;
#559 = CARTESIAN_POINT ( 'NONE',  ( -113.9790128953347477, 1014.866520095275064, 1176.209638648228974 ) ) ;
#560 = EDGE_LOOP ( 'NONE', ( #1397, #1334, #409, #1460 ) ) ;
#561 = VERTEX_POINT ( 'NONE', #161 ) ;
#562 =( NAMED_UNIT ( * ) SI_UNIT ( $, .STERADIAN. ) SOLID_ANGLE_UNIT ( ) );
#563 = EDGE_CURVE ( 'NONE', #949, #1158, #519, .T. ) ;
#564 = CARTESIAN_POINT ( 'NONE',  ( 691.9618988647005153, 1132.801280319089528, 1175.064543903331241 ) ) ;
#565 = VECTOR ( 'NONE', #1395, 1000.000000000000227 ) ;
#566 = LINE ( 'NONE', #436, #1430 ) ;
#567 = VECTOR ( 'NONE', #282, 1000.000000000000114 ) ;
#568 = CIRCLE ( 'NONE', #1068, 2.083333333333547976 ) ;
#569 = PRODUCT_DEFINITION_FORMATION_WITH_SPECIFIED_SOURCE ( 'ANY', '', #1188, .NOT_KNOWN. ) ;
#570 = DIRECTION ( 'NONE',  ( 0.000000000000000000, 0.7571257123220629381, -0.6532692061782867654 ) ) ;
#571 = VERTEX_POINT ( 'NONE', #731 ) ;
#572 = ORIENTED_EDGE ( 'NONE', *, *, #34, .F. ) ;
#573 = CARTESIAN_POINT ( 'NONE',  ( 709.3403109196370906, 908.5945341369049402, 1347.686727231747000 ) ) ;
#574 = LINE ( 'NONE', #225, #411 ) ;
#575 = ADVANCED_FACE ( 'NONE', ( #739 ), #401, .F. ) ;
#576 = LINE ( 'NONE', #1165, #1487 ) ;
#577 = ORIENTED_EDGE ( 'NONE', *, *, #951, .T. ) ;
#578 = DIRECTION ( 'NONE',  ( 0.07317157541021215850, -0.6515180314347919222, -0.7550961364404674692 ) ) ;
#579 = ORIENTED_EDGE ( 'NONE', *, *, #1448, .F. ) ;
#580 =( NAMED_UNIT ( * ) PLANE_ANGLE_UNIT ( ) SI_UNIT ( $, .RADIAN. ) );
#581 = DIRECTION ( 'NONE',  ( -0.9912045376621201331, -0.1312203550433206078, 0.01716924402318479800 ) ) ;
#582 = LINE ( 'NONE', #1042, #384 ) ;
#583 = FACE_OUTER_BOUND ( 'NONE', #397, .T. ) ;
#584 = ADVANCED_FACE ( 'NONE', ( #1464 ), #62, .T. ) ;
#585 = DIRECTION ( 'NONE',  ( -0.5210754420883038085, -0.8455772993681179850, 0.1161008804695245200 ) ) ;
#586 = CARTESIAN_POINT ( 'NONE',  ( 720.9106336875269108, 911.9933256795847001, 1332.399206794169231 ) ) ;
#587 = ORIENTED_EDGE ( 'NONE', *, *, #1278, .T. ) ;
#588 = CARTESIAN_POINT ( 'NONE',  ( 718.0969765774754023, 921.5616286195023577, 1337.346908932569704 ) ) ;
#589 = FACE_OUTER_BOUND ( 'NONE', #1422, .T. ) ;
#590 = DIRECTION ( 'NONE',  ( 0.000000000000000000, -0.7571257123220629381, 0.6532692061782867654 ) ) ;
#591 = AXIS2_PLACEMENT_3D ( 'NONE', #300, #151, #1423 ) ;
#592 = VECTOR ( 'NONE', #210, 1000.000000000000000 ) ;
#593 = ADVANCED_FACE ( 'NONE', ( #1098 ), #1120, .F. ) ;
#594 = LINE ( 'NONE', #1391, #212 ) ;
#595 = DIRECTION ( 'NONE',  ( 0.7825931887738228898, -0.4318179573122600257, 0.4484207317101726042 ) ) ;
#596 = CARTESIAN_POINT ( 'NONE',  ( 719.2493287449086665, 911.3011113156601368, 1325.455178235647054 ) ) ;
#597 = EDGE_CURVE ( 'NONE', #1309, #1212, #500, .T. ) ;
#598 = CARTESIAN_POINT ( 'NONE',  ( 718.4400023788049339, 919.3785946193044083, 1339.263732079721422 ) ) ;
#599 = DIRECTION ( 'NONE',  ( -0.9942444739063250880, -0.1070614916418275719, -0.003970278851909582636 ) ) ;
#600 = PERSON_AND_ORGANIZATION_ROLE ( 'design_owner' ) ;
#601 = DIRECTION ( 'NONE',  ( 0.000000000000000000, 0.7571257123220906937, -0.6532692061782543469 ) ) ;
#602 = EDGE_CURVE ( 'NONE', #6, #1465, #382, .T. ) ;
#603 = DIRECTION ( 'NONE',  ( 0.9912045376621345660, 0.1312203550432221588, -0.01716924402309850592 ) ) ;
#604 = LINE ( 'NONE', #851, #785 ) ;
#605 = VECTOR ( 'NONE', #1251, 999.9999999999998863 ) ;
#606 = CARTESIAN_POINT ( 'NONE',  ( 739.1758451526133058, 929.8399016372816277, 1354.760492775372541 ) ) ;
#607 = VECTOR ( 'NONE', #273, 1000.000000000000000 ) ;
#608 = CARTESIAN_POINT ( 'NONE',  ( 689.7986269408989983, 1110.861342847616697, 1150.415157409542644 ) ) ;
#609 = ORIENTED_EDGE ( 'NONE', *, *, #1467, .F. ) ;
#610 = CIRCLE ( 'NONE', #1163, 0.7000000000000098366 ) ;
#611 = DIRECTION ( 'NONE',  ( 0.1102700551824959962, -0.7471984161772441402, 0.6553892292312005763 ) ) ;
#612 = EDGE_CURVE ( 'NONE', #274, #1053, #992, .T. ) ;
#613 = FACE_OUTER_BOUND ( 'NONE', #389, .T. ) ;
#614 = LINE ( 'NONE', #33, #690 ) ;
#615 = FACE_OUTER_BOUND ( 'NONE', #625, .T. ) ;
#616 = ORIENTED_EDGE ( 'NONE', *, *, #1224, .F. ) ;
#617 = DATE_TIME_ROLE ( 'classification_date' ) ;
#618 = ORIENTED_EDGE ( 'NONE', *, *, #416, .T. ) ;
#619 = CARTESIAN_POINT ( 'NONE',  ( 793.5471225083173294, 105.0535295214411065, -13.74550223742306088 ) ) ;
#620 = ORIENTED_EDGE ( 'NONE', *, *, #406, .F. ) ;
#621 = DIRECTION ( 'NONE',  ( -0.6142889209272252016, -0.6259007566953846968, 0.4805178086129691661 ) ) ;
#622 = FACE_OUTER_BOUND ( 'NONE', #402, .T. ) ;
#623 = EDGE_CURVE ( 'NONE', #304, #1410, #649, .T. ) ;
#624 = EDGE_CURVE ( 'NONE', #853, #1479, #1139, .T. ) ;
#625 = EDGE_LOOP ( 'NONE', ( #371, #438, #191, #297, #76, #525, #462, #377, #1031, #1059 ) ) ;
#626 = DATE_AND_TIME ( #5, #962 ) ;
#627 = CARTESIAN_POINT ( 'NONE',  ( 716.6460083392720435, 916.5381305932140776, 1381.270759568981020 ) ) ;
#628 = ORIENTED_EDGE ( 'NONE', *, *, #563, .T. ) ;
#629 = CARTESIAN_POINT ( 'NONE',  ( 717.6966704190746213, 907.2093334116539154, 1319.830797965808642 ) ) ;
#630 = CARTESIAN_POINT ( 'NONE',  ( -71.23608150982428810, 791.6132704441001806, 1372.980722727263355 ) ) ;
#631 = PLANE ( 'NONE',  #1205 ) ;
#632 = EDGE_CURVE ( 'NONE', #1271, #137, #530, .T. ) ;
#633 = ORIENTED_EDGE ( 'NONE', *, *, #472, .F. ) ;
#634 = VECTOR ( 'NONE', #58, 1000.000000000000114 ) ;
#635 = DIRECTION ( 'NONE',  ( 0.9905232771305629846, 0.1357127328062483484, -0.02111140963530827933 ) ) ;
#636 = VECTOR ( 'NONE', #1154, 1000.000000000000114 ) ;
#637 = LINE ( 'NONE', #48, #1512 ) ;
#638 = AXIS2_PLACEMENT_3D ( 'NONE', #419, #403, #299 ) ;
#639 = DIRECTION ( 'NONE',  ( -0.9905232771305629846, -0.1357127328062483762, 0.02111140963530830014 ) ) ;
#640 = VERTEX_POINT ( 'NONE', #1363 ) ;
#641 = ADVANCED_FACE ( 'NONE', ( #292 ), #771, .F. ) ;
#642 = ORIENTED_EDGE ( 'NONE', *, *, #1112, .T. ) ;
#643 = DIRECTION ( 'NONE',  ( 0.9905232771305629846, 0.1357127328062483484, -0.02111140963530827933 ) ) ;
#644 = ORIENTED_EDGE ( 'NONE', *, *, #82, .F. ) ;
#645 = LINE ( 'NONE', #1241, #961 ) ;
#646 = DIRECTION ( 'NONE',  ( 0.9905232771305629846, 0.1357127328062483762, -0.02111140963530830014 ) ) ;
#647 = LINE ( 'NONE', #1124, #1412 ) ;
#648 = VERTEX_POINT ( 'NONE', #131 ) ;
#649 = LINE ( 'NONE', #534, #567 ) ;
#650 = DIRECTION ( 'NONE',  ( 0.000000000000000000, 0.6576187307332654886, 0.7533509175601825758 ) ) ;
#651 = ORIENTED_EDGE ( 'NONE', *, *, #381, .F. ) ;
#652 = PRODUCT_RELATED_PRODUCT_CATEGORY ( 'detail', '', ( #1188 ) ) ;
#653 = DIRECTION ( 'NONE',  ( -0.07317157541021059031, 0.6515180314347931434, 0.7550961364404664700 ) ) ;
#654 = PLANE ( 'NONE',  #1485 ) ;
#655 = DIRECTION ( 'NONE',  ( 0.000000000000000000, 0.7571257123221257768, -0.6532692061782139348 ) ) ;
#656 = AXIS2_PLACEMENT_3D ( 'NONE', #268, #873, #975 ) ;
#657 = ORIENTED_EDGE ( 'NONE', *, *, #989, .T. ) ;
#658 = ORIENTED_EDGE ( 'NONE', *, *, #989, .F. ) ;
#659 = CARTESIAN_POINT ( 'NONE',  ( 715.9724423893954963, 915.4145397498081138, 1342.444913729718792 ) ) ;
#660 = CIRCLE ( 'NONE', #138, 0.7000000000000098366 ) ;
#661 = VECTOR ( 'NONE', #1372, 999.9999999999998863 ) ;
#662 = DIRECTION ( 'NONE',  ( -0.07317157541021218625, 0.6515180314347919222, 0.7550961364404675802 ) ) ;
#663 = DIRECTION ( 'NONE',  ( 0.07317157541021215850, -0.6515180314347918111, -0.7550961364404675802 ) ) ;
#664 = AXIS2_PLACEMENT_3D ( 'NONE', #1274, #1521, #914 ) ;
#665 = EDGE_CURVE ( 'NONE', #298, #1455, #480, .T. ) ;
#666 = VERTEX_POINT ( 'NONE', #1207 ) ;
#667 = ADVANCED_FACE ( 'NONE', ( #615 ), #1093, .F. ) ;
#668 = ORIENTED_EDGE ( 'NONE', *, *, #1, .T. ) ;
#669 = ORIENTED_EDGE ( 'NONE', *, *, #1224, .T. ) ;
#670 = CARTESIAN_POINT ( 'NONE',  ( 0.000000000000000000, 0.000000000000000000, 0.000000000000000000 ) ) ;
#671 = CARTESIAN_POINT ( 'NONE',  ( 712.4708838962205846, 918.5982739952362408, 1339.358585106035889 ) ) ;
#672 = LINE ( 'NONE', #788, #235 ) ;
#673 = ORIENTED_EDGE ( 'NONE', *, *, #754, .F. ) ;
#674 = EDGE_CURVE ( 'NONE', #782, #666, #726, .T. ) ;
#675 = EDGE_CURVE ( 'NONE', #90, #1410, #224, .T. ) ;
#676 = CARTESIAN_POINT ( 'NONE',  ( 711.6488305390317919, 910.5422910454755083, 1331.981003630006853 ) ) ;
#677 = ORIENTED_EDGE ( 'NONE', *, *, #1488, .F. ) ;
#678 = VERTEX_POINT ( 'NONE', #822 ) ;
#679 = DIRECTION ( 'NONE',  ( 0.03127536946448292166, -0.3583316089350799261, -0.9330703667477908692 ) ) ;
#680 = DIRECTION ( 'NONE',  ( 0.1312397000814113646, -0.9913506650638518325, 0.000000000000000000 ) ) ;
#681 = DIRECTION ( 'NONE',  ( -0.07317157541021059031, 0.6515180314347931434, 0.7550961364404664700 ) ) ;
#682 = DIRECTION ( 'NONE',  ( 0.07317157541021215850, -0.6515180314347918111, -0.7550961364404675802 ) ) ;
#683 = EDGE_CURVE ( 'NONE', #870, #1419, #360, .T. ) ;
#684 = ORIENTED_EDGE ( 'NONE', *, *, #551, .F. ) ;
#685 = ORIENTED_EDGE ( 'NONE', *, *, #777, .F. ) ;
#686 = AXIS2_PLACEMENT_3D ( 'NONE', #156, #487, #967 ) ;
#687 = CARTESIAN_POINT ( 'NONE',  ( 718.1174348705021657, 921.5643369853058857, 1337.346554562293477 ) ) ;
#688 = VECTOR ( 'NONE', #882, 1000.000000000000114 ) ;
#689 = DIRECTION ( 'NONE',  ( -0.07317157541021215850, 0.6515180314347921442, 0.7550961364404673581 ) ) ;
#690 = VECTOR ( 'NONE', #715, 1000.000000000000114 ) ;
#691 = CARTESIAN_POINT ( 'NONE',  ( 688.3341846592221600, 1106.171806210624027, 1145.315088523053646 ) ) ;
#692 = LOCAL_TIME ( 14, 35, 2.000000000000000000, #990 ) ;
#693 = ORIENTED_EDGE ( 'NONE', *, *, #832, .T. ) ;
#694 = DIRECTION ( 'NONE',  ( 0.07317157541021218625, -0.6515180314347919222, -0.7550961364404675802 ) ) ;
#695 = EDGE_CURVE ( 'NONE', #1367, #1470, #1061, .T. ) ;
#696 = DATE_AND_TIME ( #459, #1237 ) ;
#697 = CARTESIAN_POINT ( 'NONE',  ( -82.87845042340273949, 800.6159669668021479, 1334.223875773258897 ) ) ;
#698 = LINE ( 'NONE', #109, #1185 ) ;
#699 = CARTESIAN_POINT ( 'NONE',  ( 735.0572857249138679, 934.5476071859721969, 1350.299449511024250 ) ) ;
#700 = DIRECTION ( 'NONE',  ( -0.07317157541021057643, 0.6515180314347931434, 0.7550961364404668030 ) ) ;
#701 = DIRECTION ( 'NONE',  ( 0.9912045376621442250, 0.1312203550431567944, -0.01716924402304340416 ) ) ;
#702 = CARTESIAN_POINT ( 'NONE',  ( 709.3403109196370906, 908.5945341369049402, 1347.686727231747000 ) ) ;
#703 = EDGE_CURVE ( 'NONE', #400, #270, #346, .T. ) ;
#704 = VERTEX_POINT ( 'NONE', #449 ) ;
#705 = CARTESIAN_POINT ( 'NONE',  ( 721.3959843883336589, 915.9543097695209326, 1342.415886827123131 ) ) ;
#706 = DIRECTION ( 'NONE',  ( 0.4054125280193567327, 0.2682604188376577214, 0.8738861652469380736 ) ) ;
#707 = CLOSED_SHELL ( 'NONE', ( #667, #766, #198, #232, #872, #59, #584, #1532, #150, #243, #8, #575, #1473, #423, #1501, #1171, #531, #70, #230, #1189, #641, #1192, #172, #969, #593, #1012, #804, #340, #1524, #1495, #127, #219, #1029, #957, #1389, #1356, #926, #840, #1142, #1080, #558, #1347, #1325, #1177, #16, #318, #351 ) ) ;
#708 = ORIENTED_EDGE ( 'NONE', *, *, #82, .T. ) ;
#709 = VECTOR ( 'NONE', #1248, 1000.000000000000000 ) ;
#710 = EDGE_CURVE ( 'NONE', #1097, #1048, #886, .T. ) ;
#711 = VECTOR ( 'NONE', #744, 1000.000000000000114 ) ;
#712 = CIRCLE ( 'NONE', #1293, 5.650000000000031442 ) ;
#713 = CARTESIAN_POINT ( 'NONE',  ( 698.5189162604640387, 919.5653015505932899, 1376.902250462934717 ) ) ;
#714 = DIRECTION ( 'NONE',  ( 0.07317157541021057643, -0.6515180314347931434, -0.7550961364404668030 ) ) ;
#715 = DIRECTION ( 'NONE',  ( -0.9905232771305629846, -0.1357127328062483484, 0.02111140963530827933 ) ) ;
#716 = EDGE_CURVE ( 'NONE', #152, #640, #594, .T. ) ;
#717 = CARTESIAN_POINT ( 'NONE',  ( 710.9262908625555610, 931.8528213894381906, 1350.286204345919259 ) ) ;
#718 = PLANE ( 'NONE',  #1381 ) ;
#719 = CARTESIAN_POINT ( 'NONE',  ( 692.2464889332717348, 929.0612661343947138, 1350.884695090449668 ) ) ;
#720 = FACE_OUTER_BOUND ( 'NONE', #780, .T. ) ;
#721 = ORIENTED_EDGE ( 'NONE', *, *, #1001, .F. ) ;
#722 = EDGE_CURVE ( 'NONE', #228, #870, #112, .T. ) ;
#723 = DIRECTION ( 'NONE',  ( 0.6182182635904628354, 0.6237447446335727674, -0.4782767735372397966 ) ) ;
#724 = DIRECTION ( 'NONE',  ( 0.1102700551826527875, -0.7471984161772130539, 0.6553892292312094581 ) ) ;
#725 = VERTEX_POINT ( 'NONE', #215 ) ;
#726 =( BOUNDED_CURVE ( )  B_SPLINE_CURVE ( 3, ( #1071, #676, #1533, #1167 ),
 .UNSPECIFIED., .F., .F. ) 
 B_SPLINE_CURVE_WITH_KNOTS ( ( 4, 4 ),
 ( 3.701341572363652244, 4.744635862819965411 ),
 .UNSPECIFIED. ) 
 CURVE ( )  GEOMETRIC_REPRESENTATION_ITEM ( )  RATIONAL_B_SPLINE_CURVE ( ( 1.000000000000000000, 0.9113330460435593583, 0.9113330460435593583, 1.000000000000000000 ) ) 
 REPRESENTATION_ITEM ( '' )  );
#727 = AXIS2_PLACEMENT_3D ( 'NONE', #1306, #116, #590 ) ;
#728 = EDGE_LOOP ( 'NONE', ( #890, #207, #1463 ) ) ;
#729 = VECTOR ( 'NONE', #426, 1000.000000000000114 ) ;
#730 = ORIENTED_EDGE ( 'NONE', *, *, #624, .F. ) ;
#731 = CARTESIAN_POINT ( 'NONE',  ( 723.1217865240826086, 921.6594733363464229, 1360.263097782635214 ) ) ;
#732 = ORIENTED_EDGE ( 'NONE', *, *, #296, .T. ) ;
#733 = EDGE_CURVE ( 'NONE', #263, #1225, #934, .T. ) ;
#734 = DIRECTION ( 'NONE',  ( 0.07317157541021215850, -0.6515180314347918111, -0.7550961364404675802 ) ) ;
#735 = FACE_OUTER_BOUND ( 'NONE', #83, .T. ) ;
#736 = EDGE_CURVE ( 'NONE', #1151, #859, #505, .T. ) ;
#737 = DIRECTION ( 'NONE',  ( 0.000000000000000000, -0.3622916893746912503, -0.9320647680338701724 ) ) ;
#738 = ORIENTED_EDGE ( 'NONE', *, *, #1001, .T. ) ;
#739 = FACE_OUTER_BOUND ( 'NONE', #1393, .T. ) ;
#740 = ORIENTED_EDGE ( 'NONE', *, *, #906, .T. ) ;
#741 = CARTESIAN_POINT ( 'NONE',  ( 733.1323534300464644, 924.5263881660301877, 1375.975854970165074 ) ) ;
#742 = CC_DESIGN_DATE_AND_TIME_ASSIGNMENT ( #696, #1140, ( #486 ) ) ;
#743 = LINE ( 'NONE', #1077, #67 ) ;
#744 = DIRECTION ( 'NONE',  ( -0.07317157541021215850, 0.6515180314347921442, 0.7550961364404673581 ) ) ;
#745 = EDGE_CURVE ( 'NONE', #550, #979, #791, .T. ) ;
#746 = ORIENTED_EDGE ( 'NONE', *, *, #1052, .T. ) ;
#747 = ORIENTED_EDGE ( 'NONE', *, *, #933, .T. ) ;
#748 = DIRECTION ( 'NONE',  ( -0.07317157541021215850, 0.6515180314347921442, 0.7550961364404673581 ) ) ;
#749 = ORIENTED_EDGE ( 'NONE', *, *, #465, .T. ) ;
#750 = CYLINDRICAL_SURFACE ( 'NONE', #1537, 5.449999999999678657 ) ;
#751 = FACE_OUTER_BOUND ( 'NONE', #1273, .T. ) ;
#752 = CARTESIAN_POINT ( 'NONE',  ( 712.1497493515025781, 920.7743064892434859, 1337.449924396707729 ) ) ;
#753 = ORIENTED_EDGE ( 'NONE', *, *, #624, .T. ) ;
#754 = EDGE_CURVE ( 'NONE', #1212, #1367, #1180, .T. ) ;
#755 = VECTOR ( 'NONE', #1149, 1000.000000000000114 ) ;
#756 = EDGE_LOOP ( 'NONE', ( #417, #1023, #1128, #252, #520, #158 ) ) ;
#757 = VECTOR ( 'NONE', #1418, 1000.000000000000114 ) ;
#758 = ORIENTED_EDGE ( 'NONE', *, *, #829, .T. ) ;
#759 = DIRECTION ( 'NONE',  ( 0.9912045376621334558, 0.1312203550432304855, -0.01716924402310581604 ) ) ;
#760 = VERTEX_POINT ( 'NONE', #87 ) ;
#761 = VECTOR ( 'NONE', #494, 999.9999999999998863 ) ;
#762 = FACE_OUTER_BOUND ( 'NONE', #921, .T. ) ;
#763 =( GEOMETRIC_REPRESENTATION_CONTEXT ( 3 ) GLOBAL_UNCERTAINTY_ASSIGNED_CONTEXT ( ( #114 ) ) GLOBAL_UNIT_ASSIGNED_CONTEXT ( ( #817, #580, #562 ) ) REPRESENTATION_CONTEXT ( 'NONE', 'WORKASPACE' ) );
#764 = DIRECTION ( 'NONE',  ( 0.1312397000813133874, -0.9913506650638646001, 0.000000000000000000 ) ) ;
#765 = CARTESIAN_POINT ( 'NONE',  ( 710.4137577058708075, 908.4554642652767598, 1327.054282844420413 ) ) ;
#766 = ADVANCED_FACE ( 'NONE', ( #1270 ), #199, .T. ) ;
#767 = ORIENTED_EDGE ( 'NONE', *, *, #183, .F. ) ;
#768 = CARTESIAN_POINT ( 'NONE',  ( 716.6948914156409955, 916.1028768009070973, 1380.766309283517330 ) ) ;
#769 = ORIENTED_EDGE ( 'NONE', *, *, #1148, .F. ) ;
#770 = DIRECTION ( 'NONE',  ( -0.07317157541021057643, 0.6515180314347931434, 0.7550961364404668030 ) ) ;
#771 = PLANE ( 'NONE',  #591 ) ;
#772 = FACE_OUTER_BOUND ( 'NONE', #1539, .T. ) ;
#773 = CARTESIAN_POINT ( 'NONE',  ( 718.4400023788049339, 919.3785946193044083, 1339.263732079720057 ) ) ;
#774 = ORIENTED_EDGE ( 'NONE', *, *, #1235, .T. ) ;
#775 = ORIENTED_EDGE ( 'NONE', *, *, #1060, .F. ) ;
#776 = DIRECTION ( 'NONE',  ( 0.000000000000000000, 0.7571257123221357688, -0.6532692061782022774 ) ) ;
#777 = EDGE_CURVE ( 'NONE', #99, #1290, #1085, .T. ) ;
#778 = CARTESIAN_POINT ( 'NONE',  ( 712.4899228897220382, 918.6105996443162667, 1339.349795139889238 ) ) ;
#779 = DIRECTION ( 'NONE',  ( 0.07317157541021215850, -0.6515180314347918111, -0.7550961364404675802 ) ) ;
#780 = EDGE_LOOP ( 'NONE', ( #1462, #1441 ) ) ;
#781 = ORIENTED_EDGE ( 'NONE', *, *, #1338, .T. ) ;
#782 = VERTEX_POINT ( 'NONE', #927 ) ;
#783 = LINE ( 'NONE', #65, #286 ) ;
#784 = AXIS2_PLACEMENT_3D ( 'NONE', #427, #420, #414 ) ;
#785 = VECTOR ( 'NONE', #504, 1000.000000000000114 ) ;
#786 = EDGE_CURVE ( 'NONE', #1465, #1447, #1449, .T. ) ;
#787 = CARTESIAN_POINT ( 'NONE',  ( -85.53035649543828356, 781.0763365510821359, 1284.220806634660448 ) ) ;
#788 = CARTESIAN_POINT ( 'NONE',  ( -84.06304201792838171, 814.8005196469265456, 1374.244826847017976 ) ) ;
#789 = EDGE_CURVE ( 'NONE', #1481, #274, #582, .T. ) ;
#790 = VERTEX_POINT ( 'NONE', #157 ) ;
#791 = LINE ( 'NONE', #815, #757 ) ;
#792 = EDGE_LOOP ( 'NONE', ( #490, #195, #1036, #1520 ) ) ;
#793 = ORIENTED_EDGE ( 'NONE', *, *, #296, .F. ) ;
#794 = APPLICATION_PROTOCOL_DEFINITION ( 'international standard', 'config_control_design', 1994, #880 ) ;
#795 = CARTESIAN_POINT ( 'NONE',  ( 713.7772951270893600, 930.6823204182314839, 1368.788768837839370 ) ) ;
#796 = CARTESIAN_POINT ( 'NONE',  ( -113.9790128953381725, 1014.866520095270630, 1176.209638648232385 ) ) ;
#797 = EDGE_CURVE ( 'NONE', #1212, #1271, #614, .T. ) ;
#798 = DIRECTION ( 'NONE',  ( -0.07317157541021215850, 0.6515180314347921442, 0.7550961364404673581 ) ) ;
#799 = ORIENTED_EDGE ( 'NONE', *, *, #45, .F. ) ;
#800 = VERTEX_POINT ( 'NONE', #959 ) ;
#801 = CARTESIAN_POINT ( 'NONE',  ( 715.2167528430111361, 911.3766969942161040, 1324.999189458080536 ) ) ;
#802 = CARTESIAN_POINT ( 'NONE',  ( 708.5022585002492406, 914.2732420998479483, 1342.705769089592422 ) ) ;
#803 = ORIENTED_EDGE ( 'NONE', *, *, #947, .F. ) ;
#804 = ADVANCED_FACE ( 'NONE', ( #1204 ), #1196, .F. ) ;
#805 = DIRECTION ( 'NONE',  ( -0.9905232771305629846, -0.1357127328062483484, 0.02111140963530827933 ) ) ;
#806 = ORIENTED_EDGE ( 'NONE', *, *, #602, .T. ) ;
#807 = ORIENTED_EDGE ( 'NONE', *, *, #1321, .F. ) ;
#808 = CARTESIAN_POINT ( 'NONE',  ( 745.8865371471233630, 916.9408284917185483, 1367.026909529230579 ) ) ;
#809 = VECTOR ( 'NONE', #585, 1000.000000000000000 ) ;
#810 = CARTESIAN_POINT ( 'NONE',  ( 722.6637773868336581, 910.0771799362080401, 1326.842092959083402 ) ) ;
#811 = VECTOR ( 'NONE', #491, 1000.000000000000114 ) ;
#812 = CARTESIAN_POINT ( 'NONE',  ( 683.8513997149259467, 1110.074020717358053, 1150.518172873680669 ) ) ;
#813 = VECTOR ( 'NONE', #1505, 1000.000000000000000 ) ;
#814 = LINE ( 'NONE', #111, #1259 ) ;
#815 = CARTESIAN_POINT ( 'NONE',  ( 685.4404072093356035, 1131.937934341539176, 1175.177506543684331 ) ) ;
#816 = ORIENTED_EDGE ( 'NONE', *, *, #1386, .F. ) ;
#817 =( LENGTH_UNIT ( ) NAMED_UNIT ( * ) SI_UNIT ( .MILLI., .METRE. ) );
#818 = EDGE_CURVE ( 'NONE', #1419, #1281, #97, .T. ) ;
#819 = DIRECTION ( 'NONE',  ( 0.000000000000000000, 0.6594105371683899319, 0.7517830428197322945 ) ) ;
#820 = LINE ( 'NONE', #812, #636 ) ;
#821 = ORIENTED_EDGE ( 'NONE', *, *, #544, .T. ) ;
#822 = CARTESIAN_POINT ( 'NONE',  ( 717.2873779627409476, 911.0413789713949200, 1325.489162353415395 ) ) ;
#823 = ORIENTED_EDGE ( 'NONE', *, *, #81, .F. ) ;
#824 = APPROVAL_DATE_TIME ( #1451, #839 ) ;
#825 = EDGE_CURVE ( 'NONE', #30, #228, #604, .T. ) ;
#826 = CARTESIAN_POINT ( 'NONE',  ( 692.3106333008698812, 932.7569868212553956, 1354.323813306622924 ) ) ;
#827 = EDGE_LOOP ( 'NONE', ( #997, #875, #1326, #345 ) ) ;
#828 = CARTESIAN_POINT ( 'NONE',  ( 710.4137577058708075, 908.4554642652767598, 1327.054282844420413 ) ) ;
#829 = EDGE_CURVE ( 'NONE', #640, #648, #1458, .T. ) ;
#830 = CARTESIAN_POINT ( 'NONE',  ( 721.5899236669662287, 916.0194371775849049, 1342.467345805232753 ) ) ;
#831 = LINE ( 'NONE', #1314, #168 ) ;
#832 = EDGE_CURVE ( 'NONE', #561, #298, #388, .T. ) ;
#833 = AXIS2_PLACEMENT_3D ( 'NONE', #955, #256, #368 ) ;
#834 = VECTOR ( 'NONE', #679, 1000.000000000000114 ) ;
#835 = CC_DESIGN_SECURITY_CLASSIFICATION ( #1357, ( #569 ) ) ;
#836 = CARTESIAN_POINT ( 'NONE',  ( 724.0514637395606314, 910.2608884332686330, 1326.818056017450999 ) ) ;
#837 = CYLINDRICAL_SURFACE ( 'NONE', #686, 0.7000000000000098366 ) ;
#838 = CARTESIAN_POINT ( 'NONE',  ( -83.37595892388226559, 805.0457712594845816, 1339.357928777479856 ) ) ;
#839 = APPROVAL ( #965, 'UNSPECIFIED' ) ;
#840 = ADVANCED_FACE ( 'NONE', ( #1331 ), #631, .T. ) ;
#841 = CARTESIAN_POINT ( 'NONE',  ( 712.4935715987729736, 942.8801816269198071, 1351.518042679931568 ) ) ;
#842 = PLANE ( 'NONE',  #283 ) ;
#843 = LINE ( 'NONE', #1345, #1182 ) ;
#844 = EDGE_CURVE ( 'NONE', #270, #1158, #865, .T. ) ;
#845 = VERTEX_POINT ( 'NONE', #1084 ) ;
#846 = ORIENTED_EDGE ( 'NONE', *, *, #110, .F. ) ;
#847 = DIRECTION ( 'NONE',  ( 0.07317157541021042377, -0.6515180314347921442, -0.7550961364404673581 ) ) ;
#848 = ORIENTED_EDGE ( 'NONE', *, *, #140, .T. ) ;
#849 = DIRECTION ( 'NONE',  ( -0.03127536946452373623, 0.3583316089350745415, 0.9330703667477915353 ) ) ;
#850 = CARTESIAN_POINT ( 'NONE',  ( 713.7733401840381475, 944.1841415367021000, 1350.516963911987887 ) ) ;
#851 = CARTESIAN_POINT ( 'NONE',  ( 682.7195058404778365, 1120.337246387043706, 1162.409549200212041 ) ) ;
#852 = VECTOR ( 'NONE', #284, 1000.000000000000227 ) ;
#853 = VERTEX_POINT ( 'NONE', #1339 ) ;
#854 = VECTOR ( 'NONE', #54, 1000.000000000000114 ) ;
#855 = VECTOR ( 'NONE', #285, 1000.000000000000000 ) ;
#856 = ORIENTED_EDGE ( 'NONE', *, *, #597, .F. ) ;
#857 = VECTOR ( 'NONE', #22, 1000.000000000000114 ) ;
#858 = APPROVAL ( #262, 'UNSPECIFIED' ) ;
#859 = VERTEX_POINT ( 'NONE', #1432 ) ;
#860 = CARTESIAN_POINT ( 'NONE',  ( 689.3299755818979975, 931.6105253397688557, 1365.618853096765633 ) ) ;
#861 = ORIENTED_EDGE ( 'NONE', *, *, #1022, .T. ) ;
#862 = LINE ( 'NONE', #1090, #123 ) ;
#863 = EDGE_CURVE ( 'NONE', #800, #117, #1439, .T. ) ;
#864 = CARTESIAN_POINT ( 'NONE',  ( 688.1417156628529028, 939.2411469163989750, 1358.919792997810873 ) ) ;
#865 = LINE ( 'NONE', #838, #1536 ) ;
#866 = ORIENTED_EDGE ( 'NONE', *, *, #597, .T. ) ;
#867 = COORDINATED_UNIVERSAL_TIME_OFFSET ( 5, 0, .BEHIND. ) ;
#868 = VERTEX_POINT ( 'NONE', #269 ) ;
#869 = LINE ( 'NONE', #627, #1038 ) ;
#870 = VERTEX_POINT ( 'NONE', #968 ) ;
#871 = LINE ( 'NONE', #1121, #729 ) ;
#872 = ADVANCED_FACE ( 'NONE', ( #370 ), #41, .F. ) ;
#873 = DIRECTION ( 'NONE',  ( 0.07317157541021215850, -0.6515180314347918111, -0.7550961364404675802 ) ) ;
#874 = DIRECTION ( 'NONE',  ( 0.7825931887738232229, -0.4318179573122598591, 0.4484207317101724932 ) ) ;
#875 = ORIENTED_EDGE ( 'NONE', *, *, #733, .F. ) ;
#876 = ORIENTED_EDGE ( 'NONE', *, *, #918, .F. ) ;
#877 = FACE_OUTER_BOUND ( 'NONE', #499, .T. ) ;
#878 = EDGE_LOOP ( 'NONE', ( #903, #775, #1099, #1103 ) ) ;
#879 = LINE ( 'NONE', #1350, #236 ) ;
#880 = APPLICATION_CONTEXT ( 'configuration controlled 3d designs of mechanical parts and assemblies' ) ;
#881 = CARTESIAN_POINT ( 'NONE',  ( 729.1330585067270249, 916.5986765110685610, 1375.487834051930804 ) ) ;
#882 = DIRECTION ( 'NONE',  ( -0.9912045376621337889, -0.1312203550432272381, 0.01716924402310291212 ) ) ;
#883 = CARTESIAN_POINT ( 'NONE',  ( 714.8911090133341304, 932.3777028096274080, 1350.217527369824438 ) ) ;
#884 = CC_DESIGN_DATE_AND_TIME_ASSIGNMENT ( #1478, #617, ( #1357 ) ) ;
#885 = EDGE_CURVE ( 'NONE', #450, #870, #831, .T. ) ;
#886 = CIRCLE ( 'NONE', #95, 5.649999999999886668 ) ;
#887 = AXIS2_PLACEMENT_3D ( 'NONE', #1194, #982, #148 ) ;
#888 = VERTEX_POINT ( 'NONE', #901 ) ;
#889 = CARTESIAN_POINT ( 'NONE',  ( 691.8806310562207500, 932.3188562915686362, 1354.660175772651883 ) ) ;
#890 = ORIENTED_EDGE ( 'NONE', *, *, #789, .F. ) ;
#891 = LINE ( 'NONE', #1362, #43 ) ;
#892 = PLANE ( 'NONE',  #234 ) ;
#893 = CARTESIAN_POINT ( 'NONE',  ( 704.3274705582277875, 913.2325753437421554, 1376.151533809611010 ) ) ;
#894 = ORIENTED_EDGE ( 'NONE', *, *, #465, .F. ) ;
#895 = EDGE_CURVE ( 'NONE', #1168, #1281, #1365, .T. ) ;
#896 = ORIENTED_EDGE ( 'NONE', *, *, #88, .T. ) ;
#897 = ADVANCED_BREP_SHAPE_REPRESENTATION ( 'OutFaceNew', ( #338, #169 ), #763 ) ;
#898 = ORIENTED_EDGE ( 'NONE', *, *, #205, .F. ) ;
#899 = PLANE ( 'NONE',  #362 ) ;
#900 = LINE ( 'NONE', #166, #634 ) ;
#901 = CARTESIAN_POINT ( 'NONE',  ( 706.5684800963539374, 914.7154455457408631, 1380.982137444685350 ) ) ;
#902 = EDGE_CURVE ( 'NONE', #329, #1511, #1231, .T. ) ;
#903 = ORIENTED_EDGE ( 'NONE', *, *, #933, .F. ) ;
#904 = ORIENTED_EDGE ( 'NONE', *, *, #832, .F. ) ;
#905 = DIRECTION ( 'NONE',  ( -0.9912045376621486659, -0.1312203550431272070, 0.01716924402301745964 ) ) ;
#906 = EDGE_CURVE ( 'NONE', #274, #153, #294, .T. ) ;
#907 = DIRECTION ( 'NONE',  ( 0.07317157541021215850, -0.6515180314347918111, -0.7550961364404675802 ) ) ;
#908 = CARTESIAN_POINT ( 'NONE',  ( 711.2138030135077997, 941.5762217171376278, 1352.519121447875250 ) ) ;
#909 = ORIENTED_EDGE ( 'NONE', *, *, #612, .F. ) ;
#910 = CARTESIAN_POINT ( 'NONE',  ( 711.8598123952391461, 944.9122963838361784, 1339.108586303156926 ) ) ;
#911 = AXIS2_PLACEMENT_3D ( 'NONE', #176, #662, #1483 ) ;
#912 = EDGE_LOOP ( 'NONE', ( #1348, #644 ) ) ;
#913 = VERTEX_POINT ( 'NONE', #1011 ) ;
#914 = DIRECTION ( 'NONE',  ( 0.000000000000000000, 0.6594105371683945949, 0.7517830428197281867 ) ) ;
#915 = VECTOR ( 'NONE', #316, 1000.000000000000114 ) ;
#916 = VECTOR ( 'NONE', #779, 1000.000000000000000 ) ;
#917 = DIRECTION ( 'NONE',  ( 0.07317157541021215850, -0.6515180314347918111, -0.7550961364404675802 ) ) ;
#918 = EDGE_CURVE ( 'NONE', #1510, #298, #50, .T. ) ;
#919 = CARTESIAN_POINT ( 'NONE',  ( -94.52289763826577484, 828.1393852486359037, 1339.208393344104252 ) ) ;
#920 = AXIS2_PLACEMENT_3D ( 'NONE', #342, #694, #1394 ) ;
#921 = EDGE_LOOP ( 'NONE', ( #1490, #208, #1208, #1087, #89 ) ) ;
#922 = APPROVAL_ROLE ( '' ) ;
#923 = ORIENTED_EDGE ( 'NONE', *, *, #475, .F. ) ;
#924 = FACE_OUTER_BOUND ( 'NONE', #418, .T. ) ;
#925 = CARTESIAN_POINT ( 'NONE',  ( 683.4579981336529499, 1131.675493631577410, 1175.211845031588155 ) ) ;
#926 = ADVANCED_FACE ( 'NONE', ( #197 ), #524, .T. ) ;
#927 = CARTESIAN_POINT ( 'NONE',  ( 713.4792415275193207, 909.6198807428982036, 1328.952810086496584 ) ) ;
#928 = EDGE_LOOP ( 'NONE', ( #144, #935, #677, #1313, #378, #493 ) ) ;
#929 = ORIENTED_EDGE ( 'NONE', *, *, #1201, .T. ) ;
#930 = PLANE ( 'NONE',  #664 ) ;
#931 = LINE ( 'NONE', #1153, #956 ) ;
#932 = CYLINDRICAL_SURFACE ( 'NONE', #14, 0.7000000000000098366 ) ;
#933 = EDGE_CURVE ( 'NONE', #99, #704, #302, .T. ) ;
#934 = LINE ( 'NONE', #467, #1534 ) ;
#935 = ORIENTED_EDGE ( 'NONE', *, *, #356, .T. ) ;
#936 = CARTESIAN_POINT ( 'NONE',  ( 699.4701467407967357, 911.0955671419409327, 1367.086000689208731 ) ) ;
#937 = AXIS2_PLACEMENT_3D ( 'NONE', #691, #455, #1405 ) ;
#938 = DIRECTION ( 'NONE',  ( -0.9912045376621408943, -0.1312203550431801091, 0.01716924402306043915 ) ) ;
#939 = VECTOR ( 'NONE', #57, 999.9999999999998863 ) ;
#940 = DIRECTION ( 'NONE',  ( 0.07317157541021215850, -0.6515180314347918111, -0.7550961364404675802 ) ) ;
#941 = VECTOR ( 'NONE', #948, 1000.000000000000114 ) ;
#942 = ORIENTED_EDGE ( 'NONE', *, *, #623, .T. ) ;
#943 = CIRCLE ( 'NONE', #1433, 5.449999999999678657 ) ;
#944 = EDGE_CURVE ( 'NONE', #845, #853, #1132, .T. ) ;
#945 = ORIENTED_EDGE ( 'NONE', *, *, #947, .T. ) ;
#946 = CARTESIAN_POINT ( 'NONE',  ( 712.4935715987729736, 942.8801816269198071, 1351.518042679931568 ) ) ;
#947 = EDGE_CURVE ( 'NONE', #979, #1511, #421, .T. ) ;
#948 = DIRECTION ( 'NONE',  ( -0.07317157541021059031, 0.6515180314347931434, 0.7550961364404664700 ) ) ;
#949 = VERTEX_POINT ( 'NONE', #752 ) ;
#950 = EDGE_LOOP ( 'NONE', ( #179, #1104, #999, #1308 ) ) ;
#951 = EDGE_CURVE ( 'NONE', #1309, #1455, #68, .T. ) ;
#952 = LINE ( 'NONE', #828, #337 ) ;
#953 = PRODUCT_DEFINITION_SHAPE ( 'NONE', 'NONE',  #486 ) ;
#954 = ORIENTED_EDGE ( 'NONE', *, *, #1376, .T. ) ;
#955 = CARTESIAN_POINT ( 'NONE',  ( -82.87845042339246504, 800.6159669667855496, 1334.223875773274358 ) ) ;
#956 = VECTOR ( 'NONE', #701, 1000.000000000000114 ) ;
#957 = ADVANCED_FACE ( 'NONE', ( #1500 ), #396, .T. ) ;
#958 = LINE ( 'NONE', #1318, #1379 ) ;
#959 = CARTESIAN_POINT ( 'NONE',  ( 708.6952611875958610, 910.5133510167477198, 1325.112152098359502 ) ) ;
#960 = VECTOR ( 'NONE', #849, 1000.000000000000114 ) ;
#961 = VECTOR ( 'NONE', #182, 1000.000000000000000 ) ;
#962 = LOCAL_TIME ( 14, 35, 2.000000000000000000, #63 ) ;
#963 = CARTESIAN_POINT ( 'NONE',  ( 712.6079684792131275, 945.3717383817496511, 1377.164697149592939 ) ) ;
#964 = DIRECTION ( 'NONE',  ( 0.1102700551826241160, -0.7471984161771659805, 0.6553892292312680778 ) ) ;
#965 = APPROVAL_STATUS ( 'not_yet_approved' ) ;
#966 = CARTESIAN_POINT ( 'NONE',  ( 715.9724423893956100, 915.4145397498087959, 1342.444913729719701 ) ) ;
#967 = DIRECTION ( 'NONE',  ( -0.6142889209272252016, -0.6259007566953846968, 0.4805178086129691661 ) ) ;
#968 = CARTESIAN_POINT ( 'NONE',  ( 711.2460061077485989, 929.6864061787069886, 1352.186429459376086 ) ) ;
#969 = ADVANCED_FACE ( 'NONE', ( #1494 ), #79, .F. ) ;
#970 = ORIENTED_EDGE ( 'NONE', *, *, #205, .T. ) ;
#971 = ORIENTED_EDGE ( 'NONE', *, *, #433, .F. ) ;
#972 = ORIENTED_EDGE ( 'NONE', *, *, #392, .F. ) ;
#973 = ORIENTED_EDGE ( 'NONE', *, *, #349, .T. ) ;
#974 = DIRECTION ( 'NONE',  ( -0.07317157541021057643, 0.6515180314347931434, 0.7550961364404668030 ) ) ;
#975 = DIRECTION ( 'NONE',  ( -0.6142889209272517359, -0.6259007566953721513, 0.4805178086129517911 ) ) ;
#976 = EDGE_CURVE ( 'NONE', #1290, #223, #1346, .T. ) ;
#977 = ORIENTED_EDGE ( 'NONE', *, *, #885, .T. ) ;
#978 = CALENDAR_DATE ( 2026, 27, 4 ) ;
#979 = VERTEX_POINT ( 'NONE', #883 ) ;
#980 = LINE ( 'NONE', #253, #508 ) ;
#981 = ORIENTED_EDGE ( 'NONE', *, *, #683, .F. ) ;
#982 = DIRECTION ( 'NONE',  ( 0.07317157541021215850, -0.6515180314347918111, -0.7550961364404675802 ) ) ;
#983 = DIRECTION ( 'NONE',  ( -0.6142889209272252016, -0.6259007566953846968, 0.4805178086129691661 ) ) ;
#984 = AXIS2_PLACEMENT_3D ( 'NONE', #149, #714, #995 ) ;
#985 = VECTOR ( 'NONE', #1041, 1000.000000000000114 ) ;
#986 = VECTOR ( 'NONE', #533, 1000.000000000000000 ) ;
#987 = ORIENTED_EDGE ( 'NONE', *, *, #126, .T. ) ;
#988 = AXIS2_PLACEMENT_3D ( 'NONE', #659, #770, #1250 ) ;
#989 = EDGE_CURVE ( 'NONE', #174, #571, #672, .T. ) ;
#990 = COORDINATED_UNIVERSAL_TIME_OFFSET ( 5, 0, .BEHIND. ) ;
#991 = VERTEX_POINT ( 'NONE', #1147 ) ;
#992 = LINE ( 'NONE', #73, #1508 ) ;
#993 = ORIENTED_EDGE ( 'NONE', *, *, #489, .T. ) ;
#994 = DIRECTION ( 'NONE',  ( -0.7825931887738231119, 0.4318179573122599701, -0.4484207317101725487 ) ) ;
#995 = DIRECTION ( 'NONE',  ( 0.000000000000000000, 0.7571257123220754837, -0.6532692061782722215 ) ) ;
#996 = DIRECTION ( 'NONE',  ( -0.9912045376621485548, -0.1312203550431274846, 0.01716924402301771985 ) ) ;
#997 = ORIENTED_EDGE ( 'NONE', *, *, #188, .T. ) ;
#998 = APPROVAL_DATE_TIME ( #626, #1366 ) ;
#999 = ORIENTED_EDGE ( 'NONE', *, *, #45, .T. ) ;
#1000 = DIRECTION ( 'NONE',  ( 0.1162306242541851914, -0.7463955445134929922, 0.6552740900691015336 ) ) ;
#1001 = EDGE_CURVE ( 'NONE', #1030, #888, #647, .T. ) ;
#1002 = DIRECTION ( 'NONE',  ( 0.9912045376621353432, 0.1312203550432170240, -0.01716924402309625772 ) ) ;
#1003 = CARTESIAN_POINT ( 'NONE',  ( 710.0829475403228344, 910.6970595138081990, 1325.088115156727099 ) ) ;
#1004 = EDGE_CURVE ( 'NONE', #868, #888, #415, .T. ) ;
#1005 = EDGE_LOOP ( 'NONE', ( #398, #106, #84, #204, #1400, #1144 ) ) ;
#1006 = ORIENTED_EDGE ( 'NONE', *, *, #703, .F. ) ;
#1007 = PLANE ( 'NONE',  #479 ) ;
#1008 = DIRECTION ( 'NONE',  ( 0.07317157541021275524, -0.6515180314347902568, -0.7550961364404689125 ) ) ;
#1009 = CC_DESIGN_PERSON_AND_ORGANIZATION_ASSIGNMENT ( #399, #1209, ( #1357 ) ) ;
#1010 = CARTESIAN_POINT ( 'NONE',  ( 689.3299755818979975, 931.6105253397688557, 1365.618853096765633 ) ) ;
#1011 = CARTESIAN_POINT ( 'NONE',  ( 689.0929461431857135, 930.7714125077466178, 1349.103543224084660 ) ) ;
#1012 = ADVANCED_FACE ( 'NONE', ( #1396 ), #932, .F. ) ;
#1013 = VECTOR ( 'NONE', #1091, 1000.000000000000000 ) ;
#1014 = VECTOR ( 'NONE', #847, 1000.000000000000000 ) ;
#1015 = AXIS2_PLACEMENT_3D ( 'NONE', #1043, #1523, #1538 ) ;
#1016 = ORIENTED_EDGE ( 'NONE', *, *, #1420, .F. ) ;
#1017 = VERTEX_POINT ( 'NONE', #826 ) ;
#1018 = CIRCLE ( 'NONE', #1385, 5.649999999999971045 ) ;
#1019 = LINE ( 'NONE', #629, #1070 ) ;
#1020 = FACE_BOUND ( 'NONE', #912, .T. ) ;
#1021 = DIRECTION ( 'NONE',  ( -0.1102700551826308051, 0.7471984161771657584, -0.6553892292312673007 ) ) ;
#1022 = EDGE_CURVE ( 'NONE', #859, #147, #317, .T. ) ;
#1023 = ORIENTED_EDGE ( 'NONE', *, *, #1092, .F. ) ;
#1024 = ORIENTED_EDGE ( 'NONE', *, *, #1448, .T. ) ;
#1025 = DIRECTION ( 'NONE',  ( 0.000000000000000000, 0.7571257123220815899, -0.6532692061782650050 ) ) ;
#1026 = LINE ( 'NONE', #541, #38 ) ;
#1027 = DIRECTION ( 'NONE',  ( 0.07317157541020376244, -0.6515180314347351898, -0.7550961364405172072 ) ) ;
#1028 = ORIENTED_EDGE ( 'NONE', *, *, #240, .T. ) ;
#1029 = ADVANCED_FACE ( 'NONE', ( #1404 ), #1388, .F. ) ;
#1030 = VERTEX_POINT ( 'NONE', #1172 ) ;
#1031 = ORIENTED_EDGE ( 'NONE', *, *, #683, .T. ) ;
#1032 = LINE ( 'NONE', #787, #1287 ) ;
#1033 = CARTESIAN_POINT ( 'NONE',  ( 719.4046207241617594, 910.6575225220066159, 1329.501609423876289 ) ) ;
#1034 = VERTEX_POINT ( 'NONE', #461 ) ;
#1035 = ORIENTED_EDGE ( 'NONE', *, *, #789, .T. ) ;
#1036 = ORIENTED_EDGE ( 'NONE', *, *, #825, .T. ) ;
#1037 = FACE_OUTER_BOUND ( 'NONE', #560, .T. ) ;
#1038 = VECTOR ( 'NONE', #643, 1000.000000000000114 ) ;
#1039 = EDGE_CURVE ( 'NONE', #303, #1496, #96, .T. ) ;
#1040 = VECTOR ( 'NONE', #681, 1000.000000000000114 ) ;
#1041 = DIRECTION ( 'NONE',  ( -0.1102700551826361342, 0.7471984161771644262, -0.6553892292312678558 ) ) ;
#1042 = CARTESIAN_POINT ( 'NONE',  ( 709.8899448529783740, 914.4569505969080865, 1342.681732147959792 ) ) ;
#1043 = CARTESIAN_POINT ( 'NONE',  ( 678.1804232602548836, 1119.736341119647932, 1162.488173352443255 ) ) ;
#1044 = LOCAL_TIME ( 14, 35, 2.000000000000000000, #1181 ) ;
#1045 = DIRECTION ( 'NONE',  ( -0.6142889209272252016, -0.6259007566953846968, 0.4805178086129691661 ) ) ;
#1046 = ORIENTED_EDGE ( 'NONE', *, *, #976, .F. ) ;
#1047 = EDGE_LOOP ( 'NONE', ( #1401, #781 ) ) ;
#1048 = VERTEX_POINT ( 'NONE', #203 ) ;
#1049 = LINE ( 'NONE', #1160, #834 ) ;
#1050 = DIRECTION ( 'NONE',  ( -0.9912045376621353432, -0.1312203550432170240, 0.01716924402309625772 ) ) ;
#1051 = DIRECTION ( 'NONE',  ( 0.07317157541021215850, -0.6515180314347918111, -0.7550961364404675802 ) ) ;
#1052 = EDGE_CURVE ( 'NONE', #678, #6, #229, .T. ) ;
#1053 = VERTEX_POINT ( 'NONE', #802 ) ;
#1054 = CARTESIAN_POINT ( 'NONE',  ( 715.9724423893954963, 915.4145397498081138, 1342.444913729718792 ) ) ;
#1055 = ORIENTED_EDGE ( 'NONE', *, *, #716, .F. ) ;
#1056 = FACE_OUTER_BOUND ( 'NONE', #1069, .T. ) ;
#1057 = DIRECTION ( 'NONE',  ( -0.1102700551825271658, 0.7471984161773197464, -0.6553892292311092049 ) ) ;
#1058 = CARTESIAN_POINT ( 'NONE',  ( 723.6950430669959360, 895.4835439553671677, 1318.690685941731772 ) ) ;
#1059 = ORIENTED_EDGE ( 'NONE', *, *, #1268, .F. ) ;
#1060 = EDGE_CURVE ( 'NONE', #1290, #99, #568, .T. ) ;
#1061 = LINE ( 'NONE', #910, #1427 ) ;
#1062 = EDGE_LOOP ( 'NONE', ( #807, #977, #1135, #442 ) ) ;
#1063 = CARTESIAN_POINT ( 'NONE',  ( 735.1214300925120142, 938.2433278728328787, 1353.738567727197506 ) ) ;
#1064 = CIRCLE ( 'NONE', #1156, 0.7000000000000098366 ) ;
#1065 = DIRECTION ( 'NONE',  ( 0.000000000000000000, 0.7571257123220629381, -0.6532692061782867654 ) ) ;
#1066 = VECTOR ( 'NONE', #1057, 1000.000000000000000 ) ;
#1067 = CARTESIAN_POINT ( 'NONE',  ( 713.3021015189359559, 910.5137891854017198, 1325.558193699785534 ) ) ;
#1068 = AXIS2_PLACEMENT_3D ( 'NONE', #332, #469, #221 ) ;
#1069 = EDGE_LOOP ( 'NONE', ( #1476, #357, #1269, #1055 ) ) ;
#1070 = VECTOR ( 'NONE', #37, 1000.000000000000000 ) ;
#1071 = CARTESIAN_POINT ( 'NONE',  ( 713.4792415275193207, 909.6198807428982036, 1328.952810086496584 ) ) ;
#1072 = PERSON_AND_ORGANIZATION ( #1398, #1137 ) ;
#1073 = CARTESIAN_POINT ( 'NONE',  ( 716.8737283579168889, 870.7281922266356560, 1227.681582088619507 ) ) ;
#1074 = ORIENTED_EDGE ( 'NONE', *, *, #416, .F. ) ;
#1075 = EDGE_CURVE ( 'NONE', #1486, #174, #1415, .T. ) ;
#1076 = FACE_OUTER_BOUND ( 'NONE', #512, .T. ) ;
#1077 = CARTESIAN_POINT ( 'NONE',  ( 734.6914278478628830, 937.8051973431461192, 1354.074930193226692 ) ) ;
#1078 = CARTESIAN_POINT ( 'NONE',  ( 739.3706371247461675, 930.9502498435317648, 1371.037680228448380 ) ) ;
#1079 = APPLICATION_PROTOCOL_DEFINITION ( 'international standard', 'config_control_design', 1994, #1284 ) ;
#1080 = ADVANCED_FACE ( 'NONE', ( #1506 ), #1184, .F. ) ;
#1081 = CARTESIAN_POINT ( 'NONE',  ( 700.7821705956192773, 951.9945995373223013, 1349.140664238050931 ) ) ;
#1082 = VECTOR ( 'NONE', #798, 1000.000000000000114 ) ;
#1083 = PLANE ( 'NONE',  #1507 ) ;
#1084 = CARTESIAN_POINT ( 'NONE',  ( 726.7145127029843934, 917.9176279498328768, 1381.056165601383555 ) ) ;
#1085 = CIRCLE ( 'NONE', #139, 2.083333333333547976 ) ;
#1086 = LINE ( 'NONE', #19, #811 ) ;
#1087 = ORIENTED_EDGE ( 'NONE', *, *, #433, .T. ) ;
#1088 = DIRECTION ( 'NONE',  ( 1.000000000000000000, 0.000000000000000000, 0.000000000000000000 ) ) ;
#1089 = DIRECTION ( 'NONE',  ( 0.07317157541021215850, -0.6515180314347918111, -0.7550961364404675802 ) ) ;
#1090 = CARTESIAN_POINT ( 'NONE',  ( 745.8865371471233630, 916.9408284917185483, 1367.026909529230579 ) ) ;
#1091 = DIRECTION ( 'NONE',  ( -0.9871339753668340045, -0.1552427792827727748, 0.03829091481058036206 ) ) ;
#1092 = EDGE_CURVE ( 'NONE', #760, #1158, #820, .T. ) ;
#1093 = CYLINDRICAL_SURFACE ( 'NONE', #1233, 5.650000000000031442 ) ;
#1094 = EDGE_LOOP ( 'NONE', ( #1074, #1359, #352, #1119, #200, #1390 ) ) ;
#1095 = DATE_AND_TIME ( #1246, #311 ) ;
#1096 = DIRECTION ( 'NONE',  ( 0.000000000000000000, -0.7571257123220629381, 0.6532692061782867654 ) ) ;
#1097 = VERTEX_POINT ( 'NONE', #323 ) ;
#1098 = FACE_OUTER_BOUND ( 'NONE', #1289, .T. ) ;
#1099 = ORIENTED_EDGE ( 'NONE', *, *, #976, .T. ) ;
#1100 = FACE_OUTER_BOUND ( 'NONE', #261, .T. ) ;
#1101 = DIRECTION ( 'NONE',  ( 0.07317157541021215850, -0.6515180314347918111, -0.7550961364404675802 ) ) ;
#1102 = EDGE_CURVE ( 'NONE', #1481, #153, #1295, .T. ) ;
#1103 = ORIENTED_EDGE ( 'NONE', *, *, #1440, .T. ) ;
#1104 = ORIENTED_EDGE ( 'NONE', *, *, #1201, .F. ) ;
#1105 = CARTESIAN_POINT ( 'NONE',  ( 720.4009448722868001, 901.0471476956132619, 1313.571043124839207 ) ) ;
#1106 = DIRECTION ( 'NONE',  ( 0.000000000000000000, -0.7571257123220815899, 0.6532692061782650050 ) ) ;
#1107 = PLANE ( 'NONE',  #1531 ) ;
#1108 = DIRECTION ( 'NONE',  ( -0.9912045376621440029, -0.1312203550431579602, 0.01716924402304203720 ) ) ;
#1109 = VECTOR ( 'NONE', #290, 1000.000000000000000 ) ;
#1110 = AXIS2_PLACEMENT_3D ( 'NONE', #796, #124, #1528 ) ;
#1111 = ORIENTED_EDGE ( 'NONE', *, *, #844, .F. ) ;
#1112 = EDGE_CURVE ( 'NONE', #275, #991, #1516, .T. ) ;
#1113 = DIRECTION ( 'NONE',  ( 0.1162306242541852330, -0.7463955445134928812, 0.6552740900691016446 ) ) ;
#1114 = ORIENTED_EDGE ( 'NONE', *, *, #1102, .F. ) ;
#1115 = FACE_OUTER_BOUND ( 'NONE', #1005, .T. ) ;
#1116 = CARTESIAN_POINT ( 'NONE',  ( 738.2246146722803815, 938.3096360459338712, 1364.576742549098526 ) ) ;
#1117 = DIRECTION ( 'NONE',  ( 0.1102700551826369529, -0.7471984161771643151, 0.6553892292312678558 ) ) ;
#1118 = ORIENTED_EDGE ( 'NONE', *, *, #406, .T. ) ;
#1119 = ORIENTED_EDGE ( 'NONE', *, *, #1386, .T. ) ;
#1120 = CYLINDRICAL_SURFACE ( 'NONE', #1260, 2.083333333333547976 ) ;
#1121 = CARTESIAN_POINT ( 'NONE',  ( 712.1702076445292278, 920.7770148550464455, 1337.449570026431047 ) ) ;
#1122 = EDGE_CURVE ( 'NONE', #270, #991, #566, .T. ) ;
#1123 = PLANE ( 'NONE',  #281 ) ;
#1124 = CARTESIAN_POINT ( 'NONE',  ( 706.5195970199849853, 915.1506993380479571, 1381.486587730149040 ) ) ;
#1125 = ORIENTED_EDGE ( 'NONE', *, *, #1307, .T. ) ;
#1126 = ORIENTED_EDGE ( 'NONE', *, *, #632, .T. ) ;
#1127 = DIRECTION ( 'NONE',  ( 0.9905232771305629846, 0.1357127328062483484, -0.02111140963530827933 ) ) ;
#1128 = ORIENTED_EDGE ( 'NONE', *, *, #1288, .T. ) ;
#1129 = PLANE ( 'NONE',  #258 ) ;
#1130 = EDGE_CURVE ( 'NONE', #1271, #1470, #698, .T. ) ;
#1131 = CARTESIAN_POINT ( 'NONE',  ( 711.7991756167895119, 936.3640774656593067, 1346.478352356351479 ) ) ;
#1132 = LINE ( 'NONE', #1243, #607 ) ;
#1133 = CIRCLE ( 'NONE', #121, 5.650000000000031442 ) ;
#1134 = VECTOR ( 'NONE', #611, 1000.000000000000000 ) ;
#1135 = ORIENTED_EDGE ( 'NONE', *, *, #722, .F. ) ;
#1136 = ORIENTED_EDGE ( 'NONE', *, *, #226, .F. ) ;
#1137 = ORGANIZATION ( 'UNSPECIFIED', 'UNSPECIFIED', '' ) ;
#1138 = LINE ( 'NONE', #547, #1206 ) ;
#1139 = LINE ( 'NONE', #881, #939 ) ;
#1140 = DATE_TIME_ROLE ( 'creation_date' ) ;
#1141 = DIRECTION ( 'NONE',  ( -0.6142889209272252016, -0.6259007566953846968, 0.4805178086129691661 ) ) ;
#1142 = ADVANCED_FACE ( 'NONE', ( #583 ), #445, .F. ) ;
#1143 = ORIENTED_EDGE ( 'NONE', *, *, #918, .T. ) ;
#1144 = ORIENTED_EDGE ( 'NONE', *, *, #356, .F. ) ;
#1145 = DIRECTION ( 'NONE',  ( 0.000000000000000000, 0.000000000000000000, 1.000000000000000000 ) ) ;
#1146 = DIRECTION ( 'NONE',  ( 0.1162306242541852330, -0.7463955445134928812, 0.6552740900691016446 ) ) ;
#1147 = CARTESIAN_POINT ( 'NONE',  ( 712.9086999377503844, 932.1152620995070492, 1350.251865857874918 ) ) ;
#1148 = EDGE_CURVE ( 'NONE', #137, #913, #576, .T. ) ;
#1149 = DIRECTION ( 'NONE',  ( 0.1102700551827733993, -0.7471984161772072808, 0.6553892292311958023 ) ) ;
#1150 = ORIENTED_EDGE ( 'NONE', *, *, #1338, .F. ) ;
#1151 = VERTEX_POINT ( 'NONE', #1033 ) ;
#1152 = DIRECTION ( 'NONE',  ( 0.7825931887738228898, -0.4318179573122600257, 0.4484207317101726042 ) ) ;
#1153 = CARTESIAN_POINT ( 'NONE',  ( -84.52831109131409448, 815.3062885633272572, 1351.249659474402961 ) ) ;
#1154 = DIRECTION ( 'NONE',  ( -0.1102700551825275821, 0.7471984161773196353, -0.6553892292311090939 ) ) ;
#1155 = CARTESIAN_POINT ( 'NONE',  ( 691.8806310562207500, 932.3188562915686362, 1354.660175772651883 ) ) ;
#1156 = AXIS2_PLACEMENT_3D ( 'NONE', #86, #293, #1141 ) ;
#1157 = VECTOR ( 'NONE', #964, 1000.000000000000114 ) ;
#1158 = VERTEX_POINT ( 'NONE', #1067 ) ;
#1159 = ORIENTED_EDGE ( 'NONE', *, *, #395, .F. ) ;
#1160 = CARTESIAN_POINT ( 'NONE',  ( 772.2638494639072633, 357.8766306925925846, -111.5517922009294125 ) ) ;
#1161 = AXIS2_PLACEMENT_3D ( 'NONE', #713, #723, #1213 ) ;
#1162 = EDGE_CURVE ( 'NONE', #2, #147, #350, .T. ) ;
#1163 = AXIS2_PLACEMENT_3D ( 'NONE', #1063, #452, #443 ) ;
#1164 = CYLINDRICAL_SURFACE ( 'NONE', #1329, 5.650000000000031442 ) ;
#1165 = CARTESIAN_POINT ( 'NONE',  ( 688.1417156628529028, 939.2411469163989750, 1358.919792997810873 ) ) ;
#1166 = ORIENTED_EDGE ( 'NONE', *, *, #944, .T. ) ;
#1167 = CARTESIAN_POINT ( 'NONE',  ( 710.3987414192822598, 914.5053103881816696, 1342.624045275558501 ) ) ;
#1168 = VERTEX_POINT ( 'NONE', #598 ) ;
#1169 = FACE_OUTER_BOUND ( 'NONE', #1047, .T. ) ;
#1170 = DIRECTION ( 'NONE',  ( -0.03127536946452386807, 0.3583316089350745415, 0.9330703667477916463 ) ) ;
#1171 = ADVANCED_FACE ( 'NONE', ( #484, #141 ), #718, .T. ) ;
#1172 = CARTESIAN_POINT ( 'NONE',  ( 706.5195970199849853, 915.1506993380479571, 1381.486587730149040 ) ) ;
#1173 = CARTESIAN_POINT ( 'NONE',  ( 712.1702076445292278, 920.7770148550466729, 1337.449570026431275 ) ) ;
#1174 = DIRECTION ( 'NONE',  ( 0.07317157541021215850, -0.6515180314347918111, -0.7550961364404675802 ) ) ;
#1175 = LINE ( 'NONE', #115, #1202 ) ;
#1176 = DIRECTION ( 'NONE',  ( 0.000000000000000000, 0.6612114016878054557, 0.7501996282843970132 ) ) ;
#1177 = ADVANCED_FACE ( 'NONE', ( #1100 ), #1336, .T. ) ;
#1178 = EDGE_LOOP ( 'NONE', ( #1136, #441, #501, #425 ) ) ;
#1179 = EDGE_CURVE ( 'NONE', #760, #782, #237, .T. ) ;
#1180 = LINE ( 'NONE', #319, #42 ) ;
#1181 = COORDINATED_UNIVERSAL_TIME_OFFSET ( 5, 0, .BEHIND. ) ;
#1182 = VECTOR ( 'NONE', #1203, 1000.000000000000000 ) ;
#1183 = AXIS2_PLACEMENT_3D ( 'NONE', #841, #1320, #1275 ) ;
#1184 = PLANE ( 'NONE',  #1110 ) ;
#1185 = VECTOR ( 'NONE', #940, 1000.000000000000000 ) ;
#1186 = LINE ( 'NONE', #125, #809 ) ;
#1187 = AXIS2_PLACEMENT_3D ( 'NONE', #1482, #1498, #410 ) ;
#1188 = PRODUCT ( 'OutFaceNew', 'OutFaceNew', '', ( #12 ) ) ;
#1189 = ADVANCED_FACE ( 'NONE', ( #1076 ), #842, .F. ) ;
#1190 = CARTESIAN_POINT ( 'NONE',  ( 715.9724423893954963, 915.4145397498081138, 1342.444913729718792 ) ) ;
#1191 = LINE ( 'NONE', #1330, #506 ) ;
#1192 = ADVANCED_FACE ( 'NONE', ( #1317 ), #1328, .F. ) ;
#1193 = ORIENTED_EDGE ( 'NONE', *, *, #1130, .F. ) ;
#1194 = CARTESIAN_POINT ( 'NONE',  ( 691.8806310562207500, 932.3188562915686362, 1354.660175772651883 ) ) ;
#1195 = CARTESIAN_POINT ( 'NONE',  ( 738.2246146722803815, 938.3096360459338712, 1364.576742549098526 ) ) ;
#1196 = CYLINDRICAL_SURFACE ( 'NONE', #1292, 0.7000000000000098366 ) ;
#1197 = CARTESIAN_POINT ( 'NONE',  ( 678.1804232602548836, 1119.736341119647932, 1162.488173352443255 ) ) ;
#1198 = ORIENTED_EDGE ( 'NONE', *, *, #81, .T. ) ;
#1199 = CARTESIAN_POINT ( 'NONE',  ( 698.5189162604640387, 919.5653015505932899, 1376.902250462934717 ) ) ;
#1200 = CIRCLE ( 'NONE', #1407, 0.7000000000000098366 ) ;
#1201 = EDGE_CURVE ( 'NONE', #1249, #1017, #481, .T. ) ;
#1202 = VECTOR ( 'NONE', #367, 999.9999999999998863 ) ;
#1203 = DIRECTION ( 'NONE',  ( -0.03127536946447324190, 0.3583316089349943834, 0.9330703667478240648 ) ) ;
#1204 = FACE_OUTER_BOUND ( 'NONE', #422, .T. ) ;
#1205 = AXIS2_PLACEMENT_3D ( 'NONE', #260, #1216, #737 ) ;
#1206 = VECTOR ( 'NONE', #306, 1000.000000000000114 ) ;
#1207 = CARTESIAN_POINT ( 'NONE',  ( 710.3987414192822598, 914.5053103881816696, 1342.624045275558501 ) ) ;
#1208 = ORIENTED_EDGE ( 'NONE', *, *, #288, .T. ) ;
#1209 = PERSON_AND_ORGANIZATION_ROLE ( 'classification_officer' ) ;
#1210 = ORIENTED_EDGE ( 'NONE', *, *, #257, .F. ) ;
#1211 = DIRECTION ( 'NONE',  ( -0.1368899717344578548, 0.9630082187831026097, -0.2321127014937686417 ) ) ;
#1212 = VERTEX_POINT ( 'NONE', #133 ) ;
#1213 = DIRECTION ( 'NONE',  ( -0.07317157541021215850, 0.6515180314347918111, 0.7550961364404675802 ) ) ;
#1214 = EDGE_CURVE ( 'NONE', #263, #1030, #245, .T. ) ;
#1215 = DIRECTION ( 'NONE',  ( 0.07317157541021215850, -0.6515180314347918111, -0.7550961364404675802 ) ) ;
#1216 = DIRECTION ( 'NONE',  ( 0.1285901076399597331, -0.9243266070282664115, 0.3592838818493759856 ) ) ;
#1217 = ORIENTED_EDGE ( 'NONE', *, *, #695, .T. ) ;
#1218 = DIRECTION ( 'NONE',  ( -0.4088703705059947846, -0.2683561887203072538, -0.8722442181509725279 ) ) ;
#1219 = VERTEX_POINT ( 'NONE', #4 ) ;
#1220 = CARTESIAN_POINT ( 'NONE',  ( 717.1960855968313808, 930.4544011536958124, 1352.100366399208042 ) ) ;
#1221 = CARTESIAN_POINT ( 'NONE',  ( 721.3910747721845382, 915.9980248792564907, 1342.466551749462496 ) ) ;
#1222 = DIRECTION ( 'NONE',  ( 0.07317157541021215850, -0.6515180314347918111, -0.7550961364404675802 ) ) ;
#1223 = EDGE_CURVE ( 'NONE', #152, #678, #31, .T. ) ;
#1224 = EDGE_CURVE ( 'NONE', #1219, #790, #464, .T. ) ;
#1225 = VERTEX_POINT ( 'NONE', #354 ) ;
#1226 = ORIENTED_EDGE ( 'NONE', *, *, #456, .T. ) ;
#1227 = PLANE ( 'NONE',  #437 ) ;
#1228 = ORIENTED_EDGE ( 'NONE', *, *, #103, .T. ) ;
#1229 = DIRECTION ( 'NONE',  ( -0.6142889209272517359, -0.6259007566953721513, 0.4805178086129517911 ) ) ;
#1230 = DIRECTION ( 'NONE',  ( -0.6142889209272511808, -0.6259007566954034596, 0.4805178086129116566 ) ) ;
#1231 = LINE ( 'NONE', #309, #540 ) ;
#1232 = VECTOR ( 'NONE', #375, 1000.000000000000000 ) ;
#1233 = AXIS2_PLACEMENT_3D ( 'NONE', #963, #366, #1305 ) ;
#1234 = AXIS2_PLACEMENT_3D ( 'NONE', #428, #874, #405 ) ;
#1235 = EDGE_CURVE ( 'NONE', #1048, #2, #712, .T. ) ;
#1236 = ORIENTED_EDGE ( 'NONE', *, *, #1004, .F. ) ;
#1237 = LOCAL_TIME ( 14, 35, 2.000000000000000000, #353 ) ;
#1238 = ORIENTED_EDGE ( 'NONE', *, *, #1223, .T. ) ;
#1239 = CARTESIAN_POINT ( 'NONE',  ( 745.7250363123822581, 920.3067409066098890, 1381.086929265095250 ) ) ;
#1240 = ORIENTED_EDGE ( 'NONE', *, *, #1122, .F. ) ;
#1241 = CARTESIAN_POINT ( 'NONE',  ( 682.6990475474962068, 1120.334538021166054, 1162.409903570558299 ) ) ;
#1242 = CARTESIAN_POINT ( 'NONE',  ( 714.3626677303709585, 929.7479364413729854, 1359.057028731408309 ) ) ;
#1243 = CARTESIAN_POINT ( 'NONE',  ( 726.7145127029843934, 917.9176279498328768, 1381.056165601383555 ) ) ;
#1244 = DIRECTION ( 'NONE',  ( -0.9912045376621337889, -0.1312203550432272381, 0.01716924402310291212 ) ) ;
#1245 = EDGE_CURVE ( 'NONE', #2, #1168, #1018, .T. ) ;
#1246 = CALENDAR_DATE ( 2026, 27, 4 ) ;
#1247 = ORIENTED_EDGE ( 'NONE', *, *, #1214, .T. ) ;
#1248 = DIRECTION ( 'NONE',  ( -0.9912045376621441140, -0.1312203550431574883, 0.01716924402304259578 ) ) ;
#1249 = VERTEX_POINT ( 'NONE', #1322 ) ;
#1250 = DIRECTION ( 'NONE',  ( -1.375497552632929718E-13, 0.7571257123220629381, -0.6532692061782867654 ) ) ;
#1251 = DIRECTION ( 'NONE',  ( -0.7405080573314486436, 0.6662174653791744783, -0.08832952989206066530 ) ) ;
#1252 = CARTESIAN_POINT ( 'NONE',  ( 734.0835839103791614, 916.0566537573778305, 1366.159605196439088 ) ) ;
#1253 = EDGE_LOOP ( 'NONE', ( #429, #616 ) ) ;
#1254 = ORIENTED_EDGE ( 'NONE', *, *, #88, .F. ) ;
#1255 = ORIENTED_EDGE ( 'NONE', *, *, #381, .T. ) ;
#1256 = PLANE ( 'NONE',  #1187 ) ;
#1257 = CARTESIAN_POINT ( 'NONE',  ( 708.0963941376635375, 919.6703406712963442, 1360.523361551234984 ) ) ;
#1258 = CARTESIAN_POINT ( 'NONE',  ( 713.7733401840381475, 944.1841415367021000, 1350.516963911987887 ) ) ;
#1259 = VECTOR ( 'NONE', #1296, 1000.000000000000000 ) ;
#1260 = AXIS2_PLACEMENT_3D ( 'NONE', #29, #154, #35 ) ;
#1261 = VECTOR ( 'NONE', #93, 1000.000000000000114 ) ;
#1262 = VERTEX_POINT ( 'NONE', #836 ) ;
#1263 = ORIENTED_EDGE ( 'NONE', *, *, #612, .T. ) ;
#1264 = AXIS2_PLACEMENT_3D ( 'NONE', #808, #315, #348 ) ;
#1265 = CYLINDRICAL_SURFACE ( 'NONE', #543, 2.083333333333547976 ) ;
#1266 = FACE_OUTER_BOUND ( 'NONE', #1062, .T. ) ;
#1267 = CARTESIAN_POINT ( 'NONE',  ( -85.77222787327897890, 826.3820950977008124, 1364.086293793904815 ) ) ;
#1268 = EDGE_CURVE ( 'NONE', #1496, #1419, #1456, .T. ) ;
#1269 = ORIENTED_EDGE ( 'NONE', *, *, #829, .F. ) ;
#1270 = FACE_OUTER_BOUND ( 'NONE', #792, .T. ) ;
#1271 = VERTEX_POINT ( 'NONE', #1081 ) ;
#1272 = APPROVAL_STATUS ( 'not_yet_approved' ) ;
#1273 = EDGE_LOOP ( 'NONE', ( #929, #178 ) ) ;
#1274 = CARTESIAN_POINT ( 'NONE',  ( -84.61652713543166726, 815.9040472962228705, 1350.725348091060368 ) ) ;
#1275 = DIRECTION ( 'NONE',  ( -0.6142889209272511808, -0.6259007566954034596, 0.4805178086129116566 ) ) ;
#1276 = CARTESIAN_POINT ( 'NONE',  ( -83.37595892387199115, 805.0457712594679833, 1339.357928777495317 ) ) ;
#1277 = EDGE_CURVE ( 'NONE', #1479, #868, #862, .T. ) ;
#1278 = EDGE_CURVE ( 'NONE', #275, #117, #266, .T. ) ;
#1279 = DIRECTION ( 'NONE',  ( 0.07317157541021057643, -0.6515180314347931434, -0.7550961364404668030 ) ) ;
#1280 = ORIENTED_EDGE ( 'NONE', *, *, #944, .F. ) ;
#1281 = VERTEX_POINT ( 'NONE', #1220 ) ;
#1282 = FACE_OUTER_BOUND ( 'NONE', #546, .T. ) ;
#1283 = CARTESIAN_POINT ( 'NONE',  ( 722.8209555838897131, 871.5155143568949825, 1227.578566624481255 ) ) ;
#1284 = APPLICATION_CONTEXT ( 'configuration controlled 3d designs of mechanical parts and assemblies' ) ;
#1285 = DIRECTION ( 'NONE',  ( -0.1421704442859285100, 0.7425792443880266935, -0.6544949431245814520 ) ) ;
#1286 = ORIENTED_EDGE ( 'NONE', *, *, #675, .T. ) ;
#1287 = VECTOR ( 'NONE', #1377, 1000.000000000000000 ) ;
#1288 = EDGE_CURVE ( 'NONE', #760, #11, #952, .T. ) ;
#1289 = EDGE_LOOP ( 'NONE', ( #685, #747, #1198, #1046 ) ) ;
#1290 = VERTEX_POINT ( 'NONE', #1444 ) ;
#1291 = FACE_OUTER_BOUND ( 'NONE', #878, .T. ) ;
#1292 = AXIS2_PLACEMENT_3D ( 'NONE', #24, #365, #1446 ) ;
#1293 = AXIS2_PLACEMENT_3D ( 'NONE', #1190, #974, #502 ) ;
#1294 = CARTESIAN_POINT ( 'NONE',  ( 719.4919228663105741, 909.6572748000691035, 1326.897034539956394 ) ) ;
#1295 = LINE ( 'NONE', #454, #941 ) ;
#1296 = DIRECTION ( 'NONE',  ( 0.07317157541021215850, -0.6515180314347919222, -0.7550961364404674692 ) ) ;
#1297 = CARTESIAN_POINT ( 'NONE',  ( 719.4046207241617594, 910.6575225220066159, 1329.501609423876289 ) ) ;
#1298 = ORIENTED_EDGE ( 'NONE', *, *, #745, .T. ) ;
#1299 = EDGE_CURVE ( 'NONE', #1455, #1367, #879, .T. ) ;
#1300 = FACE_OUTER_BOUND ( 'NONE', #1443, .T. ) ;
#1301 = DIRECTION ( 'NONE',  ( -0.07317157541021215850, 0.6515180314347919222, 0.7550961364404674692 ) ) ;
#1302 = ORIENTED_EDGE ( 'NONE', *, *, #1130, .T. ) ;
#1303 = CARTESIAN_POINT ( 'NONE',  ( 712.4899228897220382, 918.6105996443162667, 1339.349795139889238 ) ) ;
#1304 = PERSON_AND_ORGANIZATION ( #1398, #1137 ) ;
#1305 = DIRECTION ( 'NONE',  ( 0.000000000000000000, 0.7571257123220629381, -0.6532692061782867654 ) ) ;
#1306 = CARTESIAN_POINT ( 'NONE',  ( 713.7772951270893600, 934.9600806928511929, 1365.097797822932080 ) ) ;
#1307 = EDGE_CURVE ( 'NONE', #1262, #640, #175, .T. ) ;
#1308 = ORIENTED_EDGE ( 'NONE', *, *, #118, .T. ) ;
#1309 = VERTEX_POINT ( 'NONE', #56 ) ;
#1310 = AXIS2_PLACEMENT_3D ( 'NONE', #1239, #1211, #1218 ) ;
#1311 = DIRECTION ( 'NONE',  ( -0.9912045376621337889, -0.1312203550432272381, 0.01716924402310291212 ) ) ;
#1312 = VECTOR ( 'NONE', #663, 1000.000000000000000 ) ;
#1313 = ORIENTED_EDGE ( 'NONE', *, *, #675, .F. ) ;
#1314 = CARTESIAN_POINT ( 'NONE',  ( 681.4755890585042835, 1131.413052921435337, 1175.246183519699798 ) ) ;
#1315 = APPROVAL_PERSON_ORGANIZATION ( #1304, #839, #27 ) ;
#1316 = ORIENTED_EDGE ( 'NONE', *, *, #110, .T. ) ;
#1317 = FACE_OUTER_BOUND ( 'NONE', #517, .T. ) ;
#1318 = CARTESIAN_POINT ( 'NONE',  ( 716.9374177932774046, 912.3055537958820196, 1367.734632822989624 ) ) ;
#1319 = DIRECTION ( 'NONE',  ( 0.000000000000000000, 0.7571257123220629381, -0.6532692061782867654 ) ) ;
#1320 = DIRECTION ( 'NONE',  ( 0.07317157541021218625, -0.6515180314347919222, -0.7550961364404675802 ) ) ;
#1321 = EDGE_CURVE ( 'NONE', #450, #30, #871, .T. ) ;
#1322 = CARTESIAN_POINT ( 'NONE',  ( 691.4506288115717325, 931.8807257618818767, 1354.996538238680841 ) ) ;
#1323 = CARTESIAN_POINT ( 'NONE',  ( -94.52289763826577484, 828.1393852486359037, 1339.208393344104252 ) ) ;
#1324 = ORIENTED_EDGE ( 'NONE', *, *, #34, .T. ) ;
#1325 = ADVANCED_FACE ( 'NONE', ( #762 ), #1129, .T. ) ;
#1326 = ORIENTED_EDGE ( 'NONE', *, *, #544, .F. ) ;
#1327 = CARTESIAN_POINT ( 'NONE',  ( 710.9085819149063354, 953.3820307924885356, 1348.924836076883139 ) ) ;
#1328 = PLANE ( 'NONE',  #1161 ) ;
#1329 = AXIS2_PLACEMENT_3D ( 'NONE', #1387, #104, #1065 ) ;
#1330 = CARTESIAN_POINT ( 'NONE',  ( 692.3106333008698812, 932.7569868212553956, 1354.323813306622924 ) ) ;
#1331 = FACE_OUTER_BOUND ( 'NONE', #545, .T. ) ;
#1332 = VECTOR ( 'NONE', #130, 1000.000000000000114 ) ;
#1333 = AXIS2_PLACEMENT_3D ( 'NONE', #271, #514, #1229 ) ;
#1334 = ORIENTED_EDGE ( 'NONE', *, *, #1, .F. ) ;
#1335 = DIRECTION ( 'NONE',  ( -0.6142889209272252016, -0.6259007566953846968, 0.4805178086129691661 ) ) ;
#1336 = PLANE ( 'NONE',  #833 ) ;
#1337 = DIRECTION ( 'NONE',  ( 0.07317157541021215850, -0.6515180314347918111, -0.7550961364404675802 ) ) ;
#1338 = EDGE_CURVE ( 'NONE', #424, #373, #74, .T. ) ;
#1339 = CARTESIAN_POINT ( 'NONE',  ( 726.7633957793533455, 917.4823741575260101, 1380.551715315919637 ) ) ;
#1340 = ORIENTED_EDGE ( 'NONE', *, *, #446, .T. ) ;
#1341 = SHAPE_DEFINITION_REPRESENTATION ( #953, #897 ) ;
#1342 = ORIENTED_EDGE ( 'NONE', *, *, #623, .F. ) ;
#1343 = LINE ( 'NONE', #146, #1109 ) ;
#1344 = CARTESIAN_POINT ( 'NONE',  ( 692.9704814613940016, 1111.281247983706180, 1150.360215828665105 ) ) ;
#1345 = CARTESIAN_POINT ( 'NONE',  ( 708.5022585002514006, 914.2732420998476073, 1342.705769089592195 ) ) ;
#1346 = LINE ( 'NONE', #908, #986 ) ;
#1347 = ADVANCED_FACE ( 'NONE', ( #1492 ), #750, .F. ) ;
#1348 = ORIENTED_EDGE ( 'NONE', *, *, #190, .F. ) ;
#1349 = FACE_OUTER_BOUND ( 'NONE', #1178, .T. ) ;
#1350 = CARTESIAN_POINT ( 'NONE',  ( 729.9869044740471509, 941.8851254264570798, 1343.477095409203230 ) ) ;
#1351 = DIRECTION ( 'NONE',  ( -0.07317157541021215850, 0.6515180314347918111, 0.7550961364404675802 ) ) ;
#1352 = DIRECTION ( 'NONE',  ( -0.07317157541021215850, 0.6515180314347921442, 0.7550961364404673581 ) ) ;
#1353 = AXIS2_PLACEMENT_3D ( 'NONE', #1403, #581, #680 ) ;
#1354 = ORIENTED_EDGE ( 'NONE', *, *, #818, .F. ) ;
#1355 = VECTOR ( 'NONE', #1222, 1000.000000000000000 ) ;
#1356 = ADVANCED_FACE ( 'NONE', ( #1115 ), #899, .T. ) ;
#1357 = SECURITY_CLASSIFICATION ( '', '', #509 ) ;
#1358 = EDGE_LOOP ( 'NONE', ( #470, #186, #1254, #693 ) ) ;
#1359 = ORIENTED_EDGE ( 'NONE', *, *, #392, .T. ) ;
#1360 = DIRECTION ( 'NONE',  ( 0.07317157541021215850, -0.6515180314347918111, -0.7550961364404675802 ) ) ;
#1361 = ORIENTED_EDGE ( 'NONE', *, *, #902, .F. ) ;
#1362 = CARTESIAN_POINT ( 'NONE',  ( 676.9365064782813306, 1130.812147654039336, 1175.324807671931239 ) ) ;
#1363 = CARTESIAN_POINT ( 'NONE',  ( 723.7206535740126583, 912.5024836818014364, 1324.851888329755866 ) ) ;
#1364 = CARTESIAN_POINT ( 'NONE',  ( 695.6560070164531453, 915.1246877240195090, 1367.410440343561504 ) ) ;
#1365 = LINE ( 'NONE', #773, #122 ) ;
#1366 = APPROVAL ( #1272, 'UNSPECIFIED' ) ;
#1367 = VERTEX_POINT ( 'NONE', #280 ) ;
#1368 = ORIENTED_EDGE ( 'NONE', *, *, #1399, .T. ) ;
#1369 = CARTESIAN_POINT ( 'NONE',  ( 715.9724423893953826, 915.4145397498085686, 1342.444913729719701 ) ) ;
#1370 = CARTESIAN_POINT ( 'NONE',  ( 694.4619431292360332, 945.6178732268606382, 1354.030228617930788 ) ) ;
#1371 = CARTESIAN_POINT ( 'NONE',  ( -67.43859959904371237, 838.4121927596368096, 1425.253118473351606 ) ) ;
#1372 = DIRECTION ( 'NONE',  ( -0.1102700551826375913, 0.7471984161771787480, -0.6553892292312515355 ) ) ;
#1373 = ORIENTED_EDGE ( 'NONE', *, *, #1235, .F. ) ;
#1374 = ORIENTED_EDGE ( 'NONE', *, *, #632, .F. ) ;
#1375 = CARTESIAN_POINT ( 'NONE',  ( 714.7285256074220570, 930.7681065588186584, 1351.590577034298576 ) ) ;
#1376 = EDGE_CURVE ( 'NONE', #949, #185, #645, .T. ) ;
#1377 = DIRECTION ( 'NONE',  ( -0.9838305869292677253, -0.1644475695389898406, -0.07095331630820173041 ) ) ;
#1378 = CARTESIAN_POINT ( 'NONE',  ( 708.9305953728894565, 920.9575768176492829, 1336.979845853648158 ) ) ;
#1379 = VECTOR ( 'NONE', #246, 1000.000000000000114 ) ;
#1380 = VECTOR ( 'NONE', #1170, 1000.000000000000227 ) ;
#1381 = AXIS2_PLACEMENT_3D ( 'NONE', #7, #1425, #374 ) ;
#1382 = CARTESIAN_POINT ( 'NONE',  ( 721.6359724353726506, 913.9226392945919315, 1337.103132033710608 ) ) ;
#1383 = ORIENTED_EDGE ( 'NONE', *, *, #885, .F. ) ;
#1384 = ORIENTED_EDGE ( 'NONE', *, *, #475, .T. ) ;
#1385 = AXIS2_PLACEMENT_3D ( 'NONE', #966, #128, #601 ) ;
#1386 = EDGE_CURVE ( 'NONE', #1447, #147, #943, .T. ) ;
#1387 = CARTESIAN_POINT ( 'NONE',  ( 712.6079684792131275, 945.3717383817496511, 1377.164697149592939 ) ) ;
#1388 = PLANE ( 'NONE',  #1015 ) ;
#1389 = ADVANCED_FACE ( 'NONE', ( #393 ), #1256, .T. ) ;
#1390 = ORIENTED_EDGE ( 'NONE', *, *, #1245, .T. ) ;
#1391 = CARTESIAN_POINT ( 'NONE',  ( 722.3329672212855712, 912.3187751847409572, 1324.875925271388496 ) ) ;
#1392 = ORIENTED_EDGE ( 'NONE', *, *, #1039, .T. ) ;
#1393 = EDGE_LOOP ( 'NONE', ( #1503, #730, #231, #1236 ) ) ;
#1394 = DIRECTION ( 'NONE',  ( -0.6142889209272511808, -0.6259007566954034596, 0.4805178086129116566 ) ) ;
#1395 = DIRECTION ( 'NONE',  ( 0.9912045376621344550, 0.1312203550432224641, -0.01716924402309864470 ) ) ;
#1396 = FACE_OUTER_BOUND ( 'NONE', #249, .T. ) ;
#1397 = ORIENTED_EDGE ( 'NONE', *, *, #170, .F. ) ;
#1398 = PERSON ( 'UNSPECIFIED', 'UNSPECIFIED', 'UNSPECIFIED', ('UNSPECIFIED'), ('UNSPECIFIED'), ('UNSPECIFIED') ) ;
#1399 = EDGE_CURVE ( 'NONE', #174, #117, #891, .T. ) ;
#1400 = ORIENTED_EDGE ( 'NONE', *, *, #1307, .F. ) ;
#1401 = ORIENTED_EDGE ( 'NONE', *, *, #1467, .T. ) ;
#1402 = CARTESIAN_POINT ( 'NONE',  ( 732.5132626572509480, 914.4396182051300457, 1367.402658755411949 ) ) ;
#1403 = CARTESIAN_POINT ( 'NONE',  ( 686.3517755835393928, 1105.909365500662261, 1145.349427010957470 ) ) ;
#1404 = FACE_OUTER_BOUND ( 'NONE', #216, .T. ) ;
#1405 = DIRECTION ( 'NONE',  ( 0.1312397000812018100, -0.9913506650638795881, 0.000000000000000000 ) ) ;
#1406 = EDGE_CURVE ( 'NONE', #228, #185, #193, .T. ) ;
#1407 = AXIS2_PLACEMENT_3D ( 'NONE', #719, #1101, #983 ) ;
#1408 = CARTESIAN_POINT ( 'NONE',  ( 714.7285256074220570, 926.4903462841989494, 1355.281548049205867 ) ) ;
#1409 = VECTOR ( 'NONE', #635, 1000.000000000000114 ) ;
#1410 = VERTEX_POINT ( 'NONE', #187 ) ;
#1411 = DIRECTION ( 'NONE',  ( 0.1312397000813037007, -0.9913506650638660433, 0.000000000000000000 ) ) ;
#1412 = VECTOR ( 'NONE', #1484, 1000.000000000000000 ) ;
#1413 = AXIS2_PLACEMENT_3D ( 'NONE', #554, #85, #1411 ) ;
#1414 = LINE ( 'NONE', #1283, #1380 ) ;
#1415 = LINE ( 'NONE', #702, #255 ) ;
#1416 = LINE ( 'NONE', #630, #1013 ) ;
#1417 = CC_DESIGN_PERSON_AND_ORGANIZATION_ASSIGNMENT ( #145, #238, ( #569 ) ) ;
#1418 = DIRECTION ( 'NONE',  ( 0.1102700551824893072, -0.7471984161771845212, 0.6553892292312695211 ) ) ;
#1419 = VERTEX_POINT ( 'NONE', #1375 ) ;
#1420 = EDGE_CURVE ( 'NONE', #782, #185, #1138, .T. ) ;
#1421 = DIRECTION ( 'NONE',  ( 0.07317157541021215850, -0.6515180314347918111, -0.7550961364404675802 ) ) ;
#1422 = EDGE_LOOP ( 'NONE', ( #1384, #1453, #1159, #628, #1111, #1426 ) ) ;
#1423 = DIRECTION ( 'NONE',  ( 0.07317157541021215850, -0.6515180314347918111, -0.7550961364404675802 ) ) ;
#1424 = EDGE_CURVE ( 'NONE', #666, #1097, #783, .T. ) ;
#1425 = DIRECTION ( 'NONE',  ( -0.07317157541021218625, 0.6515180314347919222, 0.7550961364404675802 ) ) ;
#1426 = ORIENTED_EDGE ( 'NONE', *, *, #1122, .T. ) ;
#1427 = VECTOR ( 'NONE', #805, 1000.000000000000114 ) ;
#1428 = AXIS2_PLACEMENT_3D ( 'NONE', #1408, #578, #570 ) ;
#1429 = DIRECTION ( 'NONE',  ( -0.7889762612788888685, 0.4253118534852005084, -0.4434256267102408833 ) ) ;
#1430 = VECTOR ( 'NONE', #1301, 1000.000000000000000 ) ;
#1431 = PLANE ( 'NONE',  #248 ) ;
#1432 = CARTESIAN_POINT ( 'NONE',  ( 721.3959843883336589, 915.9543097695209326, 1342.415886827123131 ) ) ;
#1433 = AXIS2_PLACEMENT_3D ( 'NONE', #1369, #1008, #1025 ) ;
#1434 = EDGE_CURVE ( 'NONE', #152, #550, #1019, .T. ) ;
#1435 = CARTESIAN_POINT ( 'NONE',  ( 688.6462747734692584, 1121.121860151424471, 1162.306888106420502 ) ) ;
#1436 = PLANE ( 'NONE',  #1183 ) ;
#1437 = CARTESIAN_POINT ( 'NONE',  ( -85.86044391740527715, 826.9798538306143882, 1363.561982410548353 ) ) ;
#1438 = CARTESIAN_POINT ( 'NONE',  ( 691.4506288115717325, 931.8807257618818767, 1354.996538238680841 ) ) ;
#1439 = LINE ( 'NONE', #488, #1332 ) ;
#1440 = EDGE_CURVE ( 'NONE', #223, #704, #142, .T. ) ;
#1441 = ORIENTED_EDGE ( 'NONE', *, *, #777, .T. ) ;
#1442 = LINE ( 'NONE', #180, #69 ) ;
#1443 = EDGE_LOOP ( 'NONE', ( #20, #265, #431, #1502, #289, #239, #1373 ) ) ;
#1444 = CARTESIAN_POINT ( 'NONE',  ( 711.2138030135077997, 941.5762217171376278, 1352.519121447875250 ) ) ;
#1445 = DIRECTION ( 'NONE',  ( -0.6182182635904627244, -0.6237447446335727674, 0.4782767735372397966 ) ) ;
#1446 = DIRECTION ( 'NONE',  ( -0.6142889209272252016, -0.6259007566953846968, 0.4805178086129691661 ) ) ;
#1447 = VERTEX_POINT ( 'NONE', #163 ) ;
#1448 = EDGE_CURVE ( 'NONE', #1486, #304, #637, .T. ) ;
#1449 = LINE ( 'NONE', #1435, #813 ) ;
#1450 = ORIENTED_EDGE ( 'NONE', *, *, #446, .F. ) ;
#1451 = DATE_AND_TIME ( #978, #1044 ) ;
#1452 = CALENDAR_DATE ( 2026, 27, 4 ) ;
#1453 = ORIENTED_EDGE ( 'NONE', *, *, #1321, .T. ) ;
#1454 = CARTESIAN_POINT ( 'NONE',  ( 729.0356739937143402, 950.3548598351093233, 1353.293345182929443 ) ) ;
#1455 = VERTEX_POINT ( 'NONE', #102 ) ;
#1456 = LINE ( 'NONE', #241, #1461 ) ;
#1457 = DIRECTION ( 'NONE',  ( 0.07317157541021215850, -0.6515180314347918111, -0.7550961364404675802 ) ) ;
#1458 = LINE ( 'NONE', #18, #711 ) ;
#1459 = VECTOR ( 'NONE', #556, 1000.000000000000114 ) ;
#1460 = ORIENTED_EDGE ( 'NONE', *, *, #240, .F. ) ;
#1461 = VECTOR ( 'NONE', #385, 1000.000000000000000 ) ;
#1462 = ORIENTED_EDGE ( 'NONE', *, *, #1060, .T. ) ;
#1463 = ORIENTED_EDGE ( 'NONE', *, *, #906, .F. ) ;
#1464 = FACE_OUTER_BOUND ( 'NONE', #728, .T. ) ;
#1465 = VERTEX_POINT ( 'NONE', #588 ) ;
#1466 = DIRECTION ( 'NONE',  ( -0.1102700551826439612, 0.7471984161772244892, -0.6553892292311981338 ) ) ;
#1467 = EDGE_CURVE ( 'NONE', #373, #424, #610, .T. ) ;
#1468 = LINE ( 'NONE', #1195, #1232 ) ;
#1469 = CARTESIAN_POINT ( 'NONE',  ( 737.0363547532354005, 945.9402576225639905, 1357.877682450143766 ) ) ;
#1470 = VERTEX_POINT ( 'NONE', #432 ) ;
#1471 = CARTESIAN_POINT ( 'NONE',  ( 714.4537176463138621, 900.2598255653543902, 1313.674058588977459 ) ) ;
#1472 = CARTESIAN_POINT ( 'NONE',  ( 694.3581678141209750, 1111.464956480766887, 1150.336178887032702 ) ) ;
#1473 = ADVANCED_FACE ( 'NONE', ( #1037 ), #1535, .F. ) ;
#1474 = CARTESIAN_POINT ( 'NONE',  ( 715.3049688871573153, 910.7789382612745612, 1325.523500841465648 ) ) ;
#1475 = DIRECTION ( 'NONE',  ( -0.07317157541021214462, 0.6515180314347919222, 0.7550961364404674692 ) ) ;
#1476 = ORIENTED_EDGE ( 'NONE', *, *, #1434, .T. ) ;
#1477 = ORIENTED_EDGE ( 'NONE', *, *, #695, .F. ) ;
#1478 = DATE_AND_TIME ( #1452, #692 ) ;
#1479 = VERTEX_POINT ( 'NONE', #468 ) ;
#1480 = CARTESIAN_POINT ( 'NONE',  ( 714.8028929691880649, 932.9754615425691782, 1349.693215986439100 ) ) ;
#1481 = VERTEX_POINT ( 'NONE', #113 ) ;
#1482 = CARTESIAN_POINT ( 'NONE',  ( 770.8761631111802899, 357.6929221955320486, -111.5277552592970807 ) ) ;
#1483 = DIRECTION ( 'NONE',  ( -0.7856812599127084296, 0.4286869457814816986, -0.4460184529125717501 ) ) ;
#1484 = DIRECTION ( 'NONE',  ( 0.07317157541021215850, -0.6515180314347918111, -0.7550961364404675802 ) ) ;
#1485 = AXIS2_PLACEMENT_3D ( 'NONE', #1116, #639, #907 ) ;
#1486 = VERTEX_POINT ( 'NONE', #573 ) ;
#1487 = VECTOR ( 'NONE', #1051, 1000.000000000000000 ) ;
#1488 = EDGE_CURVE ( 'NONE', #1410, #1262, #1049, .T. ) ;
#1489 = VECTOR ( 'NONE', #1152, 1000.000000000000227 ) ;
#1490 = ORIENTED_EDGE ( 'NONE', *, *, #602, .F. ) ;
#1491 = EDGE_LOOP ( 'NONE', ( #1126, #821, #1247, #553, #749, #896, #866, #320 ) ) ;
#1492 = FACE_OUTER_BOUND ( 'NONE', #201, .T. ) ;
#1493 = DIRECTION ( 'NONE',  ( 0.07317157541021218625, -0.6515180314347919222, -0.7550961364404675802 ) ) ;
#1494 = FACE_OUTER_BOUND ( 'NONE', #321, .T. ) ;
#1495 = ADVANCED_FACE ( 'NONE', ( #1056 ), #930, .T. ) ;
#1496 = VERTEX_POINT ( 'NONE', #1526 ) ;
#1497 = ORIENTED_EDGE ( 'NONE', *, *, #710, .T. ) ;
#1498 = DIRECTION ( 'NONE',  ( 0.1285901076399509069, -0.9243266070282342151, 0.3592838818494621944 ) ) ;
#1499 = FACE_OUTER_BOUND ( 'NONE', #278, .T. ) ;
#1500 = FACE_OUTER_BOUND ( 'NONE', #383, .T. ) ;
#1501 = ADVANCED_FACE ( 'NONE', ( #1291 ), #1265, .F. ) ;
#1502 = ORIENTED_EDGE ( 'NONE', *, *, #818, .T. ) ;
#1503 = ORIENTED_EDGE ( 'NONE', *, *, #1277, .F. ) ;
#1504 = CARTESIAN_POINT ( 'NONE',  ( 682.7195058404778365, 1120.337246387043706, 1162.409549200212041 ) ) ;
#1505 = DIRECTION ( 'NONE',  ( 0.1102700551825118308, -0.7471984161771830779, 0.6553892292312675227 ) ) ;
#1506 = FACE_OUTER_BOUND ( 'NONE', #1094, .T. ) ;
#1507 = AXIS2_PLACEMENT_3D ( 'NONE', #495, #1445, #1337 ) ;
#1508 = VECTOR ( 'NONE', #1244, 1000.000000000000114 ) ;
#1509 = AXIS2_PLACEMENT_3D ( 'NONE', #344, #1285, #1176 ) ;
#1510 = VERTEX_POINT ( 'NONE', #1402 ) ;
#1511 = VERTEX_POINT ( 'NONE', #1513 ) ;
#1512 = VECTOR ( 'NONE', #1002, 1000.000000000000114 ) ;
#1513 = CARTESIAN_POINT ( 'NONE',  ( 716.8735180885284990, 932.6401435196964940, 1350.183188881780325 ) ) ;
#1514 = LINE ( 'NONE', #220, #463 ) ;
#1515 = EDGE_CURVE ( 'NONE', #1225, #1034, #218, .T. ) ;
#1516 = LINE ( 'NONE', #925, #1261 ) ;
#1517 = CARTESIAN_POINT ( 'NONE',  ( 709.0260713531437204, 908.2717557682162806, 1327.078319786053044 ) ) ;
#1518 = CARTESIAN_POINT ( 'NONE',  ( 712.4935715987729736, 942.8801816269198071, 1351.518042679931568 ) ) ;
#1519 = ORIENTED_EDGE ( 'NONE', *, *, #745, .F. ) ;
#1520 = ORIENTED_EDGE ( 'NONE', *, *, #1406, .T. ) ;
#1521 = DIRECTION ( 'NONE',  ( -0.1102700551826308051, 0.7471984161771657584, -0.6553892292312673007 ) ) ;
#1522 = PLANE ( 'NONE',  #1353 ) ;
#1523 = DIRECTION ( 'NONE',  ( 0.9912045376621345660, 0.1312203550432221588, -0.01716924402309850592 ) ) ;
#1524 = ADVANCED_FACE ( 'NONE', ( #1282 ), #330, .T. ) ;
#1525 = FACE_OUTER_BOUND ( 'NONE', #305, .T. ) ;
#1526 = CARTESIAN_POINT ( 'NONE',  ( 713.7772951270893600, 939.2378409674710156, 1361.406826808024789 ) ) ;
#1527 = LINE ( 'NONE', #810, #565 ) ;
#1528 = DIRECTION ( 'NONE',  ( 0.000000000000000000, 0.7571257123220777041, -0.6532692061782694459 ) ) ;
#1529 = ORIENTED_EDGE ( 'NONE', *, *, #902, .T. ) ;
#1530 = CC_DESIGN_PERSON_AND_ORGANIZATION_ASSIGNMENT ( #276, #355, ( #569 ) ) ;
#1531 = AXIS2_PLACEMENT_3D ( 'NONE', #387, #603, #129 ) ;
#1532 = ADVANCED_FACE ( 'NONE', ( #1169 ), #91, .T. ) ;
#1533 = CARTESIAN_POINT ( 'NONE',  ( 710.5220927631216910, 912.3292080847484158, 1336.981456994600649 ) ) ;
#1534 = VECTOR ( 'NONE', #339, 1000.000000000000000 ) ;
#1535 = PLANE ( 'NONE',  #1264 ) ;
#1536 = VECTOR ( 'NONE', #1108, 1000.000000000000227 ) ;
#1537 = AXIS2_PLACEMENT_3D ( 'NONE', #538, #77, #1106 ) ;
#1538 = DIRECTION ( 'NONE',  ( -0.1312397000813127212, 0.9913506650638649331, 0.000000000000000000 ) ) ;
#1539 = EDGE_LOOP ( 'NONE', ( #876, #510, #492, #497, #620, #1477, #527, #430 ) ) ;
ENDSEC;
END-ISO-10303-21;
